timestamp,pm10,pm25
2024-01-01 00:01:22,388.83,149.13
2024-01-01 00:03:47,379.45,151.38
2024-01-01 00:06:13,384.73,148.88
2024-01-01 00:08:38,399.65,160.75
2024-01-01 00:11:04,447.77,176.57
2024-01-01 00:13:29,480.33,206.65
2024-01-01 00:15:55,464.0,191.07
2024-01-01 00:18:20,440.75,167.02
2024-01-01 00:20:46,400.42,164.4
2024-01-01 00:23:11,424.35,174.7
2024-01-01 00:25:36,422.75,171.8
2024-01-01 00:28:05,407.17,154.13
2024-01-01 00:30:31,440.85,175.02
2024-01-01 00:32:57,412.7,162.68
2024-01-01 00:35:23,414.9,151.8
2024-01-01 00:37:48,373.27,140.25
2024-01-01 00:40:14,370.27,142.25
2024-01-01 00:42:40,373.95,136.68
2024-01-01 00:45:08,389.5,140.5
2024-01-01 00:47:34,368.58,138.88
2024-01-01 00:49:59,388.63,151.4
2024-01-01 00:52:25,411.8,152.98
2024-01-01 00:54:51,403.55,146.27
2024-01-01 00:57:17,411.0,152.73
2024-01-01 00:59:43,402.02,154.13
2024-01-01 01:02:08,391.33,152.25
2024-01-01 01:04:34,379.75,141.85
2024-01-01 01:06:59,401.13,151.95
2024-01-01 01:09:25,390.05,137.82
2024-01-01 01:11:50,388.2,138.5
2024-01-01 01:14:15,404.27,144.35
2024-01-01 01:16:41,402.5,150.6
2024-01-01 01:19:06,382.92,145.02
2024-01-01 01:21:32,406.83,148.3
2024-01-01 01:23:57,399.6,152.82
2024-01-01 01:26:23,411.02,152.5
2024-01-01 01:28:50,389.08,149.4
2024-01-01 01:31:15,401.63,142.6
2024-01-01 01:33:41,427.77,159.77
2024-01-01 01:36:06,404.83,147.0
2024-01-01 01:38:34,426.13,156.0
2024-01-01 01:41:01,413.65,153.5
2024-01-01 01:43:26,462.25,185.4
2024-01-01 01:45:52,443.5,169.9
2024-01-01 01:48:18,427.38,157.98
2024-01-01 01:50:44,416.73,154.65
2024-01-01 01:53:11,528.95,211.6
2024-01-01 01:55:38,506.15,202.45
2024-01-01 01:58:06,484.77,193.7
2024-01-01 02:00:31,484.55,202.93
2024-01-01 02:02:57,593.67,257.63
2024-01-01 02:05:22,585.15,251.63
2024-01-01 02:07:48,514.22,213.7
2024-01-01 02:10:14,577.15,249.75
2024-01-01 02:12:39,545.97,237.05
2024-01-01 02:15:09,537.65,222.93
2024-01-01 02:17:34,542.6,235.32
2024-01-01 02:20:00,538.05,244.0
2024-01-01 02:22:32,547.17,240.6
2024-01-01 02:25:01,567.28,247.13
2024-01-01 02:27:26,556.15,237.73
2024-01-01 02:29:51,570.72,253.82
2024-01-01 02:32:17,569.4,253.98
2024-01-01 02:34:42,556.53,240.8
2024-01-01 02:37:08,536.15,237.15
2024-01-01 02:39:33,539.97,246.75
2024-01-01 02:41:59,589.95,269.23
2024-01-01 02:44:24,555.5,239.93
2024-01-01 02:46:50,543.75,227.95
2024-01-01 02:49:15,530.95,235.77
2024-01-01 02:51:41,538.9,237.0
2024-01-01 02:54:07,528.53,226.95
2024-01-01 02:56:33,543.85,236.05
2024-01-01 02:58:58,521.0,225.43
2024-01-01 03:01:24,509.58,206.2
2024-01-01 03:03:49,497.27,201.23
2024-01-01 03:06:18,510.42,212.45
2024-01-01 03:08:44,500.0,204.75
2024-01-01 03:11:09,489.52,205.55
2024-01-01 03:13:35,491.9,203.75
2024-01-01 03:16:00,496.83,206.7
2024-01-01 03:18:27,527.88,215.93
2024-01-01 03:20:53,483.58,196.27
2024-01-01 03:23:19,488.05,200.13
2024-01-01 03:25:44,488.63,193.15
2024-01-01 03:28:10,452.75,173.5
2024-01-01 03:30:35,480.4,186.95
2024-01-01 03:33:01,482.65,184.48
2024-01-01 03:35:27,447.67,182.45
2024-01-01 03:37:56,461.65,177.35
2024-01-01 03:40:22,443.38,163.6
2024-01-01 03:42:47,412.7,149.13
2024-01-01 03:45:13,446.7,166.98
2024-01-01 03:47:38,504.73,194.5
2024-01-01 03:50:04,466.7,172.23
2024-01-01 03:52:31,446.77,163.27
2024-01-01 03:54:57,479.5,178.68
2024-01-01 03:57:23,455.05,170.9
2024-01-01 03:59:48,445.65,172.5
2024-01-01 04:02:14,432.83,160.32
2024-01-01 04:04:42,441.02,155.77
2024-01-01 04:07:08,427.52,153.25
2024-01-01 04:09:34,397.0,145.52
2024-01-01 04:11:59,421.63,146.4
2024-01-01 04:14:25,403.0,146.75
2024-01-01 04:16:51,409.63,141.55
2024-01-01 04:19:16,407.2,148.93
2024-01-01 04:21:42,397.2,147.77
2024-01-01 04:24:07,407.73,144.15
2024-01-01 04:26:33,439.73,158.77
2024-01-01 04:28:59,485.88,176.25
2024-01-01 04:31:24,458.95,162.63
2024-01-01 04:33:50,449.38,159.82
2024-01-01 04:36:15,437.88,153.57
2024-01-01 04:38:41,388.0,140.55
2024-01-01 04:41:06,382.95,136.75
2024-01-01 04:43:34,363.3,128.15
2024-01-01 04:46:00,378.98,138.57
2024-01-01 04:48:26,380.02,130.73
2024-01-01 04:50:51,379.02,129.07
2024-01-01 04:53:17,394.27,131.68
2024-01-01 04:55:42,358.05,124.05
2024-01-01 04:58:08,335.55,126.88
2024-01-01 05:00:33,415.42,138.77
2024-01-01 05:02:59,400.8,139.0
2024-01-01 05:05:24,434.92,161.1
2024-01-01 05:07:50,465.17,164.7
2024-01-01 05:10:19,425.73,157.45
2024-01-01 05:12:44,404.63,149.57
2024-01-01 05:15:13,451.48,160.77
2024-01-01 05:17:39,428.3,156.85
2024-01-01 05:20:04,421.8,152.82
2024-01-01 05:22:30,382.2,141.98
2024-01-01 05:24:56,415.85,153.4
2024-01-01 05:27:22,425.67,151.77
2024-01-01 05:29:47,414.42,153.0
2024-01-01 05:32:13,413.65,144.57
2024-01-01 05:34:40,376.4,135.73
2024-01-01 05:37:06,375.63,133.32
2024-01-01 05:39:31,393.27,137.68
2024-01-01 05:41:57,365.27,134.32
2024-01-01 05:44:22,350.83,129.63
2024-01-01 05:46:48,349.25,130.1
2024-01-01 05:49:14,371.33,140.5
2024-01-01 05:51:40,360.02,130.63
2024-01-01 05:54:05,375.27,132.6
2024-01-01 05:56:31,379.63,132.48
2024-01-01 05:58:56,375.65,131.85
2024-01-01 06:01:22,359.83,137.63
2024-01-01 06:03:48,391.63,134.52
2024-01-01 06:06:13,370.42,132.8
2024-01-01 06:08:38,360.77,129.0
2024-01-01 06:11:04,378.75,134.02
2024-01-01 06:13:29,403.75,139.88
2024-01-01 06:15:55,388.08,134.02
2024-01-01 06:18:21,370.63,130.4
2024-01-01 06:20:47,361.15,126.6
2024-01-01 06:23:13,341.5,125.78
2024-01-01 06:25:38,344.73,125.68
2024-01-01 06:28:04,347.15,128.1
2024-01-01 06:30:29,376.85,136.55
2024-01-01 06:32:58,348.45,128.2
2024-01-01 06:35:23,350.85,127.78
2024-01-01 06:37:53,361.35,136.43
2024-01-01 06:40:19,340.6,134.7
2024-01-01 06:42:44,378.95,134.07
2024-01-01 06:45:10,333.58,127.38
2024-01-01 06:47:35,328.5,126.97
2024-01-01 06:50:01,338.05,117.18
2024-01-01 06:52:26,321.05,118.1
2024-01-01 06:54:52,348.75,121.05
2024-01-01 06:57:17,325.83,116.95
2024-01-01 06:59:43,340.45,124.38
2024-01-01 07:02:08,339.3,124.22
2024-01-01 07:04:34,316.13,120.15
2024-01-01 07:06:59,265.67,106.53
2024-01-01 07:09:25,327.2,124.63
2024-01-01 07:11:55,335.98,115.05
2024-01-01 07:14:22,328.15,122.05
2024-01-01 07:16:48,330.0,124.38
2024-01-01 07:19:16,329.1,122.97
2024-01-01 07:21:42,309.73,118.47
2024-01-01 07:24:08,377.77,131.55
2024-01-01 07:26:33,348.3,131.5
2024-01-01 07:28:59,342.13,129.93
2024-01-01 07:31:24,322.63,121.95
2024-01-01 07:33:50,315.3,125.88
2024-01-01 07:36:15,422.98,147.98
2024-01-01 07:38:42,395.25,148.35
2024-01-01 07:41:07,422.67,144.55
2024-01-01 07:43:33,385.38,137.57
2024-01-01 07:45:59,407.83,147.6
2024-01-01 07:48:24,416.83,149.8
2024-01-01 07:50:49,403.38,145.98
2024-01-01 07:53:15,388.65,140.32
2024-01-01 07:55:40,405.95,148.48
2024-01-01 07:58:06,397.05,146.3
2024-01-01 08:00:31,400.7,145.52
2024-01-01 08:02:57,380.8,134.32
2024-01-01 08:05:23,395.7,142.7
2024-01-01 08:07:49,392.4,137.2
2024-01-01 08:10:14,395.45,141.18
2024-01-01 08:12:40,380.92,140.73
2024-01-01 08:15:06,390.67,138.52
2024-01-01 08:17:32,395.02,145.95
2024-01-01 08:19:57,405.27,142.15
2024-01-01 08:22:23,407.48,147.2
2024-01-01 08:24:48,387.42,139.07
2024-01-01 08:27:14,419.23,144.88
2024-01-01 08:29:39,405.55,143.07
2024-01-01 08:32:06,356.42,132.73
2024-01-01 08:34:31,389.33,137.1
2024-01-01 08:36:58,346.83,118.97
2024-01-01 08:39:24,408.4,146.48
2024-01-01 08:41:50,421.42,148.85
2024-01-01 08:44:15,414.05,150.4
2024-01-01 08:46:41,411.05,151.7
2024-01-01 08:49:07,436.77,157.0
2024-01-01 08:51:32,435.05,152.38
2024-01-01 08:53:59,404.98,148.88
2024-01-01 08:56:26,423.55,155.63
2024-01-01 08:58:52,423.6,144.2
2024-01-01 09:01:17,408.63,149.25
2024-01-01 09:03:43,402.02,144.52
2024-01-01 09:06:08,437.42,153.57
2024-01-01 09:08:33,405.73,147.15
2024-01-01 09:10:59,443.7,150.23
2024-01-01 09:13:24,433.73,157.57
2024-01-01 09:15:50,438.65,151.57
2024-01-01 09:18:15,434.9,155.93
2024-01-01 09:20:41,365.45,129.85
2024-01-01 09:23:07,383.92,141.7
2024-01-01 09:25:42,421.2,154.43
2024-01-01 09:28:07,439.3,164.23
2024-01-01 09:30:33,365.55,142.4
2024-01-01 09:32:58,434.98,164.05
2024-01-01 09:35:24,455.42,177.3
2024-01-01 09:37:49,459.35,183.43
2024-01-01 09:40:19,477.17,187.7
2024-01-01 09:42:49,469.65,179.43
2024-01-01 09:45:17,483.1,180.1
2024-01-01 09:47:42,400.45,150.13
2024-01-01 09:50:08,485.55,185.7
2024-01-01 09:52:35,480.5,179.65
2024-01-01 09:55:01,521.42,191.98
2024-01-01 09:57:27,477.38,179.38
2024-01-01 09:59:53,494.3,183.13
2024-01-01 10:02:23,491.02,180.77
2024-01-01 10:05:01,474.75,173.6
2024-01-01 10:07:35,431.48,159.9
2024-01-01 10:10:00,477.4,174.82
2024-01-01 10:12:26,437.55,159.6
2024-01-01 10:14:51,452.6,162.8
2024-01-01 10:17:18,445.1,162.25
2024-01-01 10:22:13,453.98,164.3
2024-01-01 10:24:39,454.8,159.38
2024-01-01 10:27:05,435.05,149.93
2024-01-01 10:29:32,449.85,157.7
2024-01-01 10:32:00,430.23,147.85
2024-01-01 10:34:26,389.98,136.5
2024-01-01 10:36:52,433.27,152.13
2024-01-01 10:39:18,410.3,152.7
2024-01-01 10:41:44,388.4,130.38
2024-01-01 10:44:12,408.17,140.38
2024-01-01 10:46:47,422.23,148.52
2024-01-01 10:49:16,421.9,152.07
2024-01-01 11:00:22,422.08,152.27
2024-01-01 11:02:54,444.8,158.25
2024-01-01 11:05:21,461.98,168.25
2024-01-01 11:07:58,487.63,178.52
2024-01-01 11:10:35,506.1,184.45
2024-01-01 11:13:11,520.58,183.13
2024-01-01 11:15:44,520.9,187.57
2024-01-01 11:18:17,527.42,198.02
2024-01-01 11:20:46,538.9,200.07
2024-01-01 11:26:00,548.13,200.73
2024-01-01 11:28:38,551.55,204.27
2024-01-01 11:31:07,541.03,205.4
2024-01-01 11:33:33,516.78,190.38
2024-01-01 11:36:05,545.0,217.23
2024-01-01 11:38:31,541.05,200.73
2024-01-01 11:40:57,515.7,200.1
2024-01-01 11:43:23,491.95,184.6
2024-01-01 11:45:48,495.65,187.5
2024-01-01 11:48:19,491.55,190.43
2024-01-01 11:50:44,425.17,163.35
2024-01-01 11:53:14,437.52,164.48
2024-01-01 11:55:40,464.55,171.07
2024-01-01 11:58:05,473.4,184.68
2024-01-01 12:00:31,473.88,182.75
2024-01-01 12:02:57,458.85,183.82
2024-01-01 12:05:22,473.38,192.43
2024-01-01 12:07:48,459.9,183.82
2024-01-01 12:10:15,481.92,191.1
2024-01-01 12:12:42,470.38,189.2
2024-01-01 12:17:40,455.52,181.98
2024-01-01 12:20:10,453.75,180.1
2024-01-01 12:22:38,462.23,177.23
2024-01-01 12:25:04,462.3,178.55
2024-01-01 12:27:30,477.4,199.8
2024-01-01 12:29:56,471.75,184.57
2024-01-01 12:32:25,443.92,177.23
2024-01-01 12:34:50,443.85,169.02
2024-01-01 12:37:17,422.98,166.05
2024-01-01 12:39:43,431.42,164.6
2024-01-01 12:42:08,426.83,169.2
2024-01-01 12:44:34,421.9,159.05
2024-01-01 12:47:01,406.1,154.3
2024-01-01 12:49:26,417.3,150.05
2024-01-01 12:51:55,386.67,145.23
2024-01-01 12:54:22,361.52,140.13
2024-01-01 12:56:48,338.17,133.65
2024-01-01 12:59:13,364.77,134.6
2024-01-01 13:01:39,364.58,133.13
2024-01-01 13:04:05,365.95,131.13
2024-01-01 13:06:30,325.02,127.1
2024-01-01 13:08:56,315.42,122.5
2024-01-01 13:11:21,330.48,119.53
2024-01-01 13:13:47,323.83,124.95
2024-01-01 13:16:12,344.45,122.97
2024-01-01 13:18:38,324.55,125.1
2024-01-01 13:21:03,326.88,122.75
2024-01-01 13:23:29,325.35,121.75
2024-01-01 13:25:55,336.3,120.1
2024-01-01 13:28:20,346.75,127.22
2024-01-01 13:30:49,322.27,121.07
2024-01-01 13:33:18,326.88,123.0
2024-01-01 13:35:44,324.83,123.45
2024-01-01 13:38:09,314.23,118.43
2024-01-01 13:40:36,322.52,125.22
2024-01-01 13:43:02,325.48,118.13
2024-01-01 13:45:28,331.17,124.53
2024-01-01 13:47:54,347.38,129.02
2024-01-01 13:50:19,349.63,129.1
2024-01-01 13:52:45,371.98,139.07
2024-01-01 13:55:12,375.77,142.75
2024-01-01 13:57:41,400.15,144.55
2024-01-01 14:00:08,403.17,141.77
2024-01-01 14:02:37,411.5,147.8
2024-01-01 14:05:03,371.1,136.63
2024-01-01 14:07:30,387.38,136.95
2024-01-01 14:09:57,406.23,152.73
2024-01-01 14:12:23,360.5,138.38
2024-01-01 14:14:48,389.67,140.18
2024-01-01 14:17:13,373.88,138.2
2024-01-01 14:19:39,377.33,147.43
2024-01-01 14:22:05,381.77,141.8
2024-01-01 14:24:30,387.05,139.7
2024-01-01 14:26:56,398.13,137.43
2024-01-01 14:29:21,382.8,136.93
2024-01-01 14:31:50,387.4,138.23
2024-01-01 14:34:15,357.63,131.38
2024-01-01 14:36:40,372.27,132.63
2024-01-01 14:39:06,410.67,150.02
2024-01-01 14:41:33,406.8,145.8
2024-01-01 14:44:00,415.02,146.7
2024-01-01 14:46:26,384.2,141.57
2024-01-01 14:48:52,383.75,141.65
2024-01-01 14:51:18,362.0,136.9
2024-01-01 14:53:44,340.15,124.03
2024-01-01 14:56:09,313.73,114.85
2024-01-01 14:58:35,349.92,132.68
2024-01-01 15:01:01,411.83,149.82
2024-01-01 15:03:27,382.65,138.2
2024-01-01 15:05:52,372.95,139.35
2024-01-01 15:08:18,400.95,158.3
2024-01-01 15:10:43,399.6,149.0
2024-01-01 15:13:09,388.33,143.07
2024-01-01 15:15:34,349.1,132.6
2024-01-01 15:18:00,358.5,133.57
2024-01-01 15:20:25,317.23,117.63
2024-01-01 15:22:51,338.02,122.1
2024-01-01 15:25:17,324.5,120.43
2024-01-01 15:27:42,313.75,107.7
2024-01-01 15:30:08,307.27,111.68
2024-01-01 15:32:36,296.42,109.47
2024-01-01 15:35:02,282.83,104.43
2024-01-01 15:37:29,269.27,99.0
2024-01-01 15:39:54,280.65,100.68
2024-01-01 15:42:25,289.1,104.85
2024-01-01 15:44:51,291.45,107.55
2024-01-01 15:47:17,343.5,120.45
2024-01-01 15:49:44,340.48,125.13
2024-01-01 15:52:10,362.8,129.02
2024-01-01 15:54:35,380.92,133.98
2024-01-01 15:57:01,365.35,130.45
2024-01-01 15:59:27,408.0,154.3
2024-01-01 16:01:54,384.02,142.93
2024-01-01 16:04:19,470.77,176.05
2024-01-01 16:06:45,441.48,175.5
2024-01-01 16:09:10,479.0,183.0
2024-01-01 16:11:36,451.58,178.35
2024-01-01 16:14:01,465.92,181.8
2024-01-01 16:16:27,464.58,190.7
2024-01-01 16:18:54,437.6,171.27
2024-01-01 16:21:21,479.35,193.05
2024-01-01 16:23:47,409.25,152.55
2024-01-01 16:26:13,346.65,129.25
2024-01-01 16:28:38,364.23,126.1
2024-01-01 16:31:04,346.75,132.18
2024-01-01 16:33:29,350.98,128.98
2024-01-01 16:35:55,342.83,120.47
2024-01-01 16:38:24,288.65,108.55
2024-01-01 16:40:49,297.5,108.68
2024-01-01 16:43:15,288.05,106.32
2024-01-01 16:45:40,310.42,111.82
2024-01-01 16:48:06,278.67,106.72
2024-01-01 16:50:32,280.9,105.68
2024-01-01 16:52:58,309.52,123.55
2024-01-01 16:55:23,388.65,146.5
2024-01-01 16:57:49,409.95,164.73
2024-01-01 17:00:15,314.5,116.68
2024-01-01 17:02:41,295.38,105.35
2024-01-01 17:05:06,291.2,108.22
2024-01-01 17:07:32,269.4,102.93
2024-01-01 17:09:57,275.83,106.53
2024-01-01 17:12:23,279.42,102.22
2024-01-01 17:14:48,273.58,102.75
2024-01-01 17:17:14,289.95,105.15
2024-01-01 17:19:39,304.35,105.95
2024-01-01 17:22:05,312.48,123.88
2024-01-01 17:24:30,340.6,131.5
2024-01-01 17:26:56,451.95,174.48
2024-01-01 17:29:22,538.08,227.65
2024-01-01 17:31:48,524.03,226.65
2024-01-01 17:34:13,521.03,226.32
2024-01-01 17:36:39,524.97,217.9
2024-01-01 17:39:04,470.88,192.8
2024-01-01 17:41:30,484.88,203.1
2024-01-01 17:43:58,497.63,205.73
2024-01-01 17:46:25,480.02,202.73
2024-01-01 17:48:50,471.9,200.13
2024-01-01 17:51:16,470.25,188.3
2024-01-01 17:53:41,468.58,194.0
2024-01-01 17:56:07,558.75,260.52
2024-01-01 17:58:33,713.7,333.67
2024-01-01 18:01:01,685.75,327.92
2024-01-01 18:03:28,685.67,339.1
2024-01-01 18:05:53,660.83,311.73
2024-01-01 18:08:19,576.1,267.65
2024-01-01 18:10:44,655.33,303.83
2024-01-01 18:13:10,713.33,322.52
2024-01-01 18:15:36,658.75,310.15
2024-01-01 18:18:01,646.45,302.27
2024-01-01 18:20:27,632.45,288.85
2024-01-01 18:22:52,642.55,290.8
2024-01-01 18:25:18,616.0,280.1
2024-01-01 18:27:44,598.28,269.75
2024-01-01 18:30:10,622.67,288.45
2024-01-01 18:32:36,593.13,264.4
2024-01-01 18:35:01,589.22,268.88
2024-01-01 18:37:26,593.55,271.33
2024-01-01 18:39:52,580.8,267.9
2024-01-01 18:42:17,608.05,276.65
2024-01-01 18:44:43,640.6,296.52
2024-01-01 18:47:09,602.85,286.88
2024-01-01 18:49:34,604.72,278.55
2024-01-01 18:52:00,587.53,279.58
2024-01-01 18:54:25,590.35,279.1
2024-01-01 18:56:53,552.13,258.9
2024-01-01 18:59:18,551.13,246.65
2024-01-01 19:01:44,551.53,255.43
2024-01-01 19:04:11,550.72,255.25
2024-01-01 19:06:37,552.38,242.55
2024-01-01 19:09:02,618.33,285.67
2024-01-01 19:11:28,617.47,286.73
2024-01-01 19:13:53,605.63,277.67
2024-01-01 19:16:19,612.65,274.2
2024-01-01 19:18:44,602.33,276.23
2024-01-01 19:21:12,588.85,267.8
2024-01-01 19:23:39,580.8,271.17
2024-01-01 19:26:05,603.55,278.75
2024-01-01 19:28:30,575.7,250.63
2024-01-01 19:30:55,568.17,275.15
2024-01-01 19:33:21,554.35,257.23
2024-01-01 19:35:46,543.03,251.35
2024-01-01 19:38:12,526.05,235.07
2024-01-01 19:40:37,519.63,227.98
2024-01-01 19:43:03,536.3,231.88
2024-01-01 19:45:28,523.83,231.93
2024-01-01 19:47:54,568.13,270.5
2024-01-01 19:50:19,584.03,272.17
2024-01-01 19:52:45,595.13,280.3
2024-01-01 19:55:10,586.88,275.83
2024-01-01 19:57:36,587.42,258.17
2024-01-01 20:00:01,581.17,265.3
2024-01-01 20:02:31,550.78,262.7
2024-01-01 20:04:57,588.47,264.52
2024-01-01 20:07:22,598.63,272.73
2024-01-01 20:09:48,581.75,273.4
2024-01-01 20:12:13,594.08,279.63
2024-01-01 20:14:41,640.13,283.45
2024-01-01 20:17:07,647.53,313.1
2024-01-01 20:19:32,654.78,315.0
2024-01-01 20:21:57,606.6,290.3
2024-01-01 20:24:23,614.88,297.25
2024-01-01 20:26:48,618.92,288.67
2024-01-01 20:29:14,611.47,278.83
2024-01-01 20:31:39,578.35,263.42
2024-01-01 20:34:05,582.85,258.52
2024-01-01 20:36:31,658.38,308.58
2024-01-01 20:38:58,561.78,255.6
2024-01-01 20:41:24,549.1,248.18
2024-01-01 20:43:50,592.8,275.65
2024-01-01 20:46:16,568.33,262.77
2024-01-01 20:48:42,543.1,245.02
2024-01-01 20:51:08,531.5,238.95
2024-01-01 20:53:34,542.28,242.7
2024-01-01 20:56:00,529.65,233.13
2024-01-01 20:58:25,529.35,223.75
2024-01-01 21:00:51,515.85,218.2
2024-01-01 21:03:16,512.8,234.98
2024-01-01 21:05:42,552.67,245.73
2024-01-01 21:08:07,559.75,248.93
2024-01-01 21:10:33,564.65,246.95
2024-01-01 21:12:58,536.5,234.3
2024-01-01 21:15:24,561.4,248.77
2024-01-01 21:17:50,580.53,255.4
2024-01-01 21:20:16,584.53,272.35
2024-01-01 21:22:42,563.8,245.82
2024-01-01 21:25:07,572.6,248.68
2024-01-01 21:27:33,554.3,244.05
2024-01-01 21:29:59,551.7,253.05
2024-01-01 21:32:24,543.72,242.6
2024-01-01 21:34:49,529.75,242.52
2024-01-01 21:37:15,510.0,231.43
2024-01-01 21:39:40,555.9,228.15
2024-01-01 21:42:06,549.58,249.5
2024-01-01 21:44:31,525.67,237.88
2024-01-01 21:46:57,527.72,230.25
2024-01-01 21:49:23,531.47,231.85
2024-01-01 21:51:48,535.78,236.93
2024-01-01 21:54:14,510.7,227.95
2024-01-01 21:56:40,544.75,229.63
2024-01-01 21:59:05,522.72,226.2
2024-01-01 22:01:31,513.65,220.88
2024-01-01 22:03:59,538.53,242.98
2024-01-01 22:06:25,538.03,242.9
2024-01-01 22:08:50,557.83,234.93
2024-01-01 22:11:16,556.22,248.95
2024-01-01 22:13:45,568.4,252.05
2024-01-01 22:16:11,543.9,245.15
2024-01-01 22:18:37,551.65,245.95
2024-01-01 22:21:03,560.53,252.4
2024-01-01 22:23:28,677.22,299.25
2024-01-01 22:25:55,808.42,338.58
2024-01-01 22:28:21,650.75,290.3
2024-01-01 22:30:46,677.38,296.75
2024-01-01 22:33:12,767.13,321.3
2024-01-01 22:35:37,655.03,320.92
2024-01-01 22:38:03,661.9,300.92
2024-01-01 22:40:28,576.83,269.3
2024-01-01 22:42:54,601.85,283.8
2024-01-01 22:45:21,597.17,268.02
2024-01-01 22:47:46,534.28,245.8
2024-01-01 22:50:12,501.98,214.82
2024-01-01 22:52:37,499.1,203.52
2024-01-01 22:55:03,527.17,228.73
2024-01-01 22:57:29,542.83,235.77
2024-01-01 22:59:55,577.05,257.75
2024-01-01 23:02:20,549.88,250.05
2024-01-01 23:04:46,591.03,272.73
2024-01-01 23:07:11,576.88,272.42
2024-01-01 23:09:37,566.4,254.57
2024-01-01 23:12:02,549.97,254.57
2024-01-01 23:14:28,563.55,264.13
2024-01-01 23:16:53,579.72,262.25
2024-01-01 23:19:19,532.1,223.4
2024-01-01 23:21:47,566.72,254.02
2024-01-01 23:24:12,568.53,271.13
2024-01-01 23:26:39,574.47,268.13
2024-01-01 23:29:04,572.35,255.75
2024-01-01 23:31:30,565.28,255.18
2024-01-01 23:33:55,583.8,268.08
2024-01-01 23:36:21,543.13,245.88
2024-01-01 23:38:46,529.28,240.65
2024-01-01 23:41:12,529.9,227.82
2024-01-01 23:43:37,524.13,221.5
2024-01-01 23:46:03,513.55,217.8
2024-01-01 23:48:28,532.08,230.07
2024-01-01 23:50:54,506.23,216.45
2024-01-01 23:53:19,477.7,205.25
2024-01-01 23:55:47,482.75,192.9
2024-01-01 23:58:13,479.6,190.65
2024-01-02 00:00:38,492.52,205.88
2024-01-02 00:03:04,490.7,196.45
2024-01-02 00:05:29,497.33,205.57
2024-01-02 00:07:55,486.75,193.55
2024-01-02 00:10:20,488.95,185.23
2024-01-02 00:12:47,484.4,193.55
2024-01-02 00:15:12,486.63,201.13
2024-01-02 00:17:38,473.85,189.1
2024-01-02 00:20:04,478.9,197.77
2024-01-02 00:22:30,491.3,204.02
2024-01-02 00:24:55,489.55,205.5
2024-01-02 00:27:21,507.5,204.18
2024-01-02 00:29:46,512.9,216.3
2024-01-02 00:32:12,507.67,221.2
2024-01-02 00:34:37,553.55,233.8
2024-01-02 00:37:03,557.42,237.95
2024-01-02 00:39:29,481.6,200.55
2024-01-02 00:41:54,478.63,194.7
2024-01-02 00:44:19,486.1,197.45
2024-01-02 00:46:45,515.38,207.27
2024-01-02 00:49:10,544.92,226.45
2024-01-02 00:51:36,537.55,235.23
2024-01-02 00:54:01,496.15,204.55
2024-01-02 00:56:27,525.63,216.0
2024-01-02 00:58:52,533.4,239.63
2024-01-02 01:01:18,565.25,246.9
2024-01-02 01:03:43,549.67,239.65
2024-01-02 01:06:09,521.25,230.98
2024-01-02 01:08:34,515.38,214.15
2024-01-02 01:11:00,514.05,209.88
2024-01-02 01:13:25,516.0,213.65
2024-01-02 01:15:51,498.02,199.13
2024-01-02 01:18:16,495.92,212.77
2024-01-02 01:20:42,504.88,203.77
2024-01-02 01:23:07,499.4,201.82
2024-01-02 01:25:33,503.73,208.8
2024-01-02 01:27:58,492.88,203.38
2024-01-02 01:30:24,495.15,208.43
2024-01-02 01:32:49,496.55,206.32
2024-01-02 01:35:15,518.55,208.02
2024-01-02 01:37:41,504.33,209.4
2024-01-02 01:40:06,511.7,221.57
2024-01-02 01:42:33,511.38,208.38
2024-01-02 01:44:58,489.73,202.45
2024-01-02 01:47:24,517.25,206.27
2024-01-02 01:49:50,529.5,211.65
2024-01-02 01:52:16,518.47,215.9
2024-01-02 01:54:42,485.23,205.57
2024-01-02 01:57:08,471.5,198.82
2024-01-02 01:59:34,491.42,201.55
2024-01-02 02:02:01,475.58,189.48
2024-01-02 02:04:27,484.83,199.68
2024-01-02 02:06:53,500.77,201.3
2024-01-02 02:09:18,503.7,202.07
2024-01-02 02:11:44,483.2,194.27
2024-01-02 02:14:09,489.3,200.1
2024-01-02 02:16:35,487.17,197.23
2024-01-02 02:19:01,499.67,202.95
2024-01-02 02:21:27,497.7,198.77
2024-01-02 02:23:52,497.95,200.0
2024-01-02 02:26:18,489.55,197.7
2024-01-02 02:28:43,474.83,188.07
2024-01-02 02:31:09,467.08,187.55
2024-01-02 02:33:34,465.77,187.52
2024-01-02 02:36:01,471.0,186.0
2024-01-02 02:38:27,452.38,182.95
2024-01-02 02:40:53,466.08,176.48
2024-01-02 02:43:18,440.3,172.65
2024-01-02 02:45:44,469.02,171.13
2024-01-02 02:48:09,473.75,188.25
2024-01-02 02:50:35,473.48,178.43
2024-01-02 02:53:00,454.2,173.68
2024-01-02 02:55:25,445.23,171.88
2024-01-02 02:57:51,484.13,181.55
2024-01-02 03:00:16,455.38,177.75
2024-01-02 03:02:42,452.13,172.5
2024-01-02 03:05:08,455.15,172.85
2024-01-02 03:07:33,456.15,172.43
2024-01-02 03:09:59,435.27,172.65
2024-01-02 03:12:24,418.5,161.25
2024-01-02 03:14:50,427.58,168.15
2024-01-02 03:17:15,408.83,157.77
2024-01-02 03:19:41,379.92,154.75
2024-01-02 03:22:06,455.67,190.02
2024-01-02 03:24:32,456.67,175.2
2024-01-02 03:26:57,461.25,178.43
2024-01-02 03:29:23,479.15,194.38
2024-01-02 03:31:51,482.4,194.82
2024-01-02 03:34:17,466.6,190.7
2024-01-02 03:36:42,477.27,199.4
2024-01-02 03:39:08,469.83,192.85
2024-01-02 03:41:33,508.05,199.65
2024-01-02 03:43:59,476.95,186.93
2024-01-02 03:46:24,467.85,185.43
2024-01-02 03:48:50,454.4,172.3
2024-01-02 03:51:15,452.55,170.7
2024-01-02 03:53:41,439.17,175.5
2024-01-02 03:56:06,436.0,164.73
2024-01-02 03:58:32,425.42,165.68
2024-01-02 04:00:57,447.0,169.52
2024-01-02 04:03:23,456.17,173.98
2024-01-02 04:05:49,443.95,167.75
2024-01-02 04:08:15,459.55,173.6
2024-01-02 04:10:40,454.58,175.93
2024-01-02 04:13:06,490.23,184.48
2024-01-02 04:15:31,471.88,183.9
2024-01-02 04:17:57,475.58,178.02
2024-01-02 04:20:22,449.7,176.7
2024-01-02 04:22:48,443.48,178.5
2024-01-02 04:27:44,430.17,156.68
2024-01-02 04:30:10,434.4,169.3
2024-01-02 04:32:36,454.3,176.45
2024-01-02 04:35:02,470.13,171.93
2024-01-02 04:37:28,453.55,169.82
2024-01-02 04:39:53,446.3,175.5
2024-01-02 04:42:19,472.4,182.38
2024-01-02 04:44:44,466.83,185.85
2024-01-02 04:47:10,490.6,196.18
2024-01-02 04:49:35,487.42,191.13
2024-01-02 04:52:01,476.63,196.3
2024-01-02 04:54:26,479.98,196.05
2024-01-02 04:56:52,491.6,202.0
2024-01-02 04:59:18,494.95,205.0
2024-01-02 05:01:43,473.27,199.15
2024-01-02 05:04:09,481.08,194.77
2024-01-02 05:06:34,484.77,189.88
2024-01-02 05:09:00,489.65,196.8
2024-01-02 05:11:25,473.45,181.25
2024-01-02 05:13:51,453.55,184.95
2024-01-02 05:16:16,452.88,181.95
2024-01-02 05:18:41,458.8,182.18
2024-01-02 05:21:07,451.27,182.93
2024-01-02 05:23:33,442.9,170.52
2024-01-02 05:25:58,459.17,179.52
2024-01-02 05:28:24,462.35,177.45
2024-01-02 05:30:49,443.23,172.02
2024-01-02 05:33:15,458.45,173.32
2024-01-02 05:35:40,460.33,178.05
2024-01-02 05:38:06,463.33,179.52
2024-01-02 05:40:31,467.5,184.43
2024-01-02 05:42:57,467.4,181.35
2024-01-02 05:45:22,466.3,181.68
2024-01-02 05:47:48,479.2,186.6
2024-01-02 05:50:13,473.98,196.65
2024-01-02 05:52:41,484.7,208.77
2024-01-02 05:55:07,436.6,188.88
2024-01-02 05:57:33,457.9,196.38
2024-01-02 05:59:58,400.63,158.55
2024-01-02 06:02:24,473.38,184.4
2024-01-02 06:04:49,411.52,157.38
2024-01-02 06:07:15,437.73,168.57
2024-01-02 06:09:40,409.83,157.02
2024-01-02 06:12:06,448.27,171.85
2024-01-02 06:14:31,433.02,160.18
2024-01-02 06:16:57,447.1,174.3
2024-01-02 06:19:22,438.58,169.77
2024-01-02 06:21:48,446.42,170.57
2024-01-02 06:24:13,446.52,165.6
2024-01-02 06:26:39,445.38,169.88
2024-01-02 06:29:05,448.83,180.13
2024-01-02 06:31:31,472.05,176.15
2024-01-02 06:33:56,460.27,179.05
2024-01-02 06:36:22,465.35,189.23
2024-01-02 06:38:47,461.8,180.8
2024-01-02 06:41:12,463.35,175.93
2024-01-02 06:43:39,479.25,191.0
2024-01-02 06:46:04,564.42,231.4
2024-01-02 06:48:29,581.92,239.2
2024-01-02 06:50:55,578.72,230.63
2024-01-02 06:53:20,488.33,199.18
2024-01-02 06:55:46,456.58,181.45
2024-01-02 06:58:11,442.9,170.38
2024-01-02 07:00:37,449.88,170.82
2024-01-02 07:03:03,439.63,167.15
2024-01-02 07:05:29,466.27,190.02
2024-01-02 07:07:54,474.63,178.65
2024-01-02 07:10:20,449.27,177.48
2024-01-02 07:12:46,465.02,176.9
2024-01-02 07:15:12,491.75,176.6
2024-01-02 07:17:38,521.5,192.35
2024-01-02 07:20:05,517.42,201.43
2024-01-02 07:22:31,515.13,215.63
2024-01-02 07:24:57,496.5,206.32
2024-01-02 07:27:22,537.63,219.65
2024-01-02 07:29:48,503.25,204.75
2024-01-02 07:32:14,585.97,246.27
2024-01-02 07:34:39,557.42,243.15
2024-01-02 07:37:05,543.0,231.23
2024-01-02 07:39:30,537.95,233.5
2024-01-02 07:41:56,552.67,240.55
2024-01-02 07:44:22,552.9,237.77
2024-01-02 07:46:48,539.1,230.02
2024-01-02 07:49:13,525.42,227.0
2024-01-02 07:51:39,542.28,228.52
2024-01-02 07:54:04,556.85,233.48
2024-01-02 07:56:31,576.78,243.02
2024-01-02 07:58:57,558.92,239.35
2024-01-02 08:01:23,569.05,245.8
2024-01-02 08:03:48,559.75,251.1
2024-01-02 08:06:13,552.3,254.85
2024-01-02 08:08:39,589.42,255.45
2024-01-02 08:11:05,593.47,262.2
2024-01-02 08:13:30,576.25,260.65
2024-01-02 08:15:56,585.72,266.33
2024-01-02 08:18:22,566.0,247.95
2024-01-02 08:20:47,544.7,241.95
2024-01-02 08:23:13,558.53,242.65
2024-01-02 08:25:39,547.92,234.85
2024-01-02 08:28:05,529.42,230.73
2024-01-02 08:30:31,492.1,203.38
2024-01-02 08:32:57,485.05,201.32
2024-01-02 08:35:23,478.02,207.07
2024-01-02 08:37:48,500.13,209.02
2024-01-02 08:40:14,508.77,213.98
2024-01-02 08:42:40,520.83,222.4
2024-01-02 08:45:06,522.5,228.7
2024-01-02 08:47:34,505.27,210.35
2024-01-02 08:50:01,489.4,205.82
2024-01-02 08:52:27,467.08,182.68
2024-01-02 08:54:52,418.98,172.6
2024-01-02 08:57:18,392.75,160.23
2024-01-02 08:59:43,436.05,170.13
2024-01-02 09:02:09,449.27,173.98
2024-01-02 09:04:34,451.02,180.63
2024-01-02 09:07:00,460.13,183.18
2024-01-02 09:09:25,464.27,175.98
2024-01-02 09:11:51,471.3,175.75
2024-01-02 09:14:16,454.52,172.9
2024-01-02 09:16:42,471.4,182.68
2024-01-02 09:19:08,449.42,173.0
2024-01-02 09:21:34,466.38,173.98
2024-01-02 09:23:59,444.88,174.02
2024-01-02 09:26:25,447.3,169.55
2024-01-02 09:28:50,439.58,172.07
2024-01-02 09:31:16,441.05,171.3
2024-01-02 09:33:43,443.5,174.0
2024-01-02 09:36:09,460.67,177.15
2024-01-02 09:38:38,453.6,182.8
2024-01-02 09:44:11,434.48,166.45
2024-01-02 09:50:00,415.33,167.32
2024-01-02 09:53:07,435.25,167.35
2024-01-02 10:09:51,454.02,186.27
2024-01-02 10:15:27,393.2,144.38
2024-01-02 10:26:12,160.77,64.57
2024-01-02 10:28:37,152.32,61.65
2024-01-02 10:31:14,169.45,60.53
2024-01-02 10:36:58,172.38,65.25
2024-01-02 10:45:14,91.72,37.3
2024-01-02 10:55:50,94.75,33.28
2024-01-02 10:58:22,59.88,26.13
2024-01-02 11:01:06,81.47,29.17
2024-01-02 11:03:40,62.25,25.73
2024-01-02 11:06:43,72.85,28.42
2024-01-02 11:11:54,77.7,27.13
2024-01-02 11:14:22,103.0,31.73
2024-01-02 11:16:49,69.97,27.25
2024-01-02 11:19:17,94.22,29.42
2024-01-02 11:21:51,101.7,38.1
2024-01-02 11:24:42,80.57,32.58
2024-01-02 11:27:17,88.9,33.05
2024-01-02 11:29:46,95.03,35.2
2024-01-02 11:32:14,105.85,36.9
2024-01-02 11:37:36,109.82,37.22
2024-01-02 11:40:23,120.57,42.7
2024-01-02 11:45:32,114.25,45.55
2024-01-02 11:48:18,147.43,48.4
2024-01-02 11:51:24,143.73,46.58
2024-01-02 11:56:27,167.48,50.53
2024-01-02 12:07:25,131.85,47.75
2024-01-02 12:09:52,137.38,48.92
2024-01-02 12:15:15,148.5,51.42
2024-01-02 12:23:20,127.3,43.78
2024-01-02 12:25:46,154.13,49.53
2024-01-02 12:28:13,143.18,51.4
2024-01-02 12:30:43,159.63,58.95
2024-01-02 12:33:24,130.5,45.47
2024-01-02 12:38:22,139.6,51.72
2024-01-02 12:40:51,124.4,46.38
2024-01-02 12:43:18,141.35,52.22
2024-01-02 12:45:58,166.65,57.13
2024-01-02 12:48:27,154.15,60.67
2024-01-02 12:50:55,190.25,60.3
2024-01-02 12:53:25,164.18,55.15
2024-01-02 12:55:54,147.27,52.97
2024-01-02 12:58:23,153.0,53.22
2024-01-02 13:00:55,164.23,60.72
2024-01-02 13:03:20,182.2,63.25
2024-01-02 13:05:46,177.3,61.5
2024-01-02 13:08:19,163.02,59.83
2024-01-02 13:10:45,168.27,58.85
2024-01-02 13:13:11,168.63,57.95
2024-01-02 13:15:38,161.3,54.5
2024-01-02 13:18:05,161.75,59.85
2024-01-02 13:20:31,158.5,57.97
2024-01-02 13:22:57,173.8,66.7
2024-01-02 13:25:22,151.73,58.7
2024-01-02 13:27:51,156.88,53.5
2024-01-02 13:30:38,151.95,56.28
2024-01-02 13:33:07,153.52,58.4
2024-01-02 13:35:33,156.27,51.9
2024-01-02 13:37:59,144.88,49.7
2024-01-02 13:40:25,136.18,51.75
2024-01-02 13:42:56,148.63,51.75
2024-01-02 13:45:26,154.0,54.65
2024-01-02 13:47:57,147.25,51.55
2024-01-02 13:50:32,140.95,48.78
2024-01-02 13:53:02,153.18,56.47
2024-01-02 13:55:30,159.77,57.53
2024-01-02 13:58:04,145.23,51.63
2024-01-02 14:00:37,173.68,58.88
2024-01-02 14:03:04,151.65,58.03
2024-01-02 14:05:30,176.8,64.9
2024-01-02 14:07:57,184.55,70.75
2024-01-02 14:10:27,182.25,70.75
2024-01-02 14:12:53,223.77,82.22
2024-01-02 14:15:20,220.05,84.4
2024-01-02 14:17:48,230.82,81.4
2024-01-02 14:36:44,198.52,73.9
2024-01-02 14:45:08,206.85,83.28
2024-01-02 14:47:47,253.55,101.97
2024-01-02 14:55:36,341.4,127.4
2024-01-02 14:58:15,287.83,108.53
2024-01-02 15:01:14,264.48,102.63
2024-01-02 15:03:55,335.17,135.8
2024-01-02 15:06:47,392.48,145.15
2024-01-02 15:09:20,414.02,150.77
2024-01-02 15:12:01,438.67,169.68
2024-01-02 15:20:37,388.9,144.73
2024-01-02 15:23:21,402.83,146.32
2024-01-02 15:26:02,389.7,136.57
2024-01-02 15:28:35,426.1,149.88
2024-01-02 15:31:02,402.23,153.57
2024-01-02 15:36:19,424.2,141.6
2024-01-02 15:42:02,339.35,102.05
2024-01-02 15:44:36,312.6,90.32
2024-01-02 15:47:11,313.58,97.75
2024-01-02 15:49:40,299.0,105.63
2024-01-02 15:52:14,322.95,112.45
2024-01-02 15:54:40,353.38,126.63
2024-01-02 15:57:13,363.3,123.95
2024-01-02 16:02:54,411.45,160.02
2024-01-02 16:28:05,352.35,130.38
2024-01-02 16:30:58,286.85,103.45
2024-01-02 16:39:10,251.5,80.72
2024-01-02 16:41:44,295.98,101.28
2024-01-02 16:44:13,271.98,100.55
2024-01-02 16:46:40,310.6,118.7
2024-01-02 16:49:12,249.13,98.55
2024-01-02 16:51:38,240.38,94.97
2024-01-02 16:54:09,266.9,99.05
2024-01-02 16:56:34,293.88,103.13
2024-01-02 16:59:01,373.55,152.13
2024-01-02 17:01:32,455.63,201.05
2024-01-02 17:03:58,267.33,106.45
2024-01-02 17:06:24,238.52,79.05
2024-01-02 17:08:49,288.85,81.43
2024-01-02 17:11:15,238.98,81.32
2024-01-02 17:13:41,208.75,79.7
2024-01-02 17:16:07,222.4,81.35
2024-01-02 17:18:34,221.6,85.82
2024-01-02 17:21:02,213.38,87.0
2024-01-02 17:23:29,221.68,88.35
2024-01-02 17:25:56,220.9,88.97
2024-01-02 17:28:23,229.65,95.4
2024-01-02 17:30:57,287.73,115.53
2024-01-02 17:33:24,276.67,115.93
2024-01-02 17:35:50,293.92,119.7
2024-01-02 17:38:16,321.48,132.05
2024-01-02 17:40:45,334.75,136.63
2024-01-02 17:43:10,283.15,114.9
2024-01-02 17:45:36,284.65,116.9
2024-01-02 17:48:07,301.3,128.7
2024-01-02 17:50:38,284.8,118.68
2024-01-02 17:53:04,266.6,110.7
2024-01-02 17:55:32,277.67,106.55
2024-01-02 18:00:31,225.0,91.6
2024-01-02 18:03:02,244.4,91.2
2024-01-02 18:05:40,427.13,180.5
2024-01-02 18:08:46,326.02,133.45
2024-01-02 18:11:29,322.08,120.8
2024-01-02 18:22:31,283.48,104.68
2024-01-02 18:25:02,329.13,122.7
2024-01-02 18:30:14,346.88,143.43
2024-01-02 18:33:08,314.2,133.1
2024-01-02 18:43:34,271.38,116.68
2024-01-02 18:46:08,280.95,107.18
2024-01-02 18:48:37,330.65,129.48
2024-01-02 18:51:06,353.4,132.45
2024-01-02 18:53:45,343.75,126.82
2024-01-02 18:56:16,346.65,144.1
2024-01-02 18:58:43,426.92,166.23
2024-01-02 19:01:09,459.52,192.8
2024-01-02 19:03:40,395.0,154.38
2024-01-02 19:06:09,408.6,157.07
2024-01-02 19:08:45,464.0,192.55
2024-01-02 19:11:12,454.3,185.45
2024-01-02 19:13:43,382.98,149.85
2024-01-02 19:16:08,391.38,145.95
2024-01-02 19:18:35,312.13,129.4
2024-01-02 19:21:01,328.0,127.72
2024-01-02 19:23:28,320.6,126.22
2024-01-02 19:25:53,353.58,128.4
2024-01-02 19:28:19,370.17,136.65
2024-01-02 19:30:52,366.08,139.38
2024-01-02 19:33:17,386.6,144.0
2024-01-02 19:35:43,385.55,143.0
2024-01-02 19:38:08,445.17,175.52
2024-01-02 19:40:34,418.13,163.75
2024-01-02 19:43:01,414.63,175.73
2024-01-02 19:45:26,433.05,169.15
2024-01-02 19:47:52,402.3,156.02
2024-01-02 19:50:17,369.98,134.82
2024-01-02 19:52:43,335.6,132.02
2024-01-02 19:55:09,411.52,158.25
2024-01-02 19:57:38,334.95,132.13
2024-01-02 20:00:04,328.73,122.88
2024-01-02 20:02:39,354.48,131.88
2024-01-02 20:05:24,392.85,152.5
2024-01-02 20:13:25,403.55,165.73
2024-01-02 20:15:51,445.67,196.48
2024-01-02 20:28:28,501.0,222.13
2024-01-02 20:30:54,491.58,218.23
2024-01-02 20:33:29,465.0,204.7
2024-01-02 20:35:57,443.63,175.2
2024-01-02 20:38:23,495.85,206.77
2024-01-02 20:40:52,482.88,210.27
2024-01-02 20:46:01,505.0,206.4
2024-01-02 20:48:27,507.02,209.38
2024-01-02 20:50:57,535.4,224.48
2024-01-02 20:53:33,559.55,236.65
2024-01-02 20:56:00,544.9,236.45
2024-01-02 21:01:05,569.45,247.82
2024-01-02 21:03:37,517.45,230.05
2024-01-02 21:06:19,536.4,227.52
2024-01-02 21:08:45,551.3,245.57
2024-01-02 21:11:11,533.45,241.27
2024-01-02 21:13:40,570.55,264.6
2024-01-02 21:16:08,579.08,258.63
2024-01-02 21:18:48,575.1,248.88
2024-01-02 21:21:27,589.03,265.15
2024-01-02 21:24:04,560.47,243.57
2024-01-02 21:26:32,653.13,270.05
2024-01-02 21:28:58,638.8,266.63
2024-01-02 21:31:24,667.8,283.3
2024-01-02 21:33:49,653.9,277.77
2024-01-02 21:36:15,649.92,277.5
2024-01-02 21:38:41,710.33,286.2
2024-01-02 21:41:14,686.2,289.92
2024-01-02 21:43:40,654.33,277.17
2024-01-02 21:48:54,586.08,249.95
2024-01-02 21:51:24,599.05,250.43
2024-01-02 21:56:44,546.53,229.73
2024-01-02 22:01:38,517.05,199.38
2024-01-02 22:04:05,481.3,193.1
2024-01-02 22:06:34,445.8,173.07
2024-01-02 22:12:02,420.5,160.45
2024-01-02 22:17:06,443.33,169.4
2024-01-02 22:22:08,461.13,179.85
2024-01-02 22:29:35,490.92,193.93
2024-01-02 22:32:01,452.35,175.02
2024-01-02 22:34:39,437.15,156.07
2024-01-02 22:37:06,395.38,155.5
2024-01-02 22:39:50,405.77,146.95
2024-01-02 22:42:21,408.08,153.57
2024-01-02 22:44:48,416.58,150.55
2024-01-02 22:47:15,407.5,147.48
2024-01-02 22:49:41,406.0,152.3
2024-01-02 22:52:07,408.45,150.98
2024-01-02 22:54:33,440.4,166.75
2024-01-02 22:56:59,432.38,169.25
2024-01-02 22:59:25,441.17,168.98
2024-01-02 23:01:51,457.3,186.73
2024-01-02 23:04:17,457.5,178.07
2024-01-02 23:06:43,421.52,164.77
2024-01-02 23:11:59,418.42,157.88
2024-01-02 23:14:25,436.0,174.15
2024-01-02 23:16:50,462.2,174.85
2024-01-02 23:19:16,472.9,182.88
2024-01-02 23:21:50,481.67,195.52
2024-01-02 23:24:17,452.42,183.63
2024-01-02 23:26:51,464.65,186.98
2024-01-02 23:29:20,465.9,172.3
2024-01-02 23:31:47,453.35,180.6
2024-01-02 23:34:17,463.58,175.07
2024-01-02 23:37:04,469.1,167.05
2024-01-02 23:39:29,476.15,175.15
2024-01-02 23:41:55,464.13,162.32
2024-01-02 23:44:21,435.55,158.27
2024-01-02 23:46:46,465.75,166.48
2024-01-02 23:49:12,444.75,157.8
2024-01-02 23:51:38,431.77,151.93
2024-01-02 23:54:05,441.05,158.0
2024-01-02 23:56:35,468.6,170.9
2024-01-02 23:59:06,476.1,172.5
2024-01-03 00:01:35,482.67,173.82
2024-01-03 00:04:01,463.13,176.3
2024-01-03 00:06:30,480.1,172.2
2024-01-03 00:08:57,476.0,174.65
2024-01-03 00:11:23,480.0,180.6
2024-01-03 00:16:22,446.63,157.9
2024-01-03 00:18:48,418.17,153.45
2024-01-03 00:21:19,424.83,159.75
2024-01-03 00:26:25,439.8,152.27
2024-01-03 00:28:51,438.6,159.38
2024-01-03 00:31:36,391.75,134.65
2024-01-03 00:34:29,413.83,131.52
2024-01-03 00:36:52,378.27,125.3
2024-01-03 00:39:40,370.45,123.63
2024-01-03 00:42:04,352.8,123.88
2024-01-03 00:44:30,356.7,118.15
2024-01-03 00:46:56,327.52,116.38
2024-01-03 00:49:22,341.05,114.57
2024-01-03 00:51:49,278.73,98.88
2024-01-03 00:54:16,289.1,98.4
2024-01-03 00:56:42,321.33,112.3
2024-01-03 00:59:08,348.33,118.13
2024-01-03 01:01:34,342.65,113.43
2024-01-03 01:04:00,352.5,121.15
2024-01-03 01:06:25,323.27,112.68
2024-01-03 01:08:51,333.23,115.35
2024-01-03 01:11:16,340.55,117.15
2024-01-03 01:13:42,345.75,112.55
2024-01-03 01:16:07,331.3,107.93
2024-01-03 01:18:33,328.48,109.55
2024-01-03 01:20:58,332.73,111.5
2024-01-03 01:23:24,333.73,114.25
2024-01-03 01:25:49,353.95,108.72
2024-01-03 01:28:14,316.08,115.88
2024-01-03 01:30:40,328.58,109.93
2024-01-03 01:33:05,335.3,111.72
2024-01-03 01:35:31,337.25,106.63
2024-01-03 01:37:56,325.05,105.75
2024-01-03 01:40:22,289.52,98.32
2024-01-03 01:42:47,340.17,103.38
2024-01-03 01:45:13,309.58,102.55
2024-01-03 01:47:39,292.13,101.47
2024-01-03 01:50:05,294.3,104.5
2024-01-03 01:52:31,330.95,108.32
2024-01-03 01:54:57,320.83,101.68
2024-01-03 01:57:22,287.2,96.53
2024-01-03 01:59:48,299.75,98.95
2024-01-03 02:02:13,286.08,99.2
2024-01-03 02:04:39,289.75,93.25
2024-01-03 02:07:05,267.15,91.07
2024-01-03 02:09:33,299.3,96.95
2024-01-03 02:11:58,273.25,92.75
2024-01-03 02:14:24,283.02,93.65
2024-01-03 02:16:49,269.17,90.47
2024-01-03 02:19:15,275.92,94.28
2024-01-03 02:21:40,284.45,91.75
2024-01-03 02:24:06,285.67,91.45
2024-01-03 02:26:31,273.23,88.9
2024-01-03 02:28:57,256.83,85.68
2024-01-03 02:31:22,276.4,90.28
2024-01-03 02:33:48,274.45,91.6
2024-01-03 02:36:13,260.0,90.4
2024-01-03 02:38:41,260.38,89.47
2024-01-03 02:41:08,245.85,92.82
2024-01-03 02:43:33,252.18,89.68
2024-01-03 02:45:59,265.13,87.15
2024-01-03 02:48:24,273.88,91.45
2024-01-03 02:50:50,259.25,84.55
2024-01-03 02:53:15,226.93,86.85
2024-01-03 02:55:41,295.6,91.72
2024-01-03 02:58:06,294.13,93.93
2024-01-03 03:00:32,264.3,89.7
2024-01-03 03:02:57,291.95,89.1
2024-01-03 03:05:22,279.38,89.65
2024-01-03 03:07:48,266.27,91.0
2024-01-03 03:10:13,275.05,89.57
2024-01-03 03:12:40,253.15,89.78
2024-01-03 03:15:06,246.57,80.3
2024-01-03 03:17:32,273.88,82.3
2024-01-03 03:19:57,237.1,81.35
2024-01-03 03:22:23,231.75,76.05
2024-01-03 03:24:48,245.7,79.03
2024-01-03 03:27:14,248.88,77.95
2024-01-03 03:29:39,237.4,82.13
2024-01-03 03:32:05,230.95,80.4
2024-01-03 03:34:31,250.5,79.9
2024-01-03 03:36:56,252.4,82.05
2024-01-03 03:39:22,237.52,79.2
2024-01-03 03:41:47,203.27,75.05
2024-01-03 03:44:13,228.23,73.32
2024-01-03 03:46:38,231.0,71.75
2024-01-03 03:49:04,235.7,77.22
2024-01-03 03:51:30,228.98,69.13
2024-01-03 03:53:55,216.57,69.22
2024-01-03 03:56:21,220.52,62.65
2024-01-03 03:58:48,186.95,65.45
2024-01-03 04:01:13,226.55,66.95
2024-01-03 04:03:39,218.45,65.18
2024-01-03 04:06:04,212.75,67.47
2024-01-03 04:08:30,211.32,64.3
2024-01-03 04:10:55,207.95,63.1
2024-01-03 04:13:20,223.68,69.75
2024-01-03 04:15:46,234.8,71.03
2024-01-03 04:18:11,238.85,69.65
2024-01-03 04:20:37,228.18,72.63
2024-01-03 04:23:02,254.88,75.4
2024-01-03 04:25:28,233.77,70.05
2024-01-03 04:27:54,218.68,71.2
2024-01-03 04:30:19,211.15,62.53
2024-01-03 04:32:45,214.57,69.63
2024-01-03 04:35:10,198.3,61.47
2024-01-03 04:37:35,173.75,56.28
2024-01-03 04:40:01,178.88,59.3
2024-01-03 04:42:27,204.0,57.22
2024-01-03 04:44:53,207.05,60.67
2024-01-03 04:47:18,187.52,56.92
2024-01-03 04:49:44,184.75,55.3
2024-01-03 04:52:09,182.13,55.53
2024-01-03 04:54:36,188.5,55.95
2024-01-03 04:57:02,195.02,56.63
2024-01-03 04:59:28,189.4,55.7
2024-01-03 05:01:54,173.15,53.35
2024-01-03 05:04:19,165.82,56.2
2024-01-03 05:06:45,177.8,55.53
2024-01-03 05:09:10,172.95,56.05
2024-01-03 05:11:36,180.82,51.5
2024-01-03 05:14:01,181.1,57.22
2024-01-03 05:16:26,156.1,51.58
2024-01-03 05:18:52,163.18,50.78
2024-01-03 05:21:17,170.38,50.17
2024-01-03 05:23:43,162.13,53.42
2024-01-03 05:26:08,189.55,55.55
2024-01-03 05:28:34,167.98,51.58
2024-01-03 05:30:59,158.27,55.42
2024-01-03 05:33:25,180.73,53.38
2024-01-03 05:35:50,182.5,54.3
2024-01-03 05:38:16,167.1,54.03
2024-01-03 05:40:42,204.3,57.47
2024-01-03 05:43:08,201.85,63.58
2024-01-03 05:45:36,155.23,50.35
2024-01-03 05:48:01,151.35,53.3
2024-01-03 05:50:27,181.93,55.55
2024-01-03 05:52:52,201.23,59.45
2024-01-03 05:55:18,200.95,61.13
2024-01-03 05:57:43,199.52,59.58
2024-01-03 06:00:09,189.98,59.65
2024-01-03 06:02:36,183.05,52.97
2024-01-03 06:05:01,188.0,55.1
2024-01-03 06:07:27,177.32,51.85
2024-01-03 06:09:52,196.6,59.47
2024-01-03 06:12:17,197.7,64.18
2024-01-03 06:14:43,205.18,60.95
2024-01-03 06:17:08,206.9,62.8
2024-01-03 06:19:34,200.57,64.28
2024-01-03 06:22:00,188.57,60.63
2024-01-03 06:24:25,190.13,60.9
2024-01-03 06:26:50,196.05,64.18
2024-01-03 06:29:16,188.8,60.42
2024-01-03 06:31:41,219.57,61.05
2024-01-03 06:34:07,210.15,63.83
2024-01-03 06:36:32,202.05,63.03
2024-01-03 06:38:58,194.2,65.1
2024-01-03 06:41:23,212.63,69.85
2024-01-03 06:43:49,213.6,72.22
2024-01-03 06:46:14,222.6,70.3
2024-01-03 06:48:40,218.18,69.63
2024-01-03 06:51:06,226.4,66.95
2024-01-03 06:53:31,215.73,72.25
2024-01-03 06:55:57,200.27,63.8
2024-01-03 06:58:22,207.63,62.03
2024-01-03 07:00:48,194.68,62.72
2024-01-03 07:03:14,197.13,62.0
2024-01-03 07:05:40,216.88,60.72
2024-01-03 07:08:06,239.1,70.75
2024-01-03 07:10:33,231.43,71.25
2024-01-03 07:12:58,222.93,66.4
2024-01-03 07:15:27,229.63,69.07
2024-01-03 07:17:53,217.73,68.05
2024-01-03 07:20:24,205.7,62.65
2024-01-03 07:22:50,215.45,67.13
2024-01-03 07:25:15,212.45,63.15
2024-01-03 07:27:41,233.45,70.55
2024-01-03 07:30:08,210.15,63.78
2024-01-03 07:32:34,223.2,67.13
2024-01-03 07:34:59,220.0,67.47
2024-01-03 07:37:25,232.9,72.55
2024-01-03 07:39:50,238.63,70.1
2024-01-03 07:42:16,223.98,65.9
2024-01-03 07:44:42,248.35,70.8
2024-01-03 07:47:08,278.95,80.53
2024-01-03 07:49:35,240.52,74.03
2024-01-03 07:52:01,230.77,69.25
2024-01-03 07:54:27,236.57,74.13
2024-01-03 07:56:52,234.15,68.55
2024-01-03 07:59:18,231.0,77.3
2024-01-03 08:01:43,246.45,73.93
2024-01-03 08:04:09,228.68,71.45
2024-01-03 08:06:35,206.2,68.1
2024-01-03 08:09:00,241.48,69.82
2024-01-03 08:11:26,226.3,68.68
2024-01-03 08:13:51,241.38,71.93
2024-01-03 08:16:17,240.45,73.1
2024-01-03 08:18:42,257.95,78.7
2024-01-03 08:21:09,233.63,72.55
2024-01-03 08:23:35,251.43,77.38
2024-01-03 08:26:07,240.02,71.57
2024-01-03 08:28:35,252.23,76.5
2024-01-03 08:31:06,229.3,70.63
2024-01-03 08:33:49,222.4,62.7
2024-01-03 08:36:15,225.3,67.22
2024-01-03 08:38:41,201.65,60.67
2024-01-03 08:41:16,209.23,63.03
2024-01-03 08:43:43,196.93,61.03
2024-01-03 08:46:09,204.98,64.68
2024-01-03 08:48:36,182.85,60.25
2024-01-03 08:51:02,185.6,59.1
2024-01-03 08:53:27,207.73,67.25
2024-01-03 08:55:53,247.2,75.13
2024-01-03 08:58:18,218.25,69.65
2024-01-03 09:00:44,214.82,70.55
2024-01-03 09:03:10,226.85,67.05
2024-01-03 09:05:36,224.02,67.63
2024-01-03 09:08:02,210.9,64.97
2024-01-03 09:10:28,209.5,60.2
2024-01-03 09:12:53,196.38,60.08
2024-01-03 09:15:19,214.48,67.6
2024-01-03 09:17:44,224.35,61.03
2024-01-03 09:20:10,231.23,70.68
2024-01-03 09:22:36,206.18,62.95
2024-01-03 09:25:02,204.7,62.8
2024-01-03 09:27:28,227.27,62.63
2024-01-03 09:29:53,217.35,61.42
2024-01-03 09:32:19,303.15,78.63
2024-01-03 09:34:44,280.1,76.82
2024-01-03 09:37:10,291.6,71.0
2024-01-03 09:39:36,256.1,70.9
2024-01-03 09:42:01,272.95,71.03
2024-01-03 09:44:28,283.02,75.5
2024-01-03 09:46:54,261.15,69.8
2024-01-03 09:49:20,222.98,70.47
2024-01-03 09:51:46,223.8,67.07
2024-01-03 09:54:12,226.77,71.3
2024-01-03 09:56:40,225.18,64.03
2024-01-03 09:59:06,211.02,64.57
2024-01-03 10:01:33,231.32,65.55
2024-01-03 10:03:59,220.23,63.65
2024-01-03 10:06:25,200.85,58.85
2024-01-03 10:08:58,196.15,65.45
2024-01-03 10:11:24,194.15,64.1
2024-01-03 10:13:49,230.55,70.68
2024-01-03 10:16:23,224.5,65.28
2024-01-03 10:21:36,198.63,60.88
2024-01-03 10:24:03,214.82,61.0
2024-01-03 10:26:31,202.82,62.03
2024-01-03 10:31:58,214.15,71.1
2024-01-03 10:34:24,216.57,68.18
2024-01-03 10:36:49,213.0,67.15
2024-01-03 10:39:19,229.32,72.68
2024-01-03 10:41:46,314.95,90.15
2024-01-03 10:44:12,344.65,96.25
2024-01-03 10:46:42,322.05,97.0
2024-01-03 10:49:12,251.85,82.38
2024-01-03 10:51:41,258.1,81.85
2024-01-03 10:54:11,305.55,92.3
2024-01-03 10:56:38,330.45,95.4
2024-01-03 10:59:05,348.1,99.18
2024-01-03 11:01:33,307.5,94.72
2024-01-03 11:04:32,279.1,84.07
2024-01-03 11:09:47,290.85,85.28
2024-01-03 11:12:12,270.15,79.63
2024-01-03 11:14:38,272.92,80.85
2024-01-03 11:17:04,274.6,82.9
2024-01-03 11:19:33,270.23,84.13
2024-01-03 11:22:00,288.45,87.63
2024-01-03 11:32:04,339.52,101.53
2024-01-03 11:34:40,309.3,95.95
2024-01-03 11:37:30,321.65,99.2
2024-01-03 11:39:56,328.67,92.7
2024-01-03 11:47:30,318.52,96.95
2024-01-03 11:49:57,331.7,94.45
2024-01-03 11:52:23,329.3,99.85
2024-01-03 11:54:52,323.38,94.9
2024-01-03 11:57:27,328.55,93.8
2024-01-03 11:59:57,319.4,93.95
2024-01-03 12:02:24,334.58,100.93
2024-01-03 12:04:57,316.6,96.63
2024-01-03 12:07:24,317.15,100.28
2024-01-03 12:09:50,337.5,102.88
2024-01-03 12:12:15,338.65,103.25
2024-01-03 12:14:48,362.88,109.38
2024-01-03 12:17:23,345.38,104.95
2024-01-03 12:20:11,341.38,102.65
2024-01-03 12:22:38,337.05,104.07
2024-01-03 12:25:04,332.45,101.22
2024-01-03 12:27:30,339.92,105.65
2024-01-03 12:30:12,362.33,106.32
2024-01-03 12:32:40,307.88,99.47
2024-01-03 12:35:06,347.77,104.07
2024-01-03 12:37:32,350.6,101.5
2024-01-03 12:39:58,356.83,108.4
2024-01-03 12:42:23,374.38,119.9
2024-01-03 12:44:49,362.63,119.8
2024-01-03 12:47:15,344.67,110.22
2024-01-03 12:49:41,323.85,109.07
2024-01-03 12:52:07,351.7,106.65
2024-01-03 12:54:34,310.58,104.53
2024-01-03 12:57:00,361.58,118.88
2024-01-03 12:59:26,341.35,108.72
2024-01-03 13:01:51,311.3,104.32
2024-01-03 13:04:17,337.6,110.5
2024-01-03 13:06:43,345.55,118.55
2024-01-03 13:09:08,361.6,116.82
2024-01-03 13:11:34,325.35,112.78
2024-01-03 13:14:01,343.98,113.43
2024-01-03 13:16:27,336.52,114.35
2024-01-03 13:18:53,310.38,104.5
2024-01-03 13:21:18,334.1,106.95
2024-01-03 13:23:44,348.88,108.35
2024-01-03 13:26:11,372.4,116.55
2024-01-03 13:28:36,366.3,118.28
2024-01-03 13:31:02,364.33,117.35
2024-01-03 13:33:30,353.08,118.38
2024-01-03 13:35:56,372.38,125.07
2024-01-03 13:38:21,339.55,110.57
2024-01-03 13:40:47,341.52,110.53
2024-01-03 13:43:12,306.0,101.15
2024-01-03 13:45:41,333.45,103.47
2024-01-03 13:48:07,285.08,98.78
2024-01-03 13:50:33,299.48,99.55
2024-01-03 13:52:59,309.75,100.03
2024-01-03 13:55:24,314.83,100.5
2024-01-03 13:57:50,319.05,103.4
2024-01-03 14:00:16,316.48,99.13
2024-01-03 14:02:44,323.15,103.5
2024-01-03 14:05:10,290.3,99.45
2024-01-03 14:07:36,282.5,95.15
2024-01-03 14:10:02,320.67,100.07
2024-01-03 14:12:30,320.45,102.2
2024-01-03 14:14:55,300.3,99.85
2024-01-03 14:17:21,308.38,110.28
2024-01-03 14:19:46,347.25,112.95
2024-01-03 14:22:12,330.2,113.93
2024-01-03 14:24:38,349.23,113.32
2024-01-03 14:27:04,322.92,106.3
2024-01-03 14:29:30,357.25,117.7
2024-01-03 14:31:56,334.83,108.45
2024-01-03 14:34:23,338.58,120.0
2024-01-03 14:37:05,364.0,122.07
2024-01-03 14:39:33,391.52,125.45
2024-01-03 14:42:04,372.27,124.72
2024-01-03 14:44:35,365.38,122.05
2024-01-03 14:47:01,385.35,126.18
2024-01-03 14:49:27,383.3,123.95
2024-01-03 14:51:54,385.15,131.4
2024-01-03 14:54:20,425.2,137.73
2024-01-03 14:56:45,423.65,151.1
2024-01-03 14:59:11,415.85,153.98
2024-01-03 15:01:43,415.2,143.3
2024-01-03 15:04:09,441.05,144.88
2024-01-03 15:06:34,444.45,146.7
2024-01-03 15:09:01,453.73,153.82
2024-01-03 15:11:28,444.38,144.75
2024-01-03 15:13:54,416.7,151.55
2024-01-03 15:16:19,411.77,141.38
2024-01-03 15:18:47,398.52,140.77
2024-01-03 15:21:15,411.73,142.0
2024-01-03 15:23:41,440.27,157.77
2024-01-03 15:26:07,426.58,159.57
2024-01-03 15:28:32,442.98,153.38
2024-01-03 15:30:58,445.23,153.18
2024-01-03 15:33:23,395.9,136.2
2024-01-03 15:35:56,422.98,148.18
2024-01-03 15:38:23,394.65,139.88
2024-01-03 15:40:49,408.55,144.45
2024-01-03 15:43:14,414.88,145.25
2024-01-03 15:45:41,385.38,124.78
2024-01-03 15:48:07,372.92,121.78
2024-01-03 15:50:33,390.1,133.7
2024-01-03 15:52:59,383.77,131.32
2024-01-03 15:55:25,381.35,130.23
2024-01-03 15:57:50,424.77,145.7
2024-01-03 16:00:16,381.05,130.38
2024-01-03 16:02:42,380.55,129.77
2024-01-03 16:05:08,386.17,135.88
2024-01-03 16:07:35,371.65,125.1
2024-01-03 16:10:01,401.38,131.7
2024-01-03 16:12:26,420.5,150.88
2024-01-03 16:14:52,438.42,150.98
2024-01-03 16:17:21,425.83,143.6
2024-01-03 16:19:51,429.7,143.57
2024-01-03 16:22:18,428.08,145.38
2024-01-03 16:24:44,411.83,149.7
2024-01-03 16:27:09,395.42,135.6
2024-01-03 16:29:35,451.08,158.98
2024-01-03 16:32:01,435.83,154.2
2024-01-03 16:34:27,499.92,188.65
2024-01-03 16:37:01,468.55,179.32
2024-01-03 16:39:28,494.35,181.9
2024-01-03 16:41:55,519.9,208.63
2024-01-03 16:44:21,528.7,202.2
2024-01-03 16:46:47,519.6,202.43
2024-01-03 16:49:13,477.55,188.9
2024-01-03 16:51:42,476.55,176.93
2024-01-03 16:54:08,487.58,169.7
2024-01-03 16:56:37,461.9,160.7
2024-01-03 16:59:03,427.15,143.63
2024-01-03 17:01:29,411.85,149.02
2024-01-03 17:03:56,415.52,140.55
2024-01-03 17:06:22,407.58,136.68
2024-01-03 17:08:49,377.13,128.5
2024-01-03 17:11:25,363.42,124.35
2024-01-03 17:13:51,358.38,112.85
2024-01-03 17:16:17,315.73,106.07
2024-01-03 17:18:43,312.38,106.97
2024-01-03 17:21:13,298.33,103.82
2024-01-03 17:23:39,291.27,102.45
2024-01-03 17:26:05,293.7,97.5
2024-01-03 17:28:32,298.75,94.82
2024-01-03 17:30:58,293.08,92.3
2024-01-03 17:33:24,294.13,93.2
2024-01-03 17:35:49,258.9,83.2
2024-01-03 17:38:15,252.9,89.0
2024-01-03 17:40:40,346.08,102.65
2024-01-03 17:43:06,327.85,111.32
2024-01-03 17:45:31,283.6,95.75
2024-01-03 17:47:57,479.13,162.1
2024-01-03 17:50:22,525.3,189.23
2024-01-03 17:52:48,501.65,160.07
2024-01-03 17:55:13,431.45,137.15
2024-01-03 17:57:39,424.9,140.02
2024-01-03 18:00:05,392.27,129.65
2024-01-03 18:02:31,414.25,146.98
2024-01-03 18:04:56,461.73,167.57
2024-01-03 18:07:27,448.2,166.5
2024-01-03 18:09:53,438.88,162.43
2024-01-03 18:12:18,450.15,169.63
2024-01-03 18:14:46,448.33,163.6
2024-01-03 18:17:17,471.4,175.82
2024-01-03 18:19:43,451.23,171.65
2024-01-03 18:22:09,526.25,211.95
2024-01-03 18:24:36,499.48,197.05
2024-01-03 18:27:05,487.45,193.27
2024-01-03 18:29:31,477.77,184.13
2024-01-03 18:31:57,351.75,120.9
2024-01-03 18:34:22,331.23,115.07
2024-01-03 18:36:48,294.58,106.32
2024-01-03 18:39:13,295.15,100.68
2024-01-03 18:41:39,300.6,102.93
2024-01-03 18:44:04,293.05,98.28
2024-01-03 18:46:31,282.33,97.28
2024-01-03 18:48:56,272.1,99.68
2024-01-03 18:51:22,349.2,123.15
2024-01-03 18:53:47,452.63,158.65
2024-01-03 18:56:13,473.45,171.65
2024-01-03 18:58:38,414.25,142.6
2024-01-03 19:01:04,428.4,148.77
2024-01-03 19:03:30,388.55,139.85
2024-01-03 19:05:56,404.42,139.9
2024-01-03 19:08:21,443.67,162.7
2024-01-03 19:10:47,403.98,147.57
2024-01-03 19:13:13,370.67,141.05
2024-01-03 19:15:38,475.85,185.18
2024-01-03 19:18:04,451.17,175.63
2024-01-03 19:20:29,432.08,163.55
2024-01-03 19:22:55,439.88,167.98
2024-01-03 19:25:20,413.38,144.98
2024-01-03 19:27:46,422.75,151.48
2024-01-03 19:30:11,402.17,136.63
2024-01-03 19:32:37,413.88,153.3
2024-01-03 19:35:03,404.08,154.02
2024-01-03 19:37:30,431.25,152.48
2024-01-03 19:39:56,422.13,154.43
2024-01-03 19:42:21,484.2,197.27
2024-01-03 19:44:47,496.05,205.05
2024-01-03 19:47:12,500.13,199.27
2024-01-03 19:49:38,521.92,235.23
2024-01-03 19:52:03,582.72,246.0
2024-01-03 19:54:29,561.9,253.9
2024-01-03 19:56:54,550.83,248.13
2024-01-03 19:59:20,528.85,235.1
2024-01-03 20:01:46,518.88,231.52
2024-01-03 20:04:14,520.22,234.6
2024-01-03 20:06:40,550.75,235.48
2024-01-03 20:09:06,544.6,233.48
2024-01-03 20:11:31,535.83,232.9
2024-01-03 20:13:57,535.6,217.5
2024-01-03 20:16:22,544.08,229.73
2024-01-03 20:18:48,529.75,227.75
2024-01-03 20:21:15,520.72,217.82
2024-01-03 20:23:41,536.92,230.15
2024-01-03 20:26:07,547.25,228.05
2024-01-03 20:28:36,547.33,230.52
2024-01-03 20:31:07,534.8,235.2
2024-01-03 20:33:39,539.75,245.45
2024-01-03 20:36:05,527.55,223.2
2024-01-03 20:38:34,506.98,216.55
2024-01-03 20:41:03,517.03,216.38
2024-01-03 20:43:29,496.2,202.55
2024-01-03 20:45:57,505.65,203.5
2024-01-03 20:48:23,451.77,189.8
2024-01-03 20:50:48,477.27,185.63
2024-01-03 20:53:14,481.33,178.63
2024-01-03 20:55:39,473.9,177.98
2024-01-03 20:58:05,510.67,215.02
2024-01-03 21:00:30,507.15,211.13
2024-01-03 21:02:56,502.67,207.7
2024-01-03 21:05:21,504.33,212.55
2024-01-03 21:07:47,542.55,235.05
2024-01-03 21:10:12,543.55,239.1
2024-01-03 21:12:38,569.9,265.73
2024-01-03 21:15:04,558.53,247.82
2024-01-03 21:17:30,590.2,257.77
2024-01-03 21:19:55,550.6,249.6
2024-01-03 21:22:20,554.8,250.38
2024-01-03 21:24:46,557.58,245.02
2024-01-03 21:27:11,573.9,248.0
2024-01-03 21:29:37,563.75,248.07
2024-01-03 21:32:02,556.92,244.65
2024-01-03 21:34:28,542.08,235.15
2024-01-03 21:36:54,558.03,240.1
2024-01-03 21:39:19,518.7,230.0
2024-01-03 21:41:45,515.08,223.88
2024-01-03 21:44:10,551.53,242.4
2024-01-03 21:46:36,522.8,222.77
2024-01-03 21:49:02,508.92,223.6
2024-01-03 21:51:27,517.88,227.27
2024-01-03 21:53:53,535.4,221.38
2024-01-03 21:56:18,511.92,223.8
2024-01-03 21:58:45,516.13,225.6
2024-01-03 22:01:11,547.58,239.3
2024-01-03 22:03:36,539.28,241.48
2024-01-03 22:06:02,544.45,245.4
2024-01-03 22:08:27,536.5,238.32
2024-01-03 22:10:53,585.45,262.92
2024-01-03 22:13:20,581.38,258.55
2024-01-03 22:15:45,536.35,244.43
2024-01-03 22:18:18,546.17,252.3
2024-01-03 22:20:44,560.35,262.25
2024-01-03 22:23:09,561.33,245.48
2024-01-03 22:25:35,545.85,238.35
2024-01-03 22:28:00,553.7,243.73
2024-01-03 22:30:26,532.92,233.0
2024-01-03 22:32:52,518.58,227.77
2024-01-03 22:35:17,506.0,207.65
2024-01-03 22:37:43,486.7,199.5
2024-01-03 22:40:08,532.35,228.48
2024-01-03 22:42:34,466.2,198.43
2024-01-03 22:45:01,474.65,195.32
2024-01-03 22:47:29,512.05,220.23
2024-01-03 22:49:55,512.25,221.23
2024-01-03 22:52:20,511.92,224.68
2024-01-03 22:54:46,536.05,236.57
2024-01-03 22:57:11,506.8,214.18
2024-01-03 22:59:37,509.98,207.4
2024-01-03 23:02:02,514.78,219.88
2024-01-03 23:04:28,518.97,216.32
2024-01-03 23:06:54,518.6,225.7
2024-01-03 23:09:19,532.5,223.88
2024-01-03 23:11:45,504.52,211.82
2024-01-03 23:14:13,548.55,237.5
2024-01-03 23:16:39,517.65,226.25
2024-01-03 23:19:04,520.65,222.68
2024-01-03 23:21:30,536.63,233.27
2024-01-03 23:23:56,549.78,234.77
2024-01-03 23:26:21,527.55,225.55
2024-01-03 23:28:47,507.63,228.77
2024-01-03 23:31:12,505.83,218.4
2024-01-03 23:33:38,511.48,209.02
2024-01-03 23:36:04,521.47,212.27
2024-01-03 23:38:31,491.67,207.15
2024-01-03 23:40:57,516.1,220.63
2024-01-03 23:43:22,532.92,236.95
2024-01-03 23:45:48,534.1,235.15
2024-01-03 23:48:13,559.92,244.75
2024-01-03 23:50:39,582.42,270.1
2024-01-03 23:53:04,565.85,248.95
2024-01-03 23:55:30,528.6,234.88
2024-01-03 23:58:01,527.22,232.15
2024-01-04 00:00:27,544.85,234.93
2024-01-04 00:02:53,508.27,229.48
2024-01-04 00:05:18,528.25,227.15
2024-01-04 00:07:44,497.6,197.93
2024-01-04 00:10:10,498.45,192.45
2024-01-04 00:12:37,506.08,198.1
2024-01-04 00:15:03,510.13,200.8
2024-01-04 00:17:29,481.9,195.23
2024-01-04 00:19:55,487.63,196.55
2024-01-04 00:22:21,470.52,180.77
2024-01-04 00:24:47,487.98,185.65
2024-01-04 00:27:12,456.88,177.93
2024-01-04 00:29:38,459.13,175.6
2024-01-04 00:32:03,472.52,176.43
2024-01-04 00:34:29,445.8,173.43
2024-01-04 00:36:54,472.85,171.75
2024-01-04 00:39:22,493.02,196.73
2024-01-04 00:41:49,485.13,191.6
2024-01-04 00:44:18,481.35,192.27
2024-01-04 00:46:44,482.2,187.25
2024-01-04 00:49:09,473.15,196.02
2024-01-04 00:51:35,480.42,182.65
2024-01-04 00:54:01,460.42,181.48
2024-01-04 00:56:30,473.45,182.27
2024-01-04 00:58:56,463.05,169.3
2024-01-04 01:01:22,412.85,153.85
2024-01-04 01:03:47,475.52,177.7
2024-01-04 01:06:13,451.6,177.48
2024-01-04 01:08:38,448.17,161.43
2024-01-04 01:11:04,446.83,164.02
2024-01-04 01:13:29,434.52,155.48
2024-01-04 01:15:55,442.95,165.6
2024-01-04 01:18:20,423.0,157.32
2024-01-04 01:20:46,430.35,152.15
2024-01-04 01:23:11,418.6,144.43
2024-01-04 01:25:36,417.55,154.6
2024-01-04 01:28:03,438.35,155.73
2024-01-04 01:30:28,401.7,151.85
2024-01-04 01:32:54,422.15,150.52
2024-01-04 01:35:20,417.4,155.5
2024-01-04 01:37:45,434.08,159.8
2024-01-04 01:40:11,424.35,156.93
2024-01-04 01:42:36,434.7,159.1
2024-01-04 01:45:02,416.0,155.15
2024-01-04 01:47:28,446.85,155.55
2024-01-04 01:49:53,422.85,150.38
2024-01-04 01:52:19,452.02,149.95
2024-01-04 01:54:45,428.05,154.05
2024-01-04 01:57:13,455.88,160.73
2024-01-04 01:59:39,417.63,156.55
2024-01-04 02:02:04,434.1,156.25
2024-01-04 02:04:30,415.9,141.05
2024-01-04 02:06:55,401.55,148.5
2024-01-04 02:09:21,416.77,144.55
2024-01-04 02:11:47,415.33,146.82
2024-01-04 02:14:12,397.27,139.48
2024-01-04 02:16:38,385.58,138.02
2024-01-04 02:19:04,398.45,148.07
2024-01-04 02:21:35,429.23,151.77
2024-01-04 02:24:02,407.17,144.82
2024-01-04 02:26:28,407.63,146.27
2024-01-04 02:28:53,409.05,152.45
2024-01-04 02:31:18,416.05,145.75
2024-01-04 02:33:44,330.35,119.1
2024-01-04 02:36:09,373.7,133.2
2024-01-04 02:38:35,364.38,127.47
2024-01-04 02:41:00,339.02,123.6
2024-01-04 02:43:26,325.85,117.93
2024-01-04 02:45:51,314.65,117.1
2024-01-04 02:48:17,318.13,116.8
2024-01-04 02:50:42,319.2,110.43
2024-01-04 02:53:07,283.35,101.4
2024-01-04 02:55:33,237.02,91.53
2024-01-04 02:57:58,302.02,112.5
2024-01-04 03:00:24,263.5,105.18
2024-01-04 03:02:51,248.05,98.75
2024-01-04 03:05:17,278.42,101.1
2024-01-04 03:07:43,278.25,102.8
2024-01-04 03:10:09,285.05,96.85
2024-01-04 03:12:36,234.35,90.43
2024-01-04 03:15:03,275.1,103.57
2024-01-04 03:17:30,304.35,105.22
2024-01-04 03:19:55,263.75,102.95
2024-01-04 03:22:21,284.63,106.5
2024-01-04 03:24:46,284.98,108.0
2024-01-04 03:27:12,278.4,106.43
2024-01-04 03:29:37,298.3,100.47
2024-01-04 03:32:03,275.75,102.93
2024-01-04 03:34:30,293.5,102.85
2024-01-04 03:36:55,307.08,101.3
2024-01-04 03:39:21,294.35,103.32
2024-01-04 03:41:47,324.52,107.07
2024-01-04 03:44:12,269.15,100.07
2024-01-04 03:46:38,296.55,106.22
2024-01-04 03:49:03,289.65,105.07
2024-01-04 03:51:28,274.25,103.38
2024-01-04 03:53:54,290.1,101.72
2024-01-04 03:56:19,285.05,103.82
2024-01-04 03:58:45,289.63,103.82
2024-01-04 04:01:10,290.42,101.75
2024-01-04 04:03:36,283.23,101.53
2024-01-04 04:06:05,281.75,98.57
2024-01-04 04:08:31,307.2,111.8
2024-01-04 04:10:56,323.27,107.35
2024-01-04 04:13:22,284.8,102.6
2024-01-04 04:15:47,273.3,96.88
2024-01-04 04:18:13,289.52,100.43
2024-01-04 04:20:38,301.9,100.82
2024-01-04 04:23:04,304.42,104.53
2024-01-04 04:25:30,264.77,94.4
2024-01-04 04:27:55,265.5,92.35
2024-01-04 04:30:21,253.82,93.13
2024-01-04 04:32:47,276.9,95.7
2024-01-04 04:35:13,248.93,90.1
2024-01-04 04:37:38,259.33,89.7
2024-01-04 04:40:04,270.33,93.43
2024-01-04 04:42:30,274.67,96.7
2024-01-04 04:44:55,277.88,96.07
2024-01-04 04:47:21,286.98,97.65
2024-01-04 04:49:46,278.55,96.68
2024-01-04 04:52:12,268.6,97.22
2024-01-04 04:54:38,281.35,100.8
2024-01-04 04:57:03,288.17,102.38
2024-01-04 04:59:29,296.27,97.25
2024-01-04 05:01:55,267.73,97.7
2024-01-04 05:04:21,279.2,96.85
2024-01-04 05:06:46,298.4,100.63
2024-01-04 05:09:12,279.85,96.95
2024-01-04 05:11:38,236.35,79.82
2024-01-04 05:14:03,248.68,98.85
2024-01-04 05:16:29,277.42,99.18
2024-01-04 05:18:55,289.52,100.2
2024-01-04 05:21:20,240.8,97.53
2024-01-04 05:23:45,265.35,100.6
2024-01-04 05:26:20,239.32,90.68
2024-01-04 05:28:46,271.67,92.03
2024-01-04 05:31:12,250.0,89.3
2024-01-04 05:33:40,245.93,88.32
2024-01-04 05:36:06,249.75,92.22
2024-01-04 05:38:32,257.65,100.6
2024-01-04 05:40:57,276.17,102.2
2024-01-04 05:43:22,287.58,104.75
2024-01-04 05:45:48,286.63,103.5
2024-01-04 05:48:13,289.88,100.57
2024-01-04 05:50:39,312.35,112.95
2024-01-04 05:53:05,337.5,115.8
2024-01-04 05:55:31,323.0,109.75
2024-01-04 05:57:57,320.75,110.4
2024-01-04 06:00:22,331.55,112.82
2024-01-04 06:02:48,329.15,113.9
2024-01-04 06:05:13,335.63,113.55
2024-01-04 06:07:39,241.68,92.03
2024-01-04 06:10:04,250.3,90.2
2024-01-04 06:12:30,266.5,83.63
2024-01-04 06:14:56,291.23,104.53
2024-01-04 06:17:21,256.05,95.82
2024-01-04 06:19:47,260.83,94.53
2024-01-04 06:22:12,265.38,98.22
2024-01-04 06:24:39,270.38,96.25
2024-01-04 06:27:04,322.85,103.7
2024-01-04 06:29:29,259.63,94.13
2024-01-04 06:31:56,264.27,98.47
2024-01-04 06:34:22,289.83,99.18
2024-01-04 06:36:48,290.5,101.43
2024-01-04 06:39:13,294.7,105.75
2024-01-04 06:41:40,295.92,104.25
2024-01-04 06:44:08,303.67,107.68
2024-01-04 06:46:34,272.7,104.55
2024-01-04 06:49:00,266.5,96.5
2024-01-04 06:51:25,295.58,104.38
2024-01-04 06:53:50,274.25,103.78
2024-01-04 06:56:16,305.42,104.47
2024-01-04 06:58:44,323.13,109.78
2024-01-04 07:01:10,296.63,107.07
2024-01-04 07:03:36,290.88,100.78
2024-01-04 07:06:01,270.55,100.85
2024-01-04 07:08:27,286.0,102.7
2024-01-04 07:10:53,295.45,99.88
2024-01-04 07:13:18,279.75,100.28
2024-01-04 07:15:44,284.08,96.5
2024-01-04 07:18:09,261.88,93.57
2024-01-04 07:20:37,245.52,87.6
2024-01-04 07:23:02,251.38,93.5
2024-01-04 07:25:28,246.77,87.75
2024-01-04 07:27:55,239.85,90.07
2024-01-04 07:30:21,286.4,100.55
2024-01-04 07:32:47,279.25,97.4
2024-01-04 07:35:12,297.0,99.4
2024-01-04 07:37:39,239.55,93.7
2024-01-04 07:40:04,283.58,97.55
2024-01-04 07:42:30,272.73,102.0
2024-01-04 07:44:55,288.4,99.3
2024-01-04 07:47:21,264.08,97.82
2024-01-04 07:49:46,263.65,100.03
2024-01-04 07:52:12,277.52,97.43
2024-01-04 07:54:37,241.48,90.6
2024-01-04 07:57:03,295.8,100.93
2024-01-04 07:59:29,265.4,95.1
2024-01-04 08:01:55,269.15,94.68
2024-01-04 08:04:20,300.33,104.32
2024-01-04 08:06:47,281.58,92.28
2024-01-04 08:09:15,290.5,102.6
2024-01-04 08:11:42,272.2,97.95
2024-01-04 08:14:07,291.0,102.47
2024-01-04 08:16:33,290.45,101.07
2024-01-04 08:18:58,285.65,96.1
2024-01-04 08:21:24,278.95,94.5
2024-01-04 08:23:49,261.73,94.13
2024-01-04 08:26:18,254.55,87.7
2024-01-04 08:28:43,288.65,94.88
2024-01-04 08:31:09,301.05,97.95
2024-01-04 08:33:36,252.77,94.28
2024-01-04 08:36:01,291.05,96.9
2024-01-04 08:38:27,285.63,96.03
2024-01-04 08:40:54,301.9,97.65
2024-01-04 08:43:20,326.13,108.05
2024-01-04 08:45:45,341.35,115.03
2024-01-04 08:48:11,309.67,101.78
2024-01-04 08:50:36,320.33,109.3
2024-01-04 08:53:02,322.05,102.7
2024-01-04 08:55:27,342.23,114.18
2024-01-04 08:57:53,337.65,112.8
2024-01-04 09:00:19,329.5,111.97
2024-01-04 09:02:44,375.13,111.03
2024-01-04 09:05:11,352.4,110.0
2024-01-04 09:07:37,331.45,102.32
2024-01-04 09:10:03,321.92,97.72
2024-01-04 09:12:29,316.23,105.53
2024-01-04 09:14:55,319.52,105.15
2024-01-04 09:17:21,316.95,103.3
2024-01-04 09:19:49,271.63,92.45
2024-01-04 09:22:15,281.95,96.45
2024-01-04 09:24:40,335.2,100.9
2024-01-04 09:27:06,356.0,111.2
2024-01-04 09:29:31,334.5,102.78
2024-01-04 09:31:57,358.08,104.8
2024-01-04 09:34:22,328.0,105.82
2024-01-04 09:36:49,320.33,98.28
2024-01-04 09:39:15,383.2,105.82
2024-01-04 09:41:43,344.5,105.88
2024-01-04 09:44:12,386.0,110.78
2024-01-04 09:46:39,366.65,106.03
2024-01-04 09:49:06,377.6,105.78
2024-01-04 09:51:39,355.3,108.15
2024-01-04 09:54:06,403.15,110.5
2024-01-04 09:56:34,374.05,107.68
2024-01-04 09:59:02,340.5,103.65
2024-01-04 10:01:31,433.15,127.72
2024-01-04 10:04:19,378.83,114.75
2024-01-04 10:06:45,364.9,115.57
2024-01-04 10:09:13,426.33,118.03
2024-01-04 10:11:52,440.77,120.93
2024-01-04 10:14:23,432.25,115.1
2024-01-04 10:16:50,422.1,113.9
2024-01-04 10:19:16,404.8,114.43
2024-01-04 10:21:41,437.15,115.0
2024-01-04 10:24:07,390.48,107.6
2024-01-04 10:26:34,402.63,115.03
2024-01-04 10:29:00,397.6,113.68
2024-01-04 10:31:26,353.35,106.68
2024-01-04 10:33:58,333.52,105.53
2024-01-04 10:36:25,358.38,102.82
2024-01-04 10:38:57,319.08,102.15
2024-01-04 10:41:24,341.35,109.28
2024-01-04 10:44:01,335.13,107.45
2024-01-04 10:46:28,326.3,103.18
2024-01-04 10:48:54,347.55,107.53
2024-01-04 10:51:19,339.52,108.1
2024-01-04 10:53:45,334.55,107.45
2024-01-04 10:56:11,299.95,106.1
2024-01-04 10:58:37,317.23,104.15
2024-01-04 11:01:03,315.8,106.32
2024-01-04 11:03:29,323.75,107.47
2024-01-04 11:05:59,335.48,106.35
2024-01-04 11:08:26,350.6,112.63
2024-01-04 11:10:52,369.02,120.72
2024-01-04 11:13:19,319.08,112.0
2024-01-04 11:15:44,342.8,114.4
2024-01-04 11:18:17,339.95,115.5
2024-01-04 11:20:58,331.0,117.72
2024-01-04 11:23:55,349.7,114.35
2024-01-04 11:26:28,331.17,119.7
2024-01-04 11:29:00,329.3,117.65
2024-01-04 11:31:31,334.13,116.57
2024-01-04 11:33:57,315.6,108.9
2024-01-04 11:36:28,279.38,103.82
2024-01-04 11:38:53,318.83,107.75
2024-01-04 11:41:35,358.05,120.2
2024-01-04 11:44:01,352.65,122.65
2024-01-04 11:46:27,333.02,113.88
2024-01-04 11:51:49,308.2,106.38
2024-01-04 11:54:15,307.42,105.85
2024-01-04 11:56:45,278.65,101.95
2024-01-04 11:59:13,300.3,104.6
2024-01-04 12:01:43,289.85,101.6
2024-01-04 12:04:16,284.67,102.57
2024-01-04 12:06:42,293.23,100.07
2024-01-04 12:09:09,259.58,92.28
2024-01-04 12:11:36,269.4,96.93
2024-01-04 12:14:02,248.95,92.5
2024-01-04 12:16:29,251.55,89.47
2024-01-04 12:18:55,260.5,95.2
2024-01-04 12:21:21,232.3,88.07
2024-01-04 12:23:46,267.23,97.1
2024-01-04 12:26:13,262.4,97.85
2024-01-04 12:28:39,292.8,101.4
2024-01-04 12:31:07,288.15,105.3
2024-01-04 12:33:33,304.67,106.78
2024-01-04 12:35:59,290.83,102.28
2024-01-04 12:38:25,293.8,106.75
2024-01-04 12:40:51,292.83,105.8
2024-01-04 12:43:19,310.15,103.8
2024-01-04 12:45:46,301.48,102.0
2024-01-04 12:48:11,299.1,101.38
2024-01-04 12:50:37,272.15,103.4
2024-01-04 12:53:03,301.83,102.45
2024-01-04 12:55:32,265.2,101.1
2024-01-04 12:57:58,273.92,100.13
2024-01-04 13:00:24,274.45,104.55
2024-01-04 13:02:50,261.83,101.72
2024-01-04 13:05:17,293.92,105.75
2024-01-04 13:07:42,255.13,95.82
2024-01-04 13:10:08,252.75,91.7
2024-01-04 13:12:34,244.43,91.88
2024-01-04 13:15:00,248.4,89.72
2024-01-04 13:17:26,242.48,89.7
2024-01-04 13:19:54,247.38,95.07
2024-01-04 13:22:20,244.45,84.1
2024-01-04 13:24:45,276.08,96.32
2024-01-04 13:27:11,271.4,102.78
2024-01-04 13:29:37,304.1,110.72
2024-01-04 13:32:03,300.13,111.43
2024-01-04 13:34:29,318.45,114.25
2024-01-04 13:36:54,324.95,114.28
2024-01-04 13:39:22,311.2,116.68
2024-01-04 13:41:47,307.9,112.03
2024-01-04 13:44:13,334.42,121.35
2024-01-04 13:46:39,352.15,125.47
2024-01-04 13:49:05,389.88,132.52
2024-01-04 13:51:30,380.3,128.7
2024-01-04 13:53:56,372.08,134.52
2024-01-04 13:56:21,372.75,130.63
2024-01-04 13:58:47,396.0,138.45
2024-01-04 14:01:13,327.15,124.22
2024-01-04 14:03:39,291.05,111.3
2024-01-04 14:06:04,309.0,106.15
2024-01-04 14:08:30,287.42,108.4
2024-01-04 14:10:56,279.6,103.95
2024-01-04 14:13:23,292.98,114.7
2024-01-04 14:15:49,299.52,113.28
2024-01-04 14:18:14,314.02,114.1
2024-01-04 14:20:40,290.48,111.6
2024-01-04 14:23:07,336.38,120.1
2024-01-04 14:25:33,316.55,116.6
2024-01-04 14:27:59,384.45,135.07
2024-01-04 14:30:25,385.88,152.25
2024-01-04 14:32:51,441.23,165.38
2024-01-04 14:35:17,444.75,164.32
2024-01-04 14:37:42,426.77,154.38
2024-01-04 14:40:08,405.33,143.85
2024-01-04 14:42:41,402.1,142.77
2024-01-04 14:45:10,421.58,155.43
2024-01-04 14:47:41,380.5,142.48
2024-01-04 14:50:10,386.77,135.88
2024-01-04 14:52:40,389.17,140.65
2024-01-04 14:55:06,344.05,133.82
2024-01-04 14:57:34,409.48,151.2
2024-01-04 14:59:59,470.95,167.0
2024-01-04 15:02:25,439.17,174.2
2024-01-04 15:04:50,435.92,163.45
2024-01-04 15:07:15,412.92,148.3
2024-01-04 15:09:42,406.5,144.2
2024-01-04 15:12:08,404.88,139.32
2024-01-04 15:14:33,379.25,132.98
2024-01-04 15:16:59,406.77,133.07
2024-01-04 15:19:24,382.25,138.43
2024-01-04 15:21:50,442.9,160.5
2024-01-04 15:24:16,394.65,152.8
2024-01-04 15:26:42,356.83,133.82
2024-01-04 15:29:07,362.08,132.2
2024-01-04 15:31:34,146.7,60.1
2024-01-04 15:33:59,146.6,56.3
2024-01-04 15:36:25,127.35,50.45
2024-01-04 15:38:50,68.45,27.52
2024-01-04 15:41:16,37.7,14.7
2024-01-04 15:43:41,25.73,12.88
2024-01-04 15:46:07,26.5,10.85
2024-01-04 15:48:34,28.55,11.55
2024-01-04 15:51:00,45.05,19.13
2024-01-04 15:53:26,25.58,16.42
2024-01-04 15:55:52,26.83,14.0
2024-01-04 15:58:17,25.77,9.77
2024-01-04 16:00:43,17.75,7.9
2024-01-04 16:03:08,10.15,5.1
2024-01-04 16:05:34,8.68,4.68
2024-01-04 16:07:59,7.8,3.9
2024-01-04 16:10:25,11.1,4.88
2024-01-04 16:12:50,19.23,7.78
2024-01-04 16:15:16,18.7,8.63
2024-01-04 16:17:41,21.63,8.5
2024-01-04 16:20:07,13.93,7.15
2024-01-04 16:22:33,14.8,6.45
2024-01-04 16:24:58,16.13,7.25
2024-01-04 16:27:25,14.9,7.6
2024-01-04 16:29:50,35.8,13.85
2024-01-04 16:32:16,38.55,15.23
2024-01-04 16:34:41,18.88,8.52
2024-01-04 16:37:07,16.8,8.07
2024-01-04 16:39:32,34.03,13.55
2024-01-04 16:41:58,41.38,16.4
2024-01-04 16:44:23,48.45,18.85
2024-01-04 16:46:49,47.6,16.4
2024-01-04 16:49:15,49.42,19.77
2024-01-04 16:51:41,57.6,21.2
2024-01-04 16:54:07,56.83,22.98
2024-01-04 16:56:33,57.9,22.63
2024-01-04 16:58:59,65.7,28.08
2024-01-04 17:01:24,85.3,41.78
2024-01-04 17:03:51,66.78,30.73
2024-01-04 17:06:16,81.15,38.3
2024-01-04 17:08:43,72.25,30.15
2024-01-04 17:11:10,63.2,26.55
2024-01-04 17:13:35,76.47,32.45
2024-01-04 17:16:01,84.03,40.55
2024-01-04 17:18:27,76.22,36.38
2024-01-04 17:20:52,78.18,34.72
2024-01-04 17:23:18,73.2,35.6
2024-01-04 17:25:43,124.53,46.58
2024-01-04 17:28:09,176.38,63.78
2024-01-04 17:30:34,112.05,43.42
2024-01-04 17:33:00,58.78,23.63
2024-01-04 17:35:25,55.42,22.25
2024-01-04 17:37:51,69.38,26.25
2024-01-04 17:40:16,64.85,26.33
2024-01-04 17:42:42,62.03,27.77
2024-01-04 17:45:08,62.03,32.3
2024-01-04 17:47:34,89.15,31.23
2024-01-04 17:50:01,123.47,30.55
2024-01-04 17:52:26,104.68,31.63
2024-01-04 17:54:52,77.1,32.03
2024-01-04 17:57:17,108.25,43.95
2024-01-04 17:59:43,123.4,50.38
2024-01-04 18:02:09,158.2,61.8
2024-01-04 18:04:35,216.85,84.0
2024-01-04 18:07:01,225.23,83.55
2024-01-04 18:09:27,199.05,78.15
2024-01-04 18:11:52,214.07,80.78
2024-01-04 18:14:18,205.25,87.15
2024-01-04 18:16:44,198.52,78.28
2024-01-04 18:19:09,204.73,80.2
2024-01-04 18:21:35,193.55,78.88
2024-01-04 18:24:02,231.8,96.55
2024-01-04 18:26:28,199.8,85.55
2024-01-04 18:28:56,178.68,75.57
2024-01-04 18:31:22,208.35,84.25
2024-01-04 18:33:48,185.38,80.65
2024-01-04 18:36:14,261.9,95.93
2024-01-04 18:38:41,344.27,123.05
2024-01-04 18:41:09,254.95,100.15
2024-01-04 18:43:36,232.2,97.63
2024-01-04 18:46:02,168.55,72.47
2024-01-04 18:48:28,96.15,45.08
2024-01-04 18:50:53,138.07,53.92
2024-01-04 18:53:18,178.35,68.57
2024-01-04 18:55:44,159.5,70.7
2024-01-04 18:58:09,120.15,48.6
2024-01-04 19:00:35,95.97,38.1
2024-01-04 19:03:00,100.7,41.38
2024-01-04 19:05:26,166.13,62.28
2024-01-04 19:07:51,172.38,64.88
2024-01-04 19:10:17,93.88,38.47
2024-01-04 19:12:42,88.85,39.9
2024-01-04 19:15:08,82.9,34.5
2024-01-04 19:17:34,172.23,69.82
2024-01-04 19:20:01,155.55,72.15
2024-01-04 19:22:29,163.1,69.6
2024-01-04 19:24:54,214.75,84.85
2024-01-04 19:27:20,266.95,115.35
2024-01-04 19:29:46,190.52,83.57
2024-01-04 19:32:11,224.63,92.07
2024-01-04 19:34:37,167.98,69.8
2024-01-04 19:37:02,150.75,59.85
2024-01-04 19:39:28,203.3,75.85
2024-01-04 19:41:53,220.77,83.4
2024-01-04 19:44:20,230.93,84.97
2024-01-04 19:46:46,109.7,45.33
2024-01-04 19:49:11,238.15,95.25
2024-01-04 19:51:37,307.17,111.68
2024-01-04 19:54:02,296.85,99.25
2024-01-04 19:56:29,242.77,92.72
2024-01-04 19:58:55,240.02,96.2
2024-01-04 20:01:23,337.42,124.88
2024-01-04 20:03:49,210.9,96.22
2024-01-04 20:06:15,233.43,92.68
2024-01-04 20:08:41,178.45,76.82
2024-01-04 20:11:07,199.07,85.38
2024-01-04 20:13:34,198.0,78.72
2024-01-04 20:15:59,220.57,89.35
2024-01-04 20:18:25,224.85,91.5
2024-01-04 20:20:50,283.58,110.6
2024-01-04 20:23:17,271.45,100.75
2024-01-04 20:25:43,181.35,80.82
2024-01-04 20:28:08,145.65,58.65
2024-01-04 20:30:34,83.72,34.8
2024-01-04 20:32:59,67.4,26.73
2024-01-04 20:35:25,126.13,49.8
2024-01-04 20:37:50,90.45,40.0
2024-01-04 20:40:16,166.88,69.5
2024-01-04 20:42:41,94.7,41.88
2024-01-04 20:45:07,165.23,69.55
2024-01-04 20:47:33,176.02,77.9
2024-01-04 20:49:58,168.32,68.18
2024-01-04 20:52:24,143.63,67.57
2024-01-04 20:54:50,125.88,58.22
2024-01-04 20:57:15,155.7,65.65
2024-01-04 20:59:41,266.75,104.53
2024-01-04 21:02:06,295.8,130.93
2024-01-04 21:04:33,393.63,175.75
2024-01-04 21:06:59,404.77,170.65
2024-01-04 21:09:25,408.52,172.65
2024-01-04 21:11:50,445.48,193.18
2024-01-04 21:14:19,438.75,187.82
2024-01-04 21:16:45,410.0,170.95
2024-01-12 13:10:21,25.65,11.73
2024-01-12 13:12:48,29.98,12.93
2024-01-12 13:15:13,28.6,14.35
2024-01-12 13:17:39,30.65,14.5
2024-01-12 13:20:05,26.48,12.43
2024-01-12 13:22:31,30.73,16.6
2024-01-12 13:24:57,38.6,16.15
2024-01-12 13:27:24,26.65,14.52
2024-01-12 13:29:50,29.48,14.3
2024-01-12 13:32:16,28.8,15.02
2024-01-12 13:34:41,26.52,14.32
2024-01-12 13:37:07,36.28,15.3
2024-01-12 13:39:32,29.13,13.38
2024-01-12 13:41:58,27.6,13.43
2024-01-12 13:44:26,22.9,12.4
2024-01-12 13:46:53,31.77,15.63
2024-01-12 13:49:19,26.88,13.7
2024-01-12 13:51:44,28.17,13.5
2024-01-12 13:54:10,30.25,15.32
2024-01-12 13:56:39,33.03,15.77
2024-01-12 13:59:05,37.2,16.02
2024-01-12 14:01:30,33.15,17.4
2024-01-12 14:03:58,30.5,15.38
2024-01-12 14:06:25,34.22,18.38
2024-01-12 14:08:51,33.72,16.2
2024-01-12 14:11:16,32.55,16.05
2024-01-12 14:13:42,38.63,16.98
2024-01-12 14:16:08,38.47,15.95
2024-01-12 14:18:33,50.15,18.85
2024-01-12 14:20:59,37.83,17.42
2024-01-12 14:23:24,40.8,17.65
2024-01-12 14:25:50,48.6,22.33
2024-01-12 14:28:15,36.25,19.45
2024-01-12 14:30:41,41.83,22.05
2024-01-12 14:33:07,48.03,21.75
2024-01-12 14:35:33,42.45,18.55
2024-01-12 14:37:59,57.95,18.7
2024-01-12 14:40:24,44.53,17.8
2024-01-12 14:42:50,32.55,16.88
2024-01-12 14:45:15,32.15,15.77
2024-01-12 14:47:41,33.5,16.45
2024-01-12 14:50:11,35.13,19.3
2024-01-12 14:52:37,43.22,20.17
2024-01-12 14:55:03,41.88,20.9
2024-01-12 14:57:30,53.5,20.27
2024-01-12 14:59:56,49.55,20.7
2024-01-12 15:02:22,50.53,20.27
2024-01-12 15:04:48,66.88,22.55
2024-01-12 15:07:13,55.95,19.02
2024-01-12 15:09:39,45.85,20.45
2024-01-12 15:12:05,92.8,23.77
2024-01-12 15:14:31,44.28,19.52
2024-01-12 15:16:56,35.0,17.92
2024-01-12 15:19:22,38.65,16.88
2024-01-12 15:21:48,54.2,23.67
2024-01-12 15:24:14,46.0,19.77
2024-01-12 15:26:39,56.08,23.05
2024-01-12 15:29:05,60.53,23.17
2024-01-12 15:31:31,47.13,19.83
2024-01-12 15:33:56,49.97,24.05
2024-01-12 15:36:21,57.0,22.0
2024-01-12 15:38:47,50.65,21.48
2024-01-12 15:41:13,53.92,21.15
2024-01-12 15:43:38,51.17,23.05
2024-01-12 15:46:04,52.6,22.9
2024-01-12 15:48:30,51.7,23.58
2024-01-12 15:50:56,35.42,17.3
2024-01-12 15:53:21,45.15,22.55
2024-01-12 15:55:47,60.45,25.15
2024-01-12 15:58:13,47.42,20.67
2024-01-12 16:00:39,52.42,20.45
2024-01-12 16:03:05,56.28,23.9
2024-01-12 16:05:31,38.8,18.9
2024-01-12 16:07:57,48.03,22.88
2024-01-12 16:10:29,33.92,15.35
2024-01-12 16:12:55,51.2,23.35
2024-01-12 16:15:25,49.67,23.35
2024-01-12 16:17:50,47.17,20.6
2024-01-12 16:20:16,45.47,22.95
2024-01-12 16:22:41,50.22,23.73
2024-01-12 16:25:07,58.88,23.35
2024-01-12 16:27:33,45.78,21.15
2024-01-12 16:29:59,44.85,23.0
2024-01-12 16:32:24,48.92,21.52
2024-01-12 16:34:50,59.25,24.3
2024-01-12 16:37:15,55.13,23.25
2024-01-12 16:39:41,48.08,19.85
2024-01-12 16:42:07,44.63,19.75
2024-01-12 16:44:33,30.08,14.5
2024-01-12 16:47:01,38.42,17.88
2024-01-12 16:49:26,40.22,18.92
2024-01-12 16:51:52,51.38,18.65
2024-01-12 16:54:17,36.13,20.48
2024-01-12 16:56:43,43.15,19.65
2024-01-12 16:59:10,51.33,19.6
2024-01-12 17:01:36,37.78,18.02
2024-01-12 17:04:05,43.33,19.2
2024-01-12 17:06:40,35.13,14.77
2024-01-12 17:09:09,37.78,16.38
2024-01-12 17:11:35,35.72,16.45
2024-01-12 17:14:03,51.13,21.25
2024-01-12 17:16:35,57.33,26.67
2024-01-12 17:19:01,47.08,23.95
2024-01-12 17:21:27,51.63,22.77
2024-01-12 17:23:53,72.95,25.13
2024-01-12 17:26:19,48.15,22.25
2024-01-12 17:28:45,36.2,19.05
2024-01-12 17:31:10,41.5,18.92
2024-01-12 17:33:36,40.7,22.73
2024-01-12 17:36:03,36.3,17.77
2024-01-12 17:38:28,38.13,19.15
2024-01-12 17:40:54,39.5,17.7
2024-01-12 17:43:19,35.45,17.92
2024-01-12 17:45:45,43.8,18.35
2024-01-12 17:48:10,36.67,16.27
2024-01-12 17:50:36,32.38,14.48
2024-01-12 17:53:01,31.65,12.93
2024-01-12 17:55:28,25.13,13.1
2024-01-12 17:57:53,21.95,11.43
2024-01-12 18:00:19,27.63,14.65
2024-01-12 18:02:45,15.7,10.27
2024-01-12 18:05:11,22.2,11.9
2024-01-12 18:07:37,24.88,13.48
2024-01-12 18:10:02,29.77,14.15
2024-01-12 18:12:28,40.03,12.65
2024-01-12 18:14:54,28.13,10.85
2024-01-12 18:17:19,19.52,10.13
2024-01-12 18:19:45,20.85,11.6
2024-01-12 18:22:12,26.7,12.63
2024-01-12 18:24:38,28.9,11.02
2024-01-12 18:27:03,28.58,12.45
2024-01-12 18:29:29,29.15,13.45
2024-01-12 18:31:55,23.42,12.48
2024-01-12 18:34:21,28.4,11.73
2024-01-12 18:36:47,33.9,14.0
2024-01-12 18:39:12,24.13,12.3
2024-01-12 18:41:37,25.83,13.55
2024-01-12 18:44:03,26.75,12.13
2024-01-12 18:46:29,27.58,11.82
2024-01-12 18:48:55,24.6,11.32
2024-01-12 18:51:21,28.88,13.25
2024-01-12 18:53:47,23.05,13.38
2024-01-12 18:56:12,39.08,14.8
2024-01-12 18:58:38,35.83,12.9
2024-01-12 19:01:04,35.5,15.82
2024-01-12 19:03:30,35.4,14.23
2024-01-12 19:05:55,29.1,16.0
2024-01-12 19:08:21,39.42,20.55
2024-01-12 19:10:46,53.8,25.15
2024-01-12 19:13:12,37.6,20.55
2024-01-12 19:15:37,50.33,21.2
2024-01-12 19:18:03,64.15,25.63
2024-01-12 19:20:29,49.65,21.35
2024-01-12 19:22:54,40.1,17.0
2024-01-12 19:25:20,50.1,20.52
2024-01-12 19:27:45,49.75,22.02
2024-01-12 19:30:11,50.13,24.23
2024-01-12 19:32:36,45.42,20.13
2024-01-12 19:35:03,43.67,18.13
2024-01-12 19:37:29,33.53,16.33
2024-01-12 19:39:55,32.88,15.38
2024-01-12 19:42:21,36.45,16.77
2024-01-12 19:44:46,43.4,16.23
2024-01-12 19:47:12,35.28,18.0
2024-01-12 19:49:38,44.92,18.25
2024-01-12 19:52:04,35.97,15.82
2024-01-12 19:54:30,42.67,16.0
2024-01-12 19:56:55,33.33,14.82
2024-01-12 19:59:21,37.1,16.25
2024-01-12 20:01:47,33.85,14.95
2024-01-12 20:04:13,31.52,14.1
2024-01-12 20:06:38,27.42,14.65
2024-01-12 20:09:04,39.0,16.35
2024-01-12 20:11:30,33.13,15.38
2024-01-12 20:13:55,32.75,15.73
2024-01-12 20:16:21,30.42,15.45
2024-01-12 20:18:47,35.1,17.35
2024-01-12 20:21:14,29.45,14.05
2024-01-12 20:23:40,30.0,16.55
2024-01-12 20:26:06,34.03,16.63
2024-01-12 20:28:31,37.3,13.85
2024-01-12 20:30:58,34.25,17.42
2024-01-12 20:33:23,38.2,17.52
2024-01-12 20:35:49,39.55,16.9
2024-01-12 20:38:14,41.7,18.92
2024-01-12 20:40:40,44.1,15.4
2024-01-12 20:43:06,26.8,11.88
2024-01-12 20:45:32,36.58,16.5
2024-01-12 20:47:57,28.15,13.48
2024-01-12 20:50:23,33.15,15.4
2024-01-12 20:52:49,45.85,18.2
2024-01-12 20:55:15,41.97,16.27
2024-01-12 20:57:41,31.73,15.75
2024-01-12 21:00:07,38.08,16.83
2024-01-12 21:02:32,41.45,17.35
2024-01-12 21:04:58,45.35,17.73
2024-01-12 21:07:24,41.2,16.15
2024-01-12 21:09:49,32.72,16.4
2024-01-12 21:12:15,34.58,16.7
2024-01-12 21:14:41,42.22,17.63
2024-01-12 21:17:07,36.08,17.23
2024-01-12 21:19:32,37.5,17.67
2024-01-12 21:21:58,37.83,17.58
2024-01-12 21:24:23,57.3,23.0
2024-01-12 21:26:49,49.55,21.23
2024-01-12 21:29:14,50.28,20.8
2024-01-12 21:31:40,54.08,23.38
2024-01-12 21:34:06,65.2,23.48
2024-01-12 21:36:31,52.92,20.95
2024-01-12 21:38:58,73.1,26.15
2024-01-12 21:41:27,44.63,20.95
2024-01-12 21:43:54,47.75,20.5
2024-01-12 21:46:20,40.92,17.13
2024-01-12 21:48:45,33.65,15.3
2024-01-12 21:51:13,39.15,16.42
2024-01-12 21:53:39,36.83,14.68
2024-01-12 21:56:04,38.28,17.05
2024-01-12 21:58:30,44.47,21.9
2024-01-12 22:00:55,53.8,23.2
2024-01-12 22:03:21,73.38,28.98
2024-01-12 22:05:46,65.97,27.73
2024-01-12 22:08:12,60.95,25.3
2024-01-12 22:10:37,68.57,28.15
2024-01-12 22:13:03,76.18,32.95
2024-01-12 22:15:29,59.97,24.98
2024-01-12 22:17:54,62.7,26.13
2024-01-12 22:20:19,62.47,26.55
2024-01-12 22:22:45,77.38,32.63
2024-01-12 22:25:11,66.5,29.42
2024-01-12 22:27:40,70.25,35.13
2024-01-12 22:30:07,59.33,30.95
2024-01-12 22:32:33,67.6,30.73
2024-01-12 22:34:59,64.78,31.83
2024-01-12 22:37:24,69.45,32.2
2024-01-12 22:39:50,72.55,33.3
2024-01-12 22:42:15,80.63,31.63
2024-01-12 22:44:41,63.3,28.1
2024-01-12 22:47:06,56.78,25.77
2024-01-12 22:49:32,68.15,27.7
2024-01-12 22:51:57,55.4,24.2
2024-01-12 22:54:23,71.65,25.65
2024-01-12 22:56:48,67.43,26.2
2024-01-12 22:59:14,70.07,28.8
2024-01-12 23:01:39,44.42,24.83
2024-01-12 23:04:05,50.05,20.55
2024-01-12 23:06:30,63.38,25.25
2024-01-12 23:08:57,66.55,27.08
2024-01-12 23:11:22,55.45,25.7
2024-01-12 23:13:48,67.9,28.27
2024-01-12 23:16:13,72.7,31.75
2024-01-12 23:18:39,64.8,31.65
2024-01-12 23:21:04,78.8,29.92
2024-01-12 23:23:30,61.35,28.5
2024-01-12 23:25:56,63.5,25.0
2024-01-12 23:28:21,60.88,30.17
2024-01-12 23:30:47,60.33,26.25
2024-01-12 23:33:12,61.3,24.83
2024-01-12 23:35:38,53.8,24.9
2024-01-12 23:38:03,56.72,22.38
2024-01-12 23:40:29,65.47,25.75
2024-01-12 23:42:55,53.97,24.13
2024-01-12 23:45:20,69.97,28.33
2024-01-12 23:47:46,72.32,29.42
2024-01-12 23:50:12,54.35,25.73
2024-01-12 23:52:37,60.9,27.42
2024-01-12 23:55:04,70.85,26.92
2024-01-12 23:57:29,63.42,26.23
2024-01-12 23:59:55,57.03,26.25
2024-01-13 00:02:20,64.38,25.83
2024-01-13 00:04:46,59.92,24.4
2024-01-13 00:07:11,56.45,25.83
2024-01-13 00:09:37,63.55,29.52
2024-01-13 00:12:02,61.45,26.17
2024-01-13 00:14:29,43.47,23.52
2024-01-13 00:16:55,67.35,30.3
2024-01-13 00:19:20,61.6,29.45
2024-01-13 00:21:46,62.8,30.45
2024-01-13 00:24:11,58.97,26.4
2024-01-13 00:26:37,64.65,27.85
2024-01-13 00:29:02,74.47,33.3
2024-01-13 00:31:28,81.93,33.42
2024-01-13 00:33:53,85.43,36.22
2024-01-13 00:36:19,84.9,37.25
2024-01-13 00:38:44,85.68,34.78
2024-01-13 00:41:10,68.78,32.6
2024-01-13 00:43:36,106.0,41.42
2024-01-13 00:46:02,92.15,39.0
2024-01-13 00:48:27,89.38,40.08
2024-01-13 00:50:53,87.85,36.72
2024-01-13 00:53:18,97.8,38.8
2024-01-13 00:55:44,83.68,39.97
2024-01-13 00:58:10,82.43,32.3
2024-01-13 01:00:35,95.75,38.38
2024-01-13 01:03:01,98.9,38.72
2024-01-13 01:05:26,86.78,39.72
2024-01-13 01:07:52,76.22,39.6
2024-01-13 01:10:18,79.5,36.53
2024-01-13 01:12:43,74.82,36.15
2024-01-13 01:15:09,80.25,35.67
2024-01-13 01:17:34,84.45,37.6
2024-01-13 01:20:00,98.18,41.6
2024-01-13 01:22:25,90.63,39.05
2024-01-13 01:24:51,91.93,39.15
2024-01-13 01:27:16,100.0,42.4
2024-01-13 01:29:42,100.03,42.17
2024-01-13 01:32:07,91.95,41.03
2024-01-13 01:34:33,86.88,36.55
2024-01-13 01:36:58,84.57,37.78
2024-01-13 01:39:24,83.75,35.5
2024-01-13 01:41:49,83.55,39.42
2024-01-13 01:44:15,105.2,39.55
2024-01-13 01:46:40,86.0,39.0
2024-01-13 01:49:07,91.07,38.95
2024-01-13 01:51:33,86.25,35.2
2024-01-13 01:53:59,95.85,37.7
2024-01-13 01:56:28,92.63,38.3
2024-01-13 01:58:54,96.13,38.55
2024-01-13 02:01:22,92.38,37.0
2024-01-13 02:03:48,89.6,36.78
2024-01-13 02:06:14,77.88,34.5
2024-01-13 02:08:40,90.97,36.55
2024-01-13 02:11:06,88.53,33.45
2024-01-13 02:13:32,78.97,35.5
2024-01-13 02:15:57,88.03,35.42
2024-01-13 02:18:23,80.1,37.75
2024-01-13 02:20:48,90.35,33.63
2024-01-13 02:23:14,90.55,35.7
2024-01-13 02:25:39,74.35,32.95
2024-01-13 02:28:05,87.43,34.15
2024-01-13 02:30:30,83.28,35.35
2024-01-13 02:32:56,91.82,36.45
2024-01-13 02:35:21,79.13,33.92
2024-01-13 02:37:47,99.2,39.5
2024-01-13 02:40:12,85.35,38.92
2024-01-13 02:42:38,82.32,35.92
2024-01-13 02:45:03,85.97,37.4
2024-01-13 02:47:33,89.0,39.08
2024-01-13 02:50:05,90.22,34.78
2024-01-13 02:52:31,99.2,38.28
2024-01-13 02:54:57,82.72,37.17
2024-01-13 02:57:23,93.4,41.6
2024-01-13 02:59:49,97.3,40.83
2024-01-13 03:02:14,83.68,36.2
2024-01-13 03:04:40,75.25,33.92
2024-01-13 03:07:05,81.05,36.95
2024-01-13 03:09:31,76.55,33.28
2024-01-13 03:11:56,94.82,39.35
2024-01-13 03:14:22,96.78,42.35
2024-01-13 03:16:47,85.53,37.75
2024-01-13 03:19:13,81.72,35.13
2024-01-13 03:21:39,86.35,36.53
2024-01-13 03:24:04,101.13,39.13
2024-01-13 03:26:30,81.85,32.58
2024-01-13 03:28:55,73.9,34.22
2024-01-13 03:31:20,74.3,33.97
2024-01-13 03:33:46,58.05,27.38
2024-01-13 03:36:12,84.85,27.2
2024-01-13 03:38:37,50.88,26.0
2024-01-13 03:41:03,55.92,23.95
2024-01-13 03:43:30,56.15,22.27
2024-01-13 03:45:55,66.32,25.73
2024-01-13 03:48:21,68.55,26.48
2024-01-13 03:50:46,56.2,26.15
2024-01-13 03:53:12,64.05,25.92
2024-01-13 03:55:37,71.72,28.3
2024-01-13 03:58:03,74.57,29.3
2024-01-13 04:00:28,65.88,30.48
2024-01-13 04:02:54,58.35,28.4
2024-01-13 04:05:20,60.45,29.33
2024-01-13 04:07:45,55.85,24.3
2024-01-13 04:10:11,61.75,24.75
2024-01-13 04:12:37,63.67,25.85
2024-01-13 04:15:05,49.8,25.48
2024-01-13 04:17:30,53.13,24.23
2024-01-13 04:19:56,53.97,25.02
2024-01-13 04:22:21,58.65,23.38
2024-01-13 04:24:47,58.3,24.88
2024-01-13 04:27:12,55.2,26.0
2024-01-13 04:29:38,61.25,26.2
2024-01-13 04:32:03,63.63,28.98
2024-01-13 04:34:29,67.28,28.6
2024-01-13 04:36:55,61.42,30.13
2024-01-13 04:39:20,75.47,35.25
2024-01-13 04:41:46,71.28,28.65
2024-01-13 04:44:11,71.75,26.83
2024-01-13 04:46:37,59.97,27.45
2024-01-13 04:49:02,78.07,29.55
2024-01-13 04:51:28,70.63,27.15
2024-01-13 04:53:53,75.65,30.17
2024-01-13 04:56:19,74.5,31.45
2024-01-13 04:58:44,70.68,30.42
2024-01-13 05:01:10,73.47,31.63
2024-01-13 05:03:35,71.7,29.67
2024-01-13 05:06:01,61.67,26.67
2024-01-13 05:08:26,63.0,30.5
2024-01-13 05:10:52,63.25,26.75
2024-01-13 05:13:17,47.45,27.2
2024-01-13 05:15:43,73.1,25.05
2024-01-13 05:18:09,52.15,23.1
2024-01-13 05:20:34,61.1,25.27
2024-01-13 05:23:00,54.53,22.25
2024-01-13 05:25:25,59.88,28.25
2024-01-13 05:27:51,82.43,33.38
2024-01-13 05:30:16,63.1,31.05
2024-01-13 05:32:42,65.75,30.55
2024-01-13 05:35:07,66.68,30.17
2024-01-13 05:37:34,80.63,38.72
2024-01-13 05:39:59,92.63,35.83
2024-01-13 05:42:25,75.32,34.5
2024-01-13 05:44:51,67.18,36.22
2024-01-13 05:47:17,76.4,34.17
2024-01-13 05:49:42,72.88,35.28
2024-01-13 05:52:08,72.45,31.8
2024-01-13 05:54:37,78.03,31.23
2024-01-13 05:57:03,65.68,27.63
2024-01-13 05:59:29,72.65,27.77
2024-01-13 06:01:54,81.13,36.0
2024-01-13 06:04:20,73.25,35.5
2024-01-13 06:06:45,77.57,36.72
2024-01-13 06:09:10,96.9,39.13
2024-01-13 06:11:40,80.13,36.67
2024-01-13 06:14:06,93.43,37.25
2024-01-13 06:16:31,95.6,40.7
2024-01-13 06:18:57,105.88,44.88
2024-01-13 06:21:22,130.5,45.33
2024-01-13 06:23:48,124.57,44.2
2024-01-13 06:26:14,122.3,40.35
2024-01-13 06:28:39,123.68,47.35
2024-01-13 06:31:05,112.22,46.03
2024-01-13 06:33:30,114.5,43.42
2024-01-13 06:35:57,116.15,44.17
2024-01-13 06:38:22,95.4,35.55
2024-01-13 06:40:48,132.7,39.85
2024-01-13 06:43:14,117.22,42.72
2024-01-13 06:45:39,101.22,37.47
2024-01-13 06:48:05,131.5,46.72
2024-01-13 06:50:31,116.28,48.67
2024-01-13 06:52:57,117.47,45.55
2024-01-13 06:55:22,119.7,50.15
2024-01-13 06:57:49,103.5,40.5
2024-01-13 07:00:16,104.1,39.65
2024-01-13 07:02:42,113.43,42.33
2024-01-13 07:05:08,106.53,41.58
2024-01-13 07:07:35,100.55,39.05
2024-01-13 07:10:01,86.85,43.53
2024-01-13 07:12:27,100.43,41.03
2024-01-13 07:14:52,98.5,41.7
2024-01-13 07:17:17,85.22,37.72
2024-01-13 07:19:43,61.97,28.98
2024-01-13 07:22:08,78.85,32.35
2024-01-13 07:24:34,60.25,28.08
2024-01-13 07:26:59,74.53,28.7
2024-01-13 07:29:25,71.65,29.1
2024-01-13 07:31:50,69.22,34.4
2024-01-13 07:34:16,92.57,43.58
2024-01-13 07:36:42,120.1,50.7
2024-01-13 07:39:07,103.82,44.2
2024-01-13 07:41:35,115.2,45.85
2024-01-13 07:44:01,119.93,51.65
2024-01-13 07:46:26,106.03,48.75
2024-01-13 07:48:52,101.43,49.17
2024-01-13 07:51:18,89.05,43.88
2024-01-13 07:53:44,97.18,43.08
2024-01-13 07:56:09,87.22,40.9
2024-01-13 07:58:35,85.95,42.45
2024-01-13 08:01:01,96.2,43.2
2024-01-13 08:03:27,98.9,43.53
2024-01-13 08:05:53,103.7,46.45
2024-01-13 08:08:19,92.55,46.22
2024-01-13 08:10:44,108.38,48.33
2024-01-13 08:13:10,115.18,47.85
2024-01-13 08:15:35,96.18,44.75
2024-01-13 08:18:01,108.25,46.75
2024-01-13 08:20:27,88.85,40.8
2024-01-13 08:22:54,85.82,34.5
2024-01-13 08:25:19,62.45,25.33
2024-01-13 08:27:45,56.0,23.15
2024-01-13 08:30:10,55.65,22.73
2024-01-13 08:32:36,59.67,25.42
2024-01-13 08:35:01,65.5,27.7
2024-01-13 08:37:27,55.13,24.08
2024-01-13 08:39:52,83.0,35.75
2024-01-13 08:42:18,58.63,25.15
2024-01-13 08:44:44,55.85,23.08
2024-01-13 08:47:09,58.05,25.1
2024-01-13 08:49:35,49.03,21.1
2024-01-13 08:52:01,33.58,17.95
2024-01-13 08:54:26,50.78,21.42
2024-01-13 08:56:52,45.5,19.88
2024-01-13 08:59:18,47.05,19.38
2024-01-13 09:01:43,48.0,22.05
2024-01-13 09:04:09,49.4,21.58
2024-01-13 09:06:34,43.58,20.52
2024-01-13 09:09:00,57.88,24.27
2024-01-13 09:11:26,41.95,20.63
2024-01-13 09:13:53,51.9,20.58
2024-01-13 09:16:18,41.55,19.77
2024-01-13 09:18:44,43.65,21.15
2024-01-13 09:21:09,43.83,18.52
2024-01-13 09:23:37,46.72,19.65
2024-01-13 09:26:04,42.75,18.38
2024-01-13 09:28:29,37.75,17.17
2024-01-13 09:30:55,37.8,16.13
2024-01-13 09:33:20,35.5,17.83
2024-01-13 09:35:46,36.75,16.1
2024-01-13 09:38:11,28.8,14.45
2024-01-13 09:40:37,30.4,15.4
2024-01-13 09:43:22,34.13,13.85
2024-01-13 09:45:50,25.4,12.15
2024-01-13 09:48:18,35.28,14.6
2024-01-13 09:50:45,33.2,14.32
2024-01-13 09:53:16,35.83,19.25
2024-01-13 09:55:58,25.75,12.43
2024-01-13 09:58:25,21.15,10.68
2024-01-13 10:00:53,26.23,10.68
2024-01-13 10:03:21,33.35,12.73
2024-01-13 10:05:49,33.97,15.8
2024-01-13 10:08:15,36.03,16.65
2024-01-13 10:10:44,31.83,16.23
2024-01-13 10:13:10,35.92,16.13
2024-01-13 10:15:35,34.67,14.07
2024-01-13 10:18:01,29.67,14.7
2024-01-13 10:20:26,24.5,12.2
2024-01-13 10:22:52,30.83,11.98
2024-01-13 10:25:18,27.73,14.65
2024-01-13 10:27:44,35.92,14.25
2024-01-13 10:30:10,33.75,15.48
2024-01-13 10:32:36,28.8,13.95
2024-01-13 10:35:05,25.98,12.45
2024-01-13 10:37:32,27.23,12.68
2024-01-13 10:40:00,21.42,10.93
2024-01-13 10:42:25,56.88,25.25
2024-01-13 10:44:59,26.45,12.57
2024-01-13 10:47:31,30.6,14.93
2024-01-13 10:50:01,25.17,11.85
2024-01-13 10:52:33,24.6,11.5
2024-01-13 10:55:05,22.65,10.43
2024-01-13 10:57:33,28.73,11.48
2024-01-13 10:59:59,25.33,12.23
2024-01-13 11:02:27,30.73,11.98
2024-01-13 11:04:58,25.92,11.85
2024-01-13 11:07:24,20.38,9.82
2024-01-13 11:09:49,24.65,11.3
2024-01-13 11:12:19,27.4,15.23
2024-01-13 11:17:29,24.83,11.3
2024-01-13 11:19:54,24.58,11.18
2024-01-13 11:24:56,19.13,9.3
2024-01-13 11:27:22,25.63,10.85
2024-01-13 11:29:48,18.67,9.73
2024-01-13 11:32:14,22.4,10.65
2024-01-13 11:34:46,20.63,10.52
2024-01-13 11:37:12,22.17,11.32
2024-01-13 11:39:38,24.23,11.98
2024-01-13 11:42:03,21.08,11.05
2024-01-13 11:44:36,19.8,9.82
2024-01-13 11:47:08,21.33,10.27
2024-01-13 11:52:06,26.63,11.18
2024-01-13 11:54:33,21.33,11.35
2024-01-13 11:57:02,26.42,12.02
2024-01-13 11:59:32,19.45,9.07
2024-01-13 12:01:58,18.67,9.9
2024-01-13 12:04:24,20.1,9.5
2024-01-13 12:06:50,20.48,9.77
2024-01-13 12:09:20,27.2,12.88
2024-01-13 12:12:01,19.08,10.82
2024-01-13 12:14:36,27.92,13.38
2024-01-13 12:17:02,20.25,11.5
2024-01-13 12:19:30,20.73,11.0
2024-01-13 12:22:01,24.58,11.55
2024-01-13 12:24:28,25.05,10.35
2024-01-13 12:26:55,21.38,11.5
2024-01-13 12:29:22,32.1,12.05
2024-01-13 12:31:54,26.23,11.77
2024-01-13 12:34:24,30.02,13.55
2024-01-13 12:36:50,34.4,12.98
2024-01-13 12:39:16,24.33,11.73
2024-01-13 12:41:42,24.33,11.48
2024-01-13 12:44:07,21.45,10.8
2024-01-13 12:46:33,22.3,11.5
2024-01-13 12:51:34,21.67,9.48
2024-01-13 12:54:00,18.9,9.88
2024-01-13 12:56:25,21.27,10.7
2024-01-13 12:58:51,31.48,13.45
2024-01-13 13:01:16,33.88,12.48
2024-01-13 13:03:42,24.38,10.93
2024-01-13 13:06:08,24.27,11.6
2024-01-13 13:08:34,23.73,14.02
2024-01-13 13:10:59,24.27,11.05
2024-01-13 13:13:24,22.0,11.32
2024-01-13 13:15:54,28.77,13.63
2024-01-13 13:18:20,20.15,11.95
2024-01-13 13:20:46,30.35,12.88
2024-01-13 13:23:11,24.58,10.88
2024-01-13 13:25:37,25.73,11.32
2024-01-13 13:28:02,29.98,13.48
2024-01-13 13:30:29,27.45,12.18
2024-01-13 13:32:55,22.67,10.45
2024-01-13 13:35:21,18.83,10.18
2024-01-13 13:37:46,20.2,10.32
2024-01-13 13:40:14,20.98,10.32
2024-01-13 13:42:39,26.3,10.45
2024-01-13 13:45:06,25.48,11.38
2024-01-13 13:47:31,21.45,10.05
2024-01-13 13:49:57,20.55,11.0
2024-01-13 13:52:22,33.33,13.18
2024-01-13 13:54:48,24.4,11.18
2024-01-13 13:57:13,23.48,11.77
2024-01-13 13:59:39,27.23,12.05
2024-01-13 14:02:05,30.98,13.15
2024-01-13 14:04:30,21.6,11.82
2024-01-13 14:06:56,28.5,11.45
2024-01-13 14:09:21,33.88,16.02
2024-01-13 14:11:47,35.08,14.73
2024-01-13 14:14:12,35.3,15.88
2024-01-13 14:16:38,41.65,16.92
2024-01-13 14:19:03,40.55,15.9
2024-01-13 14:21:29,49.97,20.95
2024-01-13 14:23:54,59.72,25.0
2024-01-13 14:26:20,42.28,18.6
2024-01-13 14:28:45,40.83,17.1
2024-01-13 14:31:11,30.85,15.63
2024-01-13 14:33:37,30.33,14.3
2024-01-13 14:36:04,33.45,14.52
2024-01-13 14:38:30,30.38,15.85
2024-01-13 14:40:56,28.1,13.77
2024-01-13 14:43:21,36.6,13.13
2024-01-13 14:45:47,26.17,13.63
2024-01-13 14:48:13,38.0,14.5
2024-01-13 14:50:39,29.63,13.35
2024-01-13 14:53:05,33.13,14.8
2024-01-13 14:55:30,37.95,17.58
2024-01-13 14:57:56,35.95,16.63
2024-01-13 15:00:21,33.08,18.35
2024-01-13 15:02:47,32.15,16.67
2024-01-13 15:05:13,45.47,19.3
2024-01-13 15:07:39,47.92,19.7
2024-01-13 15:10:05,53.95,24.73
2024-01-13 15:12:31,60.47,28.6
2024-01-13 15:14:56,68.97,32.53
2024-01-13 15:17:21,53.47,23.25
2024-01-13 15:19:47,40.67,19.02
2024-01-13 15:22:13,42.72,19.15
2024-01-13 15:24:38,48.83,21.0
2024-01-13 15:27:04,53.58,23.08
2024-01-13 15:29:30,57.33,23.42
2024-01-13 15:31:56,42.65,20.67
2024-01-13 15:34:21,41.53,19.67
2024-01-13 15:36:47,49.53,22.65
2024-01-13 15:39:12,66.45,30.33
2024-01-13 15:41:41,86.93,36.13
2024-01-13 15:44:07,95.13,43.75
2024-01-13 15:46:34,76.03,38.28
2024-01-13 15:49:01,54.38,27.55
2024-01-13 15:51:27,44.17,23.13
2024-01-13 15:53:53,57.88,26.42
2024-01-13 15:56:18,59.42,27.02
2024-01-13 15:58:43,56.83,27.15
2024-01-13 16:01:09,52.9,24.77
2024-01-13 16:03:36,60.75,27.38
2024-01-13 16:06:02,57.78,25.9
2024-01-13 16:08:28,47.45,24.33
2024-01-13 16:10:54,60.97,27.88
2024-01-13 16:13:19,64.0,29.25
2024-01-13 16:15:45,59.35,28.8
2024-01-13 16:18:11,51.53,25.9
2024-01-13 16:20:36,61.8,29.52
2024-01-13 16:23:02,69.75,28.77
2024-01-13 16:25:30,75.63,29.73
2024-01-13 16:27:57,77.8,32.33
2024-01-13 16:30:23,64.22,27.85
2024-01-13 16:32:48,59.17,26.58
2024-01-13 16:35:14,62.35,25.35
2024-01-13 16:37:39,57.33,26.33
2024-01-13 16:40:05,51.63,23.08
2024-01-13 16:42:31,49.22,22.73
2024-01-13 16:44:56,49.8,22.7
2024-01-13 16:47:22,43.5,19.88
2024-01-13 16:49:47,46.85,21.3
2024-01-13 16:52:13,47.63,19.5
2024-01-13 16:54:41,51.22,21.98
2024-01-13 16:57:07,47.2,20.25
2024-01-13 16:59:33,39.5,18.3
2024-01-13 17:01:59,36.92,15.98
2024-01-13 17:04:25,37.45,17.48
2024-01-13 17:06:51,44.47,18.45
2024-01-13 17:09:16,32.4,14.3
2024-01-13 17:11:42,37.25,17.33
2024-01-13 17:14:07,47.2,17.38
2024-01-13 17:16:32,47.65,18.7
2024-01-13 17:18:58,36.97,18.9
2024-01-13 17:21:23,50.5,17.2
2024-01-13 17:23:49,40.38,18.67
2024-01-13 17:26:17,51.08,19.52
2024-01-13 17:28:43,51.3,19.17
2024-01-13 17:31:09,44.0,21.13
2024-01-13 17:33:35,45.65,20.2
2024-01-13 17:36:01,46.1,20.85
2024-01-13 17:38:27,46.42,21.13
2024-01-13 17:40:52,54.72,22.0
2024-01-13 17:43:18,52.22,22.02
2024-01-13 17:45:43,51.4,21.23
2024-01-13 17:48:09,54.6,23.83
2024-01-13 17:50:35,48.3,19.85
2024-01-13 17:53:00,41.9,19.27
2024-01-13 17:55:26,34.47,17.6
2024-01-13 17:57:51,33.25,16.33
2024-01-13 18:00:17,41.53,17.02
2024-01-13 18:02:44,35.25,16.5
2024-01-13 18:05:10,42.7,17.95
2024-01-13 18:07:36,40.8,18.17
2024-01-13 18:10:02,44.08,18.48
2024-01-13 18:12:28,43.2,18.15
2024-01-13 18:14:53,33.33,15.45
2024-01-13 18:17:19,40.28,19.6
2024-01-13 18:19:44,48.47,19.98
2024-01-13 18:22:10,50.28,20.83
2024-01-13 18:24:36,44.75,19.75
2024-01-13 18:27:03,47.33,21.38
2024-01-13 18:29:29,38.8,18.95
2024-01-13 18:31:55,56.17,20.17
2024-01-13 18:34:21,43.05,17.73
2024-01-13 18:36:47,48.0,23.02
2024-01-13 18:39:13,55.85,22.02
2024-01-13 18:41:39,56.3,22.75
2024-01-13 18:44:11,54.35,21.85
2024-01-13 18:46:37,53.95,21.55
2024-01-13 18:49:06,48.72,20.08
2024-01-13 18:51:32,43.0,20.15
2024-01-13 18:53:58,54.5,23.05
2024-01-13 18:56:24,56.95,25.23
2024-01-13 18:58:55,67.57,30.45
2024-01-13 19:01:21,83.05,35.55
2024-01-13 19:03:47,78.65,34.9
2024-01-13 19:06:13,83.8,36.63
2024-01-13 19:08:38,75.43,38.1
2024-01-13 19:11:04,93.85,42.13
2024-01-13 19:13:29,96.05,43.8
2024-01-13 19:15:55,108.2,48.15
2024-01-13 19:18:21,117.05,53.28
2024-01-13 19:20:46,155.25,66.85
2024-01-13 19:23:12,188.4,80.05
2024-01-13 19:25:37,176.9,79.07
2024-01-13 19:28:03,184.25,80.25
2024-01-13 19:30:29,182.05,75.15
2024-01-13 19:32:54,138.2,59.8
2024-01-13 19:35:20,129.8,56.38
2024-01-13 19:37:46,126.25,57.97
2024-01-13 19:40:11,130.77,57.83
2024-01-13 19:42:39,120.3,57.67
2024-01-13 19:45:05,137.45,58.6
2024-01-13 19:47:31,139.55,58.72
2024-01-13 19:49:57,114.32,51.85
2024-01-13 19:52:22,122.68,51.8
2024-01-13 19:54:48,108.7,48.9
2024-01-13 19:57:13,98.35,49.17
2024-01-13 19:59:42,132.13,54.88
2024-01-13 20:02:07,113.15,54.5
2024-01-13 20:04:33,120.93,52.35
2024-01-13 20:06:59,98.57,43.0
2024-01-13 20:09:27,97.57,39.75
2024-01-13 20:11:53,80.78,38.53
2024-01-13 20:14:18,79.05,35.03
2024-01-13 20:16:44,69.05,33.0
2024-01-13 20:19:09,75.38,34.13
2024-01-13 20:21:35,72.18,34.55
2024-01-13 20:24:01,70.07,31.27
2024-01-13 20:26:26,74.4,34.38
2024-01-13 20:28:53,81.85,32.4
2024-01-13 20:31:22,77.4,33.7
2024-01-13 20:33:49,86.65,37.53
2024-01-13 20:36:15,76.53,35.28
2024-01-13 20:38:41,79.88,35.85
2024-01-13 20:41:06,100.6,39.25
2024-01-13 20:43:32,80.78,34.15
2024-01-13 20:45:58,84.22,36.28
2024-01-13 20:48:24,88.95,39.28
2024-01-13 20:50:49,119.38,47.33
2024-01-13 20:53:18,117.8,50.95
2024-01-13 20:55:44,127.1,47.15
2024-01-13 20:58:09,122.43,52.47
2024-01-13 21:00:38,141.63,61.3
2024-01-13 21:03:05,159.7,71.68
2024-01-13 21:05:36,138.32,65.2
2024-01-13 21:08:01,153.75,62.05
2024-01-13 21:10:27,160.5,67.38
2024-01-13 21:12:52,143.63,62.83
2024-01-13 21:15:18,153.8,68.03
2024-01-13 21:17:46,170.1,71.97
2024-01-13 21:20:12,163.43,66.15
2024-01-13 21:22:39,162.3,71.53
2024-01-13 21:25:05,121.35,55.83
2024-01-13 21:27:33,116.0,56.42
2024-01-13 21:30:05,142.48,59.95
2024-01-13 21:32:38,124.32,56.75
2024-01-13 21:35:04,139.38,58.28
2024-01-13 21:37:30,117.45,50.78
2024-01-13 21:39:57,110.07,50.9
2024-01-13 21:42:22,113.35,44.05
2024-01-13 21:44:48,105.6,44.53
2024-01-13 21:47:14,103.28,44.38
2024-01-13 21:49:40,87.47,41.22
2024-01-13 21:52:05,109.65,40.63
2024-01-13 21:54:32,99.65,40.0
2024-01-13 21:56:58,87.78,36.0
2024-01-13 21:59:30,90.93,35.92
2024-01-13 22:01:59,81.32,38.85
2024-01-13 22:04:32,79.05,37.53
2024-01-13 22:06:58,88.15,37.55
2024-01-13 22:09:24,75.22,34.65
2024-01-13 22:11:54,88.63,41.0
2024-01-13 22:14:21,97.68,39.38
2024-01-13 22:16:54,86.1,36.72
2024-01-13 22:19:20,89.53,39.5
2024-01-13 22:21:45,91.8,37.95
2024-01-13 22:24:11,86.57,38.38
2024-01-13 22:26:37,86.72,38.5
2024-01-13 22:29:03,75.6,33.63
2024-01-13 22:31:29,79.1,35.72
2024-01-13 22:33:55,75.05,32.6
2024-01-13 22:36:20,50.03,29.92
2024-01-13 22:38:46,77.97,35.05
2024-01-13 22:41:12,96.68,39.5
2024-01-13 22:43:41,92.32,45.38
2024-01-13 22:46:07,112.4,53.08
2024-01-13 22:48:32,109.57,48.25
2024-01-13 22:50:58,106.53,47.83
2024-01-13 22:53:24,106.9,47.33
2024-01-13 22:55:50,110.43,43.55
2024-01-13 22:58:16,104.85,43.83
2024-01-13 23:00:41,78.85,41.1
2024-01-13 23:03:07,97.75,44.7
2024-01-13 23:05:33,102.0,43.45
2024-01-13 23:08:00,88.43,42.67
2024-01-13 23:10:27,74.6,37.95
2024-01-13 23:12:52,81.25,37.55
2024-01-13 23:15:19,77.38,36.8
2024-01-13 23:17:45,91.1,41.5
2024-01-13 23:20:12,93.22,38.75
2024-01-13 23:22:40,81.63,39.17
2024-01-13 23:25:06,97.57,40.97
2024-01-13 23:27:32,78.78,37.8
2024-01-13 23:29:59,93.5,43.25
2024-01-13 23:32:29,76.25,38.83
2024-01-13 23:34:56,79.53,40.17
2024-01-13 23:37:22,91.28,42.1
2024-01-13 23:39:49,104.25,48.78
2024-01-13 23:42:17,86.65,44.33
2024-01-13 23:44:43,94.07,43.92
2024-01-13 23:47:08,100.03,42.45
2024-01-13 23:49:34,109.15,47.53
2024-01-13 23:51:59,90.47,41.72
2024-01-13 23:54:25,103.8,47.53
2024-01-13 23:56:50,110.07,50.78
2024-01-13 23:59:16,95.82,45.1
2024-01-14 00:01:41,77.1,40.1
2024-01-14 00:04:07,108.18,48.97
2024-01-14 00:06:33,98.28,43.67
2024-01-14 00:08:58,98.4,48.97
2024-01-14 00:11:24,109.55,50.63
2024-01-14 00:13:49,122.25,53.63
2024-01-14 00:16:15,87.18,45.0
2024-01-14 00:18:41,85.05,45.83
2024-01-14 00:21:06,67.18,34.72
2024-01-14 00:23:32,98.8,48.3
2024-01-14 00:25:57,92.85,48.55
2024-01-14 00:28:23,116.72,53.97
2024-01-14 00:30:48,124.97,54.5
2024-01-14 00:33:14,111.55,50.8
2024-01-14 00:35:39,99.63,49.03
2024-01-14 00:38:05,97.88,53.78
2024-01-14 00:40:30,94.57,51.38
2024-01-14 00:42:56,114.28,53.97
2024-01-14 00:45:22,108.82,52.08
2024-01-14 00:47:47,117.15,54.88
2024-01-14 00:50:13,96.4,50.33
2024-01-14 00:52:38,118.63,56.08
2024-01-14 00:55:04,115.6,56.1
2024-01-14 00:57:29,129.35,57.33
2024-01-14 00:59:55,103.6,53.45
2024-01-14 01:02:21,136.1,54.45
2024-01-14 01:04:46,94.4,50.75
2024-01-14 01:07:12,138.85,56.53
2024-01-14 01:09:37,114.65,56.9
2024-01-14 01:12:03,99.8,47.42
2024-01-14 01:14:29,102.15,46.13
2024-01-14 01:16:55,125.7,55.35
2024-01-14 01:19:20,113.22,58.95
2024-01-14 01:21:46,115.28,56.2
2024-01-14 01:24:11,128.05,67.35
2024-01-14 01:26:39,120.82,58.97
2024-01-14 01:29:05,104.8,56.95
2024-01-14 01:31:31,135.85,61.9
2024-01-14 01:33:56,117.07,57.17
2024-01-14 01:36:22,127.4,57.97
2024-01-14 01:38:47,101.4,51.1
2024-01-14 01:41:13,128.27,59.28
2024-01-14 01:43:38,120.9,52.25
2024-01-14 01:46:04,89.15,46.35
2024-01-14 01:48:31,92.95,46.9
2024-01-14 01:50:58,105.93,47.95
2024-01-14 01:53:24,97.05,46.03
2024-01-14 01:55:50,90.4,42.53
2024-01-14 01:58:17,85.68,41.33
2024-01-14 02:00:43,103.35,46.97
2024-01-14 02:03:09,92.07,42.7
2024-01-14 02:05:37,84.78,44.92
2024-01-14 02:08:05,95.43,39.75
2024-01-14 02:10:31,84.78,44.35
2024-01-14 02:12:56,88.3,40.58
2024-01-14 02:15:22,88.25,40.35
2024-01-14 02:17:47,87.88,43.35
2024-01-14 02:20:13,98.7,43.4
2024-01-14 02:22:40,81.47,39.67
2024-01-14 02:25:09,82.05,39.5
2024-01-14 02:27:34,91.32,45.0
2024-01-14 02:30:00,77.7,37.6
2024-01-14 02:32:26,74.22,33.53
2024-01-14 02:34:51,66.8,34.72
2024-01-14 02:37:17,61.8,31.9
2024-01-14 02:39:42,52.83,22.0
2024-01-14 02:42:08,82.4,35.13
2024-01-14 02:44:34,102.7,36.5
2024-01-14 02:47:00,79.25,40.88
2024-01-14 02:49:25,95.03,43.2
2024-01-14 02:51:51,98.28,41.65
2024-01-14 02:54:17,94.6,42.2
2024-01-14 02:56:42,75.05,36.2
2024-01-14 02:59:08,68.8,34.95
2024-01-14 03:01:34,96.4,42.15
2024-01-14 03:03:59,91.4,40.88
2024-01-14 03:06:25,92.53,37.83
2024-01-14 03:08:50,74.55,37.25
2024-01-14 03:11:16,83.6,39.33
2024-01-14 03:13:41,79.57,40.63
2024-01-14 03:16:08,61.97,29.4
2024-01-14 03:18:34,79.97,36.88
2024-01-14 03:20:59,81.3,38.83
2024-01-14 03:23:25,72.85,31.33
2024-01-14 03:25:50,94.45,30.77
2024-01-14 03:28:16,70.03,36.08
2024-01-14 03:30:41,97.72,36.2
2024-01-14 03:33:09,72.53,41.08
2024-01-14 03:35:35,86.2,40.0
2024-01-14 03:38:00,77.18,37.92
2024-01-14 03:40:26,94.05,37.85
2024-01-14 03:42:51,101.88,48.15
2024-01-14 03:45:17,89.75,39.53
2024-01-14 03:47:42,90.13,44.8
2024-01-14 03:50:08,90.0,44.5
2024-01-14 03:52:34,119.25,46.67
2024-01-14 03:54:59,58.38,36.28
2024-01-14 03:57:24,88.25,46.42
2024-01-14 03:59:50,67.07,34.78
2024-01-14 04:02:15,97.72,36.3
2024-01-14 04:04:41,87.95,43.5
2024-01-14 04:07:07,90.65,44.17
2024-01-14 04:09:33,78.45,37.25
2024-01-14 04:11:58,83.63,40.63
2024-01-14 04:14:24,93.9,41.33
2024-01-14 04:16:49,105.95,43.5
2024-01-14 04:19:15,60.1,40.63
2024-01-14 04:21:40,82.6,41.05
2024-01-14 04:24:07,97.9,41.33
2024-01-14 04:26:33,72.3,34.3
2024-01-14 04:28:58,81.93,39.38
2024-01-14 04:31:24,108.38,44.63
2024-01-14 04:33:49,79.68,39.88
2024-01-14 04:36:15,80.4,40.53
2024-01-14 04:38:41,62.53,33.75
2024-01-14 04:41:07,81.75,39.33
2024-01-14 04:43:32,68.9,34.17
2024-01-14 04:45:58,59.22,30.2
2024-01-14 04:48:23,58.92,30.08
2024-01-14 04:50:52,82.15,34.38
2024-01-14 04:53:18,53.33,28.58
2024-01-14 04:55:43,99.28,37.72
2024-01-14 04:58:10,65.57,33.8
2024-01-14 05:00:35,104.32,35.95
2024-01-14 05:03:01,73.13,29.4
2024-01-14 05:05:26,40.42,25.5
2024-01-14 05:07:51,63.5,28.95
2024-01-14 05:10:17,86.22,34.1
2024-01-14 05:12:42,61.65,34.72
2024-01-14 05:15:08,75.2,35.45
2024-01-14 05:17:34,74.45,32.95
2024-01-14 05:20:00,73.0,32.75
2024-01-14 05:22:26,69.7,34.13
2024-01-14 05:24:51,77.03,35.75
2024-01-14 05:27:17,82.18,37.42
2024-01-14 05:29:45,98.5,44.3
2024-01-14 05:32:12,89.38,37.5
2024-01-14 05:34:41,108.0,42.5
2024-01-14 05:37:07,102.47,41.8
2024-01-14 05:39:33,101.35,43.03
2024-01-14 05:41:59,89.03,41.05
2024-01-14 05:44:24,72.82,39.9
2024-01-14 05:46:51,62.72,37.03
2024-01-14 05:49:17,75.65,37.65
2024-01-14 05:51:43,84.68,35.33
2024-01-14 05:54:08,76.38,36.55
2024-01-14 05:56:33,64.25,33.92
2024-01-14 05:58:59,90.8,33.53
2024-01-14 06:01:26,57.95,33.9
2024-01-14 06:03:52,62.28,32.33
2024-01-14 06:06:17,69.35,35.47
2024-01-14 06:08:44,95.1,42.72
2024-01-14 06:11:09,69.97,36.38
2024-01-14 06:13:35,85.82,39.92
2024-01-14 06:16:01,69.13,36.03
2024-01-14 06:18:26,79.05,38.72
2024-01-14 06:20:53,105.43,51.72
2024-01-14 06:23:21,87.15,40.85
2024-01-14 06:25:47,113.2,41.4
2024-01-14 06:28:12,95.55,40.08
2024-01-14 06:30:38,88.57,40.3
2024-01-14 06:33:03,101.25,47.47
2024-01-14 06:35:29,91.0,47.88
2024-01-14 06:37:55,97.47,43.42
2024-01-14 06:40:20,111.32,46.67
2024-01-14 06:42:46,127.45,49.65
2024-01-14 06:45:11,147.77,60.67
2024-01-14 06:47:38,129.45,57.08
2024-01-14 06:50:03,118.63,52.92
2024-01-14 06:52:30,125.5,54.63
2024-01-14 06:54:55,128.4,53.45
2024-01-14 06:57:21,112.13,48.35
2024-01-14 06:59:47,105.35,49.17
2024-01-14 07:02:13,105.15,51.58
2024-01-14 07:04:39,113.38,48.13
2024-01-14 07:07:05,101.05,51.55
2024-01-14 07:09:31,94.95,47.53
2024-01-14 07:11:59,112.55,51.33
2024-01-14 07:14:25,97.35,52.2
2024-01-14 07:16:51,89.43,46.72
2024-01-14 07:19:16,86.7,38.65
2024-01-14 07:21:42,95.72,47.45
2024-01-14 07:24:07,74.4,36.03
2024-01-14 07:26:33,114.53,49.28
2024-01-14 07:28:58,80.2,41.67
2024-01-14 07:31:27,67.9,31.63
2024-01-14 07:33:55,121.13,53.1
2024-01-14 07:36:21,115.8,50.65
2024-01-14 07:38:46,115.28,43.58
2024-01-14 07:41:12,113.63,45.95
2024-01-14 07:43:38,103.65,44.58
2024-01-14 07:46:05,129.98,54.15
2024-01-14 07:48:31,127.05,51.92
2024-01-14 07:50:57,129.4,49.78
2024-01-14 07:53:22,100.28,42.78
2024-01-14 07:55:48,104.05,42.28
2024-01-14 07:58:14,98.3,44.4
2024-01-14 08:00:40,108.07,47.97
2024-01-14 08:03:06,106.43,46.85
2024-01-14 08:05:32,97.57,42.97
2024-01-14 08:07:57,97.05,43.9
2024-01-14 08:10:23,99.15,47.08
2024-01-14 08:12:49,112.22,48.2
2024-01-14 08:15:14,107.47,51.83
2024-01-14 08:17:40,93.85,47.6
2024-01-14 08:20:06,101.72,49.45
2024-01-14 08:22:33,105.7,49.17
2024-01-14 08:24:58,112.65,51.63
2024-01-14 08:27:24,110.72,49.53
2024-01-14 08:29:49,100.8,50.1
2024-01-14 08:32:15,117.4,53.53
2024-01-14 08:34:40,121.25,53.78
2024-01-14 08:37:06,131.25,61.08
2024-01-14 08:39:31,123.43,51.92
2024-01-14 08:41:57,108.03,56.75
2024-01-14 08:44:22,118.95,54.67
2024-01-14 08:46:48,127.97,55.9
2024-01-14 08:49:14,114.93,56.22
2024-01-14 08:51:39,106.07,54.72
2024-01-14 08:54:05,117.2,57.33
2024-01-14 08:56:31,111.55,50.1
2024-01-14 08:58:57,110.6,50.78
2024-01-14 09:01:23,125.43,54.9
2024-01-14 09:03:49,113.95,53.55
2024-01-14 09:06:15,117.6,56.58
2024-01-14 09:08:40,119.82,56.4
2024-01-14 09:11:06,113.5,51.83
2024-01-14 09:13:33,126.4,52.78
2024-01-14 09:15:58,131.68,55.95
2024-01-14 09:18:25,126.0,55.65
2024-01-14 09:20:50,121.63,56.6
2024-01-14 09:23:16,142.52,59.58
2024-01-14 09:25:41,137.35,55.95
2024-01-14 09:28:07,132.43,54.97
2024-01-14 09:30:33,123.15,56.63
2024-01-14 09:32:58,120.47,53.75
2024-01-14 09:35:24,117.35,56.45
2024-01-14 09:37:49,129.85,54.6
2024-01-14 09:40:15,119.47,51.03
2024-01-14 09:42:44,112.13,47.75
2024-01-14 09:45:10,97.9,50.03
2024-01-14 09:47:36,114.68,48.85
2024-01-14 09:50:01,123.4,54.1
2024-01-14 09:52:29,111.18,46.13
2024-01-14 09:54:58,110.45,55.88
2024-01-14 09:57:24,111.88,48.83
2024-01-14 09:59:49,108.53,52.92
2024-01-14 10:02:15,107.6,48.75
2024-01-14 10:04:42,104.9,46.22
2024-01-14 10:07:08,105.28,44.97
2024-01-14 10:09:34,129.4,52.75
2024-01-14 10:11:59,103.72,48.0
2024-01-14 10:14:25,111.07,46.47
2024-01-14 10:16:52,104.65,44.85
2024-01-14 10:19:19,83.47,35.53
2024-01-14 10:21:45,99.2,48.0
2024-01-14 10:24:10,103.8,44.92
2024-01-14 10:26:36,98.22,42.55
2024-01-14 10:29:01,102.97,46.38
2024-01-14 10:31:28,85.07,38.75
2024-01-14 10:33:56,72.93,32.72
2024-01-14 10:36:24,101.57,44.33
2024-01-14 10:38:52,102.13,48.17
2024-01-14 10:41:17,102.13,43.33
2024-01-14 10:43:43,91.55,39.42
2024-01-14 10:46:09,100.45,44.9
2024-01-14 10:48:36,107.65,45.95
2024-01-14 10:51:03,98.18,44.0
2024-01-14 10:59:41,93.2,38.3
2024-01-14 11:02:12,76.8,38.85
2024-01-14 11:04:41,95.07,41.53
2024-01-14 11:07:08,100.95,43.65
2024-01-14 11:09:33,90.9,41.9
2024-01-14 11:20:15,76.4,39.65
2024-01-14 11:22:42,88.97,37.55
2024-01-14 11:25:14,74.97,35.55
2024-01-14 11:27:42,74.25,33.58
2024-01-14 11:30:09,78.32,32.47
2024-01-14 11:32:36,104.55,44.13
2024-01-14 11:35:02,86.15,42.1
2024-01-14 11:37:38,95.22,45.85
2024-01-14 11:40:28,96.7,43.3
2024-01-14 11:43:05,102.43,40.7
2024-01-14 11:45:34,103.88,41.28
2024-01-14 11:48:01,105.18,44.83
2024-01-14 11:50:31,88.1,44.25
2024-01-14 11:52:58,89.3,38.55
2024-01-14 11:55:24,87.63,36.75
2024-01-14 11:57:50,81.7,38.83
2024-01-14 12:00:17,80.1,38.4
2024-01-14 12:02:47,86.88,37.03
2024-01-14 12:05:16,81.05,37.2
2024-01-14 12:07:43,75.0,33.83
2024-01-14 12:10:12,75.15,35.22
2024-01-14 12:12:41,83.45,34.8
2024-01-14 12:15:08,83.85,37.5
2024-01-14 12:17:34,70.85,33.08
2024-01-14 12:19:59,75.3,35.55
2024-01-14 12:22:25,75.6,37.65
2024-01-14 12:24:51,82.53,36.95
2024-01-14 12:27:16,81.15,36.53
2024-01-14 12:29:42,76.05,35.67
2024-01-14 12:32:08,71.18,31.88
2024-01-14 12:34:37,71.18,33.28
2024-01-14 12:37:04,70.68,31.75
2024-01-14 12:39:30,70.32,30.58
2024-01-14 12:41:55,67.03,32.95
2024-01-14 12:44:21,75.97,32.22
2024-01-14 12:46:50,71.13,29.75
2024-01-14 12:49:17,66.88,29.65
2024-01-14 12:51:43,68.78,30.23
2024-01-14 12:54:09,61.42,28.65
2024-01-14 12:56:34,67.65,28.25
2024-01-14 12:59:02,70.43,29.02
2024-01-14 13:01:28,61.92,29.1
2024-01-14 13:03:53,56.13,28.35
2024-01-14 13:06:19,73.6,31.2
2024-01-14 13:08:45,82.25,31.08
2024-01-14 13:11:12,65.45,30.85
2024-01-14 13:13:37,62.42,27.1
2024-01-14 13:16:03,61.17,28.58
2024-01-14 13:18:29,62.85,29.0
2024-01-14 13:20:55,56.92,26.7
2024-01-14 13:23:22,59.55,25.45
2024-01-14 13:25:48,57.47,25.75
2024-01-14 13:28:14,52.6,23.98
2024-01-14 13:30:41,56.95,23.75
2024-01-14 13:33:07,43.42,19.92
2024-01-14 13:35:33,27.52,16.02
2024-01-14 13:37:58,41.53,19.92
2024-01-14 13:40:24,40.67,18.88
2024-01-14 13:42:50,46.38,21.35
2024-01-14 13:45:15,49.0,20.48
2024-01-14 13:47:41,46.53,22.35
2024-01-14 13:50:06,38.1,20.15
2024-01-14 13:52:33,45.5,23.13
2024-01-14 13:54:59,51.1,22.75
2024-01-14 13:57:24,47.13,21.33
2024-01-14 13:59:50,45.63,20.6
2024-01-14 14:02:15,41.17,18.58
2024-01-14 14:04:42,40.35,17.75
2024-01-14 14:07:08,39.65,16.7
2024-01-14 14:09:34,32.45,16.8
2024-01-14 14:11:59,44.17,18.0
2024-01-14 14:14:25,44.7,18.75
2024-01-14 14:16:50,42.97,19.9
2024-01-14 14:19:16,42.15,18.98
2024-01-14 14:21:42,61.47,28.0
2024-01-14 14:24:08,85.2,35.88
2024-01-14 14:26:33,75.68,34.5
2024-01-14 14:28:59,81.3,35.95
2024-01-14 14:31:24,86.1,41.5
2024-01-14 14:33:50,95.53,43.78
2024-01-14 14:36:15,76.5,37.55
2024-01-14 14:38:41,76.03,35.47
2024-01-14 14:41:07,65.28,30.3
2024-01-14 14:43:33,75.38,31.85
2024-01-14 14:45:59,94.9,40.92
2024-01-14 14:48:24,100.75,40.63
2024-01-14 14:50:50,95.93,44.67
2024-01-14 14:53:15,98.43,47.5
2024-01-14 14:55:41,106.15,49.08
2024-01-14 14:58:06,131.15,60.6
2024-01-14 15:00:32,147.13,67.18
2024-01-14 15:03:00,150.95,66.43
2024-01-14 15:05:26,135.25,61.53
2024-01-14 15:07:51,112.43,55.97
2024-01-14 15:10:18,110.95,52.5
2024-01-14 15:12:43,110.18,47.15
2024-01-14 15:15:09,103.65,48.28
2024-01-14 15:17:34,95.13,45.55
2024-01-14 15:20:00,88.65,39.5
2024-01-14 15:22:26,71.7,36.3
2024-01-14 15:24:51,80.05,34.72
2024-01-14 15:27:17,79.72,35.17
2024-01-14 15:29:43,80.55,34.0
2024-01-14 15:32:08,90.22,36.97
2024-01-14 15:34:34,80.07,36.33
2024-01-14 15:37:00,105.9,45.1
2024-01-14 15:39:25,109.57,52.75
2024-01-14 15:41:51,124.28,57.22
2024-01-14 15:44:16,162.75,70.4
2024-01-14 15:46:42,114.07,62.55
2024-01-14 15:49:07,134.8,63.4
2024-01-14 15:51:33,127.5,61.45
2024-01-14 15:53:58,94.05,44.3
2024-01-14 15:56:24,68.4,32.2
2024-01-14 15:58:51,82.88,39.05
2024-01-14 16:01:17,117.95,52.05
2024-01-14 16:03:44,115.63,53.42
2024-01-14 16:06:10,92.8,42.75
2024-01-14 16:08:36,88.35,37.97
2024-01-14 16:11:01,90.47,35.08
2024-01-14 16:13:27,87.15,39.83
2024-01-14 16:15:53,93.43,41.22
2024-01-14 16:18:18,105.95,40.55
2024-01-14 16:20:44,96.2,40.65
2024-01-14 16:23:10,97.78,41.92
2024-01-14 16:25:35,81.3,36.03
2024-01-14 16:28:02,79.45,33.2
2024-01-14 16:30:28,86.95,37.8
2024-01-14 16:32:53,96.65,45.8
2024-01-14 16:35:19,109.65,49.15
2024-01-14 16:37:45,116.7,50.75
2024-01-14 16:40:11,146.52,59.0
2024-01-14 16:42:36,158.65,69.65
2024-01-14 16:45:02,146.45,61.45
2024-01-14 16:47:28,181.45,73.5
2024-01-14 16:49:54,185.88,69.95
2024-01-14 16:52:20,167.9,67.57
2024-01-14 16:54:46,167.3,73.28
2024-01-14 16:57:11,138.68,62.35
2024-01-14 16:59:37,169.05,69.45
2024-01-14 17:02:03,157.93,69.85
2024-01-14 17:04:28,180.15,77.05
2024-01-14 17:06:54,155.73,69.63
2024-01-14 17:09:20,151.63,66.47
2024-01-14 17:11:45,133.18,58.6
2024-01-14 17:14:11,107.5,45.67
2024-01-14 17:16:37,107.22,44.33
2024-01-14 17:19:03,117.85,48.45
2024-01-14 17:21:29,107.4,48.28
2024-01-14 17:23:54,133.85,55.6
2024-01-14 17:26:20,102.43,48.05
2024-01-14 17:28:45,156.05,63.85
2024-01-14 17:31:12,170.98,72.97
2024-01-14 17:33:42,136.1,58.92
2024-01-14 17:36:09,173.2,65.93
2024-01-14 17:38:35,155.55,65.1
2024-01-14 17:41:01,102.85,47.45
2024-01-14 17:43:27,99.47,44.0
2024-01-14 17:45:53,87.28,41.08
2024-01-14 17:48:19,120.32,46.45
2024-01-14 17:50:44,85.38,39.85
2024-01-14 17:53:10,96.8,38.9
2024-01-14 17:55:35,86.8,37.7
2024-01-14 17:58:01,97.85,46.78
2024-01-14 18:00:26,105.0,45.6
2024-01-14 18:02:52,94.28,40.0
2024-01-14 18:05:17,75.18,37.72
2024-01-14 18:07:44,77.97,33.4
2024-01-14 18:10:09,83.07,36.17
2024-01-14 18:12:35,77.0,34.47
2024-01-14 18:15:00,91.45,37.15
2024-01-14 18:17:28,92.53,43.13
2024-01-14 18:19:54,109.22,45.8
2024-01-14 18:22:19,102.85,41.08
2024-01-14 18:24:45,105.7,52.2
2024-01-14 18:27:11,108.1,50.53
2024-01-14 18:29:37,108.65,46.42
2024-01-14 18:32:02,157.63,69.7
2024-01-14 18:34:28,216.23,87.13
2024-01-14 18:36:58,167.23,71.35
2024-01-14 18:39:23,130.4,59.47
2024-01-14 18:41:49,126.07,54.0
2024-01-14 18:44:15,92.88,41.1
2024-01-14 18:46:41,85.6,38.17
2024-01-14 18:49:06,109.25,45.78
2024-01-14 18:51:32,114.95,47.97
2024-01-14 18:53:59,108.2,49.72
2024-01-14 18:56:24,105.05,46.33
2024-01-14 18:58:50,106.7,46.63
2024-01-14 19:01:15,112.4,45.75
2024-01-14 19:03:41,111.43,45.53
2024-01-14 19:06:06,127.35,52.45
2024-01-14 19:08:34,109.18,47.58
2024-01-14 19:10:59,142.73,63.72
2024-01-14 19:13:25,142.85,65.1
2024-01-14 19:15:50,150.52,63.8
2024-01-14 19:18:16,137.77,61.4
2024-01-14 19:20:42,130.45,60.5
2024-01-14 19:23:07,131.38,54.97
2024-01-14 19:25:33,137.45,57.08
2024-01-14 19:27:58,140.5,57.3
2024-01-14 19:30:24,127.85,60.2
2024-01-14 19:32:50,130.35,54.85
2024-01-14 19:35:15,95.1,46.4
2024-01-14 19:37:41,119.13,53.92
2024-01-14 19:40:06,120.47,50.22
2024-01-14 19:42:32,106.88,51.7
2024-01-14 19:44:58,100.57,47.88
2024-01-14 19:47:23,124.55,55.55
2024-01-14 19:49:49,120.15,54.08
2024-01-14 19:52:14,131.55,53.53
2024-01-14 19:54:40,111.28,51.05
2024-01-14 19:57:06,136.77,49.95
2024-01-14 19:59:31,115.82,54.9
2024-01-14 20:01:57,113.47,52.83
2024-01-14 20:04:22,129.07,54.6
2024-01-14 20:06:48,109.93,55.3
2024-01-14 20:09:14,123.1,51.65
2024-01-14 20:11:46,156.13,65.68
2024-01-14 20:14:13,138.98,63.78
2024-01-14 20:16:42,174.85,69.53
2024-01-14 20:19:10,138.1,62.03
2024-01-14 20:21:35,136.73,62.0
2024-01-14 20:24:01,132.05,56.85
2024-01-14 20:26:27,121.4,54.2
2024-01-14 20:28:54,163.52,65.25
2024-01-14 20:31:19,124.93,57.75
2024-01-14 20:33:45,128.02,53.9
2024-01-14 20:36:10,146.27,63.88
2024-01-14 20:38:36,149.45,62.5
2024-01-14 20:41:01,135.27,56.55
2024-01-14 20:43:27,161.25,67.88
2024-01-14 20:45:52,181.35,70.28
2024-01-14 20:48:18,164.57,69.43
2024-01-14 20:50:43,164.05,69.47
2024-01-14 20:53:09,146.45,65.3
2024-01-14 20:55:38,178.55,74.97
2024-01-14 20:58:04,167.32,70.13
2024-01-14 21:00:30,182.85,78.45
2024-01-14 21:02:55,174.38,73.5
2024-01-14 21:05:22,208.13,89.65
2024-01-14 21:07:47,182.2,82.4
2024-01-14 21:10:13,198.1,82.82
2024-01-14 21:12:39,176.27,73.2
2024-01-14 21:15:05,163.57,70.9
2024-01-14 21:17:32,160.8,73.5
2024-01-14 21:19:58,162.88,73.07
2024-01-14 21:22:23,182.9,72.7
2024-01-14 21:24:49,166.15,69.68
2024-01-14 21:27:15,176.7,70.28
2024-01-14 21:29:40,161.15,67.45
2024-01-14 21:32:06,200.4,80.63
2024-01-14 21:34:34,189.95,84.03
2024-01-14 21:37:01,163.15,71.85
2024-01-14 21:39:26,177.65,74.53
2024-01-14 21:41:52,178.18,75.32
2024-01-14 21:44:17,160.3,72.5
2024-01-14 21:46:43,165.32,69.93
2024-01-14 21:49:08,152.52,72.57
2024-01-14 21:51:37,142.98,65.25
2024-01-14 21:54:04,167.88,68.53
2024-01-14 21:56:30,163.35,71.78
2024-01-14 21:58:55,172.1,69.9
2024-01-14 22:01:21,159.02,71.03
2024-01-14 22:03:47,138.35,65.93
2024-01-14 22:06:12,152.8,66.72
2024-01-14 22:08:38,163.93,78.4
2024-01-14 22:11:04,175.0,79.68
2024-01-14 22:13:29,176.05,77.0
2024-01-14 22:15:55,169.48,80.95
2024-01-14 22:18:21,164.95,71.95
2024-01-14 22:20:46,166.93,72.38
2024-01-14 22:23:12,133.15,65.4
2024-01-14 22:25:37,140.23,66.88
2024-01-14 22:28:03,166.07,73.4
2024-01-14 22:30:29,156.95,67.35
2024-01-14 22:32:54,164.43,68.35
2024-01-14 22:35:20,175.2,71.95
2024-01-14 22:37:45,165.5,72.03
2024-01-14 22:40:11,153.07,71.65
2024-01-14 22:42:37,161.6,69.88
2024-01-14 22:45:03,166.38,68.88
2024-01-14 22:47:29,158.73,68.0
2024-01-14 22:49:54,161.57,68.03
2024-01-14 22:52:20,178.73,72.6
2024-01-14 22:54:45,167.75,73.47
2024-01-14 22:57:11,167.1,72.05
2024-01-14 22:59:36,154.4,68.05
2024-01-14 23:02:02,150.45,68.75
2024-01-14 23:04:30,154.48,70.05
2024-01-14 23:06:59,170.65,68.68
2024-01-14 23:09:25,134.57,63.72
2024-01-14 23:11:52,157.18,67.97
2024-01-14 23:14:17,158.73,62.83
2024-01-14 23:16:43,143.68,58.72
2024-01-14 23:19:08,164.48,72.07
2024-01-14 23:21:41,156.8,69.63
2024-01-14 23:24:07,143.38,68.32
2024-01-14 23:26:33,164.4,68.82
2024-01-14 23:28:59,173.2,68.9
2024-01-14 23:31:25,183.52,77.93
2024-01-14 23:33:50,168.68,76.25
2024-01-14 23:36:21,200.0,80.03
2024-01-14 23:38:47,186.77,76.03
2024-01-14 23:41:12,196.1,85.9
2024-01-14 23:43:37,194.63,88.2
2024-01-14 23:46:03,233.32,96.93
2024-01-14 23:48:29,260.88,104.5
2024-01-14 23:50:55,253.43,103.3
2024-01-14 23:53:21,251.73,111.5
2024-01-14 23:55:47,244.27,97.57
2024-01-14 23:58:12,207.77,87.78
2024-01-15 00:00:41,205.85,90.03
2024-01-15 00:03:06,173.95,79.5
2024-01-15 00:05:32,232.43,90.07
2024-01-15 00:07:57,215.15,89.6
2024-01-15 00:10:23,246.43,108.53
2024-01-15 00:12:49,209.13,89.05
2024-01-15 00:15:14,229.18,91.57
2024-01-15 00:17:40,231.63,97.25
2024-01-15 00:20:06,238.55,102.07
2024-01-15 00:22:32,246.13,109.18
2024-01-15 00:24:57,243.98,112.57
2024-01-15 00:27:23,242.1,108.38
2024-01-15 00:29:49,217.45,103.88
2024-01-15 00:32:16,248.15,109.13
2024-01-15 00:34:42,252.95,106.55
2024-01-15 00:37:07,227.3,102.65
2024-01-15 00:39:33,248.02,105.63
2024-01-15 00:41:58,254.05,101.85
2024-01-15 00:44:24,223.23,103.07
2024-01-15 00:46:49,242.68,95.85
2024-01-15 00:49:15,229.43,103.25
2024-01-15 00:51:41,224.38,97.5
2024-01-15 00:54:07,239.0,105.65
2024-01-15 00:56:32,257.38,108.5
2024-01-15 00:58:58,270.2,108.05
2024-01-15 01:01:23,208.63,99.25
2024-01-15 01:03:49,242.05,106.8
2024-01-15 01:06:14,237.15,102.13
2024-01-15 01:08:40,192.45,88.68
2024-01-15 01:11:05,195.85,90.0
2024-01-15 01:13:34,202.7,89.78
2024-01-15 01:16:00,210.57,83.25
2024-01-15 01:18:25,195.13,79.6
2024-01-15 01:20:51,180.9,80.05
2024-01-15 01:23:16,166.85,77.7
2024-01-15 01:25:42,173.13,74.1
2024-01-15 01:28:07,211.3,86.95
2024-01-15 01:30:33,181.5,81.75
2024-01-15 01:32:58,159.98,73.0
2024-01-15 01:35:24,178.38,77.15
2024-01-15 01:37:49,186.4,84.78
2024-01-15 01:40:15,203.95,90.63
2024-01-15 01:42:40,207.95,85.95
2024-01-15 01:45:06,213.15,88.32
2024-01-15 01:47:32,213.35,88.35
2024-01-15 01:49:57,210.85,91.25
2024-01-15 01:52:23,202.93,90.45
2024-01-15 01:54:49,216.73,87.55
2024-01-15 01:57:14,222.82,93.63
2024-01-15 01:59:40,200.75,86.6
2024-01-15 02:02:05,209.4,87.5
2024-01-15 02:04:31,221.32,91.75
2024-01-15 02:06:58,218.4,96.15
2024-01-15 02:09:24,181.32,85.0
2024-01-15 02:11:50,197.05,91.1
2024-01-15 02:14:15,200.57,84.82
2024-01-15 02:16:41,194.23,85.05
2024-01-15 02:19:06,186.65,83.28
2024-01-15 02:21:32,190.7,81.9
2024-01-15 02:23:58,153.88,66.5
2024-01-15 02:26:23,151.8,73.18
2024-01-15 02:28:49,187.32,78.47
2024-01-15 02:31:15,167.13,73.45
2024-01-15 02:33:42,179.65,73.75
2024-01-15 02:36:07,167.57,73.93
2024-01-15 02:38:33,151.63,74.68
2024-01-15 02:40:58,153.9,68.35
2024-01-15 02:43:24,199.77,84.35
2024-01-15 02:45:49,58.63,36.97
2024-01-15 02:48:15,183.43,73.82
2024-01-15 02:50:40,141.95,66.13
2024-01-15 02:53:06,181.68,79.25
2024-01-15 02:55:32,192.15,77.88
2024-01-15 02:57:57,163.8,79.97
2024-01-15 03:00:22,174.93,75.57
2024-01-15 03:02:49,191.82,75.97
2024-01-15 03:05:15,133.18,67.6
2024-01-15 03:07:41,182.05,76.4
2024-01-15 03:10:07,151.2,71.57
2024-01-15 03:12:33,155.98,71.32
2024-01-15 03:14:58,195.18,80.38
2024-01-15 03:17:24,172.9,78.7
2024-01-15 03:19:49,131.98,60.08
2024-01-15 03:22:15,174.4,77.45
2024-01-15 03:24:41,169.32,79.57
2024-01-15 03:27:06,181.25,81.6
2024-01-15 03:29:32,162.75,74.03
2024-01-15 03:31:58,177.98,76.78
2024-01-15 03:34:23,190.73,76.68
2024-01-15 03:36:49,176.4,76.63
2024-01-15 03:39:14,161.93,72.75
2024-01-15 03:41:40,158.75,66.72
2024-01-15 03:44:05,158.65,69.9
2024-01-15 03:46:31,162.68,70.57
2024-01-15 03:48:56,175.43,73.65
2024-01-15 03:51:22,169.18,70.03
2024-01-15 03:53:48,151.25,69.97
2024-01-15 03:56:13,159.75,71.53
2024-01-15 03:58:39,168.43,70.13
2024-01-15 04:01:07,158.32,67.82
2024-01-15 04:03:34,160.43,67.78
2024-01-15 04:05:59,183.48,72.1
2024-01-15 04:08:25,149.63,67.55
2024-01-15 04:10:50,142.93,61.13
2024-01-15 04:13:15,145.35,67.55
2024-01-15 04:15:41,134.98,62.15
2024-01-15 04:18:06,127.57,67.75
2024-01-15 04:20:32,136.68,63.92
2024-01-15 04:22:57,145.6,60.85
2024-01-15 04:25:23,137.15,58.1
2024-01-15 04:27:48,136.93,58.08
2024-01-15 04:30:14,138.32,63.53
2024-01-15 04:32:39,134.73,60.4
2024-01-15 04:35:05,160.25,60.75
2024-01-15 04:37:30,135.4,56.75
2024-01-15 04:39:56,136.48,57.22
2024-01-15 04:42:22,133.45,56.67
2024-01-15 04:44:48,126.15,53.3
2024-01-15 04:47:13,128.35,61.58
2024-01-15 04:49:39,135.48,56.08
2024-01-15 04:52:04,147.23,64.8
2024-01-15 04:54:30,142.23,63.9
2024-01-15 04:56:55,133.13,59.45
2024-01-15 04:59:21,144.35,61.63
2024-01-15 05:01:46,134.88,63.4
2024-01-15 05:04:13,134.38,57.97
2024-01-15 05:06:39,136.55,61.7
2024-01-15 05:09:05,140.23,55.45
2024-01-15 05:11:30,133.75,59.72
2024-01-15 05:13:56,127.32,57.55
2024-01-15 05:16:21,133.3,58.67
2024-01-15 05:18:47,118.6,53.22
2024-01-15 05:21:12,120.93,54.03
2024-01-15 05:23:38,128.2,55.63
2024-01-15 05:26:03,117.18,52.1
2024-01-15 05:28:29,125.3,57.15
2024-01-15 05:30:55,117.07,53.83
2024-01-15 05:33:21,144.05,57.58
2024-01-15 05:35:47,121.97,54.42
2024-01-15 05:38:14,123.38,56.8
2024-01-15 05:40:39,137.95,58.67
2024-01-15 05:43:05,137.82,58.88
2024-01-15 05:45:30,143.13,57.33
2024-01-15 05:47:56,152.4,57.05
2024-01-15 05:50:22,140.2,58.1
2024-01-15 05:52:47,147.27,60.1
2024-01-15 05:55:13,131.23,57.2
2024-01-15 05:57:38,139.63,57.5
2024-01-15 06:00:04,145.35,61.85
2024-01-15 06:02:30,137.35,58.05
2024-01-15 06:04:56,125.65,54.2
2024-01-15 06:07:22,139.35,57.33
2024-01-15 06:09:47,136.35,55.4
2024-01-15 06:12:13,136.43,57.4
2024-01-15 06:14:38,123.15,54.53
2024-01-15 06:17:04,140.2,56.83
2024-01-15 06:19:29,134.4,63.78
2024-01-15 06:21:55,163.98,66.03
2024-01-15 06:24:20,151.35,64.13
2024-01-15 06:26:46,146.63,63.17
2024-01-15 06:29:12,144.15,61.58
2024-01-15 06:31:37,154.13,62.03
2024-01-15 06:34:03,148.0,60.85
2024-01-15 06:36:28,143.95,62.38
2024-01-15 06:38:54,116.28,56.2
2024-01-15 06:41:19,104.63,49.13
2024-01-15 06:43:45,162.68,67.38
2024-01-15 06:46:10,182.63,77.45
2024-01-15 06:48:36,182.45,75.1
2024-01-15 06:51:02,161.88,72.88
2024-01-15 06:53:27,154.05,67.28
2024-01-15 06:55:53,139.2,62.15
2024-01-15 06:58:18,146.4,66.65
2024-01-15 07:00:44,168.95,71.8
2024-01-15 07:03:10,137.45,66.93
2024-01-15 07:05:35,153.75,68.0
2024-01-15 07:08:02,102.7,49.03
2024-01-15 07:10:28,165.6,68.22
2024-01-15 07:12:53,148.18,62.53
2024-01-15 07:15:19,169.25,72.07
2024-01-15 07:17:44,186.02,74.47
2024-01-15 07:20:10,181.98,76.05
2024-01-15 07:22:36,170.52,68.05
2024-01-15 07:25:02,175.4,71.95
2024-01-15 07:27:29,158.55,72.8
2024-01-15 07:29:56,134.15,62.22
2024-01-15 07:32:21,185.82,71.88
2024-01-15 07:34:47,157.77,70.4
2024-01-15 07:37:12,187.98,73.15
2024-01-15 07:39:38,174.6,71.85
2024-01-15 07:42:03,186.48,80.82
2024-01-15 07:44:29,186.05,76.2
2024-01-15 07:46:54,194.9,82.25
2024-01-15 07:49:20,190.4,78.88
2024-01-15 07:51:45,166.73,74.63
2024-01-15 07:54:11,193.85,78.85
2024-01-15 07:59:41,191.45,81.72
2024-01-15 08:02:06,167.13,80.47
2024-01-15 08:04:31,180.2,79.53
2024-01-15 08:06:57,164.2,70.47
2024-01-15 08:09:23,118.93,57.42
2024-01-15 08:11:49,163.9,72.25
2024-01-15 08:14:14,193.85,81.65
2024-01-15 08:16:40,172.6,78.35
2024-01-15 08:19:06,217.4,90.72
2024-01-15 08:21:32,210.43,84.45
2024-01-15 08:23:58,229.48,86.9
2024-01-15 08:26:29,211.15,86.15
2024-01-15 08:28:55,192.35,81.95
2024-01-15 08:31:21,170.9,81.47
2024-01-15 08:33:46,186.85,84.78
2024-01-15 08:36:12,172.13,74.03
2024-01-15 08:38:37,189.52,77.88
2024-01-15 08:41:03,175.65,80.78
2024-01-15 08:43:29,157.13,77.2
2024-01-15 08:45:56,194.15,84.22
2024-01-15 08:48:22,181.48,83.32
2024-01-15 08:50:47,157.7,74.2
2024-01-15 08:53:13,167.6,78.18
2024-01-15 08:55:39,172.18,78.1
2024-01-15 08:58:04,158.48,70.13
2024-01-15 09:00:31,175.82,76.9
2024-01-15 09:02:56,182.52,80.18
2024-01-15 09:05:22,182.0,80.97
2024-01-15 09:07:48,181.38,83.72
2024-01-15 09:10:14,151.9,65.03
2024-01-15 09:12:39,174.65,75.18
2024-01-15 09:15:05,148.3,70.53
2024-01-15 09:17:31,155.43,64.95
2024-01-15 09:19:57,166.48,72.05
2024-01-15 09:22:23,155.23,71.95
2024-01-15 09:24:49,161.27,71.88
2024-01-15 09:27:14,163.15,72.22
2024-01-15 09:29:40,163.82,72.28
2024-01-15 09:32:07,162.75,75.03
2024-01-15 09:34:33,166.6,76.13
2024-01-15 09:36:59,166.68,72.95
2024-01-15 09:39:25,149.57,69.72
2024-01-15 09:41:51,158.7,75.55
2024-01-15 09:44:17,146.68,74.3
2024-01-15 09:46:44,160.13,76.2
2024-01-15 09:49:09,164.85,75.43
2024-01-15 09:51:35,167.25,70.65
2024-01-15 09:54:02,181.13,78.0
2024-01-15 09:56:29,171.2,78.78
2024-01-15 09:58:55,166.18,76.97
2024-01-15 10:01:22,180.63,74.28
2024-01-15 10:03:48,165.25,77.25
2024-01-15 10:06:15,162.25,76.18
2024-01-15 10:08:48,169.45,77.53
2024-01-15 10:11:17,188.27,78.4
2024-01-15 10:13:48,191.3,87.88
2024-01-15 10:16:21,180.35,81.1
2024-01-15 10:18:47,180.38,73.75
2024-01-15 10:21:13,176.63,74.72
2024-01-15 10:23:39,191.65,78.03
2024-01-15 10:26:05,182.15,81.82
2024-01-15 10:28:30,169.32,79.53
2024-01-15 10:30:57,202.98,81.78
2024-01-15 10:33:26,201.38,83.8
2024-01-15 10:35:56,189.82,82.95
2024-01-15 10:38:22,183.82,82.13
2024-01-15 10:40:55,188.95,81.03
2024-01-15 10:43:21,194.3,84.9
2024-01-15 10:45:50,190.73,79.5
2024-01-15 10:48:17,178.23,72.68
2024-01-15 10:50:43,191.77,77.22
2024-01-15 10:53:10,187.25,78.03
2024-01-15 10:55:37,182.45,79.57
2024-01-15 10:58:04,189.95,77.22
2024-01-15 11:00:30,162.48,77.57
2024-01-15 11:02:56,181.9,79.7
2024-01-15 11:05:22,181.13,73.47
2024-01-15 11:07:48,186.2,85.38
2024-01-15 11:13:08,184.35,80.7
2024-01-15 11:18:27,180.05,75.13
2024-01-15 11:23:51,157.05,69.15
2024-01-15 11:28:56,160.38,67.72
2024-01-15 11:42:03,165.88,71.5
2024-01-15 11:44:41,156.02,65.78
2024-01-15 11:47:10,162.5,64.8
2024-01-15 11:49:59,157.48,65.3
2024-01-15 11:52:56,136.48,62.1
2024-01-15 11:55:36,133.23,59.4
2024-01-15 11:58:10,165.13,69.63
2024-01-15 12:00:45,172.43,73.85
2024-01-15 12:03:12,140.8,63.03
2024-01-15 12:05:38,149.13,58.47
2024-01-15 12:08:06,166.15,66.7
2024-01-15 12:10:39,143.48,61.22
2024-01-15 12:13:15,143.1,58.85
2024-01-15 12:15:44,140.95,61.1
2024-01-15 12:18:14,141.95,59.38
2024-01-15 12:20:42,120.22,54.13
2024-01-15 12:23:09,105.32,50.63
2024-01-15 12:25:35,112.57,46.83
2024-01-15 12:28:01,110.15,49.72
2024-01-15 12:30:27,118.72,49.05
2024-01-15 12:32:53,113.4,49.9
2024-01-15 12:35:19,133.2,56.85
2024-01-15 12:37:45,134.88,61.17
2024-01-15 12:40:13,142.73,60.63
2024-01-15 12:42:44,165.7,68.85
2024-01-15 12:45:10,139.7,59.7
2024-01-15 12:47:37,132.68,53.92
2024-01-15 12:50:06,125.57,51.9
2024-01-15 12:52:36,86.97,38.6
2024-01-15 12:55:04,87.35,42.65
2024-01-15 12:57:32,109.07,43.5
2024-01-15 12:59:57,95.1,45.63
2024-01-15 13:02:23,105.1,46.1
2024-01-15 13:04:49,107.18,45.55
2024-01-15 13:07:14,107.03,46.72
2024-01-15 13:09:40,107.3,45.5
2024-01-15 13:12:05,88.1,42.47
2024-01-15 13:14:31,90.15,41.95
2024-01-15 13:16:58,100.4,41.58
2024-01-15 13:19:24,93.75,45.13
2024-01-15 13:21:50,117.9,49.63
2024-01-15 13:24:16,106.22,47.55
2024-01-15 13:26:45,102.07,44.4
2024-01-15 13:29:10,94.2,41.95
2024-01-15 13:31:36,83.13,40.05
2024-01-15 13:34:03,101.18,43.25
2024-01-15 13:36:28,112.9,52.4
2024-01-15 13:38:54,129.85,58.17
2024-01-15 13:41:20,149.43,62.0
2024-01-15 13:43:52,136.8,59.47
2024-01-15 13:46:23,142.7,60.85
2024-01-15 13:48:49,134.23,59.78
2024-01-15 13:51:15,127.4,55.0
2024-01-15 13:53:40,121.35,51.3
2024-01-15 13:56:06,108.63,46.3
2024-01-15 13:58:32,116.05,50.08
2024-01-15 14:00:59,132.07,55.03
2024-01-15 14:03:25,120.53,51.67
2024-01-15 14:05:52,106.15,48.67
2024-01-15 14:08:17,119.5,49.55
2024-01-15 14:10:43,106.57,45.33
2024-01-15 14:13:08,105.47,47.53
2024-01-15 14:15:34,111.03,47.13
2024-01-15 14:18:00,101.78,53.25
2024-01-15 14:20:26,82.68,38.45
2024-01-15 14:22:52,86.47,37.75
2024-01-15 14:25:18,88.63,38.8
2024-01-15 14:27:43,113.95,42.15
2024-01-15 14:30:09,105.95,43.47
2024-01-15 14:32:35,92.05,44.3
2024-01-15 14:35:01,83.5,39.08
2024-01-15 14:37:27,92.15,37.53
2024-01-15 14:39:53,99.22,38.9
2024-01-15 14:42:18,99.15,38.8
2024-01-15 14:44:44,87.28,38.97
2024-01-15 14:47:09,73.63,35.2
2024-01-15 14:49:35,99.4,40.47
2024-01-15 14:52:00,100.2,40.47
2024-01-15 14:54:26,96.65,44.2
2024-01-15 14:56:51,123.75,51.3
2024-01-15 14:59:17,160.27,69.13
2024-01-15 15:01:42,228.43,89.13
2024-01-15 15:04:08,165.32,65.82
2024-01-15 15:06:35,160.45,72.15
2024-01-15 15:09:01,171.55,72.43
2024-01-15 15:11:27,160.57,69.6
2024-01-15 15:13:53,154.38,61.97
2024-01-15 15:16:18,147.35,60.17
2024-01-15 15:18:45,134.2,59.28
2024-01-15 15:21:11,147.48,63.17
2024-01-15 15:23:37,146.07,62.1
2024-01-15 15:26:04,160.82,64.03
2024-01-15 15:28:29,130.95,61.17
2024-01-15 15:30:55,155.15,59.95
2024-01-15 15:33:22,149.48,66.53
2024-01-15 15:35:47,154.73,65.03
2024-01-15 15:38:16,133.3,59.67
2024-01-15 15:40:42,142.27,58.33
2024-01-15 15:43:07,144.77,63.83
2024-01-15 15:45:33,141.55,61.35
2024-01-15 15:47:58,142.63,58.38
2024-01-15 15:50:24,133.1,60.22
2024-01-15 15:52:49,135.32,62.53
2024-01-15 15:55:15,130.9,59.7
2024-01-15 15:57:40,152.88,64.3
2024-01-15 16:00:06,153.55,66.18
2024-01-15 16:02:32,145.32,64.7
2024-01-15 16:04:57,141.25,59.55
2024-01-15 16:07:23,126.97,57.45
2024-01-15 16:09:54,148.95,64.93
2024-01-15 16:12:20,158.55,65.32
2024-01-15 16:14:45,181.23,76.1
2024-01-15 16:17:11,180.6,76.35
2024-01-15 16:19:36,196.5,79.28
2024-01-15 16:22:02,183.48,77.8
2024-01-15 16:24:28,158.23,70.53
2024-01-15 16:26:54,142.32,63.1
2024-01-15 16:29:20,144.85,65.38
2024-01-15 16:31:45,166.4,75.72
2024-01-15 16:34:11,246.77,98.43
2024-01-15 16:36:36,210.57,93.93
2024-01-15 16:39:02,183.38,85.05
2024-01-15 16:41:28,216.75,93.55
2024-01-15 16:43:54,210.23,92.15
2024-01-15 16:46:19,207.77,88.82
2024-01-15 16:48:45,177.95,76.53
2024-01-15 16:51:11,160.4,71.53
2024-01-15 16:53:37,164.73,72.5
2024-01-15 16:56:02,167.7,68.97
2024-01-15 16:58:29,146.43,65.97
2024-01-15 17:00:55,151.57,64.32
2024-01-15 17:03:20,146.38,64.7
2024-01-15 17:05:46,146.68,65.85
2024-01-15 17:08:11,140.15,65.18
2024-01-15 17:10:37,127.57,58.88
2024-01-15 17:13:03,145.05,64.65
2024-01-15 17:15:31,133.0,61.4
2024-01-15 17:17:57,129.68,61.03
2024-01-15 17:20:23,131.82,62.88
2024-01-15 17:22:49,133.65,60.05
2024-01-15 17:25:14,130.77,61.95
2024-01-15 17:27:40,139.3,64.68
2024-01-15 17:30:06,130.32,61.67
2024-01-15 17:32:35,129.85,59.08
2024-01-15 17:35:00,139.65,62.03
2024-01-15 17:37:26,133.07,58.72
2024-01-15 17:39:52,121.0,52.83
2024-01-15 17:42:18,121.93,53.05
2024-01-15 17:44:44,127.93,56.4
2024-01-15 17:47:09,121.75,54.53
2024-01-15 17:49:35,145.8,64.93
2024-01-15 17:52:01,156.93,67.53
2024-01-15 17:54:27,146.98,69.75
2024-01-15 17:56:53,145.9,67.22
2024-01-15 17:59:19,145.5,69.93
2024-01-15 18:01:45,166.32,69.4
2024-01-15 18:04:12,191.4,83.32
2024-01-15 18:06:38,255.85,106.88
2024-01-15 18:09:03,301.42,121.4
2024-01-15 18:11:29,298.73,128.82
2024-01-15 18:13:55,290.88,121.72
2024-01-15 18:16:21,272.0,122.28
2024-01-15 18:18:50,330.25,140.27
2024-01-15 18:21:22,336.35,143.68
2024-01-15 18:23:48,345.2,154.05
2024-01-15 18:26:15,362.85,154.73
2024-01-15 18:28:41,303.8,134.5
2024-01-15 18:31:07,334.83,149.25
2024-01-15 18:33:35,328.55,142.35
2024-01-15 18:36:02,325.9,138.38
2024-01-15 18:38:28,311.38,130.25
2024-01-15 18:40:55,305.23,129.63
2024-01-15 18:43:21,280.2,120.65
2024-01-15 18:45:47,304.92,124.32
2024-01-15 18:48:12,286.27,122.93
2024-01-15 18:50:38,270.45,117.82
2024-01-15 18:53:04,268.17,114.18
2024-01-15 18:55:30,267.75,111.68
2024-01-15 18:57:55,256.0,111.85
2024-01-15 19:00:21,247.1,109.25
2024-01-15 19:02:49,237.3,106.18
2024-01-15 19:05:14,255.52,106.25
2024-01-15 19:07:40,257.67,109.22
2024-01-15 19:10:08,271.98,119.15
2024-01-15 19:12:33,259.98,115.35
2024-01-15 19:14:59,264.4,116.63
2024-01-15 19:17:24,345.35,135.77
2024-01-15 19:19:50,304.58,128.63
2024-01-15 19:22:16,289.8,120.05
2024-01-15 19:24:43,262.42,110.78
2024-01-15 19:27:09,228.35,101.0
2024-01-15 19:29:34,215.35,98.9
2024-01-15 19:32:01,229.98,105.7
2024-01-15 19:34:27,259.5,113.72
2024-01-15 19:36:53,248.48,108.1
2024-01-15 19:39:21,262.02,115.47
2024-01-15 19:41:48,320.08,136.9
2024-01-15 19:44:14,317.02,137.77
2024-01-15 19:46:40,306.05,139.13
2024-01-15 19:49:08,348.85,155.27
2024-01-15 19:51:34,337.8,147.0
2024-01-15 19:54:00,355.95,156.02
2024-01-15 19:56:26,362.6,156.6
2024-01-15 19:58:51,352.27,153.18
2024-01-15 20:01:17,346.17,152.7
2024-01-15 20:03:42,337.83,139.98
2024-01-15 20:06:10,342.13,144.25
2024-01-15 20:08:38,380.2,158.1
2024-01-15 20:11:08,390.95,174.7
2024-01-15 20:13:35,313.35,139.25
2024-01-15 20:16:05,263.13,109.95
2024-01-15 20:18:37,201.4,88.47
2024-01-15 20:21:03,182.5,83.6
2024-01-15 20:23:29,217.1,86.35
2024-01-15 20:25:56,199.68,81.47
2024-01-15 20:28:21,185.82,82.97
2024-01-15 20:30:47,190.85,80.88
2024-01-15 20:33:13,194.68,83.32
2024-01-15 20:35:40,198.4,88.93
2024-01-15 20:40:56,203.55,85.47
2024-01-15 20:43:22,215.5,100.53
2024-01-15 20:45:49,247.82,105.32
2024-01-15 20:48:14,257.27,109.15
2024-01-15 20:50:40,273.33,116.88
2024-01-15 20:53:05,305.08,127.57
2024-01-15 20:55:31,306.88,123.6
2024-01-15 20:57:57,298.92,125.28
2024-01-15 21:00:22,302.23,129.4
2024-01-15 21:02:48,336.08,136.7
2024-01-15 21:05:15,288.17,133.1
2024-01-15 21:07:41,301.33,137.63
2024-01-15 21:10:07,313.52,133.32
2024-01-15 21:12:33,358.08,147.02
2024-01-15 21:14:58,328.98,147.4
2024-01-15 21:17:24,299.83,131.27
2024-01-15 21:19:50,286.4,129.48
2024-01-15 21:22:21,298.55,127.18
2024-01-15 21:24:47,242.13,101.3
2024-01-15 21:27:12,219.18,94.68
2024-01-15 21:29:38,185.27,82.9
2024-01-15 21:32:03,164.38,73.55
2024-01-15 21:34:29,186.32,85.6
2024-01-15 21:36:55,204.7,88.6
2024-01-15 21:39:20,183.23,84.8
2024-01-15 21:41:46,227.98,94.22
2024-01-15 21:44:12,292.95,117.65
2024-01-15 21:46:37,277.9,116.63
2024-01-15 21:49:03,218.6,94.9
2024-01-15 21:51:33,194.05,86.68
2024-01-15 21:53:59,198.3,82.78
2024-01-15 21:56:25,208.85,88.57
2024-01-15 21:58:51,232.73,102.7
2024-01-15 22:01:16,243.68,102.85
2024-01-15 22:03:42,220.82,99.3
2024-01-15 22:06:07,229.8,102.82
2024-01-15 22:08:34,259.48,112.63
2024-01-15 22:11:00,178.6,82.93
2024-01-15 22:13:26,180.45,78.57
2024-01-15 22:15:52,202.0,86.4
2024-01-15 22:18:18,198.75,87.68
2024-01-15 22:20:44,178.85,80.13
2024-01-15 22:23:09,196.55,89.15
2024-01-15 22:25:35,188.3,85.95
2024-01-15 22:28:00,232.75,98.25
2024-01-15 22:30:26,245.55,108.4
2024-01-15 22:32:52,232.85,102.57
2024-01-15 22:35:17,208.45,87.22
2024-01-15 22:37:44,208.48,90.15
2024-01-15 22:40:09,213.65,85.53
2024-01-15 22:42:38,192.57,87.13
2024-01-15 22:45:04,209.27,83.85
2024-01-15 22:47:31,165.13,79.72
2024-01-15 22:49:57,152.2,68.5
2024-01-15 22:52:22,171.18,75.82
2024-01-15 22:54:48,179.3,71.2
2024-01-15 22:57:14,168.57,70.65
2024-01-15 22:59:40,160.93,74.8
2024-01-15 23:02:07,207.07,81.05
2024-01-15 23:04:32,152.8,70.72
2024-01-15 23:06:58,150.23,67.57
2024-01-15 23:09:23,160.9,68.47
2024-01-15 23:11:49,168.05,70.82
2024-01-15 23:14:16,149.15,59.67
2024-01-15 23:16:42,140.57,66.28
2024-01-15 23:19:08,169.23,72.35
2024-01-15 23:21:33,177.02,78.85
2024-01-15 23:23:59,187.57,81.38
2024-01-15 23:26:24,188.27,77.97
2024-01-15 23:28:50,195.38,75.57
2024-01-15 23:31:15,157.52,71.57
2024-01-15 23:33:41,180.75,73.72
2024-01-15 23:36:07,169.3,72.38
2024-01-15 23:38:35,173.85,70.53
2024-01-15 23:41:03,201.5,77.28
2024-01-15 23:43:29,166.77,71.72
2024-01-15 23:45:55,164.13,69.47
2024-01-15 23:48:20,156.5,70.13
2024-01-15 23:50:46,148.88,66.65
2024-01-15 23:53:13,181.85,73.55
2024-01-15 23:55:39,236.95,90.75
2024-01-15 23:58:05,259.67,95.82
2024-01-16 00:00:31,250.05,96.45
2024-01-16 00:02:57,251.82,96.88
2024-01-16 00:05:22,235.32,95.95
2024-01-16 00:07:48,258.48,103.5
2024-01-16 00:10:14,220.73,94.57
2024-01-16 00:12:41,174.25,76.4
2024-01-16 00:15:06,161.02,70.03
2024-01-16 00:17:33,177.98,74.55
2024-01-16 00:19:58,184.7,76.6
2024-01-16 00:22:29,171.13,70.9
2024-01-16 00:24:55,158.35,66.0
2024-01-16 00:27:20,148.57,64.63
2024-01-16 00:29:46,147.98,61.65
2024-01-16 00:32:11,153.95,66.55
2024-01-16 00:34:41,158.18,62.92
2024-01-16 00:37:07,188.93,70.28
2024-01-16 00:39:32,166.55,71.15
2024-01-16 00:41:58,162.85,68.93
2024-01-16 00:44:24,152.95,65.25
2024-01-16 00:46:49,176.88,72.13
2024-01-16 00:49:15,185.4,73.3
2024-01-16 00:51:40,186.2,73.43
2024-01-16 00:54:06,183.2,78.03
2024-01-16 00:56:33,193.18,78.97
2024-01-16 00:58:59,180.57,77.47
2024-01-16 01:01:25,202.77,83.9
2024-01-16 01:03:51,193.52,82.32
2024-01-16 01:06:17,204.3,88.55
2024-01-16 01:08:43,228.5,89.68
2024-01-16 01:11:08,234.25,91.88
2024-01-16 01:13:33,194.7,82.88
2024-01-16 01:15:59,199.3,87.1
2024-01-16 01:18:25,217.35,90.25
2024-01-16 01:20:51,204.02,86.2
2024-01-16 01:23:17,213.15,87.13
2024-01-16 01:25:42,197.8,91.22
2024-01-16 01:28:08,194.88,78.25
2024-01-16 01:30:34,168.3,75.0
2024-01-16 01:32:59,162.65,65.2
2024-01-16 01:35:25,169.75,72.93
2024-01-16 01:37:50,188.15,76.45
2024-01-16 01:40:16,183.85,77.1
2024-01-16 01:42:41,178.25,77.43
2024-01-16 01:45:10,165.18,74.35
2024-01-16 01:47:36,159.48,70.68
2024-01-16 01:50:03,164.07,71.53
2024-01-16 01:52:30,147.23,70.15
2024-01-16 01:54:56,184.73,80.65
2024-01-16 01:57:22,189.07,76.25
2024-01-16 01:59:48,199.15,80.43
2024-01-16 02:02:14,172.95,74.7
2024-01-16 02:04:39,185.27,76.07
2024-01-16 02:07:06,182.45,81.15
2024-01-16 02:09:32,178.95,77.55
2024-01-16 02:11:58,189.88,83.97
2024-01-16 02:14:24,183.1,82.0
2024-01-16 02:16:49,190.18,78.9
2024-01-16 02:19:16,217.8,88.9
2024-01-16 02:21:42,215.25,87.4
2024-01-16 02:24:09,207.5,89.82
2024-01-16 02:26:36,210.43,85.93
2024-01-16 02:29:02,187.55,86.9
2024-01-16 02:31:31,228.0,94.75
2024-01-16 02:33:58,197.35,85.53
2024-01-16 02:36:24,218.38,93.07
2024-01-16 02:38:50,236.63,99.57
2024-01-16 02:41:15,218.73,90.18
2024-01-16 02:43:41,220.02,98.07
2024-01-16 02:46:07,213.1,94.4
2024-01-16 02:48:34,233.82,99.13
2024-01-16 02:51:00,202.2,90.0
2024-01-16 02:53:26,238.05,95.2
2024-01-16 02:55:53,198.95,89.95
2024-01-16 02:58:19,212.82,94.1
2024-01-16 03:00:45,208.52,89.97
2024-01-16 03:03:11,207.43,90.35
2024-01-16 03:05:37,194.25,88.55
2024-01-16 03:08:03,201.05,87.82
2024-01-16 03:10:28,193.5,84.32
2024-01-16 03:12:54,219.85,90.4
2024-01-16 03:15:19,214.55,89.55
2024-01-16 03:17:45,164.27,80.25
2024-01-16 03:20:12,201.45,91.3
2024-01-16 03:22:38,217.27,87.9
2024-01-16 03:25:04,170.98,72.28
2024-01-16 03:27:30,206.75,90.8
2024-01-16 03:29:55,201.55,88.3
2024-01-16 03:32:21,187.13,89.82
2024-01-16 03:34:46,218.05,92.72
2024-01-16 03:37:12,205.23,91.25
2024-01-16 03:39:37,226.95,89.82
2024-01-16 03:42:03,218.02,90.47
2024-01-16 03:44:28,207.8,85.28
2024-01-16 03:46:54,206.9,93.07
2024-01-16 03:49:20,197.02,89.32
2024-01-16 03:51:46,192.2,85.82
2024-01-16 03:54:12,205.63,87.6
2024-01-16 03:56:41,222.38,90.47
2024-01-16 03:59:06,205.55,83.47
2024-01-16 04:01:32,220.95,92.38
2024-01-16 04:03:58,202.48,86.88
2024-01-16 04:06:24,196.52,85.45
2024-01-16 04:08:49,177.35,81.95
2024-01-16 04:11:15,186.98,80.63
2024-01-16 04:13:41,166.3,76.6
2024-01-16 04:16:07,160.43,69.38
2024-01-16 04:18:36,159.52,67.88
2024-01-16 04:21:05,133.68,61.38
2024-01-16 04:23:31,156.85,65.3
2024-01-16 04:25:56,130.23,59.2
2024-01-16 04:28:22,155.32,70.82
2024-01-16 04:30:48,150.57,68.4
2024-01-16 04:33:14,148.48,62.6
2024-01-16 04:35:39,128.6,56.67
2024-01-16 04:38:05,112.22,55.03
2024-01-16 04:40:30,119.68,53.92
2024-01-16 04:42:56,98.05,47.33
2024-01-16 04:45:21,116.57,53.28
2024-01-16 04:47:47,118.4,51.9
2024-01-16 04:50:12,123.4,54.78
2024-01-16 04:52:37,127.03,61.13
2024-01-16 04:55:03,165.8,67.55
2024-01-16 04:57:29,161.88,69.05
2024-01-16 04:59:54,155.45,68.57
2024-01-16 05:02:20,158.18,72.95
2024-01-16 05:04:46,149.82,70.25
2024-01-16 05:07:14,153.2,68.97
2024-01-16 05:09:40,146.55,69.25
2024-01-16 05:12:06,171.75,73.9
2024-01-16 05:14:31,155.0,74.35
2024-01-16 05:16:57,177.5,73.15
2024-01-16 05:19:22,170.18,73.8
2024-01-16 05:21:48,172.15,75.47
2024-01-16 05:24:13,168.52,74.43
2024-01-16 05:26:39,165.07,74.55
2024-01-16 05:29:04,157.1,76.4
2024-01-16 05:31:30,180.73,82.13
2024-01-16 05:33:55,171.93,75.93
2024-01-16 05:36:21,187.82,77.45
2024-01-16 05:38:46,160.07,76.95
2024-01-16 05:41:12,164.4,72.68
2024-01-16 05:43:38,154.65,70.45
2024-01-16 05:46:03,199.43,82.82
2024-01-16 05:48:29,179.85,80.7
2024-01-16 05:50:54,162.32,73.97
2024-01-16 05:53:20,185.82,80.95
2024-01-16 05:55:45,194.55,84.9
2024-01-16 05:58:11,178.32,81.75
2024-01-16 06:00:36,179.93,81.63
2024-01-16 06:03:03,192.3,85.55
2024-01-16 06:05:28,187.07,83.7
2024-01-16 06:07:54,193.55,84.0
2024-01-16 06:10:19,183.05,83.78
2024-01-16 06:12:44,195.05,86.93
2024-01-16 06:15:10,192.6,90.1
2024-01-16 06:17:38,220.7,99.15
2024-01-16 06:20:04,227.6,105.9
2024-01-16 06:22:31,207.27,96.3
2024-01-16 06:24:57,211.35,92.45
2024-01-16 06:27:22,215.02,89.07
2024-01-16 06:29:48,222.32,98.82
2024-01-16 06:32:14,218.9,93.07
2024-01-16 06:34:39,210.18,92.63
2024-01-16 06:37:05,217.68,93.57
2024-01-16 06:39:30,316.63,115.82
2024-01-16 06:41:56,287.9,120.8
2024-01-16 06:44:21,302.25,128.25
2024-01-16 06:46:47,283.55,125.2
2024-01-16 06:49:12,295.98,123.63
2024-01-16 06:51:38,245.55,114.88
2024-01-16 06:54:10,233.3,96.35
2024-01-16 06:56:36,229.18,98.8
2024-01-16 06:59:01,213.35,94.25
2024-01-16 07:01:27,293.7,117.2
2024-01-16 07:03:52,293.17,120.68
2024-01-16 07:06:18,230.75,99.9
2024-01-16 07:08:44,236.55,100.82
2024-01-16 07:11:10,211.85,94.3
2024-01-16 07:13:38,192.7,89.82
2024-01-16 07:16:04,197.93,88.6
2024-01-16 07:18:29,198.27,88.43
2024-01-16 07:20:55,191.75,84.43
2024-01-16 07:23:20,214.13,91.05
2024-01-16 07:25:46,171.2,80.47
2024-01-16 07:28:11,209.52,90.95
2024-01-16 07:30:37,197.38,88.3
2024-01-16 07:33:03,159.02,76.0
2024-01-16 07:35:29,174.02,78.0
2024-01-16 07:37:54,172.95,76.53
2024-01-16 07:40:20,170.85,76.38
2024-01-16 07:42:45,150.23,73.8
2024-01-16 07:45:11,153.45,74.8
2024-01-16 07:47:36,157.07,74.03
2024-01-16 07:50:02,169.5,75.47
2024-01-16 07:52:28,165.52,74.0
2024-01-16 07:54:54,135.25,59.33
2024-01-16 07:57:19,96.47,45.8
2024-01-16 07:59:45,98.93,47.83
2024-01-16 08:02:11,89.38,41.63
2024-01-16 08:04:37,91.68,38.67
2024-01-16 08:07:02,68.95,36.3
2024-01-16 08:09:28,52.78,25.85
2024-01-16 08:11:53,27.38,13.05
2024-01-16 08:14:19,20.75,8.8
2024-01-16 08:16:44,12.77,7.82
2024-01-16 08:19:10,13.8,7.28
2024-01-16 08:21:36,16.95,9.02
2024-01-16 08:24:01,22.83,7.22
2024-01-16 08:26:27,12.3,6.25
2024-01-16 08:28:53,11.1,5.85
2024-01-16 08:31:19,11.7,7.07
2024-01-16 08:33:45,11.6,7.28
2024-01-16 08:36:11,13.07,7.18
2024-01-16 08:38:36,12.73,6.47
2024-01-16 08:41:02,18.3,6.03
2024-01-16 08:43:31,14.13,7.07
2024-01-16 08:45:58,16.65,8.52
2024-01-16 08:48:23,28.13,11.88
2024-01-16 08:50:49,18.35,9.35
2024-01-16 08:53:14,12.8,8.3
2024-01-16 08:55:40,20.85,8.73
2024-01-16 08:58:05,19.88,10.23
2024-01-16 09:00:31,16.15,9.55
2024-01-16 09:02:56,23.38,11.25
2024-01-16 09:05:22,19.35,10.48
2024-01-16 09:07:50,16.73,8.93
2024-01-16 09:10:17,19.25,7.78
2024-01-16 09:12:43,15.27,7.25
2024-01-16 09:15:09,23.85,10.05
2024-01-16 09:17:35,20.42,9.82
2024-01-16 09:20:00,17.23,7.7
2024-01-16 09:22:26,21.77,8.23
2024-01-16 09:24:52,20.83,9.1
2024-01-16 09:27:17,17.13,9.32
2024-01-16 09:29:43,22.7,11.3
2024-01-16 09:32:09,26.23,11.07
2024-01-16 09:34:34,19.88,10.02
2024-01-16 09:37:00,23.48,10.0
2024-01-16 09:39:28,13.25,7.25
2024-01-16 09:41:56,19.5,8.0
2024-01-16 09:44:27,23.1,11.2
2024-01-16 09:46:53,19.1,8.75
2024-01-16 09:49:21,21.17,10.05
2024-01-16 09:51:48,26.0,11.15
2024-01-16 09:54:14,27.83,13.02
2024-01-16 09:56:41,25.9,13.5
2024-01-16 09:59:08,35.8,17.35
2024-01-16 10:01:34,37.13,17.08
2024-01-16 10:04:01,32.65,17.77
2024-01-16 10:06:27,46.5,21.65
2024-01-16 10:08:52,34.38,15.68
2024-01-16 10:11:18,31.08,17.52
2024-01-16 10:13:44,20.52,11.05
2024-01-16 10:16:10,22.83,11.65
2024-01-16 10:18:35,23.02,11.9
2024-01-16 10:21:03,25.33,13.4
2024-01-16 10:23:29,74.72,21.55
2024-01-16 10:28:36,33.25,14.4
2024-01-16 10:33:39,16.8,8.48
2024-01-16 10:36:09,11.9,8.0
2024-01-16 10:41:04,10.93,5.1
2024-01-16 10:43:37,7.82,5.05
2024-01-16 10:46:06,12.3,6.97
2024-01-16 10:48:33,9.98,5.68
2024-01-16 10:50:58,7.75,4.47
2024-01-16 10:53:24,9.07,4.97
2024-01-16 10:55:50,49.85,13.5
2024-01-16 10:58:17,43.25,12.2
2024-01-16 11:00:47,13.95,7.75
2024-01-16 11:03:24,26.6,8.1
2024-01-16 11:05:52,36.22,11.35
2024-01-16 11:08:18,14.48,6.97
2024-01-16 11:10:44,23.35,8.63
2024-01-16 11:13:09,28.45,8.15
2024-01-16 11:15:35,22.77,10.07
2024-01-16 11:18:03,19.98,8.27
2024-01-16 11:20:29,27.85,9.75
2024-01-16 11:22:56,21.67,9.8
2024-01-16 11:25:31,23.0,9.75
2024-01-16 11:28:09,18.9,9.4
2024-01-16 11:30:37,11.7,6.65
2024-01-16 11:33:03,15.52,7.93
2024-01-16 11:35:37,25.35,10.98
2024-01-16 11:38:15,26.85,10.57
2024-01-16 11:40:41,24.08,10.1
2024-01-16 11:45:58,22.5,9.68
2024-01-16 11:48:27,23.33,9.88
2024-01-16 11:50:53,23.5,10.45
2024-01-16 12:01:38,16.67,8.5
2024-01-16 12:04:04,16.83,8.25
2024-01-16 12:06:33,23.65,9.6
2024-01-16 12:09:16,32.17,12.32
2024-01-16 12:11:45,21.73,9.73
2024-01-16 12:14:27,17.3,9.1
2024-01-16 12:16:53,17.33,9.13
2024-01-16 12:19:33,18.55,8.32
2024-01-16 12:21:59,14.95,8.43
2024-01-16 12:24:25,33.35,11.2
2024-01-16 12:26:51,27.33,9.5
2024-01-16 12:29:18,15.23,7.3
2024-01-16 12:31:43,28.13,10.75
2024-01-16 12:34:09,19.83,8.93
2024-01-16 12:36:35,17.4,7.88
2024-01-16 12:39:02,22.13,10.48
2024-01-16 12:41:30,35.53,10.5
2024-01-16 12:43:58,22.1,10.05
2024-01-16 12:46:24,14.55,7.63
2024-01-16 12:48:50,14.27,8.1
2024-01-16 12:51:22,40.63,15.63
2024-01-16 12:53:48,46.17,16.48
2024-01-16 12:56:17,23.38,10.07
2024-01-16 12:58:43,20.73,9.63
2024-01-16 13:03:48,38.65,14.93
2024-01-16 13:06:22,27.92,13.18
2024-01-16 13:09:03,39.63,14.45
2024-01-16 13:11:44,18.7,10.23
2024-01-16 13:14:10,23.85,11.7
2024-01-16 13:16:35,27.92,11.05
2024-01-16 13:19:01,21.48,11.13
2024-01-16 13:21:29,38.83,11.98
2024-01-16 13:23:54,46.0,16.52
2024-01-16 13:26:20,22.6,11.77
2024-01-16 13:28:45,23.73,10.63
2024-01-16 13:31:13,27.85,13.63
2024-01-16 13:33:38,51.13,16.48
2024-01-16 13:36:04,31.92,15.15
2024-01-16 13:38:30,37.03,13.65
2024-01-16 13:40:55,44.5,17.52
2024-01-16 13:43:21,57.85,19.42
2024-01-16 13:48:21,37.03,15.52
2024-01-16 13:50:47,33.67,14.18
2024-01-16 13:53:20,41.97,19.1
2024-01-16 13:59:31,66.28,25.1
2024-01-16 14:01:59,46.2,20.0
2024-01-16 14:04:26,53.47,19.73
2024-01-16 14:13:09,47.6,19.1
2024-01-16 14:15:35,50.8,18.6
2024-01-16 14:18:01,27.15,16.85
2024-01-16 14:20:28,40.58,16.35
2024-01-16 14:22:53,34.3,15.23
2024-01-16 14:25:20,47.58,17.9
2024-01-16 14:27:57,42.08,16.25
2024-01-16 14:30:28,36.8,16.95
2024-01-16 14:32:54,38.2,17.33
2024-01-16 14:35:20,52.85,22.38
2024-01-16 14:37:46,48.4,19.67
2024-01-16 14:40:12,52.17,20.75
2024-01-16 14:42:41,37.63,17.17
2024-01-16 14:45:08,37.33,17.7
2024-01-16 14:47:36,32.47,14.93
2024-01-16 14:50:02,29.08,13.5
2024-01-16 14:52:29,20.67,11.5
2024-01-16 14:54:57,22.48,11.07
2024-01-16 14:57:24,32.05,13.88
2024-01-16 14:59:50,30.73,11.98
2024-01-16 15:02:15,33.42,11.88
2024-01-16 15:04:41,29.08,10.73
2024-01-16 15:07:07,21.8,10.4
2024-01-16 15:09:33,23.83,10.7
2024-01-16 15:12:05,28.42,11.05
2024-01-16 15:14:35,18.9,9.77
2024-01-16 15:17:01,28.7,12.4
2024-01-16 15:19:27,22.98,10.43
2024-01-16 15:21:55,25.77,10.8
2024-01-16 15:24:21,29.48,12.05
2024-01-16 15:26:53,30.8,12.32
2024-01-16 15:29:22,26.75,12.35
2024-01-16 15:31:48,30.67,12.15
2024-01-16 15:34:14,33.15,15.63
2024-01-16 15:36:39,23.38,13.4
2024-01-16 15:39:05,30.95,14.2
2024-01-16 15:41:32,29.35,12.6
2024-01-16 15:43:58,29.23,10.9
2024-01-16 15:46:23,22.42,10.43
2024-01-16 15:48:49,22.05,9.88
2024-01-16 15:51:16,22.48,11.8
2024-01-16 15:53:42,35.92,14.0
2024-01-16 15:56:08,40.65,18.05
2024-01-16 15:58:33,54.47,22.85
2024-01-16 16:01:01,30.67,13.48
2024-01-16 16:03:27,24.23,10.52
2024-01-16 16:05:52,25.02,11.45
2024-01-16 16:08:18,25.02,11.18
2024-01-16 16:10:45,19.48,9.55
2024-01-16 16:13:12,20.05,7.2
2024-01-16 16:15:40,17.55,9.43
2024-01-16 16:18:06,25.92,12.05
2024-01-16 16:20:32,24.13,10.73
2024-01-16 16:22:58,23.67,10.02
2024-01-16 16:25:24,18.45,8.43
2024-01-16 16:27:49,19.35,9.35
2024-01-16 16:30:15,18.27,9.57
2024-01-16 16:32:40,17.1,10.13
2024-01-16 16:35:06,24.8,10.25
2024-01-16 16:37:32,24.88,10.07
2024-01-16 16:39:58,29.13,12.0
2024-01-16 16:42:23,40.85,17.2
2024-01-16 16:44:52,46.1,22.25
2024-01-16 16:47:17,43.58,22.58
2024-01-16 16:49:43,43.2,24.3
2024-01-16 16:52:09,47.22,25.73
2024-01-16 16:54:34,66.35,32.45
2024-01-16 16:57:00,47.22,24.0
2024-01-16 16:59:25,41.6,21.73
2024-01-16 17:01:51,58.53,26.73
2024-01-16 17:04:20,58.8,27.4
2024-01-16 17:06:46,50.08,25.83
2024-01-16 17:09:12,46.75,26.5
2024-01-16 17:11:38,50.6,22.42
2024-01-16 17:14:03,50.72,23.77
2024-01-16 17:16:29,78.32,39.8
2024-01-16 17:18:55,57.6,32.45
2024-01-16 17:21:20,54.0,26.55
2024-01-16 17:23:47,61.08,24.85
2024-01-16 17:26:13,61.4,26.33
2024-01-16 17:28:39,79.2,41.53
2024-01-16 17:31:05,76.47,39.5
2024-01-16 17:33:32,64.93,29.63
2024-01-16 17:35:58,48.8,24.6
2024-01-16 17:38:31,36.42,21.05
2024-01-16 17:40:57,45.8,21.55
2024-01-16 17:43:24,50.67,25.5
2024-01-16 17:45:49,51.3,27.1
2024-01-16 17:48:15,51.75,25.2
2024-01-16 17:50:43,58.35,28.27
2024-01-16 17:53:10,51.0,26.52
2024-01-16 17:55:36,45.08,22.75
2024-01-16 17:58:01,38.92,20.5
2024-01-16 18:00:28,47.6,24.3
2024-01-16 18:03:03,39.58,23.3
2024-01-16 18:05:29,47.4,23.02
2024-01-16 18:07:55,48.28,22.55
2024-01-16 18:10:21,76.4,33.97
2024-01-16 18:12:46,75.47,31.8
2024-01-16 18:15:12,66.55,36.5
2024-01-16 18:17:38,66.9,31.08
2024-01-16 18:20:05,49.9,26.85
2024-01-16 18:22:32,57.0,31.73
2024-01-16 18:24:58,67.45,32.72
2024-01-16 18:27:24,52.92,25.75
2024-01-16 18:29:49,92.05,43.05
2024-01-16 18:32:15,107.13,53.7
2024-01-16 18:34:42,95.28,50.8
2024-01-16 18:37:08,123.72,57.97
2024-01-16 18:39:34,131.63,63.33
2024-01-16 18:42:00,120.28,61.33
2024-01-16 18:44:25,122.55,62.33
2024-01-16 18:46:51,134.73,62.7
2024-01-16 18:49:17,107.5,54.95
2024-01-16 18:51:43,96.0,48.42
2024-01-16 18:54:09,77.88,40.25
2024-01-16 18:56:34,132.0,53.8
2024-01-16 18:59:00,160.05,53.4
2024-01-16 19:01:26,76.8,36.58
2024-01-16 19:03:54,72.38,33.95
2024-01-16 19:06:20,77.57,37.0
2024-01-16 19:08:47,94.07,39.2
2024-01-16 19:11:13,88.85,39.58
2024-01-16 19:13:40,68.43,31.2
2024-01-16 19:16:07,65.93,30.95
2024-01-16 19:18:34,60.2,29.05
2024-01-16 19:21:01,74.15,37.28
2024-01-16 19:23:33,82.5,34.97
2024-01-16 19:25:59,63.95,33.08
2024-01-16 19:28:26,147.88,49.92
2024-01-16 19:30:56,128.32,45.03
2024-01-16 19:33:24,69.6,33.1
2024-01-16 19:35:52,114.05,42.17
2024-01-16 19:38:18,123.32,47.03
2024-01-16 19:40:44,107.15,41.22
2024-01-16 19:43:10,73.85,38.28
2024-01-16 19:45:37,99.18,42.8
2024-01-16 19:48:03,80.6,41.72
2024-01-16 19:50:38,212.1,95.32
2024-01-16 19:53:06,214.0,92.85
2024-01-16 19:55:33,119.88,67.07
2024-01-16 19:57:59,99.45,46.75
2024-01-16 20:00:26,99.1,46.8
2024-01-16 20:02:53,122.5,61.1
2024-01-16 20:05:19,122.93,62.88
2024-01-16 20:07:45,135.4,64.1
2024-01-16 20:10:11,155.63,66.4
2024-01-16 20:12:44,169.32,73.82
2024-01-16 20:15:11,144.23,70.55
2024-01-16 20:17:39,170.5,79.75
2024-01-16 20:20:05,174.5,82.03
2024-01-16 20:22:34,198.02,83.0
2024-01-16 20:25:00,254.8,110.43
2024-01-16 20:27:25,229.73,102.3
2024-01-16 20:29:51,239.65,106.6
2024-01-16 20:32:17,232.25,108.95
2024-01-16 20:34:42,218.95,98.55
2024-01-16 20:37:09,205.43,95.05
2024-01-16 20:39:38,218.07,93.43
2024-01-16 20:42:05,218.93,100.88
2024-01-16 20:44:32,262.95,117.07
2024-01-16 20:46:58,284.75,127.25
2024-01-16 20:49:25,264.88,119.05
2024-01-16 20:51:51,274.48,120.6
2024-01-16 20:54:19,271.05,118.55
2024-01-16 20:56:44,255.98,117.8
2024-01-16 20:59:10,254.82,109.78
2024-01-16 21:01:39,213.57,102.28
2024-01-16 21:04:05,206.5,98.25
2024-01-16 21:06:31,193.6,91.03
2024-01-16 21:08:56,198.65,89.05
2024-01-16 21:11:22,168.98,86.13
2024-01-16 21:13:47,183.6,84.22
2024-01-16 21:16:13,157.43,76.68
2024-01-16 21:18:39,144.43,69.63
2024-01-16 21:21:08,160.48,73.7
2024-01-16 21:23:34,144.23,75.6
2024-01-16 21:26:00,169.8,74.68
2024-01-16 21:28:25,156.9,73.28
2024-01-16 21:30:51,168.05,76.45
2024-01-16 21:33:19,200.3,84.75
2024-01-16 21:35:45,200.05,85.53
2024-01-16 21:38:10,209.77,94.32
2024-01-16 21:40:36,202.45,95.22
2024-01-16 21:43:01,195.43,93.3
2024-01-16 21:45:28,229.48,104.22
2024-01-16 21:47:54,201.5,95.8
2024-01-16 21:50:20,213.65,98.2
2024-01-16 21:52:46,233.5,100.35
2024-01-16 21:55:12,214.0,94.97
2024-01-16 21:57:38,202.13,97.63
2024-01-16 22:00:05,188.82,91.53
2024-01-16 22:02:35,193.65,87.6
2024-01-16 22:05:01,209.23,88.45
2024-01-16 22:07:26,158.88,70.07
2024-01-16 22:09:52,159.3,71.18
2024-01-16 22:12:18,123.85,56.1
2024-01-16 22:14:43,127.7,58.9
2024-01-16 22:17:09,134.25,57.55
2024-01-16 22:19:34,143.38,61.5
2024-01-16 22:22:00,144.32,66.2
2024-01-16 22:24:25,156.4,78.38
2024-01-16 22:26:51,175.05,81.18
2024-01-16 22:29:16,170.7,77.22
2024-01-16 22:31:42,182.13,85.47
2024-01-16 22:34:07,157.9,75.4
2024-01-16 22:36:33,182.05,81.38
2024-01-16 22:39:03,187.02,84.43
2024-01-16 22:41:28,178.93,79.93
2024-01-16 22:43:57,179.73,82.6
2024-01-16 22:46:23,189.02,80.95
2024-01-16 22:48:48,171.05,70.8
2024-01-16 22:51:14,141.32,65.88
2024-01-16 22:53:39,151.85,70.95
2024-01-16 22:56:05,132.85,62.95
2024-01-16 22:58:30,126.82,63.85
2024-01-16 23:00:57,138.55,53.17
2024-01-16 23:03:26,106.82,49.25
2024-01-16 23:05:51,139.88,61.42
2024-01-16 23:08:17,182.13,70.68
2024-01-16 23:10:43,162.18,70.72
2024-01-16 23:13:09,146.0,66.43
2024-01-16 23:15:35,143.88,63.45
2024-01-16 23:18:00,127.45,64.0
2024-01-16 23:20:26,151.38,68.03
2024-01-16 23:22:55,156.82,72.13
2024-01-16 23:25:21,147.27,66.25
2024-01-16 23:27:46,164.32,72.68
2024-01-16 23:30:15,166.93,70.0
2024-01-16 23:32:40,134.45,65.0
2024-01-16 23:35:06,155.1,63.47
2024-01-16 23:37:32,122.85,60.9
2024-01-16 23:39:58,145.85,63.0
2024-01-16 23:42:24,156.6,68.13
2024-01-16 23:44:51,151.73,67.03
2024-01-16 23:47:22,156.4,71.22
2024-01-16 23:49:47,160.2,70.38
2024-01-16 23:52:13,164.57,75.43
2024-01-16 23:54:42,190.32,82.38
2024-01-16 23:57:07,184.52,78.8
2024-01-16 23:59:33,247.82,101.65
2024-01-17 00:01:59,196.85,87.8
2024-01-17 00:04:25,166.02,71.43
2024-01-17 00:06:52,141.85,67.43
2024-01-17 00:09:18,160.27,72.95
2024-01-17 00:11:44,228.2,96.7
2024-01-17 00:14:10,252.82,102.63
2024-01-17 00:16:35,179.77,80.97
2024-01-17 00:19:01,187.68,80.7
2024-01-17 00:21:27,178.63,80.28
2024-01-17 00:23:53,186.8,80.2
2024-01-17 00:26:18,155.98,69.6
2024-01-17 00:28:44,197.5,81.22
2024-01-17 00:31:09,212.27,90.25
2024-01-17 00:33:35,193.38,84.43
2024-01-17 00:36:00,164.25,76.65
2024-01-17 00:38:26,187.5,79.05
2024-01-17 00:40:52,159.18,67.5
2024-01-17 00:43:17,152.75,68.9
2024-01-17 00:45:43,173.73,77.88
2024-01-17 00:48:08,151.68,71.75
2024-01-17 00:50:34,169.0,73.63
2024-01-17 00:52:59,198.23,81.03
2024-01-17 00:55:25,190.98,85.28
2024-01-17 00:57:50,186.2,78.45
2024-01-17 01:00:16,190.48,83.7
2024-01-17 01:02:42,156.0,66.4
2024-01-17 01:05:09,146.3,68.3
2024-01-17 01:07:36,130.55,65.25
2024-01-17 01:10:02,154.05,71.05
2024-01-17 01:12:27,167.68,75.55
2024-01-17 01:14:53,153.43,71.22
2024-01-17 01:17:18,161.18,68.68
2024-01-17 01:19:44,140.85,64.03
2024-01-17 01:22:10,141.93,67.88
2024-01-17 01:24:35,137.32,66.28
2024-01-17 01:27:01,149.88,69.32
2024-01-17 01:29:26,129.18,57.85
2024-01-17 01:31:52,126.82,60.75
2024-01-17 01:34:17,116.78,56.97
2024-01-17 01:36:43,149.48,66.55
2024-01-17 01:39:08,92.78,43.08
2024-01-17 01:41:34,88.3,39.85
2024-01-17 01:43:59,81.78,36.35
2024-01-17 01:46:28,101.18,43.22
2024-01-17 01:48:54,107.4,47.95
2024-01-17 01:51:21,87.88,40.85
2024-01-17 01:53:47,82.28,43.63
2024-01-17 01:56:18,80.13,40.22
2024-01-17 01:58:45,84.53,43.28
2024-01-17 02:01:12,92.78,45.47
2024-01-17 02:03:40,109.18,47.65
2024-01-17 02:06:08,110.25,51.15
2024-01-17 02:08:34,119.8,56.28
2024-01-17 02:11:00,117.85,48.28
2024-01-17 02:13:27,124.28,52.85
2024-01-17 02:15:52,109.63,52.72
2024-01-17 02:18:18,119.3,51.85
2024-01-17 02:20:44,119.03,53.05
2024-01-17 02:23:25,95.47,46.25
2024-01-17 02:25:53,83.72,41.75
2024-01-17 02:28:23,110.95,45.0
2024-01-17 02:30:49,98.32,44.42
2024-01-17 02:33:15,97.82,43.05
2024-01-17 02:35:41,86.4,42.75
2024-01-17 02:38:07,104.35,48.08
2024-01-17 02:40:33,89.1,43.8
2024-01-17 02:42:58,115.38,48.67
2024-01-17 02:45:24,92.18,44.78
2024-01-17 02:47:49,105.43,45.67
2024-01-17 02:50:15,92.7,51.53
2024-01-17 02:52:41,97.97,46.78
2024-01-17 02:55:10,114.38,44.92
2024-01-17 02:57:37,129.65,54.63
2024-01-17 03:00:03,120.25,54.38
2024-01-17 03:02:29,107.32,47.0
2024-01-17 03:04:55,125.45,51.33
2024-01-17 03:07:20,121.45,55.83
2024-01-17 03:09:46,100.1,47.88
2024-01-17 03:12:11,128.98,51.83
2024-01-17 03:14:37,101.72,50.17
2024-01-17 03:17:02,104.65,51.7
2024-01-17 03:19:28,76.68,38.8
2024-01-17 03:21:54,79.85,41.2
2024-01-17 03:24:20,100.25,48.75
2024-01-17 03:26:45,83.75,41.78
2024-01-17 03:29:11,80.65,39.8
2024-01-17 03:31:36,98.25,38.5
2024-01-17 03:34:03,75.95,36.55
2024-01-17 03:36:28,86.05,39.53
2024-01-17 03:38:54,117.07,48.65
2024-01-17 03:41:20,119.25,50.22
2024-01-17 03:43:45,106.43,50.5
2024-01-17 03:46:11,88.4,44.72
2024-01-17 03:48:36,96.3,46.55
2024-01-17 03:51:02,116.5,52.15
2024-01-17 03:53:27,96.85,52.28
2024-01-17 03:55:53,97.95,49.58
2024-01-17 03:58:18,110.57,57.13
2024-01-17 04:00:44,115.8,54.33
2024-01-17 04:03:12,129.6,55.92
2024-01-17 04:05:38,114.03,57.3
2024-01-17 04:08:05,111.97,55.08
2024-01-17 04:10:31,113.88,53.9
2024-01-17 04:12:56,128.73,56.6
2024-01-17 04:15:23,127.47,54.78
2024-01-17 04:17:49,106.13,49.58
2024-01-17 04:20:14,100.35,44.42
2024-01-17 04:22:40,90.72,45.2
2024-01-17 04:25:05,88.47,45.78
2024-01-17 04:27:31,92.53,44.47
2024-01-17 04:29:57,65.88,35.1
2024-01-17 04:32:23,78.43,39.85
2024-01-17 04:34:49,92.32,40.47
2024-01-17 04:37:15,73.63,38.05
2024-01-17 04:39:41,84.88,38.4
2024-01-17 04:42:06,72.18,34.3
2024-01-17 04:44:32,72.35,33.83
2024-01-17 04:46:58,68.53,35.42
2024-01-17 04:49:24,70.72,30.45
2024-01-17 04:51:56,68.18,33.78
2024-01-17 04:54:22,66.82,32.53
2024-01-17 04:56:48,68.28,32.05
2024-01-17 04:59:14,64.9,28.1
2024-01-17 05:01:39,65.63,30.1
2024-01-17 05:04:05,105.85,38.88
2024-01-17 05:06:30,86.3,36.45
2024-01-17 05:08:57,80.9,35.65
2024-01-17 05:11:24,66.22,30.83
2024-01-17 05:13:50,66.47,30.3
2024-01-17 05:16:15,68.68,31.35
2024-01-17 05:18:41,70.05,32.97
2024-01-17 05:21:06,61.88,31.35
2024-01-17 05:23:32,66.38,31.13
2024-01-17 05:25:57,55.55,26.67
2024-01-17 05:28:23,77.28,34.95
2024-01-17 05:30:48,56.9,27.6
2024-01-17 05:33:14,86.35,41.05
2024-01-17 05:35:40,63.55,33.4
2024-01-17 05:38:05,65.28,33.78
2024-01-17 05:40:31,63.67,29.08
2024-01-17 05:42:57,74.28,32.35
2024-01-17 05:45:22,47.7,27.25
2024-01-17 05:47:48,74.15,33.78
2024-01-17 05:50:13,72.72,33.13
2024-01-17 05:52:43,67.1,34.45
2024-01-17 05:55:14,75.2,33.88
2024-01-17 05:57:40,72.28,35.78
2024-01-17 06:00:07,68.25,34.22
2024-01-17 06:02:34,81.43,34.25
2024-01-17 06:05:00,75.55,35.35
2024-01-17 06:07:27,106.55,45.53
2024-01-17 06:09:53,120.88,46.8
2024-01-17 06:12:18,97.45,41.67
2024-01-17 06:14:44,81.65,40.8
2024-01-17 06:17:10,77.6,37.47
2024-01-17 06:19:36,80.75,37.38
2024-01-17 06:22:01,81.93,36.92
2024-01-17 06:24:27,75.45,37.0
2024-01-17 06:26:53,98.0,39.0
2024-01-17 06:29:18,86.22,43.5
2024-01-17 06:31:44,88.25,40.03
2024-01-17 06:34:09,77.3,38.65
2024-01-17 06:36:35,72.85,38.65
2024-01-17 06:39:00,76.38,39.2
2024-01-17 06:41:26,81.43,38.28
2024-01-17 06:43:51,106.95,53.53
2024-01-17 06:46:17,122.55,51.53
2024-01-17 06:48:43,108.03,58.15
2024-01-17 06:51:08,123.7,52.8
2024-01-17 06:53:34,97.0,47.17
2024-01-17 06:56:01,120.6,54.78
2024-01-17 06:58:26,111.07,50.05
2024-01-17 07:00:52,104.22,52.85
2024-01-17 07:03:22,127.3,58.05
2024-01-17 07:05:48,133.05,60.7
2024-01-17 07:08:13,122.4,57.15
2024-01-17 07:10:39,121.0,55.92
2024-01-17 07:13:05,118.03,52.6
2024-01-17 07:15:31,122.47,53.7
2024-01-17 07:17:56,113.4,58.1
2024-01-17 07:20:23,117.72,54.9
2024-01-17 07:22:48,116.72,56.85
2024-01-17 07:25:14,138.57,58.1
2024-01-17 07:27:40,119.47,57.2
2024-01-17 07:30:06,122.28,61.97
2024-01-17 07:32:35,119.03,61.15
2024-01-17 07:35:00,120.4,61.55
2024-01-17 07:37:26,112.18,61.33
2024-01-17 07:39:52,105.3,57.72
2024-01-17 07:42:17,113.47,59.9
2024-01-17 07:44:46,108.28,59.08
2024-01-17 07:47:12,124.1,61.03
2024-01-17 07:49:38,120.28,61.05
2024-01-17 07:52:04,132.1,64.35
2024-01-17 07:54:30,117.4,58.75
2024-01-17 07:56:56,128.32,60.33
2024-01-17 07:59:22,131.9,67.15
2024-01-17 08:01:47,145.25,68.8
2024-01-17 08:04:15,143.43,71.75
2024-01-17 08:06:41,142.7,67.57
2024-01-17 08:09:08,138.48,72.88
2024-01-17 08:11:46,143.15,71.93
2024-01-17 08:14:15,121.2,66.68
2024-01-17 08:16:45,128.0,65.1
2024-01-17 08:19:11,138.38,66.55
2024-01-17 08:21:37,132.2,65.3
2024-01-17 08:24:03,133.32,69.22
2024-01-17 08:26:29,139.68,68.88
2024-01-17 08:28:55,146.02,73.15
2024-01-17 08:31:21,147.1,72.68
2024-01-17 08:33:47,125.15,66.05
2024-01-17 08:36:14,129.55,68.1
2024-01-17 08:38:40,142.88,74.32
2024-01-17 08:41:06,123.1,69.22
2024-01-17 08:43:33,143.48,72.78
2024-01-17 08:46:01,143.9,69.65
2024-01-17 08:48:27,156.25,70.57
2024-01-17 08:50:53,136.23,68.6
2024-01-17 08:53:19,126.32,63.72
2024-01-17 08:55:45,126.53,68.88
2024-01-17 08:58:11,132.63,67.8
2024-01-17 09:00:36,129.75,69.13
2024-01-17 09:03:02,123.85,69.03
2024-01-17 09:05:29,131.2,70.45
2024-01-17 09:07:55,124.47,66.15
2024-01-17 09:10:22,146.6,73.2
2024-01-17 09:12:47,167.65,87.0
2024-01-17 09:15:14,123.9,66.3
2024-01-17 09:17:40,130.38,68.45
2024-01-17 09:20:06,117.93,64.55
2024-01-17 09:22:32,119.65,62.38
2024-01-17 09:24:58,117.13,62.8
2024-01-17 09:27:26,110.82,60.95
2024-01-17 09:29:52,104.43,58.85
2024-01-17 09:32:18,116.72,63.8
2024-01-17 09:34:44,112.25,57.45
2024-01-17 09:37:13,109.55,58.9
2024-01-17 09:39:39,99.68,55.15
2024-01-17 09:42:05,107.43,58.35
2024-01-17 09:44:31,93.6,51.9
2024-01-17 09:46:57,95.53,47.22
2024-01-17 09:49:26,96.53,51.63
2024-01-17 09:51:55,90.7,49.25
2024-01-17 09:54:22,76.25,42.3
2024-01-17 09:56:50,87.65,45.55
2024-01-17 09:59:16,143.1,65.28
2024-01-17 10:01:47,79.18,44.05
2024-01-17 10:04:12,83.15,43.38
2024-01-17 10:06:39,83.72,43.97
2024-01-17 10:09:07,84.75,44.55
2024-01-17 10:11:34,98.88,46.42
2024-01-17 10:14:00,80.47,42.6
2024-01-17 10:16:26,76.9,41.03
2024-01-17 10:18:53,73.65,40.78
2024-01-17 10:21:19,76.7,41.63
2024-01-17 10:23:45,93.68,50.45
2024-01-17 10:26:11,89.68,46.05
2024-01-17 10:28:36,85.1,45.55
2024-01-17 10:31:02,87.78,46.47
2024-01-17 10:33:30,86.3,49.33
2024-01-17 10:35:59,96.45,46.85
2024-01-17 10:38:33,95.0,49.08
2024-01-17 10:41:03,77.07,39.85
2024-01-17 10:43:30,67.22,36.8
2024-01-17 10:45:56,73.38,38.33
2024-01-17 10:48:22,65.13,36.83
2024-01-17 10:50:52,67.38,34.6
2024-01-17 10:53:28,79.63,39.0
2024-01-17 10:55:55,72.32,39.6
2024-01-17 10:58:28,66.35,36.97
2024-01-17 11:00:55,73.7,38.35
2024-01-17 11:03:21,71.47,36.88
2024-01-17 11:05:54,74.57,40.9
2024-01-17 11:08:21,84.2,40.85
2024-01-17 11:10:47,73.6,40.9
2024-01-17 11:13:16,75.65,40.33
2024-01-17 11:15:43,83.2,39.65
2024-01-17 11:18:11,82.1,43.13
2024-01-17 11:20:38,60.9,32.95
2024-01-17 11:26:18,58.6,30.3
2024-01-17 11:29:02,74.03,32.2
2024-01-17 11:33:59,49.55,27.55
2024-01-17 11:36:41,48.8,27.08
2024-01-17 11:39:11,59.42,26.15
2024-01-17 11:41:44,47.17,27.25
2024-01-17 11:44:12,49.45,30.77
2024-01-17 11:46:38,56.4,27.13
2024-01-17 11:49:04,65.25,31.42
2024-01-17 11:51:34,59.05,32.5
2024-01-17 11:54:04,64.1,34.3
2024-01-17 11:56:31,56.03,32.03
2024-01-17 11:58:57,59.58,31.58
2024-01-17 12:04:11,54.58,30.98
2024-01-17 12:06:51,63.5,33.33
2024-01-17 12:09:20,67.78,28.95
2024-01-17 12:11:46,47.05,25.7
2024-01-17 12:14:21,49.97,25.67
2024-01-17 12:16:47,42.75,24.48
2024-01-17 12:19:17,40.08,21.63
2024-01-17 12:21:43,37.08,23.6
2024-01-17 12:24:09,36.97,21.35
2024-01-17 12:26:39,43.08,20.08
2024-01-17 12:29:06,42.95,21.63
2024-01-17 12:31:33,37.92,20.9
2024-01-17 12:33:59,43.53,22.4
2024-01-17 12:36:27,40.17,23.63
2024-01-17 12:38:54,47.67,22.45
2024-01-17 12:41:20,45.7,23.73
2024-01-17 12:43:45,43.6,24.52
2024-01-17 12:46:11,43.38,23.27
2024-01-17 12:48:37,52.4,25.55
2024-01-17 12:51:04,54.72,28.63
2024-01-17 12:53:33,54.5,28.55
2024-01-17 12:55:59,55.67,31.15
2024-01-17 12:58:25,57.25,33.13
2024-01-17 13:00:54,51.33,29.27
2024-01-17 13:03:21,45.58,24.67
2024-01-17 13:05:57,54.6,25.83
2024-01-17 13:08:31,50.92,26.95
2024-01-17 13:10:57,48.8,25.98
2024-01-17 13:13:23,50.9,28.05
2024-01-17 13:15:53,60.63,31.85
2024-01-17 13:18:20,53.75,28.33
2024-01-17 13:20:46,58.42,27.13
2024-01-17 13:23:12,58.03,32.8
2024-01-17 13:25:41,45.78,28.1
2024-01-17 13:28:07,46.33,30.7
2024-01-17 13:30:34,54.78,30.75
2024-01-17 13:33:06,54.0,31.17
2024-01-17 13:35:38,59.1,34.25
2024-01-17 13:38:05,52.75,29.75
2024-01-17 13:40:32,53.6,30.98
2024-01-17 13:43:02,58.1,30.0
2024-01-17 13:45:29,56.85,31.75
2024-01-17 13:47:56,55.9,32.13
2024-01-17 13:50:24,64.65,30.38
2024-01-17 13:52:51,60.53,30.85
2024-01-17 13:55:20,52.3,28.75
2024-01-17 13:57:51,51.53,30.45
2024-01-17 14:00:18,57.63,31.48
2024-01-17 14:02:55,58.85,34.05
2024-01-17 14:05:25,59.9,29.58
2024-01-17 14:07:52,69.13,31.67
2024-01-17 14:10:17,60.63,32.38
2024-01-17 14:12:44,58.7,31.98
2024-01-17 14:15:10,60.03,31.1
2024-01-17 14:17:36,58.9,31.15
2024-01-17 14:20:02,53.78,30.45
2024-01-17 14:22:30,60.25,30.4
2024-01-17 14:24:57,59.13,30.45
2024-01-17 14:27:22,69.6,33.78
2024-01-17 14:29:49,60.0,31.95
2024-01-17 14:32:15,65.75,30.85
2024-01-17 14:34:44,57.78,30.45
2024-01-17 14:37:10,62.7,31.9
2024-01-17 14:39:36,57.03,31.3
2024-01-17 14:42:03,65.85,33.85
2024-01-17 14:44:32,59.53,31.3
2024-01-17 14:46:58,60.33,31.77
2024-01-17 14:49:24,55.78,30.25
2024-01-17 14:51:49,66.7,38.88
2024-01-17 14:54:18,80.6,43.97
2024-01-17 14:56:46,83.32,42.65
2024-01-17 14:59:12,82.45,40.35
2024-01-17 15:01:38,69.75,39.5
2024-01-17 15:04:04,159.93,63.6
2024-01-17 15:06:30,147.13,58.33
2024-01-17 15:08:56,128.57,54.2
2024-01-17 15:11:22,192.38,83.43
2024-01-17 15:13:48,126.85,60.38
2024-01-17 15:16:23,110.97,53.3
2024-01-17 15:18:49,97.22,49.15
2024-01-17 15:21:16,95.97,44.8
2024-01-17 15:23:42,67.28,36.85
2024-01-17 15:26:08,61.7,34.3
2024-01-17 15:28:34,74.2,38.22
2024-01-17 15:31:03,87.28,41.22
2024-01-17 15:33:30,100.22,47.08
2024-01-17 15:35:56,135.98,62.78
2024-01-17 15:38:22,122.03,55.53
2024-01-17 15:40:48,95.38,47.85
2024-01-17 15:43:26,84.22,43.22
2024-01-17 15:45:52,89.0,44.08
2024-01-17 15:48:20,89.63,42.55
2024-01-17 15:50:46,94.25,45.47
2024-01-17 15:53:11,99.82,47.17
2024-01-17 15:55:39,95.18,49.28
2024-01-17 15:58:06,104.7,50.67
2024-01-17 16:00:32,112.22,51.25
2024-01-17 16:02:58,133.88,58.35
2024-01-17 16:05:24,106.45,51.28
2024-01-17 16:07:49,100.7,46.03
2024-01-17 16:10:15,81.8,40.78
2024-01-17 16:12:40,77.53,38.55
2024-01-17 16:15:10,81.53,43.35
2024-01-17 16:17:37,84.6,39.4
2024-01-17 16:20:03,84.72,45.28
2024-01-17 16:22:29,94.78,45.78
2024-01-17 16:24:54,86.15,42.67
2024-01-17 16:27:20,94.55,48.6
2024-01-17 16:29:45,102.82,51.0
2024-01-17 16:32:11,126.7,62.1
2024-01-17 16:34:40,137.8,65.18
2024-01-17 16:37:06,168.52,68.22
2024-01-17 16:39:32,152.85,68.07
2024-01-17 16:41:57,155.57,67.82
2024-01-17 16:44:23,126.55,56.4
2024-01-17 16:46:49,155.57,67.5
2024-01-17 16:49:14,179.3,78.9
2024-01-17 16:51:40,191.3,82.05
2024-01-17 16:54:05,194.73,88.93
2024-01-17 16:56:32,171.05,79.72
2024-01-17 16:58:58,185.07,86.95
2024-01-17 17:01:24,244.6,104.2
2024-01-17 17:03:50,246.1,100.47
2024-01-17 17:06:15,222.32,98.63
2024-01-17 17:08:41,233.52,104.75
2024-01-17 17:11:06,318.98,135.02
2024-01-17 17:13:33,346.08,141.77
2024-01-17 17:16:00,265.15,121.45
2024-01-17 17:18:26,257.52,115.28
2024-01-17 17:20:52,237.13,106.5
2024-01-17 17:23:17,198.65,94.22
2024-01-17 17:25:43,233.23,99.6
2024-01-17 17:28:08,192.82,84.55
2024-01-17 17:30:34,121.07,60.8
2024-01-17 17:33:00,139.07,60.4
2024-01-17 17:35:27,148.57,66.88
2024-01-17 17:37:52,232.57,106.35
2024-01-17 17:40:18,264.1,122.88
2024-01-17 17:42:44,249.65,109.15
2024-01-17 17:45:09,242.98,110.22
2024-01-17 17:47:35,275.1,117.82
2024-01-17 17:50:01,250.65,110.95
2024-01-17 17:52:27,213.85,104.43
2024-01-17 17:54:55,238.2,100.85
2024-01-17 17:57:25,204.23,92.57
2024-01-17 17:59:52,202.3,97.8
2024-01-17 18:02:17,192.8,91.43
2024-01-17 18:04:43,204.82,97.7
2024-01-17 18:07:10,221.52,99.5
2024-01-17 18:09:36,195.82,91.35
2024-01-17 18:12:01,198.73,96.68
2024-01-17 18:14:27,223.05,104.95
2024-01-17 18:16:52,243.3,106.7
2024-01-17 18:19:18,229.43,103.93
2024-01-17 18:21:43,223.65,106.45
2024-01-17 18:24:10,237.93,116.05
2024-01-17 18:26:35,250.77,113.13
2024-01-17 18:29:01,238.98,112.13
2024-01-17 18:31:28,235.88,117.72
2024-01-17 18:33:53,221.5,104.63
2024-01-17 18:36:19,234.88,112.78
2024-01-17 18:38:45,222.05,112.35
2024-01-17 18:41:10,237.18,113.68
2024-01-17 18:43:37,198.45,93.03
2024-01-17 18:46:03,202.27,93.78
2024-01-17 18:48:29,190.68,96.07
2024-01-17 18:50:55,211.5,99.78
2024-01-17 18:53:20,192.75,94.1
2024-01-17 18:55:46,231.85,104.38
2024-01-17 18:58:13,255.82,112.6
2024-01-17 19:00:42,246.13,109.82
2024-01-17 19:03:09,243.88,109.93
2024-01-17 19:05:34,224.9,108.8
2024-01-17 19:08:03,286.02,122.75
2024-01-17 19:10:33,250.65,113.35
2024-01-17 19:12:59,259.08,106.95
2024-01-17 19:15:24,222.98,98.65
2024-01-17 19:17:52,196.98,85.05
2024-01-17 19:20:17,222.23,101.82
2024-01-17 19:22:43,224.3,103.97
2024-01-17 19:25:08,313.7,140.2
2024-01-17 19:27:34,253.77,116.63
2024-01-17 19:30:01,237.0,105.72
2024-01-17 19:32:28,282.88,127.47
2024-01-17 19:34:54,243.07,115.25
2024-01-17 19:37:19,247.35,116.72
2024-01-17 19:39:45,233.75,105.18
2024-01-17 19:42:11,241.07,110.6
2024-01-17 19:44:37,240.5,115.93
2024-01-17 19:47:03,213.25,97.22
2024-01-17 19:49:28,185.98,90.88
2024-01-17 19:51:54,202.65,97.53
2024-01-17 19:54:20,203.8,94.22
2024-01-17 19:56:45,223.77,101.68
2024-01-17 19:59:11,246.45,106.45
2024-01-17 20:01:36,215.63,102.55
2024-01-17 20:04:02,251.73,115.22
2024-01-17 20:06:27,266.15,117.63
2024-01-17 20:08:53,232.95,111.57
2024-01-17 20:11:19,237.23,110.38
2024-01-17 20:13:45,229.4,112.85
2024-01-17 20:16:17,215.38,99.05
2024-01-17 20:18:42,235.02,109.38
2024-01-17 20:21:18,280.02,127.3
2024-01-17 20:23:45,284.5,129.55
2024-01-17 20:26:10,325.5,151.52
2024-01-17 20:28:36,320.83,156.55
2024-01-17 20:31:01,351.1,157.52
2024-01-17 20:33:26,226.4,110.95
2024-01-17 20:35:52,283.65,129.35
2024-01-17 20:38:18,288.65,136.1
2024-01-17 20:40:44,243.5,111.88
2024-01-17 20:43:09,258.13,116.85
2024-01-17 20:45:35,250.93,112.9
2024-01-17 20:48:00,246.55,111.1
2024-01-17 20:50:26,259.45,118.57
2024-01-17 20:52:51,266.27,119.63
2024-01-17 20:55:17,243.8,115.43
2024-01-17 20:57:42,252.1,115.47
2024-01-17 21:00:09,227.77,106.68
2024-01-17 21:02:38,220.85,103.88
2024-01-17 21:05:06,206.4,96.82
2024-01-17 21:07:32,199.45,98.63
2024-01-17 21:09:58,214.3,102.97
2024-01-17 21:12:24,247.73,114.05
2024-01-17 21:14:49,245.7,115.15
2024-01-17 21:17:15,256.27,119.2
2024-01-17 21:19:40,246.6,117.22
2024-01-17 21:22:06,237.73,117.47
2024-01-17 21:24:32,223.73,107.5
2024-01-17 21:26:58,237.18,116.55
2024-01-17 21:29:24,229.5,113.85
2024-01-17 21:31:49,273.75,118.75
2024-01-17 21:34:17,259.0,113.68
2024-01-17 21:36:42,211.98,106.9
2024-01-17 21:39:08,212.32,100.7
2024-01-17 21:41:34,196.98,95.35
2024-01-17 21:44:00,212.6,94.6
2024-01-17 21:46:26,182.75,89.75
2024-01-17 21:48:53,204.32,93.32
2024-01-17 21:51:19,182.2,93.53
2024-01-17 21:53:45,186.35,92.78
2024-01-17 21:56:11,185.6,86.95
2024-01-17 21:58:37,170.1,90.13
2024-01-17 22:01:03,177.98,88.53
2024-01-17 22:03:28,182.4,90.4
2024-01-17 22:05:55,183.23,89.2
2024-01-17 22:08:21,179.02,87.45
2024-01-17 22:10:47,164.2,84.25
2024-01-17 22:13:15,159.02,81.45
2024-01-17 22:15:40,149.05,78.32
2024-01-17 22:18:06,151.7,76.35
2024-01-17 22:20:31,173.77,84.97
2024-01-17 22:22:57,166.73,80.32
2024-01-17 22:25:23,162.68,78.28
2024-01-17 22:27:51,178.35,81.95
2024-01-17 22:30:17,169.8,83.78
2024-01-17 22:32:43,165.73,81.1
2024-01-17 22:35:09,179.32,88.28
2024-01-17 22:37:35,190.88,88.05
2024-01-17 22:40:00,202.45,96.22
2024-01-17 22:42:26,193.27,94.35
2024-01-17 22:44:51,219.88,104.1
2024-01-17 22:47:19,192.05,96.07
2024-01-17 22:49:44,200.02,100.18
2024-01-17 22:52:11,213.38,104.35
2024-01-17 22:54:37,198.77,99.2
2024-01-17 22:57:03,235.32,108.75
2024-01-17 22:59:29,217.25,102.03
2024-01-17 23:01:54,200.82,94.05
2024-01-17 23:04:20,166.93,86.68
2024-01-17 23:06:45,179.4,84.32
2024-01-17 23:09:11,183.43,88.22
2024-01-17 23:11:36,184.9,89.25
2024-01-17 23:14:03,185.93,92.55
2024-01-17 23:16:29,173.25,86.15
2024-01-17 23:18:54,152.32,80.75
2024-01-17 23:21:20,155.88,80.72
2024-01-17 23:23:46,164.75,80.25
2024-01-17 23:26:12,184.6,89.25
2024-01-17 23:28:38,169.13,79.8
2024-01-17 23:31:03,167.32,82.5
2024-01-17 23:33:29,174.52,81.82
2024-01-17 23:35:55,160.35,78.4
2024-01-17 23:38:22,173.18,80.15
2024-01-17 23:40:47,146.27,77.35
2024-01-17 23:43:13,134.93,69.47
2024-01-17 23:45:38,148.65,67.7
2024-01-17 23:48:04,131.13,63.42
2024-01-17 23:50:29,130.32,63.45
2024-01-17 23:52:55,150.25,70.45
2024-01-17 23:55:20,152.35,72.72
2024-01-17 23:57:46,136.77,70.63
2024-01-18 00:00:11,149.88,73.72
2024-01-18 00:02:38,163.02,79.65
2024-01-18 00:05:04,132.05,66.9
2024-01-18 00:07:31,123.18,62.35
2024-01-18 00:09:57,111.22,56.6
2024-01-18 00:12:22,121.7,61.7
2024-01-18 00:14:48,116.03,59.8
2024-01-18 00:17:13,120.45,61.67
2024-01-18 00:19:39,121.25,59.6
2024-01-18 00:22:05,110.65,54.38
2024-01-18 00:24:30,101.5,52.03
2024-01-18 00:26:56,128.18,58.72
2024-01-18 00:29:21,126.63,60.3
2024-01-18 00:31:47,131.0,62.42
2024-01-18 00:34:12,119.03,59.28
2024-01-18 00:36:38,119.25,60.6
2024-01-18 00:39:03,118.15,61.3
2024-01-18 00:41:36,153.75,67.72
2024-01-18 00:44:03,169.88,78.7
2024-01-18 00:46:28,163.57,73.88
2024-01-18 00:48:54,174.48,81.03
2024-01-18 00:51:19,162.05,77.82
2024-01-18 00:53:45,172.55,76.8
2024-01-18 00:56:10,149.18,72.3
2024-01-18 00:58:36,163.68,81.57
2024-01-18 01:01:02,164.6,79.05
2024-01-18 01:03:28,145.93,75.43
2024-01-18 01:05:54,150.02,71.07
2024-01-18 01:08:19,161.65,77.53
2024-01-18 01:10:45,169.2,79.38
2024-01-18 01:13:10,142.77,71.78
2024-01-18 01:15:36,151.73,72.45
2024-01-18 01:18:01,134.25,62.22
2024-01-18 01:20:27,134.4,63.65
2024-01-18 01:22:53,113.3,57.4
2024-01-18 01:25:19,111.4,60.25
2024-01-18 01:27:44,115.85,57.13
2024-01-18 01:30:10,119.05,56.53
2024-01-18 01:32:36,114.75,56.9
2024-01-18 01:35:01,111.53,54.25
2024-01-18 01:37:27,111.13,53.92
2024-01-18 01:39:52,102.55,52.5
2024-01-18 01:42:18,107.0,51.95
2024-01-18 01:44:43,109.07,53.0
2024-01-18 01:47:09,105.43,49.45
2024-01-18 01:49:34,98.8,50.03
2024-01-18 01:52:00,91.3,45.6
2024-01-18 01:54:26,95.8,45.0
2024-01-18 01:56:54,97.75,48.53
2024-01-18 01:59:22,100.07,48.92
2024-01-18 02:01:48,118.28,54.7
2024-01-18 02:04:14,96.15,49.47
2024-01-18 02:06:40,107.0,47.33
2024-01-18 02:09:05,108.3,49.92
2024-01-18 02:11:31,101.5,52.0
2024-01-18 02:13:57,112.25,53.85
2024-01-18 02:16:23,104.97,52.85
2024-01-18 02:18:49,115.65,54.1
2024-01-18 02:21:14,115.72,56.4
2024-01-18 02:23:46,110.18,57.1
2024-01-18 02:26:13,112.68,55.55
2024-01-18 02:28:52,107.3,53.83
2024-01-18 02:31:19,106.25,54.65
2024-01-18 02:33:45,108.15,52.28
2024-01-18 02:36:10,104.13,51.83
2024-01-18 02:38:36,109.35,51.85
2024-01-18 02:41:01,109.57,54.5
2024-01-18 02:43:27,101.9,48.85
2024-01-18 02:45:53,106.43,51.8
2024-01-18 02:48:18,111.25,54.83
2024-01-18 02:50:44,106.5,53.1
2024-01-18 02:53:09,95.97,49.9
2024-01-18 02:55:35,94.45,48.45
2024-01-18 02:58:00,100.7,47.35
2024-01-18 03:00:26,112.15,50.42
2024-01-18 03:02:52,95.07,45.05
2024-01-18 03:05:17,98.0,48.53
2024-01-18 03:07:43,103.18,46.95
2024-01-18 03:10:08,97.0,48.95
2024-01-18 03:12:34,97.22,46.83
2024-01-18 03:15:03,103.82,49.17
2024-01-18 03:17:30,104.32,46.38
2024-01-18 03:19:56,88.18,46.97
2024-01-18 03:22:22,102.68,49.92
2024-01-18 03:24:48,94.28,46.2
2024-01-18 03:27:15,99.55,47.42
2024-01-18 03:29:42,96.0,48.15
2024-01-18 03:32:07,105.3,51.97
2024-01-18 03:34:33,104.88,47.63
2024-01-18 03:36:58,95.93,47.92
2024-01-18 03:39:24,102.47,49.42
2024-01-18 03:41:49,99.68,48.85
2024-01-18 03:44:15,87.6,44.95
2024-01-18 03:46:41,86.38,43.5
2024-01-18 03:49:06,90.03,43.58
2024-01-18 03:51:31,88.2,44.0
2024-01-18 03:53:57,77.75,40.45
2024-01-18 03:56:22,84.85,43.1
2024-01-18 03:58:48,93.45,46.38
2024-01-18 04:01:13,93.57,43.22
2024-01-18 04:03:39,81.45,42.7
2024-01-18 04:06:07,99.82,48.9
2024-01-18 04:08:36,98.28,47.67
2024-01-18 04:11:03,86.95,44.53
2024-01-18 04:13:28,81.93,44.1
2024-01-18 04:15:54,89.9,45.85
2024-01-18 04:18:19,91.63,44.7
2024-01-18 04:20:45,103.47,45.08
2024-01-18 04:23:10,87.32,43.3
2024-01-18 04:25:36,82.3,41.35
2024-01-18 04:28:01,91.55,44.08
2024-01-18 04:30:27,94.4,48.13
2024-01-18 04:32:52,89.32,44.63
2024-01-18 04:35:18,81.68,42.42
2024-01-18 04:37:43,86.85,42.15
2024-01-18 04:40:09,92.05,44.38
2024-01-18 04:42:35,91.47,43.53
2024-01-18 04:45:00,84.32,42.2
2024-01-18 04:47:26,90.5,42.6
2024-01-18 04:49:52,92.32,43.53
2024-01-18 04:52:17,107.45,49.65
2024-01-18 04:54:42,103.4,45.8
2024-01-18 04:57:08,99.0,45.72
2024-01-18 04:59:34,93.93,42.9
2024-01-18 05:01:59,78.78,37.72
2024-01-18 05:04:25,69.05,36.2
2024-01-18 05:06:51,75.82,41.58
2024-01-18 05:09:17,86.03,41.35
2024-01-18 05:11:43,74.95,38.2
2024-01-18 05:14:09,79.4,38.03
2024-01-18 05:16:35,70.47,36.25
2024-01-18 05:19:05,76.55,38.72
2024-01-18 05:21:36,76.68,36.05
2024-01-18 05:24:01,80.35,41.63
2024-01-18 05:26:27,84.0,43.55
2024-01-18 05:28:52,85.8,41.9
2024-01-18 05:31:18,93.8,48.1
2024-01-18 05:33:43,113.53,56.15
2024-01-18 05:36:09,101.82,51.6
2024-01-18 05:38:34,90.25,46.47
2024-01-18 05:41:00,78.03,39.38
2024-01-18 05:43:25,73.28,42.28
2024-01-18 05:45:51,71.6,36.58
2024-01-18 05:48:16,86.38,42.17
2024-01-18 05:50:42,84.78,42.17
2024-01-18 05:53:07,89.78,42.35
2024-01-18 05:55:33,83.78,41.78
2024-01-18 05:57:59,74.68,40.42
2024-01-18 06:00:25,84.03,39.28
2024-01-18 06:02:51,69.03,36.08
2024-01-18 06:05:16,83.5,40.45
2024-01-18 06:07:42,84.32,45.2
2024-01-18 06:10:07,97.75,49.75
2024-01-18 06:12:33,103.57,45.78
2024-01-18 06:14:59,101.57,49.17
2024-01-18 06:17:25,102.47,48.63
2024-01-18 06:19:51,90.63,44.1
2024-01-18 06:22:16,80.35,36.8
2024-01-18 06:24:42,80.0,37.28
2024-01-18 06:27:07,76.75,38.25
2024-01-18 06:29:33,80.45,36.75
2024-01-18 06:31:59,92.93,44.7
2024-01-18 06:34:25,89.25,40.85
2024-01-18 06:36:50,88.75,43.58
2024-01-18 06:39:16,92.1,43.42
2024-01-18 06:41:42,76.9,40.9
2024-01-18 06:44:07,92.9,42.67
2024-01-18 06:46:32,88.07,42.95
2024-01-18 06:48:58,85.88,43.7
2024-01-18 06:51:25,75.9,39.4
2024-01-18 06:53:51,88.22,41.63
2024-01-18 06:56:18,81.55,41.5
2024-01-18 06:58:43,102.5,52.47
2024-01-18 07:01:09,112.5,50.2
2024-01-18 07:03:35,86.6,41.97
2024-01-18 07:06:02,118.18,58.4
2024-01-18 07:08:28,139.18,71.9
2024-01-18 07:10:54,168.35,86.93
2024-01-18 07:13:20,181.18,91.22
2024-01-18 07:15:46,198.77,92.7
2024-01-18 07:18:11,170.48,79.53
2024-01-18 07:20:38,175.2,83.38
2024-01-18 07:23:03,171.2,77.13
2024-01-18 07:25:29,152.27,71.95
2024-01-18 07:27:55,172.63,78.05
2024-01-18 07:30:20,232.2,98.38
2024-01-18 07:32:47,215.05,95.5
2024-01-18 07:35:14,160.57,76.75
2024-01-18 07:37:40,136.45,64.72
2024-01-18 07:40:06,127.63,64.03
2024-01-18 07:42:32,146.2,73.5
2024-01-18 07:45:00,114.85,56.75
2024-01-18 07:47:25,114.15,58.33
2024-01-18 07:49:54,124.07,61.95
2024-01-18 07:52:20,107.9,56.6
2024-01-18 07:54:46,119.32,59.5
2024-01-18 07:57:14,121.1,64.68
2024-01-18 07:59:42,130.4,69.9
2024-01-18 08:02:08,120.95,60.15
2024-01-18 08:04:34,123.28,63.08
2024-01-18 08:07:00,117.38,61.97
2024-01-18 08:09:26,109.53,58.72
2024-01-18 08:11:53,108.0,55.88
2024-01-18 08:14:18,132.25,65.4
2024-01-18 08:16:44,119.97,60.53
2024-01-18 08:19:10,108.85,53.6
2024-01-18 08:21:41,95.4,52.45
2024-01-18 08:24:08,90.13,52.15
2024-01-18 08:26:34,88.15,45.7
2024-01-18 08:29:07,97.53,52.83
2024-01-18 08:31:33,107.8,52.42
2024-01-18 08:33:58,95.72,51.28
2024-01-18 08:36:26,105.9,53.72
2024-01-18 08:38:52,97.72,51.95
2024-01-18 08:41:20,102.8,54.0
2024-01-18 08:43:46,100.45,56.0
2024-01-18 08:46:13,116.25,59.03
2024-01-18 08:48:40,87.32,46.55
2024-01-18 08:51:06,102.47,51.67
2024-01-18 08:53:41,93.6,46.7
2024-01-18 08:56:11,93.8,46.97
2024-01-18 08:58:40,88.63,44.88
2024-01-18 09:01:06,100.1,50.28
2024-01-18 09:03:32,84.2,48.7
2024-01-18 09:05:58,101.63,53.42
2024-01-18 09:08:23,97.15,48.05
2024-01-18 09:10:49,96.85,46.92
2024-01-18 09:13:15,85.2,44.6
2024-01-18 09:15:41,86.95,47.97
2024-01-18 09:18:09,100.22,55.92
2024-01-18 09:20:37,90.6,50.17
2024-01-18 09:23:02,106.47,54.6
2024-01-18 09:25:30,91.15,51.72
2024-01-18 09:27:56,104.25,49.83
2024-01-18 09:30:22,91.63,49.35
2024-01-18 09:32:54,89.03,45.55
2024-01-18 09:35:19,82.78,38.0
2024-01-18 09:37:46,77.6,40.95
2024-01-18 09:40:12,66.97,35.2
2024-01-18 09:42:38,52.1,25.9
2024-01-18 09:45:10,45.25,23.55
2024-01-18 09:47:38,42.9,22.8
2024-01-18 09:50:06,43.08,23.45
2024-01-18 09:52:31,45.5,22.25
2024-01-18 09:54:58,48.6,24.7
2024-01-18 09:57:27,55.25,27.73
2024-01-18 10:00:00,44.53,25.38
2024-01-18 10:02:29,55.7,27.83
2024-01-18 10:04:57,46.03,23.48
2024-01-18 10:07:26,42.28,21.52
2024-01-18 10:09:53,51.33,22.65
2024-01-18 10:12:19,55.15,27.7
2024-01-18 10:14:47,46.35,24.2
2024-01-18 10:17:22,44.72,24.5
2024-01-18 10:19:55,118.35,56.5
2024-01-18 10:22:21,59.58,31.38
2024-01-18 10:24:48,43.4,21.65
2024-01-18 10:27:14,43.85,24.0
2024-01-18 10:29:40,56.25,27.0
2024-01-18 10:32:06,59.0,25.17
2024-01-18 10:34:35,67.72,26.42
2024-01-18 10:37:01,74.15,28.75
2024-01-18 10:39:26,43.92,22.1
2024-01-18 10:41:52,39.75,23.25
2024-01-18 10:44:21,42.5,23.3
2024-01-18 10:47:04,47.42,25.55
2024-01-18 10:49:32,53.72,25.23
2024-01-18 10:51:59,56.78,25.8
2024-01-18 10:54:25,47.42,24.45
2024-01-18 10:56:51,50.58,24.92
2024-01-18 10:59:17,58.55,28.5
2024-01-18 11:01:42,41.53,22.33
2024-01-18 11:04:09,61.58,25.1
2024-01-18 11:06:36,48.42,26.13
2024-01-18 11:09:02,45.05,25.02
2024-01-18 11:11:29,52.47,24.0
2024-01-18 11:13:55,52.63,23.58
2024-01-18 11:16:21,49.42,23.67
2024-01-18 11:18:50,44.03,24.5
2024-01-18 11:21:16,57.28,25.58
2024-01-18 11:23:41,50.97,24.0
2024-01-18 11:26:09,45.25,22.3
2024-01-18 11:28:43,49.15,26.02
2024-01-18 11:31:09,49.83,25.65
2024-01-18 11:33:35,60.2,29.4
2024-01-18 11:36:01,44.55,23.3
2024-01-18 11:38:27,49.03,25.67
2024-01-18 11:41:08,53.2,26.23
2024-01-18 11:43:56,59.05,26.77
2024-01-18 11:48:58,46.75,23.9
2024-01-18 11:51:24,72.2,30.75
2024-01-18 11:53:50,76.3,32.72
2024-01-18 11:56:16,60.35,28.27
2024-01-18 11:58:43,53.95,25.58
2024-01-18 12:01:13,49.15,23.73
2024-01-18 12:03:39,55.28,29.7
2024-01-18 12:06:08,61.3,29.1
2024-01-18 12:08:37,59.7,27.85
2024-01-18 12:11:03,64.7,28.85
2024-01-18 12:13:29,62.72,30.5
2024-01-18 12:16:00,58.72,28.85
2024-01-18 12:18:37,62.53,32.03
2024-01-18 12:21:06,54.7,27.92
2024-01-18 12:23:32,48.67,25.52
2024-01-18 12:25:57,55.85,25.67
2024-01-18 12:28:23,89.43,34.33
2024-01-18 12:30:49,53.63,28.48
2024-01-18 12:33:14,56.25,27.65
2024-01-18 12:35:40,52.42,25.6
2024-01-18 12:38:06,67.72,28.85
2024-01-18 12:40:32,67.45,30.08
2024-01-18 12:43:01,66.53,31.48
2024-01-18 12:45:27,63.45,30.73
2024-01-18 12:47:53,65.2,35.5
2024-01-18 12:50:18,70.82,35.72
2024-01-18 12:52:45,59.7,30.95
2024-01-18 12:55:11,58.55,29.88
2024-01-18 12:57:36,57.1,28.23
2024-01-18 13:00:12,56.4,29.63
2024-01-18 13:02:40,61.63,30.55
2024-01-18 13:05:12,65.18,29.2
2024-01-18 13:07:39,67.78,31.23
2024-01-18 13:10:07,59.28,30.95
2024-01-18 13:12:37,59.35,29.38
2024-01-18 13:15:03,57.9,30.45
2024-01-18 13:17:30,61.7,31.33
2024-01-18 13:19:56,62.97,31.17
2024-01-18 13:22:21,51.33,26.2
2024-01-18 13:24:47,50.05,25.05
2024-01-18 13:27:12,49.67,25.65
2024-01-18 13:29:38,44.78,25.33
2024-01-18 13:32:04,48.05,25.85
2024-01-18 13:34:30,45.8,22.25
2024-01-18 13:36:56,65.72,35.22
2024-01-18 13:39:21,61.03,30.9
2024-01-18 13:41:47,74.8,31.92
2024-01-18 13:44:15,70.93,30.85
2024-01-18 13:46:41,75.55,33.47
2024-01-18 13:49:08,128.57,46.13
2024-01-18 13:51:35,155.4,59.0
2024-01-18 13:54:01,76.82,37.6
2024-01-18 13:56:26,104.18,45.67
2024-01-18 13:58:52,86.85,40.92
2024-01-18 14:01:18,79.03,43.63
2024-01-18 14:03:44,81.78,44.45
2024-01-18 14:06:12,83.43,42.78
2024-01-18 14:08:46,84.82,44.97
2024-01-18 14:11:12,91.0,40.75
2024-01-18 14:13:40,85.78,42.85
2024-01-18 14:16:06,75.22,42.78
2024-01-18 14:18:35,80.7,42.3
2024-01-18 14:21:01,81.15,41.15
2024-01-18 14:23:27,92.13,42.17
2024-01-18 14:25:54,105.57,49.9
2024-01-18 14:28:20,79.3,41.75
2024-01-18 14:30:47,94.3,47.4
2024-01-18 14:33:12,90.35,44.5
2024-01-18 14:35:41,94.95,49.0
2024-01-18 14:38:06,105.72,57.08
2024-01-18 14:40:32,117.88,60.72
2024-01-18 14:43:01,133.9,68.93
2024-01-18 14:45:26,103.47,53.8
2024-01-18 14:48:16,113.5,59.4
2024-01-18 14:50:43,99.57,53.28
2024-01-18 14:53:12,102.13,54.38
2024-01-18 14:55:39,134.63,68.45
2024-01-18 14:58:05,143.23,71.65
2024-01-18 15:00:35,179.52,86.1
2024-01-18 15:03:04,182.1,93.55
2024-01-18 15:05:31,142.48,75.03
2024-01-18 15:07:57,136.82,70.57
2024-01-18 15:10:23,139.1,70.45
2024-01-18 15:12:49,137.65,67.85
2024-01-18 15:15:24,127.38,63.65
2024-01-18 15:17:53,115.8,60.8
2024-01-18 15:20:19,121.18,65.9
2024-01-18 15:22:48,109.38,62.95
2024-01-18 15:25:13,115.93,57.3
2024-01-18 15:27:41,94.78,53.5
2024-01-18 15:30:11,108.6,54.4
2024-01-18 15:32:37,108.22,55.7
2024-01-18 15:35:02,122.97,61.3
2024-01-18 15:37:28,115.38,60.75
2024-01-18 15:39:57,128.93,69.97
2024-01-18 15:42:26,122.9,63.95
2024-01-18 15:44:51,158.63,74.32
2024-01-18 15:47:17,138.25,69.7
2024-01-18 15:49:42,124.9,72.85
2024-01-18 15:52:09,148.93,81.25
2024-01-18 15:54:35,171.68,91.68
2024-01-18 15:57:01,168.57,85.7
2024-01-18 15:59:28,187.6,95.47
2024-01-18 16:01:54,124.0,64.28
2024-01-18 16:04:19,96.47,50.4
2024-01-18 16:06:45,115.07,57.7
2024-01-18 16:09:11,119.78,60.75
2024-01-18 16:11:37,145.2,71.0
2024-01-18 16:14:02,150.65,73.0
2024-01-18 16:16:28,160.65,79.55
2024-01-18 16:18:53,122.38,62.13
2024-01-18 16:21:20,81.3,45.72
2024-01-18 16:23:46,75.3,41.72
2024-01-18 16:26:13,82.1,45.28
2024-01-18 16:28:38,87.93,46.63
2024-01-18 16:31:04,70.82,42.95
2024-01-18 16:33:29,72.53,42.25
2024-01-18 16:35:55,77.9,41.17
2024-01-18 16:38:20,67.57,32.78
2024-01-18 16:40:52,61.1,31.3
2024-01-18 16:43:17,54.55,28.38
2024-01-18 16:45:43,63.55,31.15
2024-01-18 16:48:09,66.65,33.78
2024-01-18 16:50:35,68.68,34.7
2024-01-18 16:53:00,63.63,33.4
2024-01-18 16:55:28,63.28,33.7
2024-01-18 16:57:55,61.45,31.1
2024-01-18 17:00:20,69.28,33.4
2024-01-18 17:02:47,61.0,33.25
2024-01-18 17:05:13,65.7,40.33
2024-01-18 17:07:39,122.15,58.3
2024-01-18 17:10:05,111.3,55.53
2024-01-18 17:12:31,143.05,73.63
2024-01-18 17:14:58,106.63,57.55
2024-01-18 17:17:24,105.5,59.22
2024-01-18 17:19:50,104.97,62.78
2024-01-18 17:22:15,117.6,63.2
2024-01-18 17:24:41,110.15,63.08
2024-01-18 17:27:07,97.1,55.6
2024-01-18 17:29:38,97.43,52.65
2024-01-18 17:32:05,83.15,47.0
2024-01-18 17:34:31,90.8,49.33
2024-01-18 17:36:56,92.25,52.2
2024-01-18 17:39:21,106.78,52.85
2024-01-18 17:41:47,92.93,50.17
2024-01-18 17:44:12,77.82,43.1
2024-01-18 17:46:38,74.53,44.2
2024-01-18 17:49:03,85.82,45.38
2024-01-18 17:51:31,78.75,43.7
2024-01-18 17:53:57,74.18,38.0
2024-01-18 17:56:22,78.95,44.47
2024-01-18 17:58:47,60.25,34.65
2024-01-18 18:01:13,49.95,28.85
2024-01-18 18:03:39,51.4,28.63
2024-01-18 18:06:05,60.72,31.2
2024-01-18 18:08:31,61.78,36.03
2024-01-18 18:10:56,77.43,47.33
2024-01-18 18:13:23,68.03,39.45
2024-01-18 18:15:49,67.53,39.3
2024-01-18 18:18:14,70.95,36.95
2024-01-18 18:20:40,111.1,56.05
2024-01-18 18:23:05,116.72,61.42
2024-01-18 18:25:30,111.8,54.28
2024-01-18 18:27:56,110.13,54.22
2024-01-18 18:30:21,94.9,47.03
2024-01-18 18:32:47,102.68,50.72
2024-01-18 18:35:12,61.9,34.03
2024-01-18 18:37:38,67.7,37.22
2024-01-18 18:40:03,81.88,47.95
2024-01-18 18:42:30,74.55,37.75
2024-01-18 18:44:56,69.47,39.1
2024-01-18 18:47:22,61.22,39.25
2024-01-18 18:49:47,71.25,41.3
2024-01-18 18:52:14,76.2,41.25
2024-01-18 18:54:39,67.85,35.97
2024-01-18 18:57:06,68.45,37.92
2024-01-18 18:59:31,85.8,45.83
2024-01-18 19:01:57,86.05,47.03
2024-01-18 19:04:22,93.0,51.67
2024-01-18 19:06:48,91.68,53.45
2024-01-18 19:09:13,119.2,63.05
2024-01-18 19:11:39,99.8,52.97
2024-01-18 19:14:04,82.45,46.83
2024-01-18 19:16:30,96.28,49.25
2024-01-18 19:18:55,87.32,50.45
2024-01-18 19:21:21,98.32,59.38
2024-01-18 19:23:46,86.13,53.7
2024-01-18 19:26:12,92.57,51.88
2024-01-18 19:28:37,91.43,49.75
2024-01-18 19:31:03,85.53,49.75
2024-01-18 19:33:28,117.07,66.03
2024-01-18 19:36:03,113.8,63.5
2024-01-18 19:38:29,104.05,56.05
2024-01-18 19:40:54,97.15,55.65
2024-01-18 19:43:20,77.55,44.88
2024-01-18 19:45:46,81.03,46.38
2024-01-18 19:48:11,79.13,45.13
2024-01-18 19:50:37,78.25,43.75
2024-01-18 19:53:02,88.2,47.83
2024-01-18 19:55:28,78.8,44.22
2024-01-18 19:57:53,76.28,39.28
2024-01-18 20:00:21,68.47,37.72
2024-01-18 20:02:47,50.65,28.13
2024-01-18 20:05:12,53.17,31.23
2024-01-18 20:07:38,107.53,56.53
2024-01-18 20:10:04,94.85,53.5
2024-01-18 20:12:30,95.15,49.22
2024-01-18 20:14:56,106.25,56.8
2024-01-18 20:17:21,120.68,66.5
2024-01-18 20:19:47,122.95,67.85
2024-01-18 20:22:13,124.28,68.35
2024-01-18 20:24:38,126.9,66.32
2024-01-18 20:27:08,123.57,70.82
2024-01-18 20:29:40,142.27,76.13
2024-01-18 20:32:06,155.6,77.45
2024-01-18 20:34:32,130.9,72.35
2024-01-18 20:36:57,111.68,64.5
2024-01-18 20:39:24,105.28,60.95
2024-01-18 20:41:50,124.97,65.1
2024-01-18 20:44:16,117.45,60.65
2024-01-18 20:46:41,113.63,63.6
2024-01-18 20:49:07,122.55,63.63
2024-01-18 20:51:35,113.57,64.15
2024-01-18 20:54:01,107.97,59.5
2024-01-18 20:56:27,111.3,63.7
2024-01-18 20:58:52,96.25,48.88
2024-01-18 21:01:18,88.15,48.38
2024-01-18 21:03:43,88.88,47.85
2024-01-18 21:06:09,64.5,34.5
2024-01-18 21:08:34,54.38,28.9
2024-01-18 21:11:00,94.63,52.83
2024-01-18 21:13:26,45.72,27.65
2024-01-18 21:15:54,36.65,19.8
2024-01-18 21:18:20,44.03,21.75
2024-01-18 21:20:45,41.97,21.08
2024-01-18 21:23:11,40.17,19.73
2024-01-18 21:25:37,39.03,22.23
2024-01-18 21:28:02,37.03,20.73
2024-01-18 21:30:28,40.25,22.73
2024-01-18 21:32:53,34.05,20.6
2024-01-18 21:35:19,36.67,20.55
2024-01-18 21:37:44,42.38,22.52
2024-01-18 21:40:10,63.65,24.77
2024-01-18 21:42:36,51.9,22.77
2024-01-18 21:45:01,33.63,17.38
2024-01-18 21:47:27,46.85,27.0
2024-01-18 21:49:53,59.08,30.42
2024-01-18 21:52:18,74.93,37.65
2024-01-18 21:54:44,78.43,42.1
2024-01-18 21:57:10,79.82,42.83
2024-01-18 21:59:35,73.47,38.85
2024-01-18 22:02:00,89.78,48.28
2024-01-18 22:04:26,116.2,63.05
2024-01-18 22:06:52,124.3,65.9
2024-01-18 22:09:17,119.25,66.8
2024-01-18 22:11:45,131.3,70.22
2024-01-18 22:14:11,134.52,68.63
2024-01-18 22:16:36,124.05,69.68
2024-01-18 22:19:02,131.25,70.7
2024-01-18 22:21:29,128.38,68.3
2024-01-18 22:23:54,157.63,77.22
2024-01-18 22:26:20,178.63,89.28
2024-01-18 22:28:45,191.68,91.25
2024-01-18 22:31:11,138.75,71.18
2024-01-18 22:33:37,112.93,61.92
2024-01-18 22:36:03,123.13,62.5
2024-01-18 22:38:28,129.27,65.72
2024-01-18 22:40:54,112.97,61.28
2024-01-18 22:43:19,123.88,67.07
2024-01-18 22:45:45,148.85,73.75
2024-01-18 22:48:10,149.0,76.93
2024-01-18 22:50:40,162.23,86.3
2024-01-18 22:53:05,151.9,76.93
2024-01-18 22:55:31,129.05,70.57
2024-01-18 22:57:57,139.82,73.1
2024-01-18 23:00:23,128.2,68.07
2024-01-18 23:02:49,116.07,63.67
2024-01-18 23:05:21,138.13,74.5
2024-01-18 23:07:47,131.35,72.13
2024-01-18 23:10:12,129.8,68.57
2024-01-18 23:12:38,115.85,61.9
2024-01-18 23:15:04,120.15,61.95
2024-01-18 23:17:31,138.77,68.0
2024-01-18 23:19:57,138.63,67.72
2024-01-18 23:22:22,138.18,72.03
2024-01-18 23:24:48,143.77,71.03
2024-01-18 23:27:13,136.5,66.15
2024-01-18 23:29:41,125.38,65.18
2024-01-18 23:32:06,115.0,61.92
2024-01-18 23:34:32,126.9,66.63
2024-01-18 23:36:57,129.93,64.0
2024-01-18 23:39:23,128.9,66.72
2024-01-18 23:41:48,115.75,63.35
2024-01-18 23:44:14,118.43,61.97
2024-01-18 23:46:39,119.88,65.07
2024-01-18 23:49:06,119.68,63.88
2024-01-18 23:51:32,168.93,68.05
2024-01-18 23:53:57,175.95,79.57
2024-01-18 23:56:23,175.7,78.82
2024-01-18 23:58:48,153.55,75.2
2024-01-19 00:01:14,138.13,65.65
2024-01-19 00:03:41,123.18,61.5
2024-01-19 00:06:06,137.93,68.35
2024-01-19 00:08:32,131.43,67.6
2024-01-19 00:10:57,130.3,65.28
2024-01-19 00:13:23,115.32,60.7
2024-01-19 00:15:48,94.93,53.4
2024-01-19 00:18:14,80.07,44.35
2024-01-19 00:20:40,80.03,43.25
2024-01-19 00:23:05,77.55,40.67
2024-01-19 00:25:30,75.35,39.75
2024-01-19 00:27:56,93.03,48.2
2024-01-19 00:30:22,89.1,49.45
2024-01-19 00:32:47,81.75,45.58
2024-01-19 00:35:12,91.35,43.53
2024-01-19 00:37:38,87.43,45.38
2024-01-19 00:40:03,87.93,43.2
2024-01-19 00:42:36,95.75,47.13
2024-01-19 00:45:06,110.63,50.95
2024-01-19 00:47:37,96.22,52.22
2024-01-19 00:50:03,97.55,48.72
2024-01-19 00:52:31,94.8,48.3
2024-01-19 00:54:57,88.97,46.83
2024-01-19 00:57:23,98.25,45.5
2024-01-19 00:59:48,94.25,48.8
2024-01-19 01:02:14,125.13,53.83
2024-01-19 01:04:39,117.5,55.8
2024-01-19 01:07:05,128.35,58.75
2024-01-19 01:09:30,145.77,61.13
2024-01-19 01:11:56,134.7,59.4
2024-01-19 01:14:22,128.32,58.25
2024-01-19 01:16:47,134.93,61.63
2024-01-19 01:19:12,157.13,68.47
2024-01-19 01:21:38,163.52,70.82
2024-01-19 01:24:04,167.9,71.95
2024-01-19 01:26:29,157.75,73.85
2024-01-19 01:28:55,167.3,75.57
2024-01-19 01:31:20,177.63,75.38
2024-01-19 01:33:46,164.02,73.5
2024-01-19 01:36:11,153.5,71.38
2024-01-19 01:38:37,150.35,68.07
2024-01-19 01:41:02,133.32,67.13
2024-01-19 01:43:28,125.0,62.45
2024-01-19 01:45:54,133.02,61.15
2024-01-19 01:48:20,125.8,61.83
2024-01-19 01:50:47,118.38,58.92
2024-01-19 01:53:13,104.65,52.88
2024-01-19 01:55:40,124.43,57.78
2024-01-19 01:58:06,140.02,63.5
2024-01-19 02:00:33,130.18,65.13
2024-01-19 02:02:59,137.3,65.18
2024-01-19 02:05:27,145.07,64.85
2024-01-19 02:07:53,140.9,68.47
2024-01-19 02:10:18,140.5,68.22
2024-01-19 02:12:44,162.15,73.2
2024-01-19 02:15:17,147.3,68.28
2024-01-19 02:17:44,166.7,71.95
2024-01-19 02:20:10,161.05,75.3
2024-01-19 02:22:37,157.07,75.55
2024-01-19 02:25:03,159.75,71.55
2024-01-19 02:27:29,166.05,72.65
2024-01-19 02:29:55,153.02,70.15
2024-01-19 02:32:20,167.75,71.22
2024-01-19 02:34:46,181.93,75.72
2024-01-19 02:37:12,155.35,71.93
2024-01-19 02:39:38,171.1,73.43
2024-01-19 02:42:05,165.3,70.55
2024-01-19 02:44:30,168.75,72.2
2024-01-19 02:46:56,144.45,66.32
2024-01-19 02:49:22,151.2,63.53
2024-01-19 02:51:47,151.38,64.95
2024-01-19 02:54:13,135.68,62.53
2024-01-19 02:56:38,139.55,65.35
2024-01-19 02:59:04,128.4,59.9
2024-01-19 03:01:29,124.82,56.17
2024-01-19 03:03:55,120.07,58.1
2024-01-19 03:06:20,125.9,56.0
2024-01-19 03:08:46,136.55,59.7
2024-01-19 03:11:11,116.93,54.58
2024-01-19 03:13:37,134.85,59.6
2024-01-19 03:16:06,119.78,58.47
2024-01-19 03:18:31,119.63,56.83
2024-01-19 03:20:57,123.32,58.1
2024-01-19 03:23:22,122.88,55.55
2024-01-19 03:25:48,122.1,55.85
2024-01-19 03:28:14,124.22,56.17
2024-01-19 03:30:39,122.9,57.15
2024-01-19 03:33:04,130.07,56.6
2024-01-19 03:35:30,133.7,58.13
2024-01-19 03:37:55,122.55,57.8
2024-01-19 03:40:21,121.57,54.03
2024-01-19 03:42:47,138.82,55.58
2024-01-19 03:45:12,125.03,53.72
2024-01-19 03:47:38,124.07,56.35
2024-01-19 03:50:03,135.13,57.7
2024-01-19 03:52:31,137.43,59.15
2024-01-19 03:54:57,125.38,59.97
2024-01-19 03:57:23,132.15,58.33
2024-01-19 03:59:48,118.45,56.38
2024-01-19 04:02:14,143.4,57.58
2024-01-19 04:04:39,125.0,57.65
2024-01-19 04:07:05,143.57,59.78
2024-01-19 04:09:30,141.57,59.78
2024-01-19 04:11:56,129.4,61.4
2024-01-19 04:14:21,137.05,59.15
2024-01-19 04:16:47,120.25,56.75
2024-01-19 04:19:12,125.07,54.7
2024-01-19 04:21:38,130.2,57.03
2024-01-19 04:24:04,115.88,53.13
2024-01-19 04:26:29,126.43,55.7
2024-01-19 04:28:55,123.97,52.95
2024-01-19 04:31:21,105.88,53.03
2024-01-19 04:33:46,105.22,51.0
2024-01-19 04:36:12,112.13,50.85
2024-01-19 04:38:37,118.22,52.6
2024-01-19 04:41:03,107.75,48.78
2024-01-19 04:43:29,116.7,49.0
2024-01-19 04:45:55,109.82,48.05
2024-01-19 04:48:20,106.93,50.13
2024-01-19 04:50:46,111.3,49.47
2024-01-19 04:53:12,118.25,53.15
2024-01-19 04:55:37,111.63,49.7
2024-01-19 04:58:03,92.22,45.95
2024-01-19 05:00:28,100.8,49.15
2024-01-19 05:02:54,107.53,48.33
2024-01-19 05:05:20,95.57,45.15
2024-01-19 05:07:45,100.9,45.53
2024-01-19 05:10:11,105.85,46.58
2024-01-19 05:12:36,127.47,51.55
2024-01-19 05:15:02,97.72,47.3
2024-01-19 05:17:28,100.97,44.17
2024-01-19 05:19:54,111.95,45.67
2024-01-19 05:22:20,111.57,46.55
2024-01-19 05:24:46,110.07,49.53
2024-01-19 05:27:12,112.53,48.15
2024-01-19 05:29:38,139.52,56.75
2024-01-19 05:32:03,137.82,55.88
2024-01-19 05:34:29,118.93,52.22
2024-01-19 05:36:55,117.95,53.1
2024-01-19 05:39:21,121.57,52.9
2024-01-19 05:41:46,100.25,45.45
2024-01-19 05:44:11,114.3,46.6
2024-01-19 05:46:37,112.03,48.42
2024-01-19 05:49:03,114.38,48.28
2024-01-19 05:51:29,113.4,50.67
2024-01-19 05:53:54,121.88,53.95
2024-01-19 05:56:20,131.3,50.6
2024-01-19 05:58:45,121.68,52.92
2024-01-19 06:01:11,127.15,55.28
2024-01-19 06:03:36,120.85,51.72
2024-01-19 06:06:03,122.55,49.45
2024-01-19 06:08:28,111.78,50.6
2024-01-19 06:10:55,128.5,52.8
2024-01-19 06:13:20,141.25,58.53
2024-01-19 06:15:46,138.05,56.03
2024-01-19 06:18:11,141.65,53.2
2024-01-19 06:20:37,128.02,52.47
2024-01-19 06:23:09,111.97,52.35
2024-01-19 06:25:35,127.5,53.9
2024-01-19 06:28:01,174.4,65.55
2024-01-19 06:30:27,174.48,62.63
2024-01-19 06:32:53,150.52,60.42
2024-01-19 06:35:18,162.55,61.38
2024-01-19 06:37:44,210.15,70.53
2024-01-19 06:40:09,179.2,65.0
2024-01-19 06:42:36,148.27,61.95
2024-01-19 06:45:02,147.45,55.55
2024-01-19 06:47:28,127.6,54.7
2024-01-19 06:49:54,125.72,50.78
2024-01-19 06:52:19,108.53,49.45
2024-01-19 06:54:45,107.57,50.13
2024-01-19 06:57:11,140.23,55.53
2024-01-19 06:59:37,138.9,55.6
2024-01-19 07:02:02,132.02,52.58
2024-01-19 07:04:28,150.77,56.8
2024-01-19 07:06:53,144.32,56.95
2024-01-19 07:09:19,133.27,54.85
2024-01-19 07:11:45,135.85,58.45
2024-01-19 07:14:10,144.45,63.2
2024-01-19 07:16:41,132.82,59.3
2024-01-19 07:19:08,134.15,57.58
2024-01-19 07:21:36,159.8,71.18
2024-01-19 07:24:03,159.55,71.0
2024-01-19 07:26:30,155.55,66.2
2024-01-19 07:28:55,168.32,71.68
2024-01-19 07:31:21,177.02,73.47
2024-01-19 07:33:46,157.23,69.32
2024-01-19 07:36:12,160.25,67.85
2024-01-19 07:38:40,150.98,63.92
2024-01-19 07:41:06,146.45,65.6
2024-01-19 07:43:31,142.6,62.83
2024-01-19 07:45:57,144.07,62.15
2024-01-19 07:48:22,114.38,52.58
2024-01-19 07:50:49,131.38,53.33
2024-01-19 07:53:14,125.2,49.75
2024-01-19 07:55:40,124.43,49.53
2024-01-19 07:58:05,156.55,63.63
2024-01-19 08:00:31,117.68,52.08
2024-01-19 08:02:56,117.78,48.05
2024-01-19 08:05:22,107.25,45.53
2024-01-19 08:07:47,123.78,48.67
2024-01-19 08:10:13,164.95,62.63
2024-01-19 08:12:39,147.93,60.3
2024-01-19 08:15:05,151.43,61.03
2024-01-19 08:17:32,141.1,56.7
2024-01-19 08:19:58,130.88,58.05
2024-01-19 08:22:24,155.38,64.88
2024-01-19 08:24:50,155.68,62.35
2024-01-19 08:27:15,146.65,63.92
2024-01-19 08:29:41,123.22,51.03
2024-01-19 08:32:06,119.18,52.35
2024-01-19 08:34:32,121.1,46.78
2024-01-19 08:36:57,111.55,42.25
2024-01-19 08:39:23,107.35,45.53
2024-01-19 08:41:48,117.88,46.38
2024-01-19 08:44:14,116.8,45.22
2024-01-19 08:46:43,118.82,47.75
2024-01-19 08:49:09,114.0,47.8
2024-01-19 08:51:36,119.32,48.42
2024-01-19 08:54:01,122.97,47.35
2024-01-19 08:56:27,130.0,52.47
2024-01-19 08:58:52,146.1,57.38
2024-01-19 09:01:19,130.88,52.97
2024-01-19 09:03:44,150.27,60.05
2024-01-19 09:06:10,132.73,58.75
2024-01-19 09:08:35,115.82,49.15
2024-01-19 09:11:01,106.97,47.35
2024-01-19 09:13:26,105.6,47.25
2024-01-19 09:15:52,112.28,48.5
2024-01-19 09:18:19,94.88,46.38
2024-01-19 09:20:45,109.7,52.4
2024-01-19 09:23:10,128.88,59.5
2024-01-19 09:25:36,134.43,60.63
2024-01-19 09:28:01,114.13,48.6
2024-01-19 09:30:27,117.0,54.47
2024-01-19 09:32:53,101.13,47.28
2024-01-19 09:35:18,104.9,44.75
2024-01-19 09:37:44,100.13,44.08
2024-01-19 09:40:10,93.57,43.08
2024-01-19 09:42:36,87.47,39.22
2024-01-19 09:45:04,94.53,36.92
2024-01-19 09:47:31,93.03,41.03
2024-01-19 09:50:02,97.97,41.72
2024-01-19 09:55:10,95.4,38.92
2024-01-19 09:57:41,84.38,39.0
2024-01-19 10:00:09,94.4,41.85
2024-01-19 10:02:35,95.22,43.2
2024-01-19 10:05:00,88.03,41.28
2024-01-19 10:07:26,89.05,39.42
2024-01-19 10:09:52,83.15,36.67
2024-01-19 10:12:18,83.25,38.08
2024-01-19 10:14:44,95.9,43.05
2024-01-19 10:17:09,98.3,42.03
2024-01-19 10:19:35,75.97,36.75
2024-01-19 10:32:37,67.1,32.3
2024-01-19 10:35:06,71.65,30.15
2024-01-19 10:37:33,76.53,31.5
2024-01-19 10:43:00,71.78,32.58
2024-01-19 10:45:26,76.28,34.38
2024-01-19 10:47:59,89.47,37.35
2024-01-19 10:50:26,85.63,42.13
2024-01-19 10:52:54,82.72,35.47
2024-01-19 10:55:30,77.18,38.0
2024-01-19 11:00:30,79.85,39.47
2024-01-19 11:05:28,84.3,33.65
2024-01-19 11:07:55,77.5,36.7
2024-01-19 11:10:23,82.07,35.03
2024-01-19 11:13:00,79.72,35.03
2024-01-19 11:15:32,86.65,39.67
2024-01-19 11:18:01,72.78,34.5
2024-01-19 11:20:28,79.82,34.78
2024-01-19 11:22:54,84.53,42.05
2024-01-19 11:25:23,88.7,40.3
2024-01-19 11:28:04,77.0,33.67
2024-01-19 11:30:53,80.4,36.4
2024-01-19 11:33:43,79.47,36.97
2024-01-19 11:36:08,80.95,36.83
2024-01-19 11:38:41,72.93,33.13
2024-01-19 11:41:07,91.63,36.85
2024-01-19 11:43:41,75.57,34.1
2024-01-19 11:46:08,81.13,36.38
2024-01-19 11:48:43,96.75,37.88
2024-01-19 11:53:58,91.07,39.0
2024-01-19 11:56:25,88.03,36.17
2024-01-19 11:58:51,86.38,36.7
2024-01-19 12:01:16,94.32,38.9
2024-01-19 12:03:42,97.6,42.65
2024-01-19 12:06:08,86.2,39.95
2024-01-19 12:08:34,91.53,39.33
2024-01-19 12:11:00,88.85,38.53
2024-01-19 12:13:34,88.4,41.5
2024-01-19 12:16:01,85.28,38.95
2024-01-19 12:18:29,78.13,36.03
2024-01-19 12:20:56,82.3,38.08
2024-01-19 12:23:22,84.4,37.65
2024-01-19 12:25:48,85.07,39.0
2024-01-19 12:28:18,83.63,38.67
2024-01-19 12:30:44,95.35,42.83
2024-01-19 12:35:39,90.47,41.17
2024-01-19 12:38:05,118.72,48.67
2024-01-19 12:40:33,128.5,44.53
2024-01-19 12:43:02,98.07,40.05
2024-01-19 12:45:28,110.97,45.75
2024-01-19 12:47:54,106.85,43.63
2024-01-19 12:50:19,92.93,40.25
2024-01-19 12:52:45,82.93,42.5
2024-01-19 12:55:11,89.25,41.15
2024-01-19 12:57:37,100.95,47.0
2024-01-19 13:02:32,97.68,44.88
2024-01-19 13:04:57,92.88,44.35
2024-01-19 13:07:23,95.5,45.83
2024-01-19 13:10:02,111.68,50.13
2024-01-19 13:12:28,116.5,52.67
2024-01-19 13:15:04,106.72,48.38
2024-01-19 13:17:30,96.72,47.42
2024-01-19 13:19:56,99.53,47.55
2024-01-19 13:22:22,102.38,48.92
2024-01-19 13:24:47,96.78,51.28
2024-01-19 13:27:14,101.55,51.65
2024-01-19 13:29:40,111.53,53.58
2024-01-19 13:32:06,107.68,55.05
2024-01-19 13:34:32,107.68,53.4
2024-01-19 13:36:57,113.7,49.83
2024-01-19 13:39:23,123.85,55.47
2024-01-19 13:41:49,108.13,54.03
2024-01-19 13:44:14,108.55,50.33
2024-01-19 13:46:40,103.82,47.15
2024-01-19 13:49:05,124.13,59.1
2024-01-19 13:51:31,127.43,53.45
2024-01-19 13:53:57,123.03,55.03
2024-01-19 13:56:22,116.95,59.78
2024-01-19 13:58:48,119.72,52.97
2024-01-19 14:01:15,120.5,55.35
2024-01-19 14:03:42,132.0,61.25
2024-01-19 14:06:08,120.18,57.35
2024-01-19 14:08:36,142.35,54.13
2024-01-19 14:11:02,113.8,51.67
2024-01-19 14:13:31,116.72,52.58
2024-01-19 14:15:58,102.47,48.67
2024-01-19 14:18:23,117.05,55.35
2024-01-19 14:20:49,114.07,51.13
2024-01-19 14:23:14,110.0,51.9
2024-01-19 14:25:40,109.85,53.33
2024-01-19 14:28:06,134.52,61.7
2024-01-19 14:30:32,141.23,66.05
2024-01-19 14:32:58,122.05,55.9
2024-01-19 14:35:23,133.07,61.58
2024-01-19 14:37:49,111.7,53.17
2024-01-19 14:40:15,122.43,55.72
2024-01-19 14:42:40,112.05,52.05
2024-01-19 14:45:06,112.53,54.2
2024-01-19 14:47:35,109.28,52.97
2024-01-19 14:50:00,109.78,56.75
2024-01-19 14:52:30,114.8,51.1
2024-01-19 14:54:56,115.97,53.03
2024-01-19 14:57:23,128.88,62.0
2024-01-19 14:59:49,123.2,58.88
2024-01-19 15:02:14,150.82,62.67
2024-01-19 15:04:40,129.32,61.7
2024-01-19 15:07:06,136.63,62.58
2024-01-19 15:09:31,129.7,62.72
2024-01-19 15:11:57,147.52,65.88
2024-01-19 15:14:22,122.88,61.85
2024-01-19 15:16:48,154.43,68.28
2024-01-19 15:19:13,139.93,69.38
2024-01-19 15:21:39,185.63,84.38
2024-01-19 15:24:04,149.07,72.43
2024-01-19 15:26:30,140.07,68.13
2024-01-19 15:28:56,145.2,70.43
2024-01-19 15:31:22,185.65,88.03
2024-01-19 15:33:50,199.13,91.13
2024-01-19 15:36:16,191.38,91.1
2024-01-19 15:38:42,191.02,89.88
2024-01-19 15:41:07,190.48,87.57
2024-01-19 15:43:33,167.1,78.95
2024-01-19 15:45:58,164.77,78.05
2024-01-19 15:48:24,152.27,76.57
2024-01-19 15:50:50,168.68,82.32
2024-01-19 15:53:15,162.68,78.82
2024-01-19 15:55:41,160.8,79.88
2024-01-19 15:58:06,172.82,82.1
2024-01-19 16:00:32,173.63,79.88
2024-01-19 16:02:57,168.3,82.88
2024-01-19 16:05:23,161.75,76.53
2024-01-19 16:07:48,153.5,74.22
2024-01-19 16:10:14,174.8,74.75
2024-01-19 16:12:39,153.82,74.78
2024-01-19 16:15:05,143.2,70.55
2024-01-19 16:17:31,125.95,59.28
2024-01-19 16:20:02,117.88,64.4
2024-01-19 16:22:30,117.35,56.1
2024-01-19 16:24:55,129.43,60.08
2024-01-19 16:27:21,129.5,62.1
2024-01-19 16:29:46,190.38,83.82
2024-01-19 16:32:12,172.4,80.3
2024-01-19 16:34:37,169.25,83.47
2024-01-19 16:37:03,188.55,81.5
2024-01-19 16:39:28,188.82,82.93
2024-01-19 16:41:54,172.95,78.88
2024-01-19 16:44:20,159.82,81.82
2024-01-19 16:46:45,168.9,80.28
2024-01-19 16:49:11,163.2,82.4
2024-01-19 16:51:37,166.7,80.1
2024-01-19 16:54:02,191.4,90.53
2024-01-19 16:56:28,165.85,80.57
2024-01-19 16:58:54,179.05,85.9
2024-01-19 17:01:19,180.43,82.6
2024-01-19 17:03:49,187.48,92.07
2024-01-19 17:06:14,208.45,100.03
2024-01-19 17:08:40,193.68,99.03
2024-01-19 17:11:08,213.18,96.15
2024-01-19 17:13:37,190.48,94.85
2024-01-19 17:16:03,207.13,97.65
2024-01-19 17:18:28,201.48,98.47
2024-01-19 17:20:54,212.4,100.78
2024-01-19 17:23:19,212.68,98.65
2024-01-19 17:25:47,172.5,90.85
2024-01-19 17:28:12,194.18,92.95
2024-01-19 17:30:38,214.57,102.2
2024-01-19 17:33:05,193.95,98.4
2024-01-19 17:35:30,182.48,89.38
2024-01-19 17:37:55,188.05,88.15
2024-01-19 17:40:21,176.73,82.25
2024-01-19 17:42:46,166.73,76.7
2024-01-19 17:45:12,165.35,81.45
2024-01-19 17:47:40,154.32,74.78
2024-01-19 17:50:05,185.07,87.07
2024-01-19 17:52:35,163.7,82.25
2024-01-19 17:55:04,174.6,84.05
2024-01-19 17:57:31,211.2,100.38
2024-01-19 17:59:56,176.2,86.5
2024-01-19 18:02:22,176.32,88.28
2024-01-19 18:04:47,172.2,80.65
2024-01-19 18:07:13,161.13,79.57
2024-01-19 18:09:39,146.6,73.68
2024-01-19 18:12:04,157.38,73.43
2024-01-19 18:14:30,152.2,75.38
2024-01-19 18:16:56,158.52,76.47
2024-01-19 18:19:21,161.7,75.8
2024-01-19 18:21:47,146.38,72.18
2024-01-19 18:24:12,164.85,82.9
2024-01-19 18:26:38,169.27,83.57
2024-01-19 18:29:03,198.57,94.57
2024-01-19 18:31:29,197.75,97.15
2024-01-19 18:33:55,193.82,95.78
2024-01-19 18:36:20,186.8,94.95
2024-01-19 18:38:46,144.13,73.18
2024-01-19 18:41:11,165.6,78.07
2024-01-19 18:43:37,220.05,114.07
2024-01-19 18:46:02,179.02,90.15
2024-01-19 18:48:28,160.15,81.75
2024-01-19 18:50:54,182.7,91.03
2024-01-19 18:53:19,217.02,107.25
2024-01-19 18:55:44,232.8,112.6
2024-01-19 18:58:14,224.9,111.82
2024-01-19 19:00:40,273.33,130.5
2024-01-19 19:03:05,239.98,116.05
2024-01-19 19:05:31,252.57,123.47
2024-01-19 19:07:56,243.75,120.75
2024-01-19 19:10:22,290.48,136.38
2024-01-19 19:12:47,292.17,144.18
2024-01-19 19:15:13,273.1,131.2
2024-01-19 19:17:38,323.85,155.48
2024-01-19 19:20:04,406.35,198.35
2024-01-19 19:22:30,333.45,157.98
2024-01-19 19:24:56,276.42,132.15
2024-01-19 19:27:21,232.57,109.82
2024-01-19 19:29:47,206.82,103.4
2024-01-19 19:32:13,198.0,98.13
2024-01-19 19:34:38,198.15,102.88
2024-01-19 19:37:04,188.63,91.65
2024-01-19 19:39:29,177.98,88.57
2024-01-19 19:41:57,150.77,74.82
2024-01-19 19:44:23,155.63,75.53
2024-01-19 19:46:48,143.25,74.65
2024-01-19 19:49:13,160.5,74.32
2024-01-19 19:51:39,144.57,69.47
2024-01-19 19:54:04,128.07,64.03
2024-01-19 19:56:30,122.0,60.9
2024-01-19 19:58:56,135.07,61.63
2024-01-19 20:01:21,109.88,55.65
2024-01-19 20:03:49,105.18,50.85
2024-01-19 20:06:15,106.22,50.13
2024-01-19 20:08:46,96.97,45.78
2024-01-19 20:11:12,80.1,40.35
2024-01-19 20:13:37,95.18,44.85
2024-01-19 20:16:03,82.22,38.78
2024-01-19 20:18:28,77.53,36.55
2024-01-19 20:20:54,75.93,37.67
2024-01-19 20:23:20,64.15,33.1
2024-01-19 20:25:46,72.95,34.53
2024-01-19 20:28:11,55.2,25.88
2024-01-19 20:30:38,38.28,20.23
2024-01-19 20:33:03,30.95,16.95
2024-01-19 20:35:29,36.35,18.0
2024-01-19 20:37:54,29.0,16.9
2024-01-19 20:40:21,31.48,16.35
2024-01-19 20:42:46,30.02,16.05
2024-01-19 20:45:12,29.35,18.02
2024-01-19 20:47:38,23.17,12.93
2024-01-19 20:50:04,20.52,12.6
2024-01-19 20:52:30,21.55,13.02
2024-01-19 20:54:56,19.73,13.9
2024-01-19 20:57:22,23.85,14.05
2024-01-19 20:59:47,19.65,13.2
2024-01-19 21:02:13,24.8,12.57
2024-01-19 21:04:39,23.92,14.35
2024-01-19 21:07:04,21.33,13.07
2024-01-19 21:09:30,18.15,11.18
2024-01-19 21:11:55,22.0,12.48
2024-01-19 21:14:21,20.95,12.27
2024-01-19 21:16:46,23.45,12.93
2024-01-19 21:19:12,21.45,12.73
2024-01-19 21:21:37,21.9,11.18
2024-01-19 21:24:03,25.45,12.5
2024-01-19 21:26:29,21.63,13.32
2024-01-19 21:28:55,21.8,12.0
2024-01-19 21:31:21,20.98,11.65
2024-01-19 21:33:47,22.2,11.7
2024-01-19 21:36:16,21.42,12.15
2024-01-19 21:38:42,22.1,12.13
2024-01-19 21:41:08,24.63,11.45
2024-01-19 21:43:34,14.7,9.93
2024-01-19 21:46:00,14.63,8.85
2024-01-19 21:48:25,18.15,10.18
2024-01-19 21:50:51,11.15,7.7
2024-01-19 21:53:16,15.35,8.73
2024-01-19 21:55:42,16.38,9.6
2024-01-19 21:58:07,15.57,9.27
2024-01-19 22:00:33,17.5,10.45
2024-01-19 22:02:59,22.5,12.73
2024-01-19 22:05:24,19.33,9.88
2024-01-19 22:07:50,16.77,10.6
2024-01-19 22:10:15,16.83,11.18
2024-01-19 22:12:41,22.85,12.13
2024-01-19 22:15:07,21.9,10.63
2024-01-19 22:17:32,14.75,9.6
2024-01-19 22:19:58,18.98,11.5
2024-01-19 22:22:23,26.75,12.88
2024-01-19 22:24:50,16.88,8.93
2024-01-19 22:27:16,17.6,8.82
2024-01-19 22:29:41,7.8,6.55
2024-01-19 22:32:07,11.73,7.4
2024-01-19 22:34:32,17.55,7.65
2024-01-19 22:36:58,14.5,7.55
2024-01-19 22:39:23,14.5,8.48
2024-01-19 22:41:49,11.7,6.57
2024-01-19 22:44:15,8.35,5.38
2024-01-19 22:46:41,8.93,4.65
2024-01-19 22:49:06,9.85,5.4
2024-01-19 22:51:32,11.05,5.6
2024-01-19 22:53:57,10.68,6.53
2024-01-19 22:56:23,12.95,6.82
2024-01-19 22:58:48,15.35,8.43
2024-01-19 23:01:14,13.57,7.78
2024-01-19 23:03:39,11.88,7.53
2024-01-19 23:06:05,12.77,7.3
2024-01-19 23:08:30,16.1,8.0
2024-01-19 23:10:56,13.63,8.02
2024-01-19 23:13:21,15.73,8.13
2024-01-19 23:15:47,7.1,5.32
2024-01-19 23:18:12,13.3,6.35
2024-01-19 23:20:39,9.7,6.05
2024-01-19 23:23:05,14.6,6.68
2024-01-19 23:25:31,10.6,6.65
2024-01-19 23:27:57,11.82,6.85
2024-01-19 23:30:22,13.77,6.25
2024-01-19 23:32:48,7.13,5.68
2024-01-19 23:35:13,12.43,6.03
2024-01-19 23:37:39,10.88,6.85
2024-01-19 23:40:04,11.38,6.35
2024-01-19 23:42:30,12.5,8.05
2024-01-19 23:44:56,16.15,7.6
2024-01-19 23:47:23,13.43,6.4
2024-01-19 23:49:49,9.43,7.13
2024-01-19 23:52:14,10.0,4.53
2024-01-19 23:54:40,5.65,4.6
2024-01-19 23:57:05,9.93,4.78
2024-01-19 23:59:31,7.57,4.72
2024-01-20 00:01:56,7.85,4.53
2024-01-20 00:04:22,8.75,4.43
2024-01-20 00:06:47,8.88,4.65
2024-01-20 00:09:13,7.05,3.45
2024-01-20 00:11:38,7.68,3.45
2024-01-20 00:14:04,5.7,3.2
2024-01-20 00:16:30,8.65,4.1
2024-01-20 00:18:55,3.85,2.67
2024-01-20 00:21:21,8.93,2.95
2024-01-20 00:23:46,5.47,2.97
2024-01-20 00:26:12,4.6,3.15
2024-01-20 00:28:38,4.45,2.72
2024-01-20 00:31:03,4.65,2.85
2024-01-20 00:33:29,7.68,2.6
2024-01-20 00:35:55,5.13,3.35
2024-01-20 00:38:20,5.68,3.2
2024-01-20 00:40:46,7.2,4.18
2024-01-20 00:43:12,6.18,3.5
2024-01-20 00:45:37,5.78,3.3
2024-01-20 00:48:03,4.35,2.9
2024-01-20 00:50:29,4.45,2.7
2024-01-20 00:52:54,5.32,2.88
2024-01-20 00:55:20,4.65,2.88
2024-01-20 00:57:45,5.63,3.33
2024-01-20 01:00:11,6.7,3.1
2024-01-20 01:02:37,4.45,2.95
2024-01-20 01:05:03,5.05,3.42
2024-01-20 01:07:30,3.08,2.6
2024-01-20 01:09:57,5.2,2.63
2024-01-20 01:12:22,5.85,3.53
2024-01-20 01:14:48,3.67,2.85
2024-01-20 01:17:14,3.3,2.83
2024-01-20 01:19:39,2.67,2.28
2024-01-20 01:22:05,4.03,2.9
2024-01-20 01:24:30,3.95,2.72
2024-01-20 01:26:56,4.13,3.03
2024-01-20 01:29:21,4.15,2.53
2024-01-20 01:31:47,4.47,3.2
2024-01-20 01:34:12,2.3,2.1
2024-01-20 01:36:38,5.43,2.8
2024-01-20 01:39:03,3.25,2.53
2024-01-20 01:41:29,3.4,3.1
2024-01-20 01:43:55,3.47,2.78
2024-01-20 01:46:20,5.8,3.1
2024-01-20 01:48:46,4.32,2.63
2024-01-20 01:51:11,2.78,2.55
2024-01-20 01:53:40,6.1,3.42
2024-01-20 01:56:06,4.0,2.6
2024-01-20 01:58:32,2.08,1.9
2024-01-20 02:00:58,3.8,2.58
2024-01-20 02:03:25,2.65,2.17
2024-01-20 02:05:51,3.35,2.55
2024-01-20 02:08:16,2.95,2.1
2024-01-20 02:10:43,6.63,2.88
2024-01-20 02:13:11,4.1,3.0
2024-01-20 02:15:38,3.42,2.65
2024-01-20 02:18:03,3.67,2.78
2024-01-20 02:20:29,5.07,2.53
2024-01-20 02:22:54,5.8,2.95
2024-01-20 02:25:20,2.6,2.33
2024-01-20 02:27:46,5.72,2.42
2024-01-20 02:30:11,2.33,1.98
2024-01-20 02:32:37,3.47,2.9
2024-01-20 02:35:03,4.15,2.3
2024-01-20 02:37:28,3.13,2.65
2024-01-20 02:39:56,4.25,2.95
2024-01-20 02:42:21,3.63,2.88
2024-01-20 02:44:47,3.42,2.72
2024-01-20 02:47:12,3.72,2.95
2024-01-20 02:49:38,5.72,3.6
2024-01-20 02:52:03,4.47,3.5
2024-01-20 02:54:29,4.13,2.03
2024-01-20 02:56:54,4.35,2.75
2024-01-20 02:59:20,3.88,3.0
2024-01-20 03:01:45,4.68,3.5
2024-01-20 03:04:11,4.45,3.0
2024-01-20 03:06:38,3.75,2.38
2024-01-20 03:09:04,5.85,4.28
2024-01-20 03:11:30,4.72,3.15
2024-01-20 03:13:56,6.15,3.78
2024-01-20 03:16:22,3.8,2.55
2024-01-20 03:18:48,5.78,3.45
2024-01-20 03:21:13,5.0,3.25
2024-01-20 03:23:40,4.22,3.2
2024-01-20 03:26:07,4.95,3.3
2024-01-20 03:28:33,4.55,3.1
2024-01-20 03:30:58,6.35,3.3
2024-01-20 03:33:24,6.07,2.78
2024-01-20 03:35:49,3.28,2.55
2024-01-20 03:38:15,6.22,3.58
2024-01-20 03:40:40,5.4,3.42
2024-01-20 03:43:08,4.65,3.95
2024-01-20 03:45:34,4.43,3.6
2024-01-20 03:48:00,6.03,3.42
2024-01-20 03:50:25,5.25,3.35
2024-01-20 03:52:51,5.45,4.0
2024-01-20 03:55:16,5.8,3.33
2024-01-20 03:57:42,7.18,3.47
2024-01-20 04:00:08,11.73,4.53
2024-01-20 04:02:34,7.2,4.1
2024-01-20 04:04:59,7.45,4.03
2024-01-20 04:07:25,5.7,3.83
2024-01-20 04:09:50,7.2,4.15
2024-01-20 04:12:16,6.9,4.6
2024-01-20 04:14:41,7.53,3.83
2024-01-20 04:17:07,8.3,4.03
2024-01-20 04:19:32,4.97,3.22
2024-01-20 04:21:58,6.0,4.1
2024-01-20 04:24:23,4.55,3.55
2024-01-20 04:26:49,4.32,2.85
2024-01-20 04:29:14,7.35,3.6
2024-01-20 04:31:39,5.7,3.53
2024-01-20 04:34:05,8.23,3.35
2024-01-20 04:36:30,6.47,3.42
2024-01-20 04:38:56,4.75,3.13
2024-01-20 04:41:21,6.2,3.6
2024-01-20 04:43:47,11.82,4.82
2024-01-20 04:46:12,12.2,5.1
2024-01-20 04:48:38,10.55,6.32
2024-01-20 04:51:03,13.95,4.72
2024-01-20 04:53:29,13.9,6.18
2024-01-20 04:55:55,6.35,3.2
2024-01-20 04:58:20,8.63,4.47
2024-01-20 05:00:46,8.93,3.97
2024-01-20 05:03:11,8.8,3.97
2024-01-20 05:05:38,6.05,3.05
2024-01-20 05:08:04,8.77,4.0
2024-01-20 05:10:30,12.23,4.78
2024-01-20 05:12:55,7.6,4.03
2024-01-20 05:15:21,8.07,2.8
2024-01-20 05:17:46,10.48,3.58
2024-01-20 05:20:12,8.13,4.0
2024-01-20 05:22:40,6.32,3.35
2024-01-20 05:25:05,8.95,3.53
2024-01-20 05:27:31,7.45,4.32
2024-01-20 05:29:56,5.9,3.72
2024-01-20 05:32:22,6.32,3.08
2024-01-20 05:34:47,8.55,4.15
2024-01-20 05:37:13,10.23,4.57
2024-01-20 05:39:39,3.88,3.08
2024-01-20 05:42:04,7.5,3.1
2024-01-20 05:44:30,8.0,3.4
2024-01-20 05:46:55,7.2,4.18
2024-01-20 05:49:21,10.57,3.15
2024-01-20 05:51:46,8.63,4.22
2024-01-20 05:54:12,6.53,3.28
2024-01-20 05:56:37,7.38,3.22
2024-01-20 05:59:02,7.68,3.63
2024-01-20 06:01:28,10.32,4.38
2024-01-20 06:03:53,4.13,3.72
2024-01-20 06:06:19,4.53,2.95
2024-01-20 06:08:44,4.22,2.53
2024-01-20 06:11:10,7.07,3.55
2024-01-20 06:13:36,9.98,3.88
2024-01-20 06:16:02,5.03,3.33
2024-01-20 06:18:30,4.3,3.17
2024-01-20 06:20:56,7.35,3.58
2024-01-20 06:23:24,7.63,3.67
2024-01-20 06:25:50,8.4,4.43
2024-01-20 06:28:15,8.2,3.95
2024-01-20 06:30:42,8.27,4.03
2024-01-20 06:33:09,9.13,4.13
2024-01-20 06:35:34,5.3,2.67
2024-01-20 06:37:59,5.75,3.35
2024-01-20 06:40:25,8.73,4.38
2024-01-20 06:42:50,10.68,5.8
2024-01-20 06:45:16,13.98,7.15
2024-01-20 06:47:41,13.4,7.25
2024-01-20 06:50:07,7.3,4.65
2024-01-20 06:52:33,8.32,3.9
2024-01-20 06:54:59,4.38,3.2
2024-01-20 06:57:25,5.13,3.47
2024-01-20 06:59:51,10.2,4.57
2024-01-20 07:02:16,7.47,4.05
2024-01-20 07:04:42,5.6,3.22
2024-01-20 07:07:07,5.75,4.07
2024-01-20 07:09:37,6.75,4.22
2024-01-20 07:12:04,5.9,4.15
2024-01-20 07:14:30,9.98,4.8
2024-01-20 07:16:55,7.7,4.8
2024-01-20 07:19:21,9.63,3.72
2024-01-20 07:21:46,5.7,3.72
2024-01-20 07:24:12,10.15,4.4
2024-01-20 07:26:37,8.05,4.05
2024-01-20 07:29:03,10.07,5.8
2024-01-20 07:31:28,7.03,4.3
2024-01-20 07:33:54,7.85,4.55
2024-01-20 07:36:19,11.02,4.57
2024-01-20 07:38:45,7.22,3.22
2024-01-20 07:41:11,8.8,4.95
2024-01-20 07:43:36,5.2,3.5
2024-01-20 07:46:02,8.75,3.75
2024-01-20 07:48:27,4.95,3.75
2024-01-20 07:50:53,4.38,2.95
2024-01-20 07:53:18,5.68,4.15
2024-01-20 07:55:44,6.95,3.88
2024-01-20 07:58:10,7.93,4.63
2024-01-20 08:00:35,7.53,4.7
2024-01-20 08:03:01,6.03,4.57
2024-01-20 08:05:26,11.2,6.2
2024-01-20 08:07:52,12.2,6.1
2024-01-20 08:10:17,6.45,4.93
2024-01-20 08:12:43,6.57,4.47
2024-01-20 08:15:08,8.57,5.25
2024-01-20 08:17:34,5.1,2.92
2024-01-20 08:20:00,5.8,3.7
2024-01-20 08:22:25,9.18,4.4
2024-01-20 08:24:51,10.43,4.57
2024-01-20 08:27:17,5.93,3.72
2024-01-20 08:29:43,4.25,3.83
2024-01-20 08:32:08,3.22,2.25
2024-01-20 08:34:34,4.47,3.75
2024-01-20 08:37:03,6.25,3.58
2024-01-20 08:39:28,4.3,3.25
2024-01-20 08:41:54,5.47,3.22
2024-01-20 08:44:20,3.58,3.08
2024-01-20 08:46:46,5.32,3.95
2024-01-20 08:49:12,10.55,6.0
2024-01-20 08:51:38,6.47,3.6
2024-01-20 08:54:04,6.85,3.83
2024-01-20 08:56:33,7.1,3.72
2024-01-20 08:58:59,9.75,4.25
2024-01-20 09:01:24,6.18,3.65
2024-01-20 09:03:50,7.9,4.95
2024-01-20 09:06:16,6.22,4.3
2024-01-20 09:08:41,3.95,3.58
2024-01-20 09:11:07,8.7,5.28
2024-01-20 09:13:33,6.13,4.15
2024-01-20 09:15:58,8.55,4.13
2024-01-20 09:18:24,4.1,3.3
2024-01-20 09:20:50,5.43,3.58
2024-01-20 09:23:16,5.13,3.75
2024-01-20 09:25:41,8.68,3.95
2024-01-20 09:28:07,8.55,2.83
2024-01-20 09:30:33,7.4,3.2
2024-01-20 09:33:01,3.9,2.35
2024-01-20 09:35:29,3.15,2.42
2024-01-20 09:37:56,9.82,5.22
2024-01-20 09:40:21,9.93,5.78
2024-01-20 09:42:47,10.05,3.25
2024-01-20 09:45:13,5.25,2.9
2024-01-20 09:47:39,4.9,3.8
2024-01-20 09:50:05,5.57,3.85
2024-01-20 09:52:31,8.95,3.53
2024-01-20 09:55:17,5.15,3.5
2024-01-20 09:57:44,5.05,2.65
2024-01-20 10:00:11,5.15,3.22
2024-01-20 10:02:38,6.65,4.3
2024-01-20 10:05:04,12.18,4.93
2024-01-20 10:07:33,8.8,4.65
2024-01-20 10:09:59,5.3,4.35
2024-01-20 10:12:25,7.47,3.38
2024-01-20 10:14:50,7.18,4.63
2024-01-20 10:17:16,7.53,3.83
2024-01-20 10:19:42,5.07,4.35
2024-01-20 10:22:08,5.8,4.63
2024-01-20 10:24:34,7.1,4.72
2024-01-20 10:27:19,6.65,4.43
2024-01-20 10:29:45,5.63,3.6
2024-01-20 10:32:12,5.0,3.28
2024-01-20 10:34:38,9.07,4.03
2024-01-20 10:37:13,6.3,3.4
2024-01-20 10:39:42,3.92,3.55
2024-01-20 10:42:13,8.68,4.85
2024-01-20 10:44:41,8.13,3.78
2024-01-20 10:47:13,6.55,3.95
2024-01-20 10:49:44,4.88,3.5
2024-01-20 10:52:11,5.7,4.15
2024-01-20 10:54:39,5.65,4.32
2024-01-20 10:57:06,4.18,2.9
2024-01-20 10:59:32,8.15,3.85
2024-01-20 11:02:01,9.13,4.63
2024-01-20 11:04:32,8.55,5.05
2024-01-20 11:06:59,10.7,4.38
2024-01-20 11:09:25,8.2,6.3
2024-01-20 11:11:57,5.35,3.75
2024-01-20 11:14:30,9.93,6.75
2024-01-20 11:16:57,13.02,6.25
2024-01-20 11:19:27,5.35,4.3
2024-01-20 11:21:54,11.95,4.82
2024-01-20 11:24:34,9.55,4.93
2024-01-20 11:27:03,7.03,3.8
2024-01-20 11:29:29,8.77,5.4
2024-01-20 11:31:55,7.6,4.68
2024-01-20 11:34:21,10.3,6.38
2024-01-20 11:36:46,7.85,4.53
2024-01-20 11:39:13,7.63,4.43
2024-01-20 11:41:39,8.52,3.55
2024-01-20 11:44:05,7.6,4.4
2024-01-20 11:46:31,6.05,4.88
2024-01-20 11:48:57,7.07,4.35
2024-01-20 11:51:22,12.65,4.5
2024-01-20 11:53:48,13.32,5.78
2024-01-20 11:56:17,6.3,4.4
2024-01-20 11:58:42,9.75,4.65
2024-01-20 12:01:08,7.32,4.88
2024-01-20 12:03:34,10.07,6.6
2024-01-20 12:06:05,7.32,5.18
2024-01-20 12:08:34,9.18,4.63
2024-01-20 12:11:01,12.43,6.97
2024-01-20 12:13:27,7.43,5.28
2024-01-20 12:15:58,9.07,5.32
2024-01-20 12:18:24,10.98,6.35
2024-01-20 12:20:49,15.15,6.65
2024-01-20 12:23:18,12.43,6.45
2024-01-20 12:25:45,11.0,7.72
2024-01-20 12:28:11,11.48,5.72
2024-01-20 12:30:37,9.02,5.25
2024-01-20 12:33:02,12.38,5.93
2024-01-20 12:35:28,10.8,5.43
2024-01-20 12:37:54,11.05,7.18
2024-01-20 12:40:21,12.07,6.22
2024-01-20 12:42:47,10.73,5.3
2024-01-20 12:45:12,10.2,5.9
2024-01-20 12:47:38,7.0,4.5
2024-01-20 12:50:04,14.73,8.05
2024-01-20 12:52:30,9.63,6.28
2024-01-20 12:54:55,13.45,7.72
2024-01-20 12:57:24,11.75,6.68
2024-01-20 12:59:50,13.13,6.97
2024-01-20 13:02:15,10.57,5.8
2024-01-20 13:04:41,15.9,7.35
2024-01-20 13:07:07,10.75,5.95
2024-01-20 13:09:33,13.6,7.68
2024-01-20 13:12:00,11.1,6.32
2024-01-20 13:14:26,9.6,5.28
2024-01-20 13:16:51,12.35,7.57
2024-01-20 13:19:17,12.15,6.63
2024-01-20 13:21:42,7.85,5.55
2024-01-20 13:24:08,6.07,3.7
2024-01-20 13:26:34,10.52,5.88
2024-01-20 13:28:59,13.48,6.43
2024-01-20 13:31:25,12.05,5.75
2024-01-20 13:33:50,14.85,6.43
2024-01-20 13:36:16,13.1,7.6
2024-01-20 13:38:42,17.75,9.73
2024-01-20 13:41:08,14.32,7.13
2024-01-20 13:43:34,12.45,6.8
2024-01-20 13:46:00,11.88,7.63
2024-01-20 13:48:25,19.27,8.27
2024-01-20 13:50:51,10.43,5.75
2024-01-20 13:53:17,11.95,5.2
2024-01-20 13:55:42,14.32,8.77
2024-01-20 13:58:08,17.02,9.82
2024-01-20 14:00:33,11.9,6.93
2024-01-20 14:02:59,15.73,7.8
2024-01-20 14:05:25,14.02,7.05
2024-01-20 14:07:50,20.67,8.65
2024-01-20 14:10:16,9.68,6.28
2024-01-20 14:12:41,14.32,7.68
2024-01-20 14:15:07,12.6,5.75
2024-01-20 14:17:33,8.3,4.75
2024-01-20 14:19:58,9.65,6.35
2024-01-20 14:22:24,12.65,6.28
2024-01-20 14:24:49,11.63,6.88
2024-01-20 14:27:16,9.63,5.45
2024-01-20 14:29:41,9.88,5.18
2024-01-20 14:32:07,7.72,5.53
2024-01-20 14:34:35,6.78,4.63
2024-01-20 14:37:00,10.32,6.93
2024-01-20 14:39:26,7.8,5.6
2024-01-20 14:41:52,16.25,8.15
2024-01-20 14:44:18,11.25,6.85
2024-01-20 14:46:43,11.32,6.15
2024-01-20 14:49:09,15.07,7.45
2024-01-20 14:51:35,9.77,5.03
2024-01-20 14:54:01,8.07,5.65
2024-01-20 14:56:29,18.7,8.2
2024-01-20 14:58:59,11.1,7.1
2024-01-20 15:01:28,9.23,5.47
2024-01-20 15:03:56,10.15,5.8
2024-01-20 15:06:22,10.05,6.68
2024-01-20 15:08:47,8.93,5.35
2024-01-20 15:11:13,10.9,6.5
2024-01-20 15:13:39,12.38,7.2
2024-01-20 15:16:04,9.68,7.0
2024-01-20 15:18:30,10.52,5.9
2024-01-20 15:20:55,15.6,6.95
2024-01-20 15:23:21,15.88,7.28
2024-01-20 15:25:47,12.15,7.43
2024-01-20 15:28:13,10.57,8.02
2024-01-20 15:30:39,12.7,7.55
2024-01-20 15:33:04,12.43,6.4
2024-01-20 15:35:30,11.68,5.68
2024-01-20 15:37:56,11.55,5.82
2024-01-20 15:40:21,16.95,6.95
2024-01-20 15:42:47,10.75,5.72
2024-01-20 15:45:13,14.63,7.0
2024-01-20 15:47:38,9.65,5.95
2024-01-20 15:50:04,11.73,5.13
2024-01-20 15:52:30,8.05,5.45
2024-01-20 15:54:55,17.45,7.47
2024-01-20 15:57:21,7.65,5.57
2024-01-20 15:59:47,15.45,6.28
2024-01-20 16:02:12,13.45,8.25
2024-01-20 16:04:38,16.0,8.3
2024-01-20 16:07:03,14.93,8.2
2024-01-20 16:09:29,14.93,6.85
2024-01-20 16:11:55,14.32,7.15
2024-01-20 16:14:21,17.0,8.35
2024-01-20 16:16:47,12.23,7.4
2024-01-20 16:19:13,18.9,10.07
2024-01-20 16:21:39,14.4,9.18
2024-01-20 16:24:04,14.82,6.85
2024-01-20 16:26:30,17.83,9.2
2024-01-20 16:28:56,12.65,6.4
2024-01-20 16:31:22,13.82,7.03
2024-01-20 16:33:48,18.58,8.32
2024-01-20 16:36:16,9.38,7.22
2024-01-20 16:38:43,17.6,8.8
2024-01-20 16:41:09,8.75,5.85
2024-01-20 16:43:35,13.75,6.78
2024-01-20 16:46:03,17.75,8.63
2024-01-20 16:48:29,20.67,9.93
2024-01-20 16:50:55,18.73,7.88
2024-01-20 16:53:21,15.35,9.32
2024-01-20 16:55:46,18.85,9.07
2024-01-20 16:58:12,14.73,8.9
2024-01-20 17:00:37,15.32,8.07
2024-01-20 17:03:03,19.38,8.75
2024-01-20 17:05:29,15.32,9.2
2024-01-20 17:07:56,17.52,9.15
2024-01-20 17:10:21,12.98,8.77
2024-01-20 17:12:47,11.9,7.07
2024-01-20 17:15:13,19.5,10.05
2024-01-20 17:17:40,13.77,7.93
2024-01-20 17:20:05,16.38,9.82
2024-01-20 17:22:32,19.42,9.15
2024-01-20 17:24:58,18.85,9.32
2024-01-20 17:27:24,22.08,10.9
2024-01-20 17:29:49,17.73,9.63
2024-01-20 17:32:15,25.17,10.85
2024-01-20 17:34:40,17.73,8.88
2024-01-20 17:37:06,21.75,10.73
2024-01-20 17:39:32,15.23,7.55
2024-01-20 17:42:02,14.02,7.2
2024-01-20 17:44:33,22.1,10.63
2024-01-20 17:46:58,17.92,9.4
2024-01-20 17:49:24,13.1,7.75
2024-01-20 17:51:50,15.98,9.43
2024-01-20 17:54:16,20.6,9.02
2024-01-20 17:56:41,20.8,9.57
2024-01-20 17:59:07,12.55,7.28
2024-01-20 18:01:35,19.75,9.23
2024-01-20 18:04:01,19.05,10.65
2024-01-20 18:06:27,15.0,9.07
2024-01-20 18:08:54,22.2,11.15
2024-01-20 18:11:20,25.55,11.57
2024-01-20 18:13:45,18.25,8.77
2024-01-20 18:16:11,18.75,11.05
2024-01-20 18:18:36,15.57,9.75
2024-01-20 18:21:02,17.63,10.57
2024-01-20 18:23:28,20.8,10.07
2024-01-20 18:25:53,19.58,11.2
2024-01-20 18:28:19,19.2,10.52
2024-01-20 18:30:45,17.2,8.88
2024-01-20 18:33:10,13.73,8.77
2024-01-20 18:35:36,19.75,9.82
2024-01-20 18:38:01,19.75,9.48
2024-01-20 18:40:27,14.88,8.07
2024-01-20 18:42:52,20.83,8.88
2024-01-20 18:45:18,18.95,9.75
2024-01-20 18:47:44,21.15,9.77
2024-01-20 18:50:11,21.4,9.73
2024-01-20 18:52:37,20.42,12.9
2024-01-20 18:55:03,17.73,10.15
2024-01-20 18:57:29,21.17,11.23
2024-01-20 18:59:55,15.4,10.25
2024-01-20 19:02:21,18.0,9.95
2024-01-20 19:04:47,16.8,9.7
2024-01-20 19:07:13,17.05,11.95
2024-01-20 19:09:38,24.77,12.88
2024-01-20 19:12:05,17.52,10.73
2024-01-20 19:14:30,20.7,11.13
2024-01-20 19:16:56,15.45,10.07
2024-01-20 19:19:21,19.23,12.5
2024-01-20 19:21:47,18.13,11.75
2024-01-20 19:24:13,16.0,8.7
2024-01-20 19:26:40,16.65,11.13
2024-01-20 19:29:06,13.55,8.8
2024-01-20 19:31:32,18.6,11.27
2024-01-20 19:33:57,22.6,12.4
2024-01-20 19:36:23,21.05,12.32
2024-01-20 19:38:50,20.8,10.68
2024-01-20 19:41:16,15.57,8.82
2024-01-20 19:43:42,22.42,12.68
2024-01-20 19:46:07,19.88,11.93
2024-01-20 19:48:33,18.17,10.23
2024-01-20 19:50:59,24.95,10.45
2024-01-20 19:53:25,22.7,12.23
2024-01-20 19:55:51,21.88,12.9
2024-01-20 19:58:16,17.23,11.35
2024-01-20 20:00:42,16.38,10.5
2024-01-20 20:03:10,24.5,11.8
2024-01-20 20:05:39,33.15,11.88
2024-01-20 20:08:04,24.52,12.4
2024-01-20 20:10:30,19.05,10.4
2024-01-20 20:12:56,14.8,9.25
2024-01-20 20:15:21,20.02,11.8
2024-01-20 20:17:47,24.38,12.05
2024-01-20 20:20:12,26.02,14.15
2024-01-20 20:22:38,39.05,15.02
2024-01-20 20:25:04,23.4,12.7
2024-01-20 20:27:30,24.85,13.2
2024-01-20 20:29:56,21.13,11.25
2024-01-20 20:32:22,24.9,15.8
2024-01-20 20:34:48,16.15,8.82
2024-01-20 20:37:18,19.23,12.2
2024-01-20 20:39:44,22.35,13.25
2024-01-20 20:42:10,24.25,12.45
2024-01-20 20:44:36,20.27,11.18
2024-01-20 20:47:02,18.58,12.35
2024-01-20 20:49:27,26.42,13.9
2024-01-20 20:51:55,16.48,9.15
2024-01-20 20:54:20,25.25,12.88
2024-01-20 20:56:46,27.38,13.5
2024-01-20 20:59:11,22.2,13.05
2024-01-20 21:01:37,20.83,12.6
2024-01-20 21:04:03,23.88,12.18
2024-01-20 21:06:28,12.57,8.6
2024-01-20 21:08:54,15.8,11.18
2024-01-20 21:11:19,22.23,13.25
2024-01-20 21:13:45,21.75,12.9
2024-01-20 21:16:11,23.15,12.73
2024-01-20 21:18:38,25.45,14.75
2024-01-20 21:21:03,26.42,13.18
2024-01-20 21:23:29,19.85,10.52
2024-01-20 21:25:55,22.08,10.2
2024-01-20 21:28:24,21.1,13.2
2024-01-20 21:30:49,19.58,11.88
2024-01-20 21:33:18,25.33,12.38
2024-01-20 21:35:44,24.83,12.3
2024-01-20 21:38:09,24.8,13.75
2024-01-20 21:40:35,30.35,13.4
2024-01-20 21:43:01,17.77,10.0
2024-01-20 21:45:26,23.6,12.85
2024-01-20 21:47:52,30.4,12.9
2024-01-20 21:50:17,25.05,12.32
2024-01-20 21:52:43,23.0,12.93
2024-01-20 21:55:09,19.2,12.65
2024-01-20 21:57:34,24.02,12.2
2024-01-20 22:00:00,20.98,10.77
2024-01-20 22:02:25,13.7,9.93
2024-01-20 22:04:55,25.1,11.15
2024-01-20 22:07:21,22.52,10.73
2024-01-20 22:09:47,20.05,9.32
2024-01-20 22:12:13,34.28,13.98
2024-01-20 22:14:39,27.58,13.6
2024-01-20 22:17:04,24.13,13.27
2024-01-20 22:19:30,25.95,12.27
2024-01-20 22:21:56,21.38,10.32
2024-01-20 22:24:22,23.25,12.1
2024-01-20 22:26:48,32.05,16.73
2024-01-20 22:29:13,23.27,13.43
2024-01-20 22:31:39,23.35,11.68
2024-01-20 22:34:04,17.1,9.48
2024-01-20 22:36:30,25.7,12.18
2024-01-20 22:38:55,21.55,10.52
2024-01-20 22:41:22,18.35,9.9
2024-01-20 22:43:47,10.73,6.57
2024-01-20 22:46:16,19.33,9.35
2024-01-20 22:48:42,14.55,7.65
2024-01-20 22:51:17,16.98,8.48
2024-01-20 22:53:44,17.5,9.07
2024-01-20 22:56:10,18.65,10.48
2024-01-20 22:58:36,24.25,10.4
2024-01-20 23:01:03,17.63,9.5
2024-01-20 23:03:28,17.27,10.27
2024-01-20 23:05:54,23.27,10.4
2024-01-20 23:08:19,19.63,10.82
2024-01-20 23:10:45,25.13,12.38
2024-01-20 23:13:11,26.88,13.98
2024-01-20 23:15:37,21.88,10.9
2024-01-20 23:18:02,16.52,8.95
2024-01-20 23:20:28,19.4,10.73
2024-01-20 23:22:54,21.38,11.05
2024-01-20 23:25:20,16.27,9.05
2024-01-20 23:27:45,16.38,9.63
2024-01-20 23:30:11,19.63,9.4
2024-01-20 23:32:36,18.0,9.57
2024-01-20 23:35:02,23.13,9.88
2024-01-20 23:37:29,13.1,6.82
2024-01-20 23:39:55,17.83,10.48
2024-01-20 23:42:20,18.88,10.13
2024-01-20 23:44:46,14.9,9.82
2024-01-20 23:47:11,16.92,9.77
2024-01-20 23:49:37,16.85,9.7
2024-01-20 23:52:03,14.73,8.7
2024-01-20 23:54:29,13.98,10.13
2024-01-20 23:56:54,19.42,9.27
2024-01-20 23:59:20,11.2,7.93
2024-01-21 00:01:45,15.6,9.13
2024-01-21 00:04:11,15.45,10.8
2024-01-21 00:06:37,9.3,6.35
2024-01-21 00:09:03,13.38,7.97
2024-01-21 00:11:28,15.0,8.07
2024-01-21 00:13:54,14.23,8.27
2024-01-21 00:16:19,15.43,8.05
2024-01-21 00:18:45,14.77,8.98
2024-01-21 00:21:10,15.55,9.43
2024-01-21 00:23:36,14.25,7.75
2024-01-21 00:26:01,12.15,7.78
2024-01-21 00:28:27,15.82,8.93
2024-01-21 00:30:52,12.88,6.78
2024-01-21 00:33:18,14.0,8.23
2024-01-21 00:35:45,22.23,10.68
2024-01-21 00:38:11,15.7,8.52
2024-01-21 00:40:36,13.73,7.57
2024-01-21 00:43:02,15.18,8.95
2024-01-21 00:45:28,11.07,6.97
2024-01-21 00:47:54,12.52,8.3
2024-01-21 00:50:20,16.08,8.8
2024-01-21 00:52:45,13.95,9.0
2024-01-21 00:55:11,21.88,9.23
2024-01-21 00:57:37,16.83,9.27
2024-01-21 01:00:02,12.13,6.95
2024-01-21 01:02:29,16.92,9.05
2024-01-21 01:04:55,18.08,8.95
2024-01-21 01:07:21,21.1,9.5
2024-01-21 01:09:46,9.8,6.63
2024-01-21 01:12:12,16.58,8.57
2024-01-21 01:14:38,12.43,7.95
2024-01-21 01:17:05,13.85,7.35
2024-01-21 01:19:31,11.25,7.28
2024-01-21 01:21:57,14.82,7.32
2024-01-21 01:24:23,13.75,7.05
2024-01-21 01:26:48,13.88,6.65
2024-01-21 01:29:14,11.5,6.95
2024-01-21 01:31:39,9.9,6.7
2024-01-21 01:34:05,14.2,6.57
2024-01-21 01:36:30,15.6,7.57
2024-01-21 01:38:56,11.2,7.47
2024-01-21 01:41:21,11.8,7.68
2024-01-21 01:43:47,13.48,7.15
2024-01-21 01:46:13,13.82,6.8
2024-01-21 01:48:39,11.25,7.03
2024-01-21 01:51:04,10.73,7.0
2024-01-21 01:53:30,10.5,6.6
2024-01-21 01:55:56,13.0,7.03
2024-01-21 01:58:24,14.13,6.18
2024-01-21 02:00:52,12.98,7.3
2024-01-21 02:03:18,12.25,6.78
2024-01-21 02:05:44,9.32,6.0
2024-01-21 02:08:10,8.2,5.88
2024-01-21 02:10:36,11.52,6.05
2024-01-21 02:13:01,10.3,6.25
2024-01-21 02:15:26,13.02,8.4
2024-01-21 02:17:52,16.65,9.27
2024-01-21 02:20:18,17.7,9.88
2024-01-21 02:22:43,15.3,9.82
2024-01-21 02:25:09,8.93,6.8
2024-01-21 02:27:35,11.45,6.68
2024-01-21 02:30:02,11.82,6.53
2024-01-21 02:32:28,12.93,6.5
2024-01-21 02:34:54,10.13,6.13
2024-01-21 02:37:20,13.98,7.5
2024-01-21 02:39:45,15.23,7.8
2024-01-21 02:42:11,17.58,9.88
2024-01-21 02:44:36,15.73,9.73
2024-01-21 02:47:02,14.73,9.45
2024-01-21 02:49:28,14.82,7.22
2024-01-21 02:51:57,17.98,8.48
2024-01-21 02:54:23,17.6,8.77
2024-01-21 02:56:49,12.2,8.88
2024-01-21 02:59:15,12.27,6.6
2024-01-21 03:01:40,11.93,7.88
2024-01-21 03:04:09,18.88,7.6
2024-01-21 03:06:36,12.13,7.65
2024-01-21 03:09:01,11.35,7.28
2024-01-21 03:11:27,12.05,6.88
2024-01-21 03:13:52,18.0,10.15
2024-01-21 03:16:18,24.13,9.07
2024-01-21 03:18:44,37.25,14.65
2024-01-21 03:21:09,20.92,11.4
2024-01-21 03:23:35,28.77,12.05
2024-01-21 03:26:00,19.3,10.9
2024-01-21 03:28:26,25.88,12.88
2024-01-21 03:30:52,25.3,13.5
2024-01-21 03:33:17,22.38,9.9
2024-01-21 03:35:43,25.9,12.0
2024-01-21 03:38:08,28.33,15.13
2024-01-21 03:40:34,25.3,13.45
2024-01-21 03:42:59,24.8,11.68
2024-01-21 03:45:25,30.02,10.9
2024-01-21 03:47:50,16.27,7.78
2024-01-21 03:50:15,25.05,10.95
2024-01-21 03:52:45,23.75,9.6
2024-01-21 03:55:11,20.48,10.3
2024-01-21 03:57:37,10.27,6.8
2024-01-21 04:00:03,10.2,6.97
2024-01-21 04:02:29,9.82,6.57
2024-01-21 04:04:55,13.43,6.65
2024-01-21 04:07:21,17.23,8.63
2024-01-21 04:09:47,23.67,11.38
2024-01-21 04:12:12,21.8,10.93
2024-01-21 04:14:38,16.98,9.25
2024-01-21 04:17:04,25.23,12.27
2024-01-21 04:19:29,20.2,10.98
2024-01-21 04:21:55,14.18,8.2
2024-01-21 04:24:20,15.5,9.4
2024-01-21 04:26:45,17.65,8.65
2024-01-21 04:29:11,16.85,8.8
2024-01-21 04:31:36,13.3,6.25
2024-01-21 04:34:02,11.82,8.0
2024-01-21 04:36:28,11.05,5.85
2024-01-21 04:38:53,6.88,5.0
2024-01-21 04:41:19,8.68,5.72
2024-01-21 04:43:44,9.15,5.6
2024-01-21 04:46:10,7.55,4.95
2024-01-21 04:48:35,9.25,4.45
2024-01-21 04:51:01,10.7,5.1
2024-01-21 04:53:27,12.8,5.8
2024-01-21 04:55:53,9.0,5.78
2024-01-21 04:58:19,9.38,5.53
2024-01-21 05:00:44,10.02,6.3
2024-01-21 05:03:10,6.25,4.18
2024-01-21 05:05:36,10.3,5.4
2024-01-21 05:08:02,9.88,5.45
2024-01-21 05:10:27,10.57,5.7
2024-01-21 05:12:53,8.95,4.68
2024-01-21 05:15:18,7.18,4.68
2024-01-21 05:17:44,10.55,5.1
2024-01-21 05:20:09,7.35,4.95
2024-01-21 05:22:36,11.07,6.38
2024-01-21 05:25:02,7.57,5.15
2024-01-21 05:27:28,10.35,5.07
2024-01-21 05:29:54,10.0,5.38
2024-01-21 05:32:20,7.75,4.55
2024-01-21 05:34:45,8.27,4.68
2024-01-21 05:37:11,8.48,4.5
2024-01-21 05:39:36,9.68,5.82
2024-01-21 05:42:02,8.18,3.9
2024-01-21 05:44:28,7.5,5.4
2024-01-21 05:46:54,5.1,3.0
2024-01-21 05:49:19,7.97,4.57
2024-01-21 05:51:45,9.05,5.25
2024-01-21 05:54:11,6.43,4.8
2024-01-21 05:56:37,12.77,4.97
2024-01-21 05:59:02,5.9,3.63
2024-01-21 06:01:28,10.35,6.4
2024-01-21 06:03:53,9.55,4.45
2024-01-21 06:06:19,10.13,5.3
2024-01-21 06:08:44,10.75,6.4
2024-01-21 06:11:10,10.05,5.32
2024-01-21 06:13:35,7.05,4.13
2024-01-21 06:16:01,8.68,5.53
2024-01-21 06:18:28,9.63,5.57
2024-01-21 06:20:54,8.77,4.72
2024-01-21 06:23:19,13.57,5.88
2024-01-21 06:25:45,9.52,5.0
2024-01-21 06:28:10,9.73,5.35
2024-01-21 06:30:35,10.55,5.53
2024-01-21 06:33:01,8.1,4.82
2024-01-21 06:35:26,10.38,5.72
2024-01-21 06:37:52,9.3,5.25
2024-01-21 06:40:18,8.0,4.9
2024-01-21 06:42:44,7.88,5.85
2024-01-21 06:45:12,10.88,5.57
2024-01-21 06:47:41,14.7,6.2
2024-01-21 06:50:07,10.98,5.1
2024-01-21 06:52:35,10.7,5.72
2024-01-21 06:55:00,10.85,4.68
2024-01-21 06:57:27,10.18,6.15
2024-01-21 06:59:53,7.78,5.15
2024-01-21 07:02:19,9.93,6.4
2024-01-21 07:04:44,12.1,7.15
2024-01-21 07:07:10,14.9,9.27
2024-01-21 07:09:38,15.68,7.63
2024-01-21 07:12:05,13.02,6.13
2024-01-21 07:14:30,12.93,6.3
2024-01-21 07:16:59,10.9,6.0
2024-01-21 07:19:28,9.43,5.5
2024-01-21 07:21:54,7.55,6.03
2024-01-21 07:24:19,9.45,5.57
2024-01-21 07:26:45,8.27,5.07
2024-01-21 07:29:10,11.88,6.35
2024-01-21 07:31:38,14.63,8.63
2024-01-21 07:34:04,12.95,6.95
2024-01-21 07:36:34,10.65,7.15
2024-01-21 07:39:00,11.18,6.3
2024-01-21 07:41:25,10.45,6.88
2024-01-21 07:43:50,14.32,7.25
2024-01-21 07:46:16,10.88,6.38
2024-01-21 07:48:41,10.48,5.97
2024-01-21 07:51:07,10.65,6.0
2024-01-21 07:53:32,8.05,5.53
2024-01-21 07:55:58,12.25,6.95
2024-01-21 07:58:23,16.67,6.47
2024-01-21 08:00:49,8.3,4.97
2024-01-21 08:03:14,8.55,5.38
2024-01-21 08:05:40,10.77,6.65
2024-01-21 08:08:05,12.23,8.3
2024-01-21 08:10:31,9.48,6.6
2024-01-21 08:12:57,8.68,5.6
2024-01-21 08:15:23,15.27,8.02
2024-01-21 08:17:48,13.7,7.55
2024-01-21 08:20:14,11.77,7.0
2024-01-21 08:22:40,8.85,5.22
2024-01-21 08:25:05,10.43,5.43
2024-01-21 08:27:31,14.73,6.43
2024-01-21 08:29:57,11.65,6.35
2024-01-21 08:32:22,11.2,6.47
2024-01-21 08:34:47,11.43,7.7
2024-01-21 08:37:13,11.13,5.3
2024-01-21 08:39:38,7.75,4.85
2024-01-21 08:42:04,7.57,4.9
2024-01-21 08:44:30,7.63,5.97
2024-01-21 08:46:55,8.8,5.28
2024-01-21 08:49:21,10.0,7.03
2024-01-21 08:51:47,12.73,7.4
2024-01-21 08:54:13,9.0,5.8
2024-01-21 08:56:38,10.05,5.55
2024-01-21 08:59:04,9.07,5.53
2024-01-21 09:01:29,9.23,7.57
2024-01-21 09:03:55,9.52,6.1
2024-01-21 09:06:20,12.1,7.05
2024-01-21 09:08:46,13.4,6.7
2024-01-21 09:11:17,9.43,6.82
2024-01-21 09:13:42,9.43,6.53
2024-01-21 09:16:08,9.3,7.32
2024-01-21 09:18:34,12.8,6.72
2024-01-21 09:21:00,9.6,7.28
2024-01-21 09:23:25,9.7,5.88
2024-01-21 09:25:51,10.0,6.88
2024-01-21 09:28:16,9.88,7.13
2024-01-21 09:30:43,9.98,6.1
2024-01-21 09:33:08,15.3,8.43
2024-01-21 09:35:34,12.2,7.88
2024-01-21 09:37:59,12.38,7.55
2024-01-21 09:40:25,12.8,7.65
2024-01-21 09:42:50,11.38,8.9
2024-01-21 09:45:16,17.33,9.73
2024-01-21 09:47:41,18.2,8.6
2024-01-21 09:50:08,14.15,8.9
2024-01-21 09:52:34,16.92,9.68
2024-01-21 09:55:00,15.63,9.93
2024-01-21 09:57:25,19.05,11.45
2024-01-21 09:59:51,12.1,7.5
2024-01-21 10:02:17,10.35,5.53
2024-01-21 10:04:45,9.3,6.47
2024-01-21 10:07:11,10.73,6.53
2024-01-21 10:09:37,10.25,6.97
2024-01-21 10:12:04,10.48,6.65
2024-01-21 10:14:30,12.0,6.55
2024-01-21 10:17:01,8.23,5.5
2024-01-21 10:19:31,10.13,6.63
2024-01-21 10:22:08,10.43,6.07
2024-01-21 10:24:45,23.33,11.05
2024-01-21 10:27:11,9.8,6.47
2024-01-21 10:29:46,8.4,5.55
2024-01-21 10:32:13,12.07,6.43
2024-01-21 10:34:40,7.85,5.55
2024-01-21 10:37:10,13.52,7.82
2024-01-21 10:39:36,11.2,6.1
2024-01-21 10:42:02,11.32,7.05
2024-01-21 10:44:30,14.2,6.85
2024-01-21 10:46:56,17.6,6.88
2024-01-21 10:49:22,12.18,7.57
2024-01-21 10:51:48,12.38,7.18
2024-01-21 10:54:17,15.25,7.03
2024-01-21 10:56:42,12.02,7.65
2024-01-21 10:59:08,11.95,7.2
2024-01-21 11:01:35,9.75,6.72
2024-01-21 11:04:03,16.5,8.88
2024-01-21 11:09:02,15.25,8.15
2024-01-21 11:11:29,12.82,7.55
2024-01-21 11:13:54,11.65,7.15
2024-01-21 11:18:52,13.57,8.65
2024-01-21 11:21:21,12.77,7.72
2024-01-21 11:26:37,12.15,6.88
2024-01-21 11:29:22,11.95,8.25
2024-01-21 11:34:16,14.18,7.2
2024-01-21 11:36:42,15.8,8.52
2024-01-21 11:39:08,12.05,7.57
2024-01-21 11:41:39,15.38,8.23
2024-01-21 11:44:25,13.57,8.65
2024-01-21 11:46:55,11.7,7.65
2024-01-21 11:49:23,10.8,6.75
2024-01-21 11:51:48,16.55,8.1
2024-01-21 11:54:15,12.48,7.72
2024-01-21 11:56:41,18.92,8.1
2024-01-21 11:59:08,11.75,6.7
2024-01-21 12:01:37,15.45,8.35
2024-01-21 12:04:04,15.65,8.8
2024-01-21 12:06:48,17.4,8.57
2024-01-21 12:09:14,13.6,8.3
2024-01-21 12:11:40,14.45,9.32
2024-01-21 12:14:07,13.82,7.65
2024-01-21 12:16:39,23.45,9.48
2024-01-21 12:19:05,14.65,9.5
2024-01-21 12:21:31,12.45,8.02
2024-01-21 12:23:58,15.18,6.85
2024-01-21 12:26:24,17.1,9.8
2024-01-21 12:31:28,13.32,8.52
2024-01-21 12:33:56,11.3,7.65
2024-01-21 12:36:22,13.13,8.05
2024-01-21 12:38:48,11.48,7.63
2024-01-21 12:41:15,12.38,7.22
2024-01-21 12:43:41,10.43,6.13
2024-01-21 12:46:08,22.25,11.2
2024-01-21 12:48:37,15.68,7.82
2024-01-21 12:51:02,11.98,7.03
2024-01-21 12:53:28,10.68,6.78
2024-01-21 12:55:53,10.07,5.82
2024-01-21 12:58:19,9.35,7.68
2024-01-21 13:00:48,8.05,5.35
2024-01-21 13:03:14,10.35,6.22
2024-01-21 13:05:40,11.0,6.35
2024-01-21 13:08:10,10.25,5.9
2024-01-21 13:10:36,10.55,6.18
2024-01-21 13:13:03,9.6,6.53
2024-01-21 13:15:29,11.4,6.25
2024-01-21 13:17:55,10.95,5.55
2024-01-21 13:20:20,10.38,6.47
2024-01-21 13:22:46,10.15,6.18
2024-01-21 13:25:12,10.63,7.22
2024-01-21 13:27:38,13.3,9.13
2024-01-21 13:30:08,14.32,8.48
2024-01-21 13:32:53,14.68,8.35
2024-01-21 13:35:18,13.25,7.68
2024-01-21 13:37:44,14.38,8.98
2024-01-21 13:40:11,13.82,7.75
2024-01-21 13:42:37,10.27,7.1
2024-01-21 13:45:03,11.05,7.15
2024-01-21 13:47:29,11.63,6.38
2024-01-21 13:49:54,13.5,7.28
2024-01-21 13:52:20,14.02,9.55
2024-01-21 13:54:46,13.55,8.98
2024-01-21 13:57:11,15.3,9.52
2024-01-21 13:59:37,17.55,10.7
2024-01-21 14:02:06,18.9,10.2
2024-01-21 14:04:35,14.77,10.57
2024-01-21 14:07:02,13.18,8.45
2024-01-21 14:09:28,13.38,8.6
2024-01-21 14:11:54,20.88,10.45
2024-01-21 14:14:19,22.65,11.25
2024-01-21 14:16:45,22.88,10.75
2024-01-21 14:19:11,18.65,11.52
2024-01-21 14:21:36,20.9,12.85
2024-01-21 14:24:02,21.52,12.63
2024-01-21 14:26:38,23.02,12.9
2024-01-21 14:29:12,21.98,11.93
2024-01-21 14:31:41,25.58,13.05
2024-01-21 14:34:07,24.33,14.3
2024-01-21 14:36:37,28.55,17.17
2024-01-21 14:39:04,37.85,22.2
2024-01-21 14:41:30,32.88,19.35
2024-01-21 14:43:55,25.83,15.52
2024-01-21 14:46:21,25.63,14.32
2024-01-21 14:48:46,31.0,16.8
2024-01-21 14:51:11,32.8,16.92
2024-01-21 14:53:37,22.0,13.95
2024-01-21 14:56:03,17.5,10.63
2024-01-21 14:58:28,19.35,10.2
2024-01-21 15:00:54,24.55,11.15
2024-01-21 15:03:19,21.52,12.2
2024-01-21 15:05:45,26.45,14.18
2024-01-21 15:08:10,26.02,14.65
2024-01-21 15:10:36,21.1,13.45
2024-01-21 15:13:01,20.52,11.5
2024-01-21 15:15:30,21.2,11.63
2024-01-21 15:18:01,26.4,12.93
2024-01-21 15:20:26,20.45,14.45
2024-01-21 15:22:52,20.77,13.73
2024-01-21 15:25:18,24.98,13.5
2024-01-21 15:27:43,26.42,16.17
2024-01-21 15:30:09,42.92,22.88
2024-01-21 15:32:35,40.75,26.58
2024-01-21 15:35:00,51.78,30.58
2024-01-21 15:37:26,37.55,23.17
2024-01-21 15:39:51,24.25,16.63
2024-01-21 15:42:18,30.63,17.6
2024-01-21 15:44:43,27.8,16.58
2024-01-21 15:47:09,42.97,21.67
2024-01-21 15:49:34,41.1,21.4
2024-01-21 15:52:01,47.65,24.85
2024-01-21 15:54:27,41.08,23.5
2024-01-21 15:56:52,36.92,20.35
2024-01-21 15:59:18,27.77,16.67
2024-01-21 16:01:43,36.65,17.75
2024-01-21 16:04:09,35.2,17.42
2024-01-21 16:06:34,30.4,15.2
2024-01-21 16:09:00,34.95,16.98
2024-01-21 16:11:25,33.97,16.27
2024-01-21 16:13:51,35.75,16.9
2024-01-21 16:16:16,31.83,16.08
2024-01-21 16:18:42,30.73,14.52
2024-01-21 16:21:07,33.03,16.75
2024-01-21 16:23:33,45.83,25.02
2024-01-21 16:25:59,41.4,24.42
2024-01-21 16:28:25,40.17,23.98
2024-01-21 16:30:50,50.58,29.02
2024-01-21 16:33:16,29.83,20.73
2024-01-21 16:35:44,29.77,17.95
2024-01-21 16:38:09,33.92,16.55
2024-01-21 16:40:35,41.2,21.3
2024-01-21 16:43:00,40.95,22.65
2024-01-21 16:45:27,39.72,20.35
2024-01-21 16:47:55,42.65,21.85
2024-01-21 16:50:21,61.2,25.23
2024-01-21 16:52:50,48.05,23.67
2024-01-21 16:55:20,46.97,21.2
2024-01-21 16:57:45,44.78,23.48
2024-01-21 17:00:21,42.75,22.0
2024-01-21 17:02:51,50.6,22.85
2024-01-21 17:05:17,36.58,21.95
2024-01-21 17:07:42,37.45,21.67
2024-01-21 17:10:15,35.97,17.88
2024-01-21 17:12:59,26.73,16.88
2024-01-21 17:15:25,40.5,18.38
2024-01-21 17:17:57,103.45,46.9
2024-01-21 17:20:26,36.65,21.25
2024-01-21 17:22:51,31.95,16.73
2024-01-21 17:25:17,32.28,15.75
2024-01-21 17:27:42,37.1,17.83
2024-01-21 17:30:08,45.35,21.7
2024-01-21 17:32:35,38.88,21.48
2024-01-21 17:35:01,33.08,15.8
2024-01-21 17:37:26,39.1,21.33
2024-01-21 17:39:52,37.0,17.9
2024-01-21 17:42:17,30.1,18.73
2024-01-21 17:44:43,37.72,19.33
2024-01-21 17:47:08,38.67,18.73
2024-01-21 17:49:34,30.17,17.02
2024-01-21 17:51:59,32.53,18.3
2024-01-21 17:54:27,48.75,24.38
2024-01-21 17:56:53,57.4,31.85
2024-01-21 17:59:19,52.53,27.8
2024-01-21 18:01:45,63.72,34.05
2024-01-21 18:04:11,49.83,29.1
2024-01-21 18:06:36,52.97,27.5
2024-01-21 18:09:02,51.6,26.35
2024-01-21 18:11:27,63.35,30.23
2024-01-21 18:13:53,52.8,27.83
2024-01-21 18:16:19,56.5,30.23
2024-01-21 18:18:47,91.88,44.13
2024-01-21 18:21:16,70.65,38.85
2024-01-21 18:23:43,78.53,38.83
2024-01-21 18:26:08,82.25,38.83
2024-01-21 18:28:34,91.05,46.58
2024-01-21 18:31:00,75.13,42.13
2024-01-21 18:33:26,88.8,46.67
2024-01-21 18:35:51,110.1,51.3
2024-01-21 18:38:19,125.3,70.0
2024-01-21 18:40:45,107.6,59.63
2024-01-21 18:43:11,107.0,57.0
2024-01-21 18:45:37,105.68,53.22
2024-01-21 18:48:02,98.2,51.3
2024-01-21 18:50:28,102.32,51.88
2024-01-21 18:52:55,66.85,35.9
2024-01-21 18:55:20,59.05,30.23
2024-01-21 18:57:45,59.17,30.05
2024-01-21 19:00:11,59.8,29.83
2024-01-21 19:02:37,100.38,48.8
2024-01-21 19:05:03,105.6,50.7
2024-01-21 19:07:28,100.97,51.22
2024-01-21 19:09:54,110.28,53.7
2024-01-21 19:12:20,98.8,53.08
2024-01-21 19:14:46,117.53,59.28
2024-01-21 19:17:12,120.32,57.38
2024-01-21 19:19:38,69.82,37.55
2024-01-21 19:22:03,39.58,23.45
2024-01-21 19:24:29,60.72,28.65
2024-01-21 19:26:54,42.4,24.83
2024-01-21 19:29:20,51.67,24.5
2024-01-21 19:31:45,50.88,23.8
2024-01-21 19:34:11,45.35,24.75
2024-01-21 19:36:37,50.72,24.6
2024-01-21 19:39:03,47.5,23.13
2024-01-21 19:41:30,55.05,27.35
2024-01-21 19:43:55,45.65,24.7
2024-01-21 19:46:21,51.45,26.73
2024-01-21 19:48:47,82.88,37.78
2024-01-21 19:51:12,86.05,42.08
2024-01-21 19:53:38,69.4,36.63
2024-01-21 19:56:04,89.18,44.67
2024-01-21 19:58:30,73.07,40.53
2024-01-21 20:00:55,69.75,34.2
2024-01-21 20:03:21,55.63,26.23
2024-01-21 20:05:47,52.47,26.27
2024-01-21 20:08:14,49.88,23.3
2024-01-21 20:10:39,40.22,24.73
2024-01-21 20:13:05,43.7,22.6
2024-01-21 20:15:30,48.17,23.0
2024-01-21 20:17:56,53.15,25.3
2024-01-21 20:20:21,46.35,22.95
2024-01-21 20:22:47,54.0,25.25
2024-01-21 20:25:13,52.78,22.85
2024-01-21 20:27:39,40.33,21.75
2024-01-21 20:30:06,41.33,25.9
2024-01-21 20:32:33,43.05,24.52
2024-01-21 20:35:01,48.63,25.9
2024-01-21 20:37:27,49.78,26.8
2024-01-21 20:39:53,46.03,29.0
2024-01-21 20:42:19,68.5,36.88
2024-01-21 20:44:44,64.25,32.92
2024-01-21 20:47:10,74.88,36.03
2024-01-21 20:49:35,67.05,37.22
2024-01-21 20:52:01,75.5,35.95
2024-01-21 20:54:26,59.1,31.42
2024-01-21 20:56:56,45.97,30.92
2024-01-21 20:59:22,50.67,26.38
2024-01-21 21:01:47,41.78,24.6
2024-01-21 21:04:13,43.83,24.8
2024-01-21 21:06:41,53.17,28.6
2024-01-21 21:09:07,52.78,27.2
2024-01-21 21:11:33,49.15,25.67
2024-01-21 21:13:58,40.8,23.55
2024-01-21 21:16:24,34.05,22.23
2024-01-21 21:18:49,37.05,22.52
2024-01-21 21:21:15,43.67,21.15
2024-01-21 21:23:41,37.03,18.3
2024-01-21 21:26:08,41.4,20.38
2024-01-21 21:28:33,41.3,21.73
2024-01-21 21:30:59,40.47,21.65
2024-01-21 21:33:24,39.9,20.83
2024-01-21 21:35:52,31.5,18.63
2024-01-21 21:38:18,39.58,21.92
2024-01-21 21:40:44,64.53,35.1
2024-01-21 21:43:10,60.9,33.1
2024-01-21 21:45:35,53.92,30.27
2024-01-21 21:48:01,48.13,23.42
2024-01-21 21:50:26,44.22,20.95
2024-01-21 21:52:52,35.4,17.95
2024-01-21 21:55:18,42.78,20.1
2024-01-21 21:57:43,29.27,18.38
2024-01-21 22:00:09,35.6,19.17
2024-01-21 22:02:37,39.28,20.23
2024-01-21 22:05:03,43.33,22.38
2024-01-21 22:07:28,32.1,20.23
2024-01-21 22:09:54,34.67,20.88
2024-01-21 22:12:20,43.83,20.13
2024-01-21 22:14:45,40.55,21.2
2024-01-21 22:17:11,33.3,20.75
2024-01-21 22:19:39,36.63,21.42
2024-01-21 22:22:05,47.6,23.83
2024-01-21 22:24:31,41.03,22.15
2024-01-21 22:26:56,49.35,23.45
2024-01-21 22:29:22,46.67,26.63
2024-01-21 22:31:47,48.88,23.92
2024-01-21 22:34:13,44.5,25.45
2024-01-21 22:36:38,50.58,27.88
2024-01-21 22:39:04,56.1,26.73
2024-01-21 22:41:29,51.42,26.42
2024-01-21 22:43:55,47.7,24.4
2024-01-21 22:46:21,37.47,21.63
2024-01-21 22:48:46,41.67,19.52
2024-01-21 22:51:12,34.2,19.58
2024-01-21 22:53:39,44.03,22.95
2024-01-21 22:56:04,36.95,21.0
2024-01-21 22:58:30,35.92,18.83
2024-01-21 23:00:56,33.67,18.67
2024-01-21 23:03:21,35.88,19.02
2024-01-21 23:05:47,26.25,16.33
2024-01-21 23:08:12,39.25,22.77
2024-01-21 23:10:38,38.97,22.33
2024-01-21 23:13:03,45.28,21.48
2024-01-21 23:15:29,52.25,23.42
2024-01-21 23:17:54,42.85,21.0
2024-01-21 23:20:20,37.75,19.45
2024-01-21 23:22:46,46.1,19.08
2024-01-21 23:25:11,44.28,20.95
2024-01-21 23:27:37,31.55,18.65
2024-01-21 23:30:03,38.92,19.42
2024-01-21 23:32:29,46.42,25.08
2024-01-21 23:34:55,37.45,20.9
2024-01-21 23:37:21,44.08,22.88
2024-01-21 23:39:47,35.58,23.95
2024-01-21 23:42:12,34.8,18.98
2024-01-21 23:44:38,41.0,20.45
2024-01-21 23:47:03,30.27,16.67
2024-01-21 23:49:29,32.05,18.02
2024-01-21 23:51:54,42.03,20.85
2024-01-21 23:54:20,30.05,17.5
2024-01-21 23:56:48,34.8,17.73
2024-01-21 23:59:14,33.0,19.98
2024-01-22 00:01:41,38.55,23.25
2024-01-22 00:04:07,38.3,21.55
2024-01-22 00:06:35,36.35,20.08
2024-01-22 00:09:01,34.9,17.02
2024-01-22 00:11:28,40.8,19.42
2024-01-22 00:13:53,26.65,15.93
2024-01-22 00:16:19,26.65,16.5
2024-01-22 00:18:44,23.67,14.43
2024-01-22 00:21:10,26.45,17.33
2024-01-22 00:23:35,24.75,14.73
2024-01-22 00:26:01,27.77,16.23
2024-01-22 00:28:26,33.28,19.1
2024-01-22 00:30:52,35.08,18.3
2024-01-22 00:33:17,34.15,19.5
2024-01-22 00:35:43,38.95,17.13
2024-01-22 00:38:09,38.03,20.35
2024-01-22 00:40:35,35.3,20.4
2024-01-22 00:43:00,27.4,15.45
2024-01-22 00:45:26,21.98,15.6
2024-01-22 00:47:51,31.6,22.0
2024-01-22 00:50:17,29.85,18.0
2024-01-22 00:52:42,36.97,19.42
2024-01-22 00:55:08,39.42,19.2
2024-01-22 00:57:33,24.5,14.7
2024-01-22 00:59:59,24.92,14.13
2024-01-22 01:02:24,30.63,17.33
2024-01-22 01:04:50,26.5,16.83
2024-01-22 01:07:15,35.38,18.1
2024-01-22 01:09:41,28.8,15.7
2024-01-22 01:12:06,21.9,14.3
2024-01-22 01:14:32,29.15,15.9
2024-01-22 01:16:57,25.38,15.4
2024-01-22 01:19:24,24.67,13.15
2024-01-22 01:21:49,42.42,15.82
2024-01-22 01:24:15,20.7,11.02
2024-01-22 01:26:41,23.85,12.02
2024-01-22 01:29:07,24.65,14.13
2024-01-22 01:31:33,24.13,14.8
2024-01-22 01:33:58,33.95,15.1
2024-01-22 01:36:24,26.27,13.02
2024-01-22 01:38:50,13.6,11.65
2024-01-22 01:41:15,23.05,11.52
2024-01-22 01:43:41,27.33,13.1
2024-01-22 01:46:06,18.9,11.6
2024-01-22 01:48:32,17.65,10.63
2024-01-22 01:50:57,15.55,11.18
2024-01-22 01:53:23,26.55,13.2
2024-01-22 01:55:49,28.33,13.0
2024-01-22 01:58:15,19.5,12.98
2024-01-22 02:00:43,24.42,12.35
2024-01-22 02:03:10,27.88,15.32
2024-01-22 02:05:36,16.67,12.02
2024-01-22 02:08:01,15.77,9.52
2024-01-22 02:10:27,23.27,13.88
2024-01-22 02:12:52,24.95,13.0
2024-01-22 02:15:18,20.92,13.52
2024-01-22 02:17:43,13.27,9.68
2024-01-22 02:20:09,20.23,8.02
2024-01-22 02:22:35,14.3,9.55
2024-01-22 02:25:00,18.73,11.9
2024-01-22 02:27:26,21.55,11.93
2024-01-22 02:29:51,19.58,11.55
2024-01-22 02:32:17,26.05,13.45
2024-01-22 02:34:42,25.3,12.4
2024-01-22 02:37:08,17.48,10.27
2024-01-22 02:39:33,20.1,11.18
2024-01-22 02:42:00,24.77,11.52
2024-01-22 02:44:26,16.73,9.48
2024-01-22 02:46:51,19.15,11.05
2024-01-22 02:49:18,18.58,13.1
2024-01-22 02:51:43,17.38,11.45
2024-01-22 02:54:09,20.05,12.6
2024-01-22 02:56:37,24.95,13.68
2024-01-22 02:59:02,21.88,13.93
2024-01-22 03:01:28,12.52,9.98
2024-01-22 03:03:54,18.85,11.63
2024-01-22 03:06:19,12.98,9.7
2024-01-22 03:08:45,21.95,11.43
2024-01-22 03:11:10,22.48,13.6
2024-01-22 03:13:35,18.75,10.07
2024-01-22 03:16:01,14.65,9.65
2024-01-22 03:18:27,17.38,10.65
2024-01-22 03:20:53,15.73,8.68
2024-01-22 03:23:19,22.25,12.23
2024-01-22 03:25:44,24.6,11.27
2024-01-22 03:28:10,17.0,8.85
2024-01-22 03:30:35,23.23,12.5
2024-01-22 03:33:01,16.6,12.43
2024-01-22 03:35:26,23.52,11.7
2024-01-22 03:37:52,21.25,12.27
2024-01-22 03:40:17,20.42,12.23
2024-01-22 03:42:43,17.23,11.0
2024-01-22 03:45:08,20.58,12.75
2024-01-22 03:47:34,17.67,11.1
2024-01-22 03:49:59,22.13,10.82
2024-01-22 03:52:26,18.95,10.7
2024-01-22 03:54:51,21.2,12.65
2024-01-22 03:57:17,23.63,12.18
2024-01-22 03:59:42,23.3,12.1
2024-01-22 04:02:08,21.23,11.55
2024-01-22 04:04:33,22.3,13.2
2024-01-22 04:06:59,22.6,12.27
2024-01-22 04:09:24,19.73,10.15
2024-01-22 04:11:50,20.2,12.0
2024-01-22 04:14:15,13.93,9.9
2024-01-22 04:16:41,22.25,11.0
2024-01-22 04:19:06,21.48,12.6
2024-01-22 04:21:32,27.7,12.02
2024-01-22 04:23:57,27.42,14.4
2024-01-22 04:26:23,26.1,11.73
2024-01-22 04:28:48,18.25,10.7
2024-01-22 04:31:14,12.98,10.23
2024-01-22 04:33:43,14.75,11.63
2024-01-22 04:36:08,16.33,11.23
2024-01-22 04:38:34,24.98,13.15
2024-01-22 04:40:59,27.67,12.98
2024-01-22 04:43:25,27.48,12.9
2024-01-22 04:45:50,24.83,13.95
2024-01-22 04:48:16,17.35,12.48
2024-01-22 04:50:41,25.6,13.18
2024-01-22 04:53:07,17.77,13.57
2024-01-22 04:55:32,30.7,15.8
2024-01-22 04:57:58,21.15,13.9
2024-01-22 05:00:23,17.35,9.18
2024-01-22 05:02:49,20.23,13.32
2024-01-22 05:05:14,26.17,14.52
2024-01-22 05:07:40,20.27,12.38
2024-01-22 05:10:06,17.6,9.85
2024-01-22 05:12:34,26.98,16.65
2024-01-22 05:15:00,38.58,20.35
2024-01-22 05:17:26,27.0,16.33
2024-01-22 05:19:53,23.7,18.45
2024-01-22 05:22:19,28.7,19.08
2024-01-22 05:24:45,26.42,12.63
2024-01-22 05:27:10,30.48,15.0
2024-01-22 05:29:36,18.17,10.1
2024-01-22 05:32:02,13.18,8.95
2024-01-22 05:34:28,15.3,10.77
2024-01-22 05:36:53,27.83,13.5
2024-01-22 05:39:20,19.9,9.57
2024-01-22 05:41:45,18.98,10.73
2024-01-22 05:44:11,11.4,7.65
2024-01-22 05:46:36,21.08,11.45
2024-01-22 05:49:02,22.98,11.23
2024-01-22 05:51:28,19.45,10.0
2024-01-22 05:53:53,24.92,14.5
2024-01-22 05:56:26,23.3,13.07
2024-01-22 05:58:52,22.38,12.68
2024-01-22 06:01:25,20.67,13.55
2024-01-22 06:03:51,32.33,16.67
2024-01-22 06:06:17,35.45,19.85
2024-01-22 06:08:43,36.72,15.55
2024-01-22 06:11:10,18.42,11.73
2024-01-22 06:13:36,4.43,4.0
2024-01-22 06:16:06,16.83,12.4
2024-01-22 06:18:32,19.15,11.88
2024-01-22 06:20:58,26.52,16.25
2024-01-22 06:23:24,18.67,14.88
2024-01-22 06:25:49,20.23,10.98
2024-01-22 06:28:15,22.9,14.23
2024-01-22 06:30:40,39.2,14.3
2024-01-22 06:33:06,22.27,14.65
2024-01-22 06:35:31,30.02,13.7
2024-01-22 06:37:56,32.55,18.0
2024-01-22 06:40:22,28.9,14.65
2024-01-22 06:42:47,21.05,13.15
2024-01-22 06:45:13,29.9,20.63
2024-01-22 06:47:38,61.42,33.55
2024-01-22 06:50:04,69.53,40.6
2024-01-22 06:52:30,59.9,35.47
2024-01-22 06:54:55,50.45,28.6
2024-01-22 06:57:21,49.55,30.73
2024-01-22 06:59:48,51.08,33.0
2024-01-22 07:02:13,52.45,32.42
2024-01-22 07:04:40,49.5,30.42
2024-01-22 07:07:05,47.6,29.02
2024-01-22 07:09:31,58.25,32.6
2024-01-22 07:11:57,58.9,33.08
2024-01-22 07:14:23,65.63,35.38
2024-01-22 07:16:48,67.95,37.15
2024-01-22 07:19:14,64.38,38.08
2024-01-22 07:21:40,63.78,38.22
2024-01-22 07:24:05,71.22,37.28
2024-01-22 07:26:31,63.7,37.78
2024-01-22 07:28:57,81.25,46.35
2024-01-22 07:31:23,73.9,39.6
2024-01-22 07:33:48,78.68,42.8
2024-01-22 07:36:14,70.03,40.25
2024-01-22 07:38:40,38.65,26.42
2024-01-22 07:41:06,52.63,26.4
2024-01-22 07:43:31,75.57,35.22
2024-01-22 07:45:57,57.9,35.75
2024-01-22 07:48:22,56.28,31.35
2024-01-22 07:50:48,44.0,28.23
2024-01-22 07:53:13,47.3,28.3
2024-01-22 07:55:39,46.25,25.1
2024-01-22 07:58:04,49.08,26.73
2024-01-22 08:00:30,48.72,28.23
2024-01-22 08:02:58,48.4,25.65
2024-01-22 08:05:23,34.97,21.33
2024-01-22 08:07:49,40.65,25.6
2024-01-22 08:10:14,59.08,27.63
2024-01-22 08:12:41,46.08,24.13
2024-01-22 08:15:07,51.9,26.67
2024-01-22 08:17:34,44.88,24.75
2024-01-22 08:20:00,54.65,25.8
2024-01-22 08:22:26,50.47,27.6
2024-01-22 08:24:52,49.83,27.33
2024-01-22 08:27:18,40.22,23.55
2024-01-22 08:29:43,38.7,22.8
2024-01-22 08:32:09,40.97,23.48
2024-01-22 08:34:34,49.5,24.27
2024-01-22 08:37:03,35.88,21.42
2024-01-22 08:39:29,50.33,26.52
2024-01-22 08:41:58,39.97,23.7
2024-01-22 08:44:23,38.38,23.52
2024-01-22 08:46:49,39.33,19.73
2024-01-22 08:49:20,49.45,24.23
2024-01-22 08:51:45,46.15,24.15
2024-01-22 08:54:11,43.03,22.65
2024-01-22 08:56:37,36.08,21.65
2024-01-22 08:59:02,44.45,23.95
2024-01-22 09:01:31,37.13,22.63
2024-01-22 09:03:56,41.15,23.45
2024-01-22 09:06:22,42.72,25.95
2024-01-22 09:08:48,50.2,27.15
2024-01-22 09:11:14,38.75,25.88
2024-01-22 09:13:39,45.13,25.55
2024-01-22 09:16:05,52.75,27.7
2024-01-22 09:18:31,47.33,28.13
2024-01-22 09:20:57,43.45,25.7
2024-01-22 09:23:23,52.47,26.55
2024-01-22 09:25:48,44.15,26.23
2024-01-22 09:28:14,52.85,32.17
2024-01-22 09:30:41,55.0,28.95
2024-01-22 09:33:07,46.13,30.15
2024-01-22 09:35:36,46.65,29.42
2024-01-22 09:38:05,42.35,23.65
2024-01-22 09:40:34,48.92,27.9
2024-01-22 09:43:00,46.03,26.67
2024-01-22 09:45:30,46.33,27.85
2024-01-22 09:47:59,49.35,28.13
2024-01-22 09:50:25,55.7,28.1
2024-01-22 09:52:52,50.0,29.17
2024-01-22 09:55:22,51.8,27.95
2024-01-22 09:57:50,54.9,29.92
2024-01-22 10:00:18,50.92,28.88
2024-01-22 10:02:51,52.65,26.83
2024-01-22 10:05:20,41.9,25.45
2024-01-22 10:07:45,59.58,29.65
2024-01-22 10:10:13,50.92,24.95
2024-01-22 10:12:59,46.35,25.23
2024-01-22 10:15:28,45.72,24.1
2024-01-22 10:18:13,48.58,25.75
2024-01-22 10:20:41,47.8,24.77
2024-01-22 10:23:08,39.3,22.13
2024-01-22 10:25:34,36.97,21.25
2024-01-22 10:30:37,46.55,24.65
2024-01-22 10:33:07,40.92,22.02
2024-01-22 10:40:32,49.55,24.0
2024-01-22 10:45:54,42.17,23.02
2024-01-22 10:48:21,44.53,22.63
2024-01-22 10:50:52,46.42,25.55
2024-01-22 10:53:18,52.08,24.65
2024-01-22 10:55:55,57.03,24.3
2024-01-22 10:58:25,35.03,19.77
2024-01-22 11:00:53,48.0,23.8
2024-01-22 11:03:26,40.47,20.38
2024-01-22 11:05:55,36.97,20.67
2024-01-22 11:08:23,39.25,19.3
2024-01-22 11:10:55,35.72,18.85
2024-01-22 11:13:22,39.67,19.23
2024-01-22 11:15:47,42.22,22.35
2024-01-22 11:18:13,40.55,22.75
2024-01-22 11:20:39,27.55,14.15
2024-01-22 11:23:05,38.17,20.58
2024-01-22 11:25:36,47.33,22.23
2024-01-22 11:28:03,41.97,21.08
2024-01-22 11:30:41,43.92,22.73
2024-01-22 11:35:48,39.05,18.67
2024-01-22 11:38:14,44.33,20.08
2024-01-22 11:41:32,33.92,19.9
2024-01-22 11:46:33,49.22,19.85
2024-01-22 11:49:07,35.25,19.73
2024-01-22 11:51:37,34.25,16.6
2024-01-22 11:54:05,29.02,16.75
2024-01-22 11:56:34,33.38,19.17
2024-01-22 11:59:00,30.52,16.08
2024-01-22 12:01:27,31.08,15.77
2024-01-22 12:04:06,30.27,15.85
2024-01-22 12:06:49,31.05,16.98
2024-01-22 12:09:18,33.25,16.7
2024-01-22 12:11:51,31.65,16.6
2024-01-22 12:14:19,32.2,19.13
2024-01-22 12:17:00,31.1,18.75
2024-01-22 12:19:26,32.25,19.38
2024-01-22 12:21:55,36.2,18.25
2024-01-22 12:24:22,41.8,17.85
2024-01-22 12:26:51,41.08,19.17
2024-01-22 12:29:36,27.67,16.73
2024-01-22 12:32:08,33.85,16.45
2024-01-22 12:35:01,29.77,16.4
2024-01-22 12:37:31,36.4,18.98
2024-01-22 12:42:49,32.22,17.15
2024-01-22 12:45:23,33.83,17.52
2024-01-22 12:47:49,34.42,17.7
2024-01-22 12:50:18,29.6,17.13
2024-01-22 12:52:46,29.73,16.0
2024-01-22 12:55:12,41.78,20.52
2024-01-22 12:57:42,49.03,20.92
2024-01-22 13:00:08,36.42,18.98
2024-01-22 13:02:35,31.55,16.08
2024-01-22 13:05:05,35.67,19.77
2024-01-22 13:07:34,32.4,18.33
2024-01-22 13:10:01,36.38,18.75
2024-01-22 13:12:27,31.67,18.3
2024-01-22 13:14:53,28.27,15.52
2024-01-22 13:17:20,35.58,18.4
2024-01-22 13:19:45,37.8,18.58
2024-01-22 13:22:11,33.67,18.17
2024-01-22 13:24:37,39.75,19.33
2024-01-22 13:27:02,34.92,17.42
2024-01-22 13:29:28,33.72,18.23
2024-01-22 13:31:54,40.13,19.15
2024-01-22 13:34:25,44.53,20.33
2024-01-22 13:36:52,51.55,23.02
2024-01-22 13:39:23,34.75,19.2
2024-01-22 13:41:48,31.83,18.77
2024-01-22 13:44:17,34.2,18.38
2024-01-22 13:46:48,26.5,16.7
2024-01-22 13:49:14,33.95,18.63
2024-01-22 13:51:42,32.9,18.55
2024-01-22 13:54:14,33.53,18.3
2024-01-22 13:56:39,41.7,22.05
2024-01-22 13:59:08,33.58,17.92
2024-01-22 14:01:37,34.0,18.17
2024-01-22 14:04:06,36.25,16.6
2024-01-22 14:06:31,30.17,18.63
2024-01-22 14:08:57,23.88,15.15
2024-01-22 14:11:23,32.1,16.48
2024-01-22 14:13:48,31.6,17.08
2024-01-22 14:16:14,37.03,19.88
2024-01-22 14:18:48,44.83,22.17
2024-01-22 14:21:14,43.9,23.75
2024-01-22 14:23:43,42.2,21.15
2024-01-22 14:26:09,44.58,22.05
2024-01-22 14:28:35,45.3,21.02
2024-01-22 14:31:07,48.0,24.9
2024-01-22 14:33:32,41.55,22.75
2024-01-22 14:35:58,40.8,22.25
2024-01-22 14:38:24,38.28,20.63
2024-01-22 14:40:51,38.5,17.73
2024-01-22 14:43:18,34.75,16.77
2024-01-22 14:45:43,32.75,17.55
2024-01-22 14:48:12,32.95,18.13
2024-01-22 14:50:38,36.15,18.9
2024-01-22 14:53:04,39.45,19.2
2024-01-22 14:55:33,41.33,24.17
2024-01-22 14:58:03,67.35,33.05
2024-01-22 15:00:32,80.03,46.03
2024-01-22 15:03:04,96.9,55.63
2024-01-22 15:05:31,109.18,59.05
2024-01-22 15:07:57,108.35,54.08
2024-01-22 15:10:28,93.05,51.13
2024-01-22 15:13:03,92.9,48.72
2024-01-22 15:15:32,101.28,53.2
2024-01-22 15:18:00,80.65,43.35
2024-01-22 15:20:31,63.55,37.95
2024-01-22 15:23:00,74.45,33.97
2024-01-22 15:25:26,61.7,34.3
2024-01-22 15:27:51,47.65,27.23
2024-01-22 15:30:17,44.55,25.8
2024-01-22 15:32:43,51.67,26.13
2024-01-22 15:35:09,52.2,27.55
2024-01-22 15:37:37,56.3,28.65
2024-01-22 15:40:03,39.75,21.6
2024-01-22 15:42:30,50.28,24.42
2024-01-22 15:44:59,37.0,22.45
2024-01-22 15:47:25,49.2,21.6
2024-01-22 15:50:02,33.5,20.85
2024-01-22 15:52:29,37.47,21.1
2024-01-22 15:54:54,43.95,25.23
2024-01-22 15:57:23,43.78,23.1
2024-01-22 15:59:49,44.47,22.4
2024-01-22 16:02:14,47.03,26.52
2024-01-22 16:04:40,42.88,24.3
2024-01-22 16:07:06,49.4,26.27
2024-01-22 16:09:32,51.08,25.42
2024-01-22 16:11:57,58.45,28.08
2024-01-22 16:14:23,46.35,25.42
2024-01-22 16:16:49,60.63,29.38
2024-01-22 16:19:15,50.28,29.85
2024-01-22 16:21:42,57.17,29.33
2024-01-22 16:24:08,51.3,28.25
2024-01-22 16:26:38,59.05,31.8
2024-01-22 16:29:04,91.2,38.67
2024-01-22 16:31:30,89.45,43.95
2024-01-22 16:33:56,86.2,40.55
2024-01-22 16:36:27,61.78,30.85
2024-01-22 16:38:52,50.85,26.83
2024-01-22 16:41:18,44.75,25.27
2024-01-22 16:43:44,39.1,22.98
2024-01-22 16:46:11,46.78,22.52
2024-01-22 16:48:42,46.22,21.83
2024-01-22 16:51:08,34.78,20.6
2024-01-22 16:53:34,42.63,20.65
2024-01-22 16:56:00,43.38,21.58
2024-01-22 16:58:29,47.5,22.9
2024-01-22 17:00:58,45.2,22.27
2024-01-22 17:03:24,39.13,20.92
2024-01-22 17:05:50,50.53,23.5
2024-01-22 17:08:16,53.25,26.08
2024-01-22 17:10:41,44.05,22.8
2024-01-22 17:13:07,50.9,25.92
2024-01-22 17:15:32,40.55,21.73
2024-01-22 17:17:58,44.88,24.02
2024-01-22 17:20:24,41.78,21.08
2024-01-22 17:22:50,45.9,22.25
2024-01-22 17:25:16,46.4,23.75
2024-01-22 17:27:42,51.65,29.02
2024-01-22 17:30:10,62.03,26.52
2024-01-22 17:32:36,41.83,22.65
2024-01-22 17:35:02,97.25,42.5
2024-01-22 17:37:28,133.15,60.28
2024-01-22 17:39:54,116.0,51.15
2024-01-22 17:42:19,95.5,45.17
2024-01-22 17:44:45,96.25,49.3
2024-01-22 17:47:11,94.07,46.35
2024-01-22 17:49:36,86.28,44.03
2024-01-22 17:52:02,59.45,29.63
2024-01-22 17:54:28,45.38,24.67
2024-01-22 17:56:53,42.65,22.17
2024-01-22 17:59:19,39.3,24.15
2024-01-22 18:01:44,45.8,26.65
2024-01-22 18:04:10,59.03,35.03
2024-01-22 18:06:36,63.45,36.95
2024-01-22 18:09:01,79.6,37.75
2024-01-22 18:11:27,83.65,40.1
2024-01-22 18:13:53,79.1,38.75
2024-01-22 18:16:18,80.3,36.97
2024-01-22 18:18:44,75.22,35.58
2024-01-22 18:21:10,71.6,32.95
2024-01-22 18:23:35,63.25,34.17
2024-01-22 18:26:01,61.03,31.88
2024-01-22 18:28:27,54.03,31.02
2024-01-22 18:30:52,48.22,25.35
2024-01-22 18:33:18,47.75,24.85
2024-01-22 18:35:43,37.38,21.5
2024-01-22 18:38:09,42.3,21.73
2024-01-22 18:40:35,37.63,20.92
2024-01-22 18:43:00,39.0,19.88
2024-01-22 18:45:26,40.05,22.48
2024-01-22 18:47:53,37.17,20.38
2024-01-22 18:50:18,37.35,18.45
2024-01-22 18:52:44,38.0,18.92
2024-01-22 18:55:10,40.15,21.92
2024-01-22 18:57:36,42.58,22.45
2024-01-22 19:00:02,38.83,21.55
2024-01-22 19:02:28,47.13,23.45
2024-01-22 19:04:53,52.7,25.92
2024-01-22 19:07:20,41.97,22.92
2024-01-22 19:09:45,43.83,25.3
2024-01-22 19:12:12,40.05,22.6
2024-01-22 19:14:38,48.72,21.85
2024-01-22 19:17:04,44.47,22.77
2024-01-22 19:19:31,47.8,21.35
2024-01-22 19:21:57,41.03,22.17
2024-01-22 19:24:22,38.78,24.98
2024-01-22 19:26:48,40.72,22.77
2024-01-22 19:29:13,43.25,24.27
2024-01-22 19:31:42,53.67,26.45
2024-01-22 19:34:09,50.35,23.58
2024-01-22 19:36:35,52.08,28.8
2024-01-22 19:39:00,59.45,27.48
2024-01-22 19:41:26,52.05,25.0
2024-01-22 19:43:52,41.75,26.25
2024-01-22 19:46:18,55.4,26.02
2024-01-22 19:48:44,53.8,25.63
2024-01-22 19:51:09,59.05,28.02
2024-01-22 19:53:35,53.97,28.8
2024-01-22 19:56:01,57.67,27.7
2024-01-22 19:58:26,49.7,25.55
2024-01-22 20:00:52,51.67,24.5
2024-01-22 20:03:18,49.75,25.92
2024-01-22 20:05:43,43.67,25.63
2024-01-22 20:08:09,47.03,25.88
2024-01-22 20:10:34,49.1,27.13
2024-01-22 20:13:00,49.3,25.5
2024-01-22 20:15:26,42.92,26.9
2024-01-22 20:17:52,51.83,27.42
2024-01-22 20:20:17,58.83,28.42
2024-01-22 20:22:43,45.47,26.3
2024-01-22 20:25:12,42.17,23.58
2024-01-22 20:27:38,51.88,26.25
2024-01-22 20:30:04,39.2,22.4
2024-01-22 20:32:32,45.63,26.27
2024-01-22 20:34:58,47.38,27.8
2024-01-22 20:37:24,64.03,32.25
2024-01-22 20:39:50,63.92,34.28
2024-01-22 20:42:16,65.5,35.25
2024-01-22 20:44:45,69.18,36.38
2024-01-22 20:47:10,64.4,35.28
2024-01-22 20:49:36,60.38,32.88
2024-01-22 20:52:02,59.6,28.65
2024-01-22 20:54:28,52.6,29.83
2024-01-22 20:56:54,54.25,32.63
2024-01-22 20:59:20,57.38,33.9
2024-01-22 21:01:45,68.2,38.22
2024-01-22 21:04:11,60.38,35.63
2024-01-22 21:06:37,75.05,39.83
2024-01-22 21:09:03,72.65,39.78
2024-01-22 21:11:32,87.22,46.53
2024-01-22 21:13:58,85.53,43.42
2024-01-22 21:16:24,86.05,47.38
2024-01-22 21:18:49,94.45,50.13
2024-01-22 21:21:15,90.9,49.45
2024-01-22 21:23:41,98.15,51.92
2024-01-22 21:26:07,85.93,49.85
2024-01-22 21:28:36,94.0,51.3
2024-01-22 21:31:02,115.0,60.95
2024-01-22 21:33:28,98.4,58.33
2024-01-22 21:35:53,112.28,61.9
2024-01-22 21:38:19,109.2,61.22
2024-01-22 21:40:45,130.77,59.97
2024-01-22 21:43:10,109.1,62.15
2024-01-22 21:45:36,123.18,66.22
2024-01-22 21:48:02,114.55,62.9
2024-01-22 21:50:28,119.4,63.92
2024-01-22 21:52:53,133.6,62.42
2024-01-22 21:55:19,107.97,62.85
2024-01-22 21:57:44,114.0,64.82
2024-01-22 22:00:10,110.72,61.3
2024-01-22 22:02:36,117.22,61.47
2024-01-22 22:05:03,112.0,59.63
2024-01-22 22:07:29,99.43,52.55
2024-01-22 22:09:55,79.05,43.72
2024-01-22 22:12:22,89.1,45.85
2024-01-22 22:14:48,88.78,44.15
2024-01-22 22:17:14,83.05,46.45
2024-01-22 22:19:39,82.18,41.4
2024-01-22 22:22:05,74.3,39.5
2024-01-22 22:24:31,67.93,38.42
2024-01-22 22:26:56,76.15,37.38
2024-01-22 22:29:22,58.72,34.2
2024-01-22 22:31:47,56.63,34.28
2024-01-22 22:34:13,83.72,38.65
2024-01-22 22:36:39,76.1,39.78
2024-01-22 22:39:04,66.57,34.22
2024-01-22 22:41:30,55.55,32.58
2024-01-22 22:43:56,60.3,34.15
2024-01-22 22:46:22,87.5,39.33
2024-01-22 22:48:48,66.07,38.83
2024-01-22 22:51:14,70.53,36.85
2024-01-22 22:53:40,63.22,38.38
2024-01-22 22:56:06,66.32,38.03
2024-01-22 22:58:35,64.88,34.55
2024-01-22 23:01:02,67.1,33.08
2024-01-22 23:03:27,73.68,33.58
2024-01-22 23:05:54,72.78,38.55
2024-01-22 23:08:20,74.8,35.2
2024-01-22 23:10:46,58.75,33.83
2024-01-22 23:13:12,66.38,33.9
2024-01-22 23:15:38,44.22,28.38
2024-01-22 23:18:04,67.85,38.67
2024-01-22 23:20:29,81.68,40.3
2024-01-22 23:22:55,63.28,37.85
2024-01-22 23:25:21,74.65,42.33
2024-01-22 23:27:47,81.53,38.55
2024-01-22 23:30:13,77.22,40.75
2024-01-22 23:32:39,72.07,39.1
2024-01-22 23:35:05,67.97,38.83
2024-01-22 23:37:31,69.55,38.38
2024-01-22 23:39:56,66.32,34.55
2024-01-22 23:42:22,72.55,36.3
2024-01-22 23:44:47,63.8,37.65
2024-01-22 23:47:17,63.45,36.4
2024-01-22 23:49:43,66.57,38.35
2024-01-22 23:52:09,63.65,33.42
2024-01-22 23:54:36,58.78,34.67
2024-01-22 23:57:04,50.15,31.9
2024-01-22 23:59:30,50.9,31.4
2024-01-23 00:01:56,64.35,31.8
2024-01-23 00:04:22,60.08,32.8
2024-01-23 00:06:47,63.55,32.35
2024-01-23 00:09:13,46.47,28.52
2024-01-23 00:11:39,61.3,34.47
2024-01-23 00:14:04,60.05,34.35
2024-01-23 00:16:30,61.55,35.22
2024-01-23 00:18:56,48.0,29.45
2024-01-23 00:21:21,42.0,27.63
2024-01-23 00:23:47,56.85,27.95
2024-01-23 00:26:12,58.92,28.88
2024-01-23 00:28:38,38.92,25.48
2024-01-23 00:31:03,64.03,34.5
2024-01-23 00:33:31,77.3,37.95
2024-01-23 00:35:56,82.63,44.22
2024-01-23 00:38:22,75.03,43.1
2024-01-23 00:40:47,81.75,39.6
2024-01-23 00:43:13,74.32,39.53
2024-01-23 00:45:39,68.15,34.85
2024-01-23 00:48:05,50.92,31.27
2024-01-23 00:50:31,57.92,32.25
2024-01-23 00:52:56,67.13,33.78
2024-01-23 00:55:22,74.75,38.4
2024-01-23 00:57:47,60.65,36.85
2024-01-23 01:00:13,63.63,35.5
2024-01-23 01:02:40,75.18,39.35
2024-01-23 01:05:06,78.82,46.97
2024-01-23 01:07:32,64.18,37.53
2024-01-23 01:09:57,66.4,32.47
2024-01-23 01:12:23,69.0,31.13
2024-01-23 01:14:49,52.22,28.8
2024-01-23 01:17:14,55.88,29.5
2024-01-23 01:19:40,47.53,29.42
2024-01-23 01:22:06,64.47,32.08
2024-01-23 01:24:31,60.75,31.42
2024-01-23 01:26:57,45.53,26.23
2024-01-23 01:29:22,47.38,28.13
2024-01-23 01:31:48,68.97,33.63
2024-01-23 01:34:14,60.55,29.8
2024-01-23 01:36:39,51.55,27.9
2024-01-23 01:39:05,57.13,28.52
2024-01-23 01:41:32,54.58,34.28
2024-01-23 01:43:58,69.07,34.35
2024-01-23 01:46:24,71.85,31.1
2024-01-23 01:48:51,48.15,26.67
2024-01-23 01:51:18,54.33,30.0
2024-01-23 01:53:45,43.05,28.75
2024-01-23 01:56:11,53.9,29.95
2024-01-23 01:58:37,33.35,22.73
2024-01-23 02:01:05,46.9,28.45
2024-01-23 02:03:30,43.05,25.1
2024-01-23 02:06:00,39.67,23.35
2024-01-23 02:08:27,36.53,19.13
2024-01-23 02:10:53,41.4,21.35
2024-01-23 02:13:20,38.35,23.02
2024-01-23 02:15:46,38.38,25.42
2024-01-23 02:18:11,45.65,25.58
2024-01-23 02:20:37,46.47,25.23
2024-01-23 02:23:03,37.75,25.1
2024-01-23 02:25:28,51.03,26.7
2024-01-23 02:27:54,43.9,26.88
2024-01-23 02:30:20,55.78,29.5
2024-01-23 02:32:46,51.1,28.8
2024-01-23 02:35:12,45.05,26.38
2024-01-23 02:37:40,44.42,28.0
2024-01-23 02:40:06,56.08,26.8
2024-01-23 02:42:32,53.4,32.38
2024-01-23 02:44:58,63.38,33.38
2024-01-23 02:47:23,51.38,27.65
2024-01-23 02:49:49,56.35,30.45
2024-01-23 02:52:15,47.6,28.42
2024-01-23 02:54:41,59.33,30.2
2024-01-23 02:57:06,52.33,31.02
2024-01-23 02:59:32,36.53,24.92
2024-01-23 03:01:58,51.63,31.88
2024-01-23 03:04:23,45.67,30.73
2024-01-23 03:06:49,61.17,32.28
2024-01-23 03:09:14,63.92,30.25
2024-01-23 03:11:40,60.42,33.65
2024-01-23 03:14:06,56.22,33.65
2024-01-23 03:16:31,57.75,29.75
2024-01-23 03:18:57,45.15,30.8
2024-01-23 03:21:23,63.35,33.0
2024-01-23 03:23:49,45.97,26.25
2024-01-23 03:26:14,46.72,26.15
2024-01-23 03:28:40,48.13,32.1
2024-01-23 03:31:05,72.7,33.53
2024-01-23 03:33:32,46.78,30.27
2024-01-23 03:35:58,57.72,32.8
2024-01-23 03:38:23,57.22,30.75
2024-01-23 03:40:49,61.72,33.8
2024-01-23 03:43:14,55.05,34.75
2024-01-23 03:45:40,49.53,30.65
2024-01-23 03:48:05,60.13,31.15
2024-01-23 03:50:31,62.4,32.0
2024-01-23 03:52:57,50.65,27.2
2024-01-23 03:55:23,55.38,29.5
2024-01-23 03:57:49,60.88,30.7
2024-01-23 04:00:15,51.4,30.9
2024-01-23 04:02:40,52.28,29.38
2024-01-23 04:05:06,74.3,34.78
2024-01-23 04:07:32,67.1,36.22
2024-01-23 04:09:59,51.35,26.4
2024-01-23 04:12:25,48.05,26.7
2024-01-23 04:14:51,56.72,31.85
2024-01-23 04:17:16,59.25,31.23
2024-01-23 04:19:42,45.33,28.33
2024-01-23 04:22:08,65.5,31.9
2024-01-23 04:24:38,39.95,21.65
2024-01-23 04:27:05,41.0,24.55
2024-01-23 04:29:31,49.72,29.08
2024-01-23 04:31:57,47.15,25.4
2024-01-23 04:34:25,33.85,22.6
2024-01-23 04:36:51,65.0,26.95
2024-01-23 04:39:16,34.8,21.13
2024-01-23 04:41:42,52.88,22.73
2024-01-23 04:44:09,50.22,23.1
2024-01-23 04:46:34,42.65,22.05
2024-01-23 04:49:00,37.25,23.15
2024-01-23 04:51:26,47.2,25.95
2024-01-23 04:53:52,31.67,23.17
2024-01-23 04:56:20,47.22,28.17
2024-01-23 04:58:46,38.85,22.13
2024-01-23 05:01:11,41.17,25.25
2024-01-23 05:03:38,51.8,24.92
2024-01-23 05:06:04,48.08,26.3
2024-01-23 05:08:29,60.33,29.35
2024-01-23 05:10:55,46.9,26.67
2024-01-23 05:13:21,48.8,28.5
2024-01-23 05:15:47,38.88,25.33
2024-01-23 05:18:13,42.05,25.02
2024-01-23 05:20:38,50.8,26.77
2024-01-23 05:23:04,48.38,27.6
2024-01-23 05:25:30,45.17,26.88
2024-01-23 05:27:56,35.85,22.45
2024-01-23 05:30:22,42.9,25.42
2024-01-23 05:32:48,39.53,23.67
2024-01-23 05:35:14,34.2,22.9
2024-01-23 05:37:40,52.33,28.63
2024-01-23 05:40:08,40.2,25.02
2024-01-23 05:42:36,26.95,22.52
2024-01-23 05:45:01,43.42,24.42
2024-01-23 05:47:28,50.78,28.6
2024-01-23 05:49:54,53.13,26.15
2024-01-23 05:52:20,54.3,29.33
2024-01-23 05:54:45,50.33,31.65
2024-01-23 05:57:11,40.5,25.27
2024-01-23 05:59:36,56.25,31.27
2024-01-23 06:02:02,48.97,27.52
2024-01-23 06:04:29,56.75,34.13
2024-01-23 06:06:55,67.9,31.92
2024-01-23 06:09:20,87.9,49.47
2024-01-23 06:11:46,65.93,33.97
2024-01-23 06:14:12,51.78,30.73
2024-01-23 06:16:37,42.63,23.4
2024-01-23 06:19:06,38.0,24.5
2024-01-23 06:21:32,47.65,28.73
2024-01-23 06:23:57,43.35,29.75
2024-01-23 06:26:23,55.78,29.73
2024-01-23 06:28:49,57.3,29.8
2024-01-23 06:31:14,48.9,31.77
2024-01-23 06:33:40,47.05,25.08
2024-01-23 06:36:06,47.78,29.08
2024-01-23 06:38:32,48.6,30.25
2024-01-23 06:40:57,67.43,43.65
2024-01-23 06:43:24,69.03,40.03
2024-01-23 06:45:49,59.45,35.13
2024-01-23 06:48:15,88.68,48.0
2024-01-23 06:50:41,80.03,48.47
2024-01-23 06:53:09,83.07,53.4
2024-01-23 06:55:35,90.1,55.53
2024-01-23 06:58:00,101.43,59.05
2024-01-23 07:00:27,91.13,54.0
2024-01-23 07:02:53,86.63,44.97
2024-01-23 07:05:19,76.15,42.88
2024-01-23 07:07:44,69.88,44.15
2024-01-23 07:10:10,73.47,45.7
2024-01-23 07:12:35,76.8,45.7
2024-01-23 07:15:01,76.5,39.9
2024-01-23 07:17:27,70.78,45.5
2024-01-23 07:19:54,89.78,46.58
2024-01-23 07:22:19,88.93,44.1
2024-01-23 07:24:45,81.2,46.85
2024-01-23 07:27:11,82.28,45.58
2024-01-23 07:29:37,91.28,47.7
2024-01-23 07:32:04,95.85,51.65
2024-01-23 07:34:30,98.3,51.97
2024-01-23 07:36:58,86.88,48.25
2024-01-23 07:39:24,76.85,41.65
2024-01-23 07:41:53,86.65,40.85
2024-01-23 07:44:19,84.05,43.25
2024-01-23 07:46:45,74.93,39.47
2024-01-23 07:49:16,80.18,43.0
2024-01-23 07:51:46,88.32,44.35
2024-01-23 07:54:15,77.07,41.95
2024-01-23 07:56:46,77.88,44.67
2024-01-23 07:59:15,81.7,44.67
2024-01-23 08:01:41,91.07,42.85
2024-01-23 08:04:11,88.07,44.4
2024-01-23 08:06:40,86.18,49.53
2024-01-23 08:09:09,86.32,48.22
2024-01-23 08:11:38,78.6,45.3
2024-01-23 08:14:07,91.55,46.6
2024-01-23 08:16:33,92.82,49.65
2024-01-23 08:19:01,94.25,50.97
2024-01-23 08:21:33,89.63,52.25
2024-01-23 08:23:59,103.68,56.6
2024-01-23 08:26:30,99.05,57.65
2024-01-23 08:28:56,97.93,50.55
2024-01-23 08:31:26,98.03,51.88
2024-01-23 08:33:55,76.82,43.42
2024-01-23 08:36:24,88.43,51.3
2024-01-23 08:38:50,85.97,49.88
2024-01-23 08:41:18,77.65,47.47
2024-01-23 08:43:44,94.2,49.75
2024-01-23 08:46:13,85.7,50.2
2024-01-23 08:48:39,86.45,49.33
2024-01-23 08:51:07,99.55,52.78
2024-01-23 08:53:36,83.18,49.0
2024-01-23 08:56:02,98.65,52.95
2024-01-23 08:58:31,82.35,49.7
2024-01-23 09:01:04,86.65,50.33
2024-01-23 09:03:29,77.2,49.47
2024-01-23 09:05:56,84.82,48.7
2024-01-23 09:08:22,81.93,47.47
2024-01-23 09:10:50,93.97,52.7
2024-01-23 09:13:28,96.82,53.9
2024-01-23 09:15:55,85.0,46.72
2024-01-23 09:18:21,86.8,50.22
2024-01-23 09:20:47,84.93,49.35
2024-01-23 09:23:13,98.57,53.75
2024-01-23 09:25:46,97.78,51.15
2024-01-23 09:28:12,87.3,49.63
2024-01-23 09:30:38,84.38,48.25
2024-01-23 09:33:04,100.75,55.8
2024-01-23 09:35:33,79.4,49.4
2024-01-23 09:38:00,85.22,51.4
2024-01-23 09:40:29,81.72,47.5
2024-01-23 09:42:59,83.32,49.17
2024-01-23 09:45:28,96.95,54.1
2024-01-23 09:47:59,88.63,53.1
2024-01-23 09:50:25,85.55,50.65
2024-01-23 09:52:52,94.13,49.38
2024-01-23 09:55:21,99.47,53.35
2024-01-23 09:57:48,90.13,49.3
2024-01-23 10:00:13,100.13,53.92
2024-01-23 10:02:43,107.2,55.75
2024-01-23 10:05:13,98.9,55.13
2024-01-23 10:07:41,83.4,46.88
2024-01-23 10:10:10,92.63,50.55
2024-01-23 10:12:43,98.1,54.13
2024-01-23 10:15:10,98.8,53.92
2024-01-23 10:17:38,99.82,51.72
2024-01-23 10:20:04,86.78,49.9
2024-01-23 10:22:30,83.72,50.8
2024-01-23 10:24:57,88.75,50.03
2024-01-23 10:27:22,82.18,50.05
2024-01-23 10:29:50,85.53,51.0
2024-01-23 10:32:22,82.6,48.45
2024-01-23 10:34:52,86.78,46.63
2024-01-23 10:37:19,87.9,48.72
2024-01-23 10:39:47,84.45,47.33
2024-01-23 10:42:14,85.5,48.45
2024-01-23 10:44:41,80.07,48.78
2024-01-23 10:47:07,93.28,48.97
2024-01-23 10:49:33,85.57,46.15
2024-01-23 10:52:00,85.6,48.9
2024-01-23 10:54:29,63.9,39.22
2024-01-23 10:56:58,78.72,37.67
2024-01-23 10:59:26,63.35,29.02
2024-01-23 11:01:55,71.0,40.3
2024-01-23 11:04:27,68.13,38.47
2024-01-23 11:06:58,65.85,38.78
2024-01-23 11:09:40,70.05,40.88
2024-01-23 11:15:00,55.65,32.47
2024-01-23 11:17:27,40.63,23.0
2024-01-23 11:20:05,37.15,21.23
2024-01-23 11:25:00,69.47,36.6
2024-01-23 11:27:27,60.35,33.83
2024-01-23 11:29:55,72.28,37.33
2024-01-23 11:32:28,73.88,42.03
2024-01-23 11:35:03,87.78,46.85
2024-01-23 11:40:07,89.6,47.92
2024-01-23 11:43:05,95.13,48.17
2024-01-23 11:45:32,94.25,48.0
2024-01-23 11:48:01,74.82,44.22
2024-01-23 11:50:29,80.45,45.33
2024-01-23 11:53:00,75.15,44.53
2024-01-23 11:55:26,72.93,44.63
2024-01-23 11:57:54,71.97,41.38
2024-01-23 12:00:20,77.45,45.55
2024-01-23 12:02:49,83.45,45.8
2024-01-23 12:05:16,75.57,44.8
2024-01-23 12:07:42,93.13,49.28
2024-01-23 12:10:09,92.07,49.38
2024-01-23 12:12:36,74.85,43.08
2024-01-23 12:15:03,71.38,42.38
2024-01-23 12:17:32,73.88,44.5
2024-01-23 12:20:02,76.35,42.7
2024-01-23 12:22:34,70.1,42.22
2024-01-23 12:25:07,78.97,42.25
2024-01-23 12:27:34,75.13,38.85
2024-01-23 12:30:00,65.4,37.65
2024-01-23 12:32:27,68.35,37.17
2024-01-23 12:34:53,68.95,40.33
2024-01-23 12:37:28,73.2,43.22
2024-01-23 12:39:58,93.72,48.28
2024-01-23 12:42:37,87.9,46.92
2024-01-23 12:45:16,65.45,38.67
2024-01-23 12:47:44,71.7,38.7
2024-01-23 12:50:14,78.13,42.72
2024-01-23 12:52:40,72.5,42.2
2024-01-23 12:55:06,68.75,41.58
2024-01-23 12:57:38,78.6,41.22
2024-01-23 13:00:05,95.13,40.2
2024-01-23 13:02:31,72.97,41.08
2024-01-23 13:04:56,69.4,41.13
2024-01-23 13:07:22,86.28,45.25
2024-01-23 13:09:50,85.55,46.6
2024-01-23 13:12:16,65.53,40.88
2024-01-23 13:14:42,82.6,45.08
2024-01-23 13:17:07,76.25,43.35
2024-01-23 13:19:33,83.75,43.38
2024-01-23 13:21:59,91.6,48.78
2024-01-23 13:24:26,83.22,44.08
2024-01-23 13:26:51,93.0,52.47
2024-01-23 13:29:18,73.5,45.88
2024-01-23 13:31:44,85.63,44.4
2024-01-23 13:34:11,77.8,43.85
2024-01-23 13:36:38,85.05,44.63
2024-01-23 13:39:03,80.38,46.38
2024-01-23 13:41:32,87.55,48.6
2024-01-23 13:43:58,196.8,89.75
2024-01-23 13:46:23,116.28,57.53
2024-01-23 13:48:49,118.85,58.53
2024-01-23 13:51:15,98.72,52.83
2024-01-23 13:53:41,88.95,46.88
2024-01-23 13:56:07,88.3,49.58
2024-01-23 13:58:33,79.6,44.33
2024-01-23 14:00:58,83.3,47.83
2024-01-23 14:03:24,92.9,52.7
2024-01-23 14:05:50,97.47,51.58
2024-01-23 14:08:16,84.15,48.9
2024-01-23 14:10:42,84.3,47.55
2024-01-23 14:13:13,75.22,45.75
2024-01-23 14:15:39,75.75,46.6
2024-01-23 14:18:05,95.4,49.1
2024-01-23 14:20:30,97.0,54.9
2024-01-23 14:22:58,98.9,54.45
2024-01-23 14:25:25,95.85,55.2
2024-01-23 14:30:38,101.78,55.8
2024-01-23 14:33:04,107.85,56.63
2024-01-23 14:35:30,117.07,62.63
2024-01-23 14:40:26,107.57,57.42
2024-01-23 14:42:57,106.78,57.4
2024-01-23 14:45:23,123.4,59.17
2024-01-23 14:48:00,99.97,53.9
2024-01-23 14:50:28,84.5,47.97
2024-01-23 14:52:57,100.1,50.35
2024-01-23 14:55:23,109.75,56.65
2024-01-23 14:57:49,102.35,61.95
2024-01-23 15:00:16,125.22,63.13
2024-01-23 15:02:42,114.53,56.6
2024-01-23 15:05:11,88.65,52.0
2024-01-23 15:07:41,93.0,53.3
2024-01-23 15:10:07,97.0,54.85
2024-01-23 15:12:33,103.05,57.13
2024-01-23 15:14:58,107.7,58.17
2024-01-23 15:17:24,187.48,86.82
2024-01-23 15:19:52,118.5,62.78
2024-01-23 15:22:21,135.68,69.13
2024-01-23 15:24:46,115.7,61.75
2024-01-23 15:27:12,111.8,60.42
2024-01-23 15:29:41,83.6,46.67
2024-01-23 15:32:10,82.13,46.53
2024-01-23 15:34:36,84.82,44.3
2024-01-23 15:37:02,96.43,47.2
2024-01-23 15:39:28,81.68,46.17
2024-01-23 15:41:54,114.97,56.53
2024-01-23 15:44:21,110.7,62.4
2024-01-23 15:46:47,104.53,55.78
2024-01-23 15:49:12,108.0,58.83
2024-01-23 15:51:38,116.0,65.6
2024-01-23 15:54:04,111.05,60.58
2024-01-23 15:56:30,111.72,61.22
2024-01-23 15:58:56,107.53,54.97
2024-01-23 16:01:22,157.68,76.53
2024-01-23 16:03:48,172.32,83.22
2024-01-23 16:06:14,146.1,75.65
2024-01-23 16:08:40,138.15,69.2
2024-01-23 16:11:06,157.4,84.32
2024-01-23 16:13:31,156.25,84.68
2024-01-23 16:15:57,168.93,83.5
2024-01-23 16:18:23,162.65,85.22
2024-01-23 16:20:48,181.13,91.3
2024-01-23 16:23:14,163.48,88.8
2024-01-23 16:25:42,178.88,92.97
2024-01-23 16:28:08,165.52,90.22
2024-01-23 16:30:33,160.8,85.85
2024-01-23 16:32:59,166.2,88.97
2024-01-23 16:35:25,170.63,90.2
2024-01-23 16:37:50,168.43,91.13
2024-01-23 16:40:16,161.18,85.65
2024-01-23 16:42:42,161.13,85.75
2024-01-23 16:45:07,163.0,85.4
2024-01-23 16:47:33,178.0,94.4
2024-01-23 16:49:59,171.85,88.6
2024-01-23 16:52:25,161.1,81.93
2024-01-23 16:54:51,163.65,86.03
2024-01-23 16:57:17,155.65,82.7
2024-01-23 16:59:43,144.57,78.38
2024-01-23 17:02:08,154.77,82.07
2024-01-23 17:04:34,166.8,88.72
2024-01-23 17:07:00,173.5,86.45
2024-01-23 17:09:27,144.68,82.13
2024-01-23 17:11:53,169.3,83.32
2024-01-23 17:14:20,193.7,101.88
2024-01-23 17:16:48,242.75,123.47
2024-01-23 17:19:13,222.9,119.1
2024-01-23 17:21:39,212.6,112.78
2024-01-23 17:24:05,204.23,109.13
2024-01-23 17:26:30,197.55,102.63
2024-01-23 17:28:56,172.57,89.8
2024-01-23 17:31:25,139.23,78.85
2024-01-23 17:33:50,143.98,70.95
2024-01-23 17:36:16,167.2,81.53
2024-01-23 17:38:44,157.35,82.22
2024-01-23 17:41:10,148.07,77.53
2024-01-23 17:43:36,155.8,81.5
2024-01-23 17:46:01,169.07,86.88
2024-01-23 17:48:27,170.5,88.05
2024-01-23 17:50:53,152.77,87.4
2024-01-23 17:53:18,162.57,90.68
2024-01-23 17:55:46,175.35,93.93
2024-01-23 17:58:12,179.23,93.78
2024-01-23 18:00:38,150.43,82.43
2024-01-23 18:03:03,170.3,90.2
2024-01-23 18:05:29,136.5,81.65
2024-01-23 18:07:54,178.25,90.97
2024-01-23 18:10:20,156.6,82.88
2024-01-23 18:12:45,177.38,91.75
2024-01-23 18:15:11,178.23,94.22
2024-01-23 18:17:37,148.5,77.32
2024-01-23 18:20:02,132.05,75.6
2024-01-23 18:22:29,171.5,93.95
2024-01-23 18:24:55,172.95,98.85
2024-01-23 18:27:21,157.93,93.3
2024-01-23 18:29:46,159.27,88.53
2024-01-23 18:32:12,156.35,86.55
2024-01-23 18:34:38,151.23,87.22
2024-01-23 18:37:04,153.18,83.13
2024-01-23 18:39:30,163.9,90.72
2024-01-23 18:41:56,179.2,92.6
2024-01-23 18:44:21,178.88,97.95
2024-01-23 18:46:49,171.13,88.05
2024-01-23 18:49:15,155.77,88.3
2024-01-23 18:51:42,121.55,68.1
2024-01-23 18:54:10,137.55,73.7
2024-01-23 18:56:39,143.93,75.78
2024-01-23 18:59:05,149.95,82.5
2024-01-23 19:01:32,150.95,80.9
2024-01-23 19:03:59,149.0,78.28
2024-01-23 19:06:25,148.38,76.07
2024-01-23 19:08:50,135.68,75.43
2024-01-23 19:11:16,127.18,73.95
2024-01-23 19:13:44,131.3,71.28
2024-01-23 19:16:09,152.27,75.4
2024-01-23 19:18:35,145.23,74.63
2024-01-23 19:21:03,132.7,72.8
2024-01-23 19:23:29,137.4,77.0
2024-01-23 19:25:55,140.43,77.07
2024-01-23 19:28:21,146.88,75.55
2024-01-23 19:30:46,126.32,65.78
2024-01-23 19:33:12,112.35,61.35
2024-01-23 19:35:38,47.6,29.88
2024-01-23 19:38:03,27.23,15.4
2024-01-23 19:40:29,23.45,11.38
2024-01-23 19:42:55,82.1,45.55
2024-01-23 19:45:20,170.7,89.05
2024-01-23 19:47:46,155.6,87.55
2024-01-23 19:50:12,146.07,80.1
2024-01-23 19:52:38,119.3,65.8
2024-01-23 19:55:04,101.75,55.53
2024-01-23 19:57:30,36.72,21.27
2024-01-23 19:59:56,40.58,20.1
2024-01-23 20:02:22,122.65,65.75
2024-01-23 20:04:48,135.45,76.72
2024-01-23 20:07:13,172.55,89.93
2024-01-23 20:09:39,117.15,71.18
2024-01-23 20:12:08,122.95,64.93
2024-01-23 20:14:34,119.95,67.5
2024-01-23 20:17:01,110.0,65.2
2024-01-23 20:19:27,101.9,59.85
2024-01-23 20:21:53,91.93,49.67
2024-01-23 20:24:18,96.53,57.2
2024-01-23 20:26:44,103.97,59.85
2024-01-23 20:29:09,111.47,59.97
2024-01-23 20:31:35,120.78,59.97
2024-01-23 20:34:00,107.15,57.63
2024-01-23 20:36:26,76.8,40.03
2024-01-23 20:38:52,50.8,28.05
2024-01-23 20:41:18,15.68,9.63
2024-01-23 20:43:45,13.4,8.13
2024-01-23 20:46:11,12.18,7.9
2024-01-23 20:48:37,17.88,8.18
2024-01-23 20:51:02,102.3,57.78
2024-01-23 20:53:29,123.4,65.03
2024-01-23 20:55:55,107.4,58.03
2024-01-23 20:58:21,113.5,63.17
2024-01-23 21:00:47,102.13,62.45
2024-01-23 21:03:12,111.55,60.03
2024-01-23 21:05:38,107.75,58.78
2024-01-23 21:08:04,103.45,54.75
2024-01-23 21:10:30,92.1,53.4
2024-01-23 21:12:56,71.95,41.5
2024-01-23 21:15:24,75.28,41.0
2024-01-23 21:17:54,47.58,27.63
2024-01-23 21:20:21,48.67,28.8
2024-01-23 21:22:47,29.23,19.63
2024-01-23 21:25:13,26.88,18.25
2024-01-23 21:27:38,35.72,22.3
2024-01-23 21:30:05,44.5,26.1
2024-01-23 21:32:34,56.15,30.63
2024-01-23 21:34:59,58.2,32.53
2024-01-23 21:37:26,68.0,40.92
2024-01-23 21:39:52,74.97,42.75
2024-01-23 21:42:17,70.13,38.15
2024-01-23 21:44:43,66.9,34.58
2024-01-23 21:47:08,75.72,41.03
2024-01-23 21:49:34,75.07,40.9
2024-01-23 21:52:00,71.7,35.72
2024-01-23 21:54:25,72.72,37.88
2024-01-23 21:56:51,58.0,34.7
2024-01-23 21:59:17,50.63,33.2
2024-01-23 22:01:42,85.5,43.25
2024-01-23 22:04:08,77.82,43.75
2024-01-23 22:06:34,79.78,43.78
2024-01-23 22:09:00,70.32,37.95
2024-01-23 22:11:25,82.22,46.05
2024-01-23 22:13:51,75.72,46.7
2024-01-23 22:16:17,84.9,46.4
2024-01-23 22:18:43,78.75,45.2
2024-01-23 22:21:12,79.95,46.75
2024-01-23 22:23:37,76.82,46.5
2024-01-23 22:26:03,74.25,43.05
2024-01-23 22:28:29,81.07,44.35
2024-01-23 22:30:55,77.5,40.55
2024-01-23 22:33:20,78.65,47.35
2024-01-23 22:35:46,85.2,45.0
2024-01-23 22:38:12,73.13,38.38
2024-01-23 22:40:38,87.75,43.17
2024-01-23 22:43:04,84.22,45.53
2024-01-23 22:45:29,78.97,42.55
2024-01-23 22:47:56,81.7,41.22
2024-01-23 22:50:22,75.35,42.03
2024-01-23 22:52:48,76.1,43.08
2024-01-23 22:55:13,74.28,41.7
2024-01-23 22:57:39,70.3,40.95
2024-01-23 23:00:05,69.57,36.83
2024-01-23 23:02:35,50.95,28.2
2024-01-23 23:05:01,69.78,36.45
2024-01-23 23:07:26,50.33,30.58
2024-01-23 23:09:52,54.0,32.67
2024-01-23 23:12:18,49.88,27.6
2024-01-23 23:14:44,47.08,28.52
2024-01-23 23:17:10,57.5,28.88
2024-01-23 23:19:36,50.5,28.48
2024-01-23 23:22:01,54.17,28.48
2024-01-23 23:24:27,50.28,29.95
2024-01-23 23:26:53,49.1,28.52
2024-01-23 23:29:18,47.88,27.05
2024-01-23 23:31:44,54.4,29.5
2024-01-23 23:34:11,68.05,34.0
2024-01-23 23:36:37,55.75,30.85
2024-01-23 23:39:02,53.88,29.1
2024-01-23 23:41:30,53.2,28.58
2024-01-23 23:43:57,55.55,32.2
2024-01-23 23:46:23,60.1,32.05
2024-01-23 23:48:48,48.88,28.73
2024-01-23 23:51:14,45.3,26.77
2024-01-23 23:53:40,51.0,29.17
2024-01-23 23:56:05,26.38,17.75
2024-01-23 23:58:31,41.97,27.77
2024-01-24 00:00:57,54.47,28.38
2024-01-24 00:03:26,50.97,30.98
2024-01-24 00:05:52,64.07,35.7
2024-01-24 00:08:18,68.05,36.1
2024-01-24 00:10:43,58.45,32.5
2024-01-24 00:13:09,60.05,31.65
2024-01-24 00:15:35,52.5,32.25
2024-01-24 00:18:00,68.7,34.2
2024-01-24 00:20:26,73.25,34.75
2024-01-24 00:22:51,63.42,37.72
2024-01-24 00:25:17,55.53,30.77
2024-01-24 00:27:43,79.85,45.47
2024-01-24 00:30:08,70.72,42.7
2024-01-24 00:32:34,55.17,33.72
2024-01-24 00:35:00,49.53,31.2
2024-01-24 00:37:25,60.25,34.5
2024-01-24 00:39:51,50.6,28.48
2024-01-24 00:42:17,50.9,27.5
2024-01-24 00:44:42,50.22,28.7
2024-01-24 00:47:09,50.28,27.58
2024-01-24 00:49:34,47.85,26.17
2024-01-24 00:52:00,50.72,27.58
2024-01-24 00:54:25,47.2,28.15
2024-01-24 00:56:51,45.4,26.3
2024-01-24 00:59:17,61.1,29.13
2024-01-24 01:01:43,56.83,30.52
2024-01-24 01:04:08,55.35,28.1
2024-01-24 01:06:34,48.65,28.15
2024-01-24 01:08:59,50.97,27.17
2024-01-24 01:11:25,38.17,23.83
2024-01-24 01:13:51,46.22,25.67
2024-01-24 01:16:16,43.72,24.67
2024-01-24 01:18:42,49.13,27.38
2024-01-24 01:21:08,45.65,24.65
2024-01-24 01:23:33,49.55,25.98
2024-01-24 01:25:59,52.2,27.33
2024-01-24 01:28:24,41.22,23.67
2024-01-24 01:30:50,47.78,26.17
2024-01-24 01:33:15,48.92,27.5
2024-01-24 01:35:41,53.83,27.8
2024-01-24 01:38:07,39.72,24.33
2024-01-24 01:40:32,41.53,22.95
2024-01-24 01:42:58,32.13,19.17
2024-01-24 01:45:23,30.48,17.55
2024-01-24 01:47:49,35.45,20.9
2024-01-24 01:50:16,33.4,19.67
2024-01-24 01:52:42,41.38,20.55
2024-01-24 01:55:08,40.92,20.75
2024-01-24 01:57:34,34.05,19.25
2024-01-24 01:59:59,48.08,22.67
2024-01-24 02:02:25,42.55,23.83
2024-01-24 02:04:51,49.83,27.0
2024-01-24 02:07:16,41.85,23.85
2024-01-24 02:09:42,53.55,27.05
2024-01-24 02:12:08,54.25,29.05
2024-01-24 02:14:34,51.47,29.38
2024-01-24 02:16:59,54.47,27.73
2024-01-24 02:19:25,56.38,29.63
2024-01-24 02:21:51,44.0,25.02
2024-01-24 02:24:17,52.38,28.55
2024-01-24 02:26:42,44.88,26.13
2024-01-24 02:29:08,47.22,27.6
2024-01-24 02:31:34,27.13,15.48
2024-01-24 02:33:59,35.72,21.9
2024-01-24 02:36:25,39.3,21.8
2024-01-24 02:38:50,34.13,21.38
2024-01-24 02:41:17,34.4,19.75
2024-01-24 02:43:44,33.78,20.7
2024-01-24 02:46:10,30.48,18.25
2024-01-24 02:48:35,32.53,18.5
2024-01-24 02:51:01,41.33,23.27
2024-01-24 02:53:26,39.45,21.55
2024-01-24 02:55:55,34.17,18.05
2024-01-24 02:58:20,34.53,19.73
2024-01-24 03:00:46,36.17,21.05
2024-01-24 03:03:12,32.22,18.52
2024-01-24 03:05:37,31.92,17.9
2024-01-24 03:08:03,33.78,19.13
2024-01-24 03:10:29,28.3,17.65
2024-01-24 03:12:54,33.67,17.88
2024-01-24 03:15:20,35.45,20.35
2024-01-24 03:17:46,37.58,20.02
2024-01-24 03:20:12,39.08,19.55
2024-01-24 03:22:39,34.0,20.23
2024-01-24 03:25:07,29.35,19.7
2024-01-24 03:27:33,34.6,20.38
2024-01-24 03:29:58,38.92,22.08
2024-01-24 03:32:24,36.2,20.75
2024-01-24 03:34:57,38.7,20.85
2024-01-24 03:37:24,37.75,20.8
2024-01-24 03:39:50,32.58,19.73
2024-01-24 03:42:15,35.4,20.0
2024-01-24 03:44:41,36.17,20.15
2024-01-24 03:47:06,43.58,21.65
2024-01-24 03:49:32,36.13,22.08
2024-01-24 03:51:58,41.55,20.6
2024-01-24 03:54:23,41.08,22.88
2024-01-24 03:56:49,40.85,20.7
2024-01-24 03:59:15,36.95,20.98
2024-01-24 04:01:40,30.48,19.0
2024-01-24 04:04:06,37.2,19.75
2024-01-24 04:06:32,38.08,20.77
2024-01-24 04:08:58,37.38,21.5
2024-01-24 04:11:24,36.2,20.25
2024-01-24 04:13:52,58.63,29.3
2024-01-24 04:16:18,50.83,25.25
2024-01-24 04:18:44,39.95,23.25
2024-01-24 04:21:10,55.22,25.5
2024-01-24 04:23:35,66.78,29.13
2024-01-24 04:26:04,75.9,34.6
2024-01-24 04:28:39,77.57,32.95
2024-01-24 04:31:04,51.78,26.73
2024-01-24 04:33:30,37.13,20.6
2024-01-24 04:35:55,39.78,21.6
2024-01-24 04:38:21,47.63,24.55
2024-01-24 04:40:47,46.3,24.48
2024-01-24 04:43:13,48.88,24.2
2024-01-24 04:45:38,39.15,23.98
2024-01-24 04:48:04,42.45,25.42
2024-01-24 04:50:31,45.8,25.25
2024-01-24 04:52:57,45.38,24.63
2024-01-24 04:55:22,52.05,27.83
2024-01-24 04:57:48,48.83,27.67
2024-01-24 05:00:16,48.65,26.83
2024-01-24 05:02:42,40.4,23.75
2024-01-24 05:05:08,54.38,28.75
2024-01-24 05:07:34,42.92,26.3
2024-01-24 05:10:00,45.72,25.23
2024-01-24 05:12:26,37.95,22.63
2024-01-24 05:14:52,38.3,22.88
2024-01-24 05:17:18,39.38,23.85
2024-01-24 05:19:43,42.33,22.65
2024-01-24 05:22:09,40.83,25.0
2024-01-24 05:24:34,40.92,23.1
2024-01-24 05:27:00,45.8,26.67
2024-01-24 05:29:25,44.65,26.13
2024-01-24 05:31:51,46.65,26.15
2024-01-24 05:34:16,43.6,25.92
2024-01-24 05:36:42,55.25,29.9
2024-01-24 05:39:07,77.55,32.92
2024-01-24 05:41:33,77.85,36.63
2024-01-24 05:44:00,68.28,38.55
2024-01-24 05:46:26,78.15,42.67
2024-01-24 05:48:52,59.03,32.53
2024-01-24 05:51:17,44.0,29.17
2024-01-24 05:53:43,49.75,28.65
2024-01-24 05:56:09,62.4,33.83
2024-01-24 05:58:35,71.4,39.97
2024-01-24 06:01:02,81.32,41.75
2024-01-24 06:03:28,60.55,37.2
2024-01-24 06:05:54,63.92,36.0
2024-01-24 06:08:20,42.88,24.9
2024-01-24 06:10:45,46.78,29.98
2024-01-24 06:13:11,73.28,38.28
2024-01-24 06:15:36,66.32,38.53
2024-01-24 06:18:02,82.03,41.28
2024-01-24 06:20:28,73.95,39.15
2024-01-24 06:22:54,69.25,39.65
2024-01-24 06:25:19,66.03,40.1
2024-01-24 06:27:45,72.4,42.2
2024-01-24 06:30:11,64.93,37.0
2024-01-24 06:32:37,57.97,34.75
2024-01-24 06:35:03,100.13,50.33
2024-01-24 06:37:28,84.07,45.08
2024-01-24 06:39:54,79.38,44.92
2024-01-24 06:42:20,97.75,50.9
2024-01-24 06:44:45,103.07,60.17
2024-01-24 06:47:11,108.8,59.33
2024-01-24 06:49:36,110.75,63.15
2024-01-24 06:52:02,115.7,62.2
2024-01-24 06:54:28,105.68,59.83
2024-01-24 06:56:54,97.4,56.33
2024-01-24 06:59:19,90.82,48.63
2024-01-24 07:01:46,93.55,51.35
2024-01-24 07:04:12,91.3,46.58
2024-01-24 07:06:37,88.0,48.8
2024-01-24 07:09:03,82.18,44.58
2024-01-24 07:11:28,88.47,52.33
2024-01-24 07:13:54,87.38,47.3
2024-01-24 07:16:20,79.9,45.45
2024-01-24 07:18:45,88.45,49.97
2024-01-24 07:21:11,97.18,55.78
2024-01-24 07:23:39,93.1,53.13
2024-01-24 07:26:05,89.5,48.17
2024-01-24 07:28:31,81.5,47.33
2024-01-24 07:30:57,56.2,35.0
2024-01-24 07:33:26,58.6,32.6
2024-01-24 07:35:51,67.18,40.95
2024-01-24 07:38:17,53.35,29.15
2024-01-24 07:40:44,46.8,27.02
2024-01-24 07:43:09,38.6,23.23
2024-01-24 07:45:38,13.88,9.57
2024-01-24 07:48:04,18.85,6.78
2024-01-24 07:50:30,8.5,5.13
2024-01-24 07:52:56,9.2,6.05
2024-01-24 07:55:25,7.25,5.32
2024-01-24 07:57:50,6.63,4.25
2024-01-24 08:00:19,8.32,4.82
2024-01-24 08:02:45,8.0,4.8
2024-01-24 08:05:14,11.32,5.68
2024-01-24 08:07:42,11.6,5.68
2024-01-24 08:10:08,7.25,6.05
2024-01-24 08:12:44,10.63,5.47
2024-01-24 08:15:10,12.0,5.72
2024-01-24 08:17:36,15.77,7.75
2024-01-24 08:20:02,8.9,5.6
2024-01-24 08:22:30,9.43,6.95
2024-01-24 08:25:05,20.77,7.65
2024-01-24 08:27:35,13.27,7.03
2024-01-24 08:30:01,14.13,6.45
2024-01-24 08:32:28,21.02,7.78
2024-01-24 08:34:53,15.93,7.3
2024-01-24 08:37:19,18.27,6.38
2024-01-24 08:39:45,13.98,6.22
2024-01-24 08:42:11,16.17,7.15
2024-01-24 08:44:37,49.03,9.07
2024-01-24 08:47:02,16.05,10.1
2024-01-24 08:49:28,15.73,6.25
2024-01-24 08:51:57,9.68,5.82
2024-01-24 08:54:24,5.55,3.8
2024-01-24 08:56:52,13.2,4.43
2024-01-24 08:59:24,13.68,6.85
2024-01-24 09:01:49,9.38,4.05
2024-01-24 09:04:15,6.28,4.28
2024-01-24 09:06:41,10.05,3.67
2024-01-24 09:09:08,9.25,4.13
2024-01-24 09:11:34,6.18,3.28
2024-01-24 09:13:59,8.7,4.18
2024-01-24 09:16:26,21.85,7.28
2024-01-24 09:18:51,13.6,5.78
2024-01-24 09:21:17,12.57,5.15
2024-01-24 09:23:45,6.5,3.4
2024-01-24 09:26:14,7.13,3.1
2024-01-24 09:28:40,9.32,3.92
2024-01-24 09:31:05,8.0,3.75
2024-01-24 09:33:31,12.15,5.22
2024-01-24 09:35:56,18.27,8.05
2024-01-24 09:38:22,11.75,5.45
2024-01-24 09:40:48,16.85,4.45
2024-01-24 09:43:14,14.23,5.55
2024-01-24 09:45:41,12.88,6.2
2024-01-24 09:48:09,10.6,4.5
2024-01-24 09:50:35,17.33,8.65
2024-01-24 09:53:02,6.22,4.18
2024-01-24 09:55:32,10.07,5.38
2024-01-24 09:57:58,12.4,4.57
2024-01-24 10:00:27,10.9,4.4
2024-01-24 10:02:53,14.7,6.38
2024-01-24 10:05:20,12.57,6.15
2024-01-24 10:07:46,9.73,5.05
2024-01-24 10:10:13,9.77,6.22
2024-01-24 10:12:40,10.27,5.4
2024-01-24 10:15:11,9.07,4.82
2024-01-24 10:17:40,14.43,7.45
2024-01-24 10:20:10,9.57,4.78
2024-01-24 10:22:39,5.9,3.4
2024-01-24 10:25:10,15.07,6.47
2024-01-24 10:27:40,8.63,4.63
2024-01-24 10:30:09,9.45,4.43
2024-01-24 10:32:36,8.25,3.95
2024-01-24 10:35:05,4.7,3.33
2024-01-24 10:37:31,8.27,4.43
2024-01-24 10:39:59,7.82,5.15
2024-01-24 10:42:34,6.93,3.92
2024-01-24 10:45:06,9.18,5.03
2024-01-24 10:47:33,6.88,4.68
2024-01-24 10:50:01,9.68,3.38
2024-01-24 10:52:32,14.43,4.68
2024-01-24 10:55:03,9.07,5.7
2024-01-24 10:57:34,8.48,4.18
2024-01-24 11:00:03,16.6,5.78
2024-01-24 11:02:39,6.25,3.92
2024-01-24 11:05:06,8.2,3.6
2024-01-24 11:07:40,3.63,3.2
2024-01-24 11:10:14,9.27,3.83
2024-01-24 11:12:44,7.9,3.63
2024-01-24 11:15:11,7.15,4.18
2024-01-24 11:17:38,5.93,3.85
2024-01-24 11:20:08,6.45,4.0
2024-01-24 11:22:37,6.6,3.83
2024-01-24 11:25:03,10.65,5.45
2024-01-24 11:29:59,9.15,3.7
2024-01-24 11:35:32,4.15,2.28
2024-01-24 11:37:59,8.13,4.03
2024-01-24 11:40:32,7.75,4.03
2024-01-24 11:43:34,4.2,2.95
2024-01-24 11:46:01,6.6,3.4
2024-01-24 11:48:30,8.5,4.78
2024-01-24 11:53:40,28.23,7.68
2024-01-24 11:56:21,9.48,3.1
2024-01-24 11:58:49,22.67,6.5
2024-01-24 12:01:18,8.65,4.18
2024-01-24 12:03:47,6.35,3.65
2024-01-24 12:06:19,8.77,4.22
2024-01-24 12:08:46,4.65,3.03
2024-01-24 12:11:12,9.32,3.53
2024-01-24 12:13:37,10.07,4.38
2024-01-24 12:16:03,8.8,3.63
2024-01-24 12:18:30,11.13,4.2
2024-01-24 12:20:56,10.15,4.45
2024-01-24 12:23:22,9.0,5.38
2024-01-24 12:25:48,5.25,3.58
2024-01-24 12:28:16,6.0,4.03
2024-01-24 12:33:11,9.68,5.05
2024-01-24 12:35:45,8.23,4.63
2024-01-24 12:38:14,9.38,4.43
2024-01-24 12:40:47,12.85,5.97
2024-01-24 12:43:19,11.93,4.43
2024-01-24 12:45:46,11.35,4.0
2024-01-24 12:48:12,6.63,3.83
2024-01-24 12:50:38,14.32,5.32
2024-01-24 12:53:04,13.52,5.82
2024-01-24 12:55:30,8.05,3.6
2024-01-24 12:57:59,8.98,3.38
2024-01-24 13:00:27,6.85,3.7
2024-01-24 13:03:01,16.1,5.53
2024-01-24 13:05:28,13.68,4.78
2024-01-24 13:07:54,10.77,4.7
2024-01-24 13:10:20,17.23,8.82
2024-01-24 13:15:35,15.15,7.88
2024-01-24 13:18:04,12.35,5.65
2024-01-24 13:20:30,7.0,4.93
2024-01-24 13:22:59,10.77,4.68
2024-01-24 13:25:36,5.2,4.22
2024-01-24 13:28:08,14.82,7.25
2024-01-24 13:33:13,8.1,4.43
2024-01-24 13:35:39,6.95,4.07
2024-01-24 13:38:06,15.18,5.9
2024-01-24 13:40:39,11.73,5.03
2024-01-24 13:43:12,21.6,4.78
2024-01-24 13:45:38,11.9,6.65
2024-01-24 13:48:12,13.57,5.0
2024-01-24 13:50:37,10.55,5.85
2024-01-24 13:53:03,11.85,6.22
2024-01-24 13:55:32,16.98,9.48
2024-01-24 13:57:57,19.5,7.82
2024-01-24 14:00:25,14.48,7.0
2024-01-24 14:02:51,12.63,6.1
2024-01-24 14:05:16,17.4,6.78
2024-01-24 14:07:44,17.7,6.32
2024-01-24 14:10:11,15.63,7.65
2024-01-24 14:12:36,14.48,6.63
2024-01-24 14:15:03,14.75,8.73
2024-01-24 14:17:33,11.0,6.6
2024-01-24 14:19:59,15.95,7.15
2024-01-24 14:22:25,14.4,6.8
2024-01-24 14:24:52,19.95,9.3
2024-01-24 14:27:18,13.7,7.95
2024-01-24 14:29:51,20.6,9.6
2024-01-24 14:32:21,13.35,9.1
2024-01-24 14:34:50,14.43,8.4
2024-01-24 14:37:22,15.57,8.93
2024-01-24 14:39:50,21.88,8.73
2024-01-24 14:42:15,15.52,8.1
2024-01-24 14:44:51,16.42,9.1
2024-01-24 14:47:19,13.55,8.2
2024-01-24 14:49:50,18.02,9.82
2024-01-24 14:52:23,22.3,10.7
2024-01-24 14:54:49,17.13,8.65
2024-01-24 14:57:14,15.0,8.2
2024-01-24 14:59:49,17.23,8.98
2024-01-24 15:02:15,21.17,10.95
2024-01-24 15:04:41,25.08,13.3
2024-01-24 15:07:07,26.05,14.05
2024-01-24 15:09:33,27.45,15.75
2024-01-24 15:12:06,33.25,18.08
2024-01-24 15:14:32,26.65,14.55
2024-01-24 15:17:00,21.75,10.85
2024-01-24 15:19:35,15.55,8.02
2024-01-24 15:22:10,10.93,6.0
2024-01-24 15:24:52,16.17,8.8
2024-01-24 15:27:20,14.88,8.18
2024-01-24 15:29:49,18.9,9.45
2024-01-24 15:32:24,16.8,9.35
2024-01-24 15:34:49,16.88,11.13
2024-01-24 15:37:15,19.58,10.7
2024-01-24 15:39:41,18.7,9.45
2024-01-24 15:42:10,21.83,10.6
2024-01-24 15:44:37,21.3,9.43
2024-01-24 15:47:03,15.07,10.85
2024-01-24 15:49:39,23.02,12.4
2024-01-24 15:52:13,27.27,11.9
2024-01-24 15:54:39,21.27,9.77
2024-01-24 15:57:05,23.4,14.18
2024-01-24 15:59:31,20.38,12.27
2024-01-24 16:01:57,23.25,11.73
2024-01-24 16:04:25,21.55,10.57
2024-01-24 16:06:51,21.1,9.57
2024-01-24 16:09:18,17.7,9.57
2024-01-24 16:11:44,29.17,10.13
2024-01-24 16:14:10,20.13,9.65
2024-01-24 16:16:35,18.25,10.73
2024-01-24 16:19:01,25.13,10.93
2024-01-24 16:21:27,15.3,11.95
2024-01-24 16:23:52,17.7,11.55
2024-01-24 16:26:17,25.25,11.98
2024-01-24 16:28:43,31.42,14.7
2024-01-24 16:31:09,27.98,14.18
2024-01-24 16:33:35,19.58,11.48
2024-01-24 16:36:00,20.95,11.7
2024-01-24 16:38:26,20.45,10.45
2024-01-24 16:40:52,17.45,10.15
2024-01-24 16:43:18,25.02,12.3
2024-01-24 16:45:44,22.5,14.9
2024-01-24 16:48:10,36.3,18.35
2024-01-24 16:50:35,31.45,16.48
2024-01-24 16:53:00,29.6,15.23
2024-01-24 16:55:26,21.65,12.8
2024-01-24 16:57:52,26.3,12.38
2024-01-24 17:00:17,31.73,14.73
2024-01-24 17:02:43,20.75,10.9
2024-01-24 17:05:09,19.88,10.35
2024-01-24 17:07:35,22.6,10.18
2024-01-24 17:10:00,29.55,13.93
2024-01-24 17:12:26,23.5,14.52
2024-01-24 17:14:52,26.7,15.82
2024-01-24 17:17:18,21.08,11.9
2024-01-24 17:19:44,24.3,12.8
2024-01-24 17:22:09,20.75,12.4
2024-01-24 17:24:35,25.58,15.15
2024-01-24 17:27:00,49.0,19.88
2024-01-24 17:29:26,56.5,30.25
2024-01-24 17:31:51,41.8,25.25
2024-01-24 17:34:17,44.4,22.95
2024-01-24 17:36:42,43.83,21.55
2024-01-24 17:39:08,35.33,18.05
2024-01-24 17:41:33,33.85,18.75
2024-01-24 17:43:59,32.45,16.92
2024-01-24 17:46:24,35.22,14.18
2024-01-24 17:48:50,24.83,12.15
2024-01-24 17:51:16,22.63,11.38
2024-01-24 17:53:42,28.52,14.8
2024-01-24 17:56:07,28.7,12.77
2024-01-24 17:58:33,26.7,12.65
2024-01-24 18:01:00,27.15,14.73
2024-01-24 18:03:25,32.33,13.02
2024-01-24 18:05:50,22.95,12.5
2024-01-24 18:08:16,32.92,16.05
2024-01-24 18:10:42,19.67,12.73
2024-01-24 18:13:07,22.13,13.77
2024-01-24 18:15:33,33.83,15.5
2024-01-24 18:17:58,34.58,17.25
2024-01-24 18:20:27,36.55,19.38
2024-01-24 18:22:56,28.63,16.58
2024-01-24 18:25:23,27.27,15.82
2024-01-24 18:27:49,30.65,16.08
2024-01-24 18:30:14,30.4,16.02
2024-01-24 18:32:42,28.9,16.75
2024-01-24 18:35:08,33.38,19.2
2024-01-24 18:37:34,30.88,18.13
2024-01-24 18:40:00,23.33,15.23
2024-01-24 18:42:26,34.0,15.73
2024-01-24 18:44:52,47.45,24.27
2024-01-24 18:47:18,42.28,23.15
2024-01-24 18:49:44,42.17,23.05
2024-01-24 18:52:10,36.6,21.15
2024-01-24 18:54:36,38.67,22.05
2024-01-24 18:57:01,42.1,23.95
2024-01-24 18:59:27,48.75,25.85
2024-01-24 19:01:52,60.28,33.83
2024-01-24 19:04:18,74.53,36.13
2024-01-24 19:06:43,67.47,32.63
2024-01-24 19:09:09,78.7,35.42
2024-01-24 19:11:34,80.95,38.7
2024-01-24 19:14:00,71.9,37.7
2024-01-24 19:16:26,66.6,35.08
2024-01-24 19:18:55,86.43,42.95
2024-01-24 19:21:20,89.03,49.22
2024-01-24 19:23:46,96.85,50.25
2024-01-24 19:26:11,106.03,58.55
2024-01-24 19:28:37,114.47,59.8
2024-01-24 19:31:03,101.7,61.25
2024-01-24 19:33:28,109.7,61.58
2024-01-24 19:35:54,117.32,59.75
2024-01-24 19:38:19,121.47,59.1
2024-01-24 19:40:45,108.22,57.0
2024-01-24 19:43:10,92.47,47.1
2024-01-24 19:45:37,111.1,54.9
2024-01-24 19:48:04,79.15,41.95
2024-01-24 19:50:30,94.95,47.0
2024-01-24 19:52:55,80.72,45.17
2024-01-24 19:55:21,76.45,39.65
2024-01-24 19:57:48,67.75,37.03
2024-01-24 20:00:14,65.1,38.08
2024-01-24 20:02:40,68.5,36.63
2024-01-24 20:05:06,67.45,38.13
2024-01-24 20:07:31,65.75,37.7
2024-01-24 20:09:57,66.97,37.8
2024-01-24 20:12:22,69.05,39.3
2024-01-24 20:14:48,74.13,39.08
2024-01-24 20:17:14,76.6,40.05
2024-01-24 20:19:42,70.28,38.0
2024-01-24 20:22:10,79.47,40.6
2024-01-24 20:24:36,71.53,41.75
2024-01-24 20:27:02,79.53,40.03
2024-01-24 20:29:28,66.82,31.27
2024-01-24 20:31:53,69.22,37.8
2024-01-24 20:34:19,74.65,34.0
2024-01-24 20:36:45,66.35,34.15
2024-01-24 20:39:11,60.92,32.53
2024-01-24 20:41:37,60.45,31.25
2024-01-24 20:44:02,49.22,25.17
2024-01-24 20:46:28,126.22,55.8
2024-01-24 20:48:54,125.38,54.88
2024-01-24 20:51:19,106.1,54.78
2024-01-24 20:53:45,115.95,63.6
2024-01-24 20:56:10,100.97,56.25
2024-01-24 20:58:37,106.88,54.5
2024-01-24 21:01:03,127.5,69.2
2024-01-24 21:03:28,118.85,58.92
2024-01-24 21:05:54,119.18,58.05
2024-01-24 21:08:20,116.4,61.58
2024-01-24 21:10:45,110.85,58.63
2024-01-24 21:13:11,100.07,53.33
2024-01-24 21:15:36,77.32,39.28
2024-01-24 21:18:02,78.65,40.9
2024-01-24 21:20:27,83.43,44.58
2024-01-24 21:22:54,93.5,47.97
2024-01-24 21:25:19,99.35,54.35
2024-01-24 21:27:45,97.32,51.45
2024-01-24 21:30:10,85.6,44.35
2024-01-24 21:32:36,95.32,52.0
2024-01-24 21:35:02,105.47,55.05
2024-01-24 21:37:28,104.57,58.92
2024-01-24 21:39:54,99.97,54.6
2024-01-24 21:42:19,105.15,55.92
2024-01-24 21:44:45,90.82,52.78
2024-01-24 21:47:10,106.32,58.22
2024-01-24 21:49:36,108.03,56.58
2024-01-24 21:52:03,106.93,56.65
2024-01-24 21:54:29,111.57,58.78
2024-01-24 21:56:54,96.13,55.78
2024-01-24 21:59:20,111.45,61.4
2024-01-24 22:01:45,95.97,56.05
2024-01-24 22:04:11,94.85,50.9
2024-01-24 22:06:36,84.47,46.95
2024-01-24 22:09:02,99.93,52.45
2024-01-24 22:11:27,97.8,48.08
2024-01-24 22:13:53,94.4,50.4
2024-01-24 22:16:18,145.57,75.22
2024-01-24 22:18:44,115.22,61.67
2024-01-24 22:21:09,75.93,40.35
2024-01-24 22:23:36,49.9,31.38
2024-01-24 22:26:02,50.65,27.05
2024-01-24 22:28:28,49.0,27.27
2024-01-24 22:30:54,48.53,27.48
2024-01-24 22:33:22,56.97,31.08
2024-01-24 22:35:48,64.25,34.67
2024-01-24 22:38:14,71.65,38.8
2024-01-24 22:40:40,73.25,36.92
2024-01-24 22:43:08,78.75,42.17
2024-01-24 22:45:34,66.38,42.25
2024-01-24 22:48:00,73.78,39.22
2024-01-24 22:50:26,60.47,33.95
2024-01-24 22:52:51,68.8,35.47
2024-01-24 22:55:17,67.35,38.42
2024-01-24 22:57:45,81.22,37.45
2024-01-24 23:00:15,65.18,35.0
2024-01-24 23:02:42,71.65,36.03
2024-01-24 23:05:11,75.07,41.58
2024-01-24 23:07:36,85.13,45.55
2024-01-24 23:10:02,102.4,51.47
2024-01-24 23:12:28,102.72,54.17
2024-01-24 23:14:54,122.5,59.08
2024-01-24 23:17:19,116.72,61.2
2024-01-24 23:19:45,102.53,58.4
2024-01-24 23:22:10,106.4,56.28
2024-01-24 23:24:36,98.65,54.35
2024-01-24 23:27:01,90.93,51.88
2024-01-24 23:29:27,72.38,39.97
2024-01-24 23:31:52,56.4,31.8
2024-01-24 23:34:18,54.33,27.7
2024-01-24 23:36:43,42.03,26.1
2024-01-24 23:39:09,42.78,26.25
2024-01-24 23:41:37,58.28,32.22
2024-01-24 23:44:04,58.6,31.9
2024-01-24 23:46:30,66.7,36.05
2024-01-24 23:48:58,67.18,32.72
2024-01-24 23:51:24,59.97,32.83
2024-01-24 23:53:49,55.0,30.48
2024-01-24 23:56:15,52.92,28.3
2024-01-24 23:58:40,49.83,28.92
2024-01-25 00:01:06,45.13,25.08
2024-01-25 00:03:31,50.08,25.27
2024-01-25 00:05:57,46.83,26.4
2024-01-25 00:08:23,45.7,28.17
2024-01-25 00:10:48,56.33,28.55
2024-01-25 00:13:14,53.33,28.67
2024-01-25 00:15:39,66.53,32.22
2024-01-25 00:18:05,54.47,30.65
2024-01-25 00:20:30,51.2,30.65
2024-01-25 00:22:56,50.1,31.05
2024-01-25 00:25:21,51.08,26.98
2024-01-25 00:27:47,59.53,30.63
2024-01-25 00:30:12,53.28,29.77
2024-01-25 00:32:38,53.3,27.83
2024-01-25 00:35:04,68.78,33.8
2024-01-25 00:37:30,77.57,42.58
2024-01-25 00:39:56,94.2,48.95
2024-01-25 00:42:22,90.5,48.33
2024-01-25 00:44:48,78.3,41.88
2024-01-25 00:47:14,95.3,48.83
2024-01-25 00:49:40,85.72,47.7
2024-01-25 00:52:06,83.22,43.97
2024-01-25 00:54:32,93.25,46.42
2024-01-25 00:56:57,90.97,47.83
2024-01-25 00:59:23,75.55,41.33
2024-01-25 01:01:49,74.43,39.25
2024-01-25 01:04:18,76.68,36.08
2024-01-25 01:06:44,73.13,41.33
2024-01-25 01:09:09,65.05,38.0
2024-01-25 01:11:36,72.05,36.4
2024-01-25 01:14:01,67.38,38.25
2024-01-25 01:16:27,56.9,34.97
2024-01-25 01:18:55,68.57,37.88
2024-01-25 01:21:21,71.47,36.78
2024-01-25 01:23:46,67.1,36.25
2024-01-25 01:26:12,63.17,36.45
2024-01-25 01:28:37,79.95,40.75
2024-01-25 01:31:03,71.88,36.58
2024-01-25 01:33:28,68.55,38.75
2024-01-25 01:35:54,83.25,41.47
2024-01-25 01:38:19,67.9,37.88
2024-01-25 01:40:44,62.92,34.1
2024-01-25 01:43:20,70.47,38.17
2024-01-25 01:45:45,74.65,35.1
2024-01-25 01:48:12,76.13,38.72
2024-01-25 01:50:37,73.63,41.1
2024-01-25 01:53:03,74.75,40.8
2024-01-25 01:55:29,70.1,38.35
2024-01-25 01:57:54,77.9,40.45
2024-01-25 02:00:20,84.35,46.1
2024-01-25 02:02:46,82.4,42.3
2024-01-25 02:05:12,74.03,40.85
2024-01-25 02:07:38,74.55,39.53
2024-01-25 02:10:05,70.25,41.4
2024-01-25 02:12:31,71.68,39.92
2024-01-25 02:14:57,66.88,37.05
2024-01-25 02:17:22,71.97,36.25
2024-01-25 02:19:48,67.8,34.92
2024-01-25 02:22:18,60.22,34.75
2024-01-25 02:24:44,54.55,33.17
2024-01-25 02:27:10,51.47,31.52
2024-01-25 02:29:35,65.3,33.95
2024-01-25 02:32:02,58.8,29.42
2024-01-25 02:34:27,59.22,31.83
2024-01-25 02:36:53,64.2,29.7
2024-01-25 02:39:18,49.0,29.02
2024-01-25 02:41:44,48.25,28.35
2024-01-25 02:44:10,50.53,30.48
2024-01-25 02:46:36,50.4,29.58
2024-01-25 02:49:03,59.4,29.52
2024-01-25 02:51:28,57.97,31.25
2024-01-25 02:53:54,50.7,28.85
2024-01-25 02:56:19,55.67,29.88
2024-01-25 02:58:44,54.33,32.4
2024-01-25 03:01:10,49.6,29.33
2024-01-25 03:03:35,51.22,29.23
2024-01-25 03:06:02,58.1,30.88
2024-01-25 03:08:27,50.13,29.33
2024-01-25 03:10:53,52.55,28.73
2024-01-25 03:13:18,53.8,31.1
2024-01-25 03:15:44,57.15,30.33
2024-01-25 03:18:10,68.95,36.67
2024-01-25 03:20:35,59.55,30.65
2024-01-25 03:23:01,54.33,30.23
2024-01-25 03:25:27,56.55,32.1
2024-01-25 03:27:53,63.05,33.95
2024-01-25 03:30:18,69.13,36.03
2024-01-25 03:32:45,64.53,33.38
2024-01-25 03:35:11,62.65,34.75
2024-01-25 03:37:37,73.75,36.72
2024-01-25 03:40:02,67.82,40.53
2024-01-25 03:42:28,64.13,34.9
2024-01-25 03:44:54,70.13,35.05
2024-01-25 03:47:19,70.22,37.3
2024-01-25 03:49:45,63.17,36.05
2024-01-25 03:52:10,69.9,37.9
2024-01-25 03:54:36,60.42,32.85
2024-01-25 03:57:02,59.45,33.35
2024-01-25 03:59:28,58.4,33.67
2024-01-25 04:01:53,55.8,32.45
2024-01-25 04:04:19,56.85,34.13
2024-01-25 04:06:44,62.08,35.03
2024-01-25 04:09:13,80.57,40.9
2024-01-25 04:11:40,64.82,34.05
2024-01-25 04:14:06,55.35,30.77
2024-01-25 04:16:34,41.8,30.67
2024-01-25 04:19:00,60.63,32.3
2024-01-25 04:21:26,51.53,31.05
2024-01-25 04:23:52,54.2,30.92
2024-01-25 04:26:17,65.57,31.98
2024-01-25 04:28:43,66.22,36.1
2024-01-25 04:31:08,68.88,33.28
2024-01-25 04:33:34,47.05,31.02
2024-01-25 04:35:59,61.53,32.28
2024-01-25 04:38:25,54.25,30.67
2024-01-25 04:40:50,62.03,31.33
2024-01-25 04:43:16,54.17,32.15
2024-01-25 04:45:41,56.95,31.7
2024-01-25 04:48:07,64.4,32.85
2024-01-25 04:50:33,73.88,34.42
2024-01-25 04:52:58,71.68,38.25
2024-01-25 04:55:23,53.08,30.88
2024-01-25 04:57:49,52.0,28.9
2024-01-25 05:00:18,62.08,34.2
2024-01-25 05:02:45,52.8,31.58
2024-01-25 05:05:10,59.42,32.4
2024-01-25 05:07:36,56.65,30.6
2024-01-25 05:10:01,51.05,30.7
2024-01-25 05:12:27,58.3,32.4
2024-01-25 05:14:52,52.83,30.77
2024-01-25 05:17:18,59.75,31.4
2024-01-25 05:19:43,46.25,28.95
2024-01-25 05:22:09,46.6,26.92
2024-01-25 05:24:34,47.55,27.83
2024-01-25 05:27:00,48.75,29.02
2024-01-25 05:29:25,60.55,32.0
2024-01-25 05:31:51,72.85,37.88
2024-01-25 05:34:16,60.83,34.2
2024-01-25 05:36:42,59.5,37.13
2024-01-25 05:39:07,63.22,37.55
2024-01-25 05:41:33,63.33,36.25
2024-01-25 05:43:59,54.15,32.2
2024-01-25 05:46:25,60.38,36.7
2024-01-25 05:48:50,53.88,30.75
2024-01-25 05:51:16,62.83,34.83
2024-01-25 05:53:42,64.05,35.05
2024-01-25 05:56:08,57.35,33.28
2024-01-25 05:58:33,59.65,34.28
2024-01-25 06:00:59,65.25,39.08
2024-01-25 06:03:24,50.53,27.38
2024-01-25 06:05:50,56.53,27.1
2024-01-25 06:08:15,67.07,36.78
2024-01-25 06:10:41,68.9,37.97
2024-01-25 06:13:08,67.43,36.4
2024-01-25 06:15:33,58.3,34.35
2024-01-25 06:17:59,64.05,36.8
2024-01-25 06:20:24,57.5,33.67
2024-01-25 06:22:50,59.6,33.97
2024-01-25 06:25:15,61.05,35.45
2024-01-25 06:27:41,60.9,35.35
2024-01-25 06:30:06,65.07,35.6
2024-01-25 06:32:32,65.88,34.67
2024-01-25 06:34:58,59.88,34.92
2024-01-25 06:37:23,69.43,33.8
2024-01-25 06:39:49,60.58,34.33
2024-01-25 06:42:14,51.38,32.75
2024-01-25 06:44:40,55.83,31.4
2024-01-25 06:47:05,61.5,34.55
2024-01-25 06:49:31,60.92,36.9
2024-01-25 06:51:56,94.43,45.53
2024-01-25 06:54:22,80.85,38.85
2024-01-25 06:56:47,61.88,33.5
2024-01-25 06:59:13,81.6,44.1
2024-01-25 07:01:38,88.05,46.8
2024-01-25 07:04:05,84.28,45.7
2024-01-25 07:06:31,83.45,42.67
2024-01-25 07:08:56,79.6,42.97
2024-01-25 07:11:22,74.38,39.92
2024-01-25 07:13:49,67.22,38.75
2024-01-25 07:16:16,64.2,38.85
2024-01-25 07:18:44,64.65,36.75
2024-01-25 07:21:10,64.97,37.88
2024-01-25 07:23:35,68.95,40.8
2024-01-25 07:26:02,75.18,44.1
2024-01-25 07:28:28,75.4,40.67
2024-01-25 07:30:53,58.95,39.45
2024-01-25 07:33:28,66.38,39.97
2024-01-25 07:35:54,69.75,41.15
2024-01-25 07:38:25,66.07,34.15
2024-01-25 07:40:51,76.72,36.65
2024-01-25 07:43:17,65.15,34.95
2024-01-25 07:45:48,53.83,31.7
2024-01-25 07:48:14,60.58,33.83
2024-01-25 07:50:42,53.0,32.38
2024-01-25 07:53:11,55.47,31.65
2024-01-25 07:55:39,68.78,35.33
2024-01-25 07:58:05,60.05,32.4
2024-01-25 08:00:31,51.63,33.65
2024-01-25 08:02:56,57.92,33.1
2024-01-25 08:05:22,55.8,31.75
2024-01-25 08:07:51,58.92,35.08
2024-01-25 08:10:20,63.13,37.45
2024-01-25 08:12:46,63.97,35.0
2024-01-25 08:15:15,63.05,34.65
2024-01-25 08:17:43,66.1,38.7
2024-01-25 08:20:12,71.5,41.67
2024-01-25 08:22:41,81.9,46.65
2024-01-25 08:25:07,80.78,43.17
2024-01-25 08:27:40,70.2,40.15
2024-01-25 08:30:09,79.7,42.13
2024-01-25 08:32:38,64.88,38.42
2024-01-25 08:35:04,80.97,45.0
2024-01-25 08:37:34,68.18,36.38
2024-01-25 08:40:09,78.8,42.45
2024-01-25 08:42:35,123.28,62.67
2024-01-25 08:45:01,96.85,50.45
2024-01-25 08:47:30,65.47,37.38
2024-01-25 08:49:59,69.57,41.6
2024-01-25 08:52:25,70.82,41.13
2024-01-25 08:54:52,81.53,42.65
2024-01-25 08:57:18,79.1,43.25
2024-01-25 08:59:46,86.22,47.22
2024-01-25 09:02:15,79.2,47.42
2024-01-25 09:04:51,78.68,43.8
2024-01-25 09:07:21,64.53,42.03
2024-01-25 09:09:49,65.7,39.17
2024-01-25 09:12:15,65.85,37.88
2024-01-25 09:14:44,65.2,36.7
2024-01-25 09:17:12,58.75,34.33
2024-01-25 09:19:47,71.45,36.28
2024-01-25 09:22:19,77.57,43.2
2024-01-25 09:24:48,71.2,39.6
2024-01-25 09:27:16,69.57,39.13
2024-01-25 09:29:48,63.75,33.85
2024-01-25 09:32:14,64.5,37.2
2024-01-25 09:34:40,64.22,37.05
2024-01-25 09:37:09,63.53,36.85
2024-01-25 09:39:35,71.03,37.58
2024-01-25 09:42:18,72.2,38.28
2024-01-25 09:44:44,69.35,36.4
2024-01-25 09:47:19,75.68,40.65
2024-01-25 09:50:13,85.8,43.42
2024-01-25 09:52:44,83.32,47.03
2024-01-25 09:55:14,69.03,42.72
2024-01-25 09:57:45,84.63,46.45
2024-01-25 10:00:24,82.15,45.08
2024-01-25 10:02:53,74.43,43.63
2024-01-25 10:05:21,94.45,48.3
2024-01-25 10:07:47,80.1,45.3
2024-01-25 10:10:13,102.57,49.03
2024-01-25 10:12:41,83.82,48.75
2024-01-25 10:15:11,100.32,49.15
2024-01-25 10:17:43,107.72,50.03
2024-01-25 10:20:10,90.22,44.5
2024-01-25 10:22:39,82.53,44.55
2024-01-25 10:25:11,83.57,46.55
2024-01-25 10:27:41,78.13,43.3
2024-01-25 10:30:10,98.53,50.72
2024-01-25 10:32:51,93.05,50.47
2024-01-25 10:35:20,99.57,58.75
2024-01-25 10:37:46,96.13,57.47
2024-01-25 10:40:16,99.0,60.67
2024-01-25 10:42:47,91.43,56.9
2024-01-25 10:45:36,100.45,60.2
2024-01-25 10:48:02,115.57,65.18
2024-01-25 10:50:28,107.68,64.53
2024-01-25 10:52:53,101.03,59.2
2024-01-25 10:55:22,99.32,60.8
2024-01-25 10:58:13,99.32,60.15
2024-01-25 11:00:54,97.82,53.92
2024-01-25 11:03:25,92.93,54.83
2024-01-25 11:05:52,95.3,55.47
2024-01-25 11:08:25,92.65,53.53
2024-01-25 11:10:51,100.47,55.8
2024-01-25 11:13:19,94.22,55.5
2024-01-25 11:15:49,107.85,58.65
2024-01-25 11:18:15,97.3,58.13
2024-01-25 11:20:41,99.85,55.4
2024-01-25 11:23:07,94.72,52.5
2024-01-25 11:25:39,86.57,49.3
2024-01-25 11:28:06,89.7,49.85
2024-01-25 11:30:33,82.68,48.85
2024-01-25 11:33:00,69.22,43.42
2024-01-25 11:35:40,75.63,43.78
2024-01-25 11:38:22,99.65,55.63
2024-01-25 11:40:47,87.28,49.85
2024-01-25 11:43:13,80.88,46.13
2024-01-25 11:45:39,77.18,47.15
2024-01-25 11:48:07,58.78,32.8
2024-01-25 11:50:33,32.22,20.33
2024-01-25 11:52:58,25.7,16.25
2024-01-25 11:55:24,22.08,14.45
2024-01-25 11:57:49,18.88,13.52
2024-01-25 12:00:18,17.05,11.3
2024-01-25 12:02:44,15.32,8.52
2024-01-25 12:05:10,16.2,9.98
2024-01-25 12:07:38,16.63,8.9
2024-01-25 12:10:08,11.15,7.35
2024-01-25 12:12:36,10.32,7.03
2024-01-25 12:15:04,7.5,5.13
2024-01-25 12:17:34,9.63,6.07
2024-01-25 12:20:06,12.32,6.38
2024-01-25 12:22:38,9.45,5.63
2024-01-25 12:25:11,12.13,5.25
2024-01-25 12:27:39,14.1,5.6
2024-01-25 12:30:13,12.7,6.53
2024-01-25 12:32:39,9.3,6.3
2024-01-25 12:35:05,11.0,6.88
2024-01-25 12:37:34,8.2,5.38
2024-01-25 12:40:00,12.23,6.3
2024-01-25 12:42:29,10.13,5.53
2024-01-25 12:44:58,11.55,4.82
2024-01-25 12:47:23,12.23,6.63
2024-01-25 12:49:50,7.68,5.5
2024-01-25 12:52:18,9.88,5.88
2024-01-25 12:54:44,10.27,5.53
2024-01-25 12:57:10,9.48,6.45
2024-01-25 12:59:36,9.48,5.2
2024-01-25 13:02:05,11.32,5.95
2024-01-25 13:04:35,8.0,5.28
2024-01-25 13:07:10,9.48,6.5
2024-01-25 13:09:35,12.18,5.88
2024-01-25 13:12:04,9.95,5.9
2024-01-25 13:14:30,9.6,6.22
2024-01-25 13:16:59,13.85,8.27
2024-01-25 13:19:31,10.27,6.32
2024-01-25 13:21:59,8.0,5.53
2024-01-25 13:26:58,13.2,6.72
2024-01-25 13:29:24,14.55,7.53
2024-01-25 13:31:50,10.07,5.53
2024-01-25 13:34:16,11.75,5.55
2024-01-25 13:36:42,11.98,6.28
2024-01-25 13:39:07,7.55,6.25
2024-01-25 13:41:34,9.8,5.38
2024-01-25 13:43:59,10.6,5.8
2024-01-25 13:46:25,7.97,5.2
2024-01-25 13:48:51,10.6,6.35
2024-01-25 13:51:17,11.93,7.2
2024-01-25 13:53:43,16.33,8.82
2024-01-25 13:56:08,10.77,6.47
2024-01-25 13:58:37,14.57,7.88
2024-01-25 14:01:03,17.33,9.63
2024-01-25 14:03:29,24.27,13.57
2024-01-25 14:05:56,19.23,10.55
2024-01-25 14:08:22,15.45,8.98
2024-01-25 14:10:58,18.58,11.85
2024-01-25 14:13:23,11.68,7.47
2024-01-25 14:15:49,12.45,8.48
2024-01-25 14:18:15,18.98,11.57
2024-01-25 14:20:40,15.88,7.2
2024-01-25 14:23:06,9.73,6.53
2024-01-25 14:25:32,7.05,5.22
2024-01-25 14:28:00,10.0,5.47
2024-01-25 14:30:26,9.82,5.07
2024-01-25 14:32:55,8.3,5.0
2024-01-25 14:35:32,8.7,3.95
2024-01-25 14:38:07,8.57,5.2
2024-01-25 14:40:36,11.27,5.4
2024-01-25 14:43:01,8.13,6.5
2024-01-25 14:45:27,7.53,5.63
2024-01-25 14:47:56,12.1,4.78
2024-01-25 14:50:22,15.3,8.55
2024-01-25 14:52:49,13.45,7.0
2024-01-25 14:55:14,8.07,5.47
2024-01-25 14:57:40,9.8,6.45
2024-01-25 15:00:06,21.38,8.32
2024-01-25 15:02:33,21.5,9.3
2024-01-25 15:05:05,14.23,8.52
2024-01-25 15:07:34,17.65,9.1
2024-01-25 15:09:59,15.23,8.9
2024-01-25 15:12:28,16.5,11.35
2024-01-25 15:14:59,23.33,12.7
2024-01-25 15:17:25,47.63,21.3
2024-01-25 15:19:54,51.2,23.83
2024-01-25 15:22:20,38.42,19.73
2024-01-25 15:24:48,42.38,20.67
2024-01-25 15:27:14,43.83,21.02
2024-01-25 15:29:42,32.25,15.65
2024-01-25 15:32:10,22.25,13.75
2024-01-25 15:34:36,15.95,10.95
2024-01-25 15:37:03,17.35,10.55
2024-01-25 15:39:28,13.2,9.25
2024-01-25 15:41:54,16.75,9.5
2024-01-25 15:44:20,24.35,11.18
2024-01-25 15:46:46,22.35,11.65
2024-01-25 15:49:12,13.98,8.0
2024-01-25 15:51:40,17.4,9.43
2024-01-25 15:54:09,17.45,9.43
2024-01-25 15:56:34,15.55,9.18
2024-01-25 15:59:00,10.2,7.53
2024-01-25 16:01:25,24.35,11.73
2024-01-25 16:03:51,29.52,15.45
2024-01-25 16:06:16,14.02,9.0
2024-01-25 16:08:41,12.9,8.18
2024-01-25 16:11:07,15.55,8.27
2024-01-25 16:13:33,19.23,10.88
2024-01-25 16:15:58,24.83,12.57
2024-01-25 16:18:24,20.2,11.9
2024-01-25 16:20:49,17.27,9.9
2024-01-25 16:23:15,18.13,9.13
2024-01-25 16:25:41,14.05,7.85
2024-01-25 16:28:06,14.0,7.93
2024-01-25 16:30:32,13.27,6.63
2024-01-25 16:32:57,9.68,6.55
2024-01-25 16:35:23,11.6,6.82
2024-01-25 16:37:48,13.05,7.55
2024-01-25 16:40:14,17.15,10.5
2024-01-25 16:42:39,21.9,13.88
2024-01-25 16:45:06,38.45,22.05
2024-01-25 16:47:32,39.65,23.88
2024-01-25 16:49:58,36.47,20.63
2024-01-25 16:52:23,23.1,12.57
2024-01-25 16:54:49,19.38,11.88
2024-01-25 16:57:15,20.75,11.07
2024-01-25 16:59:40,21.35,12.1
2024-01-25 17:02:06,42.5,20.58
2024-01-25 17:04:31,32.0,16.6
2024-01-25 17:06:57,31.0,18.58
2024-01-25 17:09:22,20.95,11.6
2024-01-25 17:11:48,23.92,15.57
2024-01-25 17:14:13,53.65,32.0
2024-01-25 17:16:39,69.45,39.95
2024-01-25 17:19:04,51.35,31.33
2024-01-25 17:21:30,50.97,28.02
2024-01-25 17:23:55,57.17,32.72
2024-01-25 17:26:22,46.88,27.52
2024-01-25 17:28:48,43.1,26.25
2024-01-25 17:31:14,45.33,26.52
2024-01-25 17:33:42,40.6,20.58
2024-01-25 17:36:10,34.97,19.8
2024-01-25 17:38:36,37.83,20.0
2024-01-25 17:41:02,34.8,19.3
2024-01-25 17:43:28,40.65,21.38
2024-01-25 17:45:54,35.1,20.55
2024-01-25 17:48:19,24.17,13.6
2024-01-25 17:50:45,27.88,13.63
2024-01-25 17:53:10,21.17,11.93
2024-01-25 17:55:36,21.2,11.73
2024-01-25 17:58:01,30.3,21.27
2024-01-25 18:00:27,52.8,29.6
2024-01-25 18:02:52,61.13,32.13
2024-01-25 18:05:18,63.7,36.47
2024-01-25 18:07:44,76.22,39.22
2024-01-25 18:10:10,73.55,39.72
2024-01-25 18:12:38,120.63,58.22
2024-01-25 18:15:05,85.93,45.95
2024-01-25 18:17:31,83.43,43.5
2024-01-25 18:19:57,104.95,57.28
2024-01-25 18:22:22,77.3,42.85
2024-01-25 18:24:48,77.13,46.25
2024-01-25 18:27:13,60.95,34.17
2024-01-25 18:29:41,36.5,21.52
2024-01-25 18:32:07,55.6,33.05
2024-01-25 18:34:33,41.0,25.02
2024-01-25 18:36:59,48.08,30.5
2024-01-25 18:39:24,49.65,27.05
2024-01-25 18:41:50,36.85,22.25
2024-01-25 18:44:18,54.35,34.25
2024-01-25 18:46:43,34.67,23.5
2024-01-25 18:49:09,47.3,28.35
2024-01-25 18:51:34,46.08,26.27
2024-01-25 18:54:00,26.7,15.07
2024-01-25 18:56:25,17.65,11.25
2024-01-25 18:58:51,15.65,10.45
2024-01-25 19:01:17,14.75,9.63
2024-01-25 19:03:43,21.25,13.4
2024-01-25 19:06:09,19.67,12.45
2024-01-25 19:08:35,44.4,25.02
2024-01-25 19:11:01,40.5,22.63
2024-01-25 19:13:27,39.8,21.2
2024-01-25 19:15:52,37.2,21.98
2024-01-25 19:18:19,36.4,21.35
2024-01-25 19:20:44,41.25,22.17
2024-01-25 19:23:10,40.88,20.7
2024-01-25 19:25:36,34.0,18.77
2024-01-25 19:28:01,17.23,9.8
2024-01-25 19:30:27,20.13,12.02
2024-01-25 19:32:54,49.15,26.02
2024-01-25 19:35:20,45.75,27.02
2024-01-25 19:37:47,34.13,19.88
2024-01-25 19:40:13,29.88,14.57
2024-01-25 19:42:38,60.55,30.2
2024-01-25 19:45:04,73.9,38.33
2024-01-25 19:47:30,76.1,38.45
2024-01-25 19:49:56,73.68,42.42
2024-01-25 19:52:21,70.1,34.85
2024-01-25 19:54:46,70.8,37.65
2024-01-25 19:57:13,57.9,31.4
2024-01-25 19:59:39,43.67,25.67
2024-01-25 20:02:06,69.1,34.7
2024-01-25 20:04:33,58.85,35.03
2024-01-25 20:06:59,29.77,17.98
2024-01-25 20:09:24,21.67,12.23
2024-01-25 20:11:50,19.88,11.05
2024-01-25 20:14:15,31.45,16.6
2024-01-25 20:16:41,36.6,21.25
2024-01-25 20:19:06,39.5,22.38
2024-01-25 20:21:31,75.18,43.7
2024-01-25 20:23:57,56.67,34.85
2024-01-25 20:26:22,49.28,25.55
2024-01-25 20:28:49,29.1,15.32
2024-01-25 20:31:14,31.2,19.95
2024-01-25 20:33:41,24.73,15.52
2024-01-25 20:36:07,34.7,19.58
2024-01-25 20:38:32,31.1,20.25
2024-01-25 20:40:58,31.85,19.42
2024-01-25 20:43:23,34.75,20.15
2024-01-25 20:45:49,38.47,21.4
2024-01-25 20:48:14,31.17,18.5
2024-01-25 20:50:39,40.38,21.88
2024-01-25 20:53:06,39.45,22.58
2024-01-25 20:55:31,37.35,22.48
2024-01-25 20:57:58,37.15,21.35
2024-01-25 21:00:23,34.2,19.0
2024-01-25 21:02:49,30.13,17.85
2024-01-25 21:05:15,38.35,21.48
2024-01-25 21:07:41,24.73,14.6
2024-01-25 21:10:07,31.5,18.67
2024-01-25 21:12:34,31.58,15.98
2024-01-25 21:14:59,17.6,11.25
2024-01-25 21:17:26,24.65,14.82
2024-01-25 21:19:52,30.35,18.13
2024-01-25 21:22:17,24.1,14.43
2024-01-25 21:24:42,23.67,12.8
2024-01-25 21:27:08,28.88,14.88
2024-01-25 21:29:33,28.08,17.17
2024-01-25 21:31:59,31.0,17.05
2024-01-25 21:34:24,22.0,14.52
2024-01-25 21:36:50,17.35,12.75
2024-01-25 21:39:15,23.08,13.38
2024-01-25 21:41:41,20.9,12.07
2024-01-25 21:44:06,20.95,11.4
2024-01-25 21:46:34,19.2,9.85
2024-01-25 21:48:59,17.58,9.0
2024-01-25 21:51:25,16.23,9.43
2024-01-25 21:53:50,15.23,8.63
2024-01-25 21:56:16,17.13,9.4
2024-01-25 21:58:41,14.57,8.07
2024-01-25 22:01:07,13.02,8.32
2024-01-25 22:03:32,16.38,8.65
2024-01-25 22:05:58,15.07,9.15
2024-01-25 22:08:23,13.07,7.97
2024-01-25 22:10:49,13.8,7.5
2024-01-25 22:13:14,13.23,7.3
2024-01-25 22:15:40,10.85,7.65
2024-01-25 22:18:06,14.05,7.68
2024-01-25 22:20:32,13.0,7.28
2024-01-25 22:22:58,10.65,6.45
2024-01-25 22:25:24,14.13,7.4
2024-01-25 22:27:49,12.82,7.35
2024-01-25 22:30:15,13.13,6.35
2024-01-25 22:32:40,9.63,5.4
2024-01-25 22:35:06,11.95,6.4
2024-01-25 22:37:31,12.48,5.68
2024-01-25 22:39:57,10.63,6.03
2024-01-25 22:42:22,12.88,6.28
2024-01-25 22:44:48,11.07,5.7
2024-01-25 22:47:14,12.0,5.13
2024-01-25 22:49:39,10.9,5.25
2024-01-25 22:52:05,12.77,6.6
2024-01-25 22:54:30,11.95,5.9
2024-01-25 22:56:56,12.82,5.88
2024-01-25 22:59:21,11.6,6.03
2024-01-25 23:01:47,13.8,6.4
2024-01-25 23:04:12,10.13,5.0
2024-01-25 23:06:38,16.6,8.73
2024-01-25 23:09:03,13.63,7.3
2024-01-25 23:11:29,10.23,6.78
2024-01-25 23:13:54,23.73,11.02
2024-01-25 23:16:23,17.42,9.38
2024-01-25 23:18:48,12.73,6.95
2024-01-25 23:21:14,19.7,6.63
2024-01-25 23:23:39,11.7,7.47
2024-01-25 23:26:05,17.17,7.63
2024-01-25 23:28:30,10.43,6.13
2024-01-25 23:30:56,14.23,7.45
2024-01-25 23:33:21,11.68,6.15
2024-01-25 23:35:47,13.1,7.22
2024-01-25 23:38:13,13.32,6.65
2024-01-25 23:40:38,12.5,6.88
2024-01-25 23:43:04,14.98,7.35
2024-01-25 23:45:30,18.9,6.45
2024-01-25 23:47:55,14.48,5.63
2024-01-25 23:50:21,16.9,5.38
2024-01-25 23:52:46,8.75,4.65
2024-01-25 23:55:12,8.88,5.22
2024-01-25 23:57:37,14.38,6.82
2024-01-26 00:00:03,13.15,5.88
2024-01-26 00:02:29,13.02,6.63
2024-01-26 00:04:55,15.35,6.5
2024-01-26 00:07:20,11.4,6.22
2024-01-26 00:09:45,10.18,5.85
2024-01-26 00:12:11,12.7,5.0
2024-01-26 00:14:36,8.48,4.05
2024-01-26 00:17:02,9.38,5.3
2024-01-26 00:19:27,11.0,4.25
2024-01-26 00:21:53,10.5,4.88
2024-01-26 00:24:18,8.77,4.97
2024-01-26 00:26:45,15.82,6.32
2024-01-26 00:29:11,9.98,5.13
2024-01-26 00:31:37,7.18,4.15
2024-01-26 00:34:02,11.35,5.9
2024-01-26 00:36:28,8.93,5.1
2024-01-26 00:38:53,10.93,4.8
2024-01-26 00:41:19,9.98,4.88
2024-01-26 00:43:44,8.73,4.57
2024-01-26 00:46:10,7.22,4.28
2024-01-26 00:48:35,11.32,5.3
2024-01-26 00:51:01,12.15,4.8
2024-01-26 00:53:26,11.18,5.22
2024-01-26 00:55:52,9.9,5.5
2024-01-26 00:58:17,9.45,4.6
2024-01-26 01:00:43,9.9,5.0
2024-01-26 01:03:08,11.5,4.68
2024-01-26 01:05:34,7.0,4.78
2024-01-26 01:07:59,8.48,4.75
2024-01-26 01:10:25,8.8,4.45
2024-01-26 01:12:50,10.15,5.18
2024-01-26 01:15:17,10.05,4.55
2024-01-26 01:17:43,8.07,4.63
2024-01-26 01:20:13,8.35,4.68
2024-01-26 01:22:41,9.05,4.8
2024-01-26 01:25:07,7.55,4.47
2024-01-26 01:27:34,8.68,4.97
2024-01-26 01:30:02,10.48,4.72
2024-01-26 01:32:29,11.6,6.03
2024-01-26 01:34:55,8.23,5.85
2024-01-26 01:37:20,10.05,5.38
2024-01-26 01:39:46,11.43,5.75
2024-01-26 01:42:12,10.65,5.28
2024-01-26 01:44:41,11.8,5.53
2024-01-26 01:47:10,7.45,5.97
2024-01-26 01:49:40,13.02,4.82
2024-01-26 01:52:10,10.3,5.63
2024-01-26 01:54:37,14.3,5.43
2024-01-26 01:57:03,10.35,5.15
2024-01-26 01:59:30,6.6,4.57
2024-01-26 02:01:56,7.78,4.63
2024-01-26 02:04:21,7.93,4.53
2024-01-26 02:07:00,7.65,4.78
2024-01-26 02:09:26,7.18,4.75
2024-01-26 02:11:52,8.25,5.32
2024-01-26 02:14:18,10.57,6.0
2024-01-26 02:16:56,10.05,6.35
2024-01-26 02:19:23,14.77,8.07
2024-01-26 02:21:50,15.63,8.32
2024-01-26 02:24:15,20.08,8.55
2024-01-26 02:26:41,15.65,7.05
2024-01-26 02:29:07,14.63,6.72
2024-01-26 02:31:32,18.9,10.65
2024-01-26 02:33:58,14.23,9.13
2024-01-26 02:36:25,13.15,7.65
2024-01-26 02:38:52,15.88,8.5
2024-01-26 02:41:17,11.32,6.57
2024-01-26 02:43:42,12.3,5.9
2024-01-26 02:46:08,8.9,5.65
2024-01-26 02:48:35,11.98,5.85
2024-01-26 02:51:00,11.75,6.45
2024-01-26 02:53:26,9.35,5.7
2024-01-26 02:55:51,9.05,5.32
2024-01-26 02:58:17,9.02,5.65
2024-01-26 03:00:43,11.85,4.68
2024-01-26 03:03:09,12.13,5.38
2024-01-26 03:05:34,11.1,5.1
2024-01-26 03:08:00,9.57,4.13
2024-01-26 03:10:25,7.25,3.95
2024-01-26 03:12:50,9.48,6.13
2024-01-26 03:15:16,10.2,5.9
2024-01-26 03:17:41,18.48,6.45
2024-01-26 03:20:07,10.05,6.3
2024-01-26 03:22:33,10.4,5.28
2024-01-26 03:24:59,11.18,5.03
2024-01-26 03:27:24,11.68,5.95
2024-01-26 03:29:50,8.95,5.45
2024-01-26 03:32:15,14.45,9.3
2024-01-26 03:34:41,13.32,8.1
2024-01-26 03:37:06,14.27,6.97
2024-01-26 03:39:32,12.3,9.0
2024-01-26 03:41:57,12.55,6.97
2024-01-26 03:44:23,6.7,4.5
2024-01-26 03:46:48,8.65,4.32
2024-01-26 03:49:14,11.77,4.68
2024-01-26 03:51:39,9.13,5.95
2024-01-26 03:54:05,12.7,6.4
2024-01-26 03:56:31,11.98,7.03
2024-01-26 03:58:56,13.2,6.82
2024-01-26 04:01:22,10.43,5.9
2024-01-26 04:03:47,7.95,5.93
2024-01-26 04:06:13,10.75,5.18
2024-01-26 04:08:39,6.97,4.78
2024-01-26 04:11:04,9.25,5.28
2024-01-26 04:13:30,9.3,5.25
2024-01-26 04:15:55,7.82,4.28
2024-01-26 04:18:21,7.65,4.63
2024-01-26 04:20:47,8.6,3.88
2024-01-26 04:23:14,6.95,3.67
2024-01-26 04:25:39,7.47,3.8
2024-01-26 04:28:05,13.57,3.75
2024-01-26 04:30:30,5.88,3.55
2024-01-26 04:32:56,5.93,3.25
2024-01-26 04:35:22,10.82,3.65
2024-01-26 04:37:47,10.07,6.28
2024-01-26 04:40:13,8.32,5.65
2024-01-26 04:42:38,7.53,4.78
2024-01-26 04:45:04,9.95,4.2
2024-01-26 04:47:29,9.4,4.47
2024-01-26 04:49:55,7.85,4.0
2024-01-26 04:52:20,10.07,4.07
2024-01-26 04:54:46,10.15,5.68
2024-01-26 04:57:13,10.73,6.47
2024-01-26 04:59:38,11.68,5.38
2024-01-26 05:02:04,5.78,3.45
2024-01-26 05:04:29,9.9,4.0
2024-01-26 05:06:55,13.75,5.53
2024-01-26 05:09:21,9.8,5.88
2024-01-26 05:11:47,7.43,4.9
2024-01-26 05:14:12,10.3,5.2
2024-01-26 05:16:38,8.55,4.55
2024-01-26 05:19:03,11.73,5.55
2024-01-26 05:21:29,10.77,5.2
2024-01-26 05:23:55,10.35,5.53
2024-01-26 05:26:20,7.05,4.25
2024-01-26 05:28:46,13.2,6.55
2024-01-26 05:31:11,10.63,4.72
2024-01-26 05:33:37,11.75,4.7
2024-01-26 05:36:03,10.82,5.6
2024-01-26 05:38:29,13.63,7.2
2024-01-26 05:40:55,14.55,6.63
2024-01-26 05:43:21,10.95,7.47
2024-01-26 05:45:46,13.52,7.05
2024-01-26 05:48:12,10.9,6.65
2024-01-26 05:50:37,6.93,4.97
2024-01-26 05:53:03,10.02,5.55
2024-01-26 05:55:29,10.0,5.97
2024-01-26 05:57:55,13.25,7.9
2024-01-26 06:00:21,14.8,8.45
2024-01-26 06:02:46,30.95,13.52
2024-01-26 06:05:12,27.95,13.82
2024-01-26 06:07:37,25.0,11.43
2024-01-26 06:10:03,16.7,8.88
2024-01-26 06:12:29,17.35,9.3
2024-01-26 06:14:54,16.92,11.4
2024-01-26 06:17:20,18.88,11.3
2024-01-26 06:19:46,32.45,16.17
2024-01-26 06:22:11,35.0,19.38
2024-01-26 06:24:37,29.58,16.33
2024-01-26 06:27:02,38.58,19.55
2024-01-26 06:29:28,25.58,15.07
2024-01-26 06:31:57,23.35,13.9
2024-01-26 06:34:23,24.65,12.68
2024-01-26 06:36:49,36.25,20.38
2024-01-26 06:39:14,31.27,18.4
2024-01-26 06:41:40,28.83,18.7
2024-01-26 06:44:06,36.47,20.83
2024-01-26 06:46:33,39.63,24.58
2024-01-26 06:48:58,37.8,21.08
2024-01-26 06:51:24,28.42,16.4
2024-01-26 06:53:49,39.22,23.48
2024-01-26 06:56:15,41.25,22.48
2024-01-26 06:58:40,38.53,22.5
2024-01-26 07:01:06,59.67,33.35
2024-01-26 07:03:31,53.2,27.65
2024-01-26 07:05:58,46.13,25.25
2024-01-26 07:08:23,34.7,18.48
2024-01-26 07:10:49,36.78,20.45
2024-01-26 07:13:15,51.25,30.3
2024-01-26 07:15:44,56.2,29.52
2024-01-26 07:18:10,50.03,25.23
2024-01-26 07:20:35,41.97,20.05
2024-01-26 07:23:01,29.02,14.2
2024-01-26 07:25:27,26.33,16.55
2024-01-26 07:27:53,29.3,16.4
2024-01-26 07:30:18,38.5,19.77
2024-01-26 07:32:44,25.85,13.52
2024-01-26 07:35:10,28.25,11.45
2024-01-26 07:37:36,18.58,8.15
2024-01-26 07:40:05,11.27,5.72
2024-01-26 07:42:33,16.27,7.63
2024-01-26 07:45:00,24.95,7.72
2024-01-26 07:47:29,22.73,9.88
2024-01-26 07:49:57,21.42,8.98
2024-01-26 07:52:27,16.67,5.57
2024-01-26 07:54:56,20.5,7.28
2024-01-26 07:57:21,12.15,4.0
2024-01-26 08:02:17,11.85,5.05
2024-01-26 08:04:43,7.55,4.03
2024-01-26 08:07:24,9.7,3.72
2024-01-26 08:09:49,8.98,3.9
2024-01-26 08:12:15,9.15,4.5
2024-01-26 08:14:40,10.7,4.0
2024-01-26 08:17:06,9.77,3.3
2024-01-26 08:19:32,10.25,3.4
2024-01-26 08:21:58,17.42,4.85
2024-01-26 08:24:23,24.15,6.82
2024-01-26 08:26:49,9.18,3.53
2024-01-26 08:29:15,16.8,4.9
2024-01-26 08:31:41,17.33,6.03
2024-01-26 08:34:06,14.5,4.65
2024-01-26 08:36:32,7.03,3.72
2024-01-26 08:38:58,12.43,3.58
2024-01-26 08:41:24,16.77,4.9
2024-01-26 08:43:49,9.7,3.6
2024-01-26 08:46:15,13.23,5.2
2024-01-26 08:48:44,6.28,3.47
2024-01-26 08:51:09,9.02,3.72
2024-01-26 08:53:35,13.02,4.25
2024-01-26 08:56:04,9.38,3.78
2024-01-26 08:58:30,15.3,5.6
2024-01-26 09:00:56,10.18,4.3
2024-01-26 09:03:22,6.93,3.05
2024-01-26 09:05:48,10.68,4.25
2024-01-26 09:08:16,6.2,3.72
2024-01-26 09:10:42,9.93,3.58
2024-01-26 09:13:08,10.3,5.1
2024-01-26 09:15:33,13.35,4.53
2024-01-26 09:17:59,16.3,6.18
2024-01-26 09:20:26,14.93,4.63
2024-01-26 09:22:52,7.35,2.95
2024-01-26 09:25:18,9.6,3.78
2024-01-26 09:27:44,17.1,5.85
2024-01-26 09:30:10,18.58,5.93
2024-01-26 09:32:36,15.45,6.72
2024-01-26 09:35:05,11.23,5.45
2024-01-26 09:37:33,11.63,3.78
2024-01-26 09:39:58,7.53,3.8
2024-01-26 09:42:24,16.05,5.72
2024-01-26 09:44:53,9.23,3.63
2024-01-26 09:47:23,7.72,4.43
2024-01-26 09:50:01,22.33,6.63
2024-01-26 09:52:29,11.23,4.22
2024-01-26 09:54:55,6.47,3.0
2024-01-26 09:57:52,8.43,4.03
2024-01-26 10:00:21,9.68,3.85
2024-01-26 10:02:47,14.65,4.3
2024-01-26 10:05:22,7.1,3.38
2024-01-26 10:08:06,11.35,3.8
2024-01-26 10:10:38,10.05,3.0
2024-01-26 10:13:07,8.7,4.5
2024-01-26 10:15:36,7.6,3.22
2024-01-26 10:18:02,7.07,3.2
2024-01-26 10:20:31,5.0,3.5
2024-01-26 10:23:00,7.03,2.92
2024-01-26 10:25:25,8.25,4.05
2024-01-26 10:27:51,8.65,3.15
2024-01-26 10:30:17,7.57,3.83
2024-01-26 10:32:44,5.7,3.08
2024-01-26 10:35:10,8.73,3.58
2024-01-26 10:37:36,8.8,3.0
2024-01-26 10:40:05,7.9,3.15
2024-01-26 10:42:32,9.1,3.6
2024-01-26 10:44:59,13.3,4.68
2024-01-26 10:47:29,6.15,3.83
2024-01-26 10:49:57,9.85,3.03
2024-01-26 10:52:25,11.65,3.92
2024-01-26 10:54:51,9.27,3.72
2024-01-26 10:57:20,11.27,3.0
2024-01-26 10:59:45,3.88,2.22
2024-01-26 11:02:20,5.0,2.4
2024-01-26 11:04:50,6.13,2.65
2024-01-26 11:07:22,12.23,4.35
2024-01-26 11:09:47,14.98,3.45
2024-01-26 11:12:22,16.73,5.6
2024-01-26 11:17:51,10.18,3.78
2024-01-26 11:20:22,9.05,2.72
2024-01-26 11:25:37,9.43,4.28
2024-01-26 11:28:09,8.98,3.67
2024-01-26 11:30:39,11.25,3.95
2024-01-26 11:33:17,11.07,3.17
2024-01-26 11:35:44,6.13,3.25
2024-01-26 11:38:10,6.28,3.2
2024-01-26 11:40:39,4.05,2.53
2024-01-26 11:43:06,10.1,3.72
2024-01-26 11:47:57,9.82,4.25
2024-01-26 11:50:23,13.75,9.23
2024-01-26 11:52:51,10.68,2.92
2024-01-26 11:55:17,6.75,2.78
2024-01-26 11:57:42,6.8,2.75
2024-01-26 12:00:11,5.47,2.55
2024-01-26 12:02:37,7.5,3.15
2024-01-26 12:05:03,7.3,3.75
2024-01-26 12:07:29,5.43,2.47
2024-01-26 12:09:55,3.7,2.45
2024-01-26 12:12:21,6.55,3.0
2024-01-26 12:14:47,9.57,4.1
2024-01-26 12:17:13,5.65,2.8
2024-01-26 12:19:41,5.97,3.3
2024-01-26 12:22:07,8.5,3.1
2024-01-26 12:27:48,6.97,2.63
2024-01-26 12:30:14,6.68,3.5
2024-01-26 12:32:40,5.93,3.63
2024-01-26 12:35:06,6.72,3.22
2024-01-26 12:37:34,14.05,4.38
2024-01-26 12:40:20,13.8,3.35
2024-01-26 12:42:47,5.0,2.47
2024-01-26 12:45:13,12.07,4.32
2024-01-26 12:47:38,10.75,3.28
2024-01-26 12:50:04,11.13,3.4
2024-01-26 12:52:36,3.53,2.4
2024-01-26 12:55:02,10.7,2.63
2024-01-26 12:57:28,7.8,3.42
2024-01-26 12:59:55,4.43,2.83
2024-01-26 13:02:21,9.45,3.05
2024-01-26 13:04:46,6.65,3.72
2024-01-26 13:07:15,11.95,5.97
2024-01-26 13:09:41,7.22,3.25
2024-01-26 13:12:07,5.25,2.72
2024-01-26 13:14:34,6.05,2.8
2024-01-26 13:17:00,4.7,2.63
2024-01-26 13:19:26,3.6,2.65
2024-01-26 13:21:51,6.93,2.3
2024-01-26 13:24:17,5.65,2.83
2024-01-26 13:26:43,3.2,2.45
2024-01-26 13:29:09,7.15,2.65
2024-01-26 13:31:36,6.7,3.25
2024-01-26 13:34:06,4.53,2.95
2024-01-26 13:36:36,14.15,3.85
2024-01-26 13:39:02,7.25,4.03
2024-01-26 13:41:29,6.93,4.0
2024-01-26 13:43:55,8.48,4.0
2024-01-26 13:46:21,7.45,3.6
2024-01-26 13:48:47,4.2,3.1
2024-01-26 13:51:13,8.05,3.38
2024-01-26 13:53:41,23.85,9.52
2024-01-26 13:56:10,9.35,4.3
2024-01-26 13:58:40,5.1,3.17
2024-01-26 14:01:11,9.45,3.42
2024-01-26 14:03:37,7.97,4.35
2024-01-26 14:06:05,8.25,4.43
2024-01-26 14:08:33,9.7,4.7
2024-01-26 14:11:02,11.23,4.78
2024-01-26 14:13:28,14.73,5.55
2024-01-26 14:15:55,12.73,5.2
2024-01-26 14:18:23,10.23,4.63
2024-01-26 14:20:52,8.55,4.72
2024-01-26 14:23:23,7.18,4.2
2024-01-26 14:25:48,10.8,6.15
2024-01-26 14:28:16,9.98,4.13
2024-01-26 14:30:47,10.68,5.32
2024-01-26 14:33:14,18.8,6.38
2024-01-26 14:35:40,13.93,7.7
2024-01-26 14:38:11,11.77,5.28
2024-01-26 14:40:38,14.73,7.55
2024-01-26 14:43:05,10.77,5.55
2024-01-26 14:45:33,5.95,3.47
2024-01-26 14:47:59,12.6,5.35
2024-01-26 14:50:25,8.9,3.72
2024-01-26 14:52:51,14.18,5.1
2024-01-26 14:55:20,9.23,5.9
2024-01-26 14:57:46,9.82,5.0
2024-01-26 15:00:14,16.3,8.85
2024-01-26 15:02:43,9.77,5.3
2024-01-26 15:05:10,6.35,2.83
2024-01-26 15:07:36,5.63,3.25
2024-01-26 15:10:01,8.27,3.58
2024-01-26 15:12:27,10.75,5.1
2024-01-26 15:14:53,7.35,4.13
2024-01-26 15:17:19,14.4,5.45
2024-01-26 15:19:46,7.18,3.53
2024-01-26 15:22:12,8.15,4.28
2024-01-26 15:24:38,8.15,4.43
2024-01-26 15:27:04,14.13,5.75
2024-01-26 15:29:30,3.92,2.35
2024-01-26 15:31:56,5.7,3.65
2024-01-26 15:34:25,7.47,4.2
2024-01-26 15:36:51,17.25,6.13
2024-01-26 15:39:19,23.65,6.72
2024-01-26 15:41:47,12.1,5.57
2024-01-26 15:44:14,10.4,6.0
2024-01-26 15:46:40,20.55,6.5
2024-01-26 15:49:09,26.42,10.25
2024-01-26 15:51:35,17.85,6.6
2024-01-26 15:54:03,23.17,9.5
2024-01-26 15:56:29,13.48,5.68
2024-01-26 15:58:57,15.0,7.93
2024-01-26 16:01:23,8.02,5.57
2024-01-26 16:04:10,9.38,6.45
2024-01-26 16:06:38,14.1,6.47
2024-01-26 16:09:05,23.23,11.7
2024-01-26 16:11:34,20.83,12.52
2024-01-26 16:14:04,31.23,15.18
2024-01-26 16:16:30,15.6,9.35
2024-01-26 16:18:55,22.08,12.68
2024-01-26 16:21:21,30.35,16.48
2024-01-26 16:23:49,23.02,11.88
2024-01-26 16:26:18,25.05,10.25
2024-01-26 16:28:46,23.5,10.4
2024-01-26 16:31:12,19.25,10.27
2024-01-26 16:33:37,29.95,13.43
2024-01-26 16:36:03,53.58,27.58
2024-01-26 16:38:29,50.1,27.1
2024-01-26 16:40:54,58.63,28.77
2024-01-26 16:43:20,27.55,16.05
2024-01-26 16:45:46,38.42,16.7
2024-01-26 16:48:12,27.6,14.15
2024-01-26 16:50:37,25.6,14.9
2024-01-26 16:53:03,23.42,11.07
2024-01-26 16:55:29,48.22,22.63
2024-01-26 16:57:54,35.78,19.55
2024-01-26 17:00:20,36.97,16.35
2024-01-26 17:02:46,49.9,20.3
2024-01-26 17:05:11,34.2,15.32
2024-01-26 17:07:37,39.0,19.98
2024-01-26 17:10:02,23.67,8.35
2024-01-26 17:12:28,18.5,11.23
2024-01-26 17:14:54,11.05,7.05
2024-01-26 17:17:20,14.85,7.7
2024-01-26 17:19:47,20.1,11.82
2024-01-26 17:22:16,14.48,6.2
2024-01-26 17:24:48,11.25,5.88
2024-01-26 17:27:14,16.95,7.5
2024-01-26 17:29:39,15.75,8.75
2024-01-26 17:32:05,20.23,10.38
2024-01-26 17:34:31,19.05,12.45
2024-01-26 17:36:57,17.98,9.7
2024-01-26 17:39:23,13.88,9.25
2024-01-26 17:41:49,27.63,14.0
2024-01-26 17:44:14,19.88,9.85
2024-01-26 17:46:49,18.3,10.88
2024-01-26 17:49:17,28.45,14.55
2024-01-26 17:51:43,20.15,11.07
2024-01-26 17:54:09,17.67,9.27
2024-01-26 17:56:35,18.27,8.68
2024-01-26 17:59:02,20.77,10.32
2024-01-26 18:01:28,22.42,9.3
2024-01-26 18:03:56,12.13,7.47
2024-01-26 18:06:23,10.85,5.9
2024-01-26 18:08:49,22.48,8.57
2024-01-26 18:11:14,16.67,8.95
2024-01-26 18:13:40,12.25,6.82
2024-01-26 18:16:05,12.13,6.85
2024-01-26 18:18:32,11.15,7.03
2024-01-26 18:20:58,23.35,10.88
2024-01-26 18:23:23,15.35,8.63
2024-01-26 18:25:49,19.92,10.18
2024-01-26 18:28:15,10.23,6.93
2024-01-26 18:30:43,8.1,5.38
2024-01-26 18:33:08,10.02,4.63
2024-01-26 18:35:34,13.95,6.22
2024-01-26 18:37:59,18.3,6.82
2024-01-26 18:40:28,27.13,12.6
2024-01-26 18:43:03,11.1,6.85
2024-01-26 18:45:29,10.57,5.22
2024-01-26 18:47:55,7.88,5.47
2024-01-26 18:50:21,9.73,5.15
2024-01-26 18:52:47,5.63,4.32
2024-01-26 18:55:13,7.45,4.7
2024-01-26 18:57:48,10.88,5.9
2024-01-26 19:00:14,54.15,17.38
2024-01-26 19:02:41,14.63,8.1
2024-01-26 19:05:10,16.73,7.18
2024-01-26 19:07:37,9.05,5.97
2024-01-26 19:10:05,13.38,6.07
2024-01-26 19:12:31,13.55,7.68
2024-01-26 19:14:57,13.7,7.75
2024-01-26 19:17:22,13.15,7.05
2024-01-26 19:19:48,22.7,8.27
2024-01-26 19:22:13,16.0,7.8
2024-01-26 19:24:39,15.7,7.5
2024-01-26 19:27:05,22.85,9.73
2024-01-26 19:29:31,13.05,7.72
2024-01-26 19:31:57,16.17,9.6
2024-01-26 19:34:24,24.85,11.18
2024-01-26 19:36:51,31.9,13.9
2024-01-26 19:39:16,37.22,16.38
2024-01-26 19:41:45,31.92,13.65
2024-01-26 19:44:10,30.33,13.02
2024-01-26 19:46:36,22.3,11.0
2024-01-26 19:49:02,16.2,9.52
2024-01-26 19:51:27,18.7,9.15
2024-01-26 19:53:53,36.17,14.4
2024-01-26 19:56:19,32.08,16.6
2024-01-26 19:58:44,19.15,10.85
2024-01-26 20:01:11,17.63,11.1
2024-01-26 20:03:39,25.85,12.2
2024-01-26 20:06:09,37.22,16.6
2024-01-26 20:08:37,69.95,33.3
2024-01-26 20:11:03,79.47,34.72
2024-01-26 20:13:29,72.03,35.85
2024-01-26 20:15:54,45.28,25.58
2024-01-26 20:18:20,51.25,26.73
2024-01-26 20:20:45,61.72,30.77
2024-01-26 20:23:11,35.08,20.05
2024-01-26 20:25:36,39.9,23.02
2024-01-26 20:28:03,60.0,30.63
2024-01-26 20:30:29,59.72,34.65
2024-01-26 20:32:55,61.3,35.1
2024-01-26 20:35:20,76.22,35.53
2024-01-26 20:37:51,74.8,39.9
2024-01-26 20:40:17,62.05,30.08
2024-01-26 20:42:43,80.13,40.33
2024-01-26 20:45:10,105.38,48.65
2024-01-26 20:47:36,85.68,44.42
2024-01-26 20:50:02,96.0,47.2
2024-01-26 20:52:28,96.13,52.78
2024-01-26 20:54:54,82.4,45.55
2024-01-26 20:57:19,96.53,47.83
2024-01-26 20:59:45,94.47,50.15
2024-01-26 21:02:11,97.38,50.75
2024-01-26 21:04:37,78.5,46.72
2024-01-26 21:07:03,75.95,40.65
2024-01-26 21:09:28,69.95,37.0
2024-01-26 21:11:54,59.3,32.45
2024-01-26 21:14:20,67.05,33.97
2024-01-26 21:16:47,58.95,33.17
2024-01-26 21:19:13,68.85,37.2
2024-01-26 21:21:39,66.03,36.97
2024-01-26 21:24:06,82.4,42.75
2024-01-26 21:26:34,96.97,46.08
2024-01-26 21:29:00,87.97,44.72
2024-01-26 21:31:26,66.93,33.63
2024-01-26 21:33:54,49.42,28.67
2024-01-26 21:36:19,48.92,24.4
2024-01-26 21:38:45,55.4,30.55
2024-01-26 21:41:10,37.4,23.95
2024-01-26 21:43:36,41.38,21.88
2024-01-26 21:46:01,55.13,27.5
2024-01-26 21:48:27,52.8,24.05
2024-01-26 21:50:53,42.53,22.9
2024-01-26 21:53:18,56.92,30.75
2024-01-26 21:55:44,81.05,33.58
2024-01-26 21:58:09,67.18,29.17
2024-01-26 22:00:35,63.42,32.63
2024-01-26 22:03:01,65.9,34.22
2024-01-26 22:05:26,67.55,32.83
2024-01-26 22:07:52,79.85,39.97
2024-01-26 22:10:18,73.75,39.67
2024-01-26 22:12:43,97.7,53.05
2024-01-26 22:15:09,89.22,46.2
2024-01-26 22:17:34,94.88,51.0
2024-01-26 22:20:00,86.57,47.65
2024-01-26 22:22:26,84.7,46.58
2024-01-26 22:24:52,77.43,43.88
2024-01-26 22:27:18,69.22,36.92
2024-01-26 22:29:43,72.8,39.0
2024-01-26 22:32:09,74.18,38.83
2024-01-26 22:34:34,68.4,37.38
2024-01-26 22:37:00,68.3,37.3
2024-01-26 22:39:26,67.18,36.63
2024-01-26 22:41:51,50.03,28.5
2024-01-26 22:44:18,37.3,21.77
2024-01-26 22:46:43,36.38,18.13
2024-01-26 22:49:09,26.88,16.33
2024-01-26 22:51:35,34.83,22.27
2024-01-26 22:54:00,52.22,23.88
2024-01-26 22:56:26,54.65,28.1
2024-01-26 22:58:52,42.95,20.75
2024-01-26 23:01:17,38.7,22.05
2024-01-26 23:03:43,41.78,22.85
2024-01-26 23:06:14,53.72,25.6
2024-01-26 23:08:41,64.32,31.35
2024-01-26 23:11:08,34.45,23.33
2024-01-26 23:13:34,38.53,18.67
2024-01-26 23:15:59,34.05,19.77
2024-01-26 23:18:25,38.58,20.08
2024-01-26 23:20:50,42.65,21.2
2024-01-26 23:23:16,81.32,31.77
2024-01-26 23:25:42,87.6,36.45
2024-01-26 23:28:07,87.03,33.7
2024-01-26 23:30:33,74.82,34.45
2024-01-26 23:32:58,136.8,52.58
2024-01-26 23:35:24,119.15,50.9
2024-01-26 23:37:49,119.93,42.83
2024-01-26 23:40:15,75.43,31.7
2024-01-26 23:42:40,80.35,34.97
2024-01-26 23:45:06,73.07,32.4
2024-01-26 23:47:33,58.6,29.45
2024-01-26 23:49:59,58.7,28.9
2024-01-26 23:52:25,60.8,29.38
2024-01-26 23:54:50,66.32,29.27
2024-01-26 23:57:16,63.85,29.83
2024-01-26 23:59:41,42.17,23.63
2024-01-27 00:02:07,49.1,24.98
2024-01-27 00:04:35,37.38,18.95
2024-01-27 00:07:01,32.72,17.15
2024-01-27 00:09:27,39.38,19.9
2024-01-27 00:11:52,40.92,18.55
2024-01-27 00:14:18,35.45,17.83
2024-01-27 00:16:44,29.75,18.2
2024-01-27 00:19:09,33.6,17.73
2024-01-27 00:21:35,34.4,19.67
2024-01-27 00:24:00,30.17,17.02
2024-01-27 00:26:28,37.33,17.05
2024-01-27 00:28:54,29.02,18.48
2024-01-27 00:31:19,31.1,18.7
2024-01-27 00:33:45,35.33,18.42
2024-01-27 00:36:11,37.42,19.35
2024-01-27 00:38:36,37.1,18.0
2024-01-27 00:41:03,45.45,22.55
2024-01-27 00:43:29,42.63,23.15
2024-01-27 00:45:55,43.05,22.27
2024-01-27 00:48:21,38.75,21.02
2024-01-27 00:50:47,41.75,22.25
2024-01-27 00:53:13,35.83,20.02
2024-01-27 00:55:39,34.15,20.02
2024-01-27 00:58:04,38.88,19.8
2024-01-27 01:00:30,41.5,21.08
2024-01-27 01:02:55,45.35,22.02
2024-01-27 01:05:21,45.88,22.42
2024-01-27 01:07:47,41.08,21.55
2024-01-27 01:10:12,43.95,22.38
2024-01-27 01:12:38,52.75,27.45
2024-01-27 01:15:03,53.2,25.88
2024-01-27 01:17:30,61.1,28.7
2024-01-27 01:19:55,69.4,33.08
2024-01-27 01:22:21,61.3,28.27
2024-01-27 01:24:46,63.05,30.4
2024-01-27 01:27:12,74.5,33.78
2024-01-27 01:29:37,64.88,30.27
2024-01-27 01:32:03,52.08,26.85
2024-01-27 01:34:30,49.0,24.83
2024-01-27 01:36:56,50.3,26.23
2024-01-27 01:41:54,33.8,21.4
2024-01-27 01:44:19,42.95,21.33
2024-01-27 01:46:45,39.28,22.65
2024-01-27 01:49:11,41.88,21.5
2024-01-27 01:51:36,30.65,18.67
2024-01-27 01:54:02,37.63,18.02
2024-01-27 01:56:28,32.53,18.67
2024-01-27 01:58:54,39.1,17.9
2024-01-27 02:01:20,33.15,17.48
2024-01-27 02:03:56,36.15,19.2
2024-01-27 02:06:22,38.03,20.6
2024-01-27 02:08:48,40.33,19.38
2024-01-27 02:11:14,36.2,22.45
2024-01-27 02:13:40,36.72,20.58
2024-01-27 02:16:06,48.45,23.23
2024-01-27 02:18:32,37.3,22.9
2024-01-27 02:20:57,43.42,23.6
2024-01-27 02:23:23,48.8,26.55
2024-01-27 02:25:48,48.1,25.63
2024-01-27 02:28:15,54.63,24.9
2024-01-27 02:30:41,41.3,25.75
2024-01-27 02:33:07,54.08,26.73
2024-01-27 02:35:32,47.13,25.95
2024-01-27 02:37:58,54.15,27.13
2024-01-27 02:40:23,47.67,25.25
2024-01-27 02:42:49,57.13,28.63
2024-01-27 02:45:14,50.97,25.52
2024-01-27 02:47:40,43.47,26.58
2024-01-27 02:50:06,52.28,29.95
2024-01-27 02:52:32,50.9,27.33
2024-01-27 02:54:58,46.83,27.92
2024-01-27 02:57:23,54.0,27.27
2024-01-27 02:59:49,55.63,27.35
2024-01-27 03:02:14,62.33,30.27
2024-01-27 03:04:40,51.33,28.73
2024-01-27 03:07:06,54.78,30.08
2024-01-27 03:09:31,57.08,29.15
2024-01-27 03:11:57,57.42,30.23
2024-01-27 03:14:23,56.05,30.45
2024-01-27 03:16:48,61.03,30.75
2024-01-27 03:19:14,59.83,30.25
2024-01-27 03:21:40,56.25,28.13
2024-01-27 03:24:05,55.83,27.98
2024-01-27 03:26:31,68.0,35.0
2024-01-27 03:28:56,53.88,30.05
2024-01-27 03:31:23,53.85,27.9
2024-01-27 03:33:48,60.78,29.95
2024-01-27 03:36:14,56.33,28.83
2024-01-27 03:38:40,53.42,28.7
2024-01-27 03:41:06,52.72,27.23
2024-01-27 03:43:31,53.03,28.48
2024-01-27 03:45:58,51.55,28.3
2024-01-27 03:48:24,56.83,32.08
2024-01-27 03:50:49,53.95,30.52
2024-01-27 03:53:15,53.05,31.4
2024-01-27 03:55:40,53.72,28.98
2024-01-27 03:58:06,53.72,32.67
2024-01-27 04:00:31,60.55,31.7
2024-01-27 04:03:01,58.25,30.73
2024-01-27 04:05:28,57.0,31.23
2024-01-27 04:07:54,52.8,28.85
2024-01-27 04:10:20,61.25,31.75
2024-01-27 04:12:46,56.03,29.9
2024-01-27 04:15:11,55.75,27.35
2024-01-27 04:17:37,55.65,27.13
2024-01-27 04:20:03,57.42,28.67
2024-01-27 04:22:29,49.95,27.27
2024-01-27 04:24:55,48.9,28.73
2024-01-27 04:27:20,50.65,28.2
2024-01-27 04:29:46,64.65,29.1
2024-01-27 04:32:12,52.7,28.65
2024-01-27 04:34:38,58.85,29.4
2024-01-27 04:37:03,65.47,30.7
2024-01-27 04:39:29,55.0,30.27
2024-01-27 04:41:55,52.28,28.05
2024-01-27 04:44:20,53.75,26.85
2024-01-27 04:46:46,70.4,35.65
2024-01-27 04:49:11,53.35,29.45
2024-01-27 04:51:37,51.22,27.63
2024-01-27 04:54:02,49.05,27.17
2024-01-27 04:56:28,47.53,26.65
2024-01-27 04:58:53,47.58,27.67
2024-01-27 05:01:19,43.47,25.25
2024-01-27 05:03:44,51.5,27.13
2024-01-27 05:06:10,43.03,27.7
2024-01-27 05:08:35,45.35,26.92
2024-01-27 05:11:01,50.42,27.65
2024-01-27 05:13:26,49.5,29.95
2024-01-27 05:15:52,49.45,27.98
2024-01-27 05:18:17,57.97,30.52
2024-01-27 05:20:43,54.13,29.05
2024-01-27 05:23:08,43.33,25.48
2024-01-27 05:25:34,42.67,28.1
2024-01-27 05:27:59,53.9,30.02
2024-01-27 05:30:25,50.97,28.48
2024-01-27 05:32:50,49.05,29.45
2024-01-27 05:35:16,49.67,26.27
2024-01-27 05:37:41,42.22,27.5
2024-01-27 05:40:07,43.17,25.77
2024-01-27 05:42:33,42.85,25.48
2024-01-27 05:44:58,42.05,24.55
2024-01-27 05:47:24,51.78,25.15
2024-01-27 05:49:49,46.0,25.63
2024-01-27 05:52:15,41.67,24.42
2024-01-27 05:54:40,44.0,24.0
2024-01-27 05:57:07,40.92,23.05
2024-01-27 05:59:32,41.2,24.02
2024-01-27 06:01:58,41.7,25.95
2024-01-27 06:04:23,39.45,23.75
2024-01-27 06:06:49,39.3,25.92
2024-01-27 06:09:14,41.3,25.55
2024-01-27 06:11:40,38.65,21.75
2024-01-27 06:14:05,40.92,24.45
2024-01-27 06:16:31,44.47,24.05
2024-01-27 06:18:57,38.3,22.67
2024-01-27 06:21:23,40.8,24.6
2024-01-27 06:23:48,49.97,25.08
2024-01-27 06:26:14,43.6,25.75
2024-01-27 06:28:39,44.4,23.05
2024-01-27 06:31:05,43.67,25.2
2024-01-27 06:33:32,47.38,24.98
2024-01-27 06:35:59,43.25,25.9
2024-01-27 06:38:26,42.1,24.08
2024-01-27 06:40:52,43.38,23.58
2024-01-27 06:43:17,41.17,23.83
2024-01-27 06:45:43,40.25,25.35
2024-01-27 06:48:08,48.53,25.27
2024-01-27 06:50:34,44.45,22.33
2024-01-27 06:52:59,44.8,23.0
2024-01-27 06:55:26,43.03,26.7
2024-01-27 06:57:52,39.33,24.42
2024-01-27 07:00:18,51.8,26.6
2024-01-27 07:02:44,34.45,19.4
2024-01-27 07:05:10,35.53,20.1
2024-01-27 07:07:35,30.55,20.02
2024-01-27 07:10:01,31.3,18.27
2024-01-27 07:12:27,26.65,15.85
2024-01-27 07:14:52,31.15,17.27
2024-01-27 07:17:19,35.15,17.35
2024-01-27 07:19:44,29.55,15.85
2024-01-27 07:22:10,33.8,16.8
2024-01-27 07:24:36,23.05,13.5
2024-01-27 07:27:01,26.88,16.35
2024-01-27 07:29:27,15.45,12.23
2024-01-27 07:31:53,17.0,10.15
2024-01-27 07:34:18,22.25,11.7
2024-01-27 07:36:44,26.27,14.27
2024-01-27 07:39:10,19.13,10.95
2024-01-27 07:41:35,29.55,13.48
2024-01-27 07:44:10,22.2,11.95
2024-01-27 07:46:37,28.13,14.63
2024-01-27 07:49:03,27.48,14.38
2024-01-27 07:51:29,22.2,11.4
2024-01-27 07:53:55,24.7,16.05
2024-01-27 07:56:20,37.03,18.92
2024-01-27 07:58:46,44.83,24.05
2024-01-27 08:01:14,45.65,25.08
2024-01-27 08:03:41,56.8,26.17
2024-01-27 08:06:07,44.58,25.33
2024-01-27 08:08:37,45.28,24.0
2024-01-27 08:11:03,38.33,19.23
2024-01-27 08:13:29,30.1,18.73
2024-01-27 08:15:55,26.42,17.0
2024-01-27 08:18:20,25.38,15.4
2024-01-27 08:20:46,29.25,18.2
2024-01-27 08:23:11,26.75,17.95
2024-01-27 08:25:37,29.9,19.65
2024-01-27 08:28:07,34.22,22.92
2024-01-27 08:30:34,38.28,22.0
2024-01-27 08:33:00,38.28,20.02
2024-01-27 08:35:26,24.42,16.27
2024-01-27 08:37:55,40.97,21.83
2024-01-27 08:40:21,40.1,22.05
2024-01-27 08:42:46,41.6,20.8
2024-01-27 08:45:12,28.42,20.15
2024-01-27 08:47:38,46.0,21.25
2024-01-27 08:50:04,39.03,20.7
2024-01-27 08:52:32,30.33,19.48
2024-01-27 08:54:58,20.0,9.3
2024-01-27 08:57:24,16.13,7.15
2024-01-27 08:59:53,11.8,6.9
2024-01-27 09:02:19,36.35,18.38
2024-01-27 09:04:45,51.83,24.2
2024-01-27 09:07:11,57.47,25.5
2024-01-27 09:09:37,29.17,18.7
2024-01-27 09:12:06,45.22,22.17
2024-01-27 09:14:32,35.58,18.35
2024-01-27 09:17:01,35.9,19.58
2024-01-27 09:19:33,37.45,19.35
2024-01-27 09:21:59,39.28,19.67
2024-01-27 09:24:27,41.0,19.6
2024-01-27 09:26:52,40.53,20.08
2024-01-27 09:29:18,54.0,19.83
2024-01-27 09:31:45,45.7,21.23
2024-01-27 09:34:11,29.85,17.7
2024-01-27 09:36:36,31.13,16.73
2024-01-27 09:39:02,30.38,16.8
2024-01-27 09:41:34,32.08,15.88
2024-01-27 09:44:03,37.6,11.57
2024-01-27 09:46:30,6.93,4.22
2024-01-27 09:48:56,9.2,3.6
2024-01-27 09:51:25,5.05,3.03
2024-01-27 09:53:54,11.52,3.08
2024-01-27 09:56:30,7.5,2.9
2024-01-27 09:59:02,5.18,3.4
2024-01-27 10:01:36,5.2,3.4
2024-01-27 10:04:16,8.82,3.75
2024-01-27 10:06:46,10.02,5.32
2024-01-27 10:09:13,4.9,2.58
2024-01-27 10:11:45,10.68,5.15
2024-01-27 10:14:17,7.1,4.03
2024-01-27 10:16:55,12.52,4.3
2024-01-27 10:19:32,14.13,4.63
2024-01-27 10:22:07,7.15,2.8
2024-01-27 10:24:33,10.55,3.53
2024-01-27 10:27:03,4.9,2.92
2024-01-27 10:29:30,6.05,3.25
2024-01-27 10:32:17,17.48,4.53
2024-01-27 10:37:29,5.05,2.8
2024-01-27 10:40:01,5.7,2.5
2024-01-27 10:42:38,7.82,3.3
2024-01-27 10:45:04,9.1,3.78
2024-01-27 10:47:31,3.35,2.6
2024-01-27 10:50:01,3.33,2.78
2024-01-27 10:52:32,8.13,3.75
2024-01-27 10:55:06,4.97,3.47
2024-01-27 10:57:33,10.93,3.5
2024-01-27 11:00:02,9.1,4.0
2024-01-27 11:02:34,9.38,3.72
2024-01-27 11:05:04,5.95,3.83
2024-01-27 11:07:36,6.88,4.2
2024-01-27 11:10:06,8.63,2.92
2024-01-27 11:12:33,6.88,3.67
2024-01-27 11:14:59,4.5,2.8
2024-01-27 11:17:24,7.18,5.28
2024-01-27 11:19:53,6.63,3.47
2024-01-27 11:22:25,3.67,2.5
2024-01-27 11:27:56,5.1,3.53
2024-01-27 11:30:31,7.75,4.38
2024-01-27 11:33:02,7.03,2.92
2024-01-27 11:35:29,5.9,4.07
2024-01-27 11:38:06,4.57,2.6
2024-01-27 11:40:32,5.55,2.9
2024-01-27 11:42:59,9.1,4.65
2024-01-27 11:45:26,6.65,4.28
2024-01-27 11:47:55,6.65,3.9
2024-01-27 11:50:21,5.45,2.63
2024-01-27 11:52:47,8.85,3.65
2024-01-27 11:55:13,5.55,2.65
2024-01-27 11:57:40,5.13,3.03
2024-01-27 12:00:07,5.47,2.63
2024-01-27 12:02:34,8.68,2.88
2024-01-27 12:05:00,6.2,3.4
2024-01-27 12:07:26,3.83,2.5
2024-01-27 12:09:52,8.23,3.45
2024-01-27 12:12:45,8.18,5.63
2024-01-27 12:15:10,6.2,4.13
2024-01-27 12:17:36,4.18,2.92
2024-01-27 12:20:01,5.18,3.4
2024-01-27 12:22:28,4.8,3.65
2024-01-27 12:24:54,4.82,2.75
2024-01-27 12:27:23,5.53,2.88
2024-01-27 12:29:49,6.6,3.65
2024-01-27 12:32:15,3.47,2.63
2024-01-27 12:34:41,3.3,2.3
2024-01-27 12:37:08,4.9,2.58
2024-01-27 12:39:34,3.08,2.1
2024-01-27 12:41:59,4.22,2.25
2024-01-27 12:44:25,7.97,2.25
2024-01-27 12:46:50,3.3,2.35
2024-01-27 12:49:16,5.15,2.8
2024-01-27 12:51:41,7.28,3.72
2024-01-27 12:54:10,3.5,2.0
2024-01-27 12:56:38,2.9,1.88
2024-01-27 12:59:03,4.25,1.85
2024-01-27 13:01:31,5.65,2.6
2024-01-27 13:03:57,5.05,3.4
2024-01-27 13:06:22,2.97,2.35
2024-01-27 13:08:48,7.47,3.6
2024-01-27 13:11:13,5.2,2.8
2024-01-27 13:17:05,3.63,2.8
2024-01-27 13:19:31,3.95,3.2
2024-01-27 13:21:56,7.47,3.33
2024-01-27 13:33:35,5.18,2.65
2024-01-27 13:39:23,7.07,3.7
2024-01-27 13:41:49,2.78,2.45
2024-01-27 13:44:15,4.55,2.75
2024-01-27 13:46:41,3.95,2.97
2024-01-27 13:49:16,4.35,3.0
2024-01-27 13:51:48,5.13,3.55
2024-01-27 13:54:23,7.7,4.2
2024-01-27 13:56:49,7.15,3.6
2024-01-27 13:59:26,6.8,3.38
2024-01-27 14:01:52,8.15,3.45
2024-01-27 14:04:24,7.07,3.72
2024-01-27 14:06:52,6.22,3.65
2024-01-27 14:09:32,7.13,4.28
2024-01-27 14:12:04,13.1,5.25
2024-01-27 14:14:50,6.78,4.4
2024-01-27 14:17:23,6.4,3.3
2024-01-27 14:19:52,6.88,4.15
2024-01-27 14:22:18,7.4,3.15
2024-01-27 14:24:50,7.97,4.2
2024-01-27 14:27:15,6.95,3.3
2024-01-27 14:29:42,4.93,3.1
2024-01-27 14:32:25,6.3,3.5
2024-01-27 14:34:54,8.23,4.85
2024-01-27 14:37:23,14.13,7.97
2024-01-27 14:39:57,10.4,5.3
2024-01-27 14:42:23,10.75,5.8
2024-01-27 14:44:57,7.95,4.95
2024-01-27 14:47:36,7.68,4.82
2024-01-27 14:50:03,10.32,4.3
2024-01-27 14:52:32,17.4,7.7
2024-01-27 14:55:01,13.75,6.25
2024-01-27 14:57:29,9.32,3.03
2024-01-27 14:59:55,10.02,3.63
2024-01-27 15:02:20,7.03,4.32
2024-01-27 15:04:46,10.82,4.0
2024-01-27 15:07:11,6.25,3.85
2024-01-27 15:09:40,4.18,3.22
2024-01-27 15:12:06,12.05,4.53
2024-01-27 15:14:32,4.93,3.72
2024-01-27 15:16:58,7.63,4.25
2024-01-27 15:19:23,8.6,4.45
2024-01-27 15:21:49,5.47,3.75
2024-01-27 15:24:14,7.85,5.0
2024-01-27 15:26:40,7.3,4.65
2024-01-27 15:29:06,10.65,5.35
2024-01-27 15:31:31,7.28,5.78
2024-01-27 15:33:57,12.15,5.72
2024-01-27 15:36:22,6.35,4.82
2024-01-27 15:38:48,11.3,5.93
2024-01-27 15:41:14,14.75,5.9
2024-01-27 15:43:41,13.63,6.28
2024-01-27 15:46:12,11.05,7.57
2024-01-27 15:48:37,11.57,5.45
2024-01-27 15:51:08,11.98,5.6
2024-01-27 15:53:39,8.85,5.75
2024-01-27 15:56:13,7.95,3.88
2024-01-27 16:01:39,8.18,4.78
2024-01-27 16:04:04,9.82,4.72
2024-01-27 16:06:30,9.57,4.4
2024-01-27 16:08:56,8.35,5.03
2024-01-27 16:11:21,10.9,5.5
2024-01-27 16:13:47,14.5,6.15
2024-01-27 16:16:12,10.02,5.03
2024-01-27 16:18:38,13.98,6.22
2024-01-27 16:21:03,16.65,7.57
2024-01-27 16:23:29,7.7,4.63
2024-01-27 16:25:55,7.43,4.85
2024-01-27 16:28:21,7.13,4.5
2024-01-27 16:30:46,7.75,4.25
2024-01-27 16:33:12,15.6,6.93
2024-01-27 16:35:37,14.18,5.15
2024-01-27 16:38:03,12.32,5.35
2024-01-27 16:40:29,11.32,5.15
2024-01-27 16:42:54,12.23,5.63
2024-01-27 16:45:20,12.65,5.68
2024-01-27 16:47:45,13.38,5.57
2024-01-27 16:50:11,12.38,6.1
2024-01-27 16:52:38,12.73,6.82
2024-01-27 16:55:04,8.15,5.88
2024-01-27 16:57:30,8.8,4.5
2024-01-27 16:59:55,6.65,4.15
2024-01-27 17:02:21,10.23,5.43
2024-01-27 17:04:47,6.57,4.53
2024-01-27 17:07:14,8.4,4.5
2024-01-27 17:09:40,6.97,4.47
2024-01-27 17:12:06,5.35,3.1
2024-01-27 17:14:35,7.13,4.1
2024-01-27 17:17:03,6.32,3.75
2024-01-27 17:19:29,7.13,5.25
2024-01-27 17:21:55,10.8,5.82
2024-01-27 17:24:20,8.65,5.4
2024-01-27 17:26:46,9.4,4.45
2024-01-27 17:29:11,7.53,4.38
2024-01-27 17:31:37,7.4,5.28
2024-01-27 17:34:02,8.65,6.0
2024-01-27 17:36:27,13.13,6.53
2024-01-27 17:38:53,15.7,8.52
2024-01-27 17:41:18,14.1,9.1
2024-01-27 17:43:44,8.93,5.8
2024-01-27 17:46:09,11.07,5.82
2024-01-27 17:48:36,9.4,6.88
2024-01-27 17:51:03,15.93,8.85
2024-01-27 17:53:28,14.38,5.57
2024-01-27 17:55:54,7.43,5.6
2024-01-27 17:58:19,11.07,5.07
2024-01-27 18:00:45,9.52,5.15
2024-01-27 18:03:10,10.1,5.82
2024-01-27 18:05:36,7.45,4.65
2024-01-27 18:08:01,9.68,4.8
2024-01-27 18:10:27,12.15,7.07
2024-01-27 18:12:53,16.05,6.55
2024-01-27 18:15:18,9.27,5.63
2024-01-27 18:17:44,19.38,8.45
2024-01-27 18:20:09,12.0,5.03
2024-01-27 18:22:35,16.38,5.6
2024-01-27 18:25:01,9.55,6.03
2024-01-27 18:27:26,17.27,5.95
2024-01-27 18:29:52,10.55,4.93
2024-01-27 18:32:17,10.95,4.47
2024-01-27 18:34:44,5.47,3.35
2024-01-27 18:37:09,11.48,3.92
2024-01-27 18:39:35,7.75,3.95
2024-01-27 18:42:02,11.9,5.55
2024-01-27 18:44:29,7.3,4.13
2024-01-27 18:46:54,7.75,3.53
2024-01-27 18:49:21,4.82,3.13
2024-01-27 18:51:47,7.18,3.42
2024-01-27 18:54:14,11.27,4.7
2024-01-27 18:56:42,10.43,4.68
2024-01-27 18:59:08,10.57,4.8
2024-01-27 19:01:33,10.5,6.53
2024-01-27 19:04:01,9.82,4.68
2024-01-27 19:06:27,9.27,4.6
2024-01-27 19:08:55,10.2,5.07
2024-01-27 19:11:21,18.85,5.47
2024-01-27 19:13:46,7.3,4.38
2024-01-27 19:16:12,16.65,7.25
2024-01-27 19:18:37,12.3,5.75
2024-01-27 19:21:03,24.77,8.3
2024-01-27 19:23:28,26.67,11.7
2024-01-27 19:25:54,13.65,6.45
2024-01-27 19:28:19,16.23,6.88
2024-01-27 19:30:45,10.45,6.38
2024-01-27 19:33:10,13.63,6.13
2024-01-27 19:35:36,28.7,11.43
2024-01-27 19:38:01,26.05,12.63
2024-01-27 19:40:29,19.98,10.07
2024-01-27 19:42:56,16.13,8.2
2024-01-27 19:45:22,11.15,6.4
2024-01-27 19:47:48,9.13,5.0
2024-01-27 19:50:14,12.55,6.78
2024-01-27 19:52:39,30.15,16.2
2024-01-27 19:55:05,20.88,12.0
2024-01-27 19:57:31,30.58,16.25
2024-01-27 19:59:56,27.92,12.18
2024-01-27 20:02:22,20.05,9.82
2024-01-27 20:04:47,19.0,8.95
2024-01-27 20:07:13,10.02,6.45
2024-01-27 20:09:39,6.72,3.53
2024-01-27 20:12:05,11.23,4.55
2024-01-27 20:14:31,9.2,4.88
2024-01-27 20:16:57,8.23,4.1
2024-01-27 20:19:22,7.18,3.0
2024-01-27 20:21:48,8.35,4.95
2024-01-27 20:24:14,5.95,4.78
2024-01-27 20:26:43,5.3,3.83
2024-01-27 20:29:16,8.23,4.22
2024-01-27 20:31:41,10.7,4.18
2024-01-27 20:34:07,6.25,3.83
2024-01-27 20:36:32,8.48,4.72
2024-01-27 20:38:58,12.23,5.32
2024-01-27 20:41:23,11.27,5.72
2024-01-27 20:43:49,8.57,4.05
2024-01-27 20:46:15,5.55,3.85
2024-01-27 20:48:41,12.63,6.65
2024-01-27 20:51:07,10.25,7.13
2024-01-27 20:53:35,8.23,4.97
2024-01-27 20:56:02,9.57,4.72
2024-01-27 20:58:28,8.52,4.7
2024-01-27 21:00:53,8.9,4.75
2024-01-27 21:03:19,9.93,5.0
2024-01-27 21:05:45,9.4,4.65
2024-01-27 21:08:10,8.23,4.9
2024-01-27 21:10:36,9.23,4.5
2024-01-27 21:13:02,6.68,3.63
2024-01-27 21:15:28,8.88,4.25
2024-01-27 21:17:54,11.9,5.3
2024-01-27 21:20:20,14.02,6.2
2024-01-27 21:22:45,13.38,4.63
2024-01-27 21:25:11,6.6,3.25
2024-01-27 21:27:36,9.6,3.83
2024-01-27 21:30:02,5.88,3.7
2024-01-27 21:32:28,6.45,3.25
2024-01-27 21:34:54,6.97,2.92
2024-01-27 21:37:22,5.8,3.28
2024-01-27 21:39:48,6.22,3.78
2024-01-27 21:42:14,5.0,3.17
2024-01-27 21:44:39,6.7,3.4
2024-01-27 21:47:04,6.0,3.6
2024-01-27 21:49:31,6.03,2.9
2024-01-27 21:51:57,8.65,4.1
2024-01-27 21:54:23,6.9,4.05
2024-01-27 21:56:49,6.72,3.97
2024-01-27 21:59:15,14.45,5.05
2024-01-27 22:01:41,10.57,4.9
2024-01-27 22:04:07,7.28,4.6
2024-01-27 22:06:32,6.53,3.72
2024-01-27 22:08:58,6.07,3.92
2024-01-27 22:11:24,7.0,3.85
2024-01-27 22:13:50,10.5,4.6
2024-01-27 22:16:17,5.8,3.92
2024-01-27 22:18:42,5.57,3.75
2024-01-27 22:21:09,8.5,3.42
2024-01-27 22:23:34,9.95,4.03
2024-01-27 22:25:59,4.2,3.5
2024-01-27 22:28:25,9.7,4.07
2024-01-27 22:30:52,8.57,4.4
2024-01-27 22:33:17,8.65,4.63
2024-01-27 22:35:44,6.85,4.07
2024-01-27 22:38:10,7.47,4.1
2024-01-27 22:40:35,14.13,4.35
2024-01-27 22:43:01,9.3,5.4
2024-01-27 22:45:28,16.27,5.05
2024-01-27 22:47:53,10.15,4.78
2024-01-27 22:50:19,13.25,7.35
2024-01-27 22:52:44,10.2,6.13
2024-01-27 22:55:10,8.95,5.3
2024-01-27 22:57:36,8.23,4.43
2024-01-27 23:00:02,5.07,3.95
2024-01-27 23:02:29,11.18,6.1
2024-01-27 23:04:54,9.18,6.0
2024-01-27 23:07:20,14.07,7.9
2024-01-27 23:09:45,19.85,9.43
2024-01-27 23:12:11,13.23,7.4
2024-01-27 23:14:38,8.05,5.93
2024-01-27 23:17:04,13.43,6.15
2024-01-27 23:19:29,12.32,6.2
2024-01-27 23:21:55,19.38,6.72
2024-01-27 23:24:20,16.1,7.88
2024-01-27 23:26:46,11.13,7.25
2024-01-27 23:29:11,15.05,8.2
2024-01-27 23:31:37,12.65,7.45
2024-01-27 23:34:02,26.88,9.45
2024-01-27 23:36:28,19.42,10.35
2024-01-27 23:38:53,19.13,10.32
2024-01-27 23:41:19,18.58,9.7
2024-01-27 23:43:44,12.25,7.47
2024-01-27 23:46:10,15.02,7.25
2024-01-27 23:48:35,9.85,5.45
2024-01-27 23:51:01,11.27,5.95
2024-01-27 23:53:26,13.35,7.78
2024-01-27 23:55:52,17.55,9.1
2024-01-27 23:58:19,27.75,10.77
2024-01-28 00:00:45,24.05,11.32
2024-01-28 00:03:11,25.4,11.85
2024-01-28 00:05:37,20.27,8.63
2024-01-28 00:08:06,13.45,7.9
2024-01-28 00:10:32,11.1,5.95
2024-01-28 00:12:58,12.5,6.38
2024-01-28 00:15:23,14.57,7.88
2024-01-28 00:17:49,20.7,9.32
2024-01-28 00:20:15,11.5,5.97
2024-01-28 00:22:41,14.4,8.52
2024-01-28 00:25:06,13.95,9.35
2024-01-28 00:27:32,22.75,10.05
2024-01-28 00:29:57,11.45,6.25
2024-01-28 00:32:23,13.68,5.97
2024-01-28 00:34:48,4.68,3.35
2024-01-28 00:37:13,10.32,5.03
2024-01-28 00:39:39,10.7,7.13
2024-01-28 00:42:04,16.7,9.38
2024-01-28 00:44:33,17.13,9.02
2024-01-28 00:46:58,17.8,8.55
2024-01-28 00:49:24,14.35,9.05
2024-01-28 00:51:55,17.08,9.27
2024-01-28 00:54:24,15.73,7.85
2024-01-28 00:56:50,11.75,7.28
2024-01-28 00:59:18,11.98,6.8
2024-01-28 01:01:47,18.35,8.18
2024-01-28 01:04:12,12.18,7.55
2024-01-28 01:06:37,18.98,7.7
2024-01-28 01:09:05,10.68,7.28
2024-01-28 01:11:32,14.18,6.65
2024-01-28 01:13:58,33.05,14.82
2024-01-28 01:16:24,24.0,11.48
2024-01-28 01:18:49,15.8,8.07
2024-01-28 01:21:15,18.73,9.05
2024-01-28 01:23:40,16.73,10.48
2024-01-28 01:26:06,16.27,10.18
2024-01-28 01:28:31,18.23,10.07
2024-01-28 01:30:57,17.85,9.25
2024-01-28 01:33:23,19.17,8.3
2024-01-28 01:35:49,9.4,5.15
2024-01-28 01:38:14,4.7,3.42
2024-01-28 01:40:40,7.28,3.42
2024-01-28 01:43:08,5.28,2.65
2024-01-28 01:45:34,3.72,2.6
2024-01-28 01:48:06,5.35,2.65
2024-01-28 01:50:33,4.47,2.67
2024-01-28 01:52:59,4.55,2.47
2024-01-28 01:55:25,5.7,3.08
2024-01-28 01:57:51,5.38,3.15
2024-01-28 02:00:17,4.32,3.0
2024-01-28 02:02:43,6.78,3.17
2024-01-28 02:05:12,5.88,3.1
2024-01-28 02:07:38,4.4,2.58
2024-01-28 02:10:03,7.78,2.65
2024-01-28 02:12:30,5.8,2.6
2024-01-28 02:15:06,6.5,3.3
2024-01-28 02:17:32,5.75,3.3
2024-01-28 02:19:58,3.9,3.05
2024-01-28 02:22:24,3.72,2.78
2024-01-28 02:24:52,5.3,2.42
2024-01-28 02:27:18,5.5,2.95
2024-01-28 02:29:43,6.45,2.85
2024-01-28 02:32:10,6.5,3.2
2024-01-28 02:34:37,5.32,3.6
2024-01-28 02:37:03,3.9,2.45
2024-01-28 02:39:28,4.95,3.2
2024-01-28 02:41:54,3.5,2.75
2024-01-28 02:44:20,4.6,2.85
2024-01-28 02:46:45,3.6,2.6
2024-01-28 02:49:10,3.1,2.38
2024-01-28 02:51:36,4.88,2.95
2024-01-28 02:54:02,6.25,3.05
2024-01-28 02:56:27,5.85,3.38
2024-01-28 02:58:53,6.75,2.75
2024-01-28 03:01:19,5.53,2.95
2024-01-28 03:03:45,8.77,2.85
2024-01-28 03:06:10,4.65,2.2
2024-01-28 03:08:36,3.9,3.05
2024-01-28 03:11:01,2.9,2.13
2024-01-28 03:13:27,4.1,2.6
2024-01-28 03:15:53,3.85,2.7
2024-01-28 03:18:20,4.7,3.05
2024-01-28 03:20:46,6.3,2.55
2024-01-28 03:23:12,5.05,2.97
2024-01-28 03:25:37,4.35,2.88
2024-01-28 03:28:03,4.18,2.75
2024-01-28 03:30:29,9.88,3.28
2024-01-28 03:32:54,4.3,2.63
2024-01-28 03:35:19,5.43,3.35
2024-01-28 03:37:45,4.3,2.72
2024-01-28 03:40:12,3.35,2.38
2024-01-28 03:42:37,4.45,2.9
2024-01-28 03:45:03,7.07,3.4
2024-01-28 03:47:29,6.28,3.2
2024-01-28 03:49:55,4.55,2.72
2024-01-28 03:52:20,7.0,3.65
2024-01-28 03:54:45,4.3,2.88
2024-01-28 03:57:11,4.78,3.28
2024-01-28 03:59:39,3.45,2.6
2024-01-28 04:02:06,4.6,3.15
2024-01-28 04:04:32,3.85,2.88
2024-01-28 04:06:58,4.9,2.78
2024-01-28 04:09:24,8.15,3.25
2024-01-28 04:11:49,4.28,2.78
2024-01-28 04:14:15,4.18,2.58
2024-01-28 04:16:40,4.75,2.88
2024-01-28 04:19:06,7.22,2.7
2024-01-28 04:21:32,3.28,2.63
2024-01-28 04:23:57,4.35,2.55
2024-01-28 04:26:23,5.65,3.05
2024-01-28 04:28:49,6.55,3.03
2024-01-28 04:31:14,3.85,2.92
2024-01-28 04:33:41,4.82,3.2
2024-01-28 04:36:09,5.1,2.9
2024-01-28 04:38:35,4.63,3.4
2024-01-28 04:41:01,6.05,2.7
2024-01-28 04:43:26,6.15,3.47
2024-01-28 04:45:52,4.97,3.5
2024-01-28 04:48:20,5.95,3.45
2024-01-28 04:50:46,6.07,3.38
2024-01-28 04:53:12,6.78,3.33
2024-01-28 04:55:37,6.65,3.85
2024-01-28 04:58:03,7.28,3.9
2024-01-28 05:00:28,5.47,2.9
2024-01-28 05:02:54,5.22,3.15
2024-01-28 05:05:21,3.45,2.65
2024-01-28 05:07:48,3.88,2.13
2024-01-28 05:10:14,8.63,3.5
2024-01-28 05:12:39,4.03,3.2
2024-01-28 05:15:06,5.9,3.03
2024-01-28 05:17:32,8.3,2.92
2024-01-28 05:19:59,5.13,3.25
2024-01-28 05:22:25,5.68,3.15
2024-01-28 05:24:50,4.88,2.88
2024-01-28 05:27:16,7.15,3.67
2024-01-28 05:29:42,4.82,3.53
2024-01-28 05:32:08,9.25,3.17
2024-01-28 05:34:34,4.38,3.28
2024-01-28 05:37:00,7.0,3.55
2024-01-28 05:39:25,7.88,3.78
2024-01-28 05:41:50,7.7,3.0
2024-01-28 05:44:16,5.65,3.9
2024-01-28 05:46:42,7.35,3.4
2024-01-28 05:49:07,7.85,3.45
2024-01-28 05:51:36,6.82,3.25
2024-01-28 05:54:04,4.2,2.7
2024-01-28 05:56:30,6.32,3.4
2024-01-28 05:58:56,6.57,3.72
2024-01-28 06:01:21,5.7,3.13
2024-01-28 06:03:47,6.13,3.22
2024-01-28 06:06:12,9.3,3.6
2024-01-28 06:08:40,9.6,4.75
2024-01-28 06:11:06,12.15,4.5
2024-01-28 06:13:32,7.88,4.2
2024-01-28 06:15:57,9.4,3.83
2024-01-28 06:18:23,12.7,4.1
2024-01-28 06:20:48,9.13,4.28
2024-01-28 06:23:14,5.75,4.07
2024-01-28 06:25:39,12.27,4.93
2024-01-28 06:28:05,10.82,4.97
2024-01-28 06:30:31,6.45,4.18
2024-01-28 06:33:00,6.47,3.7
2024-01-28 06:35:27,12.85,3.58
2024-01-28 06:37:53,8.95,4.32
2024-01-28 06:40:19,11.6,3.67
2024-01-28 06:42:45,4.88,3.5
2024-01-28 06:45:10,7.13,3.67
2024-01-28 06:47:36,6.07,4.05
2024-01-28 06:50:02,4.43,3.13
2024-01-28 06:52:28,6.85,3.25
2024-01-28 06:54:54,9.82,4.1
2024-01-28 06:57:19,7.32,3.4
2024-01-28 06:59:45,10.3,3.67
2024-01-28 07:02:11,4.28,3.03
2024-01-28 07:04:37,7.43,4.82
2024-01-28 07:07:03,7.97,4.38
2024-01-28 07:09:29,9.45,4.72
2024-01-28 07:11:54,10.9,4.97
2024-01-28 07:14:20,11.25,5.3
2024-01-28 07:16:47,9.05,5.25
2024-01-28 07:19:13,8.48,5.68
2024-01-28 07:21:38,4.65,3.78
2024-01-28 07:24:04,7.3,3.72
2024-01-28 07:26:30,8.88,4.55
2024-01-28 07:28:55,10.23,4.35
2024-01-28 07:31:21,11.07,4.6
2024-01-28 07:33:46,8.13,3.8
2024-01-28 07:36:12,8.0,4.03
2024-01-28 07:38:37,8.8,4.47
2024-01-28 07:41:03,5.07,3.05
2024-01-28 07:43:29,10.3,5.75
2024-01-28 07:45:54,8.6,5.7
2024-01-28 07:48:20,12.23,6.68
2024-01-28 07:50:45,9.0,5.63
2024-01-28 07:53:12,9.93,5.68
2024-01-28 07:55:37,7.3,3.7
2024-01-28 07:58:03,8.4,4.82
2024-01-28 08:00:29,9.85,5.97
2024-01-28 08:02:54,13.25,6.88
2024-01-28 08:05:19,16.05,6.85
2024-01-28 08:07:57,13.75,7.25
2024-01-28 08:10:23,11.1,5.82
2024-01-28 08:12:49,9.65,5.63
2024-01-28 08:15:15,12.63,6.6
2024-01-28 08:17:40,12.85,6.88
2024-01-28 08:20:06,9.8,5.2
2024-01-28 08:22:32,9.35,6.5
2024-01-28 08:24:58,12.15,5.9
2024-01-28 08:27:23,18.48,10.13
2024-01-28 08:29:49,17.98,10.45
2024-01-28 08:32:14,13.82,8.6
2024-01-28 08:34:40,10.77,5.68
2024-01-28 08:37:05,9.38,5.8
2024-01-28 08:39:31,7.55,5.45
2024-01-28 08:41:56,9.0,4.9
2024-01-28 08:44:22,16.4,5.6
2024-01-28 08:46:47,7.53,4.57
2024-01-28 08:49:13,9.63,4.0
2024-01-28 08:51:39,6.53,3.8
2024-01-28 08:54:05,5.15,3.9
2024-01-28 08:56:30,12.27,5.57
2024-01-28 08:58:56,12.73,5.47
2024-01-28 09:01:22,16.48,6.3
2024-01-28 09:03:47,9.93,5.03
2024-01-28 09:06:13,10.98,6.32
2024-01-28 09:08:38,13.82,7.7
2024-01-28 09:11:04,8.8,4.8
2024-01-28 09:13:29,13.95,4.22
2024-01-28 09:15:54,8.38,4.25
2024-01-28 09:18:20,5.82,4.13
2024-01-28 09:20:46,7.18,3.78
2024-01-28 09:23:12,6.55,3.92
2024-01-28 09:25:37,9.75,3.47
2024-01-28 09:28:03,6.43,3.72
2024-01-28 09:30:28,5.5,3.65
2024-01-28 09:32:54,7.8,3.1
2024-01-28 09:35:19,5.8,3.55
2024-01-28 09:37:45,4.53,3.03
2024-01-28 09:40:12,5.05,3.33
2024-01-28 09:42:51,5.25,3.47
2024-01-28 09:45:18,6.43,3.92
2024-01-28 09:47:43,6.07,3.5
2024-01-28 09:50:09,6.4,3.75
2024-01-28 09:52:36,5.35,3.47
2024-01-28 09:55:03,7.28,3.78
2024-01-28 09:57:29,7.2,3.85
2024-01-28 09:59:55,10.73,4.4
2024-01-28 10:02:21,8.02,3.92
2024-01-28 10:04:47,6.28,4.9
2024-01-28 10:07:14,10.55,4.45
2024-01-28 10:09:40,6.1,4.03
2024-01-28 10:12:06,7.43,4.35
2024-01-28 10:14:34,7.28,3.83
2024-01-28 10:16:59,6.22,3.05
2024-01-28 10:19:25,7.5,3.42
2024-01-28 10:21:50,6.05,3.2
2024-01-28 10:24:16,5.05,3.22
2024-01-28 10:26:42,6.32,3.58
2024-01-28 10:29:08,9.95,4.4
2024-01-28 10:31:35,11.38,3.95
2024-01-28 10:34:02,6.32,3.67
2024-01-28 10:36:27,4.97,3.72
2024-01-28 10:38:58,4.93,3.6
2024-01-28 10:41:26,4.55,3.8
2024-01-28 10:44:02,5.22,3.47
2024-01-28 10:46:39,9.2,4.43
2024-01-28 10:49:07,5.43,4.07
2024-01-28 10:51:34,7.68,4.2
2024-01-28 10:54:01,4.93,3.75
2024-01-28 10:56:36,7.85,4.5
2024-01-28 10:59:03,7.22,4.43
2024-01-28 11:01:28,5.47,3.88
2024-01-28 11:03:54,8.82,4.72
2024-01-28 11:06:20,6.72,4.15
2024-01-28 11:08:46,6.88,4.1
2024-01-28 11:11:12,7.85,4.05
2024-01-28 11:13:38,6.05,3.67
2024-01-28 11:16:07,12.18,5.05
2024-01-28 11:18:32,5.7,3.53
2024-01-28 11:21:19,7.4,4.68
2024-01-28 11:23:44,5.53,3.5
2024-01-28 11:26:16,5.4,3.6
2024-01-28 11:28:45,8.7,5.05
2024-01-28 11:31:31,13.02,5.07
2024-01-28 11:36:45,6.88,4.5
2024-01-28 11:42:34,7.72,4.57
2024-01-28 11:44:59,9.02,5.22
2024-01-28 11:47:25,7.97,4.3
2024-01-28 11:49:50,9.63,4.57
2024-01-28 11:52:17,7.15,4.7
2024-01-28 11:54:42,16.05,5.32
2024-01-28 11:57:09,6.93,4.9
2024-01-28 11:59:35,8.15,4.7
2024-01-28 12:02:03,8.18,5.22
2024-01-28 12:04:30,7.03,5.0
2024-01-28 12:06:56,6.7,4.28
2024-01-28 12:09:21,10.0,5.22
2024-01-28 12:11:47,7.68,5.28
2024-01-28 12:14:12,7.2,4.13
2024-01-28 12:16:38,11.8,4.9
2024-01-28 12:19:03,12.65,4.93
2024-01-28 12:21:30,12.15,6.35
2024-01-28 12:23:56,10.77,5.65
2024-01-28 12:26:24,15.07,7.65
2024-01-28 12:28:54,15.23,6.38
2024-01-28 12:31:20,6.75,4.05
2024-01-28 12:33:47,7.15,4.22
2024-01-28 12:36:13,7.78,4.07
2024-01-28 12:38:39,4.65,3.8
2024-01-28 12:41:05,11.32,4.68
2024-01-28 12:43:30,11.18,4.72
2024-01-28 12:45:59,8.05,6.18
2024-01-28 12:48:25,8.25,5.0
2024-01-28 12:50:50,8.23,4.9
2024-01-28 12:53:16,8.68,4.6
2024-01-28 12:55:42,11.2,4.93
2024-01-28 12:58:09,9.32,4.93
2024-01-28 13:00:35,7.2,4.35
2024-01-28 13:03:00,8.25,4.45
2024-01-28 13:05:26,10.77,5.53
2024-01-28 13:07:51,9.77,5.1
2024-01-28 13:10:17,5.88,4.72
2024-01-28 13:12:42,10.43,4.55
2024-01-28 13:15:08,8.75,4.25
2024-01-28 13:17:35,9.43,5.25
2024-01-28 13:20:01,10.73,5.45
2024-01-28 13:22:28,7.57,4.88
2024-01-28 13:24:54,9.15,5.05
2024-01-28 13:27:20,6.85,4.4
2024-01-28 13:29:46,8.38,5.38
2024-01-28 13:32:11,15.02,6.55
2024-01-28 13:34:37,10.23,4.85
2024-01-28 13:37:02,8.98,4.18
2024-01-28 13:39:28,9.38,4.95
2024-01-28 13:41:54,5.8,4.45
2024-01-28 13:44:20,7.25,3.97
2024-01-28 13:46:46,10.45,4.43
2024-01-28 13:49:12,8.65,4.57
2024-01-28 13:51:37,9.6,5.13
2024-01-28 13:54:03,7.05,4.95
2024-01-28 13:56:28,6.95,4.55
2024-01-28 13:58:54,8.2,4.28
2024-01-28 14:01:21,9.45,5.75
2024-01-28 14:03:47,10.2,5.47
2024-01-28 14:06:13,9.02,5.53
2024-01-28 14:08:38,10.48,5.78
2024-01-28 14:11:04,6.78,4.35
2024-01-28 14:13:29,9.02,4.78
2024-01-28 14:15:55,6.72,5.2
2024-01-28 14:18:20,14.5,5.97
2024-01-28 14:20:46,11.1,4.7
2024-01-28 14:23:11,8.45,5.07
2024-01-28 14:25:37,7.38,4.53
2024-01-28 14:28:02,9.32,4.7
2024-01-28 14:30:29,8.63,4.6
2024-01-28 14:32:55,9.98,4.55
2024-01-28 14:35:20,9.05,5.25
2024-01-28 14:37:46,9.48,4.97
2024-01-28 14:40:13,12.93,6.65
2024-01-28 14:42:39,15.02,7.7
2024-01-28 14:45:05,6.93,4.4
2024-01-28 14:47:31,7.57,5.95
2024-01-28 14:49:57,7.22,4.63
2024-01-28 14:52:22,6.93,4.97
2024-01-28 14:54:48,11.52,6.15
2024-01-28 14:57:13,9.6,5.7
2024-01-28 14:59:39,12.38,7.03
2024-01-28 15:02:05,13.52,6.63
2024-01-28 15:04:32,9.0,7.32
2024-01-28 15:06:57,8.98,6.32
2024-01-28 15:09:23,10.4,5.2
2024-01-28 15:11:48,8.85,6.28
2024-01-28 15:14:14,9.48,4.8
2024-01-28 15:16:39,9.25,4.9
2024-01-28 15:19:05,13.13,7.2
2024-01-28 15:21:31,6.9,4.38
2024-01-28 15:23:57,11.07,6.57
2024-01-28 15:26:22,7.57,5.43
2024-01-28 15:28:49,4.43,3.75
2024-01-28 15:31:14,9.23,5.6
2024-01-28 15:33:40,10.23,5.07
2024-01-28 15:36:06,6.43,5.32
2024-01-28 15:38:32,7.68,5.8
2024-01-28 15:40:57,6.53,4.35
2024-01-28 15:43:23,5.72,4.0
2024-01-28 15:45:48,9.18,4.53
2024-01-28 15:48:14,6.7,5.1
2024-01-28 15:50:39,8.68,4.75
2024-01-28 15:53:05,6.53,4.82
2024-01-28 15:55:30,9.82,5.1
2024-01-28 15:57:56,8.5,5.18
2024-01-28 16:00:22,8.57,5.57
2024-01-28 16:02:47,7.8,4.85
2024-01-28 16:05:13,7.88,4.88
2024-01-28 16:07:38,7.68,5.47
2024-01-28 16:10:04,9.68,5.63
2024-01-28 16:12:29,11.85,5.4
2024-01-28 16:14:55,8.02,5.53
2024-01-28 16:17:21,6.35,4.68
2024-01-28 16:19:49,9.48,5.15
2024-01-28 16:22:15,6.45,4.5
2024-01-28 16:24:41,9.85,5.43
2024-01-28 16:27:06,7.9,5.45
2024-01-28 16:29:32,5.93,4.4
2024-01-28 16:31:58,4.9,4.0
2024-01-28 16:34:24,7.88,4.72
2024-01-28 16:36:50,7.65,4.28
2024-01-28 16:39:15,8.8,5.07
2024-01-28 16:41:41,9.15,4.38
2024-01-28 16:44:06,12.05,8.38
2024-01-28 16:46:32,9.2,5.2
2024-01-28 16:48:58,10.2,5.4
2024-01-28 16:51:24,6.25,4.82
2024-01-28 16:53:49,7.93,4.53
2024-01-28 16:56:15,7.3,4.32
2024-01-28 16:58:41,7.55,4.9
2024-01-28 17:01:07,6.53,4.72
2024-01-28 17:03:34,8.85,5.07
2024-01-28 17:06:00,10.35,5.07
2024-01-28 17:08:26,10.93,4.93
2024-01-28 17:10:52,8.38,5.72
2024-01-28 17:13:17,10.23,6.45
2024-01-28 17:15:43,8.55,5.82
2024-01-28 17:18:09,8.57,6.1
2024-01-28 17:20:35,11.4,7.25
2024-01-28 17:23:01,7.7,5.35
2024-01-28 17:25:27,9.15,5.82
2024-01-28 17:27:53,8.2,5.97
2024-01-28 17:30:19,13.63,8.63
2024-01-28 17:32:45,16.9,10.15
2024-01-28 17:35:11,13.73,7.78
2024-01-28 17:37:36,10.82,7.88
2024-01-28 17:40:04,15.05,9.73
2024-01-28 17:42:30,19.33,11.68
2024-01-28 17:44:55,35.28,13.82
2024-01-28 17:47:20,19.27,10.98
2024-01-28 17:49:46,23.65,12.55
2024-01-28 17:52:11,30.15,13.65
2024-01-28 17:54:37,18.48,11.13
2024-01-28 17:57:03,18.02,9.82
2024-01-28 17:59:28,16.0,9.27
2024-01-28 18:01:54,12.8,8.43
2024-01-28 18:04:19,13.52,8.15
2024-01-28 18:06:45,12.77,7.5
2024-01-28 18:09:10,14.02,7.72
2024-01-28 18:11:36,15.38,8.2
2024-01-28 18:14:01,9.73,8.43
2024-01-28 18:16:27,15.02,9.75
2024-01-28 18:18:52,17.05,10.15
2024-01-28 18:21:18,14.98,10.4
2024-01-28 18:23:44,16.52,10.5
2024-01-28 18:26:10,16.58,10.43
2024-01-28 18:28:35,17.02,10.02
2024-01-28 18:31:01,12.68,8.75
2024-01-28 18:33:27,15.35,8.65
2024-01-28 18:35:59,12.95,8.6
2024-01-28 18:38:25,14.77,8.93
2024-01-28 18:40:50,18.1,10.18
2024-01-28 18:43:16,11.77,8.35
2024-01-28 18:45:41,14.65,9.2
2024-01-28 18:48:07,15.27,9.55
2024-01-28 18:50:37,13.73,8.95
2024-01-28 18:53:07,17.52,11.05
2024-01-28 18:55:33,14.93,9.02
2024-01-28 18:57:59,17.67,10.35
2024-01-28 19:00:25,20.25,10.2
2024-01-28 19:02:51,16.42,8.63
2024-01-28 19:05:16,13.98,8.93
2024-01-28 19:07:42,13.35,7.9
2024-01-28 19:10:07,13.6,8.43
2024-01-28 19:12:33,15.13,8.9
2024-01-28 19:14:58,17.35,10.63
2024-01-28 19:17:24,18.38,10.13
2024-01-28 19:19:49,25.45,11.55
2024-01-28 19:22:15,16.08,10.8
2024-01-28 19:24:40,20.88,12.15
2024-01-28 19:27:06,22.13,13.7
2024-01-28 19:29:31,23.42,10.57
2024-01-28 19:31:57,21.7,15.02
2024-01-28 19:34:24,14.45,10.13
2024-01-28 19:36:49,22.15,10.6
2024-01-28 19:39:15,18.08,10.63
2024-01-28 19:41:41,23.02,13.38
2024-01-28 19:44:10,37.67,20.23
2024-01-28 19:46:35,50.92,23.08
2024-01-28 19:49:01,31.75,18.35
2024-01-28 19:51:27,33.13,18.77
2024-01-28 19:53:52,27.63,16.6
2024-01-28 19:56:18,24.75,16.65
2024-01-28 19:58:45,24.15,16.88
2024-01-28 20:01:11,26.88,18.3
2024-01-28 20:03:36,38.45,22.0
2024-01-28 20:06:02,36.97,19.67
2024-01-28 20:08:34,30.58,16.58
2024-01-28 20:10:59,22.77,14.23
2024-01-28 20:13:25,23.4,13.9
2024-01-28 20:15:50,24.08,13.95
2024-01-28 20:18:16,32.9,18.17
2024-01-28 20:20:42,23.3,14.45
2024-01-28 20:23:07,25.83,14.1
2024-01-28 20:25:38,26.88,12.63
2024-01-28 20:28:04,23.27,15.23
2024-01-28 20:30:31,24.08,14.77
2024-01-28 20:32:58,25.1,13.6
2024-01-28 20:35:24,28.58,15.45
2024-01-28 20:37:52,27.15,14.5
2024-01-28 20:40:19,25.38,13.85
2024-01-28 20:42:45,23.0,14.65
2024-01-28 20:45:15,27.3,14.77
2024-01-28 20:47:41,22.42,12.25
2024-01-28 20:50:07,32.13,18.25
2024-01-28 20:52:33,24.08,13.98
2024-01-28 20:54:59,23.5,12.3
2024-01-28 20:57:24,22.52,13.52
2024-01-28 20:59:50,29.33,15.0
2024-01-28 21:02:16,22.8,13.65
2024-01-28 21:04:41,26.58,15.02
2024-01-28 21:07:07,43.95,22.15
2024-01-28 21:09:32,36.7,19.5
2024-01-28 21:11:58,36.0,20.4
2024-01-28 21:14:23,41.08,21.65
2024-01-28 21:16:49,24.5,13.93
2024-01-28 21:19:15,23.75,14.73
2024-01-28 21:21:41,29.88,15.1
2024-01-28 21:24:07,28.17,15.5
2024-01-28 21:26:36,23.88,16.5
2024-01-28 21:29:02,29.15,15.77
2024-01-28 21:31:30,31.42,16.05
2024-01-28 21:33:56,22.08,13.98
2024-01-28 21:36:22,28.38,16.08
2024-01-28 21:38:47,26.73,15.18
2024-01-28 21:41:13,21.77,12.95
2024-01-28 21:43:38,23.55,13.07
2024-01-28 21:46:04,21.75,11.55
2024-01-28 21:48:29,28.58,12.93
2024-01-28 21:50:55,20.3,12.25
2024-01-28 21:53:21,24.48,12.23
2024-01-28 21:55:46,22.77,11.82
2024-01-28 21:58:12,17.25,10.95
2024-01-28 22:00:37,20.15,12.05
2024-01-28 22:03:03,18.42,10.73
2024-01-28 22:05:29,20.42,11.35
2024-01-28 22:07:55,18.92,11.23
2024-01-28 22:10:20,17.98,11.93
2024-01-28 22:12:46,19.98,11.68
2024-01-28 22:15:11,20.0,10.6
2024-01-28 22:17:38,20.58,10.98
2024-01-28 22:20:04,17.45,10.52
2024-01-28 22:22:30,17.2,11.4
2024-01-28 22:24:56,19.75,10.6
2024-01-28 22:27:21,19.1,10.95
2024-01-28 22:29:47,15.68,10.57
2024-01-28 22:32:13,18.42,10.68
2024-01-28 22:34:41,16.58,10.13
2024-01-28 22:37:07,14.32,9.18
2024-01-28 22:39:33,16.58,10.38
2024-01-28 22:41:58,17.1,9.95
2024-01-28 22:44:24,21.63,10.75
2024-01-28 22:46:50,14.77,8.8
2024-01-28 22:49:15,15.88,10.23
2024-01-28 22:51:41,13.3,8.6
2024-01-28 22:54:06,21.45,11.27
2024-01-28 22:56:31,19.7,11.45
2024-01-28 22:58:57,20.58,10.15
2024-01-28 23:01:22,19.0,11.05
2024-01-28 23:03:48,17.9,11.93
2024-01-28 23:06:13,19.55,11.5
2024-01-28 23:08:46,24.05,12.6
2024-01-28 23:11:11,22.17,11.7
2024-01-28 23:13:37,22.95,11.68
2024-01-28 23:16:04,17.85,12.18
2024-01-28 23:18:30,20.67,11.5
2024-01-28 23:20:56,18.63,10.8
2024-01-28 23:23:23,19.42,11.23
2024-01-28 23:25:49,16.83,11.07
2024-01-28 23:28:15,18.8,11.5
2024-01-28 23:30:41,19.85,12.27
2024-01-28 23:33:07,17.9,11.57
2024-01-28 23:35:33,18.17,10.7
2024-01-28 23:37:58,15.6,10.6
2024-01-28 23:40:24,18.83,8.88
2024-01-28 23:42:49,17.1,10.7
2024-01-28 23:45:15,22.42,13.7
2024-01-28 23:47:40,20.83,11.68
2024-01-28 23:50:06,17.1,9.6
2024-01-28 23:52:32,15.8,9.65
2024-01-28 23:54:58,18.75,11.18
2024-01-28 23:57:24,25.13,12.07
2024-01-28 23:59:50,19.25,11.4
2024-01-29 00:02:15,19.25,11.82
2024-01-29 00:04:41,23.42,13.9
2024-01-29 00:07:06,26.13,13.02
2024-01-29 00:09:32,24.1,13.13
2024-01-29 00:11:57,33.5,15.27
2024-01-29 00:14:23,32.17,15.3
2024-01-29 00:16:48,23.17,12.15
2024-01-29 00:19:14,24.95,13.43
2024-01-29 00:21:39,25.23,13.23
2024-01-29 00:24:05,20.27,11.38
2024-01-29 00:26:30,24.27,13.73
2024-01-29 00:28:56,19.23,11.8
2024-01-29 00:31:22,22.35,11.07
2024-01-29 00:33:48,22.92,11.82
2024-01-29 00:36:14,15.68,9.32
2024-01-29 00:38:40,18.15,10.02
2024-01-29 00:41:06,17.08,9.55
2024-01-29 00:43:31,12.8,9.07
2024-01-29 00:45:57,12.63,9.15
2024-01-29 00:48:23,17.85,10.1
2024-01-29 00:50:50,12.5,8.5
2024-01-29 00:53:16,13.82,8.18
2024-01-29 00:55:45,13.4,8.35
2024-01-29 00:58:14,14.9,8.02
2024-01-29 01:00:39,16.33,9.23
2024-01-29 01:03:07,16.08,8.13
2024-01-29 01:05:33,18.9,10.1
2024-01-29 01:07:58,19.75,10.07
2024-01-29 01:10:25,14.93,9.57
2024-01-29 01:12:51,21.52,11.68
2024-01-29 01:15:16,18.48,11.35
2024-01-29 01:17:42,18.6,10.98
2024-01-29 01:20:08,19.63,10.0
2024-01-29 01:22:33,18.7,8.93
2024-01-29 01:24:59,19.38,10.3
2024-01-29 01:27:24,13.15,10.1
2024-01-29 01:29:50,13.77,9.45
2024-01-29 01:32:15,18.67,10.07
2024-01-29 01:34:41,17.27,9.63
2024-01-29 01:37:07,16.88,9.5
2024-01-29 01:39:34,16.83,9.4
2024-01-29 01:41:59,16.9,9.65
2024-01-29 01:44:25,10.52,7.63
2024-01-29 01:46:50,13.63,8.52
2024-01-29 01:49:16,16.15,9.65
2024-01-29 01:51:42,19.4,9.35
2024-01-29 01:54:08,15.4,9.48
2024-01-29 01:56:33,17.17,9.7
2024-01-29 01:59:00,17.17,9.77
2024-01-29 02:01:28,16.6,9.45
2024-01-29 02:03:55,30.48,11.15
2024-01-29 02:06:21,28.63,12.75
2024-01-29 02:08:47,30.65,12.1
2024-01-29 02:11:12,20.8,11.45
2024-01-29 02:13:38,25.83,10.95
2024-01-29 02:16:04,24.5,11.15
2024-01-29 02:18:29,19.1,10.35
2024-01-29 02:20:55,27.9,10.23
2024-01-29 02:23:21,15.38,10.25
2024-01-29 02:25:46,15.43,8.93
2024-01-29 02:28:12,17.13,10.65
2024-01-29 02:30:37,15.82,9.3
2024-01-29 02:33:03,21.23,10.15
2024-01-29 02:35:29,16.35,10.18
2024-01-29 02:37:54,16.38,9.48
2024-01-29 02:40:20,15.3,9.27
2024-01-29 02:42:45,16.1,9.3
2024-01-29 02:45:11,13.07,8.18
2024-01-29 02:47:36,19.2,9.48
2024-01-29 02:50:02,18.13,10.15
2024-01-29 02:52:27,11.68,7.88
2024-01-29 02:54:53,19.3,10.6
2024-01-29 02:57:19,17.48,10.25
2024-01-29 02:59:49,19.42,11.82
2024-01-29 03:02:15,24.15,13.05
2024-01-29 03:04:41,21.0,10.93
2024-01-29 03:07:06,24.33,12.35
2024-01-29 03:09:32,27.33,13.8
2024-01-29 03:11:57,47.45,22.27
2024-01-29 03:14:22,41.75,20.33
2024-01-29 03:16:48,28.13,16.2
2024-01-29 03:19:16,29.08,14.1
2024-01-29 03:21:42,25.7,13.38
2024-01-29 03:24:07,38.83,17.02
2024-01-29 03:26:33,28.13,15.52
2024-01-29 03:28:59,23.45,12.82
2024-01-29 03:31:24,28.6,13.1
2024-01-29 03:33:50,27.2,13.25
2024-01-29 03:36:15,26.3,11.63
2024-01-29 03:38:40,27.83,15.25
2024-01-29 03:41:06,25.05,14.02
2024-01-29 03:43:31,26.52,13.9
2024-01-29 03:45:57,31.73,13.77
2024-01-29 03:48:23,24.5,15.43
2024-01-29 03:50:48,26.6,14.3
2024-01-29 03:53:14,20.9,12.32
2024-01-29 03:55:39,30.92,13.85
2024-01-29 03:58:05,26.48,13.2
2024-01-29 04:00:31,26.88,14.98
2024-01-29 04:02:57,25.4,13.1
2024-01-29 04:05:23,24.33,12.63
2024-01-29 04:07:49,18.55,11.88
2024-01-29 04:10:14,26.7,13.65
2024-01-29 04:12:43,23.4,12.15
2024-01-29 04:15:08,26.33,13.4
2024-01-29 04:17:34,26.02,13.38
2024-01-29 04:20:00,20.95,12.85
2024-01-29 04:22:27,26.92,11.95
2024-01-29 04:24:53,24.8,12.57
2024-01-29 04:27:18,25.0,11.73
2024-01-29 04:29:44,23.08,12.45
2024-01-29 04:32:10,20.85,11.85
2024-01-29 04:34:35,25.33,12.3
2024-01-29 04:37:01,22.6,12.63
2024-01-29 04:39:26,24.42,13.13
2024-01-29 04:41:52,31.25,14.82
2024-01-29 04:44:18,44.8,17.35
2024-01-29 04:46:43,28.23,15.52
2024-01-29 04:49:09,22.42,14.48
2024-01-29 04:51:34,39.55,16.63
2024-01-29 04:54:00,29.73,14.13
2024-01-29 04:56:25,22.23,13.4
2024-01-29 04:58:51,29.63,14.38
2024-01-29 05:01:16,25.85,14.23
2024-01-29 05:03:43,27.63,14.25
2024-01-29 05:06:08,27.27,17.17
2024-01-29 05:08:34,27.4,15.5
2024-01-29 05:10:59,27.95,14.98
2024-01-29 05:13:25,36.0,17.63
2024-01-29 05:15:51,41.28,19.7
2024-01-29 05:18:16,33.1,17.77
2024-01-29 05:20:42,35.9,17.65
2024-01-29 05:23:07,29.17,15.15
2024-01-29 05:25:33,40.75,23.52
2024-01-29 05:27:58,33.78,20.17
2024-01-29 05:30:24,33.65,19.23
2024-01-29 05:32:50,35.63,17.52
2024-01-29 05:35:15,34.78,18.45
2024-01-29 05:37:41,38.17,22.58
2024-01-29 05:40:06,52.3,25.77
2024-01-29 05:42:37,46.03,23.58
2024-01-29 05:45:05,42.85,20.3
2024-01-29 05:47:31,40.5,24.67
2024-01-29 05:49:57,44.4,23.75
2024-01-29 05:52:23,50.35,24.75
2024-01-29 05:54:48,39.0,22.52
2024-01-29 05:57:14,38.22,20.33
2024-01-29 05:59:42,37.05,19.88
2024-01-29 06:02:07,39.15,22.38
2024-01-29 06:04:33,46.13,24.48
2024-01-29 06:06:58,61.25,28.58
2024-01-29 06:09:24,53.8,28.77
2024-01-29 06:11:50,57.9,31.05
2024-01-29 06:14:16,58.78,32.35
2024-01-29 06:16:41,54.97,28.9
2024-01-29 06:19:09,54.92,28.17
2024-01-29 06:21:39,59.92,27.95
2024-01-29 06:24:05,54.13,27.52
2024-01-29 06:26:30,47.5,24.25
2024-01-29 06:28:56,33.85,22.4
2024-01-29 06:31:23,49.08,25.4
2024-01-29 06:33:48,49.7,26.4
2024-01-29 06:36:18,40.33,23.92
2024-01-29 06:38:43,49.78,27.02
2024-01-29 06:41:17,46.83,27.83
2024-01-29 06:43:44,50.3,30.45
2024-01-29 06:46:09,49.58,25.8
2024-01-29 06:48:35,47.5,27.48
2024-01-29 06:51:02,49.2,26.4
2024-01-29 06:53:28,52.25,24.67
2024-01-29 06:55:54,42.8,24.77
2024-01-29 06:58:20,44.38,25.35
2024-01-29 07:00:45,39.38,23.13
2024-01-29 07:03:11,43.72,24.85
2024-01-29 07:05:37,48.47,24.98
2024-01-29 07:08:02,40.97,23.98
2024-01-29 07:10:28,40.0,22.3
2024-01-29 07:12:53,34.58,17.77
2024-01-29 07:15:19,33.38,18.35
2024-01-29 07:17:44,27.92,18.08
2024-01-29 07:20:10,30.3,18.13
2024-01-29 07:22:36,38.15,20.15
2024-01-29 07:25:04,41.22,24.63
2024-01-29 07:27:31,49.25,25.67
2024-01-29 07:29:56,52.92,30.25
2024-01-29 07:32:21,61.4,32.92
2024-01-29 07:34:47,62.47,33.0
2024-01-29 07:37:12,60.05,30.75
2024-01-29 07:39:38,54.38,27.65
2024-01-29 07:42:04,56.63,29.38
2024-01-29 07:44:29,45.5,26.98
2024-01-29 07:46:55,41.95,24.17
2024-01-29 07:49:21,42.08,22.88
2024-01-29 07:51:46,39.0,19.58
2024-01-29 07:54:12,43.92,21.63
2024-01-29 07:56:41,52.75,22.33
2024-01-29 07:59:07,45.67,25.08
2024-01-29 08:01:33,43.65,21.08
2024-01-29 08:04:02,42.15,20.17
2024-01-29 08:06:28,39.58,19.58
2024-01-29 08:08:55,43.42,21.63
2024-01-29 08:11:24,39.42,21.17
2024-01-29 08:13:50,39.15,20.98
2024-01-29 08:16:16,33.58,17.65
2024-01-29 08:18:45,34.55,19.85
2024-01-29 08:21:11,39.0,20.08
2024-01-29 08:23:37,37.2,18.85
2024-01-29 08:26:12,31.6,17.1
2024-01-29 08:28:46,40.22,18.7
2024-01-29 08:31:12,32.53,17.52
2024-01-29 08:33:38,32.75,15.32
2024-01-29 08:36:07,36.0,19.1
2024-01-29 08:38:33,34.88,16.85
2024-01-29 08:40:59,39.2,18.02
2024-01-29 08:43:25,34.38,20.25
2024-01-29 08:45:51,34.78,20.1
2024-01-29 08:48:17,35.8,17.55
2024-01-29 08:50:43,46.47,18.52
2024-01-29 08:53:09,29.92,14.1
2024-01-29 08:55:35,18.25,10.38
2024-01-29 08:58:00,19.23,10.65
2024-01-29 09:00:26,24.8,13.73
2024-01-29 09:02:52,16.63,10.4
2024-01-29 09:05:18,21.8,11.68
2024-01-29 09:07:44,16.52,9.88
2024-01-29 09:10:10,19.1,11.23
2024-01-29 09:12:48,25.73,13.05
2024-01-29 09:15:14,21.95,11.85
2024-01-29 09:17:40,16.13,9.93
2024-01-29 09:20:06,18.85,10.07
2024-01-29 09:22:38,17.75,8.35
2024-01-29 09:25:07,13.65,8.95
2024-01-29 09:27:34,19.65,10.8
2024-01-29 09:30:01,19.15,11.52
2024-01-29 09:32:30,16.35,10.77
2024-01-29 09:35:02,28.6,14.15
2024-01-29 09:37:30,24.75,12.32
2024-01-29 09:40:02,20.85,13.13
2024-01-29 09:42:31,15.88,10.7
2024-01-29 09:44:59,17.42,9.95
2024-01-29 09:47:26,18.25,11.13
2024-01-29 09:49:56,22.65,10.98
2024-01-29 09:52:22,18.05,10.2
2024-01-29 09:54:48,27.02,12.6
2024-01-29 09:57:14,18.7,10.02
2024-01-29 09:59:43,19.6,9.77
2024-01-29 10:02:12,39.6,21.48
2024-01-29 10:04:39,32.25,11.43
2024-01-29 10:07:08,13.7,7.1
2024-01-29 10:14:30,13.75,6.82
2024-01-29 10:16:55,11.52,6.65
2024-01-29 10:19:24,9.95,6.38
2024-01-29 10:21:50,16.9,7.82
2024-01-29 10:24:16,9.43,7.05
2024-01-29 10:26:44,13.05,7.28
2024-01-29 10:29:13,11.13,6.53
2024-01-29 10:31:41,15.88,8.4
2024-01-29 10:34:09,17.83,8.88
2024-01-29 10:36:38,10.13,6.63
2024-01-29 10:39:05,16.45,7.6
2024-01-29 10:41:33,11.57,8.13
2024-01-29 10:43:59,21.02,10.25
2024-01-29 10:46:30,20.8,9.95
2024-01-29 10:49:00,13.43,8.4
2024-01-29 10:51:26,18.48,8.23
2024-01-29 10:53:52,13.05,8.52
2024-01-29 10:56:29,12.82,7.93
2024-01-29 10:58:56,17.35,9.27
2024-01-29 11:01:23,18.02,7.93
2024-01-29 11:03:50,13.25,6.95
2024-01-29 11:06:22,13.38,8.5
2024-01-29 11:08:56,12.38,7.2
2024-01-29 11:11:25,13.35,6.93
2024-01-29 11:13:53,16.83,10.13
2024-01-29 11:16:21,13.63,7.88
2024-01-29 11:18:49,12.85,8.2
2024-01-29 11:21:16,14.25,8.7
2024-01-29 11:23:43,12.57,7.75
2024-01-29 11:26:13,8.15,6.7
2024-01-29 11:28:43,14.65,7.43
2024-01-29 11:31:09,13.13,7.95
2024-01-29 11:33:40,10.05,7.05
2024-01-29 11:36:06,14.73,7.9
2024-01-29 11:38:36,15.63,7.3
2024-01-29 11:41:01,10.65,7.95
2024-01-29 11:43:27,16.63,7.8
2024-01-29 11:45:53,21.05,10.88
2024-01-29 11:48:22,16.63,8.2
2024-01-29 11:50:52,17.45,10.13
2024-01-29 11:55:51,17.4,8.98
2024-01-29 11:58:19,14.13,8.63
2024-01-29 12:00:47,10.75,7.43
2024-01-29 12:03:24,15.82,9.82
2024-01-29 12:06:02,16.33,9.0
2024-01-29 12:08:31,22.95,9.35
2024-01-29 12:11:02,16.25,7.68
2024-01-29 12:13:28,20.77,8.7
2024-01-29 12:15:55,14.6,7.15
2024-01-29 12:18:22,14.4,8.32
2024-01-29 12:20:49,12.48,7.53
2024-01-29 12:23:16,11.35,7.0
2024-01-29 12:25:50,15.3,8.05
2024-01-29 12:28:19,15.85,7.7
2024-01-29 12:30:52,12.88,7.57
2024-01-29 12:33:21,12.85,6.82
2024-01-29 12:35:58,11.57,7.88
2024-01-29 12:38:35,13.68,7.38
2024-01-29 12:41:03,16.35,8.05
2024-01-29 12:43:28,13.43,8.18
2024-01-29 12:46:10,18.23,8.85
2024-01-29 12:51:02,14.45,8.25
2024-01-29 12:53:32,12.18,6.82
2024-01-29 12:55:58,9.8,5.82
2024-01-29 12:58:27,9.95,7.07
2024-01-29 13:00:53,13.15,9.05
2024-01-29 13:03:19,16.15,9.3
2024-01-29 13:05:45,15.3,8.35
2024-01-29 13:10:41,8.75,5.7
2024-01-29 13:13:07,19.83,8.98
2024-01-29 13:15:36,15.45,8.6
2024-01-29 13:18:01,16.3,6.75
2024-01-29 13:20:27,13.02,7.57
2024-01-29 13:22:53,12.57,5.75
2024-01-29 13:25:19,7.78,4.28
2024-01-29 13:27:50,10.8,6.38
2024-01-29 13:30:17,17.33,8.73
2024-01-29 13:32:51,14.9,7.43
2024-01-29 13:35:21,10.93,5.57
2024-01-29 13:37:47,11.45,6.15
2024-01-29 13:40:14,7.18,4.78
2024-01-29 13:42:40,7.7,5.07
2024-01-29 13:45:06,15.5,6.57
2024-01-29 13:47:32,5.65,4.28
2024-01-29 13:50:00,8.43,4.55
2024-01-29 13:52:29,10.8,5.18
2024-01-29 13:54:58,22.4,7.9
2024-01-29 13:57:24,13.93,8.32
2024-01-29 13:59:49,9.75,7.32
2024-01-29 14:02:16,15.48,7.45
2024-01-29 14:04:42,13.38,7.72
2024-01-29 14:07:15,13.65,7.7
2024-01-29 14:09:41,13.05,7.15
2024-01-29 14:12:12,13.48,8.65
2024-01-29 14:14:38,9.48,6.2
2024-01-29 14:17:04,13.45,7.25
2024-01-29 14:19:33,12.35,7.07
2024-01-29 14:22:01,11.0,6.68
2024-01-29 14:24:33,14.5,7.78
2024-01-29 14:27:07,14.8,7.82
2024-01-29 14:29:35,9.8,6.53
2024-01-29 14:32:01,10.13,6.85
2024-01-29 14:34:28,12.82,7.28
2024-01-29 14:36:57,12.63,6.03
2024-01-29 14:39:22,11.27,7.63
2024-01-29 14:41:48,14.35,8.45
2024-01-29 14:44:14,23.95,9.45
2024-01-29 14:46:40,13.65,8.82
2024-01-29 14:49:09,13.2,8.57
2024-01-29 14:51:39,9.1,6.07
2024-01-29 14:54:05,19.63,9.8
2024-01-29 14:56:36,18.15,9.93
2024-01-29 14:59:02,12.88,6.55
2024-01-29 15:01:31,21.02,10.77
2024-01-29 15:03:59,19.25,9.35
2024-01-29 15:06:25,18.45,10.73
2024-01-29 15:08:52,19.15,10.48
2024-01-29 15:11:21,14.13,10.13
2024-01-29 15:13:50,16.95,10.43
2024-01-29 15:16:17,20.08,11.57
2024-01-29 15:18:42,20.38,9.7
2024-01-29 15:21:10,20.3,10.55
2024-01-29 15:23:36,17.6,10.8
2024-01-29 15:26:02,16.13,9.1
2024-01-29 15:28:30,16.67,8.7
2024-01-29 15:30:59,13.75,9.5
2024-01-29 15:33:24,14.82,8.98
2024-01-29 15:35:50,14.02,9.38
2024-01-29 15:38:16,21.23,10.27
2024-01-29 15:40:47,15.88,9.45
2024-01-29 15:43:17,16.4,10.1
2024-01-29 15:45:43,16.42,10.88
2024-01-29 15:48:11,15.4,8.68
2024-01-29 15:50:38,21.1,11.63
2024-01-29 15:53:04,18.55,10.77
2024-01-29 15:55:29,17.83,9.4
2024-01-29 15:57:58,23.85,10.85
2024-01-29 16:00:24,18.38,10.65
2024-01-29 16:02:53,20.83,11.55
2024-01-29 16:05:19,24.85,11.8
2024-01-29 16:07:45,15.93,9.5
2024-01-29 16:10:11,16.8,9.7
2024-01-29 16:12:39,15.98,11.68
2024-01-29 16:15:05,17.4,10.88
2024-01-29 16:17:31,17.8,10.05
2024-01-29 16:19:57,18.25,11.5
2024-01-29 16:22:22,20.9,12.85
2024-01-29 16:24:48,22.15,11.57
2024-01-29 16:27:13,21.85,13.02
2024-01-29 16:29:39,23.27,12.07
2024-01-29 16:32:05,14.93,9.4
2024-01-29 16:34:30,15.32,9.75
2024-01-29 16:36:56,14.65,9.65
2024-01-29 16:39:22,21.35,12.1
2024-01-29 16:41:49,20.88,11.7
2024-01-29 16:44:15,17.83,9.75
2024-01-29 16:46:41,21.38,10.5
2024-01-29 16:49:07,20.23,11.1
2024-01-29 16:51:33,17.9,10.02
2024-01-29 16:53:58,16.48,10.48
2024-01-29 16:56:25,18.5,9.82
2024-01-29 16:59:01,17.38,10.63
2024-01-29 17:01:30,19.65,11.2
2024-01-29 17:03:56,26.27,13.35
2024-01-29 17:06:22,22.42,12.98
2024-01-29 17:08:47,21.6,13.07
2024-01-29 17:11:16,22.2,12.6
2024-01-29 17:13:42,20.15,13.18
2024-01-29 17:16:09,24.6,13.3
2024-01-29 17:18:35,20.0,11.4
2024-01-29 17:21:02,29.9,15.43
2024-01-29 17:23:28,23.48,12.07
2024-01-29 17:25:54,19.6,11.45
2024-01-29 17:28:20,23.38,12.55
2024-01-29 17:30:46,22.4,10.5
2024-01-29 17:33:12,15.9,9.52
2024-01-29 17:35:38,14.75,10.6
2024-01-29 17:38:05,18.83,11.02
2024-01-29 17:40:30,17.38,11.07
2024-01-29 17:42:56,18.98,11.5
2024-01-29 17:45:21,20.25,10.15
2024-01-29 17:47:47,20.95,10.7
2024-01-29 17:50:13,21.15,11.63
2024-01-29 17:52:38,25.67,12.73
2024-01-29 17:55:04,26.17,14.02
2024-01-29 17:57:30,21.67,12.57
2024-01-29 17:59:56,22.65,12.18
2024-01-29 18:02:21,18.23,11.15
2024-01-29 18:04:47,19.15,11.38
2024-01-29 18:07:12,25.25,12.13
2024-01-29 18:09:38,21.33,11.05
2024-01-29 18:12:04,18.05,11.35
2024-01-29 18:14:31,20.9,11.45
2024-01-29 18:16:56,18.17,9.5
2024-01-29 18:19:27,17.85,10.48
2024-01-29 18:21:55,20.92,10.32
2024-01-29 18:24:20,18.58,10.68
2024-01-29 18:26:46,17.88,9.25
2024-01-29 18:29:12,14.05,9.43
2024-01-29 18:31:38,18.65,9.4
2024-01-29 18:34:03,16.6,10.3
2024-01-29 18:36:29,21.88,13.07
2024-01-29 18:38:55,18.27,10.25
2024-01-29 18:41:21,22.63,12.35
2024-01-29 18:43:49,24.48,11.35
2024-01-29 18:46:16,19.88,11.23
2024-01-29 18:48:42,19.5,11.0
2024-01-29 18:51:08,21.85,12.65
2024-01-29 18:53:37,22.38,11.05
2024-01-29 18:56:03,17.95,10.43
2024-01-29 18:58:30,15.73,10.45
2024-01-29 19:00:55,19.73,10.23
2024-01-29 19:03:21,15.38,9.75
2024-01-29 19:05:47,17.67,9.65
2024-01-29 19:08:12,16.95,9.63
2024-01-29 19:10:38,18.58,11.68
2024-01-29 19:13:05,16.52,10.35
2024-01-29 19:15:31,18.77,10.8
2024-01-29 19:17:57,16.75,10.48
2024-01-29 19:20:23,15.75,9.63
2024-01-29 19:22:49,16.5,10.8
2024-01-29 19:25:14,30.25,12.15
2024-01-29 19:27:40,20.33,10.55
2024-01-29 19:30:06,18.6,11.18
2024-01-29 19:32:32,20.02,10.82
2024-01-29 19:35:03,21.48,10.13
2024-01-29 19:37:29,19.27,11.38
2024-01-29 19:39:56,19.9,9.95
2024-01-29 19:42:24,19.8,10.5
2024-01-29 19:44:50,16.48,9.73
2024-01-29 19:47:16,20.77,11.43
2024-01-29 19:49:42,21.15,12.57
2024-01-29 19:52:13,17.73,10.25
2024-01-29 19:54:39,19.08,10.88
2024-01-29 19:57:05,21.13,10.52
2024-01-29 19:59:31,16.48,10.75
2024-01-29 20:01:57,15.0,10.02
2024-01-29 20:04:23,16.75,10.85
2024-01-29 20:06:48,24.58,11.43
2024-01-29 20:09:14,13.82,9.82
2024-01-29 20:11:39,21.08,10.98
2024-01-29 20:14:08,21.27,11.13
2024-01-29 20:16:37,21.63,12.23
2024-01-29 20:19:03,25.1,14.13
2024-01-29 20:21:29,20.52,12.3
2024-01-29 20:23:55,20.65,11.15
2024-01-29 20:26:22,21.8,13.0
2024-01-29 20:28:48,44.63,20.23
2024-01-29 20:31:23,75.1,31.08
2024-01-29 20:33:50,69.13,28.55
2024-01-29 20:36:23,76.4,35.15
2024-01-29 20:38:49,73.97,31.17
2024-01-29 20:41:15,40.67,20.73
2024-01-29 20:43:43,46.45,20.6
2024-01-29 20:46:11,40.7,20.55
2024-01-29 20:48:38,46.13,19.7
2024-01-29 20:51:03,34.2,14.8
2024-01-29 20:53:29,40.9,19.38
2024-01-29 20:55:54,35.33,17.35
2024-01-29 20:58:20,32.9,17.45
2024-01-29 21:00:46,30.8,17.4
2024-01-29 21:03:11,25.98,15.23
2024-01-29 21:05:37,31.58,16.6
2024-01-29 21:08:03,36.58,18.55
2024-01-29 21:10:32,33.08,19.02
2024-01-29 21:12:58,37.0,22.02
2024-01-29 21:15:24,40.9,21.95
2024-01-29 21:17:50,37.2,22.38
2024-01-29 21:20:16,35.33,21.0
2024-01-29 21:22:42,40.08,21.25
2024-01-29 21:25:11,33.53,18.42
2024-01-29 21:27:37,24.85,16.88
2024-01-29 21:30:04,31.67,15.1
2024-01-29 21:32:31,30.25,14.7
2024-01-29 21:34:56,17.7,11.6
2024-01-29 21:37:22,20.98,11.9
2024-01-29 21:39:48,19.77,13.07
2024-01-29 21:42:15,21.8,11.73
2024-01-29 21:44:40,15.15,10.43
2024-01-29 21:47:06,20.83,12.4
2024-01-29 21:49:32,24.6,12.48
2024-01-29 21:51:58,19.6,11.2
2024-01-29 21:54:24,17.7,11.02
2024-01-29 21:56:52,22.02,11.57
2024-01-29 21:59:18,23.98,13.05
2024-01-29 22:01:43,26.08,13.7
2024-01-29 22:04:10,26.6,15.0
2024-01-29 22:06:37,26.85,16.13
2024-01-29 22:09:03,27.23,14.32
2024-01-29 22:11:31,28.8,14.05
2024-01-29 22:13:57,25.7,14.05
2024-01-29 22:16:22,28.5,13.88
2024-01-29 22:18:52,25.17,13.45
2024-01-29 22:21:21,24.73,15.45
2024-01-29 22:23:50,24.08,12.35
2024-01-29 22:26:15,19.77,13.1
2024-01-29 22:28:41,22.38,12.8
2024-01-29 22:31:10,21.65,13.68
2024-01-29 22:33:36,25.63,13.57
2024-01-29 22:36:05,40.53,20.9
2024-01-29 22:38:36,45.13,22.38
2024-01-29 22:41:02,26.58,15.43
2024-01-29 22:43:28,24.63,12.73
2024-01-29 22:46:00,22.17,12.48
2024-01-29 22:48:31,22.8,12.07
2024-01-29 22:50:59,26.55,14.9
2024-01-29 22:53:25,31.48,15.77
2024-01-29 22:55:51,30.05,15.32
2024-01-29 22:58:16,34.4,16.1
2024-01-29 23:00:42,24.58,14.13
2024-01-29 23:03:08,29.17,15.68
2024-01-29 23:05:33,20.3,12.15
2024-01-29 23:07:59,23.05,11.95
2024-01-29 23:10:28,21.0,11.1
2024-01-29 23:12:56,21.05,11.55
2024-01-29 23:15:22,25.02,13.2
2024-01-29 23:17:48,25.15,12.15
2024-01-29 23:20:16,22.85,13.48
2024-01-29 23:22:42,18.08,12.4
2024-01-29 23:25:07,18.95,11.0
2024-01-29 23:27:34,24.75,12.65
2024-01-29 23:29:59,23.92,13.98
2024-01-29 23:32:25,21.42,12.2
2024-01-29 23:34:51,19.83,11.25
2024-01-29 23:37:23,21.67,12.45
2024-01-29 23:39:50,19.42,11.63
2024-01-29 23:42:16,24.5,12.8
2024-01-29 23:44:44,22.4,13.55
2024-01-29 23:47:11,27.65,14.1
2024-01-29 23:49:36,30.8,13.45
2024-01-29 23:52:02,24.15,12.68
2024-01-29 23:54:31,34.28,16.83
2024-01-29 23:56:57,41.97,19.6
2024-01-29 23:59:22,28.9,15.88
2024-01-30 00:01:48,25.9,14.45
2024-01-30 00:04:14,21.27,12.65
2024-01-30 00:06:39,23.2,11.52
2024-01-30 00:09:07,28.55,13.27
2024-01-30 00:11:34,27.7,14.7
2024-01-30 00:13:59,25.5,12.73
2024-01-30 00:16:28,27.02,13.93
2024-01-30 00:18:54,33.05,14.55
2024-01-30 00:21:22,28.4,12.75
2024-01-30 00:23:48,29.23,14.82
2024-01-30 00:26:14,30.2,14.5
2024-01-30 00:28:40,22.92,12.82
2024-01-30 00:31:06,24.0,12.85
2024-01-30 00:33:32,35.85,17.67
2024-01-30 00:35:58,24.75,13.02
2024-01-30 00:38:24,19.83,11.25
2024-01-30 00:40:49,19.42,10.4
2024-01-30 00:43:15,22.13,10.82
2024-01-30 00:45:43,22.58,11.1
2024-01-30 00:48:08,23.55,12.35
2024-01-30 00:50:34,28.77,14.25
2024-01-30 00:53:00,25.67,14.65
2024-01-30 00:55:26,25.65,13.35
2024-01-30 00:57:51,27.3,12.38
2024-01-30 01:00:17,20.4,11.25
2024-01-30 01:02:43,24.35,12.0
2024-01-30 01:05:08,23.25,12.15
2024-01-30 01:07:34,23.48,11.73
2024-01-30 01:10:00,20.3,12.07
2024-01-30 01:12:26,27.35,13.35
2024-01-30 01:14:52,25.27,14.07
2024-01-30 01:17:18,21.83,11.5
2024-01-30 01:19:43,21.65,10.75
2024-01-30 01:22:09,22.7,13.0
2024-01-30 01:24:35,21.02,11.3
2024-01-30 01:27:01,19.25,11.15
2024-01-30 01:29:27,24.55,11.63
2024-01-30 01:31:56,28.65,11.25
2024-01-30 01:34:24,34.25,15.25
2024-01-30 01:36:50,39.53,16.8
2024-01-30 01:39:16,25.08,12.98
2024-01-30 01:41:42,36.67,16.4
2024-01-30 01:44:08,24.15,11.63
2024-01-30 01:46:34,27.08,14.05
2024-01-30 01:49:00,18.6,11.65
2024-01-30 01:51:28,17.27,11.55
2024-01-30 01:53:55,24.13,14.38
2024-01-30 01:56:21,23.15,13.27
2024-01-30 01:58:50,23.15,14.02
2024-01-30 02:01:18,21.52,11.77
2024-01-30 02:03:45,26.55,11.82
2024-01-30 02:06:12,21.9,12.23
2024-01-30 02:08:40,14.23,9.98
2024-01-30 02:11:06,24.67,11.48
2024-01-30 02:13:31,20.77,9.6
2024-01-30 02:15:57,20.77,13.5
2024-01-30 02:18:26,17.92,9.5
2024-01-30 02:20:53,22.35,11.07
2024-01-30 02:23:22,27.63,14.25
2024-01-30 02:25:52,39.28,16.08
2024-01-30 02:28:21,29.88,18.08
2024-01-30 02:30:46,34.03,18.7
2024-01-30 02:33:12,30.85,17.45
2024-01-30 02:35:38,23.35,12.68
2024-01-30 02:38:04,22.48,12.77
2024-01-30 02:40:30,25.75,12.85
2024-01-30 02:42:57,28.15,14.85
2024-01-30 02:45:24,22.23,13.07
2024-01-30 02:47:49,23.42,12.27
2024-01-30 02:50:15,22.92,12.75
2024-01-30 02:52:41,20.9,9.9
2024-01-30 02:55:09,17.95,10.35
2024-01-30 02:57:34,22.3,10.73
2024-01-30 03:00:00,26.85,12.4
2024-01-30 03:02:26,26.52,11.95
2024-01-30 03:04:51,13.15,9.6
2024-01-30 03:07:17,22.7,12.35
2024-01-30 03:09:43,19.13,13.4
2024-01-30 03:12:09,28.0,13.95
2024-01-30 03:14:35,21.33,12.2
2024-01-30 03:17:00,21.95,13.45
2024-01-30 03:19:26,23.55,13.05
2024-01-30 03:21:52,21.65,12.7
2024-01-30 03:24:20,28.38,13.07
2024-01-30 03:26:46,22.58,12.23
2024-01-30 03:29:12,28.23,12.38
2024-01-30 03:31:38,25.55,13.63
2024-01-30 03:34:04,25.2,13.8
2024-01-30 03:36:29,27.1,12.95
2024-01-30 03:38:58,29.25,15.07
2024-01-30 03:41:24,20.58,12.02
2024-01-30 03:43:49,9.63,6.03
2024-01-30 03:46:15,11.38,6.63
2024-01-30 03:48:41,14.38,7.35
2024-01-30 03:51:07,11.52,6.43
2024-01-30 03:53:32,13.77,6.5
2024-01-30 03:55:58,11.5,6.63
2024-01-30 03:58:23,11.27,7.75
2024-01-30 04:00:49,9.77,6.55
2024-01-30 04:03:14,8.93,6.2
2024-01-30 04:05:43,16.52,7.6
2024-01-30 04:08:09,9.5,6.28
2024-01-30 04:10:34,11.7,4.72
2024-01-30 04:13:03,11.35,7.1
2024-01-30 04:15:28,13.3,6.75
2024-01-30 04:17:58,10.57,5.63
2024-01-30 04:20:26,12.98,6.05
2024-01-30 04:22:52,9.7,5.85
2024-01-30 04:25:17,8.45,6.43
2024-01-30 04:27:46,14.32,7.05
2024-01-30 04:30:12,15.93,8.32
2024-01-30 04:32:37,10.77,7.15
2024-01-30 04:35:05,11.02,7.53
2024-01-30 04:37:31,10.27,6.88
2024-01-30 04:39:57,12.35,7.35
2024-01-30 04:42:23,12.13,7.82
2024-01-30 04:44:51,13.88,7.8
2024-01-30 04:47:19,11.6,7.32
2024-01-30 04:49:45,14.5,7.18
2024-01-30 04:52:10,20.42,9.27
2024-01-30 04:54:36,26.4,12.02
2024-01-30 04:57:02,26.42,10.82
2024-01-30 04:59:28,18.02,9.95
2024-01-30 05:01:54,22.9,10.98
2024-01-30 05:04:20,26.8,12.73
2024-01-30 05:06:47,18.02,11.1
2024-01-30 05:09:12,16.3,9.05
2024-01-30 05:11:40,13.45,8.5
2024-01-30 05:14:06,17.42,8.25
2024-01-30 05:16:33,19.42,11.13
2024-01-30 05:18:59,16.17,9.48
2024-01-30 05:21:24,24.67,11.15
2024-01-30 05:23:50,14.88,10.15
2024-01-30 05:26:16,19.83,9.75
2024-01-30 05:28:42,17.23,9.18
2024-01-30 05:31:11,17.8,10.13
2024-01-30 05:33:36,22.65,11.4
2024-01-30 05:36:02,21.75,9.4
2024-01-30 05:38:28,22.23,9.5
2024-01-30 05:40:55,13.95,7.35
2024-01-30 05:43:20,13.23,7.7
2024-01-30 05:45:46,19.23,9.13
2024-01-30 05:48:12,17.77,10.35
2024-01-30 05:50:37,19.63,10.38
2024-01-30 05:53:03,21.6,10.8
2024-01-30 05:55:29,18.65,9.88
2024-01-30 05:57:54,22.88,11.65
2024-01-30 06:00:20,27.4,13.43
2024-01-30 06:02:46,17.9,10.05
2024-01-30 06:05:11,31.4,14.45
2024-01-30 06:07:40,34.65,23.25
2024-01-30 06:10:06,44.55,21.02
2024-01-30 06:12:33,59.15,28.73
2024-01-30 06:15:00,62.35,33.15
2024-01-30 06:17:26,50.9,29.55
2024-01-30 06:19:54,36.35,21.55
2024-01-30 06:22:20,46.83,25.1
2024-01-30 06:24:46,49.33,24.65
2024-01-30 06:27:13,49.0,22.38
2024-01-30 06:29:40,40.65,24.23
2024-01-30 06:32:06,52.8,26.08
2024-01-30 06:34:32,42.85,23.17
2024-01-30 06:36:57,45.47,24.38
2024-01-30 06:39:23,42.95,22.42
2024-01-30 06:41:49,42.63,21.63
2024-01-30 06:44:14,42.97,21.05
2024-01-30 06:46:40,43.7,19.95
2024-01-30 06:49:05,39.25,20.48
2024-01-30 06:51:31,38.33,21.33
2024-01-30 06:53:57,42.5,21.9
2024-01-30 06:56:25,49.2,23.7
2024-01-30 06:58:51,44.0,22.13
2024-01-30 07:01:17,45.67,23.63
2024-01-30 07:03:43,38.95,22.42
2024-01-30 07:06:09,48.08,24.13
2024-01-30 07:08:38,36.85,19.42
2024-01-30 07:11:07,36.45,21.02
2024-01-30 07:13:34,47.3,23.92
2024-01-30 07:16:05,46.8,24.02
2024-01-30 07:18:30,35.65,18.05
2024-01-30 07:20:59,44.63,23.77
2024-01-30 07:23:25,58.8,29.2
2024-01-30 07:25:50,51.38,27.08
2024-01-30 07:28:16,50.65,27.23
2024-01-30 07:30:42,47.53,24.98
2024-01-30 07:33:08,48.25,26.35
2024-01-30 07:35:34,74.4,31.63
2024-01-30 07:38:00,50.2,29.6
2024-01-30 07:40:28,49.78,22.77
2024-01-30 07:42:55,59.2,29.85
2024-01-30 07:45:21,50.1,26.92
2024-01-30 07:47:53,55.75,29.85
2024-01-30 07:50:21,48.85,29.6
2024-01-30 07:52:47,47.85,24.23
2024-01-30 07:58:13,48.4,25.5
2024-01-30 08:00:39,38.33,21.2
2024-01-30 08:03:05,29.65,18.38
2024-01-30 08:05:30,44.42,22.77
2024-01-30 08:07:56,44.25,25.27
2024-01-30 08:10:22,39.22,21.73
2024-01-30 08:12:51,42.3,20.42
2024-01-30 08:15:16,36.45,18.73
2024-01-30 08:17:43,39.53,22.85
2024-01-30 08:20:09,49.47,18.15
2024-01-30 08:22:40,35.92,18.88
2024-01-30 08:25:08,25.05,14.85
2024-01-30 08:27:35,25.77,16.0
2024-01-30 08:30:03,23.23,14.55
2024-01-30 08:32:31,26.73,14.93
2024-01-30 08:34:57,20.83,13.35
2024-01-30 08:37:26,27.4,12.88
2024-01-30 08:39:51,16.7,10.05
2024-01-30 08:42:17,17.05,11.48
2024-01-30 08:44:47,22.6,12.07
2024-01-30 08:47:14,16.67,10.85
2024-01-30 08:49:41,18.3,12.65
2024-01-30 08:52:10,22.23,11.52
2024-01-30 08:54:36,21.8,11.43
2024-01-30 08:57:01,20.38,13.2
2024-01-30 08:59:29,19.05,14.32
2024-01-30 09:01:58,14.65,10.4
2024-01-30 09:04:24,20.15,12.18
2024-01-30 09:06:53,31.8,14.9
2024-01-30 09:09:18,18.8,12.18
2024-01-30 09:11:44,19.6,11.75
2024-01-30 09:14:10,18.15,11.6
2024-01-30 09:16:37,19.13,9.63
2024-01-30 09:19:02,20.88,10.4
2024-01-30 09:21:29,15.8,8.95
2024-01-30 09:23:54,19.67,9.95
2024-01-30 09:26:27,28.55,13.02
2024-01-30 09:28:53,19.9,11.38
2024-01-30 09:31:18,14.3,8.55
2024-01-30 09:33:44,15.18,9.4
2024-01-30 09:36:12,14.57,9.73
2024-01-30 09:38:40,17.6,9.43
2024-01-30 09:41:07,14.15,7.9
2024-01-30 09:43:36,12.5,8.23
2024-01-30 09:46:03,22.48,8.68
2024-01-30 09:48:30,12.3,7.97
2024-01-30 09:50:56,14.27,7.93
2024-01-30 09:53:25,17.27,10.5
2024-01-30 09:55:54,20.02,10.35
2024-01-30 09:58:20,14.9,8.5
2024-01-30 10:00:47,13.13,8.45
2024-01-30 10:03:12,15.57,8.48
2024-01-30 10:05:40,13.2,6.55
2024-01-30 10:08:06,10.82,6.97
2024-01-30 10:10:35,13.27,6.57
2024-01-30 10:13:01,12.75,8.07
2024-01-30 10:15:27,10.73,6.88
2024-01-30 10:17:53,9.8,6.97
2024-01-30 10:20:19,13.18,6.95
2024-01-30 10:22:47,8.75,5.88
2024-01-30 10:25:14,6.9,5.75
2024-01-30 10:27:52,12.05,6.35
2024-01-30 10:30:24,10.7,6.35
2024-01-30 10:32:50,18.33,7.9
2024-01-30 10:35:16,10.23,7.38
2024-01-30 10:37:47,20.95,10.27
2024-01-30 10:40:13,9.68,6.68
2024-01-30 10:42:44,10.27,5.82
2024-01-30 10:45:11,11.88,6.3
2024-01-30 10:47:46,9.93,6.15
2024-01-30 10:50:14,19.75,7.4
2024-01-30 10:52:40,12.75,6.1
2024-01-30 10:55:09,10.73,5.4
2024-01-30 10:57:35,10.75,6.25
2024-01-30 11:00:08,9.1,4.85
2024-01-30 11:02:42,9.73,5.55
2024-01-30 11:05:09,8.5,5.4
2024-01-30 11:07:35,17.67,9.65
2024-01-30 11:10:04,11.75,7.05
2024-01-30 11:12:42,17.67,8.05
2024-01-30 11:15:13,12.5,7.55
2024-01-30 11:20:32,10.73,5.8
2024-01-30 11:23:10,8.55,5.85
2024-01-30 11:25:43,10.57,6.32
2024-01-30 11:28:15,9.23,6.38
2024-01-30 11:30:44,10.23,5.75
2024-01-30 11:33:16,12.95,7.55
2024-01-30 11:35:56,15.85,8.77
2024-01-30 11:40:57,8.13,5.13
2024-01-30 11:43:25,7.95,5.5
2024-01-30 11:45:51,10.13,6.63
2024-01-30 11:48:20,8.1,5.6
2024-01-30 11:50:46,9.25,6.13
2024-01-30 11:53:12,9.43,5.18
2024-01-30 11:55:37,9.6,6.72
2024-01-30 11:58:03,13.02,6.9
2024-01-30 12:00:29,9.4,6.28
2024-01-30 12:02:59,7.93,5.18
2024-01-30 12:05:31,9.4,6.15
2024-01-30 12:07:57,10.35,5.3
2024-01-30 12:10:25,12.25,6.45
2024-01-30 12:12:51,14.57,6.7
2024-01-30 12:15:18,11.02,7.03
2024-01-30 12:17:50,7.5,5.32
2024-01-30 12:20:19,11.0,6.18
2024-01-30 12:22:47,11.45,7.8
2024-01-30 12:25:14,11.93,7.4
2024-01-30 12:27:45,9.1,5.88
2024-01-30 12:30:16,7.13,5.32
2024-01-30 12:32:45,9.9,5.8
2024-01-30 12:35:13,8.1,5.55
2024-01-30 12:37:40,8.98,5.13
2024-01-30 12:40:09,9.25,5.65
2024-01-30 12:42:36,13.7,6.47
2024-01-30 12:45:02,13.57,7.45
2024-01-30 12:47:31,13.98,7.38
2024-01-30 12:49:57,10.27,5.85
2024-01-30 12:52:23,15.35,8.55
2024-01-30 12:54:49,11.9,6.68
2024-01-30 12:57:16,10.85,6.07
2024-01-30 12:59:42,15.77,6.55
2024-01-30 13:02:08,11.23,7.2
2024-01-30 13:04:34,13.27,7.03
2024-01-30 13:07:00,14.07,7.4
2024-01-30 13:09:26,11.25,6.88
2024-01-30 13:11:52,11.02,6.28
2024-01-30 13:14:18,8.75,5.0
2024-01-30 13:16:53,21.42,7.07
2024-01-30 13:19:18,14.18,8.88
2024-01-30 13:21:44,18.15,6.95
2024-01-30 13:24:10,10.05,5.85
2024-01-30 13:26:35,6.45,4.9
2024-01-30 13:29:01,9.4,5.75
2024-01-30 13:31:26,9.1,5.7
2024-01-30 13:33:53,10.6,6.47
2024-01-30 13:36:19,15.45,8.93
2024-01-30 13:38:45,14.13,8.38
2024-01-30 13:41:11,14.18,8.95
2024-01-30 13:43:36,12.23,6.5
2024-01-30 13:46:02,11.65,6.72
2024-01-30 13:48:28,16.73,8.77
2024-01-30 13:50:54,13.55,9.07
2024-01-30 13:53:20,15.4,9.35
2024-01-30 13:55:46,11.55,7.8
2024-01-30 13:58:12,15.02,9.4
2024-01-30 14:00:38,13.57,7.55
2024-01-30 14:03:03,8.57,5.45
2024-01-30 14:05:29,35.85,19.6
2024-01-30 14:07:56,22.9,12.9
2024-01-30 14:10:22,14.75,8.52
2024-01-30 14:12:47,13.52,7.6
2024-01-30 14:15:13,12.15,7.8
2024-01-30 14:17:47,12.4,8.1
2024-01-30 14:20:13,16.1,10.15
2024-01-30 14:22:39,16.9,10.25
2024-01-30 14:25:05,16.15,9.1
2024-01-30 14:27:31,18.7,8.75
2024-01-30 14:29:57,18.3,10.27
2024-01-30 14:32:23,25.48,11.45
2024-01-30 14:34:49,20.67,12.25
2024-01-30 14:37:15,15.63,10.05
2024-01-30 14:39:41,17.8,9.63
2024-01-30 14:42:07,17.23,9.82
2024-01-30 14:44:32,18.42,8.98
2024-01-30 14:46:59,15.02,8.77
2024-01-30 14:49:25,16.35,9.7
2024-01-30 14:51:50,16.75,9.1
2024-01-30 14:54:16,15.82,9.9
2024-01-30 14:56:41,19.7,10.05
2024-01-30 14:59:07,29.75,16.33
2024-01-30 15:01:33,27.67,15.95
2024-01-30 15:04:01,25.15,16.2
2024-01-30 15:06:27,35.83,18.7
2024-01-30 15:08:53,29.73,15.9
2024-01-30 15:11:19,28.88,14.73
2024-01-30 15:13:44,19.65,13.55
2024-01-30 15:16:13,21.25,10.98
2024-01-30 15:18:39,19.5,11.9
2024-01-30 15:21:04,20.48,12.32
2024-01-30 15:23:30,21.2,12.45
2024-01-30 15:25:56,27.85,12.93
2024-01-30 15:28:34,30.75,14.27
2024-01-30 15:31:04,23.9,14.3
2024-01-30 15:33:31,26.9,12.38
2024-01-30 15:35:58,18.25,9.85
2024-01-30 15:38:24,19.85,11.75
2024-01-30 15:40:50,17.3,10.8
2024-01-30 15:43:15,26.17,12.68
2024-01-30 15:45:41,28.25,16.15
2024-01-30 15:48:06,20.73,12.77
2024-01-30 15:50:32,22.17,11.88
2024-01-30 15:52:58,17.5,11.38
2024-01-30 15:55:24,21.2,12.38
2024-01-30 15:57:49,19.92,11.5
2024-01-30 16:00:15,23.35,11.95
2024-01-30 16:02:41,21.55,10.25
2024-01-30 16:05:07,19.7,11.8
2024-01-30 16:07:34,24.02,11.95
2024-01-30 16:09:59,37.6,16.17
2024-01-30 16:12:25,31.83,15.1
2024-01-30 16:14:50,39.67,16.13
2024-01-30 16:17:16,39.0,17.2
2024-01-30 16:19:41,37.22,16.55
2024-01-30 16:22:07,34.03,14.9
2024-01-30 16:24:33,28.83,15.4
2024-01-30 16:26:59,24.95,11.9
2024-01-30 16:29:25,23.02,12.73
2024-01-30 16:31:50,20.52,10.68
2024-01-30 16:34:16,20.48,10.18
2024-01-30 16:36:41,25.7,11.02
2024-01-30 16:39:09,16.63,8.77
2024-01-30 16:41:34,13.05,7.88
2024-01-30 16:44:00,14.25,7.85
2024-01-30 16:46:26,14.48,7.13
2024-01-30 16:48:51,11.3,7.32
2024-01-30 16:51:19,15.7,8.35
2024-01-30 16:53:45,15.7,8.27
2024-01-30 16:56:12,13.93,8.18
2024-01-30 16:58:38,14.07,8.32
2024-01-30 17:01:03,11.75,8.02
2024-01-30 17:03:29,13.32,7.07
2024-01-30 17:05:55,14.2,8.55
2024-01-30 17:08:23,13.15,7.75
2024-01-30 17:10:49,18.95,8.2
2024-01-30 17:13:14,15.07,8.32
2024-01-30 17:15:40,15.98,8.98
2024-01-30 17:18:05,15.8,8.55
2024-01-30 17:20:31,17.63,8.8
2024-01-30 17:22:56,30.95,14.1
2024-01-30 17:25:22,55.58,26.67
2024-01-30 17:27:47,46.63,21.35
2024-01-30 17:30:14,42.67,23.08
2024-01-30 17:32:45,35.45,18.25
2024-01-30 17:35:11,37.0,18.75
2024-01-30 17:37:36,34.17,17.95
2024-01-30 17:40:03,40.25,20.65
2024-01-30 17:42:30,45.6,22.23
2024-01-30 17:44:55,49.3,23.45
2024-01-30 17:47:21,33.17,17.48
2024-01-30 17:49:47,32.45,17.63
2024-01-30 17:52:12,19.75,11.68
2024-01-30 17:54:38,21.7,10.3
2024-01-30 17:57:03,25.4,12.68
2024-01-30 17:59:29,25.8,15.05
2024-01-30 18:01:54,75.8,34.9
2024-01-30 18:04:20,63.92,31.88
2024-01-30 18:06:49,48.5,27.05
2024-01-30 18:09:16,61.5,29.38
2024-01-30 18:11:41,65.38,33.85
2024-01-30 18:14:07,51.8,28.55
2024-01-30 18:16:32,58.83,28.02
2024-01-30 18:18:58,66.05,38.15
2024-01-30 18:21:23,68.78,36.6
2024-01-30 18:23:49,31.55,17.58
2024-01-30 18:26:15,47.9,25.23
2024-01-30 18:28:41,48.58,27.83
2024-01-30 18:31:07,76.75,38.45
2024-01-30 18:33:33,58.85,29.58
2024-01-30 18:35:58,102.07,51.13
2024-01-30 18:38:24,127.6,65.18
2024-01-30 18:40:49,153.4,78.22
2024-01-30 18:43:15,189.98,95.5
2024-01-30 18:45:42,189.88,90.63
2024-01-30 18:48:08,164.05,82.18
2024-01-30 18:50:34,173.77,80.75
2024-01-30 18:52:59,194.48,94.05
2024-01-30 18:55:25,192.9,92.7
2024-01-30 18:57:50,193.02,95.35
2024-01-30 19:00:16,176.75,89.35
2024-01-30 19:02:42,144.0,73.13
2024-01-30 19:05:07,182.75,89.82
2024-01-30 19:07:33,195.57,88.0
2024-01-30 19:09:58,157.57,76.6
2024-01-30 19:12:23,169.15,76.4
2024-01-30 19:14:49,144.38,68.88
2024-01-30 19:17:16,131.5,66.5
2024-01-30 19:19:42,135.98,63.92
2024-01-30 19:22:07,133.35,62.78
2024-01-30 19:24:33,150.0,70.32
2024-01-30 19:26:59,138.02,66.53
2024-01-30 19:29:24,127.47,69.68
2024-01-30 19:31:50,131.13,65.88
2024-01-30 19:34:15,130.98,62.85
2024-01-30 19:36:41,91.07,47.0
2024-01-30 19:39:06,80.32,44.92
2024-01-30 19:41:38,93.05,49.25
2024-01-30 19:44:04,96.18,50.55
2024-01-30 19:46:30,86.57,46.47
2024-01-30 19:48:56,102.93,49.47
2024-01-30 19:51:21,83.6,46.58
2024-01-30 19:53:46,80.63,40.08
2024-01-30 19:56:12,65.95,32.35
2024-01-30 19:58:37,58.5,30.23
2024-01-30 20:01:03,62.97,30.17
2024-01-30 20:03:28,58.7,35.08
2024-01-30 20:05:54,59.72,32.42
2024-01-30 20:08:19,51.05,28.33
2024-01-30 20:11:12,54.78,27.38
2024-01-30 20:13:39,50.92,26.9
2024-01-30 20:16:05,54.58,27.77
2024-01-30 20:18:31,51.42,28.4
2024-01-30 20:20:57,59.83,32.67
2024-01-30 20:23:22,65.38,35.83
2024-01-30 20:25:48,75.57,38.08
2024-01-30 20:28:13,65.3,34.65
2024-01-30 20:30:39,72.45,39.17
2024-01-30 20:33:05,63.75,36.83
2024-01-30 20:35:30,66.15,37.25
2024-01-30 20:37:56,54.92,28.23
2024-01-30 20:40:21,35.7,18.0
2024-01-30 20:42:47,31.0,15.73
2024-01-30 20:45:12,47.33,16.35
2024-01-30 20:47:38,57.65,30.88
2024-01-30 20:50:03,65.22,31.35
2024-01-30 20:52:29,50.45,23.88
2024-01-30 20:54:55,50.78,28.35
2024-01-30 20:57:20,70.05,32.75
2024-01-30 20:59:46,75.47,37.67
2024-01-30 21:02:11,85.05,42.05
2024-01-30 21:04:36,98.72,47.97
2024-01-30 21:07:02,104.97,45.9
2024-01-30 21:09:27,129.95,64.22
2024-01-30 21:11:53,132.0,66.72
2024-01-30 21:14:18,92.82,48.7
2024-01-30 21:16:44,76.38,36.47
2024-01-30 21:19:09,79.93,40.25
2024-01-30 21:21:35,92.8,42.13
2024-01-30 21:24:00,94.43,44.9
2024-01-30 21:26:26,69.7,35.03
2024-01-30 21:28:51,58.55,27.17
2024-01-30 21:31:17,63.15,27.48
2024-01-30 21:33:43,76.65,34.03
2024-01-30 21:36:08,74.75,34.75
2024-01-30 21:38:34,79.72,34.8
2024-01-30 21:41:00,70.9,32.83
2024-01-30 21:43:26,55.42,28.0
2024-01-30 21:45:51,50.4,24.17
2024-01-30 21:48:16,71.47,32.45
2024-01-30 21:50:42,62.05,30.3
2024-01-30 21:53:07,64.45,26.6
2024-01-30 21:55:33,52.67,23.23
2024-01-30 21:57:58,53.42,25.8
2024-01-30 22:00:24,53.53,25.52
2024-01-30 22:02:50,49.65,23.08
2024-01-30 22:05:15,36.05,19.48
2024-01-30 22:07:41,43.97,23.83
2024-01-30 22:10:07,56.33,27.52
2024-01-30 22:12:32,47.92,23.1
2024-01-30 22:14:58,69.35,32.8
2024-01-30 22:17:23,61.95,30.23
2024-01-30 22:19:50,55.0,26.55
2024-01-30 22:22:15,44.13,22.92
2024-01-30 22:24:41,41.05,23.25
2024-01-30 22:27:06,68.18,27.58
2024-01-30 22:29:32,56.67,27.08
2024-01-30 22:31:57,48.42,22.4
2024-01-30 22:34:25,51.6,21.33
2024-01-30 22:36:52,40.7,19.95
2024-01-30 22:39:18,40.5,21.38
2024-01-30 22:41:43,36.63,21.67
2024-01-30 22:44:08,36.6,17.13
2024-01-30 22:46:34,37.63,15.68
2024-01-30 22:48:59,27.0,13.7
2024-01-30 22:51:25,26.05,13.85
2024-01-30 22:53:51,35.58,14.48
2024-01-30 22:56:16,58.33,21.25
2024-01-30 22:58:42,73.18,27.0
2024-01-30 23:01:07,48.88,21.7
2024-01-30 23:03:33,49.53,18.8
2024-01-30 23:05:59,32.85,16.3
2024-01-30 23:08:24,39.22,17.23
2024-01-30 23:10:50,47.33,19.42
2024-01-30 23:13:15,41.17,20.1
2024-01-30 23:15:41,35.7,16.58
2024-01-30 23:18:06,38.08,14.7
2024-01-30 23:20:32,26.45,13.63
2024-01-30 23:22:57,28.33,14.07
2024-01-30 23:25:23,32.28,13.95
2024-01-30 23:27:48,29.77,12.27
2024-01-30 23:30:14,35.5,15.93
2024-01-30 23:32:40,35.05,17.73
2024-01-30 23:35:05,32.03,18.05
2024-01-30 23:37:32,33.2,18.2
2024-01-30 23:39:58,28.92,15.27
2024-01-30 23:42:23,29.6,14.68
2024-01-30 23:44:49,26.3,15.27
2024-01-30 23:47:14,33.33,18.1
2024-01-30 23:49:40,26.05,14.3
2024-01-30 23:52:05,31.0,14.1
2024-01-30 23:54:31,28.33,12.98
2024-01-30 23:56:57,32.63,17.48
2024-01-30 23:59:22,39.97,17.35
2024-01-31 00:01:48,52.3,24.92
2024-01-31 00:04:13,47.9,28.73
2024-01-31 00:06:39,43.35,21.4
2024-01-31 00:09:05,39.17,21.63
2024-01-31 00:11:31,55.03,28.0
2024-01-31 00:13:56,50.78,24.9
2024-01-31 00:16:22,45.03,19.2
2024-01-31 00:18:48,28.83,16.0
2024-01-31 00:21:17,27.08,14.8
2024-01-31 00:23:42,39.22,16.05
2024-01-31 00:26:08,38.63,18.5
2024-01-31 00:28:33,35.25,18.67
2024-01-31 00:30:59,36.75,17.0
2024-01-31 00:33:24,25.73,15.07
2024-01-31 00:35:50,32.75,14.63
2024-01-31 00:38:15,26.83,13.65
2024-01-31 00:40:41,32.47,14.55
2024-01-31 00:43:08,23.52,12.35
2024-01-31 00:45:34,34.88,14.3
2024-01-31 00:48:00,24.6,13.13
2024-01-31 00:50:25,27.02,15.48
2024-01-31 00:52:51,31.98,15.82
2024-01-31 00:55:16,37.45,15.9
2024-01-31 00:57:42,29.8,17.05
2024-01-31 01:00:07,31.63,17.92
2024-01-31 01:02:37,25.67,16.35
2024-01-31 01:05:05,23.55,14.95
2024-01-31 01:07:32,21.38,12.85
2024-01-31 01:09:58,31.0,16.25
2024-01-31 01:12:23,41.58,17.77
2024-01-31 01:14:49,34.03,16.0
2024-01-31 01:17:14,30.95,16.5
2024-01-31 01:19:40,39.75,18.25
2024-01-31 01:22:05,31.2,16.55
2024-01-31 01:24:31,32.8,16.48
2024-01-31 01:26:56,29.9,15.85
2024-01-31 01:29:22,31.67,16.3
2024-01-31 01:31:47,31.75,16.83
2024-01-31 01:34:12,31.6,15.57
2024-01-31 01:36:38,28.52,14.85
2024-01-31 01:39:03,33.55,15.75
2024-01-31 01:41:29,29.67,14.73
2024-01-31 01:43:54,31.55,15.98
2024-01-31 01:46:20,27.85,13.0
2024-01-31 01:48:47,26.95,15.43
2024-01-31 01:51:13,23.38,12.7
2024-01-31 01:53:41,25.7,12.5
2024-01-31 01:56:07,26.75,14.5
2024-01-31 01:58:33,27.77,16.52
2024-01-31 02:01:01,44.33,18.17
2024-01-31 02:03:29,31.1,14.6
2024-01-31 02:05:56,25.58,14.93
2024-01-31 02:08:22,21.45,11.63
2024-01-31 02:10:48,27.65,12.15
2024-01-31 02:13:14,19.63,12.27
2024-01-31 02:15:49,27.0,14.38
2024-01-31 02:18:25,26.73,13.57
2024-01-31 02:20:52,19.98,12.32
2024-01-31 02:23:17,37.05,17.4
2024-01-31 02:25:44,28.98,16.92
2024-01-31 02:28:10,33.58,16.85
2024-01-31 02:30:36,26.55,18.52
2024-01-31 02:33:01,31.17,16.3
2024-01-31 02:35:28,43.75,18.25
2024-01-31 02:37:55,28.67,15.68
2024-01-31 02:40:22,29.08,16.1
2024-01-31 02:42:48,34.7,17.45
2024-01-31 02:45:13,34.95,19.5
2024-01-31 02:47:39,24.45,17.13
2024-01-31 02:50:05,44.5,20.48
2024-01-31 02:52:30,36.58,18.42
2024-01-31 02:54:56,35.38,16.33
2024-01-31 02:57:23,26.52,16.42
2024-01-31 02:59:49,27.17,15.55
2024-01-31 03:02:15,27.33,15.57
2024-01-31 03:04:41,26.3,14.7
2024-01-31 03:07:06,20.1,11.32
2024-01-31 03:09:32,33.63,13.07
2024-01-31 03:11:57,22.17,13.02
2024-01-31 03:14:23,26.23,14.4
2024-01-31 03:16:48,33.45,14.7
2024-01-31 03:19:14,28.95,14.1
2024-01-31 03:21:40,24.02,13.9
2024-01-31 03:24:06,33.1,14.25
2024-01-31 03:26:31,37.3,16.98
2024-01-31 03:28:57,26.7,14.82
2024-01-31 03:31:26,22.42,12.85
2024-01-31 03:33:52,35.75,16.52
2024-01-31 03:36:17,25.45,11.0
2024-01-31 03:38:43,36.3,15.2
2024-01-31 03:41:08,21.65,15.13
2024-01-31 03:43:34,27.67,14.3
2024-01-31 03:46:00,23.3,15.73
2024-01-31 03:48:29,39.47,16.55
2024-01-31 03:50:55,77.25,34.8
2024-01-31 03:53:23,36.45,15.95
2024-01-31 03:55:49,36.55,14.85
2024-01-31 03:58:14,31.8,14.55
2024-01-31 04:00:40,35.7,16.6
2024-01-31 04:03:07,30.75,15.9
2024-01-31 04:05:32,40.38,22.23
2024-01-31 04:07:58,40.88,19.5
2024-01-31 04:10:23,33.83,16.7
2024-01-31 04:12:49,32.22,17.58
2024-01-31 04:15:14,35.8,17.2
2024-01-31 04:17:40,31.0,15.15
2024-01-31 04:20:05,35.3,18.2
2024-01-31 04:22:32,32.15,17.33
2024-01-31 04:24:57,33.38,15.52
2024-01-31 04:27:23,41.9,18.8
2024-01-31 04:29:48,36.6,19.75
2024-01-31 04:32:14,28.8,17.1
2024-01-31 04:34:39,31.88,20.33
2024-01-31 04:37:05,39.72,21.92
2024-01-31 04:39:30,36.65,18.23
2024-01-31 04:41:56,24.95,14.82
2024-01-31 04:44:22,27.13,15.85
2024-01-31 04:46:47,36.75,15.32
2024-01-31 04:49:13,27.73,16.63
2024-01-31 04:51:41,21.7,14.82
2024-01-31 04:54:07,27.2,17.02
2024-01-31 04:56:33,25.7,16.42
2024-01-31 04:59:00,27.4,13.0
2024-01-31 05:01:25,27.63,14.57
2024-01-31 05:03:51,38.75,16.7
2024-01-31 05:06:17,38.0,17.27
2024-01-31 05:08:43,25.6,15.8
2024-01-31 05:11:12,36.35,15.3
2024-01-31 05:13:37,32.67,17.92
2024-01-31 05:16:06,21.92,15.38
2024-01-31 05:18:33,30.77,15.9
2024-01-31 05:20:59,33.28,17.75
2024-01-31 05:23:25,27.58,15.2
2024-01-31 05:25:50,31.38,17.23
2024-01-31 05:28:15,39.88,18.3
2024-01-31 05:30:41,29.4,16.35
2024-01-31 05:33:07,32.22,20.2
2024-01-31 05:35:32,30.98,19.25
2024-01-31 05:38:01,19.33,15.88
2024-01-31 05:40:28,36.95,19.2
2024-01-31 05:42:54,37.63,21.55
2024-01-31 05:45:19,48.03,24.52
2024-01-31 05:47:45,39.67,21.27
2024-01-31 05:50:10,41.3,21.95
2024-01-31 05:52:36,38.72,22.6
2024-01-31 05:55:01,45.38,23.3
2024-01-31 05:57:27,46.15,23.15
2024-01-31 05:59:52,45.33,21.4
2024-01-31 06:02:18,40.5,23.88
2024-01-31 06:04:43,45.6,21.13
2024-01-31 06:07:08,39.08,20.05
2024-01-31 06:09:35,37.67,21.7
2024-01-31 06:12:01,34.33,17.92
2024-01-31 06:14:27,31.45,18.3
2024-01-31 06:16:53,37.0,20.63
2024-01-31 06:19:18,46.5,20.83
2024-01-31 06:21:44,45.28,26.48
2024-01-31 06:24:09,75.7,40.03
2024-01-31 06:26:39,78.53,40.67
2024-01-31 06:29:05,73.7,43.65
2024-01-31 06:31:30,94.13,48.6
2024-01-31 06:34:00,103.47,50.13
2024-01-31 06:36:26,94.75,50.38
2024-01-31 06:38:51,73.78,40.58
2024-01-31 06:41:17,82.97,43.47
2024-01-31 06:43:43,68.68,39.8
2024-01-31 06:46:08,82.7,41.17
2024-01-31 06:48:34,82.55,44.42
2024-01-31 06:50:59,69.25,38.6
2024-01-31 06:53:25,73.63,37.7
2024-01-31 06:55:52,78.13,35.2
2024-01-31 06:58:18,71.38,36.13
2024-01-31 07:00:43,53.15,31.27
2024-01-31 07:03:10,58.33,27.88
2024-01-31 07:05:36,51.85,29.05
2024-01-31 07:08:02,49.08,27.75
2024-01-31 07:10:27,54.3,29.27
2024-01-31 07:12:53,58.05,31.38
2024-01-31 07:15:21,57.35,28.75
2024-01-31 07:17:47,64.72,34.58
2024-01-31 07:20:12,59.2,30.83
2024-01-31 07:22:38,70.07,32.95
2024-01-31 07:25:04,64.8,34.3
2024-01-31 07:27:29,75.57,36.85
2024-01-31 07:29:55,75.4,34.7
2024-01-31 07:32:20,81.43,34.25
2024-01-31 07:34:46,74.47,35.38
2024-01-31 07:37:11,58.1,28.98
2024-01-31 07:39:37,50.75,30.02
2024-01-31 07:42:03,54.6,30.8
2024-01-31 07:44:29,54.5,28.88
2024-01-31 07:46:54,57.67,31.13
2024-01-31 07:49:20,49.8,28.48
2024-01-31 07:51:46,53.13,28.63
2024-01-31 07:54:11,58.17,31.52
2024-01-31 07:56:40,44.92,29.63
2024-01-31 07:59:06,89.1,35.95
2024-01-31 08:01:34,55.45,30.35
2024-01-31 08:04:00,52.13,30.8
2024-01-31 08:06:37,82.63,42.28
2024-01-31 08:09:04,79.35,43.45
2024-01-31 08:11:29,71.45,38.28
2024-01-31 08:13:55,54.3,29.35
2024-01-31 08:16:21,51.2,32.1
2024-01-31 08:18:47,59.08,32.22
2024-01-31 08:21:15,61.95,34.63
2024-01-31 08:23:40,57.5,32.72
2024-01-31 08:26:06,57.58,30.95
2024-01-31 08:28:32,59.33,31.3
2024-01-31 08:30:58,48.35,30.55
2024-01-31 08:33:24,59.33,31.8
2024-01-31 08:35:49,53.45,30.33
2024-01-31 08:38:15,67.85,36.13
2024-01-31 08:40:41,57.47,37.83
2024-01-31 08:43:06,49.92,30.4
2024-01-31 08:45:32,50.72,30.3
2024-01-31 08:47:57,49.83,29.52
2024-01-31 08:50:23,52.3,29.8
2024-01-31 08:52:49,46.38,29.52
2024-01-31 08:55:15,56.95,30.95
2024-01-31 08:57:40,57.15,29.95
2024-01-31 09:00:07,47.15,27.52
2024-01-31 09:02:35,49.1,28.85
2024-01-31 09:05:00,46.28,28.1
2024-01-31 09:07:26,51.65,32.58
2024-01-31 09:09:53,53.0,32.65
2024-01-31 09:12:19,53.5,32.6
2024-01-31 09:14:44,48.83,31.75
2024-01-31 09:17:10,57.72,31.4
2024-01-31 09:19:36,54.38,31.17
2024-01-31 09:22:02,51.38,31.13
2024-01-31 09:24:30,51.63,31.73
2024-01-31 09:26:56,52.72,32.45
2024-01-31 09:29:43,47.22,30.15
2024-01-31 09:32:08,55.47,31.38
2024-01-31 09:34:36,50.78,28.42
2024-01-31 09:37:02,53.95,33.03
2024-01-31 09:39:31,59.92,34.8
2024-01-31 09:41:57,59.7,33.05
2024-01-31 09:44:25,50.63,32.4
2024-01-31 09:46:59,54.88,33.8
2024-01-31 09:49:25,60.05,33.95
2024-01-31 09:51:58,50.22,30.9
2024-01-31 09:54:24,54.22,33.85
2024-01-31 09:56:51,50.2,30.85
2024-01-31 09:59:17,44.3,29.25
2024-01-31 10:01:43,51.08,30.7
2024-01-31 10:04:10,50.33,29.42
2024-01-31 10:06:35,58.33,31.55
2024-01-31 10:09:01,60.03,33.5
2024-01-31 10:11:29,59.1,33.22
2024-01-31 10:13:56,56.6,31.27
2024-01-31 10:16:22,55.85,31.5
2024-01-31 10:18:47,58.67,30.48
2024-01-31 10:21:16,56.17,34.7
2024-01-31 10:24:02,69.18,35.88
2024-01-31 10:26:28,57.38,35.35
2024-01-31 10:28:54,59.78,33.17
2024-01-31 10:31:21,63.9,35.2
2024-01-31 10:33:46,70.03,35.42
2024-01-31 10:36:13,67.5,36.6
2024-01-31 10:38:39,48.3,29.63
2024-01-31 10:41:05,48.85,31.6
2024-01-31 10:43:34,52.63,29.25
2024-01-31 10:45:59,60.2,33.58
2024-01-31 10:48:28,63.38,35.88
2024-01-31 10:50:54,70.18,35.05
2024-01-31 10:53:21,72.45,31.4
2024-01-31 10:55:48,44.1,26.17
2024-01-31 10:58:14,34.8,23.0
2024-01-31 11:00:51,48.7,26.58
2024-01-31 11:03:27,37.17,25.02
2024-01-31 11:05:53,46.58,26.02
2024-01-31 11:08:23,56.97,30.02
2024-01-31 11:10:49,50.95,29.23
2024-01-31 11:13:15,44.2,25.02
2024-01-31 11:15:44,35.65,22.63
2024-01-31 11:18:14,35.13,21.42
2024-01-31 11:20:44,35.33,21.48
2024-01-31 11:23:29,41.65,23.5
2024-01-31 11:25:55,44.15,23.17
2024-01-31 11:28:24,48.25,29.08
2024-01-31 11:30:50,42.38,27.4
2024-01-31 11:33:17,48.3,28.55
2024-01-31 11:35:43,48.22,27.9
2024-01-31 11:38:09,32.67,23.92
2024-01-31 11:40:34,39.03,24.08
2024-01-31 11:43:00,47.95,27.85
2024-01-31 11:45:26,38.97,25.65
2024-01-31 11:47:55,43.8,24.65
2024-01-31 11:50:22,38.92,24.2
2024-01-31 11:52:48,49.42,28.23
2024-01-31 11:55:25,51.63,29.5
2024-01-31 11:57:51,55.53,30.83
2024-01-31 12:00:18,57.38,32.45
2024-01-31 12:02:44,41.03,28.15
2024-01-31 12:05:10,52.72,28.3
2024-01-31 12:07:37,46.9,29.17
2024-01-31 12:10:03,44.92,26.33
2024-01-31 12:12:31,49.2,29.1
2024-01-31 12:14:59,43.78,28.45
2024-01-31 12:17:25,42.22,27.25
2024-01-31 12:20:01,43.9,28.7
2024-01-31 12:22:42,48.0,28.83
2024-01-31 12:25:10,45.97,27.95
2024-01-31 12:27:39,50.15,27.45
2024-01-31 12:30:04,52.35,31.33
2024-01-31 12:32:30,47.9,29.1
2024-01-31 12:34:56,45.95,28.25
2024-01-31 12:37:22,39.78,24.83
2024-01-31 12:39:48,47.45,27.75
2024-01-31 12:42:14,40.1,25.05
2024-01-31 12:44:40,42.2,27.92
2024-01-31 12:47:13,43.45,24.23
2024-01-31 12:49:40,38.95,25.42
2024-01-31 12:52:08,40.97,26.4
2024-01-31 12:54:36,48.08,27.73
2024-01-31 12:57:02,36.22,23.92
2024-01-31 12:59:28,34.15,22.33
2024-01-31 13:01:55,42.55,24.33
2024-01-31 13:04:21,41.75,22.73
2024-01-31 13:06:50,40.15,22.5
2024-01-31 13:09:23,41.8,21.23
2024-01-31 13:11:52,36.28,21.98
2024-01-31 13:14:24,34.67,22.77
2024-01-31 13:16:54,30.88,20.42
2024-01-31 13:19:20,33.65,21.95
2024-01-31 13:21:49,41.88,24.27
2024-01-31 13:24:18,41.17,21.48
2024-01-31 13:26:44,32.1,20.0
2024-01-31 13:29:10,38.8,23.15
2024-01-31 13:31:39,39.83,21.58
2024-01-31 13:34:04,31.73,20.73
2024-01-31 13:36:30,30.67,18.67
2024-01-31 13:38:55,35.88,19.52
2024-01-31 13:41:21,38.42,20.55
2024-01-31 13:43:50,40.8,20.33
2024-01-31 13:46:17,36.75,18.1
2024-01-31 13:48:43,25.55,16.13
2024-01-31 13:51:08,25.75,16.92
2024-01-31 13:53:38,32.4,18.17
2024-01-31 13:56:06,34.7,17.95
2024-01-31 13:58:32,36.38,18.8
2024-01-31 14:00:58,34.97,20.05
2024-01-31 14:03:24,33.5,19.6
2024-01-31 14:05:50,33.58,19.13
2024-01-31 14:08:15,34.53,17.27
2024-01-31 14:10:46,27.33,18.35
2024-01-31 14:13:12,26.08,19.52
2024-01-31 14:15:43,31.02,19.15
2024-01-31 14:18:09,27.98,16.75
2024-01-31 14:20:34,31.1,17.55
2024-01-31 14:23:02,31.08,15.85
2024-01-31 14:25:27,32.53,17.6
2024-01-31 14:27:54,30.02,17.13
2024-01-31 14:30:20,32.13,18.38
2024-01-31 14:32:46,28.35,16.17
2024-01-31 14:35:11,31.55,16.25
2024-01-31 14:37:37,28.23,17.27
2024-01-31 14:40:03,30.3,14.88
2024-01-31 14:42:30,26.27,17.63
2024-01-31 14:44:59,27.7,15.63
2024-01-31 14:47:24,37.35,20.7
2024-01-31 14:49:50,29.4,18.77
2024-01-31 14:55:04,31.0,18.55
2024-01-31 14:57:30,38.2,20.77
2024-01-31 14:59:58,39.58,20.83
2024-01-31 15:06:05,44.1,22.4
2024-01-31 15:11:17,40.65,23.35
2024-01-31 15:13:46,44.25,27.35
2024-01-31 15:16:12,46.35,26.8
2024-01-31 15:18:38,44.03,27.55
2024-01-31 15:21:04,51.58,26.98
2024-01-31 15:23:30,49.4,28.25
2024-01-31 15:25:56,56.2,28.92
2024-01-31 15:28:22,49.67,26.75
2024-01-31 15:30:51,46.97,26.73
2024-01-31 15:33:16,52.63,28.6
2024-01-31 15:35:45,59.25,33.0
2024-01-31 15:38:14,60.9,33.22
2024-01-31 15:40:40,53.85,29.7
2024-01-31 15:43:05,54.35,29.65
2024-01-31 15:45:32,55.1,29.52
2024-01-31 15:47:57,63.8,30.95
2024-01-31 15:50:23,69.07,32.67
2024-01-31 15:52:51,51.8,27.27
2024-01-31 15:55:17,45.03,24.75
2024-01-31 15:57:43,56.45,30.0
2024-01-31 16:00:08,72.65,33.47
2024-01-31 16:02:37,63.13,31.48
2024-01-31 16:05:03,56.38,29.58
2024-01-31 16:07:29,53.92,27.4
2024-01-31 16:09:54,51.13,30.88
2024-01-31 16:12:20,61.03,33.58
2024-01-31 16:14:46,59.78,29.5
2024-01-31 16:17:11,61.0,32.45
2024-01-31 16:19:37,62.5,32.78
2024-01-31 16:22:03,96.72,45.45
2024-01-31 16:24:28,165.65,83.57
2024-01-31 16:26:54,151.23,81.3
2024-01-31 16:29:19,117.3,62.72
2024-01-31 16:31:45,102.7,55.3
2024-01-31 16:34:10,83.07,47.53
2024-01-31 16:36:42,84.85,43.55
2024-01-31 16:39:08,102.1,45.83
2024-01-31 16:41:34,110.82,52.53
2024-01-31 16:44:00,97.55,45.65
2024-01-31 16:46:25,74.97,36.75
2024-01-31 16:48:51,65.0,33.35
2024-01-31 16:51:19,76.05,38.67
2024-01-31 16:53:45,73.78,45.0
2024-01-31 16:56:11,72.93,37.4
2024-01-31 16:58:37,55.1,32.2
2024-01-31 17:01:02,59.45,32.78
2024-01-31 17:03:28,39.53,21.0
2024-01-31 17:05:53,58.58,25.4
2024-01-31 17:08:19,39.75,19.1
2024-01-31 17:10:45,39.05,21.02
2024-01-31 17:13:13,65.88,31.6
2024-01-31 17:15:40,61.53,32.35
2024-01-31 17:18:06,62.58,35.45
2024-01-31 17:20:31,63.75,32.95
2024-01-31 17:22:57,51.63,30.67
2024-01-31 17:25:25,53.95,30.52
2024-01-31 17:27:50,60.6,33.33
2024-01-31 17:30:16,56.83,31.55
2024-01-31 17:32:41,83.8,41.22
2024-01-31 17:35:07,62.47,37.85
2024-01-31 17:37:32,84.9,39.97
2024-01-31 17:39:58,119.85,54.63
2024-01-31 17:42:24,106.5,52.8
2024-01-31 17:44:52,105.1,51.6
2024-01-31 17:47:18,100.8,47.95
2024-01-31 17:49:44,98.28,41.42
2024-01-31 17:52:09,98.9,43.58
2024-01-31 17:54:37,88.72,45.92
2024-01-31 17:57:03,94.65,43.7
2024-01-31 17:59:29,91.55,43.22
2024-01-31 18:01:54,131.18,53.72
2024-01-31 18:04:20,126.7,57.85
2024-01-31 18:06:47,155.7,64.5
2024-01-31 18:09:13,175.4,74.35
2024-01-31 18:11:39,129.6,60.63
2024-01-31 18:14:05,106.8,51.22
2024-01-31 18:16:31,89.78,44.03
2024-01-31 18:18:57,72.6,35.45
2024-01-31 18:21:36,68.68,34.17
2024-01-31 18:24:01,106.93,52.0
2024-01-31 18:26:28,92.38,46.75
2024-01-31 18:28:54,85.95,40.55
2024-01-31 18:31:23,97.63,46.13
2024-01-31 18:33:49,96.6,46.55
2024-01-31 18:36:15,86.43,43.7
2024-01-31 18:38:41,80.0,40.5
2024-01-31 18:41:06,77.3,35.97
2024-01-31 18:43:32,80.22,40.13
2024-01-31 18:45:59,42.72,24.38
2024-01-31 18:48:40,46.92,24.5
2024-01-31 18:51:05,39.88,19.9
2024-01-31 18:53:31,43.1,20.67
2024-01-31 18:55:58,93.1,38.63
2024-01-31 18:58:23,94.95,46.4
2024-01-31 19:00:51,90.4,44.6
2024-01-31 19:03:18,73.8,38.0
2024-01-31 19:05:44,97.85,44.83
2024-01-31 19:08:10,87.7,42.22
2024-01-31 19:10:36,110.65,50.97
2024-01-31 19:13:02,149.73,65.1
2024-01-31 19:15:27,80.63,38.75
2024-01-31 19:17:53,61.28,31.02
2024-01-31 19:20:18,63.15,29.52
2024-01-31 19:22:44,60.6,34.6
2024-01-31 19:25:11,85.55,38.2
2024-01-31 19:27:37,162.45,70.1
2024-01-31 19:30:03,148.18,70.15
2024-01-31 19:32:29,94.85,47.53
2024-01-31 19:34:54,90.45,44.83
2024-01-31 19:37:20,107.05,51.47
2024-01-31 19:39:45,102.78,47.92
2024-01-31 19:42:11,85.72,42.7
2024-01-31 19:44:36,83.0,39.7
2024-01-31 19:47:02,95.82,42.8
2024-01-31 19:49:27,79.68,37.2
2024-01-31 19:51:53,81.72,41.45
2024-01-31 19:54:19,102.18,46.38
2024-01-31 19:56:46,136.0,56.53
2024-01-31 19:59:11,175.2,81.8
2024-01-31 20:01:37,120.18,62.88
2024-01-31 20:04:03,88.78,49.95
2024-01-31 20:06:31,132.35,61.42
2024-01-31 20:08:57,89.35,48.85
2024-01-31 20:11:23,121.03,59.55
2024-01-31 20:13:48,114.7,57.58
2024-01-31 20:16:14,107.53,55.03
2024-01-31 20:18:41,106.0,56.8
2024-01-31 20:21:09,106.05,51.95
2024-01-31 20:23:35,95.65,49.95
2024-01-31 20:26:01,81.35,40.22
2024-01-31 20:28:26,80.22,41.05
2024-01-31 20:30:52,88.18,38.97
2024-01-31 20:33:17,82.13,39.38
2024-01-31 20:35:43,70.25,36.7
2024-01-31 20:38:09,90.78,42.3
2024-01-31 20:40:34,82.05,40.25
2024-01-31 20:43:00,85.0,38.53
2024-01-31 20:45:25,81.32,41.67
2024-01-31 20:47:53,80.7,40.83
2024-01-31 20:50:19,78.13,41.85
2024-01-31 20:52:46,72.0,39.45
2024-01-31 20:55:11,84.45,44.13
2024-01-31 20:57:37,79.22,45.97
2024-01-31 21:00:03,105.38,44.53
2024-01-31 21:02:29,172.7,62.15
2024-01-31 21:04:54,114.95,45.85
2024-01-31 21:07:19,57.47,32.28
2024-01-31 21:09:45,62.8,31.83
2024-01-31 21:12:10,81.45,34.78
2024-01-31 21:14:36,58.2,27.95
2024-01-31 21:17:01,60.58,28.63
2024-01-31 21:19:28,52.17,25.95
2024-01-31 21:21:53,63.28,30.85
2024-01-31 21:24:19,56.0,31.27
2024-01-31 21:26:44,60.9,32.33
2024-01-31 21:29:10,59.1,30.7
2024-01-31 21:31:36,61.08,29.6
2024-01-31 21:34:02,56.7,26.5
2024-01-31 21:36:27,77.22,35.92
2024-01-31 21:38:53,58.92,29.75
2024-01-31 21:41:19,52.58,29.8
2024-01-31 21:43:46,64.35,35.6
2024-01-31 21:46:12,71.32,37.45
2024-01-31 21:48:37,71.97,39.5
2024-01-31 21:51:03,81.22,40.35
2024-01-31 21:53:30,50.78,27.42
2024-01-31 21:55:56,47.45,25.08
2024-01-31 21:58:21,60.58,26.45
2024-01-31 22:00:47,62.1,28.95
2024-01-31 22:03:12,57.05,30.25
2024-01-31 22:05:39,62.0,30.42
2024-01-31 22:08:04,69.18,30.88
2024-01-31 22:10:30,60.2,32.5
2024-01-31 22:12:55,55.17,29.48
2024-01-31 22:15:21,52.45,27.27
2024-01-31 22:17:46,64.0,28.98
2024-01-31 22:20:14,60.35,31.38
2024-01-31 22:22:43,87.22,33.0
2024-01-31 22:25:08,81.7,38.55
2024-01-31 22:27:34,87.82,41.3
2024-01-31 22:29:59,72.7,33.8
2024-01-31 22:32:24,59.83,30.73
2024-01-31 22:34:50,55.75,28.77
2024-01-31 22:37:15,66.0,27.77
2024-01-31 22:39:41,51.95,26.77
2024-01-31 22:42:06,60.28,30.0
2024-01-31 22:44:34,68.68,30.17
2024-01-31 22:46:59,66.18,31.17
2024-01-31 22:49:25,62.72,30.65
2024-01-31 22:51:50,57.7,30.4
2024-01-31 22:54:16,58.72,27.63
2024-01-31 22:56:41,54.47,27.55
2024-01-31 22:59:07,72.82,35.25
2024-01-31 23:01:32,71.7,32.78
2024-01-31 23:03:58,64.25,30.35
2024-01-31 23:06:28,58.9,31.63
2024-01-31 23:08:54,73.82,32.88
2024-01-31 23:11:19,61.47,28.77
2024-01-31 23:13:45,66.43,28.63
2024-01-31 23:16:10,42.42,22.55
2024-01-31 23:18:36,55.88,28.33
2024-01-31 23:21:04,53.72,27.23
2024-01-31 23:23:31,51.33,26.83
2024-01-31 23:25:57,48.97,24.9
2024-01-31 23:28:22,53.13,26.25
2024-01-31 23:30:48,60.03,28.98
2024-01-31 23:33:15,67.72,31.8
2024-01-31 23:35:41,75.15,35.42
2024-01-31 23:38:07,76.18,36.55
2024-01-31 23:40:33,83.22,37.17
2024-01-31 23:42:59,94.95,44.42
2024-01-31 23:45:24,85.13,44.5
2024-01-31 23:47:50,89.43,46.55
2024-01-31 23:50:15,123.2,51.78
2024-01-31 23:52:41,88.72,45.22
2024-01-31 23:55:06,71.35,33.35
2024-01-31 23:57:32,88.95,43.4
2024-01-31 23:59:58,93.2,45.33
