timestamp,pm10,pm25
2024-01-01 00:00:21,207.38,86.68
2024-01-01 00:02:47,186.0,81.65
2024-01-01 00:05:13,185.45,86.32
2024-01-01 00:07:39,202.98,90.25
2024-01-01 00:10:05,172.15,82.03
2024-01-01 00:12:31,189.07,86.68
2024-01-01 00:14:58,204.07,85.55
2024-01-01 00:17:24,185.57,85.22
2024-01-01 00:19:50,186.63,85.8
2024-01-01 00:22:17,202.38,89.7
2024-01-01 00:24:43,206.25,92.95
2024-01-01 00:27:09,197.18,88.25
2024-01-01 00:29:35,175.3,80.9
2024-01-01 00:32:01,188.0,84.25
2024-01-01 00:34:27,194.02,86.13
2024-01-01 00:36:54,189.57,83.2
2024-01-01 00:39:20,178.43,78.2
2024-01-01 00:41:46,162.77,71.65
2024-01-01 00:44:12,179.35,77.25
2024-01-01 00:46:38,171.7,75.68
2024-01-01 00:49:04,182.05,78.57
2024-01-01 00:51:49,172.23,78.6
2024-01-01 00:54:15,159.13,71.93
2024-01-01 00:56:41,179.85,77.4
2024-01-01 00:59:07,167.4,78.32
2024-01-01 01:01:33,169.2,75.03
2024-01-01 01:03:59,176.75,74.6
2024-01-01 01:06:25,174.07,75.22
2024-01-01 01:08:52,162.25,70.05
2024-01-01 01:11:18,151.23,59.78
2024-01-01 01:13:44,132.15,57.72
2024-01-01 01:16:11,153.6,67.57
2024-01-01 01:18:37,161.85,67.53
2024-01-01 01:21:03,151.0,61.53
2024-01-01 01:23:29,159.77,61.1
2024-01-01 01:25:55,138.82,59.2
2024-01-01 01:28:21,136.77,57.7
2024-01-01 01:30:48,143.82,55.28
2024-01-01 01:33:14,126.55,55.95
2024-01-01 01:35:40,124.45,54.75
2024-01-01 01:38:06,130.65,54.13
2024-01-01 01:43:24,131.0,55.22
2024-01-01 01:45:51,141.63,60.2
2024-01-01 01:48:17,130.9,57.33
2024-01-01 01:50:44,130.25,57.58
2024-01-01 01:53:11,137.38,59.83
2024-01-01 01:55:40,143.45,58.17
2024-01-01 01:58:06,127.1,56.72
2024-01-01 02:00:32,137.95,57.78
2024-01-01 02:02:58,130.2,56.13
2024-01-01 02:05:25,131.88,56.63
2024-01-01 02:07:51,124.78,55.33
2024-01-01 02:10:17,135.13,56.72
2024-01-01 02:12:46,120.18,55.08
2024-01-01 02:15:12,136.73,58.9
2024-01-01 02:17:38,132.18,55.97
2024-01-01 02:20:04,135.88,60.05
2024-01-01 02:22:35,151.68,61.63
2024-01-01 02:25:02,144.13,63.35
2024-01-01 02:27:28,139.85,65.15
2024-01-01 02:29:54,138.02,62.2
2024-01-01 02:32:20,126.7,54.7
2024-01-01 02:34:49,129.98,60.4
2024-01-01 02:37:15,144.57,62.85
2024-01-01 02:39:41,143.15,61.8
2024-01-01 02:42:07,140.02,62.95
2024-01-01 02:44:33,141.77,62.67
2024-01-01 02:46:59,141.7,63.4
2024-01-01 02:49:25,155.32,64.13
2024-01-01 02:51:51,133.9,61.33
2024-01-01 02:54:17,140.88,60.4
2024-01-01 02:56:44,125.1,59.55
2024-01-01 02:59:10,144.65,62.35
2024-01-01 03:01:36,154.0,64.68
2024-01-01 03:04:02,136.25,57.78
2024-01-01 03:06:29,133.93,59.2
2024-01-01 03:08:55,130.3,61.35
2024-01-01 03:11:21,151.7,59.8
2024-01-01 03:13:47,148.27,61.35
2024-01-01 03:16:13,139.0,59.83
2024-01-01 03:18:40,133.3,59.78
2024-01-01 03:21:06,140.27,60.75
2024-01-01 03:23:32,139.52,62.08
2024-01-01 03:25:58,132.68,58.67
2024-01-01 03:28:25,144.75,58.97
2024-01-01 03:30:51,139.35,61.05
2024-01-01 03:33:17,127.7,57.65
2024-01-01 03:35:43,149.15,61.47
2024-01-01 03:38:10,145.23,63.72
2024-01-01 03:40:36,133.35,58.47
2024-01-01 03:43:02,143.02,58.58
2024-01-01 03:45:28,130.85,57.67
2024-01-01 03:47:54,128.73,56.85
2024-01-01 03:50:21,129.23,55.9
2024-01-01 03:52:47,127.9,53.63
2024-01-01 03:55:13,124.35,56.08
2024-01-01 03:57:40,122.97,54.65
2024-01-01 04:00:07,151.13,63.8
2024-01-01 04:02:34,128.25,57.8
2024-01-01 04:05:00,139.3,59.92
2024-01-01 04:07:26,141.73,59.2
2024-01-01 04:09:52,131.23,59.33
2024-01-01 04:12:18,127.4,55.17
2024-01-01 04:14:44,141.4,56.58
2024-01-01 04:17:10,127.57,58.83
2024-01-01 04:19:37,131.43,55.65
2024-01-01 04:22:03,144.32,58.6
2024-01-01 04:24:29,133.02,56.03
2024-01-01 04:26:55,109.07,47.22
2024-01-01 04:29:21,121.25,47.5
2024-01-01 04:31:47,116.22,47.47
2024-01-01 04:34:13,97.22,43.88
2024-01-01 04:36:40,97.5,44.58
2024-01-01 04:39:06,105.85,43.88
2024-01-01 04:41:33,92.4,43.2
2024-01-01 04:43:59,123.03,53.53
2024-01-01 04:46:25,152.75,67.13
2024-01-01 04:48:52,157.65,65.9
2024-01-01 04:51:18,143.38,65.2
2024-01-01 04:53:44,137.95,60.22
2024-01-01 04:56:10,140.6,60.85
2024-01-01 04:58:36,99.57,45.53
2024-01-01 05:01:03,74.0,34.05
2024-01-01 05:03:29,62.03,28.55
2024-01-01 05:05:55,71.9,32.03
2024-01-01 05:08:21,72.8,33.2
2024-01-01 05:10:47,66.93,32.28
2024-01-01 05:13:13,79.6,37.33
2024-01-01 05:15:40,93.43,39.7
2024-01-01 05:18:08,93.0,44.22
2024-01-01 05:20:34,102.4,43.97
2024-01-01 05:23:00,101.2,43.97
2024-01-01 05:25:26,111.95,47.88
2024-01-01 05:27:52,86.97,42.8
2024-01-01 05:30:19,97.85,42.45
2024-01-01 05:32:45,100.25,42.13
2024-01-01 05:35:11,100.22,42.75
2024-01-01 05:37:37,95.22,43.85
2024-01-01 05:40:03,92.7,40.97
2024-01-01 05:42:29,95.18,42.0
2024-01-01 05:44:56,99.03,42.75
2024-01-01 05:47:23,88.72,41.2
2024-01-01 05:49:49,98.6,40.7
2024-01-01 05:52:15,93.6,40.53
2024-01-01 05:54:44,93.8,42.58
2024-01-01 05:57:10,96.78,40.2
2024-01-01 05:59:36,97.07,41.95
2024-01-01 06:02:02,83.07,40.35
2024-01-01 06:04:28,88.2,40.25
2024-01-01 06:06:54,84.53,38.3
2024-01-01 06:09:20,88.18,41.17
2024-01-01 06:11:47,82.4,35.53
2024-01-01 06:14:14,79.18,35.47
2024-01-01 06:16:40,93.22,38.13
2024-01-01 06:19:10,83.32,40.22
2024-01-01 06:21:37,84.25,38.47
2024-01-01 06:24:03,80.22,35.9
2024-01-01 06:26:30,82.8,38.17
2024-01-01 06:28:56,85.72,38.03
2024-01-01 06:31:22,92.75,39.08
2024-01-01 06:33:48,82.15,36.22
2024-01-01 06:36:14,84.65,37.7
2024-01-01 06:38:40,89.9,40.85
2024-01-01 06:41:06,79.43,38.47
2024-01-01 06:43:33,89.63,40.3
2024-01-01 06:45:59,81.43,36.9
2024-01-01 06:48:25,79.88,40.03
2024-01-01 06:50:52,88.03,38.53
2024-01-01 06:53:18,95.5,40.65
2024-01-01 06:55:44,80.15,37.6
2024-01-01 06:58:10,85.28,36.6
2024-01-01 07:00:36,80.95,35.97
2024-01-01 07:03:02,92.7,39.3
2024-01-01 07:05:28,73.82,37.3
2024-01-01 07:07:54,83.05,37.95
2024-01-01 07:10:20,80.8,40.95
2024-01-01 07:12:47,93.5,44.42
2024-01-01 07:15:13,108.32,46.45
2024-01-01 07:17:39,88.88,38.75
2024-01-01 07:20:05,82.65,37.85
2024-01-01 07:22:32,83.43,39.03
2024-01-01 07:24:58,83.55,34.67
2024-01-01 07:27:24,89.45,44.22
2024-01-01 07:29:50,107.85,45.47
2024-01-01 07:32:16,94.38,47.63
2024-01-01 07:34:42,86.57,40.92
2024-01-01 07:37:08,113.88,50.92
2024-01-01 07:39:36,112.95,53.22
2024-01-01 07:42:02,118.18,51.15
2024-01-01 07:44:28,113.78,51.1
2024-01-01 07:46:54,125.13,52.72
2024-01-01 07:49:20,104.53,49.22
2024-01-01 07:51:46,107.43,50.05
2024-01-01 07:54:12,111.3,48.3
2024-01-01 07:56:38,95.25,46.3
2024-01-01 07:59:09,96.45,45.03
2024-01-01 08:01:35,95.35,46.17
2024-01-01 08:04:01,109.5,48.6
2024-01-01 08:06:27,99.1,48.2
2024-01-01 08:08:53,104.47,48.3
2024-01-01 08:11:19,105.75,50.13
2024-01-01 08:13:45,103.57,48.28
2024-01-01 08:16:11,103.25,50.67
2024-01-01 08:18:40,103.38,47.15
2024-01-01 08:21:06,114.15,51.3
2024-01-01 08:23:32,100.93,46.72
2024-01-01 08:25:58,107.4,47.7
2024-01-01 08:28:24,96.22,48.47
2024-01-01 08:30:50,126.75,51.38
2024-01-01 08:33:16,103.07,48.05
2024-01-01 08:35:42,109.1,50.35
2024-01-01 08:38:08,107.65,48.13
2024-01-01 08:40:35,99.75,48.25
2024-01-01 08:43:01,94.13,46.97
2024-01-01 08:45:28,123.6,56.88
2024-01-01 08:47:54,115.72,53.42
2024-01-01 08:50:20,123.38,55.13
2024-01-01 08:52:46,121.97,57.47
2024-01-01 08:55:12,125.18,55.72
2024-01-01 08:57:38,125.4,55.8
2024-01-01 09:00:05,120.15,56.42
2024-01-01 09:02:31,118.95,56.5
2024-01-01 09:04:58,111.2,56.13
2024-01-01 09:07:24,120.6,54.92
2024-01-01 09:09:50,110.78,56.17
2024-01-01 09:12:16,105.45,51.95
2024-01-01 09:14:42,107.75,49.0
2024-01-01 09:17:08,104.28,48.4
2024-01-01 09:19:34,107.45,46.28
2024-01-01 09:22:02,98.38,45.35
2024-01-01 09:24:28,89.47,43.95
2024-01-01 09:26:54,96.32,47.97
2024-01-01 09:29:20,94.3,48.4
2024-01-01 09:31:49,124.13,52.67
2024-01-01 09:34:15,112.53,52.83
2024-01-01 09:36:41,121.85,54.67
2024-01-01 09:39:07,129.05,60.3
2024-01-01 09:41:33,128.18,61.2
2024-01-01 09:43:59,132.38,62.3
2024-01-01 09:46:27,124.55,59.58
2024-01-01 09:48:58,127.05,60.75
2024-01-01 09:51:25,148.07,63.88
2024-01-01 09:53:51,159.68,70.93
2024-01-01 09:56:18,190.88,80.82
2024-01-01 09:58:45,176.6,81.38
2024-01-01 10:01:12,180.82,81.32
2024-01-01 10:03:39,179.35,85.1
2024-01-01 10:06:06,186.55,83.38
2024-01-01 10:08:33,177.35,81.97
2024-01-01 10:11:05,184.02,81.57
2024-01-01 10:13:40,167.25,77.95
2024-01-01 10:16:06,187.6,83.6
2024-01-01 10:18:32,185.7,78.88
2024-01-01 10:21:09,168.23,76.1
2024-01-01 10:23:36,185.6,83.45
2024-01-01 10:26:03,185.3,84.45
2024-01-01 10:28:29,192.6,83.97
2024-01-01 10:30:57,183.05,82.32
2024-01-01 10:33:24,175.35,82.9
2024-01-01 10:35:52,184.98,86.47
2024-01-01 10:38:19,167.1,77.68
2024-01-01 10:40:45,171.2,79.32
2024-01-01 10:43:12,182.43,83.1
2024-01-01 10:45:41,166.63,82.1
2024-01-01 10:48:08,175.68,79.43
2024-01-01 10:50:39,172.63,80.35
2024-01-01 10:59:10,153.9,68.68
2024-01-01 11:01:27,172.02,73.32
2024-01-01 11:03:54,159.45,75.7
2024-01-01 11:06:21,145.55,66.53
2024-01-01 11:08:50,153.98,71.1
2024-01-01 11:11:28,140.4,67.13
2024-01-01 11:13:57,158.0,70.7
2024-01-01 11:16:24,151.0,69.68
2024-01-01 11:18:51,150.13,66.97
2024-01-01 11:21:35,149.65,69.57
2024-01-01 11:24:01,153.27,69.4
2024-01-01 11:31:26,136.4,63.75
2024-01-01 11:34:05,140.0,63.42
2024-01-01 11:36:32,121.78,56.88
2024-01-01 11:38:59,114.3,56.03
2024-01-01 11:41:29,109.3,53.2
2024-01-01 11:44:08,91.5,44.17
2024-01-01 11:46:35,97.97,47.47
2024-01-01 11:49:01,104.55,48.72
2024-01-01 11:51:29,113.53,52.95
2024-01-01 11:54:09,122.25,54.55
2024-01-01 11:56:36,126.63,59.0
2024-01-01 11:59:03,125.6,60.92
2024-01-01 12:01:31,135.38,64.3
2024-01-01 12:03:59,135.95,63.33
2024-01-01 12:06:26,142.38,64.1
2024-01-01 12:11:31,119.75,57.5
2024-01-01 12:13:57,126.93,60.8
2024-01-01 12:16:23,126.7,60.75
2024-01-01 12:18:56,121.13,56.58
2024-01-01 12:21:22,125.95,55.85
2024-01-01 12:23:49,120.9,55.92
2024-01-01 12:26:21,114.65,54.0
2024-01-01 12:29:08,107.03,53.2
2024-01-01 12:31:35,99.5,48.9
2024-01-01 12:34:02,100.43,49.13
2024-01-01 12:36:28,105.28,49.3
2024-01-01 12:38:54,106.5,51.17
2024-01-01 12:41:20,104.93,51.65
2024-01-01 12:43:46,101.53,53.67
2024-01-01 12:46:13,102.43,53.63
2024-01-01 12:48:45,112.88,52.95
2024-01-01 12:51:21,107.6,53.63
2024-01-01 12:53:48,106.13,51.83
2024-01-01 12:56:14,85.93,46.95
2024-01-01 12:58:41,85.18,46.6
2024-01-01 13:01:10,77.07,44.3
2024-01-01 13:03:40,89.15,46.08
2024-01-01 13:06:08,90.65,46.42
2024-01-01 13:08:35,82.1,46.8
2024-01-01 13:11:05,89.9,46.42
2024-01-01 13:13:33,92.78,45.4
2024-01-01 13:16:02,86.1,46.55
2024-01-01 13:18:28,90.85,44.4
2024-01-01 13:20:56,86.72,47.25
2024-01-01 13:23:22,90.28,46.8
2024-01-01 13:25:48,92.55,46.42
2024-01-01 13:28:14,91.2,45.88
2024-01-01 13:30:44,88.7,44.33
2024-01-01 13:33:10,79.9,41.2
2024-01-01 13:35:36,89.45,42.92
2024-01-01 13:38:05,78.4,42.78
2024-01-01 13:40:31,81.18,41.0
2024-01-01 13:42:57,77.5,41.92
2024-01-01 13:45:23,86.97,43.83
2024-01-01 13:47:49,80.2,40.0
2024-01-01 13:50:16,78.78,39.17
2024-01-01 13:52:43,87.57,42.67
2024-01-01 13:55:09,98.65,48.08
2024-01-01 13:57:36,93.82,48.4
2024-01-01 14:00:05,92.55,45.72
2024-01-01 14:02:36,86.78,45.95
2024-01-01 14:05:02,99.07,48.8
2024-01-01 14:07:30,103.7,49.97
2024-01-01 14:09:57,101.85,50.42
2024-01-01 14:12:24,104.65,49.03
2024-01-01 14:14:50,91.38,47.63
2024-01-01 14:17:16,101.03,49.78
2024-01-01 14:19:42,102.9,49.3
2024-01-01 14:22:08,93.22,49.25
2024-01-01 14:24:35,96.8,47.67
2024-01-01 14:27:01,93.05,46.53
2024-01-01 14:29:38,79.1,40.7
2024-01-01 14:32:04,80.18,39.4
2024-01-01 14:34:31,93.3,46.8
2024-01-01 14:36:59,111.18,53.58
2024-01-01 14:39:28,112.07,53.1
2024-01-01 14:41:55,121.75,57.67
2024-01-01 14:44:21,113.28,58.2
2024-01-01 14:46:50,111.8,56.1
2024-01-01 14:49:16,123.93,57.83
2024-01-01 14:51:43,125.95,56.25
2024-01-01 14:54:10,136.27,57.5
2024-01-01 14:56:39,134.0,58.15
2024-01-01 14:59:06,133.25,57.2
2024-01-01 15:01:32,124.63,54.45
2024-01-01 15:03:58,132.02,57.53
2024-01-01 15:06:24,115.93,54.58
2024-01-01 15:08:51,118.3,55.65
2024-01-01 15:11:17,121.13,56.65
2024-01-01 15:13:43,111.03,54.9
2024-01-01 15:16:09,111.35,54.72
2024-01-01 15:18:35,111.5,52.7
2024-01-01 15:21:01,119.35,51.58
2024-01-01 15:23:28,112.32,49.45
2024-01-01 15:25:54,119.43,51.55
2024-01-01 15:28:20,115.38,51.5
2024-01-01 15:30:49,107.32,46.53
2024-01-01 15:33:15,107.07,49.72
2024-01-01 15:35:41,100.65,47.33
2024-01-01 15:38:07,112.07,47.38
2024-01-01 15:40:33,104.22,45.55
2024-01-01 15:43:00,89.68,42.75
2024-01-01 15:45:26,77.82,33.6
2024-01-01 15:47:52,64.25,32.55
2024-01-01 15:50:18,63.83,33.2
2024-01-01 15:52:44,72.1,36.13
2024-01-01 15:55:11,75.6,34.58
2024-01-01 15:57:37,79.68,35.97
2024-01-01 16:00:03,87.2,35.67
2024-01-01 16:02:30,70.95,33.33
2024-01-01 16:04:56,83.03,37.8
2024-01-01 16:07:22,83.8,37.6
2024-01-01 16:09:48,69.63,33.9
2024-01-01 16:12:14,72.9,34.4
2024-01-01 16:14:40,86.9,40.95
2024-01-01 16:17:07,98.6,44.92
2024-01-01 16:19:35,95.7,43.67
2024-01-01 16:22:01,105.8,47.65
2024-01-01 16:24:27,100.78,51.47
2024-01-01 16:26:53,111.82,54.13
2024-01-01 16:29:19,123.0,55.67
2024-01-01 16:31:46,98.07,45.42
2024-01-01 16:34:12,118.97,54.45
2024-01-01 16:36:38,111.13,49.17
2024-01-01 16:39:04,107.47,52.97
2024-01-01 16:41:30,111.6,52.9
2024-01-01 16:43:56,108.85,54.22
2024-01-01 16:46:22,118.15,55.63
2024-01-01 16:48:48,114.03,50.95
2024-01-01 16:51:15,107.57,50.17
2024-01-01 16:53:41,108.22,48.05
2024-01-01 16:56:08,94.9,41.92
2024-01-01 16:58:34,97.47,43.38
2024-01-01 17:01:00,93.68,40.5
2024-01-01 17:03:26,98.43,43.67
2024-01-01 17:05:52,101.32,44.25
2024-01-01 17:08:18,104.3,44.42
2024-01-01 17:10:45,86.45,41.97
2024-01-01 17:13:11,92.47,43.5
2024-01-01 17:15:37,88.57,42.17
2024-01-01 17:18:04,106.2,49.8
2024-01-01 17:20:31,105.63,51.22
2024-01-01 17:22:57,113.85,51.63
2024-01-01 17:25:23,102.97,47.38
2024-01-01 17:27:49,123.18,60.2
2024-01-01 17:30:15,122.65,55.0
2024-01-01 17:32:41,124.4,55.4
2024-01-01 17:35:07,119.1,54.75
2024-01-01 17:37:33,116.5,51.78
2024-01-01 17:39:59,121.5,52.88
2024-01-01 17:42:26,114.0,50.92
2024-01-01 17:44:52,121.72,53.42
2024-01-01 17:47:19,116.57,53.08
2024-01-01 17:49:45,103.85,51.95
2024-01-01 17:52:11,119.15,52.47
2024-01-01 17:54:40,130.45,54.95
2024-01-01 17:57:09,108.68,52.9
2024-01-01 17:59:35,113.65,49.92
2024-01-01 18:02:01,110.03,49.9
2024-01-01 18:04:27,120.78,51.1
2024-01-01 18:06:53,111.88,50.3
2024-01-01 18:09:19,122.18,52.65
2024-01-01 18:11:45,118.78,52.4
2024-01-01 18:14:11,117.97,52.47
2024-01-01 18:16:37,128.23,57.35
2024-01-01 18:19:03,148.5,62.38
2024-01-01 18:21:30,126.28,60.3
2024-01-01 18:23:56,140.98,62.42
2024-01-01 18:26:23,141.8,61.63
2024-01-01 18:28:49,143.75,62.03
2024-01-01 18:31:19,182.68,84.28
2024-01-01 18:33:45,158.93,68.4
2024-01-01 18:36:13,170.57,75.0
2024-01-01 18:38:41,171.48,79.5
2024-01-01 18:41:07,181.38,79.47
2024-01-01 18:43:33,173.93,80.25
2024-01-01 18:45:59,184.5,82.68
2024-01-01 18:48:26,192.48,86.38
2024-01-01 18:50:52,197.57,87.63
2024-01-01 18:53:21,182.5,84.0
2024-01-01 18:55:47,195.77,85.95
2024-01-01 18:58:13,180.0,81.18
2024-01-01 19:00:39,198.0,88.45
2024-01-01 19:03:05,187.95,82.72
2024-01-01 19:05:31,178.82,82.0
2024-01-01 19:07:58,187.77,86.95
2024-01-01 19:10:24,194.38,88.53
2024-01-01 19:12:54,175.25,81.2
2024-01-01 19:15:21,185.38,86.15
2024-01-01 19:17:47,180.07,85.7
2024-01-01 19:20:13,210.7,89.07
2024-01-01 19:22:39,183.73,84.15
2024-01-01 19:25:05,202.43,88.1
2024-01-01 19:27:31,172.13,82.97
2024-01-01 19:29:58,173.15,81.6
2024-01-01 19:32:24,183.82,83.7
2024-01-01 19:34:55,183.55,80.55
2024-01-01 19:37:22,177.85,85.6
2024-01-01 19:39:49,190.4,85.4
2024-01-01 19:42:15,190.32,85.3
2024-01-01 19:44:41,201.23,86.95
2024-01-01 19:47:07,190.65,83.45
2024-01-01 19:49:33,191.88,84.78
2024-01-01 19:52:02,187.75,88.6
2024-01-01 19:54:28,204.32,92.82
2024-01-01 19:56:54,186.07,88.13
2024-01-01 19:59:21,203.43,89.15
2024-01-01 20:01:47,201.35,89.22
2024-01-01 20:04:13,214.63,93.72
2024-01-01 20:06:42,203.18,90.1
2024-01-01 20:09:09,195.85,91.18
2024-01-01 20:11:35,193.2,88.97
2024-01-01 20:14:01,195.27,86.65
2024-01-01 20:16:28,185.15,84.97
2024-01-01 20:18:55,225.05,102.4
2024-01-01 20:21:24,215.75,96.53
2024-01-01 20:23:51,215.6,99.38
2024-01-01 20:28:44,211.7,95.3
2024-01-01 20:31:10,204.23,93.65
2024-01-01 20:33:36,206.95,96.28
2024-01-01 20:36:03,194.3,90.28
2024-01-01 20:38:29,194.68,87.32
2024-01-01 20:40:55,183.15,87.18
2024-01-01 20:43:21,183.45,85.28
2024-01-01 20:45:47,193.07,87.5
2024-01-01 20:48:15,204.27,90.88
2024-01-01 20:50:41,190.57,88.1
2024-01-01 20:53:07,201.63,89.1
2024-01-01 20:55:33,182.73,85.93
2024-01-01 20:57:59,183.23,84.18
2024-01-01 21:00:25,191.7,87.68
2024-01-01 21:02:52,180.27,83.0
2024-01-01 21:05:19,199.38,89.25
2024-01-01 21:07:48,187.38,88.85
2024-01-01 21:10:14,193.27,92.63
2024-01-01 21:12:40,201.32,92.4
2024-01-01 21:15:07,197.0,90.6
2024-01-01 21:17:34,203.85,88.7
2024-01-01 21:20:00,189.95,87.57
2024-01-01 21:22:26,190.75,88.7
2024-01-01 21:24:52,179.0,83.75
2024-01-01 21:27:18,198.75,85.57
2024-01-01 21:29:44,199.35,86.3
2024-01-01 21:32:11,187.73,84.6
2024-01-01 21:34:38,160.57,73.57
2024-01-01 21:37:04,191.85,83.05
2024-01-01 21:39:30,168.0,79.0
2024-01-01 21:41:56,184.07,83.78
2024-01-01 21:44:22,171.93,78.9
2024-01-01 21:46:48,174.85,84.38
2024-01-01 21:49:16,183.23,79.47
2024-01-01 21:51:45,180.07,78.4
2024-01-01 21:54:11,170.85,80.97
2024-01-01 21:56:37,164.4,78.72
2024-01-01 21:59:03,168.8,79.28
2024-01-01 22:01:30,183.68,78.45
2024-01-01 22:03:58,167.73,78.03
2024-01-01 22:06:24,204.95,95.18
2024-01-01 22:08:51,202.5,90.28
2024-01-01 22:11:17,205.7,97.43
2024-01-01 22:13:44,218.68,96.13
2024-01-01 22:16:10,193.43,95.57
2024-01-01 22:18:36,200.82,92.15
2024-01-01 22:21:02,214.68,95.03
2024-01-01 22:23:29,202.48,87.63
2024-01-01 22:25:58,172.18,82.1
2024-01-01 22:28:24,181.32,83.82
2024-01-01 22:30:50,185.8,85.65
2024-01-01 22:33:17,173.18,84.35
2024-01-01 22:35:43,195.32,89.7
2024-01-01 22:38:09,186.7,87.25
2024-01-01 22:40:35,190.05,89.82
2024-01-01 22:43:02,183.95,85.28
2024-01-01 22:45:28,165.23,73.65
2024-01-01 22:47:54,150.18,69.75
2024-01-01 22:50:20,190.45,80.9
2024-01-01 22:52:47,172.9,81.28
2024-01-01 22:55:13,180.52,84.0
2024-01-01 22:57:39,169.5,78.5
2024-01-01 23:00:05,170.15,82.8
2024-01-01 23:02:44,187.68,86.88
2024-01-01 23:05:11,163.93,81.47
2024-01-01 23:07:37,153.48,70.43
2024-01-01 23:10:03,142.93,65.75
2024-01-01 23:12:29,140.2,64.05
2024-01-01 23:14:55,150.02,67.07
2024-01-01 23:17:21,164.1,73.4
2024-01-01 23:19:47,148.18,67.93
2024-01-01 23:22:13,148.13,71.45
2024-01-01 23:24:39,130.7,61.97
2024-01-01 23:27:05,134.73,59.08
2024-01-01 23:29:31,138.3,60.2
2024-01-01 23:31:57,115.28,55.88
2024-01-01 23:34:23,133.7,60.9
2024-01-01 23:36:49,139.6,61.1
2024-01-01 23:39:15,145.77,64.55
2024-01-01 23:41:42,138.5,63.38
2024-01-01 23:44:08,124.68,61.35
2024-01-01 23:46:34,128.93,62.53
2024-01-01 23:49:00,190.98,86.65
2024-01-01 23:51:26,196.88,94.8
2024-01-01 23:53:52,186.3,91.22
2024-01-01 23:56:18,190.77,91.85
2024-01-01 23:58:44,191.3,89.15
2024-01-02 00:01:10,190.02,90.43
2024-01-02 00:03:36,183.68,83.97
2024-01-02 00:06:02,163.23,77.18
2024-01-02 00:08:28,171.02,85.07
2024-01-02 00:10:55,185.25,86.93
2024-01-02 00:13:21,181.98,84.88
2024-01-02 00:15:47,163.15,75.53
2024-01-02 00:18:13,149.23,71.95
2024-01-02 00:20:39,148.0,69.45
2024-01-02 00:23:05,152.88,73.03
2024-01-02 00:25:31,140.32,63.6
2024-01-02 00:27:57,133.45,61.6
2024-01-02 00:30:23,142.25,63.1
2024-01-02 00:32:49,132.13,61.58
2024-01-02 00:35:15,132.95,63.17
2024-01-02 00:37:42,121.63,57.85
2024-01-02 00:40:08,136.15,62.22
2024-01-02 00:42:34,136.27,64.35
2024-01-02 00:45:00,127.95,58.42
2024-01-02 00:47:27,131.85,61.1
2024-01-02 00:49:53,137.15,66.88
2024-01-02 00:52:20,133.6,63.4
2024-01-02 00:54:46,134.68,66.45
2024-01-02 00:57:12,139.65,68.43
2024-01-02 00:59:38,158.18,72.72
2024-01-02 01:02:04,144.48,69.0
2024-01-02 01:04:30,155.65,70.28
2024-01-02 01:06:56,147.32,71.05
2024-01-02 01:09:22,146.5,70.8
2024-01-02 01:11:49,150.68,70.05
2024-01-02 01:14:15,159.38,72.47
2024-01-02 01:16:41,153.05,71.07
2024-01-02 01:19:07,157.98,76.4
2024-01-02 01:21:33,181.65,83.9
2024-01-02 01:23:59,177.57,84.72
2024-01-02 01:26:25,178.4,85.78
2024-01-02 01:28:51,185.2,89.5
2024-01-02 01:31:17,192.32,92.1
2024-01-02 01:33:43,186.82,95.03
2024-01-02 01:36:09,196.38,94.57
2024-01-02 01:38:35,203.65,96.6
2024-01-02 01:43:53,210.3,94.53
2024-01-02 01:46:19,185.07,85.75
2024-01-02 01:48:46,189.5,91.72
2024-01-02 01:51:12,188.57,90.38
2024-01-02 01:53:38,210.02,96.2
2024-01-02 01:56:05,180.25,89.7
2024-01-02 01:58:32,187.82,89.6
2024-01-02 02:00:58,192.23,91.38
2024-01-02 02:03:25,199.7,89.75
2024-01-02 02:05:52,190.73,89.22
2024-01-02 02:08:18,191.32,87.45
2024-01-02 02:10:44,175.95,82.2
2024-01-02 02:13:10,169.75,80.13
2024-01-02 02:15:37,196.27,87.57
2024-01-02 02:18:05,184.65,84.8
2024-01-02 02:20:31,149.77,74.55
2024-01-02 02:22:57,158.32,73.1
2024-01-02 02:25:23,180.02,82.8
2024-01-02 02:27:50,173.07,78.63
2024-01-02 02:30:16,174.52,76.97
2024-01-02 02:32:42,156.18,76.93
2024-01-02 02:35:08,172.95,79.3
2024-01-02 02:37:34,169.5,78.43
2024-01-02 02:40:00,153.0,76.57
2024-01-02 02:42:27,152.32,77.07
2024-01-02 02:44:53,172.65,80.45
2024-01-02 02:47:19,162.45,77.57
2024-01-02 02:49:47,159.5,77.32
2024-01-02 02:52:15,155.57,77.63
2024-01-02 02:54:41,154.6,75.18
2024-01-02 02:57:07,156.73,75.88
2024-01-02 02:59:33,160.8,75.7
2024-01-02 03:01:59,165.45,77.9
2024-01-02 03:04:25,169.82,78.05
2024-01-02 03:06:51,160.52,79.28
2024-01-02 03:09:18,153.18,75.57
2024-01-02 03:11:44,158.23,73.22
2024-01-02 03:14:10,170.1,77.25
2024-01-02 03:16:36,167.23,77.2
2024-01-02 03:19:03,159.25,76.78
2024-01-02 03:21:29,175.5,80.82
2024-01-02 03:23:55,161.85,76.55
2024-01-02 03:26:21,170.95,82.03
2024-01-02 03:28:47,163.5,77.0
2024-01-02 03:31:13,162.1,78.22
2024-01-02 03:33:39,165.35,80.2
2024-01-02 03:36:12,167.55,82.63
2024-01-02 03:38:38,173.57,86.45
2024-01-02 03:41:04,188.3,85.95
2024-01-02 03:43:31,182.15,87.63
2024-01-02 03:45:57,177.07,87.32
2024-01-02 03:48:23,174.5,87.53
2024-01-02 03:50:50,180.3,88.32
2024-01-02 03:53:16,182.5,88.35
2024-01-02 03:55:42,189.63,87.75
2024-01-02 03:58:08,177.25,88.63
2024-01-02 04:00:34,179.0,85.72
2024-01-02 04:03:00,188.13,87.45
2024-01-02 04:05:27,181.48,81.35
2024-01-02 04:07:54,175.48,86.4
2024-01-02 04:10:20,167.45,80.7
2024-01-02 04:12:46,167.8,79.65
2024-01-02 04:15:12,167.32,81.95
2024-01-02 04:17:38,181.93,84.8
2024-01-02 04:20:04,176.18,82.88
2024-01-02 04:22:30,181.7,86.63
2024-01-02 04:24:57,192.77,89.47
2024-01-02 04:27:23,169.27,80.38
2024-01-02 04:29:49,168.68,80.07
2024-01-02 04:32:15,159.88,77.55
2024-01-02 04:34:41,162.52,79.13
2024-01-02 04:37:07,162.95,76.4
2024-01-02 04:39:33,162.35,73.7
2024-01-02 04:42:00,160.1,76.6
2024-01-02 04:44:26,150.93,74.07
2024-01-02 04:46:53,159.63,76.1
2024-01-02 04:49:19,156.48,75.93
2024-01-02 04:51:45,177.38,80.03
2024-01-02 04:54:11,157.18,77.2
2024-01-02 04:56:38,146.23,75.18
2024-01-02 04:59:04,161.52,75.7
2024-01-02 05:01:31,152.88,77.5
2024-01-02 05:03:57,155.32,73.72
2024-01-02 05:06:23,146.82,71.63
2024-01-02 05:08:49,149.68,74.9
2024-01-02 05:11:15,153.02,77.65
2024-01-02 05:13:42,163.3,76.1
2024-01-02 05:16:08,143.0,73.82
2024-01-02 05:18:34,139.18,72.57
2024-01-02 05:21:01,142.3,71.32
2024-01-02 05:23:27,145.2,74.18
2024-01-02 05:25:54,151.8,72.72
2024-01-02 05:28:20,141.9,70.88
2024-01-02 05:30:46,145.23,74.95
2024-01-02 05:33:12,152.77,72.72
2024-01-02 05:35:38,145.43,69.5
2024-01-02 05:38:04,146.13,70.88
2024-01-02 05:40:30,134.15,70.32
2024-01-02 05:42:57,154.27,72.68
2024-01-02 05:45:23,143.93,69.15
2024-01-02 05:47:49,133.4,68.6
2024-01-02 05:50:15,132.82,63.22
2024-01-02 05:52:42,139.4,66.97
2024-01-02 05:55:08,143.57,66.85
2024-01-02 05:57:34,154.65,68.2
2024-01-02 06:00:00,129.35,60.45
2024-01-02 06:02:26,130.38,64.55
2024-01-02 06:04:52,131.4,61.6
2024-01-02 06:07:18,134.8,64.97
2024-01-02 06:09:45,144.0,70.0
2024-01-02 06:12:11,169.52,77.1
2024-01-02 06:14:37,168.35,78.7
2024-01-02 06:17:03,161.25,79.35
2024-01-02 06:19:29,161.82,77.07
2024-01-02 06:21:55,158.68,78.65
2024-01-02 06:24:21,156.73,77.65
2024-01-02 06:26:48,168.18,81.1
2024-01-02 06:29:14,160.43,80.43
2024-01-02 06:31:40,177.15,87.75
2024-01-02 06:34:06,170.95,84.3
2024-01-02 06:36:33,171.68,81.63
2024-01-02 06:38:59,161.9,81.28
2024-01-02 06:41:26,169.77,82.35
2024-01-02 06:43:52,163.63,82.55
2024-01-02 06:46:18,162.52,82.28
2024-01-02 06:48:44,166.27,79.2
2024-01-02 06:51:10,157.15,77.82
2024-01-02 06:53:36,167.25,78.85
2024-01-02 06:56:02,155.2,77.9
2024-01-02 06:58:28,156.05,76.7
2024-01-02 07:00:54,172.02,83.35
2024-01-02 07:03:20,155.77,79.07
2024-01-02 07:05:46,174.3,78.0
2024-01-02 07:08:13,160.9,78.93
2024-01-02 07:10:39,151.63,78.22
2024-01-02 07:13:05,147.88,77.13
2024-01-02 07:15:32,178.1,81.25
2024-01-02 07:17:58,156.85,76.4
2024-01-02 07:20:24,168.48,81.82
2024-01-02 07:22:50,153.32,78.22
2024-01-02 07:25:17,155.32,77.85
2024-01-02 07:27:44,159.18,80.18
2024-01-02 07:30:10,159.13,79.68
2024-01-02 07:32:36,145.32,70.65
2024-01-02 07:35:03,142.63,70.95
2024-01-02 07:37:29,139.82,69.7
2024-01-02 07:39:57,166.9,81.38
2024-01-02 07:42:23,147.55,73.3
2024-01-02 07:44:49,150.82,75.93
2024-01-02 07:47:15,154.23,78.43
2024-01-02 07:49:42,160.82,78.63
2024-01-02 07:52:08,158.45,76.9
2024-01-02 07:54:37,161.3,79.15
2024-01-02 07:57:04,141.05,68.78
2024-01-02 07:59:30,147.27,70.5
2024-01-02 08:01:56,121.8,59.58
2024-01-02 08:04:22,146.3,71.97
2024-01-02 08:06:49,155.77,75.05
2024-01-02 08:09:15,141.77,73.2
2024-01-02 08:11:41,147.15,72.4
2024-01-02 08:14:07,147.77,73.47
2024-01-02 08:16:34,148.57,74.5
2024-01-02 08:19:00,72.88,38.3
2024-01-02 08:21:26,133.9,67.25
2024-01-02 08:23:52,138.13,70.63
2024-01-02 08:26:18,133.05,69.75
2024-01-02 08:28:45,140.0,70.6
2024-01-02 08:31:11,146.77,70.8
2024-01-02 08:33:38,140.18,70.32
2024-01-02 08:36:05,139.25,72.57
2024-01-02 08:38:31,148.8,71.97
2024-01-02 08:40:57,145.52,71.93
2024-01-02 08:43:24,138.52,75.45
2024-01-02 08:45:51,137.9,71.03
2024-01-02 08:48:17,133.75,68.3
2024-01-02 08:50:43,139.02,67.3
2024-01-02 08:53:10,134.43,68.32
2024-01-02 08:55:36,126.32,65.82
2024-01-02 08:58:03,135.55,69.5
2024-01-02 09:00:29,129.05,62.75
2024-01-02 09:02:55,123.65,62.35
2024-01-02 09:05:21,123.72,63.88
2024-01-02 09:07:47,136.63,66.57
2024-01-02 09:10:13,146.9,70.13
2024-01-02 09:12:39,167.35,82.3
2024-01-02 09:15:05,181.48,92.7
2024-01-02 09:17:33,194.0,96.6
2024-01-02 09:19:59,184.98,91.25
2024-01-02 09:22:25,176.35,88.93
2024-01-02 09:24:51,183.52,92.75
2024-01-02 09:27:18,181.57,91.35
2024-01-02 09:29:44,188.98,92.28
2024-01-02 09:32:10,209.1,103.75
2024-01-02 09:34:37,197.6,100.25
2024-01-02 09:37:06,188.63,94.85
2024-01-02 09:39:32,190.15,94.82
2024-01-02 09:42:43,173.1,90.57
2024-01-02 09:44:53,168.4,87.47
2024-01-02 09:49:57,181.57,90.5
2024-01-02 10:16:46,119.78,62.75
2024-01-02 10:21:41,120.5,61.5
2024-01-02 10:24:17,116.5,59.88
2024-01-02 10:27:09,120.57,58.75
2024-01-02 10:29:35,109.45,54.2
2024-01-02 10:32:07,89.95,48.4
2024-01-02 10:34:36,99.82,49.92
2024-01-02 10:37:04,95.38,48.3
2024-01-02 10:39:38,107.82,50.47
2024-01-02 10:47:28,87.65,44.25
2024-01-02 10:50:00,91.57,43.15
2024-01-02 10:55:06,102.45,50.67
2024-01-02 11:00:07,111.4,54.38
2024-01-02 11:02:41,102.45,52.33
2024-01-02 11:07:40,119.57,55.5
2024-01-02 11:10:12,101.5,52.33
2024-01-02 11:12:54,113.18,54.88
2024-01-02 11:15:20,115.47,56.28
2024-01-02 11:17:48,103.32,52.58
2024-01-02 11:20:20,105.3,54.83
2024-01-02 11:22:50,117.72,55.88
2024-01-02 11:25:16,117.97,55.4
2024-01-02 11:27:44,108.28,55.0
2024-01-02 11:30:11,104.85,52.75
2024-01-02 11:35:22,101.8,49.63
2024-01-02 11:38:07,87.8,44.03
2024-01-02 11:45:42,75.68,40.9
2024-01-02 11:53:17,86.4,44.47
2024-01-02 11:55:49,82.43,38.4
2024-01-02 12:05:53,150.63,74.0
2024-01-02 12:08:24,99.93,52.25
2024-01-02 12:10:50,98.97,50.03
2024-01-02 12:13:24,83.53,45.67
2024-01-02 12:15:54,93.43,46.63
2024-01-02 12:18:21,93.72,49.65
2024-01-02 12:20:55,98.2,47.95
2024-01-02 12:23:22,93.05,47.0
2024-01-02 12:25:48,90.7,46.65
2024-01-02 12:28:15,88.5,46.47
2024-01-02 12:33:19,89.65,45.4
2024-01-02 12:35:55,97.93,48.22
2024-01-02 12:38:27,103.25,47.5
2024-01-02 12:40:55,100.78,47.22
2024-01-02 12:43:22,93.82,46.15
2024-01-02 12:46:02,86.15,43.75
2024-01-02 12:48:29,87.85,44.6
2024-01-02 12:50:57,82.72,43.35
2024-01-02 12:53:25,80.82,41.2
2024-01-02 12:55:55,87.78,41.75
2024-01-02 12:58:23,87.7,43.58
2024-01-02 13:00:55,79.57,41.47
2024-01-02 13:03:21,100.75,51.05
2024-01-02 13:05:48,89.3,43.3
2024-01-02 13:08:17,85.9,44.65
2024-01-02 13:10:44,86.78,42.13
2024-01-02 13:13:13,81.57,41.53
2024-01-02 13:15:41,87.35,43.4
2024-01-02 13:18:10,85.35,44.78
2024-01-02 13:20:37,94.13,44.38
2024-01-02 13:23:04,90.78,45.7
2024-01-02 13:25:34,96.03,45.13
2024-01-02 13:28:15,85.57,44.65
2024-01-02 13:30:42,88.68,45.03
2024-01-02 13:33:16,97.47,44.88
2024-01-02 13:35:43,93.1,44.75
2024-01-02 13:38:13,97.13,45.65
2024-01-02 13:40:39,102.28,45.53
2024-01-02 13:43:05,77.75,42.22
2024-01-02 13:45:35,90.2,41.85
2024-01-02 13:48:12,102.25,43.45
2024-01-02 13:50:42,91.32,44.13
2024-01-02 13:53:09,89.65,42.42
2024-01-02 13:55:36,81.53,39.22
2024-01-02 13:58:10,94.57,41.92
2024-01-02 14:00:36,85.97,41.72
2024-01-02 14:03:03,82.13,42.08
2024-01-02 14:05:30,80.78,40.42
2024-01-02 14:07:57,81.13,40.08
2024-01-02 14:10:27,74.13,39.58
2024-01-02 14:12:53,90.2,43.7
2024-01-02 14:15:23,92.32,46.03
2024-01-02 14:20:18,103.43,52.13
2024-01-02 14:22:59,117.75,55.22
2024-01-02 14:25:30,113.07,54.6
2024-01-02 14:30:37,107.47,56.47
2024-01-02 14:35:33,110.33,53.73
2024-01-02 14:40:35,101.47,52.9
2024-01-02 14:45:31,111.65,56.05
2024-01-02 14:50:41,109.57,54.1
2024-01-02 14:58:22,101.87,49.7
2024-01-02 15:01:02,98.43,48.85
2024-01-02 15:03:44,94.8,47.78
2024-01-02 15:06:13,99.82,46.05
2024-01-02 15:08:52,92.55,44.15
2024-01-02 15:16:54,96.7,44.6
2024-01-02 15:24:35,90.07,44.97
2024-01-02 15:27:06,101.22,46.45
2024-01-02 15:29:38,102.93,47.0
2024-01-02 15:32:11,104.47,47.6
2024-01-02 15:39:57,105.78,46.53
2024-01-02 15:49:53,98.15,45.88
2024-01-02 15:52:22,93.4,45.6
2024-01-02 15:55:00,100.55,46.65
2024-01-02 15:57:30,96.0,46.2
2024-01-02 16:00:32,85.72,40.58
2024-01-02 16:02:57,86.13,37.95
2024-01-02 16:23:33,116.75,52.92
2024-01-02 16:28:41,120.38,51.85
2024-01-02 16:31:31,111.38,51.38
2024-01-02 16:36:51,90.7,42.55
2024-01-02 16:39:24,100.78,41.72
2024-01-02 16:41:50,97.18,44.92
2024-01-02 16:44:18,101.6,46.05
2024-01-02 16:46:48,102.9,46.42
2024-01-02 16:49:16,102.28,47.05
2024-01-02 16:52:04,98.93,45.4
2024-01-02 16:54:29,103.38,45.92
2024-01-02 16:56:57,100.2,46.42
2024-01-02 16:59:23,97.38,46.45
2024-01-02 17:01:49,95.7,45.15
2024-01-02 17:04:15,102.4,47.95
2024-01-02 17:06:45,99.4,51.0
2024-01-02 17:09:11,87.2,43.17
2024-01-02 17:11:38,79.2,36.33
2024-01-02 17:14:05,84.47,36.15
2024-01-02 17:16:31,76.63,38.0
2024-01-02 17:18:57,98.35,43.15
2024-01-02 17:21:24,100.3,46.88
2024-01-02 17:23:51,105.1,47.78
2024-01-02 17:26:18,99.15,48.2
2024-01-02 17:28:47,109.32,48.25
2024-01-02 17:31:13,115.63,55.13
2024-01-02 17:33:42,129.65,57.08
2024-01-02 17:36:08,113.0,52.15
2024-01-02 17:38:37,103.47,48.55
2024-01-02 17:41:04,97.5,44.35
2024-01-02 17:43:30,79.85,38.38
2024-01-02 17:45:57,148.0,67.95
2024-01-02 17:48:24,105.05,45.83
2024-01-02 17:53:23,97.47,47.25
2024-01-02 17:55:51,89.15,45.17
2024-01-02 17:58:22,107.53,51.6
2024-01-02 18:00:50,126.82,56.9
2024-01-02 18:06:09,151.18,65.3
2024-01-02 18:11:24,136.02,61.47
2024-01-02 18:13:53,119.5,55.25
2024-01-02 18:22:09,107.55,50.58
2024-01-02 18:24:37,130.1,60.1
2024-01-02 18:32:28,116.15,55.8
2024-01-02 18:35:14,113.47,53.97
2024-01-02 18:37:42,125.85,56.53
2024-01-02 18:40:09,121.8,59.92
2024-01-02 18:45:23,129.1,57.1
2024-01-02 18:50:25,139.15,57.35
2024-01-02 18:55:20,157.23,66.4
2024-01-02 18:57:46,132.48,63.67
2024-01-02 19:00:16,122.95,59.2
2024-01-02 19:03:00,120.63,54.65
2024-01-02 19:05:37,139.73,58.5
2024-01-02 19:08:03,137.98,63.35
2024-01-02 19:10:32,133.27,58.13
2024-01-02 19:12:58,117.3,55.05
2024-01-02 19:15:25,122.4,53.53
2024-01-02 19:17:51,117.2,54.53
2024-01-02 19:20:17,128.8,58.15
2024-01-02 19:22:47,130.98,59.2
2024-01-02 19:25:16,138.57,58.97
2024-01-02 19:27:42,124.7,56.45
2024-01-02 19:30:09,146.45,61.7
2024-01-02 19:32:35,131.52,60.95
2024-01-02 19:35:01,158.5,69.28
2024-01-02 19:37:30,155.77,70.22
2024-01-02 19:39:56,154.73,70.3
2024-01-02 19:42:24,142.95,63.05
2024-01-02 19:44:50,139.27,65.2
2024-01-02 19:47:16,135.52,59.15
2024-01-02 19:49:42,126.43,57.47
2024-01-02 19:52:10,104.82,49.65
2024-01-02 19:54:36,119.0,51.33
2024-01-02 19:57:02,157.57,67.0
2024-01-02 19:59:28,157.02,69.95
2024-01-02 20:01:55,170.5,78.1
2024-01-02 20:04:21,140.55,63.17
2024-01-02 20:06:51,134.1,62.15
2024-01-02 20:12:05,139.75,62.85
2024-01-02 20:17:01,120.1,53.05
2024-01-02 20:19:28,124.2,58.75
2024-01-02 20:21:56,134.55,64.55
2024-01-02 20:24:22,136.05,58.08
2024-01-02 20:26:49,136.13,59.5
2024-01-02 20:31:56,118.7,52.95
2024-01-02 20:34:26,117.18,55.6
2024-01-02 20:36:54,116.88,54.3
2024-01-02 20:39:27,116.5,53.58
2024-01-02 20:42:01,110.32,52.5
2024-01-02 20:44:33,121.8,56.92
2024-01-02 20:46:59,119.4,55.53
2024-01-02 20:49:26,139.0,56.25
2024-01-02 20:51:54,123.88,57.25
2024-01-02 20:54:21,124.88,56.75
2024-01-02 20:59:18,116.65,55.17
2024-01-02 21:04:46,129.77,61.22
2024-01-02 21:07:17,142.27,62.97
2024-01-02 21:09:44,129.88,59.67
2024-01-02 21:12:15,130.85,59.22
2024-01-02 21:14:42,138.65,59.45
2024-01-02 21:17:15,136.9,61.65
2024-01-02 21:19:45,134.63,61.13
2024-01-02 21:24:46,137.8,64.68
2024-01-02 21:27:12,130.25,63.8
2024-01-02 21:29:38,140.88,64.97
2024-01-02 21:32:04,140.75,65.4
2024-01-02 21:34:30,136.5,65.3
2024-01-02 21:36:56,138.15,65.72
2024-01-02 21:39:23,136.68,65.25
2024-01-02 21:41:49,144.57,63.6
2024-01-02 21:44:32,122.45,56.55
2024-01-02 21:47:01,127.27,59.4
2024-01-02 21:49:33,122.0,56.38
2024-01-02 21:52:02,133.07,59.2
2024-01-02 21:57:03,122.45,58.17
2024-01-02 21:59:34,115.28,57.55
2024-01-02 22:02:02,123.6,59.08
2024-01-02 22:04:32,121.05,55.67
2024-01-02 22:07:00,134.7,61.2
2024-01-02 22:09:37,132.77,60.45
2024-01-02 22:12:03,124.88,56.78
2024-01-02 22:14:42,121.05,56.63
2024-01-02 22:29:44,136.4,68.65
2024-01-02 22:32:10,151.43,72.97
2024-01-02 22:34:37,140.73,67.82
2024-01-02 22:37:03,127.05,64.43
2024-01-02 22:42:01,136.25,61.1
2024-01-02 22:44:28,136.13,63.75
2024-01-02 22:46:54,130.4,57.05
2024-01-02 22:49:20,125.65,59.17
2024-01-02 22:51:46,124.53,58.63
2024-01-02 22:54:13,113.3,56.17
2024-01-02 22:56:40,120.72,59.03
2024-01-02 22:59:06,106.45,51.03
2024-01-02 23:01:32,99.4,49.47
2024-01-02 23:03:58,105.55,48.13
2024-01-02 23:06:24,100.45,47.95
2024-01-02 23:08:50,103.95,47.17
2024-01-02 23:12:00,102.35,47.28
2024-01-02 23:14:07,104.32,46.72
2024-01-02 23:16:33,96.43,45.15
2024-01-02 23:21:29,96.2,45.67
2024-01-02 23:23:55,105.57,46.97
2024-01-02 23:26:22,92.75,42.28
2024-01-02 23:31:17,86.95,42.33
2024-01-02 23:33:43,91.72,41.33
2024-01-02 23:36:12,88.5,41.3
2024-01-02 23:38:39,96.8,41.5
2024-01-02 23:41:05,89.68,40.3
2024-01-02 23:43:36,92.75,41.38
2024-01-02 23:46:05,90.63,42.22
2024-01-02 23:48:31,88.2,41.88
2024-01-02 23:53:28,85.9,40.65
2024-01-02 23:56:00,87.43,39.97
2024-01-02 23:58:28,87.57,39.83
2024-01-03 00:00:55,90.63,41.03
2024-01-03 00:03:21,88.97,42.4
2024-01-03 00:05:48,81.6,39.55
2024-01-03 00:08:15,87.07,40.67
2024-01-03 00:18:38,89.68,40.55
2024-01-03 00:21:09,90.32,41.58
2024-01-03 00:23:38,95.43,42.35
2024-01-03 00:26:08,102.97,45.47
2024-01-03 00:28:34,95.9,42.33
2024-01-03 00:31:01,97.82,40.88
2024-01-03 00:33:27,95.4,43.8
2024-01-03 00:35:53,96.53,43.4
2024-01-03 00:38:20,101.4,46.85
2024-01-03 00:40:54,97.75,44.58
2024-01-03 00:43:20,96.72,46.42
2024-01-03 00:45:47,103.85,46.95
2024-01-03 00:48:16,125.22,50.65
2024-01-03 00:50:44,129.93,51.38
2024-01-03 00:53:10,132.75,50.17
2024-01-03 00:55:37,132.13,49.28
2024-01-03 00:58:03,116.3,43.63
2024-01-03 01:00:29,113.75,46.05
2024-01-03 01:02:55,119.45,42.17
2024-01-03 01:05:21,109.2,43.22
2024-01-03 01:07:48,124.55,42.15
2024-01-03 01:10:14,99.22,40.85
2024-01-03 01:12:40,117.82,40.45
2024-01-03 01:15:06,112.25,39.22
2024-01-03 01:17:32,112.3,41.58
2024-01-03 01:19:58,126.53,43.72
2024-01-03 01:22:25,111.85,43.78
2024-01-03 01:24:51,109.3,40.95
2024-01-03 01:27:17,105.95,40.13
2024-01-03 01:29:44,112.4,41.47
2024-01-03 01:32:10,144.25,45.5
2024-01-03 01:34:36,120.2,42.9
2024-01-03 01:37:02,114.38,43.05
2024-01-03 01:39:28,127.5,46.53
2024-01-03 01:41:54,129.0,45.85
2024-01-03 01:44:20,126.4,47.88
2024-01-03 01:46:46,134.48,49.25
2024-01-03 01:49:14,127.25,44.05
2024-01-03 01:51:42,143.2,53.65
2024-01-03 01:54:09,160.73,57.17
2024-01-03 01:56:35,141.77,55.25
2024-01-03 01:59:01,175.1,59.25
2024-01-03 02:01:27,139.32,55.2
2024-01-03 02:03:54,140.05,53.5
2024-01-03 02:06:20,138.9,54.05
2024-01-03 02:08:47,145.13,55.05
2024-01-03 02:11:13,135.25,54.97
2024-01-03 02:13:42,127.3,50.95
2024-01-03 02:16:09,131.2,50.05
2024-01-03 02:18:35,129.2,50.03
2024-01-03 02:21:01,133.32,50.55
2024-01-03 02:23:28,127.32,49.53
2024-01-03 02:25:54,163.15,51.0
2024-01-03 02:28:20,136.57,50.83
2024-01-03 02:30:46,148.88,51.22
2024-01-03 02:33:13,132.93,51.9
2024-01-03 02:35:40,132.8,51.65
2024-01-03 02:38:06,129.05,52.17
2024-01-03 02:40:32,132.88,50.9
2024-01-03 02:42:58,140.27,51.78
2024-01-03 02:45:24,130.45,50.35
2024-01-03 02:47:50,143.05,54.35
2024-01-03 02:50:16,137.88,50.4
2024-01-03 02:52:42,125.68,49.45
2024-01-03 02:55:08,121.8,45.0
2024-01-03 02:57:34,120.5,44.88
2024-01-03 03:00:01,124.47,46.13
2024-01-03 03:02:27,123.2,42.75
2024-01-03 03:04:53,116.3,46.22
2024-01-03 03:07:20,103.53,41.35
2024-01-03 03:09:46,118.15,41.15
2024-01-03 03:12:12,108.4,40.58
2024-01-03 03:14:38,119.32,41.97
2024-01-03 03:17:04,121.2,42.58
2024-01-03 03:19:30,102.72,40.6
2024-01-03 03:21:56,117.07,41.05
2024-01-03 03:24:22,120.15,44.92
2024-01-03 03:26:48,112.82,41.9
2024-01-03 03:29:15,107.75,41.6
2024-01-03 03:31:41,124.55,41.3
2024-01-03 03:34:07,123.15,42.67
2024-01-03 03:36:33,112.78,43.58
2024-01-03 03:38:59,117.82,41.97
2024-01-03 03:41:25,131.8,42.7
2024-01-03 03:43:51,138.13,40.7
2024-01-03 03:46:18,108.35,39.92
2024-01-03 03:48:44,105.5,37.1
2024-01-03 03:51:10,88.4,36.5
2024-01-03 03:53:36,122.47,38.6
2024-01-03 03:56:02,110.35,40.03
2024-01-03 03:58:29,99.47,37.03
2024-01-03 04:00:55,111.43,38.05
2024-01-03 04:03:21,104.35,37.88
2024-01-03 04:05:47,115.22,39.7
2024-01-03 04:08:13,135.8,41.67
2024-01-03 04:10:39,113.0,39.17
2024-01-03 04:13:06,103.22,40.65
2024-01-03 04:15:32,133.93,40.92
2024-01-03 04:17:58,111.9,38.25
2024-01-03 04:20:24,131.88,41.85
2024-01-03 04:22:50,113.97,40.1
2024-01-03 04:25:16,119.9,38.53
2024-01-03 04:27:42,120.5,37.33
2024-01-03 04:30:09,130.82,39.55
2024-01-03 04:32:35,121.82,40.45
2024-01-03 04:35:01,118.63,38.25
2024-01-03 04:37:27,119.88,38.1
2024-01-03 04:39:53,107.75,36.75
2024-01-03 04:42:19,118.3,37.63
2024-01-03 04:44:45,101.05,35.25
2024-01-03 04:47:11,111.22,36.53
2024-01-03 04:49:37,108.1,36.8
2024-01-03 04:52:04,146.9,50.95
2024-01-03 04:54:30,120.85,40.13
2024-01-03 04:56:56,114.63,38.3
2024-01-03 04:59:22,101.97,37.17
2024-01-03 05:01:48,122.13,38.7
2024-01-03 05:04:14,107.07,37.47
2024-01-03 05:06:40,115.8,37.1
2024-01-03 05:09:07,111.95,38.7
2024-01-03 05:11:33,129.57,40.17
2024-01-03 05:13:59,121.05,38.72
2024-01-03 05:16:25,126.97,39.95
2024-01-03 05:18:51,107.15,39.85
2024-01-03 05:21:17,116.5,40.63
2024-01-03 05:23:43,127.93,39.88
2024-01-03 05:26:10,113.63,36.38
2024-01-03 05:28:36,137.05,40.7
2024-01-03 05:31:02,114.2,38.3
2024-01-03 05:33:28,136.8,40.75
2024-01-03 05:35:54,113.32,37.38
2024-01-03 05:38:20,104.35,35.22
2024-01-03 05:40:46,111.8,35.75
2024-01-03 05:43:15,98.28,32.97
2024-01-03 05:45:41,113.43,33.17
2024-01-03 05:48:07,103.93,32.72
2024-01-03 05:50:33,81.9,27.38
2024-01-03 05:52:59,92.2,29.2
2024-01-03 05:55:26,98.78,27.55
2024-01-03 05:57:52,76.97,24.27
2024-01-03 06:00:18,81.63,23.23
2024-01-03 06:02:45,75.5,23.23
2024-01-03 06:05:11,79.6,24.65
2024-01-03 06:07:41,81.82,23.58
2024-01-03 06:10:07,87.75,23.35
2024-01-03 06:12:34,83.2,25.38
2024-01-03 06:15:00,75.4,23.52
2024-01-03 06:17:27,73.15,22.75
2024-01-03 06:19:53,83.7,23.3
2024-01-03 06:22:19,81.03,24.1
2024-01-03 06:24:45,83.3,25.0
2024-01-03 06:27:11,80.85,25.15
2024-01-03 06:29:37,75.4,25.13
2024-01-03 06:32:03,96.95,26.58
2024-01-03 06:34:29,74.95,23.7
2024-01-03 06:36:55,90.5,24.92
2024-01-03 06:39:22,91.72,25.67
2024-01-03 06:41:48,90.0,23.83
2024-01-03 06:44:14,80.97,24.5
2024-01-03 06:46:40,87.35,24.42
2024-01-03 06:49:06,105.95,25.38
2024-01-03 06:51:33,91.35,26.8
2024-01-03 06:53:59,92.93,25.73
2024-01-03 06:56:25,82.38,25.45
2024-01-03 06:58:51,106.82,28.1
2024-01-03 07:01:17,86.72,25.05
2024-01-03 07:03:43,93.55,27.05
2024-01-03 07:06:09,105.32,26.88
2024-01-03 07:08:35,101.72,27.7
2024-01-03 07:11:02,91.93,29.27
2024-01-03 07:13:28,91.97,27.75
2024-01-03 07:15:54,95.53,27.45
2024-01-03 07:18:20,95.82,27.33
2024-01-03 07:20:46,86.47,24.88
2024-01-03 07:23:12,86.88,26.42
2024-01-03 07:25:38,114.93,27.52
2024-01-03 07:28:04,86.4,27.6
2024-01-03 07:30:31,107.7,28.48
2024-01-03 07:32:57,87.4,26.83
2024-01-03 07:35:23,113.6,27.4
2024-01-03 07:37:49,94.75,25.5
2024-01-03 07:40:16,88.28,25.42
2024-01-03 07:42:42,96.47,26.5
2024-01-03 07:45:08,99.15,28.77
2024-01-03 07:47:34,130.52,40.92
2024-01-03 07:50:00,124.78,34.6
2024-01-03 07:52:26,108.07,29.98
2024-01-03 07:54:53,105.15,28.17
2024-01-03 07:57:19,102.45,26.1
2024-01-03 07:59:46,80.43,26.9
2024-01-03 08:02:12,81.5,25.52
2024-01-03 08:04:38,88.4,25.0
2024-01-03 08:07:05,87.35,24.25
2024-01-03 08:09:32,71.75,22.58
2024-01-03 08:11:59,79.88,24.38
2024-01-03 08:14:25,78.45,24.85
2024-01-03 08:16:51,80.5,23.83
2024-01-03 08:19:18,85.32,23.4
2024-01-03 08:21:44,81.45,23.4
2024-01-03 08:24:10,73.25,23.17
2024-01-03 08:26:36,91.32,27.6
2024-01-03 08:29:02,81.88,25.4
2024-01-03 08:31:28,81.4,26.0
2024-01-03 08:33:54,92.7,25.95
2024-01-03 08:36:20,95.75,26.92
2024-01-03 08:38:47,96.93,28.75
2024-01-03 08:41:13,90.35,26.33
2024-01-03 08:43:40,104.05,29.1
2024-01-03 08:46:08,95.22,29.7
2024-01-03 08:48:34,115.22,31.02
2024-01-03 08:51:00,111.03,29.17
2024-01-03 08:53:26,102.2,29.27
2024-01-03 08:55:52,114.97,29.23
2024-01-03 08:58:18,96.32,29.55
2024-01-03 09:00:45,98.0,29.88
2024-01-03 09:03:11,95.53,28.73
2024-01-03 09:05:37,95.53,30.2
2024-01-03 09:08:03,115.07,31.88
2024-01-03 09:10:29,91.8,28.8
2024-01-03 09:12:55,93.53,29.35
2024-01-03 09:15:21,108.13,33.3
2024-01-03 09:17:47,120.13,31.98
2024-01-03 09:20:15,86.95,28.42
2024-01-03 09:22:41,82.15,26.27
2024-01-03 09:25:07,76.9,25.83
2024-01-03 09:27:33,116.65,31.13
2024-01-03 09:29:59,111.93,33.25
2024-01-03 09:32:26,95.03,34.65
2024-01-03 09:34:52,111.47,33.6
2024-01-03 09:37:18,103.57,29.27
2024-01-03 09:39:44,97.4,31.48
2024-01-03 09:42:10,99.28,28.42
2024-01-03 09:44:37,79.3,28.15
2024-01-03 09:47:03,92.55,29.98
2024-01-03 09:49:29,101.05,31.9
2024-01-03 09:51:55,97.47,30.52
2024-01-03 09:54:21,97.85,31.45
2024-01-03 09:56:47,95.8,31.05
2024-01-03 09:59:16,104.65,31.98
2024-01-03 10:01:55,91.95,30.63
2024-01-03 10:04:23,95.95,30.38
2024-01-03 10:06:50,98.53,31.0
2024-01-03 10:09:17,90.68,29.95
2024-01-03 10:11:44,99.95,30.33
2024-01-03 10:14:13,98.13,29.85
2024-01-03 10:16:40,87.7,31.08
2024-01-03 10:19:12,95.47,30.98
2024-01-03 10:21:48,87.6,29.55
2024-01-03 10:24:18,102.18,31.02
2024-01-03 10:26:44,110.9,31.65
2024-01-03 10:29:14,103.75,33.1
2024-01-03 10:31:41,87.85,30.42
2024-01-03 10:34:08,110.75,34.6
2024-01-03 10:36:40,113.3,38.17
2024-01-03 10:39:07,111.43,37.08
2024-01-03 10:41:33,104.55,36.15
2024-01-03 10:44:00,101.75,37.78
2024-01-03 10:46:26,108.6,37.72
2024-01-03 10:48:53,104.38,34.6
2024-01-03 10:51:21,104.4,35.13
2024-01-03 10:53:47,85.35,32.65
2024-01-03 10:56:15,89.25,34.2
2024-01-03 10:58:42,104.3,34.97
2024-01-03 11:01:25,90.8,32.65
2024-01-03 11:06:26,81.8,30.9
2024-01-03 11:08:56,84.07,31.77
2024-01-03 11:14:01,86.22,34.42
2024-01-03 11:16:37,91.85,38.55
2024-01-03 11:19:04,98.82,35.47
2024-01-03 11:24:01,87.28,33.65
2024-01-03 11:29:37,83.63,32.88
2024-01-03 11:31:58,80.68,35.28
2024-01-03 11:37:04,102.6,38.53
2024-01-03 11:39:37,94.65,38.13
2024-01-03 11:42:23,95.95,36.35
2024-01-03 11:45:02,94.13,35.55
2024-01-03 11:50:01,83.05,33.35
2024-01-03 11:52:30,88.35,33.67
2024-01-03 11:55:02,87.55,34.9
2024-01-03 11:57:28,82.7,34.4
2024-01-03 11:59:57,80.28,33.67
2024-01-03 12:02:25,76.9,32.45
2024-01-03 12:05:04,71.45,31.48
2024-01-03 12:07:34,88.03,33.47
2024-01-03 12:10:02,78.43,34.47
2024-01-03 12:12:29,76.93,33.15
2024-01-03 12:14:55,83.43,34.25
2024-01-03 12:19:51,79.85,33.97
2024-01-03 12:22:21,89.3,35.13
2024-01-03 12:24:48,91.0,33.4
2024-01-03 12:27:20,85.7,34.85
2024-01-03 12:29:50,85.8,35.08
2024-01-03 12:32:17,87.32,35.0
2024-01-03 12:34:44,90.63,34.75
2024-01-03 12:37:10,98.2,36.97
2024-01-03 12:39:36,89.18,34.0
2024-01-03 12:42:03,85.4,35.17
2024-01-03 12:44:32,90.43,36.3
2024-01-03 12:46:59,83.53,35.83
2024-01-03 12:49:25,101.5,39.33
2024-01-03 12:51:52,86.55,36.42
2024-01-03 12:54:18,92.32,37.2
2024-01-03 12:56:44,86.4,35.75
2024-01-03 12:59:10,96.4,37.6
2024-01-03 13:01:36,83.88,36.0
2024-01-03 13:04:02,95.47,37.92
2024-01-03 13:06:28,95.95,39.75
2024-01-03 13:08:54,98.8,39.1
2024-01-03 13:11:20,97.35,39.28
2024-01-03 13:13:46,95.45,39.53
2024-01-03 13:16:12,98.75,38.47
2024-01-03 13:18:38,95.35,40.7
2024-01-03 13:21:05,93.85,39.83
2024-01-03 13:23:31,112.18,42.8
2024-01-03 13:25:57,103.78,41.9
2024-01-03 13:28:24,91.47,37.83
2024-01-03 13:30:50,91.1,37.13
2024-01-03 13:33:17,91.28,36.13
2024-01-03 13:35:43,95.05,36.8
2024-01-03 13:38:09,95.25,36.3
2024-01-03 13:40:36,90.65,38.38
2024-01-03 13:43:05,97.35,36.83
2024-01-03 13:45:31,95.2,37.75
2024-01-03 13:47:57,81.0,36.4
2024-01-03 13:50:23,92.3,36.88
2024-01-03 13:52:50,90.47,35.5
2024-01-03 13:55:16,78.13,34.72
2024-01-03 13:57:42,85.18,35.45
2024-01-03 14:00:09,91.32,37.0
2024-01-03 14:02:35,90.25,36.17
2024-01-03 14:05:01,95.85,36.15
2024-01-03 14:07:29,88.95,37.63
2024-01-03 14:09:55,93.4,38.4
2024-01-03 14:12:21,97.93,38.72
2024-01-03 14:14:47,87.1,38.35
2024-01-03 14:17:13,93.88,38.3
2024-01-03 14:19:40,88.5,38.47
2024-01-03 14:22:06,95.65,38.15
2024-01-03 14:24:32,99.15,39.67
2024-01-03 14:26:58,100.75,39.2
2024-01-03 14:29:24,112.97,42.53
2024-01-03 14:31:50,97.55,40.85
2024-01-03 14:34:16,90.2,38.95
2024-01-03 14:36:42,99.22,39.22
2024-01-03 14:39:08,97.57,39.8
2024-01-03 14:41:35,107.63,40.45
2024-01-03 14:44:02,100.2,39.83
2024-01-03 14:46:33,92.05,39.78
2024-01-03 14:48:59,99.3,41.17
2024-01-03 14:51:26,101.2,40.38
2024-01-03 14:53:52,98.75,38.7
2024-01-03 14:56:20,108.05,44.78
2024-01-03 14:58:46,99.05,39.3
2024-01-03 15:01:13,94.38,38.72
2024-01-03 15:03:41,93.3,37.38
2024-01-03 15:06:07,94.15,39.85
2024-01-03 15:08:33,100.6,39.33
2024-01-03 15:11:01,95.97,40.1
2024-01-03 15:13:27,103.4,41.85
2024-01-03 15:15:53,98.88,42.47
2024-01-03 15:18:21,96.43,39.85
2024-01-03 15:20:48,98.18,41.6
2024-01-03 15:23:14,115.35,42.25
2024-01-03 15:25:41,107.82,40.53
2024-01-03 15:28:08,107.15,41.25
2024-01-03 15:30:34,121.55,46.0
2024-01-03 15:33:00,118.45,45.47
2024-01-03 15:35:26,104.65,43.67
2024-01-03 15:37:52,113.6,46.15
2024-01-03 15:40:19,113.22,44.33
2024-01-03 15:42:46,112.75,46.5
2024-01-03 15:45:13,119.63,48.58
2024-01-03 15:47:39,121.32,47.17
2024-01-03 15:50:06,105.32,42.97
2024-01-03 15:52:33,107.78,45.2
2024-01-03 15:54:59,117.3,46.47
2024-01-03 15:57:26,108.2,44.65
2024-01-03 15:59:52,107.35,41.8
2024-01-03 16:02:18,109.93,43.13
2024-01-03 16:04:44,99.45,40.88
2024-01-03 16:07:10,95.78,41.85
2024-01-03 16:09:37,103.5,41.38
2024-01-03 16:12:04,106.13,46.22
2024-01-03 16:14:30,103.97,42.05
2024-01-03 16:16:57,98.47,38.92
2024-01-03 16:19:24,88.75,37.6
2024-01-03 16:21:53,99.47,42.67
2024-01-03 16:24:19,111.65,43.83
2024-01-03 16:26:48,114.57,45.25
2024-01-03 16:29:15,109.72,44.67
2024-01-03 16:31:54,108.63,44.28
2024-01-03 16:34:23,97.78,41.92
2024-01-03 16:36:56,89.22,40.65
2024-01-03 16:39:22,114.18,42.53
2024-01-03 16:41:49,103.13,43.8
2024-01-03 16:44:15,105.43,43.67
2024-01-03 16:46:45,101.18,43.4
2024-01-03 16:49:12,126.22,47.13
2024-01-03 16:51:39,115.6,46.6
2024-01-03 16:54:10,107.1,44.0
2024-01-03 16:56:43,116.57,47.97
2024-01-03 16:59:12,134.63,46.47
2024-01-03 17:01:39,110.25,47.15
2024-01-03 17:04:05,114.45,45.53
2024-01-03 17:06:31,108.75,44.4
2024-01-03 17:09:05,104.7,47.28
2024-01-03 17:11:31,103.5,43.97
2024-01-03 17:13:57,92.6,41.47
2024-01-03 17:16:24,99.65,43.38
2024-01-03 17:18:50,124.75,45.83
2024-01-03 17:21:19,110.13,47.7
2024-01-03 17:23:46,106.65,46.17
2024-01-03 17:26:18,114.63,47.78
2024-01-03 17:28:48,99.6,42.42
2024-01-03 17:31:15,113.38,47.7
2024-01-03 17:33:41,104.88,46.4
2024-01-03 17:36:09,92.45,40.8
2024-01-03 17:38:35,92.47,39.15
2024-01-03 17:41:02,82.63,39.03
2024-01-03 17:43:34,106.55,42.78
2024-01-03 17:46:02,104.07,41.65
2024-01-03 17:48:28,111.53,47.72
2024-01-03 17:50:54,112.1,49.05
2024-01-03 17:53:23,114.55,53.45
2024-01-03 17:55:49,126.72,52.2
2024-01-03 17:58:15,120.22,52.1
2024-01-03 18:00:41,123.15,51.88
2024-01-03 18:03:07,100.65,45.08
2024-01-03 18:05:33,114.75,48.33
2024-01-03 18:07:59,105.32,48.15
2024-01-03 18:10:26,118.57,52.53
2024-01-03 18:12:52,125.38,53.17
2024-01-03 18:15:18,131.2,54.03
2024-01-03 18:17:44,112.35,46.72
2024-01-03 18:20:11,98.3,44.1
2024-01-03 18:22:41,117.75,53.9
2024-01-03 18:25:22,103.2,45.47
2024-01-03 18:27:48,113.82,46.75
2024-01-03 18:30:15,113.57,49.9
2024-01-03 18:32:42,101.4,47.8
2024-01-03 18:35:08,113.13,49.58
2024-01-03 18:37:37,113.2,50.83
2024-01-03 18:40:03,114.05,50.85
2024-01-03 18:42:32,128.93,51.15
2024-01-03 18:44:59,105.82,47.88
2024-01-03 18:47:25,116.75,49.45
2024-01-03 18:49:53,101.28,47.55
2024-01-03 18:52:19,94.72,44.53
2024-01-03 18:54:46,104.55,47.72
2024-01-03 18:57:12,101.15,46.03
2024-01-03 18:59:39,103.85,50.13
2024-01-03 19:02:06,114.13,48.67
2024-01-03 19:04:39,111.13,49.33
2024-01-03 19:07:05,102.57,49.5
2024-01-03 19:09:31,110.75,49.28
2024-01-03 19:11:58,112.45,47.03
2024-01-03 19:14:24,102.88,44.28
2024-01-03 19:16:50,112.22,48.15
2024-01-03 19:19:16,106.22,46.88
2024-01-03 19:21:42,106.07,42.47
2024-01-03 19:24:10,98.88,46.35
2024-01-03 19:26:36,115.22,46.42
2024-01-03 19:29:02,111.18,46.28
2024-01-03 19:31:28,87.7,42.85
2024-01-03 19:33:54,103.53,44.65
2024-01-03 19:36:20,97.5,42.97
2024-01-03 19:38:47,93.38,42.63
2024-01-03 19:41:13,101.38,42.78
2024-01-03 19:43:39,100.25,40.88
2024-01-03 19:46:08,97.28,40.53
2024-01-03 19:48:35,109.8,43.72
2024-01-03 19:51:02,97.85,42.85
2024-01-03 19:53:28,106.43,47.88
2024-01-03 19:55:55,110.72,49.97
2024-01-03 19:58:21,131.0,54.88
2024-01-03 20:00:47,96.85,45.67
2024-01-03 20:03:13,100.0,45.8
2024-01-03 20:05:39,99.35,48.0
2024-01-03 20:08:05,107.13,48.97
2024-01-03 20:10:32,121.85,53.15
2024-01-03 20:12:58,131.45,56.42
2024-01-03 20:15:25,111.43,48.15
2024-01-03 20:17:51,108.3,47.38
2024-01-03 20:20:17,119.35,44.35
2024-01-03 20:22:48,95.35,44.7
2024-01-03 20:25:14,105.68,46.22
2024-01-03 20:27:41,117.72,52.55
2024-01-03 20:30:10,116.8,52.4
2024-01-03 20:32:40,113.28,50.4
2024-01-03 20:35:08,116.7,53.03
2024-01-03 20:37:36,117.95,52.47
2024-01-03 20:40:02,115.15,51.4
2024-01-03 20:42:29,108.53,48.55
2024-01-03 20:44:55,109.57,45.65
2024-01-03 20:47:21,105.15,43.13
2024-01-03 20:49:47,98.53,46.2
2024-01-03 20:52:14,99.53,41.92
2024-01-03 20:54:40,92.07,39.33
2024-01-03 20:57:06,97.35,43.15
2024-01-03 20:59:35,96.47,42.17
2024-01-03 21:02:01,96.3,45.08
2024-01-03 21:04:28,98.53,43.88
2024-01-03 21:06:54,137.45,54.17
2024-01-03 21:09:21,131.1,60.38
2024-01-03 21:11:48,140.0,59.72
2024-01-03 21:14:14,131.57,61.03
2024-01-03 21:16:40,149.18,63.45
2024-01-03 21:19:06,132.25,60.5
2024-01-03 21:21:32,136.73,62.8
2024-01-03 21:23:58,145.05,62.97
2024-01-03 21:26:24,147.27,63.03
2024-01-03 21:28:51,131.82,61.17
2024-01-03 21:31:20,129.15,61.63
2024-01-03 21:33:46,133.4,63.08
2024-01-03 21:36:12,142.1,60.78
2024-01-03 21:38:38,134.82,59.05
2024-01-03 21:41:11,138.18,60.58
2024-01-03 21:43:37,133.65,61.55
2024-01-03 21:46:03,130.88,60.53
2024-01-03 21:48:29,134.3,58.13
2024-01-03 21:50:56,132.38,61.38
2024-01-03 21:53:22,145.9,64.05
2024-01-03 21:55:48,151.38,63.2
2024-01-03 21:58:14,140.52,64.95
2024-01-03 22:00:40,155.38,70.32
2024-01-03 22:03:06,167.5,76.88
2024-01-03 22:05:32,167.1,76.03
2024-01-03 22:07:58,182.13,82.97
2024-01-03 22:10:24,166.52,76.07
2024-01-03 22:12:50,178.2,77.93
2024-01-03 22:15:17,145.82,69.05
2024-01-03 22:17:43,151.1,67.13
2024-01-03 22:20:10,131.8,58.55
2024-01-03 22:22:40,127.55,58.5
2024-01-03 22:25:06,132.07,56.65
2024-01-03 22:27:33,118.82,54.28
2024-01-03 22:29:59,107.8,51.38
2024-01-03 22:32:25,101.9,47.55
2024-01-03 22:34:51,127.93,59.08
2024-01-03 22:37:17,125.15,56.83
2024-01-03 22:39:44,131.95,59.97
2024-01-03 22:42:10,149.18,63.95
2024-01-03 22:44:36,157.13,66.18
2024-01-03 22:47:02,122.53,61.28
2024-01-03 22:49:37,149.32,66.47
2024-01-03 22:52:04,146.73,66.15
2024-01-03 22:54:31,148.98,67.38
2024-01-03 22:56:57,162.77,73.63
2024-01-03 22:59:23,170.1,70.8
2024-01-03 23:01:49,163.73,70.65
2024-01-03 23:04:16,150.45,67.4
2024-01-03 23:06:42,155.5,71.7
2024-01-03 23:09:08,165.7,72.32
2024-01-03 23:11:34,154.0,68.15
2024-01-03 23:14:00,164.05,70.47
2024-01-03 23:16:26,151.13,68.05
2024-01-03 23:18:52,159.05,70.4
2024-01-03 23:21:19,163.18,70.95
2024-01-03 23:23:46,156.52,68.93
2024-01-03 23:26:12,166.93,69.65
2024-01-03 23:28:39,156.05,73.13
2024-01-03 23:31:05,163.6,72.15
2024-01-03 23:33:31,159.95,73.95
2024-01-03 23:35:58,164.35,72.47
2024-01-03 23:38:24,150.35,68.25
2024-01-03 23:40:50,150.2,67.75
2024-01-03 23:43:16,151.38,68.55
2024-01-03 23:45:42,153.45,65.53
2024-01-03 23:48:08,153.35,69.75
2024-01-03 23:50:35,151.77,66.6
2024-01-03 23:53:04,152.73,68.53
2024-01-03 23:55:31,141.55,60.13
2024-01-03 23:57:57,133.98,56.35
2024-01-04 00:00:23,136.95,60.88
2024-01-04 00:02:50,153.95,66.88
2024-01-04 00:05:16,152.7,66.18
2024-01-04 00:07:42,173.48,73.75
2024-01-04 00:10:09,150.5,71.22
2024-01-04 00:12:35,161.35,70.65
2024-01-04 00:15:01,155.3,72.93
2024-01-04 00:17:31,172.65,72.9
2024-01-04 00:19:57,162.82,69.93
2024-01-04 00:22:23,142.05,64.03
2024-01-04 00:24:49,151.75,69.78
2024-01-04 00:27:15,177.95,77.82
2024-01-04 00:29:42,150.32,74.28
2024-01-04 00:32:08,154.68,74.05
2024-01-04 00:34:34,160.52,75.88
2024-01-04 00:37:01,171.25,74.03
2024-01-04 00:39:28,160.02,69.9
2024-01-04 00:41:54,146.7,64.8
2024-01-04 00:44:21,155.2,68.0
2024-01-04 00:46:47,154.7,65.8
2024-01-04 00:49:13,153.98,68.53
2024-01-04 00:51:39,149.68,66.0
2024-01-04 00:54:06,148.95,66.1
2024-01-04 00:56:33,136.25,63.35
2024-01-04 00:58:59,139.9,66.68
2024-01-04 01:01:25,147.48,65.8
2024-01-04 01:03:52,136.9,66.93
2024-01-04 01:06:18,143.25,66.88
2024-01-04 01:08:44,143.2,64.8
2024-01-04 01:11:10,136.25,63.95
2024-01-04 01:13:36,134.23,63.28
2024-01-04 01:16:02,134.43,64.85
2024-01-04 01:18:28,121.75,59.5
2024-01-04 01:20:55,140.32,62.92
2024-01-04 01:23:21,127.35,61.03
2024-01-04 01:25:47,127.65,58.88
2024-01-04 01:28:13,127.05,58.5
2024-01-04 01:30:39,136.38,62.42
2024-01-04 01:33:05,129.6,59.92
2024-01-04 01:35:31,132.68,61.15
2024-01-04 01:37:57,144.88,59.55
2024-01-04 01:40:23,122.53,58.45
2024-01-04 01:42:50,133.07,61.63
2024-01-04 01:45:16,136.23,60.8
2024-01-04 01:47:44,141.52,62.08
2024-01-04 01:50:11,136.63,60.05
2024-01-04 01:52:37,140.18,64.8
2024-01-04 01:55:03,121.75,56.05
2024-01-04 01:57:30,136.43,62.9
2024-01-04 01:59:58,147.18,68.55
2024-01-04 02:02:24,136.63,61.08
2024-01-04 02:04:51,156.2,67.0
2024-01-04 02:07:17,139.1,61.5
2024-01-04 02:09:43,147.32,64.05
2024-01-04 02:12:13,143.0,60.13
2024-01-04 02:14:39,148.75,59.83
2024-01-04 02:17:06,134.85,59.1
2024-01-04 02:19:32,140.38,58.95
2024-01-04 02:21:59,126.07,56.5
2024-01-04 02:24:25,120.45,55.33
2024-01-04 02:26:51,134.23,55.22
2024-01-04 02:29:18,144.82,59.53
2024-01-04 02:31:44,153.77,57.47
2024-01-04 02:34:10,134.1,61.0
2024-01-04 02:36:37,160.88,61.72
2024-01-04 02:39:03,138.23,60.72
2024-01-04 02:41:29,138.73,64.13
2024-01-04 02:43:55,163.98,64.47
2024-01-04 02:46:22,145.25,59.75
2024-01-04 02:48:48,153.6,64.03
2024-01-04 02:51:14,143.32,61.3
2024-01-04 02:53:40,153.93,65.32
2024-01-04 02:56:06,143.43,63.25
2024-01-04 02:58:32,148.3,64.9
2024-01-04 03:00:58,163.32,63.5
2024-01-04 03:03:24,140.25,56.33
2024-01-04 03:05:51,146.45,54.42
2024-01-04 03:08:17,153.68,56.25
2024-01-04 03:10:43,148.45,52.42
2024-01-04 03:13:09,165.98,58.2
2024-01-04 03:15:35,130.93,52.53
2024-01-04 03:18:01,133.95,51.3
2024-01-04 03:20:27,137.75,55.38
2024-01-04 03:22:53,152.75,55.78
2024-01-04 03:25:19,138.4,55.38
2024-01-04 03:27:45,152.05,60.13
2024-01-04 03:30:12,162.68,58.1
2024-01-04 03:32:38,156.63,53.63
2024-01-04 03:35:04,145.85,55.0
2024-01-04 03:37:30,149.05,54.65
2024-01-04 03:39:56,160.35,56.3
2024-01-04 03:42:22,152.23,53.78
2024-01-04 03:44:48,131.25,54.38
2024-01-04 03:47:14,134.68,49.38
2024-01-04 03:49:40,110.8,46.58
2024-01-04 03:52:06,132.95,51.1
2024-01-04 03:54:33,117.3,44.67
2024-01-04 03:56:59,140.8,50.2
2024-01-04 03:59:25,132.6,52.33
2024-01-04 04:01:51,142.65,53.7
2024-01-04 04:04:17,149.13,53.5
2024-01-04 04:06:43,144.25,53.7
2024-01-04 04:09:09,151.93,56.9
2024-01-04 04:11:35,152.1,52.1
2024-01-04 04:14:01,135.95,51.6
2024-01-04 04:16:27,148.13,52.03
2024-01-04 04:18:53,130.88,52.72
2024-01-04 04:21:23,144.07,55.05
2024-01-04 04:23:49,147.13,53.33
2024-01-04 04:26:19,136.4,53.45
2024-01-04 04:28:46,132.4,52.33
2024-01-04 04:31:12,173.8,54.35
2024-01-04 04:33:39,143.48,53.25
2024-01-04 04:36:05,135.25,55.75
2024-01-04 04:38:32,141.18,51.85
2024-01-04 04:40:59,141.88,51.03
2024-01-04 04:43:25,138.4,49.22
2024-01-04 04:45:52,163.27,52.13
2024-01-04 04:48:18,146.18,52.2
2024-01-04 04:50:44,142.68,53.58
2024-01-04 04:53:10,140.7,52.92
2024-01-04 04:55:36,138.5,50.55
2024-01-04 04:58:02,123.5,47.58
2024-01-04 05:00:28,118.4,49.53
2024-01-04 05:02:54,129.6,47.45
2024-01-04 05:05:20,121.53,46.38
2024-01-04 05:07:46,130.6,46.78
2024-01-04 05:10:12,108.35,45.53
2024-01-04 05:12:38,145.9,48.65
2024-01-04 05:15:05,141.48,47.95
2024-01-04 05:17:31,132.75,45.25
2024-01-04 05:19:57,123.05,43.3
2024-01-04 05:22:23,108.13,43.85
2024-01-04 05:24:49,123.28,43.85
2024-01-04 05:27:15,107.45,40.63
2024-01-04 05:29:41,138.8,44.67
2024-01-04 05:32:07,101.93,37.35
2024-01-04 05:34:33,123.95,38.95
2024-01-04 05:37:01,102.35,39.13
2024-01-04 05:39:27,110.28,40.63
2024-01-04 05:41:53,101.68,36.22
2024-01-04 05:44:20,92.55,35.97
2024-01-04 05:46:46,97.88,34.53
2024-01-04 05:49:12,87.3,34.72
2024-01-04 05:51:38,82.93,30.63
2024-01-04 05:54:04,81.75,31.58
2024-01-04 05:56:31,78.78,31.35
2024-01-04 05:58:57,80.3,30.3
2024-01-04 06:01:23,82.0,30.92
2024-01-04 06:03:49,71.78,30.4
2024-01-04 06:06:15,81.2,30.65
2024-01-04 06:08:41,76.75,31.63
2024-01-04 06:11:09,82.32,32.75
2024-01-04 06:13:38,94.28,31.15
2024-01-04 06:16:07,89.85,33.92
2024-01-04 06:18:34,87.2,34.0
2024-01-04 06:21:00,96.43,35.15
2024-01-04 06:23:27,83.43,35.9
2024-01-04 06:25:53,97.72,39.13
2024-01-04 06:28:19,96.38,38.3
2024-01-04 06:30:45,97.78,37.85
2024-01-04 06:33:12,106.25,40.88
2024-01-04 06:35:38,100.75,39.42
2024-01-04 06:38:04,108.43,40.0
2024-01-04 06:40:37,81.15,36.8
2024-01-04 06:43:03,90.13,38.3
2024-01-04 06:45:33,85.28,37.08
2024-01-04 06:48:01,91.0,37.05
2024-01-04 06:50:27,81.97,38.33
2024-01-04 06:52:53,94.35,35.55
2024-01-04 06:55:19,104.72,43.6
2024-01-04 06:57:45,85.55,38.55
2024-01-04 07:00:11,89.88,37.22
2024-01-04 07:02:37,82.43,36.1
2024-01-04 07:05:06,77.18,36.7
2024-01-04 07:07:34,92.53,38.72
2024-01-04 07:10:01,93.6,38.92
2024-01-04 07:12:27,76.45,37.15
2024-01-04 07:14:54,84.47,35.45
2024-01-04 07:17:20,90.53,36.88
2024-01-04 07:19:47,84.45,38.65
2024-01-04 07:22:13,102.6,41.6
2024-01-04 07:24:40,89.13,37.75
2024-01-04 07:27:07,79.72,34.35
2024-01-04 07:29:34,82.75,35.4
2024-01-04 07:32:00,79.5,37.25
2024-01-04 07:34:26,93.85,37.67
2024-01-04 07:36:53,94.4,37.58
2024-01-04 07:39:19,92.82,39.13
2024-01-04 07:41:45,90.6,37.88
2024-01-04 07:44:11,83.07,37.8
2024-01-04 07:46:37,83.45,39.0
2024-01-04 07:49:03,81.78,35.6
2024-01-04 07:51:29,87.53,35.72
2024-01-04 07:53:55,82.03,34.25
2024-01-04 07:56:22,87.95,35.25
2024-01-04 07:58:48,76.18,32.5
2024-01-04 08:01:14,82.32,33.5
2024-01-04 08:03:40,83.6,34.83
2024-01-04 08:06:06,89.53,36.7
2024-01-04 08:08:32,80.25,35.8
2024-01-04 08:10:58,80.18,34.72
2024-01-04 08:13:27,90.1,35.4
2024-01-04 08:15:54,92.2,34.72
2024-01-04 08:18:20,86.28,37.25
2024-01-04 08:20:49,87.45,35.5
2024-01-04 08:23:15,83.65,38.33
2024-01-04 08:25:41,88.28,38.42
2024-01-04 08:28:07,94.18,39.03
2024-01-04 08:30:36,81.0,35.2
2024-01-04 08:33:02,97.63,36.85
2024-01-04 08:35:28,87.85,36.78
2024-01-04 08:37:55,93.18,38.28
2024-01-04 08:40:21,97.6,38.45
2024-01-04 08:42:47,96.07,38.2
2024-01-04 08:45:13,89.88,37.55
2024-01-04 08:47:41,80.85,35.88
2024-01-04 08:50:07,93.47,39.42
2024-01-04 08:52:33,82.22,36.22
2024-01-04 08:54:59,90.43,38.4
2024-01-04 08:57:26,86.72,36.42
2024-01-04 08:59:52,90.8,40.1
2024-01-04 09:02:18,78.88,37.28
2024-01-04 09:04:45,95.55,41.22
2024-01-04 09:07:12,96.2,38.35
2024-01-04 09:09:38,92.9,42.15
2024-01-04 09:12:05,95.0,37.35
2024-01-04 09:14:31,97.72,42.28
2024-01-04 09:16:58,95.18,39.7
2024-01-04 09:19:24,88.1,38.65
2024-01-04 09:21:50,103.8,39.67
2024-01-04 09:24:17,87.78,37.35
2024-01-04 09:26:44,92.72,39.7
2024-01-04 09:29:11,96.43,39.08
2024-01-04 09:31:37,101.95,38.33
2024-01-04 09:34:06,87.13,38.08
2024-01-04 09:36:32,86.85,36.47
2024-01-04 09:38:58,91.55,40.53
2024-01-04 09:41:25,98.38,42.3
2024-01-04 09:43:55,94.43,37.78
2024-01-04 09:46:24,110.38,41.15
2024-01-04 09:48:55,94.43,41.17
2024-01-04 09:51:27,106.9,43.38
2024-01-04 09:53:54,97.15,42.78
2024-01-04 09:56:25,118.4,44.9
2024-01-04 09:58:51,104.22,43.03
2024-01-04 10:01:18,103.03,42.85
2024-01-04 10:03:48,110.05,43.5
2024-01-04 10:06:21,100.13,40.3
2024-01-04 10:08:48,98.15,41.5
2024-01-04 10:11:19,104.28,43.45
2024-01-04 10:13:47,96.47,39.8
2024-01-04 10:16:13,104.2,43.5
2024-01-04 10:18:39,108.65,42.4
2024-01-04 10:21:06,98.3,40.58
2024-01-04 10:23:33,111.2,42.9
2024-01-04 10:26:06,107.35,44.1
2024-01-04 10:28:33,106.4,43.42
2024-01-04 10:31:01,103.75,42.2
2024-01-04 10:33:31,108.75,41.95
2024-01-04 10:36:06,102.95,43.47
2024-01-04 10:38:32,105.97,43.67
2024-01-04 10:40:59,101.78,41.65
2024-01-04 10:43:29,116.75,45.03
2024-01-04 10:46:04,109.8,45.13
2024-01-04 10:48:34,117.18,44.65
2024-01-04 10:51:02,114.82,45.58
2024-01-04 10:53:30,108.28,43.53
2024-01-04 10:55:57,123.8,46.0
2024-01-04 10:58:24,117.55,47.42
2024-01-04 11:00:50,112.43,47.33
2024-01-04 11:03:17,103.8,43.97
2024-01-04 11:05:43,113.88,46.2
2024-01-04 11:08:09,104.53,45.13
2024-01-04 11:10:37,102.5,42.7
2024-01-04 11:13:04,99.65,43.03
2024-01-04 11:15:31,106.93,43.92
2024-01-04 11:18:06,100.18,42.55
2024-01-04 11:20:42,99.35,42.55
2024-01-04 11:23:22,114.78,47.35
2024-01-04 11:28:20,98.63,42.97
2024-01-04 11:30:50,104.07,43.63
2024-01-04 11:33:17,100.22,43.22
2024-01-04 11:35:46,102.5,43.6
2024-01-04 11:38:21,109.43,44.28
2024-01-04 11:40:50,99.35,45.63
2024-01-04 11:43:16,109.47,46.33
2024-01-04 11:45:46,103.53,45.53
2024-01-04 11:48:12,130.13,49.25
2024-01-04 11:50:48,130.52,54.65
2024-01-04 11:53:16,123.0,52.72
2024-01-04 11:55:42,126.32,51.67
2024-01-04 11:58:09,113.57,50.88
2024-01-04 12:00:35,109.68,47.92
2024-01-04 12:03:02,110.5,47.75
2024-01-04 12:05:41,114.85,50.78
2024-01-04 12:08:08,114.8,49.45
2024-01-04 12:10:34,109.25,48.65
2024-01-04 12:13:00,107.93,45.67
2024-01-04 12:15:26,106.5,48.05
2024-01-04 12:17:53,116.53,49.83
2024-01-04 12:20:19,103.07,48.47
2024-01-04 12:22:45,103.97,45.8
2024-01-04 12:25:11,103.85,48.55
2024-01-04 12:27:37,98.88,44.42
2024-01-04 12:30:05,105.28,43.6
2024-01-04 12:32:34,93.18,40.5
2024-01-04 12:35:01,90.03,41.0
2024-01-04 12:37:28,80.57,38.8
2024-01-04 12:40:04,81.63,38.95
2024-01-04 12:44:57,85.07,37.38
2024-01-04 12:47:23,73.72,35.33
2024-01-04 12:49:56,72.82,34.83
2024-01-04 12:52:23,71.5,36.42
2024-01-04 12:54:49,75.45,36.8
2024-01-04 12:57:15,71.9,34.83
2024-01-04 12:59:41,82.5,35.85
2024-01-04 13:02:07,79.25,34.75
2024-01-04 13:04:34,76.65,35.78
2024-01-04 13:07:00,82.78,37.67
2024-01-04 13:09:26,87.6,36.35
2024-01-04 13:11:52,88.38,38.63
2024-01-04 13:14:18,76.5,38.75
2024-01-04 13:16:45,78.0,38.13
2024-01-04 13:19:15,88.32,41.65
2024-01-04 13:21:41,95.47,43.45
2024-01-04 13:24:07,87.88,42.6
2024-01-04 13:26:34,84.8,40.28
2024-01-04 13:29:00,89.6,44.5
2024-01-04 13:31:26,80.25,40.45
2024-01-04 13:33:52,95.82,45.28
2024-01-04 13:36:18,85.5,41.3
2024-01-04 13:38:44,80.9,40.5
2024-01-04 13:41:10,74.82,40.13
2024-01-04 13:43:36,79.97,40.53
2024-01-04 13:46:02,81.9,39.05
2024-01-04 13:48:28,77.8,39.7
2024-01-04 13:50:56,82.15,37.63
2024-01-04 13:53:23,76.68,40.08
2024-01-04 13:55:49,78.0,35.67
2024-01-04 13:58:15,74.4,35.5
2024-01-04 14:00:44,77.9,37.45
2024-01-04 14:03:13,76.43,37.7
2024-01-04 14:05:39,82.13,38.5
2024-01-04 14:08:06,80.38,39.5
2024-01-04 14:10:32,67.3,34.33
2024-01-04 14:12:58,64.78,31.17
2024-01-04 14:15:24,69.38,30.95
2024-01-04 14:17:50,73.3,33.58
2024-01-04 14:20:17,67.45,31.13
2024-01-04 14:22:45,54.9,25.13
2024-01-04 14:25:11,46.15,23.85
2024-01-04 14:27:37,55.6,25.6
2024-01-04 14:30:04,38.2,19.3
2024-01-04 14:32:30,31.8,14.77
2024-01-04 14:34:57,43.2,21.6
2024-01-04 14:37:26,49.53,24.27
2024-01-04 14:39:52,39.13,18.8
2024-01-04 14:42:18,49.9,22.55
2024-01-04 14:44:44,54.55,24.5
2024-01-04 14:47:10,50.78,26.25
2024-01-04 14:49:36,63.28,27.83
2024-01-04 14:52:04,57.3,27.52
2024-01-04 14:54:30,66.32,29.6
2024-01-04 14:56:56,55.75,28.58
2024-01-04 14:59:24,56.95,27.77
2024-01-04 15:01:50,57.35,28.27
2024-01-04 15:04:16,39.0,18.6
2024-01-04 15:06:42,9.5,3.15
2024-01-04 15:09:08,3.55,0.73
2024-01-04 15:11:37,0.77,0.38
2024-01-04 15:14:03,1.1,0.22
2024-01-04 15:16:30,2.22,0.38
2024-01-04 15:18:56,3.7,0.5
2024-01-04 15:21:23,0.52,0.2
2024-01-04 15:23:49,1.23,0.45
2024-01-04 15:26:15,8.77,1.15
2024-01-04 15:28:41,3.83,1.38
2024-01-04 15:31:08,1.95,0.8
2024-01-04 15:33:34,5.78,1.42
2024-01-04 15:36:00,2.63,1.33
2024-01-04 15:38:26,2.8,0.93
2024-01-04 15:40:53,2.33,0.9
2024-01-04 15:43:19,5.95,1.5
2024-01-04 15:45:47,2.72,0.8
2024-01-04 15:48:13,3.8,1.05
2024-01-04 15:50:41,4.0,2.1
2024-01-04 15:53:07,3.55,1.2
2024-01-04 15:55:33,2.53,0.82
2024-01-04 15:58:00,1.77,0.65
2024-01-04 16:00:26,5.07,2.25
2024-01-04 16:02:52,3.42,1.73
2024-01-04 16:05:18,3.72,1.48
2024-01-04 16:07:45,3.28,1.05
2024-01-04 16:10:11,3.7,1.95
2024-01-04 16:12:40,6.9,0.98
2024-01-04 16:15:06,4.68,1.0
2024-01-04 16:17:33,1.98,0.8
2024-01-04 16:19:59,6.25,0.98
2024-01-04 16:22:25,2.83,0.9
2024-01-04 16:24:51,2.0,1.05
2024-01-04 16:27:18,2.65,1.1
2024-01-04 16:29:44,11.6,4.38
2024-01-04 16:32:10,2.2,0.9
2024-01-04 16:34:37,3.83,1.05
2024-01-04 16:37:03,3.3,1.52
2024-01-04 16:39:29,1.55,0.82
2024-01-04 16:41:56,2.72,1.2
2024-01-04 16:44:22,3.08,1.13
2024-01-04 16:46:48,2.2,1.4
2024-01-04 16:49:16,3.83,1.58
2024-01-04 16:51:42,5.2,1.65
2024-01-04 16:54:08,6.45,2.63
2024-01-04 16:56:34,5.5,2.63
2024-01-04 16:59:00,7.95,3.75
2024-01-04 17:01:26,9.4,4.4
2024-01-04 17:03:52,10.43,4.8
2024-01-04 17:06:18,9.35,4.95
2024-01-04 17:08:44,12.8,5.32
2024-01-04 17:11:10,10.75,5.6
2024-01-04 17:13:37,12.77,5.5
2024-01-04 17:16:03,11.27,5.07
2024-01-04 17:18:29,7.97,4.35
2024-01-04 17:20:55,10.13,5.35
2024-01-04 17:23:21,13.63,6.18
2024-01-04 17:25:49,13.23,6.45
2024-01-04 17:28:15,10.4,5.13
2024-01-04 17:30:42,12.38,5.93
2024-01-04 17:33:08,8.77,5.25
2024-01-04 17:35:34,10.73,4.25
2024-01-04 17:38:00,10.65,5.55
2024-01-04 17:40:26,10.1,5.63
2024-01-04 17:42:53,12.1,5.5
2024-01-04 17:45:19,10.7,5.47
2024-01-04 17:47:45,13.65,5.72
2024-01-04 17:50:11,9.95,5.43
2024-01-04 17:52:38,15.38,6.68
2024-01-04 17:55:04,14.9,6.85
2024-01-04 17:57:31,23.17,9.7
2024-01-04 17:59:57,20.7,9.55
2024-01-04 18:02:24,22.02,9.8
2024-01-04 18:04:53,24.1,10.32
2024-01-04 18:07:19,23.63,10.9
2024-01-04 18:09:46,19.42,8.98
2024-01-04 18:12:12,26.27,9.7
2024-01-04 18:14:38,18.65,8.23
2024-01-04 18:17:04,19.92,10.4
2024-01-04 18:19:30,25.77,12.52
2024-01-04 18:21:56,24.48,11.95
2024-01-04 18:24:22,27.45,13.88
2024-01-04 18:26:48,37.72,17.23
2024-01-04 18:29:15,36.8,13.75
2024-01-04 18:31:41,20.92,10.07
2024-01-04 18:34:10,24.73,9.77
2024-01-04 18:36:37,29.45,11.4
2024-01-04 18:39:03,27.83,13.85
2024-01-04 18:41:29,12.15,6.13
2024-01-04 18:43:56,21.9,10.98
2024-01-04 18:46:22,17.2,7.53
2024-01-04 18:48:48,19.63,10.0
2024-01-04 18:51:14,17.45,8.7
2024-01-04 18:53:42,18.48,10.3
2024-01-04 18:56:08,12.38,5.82
2024-01-04 18:58:34,13.6,6.5
2024-01-04 19:01:00,14.88,5.93
2024-01-04 19:03:27,13.95,6.38
2024-01-04 19:05:53,18.75,6.47
2024-01-04 19:08:19,10.02,5.43
2024-01-04 19:10:45,21.25,8.38
2024-01-04 19:13:11,17.75,8.68
2024-01-04 19:15:37,18.15,8.9
2024-01-04 19:18:03,21.3,10.25
2024-01-04 19:20:29,17.25,9.68
2024-01-04 19:22:55,20.17,11.1
2024-01-04 19:25:22,21.7,11.55
2024-01-04 19:27:48,23.58,10.95
2024-01-04 19:30:14,27.83,14.52
2024-01-04 19:32:40,29.4,12.3
2024-01-04 19:35:06,23.13,12.57
2024-01-04 19:37:32,21.0,10.38
2024-01-04 19:39:59,20.77,11.6
2024-01-04 19:42:25,18.85,10.93
2024-01-04 19:44:54,17.35,10.0
2024-01-04 19:47:20,21.55,12.27
2024-01-04 19:49:47,23.35,12.98
2024-01-04 19:52:13,26.88,14.18
2024-01-04 19:54:42,35.78,15.68
2024-01-04 19:57:08,28.88,14.98
2024-01-04 19:59:34,33.47,16.8
2024-01-04 20:02:00,26.9,14.73
2024-01-04 20:04:26,34.22,16.92
2024-01-04 20:06:52,29.02,16.13
2024-01-04 20:09:18,29.55,17.05
2024-01-04 20:11:44,29.67,14.85
2024-01-04 20:14:10,29.8,15.27
2024-01-04 20:16:37,31.77,16.45
2024-01-04 20:19:03,30.42,16.02
2024-01-04 20:21:29,43.17,18.73
2024-01-04 20:23:55,37.9,20.7
2024-01-04 20:26:21,39.22,18.48
2024-01-04 20:28:47,34.17,17.83
2024-01-04 20:31:13,34.75,17.58
2024-01-04 20:33:39,41.05,17.38
2024-01-04 20:36:05,32.47,16.1
2024-01-04 20:38:31,31.48,14.07
2024-01-04 20:40:58,33.13,14.95
2024-01-04 20:43:24,33.97,16.08
2024-01-04 20:45:50,38.45,18.6
2024-01-04 20:48:16,35.6,18.77
2024-01-04 20:50:42,29.38,14.07
2024-01-04 20:53:09,34.5,17.73
2024-01-04 20:55:35,48.83,24.02
2024-01-04 20:58:01,40.22,21.48
2024-01-04 21:00:27,43.4,20.7
2024-01-04 21:02:53,43.65,24.48
2024-01-04 21:05:21,46.42,24.15
2024-01-04 21:07:47,49.22,24.83
2024-01-04 21:10:13,54.88,28.63
2024-01-04 21:12:39,65.0,31.73
2024-01-04 21:15:05,68.63,35.97
2024-01-04 21:17:31,64.65,35.58
2024-01-04 21:19:58,67.38,36.5
2024-01-04 21:22:26,69.47,34.6
2024-01-04 21:24:52,72.55,34.15
2024-01-04 21:27:19,59.33,28.67
2024-01-04 21:29:49,77.35,33.05
2024-01-04 21:32:15,53.65,26.02
2024-01-04 21:34:42,58.05,30.9
2024-01-04 21:37:08,71.97,34.53
2024-01-04 21:39:34,49.75,25.6
2024-01-04 21:42:00,61.67,32.65
2024-01-04 21:44:28,66.63,30.25
2024-01-04 21:46:54,52.45,26.33
2024-01-04 21:49:20,72.47,37.67
2024-01-04 21:51:48,64.6,30.95
2024-01-04 21:54:15,67.35,30.15
2024-01-04 21:56:41,59.58,29.17
2024-01-04 21:59:07,60.58,28.1
2024-01-04 22:01:33,55.15,29.75
2024-01-04 22:04:01,63.53,31.8
2024-01-04 22:06:27,46.83,25.23
2024-01-04 22:08:53,55.2,30.38
2024-01-04 22:11:20,42.08,20.27
2024-01-04 22:13:46,41.3,19.25
2024-01-04 22:16:13,34.05,18.7
2024-01-04 22:18:39,38.95,22.13
2024-01-04 22:21:05,49.03,26.5
2024-01-04 22:23:31,56.3,27.6
2024-01-04 22:25:57,43.67,22.42
2024-01-04 22:28:23,53.92,24.75
2024-01-04 22:30:49,39.72,20.33
2024-01-04 22:33:15,51.7,26.35
2024-01-04 22:35:42,46.45,23.02
2024-01-04 22:38:08,52.0,26.15
2024-01-04 22:40:34,50.65,25.02
2024-01-04 22:43:00,54.88,29.98
2024-01-04 22:45:26,52.45,28.48
2024-01-04 22:47:53,50.83,23.5
2024-01-04 22:50:19,55.5,27.42
2024-01-04 22:52:45,45.55,23.33
2024-01-04 22:55:11,37.83,20.13
2024-01-04 22:57:37,54.13,27.0
2024-01-04 23:00:04,32.7,18.2
2024-01-04 23:02:37,38.95,19.1
2024-01-04 23:05:03,35.45,19.05
2024-01-04 23:07:29,43.28,20.58
2024-01-04 23:09:55,42.28,19.33
2024-01-04 23:12:21,50.92,23.9
2024-01-04 23:14:47,44.75,22.55
2024-01-04 23:17:13,41.38,20.8
2024-01-04 23:19:40,38.05,21.6
2024-01-04 23:22:07,49.05,23.08
2024-01-04 23:24:33,52.67,24.25
2024-01-04 23:26:59,49.65,25.63
2024-01-04 23:29:25,48.45,24.23
2024-01-04 23:31:51,53.63,26.0
2024-01-04 23:34:17,50.53,25.02
2024-01-04 23:36:43,53.33,27.65
2024-01-04 23:39:10,56.3,27.9
2024-01-04 23:41:36,54.9,28.75
2024-01-04 23:44:02,49.65,25.2
2024-01-04 23:46:28,47.53,25.85
2024-01-04 23:48:54,54.25,25.55
2024-01-04 23:51:20,54.65,27.9
2024-01-04 23:53:46,57.42,26.92
2024-01-04 23:56:12,59.63,28.13
2024-01-04 23:58:38,58.78,27.6
2024-01-05 00:01:04,47.03,25.45
2024-01-05 00:03:30,54.55,26.48
2024-01-05 00:05:56,50.25,26.45
2024-01-05 00:08:22,55.4,25.45
2024-01-05 00:10:48,60.45,30.4
2024-01-05 00:13:14,65.35,32.92
2024-01-05 00:15:40,69.88,32.58
2024-01-05 00:18:06,68.18,33.22
2024-01-05 00:20:33,66.95,33.83
2024-01-05 00:22:59,69.35,34.4
2024-01-05 00:25:25,64.32,31.45
2024-01-05 00:27:51,52.83,26.23
2024-01-05 00:30:18,42.63,22.4
2024-01-05 00:32:44,43.85,24.75
2024-01-05 00:35:10,44.72,23.52
2024-01-05 00:37:36,47.95,25.75
2024-01-05 00:40:03,47.35,24.92
2024-01-05 00:42:29,51.22,24.6
2024-01-05 00:44:55,51.6,25.63
2024-01-05 00:47:21,51.7,27.98
2024-01-05 00:49:47,48.1,25.4
2024-01-05 00:52:13,50.78,23.92
2024-01-05 00:54:40,50.47,24.33
2024-01-05 00:57:06,45.9,24.77
2024-01-05 00:59:32,47.7,25.08
2024-01-05 01:01:58,45.1,24.5
2024-01-05 01:04:24,52.2,24.75
2024-01-05 01:06:50,46.33,22.63
2024-01-05 01:09:16,48.75,22.63
2024-01-05 01:11:42,47.97,22.77
2024-01-05 01:14:08,50.97,24.3
2024-01-05 01:16:34,48.38,23.85
2024-01-05 01:19:00,57.28,27.33
2024-01-05 01:21:27,47.08,24.77
2024-01-05 01:23:53,50.97,25.98
2024-01-05 01:26:19,56.58,30.65
2024-01-05 01:28:45,66.7,30.85
2024-01-05 01:31:11,56.55,31.17
2024-01-05 01:33:37,65.07,30.98
2024-01-05 01:36:04,64.22,31.33
2024-01-05 01:38:31,55.13,28.08
2024-01-05 01:40:57,45.67,24.73
2024-01-05 01:43:27,45.85,24.08
2024-01-05 01:45:56,51.42,26.35
2024-01-05 01:48:23,59.65,27.92
2024-01-05 01:50:49,54.4,27.33
2024-01-05 01:53:16,56.67,27.25
2024-01-05 01:55:43,60.67,28.92
2024-01-05 01:58:09,55.33,28.38
2024-01-05 02:00:35,48.72,27.55
2024-01-05 02:03:01,54.0,27.83
2024-01-05 02:05:28,57.9,29.4
2024-01-05 02:07:54,52.25,28.02
2024-01-05 02:10:20,58.35,29.45
2024-01-05 02:12:46,59.75,28.05
2024-01-05 02:15:12,50.22,26.98
2024-01-05 02:17:39,61.1,30.77
2024-01-05 02:20:05,50.63,27.08
2024-01-05 02:22:32,51.5,26.15
2024-01-05 02:24:58,55.03,24.83
2024-01-05 02:27:25,52.38,25.4
2024-01-05 02:29:51,52.05,24.05
2024-01-05 02:32:17,53.47,25.75
2024-01-05 02:34:43,58.78,29.7
2024-01-05 02:37:09,58.38,29.35
2024-01-05 02:39:36,62.45,30.58
2024-01-05 02:42:02,61.75,29.95
2024-01-05 02:44:28,56.92,30.2
2024-01-05 02:46:54,62.25,31.13
2024-01-05 02:49:20,60.28,29.38
2024-01-05 02:51:46,54.5,27.63
2024-01-05 02:54:12,62.65,29.85
2024-01-05 02:56:39,53.53,24.35
2024-01-05 02:59:05,51.65,25.08
2024-01-05 03:01:31,56.53,24.9
2024-01-05 03:03:58,53.75,27.23
2024-01-05 03:06:25,66.35,28.45
2024-01-05 03:08:52,54.33,28.73
2024-01-05 03:11:18,49.4,26.42
2024-01-05 03:13:44,53.13,25.08
2024-01-05 03:16:10,50.9,27.95
2024-01-05 03:18:36,51.7,27.55
2024-01-05 03:21:02,53.03,26.9
2024-01-05 03:23:28,52.38,25.23
2024-01-05 03:25:54,53.15,25.27
2024-01-05 03:28:22,55.8,25.85
2024-01-05 03:30:48,52.53,25.33
2024-01-05 03:33:14,51.88,25.27
2024-01-05 03:35:40,58.03,27.6
2024-01-05 03:38:06,59.72,28.75
2024-01-05 03:40:32,47.47,25.63
2024-01-05 03:42:58,57.0,25.1
2024-01-05 03:45:24,50.03,26.02
2024-01-05 03:47:50,55.25,24.1
2024-01-05 03:50:17,53.47,26.58
2024-01-05 03:52:44,52.6,25.33
2024-01-05 03:55:10,43.53,22.98
2024-01-05 03:57:36,51.53,25.38
2024-01-05 04:00:02,42.03,21.8
2024-01-05 04:02:28,43.63,23.3
2024-01-05 04:04:54,45.17,21.67
2024-01-05 04:07:20,50.72,24.52
2024-01-05 04:09:46,51.08,23.88
2024-01-05 04:12:14,38.8,22.48
2024-01-05 04:14:42,44.35,23.02
2024-01-05 04:17:08,44.0,21.98
2024-01-05 04:19:34,39.67,20.58
2024-01-05 04:22:01,44.0,21.98
2024-01-05 04:24:29,48.67,21.67
2024-01-05 04:26:55,49.2,21.73
2024-01-05 04:29:21,49.53,22.48
2024-01-05 04:31:47,38.5,19.13
2024-01-05 04:34:13,43.22,18.52
2024-01-05 04:36:39,37.6,16.38
2024-01-05 04:39:05,33.67,15.35
2024-01-05 04:41:31,40.35,17.3
2024-01-05 04:43:57,40.25,17.25
2024-01-05 04:46:23,43.25,19.13
2024-01-05 04:48:49,52.22,21.1
2024-01-05 04:51:15,52.45,19.1
2024-01-05 04:53:41,39.28,18.58
2024-01-05 04:56:07,62.72,18.83
2024-01-05 04:58:33,39.97,18.1
2024-01-05 05:00:59,46.3,19.38
2024-01-05 05:03:26,49.3,20.13
2024-01-05 05:05:54,46.85,19.02
2024-01-05 05:08:20,39.0,17.77
2024-01-05 05:10:46,47.97,18.3
2024-01-05 05:13:12,41.8,18.9
2024-01-05 05:15:38,43.67,19.38
2024-01-05 05:18:05,44.08,18.55
2024-01-05 05:20:31,46.15,18.83
2024-01-05 05:22:58,41.83,20.08
2024-01-05 05:25:24,45.47,17.7
2024-01-05 05:27:50,46.28,19.95
2024-01-05 05:30:16,51.58,19.88
2024-01-05 05:32:42,43.95,18.7
2024-01-05 05:35:09,49.17,19.2
2024-01-05 05:37:35,54.33,21.4
2024-01-05 05:40:01,52.58,22.77
2024-01-05 05:42:27,51.97,23.35
2024-01-05 05:44:53,46.38,20.4
2024-01-05 05:47:19,51.53,21.25
2024-01-05 05:49:45,47.0,20.98
2024-01-05 05:52:11,44.53,17.83
2024-01-05 05:54:37,50.17,19.2
2024-01-05 05:57:03,48.2,20.67
2024-01-05 05:59:33,49.92,21.1
2024-01-05 06:01:59,45.08,19.73
2024-01-05 06:04:25,51.08,21.45
2024-01-05 06:06:51,49.88,21.65
2024-01-05 06:09:17,50.1,22.65
2024-01-05 06:11:43,56.65,23.0
2024-01-05 06:14:09,62.85,26.27
2024-01-05 06:16:35,51.22,24.08
2024-01-05 06:19:02,49.13,23.17
2024-01-05 06:21:28,41.63,19.65
2024-01-05 06:23:54,41.15,19.48
2024-01-05 06:26:20,54.05,20.2
2024-01-05 06:28:46,46.67,21.23
2024-01-05 06:31:13,52.8,21.2
2024-01-05 06:33:39,49.6,21.42
2024-01-05 06:36:05,49.33,22.08
2024-01-05 06:38:31,60.85,23.1
2024-01-05 06:40:57,52.13,21.17
2024-01-05 06:43:23,55.03,21.52
2024-01-05 06:45:50,66.8,23.67
2024-01-05 06:48:16,59.15,21.7
2024-01-05 06:50:42,63.1,22.42
2024-01-05 06:53:08,50.42,21.08
2024-01-05 06:55:34,53.47,20.33
2024-01-05 06:58:00,54.17,19.85
2024-01-05 07:00:27,60.92,20.25
2024-01-05 07:02:53,38.15,17.85
2024-01-05 07:05:20,51.85,19.73
2024-01-05 07:07:46,49.85,19.25
2024-01-05 07:10:12,50.08,19.33
2024-01-05 07:12:38,40.33,17.98
2024-01-05 07:15:05,43.9,18.17
2024-01-05 07:17:31,49.08,19.05
2024-01-05 07:19:57,59.4,19.5
2024-01-05 07:22:23,51.6,19.23
2024-01-05 07:24:50,52.88,20.6
2024-01-05 07:27:16,57.6,24.15
2024-01-05 07:29:42,57.75,22.65
2024-01-05 07:32:08,49.15,20.77
2024-01-05 07:34:34,55.78,19.58
2024-01-05 07:37:00,44.53,20.42
2024-01-05 07:39:26,50.65,19.88
2024-01-05 07:41:52,48.65,19.38
2024-01-05 07:44:19,60.6,21.8
2024-01-05 07:46:45,43.72,20.27
2024-01-05 07:49:11,54.05,20.65
2024-01-05 07:51:37,53.08,20.83
2024-01-05 07:54:03,42.2,19.1
2024-01-05 07:56:29,56.3,19.88
2024-01-05 07:58:55,52.85,18.88
2024-01-05 08:01:21,53.25,20.48
2024-01-05 08:03:47,62.4,20.48
2024-01-05 08:06:14,57.92,20.5
2024-01-05 08:08:50,52.53,19.95
2024-01-05 08:11:16,48.92,20.08
2024-01-05 08:13:43,51.58,20.7
2024-01-05 08:16:09,58.05,20.63
2024-01-05 08:18:36,53.53,20.08
2024-01-05 08:21:02,53.88,20.8
2024-01-05 08:23:31,57.67,22.73
2024-01-05 08:25:58,61.8,20.75
2024-01-05 08:28:24,60.92,21.83
2024-01-05 08:30:50,55.2,21.5
2024-01-05 08:33:16,62.7,23.08
2024-01-05 08:35:43,55.63,22.98
2024-01-05 08:38:09,61.55,23.38
2024-01-05 08:40:35,54.95,23.52
2024-01-05 08:43:01,67.25,25.2
2024-01-05 08:45:28,70.3,27.55
2024-01-05 08:47:56,63.4,26.63
2024-01-05 08:50:22,69.35,25.73
2024-01-05 08:52:48,68.63,24.95
2024-01-05 08:55:15,64.85,24.6
2024-01-05 08:57:43,65.6,24.85
2024-01-05 09:00:09,63.33,24.38
2024-01-05 09:02:38,54.92,22.9
2024-01-05 09:05:04,63.38,23.0
2024-01-05 09:07:31,52.45,24.15
2024-01-05 09:09:58,55.4,21.08
2024-01-05 09:12:24,49.55,20.73
2024-01-05 09:14:50,53.75,23.8
2024-01-05 09:17:16,43.2,20.77
2024-01-05 09:19:42,47.05,20.83
2024-01-05 09:22:09,48.9,20.92
2024-01-05 09:24:35,45.8,20.27
2024-01-05 09:27:02,44.3,20.33
2024-01-05 09:29:29,44.92,19.0
2024-01-05 09:31:55,48.45,20.65
2024-01-05 09:34:21,43.8,20.67
2024-01-05 09:36:47,44.38,21.7
2024-01-05 09:39:13,52.3,22.92
2024-01-05 09:41:45,58.95,25.58
2024-01-05 09:44:11,52.83,23.83
2024-01-05 09:46:38,61.2,25.17
2024-01-05 09:49:04,60.28,26.1
2024-01-05 09:51:31,67.0,25.35
2024-01-05 09:53:58,59.5,24.9
2024-01-05 09:56:27,63.45,24.65
2024-01-05 09:58:54,65.75,28.88
2024-01-05 10:01:21,61.97,25.77
2024-01-05 10:03:53,71.07,28.85
2024-01-05 10:06:20,72.75,28.98
2024-01-05 10:08:46,76.9,28.98
2024-01-05 10:11:12,121.07,48.08
2024-01-05 10:13:53,74.68,28.05
2024-01-05 10:16:22,74.03,30.15
2024-01-05 10:18:52,86.7,31.25
2024-01-05 10:21:18,68.95,30.63
2024-01-05 10:23:48,84.53,32.05
2024-01-05 10:26:15,90.9,33.95
2024-01-05 10:28:42,75.55,31.2
2024-01-05 10:31:14,83.38,32.95
2024-01-05 10:34:13,74.18,31.55
2024-01-05 10:36:33,78.53,32.6
2024-01-05 10:38:59,80.1,32.9
2024-01-05 10:41:28,77.45,32.67
2024-01-05 10:43:54,79.65,32.95
2024-01-05 10:46:22,80.25,33.35
2024-01-05 10:48:49,78.57,34.9
2024-01-05 10:51:16,80.43,33.75
2024-01-05 10:53:48,72.75,30.83
2024-01-05 10:56:15,84.05,34.53
2024-01-05 10:58:43,79.9,33.58
2024-01-05 11:01:09,75.53,31.95
2024-01-05 11:03:40,86.97,35.55
2024-01-05 11:06:07,84.82,34.38
2024-01-05 11:16:57,85.5,37.03
2024-01-05 11:22:08,98.78,41.4
2024-01-05 11:24:35,112.05,45.72
2024-01-05 11:27:47,84.63,34.63
2024-01-05 11:29:49,91.72,36.42
2024-01-05 11:37:46,96.28,37.63
2024-01-05 11:42:52,93.0,38.42
2024-01-05 11:48:03,89.6,37.85
2024-01-05 11:50:31,99.47,40.22
2024-01-05 11:55:33,98.13,36.93
2024-01-05 11:58:05,80.18,36.15
2024-01-05 12:00:31,86.55,35.38
2024-01-05 12:03:03,86.22,36.35
2024-01-05 12:05:29,93.72,37.1
2024-01-05 12:07:56,94.5,35.83
2024-01-05 12:10:23,85.78,37.53
2024-01-05 12:12:50,99.3,39.45
2024-01-05 12:15:17,85.43,36.67
2024-01-05 12:17:43,95.78,39.03
2024-01-05 12:20:09,84.25,34.97
2024-01-05 12:22:36,101.57,37.28
2024-01-05 12:25:03,86.93,36.8
2024-01-05 12:27:38,92.0,38.83
2024-01-05 12:30:05,109.82,41.13
2024-01-05 12:32:32,97.43,39.35
2024-01-05 12:35:02,88.28,38.35
2024-01-05 12:37:28,94.25,38.63
2024-01-05 12:39:55,94.22,38.55
2024-01-05 12:42:34,94.07,41.33
2024-01-05 12:45:02,101.68,41.78
2024-01-05 12:47:29,107.18,42.75
2024-01-05 12:49:55,93.18,40.58
2024-01-05 12:52:31,95.8,41.25
2024-01-05 12:54:58,94.43,39.85
2024-01-05 12:57:24,97.22,39.95
2024-01-05 12:59:50,93.85,39.53
2024-01-05 13:02:16,93.53,39.45
2024-01-05 13:04:42,95.25,41.03
2024-01-05 13:07:08,106.32,44.88
2024-01-05 13:09:36,101.75,42.7
2024-01-05 13:12:02,118.9,46.13
2024-01-05 13:14:29,118.88,46.03
2024-01-05 13:16:55,125.9,48.78
2024-01-05 13:19:22,121.97,48.83
2024-01-05 13:21:48,137.3,47.95
2024-01-05 13:24:14,114.95,45.55
2024-01-05 13:26:40,129.4,47.6
2024-01-05 13:29:06,114.4,45.88
2024-01-05 13:31:32,117.55,45.5
2024-01-05 13:33:58,126.7,46.83
2024-01-05 13:36:24,129.68,47.33
2024-01-05 13:38:50,129.35,46.58
2024-01-05 13:41:16,129.98,47.83
2024-01-05 13:43:43,119.97,47.92
2024-01-05 13:46:09,135.25,47.95
2024-01-05 13:48:35,122.05,47.72
2024-01-05 13:51:01,119.97,46.42
2024-01-05 13:53:27,132.23,49.4
2024-01-05 13:55:53,118.95,46.97
2024-01-05 13:58:19,123.32,47.25
2024-01-05 14:00:45,110.78,46.78
2024-01-05 14:03:14,106.05,44.85
2024-01-05 14:05:40,107.6,47.08
2024-01-05 14:08:06,102.97,45.7
2024-01-05 14:10:32,108.88,46.1
2024-01-05 14:12:58,108.5,46.83
2024-01-05 14:15:24,121.35,48.47
2024-01-05 14:17:50,120.47,47.38
2024-01-05 14:20:16,107.85,47.88
2024-01-05 14:22:43,114.88,47.08
2024-01-05 14:25:09,100.07,46.58
2024-01-05 14:27:35,106.85,45.38
2024-01-05 14:30:02,111.03,44.53
2024-01-05 14:32:29,133.82,50.15
2024-01-05 14:34:55,126.15,47.0
2024-01-05 14:37:21,112.22,46.65
2024-01-05 14:39:47,125.2,46.58
2024-01-05 14:42:13,114.95,45.17
2024-01-05 14:44:39,127.8,48.75
2024-01-05 14:47:05,123.25,47.4
2024-01-05 14:49:31,124.63,49.22
2024-01-05 14:51:58,115.75,47.38
2024-01-05 14:54:25,146.48,51.92
2024-01-05 14:56:52,135.57,46.5
2024-01-05 14:59:18,127.07,47.9
2024-01-05 15:01:44,116.75,45.75
2024-01-05 15:04:10,128.73,47.7
2024-01-05 15:06:36,117.03,46.95
2024-01-05 15:09:03,106.7,46.3
2024-01-05 15:11:29,113.8,44.97
2024-01-05 15:13:56,120.1,48.1
2024-01-05 15:16:23,119.1,47.15
2024-01-05 15:18:51,113.72,44.72
2024-01-05 15:21:24,117.0,44.42
2024-01-05 15:23:50,126.6,46.95
2024-01-05 15:26:16,120.9,44.5
2024-01-05 15:28:42,122.97,47.78
2024-01-05 15:31:17,123.68,45.45
2024-01-05 15:33:43,137.5,48.15
2024-01-05 15:36:16,124.53,46.03
2024-01-05 15:38:42,122.68,46.2
2024-01-05 15:41:10,117.72,45.85
2024-01-05 15:43:36,118.6,45.67
2024-01-05 15:46:02,115.35,47.6
2024-01-05 15:48:30,124.65,47.05
2024-01-05 15:50:56,144.43,50.65
2024-01-05 15:53:22,141.3,52.1
2024-01-05 15:55:48,152.3,53.7
2024-01-05 15:58:14,154.02,54.4
2024-01-05 16:00:40,161.45,58.8
2024-01-05 16:03:06,216.25,68.1
2024-01-05 16:05:32,200.27,70.57
2024-01-05 16:07:58,201.95,69.22
2024-01-05 16:10:25,194.25,65.57
2024-01-05 16:12:52,210.0,72.18
2024-01-05 16:15:21,233.48,71.5
2024-01-05 16:17:47,250.38,75.3
2024-01-05 16:20:13,234.1,79.55
2024-01-05 16:22:39,234.25,73.47
2024-01-05 16:25:05,247.07,72.65
2024-01-05 16:27:31,231.2,77.5
2024-01-05 16:29:57,221.07,73.88
2024-01-05 16:32:23,216.05,72.2
2024-01-05 16:34:49,228.23,72.78
2024-01-05 16:37:15,213.88,71.45
2024-01-05 16:39:41,231.85,74.75
2024-01-05 16:42:07,210.18,75.82
2024-01-05 16:44:34,213.43,72.38
2024-01-05 16:47:00,237.2,72.35
2024-01-05 16:49:26,214.43,74.97
2024-01-05 16:51:52,212.02,72.43
2024-01-05 16:54:19,242.18,77.05
2024-01-05 16:56:45,225.3,72.78
2024-01-05 16:59:11,282.15,101.4
2024-01-05 17:01:37,225.15,83.97
2024-01-05 17:04:03,234.8,75.18
2024-01-05 17:06:34,242.98,79.1
2024-01-05 17:09:01,227.27,79.97
2024-01-05 17:11:30,222.25,80.35
2024-01-05 17:13:56,238.93,80.4
2024-01-05 17:16:23,239.6,79.93
2024-01-05 17:18:49,234.8,77.03
2024-01-05 17:21:17,233.48,76.97
2024-01-05 17:23:43,221.8,77.43
2024-01-05 17:26:09,233.8,78.3
2024-01-05 17:28:35,223.95,80.78
2024-01-05 17:31:01,222.75,72.63
2024-01-05 17:33:28,230.45,73.43
2024-01-05 17:35:57,230.27,71.82
2024-01-05 17:38:23,198.13,71.43
2024-01-05 17:40:49,225.55,72.93
2024-01-05 17:43:15,183.6,65.45
2024-01-05 17:45:41,194.68,68.75
2024-01-05 17:48:08,188.32,65.38
2024-01-05 17:50:34,203.43,69.15
2024-01-05 17:53:00,179.05,68.03
2024-01-05 17:55:26,203.5,72.93
2024-01-05 17:57:52,204.85,66.63
2024-01-05 18:00:18,183.4,66.9
2024-01-05 18:02:45,214.82,80.93
2024-01-05 18:05:11,221.02,80.28
2024-01-05 18:07:37,217.07,74.3
2024-01-05 18:10:03,223.6,73.93
2024-01-05 18:12:30,219.35,73.38
2024-01-05 18:14:56,200.1,74.2
2024-01-05 18:17:22,210.3,74.2
2024-01-05 18:19:48,217.68,75.4
2024-01-05 18:22:15,203.9,72.4
2024-01-05 18:24:41,215.4,78.13
2024-01-05 18:27:07,227.18,80.8
2024-01-05 18:29:33,227.13,83.47
2024-01-05 18:31:59,221.9,78.78
2024-01-05 18:34:26,233.4,83.25
2024-01-05 18:36:52,213.8,80.68
2024-01-05 18:39:18,245.25,85.97
2024-01-05 18:41:44,239.63,84.7
2024-01-05 18:44:11,229.25,84.85
2024-01-05 18:46:39,226.07,79.57
2024-01-05 18:49:05,197.32,73.15
2024-01-05 18:51:34,210.35,73.68
2024-01-05 18:54:00,217.2,70.03
2024-01-05 18:56:29,209.48,74.18
2024-01-05 18:58:55,204.1,71.2
2024-01-05 19:01:21,200.7,74.22
2024-01-05 19:03:47,254.4,95.2
2024-01-05 19:06:13,271.73,97.2
2024-01-05 19:08:41,240.38,89.8
2024-01-05 19:11:07,245.15,96.55
2024-01-05 19:13:33,233.13,90.55
2024-01-05 19:16:00,225.3,82.18
2024-01-05 19:18:26,221.52,85.4
2024-01-05 19:20:53,236.5,89.18
2024-01-05 19:23:19,227.0,88.1
2024-01-05 19:25:45,247.65,91.38
2024-01-05 19:28:11,232.57,84.1
2024-01-05 19:30:37,222.93,84.82
2024-01-05 19:33:03,226.52,82.15
2024-01-05 19:35:30,230.63,79.6
2024-01-05 19:37:56,229.0,73.15
2024-01-05 19:40:24,211.4,71.97
2024-01-05 19:42:50,209.98,74.82
2024-01-05 19:45:17,220.52,75.22
2024-01-05 19:47:43,225.73,80.38
2024-01-05 19:50:09,232.23,78.95
2024-01-05 19:52:35,245.18,78.2
2024-01-05 19:55:02,221.32,79.1
2024-01-05 19:57:29,245.57,85.22
2024-01-05 19:59:55,227.85,86.68
2024-01-05 20:02:22,242.0,91.0
2024-01-05 20:04:48,242.38,90.5
2024-01-05 20:07:15,238.25,88.35
2024-01-05 20:09:41,225.55,90.8
2024-01-05 20:12:07,246.63,89.1
2024-01-05 20:14:36,249.23,92.07
2024-01-05 20:17:02,248.07,89.68
2024-01-05 20:19:28,251.3,87.93
2024-01-05 20:21:54,260.7,88.03
2024-01-05 20:24:21,260.98,80.1
2024-01-05 20:26:47,247.77,85.38
2024-01-05 20:29:18,257.9,86.93
2024-01-05 20:31:44,342.38,96.95
2024-01-05 20:34:10,268.88,93.0
2024-01-05 20:36:37,284.55,92.65
2024-01-05 20:39:03,339.65,110.5
2024-01-05 20:41:29,323.77,105.75
2024-01-05 20:43:56,347.7,110.22
2024-01-05 20:46:22,304.2,100.38
2024-01-05 20:48:49,322.7,99.7
2024-01-05 20:51:18,323.38,101.63
2024-01-05 20:53:44,271.85,99.4
2024-01-05 20:56:10,271.55,98.88
2024-01-05 20:58:37,308.23,103.95
2024-01-05 21:01:03,301.77,99.35
2024-01-05 21:03:30,293.58,97.65
2024-01-05 21:05:57,273.7,95.22
2024-01-05 21:08:23,311.98,98.32
2024-01-05 21:10:49,290.45,95.7
2024-01-05 21:13:17,281.08,93.85
2024-01-05 21:15:43,270.4,90.28
2024-01-05 21:18:09,278.2,92.72
2024-01-05 21:20:35,302.15,93.15
2024-01-05 21:23:01,272.3,88.18
2024-01-05 21:25:27,286.23,92.45
2024-01-05 21:27:57,277.33,91.07
2024-01-05 21:30:24,264.73,93.47
2024-01-05 21:32:51,303.92,98.0
2024-01-05 21:35:17,317.02,106.38
2024-01-05 21:37:43,313.05,107.15
2024-01-05 21:40:09,296.27,95.63
2024-01-05 21:42:36,288.73,94.4
2024-01-05 21:45:02,294.33,96.9
2024-01-05 21:47:28,298.9,97.53
2024-01-05 21:49:54,290.45,96.72
2024-01-05 21:52:20,315.5,98.88
2024-01-05 21:54:46,255.82,91.0
2024-01-05 21:57:12,268.3,94.72
2024-01-05 21:59:38,250.18,86.2
2024-01-05 22:02:04,278.73,91.95
2024-01-05 22:04:30,322.92,98.93
2024-01-05 22:06:58,257.95,91.85
2024-01-05 22:09:27,285.08,95.95
2024-01-05 22:11:53,309.15,103.78
2024-01-05 22:14:20,335.42,110.07
2024-01-05 22:16:46,323.7,109.43
2024-01-05 22:19:17,345.83,108.85
2024-01-05 22:21:43,329.65,109.63
2024-01-05 22:24:09,319.25,109.75
2024-01-05 22:26:35,289.95,104.25
2024-01-05 22:29:02,250.63,98.68
2024-01-05 22:31:29,284.23,105.03
2024-01-05 22:33:55,309.65,111.9
2024-01-05 22:36:21,256.45,101.68
2024-01-05 22:38:47,325.02,128.27
2024-01-05 22:41:14,287.77,114.03
2024-01-05 22:43:40,323.8,118.72
2024-01-05 22:46:07,291.77,112.5
2024-01-05 22:48:33,230.9,97.1
2024-01-05 22:50:59,229.55,90.82
2024-01-05 22:53:26,191.55,83.45
2024-01-05 22:55:52,220.07,85.43
2024-01-05 22:58:18,199.95,82.4
2024-01-05 23:00:44,267.3,98.28
2024-01-05 23:03:12,239.55,99.95
2024-01-05 23:05:38,236.65,95.25
2024-01-05 23:08:05,250.43,96.35
2024-01-05 23:10:31,223.0,92.47
2024-01-05 23:13:01,235.9,94.53
2024-01-05 23:15:28,225.88,93.38
2024-01-05 23:17:54,258.92,102.25
2024-01-05 23:20:20,263.05,102.97
2024-01-05 23:22:46,292.45,102.47
2024-01-05 23:25:12,302.42,108.0
2024-01-05 23:27:38,268.7,106.5
2024-01-05 23:30:05,279.38,105.6
2024-01-05 23:32:31,298.08,108.18
2024-01-05 23:34:57,290.02,105.78
2024-01-05 23:37:23,265.88,101.18
2024-01-05 23:39:50,259.88,100.68
2024-01-05 23:42:16,244.98,98.45
2024-01-05 23:44:42,279.2,102.5
2024-01-05 23:47:08,319.08,102.65
2024-01-05 23:49:34,258.6,98.68
2024-01-05 23:52:00,247.73,94.65
2024-01-05 23:54:26,269.3,101.5
2024-01-05 23:56:52,252.75,97.3
2024-01-05 23:59:18,261.23,98.68
2024-01-06 00:01:44,267.83,94.32
2024-01-06 00:04:10,263.88,99.2
2024-01-06 00:06:37,252.55,95.3
2024-01-06 00:09:03,270.23,95.65
2024-01-06 00:11:29,278.38,95.38
2024-01-06 00:13:55,277.8,98.2
2024-01-06 00:16:21,336.7,101.45
2024-01-06 00:18:47,345.17,105.25
2024-01-06 00:21:13,298.17,103.63
2024-01-06 00:23:40,340.83,105.32
2024-01-06 00:26:06,358.45,106.7
2024-01-06 00:28:33,262.58,94.75
2024-01-06 00:31:00,321.17,105.07
2024-01-06 00:33:26,346.5,108.3
2024-01-06 00:35:52,315.35,105.15
2024-01-06 00:38:20,333.88,102.47
2024-01-06 00:40:46,291.55,99.32
2024-01-06 00:43:12,333.15,107.55
2024-01-06 00:45:38,340.2,106.38
2024-01-06 00:48:04,352.23,108.47
2024-01-06 00:50:30,253.52,94.63
2024-01-06 00:52:56,313.5,104.07
2024-01-06 00:55:22,270.02,96.65
2024-01-06 00:57:49,298.75,100.18
2024-01-06 01:00:15,251.52,95.9
2024-01-06 01:02:41,259.45,92.3
2024-01-06 01:05:08,324.25,102.5
2024-01-06 01:07:34,321.42,101.0
2024-01-06 01:10:00,253.43,86.93
2024-01-06 01:12:26,344.98,104.43
2024-01-06 01:14:53,330.7,102.22
2024-01-06 01:17:19,310.52,96.47
2024-01-06 01:19:45,310.9,99.4
2024-01-06 01:22:11,268.73,94.6
2024-01-06 01:24:37,311.2,99.47
2024-01-06 01:27:04,319.5,98.32
2024-01-06 01:29:30,255.07,94.38
2024-01-06 01:31:56,285.23,96.9
2024-01-06 01:34:22,306.02,97.55
2024-01-06 01:36:48,237.98,87.28
2024-01-06 01:39:15,307.48,94.78
2024-01-06 01:41:41,304.17,95.32
2024-01-06 01:44:07,257.83,92.97
2024-01-06 01:46:33,308.6,97.7
2024-01-06 01:49:00,230.3,84.78
2024-01-06 01:51:26,219.5,85.97
2024-01-06 01:53:53,264.42,89.93
2024-01-06 01:56:19,314.77,93.18
2024-01-06 01:58:46,270.35,91.68
2024-01-06 02:01:12,235.63,87.47
2024-01-06 02:03:39,270.3,91.68
2024-01-06 02:06:08,250.27,89.15
2024-01-06 02:08:34,252.88,91.8
2024-01-06 02:11:00,249.5,90.97
2024-01-06 02:13:33,231.57,83.18
2024-01-06 02:16:02,274.2,95.17
2024-01-06 02:18:29,253.4,91.65
2024-01-06 02:20:59,269.08,91.85
2024-01-06 02:23:26,235.63,90.47
2024-01-06 02:25:52,233.65,86.8
2024-01-06 02:28:18,292.38,101.43
2024-01-06 02:30:44,272.73,90.05
2024-01-06 02:33:10,240.82,86.07
2024-01-06 02:35:36,207.1,84.97
2024-01-06 02:38:02,189.4,76.35
2024-01-06 02:40:28,259.45,90.38
2024-01-06 02:42:54,261.42,93.05
2024-01-06 02:45:20,204.13,85.28
2024-01-06 02:47:46,216.85,84.35
2024-01-06 02:50:12,182.18,79.35
2024-01-06 02:52:39,199.63,83.7
2024-01-06 02:55:05,177.63,79.55
2024-01-06 02:57:31,183.57,77.2
2024-01-06 02:59:57,182.77,78.43
2024-01-06 03:02:23,192.63,77.5
2024-01-06 03:04:49,188.85,79.6
2024-01-06 03:07:15,204.8,79.53
2024-01-06 03:09:41,204.4,80.93
2024-01-06 03:12:08,181.27,72.57
2024-01-06 03:14:34,166.7,71.18
2024-01-06 03:17:00,191.15,76.22
2024-01-06 03:19:27,197.45,78.63
2024-01-06 03:21:54,194.02,77.13
2024-01-06 03:24:23,232.73,78.53
2024-01-06 03:26:49,173.52,74.1
2024-01-06 03:29:15,167.8,74.03
2024-01-06 03:31:42,170.5,73.3
2024-01-06 03:34:08,190.52,75.72
2024-01-06 03:36:36,163.48,68.82
2024-01-06 03:39:02,175.52,72.53
2024-01-06 03:41:28,161.73,71.8
2024-01-06 03:43:54,157.77,70.35
2024-01-06 03:46:21,160.65,72.32
2024-01-06 03:48:47,159.13,69.43
2024-01-06 03:51:13,164.18,69.68
2024-01-06 03:53:39,159.25,67.9
2024-01-06 03:56:05,160.75,67.03
2024-01-06 03:58:32,192.0,72.9
2024-01-06 04:00:58,184.32,69.2
2024-01-06 04:03:24,160.63,68.22
2024-01-06 04:05:50,196.23,72.78
2024-01-06 04:08:17,177.93,68.93
2024-01-06 04:10:43,154.1,65.65
2024-01-06 04:13:10,159.05,70.28
2024-01-06 04:15:36,160.68,69.43
2024-01-06 04:18:03,161.23,68.82
2024-01-06 04:20:29,155.25,67.15
2024-01-06 04:22:55,195.1,70.93
2024-01-06 04:25:21,172.6,67.47
2024-01-06 04:27:47,175.43,71.65
2024-01-06 04:30:15,177.23,68.05
2024-01-06 04:32:41,178.05,72.9
2024-01-06 04:35:07,162.7,68.32
2024-01-06 04:37:33,169.05,71.93
2024-01-06 04:39:59,193.75,71.78
2024-01-06 04:42:26,184.4,70.93
2024-01-06 04:44:52,153.93,68.6
2024-01-06 04:47:18,170.18,67.6
2024-01-06 04:49:44,172.35,68.7
2024-01-06 04:52:10,163.02,66.9
2024-01-06 04:54:36,166.25,67.38
2024-01-06 04:57:02,177.15,67.93
2024-01-06 04:59:29,144.1,62.33
2024-01-06 05:01:55,158.98,67.65
2024-01-06 05:04:23,217.38,72.45
2024-01-06 05:06:49,162.88,66.0
2024-01-06 05:09:15,152.45,66.43
2024-01-06 05:11:43,154.63,66.3
2024-01-06 05:14:09,162.98,65.72
2024-01-06 05:16:35,162.93,68.38
2024-01-06 05:19:01,162.82,67.3
2024-01-06 05:21:27,145.82,64.45
2024-01-06 05:23:53,161.55,66.28
2024-01-06 05:26:20,160.98,67.2
2024-01-06 05:28:46,144.55,63.28
2024-01-06 05:31:12,142.68,62.63
2024-01-06 05:33:38,158.1,66.47
2024-01-06 05:36:04,145.23,62.92
2024-01-06 05:38:30,142.8,62.85
2024-01-06 05:40:56,142.4,61.88
2024-01-06 05:43:22,135.8,62.2
2024-01-06 05:45:48,143.4,65.82
2024-01-06 05:48:14,141.4,61.58
2024-01-06 05:50:41,135.4,62.92
2024-01-06 05:53:07,177.3,66.45
2024-01-06 05:55:33,148.73,63.45
2024-01-06 05:57:59,145.98,62.4
2024-01-06 06:00:26,133.65,62.72
2024-01-06 06:02:52,158.93,61.7
2024-01-06 06:05:18,138.68,59.9
2024-01-06 06:07:45,125.75,59.65
2024-01-06 06:10:11,157.25,66.75
2024-01-06 06:12:38,153.07,67.7
2024-01-06 06:15:04,164.18,71.88
2024-01-06 06:17:31,161.0,69.85
2024-01-06 06:19:57,153.13,66.13
2024-01-06 06:22:24,156.65,65.9
2024-01-06 06:24:54,136.85,66.2
2024-01-06 06:27:21,142.98,64.5
2024-01-06 06:29:47,139.77,64.85
2024-01-06 06:32:13,139.52,63.63
2024-01-06 06:34:39,139.0,62.78
2024-01-06 06:37:05,140.85,61.58
2024-01-06 06:39:31,139.77,63.15
2024-01-06 06:41:57,129.85,58.25
2024-01-06 06:44:24,135.5,59.47
2024-01-06 06:46:50,137.73,61.22
2024-01-06 06:49:16,132.55,61.08
2024-01-06 06:51:42,129.8,58.9
2024-01-06 06:54:12,126.32,60.03
2024-01-06 06:56:39,115.88,56.58
2024-01-06 06:59:05,120.68,57.13
2024-01-06 07:01:31,123.68,58.6
2024-01-06 07:03:57,128.95,57.8
2024-01-06 07:06:24,116.75,56.33
2024-01-06 07:08:50,120.75,55.95
2024-01-06 07:11:16,111.88,56.85
2024-01-06 07:13:43,100.3,52.55
2024-01-06 07:16:09,113.0,52.53
2024-01-06 07:18:36,102.8,52.9
2024-01-06 07:21:05,110.4,55.9
2024-01-06 07:23:32,103.63,51.88
2024-01-06 07:25:58,96.85,50.3
2024-01-06 07:28:24,99.03,53.38
2024-01-06 07:30:50,104.4,53.4
2024-01-06 07:33:16,109.85,54.63
2024-01-06 07:35:42,102.88,51.58
2024-01-06 07:38:09,88.72,50.28
2024-01-06 07:40:35,83.93,46.92
2024-01-06 07:43:01,96.68,48.15
2024-01-06 07:45:28,98.88,50.53
2024-01-06 07:47:54,98.85,48.03
2024-01-06 07:50:20,86.18,47.03
2024-01-06 07:52:46,92.68,47.95
2024-01-06 07:55:12,91.63,46.85
2024-01-06 07:57:38,86.57,46.9
2024-01-06 08:00:04,85.22,47.08
2024-01-06 08:02:31,85.0,47.47
2024-01-06 08:04:57,87.85,47.78
2024-01-06 08:07:23,87.3,47.05
2024-01-06 08:09:49,95.05,49.03
2024-01-06 08:12:15,93.03,48.63
2024-01-06 08:14:41,86.32,49.9
2024-01-06 08:17:07,86.28,46.88
2024-01-06 08:19:34,86.72,47.03
2024-01-06 08:22:00,92.1,46.45
2024-01-06 08:24:27,93.2,47.63
2024-01-06 08:26:53,85.18,45.28
2024-01-06 08:29:19,81.7,43.17
2024-01-06 08:31:45,79.78,44.6
2024-01-06 08:34:11,86.18,44.85
2024-01-06 08:36:37,112.4,54.08
2024-01-06 08:39:03,117.97,56.83
2024-01-06 08:41:29,107.35,48.3
2024-01-06 08:43:56,77.2,42.3
2024-01-06 08:46:22,84.93,47.65
2024-01-06 08:48:50,90.03,47.5
2024-01-06 08:51:16,86.82,47.25
2024-01-06 08:53:42,87.88,46.22
2024-01-06 08:56:08,85.65,47.53
2024-01-06 08:58:34,83.4,47.6
2024-01-06 09:01:01,89.45,49.75
2024-01-06 09:03:27,82.8,46.25
2024-01-06 09:05:53,87.93,45.5
2024-01-06 09:08:19,92.38,48.03
2024-01-06 09:10:46,80.85,49.47
2024-01-06 09:13:12,83.13,48.0
2024-01-06 09:15:38,97.05,50.0
2024-01-06 09:18:05,93.3,50.88
2024-01-06 09:20:31,100.07,51.25
2024-01-06 09:22:57,91.8,50.5
2024-01-06 09:25:23,95.18,50.42
2024-01-06 09:27:49,100.25,52.15
2024-01-06 09:30:17,96.55,52.92
2024-01-06 09:32:43,101.55,50.67
2024-01-06 09:35:09,97.43,52.1
2024-01-06 09:37:35,88.97,50.05
2024-01-06 09:40:01,90.85,51.0
2024-01-06 09:42:27,92.68,52.45
2024-01-06 09:44:54,104.8,51.17
2024-01-06 09:47:20,92.25,52.65
2024-01-06 09:49:48,92.45,51.25
2024-01-06 09:52:15,108.25,53.8
2024-01-06 09:54:41,98.65,53.22
2024-01-06 09:57:08,98.93,51.3
2024-01-06 09:59:34,102.32,51.2
2024-01-06 10:02:02,108.95,53.28
2024-01-06 10:04:30,96.65,50.85
2024-01-06 10:06:56,105.5,53.2
2024-01-06 10:09:26,96.15,52.35
2024-01-06 10:11:54,104.97,53.58
2024-01-06 10:14:21,92.22,50.03
2024-01-06 10:16:47,111.03,56.6
2024-01-06 10:19:14,97.7,53.25
2024-01-06 10:21:40,92.43,51.33
2024-01-06 10:24:09,96.3,53.55
2024-01-06 10:26:35,93.47,51.88
2024-01-06 10:29:02,102.8,51.33
2024-01-06 10:31:29,107.9,52.92
2024-01-06 10:33:55,100.2,51.5
2024-01-06 10:36:23,95.13,51.13
2024-01-06 10:38:49,108.32,52.28
2024-01-06 10:41:16,105.6,53.35
2024-01-06 10:43:42,103.85,50.35
2024-01-06 10:46:09,98.7,53.88
2024-01-06 10:48:35,95.95,51.92
2024-01-06 10:51:03,101.7,51.1
2024-01-06 10:53:32,93.43,51.5
2024-01-06 10:56:01,97.5,52.78
2024-01-06 10:58:27,98.47,51.25
2024-01-06 11:00:55,95.65,52.58
2024-01-06 11:03:22,104.3,51.58
2024-01-06 11:05:49,101.9,53.8
2024-01-06 11:08:18,92.47,51.78
2024-01-06 11:10:45,88.72,51.13
2024-01-06 11:13:12,97.85,53.2
2024-01-06 11:15:39,99.43,52.5
2024-01-06 11:18:06,104.93,55.53
2024-01-06 11:20:32,119.97,59.55
2024-01-06 11:23:17,102.68,57.65
2024-01-06 11:25:44,112.2,56.42
2024-01-06 11:28:10,118.55,59.08
2024-01-06 11:30:37,109.82,58.17
2024-01-06 11:33:05,115.0,60.72
2024-01-06 11:35:31,114.63,60.15
2024-01-06 11:38:00,118.0,61.17
2024-01-06 11:40:32,115.28,62.45
2024-01-06 11:43:00,117.57,58.85
2024-01-06 11:45:27,117.1,59.5
2024-01-06 11:47:57,104.75,57.47
2024-01-06 11:50:24,116.4,60.28
2024-01-06 11:52:51,109.38,59.83
2024-01-06 11:55:17,110.2,58.67
2024-01-06 11:57:44,116.95,58.6
2024-01-06 12:00:10,110.8,55.8
2024-01-06 12:02:37,100.97,55.97
2024-01-06 12:05:03,109.15,55.4
2024-01-06 12:07:29,119.57,55.67
2024-01-06 12:10:02,97.68,53.03
2024-01-06 12:12:29,113.18,54.03
2024-01-06 12:14:55,97.88,52.1
2024-01-06 12:17:21,96.75,53.0
2024-01-06 12:19:47,88.5,50.35
2024-01-06 12:22:14,96.75,53.7
2024-01-06 12:24:43,118.68,57.97
2024-01-06 12:27:09,103.5,58.25
2024-01-06 12:29:39,111.95,60.03
2024-01-06 12:32:06,115.95,62.47
2024-01-06 12:34:33,123.82,64.7
2024-01-06 12:36:59,122.95,66.0
2024-01-06 12:39:29,125.85,64.93
2024-01-06 12:41:56,118.55,63.35
2024-01-06 12:44:22,111.05,63.33
2024-01-06 12:46:48,119.78,61.63
2024-01-06 12:49:14,113.22,59.03
2024-01-06 12:51:40,109.38,58.78
2024-01-06 12:54:06,111.1,58.0
2024-01-06 12:56:32,106.63,57.78
2024-01-06 12:58:59,110.03,54.22
2024-01-06 13:01:25,96.85,48.97
2024-01-06 13:03:51,84.38,44.13
2024-01-06 13:06:19,63.38,32.95
2024-01-06 13:08:45,54.75,29.98
2024-01-06 13:11:11,76.18,34.6
2024-01-06 13:13:37,61.2,31.02
2024-01-06 13:16:03,45.03,23.67
2024-01-06 13:18:31,50.2,24.25
2024-01-06 13:20:57,50.2,22.6
2024-01-06 13:23:23,39.58,23.75
2024-01-06 13:25:49,46.9,24.5
2024-01-06 13:28:15,53.17,25.9
2024-01-06 13:30:42,44.8,24.17
2024-01-06 13:33:08,52.3,26.67
2024-01-06 13:35:37,47.38,26.42
2024-01-06 13:38:03,54.55,28.65
2024-01-06 13:40:30,45.22,24.3
2024-01-06 13:42:57,41.45,21.1
2024-01-06 13:45:23,39.42,19.75
2024-01-06 13:47:49,38.5,19.1
2024-01-06 13:50:16,34.58,18.08
2024-01-06 13:52:43,43.33,18.13
2024-01-06 13:55:10,38.53,19.35
2024-01-06 13:57:36,33.45,17.73
2024-01-06 14:00:09,31.08,18.23
2024-01-06 14:02:39,33.28,15.85
2024-01-06 14:05:05,30.95,16.0
2024-01-06 14:07:34,27.15,14.2
2024-01-06 14:10:00,33.45,16.3
2024-01-06 14:12:28,32.3,13.88
2024-01-06 14:14:55,25.08,14.25
2024-01-06 14:17:21,33.63,15.63
2024-01-06 14:19:47,30.85,16.88
2024-01-06 14:22:13,34.9,14.63
2024-01-06 14:24:40,36.97,16.4
2024-01-06 14:27:06,35.53,19.38
2024-01-06 14:29:32,43.45,20.55
2024-01-06 14:31:58,43.88,21.88
2024-01-06 14:34:24,50.13,24.35
2024-01-06 14:36:50,46.08,22.6
2024-01-06 14:39:16,49.97,25.83
2024-01-06 14:41:46,52.63,25.63
2024-01-06 14:44:12,51.85,26.48
2024-01-06 14:46:39,57.4,28.08
2024-01-06 14:49:06,50.75,27.25
2024-01-06 14:51:32,67.35,32.5
2024-01-06 14:53:58,59.03,30.23
2024-01-06 14:56:24,54.72,29.35
2024-01-06 14:58:51,55.33,28.2
2024-01-06 15:01:17,58.7,28.67
2024-01-06 15:03:43,66.22,27.88
2024-01-06 15:06:09,53.83,27.58
2024-01-06 15:08:35,54.95,27.48
2024-01-06 15:11:01,64.53,32.33
2024-01-06 15:13:28,65.57,31.9
2024-01-06 15:15:54,58.45,30.77
2024-01-06 15:18:20,66.13,32.5
2024-01-06 15:20:46,68.5,35.2
2024-01-06 15:23:12,78.5,39.83
2024-01-06 15:25:38,96.4,43.2
2024-01-06 15:28:07,118.57,53.5
2024-01-06 15:30:33,143.5,62.05
2024-01-06 15:32:59,141.73,63.67
2024-01-06 15:35:25,123.78,59.3
2024-01-06 15:37:51,144.38,61.65
2024-01-06 15:40:17,110.3,52.2
2024-01-06 15:42:44,104.35,50.13
2024-01-06 15:45:11,110.38,52.1
2024-01-06 15:47:37,98.1,50.3
2024-01-06 15:50:04,97.0,47.0
2024-01-06 15:52:32,75.68,34.67
2024-01-06 15:54:58,82.75,38.88
2024-01-06 15:57:25,59.95,29.15
2024-01-06 15:59:53,72.6,34.1
2024-01-06 16:02:19,79.97,39.35
2024-01-06 16:04:45,85.15,44.38
2024-01-06 16:07:11,97.35,45.22
2024-01-06 16:09:37,89.85,44.6
2024-01-06 16:12:04,90.75,44.67
2024-01-06 16:14:31,85.88,40.33
2024-01-06 16:16:57,86.68,42.0
2024-01-06 16:19:25,84.07,42.25
2024-01-06 16:21:52,95.0,40.88
2024-01-06 16:24:19,84.72,37.95
2024-01-06 16:26:48,76.07,37.75
2024-01-06 16:29:15,81.6,36.35
2024-01-06 16:31:41,75.78,35.67
2024-01-06 16:34:07,72.35,36.2
2024-01-06 16:36:33,78.5,38.8
2024-01-06 16:38:59,74.6,40.05
2024-01-06 16:41:25,79.22,39.08
2024-01-06 16:43:52,77.47,38.92
2024-01-06 16:46:18,76.68,37.58
2024-01-06 16:48:44,68.63,36.55
2024-01-06 16:51:11,82.3,39.25
2024-01-06 16:53:38,92.43,43.22
2024-01-06 16:56:04,83.5,41.45
2024-01-06 16:58:30,96.0,45.33
2024-01-06 17:00:56,90.97,47.53
2024-01-06 17:03:22,104.0,49.2
2024-01-06 17:05:49,94.32,43.55
2024-01-06 17:08:15,94.85,44.15
2024-01-06 17:10:41,86.28,43.7
2024-01-06 17:13:07,84.55,43.8
2024-01-06 17:15:33,95.72,45.3
2024-01-06 17:17:59,88.22,43.58
2024-01-06 17:20:25,103.18,49.72
2024-01-06 17:22:52,93.03,43.88
2024-01-06 17:25:18,98.88,46.05
2024-01-06 17:27:44,91.35,47.45
2024-01-06 17:30:10,98.43,48.63
2024-01-06 17:32:37,97.0,43.9
2024-01-06 17:35:06,91.43,45.6
2024-01-06 17:37:33,88.6,44.08
2024-01-06 17:39:59,85.63,44.72
2024-01-06 17:42:25,82.3,40.97
2024-01-06 17:44:51,86.43,42.17
2024-01-06 17:47:17,89.3,44.53
2024-01-06 17:49:44,86.18,42.38
2024-01-06 17:52:10,82.85,41.1
2024-01-06 17:54:36,86.5,41.1
2024-01-06 17:57:03,90.75,42.6
2024-01-06 17:59:29,82.5,41.08
2024-01-06 18:01:55,88.45,41.92
2024-01-06 18:04:21,86.78,42.25
2024-01-06 18:06:47,72.7,37.1
2024-01-06 18:09:14,66.43,36.7
2024-01-06 18:11:44,77.43,38.28
2024-01-06 18:14:12,86.7,42.58
2024-01-06 18:16:39,101.78,47.03
2024-01-06 18:19:05,93.03,44.8
2024-01-06 18:21:31,92.45,46.3
2024-01-06 18:23:57,93.55,45.67
2024-01-06 18:26:23,109.65,49.8
2024-01-06 18:28:50,100.4,48.53
2024-01-06 18:31:16,92.05,45.72
2024-01-06 18:33:42,94.88,44.33
2024-01-06 18:36:08,99.28,47.33
2024-01-06 18:38:34,93.88,44.8
2024-01-06 18:41:00,90.28,45.35
2024-01-06 18:43:26,96.7,47.6
2024-01-06 18:45:53,98.72,49.42
2024-01-06 18:48:19,112.53,53.1
2024-01-06 18:50:46,99.93,48.97
2024-01-06 18:53:12,100.38,47.8
2024-01-06 18:55:39,118.28,53.67
2024-01-06 18:58:05,107.38,51.97
2024-01-06 19:00:31,110.85,51.72
2024-01-06 19:02:58,116.63,53.2
2024-01-06 19:05:25,110.43,51.88
2024-01-06 19:07:54,100.95,49.3
2024-01-06 19:10:20,76.3,39.6
2024-01-06 19:12:46,72.7,35.0
2024-01-06 19:15:12,90.22,41.97
2024-01-06 19:17:38,60.55,32.38
2024-01-06 19:20:11,77.7,33.22
2024-01-06 19:22:37,59.75,27.48
2024-01-06 19:25:04,58.05,30.25
2024-01-06 19:27:32,64.85,29.98
2024-01-06 19:29:58,63.4,30.42
2024-01-06 19:32:24,63.28,30.58
2024-01-06 19:34:51,61.25,29.02
2024-01-06 19:37:19,53.4,28.15
2024-01-06 19:39:45,65.07,30.6
2024-01-06 19:42:12,59.08,32.65
2024-01-06 19:44:38,65.13,32.5
2024-01-06 19:47:04,63.63,31.83
2024-01-06 19:49:31,66.65,34.58
2024-01-06 19:51:57,66.1,33.97
2024-01-06 19:54:23,68.75,34.05
2024-01-06 19:56:49,65.47,32.85
2024-01-06 19:59:16,74.05,35.85
2024-01-06 20:01:42,77.22,36.33
2024-01-06 20:04:08,69.97,36.2
2024-01-06 20:06:34,77.9,34.0
2024-01-06 20:09:00,68.28,34.4
2024-01-06 20:11:26,74.07,39.38
2024-01-06 20:13:52,83.18,42.5
2024-01-06 20:16:20,73.03,37.08
2024-01-06 20:18:46,68.9,34.4
2024-01-06 20:21:12,70.45,32.8
2024-01-06 20:23:39,63.65,34.2
2024-01-06 20:26:06,61.15,31.9
2024-01-06 20:28:32,71.9,33.8
2024-01-06 20:30:58,68.9,34.42
2024-01-06 20:33:24,69.3,36.28
2024-01-06 20:35:57,73.8,37.67
2024-01-06 20:38:24,75.75,36.3
2024-01-06 20:40:50,74.32,36.17
2024-01-06 20:43:16,75.25,36.72
2024-01-06 20:45:42,83.53,36.22
2024-01-06 20:48:09,67.53,33.35
2024-01-06 20:50:35,71.38,33.75
2024-01-06 20:53:01,57.58,30.1
2024-01-06 20:55:27,58.67,28.85
2024-01-06 20:57:54,65.55,31.92
2024-01-06 21:00:20,61.9,32.33
2024-01-06 21:02:47,69.95,32.6
2024-01-06 21:05:13,54.9,27.15
2024-01-06 21:07:39,59.83,30.52
2024-01-06 21:10:09,63.97,32.38
2024-01-06 21:12:38,56.78,31.13
2024-01-06 21:15:04,58.58,29.25
2024-01-06 21:17:30,58.7,28.48
2024-01-06 21:19:57,62.67,30.65
2024-01-06 21:22:25,61.15,29.02
2024-01-06 21:24:51,55.97,30.75
2024-01-06 21:27:17,54.6,29.33
2024-01-06 21:29:43,60.7,29.1
2024-01-06 21:32:09,70.0,33.78
2024-01-06 21:34:35,66.95,32.05
2024-01-06 21:37:02,61.3,29.85
2024-01-06 21:39:28,65.07,29.15
2024-01-06 21:41:54,57.22,29.65
2024-01-06 21:44:20,54.72,28.7
2024-01-06 21:46:49,63.88,30.9
2024-01-06 21:49:15,58.25,29.8
2024-01-06 21:51:45,51.75,26.98
2024-01-06 21:54:12,55.3,27.88
2024-01-06 21:56:38,55.88,26.9
2024-01-06 21:59:04,51.35,24.35
2024-01-06 22:01:32,49.53,23.77
2024-01-06 22:03:58,51.1,24.45
2024-01-06 22:06:25,42.3,24.33
2024-01-06 22:08:51,46.2,25.25
2024-01-06 22:11:17,47.2,24.17
2024-01-06 22:13:43,54.88,25.95
2024-01-06 22:16:10,42.22,24.52
2024-01-06 22:18:36,53.65,26.65
2024-01-06 22:21:02,56.15,28.6
2024-01-06 22:23:28,53.08,26.8
2024-01-06 22:25:54,54.7,27.38
2024-01-06 22:28:21,49.55,27.15
2024-01-06 22:30:47,52.67,27.33
2024-01-06 22:33:13,53.55,27.4
2024-01-06 22:35:42,57.2,27.9
2024-01-06 22:38:08,49.53,25.42
2024-01-06 22:40:35,49.25,27.27
2024-01-06 22:43:02,45.22,23.63
2024-01-06 22:45:28,49.45,26.4
2024-01-06 22:47:56,47.42,26.0
2024-01-06 22:50:22,56.35,27.42
2024-01-06 22:52:49,58.3,27.95
2024-01-06 22:55:15,55.67,29.6
2024-01-06 22:57:41,48.1,25.17
2024-01-06 23:00:07,52.65,26.42
2024-01-06 23:02:41,52.83,25.8
2024-01-06 23:05:08,46.88,26.02
2024-01-06 23:07:34,55.25,27.88
2024-01-06 23:10:00,50.55,28.73
2024-01-06 23:12:26,52.9,27.2
2024-01-06 23:14:52,50.75,27.48
2024-01-06 23:17:18,49.22,28.27
2024-01-06 23:19:44,52.53,28.85
2024-01-06 23:22:10,50.9,27.5
2024-01-06 23:24:36,58.72,29.15
2024-01-06 23:27:03,51.58,27.58
2024-01-06 23:29:29,49.85,28.1
2024-01-06 23:31:55,57.6,28.9
2024-01-06 23:34:21,50.92,28.67
2024-01-06 23:36:47,48.67,28.42
2024-01-06 23:39:13,55.4,27.7
2024-01-06 23:41:39,50.7,28.42
2024-01-06 23:44:05,46.4,23.98
2024-01-06 23:46:36,49.47,27.05
2024-01-06 23:49:02,48.97,26.13
2024-01-06 23:51:28,53.97,25.7
2024-01-06 23:53:54,39.67,22.63
2024-01-06 23:56:20,48.1,24.45
2024-01-06 23:58:46,40.5,20.25
2024-01-07 00:01:12,39.33,20.0
2024-01-07 00:03:40,37.53,17.58
2024-01-07 00:06:12,37.9,18.52
2024-01-07 00:08:38,36.2,17.55
2024-01-07 00:11:04,42.63,21.17
2024-01-07 00:13:30,32.45,19.6
2024-01-07 00:15:56,34.47,18.85
2024-01-07 00:18:22,39.67,21.08
2024-01-07 00:20:49,39.92,21.02
2024-01-07 00:23:15,40.05,21.58
2024-01-07 00:25:41,37.28,19.92
2024-01-07 00:28:07,45.95,22.0
2024-01-07 00:30:33,40.65,21.42
2024-01-07 00:32:59,43.65,24.02
2024-01-07 00:35:25,43.58,24.52
2024-01-07 00:37:51,45.55,24.17
2024-01-07 00:40:18,47.53,23.7
2024-01-07 00:42:44,56.3,26.73
2024-01-07 00:45:10,47.3,27.3
2024-01-07 00:47:36,50.22,27.98
2024-01-07 00:50:02,53.6,26.42
2024-01-07 00:52:28,46.35,26.35
2024-01-07 00:54:54,54.25,26.08
2024-01-07 00:57:20,46.1,26.58
2024-01-07 00:59:46,45.28,24.73
2024-01-07 01:02:12,48.45,25.38
2024-01-07 01:04:39,57.67,29.3
2024-01-07 01:07:05,52.85,25.38
2024-01-07 01:09:32,46.08,22.4
2024-01-07 01:11:58,39.6,21.83
2024-01-07 01:14:24,34.7,20.8
2024-01-07 01:16:51,38.88,20.83
2024-01-07 01:19:17,31.13,18.98
2024-01-07 01:21:43,42.17,18.73
2024-01-07 01:24:09,31.2,17.77
2024-01-07 01:26:36,35.15,18.73
2024-01-07 01:29:04,27.88,17.55
2024-01-07 01:31:30,23.98,12.73
2024-01-07 01:33:56,22.1,11.45
2024-01-07 01:36:22,19.88,11.23
2024-01-07 01:38:49,17.0,10.25
2024-01-07 01:41:15,20.67,11.25
2024-01-07 01:46:33,18.65,10.95
2024-01-07 01:48:59,21.6,12.55
2024-01-07 01:51:25,21.63,11.65
2024-01-07 01:53:51,22.25,12.48
2024-01-07 01:56:18,20.73,11.93
2024-01-07 01:58:48,25.17,12.57
2024-01-07 02:01:14,25.42,13.65
2024-01-07 02:03:40,22.1,12.43
2024-01-07 02:06:07,20.0,11.85
2024-01-07 02:08:33,23.23,13.15
2024-01-07 02:11:13,27.83,13.2
2024-01-07 02:13:39,31.33,15.23
2024-01-07 02:16:05,27.13,16.35
2024-01-07 02:18:31,27.67,16.95
2024-01-07 02:20:57,29.5,16.8
2024-01-07 02:23:23,31.02,17.33
2024-01-07 02:25:49,35.15,19.13
2024-01-07 02:28:15,33.9,19.88
2024-01-07 02:30:42,34.42,19.92
2024-01-07 02:33:08,32.58,18.25
2024-01-07 02:35:34,42.72,21.05
2024-01-07 02:38:00,31.9,18.73
2024-01-07 02:40:26,37.08,20.27
2024-01-07 02:42:52,32.13,19.85
2024-01-07 02:45:18,37.33,20.05
2024-01-07 02:47:44,35.28,19.95
2024-01-07 02:50:10,31.1,19.25
2024-01-07 02:52:36,34.88,19.95
2024-01-07 02:55:02,35.45,19.85
2024-01-07 02:57:29,36.67,20.7
2024-01-07 02:59:55,37.78,21.92
2024-01-07 03:02:21,41.15,21.85
2024-01-07 03:04:47,36.13,21.33
2024-01-07 03:07:13,47.58,21.65
2024-01-07 03:09:39,36.15,20.95
2024-01-07 03:12:05,39.9,22.23
2024-01-07 03:14:31,40.05,22.15
2024-01-07 03:16:57,35.03,20.48
2024-01-07 03:19:24,34.88,20.13
2024-01-07 03:21:50,43.47,23.35
2024-01-07 03:24:16,35.3,21.02
2024-01-07 03:26:42,33.75,19.45
2024-01-07 03:29:08,37.63,20.63
2024-01-07 03:31:34,32.9,18.67
2024-01-07 03:34:00,40.67,19.65
2024-01-07 03:36:26,33.65,19.85
2024-01-07 03:38:52,34.4,19.13
2024-01-07 03:41:19,37.47,20.95
2024-01-07 03:43:46,34.88,18.17
2024-01-07 03:46:12,31.05,19.65
2024-01-07 03:48:38,30.13,16.55
2024-01-07 03:51:04,29.48,16.7
2024-01-07 03:53:30,30.2,15.95
2024-01-07 03:55:56,28.0,15.13
2024-01-07 03:58:22,30.88,15.65
2024-01-07 04:00:48,32.47,15.57
2024-01-07 04:03:14,27.77,15.05
2024-01-07 04:05:41,26.15,14.43
2024-01-07 04:08:09,24.38,13.52
2024-01-07 04:10:35,26.67,14.0
2024-01-07 04:13:01,25.52,13.93
2024-01-07 04:15:27,28.55,14.45
2024-01-07 04:17:53,26.88,14.05
2024-01-07 04:20:20,36.08,20.95
2024-01-07 04:22:46,40.0,21.25
2024-01-07 04:25:12,43.0,23.3
2024-01-07 04:27:38,46.28,25.7
2024-01-07 04:30:05,42.28,23.48
2024-01-07 04:32:31,42.7,25.9
2024-01-07 04:34:57,45.75,27.23
2024-01-07 04:37:24,42.38,25.77
2024-01-07 04:39:50,41.78,25.0
2024-01-07 04:42:19,39.9,23.9
2024-01-07 04:44:45,43.83,23.95
2024-01-07 04:47:27,45.78,24.95
2024-01-07 04:49:54,47.6,26.0
2024-01-07 04:52:23,46.78,26.67
2024-01-07 04:54:50,43.25,24.77
2024-01-07 04:57:17,49.58,25.42
2024-01-07 04:59:43,47.58,27.7
2024-01-07 05:02:10,41.6,24.55
2024-01-07 05:04:36,54.85,26.0
2024-01-07 05:07:02,43.0,24.38
2024-01-07 05:09:28,51.53,27.15
2024-01-07 05:11:54,48.83,26.85
2024-01-07 05:14:20,50.13,26.33
2024-01-07 05:16:47,49.95,28.0
2024-01-07 05:19:13,46.33,26.02
2024-01-07 05:21:40,48.38,27.13
2024-01-07 05:24:06,46.22,26.63
2024-01-07 05:26:38,44.13,27.2
2024-01-07 05:29:05,42.95,26.27
2024-01-07 05:31:31,49.38,27.0
2024-01-07 05:33:57,44.97,26.23
2024-01-07 05:36:23,44.5,24.85
2024-01-07 05:38:49,46.3,24.92
2024-01-07 05:41:15,45.53,24.1
2024-01-07 05:43:42,37.78,21.7
2024-01-07 05:46:08,35.35,20.77
2024-01-07 05:51:12,33.13,20.45
2024-01-07 05:53:39,38.2,21.85
2024-01-07 05:56:05,48.9,25.35
2024-01-07 05:58:31,41.03,23.52
2024-01-07 06:00:57,43.58,23.85
2024-01-07 06:03:23,39.17,21.08
2024-01-07 06:05:49,39.15,21.98
2024-01-07 06:08:15,42.55,22.13
2024-01-07 06:10:42,41.33,23.7
2024-01-07 06:13:08,41.8,25.23
2024-01-07 06:15:34,42.28,23.77
2024-01-07 06:18:00,36.05,21.15
2024-01-07 06:20:27,42.88,24.73
2024-01-07 06:22:53,37.63,23.15
2024-01-07 06:25:19,39.3,22.75
2024-01-07 06:27:45,38.45,24.65
2024-01-07 06:30:12,46.88,24.42
2024-01-07 06:32:39,42.78,24.13
2024-01-07 06:35:05,39.85,24.2
2024-01-07 06:37:31,39.42,23.58
2024-01-07 06:39:57,38.0,22.55
2024-01-07 06:42:23,39.22,23.17
2024-01-07 06:44:49,40.7,23.15
2024-01-07 06:47:15,43.65,24.73
2024-01-07 06:49:41,42.17,23.67
2024-01-07 06:52:07,44.55,26.17
2024-01-07 06:54:33,45.08,25.38
2024-01-07 06:57:00,43.75,25.52
2024-01-07 06:59:26,51.88,26.17
2024-01-07 07:01:52,51.25,27.48
2024-01-07 07:04:20,48.0,28.2
2024-01-07 07:06:46,49.08,29.17
2024-01-07 07:09:13,50.7,29.0
2024-01-07 07:11:40,53.83,29.35
2024-01-07 07:14:06,48.03,29.02
2024-01-07 07:16:32,49.9,29.23
2024-01-07 07:18:58,49.3,28.9
2024-01-07 07:21:24,49.9,29.52
2024-01-07 07:23:52,46.83,27.58
2024-01-07 07:26:18,46.55,27.33
2024-01-07 07:28:44,44.58,27.7
2024-01-07 07:31:11,47.78,27.88
2024-01-07 07:33:40,47.7,26.13
2024-01-07 07:36:06,44.55,24.98
2024-01-07 07:38:32,44.8,23.15
2024-01-07 07:41:01,37.58,21.33
2024-01-07 07:43:28,38.83,21.15
2024-01-07 07:45:54,37.88,21.88
2024-01-07 07:48:20,40.67,22.63
2024-01-07 07:50:48,36.92,21.2
2024-01-07 07:53:14,39.8,21.77
2024-01-07 07:55:40,32.88,19.83
2024-01-07 07:58:06,33.3,19.92
2024-01-07 08:00:33,38.5,20.42
2024-01-07 08:02:59,44.78,21.7
2024-01-07 08:05:25,39.78,21.65
2024-01-07 08:07:51,37.3,20.33
2024-01-07 08:10:17,33.92,19.17
2024-01-07 08:12:43,28.92,16.92
2024-01-07 08:15:09,31.08,17.08
2024-01-07 08:17:36,33.85,15.95
2024-01-07 08:20:02,25.92,14.63
2024-01-07 08:22:28,25.48,14.32
2024-01-07 08:24:54,24.75,14.07
2024-01-07 08:27:21,25.75,14.32
2024-01-07 08:29:47,27.15,14.7
2024-01-07 08:32:13,21.35,13.02
2024-01-07 08:34:39,18.3,11.6
2024-01-07 08:37:06,17.88,10.3
2024-01-07 08:39:32,23.52,11.23
2024-01-07 08:41:58,16.1,9.27
2024-01-07 08:44:24,19.95,10.32
2024-01-07 08:46:50,24.63,12.8
2024-01-07 08:49:18,22.58,11.25
2024-01-07 08:51:44,26.05,13.23
2024-01-07 08:54:10,24.98,13.7
2024-01-07 08:56:36,25.88,14.7
2024-01-07 08:59:02,25.5,15.7
2024-01-07 09:01:29,28.27,14.55
2024-01-07 09:03:55,19.05,10.45
2024-01-07 09:06:21,16.75,9.68
2024-01-07 09:08:47,20.38,10.3
2024-01-07 09:11:14,16.55,9.77
2024-01-07 09:13:41,17.05,10.15
2024-01-07 09:16:07,19.77,11.15
2024-01-07 09:18:36,17.65,9.18
2024-01-07 09:21:02,17.7,7.85
2024-01-07 09:23:28,15.5,7.03
2024-01-07 09:25:54,13.55,7.6
2024-01-07 09:28:20,14.27,9.0
2024-01-07 09:30:47,16.8,9.05
2024-01-07 09:33:13,12.52,6.7
2024-01-07 09:35:40,9.55,5.53
2024-01-07 09:38:06,11.7,7.13
2024-01-07 09:40:32,15.23,7.43
2024-01-07 09:42:58,8.95,5.53
2024-01-07 09:45:24,11.05,6.03
2024-01-07 09:47:51,13.25,6.9
2024-01-07 09:50:17,17.58,7.55
2024-01-07 09:52:44,12.4,7.45
2024-01-07 09:55:12,10.7,6.57
2024-01-07 09:57:39,12.32,7.07
2024-01-07 10:00:06,11.38,6.78
2024-01-07 10:02:33,12.63,7.18
2024-01-07 10:05:00,13.13,7.32
2024-01-07 10:07:26,15.0,7.3
2024-01-07 10:09:52,12.2,6.95
2024-01-07 10:12:24,12.48,6.88
2024-01-07 10:14:50,12.7,7.07
2024-01-07 10:17:17,12.48,6.5
2024-01-07 10:19:44,13.32,6.95
2024-01-07 10:22:11,13.25,7.2
2024-01-07 10:24:41,13.48,7.85
2024-01-07 10:27:08,12.82,7.5
2024-01-07 10:29:36,16.5,9.25
2024-01-07 10:32:03,16.38,9.05
2024-01-07 10:34:33,15.18,8.57
2024-01-07 10:37:00,13.1,8.1
2024-01-07 10:39:26,14.25,8.57
2024-01-07 10:41:52,16.48,8.82
2024-01-07 10:44:24,16.1,9.15
2024-01-07 10:46:51,16.6,9.3
2024-01-07 10:49:20,20.0,10.15
2024-01-07 10:51:47,14.3,9.43
2024-01-07 10:54:16,18.35,9.25
2024-01-07 10:56:48,18.9,10.02
2024-01-07 10:59:15,19.65,9.95
2024-01-07 11:01:42,21.27,10.23
2024-01-07 11:04:10,17.63,10.32
2024-01-07 11:06:44,19.27,9.9
2024-01-07 11:11:58,18.15,9.8
2024-01-07 11:14:34,19.25,10.6
2024-01-07 11:17:01,19.42,10.0
2024-01-07 11:19:28,18.4,10.73
2024-01-07 11:24:39,18.27,11.3
2024-01-07 11:27:08,19.48,11.02
2024-01-07 11:29:35,18.75,10.8
2024-01-07 11:32:01,19.58,10.0
2024-01-07 11:34:42,16.6,10.8
2024-01-07 11:37:14,20.7,11.0
2024-01-07 11:39:47,15.57,9.7
2024-01-07 11:42:14,19.5,10.93
2024-01-07 11:44:53,21.42,11.32
2024-01-07 11:47:19,22.58,11.3
2024-01-07 11:49:46,21.92,11.07
2024-01-07 11:52:12,18.73,9.77
2024-01-07 11:54:39,17.85,10.2
2024-01-07 11:57:05,17.9,10.02
2024-01-07 11:59:31,15.48,9.43
2024-01-07 12:01:59,15.77,8.98
2024-01-07 12:04:25,12.52,7.93
2024-01-07 12:06:51,16.2,7.25
2024-01-07 12:09:17,12.57,6.5
2024-01-07 12:11:43,12.63,5.72
2024-01-07 12:14:10,12.57,5.07
2024-01-07 12:16:36,9.63,5.6
2024-01-07 12:19:03,9.95,6.28
2024-01-07 12:21:29,12.1,5.2
2024-01-07 12:23:55,12.38,5.97
2024-01-07 12:26:27,7.32,5.4
2024-01-07 12:28:54,9.1,4.95
2024-01-07 12:31:22,11.32,4.63
2024-01-07 12:33:48,6.1,3.1
2024-01-07 12:36:14,5.78,3.22
2024-01-07 12:38:40,5.4,3.33
2024-01-07 12:41:07,6.57,4.5
2024-01-07 12:43:33,7.5,4.75
2024-01-07 12:45:59,10.3,5.13
2024-01-07 12:48:31,7.93,4.68
2024-01-07 12:50:58,8.27,4.57
2024-01-07 12:53:24,7.68,4.53
2024-01-07 12:55:50,7.93,4.38
2024-01-07 12:58:16,11.18,5.55
2024-01-07 13:00:42,10.98,5.57
2024-01-07 13:03:09,10.07,5.45
2024-01-07 13:05:42,9.38,5.47
2024-01-07 13:08:09,8.95,5.1
2024-01-07 13:10:35,8.48,5.18
2024-01-07 13:13:01,9.3,5.6
2024-01-07 13:15:28,10.32,5.35
2024-01-07 13:17:54,10.65,6.15
2024-01-07 13:20:20,10.3,6.47
2024-01-07 13:22:47,8.98,5.6
2024-01-07 13:25:13,11.0,6.03
2024-01-07 13:27:39,11.77,5.63
2024-01-07 13:30:07,10.75,5.68
2024-01-07 13:32:34,20.77,6.85
2024-01-07 13:35:02,13.93,6.78
2024-01-07 13:37:28,12.52,6.18
2024-01-07 13:39:55,12.35,7.05
2024-01-07 13:42:22,12.6,7.7
2024-01-07 13:44:48,11.73,6.6
2024-01-07 13:47:14,12.77,7.63
2024-01-07 13:49:41,15.1,7.43
2024-01-07 13:52:07,11.73,7.5
2024-01-07 13:54:34,17.95,7.4
2024-01-07 13:57:00,18.55,7.68
2024-01-07 13:59:26,11.48,6.4
2024-01-07 14:01:53,13.98,7.65
2024-01-07 14:04:19,11.4,6.63
2024-01-07 14:06:45,11.73,6.82
2024-01-07 14:09:12,10.63,6.2
2024-01-07 14:11:38,11.25,6.7
2024-01-07 14:14:04,11.15,6.35
2024-01-07 14:16:30,16.35,7.43
2024-01-07 14:18:57,12.8,8.32
2024-01-07 14:21:23,17.13,7.05
2024-01-07 14:23:50,10.95,6.7
2024-01-07 14:26:17,12.0,6.95
2024-01-07 14:28:48,10.6,6.75
2024-01-07 14:31:14,9.48,5.65
2024-01-07 14:33:40,11.0,6.3
2024-01-07 14:36:06,12.3,7.68
2024-01-07 14:38:34,13.32,7.5
2024-01-07 14:41:00,16.25,7.38
2024-01-07 14:43:26,17.52,7.2
2024-01-07 14:45:52,15.23,6.9
2024-01-07 14:48:18,10.48,7.0
2024-01-07 14:50:45,11.57,7.13
2024-01-07 14:53:12,22.75,6.82
2024-01-07 14:55:39,10.88,6.4
2024-01-07 14:58:05,10.73,5.97
2024-01-07 15:00:31,13.05,6.75
2024-01-07 15:02:58,14.45,8.6
2024-01-07 15:05:24,17.42,8.88
2024-01-07 15:07:51,14.9,7.93
2024-01-07 15:10:17,16.67,8.85
2024-01-07 15:12:44,13.73,8.2
2024-01-07 15:15:10,16.27,8.77
2024-01-07 15:17:36,16.8,10.13
2024-01-07 15:20:03,31.95,12.52
2024-01-07 15:22:29,31.38,14.2
2024-01-07 15:24:55,26.48,15.02
2024-01-07 15:27:21,25.55,13.1
2024-01-07 15:29:47,28.35,15.3
2024-01-07 15:32:13,23.7,14.07
2024-01-07 15:34:39,29.25,14.05
2024-01-07 15:37:06,19.63,9.82
2024-01-07 15:39:32,22.1,12.25
2024-01-07 15:41:59,23.35,12.35
2024-01-07 15:44:25,23.3,11.63
2024-01-07 15:46:52,27.3,12.9
2024-01-07 15:49:18,22.58,11.43
2024-01-07 15:51:44,23.1,12.7
2024-01-07 15:54:10,22.58,12.7
2024-01-07 15:56:36,27.55,13.8
2024-01-07 15:59:02,24.02,12.82
2024-01-07 16:01:28,23.33,12.32
2024-01-07 16:03:54,19.73,11.32
2024-01-07 16:06:20,22.35,12.1
2024-01-07 16:08:47,21.45,11.1
2024-01-07 16:11:13,23.27,11.77
2024-01-07 16:13:42,22.27,12.07
2024-01-07 16:16:08,23.1,12.25
2024-01-07 16:18:34,27.02,13.05
2024-01-07 16:21:01,43.13,14.27
2024-01-07 16:23:27,28.58,13.82
2024-01-07 16:25:55,28.4,13.88
2024-01-07 16:28:21,26.55,14.38
2024-01-07 16:30:48,28.42,14.3
2024-01-07 16:33:14,27.9,14.73
2024-01-07 16:35:41,28.33,14.4
2024-01-07 16:38:07,51.38,22.33
2024-01-07 16:40:34,41.8,21.0
2024-01-07 16:43:00,39.22,19.3
2024-01-07 16:45:27,33.67,17.52
2024-01-07 16:47:53,33.97,14.95
2024-01-07 16:50:20,39.47,14.75
2024-01-07 16:52:46,25.95,12.68
2024-01-07 16:55:12,30.17,12.02
2024-01-07 16:57:38,24.5,10.8
2024-01-07 17:00:04,19.8,9.02
2024-01-07 17:02:32,17.73,9.2
2024-01-07 17:04:58,26.25,9.55
2024-01-07 17:07:27,20.35,9.38
2024-01-07 17:09:55,20.95,10.18
2024-01-07 17:12:21,20.5,10.98
2024-01-07 17:14:47,41.97,20.35
2024-01-07 17:17:16,40.0,21.48
2024-01-07 17:19:44,36.63,17.63
2024-01-07 17:22:10,40.33,18.17
2024-01-07 17:24:37,35.65,17.08
2024-01-07 17:27:03,32.22,16.38
2024-01-07 17:29:29,35.58,17.9
2024-01-07 17:31:55,29.83,17.63
2024-01-07 17:34:21,45.05,22.25
2024-01-07 17:36:47,40.08,19.2
2024-01-07 17:39:14,51.53,20.65
2024-01-07 17:41:40,46.22,24.25
2024-01-07 17:44:07,46.13,21.35
2024-01-07 17:46:33,41.08,21.25
2024-01-07 17:49:00,37.55,19.77
2024-01-07 17:51:26,41.72,17.92
2024-01-07 17:53:56,39.47,19.55
2024-01-07 17:56:22,50.45,24.33
2024-01-07 17:58:48,40.25,19.55
2024-01-07 18:01:15,42.53,19.7
2024-01-07 18:03:41,42.92,20.45
2024-01-07 18:06:07,56.92,27.7
2024-01-07 18:08:34,56.15,27.7
2024-01-07 18:11:00,57.7,30.48
2024-01-07 18:13:27,67.3,33.95
2024-01-07 18:15:53,71.5,36.15
2024-01-07 18:18:19,76.82,35.65
2024-01-07 18:20:45,85.57,41.1
2024-01-07 18:23:11,84.28,42.2
2024-01-07 18:25:38,85.28,40.08
2024-01-07 18:28:04,88.32,45.03
2024-01-07 18:30:30,88.5,45.8
2024-01-07 18:32:56,95.78,46.38
2024-01-07 18:35:22,98.28,48.28
2024-01-07 18:37:50,92.6,47.4
2024-01-07 18:40:16,92.1,44.03
2024-01-07 18:42:45,94.25,47.3
2024-01-07 18:45:12,91.4,45.8
2024-01-07 18:47:39,87.97,45.0
2024-01-07 18:50:06,86.85,45.83
2024-01-07 18:52:32,91.38,43.47
2024-01-07 18:54:58,89.15,45.75
2024-01-07 18:57:24,80.05,38.28
2024-01-07 18:59:50,86.3,41.55
2024-01-07 19:02:16,76.97,39.03
2024-01-07 19:04:42,86.13,40.4
2024-01-07 19:07:08,83.68,42.47
2024-01-07 19:09:35,82.55,43.7
2024-01-07 19:12:02,90.72,41.9
2024-01-07 19:14:28,79.3,41.33
2024-01-07 19:16:56,85.82,41.25
2024-01-07 19:19:23,78.95,41.33
2024-01-07 19:21:49,87.22,41.38
2024-01-07 19:24:16,74.38,38.85
2024-01-07 19:26:42,64.45,34.53
2024-01-07 19:29:10,63.5,32.28
2024-01-07 19:31:37,57.05,29.58
2024-01-07 19:34:04,57.95,30.33
2024-01-07 19:36:30,54.88,27.83
2024-01-07 19:38:58,61.95,31.02
2024-01-07 19:41:30,52.6,28.1
2024-01-07 19:44:01,54.85,29.83
2024-01-07 19:46:28,47.03,26.2
2024-01-07 19:48:58,45.95,25.8
2024-01-07 19:51:26,48.2,25.95
2024-01-07 19:53:52,48.03,25.63
2024-01-07 19:56:18,46.25,25.08
2024-01-07 19:58:45,42.45,22.67
2024-01-07 20:01:11,43.75,23.83
2024-01-07 20:03:37,40.97,21.65
2024-01-07 20:06:09,39.35,20.35
2024-01-07 20:08:41,37.78,20.95
2024-01-07 20:11:08,34.42,18.88
2024-01-07 20:13:34,33.55,18.77
2024-01-07 20:16:01,33.17,17.67
2024-01-07 20:18:28,32.08,17.38
2024-01-07 20:20:54,29.75,16.48
2024-01-07 20:23:20,36.95,17.85
2024-01-07 20:25:46,38.08,20.85
2024-01-07 20:28:13,38.05,20.83
2024-01-07 20:30:39,37.97,19.42
2024-01-07 20:33:05,36.63,18.98
2024-01-07 20:35:38,33.58,17.65
2024-01-07 20:38:04,40.0,20.75
2024-01-07 20:40:30,38.47,19.75
2024-01-07 20:42:56,45.55,22.88
2024-01-07 20:45:22,53.88,26.98
2024-01-07 20:47:50,48.6,25.88
2024-01-07 20:50:16,47.3,22.52
2024-01-07 20:52:42,44.83,22.23
2024-01-07 20:55:11,43.65,24.05
2024-01-07 20:57:37,49.63,23.88
2024-01-07 21:00:04,42.55,22.0
2024-01-07 21:02:31,48.6,22.83
2024-01-07 21:04:58,35.78,19.33
2024-01-07 21:07:24,37.47,19.65
2024-01-07 21:09:50,34.13,19.35
2024-01-07 21:12:16,37.0,20.17
2024-01-07 21:14:42,43.75,21.38
2024-01-07 21:17:10,36.72,19.45
2024-01-07 21:19:36,22.77,12.68
2024-01-07 21:22:02,20.02,11.13
2024-01-07 21:24:28,32.38,16.63
2024-01-07 21:26:54,35.45,18.48
2024-01-07 21:29:20,36.67,19.42
2024-01-07 21:31:46,32.05,16.25
2024-01-07 21:34:13,29.45,14.65
2024-01-07 21:36:39,29.27,16.73
2024-01-07 21:39:06,33.42,16.33
2024-01-07 21:41:32,20.95,10.05
2024-01-07 21:43:58,21.55,11.35
2024-01-07 21:46:24,21.5,11.35
2024-01-07 21:48:50,26.5,14.93
2024-01-07 21:51:21,22.3,12.63
2024-01-07 21:53:47,21.75,10.8
2024-01-07 21:56:13,22.77,13.1
2024-01-07 21:58:39,27.33,14.48
2024-01-07 22:01:05,28.17,14.3
2024-01-07 22:03:31,28.95,14.55
2024-01-07 22:05:57,37.72,20.35
2024-01-07 22:08:24,35.8,18.23
2024-01-07 22:10:50,38.28,17.7
2024-01-07 22:13:16,31.0,17.73
2024-01-07 22:15:42,36.9,19.58
2024-01-07 22:18:08,33.47,19.45
2024-01-07 22:20:34,35.85,19.02
2024-01-07 22:23:00,37.05,18.05
2024-01-07 22:25:27,33.7,18.05
2024-01-07 22:27:53,33.13,17.95
2024-01-07 22:30:19,34.6,18.77
2024-01-07 22:32:45,37.5,19.17
2024-01-07 22:35:13,34.38,17.23
2024-01-07 22:37:39,33.67,18.45
2024-01-07 22:40:06,30.83,16.95
2024-01-07 22:42:32,40.97,18.67
2024-01-07 22:44:58,33.17,17.25
2024-01-07 22:47:24,37.75,19.77
2024-01-07 22:49:50,37.42,19.6
2024-01-07 22:52:16,38.6,19.88
2024-01-07 22:54:43,33.83,19.55
2024-01-07 22:57:09,31.4,18.5
2024-01-07 22:59:36,34.63,18.85
2024-01-07 23:02:02,29.55,16.98
2024-01-07 23:04:31,37.45,17.92
2024-01-07 23:06:57,29.83,17.17
2024-01-07 23:09:23,31.25,16.75
2024-01-07 23:11:50,29.35,16.92
2024-01-07 23:14:16,33.85,17.9
2024-01-07 23:16:42,31.3,16.75
2024-01-07 23:19:08,35.22,18.45
2024-01-07 23:21:34,13.77,7.0
2024-01-07 23:24:00,12.95,7.43
2024-01-07 23:26:27,17.2,8.07
2024-01-07 23:28:53,23.23,13.43
2024-01-07 23:31:19,25.95,13.8
2024-01-07 23:33:45,30.65,15.32
2024-01-07 23:36:11,18.6,10.95
2024-01-07 23:38:37,31.2,17.23
2024-01-07 23:41:03,31.85,16.77
2024-01-07 23:43:30,27.3,16.17
2024-01-07 23:45:56,23.38,14.4
2024-01-07 23:48:23,30.08,17.1
2024-01-07 23:50:49,31.7,17.6
2024-01-07 23:53:15,31.92,17.25
2024-01-07 23:55:42,30.05,16.13
2024-01-07 23:58:08,32.47,16.33
2024-01-08 00:00:34,30.08,15.32
2024-01-08 00:03:00,31.5,15.6
2024-01-08 00:05:26,25.48,13.98
2024-01-08 00:07:52,28.5,14.35
2024-01-08 00:10:18,27.02,13.68
2024-01-08 00:12:44,25.5,13.1
2024-01-08 00:15:10,25.02,13.2
2024-01-08 00:17:36,25.48,12.4
2024-01-08 00:20:02,24.2,12.1
2024-01-08 00:22:28,23.05,12.48
2024-01-08 00:24:54,22.15,12.52
2024-01-08 00:27:20,36.45,14.88
2024-01-08 00:29:46,20.38,12.48
2024-01-08 00:32:13,25.27,11.6
2024-01-08 00:34:39,20.95,11.18
2024-01-08 00:37:06,19.77,11.15
2024-01-08 00:39:32,24.05,10.95
2024-01-08 00:41:58,19.2,10.13
2024-01-08 00:44:24,22.97,10.73
2024-01-08 00:46:50,22.85,12.98
2024-01-08 00:49:16,26.2,14.3
2024-01-08 00:51:43,26.02,13.25
2024-01-08 00:54:09,28.63,15.0
2024-01-08 00:56:35,28.52,15.43
2024-01-08 00:59:02,34.53,17.7
2024-01-08 01:01:28,36.83,19.17
2024-01-08 01:03:54,39.47,21.13
2024-01-08 01:06:20,40.0,20.95
2024-01-08 01:08:47,49.25,26.98
2024-01-08 01:11:14,65.88,35.13
2024-01-08 01:13:40,89.2,43.5
2024-01-08 01:16:07,88.07,46.08
2024-01-08 01:18:33,91.88,44.58
2024-01-08 01:20:59,80.32,44.33
2024-01-08 01:23:25,84.38,43.4
2024-01-08 01:25:51,85.85,40.72
2024-01-08 01:28:18,77.9,38.8
2024-01-08 01:30:44,81.68,40.0
2024-01-08 01:33:10,86.38,41.42
2024-01-08 01:35:36,87.6,42.65
2024-01-08 01:38:02,80.4,40.85
2024-01-08 01:40:28,83.15,42.63
2024-01-08 01:42:54,79.25,37.72
2024-01-08 01:45:23,76.18,41.0
2024-01-08 01:47:49,79.2,39.67
2024-01-08 01:50:25,72.13,37.17
2024-01-08 01:52:51,72.57,36.9
2024-01-08 01:55:17,66.68,33.6
2024-01-08 01:57:43,72.25,35.6
2024-01-08 02:00:11,77.25,37.2
2024-01-08 02:02:39,73.53,37.0
2024-01-08 02:05:05,69.0,36.5
2024-01-08 02:07:32,72.2,38.38
2024-01-08 02:09:58,66.68,33.33
2024-01-08 02:12:24,62.95,34.25
2024-01-08 02:14:51,69.75,36.15
2024-01-08 02:17:17,67.72,36.45
2024-01-08 02:19:43,69.55,36.17
2024-01-08 02:22:09,67.75,37.75
2024-01-08 02:24:37,70.97,37.3
2024-01-08 02:27:03,66.82,35.4
2024-01-08 02:29:30,70.0,37.7
2024-01-08 02:31:56,71.95,36.5
2024-01-08 02:34:22,69.6,36.33
2024-01-08 02:36:50,70.68,35.97
2024-01-08 02:39:16,66.43,34.72
2024-01-08 02:41:42,70.18,34.25
2024-01-08 02:44:08,64.38,34.4
2024-01-08 02:46:34,64.78,34.35
2024-01-08 02:49:01,68.78,34.6
2024-01-08 02:51:27,65.6,34.05
2024-01-08 02:53:53,69.2,34.1
2024-01-08 02:56:19,62.97,32.78
2024-01-08 02:58:48,57.7,30.88
2024-01-08 03:01:14,56.3,29.45
2024-01-08 03:03:40,55.4,28.88
2024-01-08 03:06:07,56.65,30.25
2024-01-08 03:08:33,50.4,28.1
2024-01-08 03:10:59,50.42,26.08
2024-01-08 03:13:25,49.4,26.63
2024-01-08 03:15:51,55.22,27.05
2024-01-08 03:18:17,48.1,24.85
2024-01-08 03:20:43,47.05,26.3
2024-01-08 03:23:09,47.67,26.02
2024-01-08 03:25:35,49.15,24.73
2024-01-08 03:28:02,49.75,25.6
2024-01-08 03:30:28,50.78,25.5
2024-01-08 03:32:54,45.35,25.52
2024-01-08 03:35:20,51.5,28.08
2024-01-08 03:37:46,52.83,26.92
2024-01-08 03:40:12,49.88,26.08
2024-01-08 03:42:39,51.38,26.95
2024-01-08 03:45:05,48.6,26.02
2024-01-08 03:47:31,54.72,28.88
2024-01-08 03:49:57,48.4,26.8
2024-01-08 03:52:23,52.42,26.2
2024-01-08 03:54:49,51.4,27.0
2024-01-08 03:57:15,50.7,26.42
2024-01-08 03:59:41,52.5,29.77
2024-01-08 04:02:08,59.1,29.77
2024-01-08 04:04:36,53.33,28.9
2024-01-08 04:07:03,49.1,27.73
2024-01-08 04:09:29,52.9,27.3
2024-01-08 04:11:55,49.65,25.3
2024-01-08 04:14:22,53.25,28.48
2024-01-08 04:16:48,48.83,26.98
2024-01-08 04:19:14,48.83,25.4
2024-01-08 04:21:40,48.8,27.2
2024-01-08 04:24:06,46.85,25.38
2024-01-08 04:26:32,53.42,27.0
2024-01-08 04:28:58,48.58,24.9
2024-01-08 04:31:24,51.42,26.85
2024-01-08 04:33:50,48.85,26.1
2024-01-08 04:36:16,51.72,25.98
2024-01-08 04:38:42,54.25,27.13
2024-01-08 04:41:17,44.38,24.73
2024-01-08 04:43:47,56.38,28.2
2024-01-08 04:46:13,49.05,24.98
2024-01-08 04:48:41,49.9,25.63
2024-01-08 04:51:07,44.58,26.17
2024-01-08 04:53:34,50.92,26.4
2024-01-08 04:56:01,49.1,25.88
2024-01-08 04:58:27,51.15,26.0
2024-01-08 05:00:53,47.53,25.98
2024-01-08 05:03:19,43.6,25.08
2024-01-08 05:05:46,48.17,26.27
2024-01-08 05:08:12,52.03,25.48
2024-01-08 05:10:38,46.45,24.63
2024-01-08 05:13:04,41.7,22.33
2024-01-08 05:15:30,45.55,24.67
2024-01-08 05:17:57,44.2,23.85
2024-01-08 05:20:23,46.05,22.85
2024-01-08 05:22:49,21.2,9.57
2024-01-08 05:25:15,27.63,14.57
2024-01-08 05:27:41,28.7,15.45
2024-01-08 05:30:08,22.52,12.15
2024-01-08 05:32:34,20.38,10.98
2024-01-08 05:35:00,21.7,12.07
2024-01-08 05:37:26,20.83,12.25
2024-01-08 05:39:52,35.47,17.3
2024-01-08 05:42:18,25.38,14.05
2024-01-08 05:44:44,30.08,16.77
2024-01-08 05:47:10,26.9,15.45
2024-01-08 05:49:36,26.35,12.77
2024-01-08 05:52:03,22.35,11.73
2024-01-08 05:54:29,16.77,10.65
2024-01-08 05:56:55,17.4,10.02
2024-01-08 05:59:22,15.65,9.1
2024-01-08 06:01:48,18.17,9.0
2024-01-08 06:04:14,18.8,10.2
2024-01-08 06:06:40,18.85,11.3
2024-01-08 06:09:06,21.52,12.45
2024-01-08 06:11:34,22.7,11.6
2024-01-08 06:14:00,22.08,12.3
2024-01-08 06:16:28,22.13,11.5
2024-01-08 06:19:00,22.4,10.7
2024-01-08 06:21:26,19.6,11.52
2024-01-08 06:23:52,22.63,10.15
2024-01-08 06:26:18,7.32,3.33
2024-01-08 06:28:44,5.25,2.42
2024-01-08 06:31:10,4.78,2.35
2024-01-08 06:33:36,2.83,1.33
2024-01-08 06:36:03,3.95,1.58
2024-01-08 06:38:29,3.5,1.67
2024-01-08 06:40:55,3.2,1.05
2024-01-08 06:43:21,2.1,1.2
2024-01-08 06:45:47,1.92,0.9
2024-01-08 06:48:14,2.63,1.3
2024-01-08 06:50:40,3.72,1.3
2024-01-08 06:53:06,3.15,1.48
2024-01-08 06:55:32,4.72,2.28
2024-01-08 06:57:58,2.17,1.42
2024-01-08 07:00:24,3.47,1.5
2024-01-08 07:02:52,2.38,1.3
2024-01-08 07:05:18,3.88,1.75
2024-01-08 07:07:44,4.0,1.92
2024-01-08 07:10:11,3.58,1.3
2024-01-08 07:12:37,3.05,1.02
2024-01-08 07:15:03,4.32,0.98
2024-01-08 07:17:29,4.32,1.52
2024-01-08 07:19:56,5.03,1.6
2024-01-08 07:22:22,4.03,1.67
2024-01-08 07:24:48,2.22,1.3
2024-01-08 07:27:14,2.4,1.25
2024-01-08 07:29:40,4.35,2.03
2024-01-08 07:32:06,1.75,1.1
2024-01-08 07:34:33,2.85,1.13
2024-01-08 07:36:59,2.33,1.5
2024-01-08 07:39:25,4.2,1.6
2024-01-08 07:41:51,2.5,1.5
2024-01-08 07:44:17,4.2,1.2
2024-01-08 07:46:44,12.43,1.35
2024-01-08 07:49:10,3.28,1.27
2024-01-08 07:51:36,3.28,1.67
2024-01-08 07:54:02,3.38,1.4
2024-01-08 07:56:28,3.6,1.33
2024-01-08 07:58:54,2.15,1.15
2024-01-08 08:01:20,1.77,1.2
2024-01-08 08:03:46,3.05,1.3
2024-01-08 08:06:13,2.67,1.33
2024-01-08 08:08:39,4.63,1.52
2024-01-08 08:11:05,4.15,1.6
2024-01-08 08:13:31,3.53,1.55
2024-01-08 08:15:57,2.7,1.3
2024-01-08 08:18:24,1.52,0.9
2024-01-08 08:20:50,2.95,1.35
2024-01-08 08:23:16,2.92,1.6
2024-01-08 08:25:42,2.28,1.48
2024-01-08 08:28:08,2.9,1.38
2024-01-08 08:30:34,3.47,1.35
2024-01-08 08:33:01,2.85,1.4
2024-01-08 08:35:27,2.9,1.35
2024-01-08 08:37:53,2.97,1.4
2024-01-08 08:40:22,7.15,2.9
2024-01-08 08:42:48,4.57,1.4
2024-01-08 08:45:14,2.35,1.42
2024-01-08 08:47:42,4.47,1.9
2024-01-08 08:50:08,2.58,0.98
2024-01-08 08:52:35,1.45,1.13
2024-01-08 08:55:01,2.6,1.42
2024-01-08 08:57:27,3.85,1.83
2024-01-08 08:59:53,4.68,2.0
2024-01-08 09:02:19,2.92,1.55
2024-01-08 09:04:45,4.43,2.5
2024-01-08 09:07:12,3.53,1.9
2024-01-08 09:09:38,8.23,2.88
2024-01-08 09:12:04,5.25,2.4
2024-01-08 09:14:30,5.03,2.25
2024-01-08 09:16:56,4.82,2.63
2024-01-08 09:19:23,5.75,2.4
2024-01-08 09:21:49,5.05,2.5
2024-01-08 09:24:15,5.47,2.88
2024-01-08 09:26:42,2.78,2.1
2024-01-08 09:29:08,4.7,2.2
2024-01-08 09:31:35,3.97,2.08
2024-01-08 09:34:01,3.88,1.75
2024-01-08 09:36:27,5.75,2.6
2024-01-08 09:38:53,6.25,2.58
2024-01-08 09:41:19,7.0,2.67
2024-01-08 09:43:46,6.72,2.72
2024-01-08 09:46:18,4.93,2.6
2024-01-08 09:48:47,5.13,2.85
2024-01-08 09:51:14,4.55,2.95
2024-01-08 09:53:40,6.88,3.38
2024-01-08 09:56:06,4.95,2.55
2024-01-08 09:58:33,5.28,3.13
2024-01-08 10:00:59,4.25,2.55
2024-01-08 10:03:26,6.38,2.88
2024-01-08 10:05:52,5.9,2.83
2024-01-08 10:08:18,5.2,2.5
2024-01-08 10:10:44,7.72,3.2
2024-01-08 10:13:11,4.93,2.6
2024-01-08 10:15:37,6.43,3.1
2024-01-08 10:18:04,6.25,3.0
2024-01-08 10:20:33,4.0,2.63
2024-01-08 10:23:04,5.47,3.25
2024-01-08 10:25:30,7.4,3.67
2024-01-08 10:27:56,7.7,3.2
2024-01-08 10:30:23,5.6,3.25
2024-01-08 10:32:49,7.0,3.58
2024-01-08 10:35:15,9.43,4.72
2024-01-08 10:37:43,13.3,3.85
2024-01-08 10:40:14,7.38,3.92
2024-01-08 10:42:41,7.5,3.83
2024-01-08 10:45:09,5.95,3.75
2024-01-08 10:47:35,7.72,3.72
2024-01-08 10:50:03,7.68,4.03
2024-01-08 10:52:32,6.68,3.42
2024-01-08 10:55:00,6.68,3.85
2024-01-08 11:00:11,6.9,3.78
2024-01-08 11:02:38,7.0,3.53
2024-01-08 11:05:05,7.9,5.0
2024-01-08 11:07:37,8.5,5.53
2024-01-08 11:10:09,7.97,4.0
2024-01-08 11:12:36,11.98,4.5
2024-01-08 11:15:03,7.95,4.22
2024-01-08 11:17:29,7.95,4.3
2024-01-08 11:19:56,11.88,6.9
2024-01-08 11:22:23,8.6,4.93
2024-01-08 11:24:49,7.15,4.45
2024-01-08 11:27:16,7.43,4.15
2024-01-08 11:29:45,9.32,4.18
2024-01-08 11:32:13,10.95,4.75
2024-01-08 11:34:56,5.72,3.88
2024-01-08 11:37:34,9.3,5.4
2024-01-08 11:42:28,11.18,4.28
2024-01-08 11:44:56,6.9,4.45
2024-01-08 11:47:23,10.73,4.57
2024-01-08 11:49:49,7.6,4.05
2024-01-08 11:52:19,12.18,4.82
2024-01-08 11:54:45,8.5,4.22
2024-01-08 11:57:16,8.63,4.8
2024-01-08 11:59:43,7.2,4.47
2024-01-08 12:02:14,8.1,4.4
2024-01-08 12:04:40,9.55,5.2
2024-01-08 12:07:10,6.8,4.63
2024-01-08 12:09:40,7.45,4.47
2024-01-08 12:12:07,10.07,4.65
2024-01-08 12:14:34,11.65,6.7
2024-01-08 12:17:01,10.25,5.32
2024-01-08 12:22:11,12.43,6.13
2024-01-08 12:24:42,9.55,4.97
2024-01-08 12:27:09,11.85,5.2
2024-01-08 12:29:37,9.9,5.4
2024-01-08 12:32:04,8.13,4.97
2024-01-08 12:34:30,8.18,4.8
2024-01-08 12:36:57,11.95,5.32
2024-01-08 12:39:24,9.45,5.47
2024-01-08 12:41:52,10.45,5.1
2024-01-08 12:44:28,9.3,4.88
2024-01-08 12:46:57,7.28,4.63
2024-01-08 12:49:23,8.38,4.9
2024-01-08 12:51:54,11.23,6.32
2024-01-08 12:54:25,7.82,5.13
2024-01-08 12:56:52,8.32,5.35
2024-01-08 12:59:22,9.7,6.07
2024-01-08 13:01:49,10.5,4.93
2024-01-08 13:04:16,8.18,4.4
2024-01-08 13:06:43,9.07,4.53
2024-01-08 13:09:09,7.82,4.6
2024-01-08 13:11:37,8.27,4.57
2024-01-08 13:14:03,12.05,5.22
2024-01-08 13:16:32,7.2,4.4
2024-01-08 13:18:58,11.35,5.15
2024-01-08 13:21:24,6.4,4.38
2024-01-08 13:23:51,6.32,4.35
2024-01-08 13:26:17,7.7,5.15
2024-01-08 13:28:43,9.98,5.2
2024-01-08 13:31:10,8.4,4.07
2024-01-08 13:33:37,8.9,4.8
2024-01-08 13:36:03,8.05,5.32
2024-01-08 13:38:32,7.63,4.35
2024-01-08 13:40:58,6.35,4.2
2024-01-08 13:43:26,10.18,5.05
2024-01-08 13:45:52,8.5,5.05
2024-01-08 13:48:24,9.63,5.78
2024-01-08 13:50:51,9.82,4.88
2024-01-08 13:53:17,11.52,5.68
2024-01-08 13:55:46,13.82,5.97
2024-01-08 13:58:13,12.45,5.97
2024-01-08 14:00:39,11.23,6.28
2024-01-08 14:03:06,9.93,5.5
2024-01-08 14:05:33,9.3,4.55
2024-01-08 14:08:00,9.43,4.68
2024-01-08 14:10:27,7.72,4.53
2024-01-08 14:12:53,7.03,4.2
2024-01-08 14:15:19,7.47,4.65
2024-01-08 14:17:45,5.93,3.33
2024-01-08 14:20:11,7.32,4.28
2024-01-08 14:22:38,11.6,4.5
2024-01-08 14:25:04,10.9,4.1
2024-01-08 14:27:32,5.4,3.47
2024-01-08 14:29:59,6.4,4.18
2024-01-08 14:32:26,5.8,3.67
2024-01-08 14:34:52,7.22,4.4
2024-01-08 14:37:18,11.1,5.2
2024-01-08 14:39:44,19.25,9.95
2024-01-08 14:42:10,36.47,18.58
2024-01-08 14:44:36,10.25,5.97
2024-01-08 14:47:02,7.22,4.8
2024-01-08 14:49:28,10.32,5.75
2024-01-08 14:51:54,11.07,5.8
2024-01-08 14:54:20,12.18,6.68
2024-01-08 14:56:46,16.83,9.13
2024-01-08 14:59:12,16.17,8.63
2024-01-08 15:01:39,8.5,4.85
2024-01-08 15:04:05,9.73,4.57
2024-01-08 15:06:32,10.2,4.75
2024-01-08 15:08:58,11.73,5.03
2024-01-08 15:11:24,6.45,3.75
2024-01-08 15:13:50,7.1,4.3
2024-01-08 15:16:16,7.18,4.13
2024-01-08 15:18:42,9.07,3.5
2024-01-08 15:21:08,6.53,3.6
2024-01-08 15:23:34,9.02,3.55
2024-01-08 15:26:03,6.38,3.97
2024-01-08 15:28:33,4.43,3.22
2024-01-08 15:30:59,6.88,3.8
2024-01-08 15:33:29,6.63,3.8
2024-01-08 15:35:55,7.0,3.97
2024-01-08 15:38:24,10.05,4.13
2024-01-08 15:40:50,6.18,3.6
2024-01-08 15:43:17,7.07,3.65
2024-01-08 15:45:43,9.9,3.9
2024-01-08 15:48:09,5.68,3.85
2024-01-08 15:50:36,8.95,4.53
2024-01-08 15:53:02,6.4,3.9
2024-01-08 15:55:28,5.5,3.97
2024-01-08 15:57:54,7.7,4.38
2024-01-08 16:00:20,10.73,5.55
2024-01-08 16:02:47,7.0,4.7
2024-01-08 16:05:13,7.88,4.38
2024-01-08 16:07:39,6.78,4.35
2024-01-08 16:10:05,11.43,5.82
2024-01-08 16:12:31,9.9,5.05
2024-01-08 16:14:57,7.6,3.92
2024-01-08 16:17:23,7.7,4.35
2024-01-08 16:19:49,5.9,4.1
2024-01-08 16:22:18,5.88,3.83
2024-01-08 16:24:44,7.28,4.13
2024-01-08 16:27:10,8.07,3.7
2024-01-08 16:29:36,6.47,3.9
2024-01-08 16:32:02,6.47,3.97
2024-01-08 16:34:28,6.35,3.95
2024-01-08 16:36:54,8.0,4.6
2024-01-08 16:39:21,8.95,4.65
2024-01-08 16:41:48,10.57,5.03
2024-01-08 16:44:14,11.18,4.97
2024-01-08 16:46:40,5.85,3.6
2024-01-08 16:49:06,4.93,3.8
2024-01-08 16:51:32,5.85,3.35
2024-01-08 16:53:58,6.93,3.58
2024-01-08 16:56:24,5.8,3.67
2024-01-08 16:58:50,6.57,3.53
2024-01-08 17:01:19,4.43,2.7
2024-01-08 17:03:45,5.1,3.6
2024-01-08 17:06:12,6.93,3.9
2024-01-08 17:08:38,6.6,3.55
2024-01-08 17:11:05,4.85,2.7
2024-01-08 17:13:31,4.7,2.92
2024-01-08 17:15:57,5.97,3.08
2024-01-08 17:18:23,6.75,3.38
2024-01-08 17:20:51,5.93,3.6
2024-01-08 17:23:19,6.75,4.03
2024-01-08 17:25:45,4.53,2.95
2024-01-08 17:28:12,4.75,2.7
2024-01-08 17:30:38,5.57,2.53
2024-01-08 17:33:04,4.9,2.88
2024-01-08 17:35:30,3.65,2.38
2024-01-08 17:37:57,4.8,3.1
2024-01-08 17:40:24,4.8,2.9
2024-01-08 17:42:50,4.97,2.95
2024-01-08 17:45:17,5.32,3.1
2024-01-08 17:47:43,4.5,2.75
2024-01-08 17:50:09,6.28,3.67
2024-01-08 17:52:35,6.18,3.33
2024-01-08 17:55:01,5.55,3.75
2024-01-08 17:57:27,6.6,3.75
2024-01-08 17:59:54,5.8,3.0
2024-01-08 18:02:20,5.88,3.05
2024-01-08 18:04:46,4.18,2.88
2024-01-08 18:07:13,6.55,2.78
2024-01-08 18:09:39,5.3,3.25
2024-01-08 18:12:05,4.1,2.63
2024-01-08 18:14:32,6.5,3.08
2024-01-08 18:16:58,5.5,2.67
2024-01-08 18:19:24,4.95,2.9
2024-01-08 18:21:50,6.82,3.42
2024-01-08 18:24:16,5.57,3.15
2024-01-08 18:26:42,18.5,7.85
2024-01-08 18:29:09,5.35,3.2
2024-01-08 18:31:37,4.88,2.72
2024-01-08 18:34:03,4.55,3.2
2024-01-08 18:36:30,6.43,2.9
2024-01-08 18:38:56,14.52,5.72
2024-01-08 18:41:22,20.73,7.07
2024-01-08 18:43:50,5.45,3.28
2024-01-08 18:46:16,3.33,2.4
2024-01-08 18:48:42,5.0,3.13
2024-01-08 18:51:08,5.45,3.33
2024-01-08 18:53:34,5.1,2.97
2024-01-08 18:56:00,6.3,4.07
2024-01-08 18:58:27,4.82,2.92
2024-01-08 19:00:53,5.55,2.8
2024-01-08 19:03:22,7.32,3.58
2024-01-08 19:05:48,6.53,3.65
2024-01-08 19:08:14,5.9,3.67
2024-01-08 19:10:42,7.03,3.55
2024-01-08 19:13:08,5.38,3.5
2024-01-08 19:15:34,6.95,3.6
2024-01-08 19:18:01,4.5,2.88
2024-01-08 19:20:27,5.25,4.0
2024-01-08 19:22:53,5.97,3.17
2024-01-08 19:25:19,6.0,3.1
2024-01-08 19:27:45,6.93,3.7
2024-01-08 19:30:11,5.93,3.1
2024-01-08 19:32:38,5.55,3.17
2024-01-08 19:35:04,5.2,3.25
2024-01-08 19:37:30,5.75,3.1
2024-01-08 19:39:56,6.28,3.4
2024-01-08 19:42:23,8.27,3.22
2024-01-08 19:44:49,5.18,3.2
2024-01-08 19:47:15,6.93,3.47
2024-01-08 19:49:41,6.68,3.47
2024-01-08 19:52:09,5.6,3.7
2024-01-08 19:54:35,6.0,3.03
2024-01-08 19:57:01,4.65,2.83
2024-01-08 19:59:29,6.68,3.83
2024-01-08 20:01:58,7.55,3.25
2024-01-08 20:04:25,7.35,3.9
2024-01-08 20:06:51,6.97,4.13
2024-01-08 20:09:17,7.18,4.4
2024-01-08 20:11:43,12.02,3.6
2024-01-08 20:14:09,6.95,3.7
2024-01-08 20:16:35,6.1,3.9
2024-01-08 20:19:02,6.15,3.35
2024-01-08 20:21:28,5.95,3.53
2024-01-08 20:23:54,6.22,3.58
2024-01-08 20:26:20,7.63,3.4
2024-01-08 20:28:48,5.65,2.92
2024-01-08 20:31:14,5.4,3.25
2024-01-08 20:33:40,5.43,2.85
2024-01-08 20:36:07,6.05,3.45
2024-01-08 20:38:33,6.43,3.2
2024-01-08 20:41:00,5.53,3.85
2024-01-08 20:43:26,4.8,3.28
2024-01-08 20:45:52,5.78,3.3
2024-01-08 20:48:18,5.47,3.6
2024-01-08 20:50:44,5.88,3.25
2024-01-08 20:53:10,6.35,3.55
2024-01-08 20:55:38,6.13,3.35
2024-01-08 20:58:04,6.8,3.4
2024-01-08 21:00:30,6.22,3.65
2024-01-08 21:02:56,6.2,3.65
2024-01-08 21:05:22,8.05,3.75
2024-01-08 21:07:48,9.63,4.43
2024-01-08 21:10:15,9.05,4.3
2024-01-08 21:12:41,6.45,3.2
2024-01-08 21:15:07,7.18,3.72
2024-01-08 21:17:34,9.0,3.08
2024-01-08 21:20:00,6.13,3.45
2024-01-08 21:22:28,8.68,4.15
2024-01-08 21:24:54,5.9,3.65
2024-01-08 21:27:20,7.07,3.58
2024-01-08 21:29:46,8.3,4.25
2024-01-08 21:32:12,7.8,4.28
2024-01-08 21:34:42,7.07,3.65
2024-01-08 21:37:08,7.28,4.8
2024-01-08 21:39:36,9.65,4.75
2024-01-08 21:42:04,8.98,4.93
2024-01-08 21:44:30,9.1,4.85
2024-01-08 21:46:56,10.2,4.55
2024-01-08 21:49:22,6.68,4.05
2024-01-08 21:51:48,11.48,5.3
2024-01-08 21:54:14,11.1,5.63
2024-01-08 21:56:40,11.02,5.55
2024-01-08 21:59:06,9.43,5.45
2024-01-08 22:01:32,10.93,6.05
2024-01-08 22:03:59,14.35,5.78
2024-01-08 22:06:25,10.63,5.63
2024-01-08 22:08:51,10.35,5.57
2024-01-08 22:11:17,8.52,4.97
2024-01-08 22:13:43,11.52,5.85
2024-01-08 22:16:10,11.1,5.9
2024-01-08 22:18:38,11.15,6.25
2024-01-08 22:21:05,10.2,6.25
2024-01-08 22:23:31,11.68,5.65
2024-01-08 22:25:57,9.43,5.13
2024-01-08 22:28:23,8.52,4.88
2024-01-08 22:30:49,12.32,5.65
2024-01-08 22:33:15,8.9,5.1
2024-01-08 22:35:41,8.5,5.43
2024-01-08 22:38:07,10.05,5.68
2024-01-08 22:40:33,10.82,5.32
2024-01-08 22:42:59,10.6,5.8
2024-01-08 22:45:25,11.63,5.57
2024-01-08 22:47:51,10.57,5.55
2024-01-08 22:50:18,11.07,5.95
2024-01-08 22:52:44,9.18,5.18
2024-01-08 22:55:10,10.27,5.53
2024-01-08 22:57:36,10.85,6.22
2024-01-08 23:00:04,9.55,5.88
2024-01-08 23:02:32,10.05,5.5
2024-01-08 23:04:59,10.57,6.0
2024-01-08 23:07:25,11.63,6.6
2024-01-08 23:09:51,10.32,5.38
2024-01-08 23:12:17,9.65,5.28
2024-01-08 23:14:43,9.57,5.6
2024-01-08 23:17:09,8.8,6.05
2024-01-08 23:19:35,11.52,6.35
2024-01-08 23:22:01,10.93,6.22
2024-01-08 23:24:27,12.23,6.9
2024-01-08 23:26:56,9.52,5.0
2024-01-08 23:29:25,11.8,6.03
2024-01-08 23:31:51,11.7,6.1
2024-01-08 23:34:18,13.35,6.8
2024-01-08 23:36:44,13.35,6.3
2024-01-08 23:39:10,11.63,6.5
2024-01-08 23:41:36,11.3,6.95
2024-01-08 23:44:02,13.25,6.9
2024-01-08 23:46:28,14.2,7.1
2024-01-08 23:48:54,16.45,7.72
2024-01-08 23:51:20,13.7,7.38
2024-01-08 23:53:46,16.63,8.35
2024-01-08 23:56:12,15.18,7.03
2024-01-08 23:58:38,13.9,7.68
2024-01-09 00:01:04,15.05,7.3
2024-01-09 00:03:30,15.93,7.65
2024-01-09 00:05:56,16.85,7.57
2024-01-09 00:08:22,12.93,6.82
2024-01-09 00:10:49,13.8,6.95
2024-01-09 00:13:15,16.7,8.23
2024-01-09 00:15:41,14.5,8.27
2024-01-09 00:18:07,16.33,8.0
2024-01-09 00:20:33,19.92,8.48
2024-01-09 00:22:59,16.05,7.7
2024-01-09 00:25:25,15.38,7.88
2024-01-09 00:27:51,16.33,8.1
2024-01-09 00:30:17,16.9,8.27
2024-01-09 00:32:44,10.25,7.28
2024-01-09 00:35:14,16.85,7.5
2024-01-09 00:37:40,15.35,8.4
2024-01-09 00:40:07,12.6,7.43
2024-01-09 00:42:33,14.93,7.32
2024-01-09 00:44:59,16.3,8.15
2024-01-09 00:47:27,13.5,7.63
2024-01-09 00:49:54,14.2,6.95
2024-01-09 00:52:20,13.1,5.82
2024-01-09 00:54:47,14.13,7.93
2024-01-09 00:57:13,12.65,6.5
2024-01-09 00:59:39,12.88,7.25
2024-01-09 01:02:05,13.95,8.18
2024-01-09 01:04:31,12.82,7.43
2024-01-09 01:06:57,14.8,7.15
2024-01-09 01:09:23,12.43,6.18
2024-01-09 01:11:49,12.8,7.0
2024-01-09 01:14:15,12.2,6.28
2024-01-09 01:16:41,11.52,5.85
2024-01-09 01:19:07,14.57,6.82
2024-01-09 01:21:33,15.32,5.97
2024-01-09 01:23:59,9.48,5.8
2024-01-09 01:26:25,13.25,6.97
2024-01-09 01:28:51,11.57,6.65
2024-01-09 01:31:18,13.1,6.72
2024-01-09 01:33:44,12.2,6.18
2024-01-09 01:36:14,12.95,7.0
2024-01-09 01:38:41,12.52,6.8
2024-01-09 01:41:07,13.0,5.65
2024-01-09 01:43:33,11.73,6.28
2024-01-09 01:45:59,13.5,6.68
2024-01-09 01:48:25,14.13,7.05
2024-01-09 01:50:51,11.2,6.32
2024-01-09 01:53:17,12.15,5.85
2024-01-09 01:55:44,14.13,6.63
2024-01-09 01:58:11,12.93,6.7
2024-01-09 02:00:37,11.15,5.38
2024-01-09 02:03:03,12.23,7.05
2024-01-09 02:05:30,11.52,6.47
2024-01-09 02:07:56,13.63,6.1
2024-01-09 02:10:23,9.8,5.7
2024-01-09 02:12:50,10.73,6.5
2024-01-09 02:15:16,13.0,6.13
2024-01-09 02:17:42,12.3,5.88
2024-01-09 02:20:11,13.88,5.97
2024-01-09 02:22:37,13.2,6.55
2024-01-09 02:25:03,12.93,6.15
2024-01-09 02:27:31,11.43,6.05
2024-01-09 02:29:58,12.82,6.15
2024-01-09 02:32:25,14.52,6.47
2024-01-09 02:34:51,8.85,4.85
2024-01-09 02:37:18,13.02,6.9
2024-01-09 02:39:44,11.5,6.57
2024-01-09 02:42:10,12.4,5.93
2024-01-09 02:44:38,10.68,6.0
2024-01-09 02:47:04,15.32,6.68
2024-01-09 02:49:30,13.2,6.18
2024-01-09 02:51:56,10.82,5.3
2024-01-09 02:54:22,8.05,4.68
2024-01-09 02:56:48,11.7,5.07
2024-01-09 02:59:15,10.98,6.13
2024-01-09 03:01:41,11.63,6.15
2024-01-09 03:04:07,10.55,5.85
2024-01-09 03:06:33,12.65,6.25
2024-01-09 03:08:59,13.55,6.63
2024-01-09 03:11:25,11.48,5.53
2024-01-09 03:13:51,11.93,6.1
2024-01-09 03:16:17,12.75,5.63
2024-01-09 03:18:43,11.4,5.7
2024-01-09 03:21:10,12.7,5.75
2024-01-09 03:23:36,12.65,6.2
2024-01-09 03:26:02,14.15,7.15
2024-01-09 03:28:28,9.93,5.75
2024-01-09 03:30:54,10.75,5.55
2024-01-09 03:33:21,14.25,5.97
2024-01-09 03:35:47,13.3,6.68
2024-01-09 03:38:13,11.68,5.72
2024-01-09 03:40:39,9.6,5.25
2024-01-09 03:43:05,9.5,5.05
2024-01-09 03:45:31,13.65,5.63
2024-01-09 03:47:58,11.32,5.85
2024-01-09 03:50:24,10.4,5.47
2024-01-09 03:52:50,11.43,6.35
2024-01-09 03:55:16,10.98,5.82
2024-01-09 03:57:42,14.48,6.78
2024-01-09 04:00:09,10.88,5.18
2024-01-09 04:02:35,9.15,5.38
2024-01-09 04:05:01,11.88,5.55
2024-01-09 04:07:27,13.73,5.9
2024-01-09 04:09:53,11.82,5.63
2024-01-09 04:12:19,13.63,6.63
2024-01-09 04:14:46,10.68,5.65
2024-01-09 04:17:12,12.57,6.03
2024-01-09 04:19:38,10.3,4.9
2024-01-09 04:22:04,10.02,5.4
2024-01-09 04:24:31,11.95,6.75
2024-01-09 04:26:57,11.4,5.28
2024-01-09 04:29:23,12.6,6.13
2024-01-09 04:31:49,10.32,5.1
2024-01-09 04:34:15,12.0,6.18
2024-01-09 04:36:41,9.68,5.28
2024-01-09 04:39:08,19.42,6.57
2024-01-09 04:41:34,15.52,7.13
2024-01-09 04:44:00,13.6,6.55
2024-01-09 04:46:26,11.27,6.15
2024-01-09 04:48:52,12.35,6.38
2024-01-09 04:51:18,13.23,6.57
2024-01-09 04:53:44,13.73,5.88
2024-01-09 04:56:10,12.65,6.47
2024-01-09 04:58:36,12.95,6.1
2024-01-09 05:01:02,14.77,7.1
2024-01-09 05:03:28,12.7,6.25
2024-01-09 05:05:54,10.85,5.28
2024-01-09 05:08:20,10.13,5.5
2024-01-09 05:10:46,16.58,5.93
2024-01-09 05:13:13,12.82,6.13
2024-01-09 05:15:39,9.88,5.05
2024-01-09 05:18:05,9.9,5.43
2024-01-09 05:20:31,12.23,5.9
2024-01-09 05:22:57,13.5,6.43
2024-01-09 05:25:23,11.82,5.97
2024-01-09 05:27:49,13.77,6.0
2024-01-09 05:30:15,12.52,5.65
2024-01-09 05:32:41,10.88,5.4
2024-01-09 05:35:09,13.25,6.25
2024-01-09 05:37:35,12.02,5.43
2024-01-09 05:40:01,13.68,6.95
2024-01-09 05:42:29,11.6,5.57
2024-01-09 05:44:55,11.32,6.3
2024-01-09 05:47:21,10.9,5.43
2024-01-09 05:49:47,11.85,6.35
2024-01-09 05:52:13,11.25,5.45
2024-01-09 05:54:43,12.1,5.93
2024-01-09 05:57:10,9.77,6.15
2024-01-09 05:59:36,12.68,5.93
2024-01-09 06:02:03,13.27,7.0
2024-01-09 06:04:29,13.75,6.78
2024-01-09 06:06:55,9.95,6.25
2024-01-09 06:09:21,11.4,6.1
2024-01-09 06:11:47,12.82,6.03
2024-01-09 06:14:13,12.95,6.28
2024-01-09 06:16:39,10.27,5.25
2024-01-09 06:19:06,11.98,6.53
2024-01-09 06:21:32,13.18,5.9
2024-01-09 06:23:58,17.3,6.78
2024-01-09 06:26:24,9.6,5.88
2024-01-09 06:28:50,10.98,6.18
2024-01-09 06:31:16,13.4,5.9
2024-01-09 06:33:42,14.48,5.85
2024-01-09 06:36:08,14.25,6.6
2024-01-09 06:38:34,13.07,5.57
2024-01-09 06:41:00,14.8,6.38
2024-01-09 06:43:27,11.1,6.32
2024-01-09 06:45:53,12.0,5.95
2024-01-09 06:48:19,10.6,5.25
2024-01-09 06:50:45,11.65,5.4
2024-01-09 06:53:11,15.48,6.45
2024-01-09 06:55:37,15.48,6.5
2024-01-09 06:58:03,11.07,5.3
2024-01-09 07:00:29,13.57,5.35
2024-01-09 07:02:55,10.98,6.22
2024-01-09 07:05:22,9.9,5.47
2024-01-09 07:07:48,11.3,5.82
2024-01-09 07:10:14,11.07,5.35
2024-01-09 07:12:40,9.3,5.53
2024-01-09 07:15:06,8.82,4.97
2024-01-09 07:17:34,17.83,7.25
2024-01-09 07:20:00,13.23,5.63
2024-01-09 07:22:27,12.95,6.1
2024-01-09 07:24:53,13.02,6.35
2024-01-09 07:27:19,11.1,5.4
2024-01-09 07:29:45,13.45,6.18
2024-01-09 07:32:11,12.75,6.68
2024-01-09 07:34:37,12.27,6.13
2024-01-09 07:37:03,13.77,6.03
2024-01-09 07:39:29,11.32,6.07
2024-01-09 07:41:55,10.2,5.88
2024-01-09 07:44:21,12.77,6.6
2024-01-09 07:46:47,14.32,7.35
2024-01-09 07:49:14,14.5,7.15
2024-01-09 07:51:40,12.6,6.15
2024-01-09 07:54:06,12.82,6.4
2024-01-09 07:56:32,13.05,6.25
2024-01-09 07:58:58,14.73,6.45
2024-01-09 08:01:24,11.63,6.03
2024-01-09 08:03:52,11.48,5.78
2024-01-09 08:06:18,13.52,6.13
2024-01-09 08:08:44,15.0,6.3
2024-01-09 08:11:10,11.0,5.7
2024-01-09 08:13:36,10.63,6.18
2024-01-09 08:16:02,15.6,6.22
2024-01-09 08:18:28,10.18,5.9
2024-01-09 08:20:55,18.38,6.93
2024-01-09 08:23:22,11.18,5.8
2024-01-09 08:25:49,13.02,6.75
2024-01-09 08:28:15,11.5,5.82
2024-01-09 08:30:41,12.38,5.85
2024-01-09 08:33:07,12.35,6.55
2024-01-09 08:35:34,11.5,6.03
2024-01-09 08:38:00,10.93,5.07
2024-01-09 08:40:26,17.33,6.85
2024-01-09 08:42:52,12.82,6.4
2024-01-09 08:45:18,12.18,6.35
2024-01-09 08:47:44,11.57,6.32
2024-01-09 08:50:10,11.13,5.88
2024-01-09 08:52:36,14.55,5.6
2024-01-09 08:55:03,12.15,5.9
2024-01-09 08:57:29,11.38,5.9
2024-01-09 08:59:55,10.5,5.55
2024-01-09 09:02:22,10.8,5.65
2024-01-09 09:04:49,17.55,5.97
2024-01-09 09:07:16,12.93,6.15
2024-01-09 09:09:43,12.57,5.93
2024-01-09 09:12:09,11.55,6.38
2024-01-09 09:14:35,11.43,5.88
2024-01-09 09:17:02,10.55,6.25
2024-01-09 09:19:28,12.93,6.25
2024-01-09 09:21:56,11.35,5.63
2024-01-09 09:24:22,10.55,5.82
2024-01-09 09:26:48,10.1,6.18
2024-01-09 09:29:14,17.4,5.85
2024-01-09 09:31:40,11.65,7.05
2024-01-09 09:34:06,15.6,5.97
2024-01-09 09:36:33,13.63,6.5
2024-01-09 09:38:59,12.2,5.88
2024-01-09 09:41:25,15.82,6.53
2024-01-09 09:43:55,16.65,6.6
2024-01-09 09:46:25,12.13,5.97
2024-01-09 09:48:52,12.3,6.2
2024-01-09 09:51:22,11.95,5.93
2024-01-09 09:53:48,11.93,6.18
2024-01-09 09:56:15,15.48,6.0
2024-01-09 09:58:41,14.7,6.75
2024-01-09 10:01:11,23.35,9.48
2024-01-09 10:03:40,15.68,7.45
2024-01-09 10:06:09,12.93,6.28
2024-01-09 10:08:37,15.55,6.63
2024-01-09 10:11:04,13.55,6.3
2024-01-09 10:13:30,12.0,6.9
2024-01-09 10:18:22,15.13,7.57
2024-01-09 10:20:48,13.98,7.75
2024-01-09 10:23:15,14.02,7.35
2024-01-09 10:25:41,13.82,6.95
2024-01-09 10:28:08,15.1,7.53
2024-01-09 10:30:40,13.07,6.5
2024-01-09 10:33:09,19.6,8.35
2024-01-09 10:35:36,13.55,6.68
2024-01-09 10:38:02,12.18,6.75
2024-01-09 10:40:29,17.2,7.88
2024-01-09 10:42:55,16.95,7.2
2024-01-09 10:45:25,15.63,7.7
2024-01-09 10:47:52,12.23,6.5
2024-01-09 10:50:21,16.6,7.15
2024-01-09 10:52:47,16.92,7.68
2024-01-09 10:55:17,13.9,6.47
2024-01-09 10:57:44,15.73,7.45
2024-01-09 11:00:11,14.25,6.9
2024-01-09 11:02:37,13.55,7.0
2024-01-09 11:05:04,19.45,8.3
2024-01-09 11:07:31,14.5,7.35
2024-01-09 11:10:01,16.33,6.25
2024-01-09 11:12:39,14.43,7.15
2024-01-09 11:15:10,23.77,7.75
2024-01-09 11:17:38,13.3,7.45
2024-01-09 11:20:05,19.27,7.45
2024-01-09 11:22:35,16.27,7.47
2024-01-09 11:25:02,12.38,6.7
2024-01-09 11:27:37,11.75,6.28
2024-01-09 11:30:04,17.02,7.65
2024-01-09 11:32:31,17.55,8.23
2024-01-09 11:35:17,18.5,7.35
2024-01-09 11:37:44,18.38,7.53
2024-01-09 11:40:15,13.75,6.85
2024-01-09 11:42:44,17.83,9.15
2024-01-09 11:45:11,14.13,7.9
2024-01-09 11:47:38,16.88,7.82
2024-01-09 11:50:07,14.75,7.6
2024-01-09 11:52:36,13.13,6.47
2024-01-09 11:55:05,15.93,7.45
2024-01-09 11:57:33,15.0,7.8
2024-01-09 12:00:03,17.3,6.93
2024-01-09 12:02:30,15.9,7.53
2024-01-09 12:04:58,12.73,7.65
2024-01-09 12:07:25,15.35,7.75
2024-01-09 12:09:51,19.77,8.9
2024-01-09 12:12:21,18.27,8.4
2024-01-09 12:14:54,17.63,8.27
2024-01-09 12:17:21,17.55,9.32
2024-01-09 12:19:53,16.85,7.85
2024-01-09 12:22:20,16.08,8.25
2024-01-09 12:24:47,14.65,6.18
2024-01-09 12:27:14,15.77,7.75
2024-01-09 12:29:40,14.95,7.18
2024-01-09 12:32:08,20.95,9.25
2024-01-09 12:34:34,12.82,7.6
2024-01-09 12:37:01,20.08,8.5
2024-01-09 12:39:31,18.02,9.18
2024-01-09 12:42:10,19.48,8.25
2024-01-09 12:44:37,23.77,8.38
2024-01-09 12:47:03,16.63,9.77
2024-01-09 12:49:29,15.13,8.45
2024-01-09 12:51:55,18.8,9.52
2024-01-09 12:54:22,20.58,9.68
2024-01-09 12:56:48,18.02,9.68
2024-01-09 12:59:14,18.98,10.52
2024-01-09 13:01:48,21.7,9.77
2024-01-09 13:04:14,21.6,10.25
2024-01-09 13:06:40,19.02,9.93
2024-01-09 13:09:07,23.0,10.45
2024-01-09 13:11:35,22.33,9.43
2024-01-09 13:14:01,22.5,11.13
2024-01-09 13:16:30,19.8,9.38
2024-01-09 13:18:56,21.85,10.13
2024-01-09 13:21:22,23.08,12.25
2024-01-09 13:23:48,22.4,10.48
2024-01-09 13:26:15,26.63,12.43
2024-01-09 13:28:41,19.48,9.6
2024-01-09 13:31:07,20.13,9.68
2024-01-09 13:33:35,22.58,10.15
2024-01-09 13:36:01,20.6,10.35
2024-01-09 13:38:28,24.25,11.3
2024-01-09 13:40:54,25.88,11.73
2024-01-09 13:43:20,27.05,11.02
2024-01-09 13:45:47,20.8,10.25
2024-01-09 13:48:15,28.27,12.13
2024-01-09 13:50:41,24.55,10.85
2024-01-09 13:53:08,23.67,11.13
2024-01-09 13:55:34,26.85,11.77
2024-01-09 13:58:00,22.73,11.88
2024-01-09 14:00:26,27.05,10.57
2024-01-09 14:02:52,24.38,12.07
2024-01-09 14:05:18,20.75,10.73
2024-01-09 14:07:44,21.73,10.43
2024-01-09 14:10:11,26.95,11.45
2024-01-09 14:12:38,28.83,12.4
2024-01-09 14:15:04,25.23,10.85
2024-01-09 14:17:33,30.42,11.75
2024-01-09 14:19:59,27.75,13.25
2024-01-09 14:22:25,24.83,11.38
2024-01-09 14:24:51,26.88,11.13
2024-01-09 14:27:21,28.92,12.5
2024-01-09 14:29:47,28.0,13.43
2024-01-09 14:32:16,27.67,12.55
2024-01-09 14:34:42,23.17,11.73
2024-01-09 14:37:08,26.88,12.6
2024-01-09 14:39:35,21.5,10.93
2024-01-09 14:42:01,31.17,10.88
2024-01-09 14:44:28,22.27,10.93
2024-01-09 14:46:54,26.77,11.25
2024-01-09 14:49:24,23.98,11.25
2024-01-09 14:51:50,21.35,10.73
2024-01-09 14:54:17,19.1,10.6
2024-01-09 14:56:47,27.0,12.77
2024-01-09 14:59:13,25.67,10.45
2024-01-09 15:01:40,28.05,11.32
2024-01-09 15:04:06,23.33,10.85
2024-01-09 15:06:32,21.2,10.15
2024-01-09 15:08:58,25.92,11.48
2024-01-09 15:11:24,23.85,10.18
2024-01-09 15:13:50,23.88,10.57
2024-01-09 15:16:17,23.73,10.7
2024-01-09 15:18:43,22.45,10.85
2024-01-09 15:21:15,27.8,10.57
2024-01-09 15:23:42,22.98,10.9
2024-01-09 15:26:08,27.02,11.3
2024-01-09 15:28:34,26.17,12.23
2024-01-09 15:31:01,25.4,12.0
2024-01-09 15:33:28,21.98,11.25
2024-01-09 15:35:54,25.33,11.2
2024-01-09 15:38:20,23.45,10.65
2024-01-09 15:40:46,23.2,11.7
2024-01-09 15:43:13,26.77,11.18
2024-01-09 15:45:39,22.83,11.5
2024-01-09 15:48:07,20.5,9.38
2024-01-09 15:50:33,21.5,10.02
2024-01-09 15:52:59,23.77,11.07
2024-01-09 15:55:25,15.27,8.73
2024-01-09 15:57:52,21.0,9.57
2024-01-09 16:00:19,21.55,9.43
2024-01-09 16:02:46,24.4,9.73
2024-01-09 16:05:12,21.0,10.18
2024-01-09 16:07:38,25.27,11.77
2024-01-09 16:10:05,24.95,9.77
2024-01-09 16:12:32,21.5,10.13
2024-01-09 16:14:58,20.3,10.65
2024-01-09 16:17:24,21.25,10.52
2024-01-09 16:19:50,20.85,9.63
2024-01-09 16:22:16,25.52,10.73
2024-01-09 16:24:44,26.08,10.98
2024-01-09 16:27:10,20.73,10.4
2024-01-09 16:29:36,22.6,10.75
2024-01-09 16:32:02,27.6,11.02
2024-01-09 16:34:29,22.7,11.02
2024-01-09 16:36:55,26.63,10.25
2024-01-09 16:39:22,18.88,10.9
2024-01-09 16:41:49,26.08,10.77
2024-01-09 16:44:15,21.27,9.57
2024-01-09 16:46:42,22.65,10.77
2024-01-09 16:49:08,25.85,11.0
2024-01-09 16:51:34,22.25,10.1
2024-01-09 16:54:01,21.38,10.68
2024-01-09 16:56:27,20.55,9.7
2024-01-09 16:58:53,24.77,10.55
2024-01-09 17:01:23,19.98,9.7
2024-01-09 17:03:49,20.02,10.6
2024-01-09 17:06:15,23.23,9.23
2024-01-09 17:08:42,16.67,9.35
2024-01-09 17:11:08,18.98,9.85
2024-01-09 17:13:35,19.5,9.65
2024-01-09 17:16:01,20.2,9.9
2024-01-09 17:18:28,16.95,8.6
2024-01-09 17:20:54,17.8,8.45
2024-01-09 17:23:21,20.83,9.05
2024-01-09 17:25:47,15.35,7.07
2024-01-09 17:28:15,17.6,8.02
2024-01-09 17:30:41,17.42,8.93
2024-01-09 17:33:07,17.15,8.75
2024-01-09 17:35:34,20.83,9.2
2024-01-09 17:38:00,15.23,8.63
2024-01-09 17:40:26,17.42,7.78
2024-01-09 17:42:52,19.08,9.2
2024-01-09 17:45:20,16.83,8.88
2024-01-09 17:47:46,17.27,8.02
2024-01-09 17:50:12,14.7,7.22
2024-01-09 17:52:39,17.48,7.5
2024-01-09 17:55:06,14.43,6.97
2024-01-09 17:57:32,17.98,8.43
2024-01-09 17:59:58,17.17,8.73
2024-01-09 18:02:24,19.77,9.0
2024-01-09 18:04:50,16.73,8.27
2024-01-09 18:07:16,16.67,8.93
2024-01-09 18:09:42,18.77,8.25
2024-01-09 18:12:08,14.65,8.23
2024-01-09 18:14:34,20.83,9.9
2024-01-09 18:17:01,20.55,9.77
2024-01-09 18:19:30,15.82,7.35
2024-01-09 18:21:57,17.33,8.85
2024-01-09 18:24:26,12.98,6.7
2024-01-09 18:26:53,16.25,8.15
2024-01-09 18:29:21,20.23,8.6
2024-01-09 18:31:47,18.05,8.57
2024-01-09 18:34:13,31.15,13.0
2024-01-09 18:36:42,18.4,9.98
2024-01-09 18:39:13,20.08,8.02
2024-01-09 18:41:41,30.15,13.43
2024-01-09 18:44:07,12.85,7.5
2024-01-09 18:46:33,18.55,7.82
2024-01-09 18:48:59,18.6,8.98
2024-01-09 18:51:25,13.73,6.93
2024-01-09 18:53:51,24.15,8.07
2024-01-09 18:56:21,16.4,7.8
2024-01-09 18:58:48,16.33,7.9
2024-01-09 19:01:14,18.55,8.95
2024-01-09 19:03:40,20.15,8.98
2024-01-09 19:06:06,18.55,8.0
2024-01-09 19:08:33,19.73,8.95
2024-01-09 19:10:59,16.65,8.98
2024-01-09 19:13:26,19.85,8.6
2024-01-09 19:15:53,20.27,8.4
2024-01-09 19:18:19,22.75,8.05
2024-01-09 19:20:45,19.73,7.7
2024-01-09 19:23:11,14.68,7.82
2024-01-09 19:25:37,16.08,8.45
2024-01-09 19:28:03,20.88,7.25
2024-01-09 19:30:30,21.38,7.9
2024-01-09 19:32:56,20.15,8.0
2024-01-09 19:35:22,14.85,6.9
2024-01-09 19:37:48,17.63,7.32
2024-01-09 19:40:14,11.75,6.4
2024-01-09 19:42:41,15.07,8.02
2024-01-09 19:45:07,16.52,7.45
2024-01-09 19:47:33,16.58,6.75
2024-01-09 19:49:59,15.63,7.32
2024-01-09 19:52:26,14.68,5.82
2024-01-09 19:54:52,18.23,7.18
2024-01-09 19:57:18,22.27,7.25
2024-01-09 19:59:45,20.2,8.13
2024-01-09 20:02:11,17.2,7.63
2024-01-09 20:04:40,16.05,7.0
2024-01-09 20:07:06,15.52,7.85
2024-01-09 20:09:32,17.67,6.6
2024-01-09 20:11:59,14.52,6.53
2024-01-09 20:14:27,14.05,6.63
2024-01-09 20:16:53,12.38,5.75
2024-01-09 20:19:19,14.32,6.18
2024-01-09 20:21:45,11.73,5.2
2024-01-09 20:24:12,11.38,5.47
2024-01-09 20:26:38,10.65,5.9
2024-01-09 20:29:04,10.43,5.32
2024-01-09 20:31:31,9.57,5.15
2024-01-09 20:34:02,9.15,5.22
2024-01-09 20:36:30,12.43,5.78
2024-01-09 20:38:57,13.68,5.97
2024-01-09 20:41:26,13.13,6.38
2024-01-09 20:43:52,12.32,5.75
2024-01-09 20:46:18,11.23,6.38
2024-01-09 20:48:44,13.07,4.88
2024-01-09 20:51:10,9.55,4.78
2024-01-09 20:53:36,12.6,5.65
2024-01-09 20:56:03,12.73,5.18
2024-01-09 20:58:30,10.25,4.8
2024-01-09 21:00:56,13.4,5.4
2024-01-09 21:03:22,9.27,4.57
2024-01-09 21:05:52,10.05,4.78
2024-01-09 21:08:18,13.48,7.25
2024-01-09 21:10:44,12.27,5.65
2024-01-09 21:13:10,10.9,4.4
2024-01-09 21:15:37,9.6,4.97
2024-01-09 21:18:06,9.82,4.22
2024-01-09 21:20:32,10.85,5.0
2024-01-09 21:22:58,14.57,5.22
2024-01-09 21:25:24,14.18,4.7
2024-01-09 21:27:50,13.55,4.55
2024-01-09 21:30:17,15.52,4.95
2024-01-09 21:32:43,10.23,5.18
2024-01-09 21:35:09,10.25,4.75
2024-01-09 21:37:36,9.3,4.2
2024-01-09 21:40:04,9.77,4.15
2024-01-09 21:42:30,9.45,4.5
2024-01-09 21:44:56,10.07,5.05
2024-01-09 21:47:22,8.63,4.75
2024-01-09 21:49:49,10.27,4.28
2024-01-09 21:52:16,10.07,4.9
2024-01-09 21:54:42,9.65,4.03
2024-01-09 21:57:08,10.48,4.75
2024-01-09 21:59:35,14.43,4.93
2024-01-09 22:02:03,8.88,3.92
2024-01-09 22:04:29,36.55,14.68
2024-01-09 22:06:55,8.88,4.53
2024-01-09 22:09:21,12.77,5.6
2024-01-09 22:11:47,12.8,6.88
2024-01-09 22:14:14,14.68,5.6
2024-01-09 22:16:40,12.13,5.95
2024-01-09 22:19:06,12.02,6.25
2024-01-09 22:21:32,7.88,4.28
2024-01-09 22:23:58,10.45,5.3
2024-01-09 22:26:25,9.27,5.25
2024-01-09 22:28:51,9.73,4.18
2024-01-09 22:31:17,11.48,5.03
2024-01-09 22:33:44,14.43,5.25
2024-01-09 22:36:11,11.02,5.05
2024-01-09 22:38:37,9.52,4.93
2024-01-09 22:41:04,10.27,4.55
2024-01-09 22:43:30,10.77,5.47
2024-01-09 22:45:56,9.95,4.8
2024-01-09 22:48:22,11.13,4.68
2024-01-09 22:50:48,14.27,5.7
2024-01-09 22:53:15,7.28,4.53
2024-01-09 22:55:41,10.43,5.3
2024-01-09 22:58:07,9.02,4.13
2024-01-09 23:00:33,10.23,5.57
2024-01-09 23:03:00,12.57,5.07
2024-01-09 23:05:26,9.77,4.65
2024-01-09 23:07:52,8.05,3.8
2024-01-09 23:10:19,12.18,4.9
2024-01-09 23:12:45,10.52,5.05
2024-01-09 23:15:12,11.45,5.2
2024-01-09 23:17:38,13.32,4.25
2024-01-09 23:20:04,6.3,3.65
2024-01-09 23:22:33,11.93,4.3
2024-01-09 23:25:01,11.55,4.63
2024-01-09 23:27:27,11.3,4.07
2024-01-09 23:29:53,7.9,4.1
2024-01-09 23:32:19,10.77,5.2
2024-01-09 23:34:45,11.7,5.18
2024-01-09 23:37:11,12.48,5.1
2024-01-09 23:39:38,10.65,4.45
2024-01-09 23:42:04,7.13,3.9
2024-01-09 23:44:31,7.2,3.67
2024-01-09 23:46:57,8.02,3.65
2024-01-09 23:49:23,10.45,4.65
2024-01-09 23:51:49,10.9,3.8
2024-01-09 23:54:15,8.18,3.88
2024-01-09 23:56:41,6.93,3.47
2024-01-09 23:59:07,8.05,4.13
2024-01-10 00:01:34,9.52,4.55
2024-01-10 00:04:00,8.82,4.4
2024-01-10 00:06:26,15.0,4.72
2024-01-10 00:08:52,14.1,4.22
2024-01-10 00:11:18,9.15,4.07
2024-01-10 00:13:44,7.32,4.32
2024-01-10 00:16:13,7.6,3.47
2024-01-10 00:18:40,8.43,3.65
2024-01-10 00:21:06,7.82,3.85
2024-01-10 00:23:33,11.8,4.2
2024-01-10 00:25:59,7.05,3.35
2024-01-10 00:28:26,8.07,4.07
2024-01-10 00:30:52,7.75,3.53
2024-01-10 00:33:18,9.32,4.43
2024-01-10 00:35:44,8.68,4.18
2024-01-10 00:38:10,11.25,4.6
2024-01-10 00:40:36,8.4,4.13
2024-01-10 00:43:02,8.18,3.8
2024-01-10 00:45:29,7.8,3.9
2024-01-10 00:47:56,9.0,3.85
2024-01-10 00:50:22,8.57,4.45
2024-01-10 00:52:48,9.55,4.32
2024-01-10 00:55:14,8.68,4.4
2024-01-10 00:57:40,8.52,3.88
2024-01-10 01:00:07,8.0,3.97
2024-01-10 01:02:34,7.95,4.22
2024-01-10 01:05:00,11.02,3.88
2024-01-10 01:07:26,20.02,3.8
2024-01-10 01:09:52,9.63,4.55
2024-01-10 01:12:18,8.57,4.1
2024-01-10 01:14:45,11.3,3.85
2024-01-10 01:17:11,7.8,3.83
2024-01-10 01:19:37,9.15,4.85
2024-01-10 01:22:03,16.5,4.63
2024-01-10 01:24:29,8.15,4.65
2024-01-10 01:26:55,7.5,4.35
2024-01-10 01:29:21,8.32,4.28
2024-01-10 01:31:47,6.47,3.42
2024-01-10 01:34:13,8.13,4.13
2024-01-10 01:36:39,11.23,4.45
2024-01-10 01:39:05,8.57,3.88
2024-01-10 01:41:32,9.48,4.25
2024-01-10 01:43:58,8.32,4.38
2024-01-10 01:46:24,7.97,4.03
2024-01-10 01:48:50,11.95,4.63
2024-01-10 01:51:17,13.57,4.97
2024-01-10 01:53:44,10.52,4.0
2024-01-10 01:56:11,9.57,3.83
2024-01-10 01:58:38,6.88,4.18
2024-01-10 02:01:05,9.13,4.5
2024-01-10 02:03:31,10.32,4.6
2024-01-10 02:05:58,9.82,4.15
2024-01-10 02:08:24,6.15,3.8
2024-01-10 02:10:50,11.57,6.35
2024-01-10 02:13:17,11.7,5.38
2024-01-10 02:15:43,7.65,4.68
2024-01-10 02:18:09,8.85,4.43
2024-01-10 02:20:38,8.05,4.3
2024-01-10 02:23:04,7.75,4.05
2024-01-10 02:25:30,11.35,4.78
2024-01-10 02:27:56,8.15,4.15
2024-01-10 02:30:22,9.35,4.93
2024-01-10 02:32:48,8.25,3.95
2024-01-10 02:35:14,7.32,4.25
2024-01-10 02:37:41,10.55,5.1
2024-01-10 02:40:07,8.32,4.2
2024-01-10 02:42:33,9.35,4.3
2024-01-10 02:44:59,9.43,4.88
2024-01-10 02:47:25,8.13,3.9
2024-01-10 02:49:54,8.4,3.63
2024-01-10 02:52:20,9.1,4.57
2024-01-10 02:54:46,10.15,4.18
2024-01-10 02:57:12,6.13,3.63
2024-01-10 02:59:38,6.6,3.4
2024-01-10 03:02:04,11.05,4.75
2024-01-10 03:04:30,8.85,3.8
2024-01-10 03:06:56,8.32,4.18
2024-01-10 03:09:23,9.73,5.05
2024-01-10 03:11:49,7.2,3.6
2024-01-10 03:14:15,9.73,3.7
2024-01-10 03:16:41,8.4,4.55
2024-01-10 03:19:07,7.13,3.53
2024-01-10 03:21:33,9.35,4.0
2024-01-10 03:24:00,9.85,4.4
2024-01-10 03:26:27,6.88,4.43
2024-01-10 03:28:53,9.27,3.78
2024-01-10 03:31:19,7.85,3.38
2024-01-10 03:33:45,9.2,3.58
2024-01-10 03:36:12,6.75,3.72
2024-01-10 03:38:39,5.6,3.6
2024-01-10 03:41:05,9.65,4.2
2024-01-10 03:43:31,11.32,3.88
2024-01-10 03:45:58,8.35,3.7
2024-01-10 03:48:24,7.6,3.6
2024-01-10 03:50:50,7.8,3.58
2024-01-10 03:53:16,7.13,3.85
2024-01-10 03:55:42,9.0,4.47
2024-01-10 03:58:08,10.0,4.57
2024-01-10 04:00:34,9.02,4.3
2024-01-10 04:03:00,7.75,4.07
2024-01-10 04:05:27,8.6,4.25
2024-01-10 04:07:53,12.3,4.25
2024-01-10 04:10:22,8.63,4.4
2024-01-10 04:12:48,10.0,4.47
2024-01-10 04:15:14,11.38,5.4
2024-01-10 04:17:42,7.7,3.72
2024-01-10 04:20:08,10.57,4.3
2024-01-10 04:22:35,9.65,4.25
2024-01-10 04:25:01,10.13,4.82
2024-01-10 04:27:27,7.9,3.85
2024-01-10 04:29:53,11.02,4.45
2024-01-10 04:32:20,10.82,4.6
2024-01-10 04:34:46,10.1,4.55
2024-01-10 04:37:12,8.7,4.07
2024-01-10 04:39:39,7.8,3.65
2024-01-10 04:42:07,9.3,4.82
2024-01-10 04:44:34,7.43,3.88
2024-01-10 04:47:00,9.2,3.72
2024-01-10 04:49:26,10.85,5.03
2024-01-10 04:51:52,8.52,3.97
2024-01-10 04:54:18,10.55,4.25
2024-01-10 04:56:44,9.68,4.7
2024-01-10 04:59:10,8.55,4.28
2024-01-10 05:01:36,10.0,3.88
2024-01-10 05:04:02,8.05,3.9
2024-01-10 05:06:28,9.27,4.5
2024-01-10 05:08:54,12.63,5.32
2024-01-10 05:11:24,9.8,4.85
2024-01-10 05:13:54,8.63,5.13
2024-01-10 05:16:20,11.7,5.28
2024-01-10 05:18:46,7.32,4.15
2024-01-10 05:21:12,7.57,3.92
2024-01-10 05:23:38,8.7,4.35
2024-01-10 05:26:05,9.32,4.75
2024-01-10 05:28:31,9.98,4.95
2024-01-10 05:30:58,10.3,4.68
2024-01-10 05:33:24,10.23,5.07
2024-01-10 05:35:51,9.68,5.2
2024-01-10 05:38:17,8.68,4.0
2024-01-10 05:40:43,14.82,5.47
2024-01-10 05:43:09,9.07,4.25
2024-01-10 05:45:35,10.68,4.85
2024-01-10 05:48:02,9.23,4.68
2024-01-10 05:50:28,12.8,5.55
2024-01-10 05:52:55,10.55,4.53
2024-01-10 05:55:21,9.27,4.72
2024-01-10 05:57:48,12.9,5.47
2024-01-10 06:00:14,8.23,4.53
2024-01-10 06:02:41,9.0,4.43
2024-01-10 06:05:11,8.0,4.55
2024-01-10 06:07:37,12.23,4.8
2024-01-10 06:10:04,8.63,4.28
2024-01-10 06:12:30,9.85,4.65
2024-01-10 06:14:56,10.77,4.45
2024-01-10 06:17:22,9.77,4.78
2024-01-10 06:19:49,12.57,4.93
2024-01-10 06:22:15,11.25,4.72
2024-01-10 06:24:41,13.25,5.93
2024-01-10 06:27:07,11.68,4.68
2024-01-10 06:29:35,14.93,5.55
2024-01-10 06:32:01,15.48,6.47
2024-01-10 06:34:28,21.55,5.22
2024-01-10 06:36:54,11.63,5.8
2024-01-10 06:39:20,8.77,4.5
2024-01-10 06:41:46,11.4,5.45
2024-01-10 06:44:12,11.07,4.85
2024-01-10 06:46:38,12.05,5.68
2024-01-10 06:49:04,12.1,5.25
2024-01-10 06:51:32,12.32,5.43
2024-01-10 06:53:58,11.9,5.15
2024-01-10 06:56:33,10.05,4.3
2024-01-10 06:59:00,11.05,5.3
2024-01-10 07:01:26,9.75,4.82
2024-01-10 07:03:53,13.9,5.9
2024-01-10 07:06:20,15.55,6.9
2024-01-10 07:08:47,21.95,6.55
2024-01-10 07:11:14,11.4,5.7
2024-01-10 07:13:40,11.38,5.22
2024-01-10 07:16:07,10.75,5.47
2024-01-10 07:18:33,13.1,6.0
2024-01-10 07:20:59,11.07,5.15
2024-01-10 07:23:26,13.5,5.63
2024-01-10 07:25:52,14.15,6.22
2024-01-10 07:28:18,12.23,6.3
2024-01-10 07:30:45,11.85,5.63
2024-01-10 07:33:11,13.65,4.93
2024-01-10 07:35:37,12.13,5.4
2024-01-10 07:38:06,13.43,5.95
2024-01-10 07:40:33,13.5,6.05
2024-01-10 07:42:59,14.07,5.45
2024-01-10 07:45:25,9.95,4.7
2024-01-10 07:47:51,11.1,5.78
2024-01-10 07:50:18,15.6,5.63
2024-01-10 07:52:44,14.77,5.75
2024-01-10 07:55:13,12.0,5.9
2024-01-10 07:57:41,10.2,5.53
2024-01-10 08:00:10,16.4,5.43
2024-01-10 08:02:37,10.63,4.95
2024-01-10 08:05:04,10.95,5.53
2024-01-10 08:07:38,11.68,5.47
2024-01-10 08:10:07,11.4,5.15
2024-01-10 08:12:38,14.02,5.93
2024-01-10 08:15:06,11.6,5.7
2024-01-10 08:17:32,12.8,5.38
2024-01-10 08:19:59,12.02,5.3
2024-01-10 08:22:26,11.0,5.53
2024-01-10 08:24:52,13.65,6.0
2024-01-10 08:27:18,12.98,5.45
2024-01-10 08:29:44,11.45,5.55
2024-01-10 08:32:11,15.52,6.0
2024-01-10 08:34:37,10.75,5.07
2024-01-10 08:37:03,11.7,5.38
2024-01-10 08:39:29,12.2,6.32
2024-01-10 08:41:56,13.0,6.25
2024-01-10 08:44:22,13.2,5.22
2024-01-10 08:46:48,11.52,6.05
2024-01-10 08:49:18,17.23,7.32
2024-01-10 08:51:44,13.15,6.6
2024-01-10 08:54:11,12.98,6.18
2024-01-10 08:56:42,10.48,5.95
2024-01-10 08:59:10,13.13,6.47
2024-01-10 09:01:36,15.38,4.9
2024-01-10 09:04:04,11.63,5.38
2024-01-10 09:06:31,13.23,6.57
2024-01-10 09:08:57,15.4,6.72
2024-01-10 09:11:23,14.13,5.47
2024-01-10 09:13:49,11.45,5.55
2024-01-10 09:16:16,11.9,5.82
2024-01-10 09:18:45,14.35,6.63
2024-01-10 09:21:11,13.07,6.15
2024-01-10 09:23:37,15.25,6.45
2024-01-10 09:26:03,12.85,5.95
2024-01-10 09:28:30,12.1,6.03
2024-01-10 09:30:56,9.75,5.85
2024-01-10 09:33:22,15.52,5.9
2024-01-10 09:35:48,14.65,6.03
2024-01-10 09:38:14,10.3,5.15
2024-01-10 09:40:42,15.25,6.0
2024-01-10 09:43:08,10.52,5.65
2024-01-10 09:45:35,13.48,6.18
2024-01-10 09:48:01,14.35,6.22
2024-01-10 09:50:27,15.1,6.5
2024-01-10 09:52:58,9.07,5.28
2024-01-10 09:55:25,10.98,5.22
2024-01-10 09:57:52,11.07,5.03
2024-01-10 10:00:18,11.6,4.88
2024-01-10 10:02:45,14.0,6.4
2024-01-10 10:05:15,11.0,5.63
2024-01-10 10:10:10,9.95,5.45
2024-01-10 10:13:01,15.27,6.6
2024-01-10 10:17:54,11.85,5.03
2024-01-10 10:20:24,9.0,5.47
2024-01-10 10:23:04,9.88,5.07
2024-01-10 10:25:34,11.7,5.13
2024-01-10 10:28:01,10.8,4.32
2024-01-10 10:30:28,11.15,5.22
2024-01-10 10:32:56,11.3,4.15
2024-01-10 10:35:22,6.57,4.28
2024-01-10 10:37:48,13.48,5.35
2024-01-10 10:40:18,12.9,6.07
2024-01-10 10:42:45,15.05,6.47
2024-01-10 10:45:17,11.15,5.8
2024-01-10 10:47:44,18.0,7.68
2024-01-10 10:50:19,11.65,4.93
2024-01-10 10:52:46,10.43,5.35
2024-01-10 10:55:14,9.38,4.7
2024-01-10 10:57:43,9.13,5.32
2024-01-10 11:00:10,13.8,5.88
2024-01-10 11:02:40,9.9,5.9
2024-01-10 11:05:06,12.02,5.88
2024-01-10 11:07:37,10.0,4.95
2024-01-10 11:10:04,11.45,6.03
2024-01-10 11:17:48,9.57,5.1
2024-01-10 11:20:30,14.95,6.15
2024-01-10 11:25:36,16.95,6.68
2024-01-10 11:28:04,12.75,5.85
2024-01-10 11:30:33,10.1,5.57
2024-01-10 11:38:29,10.2,5.93
2024-01-10 11:40:56,10.27,6.25
2024-01-10 11:43:22,12.18,5.8
2024-01-10 11:45:52,18.1,6.45
2024-01-10 11:48:27,17.38,7.55
2024-01-10 11:50:54,11.2,6.27
2024-01-10 11:56:19,16.27,7.95
2024-01-10 11:59:01,14.05,6.85
2024-01-10 12:01:30,14.6,5.72
2024-01-10 12:03:56,16.88,6.65
2024-01-10 12:06:23,12.25,6.78
2024-01-10 12:08:50,13.18,6.57
2024-01-10 12:11:16,16.6,7.8
2024-01-10 12:13:43,14.0,6.05
2024-01-10 12:16:12,15.4,7.32
2024-01-10 12:18:42,12.57,6.95
2024-01-10 12:21:09,18.65,7.7
2024-01-10 12:23:36,14.73,7.8
2024-01-10 12:26:03,16.42,7.4
2024-01-10 12:28:32,16.48,8.02
2024-01-10 12:30:58,14.55,7.35
2024-01-10 12:33:25,16.55,7.7
2024-01-10 12:38:29,15.93,7.1
2024-01-10 12:40:56,15.52,7.55
2024-01-10 12:43:22,15.7,8.05
2024-01-10 12:46:02,15.7,8.55
2024-01-10 12:48:28,16.6,7.78
2024-01-10 12:50:54,15.48,7.6
2024-01-10 12:53:20,16.77,8.35
2024-01-10 12:55:46,16.6,7.6
2024-01-10 12:58:12,16.3,8.05
2024-01-10 13:00:39,18.2,8.2
2024-01-10 13:03:05,18.45,8.8
2024-01-10 13:05:31,19.17,9.3
2024-01-10 13:07:57,19.52,7.72
2024-01-10 13:10:24,18.02,9.43
2024-01-10 13:12:50,17.4,8.93
2024-01-10 13:15:16,16.77,9.02
2024-01-10 13:17:43,13.52,7.0
2024-01-10 13:20:09,15.5,8.77
2024-01-10 13:22:36,16.13,8.13
2024-01-10 13:25:02,15.75,8.75
2024-01-10 13:27:28,16.85,8.48
2024-01-10 13:29:54,16.45,7.82
2024-01-10 13:32:20,16.67,8.6
2024-01-10 13:34:46,13.43,8.2
2024-01-10 13:37:12,18.2,7.9
2024-01-10 13:39:41,15.98,8.3
2024-01-10 13:42:07,14.73,7.43
2024-01-10 13:44:35,15.93,8.2
2024-01-10 13:47:02,15.55,7.4
2024-01-10 13:49:28,17.45,7.78
2024-01-10 13:51:55,13.9,8.57
2024-01-10 13:54:21,14.48,8.43
2024-01-10 13:56:47,16.9,8.35
2024-01-10 13:59:13,16.65,8.98
2024-01-10 14:01:39,20.95,9.15
2024-01-10 14:04:05,19.75,9.43
2024-01-10 14:06:31,18.52,8.27
2024-01-10 14:08:57,18.65,8.98
2024-01-10 14:11:24,19.52,8.7
2024-01-10 14:13:51,19.85,8.38
2024-01-10 14:16:19,24.48,8.35
2024-01-10 14:18:45,14.02,7.18
2024-01-10 14:21:13,22.15,9.27
2024-01-10 14:23:39,21.3,10.23
2024-01-10 14:26:05,21.8,8.4
2024-01-10 14:28:31,19.05,8.93
2024-01-10 14:30:58,17.48,7.72
2024-01-10 14:33:25,22.1,9.77
2024-01-10 14:35:51,21.5,10.07
2024-01-10 14:38:17,22.48,9.88
2024-01-10 14:40:43,25.0,10.18
2024-01-10 14:43:09,22.73,11.35
2024-01-10 14:45:35,25.58,10.52
2024-01-10 14:48:02,22.58,10.13
2024-01-10 14:50:29,19.0,9.9
2024-01-10 14:52:55,21.63,10.4
2024-01-10 14:55:22,22.17,11.55
2024-01-10 14:57:49,21.5,10.23
2024-01-10 15:00:15,26.73,11.0
2024-01-10 15:02:41,26.85,11.0
2024-01-10 15:05:08,22.88,11.15
2024-01-10 15:07:36,24.95,10.02
2024-01-10 15:10:02,15.18,8.4
2024-01-10 15:12:28,18.77,8.23
2024-01-10 15:14:54,17.85,8.9
2024-01-10 15:17:24,17.2,8.02
2024-01-10 15:19:50,17.13,8.05
2024-01-10 15:22:16,15.15,7.05
2024-01-10 15:24:43,14.15,7.38
2024-01-10 15:27:09,15.07,6.72
2024-01-10 15:29:35,12.5,7.03
2024-01-10 15:32:02,14.5,6.9
2024-01-10 15:34:29,22.98,9.98
2024-01-10 15:36:55,19.98,9.13
2024-01-10 15:39:21,18.63,8.75
2024-01-10 15:41:49,21.85,8.45
2024-01-10 15:44:17,15.27,8.18
2024-01-10 15:46:43,23.35,8.93
2024-01-10 15:49:10,20.23,9.07
2024-01-10 15:51:36,26.05,9.82
2024-01-10 15:54:02,22.6,9.75
2024-01-10 15:56:28,22.27,10.07
2024-01-10 15:58:55,23.75,10.15
2024-01-10 16:01:22,19.13,8.88
2024-01-10 16:03:49,20.92,10.02
2024-01-10 16:06:15,21.42,9.35
2024-01-10 16:08:45,22.75,10.4
2024-01-10 16:11:11,24.38,9.07
2024-01-10 16:13:37,20.23,8.9
2024-01-10 16:16:03,22.38,9.02
2024-01-10 16:18:33,24.85,9.95
2024-01-10 16:20:59,23.58,9.27
2024-01-10 16:23:25,22.9,10.5
2024-01-10 16:25:51,24.05,9.98
2024-01-10 16:28:17,23.05,9.55
2024-01-10 16:30:43,20.92,9.02
2024-01-10 16:33:10,27.27,10.77
2024-01-10 16:35:36,20.58,9.3
2024-01-10 16:38:02,24.15,11.18
2024-01-10 16:40:28,18.83,10.18
2024-01-10 16:42:54,23.98,9.63
2024-01-10 16:45:20,29.67,11.13
2024-01-10 16:47:46,23.17,10.13
2024-01-10 16:50:13,24.25,10.2
2024-01-10 16:52:39,19.05,9.93
2024-01-10 16:55:05,25.5,11.8
2024-01-10 16:57:32,32.9,12.4
2024-01-10 16:59:58,25.63,10.6
2024-01-10 17:02:24,29.13,10.7
2024-01-10 17:04:50,20.65,10.5
2024-01-10 17:07:16,27.63,12.05
2024-01-10 17:09:42,25.55,11.7
2024-01-10 17:12:09,27.2,11.1
2024-01-10 17:14:35,24.75,10.65
2024-01-10 17:17:01,19.92,8.88
2024-01-10 17:19:28,21.8,10.32
2024-01-10 17:21:54,23.92,10.8
2024-01-10 17:24:20,23.08,10.6
2024-01-10 17:26:46,23.08,10.8
2024-01-10 17:29:12,21.23,10.98
2024-01-10 17:31:38,28.27,11.1
2024-01-10 17:34:04,28.92,13.2
2024-01-10 17:36:34,33.3,13.02
2024-01-10 17:39:03,25.98,11.95
2024-01-10 17:41:30,20.75,11.68
2024-01-10 17:43:56,31.85,12.95
2024-01-10 17:46:23,29.42,12.25
2024-01-10 17:48:49,27.95,13.45
2024-01-10 17:51:16,33.25,14.05
2024-01-10 17:53:47,29.52,12.57
2024-01-10 17:56:14,29.08,14.05
2024-01-10 17:58:40,26.48,12.38
2024-01-10 18:01:07,26.92,12.7
2024-01-10 18:03:33,35.97,14.63
2024-01-10 18:05:59,31.13,11.63
2024-01-10 18:08:25,28.63,12.95
2024-01-10 18:10:51,26.85,12.6
2024-01-10 18:13:19,23.52,12.18
2024-01-10 18:15:45,24.98,11.95
2024-01-10 18:18:11,32.75,13.68
2024-01-10 18:20:37,31.13,12.95
2024-01-10 18:23:03,25.6,12.25
2024-01-10 18:25:29,37.03,15.0
2024-01-10 18:27:55,34.3,13.63
2024-01-10 18:30:22,32.42,14.63
2024-01-10 18:32:49,26.55,12.82
2024-01-10 18:35:16,35.88,14.82
2024-01-10 18:37:44,29.65,13.1
2024-01-10 18:40:10,25.88,14.13
2024-01-10 18:42:36,30.33,13.8
2024-01-10 18:45:02,26.35,12.5
2024-01-10 18:47:28,36.58,13.7
2024-01-10 18:49:54,30.73,13.48
2024-01-10 18:52:23,31.77,14.65
2024-01-10 18:54:49,30.3,14.0
2024-01-10 18:57:15,26.83,13.38
2024-01-10 18:59:42,34.2,14.52
2024-01-10 19:02:08,27.98,13.88
2024-01-10 19:04:35,30.23,13.7
2024-01-10 19:07:01,35.6,14.6
2024-01-10 19:09:27,32.47,14.02
2024-01-10 19:11:53,29.17,13.63
2024-01-10 19:14:20,30.3,14.82
2024-01-10 19:16:46,31.88,14.2
2024-01-10 19:19:14,32.05,14.65
2024-01-10 19:21:40,29.35,13.8
2024-01-10 19:24:06,29.35,13.4
2024-01-10 19:26:32,36.6,14.55
2024-01-10 19:28:59,30.67,14.57
2024-01-10 19:31:25,36.78,16.05
2024-01-10 19:33:51,41.2,18.0
2024-01-10 19:36:18,31.13,15.23
2024-01-10 19:38:45,40.75,17.63
2024-01-10 19:41:23,47.67,20.65
2024-01-10 19:43:51,46.05,20.1
2024-01-10 19:46:17,40.92,18.4
2024-01-10 19:48:44,56.95,24.13
2024-01-10 19:51:10,71.72,29.1
2024-01-10 19:53:37,47.17,20.6
2024-01-10 19:56:03,47.08,20.98
2024-01-10 19:58:29,42.72,20.65
2024-01-10 20:00:55,48.17,21.27
2024-01-10 20:03:22,54.85,24.08
2024-01-10 20:05:48,51.4,22.23
2024-01-10 20:08:14,51.55,20.65
2024-01-10 20:10:40,44.47,19.9
2024-01-10 20:13:06,41.03,17.98
2024-01-10 20:15:32,30.27,16.5
2024-01-10 20:18:00,35.08,16.8
2024-01-10 20:20:26,38.97,16.15
2024-01-10 20:22:54,32.6,15.57
2024-01-10 20:25:20,35.42,15.38
2024-01-10 20:27:50,38.63,15.82
2024-01-10 20:30:16,36.92,16.2
2024-01-10 20:32:42,37.58,16.08
2024-01-10 20:35:08,33.08,16.55
2024-01-10 20:37:34,36.3,15.15
2024-01-10 20:40:02,35.8,17.33
2024-01-10 20:42:31,35.53,16.27
2024-01-10 20:44:58,34.67,16.15
2024-01-10 20:47:25,44.03,19.1
2024-01-10 20:49:57,40.42,18.8
2024-01-10 20:52:26,42.67,20.7
2024-01-10 20:54:53,44.75,21.2
2024-01-10 20:57:19,44.33,20.63
2024-01-10 20:59:46,47.13,21.95
2024-01-10 21:02:12,44.17,18.92
2024-01-10 21:04:38,44.58,20.17
2024-01-10 21:07:05,43.42,19.67
2024-01-10 21:09:32,47.2,20.02
2024-01-10 21:11:58,40.08,18.05
2024-01-10 21:14:25,44.15,18.77
2024-01-10 21:16:51,40.28,18.15
2024-01-10 21:19:17,48.83,18.95
2024-01-10 21:21:44,41.58,18.38
2024-01-10 21:24:10,41.83,17.52
2024-01-10 21:26:36,48.78,18.5
2024-01-10 21:29:06,57.22,20.92
2024-01-10 21:31:32,60.55,23.33
2024-01-10 21:33:58,44.9,20.58
2024-01-10 21:36:24,62.95,22.73
2024-01-10 21:38:52,56.72,22.25
2024-01-10 21:41:18,45.97,20.17
2024-01-10 21:43:45,40.6,18.65
2024-01-10 21:46:12,39.3,17.58
2024-01-10 21:48:38,46.22,18.23
2024-01-10 21:51:04,39.78,17.42
2024-01-10 21:53:30,48.6,19.05
2024-01-10 21:55:57,56.2,22.75
2024-01-10 21:58:23,51.28,23.7
2024-01-10 22:00:49,58.03,23.1
2024-01-10 22:03:15,48.28,21.77
2024-01-10 22:05:41,47.65,18.88
2024-01-10 22:08:07,40.28,17.02
2024-01-10 22:10:34,36.17,17.0
2024-01-10 22:13:00,40.17,17.25
2024-01-10 22:15:26,41.78,16.38
2024-01-10 22:17:53,32.67,15.98
2024-01-10 22:20:19,32.7,14.68
2024-01-10 22:22:46,32.08,14.88
2024-01-10 22:25:12,31.0,14.82
2024-01-10 22:27:38,38.63,18.3
2024-01-10 22:30:04,40.3,17.63
2024-01-10 22:32:31,42.6,17.7
2024-01-10 22:34:57,41.28,17.85
2024-01-10 22:37:23,42.45,17.63
2024-01-10 22:39:49,44.75,17.65
2024-01-10 22:42:15,42.75,18.95
2024-01-10 22:44:42,37.28,16.38
2024-01-10 22:47:08,38.08,16.95
2024-01-10 22:49:34,33.08,15.52
2024-01-10 22:52:00,36.75,17.15
2024-01-10 22:54:26,46.42,17.42
2024-01-10 22:56:54,54.28,21.1
2024-01-10 22:59:20,48.85,19.6
2024-01-10 23:01:47,41.65,19.25
2024-01-10 23:04:13,50.13,19.92
2024-01-10 23:06:39,40.7,18.7
2024-01-10 23:09:05,55.95,22.23
2024-01-10 23:11:31,66.28,25.45
2024-01-10 23:13:57,70.03,24.6
2024-01-10 23:16:23,60.42,22.15
2024-01-10 23:18:50,57.92,22.4
2024-01-10 23:21:16,48.75,20.73
2024-01-10 23:23:45,56.65,21.9
2024-01-10 23:26:11,58.53,22.85
2024-01-10 23:28:37,50.2,21.02
2024-01-10 23:31:04,56.72,20.55
2024-01-10 23:33:32,69.68,21.73
2024-01-10 23:35:59,73.5,25.38
2024-01-10 23:38:25,74.78,27.42
2024-01-10 23:40:51,64.85,23.38
2024-01-10 23:43:18,76.95,25.9
2024-01-10 23:45:44,72.18,23.83
2024-01-10 23:48:10,72.6,21.42
2024-01-10 23:50:36,68.53,22.02
2024-01-10 23:53:02,58.75,19.92
2024-01-10 23:55:28,63.13,22.33
2024-01-10 23:57:55,61.25,22.05
2024-01-11 00:00:21,63.33,21.02
2024-01-11 00:02:47,53.3,17.52
2024-01-11 00:05:13,61.78,18.38
2024-01-11 00:07:39,42.92,16.35
2024-01-11 00:10:05,36.97,13.73
2024-01-11 00:12:31,34.28,14.13
2024-01-11 00:14:57,33.75,13.68
2024-01-11 00:17:24,28.08,11.6
2024-01-11 00:19:50,30.3,12.4
2024-01-11 00:22:17,24.88,10.38
2024-01-11 00:24:43,27.45,11.07
2024-01-11 00:27:09,22.17,10.38
2024-01-11 00:29:35,21.9,10.93
2024-01-11 00:32:01,23.02,10.45
2024-01-11 00:34:28,31.27,11.95
2024-01-11 00:36:54,32.22,10.32
2024-01-11 00:39:20,29.4,13.68
2024-01-11 00:41:46,24.45,11.25
2024-01-11 00:44:12,27.48,11.23
2024-01-11 00:46:39,31.88,13.15
2024-01-11 00:49:07,31.38,12.77
2024-01-11 00:51:33,30.17,12.1
2024-01-11 00:53:59,27.25,12.35
2024-01-11 00:56:25,33.4,12.4
2024-01-11 00:58:51,49.47,13.18
2024-01-11 01:01:17,30.05,12.23
2024-01-11 01:03:43,30.88,12.05
2024-01-11 01:06:09,30.67,12.2
2024-01-11 01:08:35,25.5,10.2
2024-01-11 01:11:01,24.2,10.9
2024-01-11 01:13:27,30.7,10.75
2024-01-11 01:15:54,25.35,11.18
2024-01-11 01:18:20,29.88,11.05
2024-01-11 01:20:46,29.17,11.85
2024-01-11 01:23:12,27.55,11.93
2024-01-11 01:25:38,29.13,11.75
2024-01-11 01:28:04,24.88,11.02
2024-01-11 01:30:30,25.73,11.2
2024-01-11 01:32:57,26.77,10.98
2024-01-11 01:35:23,23.83,11.13
2024-01-11 01:37:49,29.2,11.93
2024-01-11 01:40:15,29.5,11.63
2024-01-11 01:42:45,26.2,11.55
2024-01-11 01:45:11,29.92,12.13
2024-01-11 01:47:39,24.88,11.65
2024-01-11 01:50:07,27.1,11.18
2024-01-11 01:52:33,29.7,10.8
2024-01-11 01:55:01,32.45,11.38
2024-01-11 01:57:27,24.5,9.98
2024-01-11 01:59:54,31.6,11.4
2024-01-11 02:02:20,35.13,12.32
2024-01-11 02:04:46,23.55,9.9
2024-01-11 02:07:12,31.25,11.4
2024-01-11 02:09:39,25.9,11.45
2024-01-11 02:12:05,23.6,11.25
2024-01-11 02:14:37,29.1,10.7
2024-01-11 02:17:03,27.5,12.27
2024-01-11 02:19:29,26.33,9.77
2024-01-11 02:21:55,29.92,12.0
2024-01-11 02:24:23,24.85,10.6
2024-01-11 02:27:07,22.08,9.95
2024-01-11 02:29:35,24.17,11.2
2024-01-11 02:32:01,25.55,10.25
2024-01-11 02:34:28,25.08,9.07
2024-01-11 02:36:55,23.77,9.35
2024-01-11 02:39:22,24.33,11.5
2024-01-11 02:41:50,31.3,11.15
2024-01-11 02:44:16,27.17,11.38
2024-01-11 02:46:42,28.25,10.93
2024-01-11 02:49:09,25.92,11.2
2024-01-11 02:51:35,20.92,10.07
2024-01-11 02:54:01,22.25,10.15
2024-01-11 02:56:27,22.83,11.3
2024-01-11 02:58:53,25.95,11.55
2024-01-11 03:01:20,26.15,11.32
2024-01-11 03:03:46,29.65,11.48
2024-01-11 03:06:12,18.98,10.3
2024-01-11 03:08:39,24.3,11.3
2024-01-11 03:11:05,27.02,10.68
2024-01-11 03:13:31,17.77,9.02
2024-01-11 03:15:57,19.88,9.3
2024-01-11 03:18:23,20.77,9.43
2024-01-11 03:20:49,20.15,10.05
2024-01-11 03:23:16,26.27,10.35
2024-01-11 03:25:42,23.45,11.68
2024-01-11 03:28:08,26.0,12.48
2024-01-11 03:30:34,24.83,11.1
2024-01-11 03:33:00,24.38,11.48
2024-01-11 03:35:26,25.75,12.18
2024-01-11 03:37:52,25.27,11.45
2024-01-11 03:40:18,26.4,12.07
2024-01-11 03:42:44,28.95,12.68
2024-01-11 03:45:10,28.92,11.23
2024-01-11 03:47:36,29.33,11.82
2024-01-11 03:50:03,23.77,11.4
2024-01-11 03:52:29,23.15,10.43
2024-01-11 03:54:55,27.95,11.82
2024-01-11 03:57:21,25.23,11.98
2024-01-11 03:59:47,26.33,11.88
2024-01-11 04:02:13,29.6,12.05
2024-01-11 04:04:40,28.95,12.8
2024-01-11 04:07:06,32.5,13.6
2024-01-11 04:09:32,32.55,12.9
2024-01-11 04:11:58,30.8,12.68
2024-01-11 04:14:25,22.92,11.45
2024-01-11 04:16:51,21.88,12.25
2024-01-11 04:19:17,24.77,11.9
2024-01-11 04:21:43,25.17,11.77
2024-01-11 04:24:10,27.5,11.2
2024-01-11 04:26:36,24.98,11.13
2024-01-11 04:29:02,30.98,12.77
2024-01-11 04:31:28,28.7,12.23
2024-01-11 04:33:54,20.2,10.6
2024-01-11 04:36:21,17.85,9.82
2024-01-11 04:38:47,29.5,12.0
2024-01-11 04:41:13,23.95,10.27
2024-01-11 04:43:40,24.0,11.7
2024-01-11 04:46:13,31.77,13.4
2024-01-11 04:48:39,25.6,11.9
2024-01-11 04:51:05,26.27,12.27
2024-01-11 04:53:31,25.92,11.77
2024-01-11 04:55:57,20.8,11.43
2024-01-11 04:58:23,24.42,11.25
2024-01-11 05:00:49,22.7,10.8
2024-01-11 05:03:15,21.38,10.38
2024-01-11 05:05:42,23.52,10.27
2024-01-11 05:08:08,26.9,12.4
2024-01-11 05:10:35,29.6,11.65
2024-01-11 05:13:01,25.45,11.1
2024-01-11 05:15:27,27.13,11.9
2024-01-11 05:17:54,26.45,11.43
2024-01-11 05:20:22,31.13,11.48
2024-01-11 05:22:48,22.1,10.35
2024-01-11 05:25:14,31.25,11.8
2024-01-11 05:27:40,23.42,11.55
2024-01-11 05:30:06,27.08,11.68
2024-01-11 05:32:32,25.4,11.52
2024-01-11 05:34:58,24.4,11.95
2024-01-11 05:37:24,26.25,11.68
2024-01-11 05:39:50,32.3,12.32
2024-01-11 05:42:17,23.45,10.75
2024-01-11 05:44:43,23.45,10.63
2024-01-11 05:47:09,26.17,11.65
2024-01-11 05:49:35,35.2,13.02
2024-01-11 05:52:01,28.05,11.05
2024-01-11 05:54:27,32.72,11.23
2024-01-11 05:56:54,27.08,11.32
2024-01-11 05:59:24,32.0,12.02
2024-01-11 06:01:50,29.1,11.5
2024-01-11 06:04:16,32.35,12.57
2024-01-11 06:06:42,30.67,11.68
2024-01-11 06:09:08,28.13,11.88
2024-01-11 06:11:35,34.7,12.73
2024-01-11 06:14:01,36.5,13.73
2024-01-11 06:16:28,31.17,12.32
2024-01-11 06:18:54,34.97,12.95
2024-01-11 06:21:20,30.33,11.63
2024-01-11 06:23:46,21.3,10.48
2024-01-11 06:26:14,21.88,11.13
2024-01-11 06:28:40,26.17,11.88
2024-01-11 06:31:06,23.48,11.68
2024-01-11 06:33:32,27.7,11.35
2024-01-11 06:36:02,27.8,12.3
2024-01-11 06:38:28,23.75,11.35
2024-01-11 06:40:54,28.75,12.57
2024-01-11 06:43:20,30.15,11.77
2024-01-11 06:45:46,28.27,11.93
2024-01-11 06:48:12,36.5,12.27
2024-01-11 06:50:38,25.02,12.8
2024-01-11 06:53:04,22.3,11.68
2024-01-11 06:55:30,32.58,12.9
2024-01-11 06:57:56,21.42,10.98
2024-01-11 07:00:23,24.88,11.73
2024-01-11 07:02:49,29.05,12.5
2024-01-11 07:05:15,27.08,11.93
2024-01-11 07:07:41,23.88,13.1
2024-01-11 07:10:07,27.35,12.27
2024-01-11 07:12:33,27.92,13.13
2024-01-11 07:15:00,64.97,29.1
2024-01-11 07:17:26,39.3,16.6
2024-01-11 07:19:52,31.6,13.82
2024-01-11 07:22:18,28.33,12.9
2024-01-11 07:24:44,34.95,12.2
2024-01-11 07:27:10,29.42,14.4
2024-01-11 07:29:36,29.4,14.0
2024-01-11 07:32:02,30.58,14.8
2024-01-11 07:34:29,28.95,13.55
2024-01-11 07:36:55,34.1,15.07
2024-01-11 07:39:24,30.3,13.98
2024-01-11 07:41:50,30.77,13.93
2024-01-11 07:44:17,31.38,15.1
2024-01-11 07:46:44,35.13,15.8
2024-01-11 07:49:10,31.58,15.27
2024-01-11 07:51:36,34.63,15.7
2024-01-11 07:54:02,27.4,14.23
2024-01-11 07:56:31,34.03,16.25
2024-01-11 07:58:57,39.58,15.9
2024-01-11 08:01:24,36.13,15.1
2024-01-11 08:03:50,29.83,13.88
2024-01-11 08:06:17,32.9,14.7
2024-01-11 08:08:43,30.5,14.55
2024-01-11 08:11:09,31.7,14.07
2024-01-11 08:13:37,41.03,14.93
2024-01-11 08:16:03,30.58,13.05
2024-01-11 08:18:32,26.55,13.8
2024-01-11 08:20:58,30.83,13.82
2024-01-11 08:23:24,28.9,14.0
2024-01-11 08:25:50,35.75,15.35
2024-01-11 08:28:17,28.65,13.75
2024-01-11 08:30:45,27.6,14.0
2024-01-11 08:33:11,29.65,14.82
2024-01-11 08:35:38,34.95,14.88
2024-01-11 08:38:05,35.3,16.48
2024-01-11 08:40:32,33.35,15.68
2024-01-11 08:42:58,34.25,15.65
2024-01-11 08:45:24,37.47,15.6
2024-01-11 08:47:50,42.85,16.65
2024-01-11 08:50:16,38.15,15.3
2024-01-11 08:52:43,33.83,15.32
2024-01-11 08:55:09,33.8,15.55
2024-01-11 08:57:37,39.03,16.02
2024-01-11 09:00:04,39.72,17.23
2024-01-11 09:02:31,40.33,17.52
2024-01-11 09:04:57,45.17,17.4
2024-01-11 09:07:23,40.0,17.27
2024-01-11 09:09:49,37.95,17.35
2024-01-11 09:12:16,39.03,18.1
2024-01-11 09:14:42,36.8,16.85
2024-01-11 09:17:08,32.95,14.82
2024-01-11 09:19:34,37.17,16.08
2024-01-11 09:22:02,37.08,16.92
2024-01-11 09:24:28,33.58,16.55
2024-01-11 09:26:54,35.0,16.88
2024-01-11 09:29:21,32.3,16.4
2024-01-11 09:31:47,33.17,17.83
2024-01-11 09:34:14,37.95,17.63
2024-01-11 09:36:40,38.35,17.1
2024-01-11 09:39:06,28.27,15.7
2024-01-11 09:41:33,41.3,18.02
2024-01-11 09:44:00,34.78,16.17
2024-01-11 09:46:29,32.47,16.25
2024-01-11 09:48:55,36.7,16.75
2024-01-11 09:51:23,33.15,16.38
2024-01-11 09:53:49,46.28,17.67
2024-01-11 09:56:16,41.75,17.95
2024-01-11 09:58:45,43.7,17.55
2024-01-11 10:01:15,35.95,17.65
2024-01-11 10:03:42,38.95,18.15
2024-01-11 10:06:08,33.6,16.4
2024-01-11 10:08:34,41.05,17.75
2024-01-11 10:11:01,34.53,17.7
2024-01-11 10:13:28,32.83,17.2
2024-01-11 10:16:07,39.03,16.6
2024-01-11 10:18:34,34.75,16.77
2024-01-11 10:21:01,35.53,16.77
2024-01-11 10:23:27,33.47,16.9
2024-01-11 10:25:56,38.13,17.1
2024-01-11 10:28:24,33.5,17.4
2024-01-11 10:30:51,36.72,17.4
2024-01-11 10:33:20,34.75,17.13
2024-01-11 10:35:47,50.2,23.77
2024-01-11 10:38:14,38.6,20.2
2024-01-11 10:40:41,37.4,17.27
2024-01-11 10:43:10,38.78,16.95
2024-01-11 10:45:37,37.9,17.05
2024-01-11 10:48:06,37.3,17.33
2024-01-11 10:50:34,38.05,18.02
2024-01-11 10:53:12,37.08,15.57
2024-01-11 10:55:38,37.67,16.5
2024-01-11 10:58:05,37.5,16.8
2024-01-11 11:00:31,36.3,17.25
2024-01-11 11:03:00,46.65,18.48
2024-01-11 11:05:27,31.35,16.23
2024-01-11 11:07:57,32.88,15.77
2024-01-11 11:10:23,35.1,16.8
2024-01-11 11:12:51,41.65,18.23
2024-01-11 11:15:17,32.8,17.27
2024-01-11 11:17:45,36.83,16.95
2024-01-11 11:20:11,36.25,16.23
2024-01-11 11:22:39,38.2,16.9
2024-01-11 11:25:09,34.95,15.43
2024-01-11 11:27:38,32.9,15.5
2024-01-11 11:30:05,36.28,15.55
2024-01-11 11:32:37,33.9,17.02
2024-01-11 11:35:04,29.8,15.35
2024-01-11 11:37:31,35.6,14.5
2024-01-11 11:39:57,34.65,14.68
2024-01-11 11:42:24,32.83,15.0
2024-01-11 11:44:51,31.17,14.9
2024-01-11 11:50:08,25.38,12.82
2024-01-11 11:52:36,28.15,14.52
2024-01-11 11:55:03,29.4,14.35
2024-01-11 11:57:29,33.2,15.0
2024-01-11 11:59:56,32.92,15.65
2024-01-11 12:02:23,32.67,13.48
2024-01-11 12:04:50,33.42,16.38
2024-01-11 12:07:16,33.0,15.48
2024-01-11 12:09:42,35.13,16.05
2024-01-11 12:12:08,29.25,15.18
2024-01-11 12:14:35,31.4,15.27
2024-01-11 12:17:01,34.22,15.63
2024-01-11 12:19:27,42.0,16.02
2024-01-11 12:21:54,32.25,14.85
2024-01-11 12:24:20,31.35,16.67
2024-01-11 12:26:50,35.38,15.68
2024-01-11 12:29:18,32.33,12.95
2024-01-11 12:31:45,28.23,13.23
2024-01-11 12:34:11,27.33,12.82
2024-01-11 12:36:38,31.08,13.05
2024-01-11 12:39:04,31.65,13.93
2024-01-11 12:41:31,32.42,15.43
2024-01-11 12:43:57,37.55,14.48
2024-01-11 12:46:23,30.88,13.57
2024-01-11 12:48:50,30.42,14.85
2024-01-11 12:51:17,30.95,15.9
2024-01-11 12:53:47,31.67,14.75
2024-01-11 12:56:16,29.65,14.05
2024-01-11 12:58:43,32.17,15.4
2024-01-11 13:01:11,46.1,21.02
2024-01-11 13:03:40,28.55,14.95
2024-01-11 13:06:09,32.17,15.25
2024-01-11 13:08:36,28.2,13.63
2024-01-11 13:11:05,33.45,15.98
2024-01-11 13:13:34,32.95,14.45
2024-01-11 13:16:01,30.8,14.43
2024-01-11 13:18:31,34.0,16.3
2024-01-11 13:20:57,32.03,15.85
2024-01-11 13:23:23,27.67,14.6
2024-01-11 13:25:50,38.4,15.52
2024-01-11 13:28:16,37.17,16.88
2024-01-11 13:30:44,34.78,16.2
2024-01-11 13:33:14,29.48,14.8
2024-01-11 13:35:42,28.05,13.85
2024-01-11 13:38:08,31.77,13.85
2024-01-11 13:40:35,28.63,13.35
2024-01-11 13:43:01,30.67,12.2
2024-01-11 13:45:28,32.58,13.88
2024-01-11 13:47:58,29.52,13.7
2024-01-11 13:50:24,29.88,14.05
2024-01-11 13:52:51,34.15,15.25
2024-01-11 13:55:17,31.3,14.27
2024-01-11 13:57:44,25.1,13.25
2024-01-11 14:00:11,30.3,13.6
2024-01-11 14:02:37,32.4,15.68
2024-01-11 14:05:04,35.47,16.05
2024-01-11 14:07:32,31.92,14.27
2024-01-11 14:09:59,28.67,13.13
2024-01-11 14:12:25,31.17,13.25
2024-01-11 14:14:51,31.73,14.38
2024-01-11 14:17:17,36.83,16.25
2024-01-11 14:19:43,31.4,13.88
2024-01-11 14:22:09,35.8,15.18
2024-01-11 14:24:36,32.35,13.6
2024-01-11 14:27:02,34.15,15.4
2024-01-11 14:29:28,35.63,15.43
2024-01-11 14:31:54,36.75,14.48
2024-01-11 14:34:20,33.33,14.1
2024-01-11 14:36:46,29.45,13.6
2024-01-11 14:39:13,31.92,13.3
2024-01-11 14:41:39,30.2,13.77
2024-01-11 14:44:05,33.97,14.1
2024-01-11 14:46:31,33.58,14.88
2024-01-11 14:48:57,40.35,15.2
2024-01-11 14:51:25,27.58,13.15
2024-01-11 14:53:54,30.27,13.77
2024-01-11 14:56:20,29.98,14.05
2024-01-11 14:58:46,33.4,14.45
2024-01-11 15:01:12,29.5,12.85
2024-01-11 15:03:39,31.2,14.68
2024-01-11 15:06:05,33.33,13.75
2024-01-11 15:08:31,32.65,14.32
2024-01-11 15:10:57,31.6,14.9
2024-01-11 15:13:23,29.38,13.18
2024-01-11 15:15:49,37.22,14.55
2024-01-11 15:18:15,30.3,13.65
2024-01-11 15:20:41,41.08,13.93
2024-01-11 15:23:07,37.0,13.8
2024-01-11 15:25:33,36.65,13.63
2024-01-11 15:28:00,37.58,13.88
2024-01-11 15:30:26,41.13,14.2
2024-01-11 15:32:52,35.08,15.88
2024-01-11 15:35:18,38.05,15.27
2024-01-11 15:37:44,29.13,12.38
2024-01-11 15:40:11,26.13,12.55
2024-01-11 15:42:37,27.15,10.55
2024-01-11 15:45:05,29.05,10.45
2024-01-11 15:47:32,27.9,11.27
2024-01-11 15:49:58,28.98,11.05
2024-01-11 15:52:24,30.1,10.15
2024-01-11 15:54:50,28.67,10.98
2024-01-11 15:57:16,28.4,11.02
2024-01-11 15:59:42,30.9,11.85
2024-01-11 16:02:08,39.55,15.63
2024-01-11 16:04:36,48.1,18.08
2024-01-11 16:07:04,44.6,18.25
2024-01-11 16:09:31,43.5,16.63
2024-01-11 16:11:57,42.1,15.35
2024-01-11 16:14:23,34.25,15.68
2024-01-11 16:16:49,44.33,17.02
2024-01-11 16:19:15,32.97,15.7
2024-01-11 16:21:42,47.28,15.15
2024-01-11 16:24:08,35.38,15.2
2024-01-11 16:26:34,33.85,15.48
2024-01-11 16:29:01,32.45,14.05
2024-01-11 16:31:27,33.53,13.23
2024-01-11 16:33:54,32.13,12.18
2024-01-11 16:36:21,33.25,12.75
2024-01-11 16:38:47,39.55,14.55
2024-01-11 16:41:13,44.33,16.6
2024-01-11 16:43:39,36.17,12.23
2024-01-11 16:46:05,44.33,15.5
2024-01-11 16:48:31,50.97,16.05
2024-01-11 16:50:57,35.9,15.07
2024-01-11 16:53:23,40.65,14.6
2024-01-11 16:55:49,41.7,15.45
2024-01-11 16:58:16,40.15,14.05
2024-01-11 17:00:42,39.3,15.57
2024-01-11 17:03:10,39.03,16.5
2024-01-11 17:05:36,45.22,17.42
2024-01-11 17:08:02,43.9,16.65
2024-01-11 17:10:30,43.33,15.75
2024-01-11 17:12:56,40.3,16.85
2024-01-11 17:15:22,41.13,17.13
2024-01-11 17:17:48,46.6,17.7
2024-01-11 17:20:14,35.9,16.55
2024-01-11 17:22:41,40.9,16.27
2024-01-11 17:25:07,34.67,15.35
2024-01-11 17:27:34,34.85,12.65
2024-01-11 17:30:00,35.2,15.57
2024-01-11 17:32:26,40.65,15.27
2024-01-11 17:34:52,39.85,15.98
2024-01-11 17:37:20,47.92,18.63
2024-01-11 17:39:47,44.35,14.68
2024-01-11 17:42:13,37.28,15.85
2024-01-11 17:44:39,35.33,13.27
2024-01-11 17:47:05,37.42,14.45
2024-01-11 17:49:32,43.45,14.27
2024-01-11 17:51:58,56.6,21.35
2024-01-11 17:54:24,62.6,23.95
2024-01-11 17:56:50,53.53,22.98
2024-01-11 17:59:17,52.13,21.88
2024-01-11 18:01:43,63.08,22.77
2024-01-11 18:04:09,55.05,21.33
2024-01-11 18:06:35,47.17,20.42
2024-01-11 18:09:01,58.25,23.13
2024-01-11 18:11:28,59.15,24.63
2024-01-11 18:13:55,48.3,20.63
2024-01-11 18:16:21,47.8,20.83
2024-01-11 18:18:48,44.53,18.8
2024-01-11 18:21:14,54.78,23.13
2024-01-11 18:23:41,59.05,24.33
2024-01-11 18:26:08,60.45,23.27
2024-01-11 18:28:34,49.25,21.27
2024-01-11 18:31:00,70.43,24.67
2024-01-11 18:33:26,65.38,24.08
2024-01-11 18:35:52,53.67,22.3
2024-01-11 18:38:18,64.7,24.7
2024-01-11 18:40:46,52.63,23.1
2024-01-11 18:43:13,61.28,23.52
2024-01-11 18:45:39,59.9,25.17
2024-01-11 18:48:05,69.53,27.77
2024-01-11 18:50:34,46.38,22.6
2024-01-11 18:53:01,53.33,20.92
2024-01-11 18:55:28,48.25,19.75
2024-01-11 18:57:54,47.5,20.38
2024-01-11 19:00:20,47.35,20.02
2024-01-11 19:02:47,56.92,21.08
2024-01-11 19:05:15,57.3,24.38
2024-01-11 19:07:42,62.72,24.65
2024-01-11 19:10:09,62.17,25.63
2024-01-11 19:12:35,53.35,24.23
2024-01-11 19:15:02,58.65,23.2
2024-01-11 19:17:28,61.6,25.58
2024-01-11 19:19:54,73.22,30.42
2024-01-11 19:22:20,79.65,33.8
2024-01-11 19:24:46,81.9,32.85
2024-01-11 19:27:13,92.85,37.25
2024-01-11 19:29:39,88.2,36.1
2024-01-11 19:32:05,86.88,33.72
2024-01-11 19:34:31,91.18,33.45
2024-01-11 19:36:57,79.22,31.5
2024-01-11 19:39:23,73.35,28.5
2024-01-11 19:41:49,83.65,30.7
2024-01-11 19:44:16,75.95,29.9
2024-01-11 19:46:42,76.68,29.65
2024-01-11 19:49:09,67.57,25.17
2024-01-11 19:51:36,77.45,26.67
2024-01-11 19:54:02,60.53,24.05
2024-01-11 19:56:28,62.92,24.73
2024-01-11 19:58:57,64.03,26.1
2024-01-11 20:01:24,57.88,23.2
2024-01-11 20:03:50,63.97,22.05
2024-01-11 20:06:16,67.47,25.08
2024-01-11 20:08:43,64.3,26.15
2024-01-11 20:11:09,54.97,23.5
2024-01-11 20:13:35,52.33,21.55
2024-01-11 20:16:01,55.78,19.98
2024-01-11 20:18:28,48.45,20.42
2024-01-11 20:20:54,52.55,21.75
2024-01-11 20:23:21,66.65,26.95
2024-01-11 20:25:47,70.13,27.13
2024-01-11 20:28:15,74.28,28.7
2024-01-11 20:30:42,70.7,26.45
2024-01-11 20:33:08,68.88,28.8
2024-01-11 20:35:34,78.65,31.48
2024-01-11 20:38:00,86.43,31.27
2024-01-11 20:40:26,69.45,28.48
2024-01-11 20:42:52,62.42,28.77
2024-01-11 20:45:18,69.05,28.5
2024-01-11 20:47:44,79.82,30.83
2024-01-11 20:50:10,71.93,27.9
2024-01-11 20:52:36,71.95,27.08
2024-01-11 20:55:03,59.88,24.7
2024-01-11 20:57:30,71.07,27.17
2024-01-11 20:59:57,59.53,24.8
2024-01-11 21:02:23,75.3,28.77
2024-01-11 21:04:49,59.5,25.0
2024-01-11 21:07:15,68.05,26.0
2024-01-11 21:09:42,72.8,26.6
2024-01-11 21:12:08,66.68,27.08
2024-01-11 21:14:34,61.05,26.95
2024-01-11 21:17:00,67.2,26.3
2024-01-11 21:19:27,56.13,23.67
2024-01-11 21:21:53,60.53,25.38
2024-01-11 21:24:19,56.95,24.73
2024-01-11 21:26:46,63.5,27.25
2024-01-11 21:29:13,55.95,23.25
2024-01-11 21:31:39,60.72,25.15
2024-01-11 21:34:05,63.65,27.3
2024-01-11 21:36:31,59.85,26.27
2024-01-11 21:39:01,54.55,21.73
2024-01-11 21:41:28,55.17,24.25
2024-01-11 21:43:55,63.65,26.17
2024-01-11 21:46:21,70.45,25.02
2024-01-11 21:48:48,65.05,23.08
2024-01-11 21:51:14,59.2,24.95
2024-01-11 21:53:41,76.7,25.45
2024-01-11 21:56:07,61.28,25.58
2024-01-11 21:58:34,58.38,23.02
2024-01-11 22:01:00,54.72,22.77
2024-01-11 22:03:27,68.93,27.6
2024-01-11 22:05:53,73.2,26.08
2024-01-11 22:08:20,66.2,25.6
2024-01-11 22:10:46,66.9,26.23
2024-01-11 22:13:13,71.32,25.85
2024-01-11 22:15:40,66.55,27.17
2024-01-11 22:18:06,77.95,27.98
2024-01-11 22:20:33,73.55,28.4
2024-01-11 22:22:59,78.93,26.45
2024-01-11 22:25:26,68.43,27.1
2024-01-11 22:27:52,76.1,28.05
2024-01-11 22:30:18,67.07,27.73
2024-01-11 22:32:44,66.9,26.48
2024-01-11 22:35:10,69.4,28.5
2024-01-11 22:37:36,77.75,27.83
2024-01-11 22:40:03,71.78,26.98
2024-01-11 22:42:32,70.88,28.05
2024-01-11 22:44:58,71.55,29.3
2024-01-11 22:47:25,77.88,28.38
2024-01-11 22:49:51,66.15,27.7
2024-01-11 22:52:17,79.72,31.83
2024-01-11 22:54:44,82.75,29.63
2024-01-11 22:57:10,77.25,30.52
2024-01-11 22:59:36,77.1,30.92
2024-01-11 23:02:03,93.15,33.4
2024-01-11 23:04:29,80.78,31.2
2024-01-11 23:06:58,81.65,33.35
2024-01-11 23:09:25,84.97,32.63
2024-01-11 23:11:51,78.25,34.17
2024-01-11 23:14:17,83.35,31.75
2024-01-11 23:16:44,75.25,30.27
2024-01-11 23:19:10,77.3,31.35
2024-01-11 23:21:37,73.18,30.73
2024-01-11 23:24:03,79.47,31.83
2024-01-11 23:26:30,70.72,28.58
2024-01-11 23:28:56,78.55,30.3
2024-01-11 23:31:22,87.32,32.85
2024-01-11 23:33:48,81.13,30.58
2024-01-11 23:36:14,76.53,28.45
2024-01-11 23:38:40,63.2,27.83
2024-01-11 23:41:06,71.85,29.23
2024-01-11 23:43:33,64.53,27.85
2024-01-11 23:45:59,56.45,23.9
2024-01-11 23:48:25,58.9,24.27
2024-01-11 23:50:52,65.7,25.23
2024-01-11 23:53:18,65.18,24.92
2024-01-11 23:55:44,54.25,22.85
2024-01-11 23:58:11,57.75,20.15
2024-01-12 00:00:37,47.47,20.73
2024-01-12 00:03:03,50.8,20.42
2024-01-12 00:05:30,50.15,20.55
2024-01-12 00:07:56,54.75,22.7
2024-01-12 00:10:22,50.7,20.98
2024-01-12 00:12:49,51.1,20.73
2024-01-12 00:15:15,49.35,19.15
2024-01-12 00:17:41,59.45,20.9
2024-01-12 00:20:07,62.63,25.95
2024-01-12 00:22:34,62.45,24.3
2024-01-12 00:25:00,55.75,21.77
2024-01-12 00:27:26,61.6,25.08
2024-01-12 00:29:52,54.38,21.85
2024-01-12 00:32:18,52.35,21.5
2024-01-12 00:34:44,58.47,22.77
2024-01-12 00:37:10,58.0,23.9
2024-01-12 00:39:36,55.67,22.17
2024-01-12 00:42:03,46.58,21.17
2024-01-12 00:44:29,52.65,22.08
2024-01-12 00:46:55,45.78,18.9
2024-01-12 00:49:22,43.42,17.83
2024-01-12 00:51:48,60.58,21.2
2024-01-12 00:54:14,63.3,24.73
2024-01-12 00:56:41,70.1,26.55
2024-01-12 00:59:07,68.47,26.5
2024-01-12 01:01:33,63.83,27.6
2024-01-12 01:04:00,71.9,27.25
2024-01-12 01:06:27,84.18,27.67
2024-01-12 01:08:53,73.35,27.65
2024-01-12 01:11:19,70.5,28.48
2024-01-12 01:13:45,69.6,25.83
2024-01-12 01:16:12,71.1,27.05
2024-01-12 01:18:38,66.43,26.13
2024-01-12 01:21:04,68.68,27.7
2024-01-12 01:23:30,70.57,27.55
2024-01-12 01:25:56,66.28,27.15
2024-01-12 01:28:24,78.88,27.58
2024-01-12 01:30:50,63.38,24.73
2024-01-12 01:33:16,62.28,26.25
2024-01-12 01:35:42,59.85,25.38
2024-01-12 01:38:08,66.22,26.85
2024-01-12 01:40:34,69.03,27.0
2024-01-12 01:43:07,66.53,27.8
2024-01-12 01:45:33,73.95,29.15
2024-01-12 01:48:04,64.0,26.85
2024-01-12 01:50:31,69.4,27.95
2024-01-12 01:52:57,56.38,24.05
2024-01-12 01:55:24,70.28,26.88
2024-01-12 01:57:51,70.85,28.85
2024-01-12 02:00:17,78.03,29.3
2024-01-12 02:02:43,68.2,27.48
2024-01-12 02:05:10,57.13,24.65
2024-01-12 02:07:36,61.28,24.58
2024-01-12 02:10:03,62.9,27.05
2024-01-12 02:12:29,56.13,24.2
2024-01-12 02:14:55,58.33,24.8
2024-01-12 02:17:22,67.82,24.15
2024-01-12 02:19:48,62.97,25.33
2024-01-12 02:22:14,61.75,24.1
2024-01-12 02:24:40,67.18,25.63
2024-01-12 02:27:06,58.5,22.92
2024-01-12 02:29:32,64.22,23.02
2024-01-12 02:31:58,48.97,22.95
2024-01-12 02:34:24,56.42,21.98
2024-01-12 02:36:51,59.05,22.45
2024-01-12 02:39:17,55.78,21.75
2024-01-12 02:41:43,52.53,22.27
2024-01-12 02:44:09,48.38,19.92
2024-01-12 02:46:35,54.13,22.83
2024-01-12 02:49:01,66.1,21.65
2024-01-12 02:51:27,50.13,20.63
2024-01-12 02:53:53,53.55,19.8
2024-01-12 02:56:20,54.2,22.25
2024-01-12 02:58:46,44.42,18.98
2024-01-12 03:01:12,61.6,20.23
2024-01-12 03:03:38,53.35,22.02
2024-01-12 03:06:05,44.83,18.73
2024-01-12 03:08:31,48.15,19.02
2024-01-12 03:10:57,54.97,21.75
2024-01-12 03:13:23,49.35,17.48
2024-01-12 03:15:49,50.75,18.13
2024-01-12 03:18:15,44.28,18.15
2024-01-12 03:20:41,50.13,18.63
2024-01-12 03:23:07,39.72,17.58
2024-01-12 03:25:33,45.6,19.52
2024-01-12 03:28:00,53.35,19.8
2024-01-12 03:30:26,55.88,19.13
2024-01-12 03:32:52,60.15,21.02
2024-01-12 03:35:18,55.88,18.75
2024-01-12 03:37:44,47.22,19.25
2024-01-12 03:40:10,47.15,20.23
2024-01-12 03:42:37,47.22,19.17
2024-01-12 03:45:03,50.67,19.73
2024-01-12 03:47:30,55.88,20.77
2024-01-12 03:49:56,46.42,18.05
2024-01-12 03:52:22,40.25,18.0
2024-01-12 03:54:48,45.97,20.0
2024-01-12 03:57:14,48.0,17.9
2024-01-12 03:59:40,55.85,20.83
2024-01-12 04:02:06,51.33,18.88
2024-01-12 04:04:32,46.47,18.9
2024-01-12 04:06:58,45.15,20.23
2024-01-12 04:09:25,52.4,21.42
2024-01-12 04:11:51,58.05,23.05
2024-01-12 04:14:17,56.2,23.7
2024-01-12 04:16:43,62.45,24.48
2024-01-12 04:19:09,58.85,22.58
2024-01-12 04:21:35,61.75,23.0
2024-01-12 04:24:01,50.58,22.0
2024-01-12 04:26:27,59.53,24.1
2024-01-12 04:28:53,53.38,24.4
2024-01-12 04:31:20,55.28,22.17
2024-01-12 04:33:46,61.63,22.38
2024-01-12 04:36:12,60.67,24.33
2024-01-12 04:38:38,59.63,22.4
2024-01-12 04:41:04,63.45,23.83
2024-01-12 04:43:30,63.9,24.9
2024-01-12 04:45:57,52.83,24.2
2024-01-12 04:48:23,44.08,20.15
2024-01-12 04:50:49,68.38,26.7
2024-01-12 04:53:15,64.53,25.77
2024-01-12 04:55:41,63.5,23.75
2024-01-12 04:58:08,54.83,23.58
2024-01-12 05:00:34,57.15,24.42
2024-01-12 05:03:00,55.8,22.9
2024-01-12 05:05:26,56.72,23.1
2024-01-12 05:07:52,57.33,23.23
2024-01-12 05:10:18,56.28,24.63
2024-01-12 05:12:44,62.6,23.13
2024-01-12 05:15:10,68.35,24.58
2024-01-12 05:17:36,56.15,23.75
2024-01-12 05:20:02,57.55,24.45
2024-01-12 05:22:32,58.6,23.27
2024-01-12 05:24:58,55.5,23.48
2024-01-12 05:27:25,67.1,22.77
2024-01-12 05:29:51,57.3,21.1
2024-01-12 05:32:17,60.03,24.9
2024-01-12 05:34:43,49.08,22.5
2024-01-12 05:37:09,56.9,23.15
2024-01-12 05:39:35,63.88,24.1
2024-01-12 05:42:01,58.47,22.95
2024-01-12 05:44:27,53.2,21.63
2024-01-12 05:46:54,60.83,22.67
2024-01-12 05:49:20,55.33,21.27
2024-01-12 05:51:47,62.3,22.73
2024-01-12 05:54:13,58.33,22.65
2024-01-12 05:56:40,63.97,25.2
2024-01-12 05:59:06,68.6,26.13
2024-01-12 06:01:32,58.53,24.4
2024-01-12 06:03:58,62.28,23.95
2024-01-12 06:06:24,58.3,23.4
2024-01-12 06:08:50,54.95,23.4
2024-01-12 06:11:16,52.6,23.98
2024-01-12 06:13:42,53.4,22.95
2024-01-12 06:16:08,51.35,21.83
2024-01-12 06:18:35,57.17,25.88
2024-01-12 06:21:02,71.07,25.85
2024-01-12 06:23:28,59.13,24.35
2024-01-12 06:25:54,65.38,21.83
2024-01-12 06:28:20,53.15,22.38
2024-01-12 06:30:46,59.8,21.05
2024-01-12 06:33:12,62.45,22.1
2024-01-12 06:35:41,53.5,21.75
2024-01-12 06:38:07,48.5,20.63
2024-01-12 06:40:35,67.35,21.3
2024-01-12 06:43:02,51.55,22.48
2024-01-12 06:45:28,53.63,22.77
2024-01-12 06:47:54,52.33,22.17
2024-01-12 06:50:20,58.4,22.83
2024-01-12 06:52:46,56.08,23.92
2024-01-12 06:55:12,52.35,21.75
2024-01-12 06:57:38,62.22,21.2
2024-01-12 07:00:04,55.83,19.83
2024-01-12 07:02:31,47.75,18.48
2024-01-12 07:04:59,51.7,19.08
2024-01-12 07:07:25,42.85,18.77
2024-01-12 07:09:51,55.53,20.23
2024-01-12 07:12:17,51.1,19.02
2024-01-12 07:14:43,42.05,19.27
2024-01-12 07:17:09,51.13,19.65
2024-01-12 07:19:35,43.05,19.83
2024-01-12 07:22:02,46.25,18.45
2024-01-12 07:24:28,40.6,18.25
2024-01-12 07:26:54,54.28,20.98
2024-01-12 07:29:20,41.2,18.48
2024-01-12 07:31:48,52.9,21.02
2024-01-12 07:34:14,56.4,22.3
2024-01-12 07:36:41,55.28,24.67
2024-01-12 07:39:07,53.7,23.33
2024-01-12 07:41:33,54.08,23.35
2024-01-12 07:43:59,56.28,24.85
2024-01-12 07:46:25,54.35,22.73
2024-01-12 07:48:51,59.03,22.25
2024-01-12 07:51:19,48.22,22.33
2024-01-12 07:53:45,117.1,45.7
2024-01-12 07:56:11,61.5,25.3
2024-01-12 07:58:37,50.2,21.58
2024-01-12 08:01:03,52.6,20.85
2024-01-12 08:03:33,52.92,21.05
2024-01-12 08:05:59,52.3,21.98
2024-01-12 08:08:26,66.93,23.92
2024-01-12 08:10:52,66.7,26.27
2024-01-12 08:13:18,62.83,24.45
2024-01-12 08:15:44,58.25,24.67
2024-01-12 08:18:10,56.58,23.77
2024-01-12 08:20:36,57.4,24.67
2024-01-12 08:23:02,57.33,26.33
2024-01-12 08:25:29,62.42,24.88
2024-01-12 08:27:55,59.42,26.02
2024-01-12 08:30:22,57.53,24.38
2024-01-12 08:32:48,57.7,25.8
2024-01-12 08:35:14,60.65,25.85
2024-01-12 08:37:40,60.25,25.35
2024-01-12 08:40:07,53.67,23.92
2024-01-12 08:42:33,58.03,24.1
2024-01-12 08:44:59,53.55,23.95
2024-01-12 08:47:26,63.2,24.58
2024-01-12 08:49:54,54.5,23.98
2024-01-12 08:52:20,55.53,24.08
2024-01-12 08:54:46,51.33,23.08
2024-01-12 08:57:12,62.75,24.5
2024-01-12 08:59:38,68.78,25.15
2024-01-12 09:02:04,49.03,24.45
2024-01-12 09:04:30,57.8,25.6
2024-01-12 09:06:57,47.55,24.55
2024-01-12 09:09:23,60.0,25.2
2024-01-12 09:11:49,60.28,25.05
2024-01-12 09:14:15,65.38,28.88
2024-01-12 09:16:42,78.28,31.08
2024-01-12 09:19:08,77.25,31.63
2024-01-12 09:21:34,75.6,31.45
2024-01-12 09:24:01,69.07,29.92
2024-01-12 09:26:27,66.65,29.67
2024-01-12 09:28:53,76.5,31.02
2024-01-12 09:31:19,58.6,26.6
2024-01-12 09:33:45,64.2,27.6
2024-01-12 09:36:11,74.53,28.95
2024-01-12 09:38:37,69.75,27.6
2024-01-12 09:41:03,68.5,27.38
2024-01-12 09:43:29,69.47,29.98
2024-01-12 09:45:59,64.65,27.23
2024-01-12 09:48:26,72.3,29.92
2024-01-12 09:50:53,63.85,28.23
2024-01-12 09:53:21,64.25,26.38
2024-01-12 09:55:47,59.5,24.17
2024-01-12 09:58:14,54.22,25.25
2024-01-12 10:00:41,44.92,20.73
2024-01-12 10:03:07,49.97,22.3
2024-01-12 10:05:35,48.47,13.75
2024-01-12 10:08:06,30.85,10.73
2024-01-12 10:10:33,27.8,11.8
2024-01-12 10:13:00,25.85,11.15
2024-01-12 10:15:26,25.6,10.07
2024-01-12 10:17:55,22.95,11.18
2024-01-12 10:20:21,32.3,11.77
2024-01-12 10:22:56,30.23,11.52
2024-01-12 10:25:22,29.92,12.93
2024-01-12 10:27:55,32.78,11.9
2024-01-12 10:30:21,23.63,10.2
2024-01-12 10:32:53,29.23,11.5
2024-01-12 10:35:19,28.3,11.93
2024-01-12 10:37:46,34.22,10.85
2024-01-12 10:40:16,29.13,11.77
2024-01-12 10:42:47,27.77,10.95
2024-01-12 10:45:15,29.0,11.15
2024-01-12 10:47:46,23.35,9.63
2024-01-12 10:50:13,19.42,9.2
2024-01-12 10:55:16,20.5,9.5
2024-01-12 10:57:42,24.67,9.4
2024-01-12 11:00:09,27.73,10.55
2024-01-12 11:02:36,31.08,10.6
2024-01-12 11:05:03,33.97,10.25
2024-01-12 11:07:29,29.55,10.73
2024-01-12 11:09:56,24.15,10.48
2024-01-12 11:12:29,21.6,10.02
2024-01-12 11:14:56,27.48,10.7
2024-01-12 11:17:25,23.88,9.7
2024-01-12 11:20:02,21.25,9.05
2024-01-12 11:22:28,19.2,7.97
2024-01-12 11:24:56,16.98,7.47
2024-01-12 11:27:33,14.32,7.6
2024-01-12 11:30:00,18.38,8.23
2024-01-12 11:32:26,21.83,7.15
2024-01-12 11:35:08,14.43,7.18
2024-01-12 11:37:34,21.2,7.55
2024-01-12 11:40:04,22.42,8.25
2024-01-12 11:42:32,15.85,7.63
2024-01-12 11:44:58,19.33,9.32
2024-01-12 11:47:28,21.98,8.75
2024-01-12 11:49:54,17.63,8.25
2024-01-12 11:52:20,28.0,9.27
2024-01-12 11:54:46,21.88,10.02
2024-01-12 11:57:13,19.67,8.25
2024-01-12 11:59:39,25.8,8.45
2024-01-12 12:02:05,22.63,9.07
2024-01-12 12:04:33,26.9,11.15
2024-01-12 12:06:59,26.92,11.07
2024-01-12 12:09:25,25.58,10.3
2024-01-12 12:11:51,32.05,11.68
2024-01-12 12:14:17,30.98,10.52
2024-01-12 12:16:43,24.65,11.55
2024-01-12 12:19:10,28.63,12.18
2024-01-12 12:21:36,28.3,13.88
2024-01-12 12:24:03,21.77,11.13
2024-01-12 12:26:29,20.9,9.45
2024-01-12 12:28:57,16.88,7.9
2024-01-12 12:31:23,18.55,8.7
2024-01-12 12:33:55,19.8,8.07
2024-01-12 12:36:22,17.63,7.47
2024-01-12 12:38:49,18.58,8.73
2024-01-12 12:41:15,22.52,7.93
2024-01-12 12:43:41,18.05,7.43
2024-01-12 12:46:10,15.95,7.88
2024-01-12 12:48:38,18.7,8.77
2024-01-12 12:51:06,26.55,9.38
2024-01-12 12:53:32,15.6,7.55
2024-01-12 12:55:58,22.67,8.52
2024-01-12 12:58:24,19.58,8.68
2024-01-12 13:00:50,17.85,9.23
2024-01-12 13:03:17,21.8,8.88
2024-01-12 13:05:43,19.38,9.23
2024-01-12 13:08:09,20.65,8.0
2024-01-12 13:10:36,25.55,9.23
2024-01-12 13:13:02,20.75,9.23
2024-01-12 13:15:29,17.83,9.38
2024-01-12 13:17:55,23.73,11.0
2024-01-12 13:20:21,18.98,8.73
2024-01-12 13:22:48,21.3,10.55
2024-01-12 13:25:14,17.45,9.48
2024-01-12 13:27:40,17.35,8.7
2024-01-12 13:30:06,18.17,9.0
2024-01-12 13:32:36,20.02,9.38
2024-01-12 13:35:02,22.02,10.68
2024-01-12 13:37:28,19.7,9.05
2024-01-12 13:39:55,23.63,10.4
2024-01-12 13:42:23,17.4,8.55
2024-01-12 13:44:50,20.63,10.0
2024-01-12 13:47:16,20.35,9.82
2024-01-12 13:49:42,22.55,10.38
2024-01-12 13:52:08,19.5,9.0
2024-01-12 13:54:36,23.15,9.63
2024-01-12 13:57:02,18.05,9.88
2024-01-12 13:59:28,23.98,11.35
2024-01-12 14:01:55,31.15,11.73
2024-01-12 14:04:21,20.65,11.52
2024-01-12 14:06:47,22.92,10.95
2024-01-12 14:09:13,25.63,10.98
2024-01-12 14:11:40,21.27,10.13
2024-01-12 14:14:07,24.92,10.6
2024-01-12 14:16:33,23.4,10.8
2024-01-12 14:18:59,23.4,10.82
2024-01-12 14:21:25,22.02,11.68
2024-01-12 14:23:51,22.8,10.77
2024-01-12 14:26:17,20.7,10.52
2024-01-12 14:28:44,26.38,12.07
2024-01-12 14:31:11,22.55,11.85
2024-01-12 14:33:38,24.17,11.2
2024-01-12 14:36:04,27.05,11.15
2024-01-12 14:38:30,29.67,10.52
2024-01-12 14:40:57,34.53,12.13
2024-01-12 14:43:23,25.92,11.1
2024-01-12 14:45:49,29.92,11.15
2024-01-12 14:48:15,36.28,11.75
2024-01-12 14:50:41,27.45,10.73
2024-01-12 14:53:11,31.92,13.18
2024-01-12 14:55:37,24.65,11.38
2024-01-12 14:58:03,28.25,11.88
2024-01-12 15:00:30,27.9,10.57
2024-01-12 15:02:56,37.35,12.98
2024-01-12 15:05:22,26.27,13.4
2024-01-12 15:07:48,33.25,13.75
2024-01-12 15:10:14,37.53,11.4
2024-01-12 15:12:41,29.42,12.52
2024-01-12 15:15:07,31.77,11.95
2024-01-12 15:17:33,25.2,11.73
2024-01-12 15:20:00,29.8,13.07
2024-01-12 15:22:27,29.65,12.73
2024-01-12 15:24:53,34.17,13.93
2024-01-12 15:27:19,31.25,13.65
2024-01-12 15:29:45,29.4,10.93
2024-01-12 15:32:11,32.28,12.52
2024-01-12 15:34:38,34.58,10.9
2024-01-12 15:37:04,36.13,13.07
2024-01-12 15:39:30,26.45,11.27
2024-01-12 15:41:56,34.9,11.73
2024-01-12 15:44:22,31.35,11.65
2024-01-12 15:46:48,29.15,12.4
2024-01-12 15:49:15,26.3,11.65
2024-01-12 15:51:41,21.13,10.93
2024-01-12 15:54:07,24.85,10.7
2024-01-12 15:56:33,28.38,10.7
2024-01-12 15:58:59,28.08,11.98
2024-01-12 16:01:25,25.58,10.32
2024-01-12 16:03:51,27.63,12.23
2024-01-12 16:06:18,27.45,12.82
2024-01-12 16:08:44,22.48,9.95
2024-01-12 16:11:20,25.48,10.27
2024-01-12 16:13:46,28.27,10.52
2024-01-12 16:16:12,23.55,11.23
2024-01-12 16:18:39,27.95,10.43
2024-01-12 16:21:05,22.63,10.35
2024-01-12 16:23:31,21.27,9.63
2024-01-12 16:25:57,23.95,9.8
2024-01-12 16:28:23,21.75,10.1
2024-01-12 16:30:50,24.83,8.05
2024-01-12 16:33:16,19.33,7.8
2024-01-12 16:35:42,20.6,8.98
2024-01-12 16:38:08,24.4,9.82
2024-01-12 16:40:35,24.8,8.98
2024-01-12 16:43:01,23.38,10.95
2024-01-12 16:45:29,33.78,11.93
2024-01-12 16:47:55,24.73,10.45
2024-01-12 16:50:21,39.53,17.27
2024-01-12 16:52:47,39.05,16.13
2024-01-12 16:55:13,45.75,17.92
2024-01-12 16:57:39,44.38,19.27
2024-01-12 17:00:06,43.15,16.4
2024-01-12 17:02:34,42.58,16.15
2024-01-12 17:05:01,44.92,16.08
2024-01-12 17:07:27,40.28,14.27
2024-01-12 17:09:53,37.13,15.15
2024-01-12 17:12:19,36.75,14.85
2024-01-12 17:14:46,29.9,12.8
2024-01-12 17:17:12,25.85,10.93
2024-01-12 17:19:38,31.25,14.2
2024-01-12 17:22:04,33.33,12.35
2024-01-12 17:24:30,28.52,10.95
2024-01-12 17:26:56,27.27,10.9
2024-01-12 17:29:23,23.65,10.18
2024-01-12 17:31:49,21.98,10.02
2024-01-12 17:34:16,26.92,10.75
2024-01-12 17:36:42,23.0,10.23
2024-01-12 17:39:16,20.23,8.82
2024-01-12 17:41:45,20.48,9.35
2024-01-12 17:44:11,20.13,8.07
2024-01-12 17:46:38,25.92,9.55
2024-01-12 17:49:04,22.4,9.4
2024-01-12 17:51:30,21.95,9.6
2024-01-12 17:53:59,24.3,9.32
2024-01-12 17:56:25,25.27,10.07
2024-01-12 17:58:52,18.08,8.18
2024-01-12 18:01:18,21.27,9.38
2024-01-12 18:03:45,23.1,8.55
2024-01-12 18:06:11,25.2,9.23
2024-01-12 18:08:37,24.0,9.15
2024-01-12 18:11:03,32.0,9.23
2024-01-12 18:13:35,26.67,8.82
2024-01-12 18:16:01,20.95,9.13
2024-01-12 18:18:28,24.92,9.98
2024-01-12 18:20:54,21.38,8.2
2024-01-12 18:23:20,29.67,8.5
2024-01-12 18:25:48,24.38,9.38
2024-01-12 18:28:15,25.05,10.1
2024-01-12 18:30:41,21.55,10.4
2024-01-12 18:33:07,30.35,10.5
2024-01-12 18:35:33,26.95,10.5
2024-01-12 18:37:59,21.27,9.57
2024-01-12 18:40:25,26.35,10.48
2024-01-12 18:42:51,30.48,11.57
2024-01-12 18:45:17,29.35,11.7
2024-01-12 18:47:43,24.02,10.3
2024-01-12 18:50:09,27.08,10.7
2024-01-12 18:52:35,20.95,10.63
2024-01-12 18:55:03,19.7,8.73
2024-01-12 18:57:30,20.88,9.25
2024-01-12 18:59:56,25.92,9.65
2024-01-12 19:02:22,24.27,8.85
2024-01-12 19:04:48,16.73,7.75
2024-01-12 19:07:14,27.8,8.45
2024-01-12 19:09:40,22.7,8.68
2024-01-12 19:12:06,24.58,10.52
2024-01-12 19:14:33,25.73,9.0
2024-01-12 19:16:59,25.67,9.7
2024-01-12 19:19:25,24.15,9.38
2024-01-12 19:21:51,21.9,8.8
2024-01-12 19:24:17,25.33,9.45
2024-01-12 19:26:43,34.28,10.05
2024-01-12 19:29:09,22.25,9.48
2024-01-12 19:31:35,23.1,10.4
2024-01-12 19:34:01,25.4,10.07
2024-01-12 19:36:28,24.65,11.5
2024-01-12 19:38:54,28.05,10.93
2024-01-12 19:41:23,27.67,10.65
2024-01-12 19:43:50,29.45,10.85
2024-01-12 19:46:16,31.25,11.6
2024-01-12 19:48:42,22.75,10.55
2024-01-12 19:51:09,24.33,9.98
2024-01-12 19:53:35,26.75,10.4
2024-01-12 19:56:01,30.35,12.32
2024-01-12 19:58:27,27.4,11.05
2024-01-12 20:00:53,24.08,9.57
2024-01-12 20:03:25,26.88,10.48
2024-01-12 20:05:51,27.42,11.32
2024-01-12 20:08:17,26.45,11.13
2024-01-12 20:10:43,28.63,11.38
2024-01-12 20:13:09,33.25,12.77
2024-01-12 20:15:35,46.03,15.18
2024-01-12 20:18:02,37.7,13.52
2024-01-12 20:20:28,28.15,11.8
2024-01-12 20:22:54,34.35,13.05
2024-01-12 20:25:21,29.88,13.38
2024-01-12 20:27:47,34.6,13.75
2024-01-12 20:30:13,39.83,13.23
2024-01-12 20:32:39,33.85,12.32
2024-01-12 20:35:07,31.17,12.7
2024-01-12 20:37:33,34.53,12.7
2024-01-12 20:39:59,29.45,12.27
2024-01-12 20:42:25,22.88,11.18
2024-01-12 20:44:52,32.9,12.1
2024-01-12 20:47:18,28.4,11.88
2024-01-12 20:49:48,26.83,11.9
2024-01-12 20:52:14,30.27,11.68
2024-01-12 20:54:41,28.13,12.88
2024-01-12 20:57:07,34.9,12.95
2024-01-12 20:59:33,36.05,11.55
2024-01-12 21:01:59,27.95,13.0
2024-01-12 21:04:25,32.03,12.0
2024-01-12 21:06:51,26.75,11.45
2024-01-12 21:09:17,31.58,12.15
2024-01-12 21:11:43,27.9,11.5
2024-01-12 21:14:09,30.05,13.32
2024-01-12 21:16:35,28.52,10.93
2024-01-12 21:19:01,33.22,12.6
2024-01-12 21:21:28,26.88,12.8
2024-01-12 21:23:54,37.88,15.2
2024-01-12 21:26:20,31.48,12.75
2024-01-12 21:28:47,27.08,11.52
2024-01-12 21:31:14,35.05,11.65
2024-01-12 21:33:40,23.67,11.2
2024-01-12 21:36:06,30.92,13.38
2024-01-12 21:38:32,32.63,12.2
2024-01-12 21:40:58,30.0,12.25
2024-01-12 21:43:25,90.82,33.7
2024-01-12 21:45:51,101.72,37.95
2024-01-12 21:48:17,102.03,39.25
2024-01-12 21:50:43,103.05,38.72
2024-01-12 21:53:09,100.07,37.3
2024-01-12 21:55:35,94.0,37.6
2024-01-12 21:58:01,96.55,36.3
2024-01-12 22:00:33,88.6,35.3
2024-01-12 22:02:59,99.22,36.63
2024-01-12 22:05:25,91.07,31.3
2024-01-12 22:07:51,85.43,31.45
2024-01-12 22:10:17,79.82,30.6
2024-01-12 22:12:43,74.2,28.65
2024-01-12 22:15:09,79.22,30.3
2024-01-12 22:17:36,68.35,27.02
2024-01-12 22:20:02,65.32,25.77
2024-01-12 22:22:29,75.38,26.85
2024-01-12 22:24:55,73.9,26.67
2024-01-12 22:27:21,63.45,25.42
2024-01-12 22:29:47,67.07,26.38
2024-01-12 22:32:13,59.6,24.15
2024-01-12 22:34:39,76.45,28.65
2024-01-12 22:37:05,59.58,23.88
2024-01-12 22:39:31,79.28,28.05
2024-01-12 22:41:57,78.8,28.15
2024-01-12 22:44:23,68.47,28.4
2024-01-12 22:46:51,66.15,26.7
2024-01-12 22:49:17,67.03,26.1
2024-01-12 22:51:43,76.85,28.9
2024-01-12 22:54:09,84.7,29.55
2024-01-12 22:56:35,57.55,24.27
2024-01-12 22:59:02,65.65,24.0
2024-01-12 23:01:28,64.25,26.08
2024-01-12 23:03:54,55.28,21.55
2024-01-12 23:06:20,49.83,20.92
2024-01-12 23:08:46,66.6,23.45
2024-01-12 23:11:12,55.88,21.88
2024-01-12 23:13:38,62.05,22.42
2024-01-12 23:16:04,57.6,21.55
2024-01-12 23:18:32,48.33,20.45
2024-01-12 23:20:58,50.2,19.3
2024-01-12 23:23:24,59.33,20.42
2024-01-12 23:25:51,54.58,21.52
2024-01-12 23:28:17,52.22,20.6
2024-01-12 23:30:43,56.4,22.02
2024-01-12 23:33:09,62.5,23.15
2024-01-12 23:35:35,53.65,22.3
2024-01-12 23:38:02,49.7,19.98
2024-01-12 23:40:28,68.15,23.65
2024-01-12 23:42:54,48.13,20.1
2024-01-12 23:45:20,52.1,21.13
2024-01-12 23:47:46,55.97,22.42
2024-01-12 23:50:12,58.38,22.1
2024-01-12 23:52:38,55.38,23.5
2024-01-12 23:55:04,67.3,25.38
2024-01-12 23:57:33,55.1,22.2
2024-01-13 00:00:00,56.05,21.38
2024-01-13 00:02:26,55.88,22.73
2024-01-13 00:04:53,60.67,21.2
2024-01-13 00:07:19,53.8,20.65
2024-01-13 00:09:45,52.15,20.65
2024-01-13 00:12:11,51.88,21.65
2024-01-13 00:14:37,53.65,20.3
2024-01-13 00:17:03,58.78,23.38
2024-01-13 00:19:29,60.8,22.65
2024-01-13 00:21:55,53.95,23.88
2024-01-13 00:24:21,58.08,22.42
2024-01-13 00:26:47,59.6,24.17
2024-01-13 00:29:13,64.1,23.4
2024-01-13 00:31:39,54.22,21.7
2024-01-13 00:34:05,55.13,22.58
2024-01-13 00:36:31,57.63,22.83
2024-01-13 00:38:58,53.85,23.5
2024-01-13 00:41:24,55.4,21.92
2024-01-13 00:43:50,64.18,22.83
2024-01-13 00:46:16,72.75,25.42
2024-01-13 00:48:42,69.65,27.98
2024-01-13 00:51:10,65.65,25.83
2024-01-13 00:53:36,69.47,29.23
2024-01-13 00:56:02,72.07,27.6
2024-01-13 00:58:28,63.0,24.8
2024-01-13 01:00:54,63.42,25.83
2024-01-13 01:03:25,58.35,23.35
2024-01-13 01:05:51,65.72,23.8
2024-01-13 01:08:17,74.2,24.63
2024-01-13 01:10:44,70.2,25.33
2024-01-13 01:13:10,54.65,21.9
2024-01-13 01:15:36,56.13,22.75
2024-01-13 01:18:02,53.15,22.63
2024-01-13 01:20:28,58.8,25.38
2024-01-13 01:22:54,63.25,25.08
2024-01-13 01:25:20,47.9,20.1
2024-01-13 01:27:46,48.42,19.15
2024-01-13 01:30:12,59.33,22.02
2024-01-13 01:32:39,47.28,21.45
2024-01-13 01:35:05,54.4,22.4
2024-01-13 01:37:34,60.33,25.92
2024-01-13 01:40:01,63.28,25.92
2024-01-13 01:42:27,68.03,29.3
2024-01-13 01:44:53,85.93,31.52
2024-01-13 01:50:11,72.8,29.33
2024-01-13 01:52:37,75.88,31.05
2024-01-13 01:55:04,62.7,26.65
2024-01-13 01:57:30,58.42,24.35
2024-01-13 01:59:58,69.7,25.17
2024-01-13 02:02:24,96.82,32.53
2024-01-13 02:04:51,73.25,28.75
2024-01-13 02:07:20,55.08,22.9
2024-01-13 02:09:46,51.97,21.0
2024-01-13 02:12:12,38.25,17.05
2024-01-13 02:14:38,44.67,18.5
2024-01-13 02:17:04,51.58,20.48
2024-01-13 02:19:31,40.7,16.88
2024-01-13 02:21:58,56.92,23.17
2024-01-13 02:24:24,49.83,21.38
2024-01-13 02:26:50,46.28,17.33
2024-01-13 02:29:16,55.1,21.7
2024-01-13 02:31:42,35.2,14.85
2024-01-13 02:34:09,31.95,12.4
2024-01-13 02:36:35,24.38,9.95
2024-01-13 02:39:01,26.88,11.93
2024-01-13 02:41:27,53.22,24.3
2024-01-13 02:43:53,70.72,28.08
2024-01-13 02:46:19,53.0,19.35
2024-01-13 02:48:46,36.05,15.43
2024-01-13 02:51:14,36.83,16.63
2024-01-13 02:53:41,44.78,17.17
2024-01-13 02:56:07,40.7,17.4
2024-01-13 02:58:33,45.3,17.5
2024-01-13 03:00:59,41.67,17.85
2024-01-13 03:03:31,52.92,19.98
2024-01-13 03:05:57,59.72,22.92
2024-01-13 03:08:23,31.15,12.9
2024-01-13 03:10:50,61.92,24.33
2024-01-13 03:13:16,51.97,20.83
2024-01-13 03:15:42,58.08,22.35
2024-01-13 03:18:08,44.15,17.73
2024-01-13 03:20:34,38.05,17.45
2024-01-13 03:23:00,27.92,11.48
2024-01-13 03:25:26,46.17,20.02
2024-01-13 03:27:52,33.15,13.2
2024-01-13 03:30:18,33.5,13.23
2024-01-13 03:32:44,35.17,13.73
2024-01-13 03:35:11,46.38,18.58
2024-01-13 03:37:37,44.17,16.52
2024-01-13 03:40:03,35.4,16.2
2024-01-13 03:42:29,39.75,17.52
2024-01-13 03:44:55,51.47,18.73
2024-01-13 03:47:21,46.8,20.08
2024-01-13 03:49:48,30.92,12.95
2024-01-13 03:52:14,30.27,10.38
2024-01-13 03:54:40,20.63,9.23
2024-01-13 03:57:07,25.58,10.25
2024-01-13 03:59:33,24.02,10.73
2024-01-13 04:01:59,38.17,12.82
2024-01-13 04:04:25,27.8,11.3
2024-01-13 04:06:51,33.28,10.45
2024-01-13 04:09:17,31.1,14.05
2024-01-13 04:11:43,21.42,11.27
2024-01-13 04:14:09,28.55,11.5
2024-01-13 04:16:35,56.95,18.92
2024-01-13 04:19:01,33.42,15.48
2024-01-13 04:21:27,34.65,15.6
2024-01-13 04:23:53,60.08,23.02
2024-01-13 04:26:20,59.72,23.73
2024-01-13 04:28:46,64.18,25.48
2024-01-13 04:31:12,65.68,26.05
2024-01-13 04:33:38,57.9,26.27
2024-01-13 04:36:04,56.63,24.27
2024-01-13 04:38:31,76.13,27.7
2024-01-13 04:40:57,68.57,31.38
2024-01-13 04:43:23,66.53,27.6
2024-01-13 04:45:49,57.63,25.75
2024-01-13 04:48:15,56.28,24.8
2024-01-13 04:50:42,70.57,25.15
2024-01-13 04:53:09,73.28,27.4
2024-01-13 04:55:35,65.55,27.27
2024-01-13 04:58:01,44.67,16.73
2024-01-13 05:00:27,60.3,22.35
2024-01-13 05:02:53,76.07,30.95
2024-01-13 05:05:19,95.7,42.78
2024-01-13 05:07:45,104.7,43.13
2024-01-13 05:10:11,100.95,44.78
2024-01-13 05:12:37,102.57,43.33
2024-01-13 05:15:03,99.45,43.6
2024-01-13 05:17:30,107.2,45.47
2024-01-13 05:19:56,100.45,43.5
2024-01-13 05:22:22,95.43,42.05
2024-01-13 05:24:49,94.07,39.55
2024-01-13 05:27:15,92.15,39.92
2024-01-13 05:29:42,94.88,40.83
2024-01-13 05:32:08,91.22,38.2
2024-01-13 05:34:35,81.7,36.28
2024-01-13 05:37:01,106.32,36.28
2024-01-13 05:39:27,70.15,32.78
2024-01-13 05:41:53,76.03,31.13
2024-01-13 05:44:19,64.9,26.8
2024-01-13 05:46:45,70.9,27.3
2024-01-13 05:49:11,65.45,26.55
2024-01-13 05:51:37,66.47,25.15
2024-01-13 05:54:03,71.9,26.77
2024-01-13 05:56:29,73.07,24.85
2024-01-13 05:58:55,72.25,27.63
2024-01-13 06:01:21,66.4,26.48
2024-01-13 06:03:49,72.8,25.5
2024-01-13 06:06:18,57.88,26.38
2024-01-13 06:08:45,67.57,26.85
2024-01-13 06:11:11,64.57,27.1
2024-01-13 06:13:38,61.9,23.25
2024-01-13 06:16:04,63.08,24.65
2024-01-13 06:18:31,66.25,24.65
2024-01-13 06:20:57,56.33,22.88
2024-01-13 06:23:23,67.47,24.83
2024-01-13 06:25:49,57.97,22.85
2024-01-13 06:28:16,60.9,25.77
2024-01-13 06:30:42,59.92,23.52
2024-01-13 06:33:08,65.35,23.88
2024-01-13 06:35:34,64.95,24.23
2024-01-13 06:38:00,56.88,24.33
2024-01-13 06:40:26,78.85,28.25
2024-01-13 06:42:52,73.57,26.65
2024-01-13 06:45:18,61.15,25.08
2024-01-13 06:47:44,74.15,26.6
2024-01-13 06:50:10,62.9,25.08
2024-01-13 06:52:36,54.08,20.77
2024-01-13 06:55:03,47.88,19.92
2024-01-13 06:57:29,49.47,19.4
2024-01-13 06:59:56,44.3,17.1
2024-01-13 07:02:22,46.2,17.9
2024-01-13 07:04:48,48.75,18.65
2024-01-13 07:07:15,56.83,17.25
2024-01-13 07:09:41,39.28,18.13
2024-01-13 07:12:07,53.55,19.88
2024-01-13 07:14:35,52.15,20.2
2024-01-13 07:17:01,53.2,21.67
2024-01-13 07:19:27,55.7,24.27
2024-01-13 07:21:53,60.0,23.45
2024-01-13 07:24:19,59.4,23.8
2024-01-13 07:26:45,51.85,22.1
2024-01-13 07:29:11,54.85,23.05
2024-01-13 07:31:38,50.58,20.7
2024-01-13 07:34:04,55.25,21.2
2024-01-13 07:36:30,51.78,21.95
2024-01-13 07:38:56,55.03,20.83
2024-01-13 07:41:22,54.63,21.23
2024-01-13 07:43:48,53.85,20.2
2024-01-13 07:46:14,48.97,19.75
2024-01-13 07:48:40,52.63,20.85
2024-01-13 07:51:06,48.05,21.13
2024-01-13 07:53:32,47.47,21.27
2024-01-13 07:55:58,55.08,22.08
2024-01-13 07:58:24,71.68,24.65
2024-01-13 08:00:50,51.45,21.48
2024-01-13 08:03:17,53.22,19.75
2024-01-13 08:05:43,57.42,20.75
2024-01-13 08:08:10,51.5,21.35
2024-01-13 08:10:36,43.75,19.63
2024-01-13 08:13:03,50.47,20.75
2024-01-13 08:15:30,48.42,18.4
2024-01-13 08:17:56,54.6,19.75
2024-01-13 08:20:22,47.45,19.17
2024-01-13 08:22:48,43.13,16.73
2024-01-13 08:25:14,56.15,21.48
2024-01-13 08:27:40,38.9,13.93
2024-01-13 08:30:06,37.25,14.4
2024-01-13 08:32:33,32.38,14.5
2024-01-13 08:34:59,48.03,17.15
2024-01-13 08:37:25,43.58,16.65
2024-01-13 08:39:51,38.97,15.6
2024-01-13 08:42:17,42.17,14.63
2024-01-13 08:44:44,34.75,13.02
2024-01-13 08:47:10,35.25,15.1
2024-01-13 08:49:36,47.17,17.02
2024-01-13 08:52:02,36.08,15.57
2024-01-13 08:54:29,39.0,16.23
2024-01-13 08:56:55,33.13,16.55
2024-01-13 08:59:21,44.75,16.1
2024-01-13 09:01:47,43.2,15.88
2024-01-13 09:04:13,33.47,13.52
2024-01-13 09:06:39,37.38,14.48
2024-01-13 09:09:05,33.03,12.45
2024-01-13 09:11:32,26.1,10.88
2024-01-13 09:13:58,20.58,8.63
2024-01-13 09:16:24,22.52,8.9
2024-01-13 09:18:50,17.25,7.75
2024-01-13 09:21:16,20.98,9.15
2024-01-13 09:23:43,21.77,9.05
2024-01-13 09:26:09,25.35,10.88
2024-01-13 09:28:35,22.65,10.05
2024-01-13 09:31:01,21.83,8.55
2024-01-13 09:33:27,21.25,7.53
2024-01-13 09:35:53,16.92,6.82
2024-01-13 09:38:19,14.73,6.78
2024-01-13 09:40:45,15.7,7.65
2024-01-13 09:45:38,14.35,6.63
2024-01-13 09:48:07,17.55,7.0
2024-01-13 09:50:35,22.8,7.85
2024-01-13 09:53:02,29.92,11.73
2024-01-13 09:55:32,16.52,6.95
2024-01-13 09:57:58,14.75,6.68
2024-01-13 10:00:25,21.38,6.95
2024-01-13 10:02:55,14.43,5.53
2024-01-13 10:05:22,18.92,6.7
2024-01-13 10:07:49,17.55,6.93
2024-01-13 10:10:16,22.75,7.32
2024-01-13 10:12:44,16.88,6.45
2024-01-13 10:15:16,19.88,7.25
2024-01-13 10:17:42,14.05,5.93
2024-01-13 10:20:12,16.9,5.78
2024-01-13 10:22:38,18.38,6.8
2024-01-13 10:25:05,13.8,5.78
2024-01-13 10:27:32,18.83,5.85
2024-01-13 10:29:58,14.95,6.4
2024-01-13 10:32:24,14.45,6.68
2024-01-13 10:34:52,12.93,6.15
2024-01-13 10:37:19,17.0,6.43
2024-01-13 10:39:45,14.2,6.1
2024-01-13 10:42:11,14.3,6.25
2024-01-13 10:44:41,14.32,6.2
2024-01-13 10:47:12,13.65,6.05
2024-01-13 10:49:39,13.02,5.5
2024-01-13 10:52:06,17.7,5.95
2024-01-13 10:54:32,12.9,5.78
2024-01-13 10:56:59,11.43,5.35
2024-01-13 10:59:28,13.3,6.25
2024-01-13 11:01:57,13.48,6.0
2024-01-13 11:04:24,14.73,5.93
2024-01-13 11:06:50,12.73,5.53
2024-01-13 11:09:17,15.32,6.07
2024-01-13 11:11:49,25.35,9.4
2024-01-13 11:14:21,13.35,7.05
2024-01-13 11:16:49,15.13,6.05
2024-01-13 11:19:16,15.38,6.85
2024-01-13 11:21:42,14.88,5.9
2024-01-13 11:24:13,15.15,6.82
2024-01-13 11:26:44,14.25,6.18
2024-01-13 11:29:18,15.93,6.18
2024-01-13 11:31:45,10.52,5.47
2024-01-13 11:34:12,12.98,5.38
2024-01-13 11:36:38,14.93,6.13
2024-01-13 11:39:05,17.83,6.63
2024-01-13 11:44:07,16.4,6.72
2024-01-13 11:46:37,11.8,6.0
2024-01-13 11:49:06,16.8,6.25
2024-01-13 11:52:14,15.38,7.18
2024-01-13 11:54:24,12.88,6.5
2024-01-13 11:56:51,15.02,6.35
2024-01-13 11:59:17,14.15,6.6
2024-01-13 12:01:45,14.52,5.9
2024-01-13 12:04:11,13.57,6.35
2024-01-13 12:06:39,18.33,7.03
2024-01-13 12:09:07,16.3,6.4
2024-01-13 12:11:33,15.48,6.05
2024-01-13 12:14:02,15.85,7.03
2024-01-13 12:16:28,18.05,6.93
2024-01-13 12:18:54,14.38,6.25
2024-01-13 12:21:20,15.27,6.9
2024-01-13 12:23:47,16.88,5.93
2024-01-13 12:26:13,14.05,5.8
2024-01-13 12:28:39,14.8,7.28
2024-01-13 12:31:06,12.23,5.75
2024-01-13 12:33:32,16.77,6.72
2024-01-13 12:35:58,11.93,5.75
2024-01-13 12:38:28,12.82,6.35
2024-01-13 12:40:54,13.6,6.43
2024-01-13 12:43:22,11.35,5.97
2024-01-13 12:45:49,12.75,6.38
2024-01-13 12:48:15,13.48,6.43
2024-01-13 12:50:42,11.98,5.9
2024-01-13 12:53:08,12.15,6.38
2024-01-13 12:55:35,16.92,6.7
2024-01-13 12:58:01,15.57,6.38
2024-01-13 13:00:28,11.85,5.85
2024-01-13 13:02:57,18.27,6.8
2024-01-13 13:05:23,14.32,7.25
2024-01-13 13:07:49,12.45,6.05
2024-01-13 13:10:16,12.57,6.45
2024-01-13 13:12:44,16.1,7.75
2024-01-13 13:15:10,13.38,6.88
2024-01-13 13:17:37,13.25,6.35
2024-01-13 13:20:03,11.88,7.38
2024-01-13 13:22:32,15.95,7.55
2024-01-13 13:25:03,14.32,6.2
2024-01-13 13:27:30,12.57,6.43
2024-01-13 13:29:57,18.88,7.2
2024-01-13 13:32:23,14.23,6.45
2024-01-13 13:34:49,11.4,6.15
2024-01-13 13:37:16,13.65,6.8
2024-01-13 13:39:42,14.82,6.78
2024-01-13 13:42:08,15.18,7.03
2024-01-13 13:44:34,13.1,6.78
2024-01-13 13:47:02,12.6,6.6
2024-01-13 13:49:28,15.95,7.72
2024-01-13 13:51:55,12.88,7.25
2024-01-13 13:54:22,11.98,6.53
2024-01-13 13:56:48,12.55,6.8
2024-01-13 13:59:15,14.3,7.35
2024-01-13 14:01:41,17.38,7.55
2024-01-13 14:04:08,20.7,7.57
2024-01-13 14:06:35,18.17,8.15
2024-01-13 14:09:01,19.8,7.68
2024-01-13 14:11:27,14.3,7.72
2024-01-13 14:13:54,12.77,7.4
2024-01-13 14:16:20,14.93,7.0
2024-01-13 14:18:46,14.63,7.85
2024-01-13 14:21:15,14.8,7.55
2024-01-13 14:23:42,16.3,8.32
2024-01-13 14:26:09,15.95,7.45
2024-01-13 14:28:36,13.6,7.7
2024-01-13 14:31:02,15.27,7.5
2024-01-13 14:33:31,18.33,8.3
2024-01-13 14:35:57,19.92,9.5
2024-01-13 14:38:23,18.0,9.35
2024-01-13 14:40:49,27.52,11.9
2024-01-13 14:43:15,29.8,12.68
2024-01-13 14:45:42,26.65,13.52
2024-01-13 14:48:08,33.65,13.07
2024-01-13 14:50:34,26.42,10.07
2024-01-13 14:53:01,17.77,9.77
2024-01-13 14:55:27,27.48,12.02
2024-01-13 14:57:54,27.3,13.07
2024-01-13 15:00:20,35.28,13.13
2024-01-13 15:02:46,33.5,12.05
2024-01-13 15:05:12,28.95,13.25
2024-01-13 15:07:39,24.13,12.3
2024-01-13 15:10:05,31.3,13.68
2024-01-13 15:12:32,32.95,14.3
2024-01-13 15:14:58,29.08,11.7
2024-01-13 15:17:24,24.25,11.25
2024-01-13 15:19:50,36.88,13.23
2024-01-13 15:22:16,31.33,14.13
2024-01-13 15:24:42,35.7,15.9
2024-01-13 15:27:08,47.2,16.35
2024-01-13 15:29:35,44.1,17.63
2024-01-13 15:32:01,39.17,15.55
2024-01-13 15:34:27,38.33,14.65
2024-01-13 15:36:53,30.15,14.05
2024-01-13 15:39:19,27.25,12.68
2024-01-13 15:41:45,30.95,11.45
2024-01-13 15:44:11,32.3,13.98
2024-01-13 15:46:37,31.9,13.6
2024-01-13 15:49:03,37.42,15.48
2024-01-13 15:51:31,32.6,13.7
2024-01-13 15:53:58,35.75,12.88
2024-01-13 15:56:24,34.75,12.88
2024-01-13 15:58:50,40.58,16.95
2024-01-13 16:01:16,41.58,18.23
2024-01-13 16:03:42,35.75,17.25
2024-01-13 16:06:08,39.2,15.75
2024-01-13 16:08:34,31.0,13.8
2024-01-13 16:11:00,29.52,14.2
2024-01-13 16:13:27,33.33,14.5
2024-01-13 16:15:53,32.63,14.25
2024-01-13 16:18:19,30.5,13.6
2024-01-13 16:20:46,36.58,14.93
2024-01-13 16:23:12,36.22,14.5
2024-01-13 16:25:38,37.8,14.07
2024-01-13 16:28:05,34.92,14.6
2024-01-13 16:30:31,31.67,13.45
2024-01-13 16:32:57,26.13,11.98
2024-01-13 16:35:23,29.52,13.23
2024-01-13 16:37:49,28.17,11.6
2024-01-13 16:40:15,29.7,12.18
2024-01-13 16:42:45,29.83,12.35
2024-01-13 16:45:11,30.92,12.3
2024-01-13 16:47:37,26.02,12.38
2024-01-13 16:50:03,31.7,13.82
2024-01-13 16:52:29,28.3,13.5
2024-01-13 16:54:55,32.95,13.7
2024-01-13 16:57:21,34.3,14.52
2024-01-13 16:59:48,33.03,13.32
2024-01-13 17:02:14,42.15,16.67
2024-01-13 17:04:40,34.4,16.15
2024-01-13 17:07:06,34.78,14.8
2024-01-13 17:09:32,50.22,19.67
2024-01-13 17:11:58,61.1,23.9
2024-01-13 17:14:24,36.2,16.48
2024-01-13 17:16:50,37.63,15.73
2024-01-13 17:19:16,32.1,13.75
2024-01-13 17:21:43,49.17,18.08
2024-01-13 17:24:10,44.33,19.42
2024-01-13 17:26:36,73.15,27.33
2024-01-13 17:29:02,59.9,22.35
2024-01-13 17:31:28,56.5,20.58
2024-01-13 17:33:54,52.78,21.63
2024-01-13 17:36:20,58.33,24.0
2024-01-13 17:38:47,70.57,24.13
2024-01-13 17:41:13,62.67,24.92
2024-01-13 17:43:39,66.53,26.05
2024-01-13 17:46:05,60.38,23.02
2024-01-13 17:48:32,58.85,22.3
2024-01-13 17:50:58,54.58,21.42
2024-01-13 17:53:24,59.1,23.7
2024-01-13 17:55:51,62.03,24.25
2024-01-13 17:58:18,53.25,22.52
2024-01-13 18:00:44,59.85,22.88
2024-01-13 18:03:10,55.88,22.58
2024-01-13 18:05:37,58.58,24.23
2024-01-13 18:08:03,48.88,21.15
2024-01-13 18:10:30,58.22,21.1
2024-01-13 18:12:57,57.3,19.35
2024-01-13 18:15:23,42.65,15.8
2024-01-13 18:17:49,48.83,19.67
2024-01-13 18:20:21,47.2,18.38
2024-01-13 18:22:47,81.05,29.73
2024-01-13 18:25:13,61.8,27.23
2024-01-13 18:27:39,66.43,25.17
2024-01-13 18:30:05,48.75,20.8
2024-01-13 18:32:33,75.2,26.8
2024-01-13 18:34:59,62.35,24.63
2024-01-13 18:37:25,74.38,27.08
2024-01-13 18:39:51,80.1,28.38
2024-01-13 18:42:18,57.58,25.25
2024-01-13 18:44:44,53.2,21.45
2024-01-13 18:47:10,51.35,19.92
2024-01-13 18:49:36,49.58,22.27
2024-01-13 18:52:04,59.92,25.35
2024-01-13 18:54:30,81.25,28.42
2024-01-13 18:56:56,69.05,27.67
2024-01-13 18:59:24,65.72,24.15
2024-01-13 19:01:51,66.45,25.73
2024-01-13 19:04:17,55.58,20.95
2024-01-13 19:06:43,53.47,21.3
2024-01-13 19:09:09,64.5,26.08
2024-01-13 19:11:39,95.5,33.83
2024-01-13 19:14:05,90.1,35.55
2024-01-13 19:16:31,91.47,37.3
2024-01-13 19:19:01,97.43,38.97
2024-01-13 19:21:29,97.75,36.47
2024-01-13 19:23:55,86.15,36.1
2024-01-13 19:26:22,93.32,36.3
2024-01-13 19:28:48,82.4,35.45
2024-01-13 19:31:14,84.03,30.33
2024-01-13 19:33:40,91.03,28.63
2024-01-13 19:36:06,77.72,26.17
2024-01-13 19:38:32,78.72,27.17
2024-01-13 19:40:59,66.6,25.98
2024-01-13 19:43:25,62.65,24.48
2024-01-13 19:45:51,60.42,25.7
2024-01-13 19:48:17,57.0,23.95
2024-01-13 19:50:45,61.4,22.63
2024-01-13 19:53:11,68.65,24.02
2024-01-13 19:55:37,45.28,20.1
2024-01-13 19:58:03,60.47,21.3
2024-01-13 20:00:29,52.47,22.25
2024-01-13 20:02:56,59.35,25.4
2024-01-13 20:05:22,52.72,23.83
2024-01-13 20:07:48,67.18,27.48
2024-01-13 20:10:14,71.65,25.15
2024-01-13 20:12:40,73.53,27.2
2024-01-13 20:15:07,54.75,25.0
2024-01-13 20:17:34,63.1,25.0
2024-01-13 20:20:00,57.97,24.67
2024-01-13 20:22:26,71.68,28.0
2024-01-13 20:24:53,80.65,31.55
2024-01-13 20:27:19,88.82,33.58
2024-01-13 20:29:45,106.95,41.13
2024-01-13 20:32:11,94.65,35.72
2024-01-13 20:34:37,111.03,35.5
2024-01-13 20:37:03,96.18,34.42
2024-01-13 20:39:29,83.07,33.33
2024-01-13 20:41:55,92.0,34.7
2024-01-13 20:44:21,103.85,40.75
2024-01-13 20:46:47,106.43,38.42
2024-01-13 20:49:14,91.8,37.33
2024-01-13 20:51:40,93.22,37.97
2024-01-13 20:54:06,87.45,36.72
2024-01-13 20:56:32,79.13,35.17
2024-01-13 20:58:58,79.65,31.58
2024-01-13 21:01:24,82.9,31.5
2024-01-13 21:03:55,71.3,29.15
2024-01-13 21:06:21,65.57,29.83
2024-01-13 21:08:47,73.35,29.92
2024-01-13 21:11:13,65.9,28.98
2024-01-13 21:13:39,83.35,31.15
2024-01-13 21:16:05,69.82,27.73
2024-01-13 21:18:33,78.22,30.4
2024-01-13 21:21:00,68.15,27.08
2024-01-13 21:23:29,64.72,27.3
2024-01-13 21:25:55,74.13,28.83
2024-01-13 21:28:21,65.18,25.48
2024-01-13 21:30:47,71.6,27.25
2024-01-13 21:33:14,71.9,27.67
2024-01-13 21:35:40,79.68,30.27
2024-01-13 21:38:06,69.53,28.67
2024-01-13 21:40:32,87.13,30.67
2024-01-13 21:43:01,82.15,29.05
2024-01-13 21:45:29,81.2,28.73
2024-01-13 21:47:55,76.18,28.95
2024-01-13 21:50:22,74.05,28.42
2024-01-13 21:52:48,71.2,26.8
2024-01-13 21:55:15,72.72,27.83
2024-01-13 21:57:42,65.43,27.63
2024-01-13 22:00:08,59.6,25.35
2024-01-13 22:02:37,72.03,31.3
2024-01-13 22:05:03,68.1,26.2
2024-01-13 22:07:29,63.8,27.2
2024-01-13 22:09:57,72.28,27.13
2024-01-13 22:12:23,70.25,28.48
2024-01-13 22:14:53,72.75,29.35
2024-01-13 22:17:19,79.75,30.63
2024-01-13 22:19:46,93.65,30.7
2024-01-13 22:22:12,90.78,30.55
2024-01-13 22:24:38,80.0,30.67
2024-01-13 22:27:04,66.95,29.27
2024-01-13 22:29:31,84.25,31.4
2024-01-13 22:31:58,72.35,30.7
2024-01-13 22:34:24,81.63,33.08
2024-01-13 22:36:50,88.82,31.67
2024-01-13 22:39:16,83.03,31.05
2024-01-13 22:41:45,74.55,27.42
2024-01-13 22:44:12,72.2,28.4
2024-01-13 22:46:38,71.07,29.38
2024-01-13 22:49:04,75.47,30.6
2024-01-13 22:51:30,83.1,30.25
2024-01-13 22:53:57,65.88,27.33
2024-01-13 22:56:23,64.82,26.85
2024-01-13 22:58:49,64.18,25.95
2024-01-13 23:01:15,62.25,25.67
2024-01-13 23:03:42,65.25,26.15
2024-01-13 23:06:08,63.17,25.0
2024-01-13 23:08:35,75.65,25.55
2024-01-13 23:11:02,67.13,25.05
2024-01-13 23:13:31,68.03,25.58
2024-01-13 23:15:57,68.6,26.33
2024-01-13 23:18:23,68.9,24.67
2024-01-13 23:20:51,69.85,24.65
2024-01-13 23:23:18,57.45,22.55
2024-01-13 23:25:44,65.3,23.27
2024-01-13 23:28:10,52.95,22.92
2024-01-13 23:30:38,65.2,27.7
2024-01-13 23:33:04,69.57,24.08
2024-01-13 23:35:30,58.17,23.25
2024-01-13 23:37:57,69.8,24.25
2024-01-13 23:40:24,64.6,26.1
2024-01-13 23:42:50,67.25,27.0
2024-01-13 23:45:16,63.33,25.7
2024-01-13 23:47:42,59.78,24.8
2024-01-13 23:50:10,65.88,26.8
2024-01-13 23:52:36,68.22,25.27
2024-01-13 23:55:03,63.63,26.45
2024-01-13 23:57:32,83.0,25.98
2024-01-13 23:59:59,74.5,27.17
2024-01-14 00:02:25,59.75,25.25
2024-01-14 00:04:51,59.7,22.98
2024-01-14 00:07:17,58.5,25.88
2024-01-14 00:09:43,63.4,24.1
2024-01-14 00:12:09,48.15,21.48
2024-01-14 00:14:35,56.28,22.92
2024-01-14 00:17:01,64.95,28.13
2024-01-14 00:19:27,75.15,27.85
2024-01-14 00:21:53,72.72,30.0
2024-01-14 00:24:19,78.18,30.73
2024-01-14 00:26:45,75.68,28.63
2024-01-14 00:29:11,68.53,27.75
2024-01-14 00:31:37,71.53,31.15
2024-01-14 00:34:04,77.88,31.13
2024-01-14 00:36:30,75.55,29.25
2024-01-14 00:38:56,67.0,28.08
2024-01-14 00:41:22,70.32,25.8
2024-01-14 00:43:48,77.38,26.88
2024-01-14 00:46:14,77.38,28.67
2024-01-14 00:48:40,76.47,27.88
2024-01-14 00:51:06,75.0,28.0
2024-01-14 00:53:33,91.22,32.55
2024-01-14 00:56:00,72.97,30.77
2024-01-14 00:58:26,75.68,32.3
2024-01-14 01:00:52,88.3,32.5
2024-01-14 01:03:18,83.47,34.0
2024-01-14 01:05:44,81.63,32.55
2024-01-14 01:08:10,75.55,32.17
2024-01-14 01:10:36,82.6,34.25
2024-01-14 01:13:02,87.45,33.8
2024-01-14 01:15:28,81.28,34.5
2024-01-14 01:17:55,90.88,32.6
2024-01-14 01:20:21,73.55,29.2
2024-01-14 01:22:47,74.82,30.05
2024-01-14 01:25:13,59.85,26.6
2024-01-14 01:27:40,60.17,27.08
2024-01-14 01:30:06,67.35,25.25
2024-01-14 01:32:32,70.85,26.63
2024-01-14 01:34:58,71.4,27.85
2024-01-14 01:37:24,74.05,25.98
2024-01-14 01:39:50,70.57,27.42
2024-01-14 01:42:16,66.95,27.45
2024-01-14 01:44:42,62.5,22.88
2024-01-14 01:47:08,64.6,22.83
2024-01-14 01:49:35,65.0,22.98
2024-01-14 01:52:01,54.65,22.25
2024-01-14 01:54:29,45.78,20.7
2024-01-14 01:56:55,65.47,24.05
2024-01-14 01:59:22,54.13,21.92
2024-01-14 02:01:49,54.0,22.17
2024-01-14 02:04:16,56.08,21.55
2024-01-14 02:06:42,49.05,19.2
2024-01-14 02:09:08,52.53,20.15
2024-01-14 02:11:35,48.0,19.15
2024-01-14 02:14:01,49.35,19.3
2024-01-14 02:16:27,52.1,20.4
2024-01-14 02:18:53,54.45,21.8
2024-01-14 02:21:21,56.95,23.23
2024-01-14 02:23:49,67.43,23.58
2024-01-14 02:26:18,56.25,23.05
2024-01-14 02:28:44,48.53,20.55
2024-01-14 02:31:10,43.17,19.23
2024-01-14 02:33:37,37.15,17.95
2024-01-14 02:36:03,48.42,17.85
2024-01-14 02:38:29,49.05,18.33
2024-01-14 02:40:55,47.03,18.35
2024-01-14 02:43:21,57.95,19.02
2024-01-14 02:45:47,44.6,18.77
2024-01-14 02:48:13,52.72,19.05
2024-01-14 02:50:39,51.6,18.92
2024-01-14 02:53:05,55.67,23.08
2024-01-14 02:55:32,61.63,21.7
2024-01-14 02:57:58,60.8,20.27
2024-01-14 03:00:25,63.53,22.77
2024-01-14 03:02:51,49.3,21.23
2024-01-14 03:05:17,49.7,21.42
2024-01-14 03:07:43,51.4,21.58
2024-01-14 03:10:09,54.55,22.33
2024-01-14 03:12:35,61.45,20.83
2024-01-14 03:15:01,66.93,21.9
2024-01-14 03:17:27,51.33,20.27
2024-01-14 03:19:53,48.4,21.48
2024-01-14 03:22:19,63.63,21.65
2024-01-14 03:24:46,54.3,22.08
2024-01-14 03:27:12,54.42,20.38
2024-01-14 03:29:38,57.95,21.98
2024-01-14 03:32:04,58.78,20.2
2024-01-14 03:34:30,50.6,18.85
2024-01-14 03:36:56,50.78,20.5
2024-01-14 03:39:22,47.08,19.08
2024-01-14 03:41:48,40.0,17.17
2024-01-14 03:44:14,54.2,19.52
2024-01-14 03:46:41,48.47,18.6
2024-01-14 03:49:07,48.6,18.65
2024-01-14 03:51:33,54.1,19.92
2024-01-14 03:53:59,46.55,18.88
2024-01-14 03:56:25,43.67,17.95
2024-01-14 03:58:51,42.9,18.35
2024-01-14 04:01:17,50.22,19.3
2024-01-14 04:03:44,51.7,19.0
2024-01-14 04:06:10,41.47,16.98
2024-01-14 04:08:36,58.6,21.35
2024-01-14 04:11:02,53.75,19.63
2024-01-14 04:13:28,52.75,18.92
2024-01-14 04:15:57,50.72,19.98
2024-01-14 04:18:23,48.35,19.6
2024-01-14 04:20:49,63.83,20.4
2024-01-14 04:23:15,60.05,21.2
2024-01-14 04:25:41,41.42,18.38
2024-01-14 04:28:07,49.6,18.98
2024-01-14 04:30:34,47.1,18.7
2024-01-14 04:33:00,46.63,18.55
2024-01-14 04:35:27,54.25,19.17
2024-01-14 04:37:53,56.22,23.33
2024-01-14 04:40:19,68.97,24.88
2024-01-14 04:42:45,69.03,30.42
2024-01-14 04:45:11,77.6,31.55
2024-01-14 04:47:38,78.6,32.05
2024-01-14 04:50:04,75.05,30.45
2024-01-14 04:52:30,74.95,31.83
2024-01-14 04:54:57,72.03,31.38
2024-01-14 04:57:23,62.13,28.13
2024-01-14 04:59:49,67.53,27.95
2024-01-14 05:02:15,80.03,30.17
2024-01-14 05:04:41,81.43,35.47
2024-01-14 05:07:07,78.78,34.88
2024-01-14 05:09:33,73.9,30.9
2024-01-14 05:11:59,84.3,31.85
2024-01-14 05:14:25,78.57,30.02
2024-01-14 05:16:51,64.47,27.55
2024-01-14 05:19:17,51.6,19.2
2024-01-14 05:21:43,36.25,15.93
2024-01-14 05:24:09,45.83,18.45
2024-01-14 05:26:39,52.0,21.7
2024-01-14 05:29:05,43.03,17.95
2024-01-14 05:31:32,46.78,17.77
2024-01-14 05:33:58,43.92,16.3
2024-01-14 05:36:24,46.15,17.67
2024-01-14 05:38:50,42.97,16.0
2024-01-14 05:41:16,40.75,15.2
2024-01-14 05:43:42,39.92,15.1
2024-01-14 05:46:08,41.67,15.77
2024-01-14 05:48:34,41.2,16.1
2024-01-14 05:51:00,27.15,13.85
2024-01-14 05:53:27,38.3,15.23
2024-01-14 05:55:53,42.3,15.82
2024-01-14 05:58:19,38.58,17.38
2024-01-14 06:00:45,45.47,17.85
2024-01-14 06:03:11,51.58,17.1
2024-01-14 06:05:37,51.03,18.85
2024-01-14 06:08:03,43.65,18.48
2024-01-14 06:10:30,45.25,18.88
2024-01-14 06:12:56,65.7,22.52
2024-01-14 06:15:22,60.22,22.63
2024-01-14 06:17:48,63.08,21.77
2024-01-14 06:20:14,52.45,21.02
2024-01-14 06:22:40,58.83,20.98
2024-01-14 06:25:07,63.33,21.33
2024-01-14 06:27:33,44.6,20.25
2024-01-14 06:29:59,49.28,20.7
2024-01-14 06:32:26,57.5,20.67
2024-01-14 06:34:52,40.28,18.25
2024-01-14 06:37:18,53.28,21.05
2024-01-14 06:39:44,49.35,18.42
2024-01-14 06:42:11,49.88,19.0
2024-01-14 06:44:37,59.15,20.98
2024-01-14 06:47:03,49.15,20.23
2024-01-14 06:49:30,48.3,17.67
2024-01-14 06:51:56,54.08,20.45
2024-01-14 06:54:22,44.88,20.25
2024-01-14 06:56:48,53.85,20.55
2024-01-14 06:59:14,49.7,20.77
2024-01-14 07:01:44,56.67,21.05
2024-01-14 07:04:14,43.92,18.05
2024-01-14 07:06:40,47.7,18.75
2024-01-14 07:09:07,49.25,19.77
2024-01-14 07:11:35,48.08,19.35
2024-01-14 07:14:01,42.7,17.73
2024-01-14 07:16:28,39.83,18.85
2024-01-14 07:18:54,54.42,19.45
2024-01-14 07:21:20,47.97,19.55
2024-01-14 07:23:48,46.1,19.23
2024-01-14 07:26:14,51.75,19.52
2024-01-14 07:28:41,46.17,19.23
2024-01-14 07:31:07,46.3,20.4
2024-01-14 07:33:34,55.55,20.38
2024-01-14 07:36:00,39.95,17.6
2024-01-14 07:38:26,45.4,20.63
2024-01-14 07:40:52,41.28,18.23
2024-01-14 07:43:18,43.65,18.65
2024-01-14 07:45:44,42.17,17.55
2024-01-14 07:48:10,48.92,18.45
2024-01-14 07:50:36,47.47,18.38
2024-01-14 07:53:02,54.6,20.83
2024-01-14 07:55:28,72.82,22.52
2024-01-14 07:57:54,46.92,19.52
2024-01-14 08:00:22,51.95,21.38
2024-01-14 08:02:48,45.75,19.8
2024-01-14 08:05:14,54.75,21.83
2024-01-14 08:07:40,52.17,21.63
2024-01-14 08:10:08,68.13,23.98
2024-01-14 08:12:34,61.55,24.42
2024-01-14 08:15:00,52.53,22.35
2024-01-14 08:17:26,64.43,23.4
2024-01-14 08:19:53,65.53,25.2
2024-01-14 08:22:19,61.15,24.73
2024-01-14 08:24:45,52.55,24.2
2024-01-14 08:27:11,68.18,23.77
2024-01-14 08:29:37,47.33,25.35
2024-01-14 08:32:03,64.93,26.88
2024-01-14 08:34:29,61.08,24.65
2024-01-14 08:36:56,63.67,26.48
2024-01-14 08:39:22,71.28,26.55
2024-01-14 08:41:48,63.5,25.6
2024-01-14 08:44:14,66.43,25.42
2024-01-14 08:46:40,71.18,27.63
2024-01-14 08:49:07,65.45,27.13
2024-01-14 08:51:33,65.18,26.55
2024-01-14 08:53:59,64.05,27.4
2024-01-14 08:56:29,70.7,28.5
2024-01-14 08:58:55,66.75,25.55
2024-01-14 09:01:22,74.13,27.7
2024-01-14 09:03:48,68.05,26.83
2024-01-14 09:06:14,76.85,28.77
2024-01-14 09:08:41,73.93,28.38
2024-01-14 09:11:07,72.72,29.2
2024-01-14 09:13:33,74.07,28.75
2024-01-14 09:15:59,69.32,27.6
2024-01-14 09:18:26,73.05,26.33
2024-01-14 09:20:52,71.93,29.35
2024-01-14 09:23:18,79.25,30.0
2024-01-14 09:25:44,75.95,30.35
2024-01-14 09:28:10,71.85,29.45
2024-01-14 09:30:37,69.7,31.13
2024-01-14 09:33:03,77.55,28.55
2024-01-14 09:35:29,78.7,30.05
2024-01-14 09:37:55,63.95,28.15
2024-01-14 09:40:21,69.75,29.35
2024-01-14 09:42:48,78.85,31.05
2024-01-14 09:45:16,78.03,30.2
2024-01-14 09:47:43,85.05,32.45
2024-01-14 09:50:10,79.32,29.65
2024-01-14 09:52:37,82.65,33.4
2024-01-14 09:55:03,80.5,30.08
2024-01-14 09:57:29,79.38,29.33
2024-01-14 09:59:56,93.72,30.98
2024-01-14 10:02:23,68.28,29.25
2024-01-14 10:04:52,85.07,31.98
2024-01-14 10:07:18,81.55,30.58
2024-01-14 10:09:44,84.22,31.02
2024-01-14 10:12:10,72.82,29.38
2024-01-14 10:14:36,70.57,27.73
2024-01-14 10:17:03,73.07,29.67
2024-01-14 10:19:29,83.3,30.7
2024-01-14 10:21:56,64.45,28.67
2024-01-14 10:24:22,63.13,27.23
2024-01-14 10:26:55,81.18,30.0
2024-01-14 10:29:21,72.13,27.67
2024-01-14 10:31:47,79.05,29.35
2024-01-14 10:34:15,80.47,30.63
2024-01-14 10:36:44,74.63,31.3
2024-01-14 10:39:10,77.15,32.72
2024-01-14 10:41:37,79.5,31.73
2024-01-14 10:44:04,89.57,31.5
2024-01-14 10:46:30,69.75,30.73
2024-01-14 10:49:01,69.03,31.17
2024-01-14 10:51:30,84.63,31.73
2024-01-14 10:56:28,60.42,28.13
2024-01-14 10:58:57,80.9,31.38
2024-01-14 11:01:25,77.2,31.35
2024-01-14 11:03:53,83.65,33.9
2024-01-14 11:06:20,72.43,31.52
2024-01-14 11:08:49,87.7,32.85
2024-01-14 11:11:15,102.45,37.7
2024-01-14 11:13:45,87.95,36.95
2024-01-14 11:18:43,103.7,39.42
2024-01-14 11:23:56,95.47,37.6
2024-01-14 11:26:26,102.85,38.92
2024-01-14 11:28:52,98.13,40.28
2024-01-14 11:31:20,108.43,40.22
2024-01-14 11:33:46,87.28,36.13
2024-01-14 11:36:13,88.63,35.83
2024-01-14 11:38:59,83.78,36.97
2024-01-14 11:41:31,100.32,37.85
2024-01-14 11:44:04,95.18,37.1
2024-01-14 11:49:01,93.55,38.38
2024-01-14 11:51:28,87.47,38.42
2024-01-14 11:53:58,80.85,34.47
2024-01-14 11:56:29,114.82,38.25
2024-01-14 11:58:59,90.53,37.7
2024-01-14 12:01:27,91.5,35.08
2024-01-14 12:04:03,88.45,37.15
2024-01-14 12:06:42,91.07,36.47
2024-01-14 12:09:09,79.15,35.38
2024-01-14 12:11:35,76.43,32.65
2024-01-14 12:14:02,78.1,33.8
2024-01-14 12:16:32,79.32,33.1
2024-01-14 12:18:58,84.45,32.08
2024-01-14 12:21:24,75.1,32.95
2024-01-14 12:23:51,82.82,34.08
2024-01-14 12:26:18,77.75,32.75
2024-01-14 12:28:44,74.55,29.5
2024-01-14 12:31:16,69.45,30.3
2024-01-14 12:33:44,72.55,30.45
2024-01-14 12:36:10,67.6,28.98
2024-01-14 12:38:37,61.35,25.4
2024-01-14 12:41:04,63.72,28.1
2024-01-14 12:43:30,70.05,31.23
2024-01-14 12:45:56,74.97,32.05
2024-01-14 12:48:23,66.6,30.55
2024-01-14 12:50:59,59.67,24.5
2024-01-14 12:53:26,53.67,23.88
2024-01-14 12:56:06,56.95,25.33
2024-01-14 12:58:32,62.75,25.15
2024-01-14 13:00:59,49.53,24.65
2024-01-14 13:03:25,60.47,25.98
2024-01-14 13:05:55,53.92,25.67
2024-01-14 13:08:21,57.22,26.73
2024-01-14 13:10:47,56.5,24.6
2024-01-14 13:13:13,54.4,27.0
2024-01-14 13:15:39,52.65,26.48
2024-01-14 13:18:05,48.8,22.17
2024-01-14 13:20:31,48.58,23.1
2024-01-14 13:22:58,48.85,22.45
2024-01-14 13:25:24,56.5,22.42
2024-01-14 13:27:50,50.78,24.88
2024-01-14 13:30:20,47.88,23.2
2024-01-14 13:32:51,76.0,24.05
2024-01-14 13:35:18,48.05,23.25
2024-01-14 13:37:44,49.97,25.95
2024-01-14 13:40:10,53.92,23.7
2024-01-14 13:42:39,50.4,23.48
2024-01-14 13:45:05,49.6,22.8
2024-01-14 13:47:35,50.22,23.83
2024-01-14 13:50:02,51.17,23.85
2024-01-14 13:52:28,52.5,24.02
2024-01-14 13:54:54,53.83,23.38
2024-01-14 13:57:21,60.58,24.15
2024-01-14 13:59:49,53.5,24.3
2024-01-14 14:02:15,54.45,23.17
2024-01-14 14:04:44,48.97,24.6
2024-01-14 14:07:10,56.03,26.17
2024-01-14 14:09:36,61.1,26.27
2024-01-14 14:12:03,62.78,27.48
2024-01-14 14:14:29,60.8,26.7
2024-01-14 14:16:56,67.13,27.3
2024-01-14 14:19:22,58.58,27.35
2024-01-14 14:21:48,50.97,24.83
2024-01-14 14:24:17,48.85,24.33
2024-01-14 14:26:43,59.35,26.38
2024-01-14 14:29:09,53.9,25.4
2024-01-14 14:31:37,57.63,26.1
2024-01-14 14:34:05,56.22,26.35
2024-01-14 14:36:31,57.85,27.5
2024-01-14 14:38:58,77.82,28.13
2024-01-14 14:41:24,67.03,30.58
2024-01-14 14:43:50,75.2,31.65
2024-01-14 14:46:16,81.05,33.47
2024-01-14 14:48:42,74.3,32.95
2024-01-14 14:51:09,78.35,34.83
2024-01-14 14:53:35,112.63,39.35
2024-01-14 14:56:02,86.3,35.6
2024-01-14 14:58:28,89.25,35.72
2024-01-14 15:00:54,77.43,33.53
2024-01-14 15:03:21,85.43,35.38
2024-01-14 15:05:47,81.18,33.83
2024-01-14 15:08:13,88.57,36.0
2024-01-14 15:10:40,83.03,33.13
2024-01-14 15:13:06,103.1,41.67
2024-01-14 15:15:32,104.35,44.38
2024-01-14 15:17:59,87.43,39.47
2024-01-14 15:20:25,92.35,35.3
2024-01-14 15:22:52,81.68,36.9
2024-01-14 15:25:18,92.97,36.33
2024-01-14 15:27:45,72.93,32.58
2024-01-14 15:30:11,81.63,32.55
2024-01-14 15:32:38,79.8,32.4
2024-01-14 15:35:04,86.05,35.33
2024-01-14 15:37:31,81.05,30.65
2024-01-14 15:39:58,62.85,28.1
2024-01-14 15:42:25,74.22,29.02
2024-01-14 15:44:51,63.28,27.63
2024-01-14 15:47:18,63.22,24.3
2024-01-14 15:49:47,55.85,23.52
2024-01-14 15:52:13,69.15,25.4
2024-01-14 15:54:40,66.38,26.92
2024-01-14 15:57:08,57.9,24.88
2024-01-14 15:59:34,60.25,26.45
2024-01-14 16:02:00,55.7,23.13
2024-01-14 16:04:27,59.97,23.67
2024-01-14 16:06:53,59.22,25.27
2024-01-14 16:09:20,65.32,27.52
2024-01-14 16:11:48,65.53,28.45
2024-01-14 16:14:15,73.78,29.55
2024-01-14 16:16:41,54.2,25.15
2024-01-14 16:19:08,68.57,27.45
2024-01-14 16:21:34,66.65,27.13
2024-01-14 16:24:01,65.05,26.65
2024-01-14 16:26:27,57.83,24.6
2024-01-14 16:28:54,60.22,24.4
2024-01-14 16:31:20,63.83,24.98
2024-01-14 16:33:50,67.03,26.73
2024-01-14 16:36:27,76.93,24.7
2024-01-14 16:38:54,68.63,24.7
2024-01-14 16:41:20,57.72,25.2
2024-01-14 16:43:47,57.5,24.17
2024-01-14 16:46:16,59.92,23.2
2024-01-14 16:48:45,64.82,25.6
2024-01-14 16:51:12,61.85,24.77
2024-01-14 16:53:38,76.63,27.85
2024-01-14 16:56:10,74.38,28.92
2024-01-14 16:58:36,101.78,36.03
2024-01-14 17:01:06,117.13,43.08
2024-01-14 17:03:32,106.8,41.65
2024-01-14 17:05:58,97.38,39.6
2024-01-14 17:08:24,85.18,34.5
2024-01-14 17:10:51,91.03,37.4
2024-01-14 17:13:17,89.78,36.95
2024-01-14 17:15:43,101.18,40.17
2024-01-14 17:18:14,109.55,42.22
2024-01-14 17:20:40,108.8,43.92
2024-01-14 17:23:07,126.18,44.35
2024-01-14 17:25:33,113.8,43.8
2024-01-14 17:27:59,117.5,45.35
2024-01-14 17:30:26,130.48,47.28
2024-01-14 17:32:53,127.15,48.67
2024-01-14 17:35:20,133.25,48.13
2024-01-14 17:37:47,120.0,46.33
2024-01-14 17:40:13,140.73,49.88
2024-01-14 17:42:39,131.35,50.75
2024-01-14 17:45:05,106.5,43.03
2024-01-14 17:47:32,103.4,38.55
2024-01-14 17:49:59,101.95,40.08
2024-01-14 17:52:25,110.2,41.75
2024-01-14 17:54:51,113.18,43.7
2024-01-14 17:57:18,129.25,48.17
2024-01-14 17:59:44,116.68,47.5
2024-01-14 18:02:10,143.2,54.85
2024-01-14 18:04:36,119.65,53.15
2024-01-14 18:07:04,130.77,48.55
2024-01-14 18:09:31,126.2,48.08
2024-01-14 18:11:58,125.63,49.05
2024-01-14 18:14:24,142.9,53.47
2024-01-14 18:16:50,150.93,53.55
2024-01-14 18:19:16,137.8,50.63
2024-01-14 18:21:42,149.2,56.35
2024-01-14 18:24:08,137.98,54.15
2024-01-14 18:26:34,148.88,54.83
2024-01-14 18:29:01,154.77,58.38
2024-01-14 18:31:28,135.32,56.53
2024-01-14 18:33:54,125.95,47.88
2024-01-14 18:36:20,138.2,50.85
2024-01-14 18:38:48,149.88,55.4
2024-01-14 18:41:14,126.4,47.83
2024-01-14 18:43:40,117.9,45.38
2024-01-14 18:46:07,105.25,42.53
2024-01-14 18:48:33,94.97,39.53
2024-01-14 18:50:59,96.0,37.95
2024-01-14 18:53:25,103.53,42.33
2024-01-14 18:55:51,99.3,40.97
2024-01-14 18:58:17,128.32,44.65
2024-01-14 19:00:47,113.47,43.88
2024-01-14 19:03:14,115.28,43.65
2024-01-14 19:05:40,113.43,45.58
2024-01-14 19:08:06,94.18,40.38
2024-01-14 19:10:33,94.53,38.7
2024-01-14 19:12:59,102.07,40.7
2024-01-14 19:15:26,105.05,39.28
2024-01-14 19:17:52,132.3,50.13
2024-01-14 19:20:18,134.2,46.75
2024-01-14 19:22:44,118.97,45.83
2024-01-14 19:25:11,133.35,48.08
2024-01-14 19:27:37,119.2,47.83
2024-01-14 19:30:03,123.97,48.58
2024-01-14 19:32:29,126.18,43.95
2024-01-14 19:34:55,125.13,48.45
2024-01-14 19:37:21,125.57,49.05
2024-01-14 19:39:48,104.7,44.63
2024-01-14 19:42:15,117.4,46.3
2024-01-14 19:44:42,106.38,44.6
2024-01-14 19:47:08,115.47,45.03
2024-01-14 19:49:34,113.78,44.47
2024-01-14 19:52:00,106.6,46.17
2024-01-14 19:54:26,107.72,44.47
2024-01-14 19:56:52,107.32,46.25
2024-01-14 19:59:19,107.07,44.95
2024-01-14 20:01:48,95.03,40.47
2024-01-14 20:04:14,111.43,40.33
2024-01-14 20:06:40,106.93,44.05
2024-01-14 20:09:06,102.2,41.42
2024-01-14 20:11:32,110.3,44.45
2024-01-14 20:13:58,104.0,42.17
2024-01-14 20:16:28,104.63,41.88
2024-01-14 20:18:54,98.05,41.88
2024-01-14 20:21:21,98.93,41.15
2024-01-14 20:23:47,84.63,38.6
2024-01-14 20:26:13,98.85,41.5
2024-01-14 20:28:39,111.47,41.2
2024-01-14 20:31:05,104.88,40.13
2024-01-14 20:33:31,106.68,42.83
2024-01-14 20:35:57,101.43,41.53
2024-01-14 20:38:25,106.03,41.45
2024-01-14 20:40:51,102.95,39.78
2024-01-14 20:43:17,125.28,44.92
2024-01-14 20:45:43,107.35,40.75
2024-01-14 20:48:09,103.25,39.92
2024-01-14 20:50:35,118.5,43.28
2024-01-14 20:53:01,129.43,49.33
2024-01-14 20:55:28,138.43,54.1
2024-01-14 20:57:54,147.27,53.03
2024-01-14 21:00:20,140.77,55.0
2024-01-14 21:02:46,143.75,58.2
2024-01-14 21:05:15,156.82,57.58
2024-01-14 21:07:42,135.25,53.4
2024-01-14 21:10:08,133.23,51.7
2024-01-14 21:12:35,131.68,50.35
2024-01-14 21:15:01,131.48,51.1
2024-01-14 21:17:28,119.55,49.28
2024-01-14 21:19:54,134.15,52.58
2024-01-14 21:22:20,121.95,52.85
2024-01-14 21:24:46,124.68,50.75
2024-01-14 21:27:12,122.53,47.9
2024-01-14 21:29:38,118.93,49.47
2024-01-14 21:32:04,115.05,45.6
2024-01-14 21:34:32,117.78,47.25
2024-01-14 21:36:59,144.75,50.97
2024-01-14 21:39:25,122.15,47.05
2024-01-14 21:41:51,123.72,49.75
2024-01-14 21:44:17,125.8,49.95
2024-01-14 21:46:43,132.32,49.3
2024-01-14 21:49:09,145.1,53.6
2024-01-14 21:51:39,140.32,53.55
2024-01-14 21:54:06,146.9,57.97
2024-01-14 21:56:32,156.85,62.3
2024-01-14 21:58:58,155.7,59.2
2024-01-14 22:01:24,141.38,56.0
2024-01-14 22:03:50,147.57,56.13
2024-01-14 22:06:16,131.27,53.08
2024-01-14 22:08:42,149.27,53.47
2024-01-14 22:11:08,147.63,49.53
2024-01-14 22:13:36,122.35,47.2
2024-01-14 22:16:02,115.25,43.9
2024-01-14 22:18:28,105.9,45.53
2024-01-14 22:20:54,109.18,44.55
2024-01-14 22:23:20,101.1,40.88
2024-01-14 22:25:46,115.9,44.3
2024-01-14 22:28:13,125.38,45.9
2024-01-14 22:30:41,110.2,44.88
2024-01-14 22:33:07,109.63,42.55
2024-01-14 22:35:33,133.8,47.97
2024-01-14 22:37:59,119.28,44.22
2024-01-14 22:40:25,108.78,43.47
2024-01-14 22:42:51,120.05,45.3
2024-01-14 22:45:17,128.3,45.55
2024-01-14 22:47:43,120.78,43.47
2024-01-14 22:50:09,105.28,43.8
2024-01-14 22:52:35,104.82,41.6
2024-01-14 22:55:01,113.75,41.3
2024-01-14 22:57:28,104.4,40.42
2024-01-14 22:59:54,97.43,41.2
2024-01-14 23:02:20,109.03,41.15
2024-01-14 23:04:46,132.77,52.33
2024-01-14 23:07:12,130.45,51.17
2024-01-14 23:09:39,146.15,54.03
2024-01-14 23:12:07,126.9,49.03
2024-01-14 23:14:33,136.6,52.78
2024-01-14 23:16:59,124.2,49.08
2024-01-14 23:19:25,119.82,47.72
2024-01-14 23:21:51,124.28,47.17
2024-01-14 23:24:17,122.93,48.5
2024-01-14 23:26:43,133.77,49.4
2024-01-14 23:29:09,137.4,53.2
2024-01-14 23:31:35,142.5,52.2
2024-01-14 23:34:01,156.48,52.95
2024-01-14 23:36:27,107.2,47.42
2024-01-14 23:38:53,122.57,45.9
2024-01-14 23:41:19,126.0,45.45
2024-01-14 23:43:46,123.18,46.08
2024-01-14 23:46:12,127.8,43.6
2024-01-14 23:48:38,116.22,41.65
2024-01-14 23:51:04,107.63,40.72
2024-01-14 23:53:30,115.13,43.05
2024-01-14 23:55:56,93.63,38.9
2024-01-14 23:58:22,108.03,40.3
2024-01-15 00:00:48,104.25,43.75
2024-01-15 00:03:14,103.72,40.83
2024-01-15 00:05:40,119.7,44.63
2024-01-15 00:08:06,101.97,39.13
2024-01-15 00:10:32,101.15,39.38
2024-01-15 00:12:58,101.1,37.55
2024-01-15 00:15:24,108.15,38.4
2024-01-15 00:17:53,99.9,38.5
2024-01-15 00:20:19,103.32,41.4
2024-01-15 00:22:45,119.3,46.2
2024-01-15 00:25:11,122.82,50.15
2024-01-15 00:27:37,147.38,50.03
2024-01-15 00:30:04,123.72,46.63
2024-01-15 00:32:30,144.13,48.83
2024-01-15 00:34:56,128.6,46.95
2024-01-15 00:37:22,132.25,50.13
2024-01-15 00:39:48,118.22,46.1
2024-01-15 00:42:14,115.53,48.47
2024-01-15 00:44:41,126.05,50.97
2024-01-15 00:47:07,117.97,46.28
2024-01-15 00:49:33,129.82,48.22
2024-01-15 00:51:59,117.18,46.08
2024-01-15 00:54:26,113.18,46.47
2024-01-15 00:56:52,127.75,51.6
2024-01-15 00:59:18,143.27,50.53
2024-01-15 01:01:45,143.68,54.2
2024-01-15 01:04:12,123.68,49.65
2024-01-15 01:06:38,125.95,48.05
2024-01-15 01:09:05,130.48,49.7
2024-01-15 01:11:31,134.57,50.2
2024-01-15 01:13:57,110.05,48.03
2024-01-15 01:16:23,126.15,48.67
2024-01-15 01:18:49,115.05,45.08
2024-01-15 01:21:15,121.65,46.53
2024-01-15 01:23:41,118.35,44.95
2024-01-15 01:26:07,121.25,46.63
2024-01-15 01:28:34,110.43,42.72
2024-01-15 01:31:00,105.85,42.35
2024-01-15 01:33:26,124.15,46.85
2024-01-15 01:35:52,116.5,44.65
2024-01-15 01:38:18,101.97,43.2
2024-01-15 01:40:44,115.65,44.63
2024-01-15 01:43:10,107.4,43.38
2024-01-15 01:45:36,113.43,40.8
2024-01-15 01:51:02,110.03,39.2
2024-01-15 01:53:29,91.07,38.75
2024-01-15 01:55:55,110.22,40.08
2024-01-15 01:58:22,108.55,40.17
2024-01-15 02:00:50,111.1,43.28
2024-01-15 02:03:16,117.7,40.8
2024-01-15 02:05:42,112.43,40.35
2024-01-15 02:08:12,124.1,44.22
2024-01-15 02:10:38,96.45,39.55
2024-01-15 02:13:04,97.03,38.0
2024-01-15 02:15:30,91.32,35.08
2024-01-15 02:18:03,86.75,34.88
2024-01-15 02:20:29,95.78,36.33
2024-01-15 02:23:08,105.45,39.05
2024-01-15 02:25:38,110.57,39.78
2024-01-15 02:28:05,100.88,41.83
2024-01-15 02:30:31,102.03,39.03
2024-01-15 02:32:58,84.97,37.65
2024-01-15 02:35:24,104.47,37.72
2024-01-15 02:37:50,96.1,39.05
2024-01-15 02:40:16,97.28,40.33
2024-01-15 02:42:42,92.45,36.85
2024-01-15 02:45:08,93.28,34.92
2024-01-15 02:47:34,94.97,35.65
2024-01-15 02:50:00,89.35,34.3
2024-01-15 02:52:26,108.85,36.67
2024-01-15 02:54:52,95.95,36.6
2024-01-15 02:57:18,91.07,37.2
2024-01-15 02:59:44,91.22,35.95
2024-01-15 03:02:10,107.53,38.28
2024-01-15 03:04:36,97.93,36.78
2024-01-15 03:07:03,101.93,38.9
2024-01-15 03:09:29,112.75,41.78
2024-01-15 03:11:55,111.1,41.6
2024-01-15 03:14:21,114.93,45.05
2024-01-15 03:16:49,103.53,42.95
2024-01-15 03:19:15,107.1,41.53
2024-01-15 03:21:41,93.63,37.05
2024-01-15 03:24:07,121.95,43.22
2024-01-15 03:26:33,103.55,40.2
2024-01-15 03:28:59,117.13,45.47
2024-01-15 03:31:26,122.22,47.42
2024-01-15 03:33:52,122.45,43.67
2024-01-15 03:36:18,117.82,45.13
2024-01-15 03:38:44,112.65,41.67
2024-01-15 03:41:10,117.45,44.03
2024-01-15 03:43:36,110.18,44.78
2024-01-15 03:46:02,111.0,43.2
2024-01-15 03:48:29,109.28,42.05
2024-01-15 03:50:55,108.45,42.78
2024-01-15 03:53:21,112.25,39.8
2024-01-15 03:55:47,104.4,41.45
2024-01-15 03:58:13,116.03,44.08
2024-01-15 04:00:42,101.15,39.97
2024-01-15 04:03:08,104.9,42.3
2024-01-15 04:05:35,106.45,41.33
2024-01-15 04:08:01,100.63,39.33
2024-01-15 04:10:27,114.35,40.28
2024-01-15 04:12:53,113.2,43.65
2024-01-15 04:15:19,111.5,41.13
2024-01-15 04:17:45,118.75,42.63
2024-01-15 04:20:11,105.65,41.28
2024-01-15 04:22:37,107.4,42.08
2024-01-15 04:25:03,91.85,39.38
2024-01-15 04:27:30,113.97,43.63
2024-01-15 04:29:56,91.97,38.95
2024-01-15 04:32:22,91.35,38.17
2024-01-15 04:34:48,94.88,37.53
2024-01-15 04:37:14,99.15,38.9
2024-01-15 04:39:40,82.1,36.15
2024-01-15 04:42:06,96.1,36.2
2024-01-15 04:44:32,94.95,33.6
2024-01-15 04:46:58,88.22,34.3
2024-01-15 04:49:24,85.55,33.6
2024-01-15 04:51:54,86.97,36.35
2024-01-15 04:54:20,85.78,35.03
2024-01-15 04:56:46,86.97,35.4
2024-01-15 04:59:13,89.25,37.6
2024-01-15 05:01:39,79.5,33.4
2024-01-15 05:04:05,88.45,34.4
2024-01-15 05:06:31,106.07,38.58
2024-01-15 05:08:57,98.22,37.75
2024-01-15 05:11:24,92.35,34.8
2024-01-15 05:13:50,97.45,36.17
2024-01-15 05:16:16,90.88,35.65
2024-01-15 05:18:42,86.88,34.47
2024-01-15 05:21:08,89.13,36.75
2024-01-15 05:23:34,96.63,38.58
2024-01-15 05:26:01,101.53,39.13
2024-01-15 05:28:27,106.25,38.22
2024-01-15 05:30:53,96.15,36.92
2024-01-15 05:33:20,81.68,35.47
2024-01-15 05:35:47,96.5,36.7
2024-01-15 05:38:15,89.1,36.97
2024-01-15 05:40:41,107.63,37.9
2024-01-15 05:43:07,96.35,37.3
2024-01-15 05:45:37,106.65,40.2
2024-01-15 05:48:03,99.03,37.5
2024-01-15 05:50:30,106.05,39.95
2024-01-15 05:52:56,93.88,37.67
2024-01-15 05:55:22,93.72,37.08
2024-01-15 05:57:48,100.35,39.6
2024-01-15 06:00:14,96.4,37.1
2024-01-15 06:02:40,91.43,36.6
2024-01-15 06:05:06,93.13,36.17
2024-01-15 06:07:35,92.13,37.38
2024-01-15 06:10:02,96.68,36.15
2024-01-15 06:12:29,98.68,36.95
2024-01-15 06:14:56,96.38,37.08
2024-01-15 06:17:22,97.6,38.85
2024-01-15 06:19:48,99.88,37.53
2024-01-15 06:22:14,93.95,38.35
2024-01-15 06:24:40,97.95,35.33
2024-01-15 06:27:07,99.82,38.38
2024-01-15 06:29:33,99.3,37.97
2024-01-15 06:31:59,106.2,39.78
2024-01-15 06:34:25,94.13,37.65
2024-01-15 06:36:51,91.0,38.05
2024-01-15 06:39:17,98.2,38.5
2024-01-15 06:41:44,103.07,39.3
2024-01-15 06:44:10,92.55,37.15
2024-01-15 06:46:36,94.97,39.3
2024-01-15 06:49:02,106.07,38.78
2024-01-15 06:51:29,104.63,40.05
2024-01-15 06:53:55,97.1,37.65
2024-01-15 06:56:21,95.2,38.47
2024-01-15 06:58:47,106.0,41.95
2024-01-15 07:01:13,96.38,41.67
2024-01-15 07:03:39,94.38,39.72
2024-01-15 07:06:05,108.07,43.28
2024-01-15 07:08:31,107.35,43.4
2024-01-15 07:10:57,102.8,42.13
2024-01-15 07:13:23,114.8,44.13
2024-01-15 07:15:49,118.68,44.55
2024-01-15 07:18:16,107.65,42.1
2024-01-15 07:20:42,108.2,40.85
2024-01-15 07:23:08,103.7,43.13
2024-01-15 07:25:34,114.25,44.6
2024-01-15 07:28:00,113.32,44.47
2024-01-15 07:30:26,107.93,43.2
2024-01-15 07:32:52,107.72,42.4
2024-01-15 07:35:18,108.7,41.13
2024-01-15 07:37:44,119.0,44.97
2024-01-15 07:40:11,105.13,41.6
2024-01-15 07:42:37,103.05,40.9
2024-01-15 07:45:04,110.78,41.65
2024-01-15 07:47:30,105.9,44.72
2024-01-15 07:49:56,112.65,45.45
2024-01-15 07:52:23,112.85,44.3
2024-01-15 07:54:49,115.15,44.03
2024-01-15 07:57:15,119.4,45.35
2024-01-15 07:59:41,103.35,41.58
2024-01-15 08:02:07,104.07,43.22
2024-01-15 08:04:33,102.45,42.47
2024-01-15 08:06:59,114.13,44.28
2024-01-15 08:09:25,126.47,47.22
2024-01-15 08:11:51,113.78,45.35
2024-01-15 08:14:17,120.93,44.5
2024-01-15 08:16:44,116.05,44.28
2024-01-15 08:19:10,116.85,48.33
2024-01-15 08:21:36,118.68,44.05
2024-01-15 08:24:02,119.47,46.35
2024-01-15 08:26:29,104.9,42.58
2024-01-15 08:28:55,113.15,47.28
2024-01-15 08:31:21,126.5,49.53
2024-01-15 08:33:47,126.85,49.22
2024-01-15 08:36:13,124.13,54.1
2024-01-15 08:38:39,131.57,55.78
2024-01-15 08:41:05,144.57,57.03
2024-01-15 08:43:33,130.15,53.8
2024-01-15 08:45:59,145.85,57.28
2024-01-15 08:48:25,130.5,54.4
2024-01-15 08:50:55,136.15,56.8
2024-01-15 08:53:21,138.5,59.7
2024-01-15 08:55:47,135.02,53.55
2024-01-15 08:58:14,128.48,54.17
2024-01-15 09:00:40,131.13,57.0
2024-01-15 09:03:06,125.63,54.3
2024-01-15 09:05:35,130.2,53.0
2024-01-15 09:08:01,126.1,55.83
2024-01-15 09:10:27,161.38,60.42
2024-01-15 09:12:54,154.23,60.35
2024-01-15 09:15:20,158.43,62.42
2024-01-15 09:17:46,157.13,62.42
2024-01-15 09:20:12,148.6,63.28
2024-01-15 09:22:38,154.55,63.0
2024-01-15 09:25:08,175.57,71.97
2024-01-15 09:27:35,196.88,65.82
2024-01-15 09:30:02,195.65,70.22
2024-01-15 09:32:28,177.55,69.5
2024-01-15 09:34:54,170.07,65.65
2024-01-15 09:37:20,177.4,68.2
2024-01-15 09:39:46,173.5,66.65
2024-01-15 09:42:13,189.55,66.15
2024-01-15 09:44:40,185.6,70.2
2024-01-15 09:47:06,195.0,70.8
2024-01-15 09:49:33,157.27,65.6
2024-01-15 09:51:59,179.2,66.82
2024-01-15 09:54:26,171.98,65.57
2024-01-15 09:56:53,172.73,66.13
2024-01-15 09:59:19,161.27,69.22
2024-01-15 10:01:46,157.88,62.95
2024-01-15 10:04:13,147.57,62.47
2024-01-15 10:06:43,150.65,58.45
2024-01-15 10:09:13,141.45,57.35
2024-01-15 10:11:42,140.73,59.13
2024-01-15 10:14:09,143.25,57.45
2024-01-15 10:16:37,140.2,54.72
2024-01-15 10:19:04,151.65,61.53
2024-01-15 10:21:33,155.68,60.08
2024-01-15 10:24:03,126.82,55.42
2024-01-15 10:26:30,157.0,60.95
2024-01-15 10:28:56,155.02,59.75
2024-01-15 10:31:22,154.0,62.72
2024-01-15 10:33:48,147.5,62.25
2024-01-15 10:36:15,139.9,57.25
2024-01-15 10:38:45,144.05,61.03
2024-01-15 10:41:12,146.9,59.9
2024-01-15 10:43:38,148.75,56.6
2024-01-15 10:46:06,121.35,53.65
2024-01-15 10:48:32,147.18,56.65
2024-01-15 10:51:00,130.52,56.17
2024-01-15 10:53:33,141.45,58.65
2024-01-15 10:56:01,130.57,55.42
2024-01-15 10:58:28,128.95,53.22
2024-01-15 11:00:57,122.6,53.13
2024-01-15 11:03:23,130.6,53.13
2024-01-15 11:05:49,126.8,56.03
2024-01-15 11:08:16,134.73,55.9
2024-01-15 11:10:47,126.35,53.58
2024-01-15 11:18:34,123.9,50.53
2024-01-15 11:23:42,112.43,42.45
2024-01-15 11:28:56,99.22,40.97
2024-01-15 11:34:02,95.45,41.78
2024-01-15 11:37:14,92.65,42.03
2024-01-15 11:42:02,97.95,41.55
2024-01-15 11:44:29,101.15,42.03
2024-01-15 11:46:59,104.63,43.9
2024-01-15 11:52:12,95.4,41.95
2024-01-15 11:54:41,94.35,39.7
2024-01-15 11:57:13,87.05,37.67
2024-01-15 11:59:44,99.35,39.05
2024-01-15 12:02:10,91.75,38.97
2024-01-15 12:04:38,89.25,39.6
2024-01-15 12:07:04,91.25,38.33
2024-01-15 12:09:30,93.4,39.6
2024-01-15 12:12:03,101.43,39.53
2024-01-15 12:19:25,96.9,40.47
2024-01-15 12:21:51,100.1,39.13
2024-01-15 12:24:18,88.82,37.92
2024-01-15 12:26:44,80.5,34.63
2024-01-15 12:29:13,84.9,37.0
2024-01-15 12:31:39,86.43,38.33
2024-01-15 12:34:05,94.5,43.03
2024-01-15 12:36:31,87.95,39.3
2024-01-15 12:39:00,93.63,41.22
2024-01-15 12:41:26,98.47,40.75
2024-01-15 12:43:52,85.25,39.67
2024-01-15 12:46:19,91.75,39.88
2024-01-15 12:48:45,80.6,37.88
2024-01-15 12:51:11,78.65,35.47
2024-01-15 12:53:38,73.3,32.42
2024-01-15 12:56:04,66.53,32.63
2024-01-15 12:58:30,78.68,34.13
2024-01-15 13:00:56,86.7,35.17
2024-01-15 13:03:22,74.38,34.5
2024-01-15 13:05:48,77.18,33.8
2024-01-15 13:08:16,79.75,33.9
2024-01-15 13:10:42,85.97,34.35
2024-01-15 13:13:09,73.8,29.92
2024-01-15 13:15:35,70.32,32.53
2024-01-15 13:18:01,72.45,33.05
2024-01-15 13:20:27,76.82,32.8
2024-01-15 13:22:53,74.68,33.47
2024-01-15 13:25:20,76.65,33.72
2024-01-15 13:27:46,69.43,31.63
2024-01-15 13:30:12,77.72,33.7
2024-01-15 13:32:38,72.95,32.85
2024-01-15 13:35:04,81.97,35.1
2024-01-15 13:37:34,67.35,30.77
2024-01-15 13:40:02,71.07,33.28
2024-01-15 13:42:28,70.95,31.63
2024-01-15 13:44:54,73.13,32.05
2024-01-15 13:47:21,75.88,32.8
2024-01-15 13:49:47,70.03,32.38
2024-01-15 13:52:13,76.18,33.72
2024-01-15 13:54:39,77.63,33.7
2024-01-15 13:57:05,79.45,33.58
2024-01-15 13:59:32,65.55,31.67
2024-01-15 14:01:58,77.25,33.5
2024-01-15 14:04:24,73.82,33.28
2024-01-15 14:06:50,74.88,31.02
2024-01-15 14:09:16,76.47,35.63
2024-01-15 14:11:42,86.72,32.92
2024-01-15 14:14:08,78.82,32.85
2024-01-15 14:16:35,75.1,32.78
2024-01-15 14:19:01,81.45,33.58
2024-01-15 14:21:27,77.97,32.0
2024-01-15 14:23:53,79.3,33.1
2024-01-15 14:26:19,80.07,34.0
2024-01-15 14:28:45,94.05,34.58
2024-01-15 14:31:12,83.85,34.65
2024-01-15 14:33:38,82.88,34.53
2024-01-15 14:36:04,88.4,35.45
2024-01-15 14:38:30,85.93,36.15
2024-01-15 14:40:56,81.15,33.95
2024-01-15 14:43:22,80.43,36.0
2024-01-15 14:45:48,86.47,35.78
2024-01-15 14:48:15,76.65,32.5
2024-01-15 14:50:41,83.53,34.83
2024-01-15 14:53:07,88.88,34.17
2024-01-15 14:55:33,82.65,35.0
2024-01-15 14:57:59,81.85,35.7
2024-01-15 15:00:25,88.78,38.47
2024-01-15 15:02:51,84.65,34.67
2024-01-15 15:05:17,75.28,32.63
2024-01-15 15:07:43,84.78,34.1
2024-01-15 15:10:09,80.35,34.5
2024-01-15 15:12:36,85.93,34.78
2024-01-15 15:15:03,77.9,32.88
2024-01-15 15:17:29,90.82,36.03
2024-01-15 15:19:55,91.05,35.28
2024-01-15 15:22:21,94.53,37.1
2024-01-15 15:24:47,89.25,35.05
2024-01-15 15:27:13,92.4,33.55
2024-01-15 15:29:39,81.68,35.8
2024-01-15 15:32:06,83.15,34.78
2024-01-15 15:34:32,82.25,34.63
2024-01-15 15:36:58,84.85,34.97
2024-01-15 15:39:24,84.3,33.92
2024-01-15 15:41:50,87.2,35.58
2024-01-15 15:44:16,74.45,34.2
2024-01-15 15:46:43,86.57,35.83
2024-01-15 15:49:09,84.18,36.3
2024-01-15 15:51:35,92.95,33.92
2024-01-15 15:54:01,74.57,33.2
2024-01-15 15:56:29,76.8,33.58
2024-01-15 15:58:59,90.93,35.42
2024-01-15 16:01:26,90.68,39.1
2024-01-15 16:03:52,94.5,37.47
2024-01-15 16:06:18,108.1,40.8
2024-01-15 16:08:44,106.65,42.97
2024-01-15 16:11:10,110.63,43.67
2024-01-15 16:13:36,108.6,43.95
2024-01-15 16:16:02,116.55,48.1
2024-01-15 16:18:28,123.28,48.8
2024-01-15 16:20:55,104.85,44.2
2024-01-15 16:23:21,125.78,49.08
2024-01-15 16:25:47,112.35,48.25
2024-01-15 16:28:13,106.82,45.25
2024-01-15 16:30:39,109.82,45.47
2024-01-15 16:33:05,93.85,38.97
2024-01-15 16:35:31,93.43,40.9
2024-01-15 16:37:59,90.35,39.17
2024-01-15 16:40:25,92.7,38.63
2024-01-15 16:42:52,85.3,36.05
2024-01-15 16:45:18,86.0,36.47
2024-01-15 16:47:44,90.97,37.33
2024-01-15 16:50:10,82.13,34.3
2024-01-15 16:52:36,76.63,33.15
2024-01-15 16:55:03,77.18,32.05
2024-01-15 16:57:29,71.45,32.9
2024-01-15 16:59:55,75.32,31.23
2024-01-15 17:02:22,71.28,30.33
2024-01-15 17:04:49,86.72,35.08
2024-01-15 17:07:15,90.43,35.53
2024-01-15 17:09:41,85.75,33.03
2024-01-15 17:12:08,73.05,33.05
2024-01-15 17:14:34,73.1,30.2
2024-01-15 17:17:00,77.97,32.08
2024-01-15 17:19:26,65.4,27.8
2024-01-15 17:21:52,60.08,26.83
2024-01-15 17:24:19,64.85,27.75
2024-01-15 17:26:46,67.57,28.27
2024-01-15 17:29:12,60.7,26.38
2024-01-15 17:31:38,58.92,25.52
2024-01-15 17:34:04,72.65,28.73
2024-01-15 17:36:31,65.97,26.83
2024-01-15 17:38:57,55.4,26.52
2024-01-15 17:41:23,50.6,22.75
2024-01-15 17:43:49,56.9,24.73
2024-01-15 17:46:15,59.83,23.5
2024-01-15 17:48:41,57.28,26.13
2024-01-15 17:51:07,56.17,23.13
2024-01-15 17:53:34,49.67,21.35
2024-01-15 17:56:00,54.72,22.33
2024-01-15 17:58:26,53.72,21.55
2024-01-15 18:00:52,50.0,21.48
2024-01-15 18:03:18,50.8,22.65
2024-01-15 18:05:44,53.78,24.05
2024-01-15 18:08:10,55.0,22.88
2024-01-15 18:10:37,48.63,20.83
2024-01-15 18:13:03,49.1,18.15
2024-01-15 18:15:30,48.1,18.98
2024-01-15 18:17:56,41.3,17.98
2024-01-15 18:20:22,39.95,18.95
2024-01-15 18:22:48,41.13,18.8
2024-01-15 18:25:14,47.92,19.7
2024-01-15 18:27:40,46.17,19.6
2024-01-15 18:30:07,47.3,19.7
2024-01-15 18:32:36,48.33,20.02
2024-01-15 18:35:02,55.22,22.4
2024-01-15 18:37:29,52.9,22.13
2024-01-15 18:39:55,50.2,22.25
2024-01-15 18:42:21,52.33,22.17
2024-01-15 18:44:47,54.3,21.7
2024-01-15 18:47:13,57.17,24.27
2024-01-15 18:49:40,56.35,23.58
2024-01-15 18:52:07,64.93,24.33
2024-01-15 18:54:33,54.65,22.45
2024-01-15 18:56:59,57.9,23.35
2024-01-15 18:59:25,53.1,24.25
2024-01-15 19:01:51,58.25,24.83
2024-01-15 19:04:17,67.35,28.0
2024-01-15 19:06:43,141.15,55.8
2024-01-15 19:09:10,118.2,48.25
2024-01-15 19:11:36,95.28,39.2
2024-01-15 19:14:02,88.88,35.25
2024-01-15 19:16:28,79.4,35.15
2024-01-15 19:18:54,92.38,38.63
2024-01-15 19:21:20,83.57,34.7
2024-01-15 19:23:46,85.97,32.25
2024-01-15 19:26:17,80.68,34.42
2024-01-15 19:28:43,77.28,31.25
2024-01-15 19:31:09,83.28,33.22
2024-01-15 19:33:36,95.63,36.95
2024-01-15 19:36:02,73.72,34.25
2024-01-15 19:38:28,104.6,40.65
2024-01-15 19:40:55,94.32,37.75
2024-01-15 19:43:21,93.6,37.28
2024-01-15 19:45:50,88.25,37.4
2024-01-15 19:48:18,89.65,37.65
2024-01-15 19:50:46,86.28,34.85
2024-01-15 19:53:12,85.38,34.28
2024-01-15 19:55:38,78.55,34.47
2024-01-15 19:58:04,95.22,37.45
2024-01-15 20:00:30,93.65,37.97
2024-01-15 20:02:56,116.53,39.63
2024-01-15 20:05:22,129.4,40.65
2024-01-15 20:07:48,98.0,39.2
2024-01-15 20:10:15,98.4,38.13
2024-01-15 20:12:41,94.0,36.7
2024-01-15 20:15:07,103.47,40.38
2024-01-15 20:17:33,90.18,35.83
2024-01-15 20:19:59,98.97,37.65
2024-01-15 20:22:26,87.03,37.3
2024-01-15 20:24:52,87.22,34.42
2024-01-15 20:27:18,78.93,32.97
2024-01-15 20:29:45,90.63,37.1
2024-01-15 20:32:11,91.22,36.92
2024-01-15 20:34:39,85.63,36.08
2024-01-15 20:37:05,81.63,34.3
2024-01-15 20:39:31,84.97,34.8
2024-01-15 20:41:57,101.1,41.08
2024-01-15 20:44:23,74.72,33.53
2024-01-15 20:46:49,85.78,34.5
2024-01-15 20:49:15,85.78,36.28
2024-01-15 20:51:41,83.22,33.8
2024-01-15 20:54:07,87.57,33.65
2024-01-15 20:56:34,84.93,36.38
2024-01-15 20:59:00,103.07,42.03
2024-01-15 21:01:26,117.57,43.55
2024-01-15 21:03:53,85.2,35.03
2024-01-15 21:06:19,85.18,35.47
2024-01-15 21:08:45,90.0,36.08
2024-01-15 21:11:12,82.6,33.75
2024-01-15 21:13:39,88.3,34.92
2024-01-15 21:16:05,89.85,36.28
2024-01-15 21:18:31,100.13,37.75
2024-01-15 21:20:57,105.0,39.85
2024-01-15 21:23:24,79.4,34.67
2024-01-15 21:25:50,83.47,34.53
2024-01-15 21:28:16,89.5,33.53
2024-01-15 21:30:42,82.53,33.88
2024-01-15 21:33:09,82.1,32.58
2024-01-15 21:35:36,82.3,35.6
2024-01-15 21:38:02,86.63,32.67
2024-01-15 21:40:28,85.43,34.33
2024-01-15 21:42:54,86.63,36.22
2024-01-15 21:45:20,86.53,35.67
2024-01-15 21:47:46,89.57,36.17
2024-01-15 21:50:13,79.18,34.2
2024-01-15 21:52:39,87.28,39.0
2024-01-15 21:55:05,98.63,38.63
2024-01-15 21:57:32,86.4,36.33
2024-01-15 21:59:58,71.07,33.9
2024-01-15 22:02:25,86.05,34.05
2024-01-15 22:04:54,80.43,32.03
2024-01-15 22:07:20,64.95,29.7
2024-01-15 22:09:46,79.1,33.05
2024-01-15 22:12:12,70.75,32.17
2024-01-15 22:14:38,81.1,34.22
2024-01-15 22:17:04,90.07,37.47
2024-01-15 22:19:30,81.7,35.17
2024-01-15 22:21:58,96.3,37.63
2024-01-15 22:24:25,84.13,36.1
2024-01-15 22:26:51,81.72,34.45
2024-01-15 22:29:18,74.25,31.67
2024-01-15 22:31:44,82.68,32.4
2024-01-15 22:34:10,69.68,30.63
2024-01-15 22:36:36,100.72,40.03
2024-01-15 22:39:02,101.0,41.05
2024-01-15 22:41:28,103.6,42.3
2024-01-15 22:43:54,102.1,41.53
2024-01-15 22:46:21,84.8,35.8
2024-01-15 22:48:47,89.55,36.35
2024-01-15 22:51:13,83.55,34.08
2024-01-15 22:53:39,82.25,34.1
2024-01-15 22:56:05,91.93,37.67
2024-01-15 22:58:32,87.3,36.55
2024-01-15 23:00:59,93.18,36.22
2024-01-15 23:03:25,117.7,44.08
2024-01-15 23:05:51,123.07,45.97
2024-01-15 23:08:17,122.13,47.92
2024-01-15 23:10:43,132.15,51.65
2024-01-15 23:13:10,126.47,49.83
2024-01-15 23:15:36,183.82,69.3
2024-01-15 23:18:02,134.82,50.72
2024-01-15 23:20:28,106.07,41.2
2024-01-15 23:22:54,99.85,38.05
2024-01-15 23:25:20,134.32,51.35
2024-01-15 23:27:46,125.82,49.22
2024-01-15 23:30:13,111.53,43.83
2024-01-15 23:32:39,111.55,44.22
2024-01-15 23:35:05,96.9,44.53
2024-01-15 23:37:31,112.75,48.6
2024-01-15 23:39:57,113.55,47.2
2024-01-15 23:42:23,102.75,46.58
2024-01-15 23:44:50,126.07,49.3
2024-01-15 23:47:16,111.9,45.72
2024-01-15 23:49:42,104.15,46.7
2024-01-15 23:52:09,135.48,53.1
2024-01-15 23:54:35,121.53,53.15
2024-01-15 23:57:03,115.38,46.17
2024-01-15 23:59:29,94.43,37.72
2024-01-16 00:01:56,99.32,36.17
2024-01-16 00:04:22,85.88,39.45
2024-01-16 00:06:48,86.38,36.38
2024-01-16 00:09:14,86.45,38.9
2024-01-16 00:11:40,95.18,39.63
2024-01-16 00:14:07,105.2,43.08
2024-01-16 00:16:33,107.53,46.6
2024-01-16 00:18:59,115.65,47.6
2024-01-16 00:21:25,125.82,48.17
2024-01-16 00:23:51,128.3,54.5
2024-01-16 00:26:21,117.63,48.9
2024-01-16 00:28:47,127.72,51.78
2024-01-16 00:31:13,116.25,50.35
2024-01-16 00:33:39,133.23,53.15
2024-01-16 00:36:05,126.68,53.58
2024-01-16 00:38:34,136.48,52.72
2024-01-16 00:41:01,154.2,57.83
2024-01-16 00:43:27,123.05,48.13
2024-01-16 00:45:53,117.93,44.1
2024-01-16 00:48:19,107.75,41.1
2024-01-16 00:50:46,95.15,39.72
2024-01-16 00:53:15,107.4,43.22
2024-01-16 00:55:42,101.38,42.28
2024-01-16 00:58:08,90.55,41.08
2024-01-16 01:00:34,116.32,50.6
2024-01-16 01:03:02,134.73,54.83
2024-01-16 01:05:29,155.98,60.65
2024-01-16 01:07:55,143.57,59.72
2024-01-16 01:10:21,155.73,62.38
2024-01-16 01:12:48,187.73,71.25
2024-01-16 01:15:14,180.52,70.43
2024-01-16 01:17:40,180.45,72.78
2024-01-16 01:20:07,170.05,74.57
2024-01-16 01:22:34,163.55,67.4
2024-01-16 01:25:00,152.43,59.5
2024-01-16 01:27:26,138.43,56.88
2024-01-16 01:29:52,155.52,63.9
2024-01-16 01:32:18,161.32,68.07
2024-01-16 01:34:44,175.65,69.85
2024-01-16 01:37:10,183.27,70.7
2024-01-16 01:39:36,174.57,72.2
2024-01-16 01:42:02,162.38,65.78
2024-01-16 01:44:28,142.88,62.58
2024-01-16 01:46:54,157.18,62.72
2024-01-16 01:49:21,134.02,56.97
2024-01-16 01:51:49,117.8,51.5
2024-01-16 01:54:15,110.5,46.22
2024-01-16 01:56:42,118.13,47.42
2024-01-16 01:59:09,111.82,44.47
2024-01-16 02:01:36,116.65,45.67
2024-01-16 02:04:02,116.53,48.1
2024-01-16 02:06:28,133.95,51.03
2024-01-16 02:08:54,135.23,55.92
2024-01-16 02:11:20,137.32,56.25
2024-01-16 02:13:46,144.93,59.8
2024-01-16 02:16:19,148.9,62.0
2024-01-16 02:18:45,130.98,57.17
2024-01-16 02:21:11,117.47,48.95
2024-01-16 02:23:38,121.8,54.22
2024-01-16 02:26:04,131.57,52.47
2024-01-16 02:28:30,132.48,56.97
2024-01-16 02:30:57,141.05,58.83
2024-01-16 02:33:23,149.15,60.1
2024-01-16 02:35:49,146.85,59.78
2024-01-16 02:38:15,149.35,61.45
2024-01-16 02:40:41,154.38,64.25
2024-01-16 02:43:07,157.6,63.83
2024-01-16 02:45:33,160.57,64.6
2024-01-16 02:47:59,157.45,64.13
2024-01-16 02:50:26,158.52,64.57
2024-01-16 02:52:53,167.27,67.03
2024-01-16 02:55:19,158.8,66.4
2024-01-16 02:57:45,134.95,62.35
2024-01-16 03:00:11,152.7,63.22
2024-01-16 03:02:39,145.85,60.55
2024-01-16 03:05:05,148.07,60.95
2024-01-16 03:07:32,154.0,61.75
2024-01-16 03:09:58,143.52,61.05
2024-01-16 03:12:24,143.55,60.15
2024-01-16 03:14:50,150.1,62.1
2024-01-16 03:17:18,148.27,62.35
2024-01-16 03:19:44,158.38,66.38
2024-01-16 03:22:10,149.73,63.08
2024-01-16 03:24:36,163.95,67.15
2024-01-16 03:27:02,168.55,70.18
2024-01-16 03:29:29,171.68,73.53
2024-01-16 03:31:55,201.7,78.25
2024-01-16 03:34:22,178.82,78.8
2024-01-16 03:36:48,197.1,81.53
2024-01-16 03:39:14,192.82,79.57
2024-01-16 03:41:40,199.18,82.97
2024-01-16 03:44:06,207.77,81.9
2024-01-16 03:46:32,194.93,82.5
2024-01-16 03:48:59,190.48,79.6
2024-01-16 03:51:25,160.35,70.05
2024-01-16 03:53:51,152.6,64.05
2024-01-16 03:56:17,163.9,70.2
2024-01-16 03:58:43,170.98,68.15
2024-01-16 04:01:09,179.3,72.18
2024-01-16 04:03:35,210.43,84.15
2024-01-16 04:06:01,200.5,85.38
2024-01-16 04:08:27,190.88,80.03
2024-01-16 04:10:53,201.55,80.8
2024-01-16 04:13:19,206.15,80.53
2024-01-16 04:15:45,192.2,79.72
2024-01-16 04:18:11,195.73,79.93
2024-01-16 04:20:37,171.35,72.3
2024-01-16 04:23:03,136.77,60.72
2024-01-16 04:25:29,140.07,55.92
2024-01-16 04:27:55,139.85,54.35
2024-01-16 04:30:22,129.9,53.65
2024-01-16 04:32:48,129.93,55.22
2024-01-16 04:35:14,119.8,49.45
2024-01-16 04:37:40,128.93,52.47
2024-01-16 04:40:06,127.8,54.5
2024-01-16 04:42:32,138.93,52.95
2024-01-16 04:44:59,127.85,52.75
2024-01-16 04:47:25,122.55,52.78
2024-01-16 04:49:51,145.95,53.17
2024-01-16 04:52:17,139.98,54.17
2024-01-16 04:54:43,134.4,53.13
2024-01-16 04:57:10,133.18,53.95
2024-01-16 04:59:37,132.05,56.78
2024-01-16 05:02:03,127.93,55.22
2024-01-16 05:04:29,141.9,55.95
2024-01-16 05:06:55,136.4,52.97
2024-01-16 05:09:21,131.65,54.15
2024-01-16 05:11:47,136.9,56.38
2024-01-16 05:14:14,128.02,53.35
2024-01-16 05:16:40,138.9,57.38
2024-01-16 05:19:06,134.6,55.03
2024-01-16 05:21:32,141.48,56.13
2024-01-16 05:23:58,130.68,55.72
2024-01-16 05:26:24,135.65,55.5
2024-01-16 05:28:51,136.1,56.83
2024-01-16 05:31:17,126.03,55.85
2024-01-16 05:33:44,135.8,54.72
2024-01-16 05:36:10,138.63,54.65
2024-01-16 05:38:36,138.45,54.33
2024-01-16 05:41:03,144.15,56.35
2024-01-16 05:43:29,145.5,59.17
2024-01-16 05:45:55,120.13,51.75
2024-01-16 05:48:21,126.55,55.65
2024-01-16 05:50:47,134.75,53.13
2024-01-16 05:53:13,128.23,54.1
2024-01-16 05:55:39,137.48,54.58
2024-01-16 05:58:05,136.27,54.7
2024-01-16 06:00:31,135.48,55.53
2024-01-16 06:02:59,130.15,52.63
2024-01-16 06:05:25,139.88,55.63
2024-01-16 06:07:51,140.77,54.58
2024-01-16 06:10:17,126.63,53.97
2024-01-16 06:12:44,146.75,53.78
2024-01-16 06:15:10,137.02,55.03
2024-01-16 06:17:39,133.9,54.53
2024-01-16 06:20:05,134.82,55.08
2024-01-16 06:22:31,128.52,54.8
2024-01-16 06:24:57,129.45,54.03
2024-01-16 06:27:23,128.4,53.85
2024-01-16 06:29:50,139.55,54.47
2024-01-16 06:32:16,132.3,55.3
2024-01-16 06:34:42,137.13,58.42
2024-01-16 06:37:09,140.55,57.22
2024-01-16 06:39:35,140.93,59.2
2024-01-16 06:42:03,141.1,60.53
2024-01-16 06:44:32,131.4,57.97
2024-01-16 06:46:58,130.07,55.08
2024-01-16 06:49:24,133.8,54.65
2024-01-16 06:51:51,128.85,55.03
2024-01-16 06:54:17,144.82,58.88
2024-01-16 06:56:45,128.5,54.88
2024-01-16 06:59:11,139.85,55.25
2024-01-16 07:01:37,133.82,51.55
2024-01-16 07:04:03,124.75,50.85
2024-01-16 07:06:29,109.63,46.1
2024-01-16 07:08:55,72.55,32.03
2024-01-16 07:11:21,78.47,32.9
2024-01-16 07:13:47,66.9,27.45
2024-01-16 07:16:14,51.8,23.63
2024-01-16 07:18:40,44.05,19.33
2024-01-16 07:21:18,36.85,17.2
2024-01-16 07:23:45,28.25,13.13
2024-01-16 07:26:11,22.9,10.73
2024-01-16 07:28:37,24.05,10.48
2024-01-16 07:31:03,20.98,8.45
2024-01-16 07:33:30,10.68,5.05
2024-01-16 07:35:56,5.22,2.3
2024-01-16 07:38:22,6.6,2.95
2024-01-16 07:40:48,3.85,2.05
2024-01-16 07:43:14,2.53,1.35
2024-01-16 07:45:40,5.0,1.42
2024-01-16 07:48:06,8.85,1.88
2024-01-16 07:50:33,2.8,1.4
2024-01-16 07:52:59,3.35,1.6
2024-01-16 07:55:25,5.88,2.1
2024-01-16 07:57:51,5.28,2.17
2024-01-16 08:00:18,4.53,2.2
2024-01-16 08:02:44,11.63,2.65
2024-01-16 08:05:10,35.72,9.82
2024-01-16 08:07:36,15.45,5.6
2024-01-16 08:10:02,2.33,1.02
2024-01-16 08:12:28,14.45,4.25
2024-01-16 08:14:54,4.32,1.6
2024-01-16 08:17:20,5.15,1.25
2024-01-16 08:19:46,4.22,1.3
2024-01-16 08:22:12,3.33,1.42
2024-01-16 08:24:38,7.5,1.58
2024-01-16 08:27:05,8.5,2.42
2024-01-16 08:29:31,6.2,2.05
2024-01-16 08:31:57,11.95,4.82
2024-01-16 08:34:23,25.88,10.85
2024-01-16 08:36:49,37.72,16.42
2024-01-16 08:39:15,52.4,22.55
2024-01-16 08:41:41,65.93,29.33
2024-01-16 08:44:07,73.8,28.77
2024-01-16 08:46:33,70.32,27.58
2024-01-16 08:48:59,49.22,19.55
2024-01-16 08:51:26,25.75,11.93
2024-01-16 08:53:52,26.73,11.9
2024-01-16 08:56:18,21.85,8.07
2024-01-16 08:58:45,10.82,3.97
2024-01-16 09:01:11,7.0,2.97
2024-01-16 09:03:37,16.08,6.53
2024-01-16 09:06:04,16.1,7.9
2024-01-16 09:08:30,12.75,4.6
2024-01-16 09:10:57,8.55,3.85
2024-01-16 09:13:23,7.6,4.25
2024-01-16 09:15:49,15.23,6.9
2024-01-16 09:18:15,12.0,5.38
2024-01-16 09:20:42,7.03,2.8
2024-01-16 09:23:08,5.88,2.67
2024-01-16 09:25:35,7.75,2.5
2024-01-16 09:28:01,5.7,2.35
2024-01-16 09:30:27,8.13,2.78
2024-01-16 09:32:53,4.68,2.28
2024-01-16 09:35:19,11.02,6.32
2024-01-16 09:37:47,4.25,2.25
2024-01-16 09:40:13,10.25,2.08
2024-01-16 09:42:39,5.35,2.17
2024-01-16 09:45:06,3.38,1.4
2024-01-16 09:47:33,4.63,1.77
2024-01-16 09:49:59,3.83,2.05
2024-01-16 09:52:27,3.15,1.25
2024-01-16 09:54:54,4.22,1.48
2024-01-16 09:57:20,4.32,1.85
2024-01-16 09:59:50,3.58,1.9
2024-01-16 10:02:17,5.4,1.8
2024-01-16 10:04:44,4.03,1.7
2024-01-16 10:07:12,3.65,1.35
2024-01-16 10:09:38,3.7,1.7
2024-01-16 10:12:05,2.63,1.5
2024-01-16 10:14:31,4.1,2.13
2024-01-16 10:17:01,4.22,2.15
2024-01-16 10:19:30,4.15,1.42
2024-01-16 10:22:03,3.85,1.92
2024-01-16 10:24:29,3.75,1.35
2024-01-16 10:26:59,3.8,1.8
2024-01-16 10:29:26,6.25,2.08
2024-01-16 10:31:52,3.38,1.63
2024-01-16 10:34:19,3.97,1.5
2024-01-16 10:36:49,4.65,2.13
2024-01-16 10:39:16,2.8,1.5
2024-01-16 10:41:53,3.08,1.6
2024-01-16 10:44:19,2.83,1.27
2024-01-16 10:46:45,4.72,1.3
2024-01-16 10:49:11,4.8,1.83
2024-01-16 10:51:37,3.88,1.6
2024-01-16 10:54:05,4.2,1.85
2024-01-16 10:56:33,4.2,1.8
2024-01-16 10:59:21,3.95,1.6
2024-01-16 11:01:50,3.65,1.58
2024-01-16 11:04:18,4.57,2.0
2024-01-16 11:06:44,3.95,1.9
2024-01-16 11:09:12,8.05,3.47
2024-01-16 11:11:40,10.82,4.93
2024-01-16 11:14:08,3.33,1.45
2024-01-16 11:16:34,3.7,1.67
2024-01-16 11:19:01,6.45,1.77
2024-01-16 11:21:27,3.22,1.48
2024-01-16 11:23:53,5.07,1.88
2024-01-16 11:28:48,3.5,1.8
2024-01-16 11:31:33,4.93,2.0
2024-01-16 11:34:00,3.3,1.73
2024-01-16 11:39:16,5.65,2.2
2024-01-16 11:47:03,3.85,1.7
2024-01-16 11:49:29,3.33,1.63
2024-01-16 11:51:57,3.47,2.2
2024-01-16 11:54:23,3.6,2.47
2024-01-16 11:59:26,6.05,2.6
2024-01-16 12:01:58,11.5,4.05
2024-01-16 12:04:25,4.43,2.17
2024-01-16 12:06:58,5.25,2.0
2024-01-16 12:09:25,6.82,1.77
2024-01-16 12:11:55,5.72,2.25
2024-01-16 12:14:22,4.82,2.4
2024-01-16 12:16:48,6.78,2.22
2024-01-16 12:19:14,5.05,2.15
2024-01-16 12:24:07,3.78,1.98
2024-01-16 12:26:33,6.4,3.03
2024-01-16 12:28:59,5.45,2.17
2024-01-16 12:31:26,3.97,2.4
2024-01-16 12:33:52,17.77,6.53
2024-01-16 12:36:18,20.75,8.52
2024-01-16 12:38:44,9.43,4.18
2024-01-16 12:41:11,6.35,2.45
2024-01-16 12:43:37,7.55,2.65
2024-01-16 12:46:03,5.07,2.4
2024-01-16 12:48:31,5.63,2.28
2024-01-16 12:51:00,4.22,2.03
2024-01-16 12:53:32,6.03,2.47
2024-01-16 12:56:01,6.53,3.1
2024-01-16 12:58:34,3.28,2.08
2024-01-16 13:01:43,4.1,2.3
2024-01-16 13:03:50,4.28,2.28
2024-01-16 13:06:17,4.75,2.05
2024-01-16 13:08:49,3.63,1.77
2024-01-16 13:11:15,3.7,1.8
2024-01-16 13:13:45,1.92,1.35
2024-01-16 13:16:13,3.5,1.8
2024-01-16 13:18:39,7.18,2.05
2024-01-16 13:21:05,7.35,3.3
2024-01-16 13:23:31,5.1,2.4
2024-01-16 13:25:57,7.07,2.75
2024-01-16 13:28:29,6.3,2.63
2024-01-16 13:30:55,7.07,2.3
2024-01-16 13:33:24,8.75,2.35
2024-01-16 13:35:54,7.43,3.55
2024-01-16 13:38:20,7.85,2.72
2024-01-16 13:40:47,8.6,2.67
2024-01-16 13:43:15,5.85,2.3
2024-01-16 13:45:41,5.07,2.05
2024-01-16 13:48:07,8.73,2.7
2024-01-16 13:50:34,6.55,2.55
2024-01-16 13:53:01,5.47,1.6
2024-01-16 13:55:27,6.0,1.85
2024-01-16 13:57:53,2.6,1.5
2024-01-16 14:00:20,4.15,1.33
2024-01-16 14:02:46,3.47,1.67
2024-01-16 14:05:13,3.03,1.38
2024-01-16 14:07:46,4.95,1.98
2024-01-16 14:10:12,6.9,2.0
2024-01-16 14:12:39,2.4,1.5
2024-01-16 14:15:08,7.75,1.8
2024-01-16 14:17:41,9.45,2.78
2024-01-16 14:20:08,6.72,2.5
2024-01-16 14:22:36,5.1,2.47
2024-01-16 14:25:06,4.6,1.95
2024-01-16 14:27:39,5.45,2.47
2024-01-16 14:30:06,9.02,2.9
2024-01-16 14:32:35,7.38,2.53
2024-01-16 14:35:03,15.32,6.35
2024-01-16 14:37:30,7.8,3.0
2024-01-16 14:39:57,5.75,2.63
2024-01-16 14:42:26,3.88,1.8
2024-01-16 14:44:52,6.2,2.35
2024-01-16 14:47:18,5.28,1.9
2024-01-16 14:49:44,3.47,1.85
2024-01-16 14:52:10,3.9,1.6
2024-01-16 14:54:37,3.83,1.63
2024-01-16 14:57:03,3.9,2.0
2024-01-16 14:59:32,3.58,1.85
2024-01-16 15:01:58,6.5,1.8
2024-01-16 15:04:24,5.5,2.28
2024-01-16 15:06:50,10.13,2.63
2024-01-16 15:09:18,6.15,2.6
2024-01-16 15:11:44,7.57,3.55
2024-01-16 15:14:13,5.07,2.8
2024-01-16 15:16:39,9.27,3.15
2024-01-16 15:19:05,6.72,2.92
2024-01-16 15:21:31,5.07,3.08
2024-01-16 15:23:57,6.65,2.4
2024-01-16 15:26:23,7.68,2.85
2024-01-16 15:28:50,6.8,3.03
2024-01-16 15:31:16,12.9,4.25
2024-01-16 15:33:42,6.32,3.58
2024-01-16 15:36:09,6.35,3.63
2024-01-16 15:38:35,7.72,3.15
2024-01-16 15:41:01,8.38,3.72
2024-01-16 15:43:27,9.0,3.92
2024-01-16 15:45:53,9.6,3.5
2024-01-16 15:48:19,10.77,4.65
2024-01-16 15:50:45,11.27,5.03
2024-01-16 15:53:11,9.55,4.25
2024-01-16 15:55:40,12.13,4.75
2024-01-16 15:58:06,13.43,5.2
2024-01-16 16:00:32,19.42,5.3
2024-01-16 16:02:59,11.15,4.4
2024-01-16 16:05:25,11.23,4.0
2024-01-16 16:07:51,8.6,3.97
2024-01-16 16:10:17,7.9,4.0
2024-01-16 16:12:44,10.27,3.95
2024-01-16 16:15:10,8.27,3.53
2024-01-16 16:17:36,9.95,3.67
2024-01-16 16:20:02,7.97,4.03
2024-01-16 16:22:28,13.4,5.07
2024-01-16 16:24:54,8.93,3.42
2024-01-16 16:27:26,7.78,3.38
2024-01-16 16:29:54,9.63,3.45
2024-01-16 16:32:21,7.4,3.45
2024-01-16 16:34:47,7.05,3.45
2024-01-16 16:37:14,7.13,3.35
2024-01-16 16:39:41,10.77,3.92
2024-01-16 16:42:07,9.65,3.42
2024-01-16 16:44:34,9.52,3.67
2024-01-16 16:47:00,8.93,4.2
2024-01-16 16:49:26,8.93,3.9
2024-01-16 16:51:52,10.68,3.65
2024-01-16 16:54:18,8.73,3.6
2024-01-16 16:56:44,8.82,3.95
2024-01-16 16:59:11,10.38,3.6
2024-01-16 17:01:37,8.48,3.4
2024-01-16 17:04:04,9.43,4.22
2024-01-16 17:06:30,8.3,4.6
2024-01-16 17:08:57,10.35,4.6
2024-01-16 17:11:23,10.3,4.8
2024-01-16 17:13:52,37.3,13.4
2024-01-16 17:16:18,23.7,10.32
2024-01-16 17:18:48,28.67,12.13
2024-01-16 17:21:14,31.1,12.65
2024-01-16 17:23:41,38.28,15.57
2024-01-16 17:26:10,39.0,15.23
2024-01-16 17:28:36,60.25,19.85
2024-01-16 17:31:03,51.17,18.13
2024-01-16 17:33:29,19.95,9.38
2024-01-16 17:35:56,18.75,8.25
2024-01-16 17:38:25,15.15,6.97
2024-01-16 17:40:52,13.65,6.72
2024-01-16 17:43:18,13.7,7.28
2024-01-16 17:45:45,16.13,7.4
2024-01-16 17:48:11,16.38,7.13
2024-01-16 17:50:37,11.82,6.68
2024-01-16 17:53:04,11.0,5.9
2024-01-16 17:55:33,18.9,6.63
2024-01-16 17:58:00,34.5,13.23
2024-01-16 18:00:27,36.25,14.27
2024-01-16 18:02:54,22.7,10.9
2024-01-16 18:05:21,18.42,8.9
2024-01-16 18:07:47,28.1,10.7
2024-01-16 18:10:15,21.35,10.2
2024-01-16 18:12:41,23.8,10.43
2024-01-16 18:15:08,26.05,10.48
2024-01-16 18:17:45,25.13,10.88
2024-01-16 18:22:42,20.95,10.32
2024-01-16 18:25:08,17.15,8.52
2024-01-16 18:27:38,18.4,8.05
2024-01-16 18:30:04,25.02,12.98
2024-01-16 18:32:30,42.42,15.88
2024-01-16 18:34:57,34.45,14.7
2024-01-16 18:37:24,34.53,15.18
2024-01-16 18:39:50,46.83,16.63
2024-01-16 18:42:16,35.85,14.43
2024-01-16 18:44:47,39.5,14.15
2024-01-16 18:47:13,50.65,17.8
2024-01-16 18:49:41,44.38,18.52
2024-01-16 18:52:07,43.83,18.8
2024-01-16 18:54:33,50.05,22.0
2024-01-16 18:56:59,53.25,22.42
2024-01-16 18:59:25,48.33,20.5
2024-01-16 19:01:53,42.1,19.25
2024-01-16 19:04:20,132.32,43.8
2024-01-16 19:06:48,57.22,22.1
2024-01-16 19:09:15,55.5,20.0
2024-01-16 19:11:49,54.2,24.08
2024-01-16 19:14:18,50.85,23.55
2024-01-16 19:16:44,58.28,24.27
2024-01-16 19:19:14,58.5,24.05
2024-01-16 19:21:43,48.85,23.67
2024-01-16 19:24:09,53.67,21.83
2024-01-16 19:26:36,68.72,27.0
2024-01-16 19:29:02,53.17,22.6
2024-01-16 19:31:28,30.55,14.7
2024-01-16 19:33:57,32.0,12.73
2024-01-16 19:36:23,20.77,9.38
2024-01-16 19:38:49,18.15,9.7
2024-01-16 19:41:16,21.33,9.43
2024-01-16 19:43:42,26.6,11.23
2024-01-16 19:46:09,27.35,11.77
2024-01-16 19:48:35,33.22,14.43
2024-01-16 19:51:04,33.6,14.48
2024-01-16 19:53:31,42.13,14.05
2024-01-16 19:55:57,40.2,13.77
2024-01-16 19:58:24,38.7,13.65
2024-01-16 20:00:50,24.77,12.73
2024-01-16 20:03:16,29.38,14.48
2024-01-16 20:05:42,41.95,16.1
2024-01-16 20:08:09,34.63,15.32
2024-01-16 20:10:38,45.42,18.95
2024-01-16 20:13:05,56.0,22.75
2024-01-16 20:15:32,50.45,19.77
2024-01-16 20:18:01,53.28,22.17
2024-01-16 20:20:28,44.88,20.23
2024-01-16 20:22:55,44.83,20.27
2024-01-16 20:25:21,53.28,21.5
2024-01-16 20:27:49,43.92,21.1
2024-01-16 20:30:15,49.25,20.4
2024-01-16 20:32:42,48.45,18.7
2024-01-16 20:35:09,48.13,20.33
2024-01-16 20:37:35,44.8,20.1
2024-01-16 20:40:02,57.5,23.13
2024-01-16 20:42:29,49.88,20.48
2024-01-16 20:44:56,54.85,20.85
2024-01-16 20:47:22,42.25,20.55
2024-01-16 20:49:48,45.05,20.13
2024-01-16 20:52:14,47.85,20.98
2024-01-16 20:54:41,50.75,20.08
2024-01-16 20:57:07,44.97,20.42
2024-01-16 20:59:34,41.9,17.4
2024-01-16 21:02:00,39.45,19.13
2024-01-16 21:04:27,43.83,19.15
2024-01-16 21:06:53,40.95,19.0
2024-01-16 21:09:26,45.47,18.75
2024-01-16 21:11:52,49.63,19.77
2024-01-16 21:14:18,40.75,19.27
2024-01-16 21:16:44,62.63,21.2
2024-01-16 21:19:11,53.3,21.95
2024-01-16 21:21:43,58.13,20.95
2024-01-16 21:24:11,43.97,19.27
2024-01-16 21:26:38,47.92,20.35
2024-01-16 21:29:08,36.4,18.23
2024-01-16 21:31:41,47.65,20.3
2024-01-16 21:34:07,54.0,22.48
2024-01-16 21:36:34,54.55,22.8
2024-01-16 21:39:00,49.2,23.55
2024-01-16 21:41:26,48.33,21.83
2024-01-16 21:43:52,50.63,22.9
2024-01-16 21:46:18,50.8,24.02
2024-01-16 21:48:44,56.35,24.48
2024-01-16 21:51:10,56.4,24.02
2024-01-16 21:53:36,56.13,24.6
2024-01-16 21:56:02,55.35,23.13
2024-01-16 21:58:30,47.97,22.08
2024-01-16 22:00:56,45.47,20.13
2024-01-16 22:03:22,54.2,20.38
2024-01-16 22:05:48,53.92,21.63
2024-01-16 22:08:14,43.13,21.55
2024-01-16 22:10:40,53.9,23.75
2024-01-16 22:13:07,47.67,21.13
2024-01-16 22:15:34,47.1,20.88
2024-01-16 22:18:00,39.95,17.63
2024-01-16 22:20:26,41.9,18.67
2024-01-16 22:22:57,51.47,21.48
2024-01-16 22:25:23,57.47,25.77
2024-01-16 22:27:49,75.07,29.88
2024-01-16 22:30:15,79.57,31.08
2024-01-16 22:32:41,88.47,34.03
2024-01-16 22:35:09,72.1,27.63
2024-01-16 22:37:35,65.97,28.67
2024-01-16 22:40:03,70.38,29.4
2024-01-16 22:42:30,76.95,33.08
2024-01-16 22:44:56,79.1,31.15
2024-01-16 22:47:22,64.53,26.67
2024-01-16 22:49:48,40.75,19.27
2024-01-16 22:52:14,37.9,17.17
2024-01-16 22:54:40,38.85,16.67
2024-01-16 22:57:06,43.8,17.4
2024-01-16 22:59:32,36.05,17.8
2024-01-16 23:01:59,36.1,17.6
2024-01-16 23:04:25,41.05,17.73
2024-01-16 23:06:51,36.95,16.02
2024-01-16 23:09:17,36.47,16.75
2024-01-16 23:11:43,46.33,18.88
2024-01-16 23:14:09,40.95,17.08
2024-01-16 23:16:38,44.95,18.4
2024-01-16 23:19:04,44.42,19.92
2024-01-16 23:21:30,44.67,17.65
2024-01-16 23:23:56,53.65,23.25
2024-01-16 23:26:22,50.25,21.83
2024-01-16 23:28:48,54.95,24.58
2024-01-16 23:31:14,68.3,27.98
2024-01-16 23:33:41,63.47,26.6
2024-01-16 23:36:07,63.7,26.9
2024-01-16 23:38:34,54.47,25.55
2024-01-16 23:41:03,58.7,27.35
2024-01-16 23:43:29,58.5,24.8
2024-01-16 23:45:59,54.53,26.38
2024-01-16 23:48:25,62.83,26.45
2024-01-16 23:50:51,65.13,27.65
2024-01-16 23:53:17,60.9,26.4
2024-01-16 23:55:44,62.35,25.65
2024-01-16 23:58:10,61.9,26.67
2024-01-17 00:00:36,58.72,24.58
2024-01-17 00:03:02,44.75,20.9
2024-01-17 00:05:28,47.95,19.6
2024-01-17 00:07:55,42.95,20.27
2024-01-17 00:10:21,57.25,24.77
2024-01-17 00:12:47,64.3,25.98
2024-01-17 00:15:13,62.17,24.83
2024-01-17 00:17:39,57.13,23.08
2024-01-17 00:20:05,44.97,20.08
2024-01-17 00:22:32,46.1,22.17
2024-01-17 00:24:58,48.72,21.4
2024-01-17 00:27:24,38.85,20.73
2024-01-17 00:29:51,48.75,19.98
2024-01-17 00:32:22,45.58,19.23
2024-01-17 00:34:48,41.83,18.48
2024-01-17 00:37:14,44.2,19.63
2024-01-17 00:39:40,33.47,18.2
2024-01-17 00:42:07,44.45,17.85
2024-01-17 00:44:33,40.78,15.5
2024-01-17 00:47:03,38.17,18.52
2024-01-17 00:49:29,41.5,15.7
2024-01-17 00:51:55,38.9,18.42
2024-01-17 00:54:21,46.42,17.85
2024-01-17 00:56:47,40.8,18.23
2024-01-17 00:59:13,55.47,25.35
2024-01-17 01:01:39,48.25,21.65
2024-01-17 01:04:08,52.97,22.75
2024-01-17 01:06:34,59.97,24.1
2024-01-17 01:09:01,46.75,22.13
2024-01-17 01:11:30,57.5,23.23
2024-01-17 01:13:57,53.7,21.83
2024-01-17 01:16:23,43.85,20.65
2024-01-17 01:18:49,47.38,20.02
2024-01-17 01:21:15,44.9,18.9
2024-01-17 01:23:41,41.42,18.0
2024-01-17 01:26:08,38.25,16.7
2024-01-17 01:28:34,31.75,16.23
2024-01-17 01:31:00,32.13,15.4
2024-01-17 01:33:26,35.42,15.55
2024-01-17 01:35:52,35.7,15.32
2024-01-17 01:38:18,28.15,14.27
2024-01-17 01:40:44,30.15,13.55
2024-01-17 01:43:22,26.4,12.75
2024-01-17 01:48:30,31.25,14.2
2024-01-17 01:50:57,32.33,14.75
2024-01-17 01:53:24,35.53,15.32
2024-01-17 01:55:50,31.2,14.1
2024-01-17 01:58:17,31.8,14.98
2024-01-17 02:00:44,30.83,13.45
2024-01-17 02:03:10,30.2,13.88
2024-01-17 02:05:38,32.55,14.77
2024-01-17 02:08:04,33.15,13.57
2024-01-17 02:10:31,26.9,12.25
2024-01-17 02:12:57,24.05,11.23
2024-01-17 02:15:24,25.83,11.75
2024-01-17 02:17:50,28.48,12.45
2024-01-17 02:20:16,27.27,12.73
2024-01-17 02:22:42,29.15,12.43
2024-01-17 02:25:08,35.0,15.07
2024-01-17 02:27:34,39.58,16.05
2024-01-17 02:30:00,36.7,15.65
2024-01-17 02:32:27,33.58,16.25
2024-01-17 02:34:53,37.85,15.3
2024-01-17 02:37:19,34.7,14.77
2024-01-17 02:39:45,32.25,13.57
2024-01-17 02:42:11,22.75,12.2
2024-01-17 02:44:37,41.67,16.52
2024-01-17 02:47:03,46.15,19.48
2024-01-17 02:49:29,40.47,17.3
2024-01-17 02:51:55,39.47,15.93
2024-01-17 02:54:21,30.73,15.48
2024-01-17 02:56:47,31.88,13.63
2024-01-17 02:59:14,38.17,14.77
2024-01-17 03:01:40,37.03,17.58
2024-01-17 03:04:06,29.23,16.2
2024-01-17 03:06:32,45.17,18.33
2024-01-17 03:08:59,32.58,16.33
2024-01-17 03:11:25,32.7,14.73
2024-01-17 03:13:51,35.33,16.48
2024-01-17 03:16:17,35.45,17.08
2024-01-17 03:18:45,38.5,17.85
2024-01-17 03:21:12,34.58,16.5
2024-01-17 03:23:38,35.55,16.48
2024-01-17 03:26:04,42.38,15.57
2024-01-17 03:28:30,30.02,14.8
2024-01-17 03:30:56,48.13,15.9
2024-01-17 03:33:22,35.15,15.18
2024-01-17 03:35:48,34.38,15.77
2024-01-17 03:38:14,32.1,14.27
2024-01-17 03:40:43,37.97,16.23
2024-01-17 03:43:10,41.7,17.95
2024-01-17 03:45:36,31.63,16.45
2024-01-17 03:48:03,29.73,14.6
2024-01-17 03:50:29,28.38,13.5
2024-01-17 03:52:56,37.0,15.9
2024-01-17 03:55:22,34.63,14.23
2024-01-17 03:57:48,37.72,15.7
2024-01-17 04:00:14,39.25,16.8
2024-01-17 04:02:41,38.25,16.67
2024-01-17 04:05:07,36.2,16.27
2024-01-17 04:07:33,34.63,16.38
2024-01-17 04:09:59,38.6,16.83
2024-01-17 04:12:25,34.85,15.05
2024-01-17 04:14:51,37.22,15.52
2024-01-17 04:17:17,33.1,14.6
2024-01-17 04:19:43,40.63,16.95
2024-01-17 04:22:09,29.2,12.73
2024-01-17 04:24:35,34.28,16.85
2024-01-17 04:27:01,33.2,16.3
2024-01-17 04:29:28,40.45,16.9
2024-01-17 04:31:54,39.2,15.82
2024-01-17 04:34:20,35.75,16.3
2024-01-17 04:36:46,34.2,15.82
2024-01-17 04:39:12,39.65,17.27
2024-01-17 04:41:40,43.22,16.73
2024-01-17 04:44:06,33.72,16.65
2024-01-17 04:46:32,47.17,17.13
2024-01-17 04:48:59,32.0,14.93
2024-01-17 04:51:25,47.85,17.15
2024-01-17 04:53:51,47.78,16.83
2024-01-17 04:56:18,37.65,17.5
2024-01-17 04:58:44,38.7,16.1
2024-01-17 05:01:10,40.97,16.52
2024-01-17 05:03:36,41.4,16.98
2024-01-17 05:06:02,36.8,17.38
2024-01-17 05:08:29,40.58,18.05
2024-01-17 05:10:55,36.15,16.02
2024-01-17 05:13:21,46.13,17.55
2024-01-17 05:15:47,42.03,17.4
2024-01-17 05:18:14,37.78,15.88
2024-01-17 05:20:40,40.22,17.5
2024-01-17 05:23:06,29.98,15.85
2024-01-17 05:25:32,30.27,15.98
2024-01-17 05:27:58,36.83,17.42
2024-01-17 05:30:25,38.45,16.65
2024-01-17 05:32:51,40.33,18.27
2024-01-17 05:35:18,42.3,17.7
2024-01-17 05:37:44,42.42,16.65
2024-01-17 05:40:11,46.72,18.13
2024-01-17 05:42:41,37.42,16.73
2024-01-17 05:45:08,41.13,18.55
2024-01-17 05:47:34,40.08,18.95
2024-01-17 05:50:01,45.35,19.52
2024-01-17 05:52:28,46.92,17.63
2024-01-17 05:54:54,40.92,18.55
2024-01-17 05:57:20,43.9,20.63
2024-01-17 05:59:46,45.13,19.58
2024-01-17 06:02:12,40.72,17.92
2024-01-17 06:04:39,37.45,15.32
2024-01-17 06:07:05,33.17,15.55
2024-01-17 06:09:31,25.45,12.25
2024-01-17 06:11:57,29.65,14.93
2024-01-17 06:14:23,27.88,13.23
2024-01-17 06:16:49,32.53,14.43
2024-01-17 06:19:16,29.38,12.7
2024-01-17 06:21:42,32.63,15.88
2024-01-17 06:24:08,37.9,16.1
2024-01-17 06:26:34,31.1,15.48
2024-01-17 06:29:00,46.0,15.68
2024-01-17 06:31:26,36.83,16.65
2024-01-17 06:33:52,34.63,15.77
2024-01-17 06:36:18,54.1,25.2
2024-01-17 06:38:44,50.0,19.52
2024-01-17 06:41:10,39.15,19.88
2024-01-17 06:43:36,46.3,19.58
2024-01-17 06:46:03,41.47,19.45
2024-01-17 06:48:29,51.78,20.4
2024-01-17 06:50:55,42.28,20.45
2024-01-17 06:53:21,60.75,21.55
2024-01-17 06:55:48,47.67,20.02
2024-01-17 06:58:14,53.2,21.95
2024-01-17 07:00:40,43.65,21.25
2024-01-17 07:03:07,59.47,23.98
2024-01-17 07:05:33,48.42,21.77
2024-01-17 07:07:59,57.22,21.88
2024-01-17 07:10:25,44.65,19.65
2024-01-17 07:12:51,59.95,20.75
2024-01-17 07:15:17,45.8,19.75
2024-01-17 07:17:43,38.3,18.45
2024-01-17 07:20:10,35.72,16.1
2024-01-17 07:22:40,39.53,16.15
2024-01-17 07:25:10,34.0,15.43
2024-01-17 07:27:40,32.25,16.15
2024-01-17 07:30:08,34.53,15.55
2024-01-17 07:32:36,28.67,14.07
2024-01-17 07:35:03,33.2,14.75
2024-01-17 07:37:29,28.35,15.38
2024-01-17 07:39:56,34.97,14.38
2024-01-17 07:42:22,52.7,15.93
2024-01-17 07:44:49,32.42,16.35
2024-01-17 07:47:15,32.63,15.68
2024-01-17 07:49:41,46.9,22.83
2024-01-17 07:52:08,34.63,18.23
2024-01-17 07:54:34,45.78,19.85
2024-01-17 07:57:01,45.6,19.4
2024-01-17 07:59:27,39.42,20.02
2024-01-17 08:01:54,46.03,18.42
2024-01-17 08:04:20,43.63,19.05
2024-01-17 08:06:46,41.83,18.98
2024-01-17 08:09:13,38.9,18.65
2024-01-17 08:11:51,39.08,18.65
2024-01-17 08:14:18,35.83,18.27
2024-01-17 08:16:45,51.6,19.05
2024-01-17 08:19:11,37.9,17.4
2024-01-17 08:21:37,38.95,17.17
2024-01-17 08:24:03,42.15,19.4
2024-01-17 08:26:30,37.6,18.65
2024-01-17 08:28:57,36.85,18.92
2024-01-17 08:31:23,46.1,21.63
2024-01-17 08:33:52,37.55,18.77
2024-01-17 08:36:18,50.75,20.3
2024-01-17 08:38:45,39.47,18.13
2024-01-17 08:41:11,33.72,18.05
2024-01-17 08:43:37,38.17,18.2
2024-01-17 08:46:03,33.4,16.23
2024-01-17 08:48:30,37.05,17.75
2024-01-17 08:50:56,36.97,17.98
2024-01-17 08:53:25,42.03,17.77
2024-01-17 08:55:51,35.92,18.9
2024-01-17 08:58:18,34.4,17.85
2024-01-17 09:00:44,38.15,18.13
2024-01-17 09:03:10,42.75,19.48
2024-01-17 09:05:36,37.0,18.75
2024-01-17 09:08:02,38.03,17.77
2024-01-17 09:10:28,40.0,19.4
2024-01-17 09:12:55,45.22,19.7
2024-01-17 09:15:21,41.58,19.7
2024-01-17 09:17:47,37.85,19.33
2024-01-17 09:20:13,47.63,18.77
2024-01-17 09:22:42,39.8,18.35
2024-01-17 09:25:08,31.25,15.57
2024-01-17 09:27:35,32.88,17.05
2024-01-17 09:30:01,32.88,17.0
2024-01-17 09:32:28,36.28,18.7
2024-01-17 09:34:54,34.28,17.52
2024-01-17 09:37:20,39.85,18.85
2024-01-17 09:39:46,35.15,20.05
2024-01-17 09:42:15,42.0,19.75
2024-01-17 09:44:42,35.25,18.25
2024-01-17 09:47:10,51.65,23.33
2024-01-17 09:49:40,52.88,26.27
2024-01-17 09:52:06,43.35,23.08
2024-01-17 09:54:34,45.3,21.8
2024-01-17 09:57:02,58.63,24.77
2024-01-17 09:59:36,57.92,25.85
2024-01-17 10:02:04,51.03,27.15
2024-01-17 10:04:31,64.6,29.67
2024-01-17 10:06:57,63.2,29.17
2024-01-17 10:09:23,79.3,30.5
2024-01-17 10:11:52,58.4,27.73
2024-01-17 10:14:19,58.88,27.4
2024-01-17 10:16:48,70.43,27.4
2024-01-17 10:19:14,53.95,23.67
2024-01-17 10:21:44,44.92,21.67
2024-01-17 10:24:10,49.75,25.1
2024-01-17 10:26:45,53.67,25.65
2024-01-17 10:29:13,63.88,26.63
2024-01-17 10:31:40,56.55,27.5
2024-01-17 10:34:12,58.63,26.48
2024-01-17 10:36:38,48.28,25.33
2024-01-17 10:39:05,51.2,25.67
2024-01-17 10:41:31,59.5,25.9
2024-01-17 10:43:58,58.63,25.6
2024-01-17 10:46:27,48.92,24.5
2024-01-17 10:48:53,51.42,25.08
2024-01-17 10:51:22,46.45,25.0
2024-01-17 10:53:52,52.08,25.13
2024-01-17 10:56:19,44.65,21.33
2024-01-17 10:58:49,44.05,18.8
2024-01-17 11:01:34,33.08,17.48
2024-01-17 11:04:13,24.13,12.65
2024-01-17 11:06:40,26.3,13.95
2024-01-17 11:09:07,41.7,19.92
2024-01-17 11:11:35,39.2,20.8
2024-01-17 11:14:03,35.05,18.02
2024-01-17 11:16:30,32.72,16.9
2024-01-17 11:18:57,34.85,18.33
2024-01-17 11:21:25,44.55,17.35
2024-01-17 11:24:19,37.22,16.6
2024-01-17 11:26:52,24.55,13.27
2024-01-17 11:29:23,23.98,12.0
2024-01-17 11:34:17,24.48,12.63
2024-01-17 11:36:45,23.4,12.7
2024-01-17 11:39:15,25.63,14.3
2024-01-17 11:41:42,33.75,14.93
2024-01-17 11:44:09,26.75,13.32
2024-01-17 11:46:36,25.6,12.9
2024-01-17 11:49:07,22.3,12.57
2024-01-17 11:51:34,22.42,12.0
2024-01-17 11:54:03,25.98,12.23
2024-01-17 11:56:29,27.6,12.52
2024-01-17 11:59:06,26.13,13.2
2024-01-17 12:04:15,25.92,13.2
2024-01-17 12:06:42,23.55,12.98
2024-01-17 12:09:09,24.55,13.05
2024-01-17 12:11:41,26.17,12.82
2024-01-17 12:14:07,25.35,13.73
2024-01-17 12:16:34,25.27,13.15
2024-01-17 12:19:00,21.6,13.13
2024-01-17 12:21:26,27.3,14.2
2024-01-17 12:23:52,30.8,13.48
2024-01-17 12:26:19,25.3,13.52
2024-01-17 12:28:45,30.0,12.5
2024-01-17 12:31:11,28.17,14.77
2024-01-17 12:33:37,26.0,13.25
2024-01-17 12:36:04,36.38,15.35
2024-01-17 12:38:32,26.52,14.13
2024-01-17 12:40:59,24.08,12.9
2024-01-17 12:43:26,32.7,13.13
2024-01-17 12:45:53,27.92,13.52
2024-01-17 12:48:20,24.2,12.57
2024-01-17 12:50:52,27.98,13.88
2024-01-17 12:53:26,25.65,12.8
2024-01-17 12:55:53,25.42,12.32
2024-01-17 12:58:19,23.35,13.2
2024-01-17 13:00:46,25.63,13.93
2024-01-17 13:03:12,24.77,13.65
2024-01-17 13:05:39,28.38,13.6
2024-01-17 13:08:09,33.9,13.63
2024-01-17 13:10:39,39.95,15.3
2024-01-17 13:13:05,32.92,14.15
2024-01-17 13:15:33,30.15,14.07
2024-01-17 13:17:59,33.53,15.68
2024-01-17 13:20:26,29.25,14.98
2024-01-17 13:22:53,33.03,15.55
2024-01-17 13:25:22,27.08,14.02
2024-01-17 13:27:55,26.13,14.27
2024-01-17 13:30:23,30.0,14.77
2024-01-17 13:32:49,38.72,15.3
2024-01-17 13:35:15,27.83,13.2
2024-01-17 13:37:42,34.65,14.1
2024-01-17 13:40:08,27.2,14.5
2024-01-17 13:42:36,30.3,16.6
2024-01-17 13:45:02,30.88,14.48
2024-01-17 13:47:33,25.02,14.0
2024-01-17 13:49:59,27.42,12.7
2024-01-17 13:52:33,28.45,12.73
2024-01-17 13:55:02,21.27,10.8
2024-01-17 13:57:29,25.63,12.38
2024-01-17 13:59:55,22.33,12.55
2024-01-17 14:02:21,28.4,12.02
2024-01-17 14:04:48,22.08,11.43
2024-01-17 14:07:14,28.25,12.2
2024-01-17 14:09:40,28.25,12.88
2024-01-17 14:12:06,27.67,12.95
2024-01-17 14:14:35,33.85,14.7
2024-01-17 14:17:01,21.7,12.65
2024-01-17 14:19:29,21.6,11.4
2024-01-17 14:21:57,25.0,12.82
2024-01-17 14:24:23,29.1,14.15
2024-01-17 14:26:49,22.45,13.0
2024-01-17 14:29:15,27.92,12.38
2024-01-17 14:31:41,27.33,12.73
2024-01-17 14:34:07,28.58,15.13
2024-01-17 14:36:35,24.8,13.2
2024-01-17 14:39:01,24.98,13.3
2024-01-17 14:41:27,29.02,11.88
2024-01-17 14:43:53,21.48,12.43
2024-01-17 14:46:19,25.2,12.95
2024-01-17 14:48:45,25.15,12.23
2024-01-17 14:51:11,30.38,12.98
2024-01-17 14:53:38,22.48,11.82
2024-01-17 14:56:04,24.55,11.2
2024-01-17 14:58:30,22.35,11.15
2024-01-17 15:00:56,27.23,11.45
2024-01-17 15:03:25,25.48,12.7
2024-01-17 15:05:52,29.73,12.3
2024-01-17 15:08:18,28.17,12.75
2024-01-17 15:10:44,24.65,13.23
2024-01-17 15:13:11,25.55,12.63
2024-01-17 15:15:37,28.25,13.5
2024-01-17 15:18:03,27.2,13.3
2024-01-17 15:20:31,31.52,15.52
2024-01-17 15:22:57,40.47,18.83
2024-01-17 15:25:23,39.97,18.1
2024-01-17 15:27:49,40.6,19.75
2024-01-17 15:30:16,38.78,19.3
2024-01-17 15:32:42,45.35,21.75
2024-01-17 15:35:09,46.45,23.6
2024-01-17 15:37:35,46.2,21.88
2024-01-17 15:40:05,47.03,21.67
2024-01-17 15:42:35,44.63,20.52
2024-01-17 15:45:01,38.3,20.0
2024-01-17 15:47:28,43.65,20.33
2024-01-17 15:49:54,41.6,17.9
2024-01-17 15:52:20,28.7,13.82
2024-01-17 15:54:46,32.47,13.75
2024-01-17 15:57:12,29.08,12.8
2024-01-17 15:59:38,36.05,15.05
2024-01-17 16:02:05,32.58,12.95
2024-01-17 16:04:31,29.73,13.15
2024-01-17 16:07:01,28.63,13.45
2024-01-17 16:09:28,34.6,16.73
2024-01-17 16:11:54,33.0,16.85
2024-01-17 16:14:20,31.38,14.77
2024-01-17 16:16:49,32.2,13.35
2024-01-17 16:19:16,35.17,15.35
2024-01-17 16:21:42,34.97,18.15
2024-01-17 16:24:08,37.0,16.7
2024-01-17 16:26:44,64.25,26.4
2024-01-17 16:29:10,80.68,34.1
2024-01-17 16:31:42,66.4,31.02
2024-01-17 16:34:09,69.32,31.38
2024-01-17 16:36:35,69.1,30.95
2024-01-17 16:39:01,89.9,29.67
2024-01-17 16:41:28,64.32,25.6
2024-01-17 16:43:54,66.88,26.13
2024-01-17 16:46:20,46.7,20.42
2024-01-17 16:48:46,57.15,21.88
2024-01-17 16:51:12,68.55,25.45
2024-01-17 16:53:38,56.17,24.35
2024-01-17 16:56:05,51.58,22.5
2024-01-17 16:58:32,71.0,26.27
2024-01-17 17:00:58,46.05,18.38
2024-01-17 17:03:25,48.78,18.35
2024-01-17 17:05:51,37.58,17.88
2024-01-17 17:08:18,49.53,20.33
2024-01-17 17:10:45,55.58,22.6
2024-01-17 17:13:11,46.53,21.02
2024-01-17 17:15:37,48.08,19.42
2024-01-17 17:18:03,47.78,19.8
2024-01-17 17:20:29,45.13,18.75
2024-01-17 17:22:55,58.65,24.9
2024-01-17 17:25:22,65.3,31.45
2024-01-17 17:27:49,72.85,31.23
2024-01-17 17:30:16,79.8,33.5
2024-01-17 17:32:42,76.22,35.7
2024-01-17 17:35:09,68.43,32.95
2024-01-17 17:37:35,83.53,35.8
2024-01-17 17:40:01,80.4,36.78
2024-01-17 17:42:29,81.32,36.63
2024-01-17 17:44:56,88.45,37.28
2024-01-17 17:47:22,80.82,38.95
2024-01-17 17:49:49,81.65,37.55
2024-01-17 17:52:15,90.43,38.97
2024-01-17 17:54:41,73.3,32.2
2024-01-17 17:57:09,65.47,31.6
2024-01-17 17:59:36,82.38,34.65
2024-01-17 18:02:02,89.6,34.9
2024-01-17 18:04:30,83.3,35.53
2024-01-17 18:06:56,80.05,34.55
2024-01-17 18:09:22,70.18,32.22
2024-01-17 18:11:48,68.75,32.22
2024-01-17 18:14:14,77.07,31.65
2024-01-17 18:16:40,67.75,30.27
2024-01-17 18:19:06,67.65,29.58
2024-01-17 18:21:33,63.58,28.5
2024-01-17 18:24:03,72.05,31.48
2024-01-17 18:26:29,65.63,29.7
2024-01-17 18:28:55,64.28,31.3
2024-01-17 18:31:21,81.0,33.13
2024-01-17 18:33:48,75.5,33.58
2024-01-17 18:36:15,74.68,31.85
2024-01-17 18:38:41,64.15,29.55
2024-01-17 18:41:07,75.13,32.35
2024-01-17 18:43:35,71.75,34.17
2024-01-17 18:46:02,85.0,37.33
2024-01-17 18:48:29,90.03,37.78
2024-01-17 18:50:55,97.25,43.3
2024-01-17 18:53:21,90.3,40.22
2024-01-17 18:55:47,79.7,38.75
2024-01-17 18:58:14,86.15,36.92
2024-01-17 19:00:41,77.9,37.85
2024-01-17 19:03:07,69.47,33.72
2024-01-17 19:05:34,83.43,36.67
2024-01-17 19:08:03,84.15,38.58
2024-01-17 19:10:29,91.38,38.3
2024-01-17 19:12:56,94.43,38.6
2024-01-17 19:15:22,75.75,34.72
2024-01-17 19:17:48,87.9,39.25
2024-01-17 19:20:15,84.68,35.2
2024-01-17 19:22:41,97.2,41.5
2024-01-17 19:25:07,84.25,37.7
2024-01-17 19:27:33,98.03,39.6
2024-01-17 19:30:01,91.05,39.17
2024-01-17 19:32:28,76.13,34.88
2024-01-17 19:34:54,62.83,30.77
2024-01-17 19:37:20,96.82,39.75
2024-01-17 19:39:46,86.13,38.88
2024-01-17 19:42:13,86.13,37.97
2024-01-17 19:44:40,90.07,37.78
2024-01-17 19:47:06,84.25,36.88
2024-01-17 19:49:33,92.38,40.58
2024-01-17 19:52:02,81.32,39.33
2024-01-17 19:54:28,99.47,40.53
2024-01-17 19:56:54,101.63,41.42
2024-01-17 19:59:20,94.53,40.88
2024-01-17 20:01:46,88.57,38.72
2024-01-17 20:04:13,93.47,40.85
2024-01-17 20:06:40,110.15,42.85
2024-01-17 20:09:06,95.43,41.72
2024-01-17 20:11:32,101.0,45.5
2024-01-17 20:13:58,101.43,42.8
2024-01-17 20:16:24,129.88,47.78
2024-01-17 20:18:50,118.38,47.42
2024-01-17 20:21:25,104.38,45.95
2024-01-17 20:23:53,110.4,46.67
2024-01-17 20:26:20,129.6,48.25
2024-01-17 20:28:46,98.68,44.72
2024-01-17 20:31:12,115.2,44.78
2024-01-17 20:33:39,110.95,45.65
2024-01-17 20:36:06,98.9,41.05
2024-01-17 20:38:35,85.95,40.1
2024-01-17 20:41:02,95.55,42.17
2024-01-17 20:43:28,103.0,42.78
2024-01-17 20:45:54,87.28,41.2
2024-01-17 20:48:21,107.47,43.2
2024-01-17 20:50:52,92.53,43.63
2024-01-17 20:53:21,98.57,41.88
2024-01-17 20:55:47,104.57,43.33
2024-01-17 20:58:13,94.38,41.08
2024-01-17 21:00:39,87.03,38.95
2024-01-17 21:03:05,82.55,36.5
2024-01-17 21:05:31,75.22,34.92
2024-01-17 21:07:58,82.4,35.78
2024-01-17 21:10:24,78.72,34.22
2024-01-17 21:12:52,72.05,31.33
2024-01-17 21:15:18,70.47,33.35
2024-01-17 21:17:44,71.28,31.45
2024-01-17 21:20:10,73.6,31.75
2024-01-17 21:22:37,69.22,32.8
2024-01-17 21:25:03,72.5,33.33
2024-01-17 21:27:29,74.55,31.67
2024-01-17 21:29:56,72.28,32.78
2024-01-17 21:32:23,73.22,33.53
2024-01-17 21:34:49,70.9,31.73
2024-01-17 21:37:15,70.78,32.75
2024-01-17 21:39:41,72.38,31.35
2024-01-17 21:42:07,76.93,34.97
2024-01-17 21:44:33,73.35,34.8
2024-01-17 21:47:00,76.6,35.9
2024-01-17 21:49:26,105.25,46.5
2024-01-17 21:51:52,101.97,48.9
2024-01-17 21:54:18,110.97,46.6
2024-01-17 21:56:44,97.3,43.33
2024-01-17 21:59:10,105.13,49.25
2024-01-17 22:01:36,106.07,46.67
2024-01-17 22:04:02,91.07,43.13
2024-01-17 22:06:28,115.68,48.28
2024-01-17 22:08:54,93.15,42.65
2024-01-17 22:11:21,74.05,35.65
2024-01-17 22:13:47,90.68,40.05
2024-01-17 22:16:13,76.4,34.6
2024-01-17 22:18:39,78.38,34.55
2024-01-17 22:21:06,69.43,34.33
2024-01-17 22:23:32,59.08,28.88
2024-01-17 22:25:58,77.0,31.63
2024-01-17 22:28:24,75.7,32.78
2024-01-17 22:30:50,66.53,33.33
2024-01-17 22:33:17,64.72,31.42
2024-01-17 22:35:43,84.88,38.08
2024-01-17 22:38:09,78.47,35.55
2024-01-17 22:40:35,72.38,33.63
2024-01-17 22:43:01,73.32,32.17
2024-01-17 22:45:28,69.25,31.98
2024-01-17 22:47:55,76.05,34.6
2024-01-17 22:50:22,79.1,32.17
2024-01-17 22:52:48,78.85,33.78
2024-01-17 22:55:14,77.53,34.9
2024-01-17 22:57:40,59.25,27.1
2024-01-17 23:00:09,61.45,28.08
2024-01-17 23:02:54,55.85,27.05
2024-01-17 23:05:20,55.9,28.2
2024-01-17 23:07:46,61.58,29.7
2024-01-17 23:10:12,59.97,30.15
2024-01-17 23:12:38,63.75,28.3
2024-01-17 23:15:04,56.08,28.13
2024-01-17 23:17:30,56.7,25.2
2024-01-17 23:19:57,64.43,27.75
2024-01-17 23:22:23,53.92,25.83
2024-01-17 23:24:49,58.17,27.58
2024-01-17 23:27:15,55.47,27.13
2024-01-17 23:29:41,55.15,26.27
2024-01-17 23:32:07,59.88,27.05
2024-01-17 23:34:33,58.97,26.15
2024-01-17 23:36:59,62.0,28.05
2024-01-17 23:39:25,61.83,29.08
2024-01-17 23:41:51,63.08,28.55
2024-01-17 23:44:17,65.07,29.9
2024-01-17 23:46:43,68.78,30.7
2024-01-17 23:49:10,77.63,37.42
2024-01-17 23:51:36,77.88,39.72
2024-01-17 23:54:02,89.93,39.67
2024-01-17 23:56:37,75.9,35.28
2024-01-17 23:59:03,58.1,27.52
2024-01-18 00:01:30,58.3,26.08
2024-01-18 00:03:57,59.7,26.0
2024-01-18 00:06:23,68.3,29.6
2024-01-18 00:08:49,68.28,28.83
2024-01-18 00:11:15,73.35,32.13
2024-01-18 00:13:42,79.47,32.95
2024-01-18 00:16:08,71.38,31.35
2024-01-18 00:18:34,80.0,32.92
2024-01-18 00:21:00,78.7,37.22
2024-01-18 00:23:27,71.2,32.2
2024-01-18 00:25:53,62.28,31.13
2024-01-18 00:28:19,64.22,29.63
2024-01-18 00:30:45,57.97,29.4
2024-01-18 00:33:11,54.28,25.27
2024-01-18 00:35:37,72.43,34.35
2024-01-18 00:38:03,63.9,30.88
2024-01-18 00:40:29,76.32,32.3
2024-01-18 00:42:56,67.85,30.75
2024-01-18 00:45:22,61.55,27.73
2024-01-18 00:47:48,64.4,30.63
2024-01-18 00:50:14,60.17,26.85
2024-01-18 00:52:40,55.17,26.58
2024-01-18 00:55:06,53.17,23.85
2024-01-18 00:57:32,47.05,24.63
2024-01-18 00:59:58,53.08,25.98
2024-01-18 01:02:25,60.38,28.67
2024-01-18 01:04:51,65.57,28.1
2024-01-18 01:07:17,58.25,28.1
2024-01-18 01:09:43,60.95,28.42
2024-01-18 01:12:09,58.38,28.98
2024-01-18 01:14:35,63.1,29.83
2024-01-18 01:17:02,53.5,24.98
2024-01-18 01:19:28,48.25,23.23
2024-01-18 01:21:54,49.97,22.95
2024-01-18 01:24:20,59.58,24.7
2024-01-18 01:26:46,46.55,20.77
2024-01-18 01:29:12,45.17,20.65
2024-01-18 01:31:40,45.45,21.42
2024-01-18 01:34:06,39.08,20.7
2024-01-18 01:36:32,40.53,20.13
2024-01-18 01:38:58,46.75,22.58
2024-01-18 01:41:24,41.78,18.98
2024-01-18 01:46:23,41.3,21.75
2024-01-18 01:48:49,49.22,20.65
2024-01-18 01:51:15,42.6,22.4
2024-01-18 01:53:41,49.97,23.17
2024-01-18 01:56:07,52.6,25.02
2024-01-18 01:58:34,49.5,23.98
2024-01-18 02:01:01,51.13,25.02
2024-01-18 02:03:28,57.67,26.27
2024-01-18 02:05:54,48.47,23.52
2024-01-18 02:08:21,51.1,23.75
2024-01-18 02:10:47,47.35,23.5
2024-01-18 02:13:14,46.1,22.2
2024-01-18 02:15:40,49.0,22.85
2024-01-18 02:18:07,44.3,21.25
2024-01-18 02:20:33,48.72,21.15
2024-01-18 02:22:59,37.53,19.67
2024-01-18 02:25:27,43.7,20.15
2024-01-18 02:27:56,38.97,19.55
2024-01-18 02:30:23,44.03,19.85
2024-01-18 02:32:49,45.28,20.4
2024-01-18 02:35:15,45.2,21.73
2024-01-18 02:37:42,49.83,22.42
2024-01-18 02:40:08,47.33,22.38
2024-01-18 02:42:34,42.65,19.75
2024-01-18 02:45:00,40.35,20.08
2024-01-18 02:47:29,38.72,20.33
2024-01-18 02:49:56,41.65,19.38
2024-01-18 02:52:22,34.72,18.6
2024-01-18 02:54:48,44.35,21.7
2024-01-18 02:57:14,39.63,19.05
2024-01-18 02:59:40,44.88,18.92
2024-01-18 03:02:06,38.35,20.08
2024-01-18 03:04:33,35.22,18.08
2024-01-18 03:06:59,38.63,18.58
2024-01-18 03:09:25,39.03,19.67
2024-01-18 03:11:52,39.6,18.05
2024-01-18 03:14:18,38.08,17.13
2024-01-18 03:16:45,35.75,18.4
2024-01-18 03:19:12,37.67,20.25
2024-01-18 03:21:39,36.5,17.05
2024-01-18 03:24:08,35.4,17.42
2024-01-18 03:26:34,40.85,20.6
2024-01-18 03:29:00,41.28,20.65
2024-01-18 03:31:26,44.47,21.42
2024-01-18 03:33:52,33.28,16.88
2024-01-18 03:36:18,32.38,16.15
2024-01-18 03:38:44,35.33,16.5
2024-01-18 03:41:10,41.67,20.05
2024-01-18 03:43:36,39.42,19.65
2024-01-18 03:46:02,41.75,21.25
2024-01-18 03:48:28,41.22,21.45
2024-01-18 03:50:55,35.8,18.2
2024-01-18 03:53:21,40.28,19.48
2024-01-18 03:55:47,38.55,19.27
2024-01-18 03:58:13,51.2,22.75
2024-01-18 04:00:39,47.33,23.27
2024-01-18 04:03:05,46.13,22.65
2024-01-18 04:05:31,48.8,23.85
2024-01-18 04:07:57,48.9,24.05
2024-01-18 04:10:24,46.75,22.8
2024-01-18 04:12:50,54.42,24.23
2024-01-18 04:15:16,44.47,22.58
2024-01-18 04:17:42,49.42,23.8
2024-01-18 04:20:08,42.6,20.98
2024-01-18 04:22:37,39.9,18.27
2024-01-18 04:25:03,38.13,18.58
2024-01-18 04:27:30,36.38,16.58
2024-01-18 04:29:56,30.98,16.35
2024-01-18 04:32:22,33.5,16.9
2024-01-18 04:34:48,30.98,14.5
2024-01-18 04:37:14,36.08,18.02
2024-01-18 04:39:40,39.9,17.13
2024-01-18 04:42:06,30.83,16.88
2024-01-18 04:44:33,31.95,16.05
2024-01-18 04:47:00,40.7,18.5
2024-01-18 04:49:26,47.1,22.75
2024-01-18 04:51:52,42.28,21.4
2024-01-18 04:54:18,53.47,23.48
2024-01-18 04:56:44,48.25,22.83
2024-01-18 04:59:10,45.38,22.73
2024-01-18 05:01:36,49.58,22.83
2024-01-18 05:04:04,42.72,21.08
2024-01-18 05:06:31,37.7,18.98
2024-01-18 05:08:57,46.9,20.27
2024-01-18 05:11:23,44.67,18.9
2024-01-18 05:13:50,43.55,21.75
2024-01-18 05:16:16,42.15,22.27
2024-01-18 05:18:44,45.28,20.85
2024-01-18 05:21:11,49.53,21.15
2024-01-18 05:23:37,32.03,16.65
2024-01-18 05:26:04,36.95,16.83
2024-01-18 05:28:30,28.25,15.73
2024-01-18 05:30:56,40.42,15.6
2024-01-18 05:33:22,41.15,17.08
2024-01-18 05:35:48,34.5,16.85
2024-01-18 05:38:14,33.8,17.55
2024-01-18 05:40:41,33.15,15.95
2024-01-18 05:43:07,35.2,17.02
2024-01-18 05:45:33,36.8,17.52
2024-01-18 05:47:59,32.65,16.33
2024-01-18 05:50:26,30.17,15.93
2024-01-18 05:52:53,33.25,18.5
2024-01-18 05:55:19,37.88,18.2
2024-01-18 05:57:45,52.13,24.02
2024-01-18 06:00:12,31.9,16.85
2024-01-18 06:02:38,34.7,17.52
2024-01-18 06:05:05,32.97,15.3
2024-01-18 06:07:31,31.27,15.93
2024-01-18 06:09:58,35.92,17.17
2024-01-18 06:12:29,35.58,17.33
2024-01-18 06:14:57,38.7,17.05
2024-01-18 06:17:23,34.78,17.77
2024-01-18 06:19:49,34.38,16.92
2024-01-18 06:22:15,40.33,17.2
2024-01-18 06:24:41,30.17,16.98
2024-01-18 06:27:07,32.08,16.5
2024-01-18 06:29:33,35.28,17.85
2024-01-18 06:32:01,42.2,18.13
2024-01-18 06:34:27,36.45,17.75
2024-01-18 06:36:53,33.8,18.05
2024-01-18 06:39:19,35.67,17.33
2024-01-18 06:41:46,36.05,18.02
2024-01-18 06:44:12,34.78,18.8
2024-01-18 06:46:38,36.38,18.58
2024-01-18 06:49:04,37.05,18.2
2024-01-18 06:51:30,35.45,18.08
2024-01-18 06:53:56,38.75,19.25
2024-01-18 06:56:23,36.85,18.13
2024-01-18 06:58:50,44.75,20.5
2024-01-18 07:01:16,39.28,18.48
2024-01-18 07:03:42,37.85,19.6
2024-01-18 07:06:08,42.83,19.23
2024-01-18 07:08:34,42.95,19.23
2024-01-18 07:11:03,35.92,18.7
2024-01-18 07:13:29,42.15,22.35
2024-01-18 07:15:56,36.25,18.55
2024-01-18 07:18:22,40.58,19.1
2024-01-18 07:20:48,43.9,20.15
2024-01-18 07:23:14,41.75,21.8
2024-01-18 07:25:40,44.9,20.65
2024-01-18 07:28:08,37.58,19.25
2024-01-18 07:30:34,41.72,20.4
2024-01-18 07:33:01,35.72,20.25
2024-01-18 07:35:28,44.33,21.92
2024-01-18 07:37:54,50.22,24.35
2024-01-18 07:40:20,56.78,27.25
2024-01-18 07:42:46,51.7,26.58
2024-01-18 07:45:12,56.0,26.05
2024-01-18 07:47:39,57.67,26.27
2024-01-18 07:50:06,51.78,25.77
2024-01-18 07:52:33,48.8,23.83
2024-01-18 07:54:59,50.55,25.05
2024-01-18 07:57:25,64.4,26.58
2024-01-18 07:59:51,46.58,24.25
2024-01-18 08:02:17,45.72,24.45
2024-01-18 08:04:43,50.83,26.2
2024-01-18 08:07:09,53.4,25.02
2024-01-18 08:09:35,55.63,26.67
2024-01-18 08:12:03,56.67,27.45
2024-01-18 08:14:29,50.95,24.85
2024-01-18 08:16:55,46.2,25.38
2024-01-18 08:19:22,50.2,24.75
2024-01-18 08:21:48,45.03,23.58
2024-01-18 08:24:14,46.75,22.65
2024-01-18 08:26:40,44.03,23.73
2024-01-18 08:29:07,49.42,24.33
2024-01-18 08:31:33,51.38,26.42
2024-01-18 08:33:59,50.13,28.3
2024-01-18 08:36:25,48.35,24.95
2024-01-18 08:38:51,55.63,26.85
2024-01-18 08:41:19,59.08,27.75
2024-01-18 08:43:46,50.8,26.13
2024-01-18 08:46:12,53.05,25.8
2024-01-18 08:48:39,55.33,26.35
2024-01-18 08:51:06,51.97,26.9
2024-01-18 08:53:41,54.47,26.9
2024-01-18 08:56:08,57.22,27.08
2024-01-18 08:58:35,51.78,26.52
2024-01-18 09:01:02,50.4,24.92
2024-01-18 09:03:28,52.42,24.98
2024-01-18 09:05:55,44.28,24.65
2024-01-18 09:08:21,43.25,21.95
2024-01-18 09:10:48,45.63,22.45
2024-01-18 09:13:14,42.78,22.73
2024-01-18 09:15:40,39.8,21.55
2024-01-18 09:18:07,44.35,21.6
2024-01-18 09:20:33,35.6,20.25
2024-01-18 09:22:59,38.42,18.52
2024-01-18 09:25:25,34.33,17.67
2024-01-18 09:27:51,30.63,15.63
2024-01-18 09:30:17,37.65,17.92
2024-01-18 09:32:43,32.35,16.75
2024-01-18 09:35:10,33.55,16.35
2024-01-18 09:37:37,29.58,16.1
2024-01-18 09:40:03,32.38,15.82
2024-01-18 09:42:31,27.02,14.38
2024-01-18 09:45:04,27.58,13.43
2024-01-18 09:47:34,28.2,13.48
2024-01-18 09:50:00,23.9,12.9
2024-01-18 09:52:26,25.02,13.8
2024-01-18 09:54:52,25.77,12.63
2024-01-18 09:57:21,20.98,11.23
2024-01-18 09:59:51,27.58,11.93
2024-01-18 10:02:20,37.47,18.38
2024-01-18 10:04:46,26.2,12.73
2024-01-18 10:07:13,29.2,14.38
2024-01-18 10:09:39,28.13,14.57
2024-01-18 10:12:05,30.17,15.13
2024-01-18 10:14:41,28.27,14.7
2024-01-18 10:17:29,30.98,14.93
2024-01-18 10:19:55,31.63,14.0
2024-01-18 10:22:21,31.73,14.25
2024-01-18 10:24:48,27.08,14.25
2024-01-18 10:27:15,32.38,14.75
2024-01-18 10:29:43,32.65,15.85
2024-01-18 10:32:09,25.17,13.3
2024-01-18 10:34:36,25.4,13.77
2024-01-18 10:37:02,26.9,14.35
2024-01-18 10:39:38,24.42,13.9
2024-01-18 10:42:06,30.27,15.18
2024-01-18 10:44:42,33.1,15.7
2024-01-18 10:47:12,34.53,16.17
2024-01-18 10:49:38,29.9,14.8
2024-01-18 10:52:07,38.03,14.48
2024-01-18 10:54:35,32.2,17.23
2024-01-18 10:57:01,33.03,16.35
2024-01-18 10:59:27,35.28,17.05
2024-01-18 11:01:57,35.17,15.4
2024-01-18 11:04:26,34.88,16.6
2024-01-18 11:06:55,26.7,15.4
2024-01-18 11:09:26,30.08,16.88
2024-01-18 11:11:53,36.58,14.8
2024-01-18 11:14:19,30.63,15.68
2024-01-18 11:16:46,32.97,16.0
2024-01-18 11:19:12,27.8,15.85
2024-01-18 11:21:38,30.58,17.08
2024-01-18 11:24:05,29.85,16.83
2024-01-18 11:26:32,30.98,16.7
2024-01-18 11:32:00,34.35,17.88
2024-01-18 11:34:35,39.2,17.27
2024-01-18 11:37:34,34.67,18.2
2024-01-18 11:39:53,37.35,17.15
2024-01-18 11:42:20,32.6,17.27
2024-01-18 11:47:30,37.1,16.88
2024-01-18 11:49:56,29.05,16.65
2024-01-18 11:52:22,29.63,16.75
2024-01-18 11:54:52,31.6,15.6
2024-01-18 11:57:20,31.75,17.1
2024-01-18 11:59:47,30.7,16.05
2024-01-18 12:02:13,29.9,15.9
2024-01-18 12:04:39,26.23,15.85
2024-01-18 12:07:06,28.1,15.23
2024-01-18 12:09:33,34.03,16.63
2024-01-18 12:12:00,30.08,16.77
2024-01-18 12:14:26,29.48,15.98
2024-01-18 12:16:53,34.55,16.33
2024-01-18 12:19:35,31.55,16.27
2024-01-18 12:22:11,28.85,16.98
2024-01-18 12:24:38,32.33,16.6
2024-01-18 12:27:04,33.1,16.5
2024-01-18 12:29:34,32.53,16.65
2024-01-18 12:32:01,31.3,15.02
2024-01-18 12:34:28,26.35,14.68
2024-01-18 12:36:55,32.1,15.9
2024-01-18 12:39:21,42.15,15.8
2024-01-18 12:41:51,28.7,14.13
2024-01-18 12:44:18,28.98,13.57
2024-01-18 12:46:45,25.23,12.0
2024-01-18 12:49:12,27.67,12.2
2024-01-18 12:51:38,26.63,13.15
2024-01-18 12:54:04,21.27,12.77
2024-01-18 12:56:30,25.9,14.23
2024-01-18 12:58:56,29.63,13.57
2024-01-18 13:03:52,22.92,14.23
2024-01-18 13:06:33,23.4,14.2
2024-01-18 13:09:00,28.27,14.2
2024-01-18 13:11:26,24.52,13.88
2024-01-18 13:13:52,26.63,13.9
2024-01-18 13:16:19,23.23,14.18
2024-01-18 13:18:48,26.75,13.93
2024-01-18 13:21:14,27.02,13.57
2024-01-18 13:23:40,23.3,13.6
2024-01-18 13:26:06,29.65,14.25
2024-01-18 13:28:32,25.27,14.15
2024-01-18 13:30:59,25.08,13.25
2024-01-18 13:33:25,30.58,17.0
2024-01-18 13:35:51,33.28,15.2
2024-01-18 13:38:17,35.08,15.48
2024-01-18 13:40:43,22.58,13.13
2024-01-18 13:43:09,22.1,13.3
2024-01-18 13:45:35,29.0,13.32
2024-01-18 13:48:01,28.48,13.32
2024-01-18 13:50:28,25.73,13.2
2024-01-18 13:52:54,25.17,12.85
2024-01-18 13:55:20,26.58,12.45
2024-01-18 13:57:46,24.48,13.23
2024-01-18 14:00:13,18.5,10.68
2024-01-18 14:02:39,27.55,13.32
2024-01-18 14:05:05,30.05,13.95
2024-01-18 14:07:31,29.6,14.43
2024-01-18 14:09:57,26.7,13.68
2024-01-18 14:12:23,32.35,15.63
2024-01-18 14:14:49,26.35,13.65
2024-01-18 14:17:17,29.08,15.95
2024-01-18 14:19:43,32.45,14.13
2024-01-18 14:22:09,28.08,15.45
2024-01-18 14:24:35,35.55,17.0
2024-01-18 14:27:01,33.65,17.23
2024-01-18 14:29:27,41.72,17.63
2024-01-18 14:31:54,32.88,16.63
2024-01-18 14:34:20,36.33,16.6
2024-01-18 14:36:46,37.67,16.95
2024-01-18 14:39:12,38.13,16.88
2024-01-18 14:41:40,14.02,7.7
2024-01-18 14:44:07,25.65,11.23
2024-01-18 14:46:33,20.13,9.45
2024-01-18 14:48:59,18.42,9.73
2024-01-18 14:51:25,12.35,4.68
2024-01-18 14:53:51,26.2,11.77
2024-01-18 14:56:17,30.8,16.83
2024-01-18 14:58:43,23.1,11.75
2024-01-18 15:01:09,31.15,13.7
2024-01-18 15:03:35,25.27,12.77
2024-01-18 15:06:01,25.8,12.3
2024-01-18 15:08:27,18.52,10.18
2024-01-18 15:10:53,21.55,10.02
2024-01-18 15:13:19,40.63,16.33
2024-01-18 15:15:46,26.77,11.35
2024-01-18 15:18:12,26.23,12.3
2024-01-18 15:20:38,26.98,13.05
2024-01-18 15:23:05,25.75,12.5
2024-01-18 15:25:31,22.95,12.02
2024-01-18 15:27:57,22.25,11.4
2024-01-18 15:30:23,15.0,7.63
2024-01-18 15:32:49,13.43,7.68
2024-01-18 15:35:15,29.05,11.27
2024-01-18 15:37:42,18.4,10.02
2024-01-18 15:40:09,19.0,10.4
2024-01-18 15:42:35,30.65,13.38
2024-01-18 15:45:01,30.2,15.07
2024-01-18 15:47:28,30.8,14.45
2024-01-18 15:49:54,35.05,15.82
2024-01-18 15:52:20,44.95,19.13
2024-01-18 15:54:46,32.35,16.42
2024-01-18 15:57:12,36.03,16.95
2024-01-18 15:59:39,31.6,16.35
2024-01-18 16:02:05,33.83,15.9
2024-01-18 16:04:32,31.88,16.2
2024-01-18 16:06:58,35.35,16.9
2024-01-18 16:09:24,33.63,18.0
2024-01-18 16:11:50,34.03,18.5
2024-01-18 16:14:16,35.0,18.88
2024-01-18 16:16:42,31.45,18.05
2024-01-18 16:19:08,38.13,16.77
2024-01-18 16:21:34,38.33,19.1
2024-01-18 16:24:00,40.28,20.58
2024-01-18 16:26:27,35.83,17.08
2024-01-18 16:28:53,25.55,14.02
2024-01-18 16:31:19,35.95,16.38
2024-01-18 16:33:45,37.1,16.52
2024-01-18 16:36:12,26.33,11.93
2024-01-18 16:38:38,26.45,11.88
2024-01-18 16:41:05,29.5,13.0
2024-01-18 16:43:33,23.5,10.93
2024-01-18 16:45:59,16.33,9.43
2024-01-18 16:48:26,20.58,9.35
2024-01-18 16:50:52,17.15,8.7
2024-01-18 16:53:18,21.42,9.95
2024-01-18 16:55:44,16.92,8.4
2024-01-18 16:58:10,17.98,8.13
2024-01-18 17:00:36,20.7,7.18
2024-01-18 17:03:02,16.23,7.45
2024-01-18 17:05:28,17.1,7.75
2024-01-18 17:07:54,16.8,8.32
2024-01-18 17:10:20,13.73,7.5
2024-01-18 17:12:46,21.77,9.2
2024-01-18 17:15:12,17.55,8.43
2024-01-18 17:17:38,21.55,9.3
2024-01-18 17:20:05,16.58,7.65
2024-01-18 17:22:31,22.0,8.65
2024-01-18 17:24:57,15.9,7.82
2024-01-18 17:27:23,17.33,8.07
2024-01-18 17:29:49,24.4,10.65
2024-01-18 17:32:17,19.8,9.43
2024-01-18 17:34:43,21.85,10.65
2024-01-18 17:37:09,24.3,10.07
2024-01-18 17:39:35,18.52,9.6
2024-01-18 17:42:02,20.35,9.27
2024-01-18 17:44:28,21.33,10.27
2024-01-18 17:46:54,21.42,9.25
2024-01-18 17:49:23,16.2,8.77
2024-01-18 17:51:49,12.88,7.25
2024-01-18 17:54:15,21.02,7.95
2024-01-18 17:56:43,12.8,7.55
2024-01-18 17:59:09,16.48,7.85
2024-01-18 18:01:39,16.63,8.1
2024-01-18 18:04:05,20.75,8.2
2024-01-18 18:06:31,21.45,8.98
2024-01-18 18:08:58,21.2,9.05
2024-01-18 18:11:25,19.08,8.35
2024-01-18 18:13:51,16.85,9.52
2024-01-18 18:16:17,22.63,10.88
2024-01-18 18:18:44,49.38,22.7
2024-01-18 18:21:13,53.17,23.65
2024-01-18 18:23:39,41.67,23.08
2024-01-18 18:26:05,44.2,23.48
2024-01-18 18:28:31,42.0,23.95
2024-01-18 18:30:58,44.45,22.1
2024-01-18 18:33:24,43.6,21.65
2024-01-18 18:35:51,43.3,22.05
2024-01-18 18:38:17,91.57,30.85
2024-01-18 18:40:44,46.1,24.2
2024-01-18 18:43:10,46.0,24.38
2024-01-18 18:45:36,35.95,19.88
2024-01-18 18:48:02,52.5,25.55
2024-01-18 18:50:29,54.2,28.88
2024-01-18 18:52:55,58.6,28.77
2024-01-18 18:55:21,55.1,27.95
2024-01-18 18:57:47,50.25,24.85
2024-01-18 19:00:14,53.15,27.38
2024-01-18 19:02:41,50.88,28.3
2024-01-18 19:05:07,56.7,27.92
2024-01-18 19:07:34,60.05,28.0
2024-01-18 19:10:00,58.3,30.4
2024-01-18 19:12:26,56.72,30.92
2024-01-18 19:14:52,52.92,29.17
2024-01-18 19:17:18,50.22,27.63
2024-01-18 19:19:44,43.67,25.05
2024-01-18 19:22:10,45.42,24.75
2024-01-18 19:24:36,48.15,23.05
2024-01-18 19:27:02,42.65,19.77
2024-01-18 19:29:28,34.15,18.23
2024-01-18 19:31:54,40.35,17.67
2024-01-18 19:34:20,37.55,19.3
2024-01-18 19:36:46,38.67,20.05
2024-01-18 19:39:13,32.5,17.9
2024-01-18 19:41:41,29.8,16.35
2024-01-18 19:44:07,31.42,15.95
2024-01-18 19:46:33,33.08,17.6
2024-01-18 19:48:59,32.53,16.95
2024-01-18 19:51:26,27.7,16.0
2024-01-18 19:53:52,34.33,18.38
2024-01-18 19:56:18,37.58,19.1
2024-01-18 19:58:44,45.67,20.73
2024-01-18 20:01:10,41.0,20.15
2024-01-18 20:03:36,37.03,20.15
2024-01-18 20:06:02,49.85,26.48
2024-01-18 20:08:29,48.65,26.52
2024-01-18 20:10:55,49.0,25.2
2024-01-18 20:13:22,42.25,22.98
2024-01-18 20:15:48,47.97,25.1
2024-01-18 20:18:14,56.5,27.92
2024-01-18 20:20:40,46.45,24.45
2024-01-18 20:23:06,47.55,27.1
2024-01-18 20:25:32,46.03,25.6
2024-01-18 20:27:58,42.0,24.42
2024-01-18 20:30:24,43.42,24.38
2024-01-18 20:32:51,42.9,24.38
2024-01-18 20:35:17,44.17,24.3
2024-01-18 20:37:43,45.67,25.13
2024-01-18 20:40:10,44.35,24.13
2024-01-18 20:42:36,45.25,22.92
2024-01-18 20:45:02,41.58,25.25
2024-01-18 20:47:28,55.15,28.88
2024-01-18 20:49:54,49.75,27.13
2024-01-18 20:52:20,51.2,26.92
2024-01-18 20:54:46,49.83,26.0
2024-01-18 20:57:12,62.03,30.38
2024-01-18 20:59:38,52.7,29.77
2024-01-18 21:02:04,68.8,32.05
2024-01-18 21:04:30,53.38,29.52
2024-01-18 21:06:56,60.58,30.98
2024-01-18 21:09:23,52.97,28.13
2024-01-18 21:11:52,54.45,28.23
2024-01-18 21:14:18,51.28,29.48
2024-01-18 21:16:44,68.13,30.52
2024-01-18 21:19:10,55.95,30.08
2024-01-18 21:21:36,56.42,30.23
2024-01-18 21:24:02,65.85,35.7
2024-01-18 21:26:28,65.0,31.9
2024-01-18 21:28:54,70.5,32.63
2024-01-18 21:31:21,58.8,32.92
2024-01-18 21:33:47,55.75,31.52
2024-01-18 21:36:13,60.83,30.8
2024-01-18 21:38:39,61.5,32.63
2024-01-18 21:41:05,57.33,31.35
2024-01-18 21:43:31,64.28,34.47
2024-01-18 21:45:57,73.03,37.92
2024-01-18 21:48:23,75.47,41.92
2024-01-18 21:50:49,77.6,42.4
2024-01-18 21:53:16,72.8,41.5
2024-01-18 21:55:42,91.53,43.75
2024-01-18 21:58:08,78.53,41.42
2024-01-18 22:00:34,86.18,43.88
2024-01-18 22:03:00,79.8,40.08
2024-01-18 22:05:26,83.18,41.03
2024-01-18 22:07:52,75.05,40.1
2024-01-18 22:10:19,74.35,39.95
2024-01-18 22:12:45,84.3,41.88
2024-01-18 22:15:11,82.03,40.65
2024-01-18 22:17:37,81.03,40.15
2024-01-18 22:20:04,76.35,39.9
2024-01-18 22:22:30,72.82,39.22
2024-01-18 22:24:56,80.0,40.35
2024-01-18 22:27:23,70.97,37.08
2024-01-18 22:29:51,80.78,37.33
2024-01-18 22:32:18,68.93,39.25
2024-01-18 22:34:44,67.55,36.58
2024-01-18 22:37:10,73.6,34.97
2024-01-18 22:39:36,66.78,32.4
2024-01-18 22:42:02,63.8,32.45
2024-01-18 22:44:29,64.7,31.25
2024-01-18 22:46:55,66.4,34.13
2024-01-18 22:49:21,69.88,36.3
2024-01-18 22:51:47,72.82,36.95
2024-01-18 22:54:13,73.82,35.58
2024-01-18 22:56:39,75.75,37.35
2024-01-18 22:59:07,75.7,37.2
2024-01-18 23:01:34,69.38,37.3
2024-01-18 23:04:00,70.35,35.5
2024-01-18 23:06:26,71.95,36.9
2024-01-18 23:08:52,66.05,35.15
2024-01-18 23:11:18,65.97,34.2
2024-01-18 23:13:44,75.82,36.2
2024-01-18 23:16:11,78.28,35.5
2024-01-18 23:18:39,67.43,35.38
2024-01-18 23:21:05,73.22,34.3
2024-01-18 23:23:31,74.9,36.45
2024-01-18 23:25:57,78.8,38.2
2024-01-18 23:28:24,88.5,41.78
2024-01-18 23:30:50,79.9,40.3
2024-01-18 23:33:17,77.85,41.15
2024-01-18 23:35:43,91.15,44.97
2024-01-18 23:38:09,103.6,49.75
2024-01-18 23:40:35,101.45,51.67
2024-01-18 23:43:01,98.15,49.05
2024-01-18 23:45:27,96.68,49.97
2024-01-18 23:47:53,109.47,53.5
2024-01-18 23:50:19,96.22,49.75
2024-01-18 23:52:45,87.13,45.7
2024-01-18 23:55:11,95.6,45.78
2024-01-18 23:57:38,86.47,44.0
2024-01-19 00:00:04,86.25,42.28
2024-01-19 00:02:33,68.13,36.25
2024-01-19 00:04:59,63.88,33.33
2024-01-19 00:07:25,65.47,31.52
2024-01-19 00:09:51,70.05,34.83
2024-01-19 00:12:17,63.92,33.08
2024-01-19 00:14:43,76.35,39.65
2024-01-19 00:17:09,80.57,38.53
2024-01-19 00:19:35,76.6,40.03
2024-01-19 00:22:01,83.1,40.63
2024-01-19 00:24:27,82.3,39.8
2024-01-19 00:26:53,66.88,35.7
2024-01-19 00:29:20,75.2,36.88
2024-01-19 00:31:46,70.35,37.3
2024-01-19 00:34:13,68.65,37.2
2024-01-19 00:36:40,71.4,36.9
2024-01-19 00:39:06,65.85,33.55
2024-01-19 00:41:32,62.13,28.65
2024-01-19 00:43:59,51.53,28.42
2024-01-19 00:46:25,54.85,30.02
2024-01-19 00:48:51,78.3,39.6
2024-01-19 00:51:17,91.18,46.15
2024-01-19 00:53:43,73.68,37.1
2024-01-19 00:56:09,72.25,34.15
2024-01-19 00:58:36,62.05,34.15
2024-01-19 01:01:03,57.5,33.08
2024-01-19 01:03:29,68.93,34.95
2024-01-19 01:05:56,70.78,37.47
2024-01-19 01:08:25,68.47,35.58
2024-01-19 01:10:52,73.5,36.92
2024-01-19 01:13:19,69.53,35.38
2024-01-19 01:15:45,60.53,33.72
2024-01-19 01:18:11,62.97,34.6
2024-01-19 01:20:37,70.4,34.55
2024-01-19 01:23:04,67.95,32.15
2024-01-19 01:25:30,55.88,28.17
2024-01-19 01:27:56,65.97,32.78
2024-01-19 01:30:23,66.03,32.13
2024-01-19 01:32:49,59.85,31.35
2024-01-19 01:35:15,58.17,29.63
2024-01-19 01:37:41,60.72,30.25
2024-01-19 01:40:07,57.72,29.8
2024-01-19 01:42:35,60.25,31.65
2024-01-19 01:45:02,81.05,37.45
2024-01-19 01:47:29,222.07,100.0
2024-01-19 01:49:55,131.9,58.75
2024-01-19 01:52:21,81.0,42.15
2024-01-19 01:54:47,76.32,38.15
2024-01-19 01:57:16,78.15,34.65
2024-01-19 01:59:45,49.92,28.83
2024-01-19 02:02:12,52.8,28.52
2024-01-19 02:04:38,51.9,28.13
2024-01-19 02:07:05,57.2,29.98
2024-01-19 02:09:31,61.17,31.65
2024-01-19 02:11:57,61.72,32.25
2024-01-19 02:14:24,54.35,29.48
2024-01-19 02:16:50,49.5,26.73
2024-01-19 02:19:16,54.88,27.55
2024-01-19 02:21:42,46.05,25.27
2024-01-19 02:24:14,45.83,25.1
2024-01-19 02:26:41,54.88,27.13
2024-01-19 02:29:07,49.03,27.1
2024-01-19 02:31:33,53.58,27.8
2024-01-19 02:33:59,48.9,27.63
2024-01-19 02:36:26,47.8,25.9
2024-01-19 02:38:52,48.58,27.3
2024-01-19 02:41:18,46.0,23.42
2024-01-19 02:43:44,37.28,20.7
2024-01-19 02:46:13,38.65,20.2
2024-01-19 02:48:39,36.47,19.83
2024-01-19 02:51:05,35.42,18.67
2024-01-19 02:53:31,38.35,18.45
2024-01-19 02:55:57,31.33,16.98
2024-01-19 02:58:25,41.53,19.83
2024-01-19 03:00:51,40.72,21.38
2024-01-19 03:03:17,48.63,25.33
2024-01-19 03:05:43,48.67,28.75
2024-01-19 03:08:09,54.5,28.15
2024-01-19 03:10:35,48.33,26.88
2024-01-19 03:13:01,48.97,29.35
2024-01-19 03:15:27,53.92,28.52
2024-01-19 03:17:53,45.08,27.38
2024-01-19 03:20:19,57.0,30.2
2024-01-19 03:22:45,53.95,27.48
2024-01-19 03:25:11,53.8,30.52
2024-01-19 03:27:37,50.65,27.73
2024-01-19 03:30:03,46.0,27.85
2024-01-19 03:32:30,52.63,29.45
2024-01-19 03:34:56,44.8,25.95
2024-01-19 03:37:22,51.88,27.95
2024-01-19 03:39:48,47.67,26.92
2024-01-19 03:42:14,58.1,30.05
2024-01-19 03:44:40,50.35,27.1
2024-01-19 03:47:08,52.92,27.67
2024-01-19 03:49:34,57.35,28.95
2024-01-19 03:52:03,51.13,28.48
2024-01-19 03:54:30,55.05,27.45
2024-01-19 03:57:01,48.05,25.85
2024-01-19 03:59:28,46.78,26.3
2024-01-19 04:01:54,48.4,26.42
2024-01-19 04:04:21,49.0,27.58
2024-01-19 04:06:47,44.88,26.13
2024-01-19 04:09:13,46.67,27.9
2024-01-19 04:11:43,48.35,26.3
2024-01-19 04:14:09,52.05,27.98
2024-01-19 04:16:35,46.65,28.05
2024-01-19 04:19:02,51.95,28.9
2024-01-19 04:21:28,47.6,26.63
2024-01-19 04:23:55,46.15,26.08
2024-01-19 04:26:21,45.67,26.02
2024-01-19 04:28:47,57.17,28.0
2024-01-19 04:31:13,49.3,27.42
2024-01-19 04:33:40,58.58,29.02
2024-01-19 04:36:06,44.92,25.38
2024-01-19 04:38:32,50.95,28.13
2024-01-19 04:40:58,54.25,28.15
2024-01-19 04:43:24,56.72,27.92
2024-01-19 04:45:50,60.58,29.3
2024-01-19 04:48:16,58.83,31.83
2024-01-19 04:50:42,62.3,29.38
2024-01-19 04:53:08,67.05,32.4
2024-01-19 04:55:35,74.25,34.17
2024-01-19 04:58:01,65.75,32.38
2024-01-19 05:00:27,68.28,30.95
2024-01-19 05:02:53,67.85,31.15
2024-01-19 05:05:19,77.75,33.7
2024-01-19 05:07:45,81.25,35.5
2024-01-19 05:10:12,68.35,31.52
2024-01-19 05:12:38,86.1,33.9
2024-01-19 05:15:04,61.6,31.02
2024-01-19 05:17:31,74.38,31.05
2024-01-19 05:19:57,73.72,32.75
2024-01-19 05:22:23,78.0,32.4
2024-01-19 05:24:49,71.28,31.83
2024-01-19 05:27:15,73.1,30.58
2024-01-19 05:29:41,81.72,33.78
2024-01-19 05:32:08,89.1,34.05
2024-01-19 05:34:34,85.7,35.45
2024-01-19 05:37:00,79.7,34.25
2024-01-19 05:39:26,85.1,33.75
2024-01-19 05:41:52,94.6,36.3
2024-01-19 05:44:18,93.85,35.8
2024-01-19 05:46:44,88.75,35.0
2024-01-19 05:49:10,85.95,33.58
2024-01-19 05:51:36,87.65,33.78
2024-01-19 05:54:02,86.55,33.92
2024-01-19 05:56:29,91.22,33.95
2024-01-19 05:58:55,96.63,33.97
2024-01-19 06:01:21,92.63,34.3
2024-01-19 06:03:47,93.28,34.13
2024-01-19 06:06:13,98.25,35.35
2024-01-19 06:08:39,103.13,36.67
2024-01-19 06:11:05,99.03,36.4
2024-01-19 06:13:31,100.3,36.65
2024-01-19 06:15:57,99.6,38.38
2024-01-19 06:18:23,95.9,36.85
2024-01-19 06:20:49,91.35,34.63
2024-01-19 06:23:16,88.97,35.2
2024-01-19 06:25:43,92.88,35.42
2024-01-19 06:28:09,91.55,34.17
2024-01-19 06:30:36,91.63,33.15
2024-01-19 06:33:02,91.38,36.45
2024-01-19 06:35:30,89.53,35.22
2024-01-19 06:37:57,91.53,34.33
2024-01-19 06:40:23,85.57,32.13
2024-01-19 06:42:49,93.45,33.08
2024-01-19 06:45:15,113.55,36.95
2024-01-19 06:47:42,83.7,34.4
2024-01-19 06:50:08,93.35,36.53
2024-01-19 06:52:34,89.88,37.88
2024-01-19 06:55:00,97.88,35.83
2024-01-19 06:57:26,93.63,35.13
2024-01-19 06:59:52,88.88,36.85
2024-01-19 07:02:18,88.5,37.8
2024-01-19 07:04:44,91.55,36.83
2024-01-19 07:07:11,89.65,37.42
2024-01-19 07:09:37,86.07,36.35
2024-01-19 07:12:03,91.15,34.33
2024-01-19 07:14:29,133.57,58.13
2024-01-19 07:16:56,92.57,39.17
2024-01-19 07:19:22,75.13,34.65
2024-01-19 07:21:48,76.18,32.0
2024-01-19 07:24:14,106.25,35.47
2024-01-19 07:26:40,88.15,34.55
2024-01-19 07:29:07,80.05,32.38
2024-01-19 07:31:34,80.9,33.72
2024-01-19 07:34:00,79.95,33.33
2024-01-19 07:36:26,85.1,34.42
2024-01-19 07:38:52,75.97,35.05
2024-01-19 07:41:19,75.78,33.42
2024-01-19 07:43:45,70.15,33.92
2024-01-19 07:46:11,68.18,32.45
2024-01-19 07:48:39,70.0,33.9
2024-01-19 07:51:05,76.53,33.83
2024-01-19 07:53:31,71.82,31.65
2024-01-19 07:55:57,67.1,32.0
2024-01-19 07:58:24,65.85,30.48
2024-01-19 08:00:50,68.18,32.15
2024-01-19 08:03:16,61.2,30.75
2024-01-19 08:05:43,72.55,30.75
2024-01-19 08:08:09,66.43,29.98
2024-01-19 08:10:35,62.17,29.45
2024-01-19 08:13:02,68.93,30.4
2024-01-19 08:15:28,71.32,30.6
2024-01-19 08:17:55,76.68,33.2
2024-01-19 08:20:21,71.53,31.25
2024-01-19 08:22:47,74.53,31.17
2024-01-19 08:25:14,70.93,29.67
2024-01-19 08:27:40,69.75,28.92
2024-01-19 08:30:06,66.68,28.92
2024-01-19 08:32:33,75.22,29.08
2024-01-19 08:35:00,65.35,27.0
2024-01-19 08:37:33,63.45,26.8
2024-01-19 08:39:59,79.3,36.67
2024-01-19 08:42:25,60.03,26.33
2024-01-19 08:44:51,67.47,26.5
2024-01-19 08:47:18,55.72,23.77
2024-01-19 08:49:44,57.6,24.67
2024-01-19 08:52:10,55.17,24.75
2024-01-19 08:54:37,73.57,27.5
2024-01-19 08:57:03,69.25,28.02
2024-01-19 08:59:30,76.9,29.33
2024-01-19 09:01:57,68.32,28.52
2024-01-19 09:04:23,70.88,29.05
2024-01-19 09:06:50,74.4,31.25
2024-01-19 09:09:16,73.72,29.33
2024-01-19 09:11:42,70.03,33.13
2024-01-19 09:14:08,73.1,29.83
2024-01-19 09:16:35,68.75,27.73
2024-01-19 09:19:01,71.65,26.75
2024-01-19 09:21:28,58.85,25.73
2024-01-19 09:23:54,60.53,24.02
2024-01-19 09:26:21,52.92,21.85
2024-01-19 09:28:47,45.72,19.45
2024-01-19 09:31:13,60.35,22.98
2024-01-19 09:33:40,59.53,24.77
2024-01-19 09:36:06,58.22,23.85
2024-01-19 09:38:33,63.8,26.15
2024-01-19 09:41:44,56.2,24.88
2024-01-19 09:43:49,60.0,24.77
2024-01-19 09:46:19,61.55,22.23
2024-01-19 09:48:57,64.18,24.58
2024-01-19 09:51:27,57.08,22.15
2024-01-19 09:53:59,55.45,22.88
2024-01-19 09:56:25,48.15,20.6
2024-01-19 09:58:51,54.33,21.3
2024-01-19 10:01:20,47.95,21.33
2024-01-19 10:03:46,47.92,22.42
2024-01-19 10:06:13,47.6,22.98
2024-01-19 10:08:39,55.85,21.48
2024-01-19 10:11:06,52.47,20.83
2024-01-19 10:13:33,51.15,20.92
2024-01-19 10:15:59,51.78,21.35
2024-01-19 10:18:25,54.78,21.85
2024-01-19 10:20:52,55.4,21.75
2024-01-19 10:23:19,45.22,20.6
2024-01-19 10:25:46,42.55,19.75
2024-01-19 10:28:27,50.33,21.3
2024-01-19 10:30:53,54.05,22.65
2024-01-19 10:33:19,46.2,21.02
2024-01-19 10:35:45,44.45,21.0
2024-01-19 10:38:11,48.95,20.73
2024-01-19 10:40:38,40.25,18.65
2024-01-19 10:43:04,47.9,20.45
2024-01-19 10:45:31,48.47,20.63
2024-01-19 10:48:01,45.33,20.67
2024-01-19 10:50:28,47.53,21.9
2024-01-19 10:52:56,51.3,21.88
2024-01-19 10:57:52,54.9,21.27
2024-01-19 11:00:19,43.05,19.3
2024-01-19 11:02:48,57.85,25.7
2024-01-19 11:05:18,54.45,23.58
2024-01-19 11:07:45,57.7,24.95
2024-01-19 11:10:11,52.42,23.7
2024-01-19 11:12:37,53.72,23.92
2024-01-19 11:15:07,49.95,23.42
2024-01-19 11:17:35,50.7,21.9
2024-01-19 11:20:02,61.9,27.25
2024-01-19 11:22:29,54.15,25.15
2024-01-19 11:24:55,61.65,24.48
2024-01-19 11:27:28,60.45,24.08
2024-01-19 11:30:01,62.53,26.7
2024-01-19 11:32:28,65.07,26.23
2024-01-19 11:34:54,66.3,25.48
2024-01-19 11:40:05,56.95,25.73
2024-01-19 11:45:01,50.47,24.75
2024-01-19 11:50:03,57.92,26.33
2024-01-19 11:54:57,54.55,26.13
2024-01-19 11:57:25,59.5,26.55
2024-01-19 11:59:54,53.6,24.8
2024-01-19 12:02:21,57.67,25.1
2024-01-19 12:04:47,73.93,33.35
2024-01-19 12:07:17,76.3,35.0
2024-01-19 12:09:44,61.72,27.73
2024-01-19 12:12:10,53.63,25.05
2024-01-19 12:14:36,61.33,26.7
2024-01-19 12:17:03,52.97,25.73
2024-01-19 12:19:29,53.25,26.23
2024-01-19 12:21:56,45.85,23.17
2024-01-19 12:24:22,55.35,25.67
2024-01-19 12:26:49,56.5,24.65
2024-01-19 12:29:26,55.47,24.27
2024-01-19 12:32:06,48.6,25.08
2024-01-19 12:34:32,53.05,24.45
2024-01-19 12:36:59,62.3,26.88
2024-01-19 12:39:25,60.4,25.67
2024-01-19 12:42:02,55.17,25.3
2024-01-19 12:44:30,59.33,26.75
2024-01-19 12:46:59,57.47,27.25
2024-01-19 12:49:25,57.5,26.95
2024-01-19 12:51:52,63.0,29.08
2024-01-19 12:54:18,62.53,26.0
2024-01-19 12:56:44,57.25,25.27
2024-01-19 12:59:13,66.5,29.45
2024-01-19 13:01:47,58.7,27.25
2024-01-19 13:04:18,56.83,26.48
2024-01-19 13:06:45,58.13,26.65
2024-01-19 13:09:13,63.13,26.27
2024-01-19 13:11:40,53.65,26.3
2024-01-19 13:14:06,59.22,28.02
2024-01-19 13:16:32,58.03,25.52
2024-01-19 13:19:02,54.78,25.98
2024-01-19 13:21:29,49.17,26.48
2024-01-19 13:23:56,54.2,26.23
2024-01-19 13:26:22,51.8,26.23
2024-01-19 13:28:49,54.97,25.42
2024-01-19 13:31:16,56.25,25.67
2024-01-19 13:33:43,57.15,26.45
2024-01-19 13:36:13,49.5,24.88
2024-01-19 13:38:40,48.28,25.3
2024-01-19 13:41:07,51.13,25.55
2024-01-19 13:43:34,49.72,25.45
2024-01-19 13:46:00,53.0,26.7
2024-01-19 13:48:27,57.8,27.1
2024-01-19 13:50:53,54.45,28.17
2024-01-19 13:53:20,51.22,26.9
2024-01-19 13:55:46,53.85,27.98
2024-01-19 13:58:12,52.4,27.3
2024-01-19 14:00:39,49.8,25.92
2024-01-19 14:03:05,49.75,26.38
2024-01-19 14:05:32,55.8,26.1
2024-01-19 14:07:58,53.65,27.98
2024-01-19 14:10:25,53.53,26.52
2024-01-19 14:12:51,55.1,27.17
2024-01-19 14:15:17,57.88,28.25
2024-01-19 14:17:44,58.7,28.25
2024-01-19 14:20:10,58.63,27.25
2024-01-19 14:22:37,57.38,28.35
2024-01-19 14:25:04,60.72,26.67
2024-01-19 14:27:33,53.33,27.63
2024-01-19 14:29:59,65.28,29.33
2024-01-19 14:32:26,64.1,29.02
2024-01-19 14:34:52,65.4,29.88
2024-01-19 14:37:18,58.63,28.58
2024-01-19 14:39:45,64.85,29.9
2024-01-19 14:42:11,68.55,28.67
2024-01-19 14:44:37,65.85,28.88
2024-01-19 14:47:03,64.95,30.75
2024-01-19 14:49:30,64.13,30.15
2024-01-19 14:51:57,67.13,31.2
2024-01-19 14:54:23,64.97,33.08
2024-01-19 14:56:49,67.7,31.42
2024-01-19 14:59:16,71.28,32.9
2024-01-19 15:01:42,63.35,32.2
2024-01-19 15:04:08,73.9,33.53
2024-01-19 15:06:34,71.25,33.85
2024-01-19 15:09:00,67.9,32.8
2024-01-19 15:11:26,72.15,32.3
2024-01-19 15:13:52,76.63,35.25
2024-01-19 15:16:18,77.15,36.65
2024-01-19 15:18:44,78.07,34.08
2024-01-19 15:21:10,71.55,34.22
2024-01-19 15:23:36,72.05,33.97
2024-01-19 15:26:06,76.05,33.38
2024-01-19 15:28:32,89.28,34.95
2024-01-19 15:30:59,74.38,33.53
2024-01-19 15:33:25,90.05,33.65
2024-01-19 15:35:51,74.88,32.6
2024-01-19 15:38:17,65.63,31.63
2024-01-19 15:40:43,78.5,34.35
2024-01-19 15:43:09,74.82,34.25
2024-01-19 15:45:35,83.9,34.58
2024-01-19 15:48:01,80.25,36.6
2024-01-19 15:50:27,80.85,37.85
2024-01-19 15:52:53,91.68,36.17
2024-01-19 15:55:21,93.6,40.7
2024-01-19 15:57:47,84.85,38.88
2024-01-19 16:00:14,95.07,42.4
2024-01-19 16:02:40,91.57,41.78
2024-01-19 16:05:06,89.1,40.55
2024-01-19 16:07:32,78.9,36.85
2024-01-19 16:09:58,98.63,42.83
2024-01-19 16:12:25,88.47,40.17
2024-01-19 16:14:51,101.9,40.7
2024-01-19 16:17:18,86.55,38.55
2024-01-19 16:19:44,92.8,41.58
2024-01-19 16:22:15,92.45,41.63
2024-01-19 16:24:42,93.18,40.9
2024-01-19 16:27:08,85.32,38.05
2024-01-19 16:29:35,84.1,37.53
2024-01-19 16:32:01,93.07,40.05
2024-01-19 16:34:27,93.22,39.55
2024-01-19 16:36:53,109.25,41.45
2024-01-19 16:39:19,85.1,39.6
2024-01-19 16:41:48,95.55,40.17
2024-01-19 16:44:20,80.72,39.33
2024-01-19 16:46:46,76.88,38.25
2024-01-19 16:49:12,86.7,38.65
2024-01-19 16:51:38,105.93,46.33
2024-01-19 16:54:05,98.47,44.67
2024-01-19 16:56:32,106.3,44.38
2024-01-19 16:58:58,91.63,43.47
2024-01-19 17:01:24,102.57,46.1
2024-01-19 17:03:50,109.22,48.38
2024-01-19 17:06:16,102.82,46.4
2024-01-19 17:08:42,92.22,42.22
2024-01-19 17:11:09,102.53,44.03
2024-01-19 17:13:35,97.63,44.45
2024-01-19 17:16:01,90.5,42.45
2024-01-19 17:18:27,94.32,43.35
2024-01-19 17:20:53,91.13,42.4
2024-01-19 17:23:19,87.43,40.83
2024-01-19 17:25:47,94.0,43.53
2024-01-19 17:28:13,103.35,41.92
2024-01-19 17:30:39,97.68,43.03
2024-01-19 17:33:10,99.38,44.8
2024-01-19 17:35:37,111.78,48.55
2024-01-19 17:38:03,135.07,59.38
2024-01-19 17:40:30,120.63,57.42
2024-01-19 17:42:56,125.53,54.55
2024-01-19 17:45:22,131.45,51.17
2024-01-19 17:47:48,112.88,49.0
2024-01-19 17:50:14,104.95,47.88
2024-01-19 17:52:40,98.9,47.22
2024-01-19 17:55:07,87.18,38.85
2024-01-19 17:57:34,81.82,35.92
2024-01-19 18:00:02,77.8,34.38
2024-01-19 18:02:28,68.1,30.98
2024-01-19 18:04:54,66.82,32.78
2024-01-19 18:07:22,73.35,31.83
2024-01-19 18:09:48,82.03,35.13
2024-01-19 18:12:14,79.53,38.65
2024-01-19 18:14:40,87.65,38.88
2024-01-19 18:17:07,93.15,39.28
2024-01-19 18:19:33,90.6,40.47
2024-01-19 18:21:59,83.65,38.53
2024-01-19 18:24:25,87.22,34.67
2024-01-19 18:26:51,79.55,36.22
2024-01-19 18:29:17,76.82,35.78
2024-01-19 18:31:44,94.1,42.3
2024-01-19 18:34:10,92.25,45.17
2024-01-19 18:36:38,95.35,43.42
2024-01-19 18:39:04,82.18,39.83
2024-01-19 18:41:30,114.97,49.13
2024-01-19 18:43:56,132.55,58.05
2024-01-19 18:46:22,132.0,58.75
2024-01-19 18:48:48,127.95,58.72
2024-01-19 18:51:14,140.82,61.33
2024-01-19 18:53:40,129.82,63.17
2024-01-19 18:56:08,149.13,64.85
2024-01-19 18:58:37,135.23,62.28
2024-01-19 19:01:03,131.57,60.63
2024-01-19 19:03:30,140.68,64.25
2024-01-19 19:05:56,153.52,66.28
2024-01-19 19:08:22,145.8,62.75
2024-01-19 19:10:51,146.13,68.53
2024-01-19 19:13:17,138.8,61.5
2024-01-19 19:15:43,106.95,50.28
2024-01-19 19:18:09,105.05,52.0
2024-01-19 19:20:36,104.85,47.08
2024-01-19 19:23:02,115.85,51.33
2024-01-19 19:25:28,105.32,50.9
2024-01-19 19:27:55,107.65,50.3
2024-01-19 19:30:21,113.65,49.0
2024-01-19 19:32:47,104.28,50.05
2024-01-19 19:35:13,123.97,57.28
2024-01-19 19:37:39,120.45,57.6
2024-01-19 19:40:06,136.63,59.8
2024-01-19 19:42:34,139.27,61.25
2024-01-19 19:45:00,137.77,64.78
2024-01-19 19:47:26,138.75,67.13
2024-01-19 19:49:52,144.85,65.5
2024-01-19 19:52:19,135.13,63.38
2024-01-19 19:54:45,134.32,63.2
2024-01-19 19:57:11,140.75,67.8
2024-01-19 19:59:37,140.25,65.6
2024-01-19 20:02:03,141.5,66.07
2024-01-19 20:04:29,140.55,62.05
2024-01-19 20:06:55,139.1,64.6
2024-01-19 20:09:21,134.0,62.25
2024-01-19 20:11:48,151.48,65.35
2024-01-19 20:14:14,69.1,31.2
2024-01-19 20:16:40,36.05,16.8
2024-01-19 20:19:06,13.13,8.0
2024-01-19 20:21:32,10.23,5.28
2024-01-19 20:24:00,11.65,4.88
2024-01-19 20:26:27,8.7,4.55
2024-01-19 20:28:56,14.07,5.5
2024-01-19 20:31:22,6.72,3.35
2024-01-19 20:33:48,9.82,4.55
2024-01-19 20:36:14,12.32,5.13
2024-01-19 20:38:40,10.85,3.85
2024-01-19 20:41:06,7.6,3.83
2024-01-19 20:43:35,14.18,4.47
2024-01-19 20:46:01,6.6,4.1
2024-01-19 20:48:27,13.45,3.53
2024-01-19 20:50:53,8.27,4.07
2024-01-19 20:53:19,7.7,3.8
2024-01-19 20:55:45,8.3,3.58
2024-01-19 20:58:12,9.15,3.78
2024-01-19 21:00:38,8.48,4.18
2024-01-19 21:03:04,7.78,3.83
2024-01-19 21:05:30,9.77,3.72
2024-01-19 21:07:56,5.78,3.25
2024-01-19 21:10:22,13.07,4.03
2024-01-19 21:12:49,11.18,4.55
2024-01-19 21:15:15,7.57,4.35
2024-01-19 21:17:42,9.68,3.83
2024-01-19 21:20:08,9.88,4.75
2024-01-19 21:22:34,7.68,4.3
2024-01-19 21:25:00,12.7,4.65
2024-01-19 21:27:27,9.5,4.15
2024-01-19 21:29:54,6.7,3.38
2024-01-19 21:32:23,6.55,3.6
2024-01-19 21:34:49,10.13,3.95
2024-01-19 21:37:15,7.0,3.63
2024-01-19 21:39:41,6.32,3.75
2024-01-19 21:42:07,7.53,3.5
2024-01-19 21:44:34,5.6,2.7
2024-01-19 21:47:00,6.57,2.6
2024-01-19 21:49:30,6.25,3.17
2024-01-19 21:51:56,7.68,3.35
2024-01-19 21:54:22,12.0,3.22
2024-01-19 21:56:48,10.65,3.9
2024-01-19 21:59:14,7.35,3.7
2024-01-19 22:01:44,9.2,4.68
2024-01-19 22:04:11,6.97,3.33
2024-01-19 22:06:37,7.82,3.35
2024-01-19 22:09:04,5.88,2.72
2024-01-19 22:11:31,4.57,2.75
2024-01-19 22:13:59,5.93,3.25
2024-01-19 22:16:25,11.0,3.47
2024-01-19 22:18:52,6.65,3.13
2024-01-19 22:21:18,4.57,2.2
2024-01-19 22:23:44,9.52,2.53
2024-01-19 22:26:10,6.93,2.4
2024-01-19 22:28:36,7.53,3.22
2024-01-19 22:31:03,7.53,2.0
2024-01-19 22:33:29,2.28,1.5
2024-01-19 22:35:55,3.22,2.03
2024-01-19 22:38:22,3.92,1.52
2024-01-19 22:40:48,3.0,1.48
2024-01-19 22:43:14,4.55,2.08
2024-01-19 22:45:41,3.4,1.9
2024-01-19 22:48:07,3.8,1.92
2024-01-19 22:50:34,3.63,1.8
2024-01-19 22:53:00,3.08,1.58
2024-01-19 22:55:26,2.7,1.5
2024-01-19 22:57:52,2.9,1.9
2024-01-19 23:00:18,3.53,1.58
2024-01-19 23:02:47,3.45,1.92
2024-01-19 23:05:14,2.9,1.6
2024-01-19 23:07:40,2.72,1.83
2024-01-19 23:10:06,4.97,1.98
2024-01-19 23:12:33,2.67,1.73
2024-01-19 23:15:00,2.85,1.48
2024-01-19 23:17:27,4.05,1.48
2024-01-19 23:19:54,3.2,1.33
2024-01-19 23:22:20,9.85,3.58
2024-01-19 23:24:46,1.7,1.05
2024-01-19 23:27:12,2.97,1.2
2024-01-19 23:29:38,2.85,1.52
2024-01-19 23:32:05,1.42,0.98
2024-01-19 23:34:31,2.88,1.23
2024-01-19 23:36:57,0.9,0.68
2024-01-19 23:39:25,1.92,1.02
2024-01-19 23:41:51,1.6,0.93
2024-01-19 23:44:18,2.55,1.0
2024-01-19 23:46:44,2.08,1.27
2024-01-19 23:49:10,3.63,0.8
2024-01-19 23:51:36,1.3,0.6
2024-01-19 23:54:02,1.48,0.9
2024-01-19 23:56:28,2.33,0.9
2024-01-19 23:58:54,2.25,0.47
2024-01-20 00:01:20,1.23,0.68
2024-01-20 00:03:47,1.77,0.9
2024-01-20 00:06:13,2.85,0.68
2024-01-20 00:08:39,2.9,1.02
2024-01-20 00:11:05,1.98,0.82
2024-01-20 00:13:31,1.3,0.8
2024-01-20 00:15:57,1.1,0.8
2024-01-20 00:18:23,1.7,0.8
2024-01-20 00:20:49,1.5,0.7
2024-01-20 00:23:15,1.33,0.85
2024-01-20 00:25:41,4.8,1.55
2024-01-20 00:28:08,1.4,0.7
2024-01-20 00:30:34,2.03,1.08
2024-01-20 00:33:00,2.58,0.82
2024-01-20 00:35:27,1.95,1.0
2024-01-20 00:37:53,1.38,0.73
2024-01-20 00:40:19,1.45,0.75
2024-01-20 00:42:45,2.4,0.9
2024-01-20 00:45:11,2.35,0.73
2024-01-20 00:47:37,1.5,0.77
2024-01-20 00:50:03,3.13,1.1
2024-01-20 00:52:30,3.47,2.17
2024-01-20 00:54:56,1.8,1.0
2024-01-20 00:57:22,2.9,1.0
2024-01-20 00:59:48,1.73,0.7
2024-01-20 01:02:15,1.02,0.65
2024-01-20 01:04:43,1.9,0.98
2024-01-20 01:07:09,1.77,1.1
2024-01-20 01:09:35,8.82,0.98
2024-01-20 01:12:02,1.58,1.1
2024-01-20 01:14:28,3.58,0.95
2024-01-20 01:16:54,2.55,1.08
2024-01-20 01:19:20,2.55,1.05
2024-01-20 01:21:47,2.58,0.95
2024-01-20 01:24:13,2.17,0.88
2024-01-20 01:26:39,1.4,0.9
2024-01-20 01:29:06,1.6,0.8
2024-01-20 01:31:32,2.75,1.1
2024-01-20 01:33:58,1.13,0.8
2024-01-20 01:36:24,2.13,0.93
2024-01-20 01:38:50,2.83,1.27
2024-01-20 01:41:16,2.38,0.7
2024-01-20 01:43:42,1.4,0.9
2024-01-20 01:46:08,1.88,1.0
2024-01-20 01:48:34,1.45,0.9
2024-01-20 01:53:48,2.0,1.0
2024-01-20 01:56:15,1.3,0.68
2024-01-20 01:58:42,1.95,0.8
2024-01-20 02:01:08,2.65,1.2
2024-01-20 02:03:34,1.95,1.0
2024-01-20 02:06:00,1.67,1.0
2024-01-20 02:08:26,1.88,1.65
2024-01-20 02:10:54,0.85,0.68
2024-01-20 02:13:20,4.45,0.8
2024-01-20 02:15:46,2.17,0.98
2024-01-20 02:18:13,2.15,1.1
2024-01-20 02:20:39,2.0,0.75
2024-01-20 02:23:05,1.88,0.9
2024-01-20 02:25:31,0.8,0.7
2024-01-20 02:27:57,2.15,0.73
2024-01-20 02:30:24,1.9,0.8
2024-01-20 02:32:50,1.13,0.7
2024-01-20 02:35:17,1.9,0.95
2024-01-20 02:37:46,1.45,0.9
2024-01-20 02:40:12,2.17,1.1
2024-01-20 02:42:38,1.75,0.82
2024-01-20 02:45:04,1.92,1.0
2024-01-20 02:47:30,2.47,1.1
2024-01-20 02:49:57,2.05,0.95
2024-01-20 02:52:23,3.28,1.3
2024-01-20 02:54:49,2.33,1.2
2024-01-20 02:57:15,1.83,1.05
2024-01-20 02:59:41,2.33,1.05
2024-01-20 03:02:07,1.9,1.2
2024-01-20 03:04:33,2.4,1.1
2024-01-20 03:06:59,2.2,1.0
2024-01-20 03:09:25,1.83,1.05
2024-01-20 03:11:51,3.8,1.35
2024-01-20 03:14:17,1.23,0.95
2024-01-20 03:16:44,2.53,1.08
2024-01-20 03:19:10,2.05,1.17
2024-01-20 03:21:36,2.15,0.93
2024-01-20 03:24:02,2.05,1.02
2024-01-20 03:26:28,3.05,1.27
2024-01-20 03:28:54,1.45,0.88
2024-01-20 03:31:20,2.38,1.48
2024-01-20 03:33:46,1.45,1.08
2024-01-20 03:36:12,3.15,1.58
2024-01-20 03:38:38,2.9,1.13
2024-01-20 03:41:04,2.1,1.1
2024-01-20 03:43:30,4.43,1.05
2024-01-20 03:45:56,4.2,1.35
2024-01-20 03:48:22,1.6,1.1
2024-01-20 03:50:49,4.13,1.35
2024-01-20 03:53:15,2.47,1.08
2024-01-20 03:55:41,2.25,1.2
2024-01-20 03:58:07,2.85,1.52
2024-01-20 04:00:33,4.8,1.55
2024-01-20 04:02:59,2.17,0.9
2024-01-20 04:05:27,2.58,1.2
2024-01-20 04:07:53,3.28,1.27
2024-01-20 04:10:19,2.63,1.1
2024-01-20 04:12:46,2.65,1.48
2024-01-20 04:15:12,2.08,1.13
2024-01-20 04:17:38,3.38,1.42
2024-01-20 04:20:04,2.2,0.93
2024-01-20 04:22:30,2.78,1.48
2024-01-20 04:24:56,1.98,0.9
2024-01-20 04:27:22,2.67,1.4
2024-01-20 04:29:48,2.9,1.38
2024-01-20 04:32:15,2.53,1.27
2024-01-20 04:34:41,1.65,1.13
2024-01-20 04:37:07,4.85,1.25
2024-01-20 04:39:33,2.75,1.08
2024-01-20 04:41:59,2.45,0.95
2024-01-20 04:44:25,2.45,1.48
2024-01-20 04:46:51,3.38,1.3
2024-01-20 04:49:17,2.9,1.3
2024-01-20 04:51:43,3.05,1.27
2024-01-20 04:54:11,3.3,1.5
2024-01-20 04:56:37,1.67,1.0
2024-01-20 04:59:03,1.58,1.02
2024-01-20 05:01:29,2.4,1.13
2024-01-20 05:03:55,7.65,1.05
2024-01-20 05:06:21,3.22,1.45
2024-01-20 05:08:47,2.65,1.15
2024-01-20 05:11:13,2.45,1.25
2024-01-20 05:13:39,2.72,1.42
2024-01-20 05:16:05,1.52,0.8
2024-01-20 05:18:31,1.9,0.88
2024-01-20 05:20:57,2.17,1.05
2024-01-20 05:23:23,0.98,0.6
2024-01-20 05:25:49,2.0,1.0
2024-01-20 05:28:15,2.5,1.0
2024-01-20 05:30:41,1.6,0.9
2024-01-20 05:33:08,1.52,1.05
2024-01-20 05:35:35,3.28,1.27
2024-01-20 05:38:03,2.0,0.82
2024-01-20 05:40:29,2.08,0.82
2024-01-20 05:42:55,2.28,1.17
2024-01-20 05:45:21,1.8,0.98
2024-01-20 05:47:47,2.22,0.77
2024-01-20 05:50:13,2.47,1.17
2024-01-20 05:52:39,2.08,1.0
2024-01-20 05:55:05,2.78,0.8
2024-01-20 05:57:31,1.5,0.7
2024-01-20 05:59:57,3.22,1.85
2024-01-20 06:02:23,1.65,0.95
2024-01-20 06:04:49,2.47,1.02
2024-01-20 06:07:15,2.67,1.38
2024-01-20 06:09:41,2.92,0.75
2024-01-20 06:12:07,4.0,0.9
2024-01-20 06:14:34,0.95,0.7
2024-01-20 06:17:00,2.72,0.93
2024-01-20 06:19:27,2.38,1.08
2024-01-20 06:21:53,2.67,1.2
2024-01-20 06:24:19,2.55,1.3
2024-01-20 06:26:45,2.42,1.0
2024-01-20 06:29:11,1.45,0.68
2024-01-20 06:31:37,1.58,0.5
2024-01-20 06:34:03,3.05,1.17
2024-01-20 06:36:29,1.55,0.95
2024-01-20 06:38:55,2.45,1.35
2024-01-20 06:41:21,1.73,1.05
2024-01-20 06:43:47,4.72,1.58
2024-01-20 06:46:13,4.3,1.2
2024-01-20 06:48:40,2.8,1.15
2024-01-20 06:51:06,2.15,1.08
2024-01-20 06:53:34,4.0,0.8
2024-01-20 06:56:00,1.83,1.0
2024-01-20 06:58:27,2.83,1.2
2024-01-20 07:00:53,0.93,0.73
2024-01-20 07:03:20,1.35,0.7
2024-01-20 07:05:46,1.48,0.77
2024-01-20 07:08:13,2.45,1.0
2024-01-20 07:10:39,1.4,0.63
2024-01-20 07:13:05,2.33,1.02
2024-01-20 07:15:31,3.85,1.1
2024-01-20 07:17:57,2.08,1.17
2024-01-20 07:20:23,5.03,1.52
2024-01-20 07:22:50,2.1,1.15
2024-01-20 07:25:17,2.0,0.9
2024-01-20 07:27:43,2.53,0.88
2024-01-20 07:30:09,3.03,0.68
2024-01-20 07:32:37,3.05,0.98
2024-01-20 07:35:07,3.28,1.0
2024-01-20 07:37:33,4.25,0.9
2024-01-20 07:40:03,4.55,1.98
2024-01-20 07:42:30,4.35,1.2
2024-01-20 07:44:57,3.25,1.3
2024-01-20 07:47:24,4.07,1.63
2024-01-20 07:49:50,2.72,1.3
2024-01-20 07:52:16,3.6,1.5
2024-01-20 07:54:43,3.9,2.13
2024-01-20 07:57:09,3.13,1.8
2024-01-20 07:59:35,6.32,2.2
2024-01-20 08:02:01,4.07,2.17
2024-01-20 08:04:27,3.08,1.52
2024-01-20 08:06:53,4.25,2.0
2024-01-20 08:09:19,3.05,2.0
2024-01-20 08:11:45,2.45,1.2
2024-01-20 08:14:11,2.08,0.98
2024-01-20 08:16:38,3.65,1.45
2024-01-20 08:19:04,3.95,1.7
2024-01-20 08:21:30,3.2,1.52
2024-01-20 08:23:56,6.32,2.08
2024-01-20 08:26:22,3.13,1.63
2024-01-20 08:28:48,2.67,1.5
2024-01-20 08:31:14,3.63,1.7
2024-01-20 08:33:40,4.38,2.33
2024-01-20 08:36:07,6.55,2.47
2024-01-20 08:38:33,3.97,1.92
2024-01-20 08:40:59,4.53,2.15
2024-01-20 08:43:25,4.5,1.88
2024-01-20 08:45:51,4.35,2.17
2024-01-20 08:48:17,5.8,2.6
2024-01-20 08:50:43,3.97,1.63
2024-01-20 08:53:09,3.35,1.75
2024-01-20 08:55:35,3.95,1.8
2024-01-20 08:58:01,4.75,2.15
2024-01-20 09:00:27,4.95,1.75
2024-01-20 09:02:54,5.4,2.47
2024-01-20 09:05:20,3.6,1.75
2024-01-20 09:07:46,9.7,2.7
2024-01-20 09:10:12,3.97,2.28
2024-01-20 09:12:38,6.97,2.58
2024-01-20 09:15:04,7.55,2.42
2024-01-20 09:17:30,5.13,1.9
2024-01-20 09:19:56,4.5,1.9
2024-01-20 09:22:23,6.57,2.25
2024-01-20 09:24:49,6.22,1.9
2024-01-20 09:27:15,8.43,2.65
2024-01-20 09:29:42,4.4,2.35
2024-01-20 09:32:08,4.4,2.25
2024-01-20 09:34:34,3.88,1.8
2024-01-20 09:37:00,3.45,1.5
2024-01-20 09:39:26,5.97,2.13
2024-01-20 09:41:52,3.75,2.03
2024-01-20 09:44:19,3.97,1.6
2024-01-20 09:46:45,2.58,1.55
2024-01-20 09:49:11,2.13,1.52
2024-01-20 09:51:38,3.55,1.7
2024-01-20 09:54:07,6.05,1.8
2024-01-20 09:56:33,5.3,2.03
2024-01-20 09:59:00,4.2,1.6
2024-01-20 10:01:26,2.72,1.4
2024-01-20 10:03:53,3.55,1.7
2024-01-20 10:06:20,5.65,2.72
2024-01-20 10:08:46,3.6,1.83
2024-01-20 10:11:14,2.7,1.88
2024-01-20 10:13:40,3.15,1.83
2024-01-20 10:16:06,6.18,2.17
2024-01-20 10:18:33,8.88,2.45
2024-01-20 10:21:00,5.55,2.25
2024-01-20 10:23:27,4.38,2.05
2024-01-20 10:25:59,4.68,2.17
2024-01-20 10:28:25,3.53,2.0
2024-01-20 10:30:51,7.53,1.85
2024-01-20 10:33:17,3.15,1.83
2024-01-20 10:35:44,5.22,2.63
2024-01-20 10:38:12,5.85,2.38
2024-01-20 10:40:39,2.8,1.63
2024-01-20 10:43:13,4.38,1.8
2024-01-20 10:45:50,5.95,2.42
2024-01-20 10:48:21,4.82,2.3
2024-01-20 10:50:55,4.93,1.63
2024-01-20 10:53:23,5.43,3.0
2024-01-20 10:55:49,4.6,2.25
2024-01-20 10:58:17,3.88,1.92
2024-01-20 11:00:43,3.78,1.5
2024-01-20 11:03:10,3.58,1.73
2024-01-20 11:05:36,4.25,1.88
2024-01-20 11:10:28,4.55,2.13
2024-01-20 11:12:58,4.35,1.33
2024-01-20 11:15:27,7.1,1.73
2024-01-20 11:17:55,7.88,2.17
2024-01-20 11:20:21,4.07,1.95
2024-01-20 11:22:47,5.05,1.8
2024-01-20 11:25:13,7.43,2.83
2024-01-20 11:27:43,3.75,1.75
2024-01-20 11:30:10,4.5,2.42
2024-01-20 11:32:36,5.8,2.1
2024-01-20 11:35:03,3.92,2.42
2024-01-20 11:37:31,4.72,2.1
2024-01-20 11:40:06,6.95,2.92
2024-01-20 11:42:33,6.95,2.53
2024-01-20 11:45:02,5.82,2.65
2024-01-20 11:47:29,6.05,2.63
2024-01-20 11:49:56,13.23,4.8
2024-01-20 11:52:23,13.85,2.97
2024-01-20 11:54:49,6.6,2.78
2024-01-20 11:57:21,9.25,4.82
2024-01-20 11:59:48,9.75,2.72
2024-01-20 12:02:15,6.95,2.72
2024-01-20 12:04:41,8.07,2.55
2024-01-20 12:07:07,4.97,2.58
2024-01-20 12:09:33,10.6,2.88
2024-01-20 12:12:00,8.52,2.72
2024-01-20 12:14:26,11.05,2.42
2024-01-20 12:16:55,4.95,2.83
2024-01-20 12:19:22,5.05,2.45
2024-01-20 12:21:48,10.38,2.88
2024-01-20 12:24:14,12.25,2.83
2024-01-20 12:26:40,7.03,3.05
2024-01-20 12:29:07,8.52,2.58
2024-01-20 12:31:33,8.43,3.22
2024-01-20 12:33:59,5.95,2.75
2024-01-20 12:36:26,7.85,3.15
2024-01-20 12:38:52,9.43,3.3
2024-01-20 12:41:18,7.85,3.05
2024-01-20 12:43:44,8.0,3.3
2024-01-20 12:46:16,5.22,2.53
2024-01-20 12:48:43,5.43,2.6
2024-01-20 12:51:09,7.2,3.22
2024-01-20 12:53:35,4.85,2.65
2024-01-20 12:56:02,8.05,3.78
2024-01-20 12:58:28,6.07,2.38
2024-01-20 13:00:55,6.07,2.88
2024-01-20 13:03:22,6.53,2.97
2024-01-20 13:05:48,7.5,3.13
2024-01-20 13:08:14,5.68,2.63
2024-01-20 13:10:40,9.6,3.0
2024-01-20 13:13:15,6.13,2.7
2024-01-20 13:15:41,8.93,2.95
2024-01-20 13:18:07,6.4,2.85
2024-01-20 13:20:33,9.5,2.67
2024-01-20 13:22:59,3.63,1.65
2024-01-20 13:25:25,7.3,2.7
2024-01-20 13:27:51,6.55,2.38
2024-01-20 13:30:17,7.93,3.2
2024-01-20 13:32:43,8.43,3.0
2024-01-20 13:35:09,5.25,2.8
2024-01-20 13:37:36,8.7,2.7
2024-01-20 13:40:02,8.48,2.72
2024-01-20 13:42:31,6.15,3.05
2024-01-20 13:44:57,8.77,3.53
2024-01-20 13:47:24,4.53,2.65
2024-01-20 13:49:50,5.78,3.25
2024-01-20 13:52:16,8.95,3.5
2024-01-20 13:54:42,5.15,2.85
2024-01-20 13:57:08,6.3,2.78
2024-01-20 13:59:35,5.5,2.83
2024-01-20 14:02:02,7.45,3.25
2024-01-20 14:04:28,11.15,3.3
2024-01-20 14:06:54,8.7,3.15
2024-01-20 14:09:22,6.8,2.6
2024-01-20 14:11:49,7.0,3.63
2024-01-20 14:14:15,10.63,3.2
2024-01-20 14:16:41,13.32,3.83
2024-01-20 14:19:18,5.53,2.9
2024-01-20 14:21:44,6.95,3.1
2024-01-20 14:24:10,7.65,3.65
2024-01-20 14:26:36,5.53,3.3
2024-01-20 14:29:02,9.27,2.85
2024-01-20 14:31:32,9.2,3.4
2024-01-20 14:33:58,6.3,3.38
2024-01-20 14:36:24,6.9,2.72
2024-01-20 14:38:50,5.0,2.9
2024-01-20 14:41:16,10.85,3.25
2024-01-20 14:43:43,7.7,3.08
2024-01-20 14:46:09,5.88,2.78
2024-01-20 14:48:35,7.2,3.22
2024-01-20 14:51:01,5.43,2.38
2024-01-20 14:53:27,5.93,2.63
2024-01-20 14:55:53,7.65,2.8
2024-01-20 14:58:19,8.13,3.0
2024-01-20 15:00:46,4.0,2.47
2024-01-20 15:03:12,5.3,2.63
2024-01-20 15:05:38,6.93,3.2
2024-01-20 15:08:04,8.77,3.8
2024-01-20 15:10:30,5.2,2.9
2024-01-20 15:12:56,5.72,2.47
2024-01-20 15:15:22,7.03,3.5
2024-01-20 15:17:48,9.85,3.63
2024-01-20 15:20:14,9.13,3.83
2024-01-20 15:22:40,10.48,3.6
2024-01-20 15:25:06,8.32,4.0
2024-01-20 15:27:33,9.02,3.3
2024-01-20 15:30:00,4.3,2.38
2024-01-20 15:32:27,7.2,3.97
2024-01-20 15:34:53,8.2,3.2
2024-01-20 15:37:19,9.68,4.25
2024-01-20 15:39:45,6.82,3.55
2024-01-20 15:42:11,8.4,3.78
2024-01-20 15:44:37,6.07,3.28
2024-01-20 15:47:03,11.32,4.38
2024-01-20 15:49:29,15.73,3.7
2024-01-20 15:51:55,8.2,4.6
2024-01-20 15:54:21,7.82,3.53
2024-01-20 15:56:47,7.43,3.6
2024-01-20 15:59:13,9.4,3.33
2024-01-20 16:01:39,15.1,4.78
2024-01-20 16:04:05,18.77,5.82
2024-01-20 16:06:32,11.7,5.35
2024-01-20 16:08:58,6.8,3.97
2024-01-20 16:11:24,9.43,3.83
2024-01-20 16:13:51,9.25,3.55
2024-01-20 16:16:17,9.57,3.65
2024-01-20 16:18:43,13.95,4.0
2024-01-20 16:21:09,7.88,3.95
2024-01-20 16:23:35,9.75,3.47
2024-01-20 16:26:01,7.07,3.58
2024-01-20 16:28:27,11.18,4.75
2024-01-20 16:30:53,10.73,4.55
2024-01-20 16:33:19,11.38,4.65
2024-01-20 16:35:45,8.52,3.78
2024-01-20 16:38:11,9.82,3.7
2024-01-20 16:40:38,10.52,4.3
2024-01-20 16:43:04,6.57,3.58
2024-01-20 16:45:31,9.75,4.82
2024-01-20 16:47:57,9.88,4.07
2024-01-20 16:50:23,13.77,4.93
2024-01-20 16:52:50,11.73,4.5
2024-01-20 16:55:16,18.6,7.18
2024-01-20 16:57:43,10.32,4.75
2024-01-20 17:00:09,13.2,5.15
2024-01-20 17:02:35,11.25,4.25
2024-01-20 17:05:01,12.6,5.6
2024-01-20 17:07:27,9.9,4.7
2024-01-20 17:09:53,7.68,4.18
2024-01-20 17:12:19,12.57,4.9
2024-01-20 17:14:46,13.77,5.82
2024-01-20 17:17:12,10.32,5.18
2024-01-20 17:19:38,13.02,5.78
2024-01-20 17:22:04,14.1,5.7
2024-01-20 17:24:30,11.2,5.4
2024-01-20 17:26:59,13.18,6.07
2024-01-20 17:29:25,14.27,6.5
2024-01-20 17:31:53,16.75,5.03
2024-01-20 17:34:25,9.77,4.57
2024-01-20 17:36:51,11.25,5.75
2024-01-20 17:39:17,12.82,4.78
2024-01-20 17:41:45,12.0,5.22
2024-01-20 17:44:12,12.65,4.7
2024-01-20 17:46:38,15.73,5.38
2024-01-20 17:49:04,9.1,4.68
2024-01-20 17:51:31,11.68,5.7
2024-01-20 17:53:57,13.38,5.18
2024-01-20 17:56:23,15.45,4.57
2024-01-20 17:58:49,11.63,5.05
2024-01-20 18:01:15,12.2,5.43
2024-01-20 18:03:41,12.27,5.4
2024-01-20 18:06:07,8.82,4.47
2024-01-20 18:08:33,10.45,4.85
2024-01-20 18:10:59,11.75,5.88
2024-01-20 18:13:25,10.63,4.97
2024-01-20 18:15:51,14.7,4.5
2024-01-20 18:18:18,16.85,5.93
2024-01-20 18:20:44,14.73,5.1
2024-01-20 18:23:10,10.02,5.3
2024-01-20 18:25:36,11.43,4.5
2024-01-20 18:28:04,11.5,5.15
2024-01-20 18:30:31,9.35,4.57
2024-01-20 18:32:57,15.82,5.78
2024-01-20 18:35:23,11.0,5.25
2024-01-20 18:37:49,13.63,7.25
2024-01-20 18:40:17,9.05,4.82
2024-01-20 18:42:43,12.15,4.93
2024-01-20 18:45:11,12.02,5.35
2024-01-20 18:47:37,11.77,6.2
2024-01-20 18:50:05,16.27,5.93
2024-01-20 18:52:32,14.2,6.05
2024-01-20 18:54:58,21.42,7.6
2024-01-20 18:57:24,11.0,5.78
2024-01-20 18:59:50,10.98,6.03
2024-01-20 19:02:16,9.98,5.68
2024-01-20 19:04:42,17.17,7.4
2024-01-20 19:07:09,16.8,7.32
2024-01-20 19:09:36,10.43,5.3
2024-01-20 19:12:02,20.83,6.8
2024-01-20 19:14:28,10.4,6.5
2024-01-20 19:16:55,13.93,6.53
2024-01-20 19:19:21,17.88,7.1
2024-01-20 19:21:47,15.75,6.85
2024-01-20 19:24:14,13.27,7.18
2024-01-20 19:26:40,13.38,6.13
2024-01-20 19:29:06,17.98,6.55
2024-01-20 19:31:32,16.45,6.5
2024-01-20 19:33:58,16.92,6.97
2024-01-20 19:36:25,10.32,5.3
2024-01-20 19:38:51,14.07,6.3
2024-01-20 19:41:18,15.35,6.43
2024-01-20 19:43:44,11.7,7.0
2024-01-20 19:46:10,14.57,6.93
2024-01-20 19:48:36,10.18,6.25
2024-01-20 19:51:02,16.58,6.25
2024-01-20 19:53:29,18.35,6.32
2024-01-20 19:55:55,13.43,6.2
2024-01-20 19:58:22,14.98,6.6
2024-01-20 20:00:48,11.25,6.57
2024-01-20 20:03:15,18.33,6.3
2024-01-20 20:05:41,12.57,6.07
2024-01-20 20:08:11,13.98,5.4
2024-01-20 20:10:37,12.73,6.53
2024-01-20 20:13:03,14.18,6.9
2024-01-20 20:15:29,16.45,7.0
2024-01-20 20:17:56,17.92,6.78
2024-01-20 20:20:22,15.32,6.55
2024-01-20 20:22:49,17.05,6.68
2024-01-20 20:25:16,18.55,7.53
2024-01-20 20:27:42,24.48,7.93
2024-01-20 20:30:08,14.05,7.05
2024-01-20 20:32:34,16.58,7.65
2024-01-20 20:35:01,18.55,7.0
2024-01-20 20:37:28,16.3,6.53
2024-01-20 20:39:55,17.55,7.7
2024-01-20 20:42:21,17.17,6.8
2024-01-20 20:44:48,13.52,6.65
2024-01-20 20:47:14,13.9,6.9
2024-01-20 20:49:40,13.43,6.82
2024-01-20 20:52:06,14.4,6.68
2024-01-20 20:54:33,12.23,7.38
2024-01-20 20:56:59,11.82,6.57
2024-01-20 20:59:25,16.02,7.8
2024-01-20 21:01:51,18.92,8.02
2024-01-20 21:04:17,13.55,6.57
2024-01-20 21:06:43,13.43,7.05
2024-01-20 21:09:09,20.2,7.5
2024-01-20 21:11:36,17.98,7.78
2024-01-20 21:14:02,10.75,6.05
2024-01-20 21:16:28,13.48,7.82
2024-01-20 21:18:54,18.98,8.1
2024-01-20 21:21:21,16.05,8.57
2024-01-20 21:23:47,14.32,8.07
2024-01-20 21:26:21,21.17,7.72
2024-01-20 21:28:47,16.67,8.13
2024-01-20 21:31:14,11.98,6.45
2024-01-20 21:33:41,18.13,7.28
2024-01-20 21:36:11,14.85,7.35
2024-01-20 21:38:37,15.82,6.65
2024-01-20 21:41:03,12.68,6.8
2024-01-20 21:43:30,12.13,6.8
2024-01-20 21:45:56,13.7,6.3
2024-01-20 21:48:23,11.75,5.7
2024-01-20 21:50:49,9.8,5.22
2024-01-20 21:53:15,13.3,6.32
2024-01-20 21:55:42,11.07,6.0
2024-01-20 21:58:08,14.07,6.0
2024-01-20 22:00:34,12.0,4.68
2024-01-20 22:03:02,16.0,6.07
2024-01-20 22:05:29,12.75,6.05
2024-01-20 22:07:55,10.23,5.65
2024-01-20 22:10:24,8.45,4.8
2024-01-20 22:12:52,7.65,5.63
2024-01-20 22:15:18,12.57,5.97
2024-01-20 22:17:44,11.23,5.07
2024-01-20 22:20:10,10.1,4.55
2024-01-20 22:22:37,10.0,4.72
2024-01-20 22:25:03,14.85,5.88
2024-01-20 22:27:31,12.68,5.53
2024-01-20 22:29:58,12.3,6.0
2024-01-20 22:32:24,8.57,4.7
2024-01-20 22:34:50,12.57,5.75
2024-01-20 22:37:16,9.8,4.75
2024-01-20 22:39:42,9.85,5.18
2024-01-20 22:42:08,10.52,5.68
2024-01-20 22:44:34,12.23,5.65
2024-01-20 22:47:00,10.23,4.4
2024-01-20 22:49:26,8.45,4.75
2024-01-20 22:51:54,12.95,5.9
2024-01-20 22:54:20,10.05,4.68
2024-01-20 22:56:50,12.77,5.15
2024-01-20 22:59:16,11.23,4.93
2024-01-20 23:01:42,9.43,4.43
2024-01-20 23:04:09,12.95,5.55
2024-01-20 23:06:35,10.93,5.53
2024-01-20 23:09:01,9.18,5.3
2024-01-20 23:11:29,11.93,5.28
2024-01-20 23:13:55,13.55,5.93
2024-01-20 23:16:21,13.88,5.78
2024-01-20 23:18:47,10.93,4.63
2024-01-20 23:21:14,10.6,4.53
2024-01-20 23:23:40,10.98,4.82
2024-01-20 23:26:06,9.57,5.07
2024-01-20 23:28:34,11.95,4.82
2024-01-20 23:31:00,9.8,5.13
2024-01-20 23:33:26,9.45,4.68
2024-01-20 23:35:52,10.02,5.45
2024-01-20 23:38:18,11.88,5.72
2024-01-20 23:40:44,9.95,4.97
2024-01-20 23:43:10,11.93,4.88
2024-01-20 23:45:36,8.4,5.13
2024-01-20 23:48:02,10.55,4.9
2024-01-20 23:50:29,9.2,4.53
2024-01-20 23:52:55,14.8,4.93
2024-01-20 23:55:21,12.23,5.9
2024-01-20 23:57:47,10.1,4.9
2024-01-21 00:00:13,10.52,4.88
2024-01-21 00:02:40,8.75,4.63
2024-01-21 00:05:06,11.15,6.38
2024-01-21 00:07:32,11.27,5.8
2024-01-21 00:09:58,11.9,5.1
2024-01-21 00:12:24,7.65,4.35
2024-01-21 00:14:51,9.0,4.72
2024-01-21 00:17:17,8.65,4.28
2024-01-21 00:19:43,10.3,4.68
2024-01-21 00:22:09,9.13,4.1
2024-01-21 00:24:35,12.05,4.4
2024-01-21 00:27:01,6.38,4.0
2024-01-21 00:29:27,10.63,4.97
2024-01-21 00:31:54,9.93,5.28
2024-01-21 00:34:20,11.07,5.25
2024-01-21 00:36:46,7.45,4.8
2024-01-21 00:39:12,14.95,4.47
2024-01-21 00:41:38,10.75,5.13
2024-01-21 00:44:04,10.77,5.1
2024-01-21 00:46:30,6.28,3.75
2024-01-21 00:48:56,9.32,4.65
2024-01-21 00:51:24,8.75,4.78
2024-01-21 00:53:50,7.18,3.72
2024-01-21 00:56:16,9.35,4.07
2024-01-21 00:58:42,10.18,4.5
2024-01-21 01:01:08,7.6,4.13
2024-01-21 01:03:34,7.9,3.7
2024-01-21 01:06:02,7.32,3.95
2024-01-21 01:08:28,7.05,3.72
2024-01-21 01:10:55,7.5,4.15
2024-01-21 01:13:21,9.38,4.63
2024-01-21 01:15:47,7.03,3.9
2024-01-21 01:18:13,6.95,4.0
2024-01-21 01:20:39,7.07,3.9
2024-01-21 01:23:05,11.65,5.03
2024-01-21 01:25:31,7.72,4.28
2024-01-21 01:27:57,8.13,3.75
2024-01-21 01:30:23,7.88,4.47
2024-01-21 01:32:49,10.68,4.18
2024-01-21 01:35:15,6.2,3.22
2024-01-21 01:37:42,6.72,3.83
2024-01-21 01:40:08,7.88,4.4
2024-01-21 01:42:34,6.43,3.22
2024-01-21 01:45:00,7.25,3.55
2024-01-21 01:47:26,8.5,3.55
2024-01-21 01:49:52,7.53,3.6
2024-01-21 01:52:20,6.43,3.72
2024-01-21 01:54:46,9.75,3.58
2024-01-21 01:57:14,6.78,3.85
2024-01-21 01:59:40,7.4,3.53
2024-01-21 02:02:07,8.6,4.0
2024-01-21 02:04:33,13.75,4.57
2024-01-21 02:06:59,12.23,4.8
2024-01-21 02:09:25,7.55,3.72
2024-01-21 02:11:51,7.68,3.35
2024-01-21 02:14:17,5.85,3.6
2024-01-21 02:16:43,7.5,3.78
2024-01-21 02:19:10,6.9,3.83
2024-01-21 02:21:39,8.02,4.05
2024-01-21 02:24:05,6.5,3.25
2024-01-21 02:26:31,6.4,3.15
2024-01-21 02:28:57,9.02,4.22
2024-01-21 02:31:23,6.15,3.2
2024-01-21 02:33:49,6.65,3.45
2024-01-21 02:36:15,8.5,4.15
2024-01-21 02:38:41,5.57,3.3
2024-01-21 02:41:07,7.97,3.72
2024-01-21 02:43:33,8.68,4.1
2024-01-21 02:45:59,7.05,3.88
2024-01-21 02:48:25,9.38,4.15
2024-01-21 02:50:51,11.68,4.55
2024-01-21 02:53:17,5.97,3.25
2024-01-21 02:55:44,7.95,3.38
2024-01-21 02:58:10,7.13,3.72
2024-01-21 03:00:36,9.5,3.53
2024-01-21 03:03:02,7.68,3.72
2024-01-21 03:05:28,7.88,3.53
2024-01-21 03:07:54,7.1,3.13
2024-01-21 03:10:20,7.3,3.35
2024-01-21 03:12:46,6.85,3.4
2024-01-21 03:15:12,6.63,3.2
2024-01-21 03:17:38,5.53,3.83
2024-01-21 03:20:05,8.38,3.9
2024-01-21 03:22:31,5.13,3.2
2024-01-21 03:24:57,7.35,3.2
2024-01-21 03:27:24,7.05,3.55
2024-01-21 03:29:50,4.65,3.25
2024-01-21 03:32:16,7.7,3.53
2024-01-21 03:34:42,8.6,3.83
2024-01-21 03:37:08,5.72,3.35
2024-01-21 03:39:34,7.65,3.85
2024-01-21 03:42:01,4.75,2.78
2024-01-21 03:44:27,5.6,3.55
2024-01-21 03:46:53,4.65,2.95
2024-01-21 03:49:19,5.82,3.47
2024-01-21 03:51:45,7.55,3.67
2024-01-21 03:54:11,7.25,3.45
2024-01-21 03:56:37,7.2,3.38
2024-01-21 03:59:03,7.25,3.55
2024-01-21 04:01:29,5.63,3.42
2024-01-21 04:03:55,5.05,2.6
2024-01-21 04:06:21,6.35,3.05
2024-01-21 04:08:47,7.85,3.05
2024-01-21 04:11:13,6.82,3.05
2024-01-21 04:13:39,9.13,3.47
2024-01-21 04:16:05,5.65,3.15
2024-01-21 04:18:32,10.93,3.78
2024-01-21 04:20:58,6.0,3.03
2024-01-21 04:23:26,5.03,2.85
2024-01-21 04:25:52,6.63,3.35
2024-01-21 04:28:18,7.47,3.53
2024-01-21 04:30:44,5.85,3.13
2024-01-21 04:33:10,6.57,3.03
2024-01-21 04:35:36,4.8,2.9
2024-01-21 04:38:03,6.18,2.35
2024-01-21 04:40:29,4.38,2.88
2024-01-21 04:42:55,8.6,3.2
2024-01-21 04:45:21,4.9,2.88
2024-01-21 04:47:47,6.75,2.8
2024-01-21 04:50:13,7.6,3.15
2024-01-21 04:52:39,7.13,3.08
2024-01-21 04:55:05,5.7,2.8
2024-01-21 04:57:31,7.4,3.35
2024-01-21 04:59:58,5.4,3.2
2024-01-21 05:02:24,8.05,3.15
2024-01-21 05:04:50,6.85,3.35
2024-01-21 05:07:16,5.3,2.97
2024-01-21 05:09:42,8.63,3.63
2024-01-21 05:12:08,7.28,3.42
2024-01-21 05:14:34,7.75,3.6
2024-01-21 05:17:00,10.13,3.17
2024-01-21 05:19:26,4.15,2.5
2024-01-21 05:21:52,5.22,3.17
2024-01-21 05:24:18,7.97,3.67
2024-01-21 05:26:44,6.95,3.75
2024-01-21 05:29:11,7.8,3.53
2024-01-21 05:31:37,5.15,2.72
2024-01-21 05:34:04,6.4,2.85
2024-01-21 05:36:30,7.68,3.1
2024-01-21 05:38:56,7.68,3.2
2024-01-21 05:41:22,8.0,2.9
2024-01-21 05:43:48,7.82,3.15
2024-01-21 05:46:14,5.15,3.08
2024-01-21 05:48:40,7.5,3.38
2024-01-21 05:51:06,5.72,2.65
2024-01-21 05:53:32,6.3,3.63
2024-01-21 05:55:58,4.85,2.92
2024-01-21 05:58:25,6.97,3.55
2024-01-21 06:00:51,7.6,3.35
2024-01-21 06:03:17,7.82,3.5
2024-01-21 06:05:43,9.02,2.83
2024-01-21 06:08:09,5.78,3.15
2024-01-21 06:10:35,6.38,2.8
2024-01-21 06:13:01,7.7,3.38
2024-01-21 06:15:27,7.63,3.38
2024-01-21 06:17:53,7.2,3.63
2024-01-21 06:20:19,10.98,4.3
2024-01-21 06:22:45,13.32,3.55
2024-01-21 06:25:11,8.57,3.42
2024-01-21 06:27:38,7.03,3.58
2024-01-21 06:30:13,7.07,3.3
2024-01-21 06:32:40,8.27,3.05
2024-01-21 06:35:06,6.5,3.65
2024-01-21 06:37:32,7.82,3.67
2024-01-21 06:39:58,11.0,3.53
2024-01-21 06:42:24,8.27,3.4
2024-01-21 06:44:50,5.7,3.42
2024-01-21 06:47:16,8.05,3.5
2024-01-21 06:49:42,5.63,2.97
2024-01-21 06:52:08,6.72,3.67
2024-01-21 06:54:35,7.15,3.6
2024-01-21 06:57:01,6.57,3.1
2024-01-21 06:59:27,6.93,3.6
2024-01-21 07:01:53,6.35,3.35
2024-01-21 07:04:19,7.07,3.0
2024-01-21 07:06:45,9.9,3.72
2024-01-21 07:09:11,10.25,3.55
2024-01-21 07:11:40,6.4,3.42
2024-01-21 07:14:06,4.75,3.13
2024-01-21 07:16:33,7.25,4.1
2024-01-21 07:18:59,8.7,3.83
2024-01-21 07:21:25,7.2,3.5
2024-01-21 07:23:51,7.28,3.4
2024-01-21 07:26:17,8.05,3.13
2024-01-21 07:28:44,5.05,3.22
2024-01-21 07:31:10,8.45,2.75
2024-01-21 07:33:36,14.82,2.75
2024-01-21 07:36:02,11.68,3.5
2024-01-21 07:38:29,4.2,2.35
2024-01-21 07:40:55,8.23,3.22
2024-01-21 07:43:21,18.25,8.88
2024-01-21 07:45:47,12.25,4.0
2024-01-21 07:48:14,7.9,3.15
2024-01-21 07:50:40,8.1,3.58
2024-01-21 07:53:06,7.25,2.83
2024-01-21 07:55:32,6.32,3.4
2024-01-21 07:57:58,6.88,2.9
2024-01-21 08:00:26,6.15,3.15
2024-01-21 08:02:52,7.2,3.15
2024-01-21 08:05:18,6.22,3.53
2024-01-21 08:07:44,7.07,3.6
2024-01-21 08:10:10,3.95,2.17
2024-01-21 08:12:36,9.4,3.7
2024-01-21 08:15:03,5.7,3.25
2024-01-21 08:17:29,7.93,3.17
2024-01-21 08:19:55,5.72,3.17
2024-01-21 08:22:21,8.35,3.42
2024-01-21 08:24:47,8.85,3.3
2024-01-21 08:27:16,7.97,3.7
2024-01-21 08:29:42,6.68,3.97
2024-01-21 08:32:09,8.82,3.35
2024-01-21 08:34:35,5.78,2.83
2024-01-21 08:37:01,8.77,3.38
2024-01-21 08:39:27,7.78,3.17
2024-01-21 08:41:53,6.57,3.33
2024-01-21 08:44:19,6.2,3.1
2024-01-21 08:46:45,6.78,3.45
2024-01-21 08:49:11,5.97,3.08
2024-01-21 08:51:37,6.82,3.45
2024-01-21 08:54:03,7.97,4.18
2024-01-21 08:56:29,7.85,3.28
2024-01-21 08:58:57,6.53,3.38
2024-01-21 09:01:23,3.9,2.4
2024-01-21 09:03:49,8.32,3.65
2024-01-21 09:06:15,7.28,3.75
2024-01-21 09:08:41,7.75,2.88
2024-01-21 09:11:07,10.1,3.85
2024-01-21 09:13:33,6.65,2.92
2024-01-21 09:15:59,7.05,2.78
2024-01-21 09:18:26,8.48,3.0
2024-01-21 09:20:52,6.03,2.8
2024-01-21 09:23:18,8.43,3.78
2024-01-21 09:25:44,7.45,3.22
2024-01-21 09:28:10,9.18,3.63
2024-01-21 09:30:36,9.05,3.5
2024-01-21 09:33:02,6.28,3.0
2024-01-21 09:35:29,6.82,3.53
2024-01-21 09:37:55,6.63,3.05
2024-01-21 09:40:21,8.1,3.17
2024-01-21 09:42:47,6.15,3.25
2024-01-21 09:45:14,6.5,3.38
2024-01-21 09:47:40,6.4,3.1
2024-01-21 09:50:07,7.28,3.4
2024-01-21 09:52:33,8.15,3.7
2024-01-21 09:55:00,9.07,3.6
2024-01-21 09:57:26,9.45,3.92
2024-01-21 09:59:52,7.47,3.42
2024-01-21 10:02:20,5.18,2.8
2024-01-21 10:04:46,6.9,3.67
2024-01-21 10:07:12,6.43,3.3
2024-01-21 10:09:39,6.97,4.0
2024-01-21 10:12:05,12.93,4.65
2024-01-21 10:14:32,8.15,3.22
2024-01-21 10:16:58,8.15,3.67
2024-01-21 10:19:28,7.8,3.88
2024-01-21 10:24:37,6.57,3.03
2024-01-21 10:27:05,8.68,4.1
2024-01-21 10:29:32,8.15,3.42
2024-01-21 10:31:58,4.55,2.58
2024-01-21 10:34:26,7.25,3.97
2024-01-21 10:36:52,7.82,3.75
2024-01-21 10:39:19,9.35,3.5
2024-01-21 10:41:46,7.43,3.75
2024-01-21 10:44:12,8.8,4.03
2024-01-21 10:46:38,7.6,3.38
2024-01-21 10:49:05,11.25,4.43
2024-01-21 10:51:31,6.45,3.65
2024-01-21 10:53:57,6.8,3.33
2024-01-21 10:56:27,7.38,4.05
2024-01-21 10:58:53,14.07,4.35
2024-01-21 11:01:20,8.1,3.6
2024-01-21 11:03:46,8.02,3.75
2024-01-21 11:06:14,11.9,3.75
2024-01-21 11:08:41,10.25,3.9
2024-01-21 11:16:07,8.77,3.45
2024-01-21 11:18:35,5.28,3.13
2024-01-21 11:21:01,6.47,3.05
2024-01-21 11:23:27,6.4,2.63
2024-01-21 11:25:53,8.9,3.15
2024-01-21 11:28:24,19.55,8.18
2024-01-21 11:30:51,5.22,2.92
2024-01-21 11:33:22,7.03,3.83
2024-01-21 11:35:48,8.63,3.7
2024-01-21 11:38:14,7.7,3.92
2024-01-21 11:40:40,6.72,3.42
2024-01-21 11:43:06,6.57,3.42
2024-01-21 11:45:32,6.13,3.55
2024-01-21 11:47:58,8.77,4.07
2024-01-21 11:50:25,6.28,3.72
2024-01-21 11:52:51,8.82,3.6
2024-01-21 11:55:20,7.8,4.1
2024-01-21 11:57:46,8.43,4.78
2024-01-21 12:00:13,6.57,3.75
2024-01-21 12:02:39,9.73,4.3
2024-01-21 12:05:05,13.82,4.13
2024-01-21 12:07:32,10.02,4.82
2024-01-21 12:09:58,8.93,3.83
2024-01-21 12:12:25,7.6,4.3
2024-01-21 12:14:52,8.82,4.07
2024-01-21 12:17:18,7.57,3.17
2024-01-21 12:19:44,13.32,6.03
2024-01-21 12:22:10,9.48,4.5
2024-01-21 12:24:39,7.1,4.25
2024-01-21 12:27:06,7.45,3.67
2024-01-21 12:29:36,9.38,4.22
2024-01-21 12:32:03,7.22,4.0
2024-01-21 12:34:31,8.85,4.6
2024-01-21 12:36:57,8.75,4.57
2024-01-21 12:39:23,9.48,5.57
2024-01-21 12:41:50,9.07,4.4
2024-01-21 12:44:16,7.85,4.38
2024-01-21 12:46:42,7.97,3.72
2024-01-21 12:49:09,6.72,2.97
2024-01-21 12:51:35,8.95,4.03
2024-01-21 12:54:01,9.07,4.28
2024-01-21 12:56:27,10.48,4.82
2024-01-21 12:58:53,6.9,3.95
2024-01-21 13:01:19,6.45,3.85
2024-01-21 13:03:47,10.18,4.88
2024-01-21 13:06:13,7.63,4.5
2024-01-21 13:08:40,7.18,4.28
2024-01-21 13:11:07,7.8,3.97
2024-01-21 13:13:33,7.97,4.28
2024-01-21 13:15:59,9.68,4.38
2024-01-21 13:18:26,7.18,4.15
2024-01-21 13:20:54,7.35,3.97
2024-01-21 13:23:20,9.0,4.15
2024-01-21 13:25:46,10.48,4.45
2024-01-21 13:28:12,7.8,4.6
2024-01-21 13:30:52,8.7,4.1
2024-01-21 13:33:20,6.88,4.05
2024-01-21 13:35:52,9.35,3.97
2024-01-21 13:38:25,10.43,4.65
2024-01-21 13:40:54,9.8,4.9
2024-01-21 13:43:20,6.88,4.3
2024-01-21 13:45:47,5.5,3.45
2024-01-21 13:48:13,5.85,3.45
2024-01-21 13:50:39,9.88,4.1
2024-01-21 13:53:06,6.93,3.83
2024-01-21 13:55:32,8.2,4.35
2024-01-21 13:57:58,11.73,4.18
2024-01-21 14:00:26,7.1,3.8
2024-01-21 14:02:56,6.28,4.05
2024-01-21 14:05:24,5.15,3.42
2024-01-21 14:07:50,7.7,3.45
2024-01-21 14:10:17,11.63,3.88
2024-01-21 14:12:43,12.35,4.47
2024-01-21 14:15:10,8.8,3.8
2024-01-21 14:17:36,7.9,3.78
2024-01-21 14:20:03,6.32,3.7
2024-01-21 14:22:29,5.45,3.47
2024-01-21 14:24:58,7.8,4.32
2024-01-21 14:27:24,8.73,4.1
2024-01-21 14:29:54,11.05,4.5
2024-01-21 14:32:22,8.75,4.38
2024-01-21 14:34:48,8.23,4.2
2024-01-21 14:37:14,7.53,4.5
2024-01-21 14:39:41,6.88,4.15
2024-01-21 14:42:07,13.4,4.57
2024-01-21 14:44:33,8.23,4.47
2024-01-21 14:46:59,6.7,3.45
2024-01-21 14:49:25,8.5,4.65
2024-01-21 14:51:51,11.23,5.63
2024-01-21 14:54:17,12.32,5.72
2024-01-21 14:56:43,11.57,5.38
2024-01-21 14:59:09,9.77,4.9
2024-01-21 15:01:35,8.45,5.43
2024-01-21 15:04:01,9.9,5.7
2024-01-21 15:06:28,12.18,5.88
2024-01-21 15:08:58,10.63,5.25
2024-01-21 15:11:27,14.0,6.65
2024-01-21 15:13:57,12.3,6.07
2024-01-21 15:16:23,12.48,6.38
2024-01-21 15:18:49,11.8,6.5
2024-01-21 15:21:15,12.8,5.63
2024-01-21 15:23:42,15.13,6.4
2024-01-21 15:26:08,12.18,5.68
2024-01-21 15:28:34,27.6,13.4
2024-01-21 15:31:00,13.27,6.15
2024-01-21 15:33:27,16.17,6.6
2024-01-21 15:35:53,11.8,5.63
2024-01-21 15:38:19,17.2,8.1
2024-01-21 15:40:46,16.35,7.18
2024-01-21 15:43:12,16.48,8.18
2024-01-21 15:45:38,18.88,7.43
2024-01-21 15:48:05,19.98,8.63
2024-01-21 15:50:31,19.42,8.2
2024-01-21 15:52:58,23.1,9.18
2024-01-21 15:55:24,14.98,6.97
2024-01-21 15:57:50,15.32,6.7
2024-01-21 16:00:16,20.02,6.47
2024-01-21 16:02:42,14.93,7.32
2024-01-21 16:05:09,16.52,7.82
2024-01-21 16:07:35,15.6,8.02
2024-01-21 16:10:01,18.27,8.5
2024-01-21 16:12:28,16.48,7.82
2024-01-21 16:14:54,23.35,8.6
2024-01-21 16:17:20,17.67,8.32
2024-01-21 16:19:46,19.67,7.93
2024-01-21 16:22:13,15.02,7.32
2024-01-21 16:24:39,18.8,8.18
2024-01-21 16:27:06,18.83,7.93
2024-01-21 16:29:35,15.25,7.55
2024-01-21 16:32:01,28.27,10.18
2024-01-21 16:34:28,17.88,8.4
2024-01-21 16:36:54,16.08,8.32
2024-01-21 16:39:20,19.52,8.1
2024-01-21 16:41:49,22.0,8.95
2024-01-21 16:44:16,22.8,9.85
2024-01-21 16:46:46,22.1,9.73
2024-01-21 16:49:12,23.75,11.02
2024-01-21 16:51:46,16.77,8.32
2024-01-21 16:54:16,22.33,8.7
2024-01-21 16:56:42,20.63,8.15
2024-01-21 16:59:08,19.55,8.8
2024-01-21 17:01:34,18.3,8.85
2024-01-21 17:04:04,29.83,9.55
2024-01-21 17:06:30,15.75,8.35
2024-01-21 17:08:56,19.33,7.28
2024-01-21 17:11:24,10.13,5.38
2024-01-21 17:13:54,17.38,6.95
2024-01-21 17:16:20,22.9,9.0
2024-01-21 17:18:53,17.65,7.65
2024-01-21 17:21:19,21.67,8.15
2024-01-21 17:23:46,18.48,8.57
2024-01-21 17:26:12,12.98,7.1
2024-01-21 17:28:39,18.23,7.45
2024-01-21 17:31:06,20.25,7.7
2024-01-21 17:33:32,21.05,8.2
2024-01-21 17:35:58,12.77,6.72
2024-01-21 17:38:24,14.85,7.07
2024-01-21 17:40:50,12.93,6.88
2024-01-21 17:43:16,19.0,7.57
2024-01-21 17:45:42,18.1,6.03
2024-01-21 17:48:09,15.63,7.8
2024-01-21 17:50:35,18.58,7.38
2024-01-21 17:53:01,18.1,7.72
2024-01-21 17:55:27,21.92,7.53
2024-01-21 17:57:53,17.8,8.13
2024-01-21 18:00:19,27.25,11.9
2024-01-21 18:02:45,22.9,11.65
2024-01-21 18:05:12,26.27,10.52
2024-01-21 18:07:38,20.27,10.7
2024-01-21 18:10:04,25.95,10.7
2024-01-21 18:12:30,26.08,11.3
2024-01-21 18:14:56,28.58,11.95
2024-01-21 18:17:23,29.73,12.2
2024-01-21 18:19:50,28.25,13.7
2024-01-21 18:22:16,27.67,12.65
2024-01-21 18:24:42,22.77,11.25
2024-01-21 18:27:11,28.85,11.7
2024-01-21 18:29:37,27.92,12.95
2024-01-21 18:32:03,30.0,11.82
2024-01-21 18:34:30,27.17,11.65
2024-01-21 18:36:57,31.52,13.18
2024-01-21 18:39:27,36.88,15.8
2024-01-21 18:41:54,42.58,15.8
2024-01-21 18:44:20,40.72,17.77
2024-01-21 18:46:46,38.78,15.75
2024-01-21 18:49:19,41.53,17.23
2024-01-21 18:51:48,55.58,19.08
2024-01-21 18:54:17,37.2,16.3
2024-01-21 18:56:44,45.22,19.6
2024-01-21 18:59:10,58.55,21.9
2024-01-21 19:01:36,54.83,23.3
2024-01-21 19:04:02,54.3,21.23
2024-01-21 19:06:28,47.7,21.33
2024-01-21 19:08:54,44.33,20.42
2024-01-21 19:11:20,51.8,22.75
2024-01-21 19:13:46,41.9,18.85
2024-01-21 19:16:12,39.47,17.33
2024-01-21 19:18:39,46.08,18.95
2024-01-21 19:21:05,40.92,18.13
2024-01-21 19:23:34,42.65,19.27
2024-01-21 19:26:00,47.22,20.33
2024-01-21 19:28:30,40.63,18.23
2024-01-21 19:30:57,42.78,20.08
2024-01-21 19:33:23,50.9,22.08
2024-01-21 19:35:49,43.65,21.15
2024-01-21 19:38:15,49.7,20.65
2024-01-21 19:40:41,40.08,19.3
2024-01-21 19:43:08,43.35,19.73
2024-01-21 19:45:35,46.47,20.0
2024-01-21 19:48:01,47.1,20.0
2024-01-21 19:50:27,53.05,19.05
2024-01-21 19:52:53,42.4,18.63
2024-01-21 19:55:20,40.65,18.6
2024-01-21 19:57:46,43.28,18.83
2024-01-21 20:00:12,35.35,16.9
2024-01-21 20:02:39,45.97,19.88
2024-01-21 20:05:05,47.42,19.33
2024-01-21 20:07:34,44.55,19.2
2024-01-21 20:10:00,35.8,15.93
2024-01-21 20:12:26,35.0,15.98
2024-01-21 20:14:52,31.55,14.85
2024-01-21 20:17:18,52.55,15.65
2024-01-21 20:19:44,35.95,15.07
2024-01-21 20:22:11,37.03,15.23
2024-01-21 20:24:37,40.53,17.88
2024-01-21 20:27:04,49.3,22.0
2024-01-21 20:29:30,56.13,23.42
2024-01-21 20:31:57,33.28,14.93
2024-01-21 20:34:23,30.05,14.15
2024-01-21 20:36:49,29.77,13.88
2024-01-21 20:39:15,29.88,14.98
2024-01-21 20:41:41,34.7,15.48
2024-01-21 20:44:07,37.78,14.5
2024-01-21 20:46:34,24.65,11.8
2024-01-21 20:49:00,27.2,11.48
2024-01-21 20:51:27,29.92,11.8
2024-01-21 20:53:53,32.05,13.75
2024-01-21 20:56:22,33.47,16.2
2024-01-21 20:58:49,37.38,17.27
2024-01-21 21:01:16,37.55,16.7
2024-01-21 21:03:42,46.28,17.42
2024-01-21 21:06:08,39.03,16.73
2024-01-21 21:08:35,35.67,17.15
2024-01-21 21:11:02,39.25,18.45
2024-01-21 21:13:29,45.47,21.0
2024-01-21 21:15:55,37.8,18.63
2024-01-21 21:18:21,37.72,12.52
2024-01-21 21:20:47,31.23,13.93
2024-01-21 21:23:13,23.75,12.63
2024-01-21 21:25:39,30.33,14.77
2024-01-21 21:28:05,29.17,13.45
2024-01-21 21:30:31,30.1,11.7
2024-01-21 21:32:57,42.25,17.8
2024-01-21 21:35:26,38.67,18.15
2024-01-21 21:37:52,41.15,19.73
2024-01-21 21:40:20,48.6,20.42
2024-01-21 21:42:47,50.4,19.38
2024-01-21 21:45:13,46.83,19.42
2024-01-21 21:47:40,42.53,19.35
2024-01-21 21:50:06,47.25,19.83
2024-01-21 21:52:32,39.42,19.3
2024-01-21 21:54:58,42.63,18.1
2024-01-21 21:57:24,42.95,18.38
2024-01-21 21:59:50,39.13,18.1
2024-01-21 22:02:20,52.78,19.0
2024-01-21 22:04:46,46.63,19.98
2024-01-21 22:07:12,56.58,22.92
2024-01-21 22:09:38,51.03,21.48
2024-01-21 22:12:04,51.4,23.1
2024-01-21 22:14:34,50.15,22.23
2024-01-21 22:17:01,48.92,21.15
2024-01-21 22:19:27,62.55,23.05
2024-01-21 22:21:53,49.42,21.77
2024-01-21 22:24:19,57.22,22.65
2024-01-21 22:26:45,52.13,22.0
2024-01-21 22:29:11,48.45,21.85
2024-01-21 22:31:37,50.15,21.65
2024-01-21 22:34:04,36.08,16.02
2024-01-21 22:36:32,45.45,18.95
2024-01-21 22:38:58,43.53,19.02
2024-01-21 22:41:25,38.85,17.2
2024-01-21 22:43:51,50.35,16.8
2024-01-21 22:46:17,40.65,16.65
2024-01-21 22:48:43,33.78,15.52
2024-01-21 22:51:09,42.08,16.52
2024-01-21 22:53:35,34.05,15.6
2024-01-21 22:56:01,33.53,16.65
2024-01-21 22:58:27,34.3,15.05
2024-01-21 23:00:53,26.9,13.15
2024-01-21 23:03:19,27.4,11.35
2024-01-21 23:05:45,23.98,12.23
2024-01-21 23:08:12,28.15,10.68
2024-01-21 23:10:38,23.7,10.93
2024-01-21 23:13:04,24.52,10.65
2024-01-21 23:15:30,29.58,11.4
2024-01-21 23:17:56,23.45,9.65
2024-01-21 23:20:23,23.23,9.68
2024-01-21 23:22:49,23.77,9.2
2024-01-21 23:25:15,26.17,10.15
2024-01-21 23:27:41,22.45,10.35
2024-01-21 23:30:07,23.98,9.27
2024-01-21 23:32:33,22.63,10.77
2024-01-21 23:34:59,19.25,9.55
2024-01-21 23:37:25,25.23,11.68
2024-01-21 23:39:51,25.2,11.63
2024-01-21 23:42:18,25.15,11.43
2024-01-21 23:44:44,29.3,13.13
2024-01-21 23:47:10,29.5,13.05
2024-01-21 23:49:40,46.58,15.4
2024-01-21 23:52:07,31.13,13.07
2024-01-21 23:54:33,19.45,10.18
2024-01-21 23:56:59,29.42,10.8
2024-01-21 23:59:25,25.65,9.05
2024-01-22 00:01:53,29.17,12.4
2024-01-22 00:04:19,25.95,10.63
2024-01-22 00:06:45,18.85,8.65
2024-01-22 00:09:11,40.92,10.85
2024-01-22 00:11:37,21.95,8.88
2024-01-22 00:14:03,21.58,9.35
2024-01-22 00:16:30,23.85,10.6
2024-01-22 00:18:57,26.95,12.18
2024-01-22 00:21:23,21.1,10.25
2024-01-22 00:23:49,20.23,10.85
2024-01-22 00:26:15,25.88,10.98
2024-01-22 00:28:41,24.08,9.13
2024-01-22 00:31:08,22.23,9.4
2024-01-22 00:33:34,19.67,10.02
2024-01-22 00:36:01,22.75,9.63
2024-01-22 00:38:28,19.58,9.25
2024-01-22 00:40:54,19.45,9.02
2024-01-22 00:43:20,22.23,9.25
2024-01-22 00:45:46,29.08,9.7
2024-01-22 00:48:12,24.08,9.65
2024-01-22 00:50:38,25.33,10.13
2024-01-22 00:53:04,26.48,8.6
2024-01-22 00:55:30,19.33,9.15
2024-01-22 00:57:56,16.1,8.15
2024-01-22 01:00:22,24.8,11.0
2024-01-22 01:02:49,17.42,7.72
2024-01-22 01:05:15,12.9,6.5
2024-01-22 01:07:41,17.58,8.57
2024-01-22 01:10:07,25.25,10.15
2024-01-22 01:12:33,25.73,10.05
2024-01-22 01:14:59,25.98,10.93
2024-01-22 01:17:26,25.0,10.45
2024-01-22 01:19:52,18.55,7.35
2024-01-22 01:22:18,23.4,6.93
2024-01-22 01:24:44,12.65,6.57
2024-01-22 01:27:10,17.95,7.05
2024-01-22 01:29:39,17.55,7.6
2024-01-22 01:32:05,15.07,7.38
2024-01-22 01:34:32,25.0,8.9
2024-01-22 01:36:58,17.13,7.28
2024-01-22 01:39:24,14.02,7.75
2024-01-22 01:41:50,20.45,7.82
2024-01-22 01:44:16,26.23,10.02
2024-01-22 01:46:42,18.5,7.35
2024-01-22 01:49:08,21.35,7.55
2024-01-22 01:51:35,16.83,7.75
2024-01-22 01:54:02,21.05,7.28
2024-01-22 01:56:30,20.63,6.88
2024-01-22 01:58:56,12.45,7.5
2024-01-22 02:01:23,23.0,8.13
2024-01-22 02:03:49,15.52,7.1
2024-01-22 02:06:15,20.8,7.28
2024-01-22 02:08:49,21.65,7.93
2024-01-22 02:11:15,17.38,6.85
2024-01-22 02:13:41,10.98,6.13
2024-01-22 02:16:07,13.55,6.72
2024-01-22 02:18:33,20.85,7.18
2024-01-22 02:20:59,17.23,7.03
2024-01-22 02:23:25,17.45,6.63
2024-01-22 02:25:51,19.6,7.6
2024-01-22 02:28:17,19.05,6.38
2024-01-22 02:30:43,17.08,6.85
2024-01-22 02:33:10,25.9,9.98
2024-01-22 02:35:36,28.63,11.57
2024-01-22 02:38:02,28.92,11.82
2024-01-22 02:40:28,31.35,11.9
2024-01-22 02:42:54,27.85,11.65
2024-01-22 02:45:20,28.25,11.35
2024-01-22 02:47:46,26.1,12.25
2024-01-22 02:50:12,26.65,12.73
2024-01-22 02:52:38,33.1,13.13
2024-01-22 02:55:04,28.88,11.77
2024-01-22 02:57:30,26.75,11.57
2024-01-22 02:59:56,25.23,11.57
2024-01-22 03:02:22,27.17,10.5
2024-01-22 03:04:48,27.25,10.68
2024-01-22 03:07:15,24.88,9.2
2024-01-22 03:09:41,20.13,9.18
2024-01-22 03:12:07,25.83,8.77
2024-01-22 03:14:33,14.93,6.7
2024-01-22 03:16:59,16.88,7.47
2024-01-22 03:19:25,17.65,8.23
2024-01-22 03:21:51,22.73,8.0
2024-01-22 03:24:17,14.65,6.6
2024-01-22 03:26:43,9.57,5.7
2024-01-22 03:29:09,16.83,7.25
2024-01-22 03:31:35,18.9,7.18
2024-01-22 03:34:03,15.82,6.78
2024-01-22 03:36:29,18.3,7.6
2024-01-22 03:38:56,14.3,6.88
2024-01-22 03:41:22,13.55,6.2
2024-01-22 03:43:48,18.45,7.78
2024-01-22 03:46:14,15.65,7.32
2024-01-22 03:48:41,16.2,6.57
2024-01-22 03:51:07,14.95,6.97
2024-01-22 03:53:34,18.45,7.03
2024-01-22 03:56:03,16.6,7.35
2024-01-22 03:58:30,16.77,7.53
2024-01-22 04:00:56,15.18,7.1
2024-01-22 04:03:22,20.13,6.7
2024-01-22 04:05:48,19.8,7.3
2024-01-22 04:08:14,20.98,7.15
2024-01-22 04:10:40,12.63,6.13
2024-01-22 04:13:08,15.2,7.43
2024-01-22 04:15:34,26.55,8.25
2024-01-22 04:18:00,18.35,7.18
2024-01-22 04:20:26,20.15,8.65
2024-01-22 04:22:52,17.7,6.95
2024-01-22 04:25:18,15.25,7.13
2024-01-22 04:27:44,19.48,7.22
2024-01-22 04:30:11,12.75,7.7
2024-01-22 04:32:37,15.63,7.6
2024-01-22 04:35:03,24.77,8.4
2024-01-22 04:37:29,22.5,8.85
2024-01-22 04:40:07,25.13,8.32
2024-01-22 04:42:33,18.02,7.3
2024-01-22 04:45:00,15.52,5.6
2024-01-22 04:47:26,18.92,8.8
2024-01-22 04:49:52,22.73,7.03
2024-01-22 04:52:18,17.8,7.55
2024-01-22 04:54:46,16.8,7.22
2024-01-22 04:57:13,13.07,7.47
2024-01-22 04:59:39,23.77,7.97
2024-01-22 05:02:05,21.92,6.97
2024-01-22 05:04:31,14.32,6.82
2024-01-22 05:06:57,13.52,7.0
2024-01-22 05:09:23,15.85,6.6
2024-01-22 05:11:49,18.25,8.27
2024-01-22 05:14:15,16.98,7.75
2024-01-22 05:16:41,15.15,7.07
2024-01-22 05:19:07,15.68,7.82
2024-01-22 05:21:33,14.57,6.28
2024-01-22 05:24:00,21.27,7.85
2024-01-22 05:26:26,14.85,6.38
2024-01-22 05:28:52,12.13,5.63
2024-01-22 05:31:18,14.93,6.3
2024-01-22 05:33:44,19.3,7.4
2024-01-22 05:36:10,14.52,6.75
2024-01-22 05:38:39,13.4,7.0
2024-01-22 05:41:08,19.0,7.78
2024-01-22 05:43:35,17.45,7.05
2024-01-22 05:46:01,14.82,6.75
2024-01-22 05:48:27,21.05,7.8
2024-01-22 05:50:53,16.9,7.38
2024-01-22 05:53:19,22.5,8.25
2024-01-22 05:55:45,20.2,8.98
2024-01-22 05:58:11,21.6,9.88
2024-01-22 06:00:37,21.4,9.27
2024-01-22 06:03:04,18.45,9.1
2024-01-22 06:05:30,21.9,9.15
2024-01-22 06:07:56,22.75,8.7
2024-01-22 06:10:23,20.27,9.6
2024-01-22 06:12:49,17.55,8.27
2024-01-22 06:15:18,16.77,8.45
2024-01-22 06:17:44,19.38,8.5
2024-01-22 06:20:10,17.48,8.6
2024-01-22 06:22:36,21.08,9.07
2024-01-22 06:25:02,16.9,8.27
2024-01-22 06:27:29,22.08,8.82
2024-01-22 06:29:55,24.17,8.93
2024-01-22 06:32:24,25.4,10.45
2024-01-22 06:34:50,32.35,11.4
2024-01-22 06:37:16,15.95,8.13
2024-01-22 06:39:42,24.0,9.1
2024-01-22 06:42:08,15.55,8.2
2024-01-22 06:44:34,20.42,8.75
2024-01-22 06:47:00,19.4,8.6
2024-01-22 06:49:27,23.98,8.68
2024-01-22 06:51:53,17.33,7.9
2024-01-22 06:54:19,30.4,9.1
2024-01-22 06:56:45,12.52,7.35
2024-01-22 06:59:12,20.1,8.75
2024-01-22 07:01:38,17.38,7.3
2024-01-22 07:04:04,24.55,8.48
2024-01-22 07:06:30,19.95,9.25
2024-01-22 07:08:56,15.32,8.07
2024-01-22 07:11:22,28.33,10.32
2024-01-22 07:13:48,22.25,10.6
2024-01-22 07:16:14,29.05,12.52
2024-01-22 07:18:40,31.35,12.25
2024-01-22 07:21:06,21.75,11.35
2024-01-22 07:23:32,25.38,11.45
2024-01-22 07:25:58,23.5,10.15
2024-01-22 07:28:24,21.2,9.75
2024-01-22 07:30:50,27.13,11.5
2024-01-22 07:33:17,25.55,11.88
2024-01-22 07:35:43,25.8,11.98
2024-01-22 07:38:09,32.35,12.48
2024-01-22 07:40:35,35.9,14.27
2024-01-22 07:43:01,30.15,12.05
2024-01-22 07:45:27,30.0,14.45
2024-01-22 07:47:53,29.02,12.82
2024-01-22 07:50:19,34.45,15.18
2024-01-22 07:52:45,33.42,14.73
2024-01-22 07:55:12,43.03,16.35
2024-01-22 07:57:41,42.7,16.27
2024-01-22 08:00:07,29.42,15.38
2024-01-22 08:02:37,44.15,20.83
2024-01-22 08:05:06,63.67,19.52
2024-01-22 08:07:33,51.65,21.5
2024-01-22 08:09:59,49.05,20.63
2024-01-22 08:12:25,46.47,20.8
2024-01-22 08:14:51,42.53,20.1
2024-01-22 08:17:17,50.03,21.55
2024-01-22 08:19:43,45.75,20.7
2024-01-22 08:22:09,59.1,20.38
2024-01-22 08:24:35,42.6,18.4
2024-01-22 08:27:02,53.28,21.08
2024-01-22 08:29:28,47.17,20.13
2024-01-22 08:31:55,56.55,22.13
2024-01-22 08:34:21,54.1,22.17
2024-01-22 08:36:47,51.25,21.58
2024-01-22 08:39:13,42.47,20.55
2024-01-22 08:41:39,55.78,21.83
2024-01-22 08:44:05,45.83,20.65
2024-01-22 08:46:32,44.9,20.6
2024-01-22 08:48:58,49.28,22.55
2024-01-22 08:51:24,48.6,21.33
2024-01-22 08:53:50,50.83,21.45
2024-01-22 08:56:16,57.92,21.65
2024-01-22 08:58:42,49.45,21.42
2024-01-22 09:01:08,63.1,21.75
2024-01-22 09:03:35,54.97,22.52
2024-01-22 09:06:02,49.55,19.83
2024-01-22 09:08:30,47.92,20.5
2024-01-22 09:10:58,63.9,23.13
2024-01-22 09:13:25,50.42,23.0
2024-01-22 09:15:52,41.22,19.17
2024-01-22 09:18:18,43.67,19.98
2024-01-22 09:20:44,49.03,20.42
2024-01-22 09:23:10,49.83,21.17
2024-01-22 09:25:36,58.83,23.7
2024-01-22 09:28:05,58.75,24.92
2024-01-22 09:30:32,57.55,25.45
2024-01-22 09:32:58,52.03,22.9
2024-01-22 09:35:24,46.63,20.17
2024-01-22 09:37:51,51.08,20.58
2024-01-22 09:40:18,49.88,19.85
2024-01-22 09:42:44,61.3,22.75
2024-01-22 09:45:10,57.88,22.3
2024-01-22 09:47:36,51.3,20.83
2024-01-22 09:50:03,56.47,21.08
2024-01-22 09:52:29,49.95,20.75
2024-01-22 09:54:58,43.72,19.77
2024-01-22 09:57:26,39.22,17.73
2024-01-22 09:59:52,39.05,16.67
2024-01-22 10:02:18,39.6,18.05
2024-01-22 10:04:45,44.03,18.77
2024-01-22 10:07:11,46.7,18.48
2024-01-22 10:09:39,46.2,19.6
2024-01-22 10:12:05,47.67,20.4
2024-01-22 10:14:32,50.28,21.25
2024-01-22 10:19:47,45.22,21.38
2024-01-22 10:22:17,42.08,20.48
2024-01-22 10:24:50,48.25,20.8
2024-01-22 10:27:23,48.38,21.6
2024-01-22 10:29:49,42.58,20.73
2024-01-22 10:32:19,45.83,20.85
2024-01-22 10:34:47,51.65,18.9
2024-01-22 10:37:17,46.17,20.88
2024-01-22 10:39:44,62.08,20.1
2024-01-22 10:42:14,59.47,21.48
2024-01-22 10:44:44,48.53,22.95
2024-01-22 10:47:11,46.67,20.58
2024-01-22 10:49:37,47.85,21.92
2024-01-22 10:52:04,51.28,20.95
2024-01-22 10:54:30,54.25,22.65
2024-01-22 10:57:41,49.47,21.58
2024-01-22 10:59:46,54.45,23.5
2024-01-22 11:02:22,50.33,22.4
2024-01-22 11:04:50,54.03,23.17
2024-01-22 11:07:16,58.58,27.8
2024-01-22 11:09:42,57.2,24.27
2024-01-22 11:12:12,53.1,21.67
2024-01-22 11:14:39,54.35,21.8
2024-01-22 11:17:06,47.6,22.1
2024-01-22 11:19:34,48.1,22.15
2024-01-22 11:22:00,54.8,22.17
2024-01-22 11:24:30,43.72,21.52
2024-01-22 11:29:23,55.6,24.27
2024-01-22 11:31:49,54.97,23.3
2024-01-22 11:37:00,48.6,20.92
2024-01-22 11:44:39,49.75,21.55
2024-01-22 11:47:05,47.95,23.13
2024-01-22 11:49:38,55.15,22.92
2024-01-22 11:52:11,48.22,22.05
2024-01-22 11:54:37,50.42,20.92
2024-01-22 11:57:04,50.78,22.55
2024-01-22 11:59:30,47.47,19.83
2024-01-22 12:02:11,46.72,20.67
2024-01-22 12:04:37,45.47,21.27
2024-01-22 12:07:03,50.6,20.25
2024-01-22 12:09:36,43.97,19.9
2024-01-22 12:12:02,50.65,21.63
2024-01-22 12:14:29,46.5,20.0
2024-01-22 12:16:59,47.28,21.77
2024-01-22 12:19:25,43.65,22.33
2024-01-22 12:21:51,45.42,20.83
2024-01-22 12:24:17,43.95,20.48
2024-01-22 12:26:45,37.47,18.6
2024-01-22 12:29:23,37.67,20.02
2024-01-22 12:32:00,40.9,20.05
2024-01-22 12:34:26,36.97,19.13
2024-01-22 12:36:52,37.7,19.52
2024-01-22 12:39:19,40.65,19.65
2024-01-22 12:41:45,46.55,20.67
2024-01-22 12:44:14,47.38,20.63
2024-01-22 12:46:41,44.85,19.77
2024-01-22 12:49:07,38.33,19.65
2024-01-22 12:51:33,39.83,18.27
2024-01-22 12:53:59,36.72,18.23
2024-01-22 12:56:25,34.25,17.3
2024-01-22 12:58:51,37.38,17.98
2024-01-22 13:01:18,35.28,16.55
2024-01-22 13:03:44,35.22,17.05
2024-01-22 13:06:10,34.55,15.82
2024-01-22 13:08:36,27.77,15.27
2024-01-22 13:11:02,34.22,17.05
2024-01-22 13:13:28,32.53,16.48
2024-01-22 13:15:54,32.53,17.83
2024-01-22 13:18:20,32.17,16.8
2024-01-22 13:20:46,30.13,15.5
2024-01-22 13:23:13,28.38,16.58
2024-01-22 13:25:41,30.38,15.65
2024-01-22 13:28:07,32.0,15.8
2024-01-22 13:30:33,29.13,15.55
2024-01-22 13:32:59,28.7,15.45
2024-01-22 13:35:29,31.48,16.1
2024-01-22 13:37:55,28.5,15.27
2024-01-22 13:40:23,35.08,16.63
2024-01-22 13:42:49,29.0,16.17
2024-01-22 13:45:16,33.58,16.95
2024-01-22 13:47:42,28.6,15.27
2024-01-22 13:50:08,29.73,16.15
2024-01-22 13:52:35,34.05,16.98
2024-01-22 13:55:01,35.0,17.73
2024-01-22 13:57:29,30.6,18.83
2024-01-22 13:59:55,36.0,18.5
2024-01-22 14:02:22,37.13,19.92
2024-01-22 14:04:48,37.28,19.45
2024-01-22 14:07:14,38.88,19.45
2024-01-22 14:09:40,37.08,19.17
2024-01-22 14:12:06,37.05,19.77
2024-01-22 14:14:32,39.55,19.83
2024-01-22 14:16:59,47.58,23.98
2024-01-22 14:19:25,40.38,21.45
2024-01-22 14:21:51,40.7,19.88
2024-01-22 14:24:17,38.9,20.02
2024-01-22 14:26:43,43.03,20.42
2024-01-22 14:29:11,37.83,18.85
2024-01-22 14:31:37,35.45,18.77
2024-01-22 14:34:03,35.25,17.67
2024-01-22 14:36:29,29.58,15.93
2024-01-22 14:38:56,31.8,15.8
2024-01-22 14:41:22,39.33,16.38
2024-01-22 14:43:50,33.97,16.58
2024-01-22 14:46:16,33.15,16.25
2024-01-22 14:48:42,36.42,16.58
2024-01-22 14:51:08,30.4,15.52
2024-01-22 14:53:35,31.55,15.0
2024-01-22 14:56:01,28.25,14.23
2024-01-22 14:58:27,32.5,15.8
2024-01-22 15:00:53,28.65,13.82
2024-01-22 15:03:19,37.1,16.52
2024-01-22 15:05:46,29.88,13.2
2024-01-22 15:08:12,27.25,13.82
2024-01-22 15:10:38,29.02,13.52
2024-01-22 15:13:04,22.0,11.82
2024-01-22 15:15:30,31.35,13.23
2024-01-22 15:17:56,22.23,12.32
2024-01-22 15:20:22,32.92,13.3
2024-01-22 15:22:49,30.27,12.88
2024-01-22 15:25:15,30.77,15.45
2024-01-22 15:27:41,29.3,14.18
2024-01-22 15:30:08,34.58,16.0
2024-01-22 15:32:34,36.38,17.25
2024-01-22 15:35:00,42.2,17.95
2024-01-22 15:37:26,41.42,18.67
2024-01-22 15:39:52,38.1,19.17
2024-01-22 15:42:19,42.08,19.4
2024-01-22 15:44:45,36.0,17.8
2024-01-22 15:47:11,36.35,17.6
2024-01-22 15:49:38,47.1,18.2
2024-01-22 15:52:04,39.58,18.23
2024-01-22 15:54:30,46.0,19.3
2024-01-22 15:57:00,57.0,21.08
2024-01-22 15:59:26,48.25,21.25
2024-01-22 16:01:52,78.53,28.15
2024-01-22 16:04:18,122.95,37.5
2024-01-22 16:06:45,153.32,46.95
2024-01-22 16:09:11,128.48,42.75
2024-01-22 16:11:37,126.8,42.05
2024-01-22 16:14:03,183.25,64.8
2024-01-22 16:16:29,154.93,56.38
2024-01-22 16:18:55,147.8,51.4
2024-01-22 16:21:21,127.8,43.97
2024-01-22 16:23:47,83.63,32.8
2024-01-22 16:26:14,82.4,28.73
2024-01-22 16:28:40,57.28,21.67
2024-01-22 16:31:07,35.85,17.0
2024-01-22 16:33:33,38.4,16.7
2024-01-22 16:36:01,39.4,16.48
2024-01-22 16:38:28,35.95,16.17
2024-01-22 16:40:54,40.95,14.9
2024-01-22 16:43:20,39.05,16.5
2024-01-22 16:45:46,38.17,15.88
2024-01-22 16:48:13,40.88,15.93
2024-01-22 16:50:42,40.4,15.4
2024-01-22 16:53:08,39.22,15.88
2024-01-22 16:55:34,37.5,13.57
2024-01-22 16:58:01,32.65,15.27
2024-01-22 17:00:27,36.7,16.02
2024-01-22 17:02:53,39.2,17.6
2024-01-22 17:05:19,44.47,16.52
2024-01-22 17:07:45,43.75,15.48
2024-01-22 17:10:13,36.17,14.95
2024-01-22 17:12:39,38.58,15.93
2024-01-22 17:15:05,34.9,17.48
2024-01-22 17:17:31,40.33,14.8
2024-01-22 17:19:58,31.35,14.1
2024-01-22 17:22:24,37.13,15.48
2024-01-22 17:24:50,29.8,14.7
2024-01-22 17:27:17,48.33,17.9
2024-01-22 17:29:43,54.72,21.55
2024-01-22 17:32:09,40.05,17.58
2024-01-22 17:34:35,50.05,19.27
2024-01-22 17:37:04,47.55,18.17
2024-01-22 17:39:30,48.47,19.83
2024-01-22 17:41:56,47.08,21.02
2024-01-22 17:44:22,53.67,21.15
2024-01-22 17:46:48,52.2,20.8
2024-01-22 17:49:14,46.72,18.67
2024-01-22 17:51:41,48.85,22.35
2024-01-22 17:54:07,44.58,18.65
2024-01-22 17:56:33,51.05,19.45
2024-01-22 17:58:59,58.25,22.73
2024-01-22 18:01:26,52.9,20.63
2024-01-22 18:03:52,54.13,22.08
2024-01-22 18:06:20,49.78,22.65
2024-01-22 18:08:46,55.7,23.0
2024-01-22 18:11:14,42.38,17.98
2024-01-22 18:13:40,44.8,19.5
2024-01-22 18:16:07,55.92,21.92
2024-01-22 18:18:33,51.78,22.2
2024-01-22 18:20:59,60.75,25.45
2024-01-22 18:23:25,55.83,23.95
2024-01-22 18:25:53,54.88,25.02
2024-01-22 18:28:19,53.3,24.9
2024-01-22 18:30:45,65.15,26.1
2024-01-22 18:33:11,66.32,27.17
2024-01-22 18:35:38,63.75,26.67
2024-01-22 18:38:04,70.95,27.42
2024-01-22 18:40:30,56.42,27.33
2024-01-22 18:42:56,66.15,27.23
2024-01-22 18:45:23,96.55,38.33
2024-01-22 18:47:50,105.2,37.47
2024-01-22 18:50:16,99.07,38.85
2024-01-22 18:52:42,94.4,35.88
2024-01-22 18:55:11,91.35,35.13
2024-01-22 18:57:37,82.82,34.38
2024-01-22 19:00:04,68.03,28.35
2024-01-22 19:02:31,54.5,23.42
2024-01-22 19:04:57,67.25,23.58
2024-01-22 19:07:23,54.9,23.08
2024-01-22 19:09:49,56.9,22.35
2024-01-22 19:12:16,48.58,22.63
2024-01-22 19:14:42,49.13,22.38
2024-01-22 19:17:08,48.0,21.63
2024-01-22 19:19:34,61.42,23.15
2024-01-22 19:22:00,61.05,23.52
2024-01-22 19:24:26,49.28,21.08
2024-01-22 19:26:54,51.72,22.65
2024-01-22 19:29:21,52.78,21.58
2024-01-22 19:31:47,55.95,23.3
2024-01-22 19:34:13,54.83,23.67
2024-01-22 19:36:39,66.95,26.3
2024-01-22 19:39:05,69.93,26.4
2024-01-22 19:41:31,61.7,24.8
2024-01-22 19:43:57,61.47,27.38
2024-01-22 19:46:23,75.78,28.75
2024-01-22 19:48:49,57.45,25.42
2024-01-22 19:51:21,61.75,24.27
2024-01-22 19:53:48,58.03,23.08
2024-01-22 19:56:14,61.7,24.85
2024-01-22 19:58:40,56.42,25.13
2024-01-22 20:01:06,77.88,32.55
2024-01-22 20:03:32,70.63,31.45
2024-01-22 20:05:58,90.25,37.78
2024-01-22 20:08:24,87.82,37.3
2024-01-22 20:10:50,73.85,32.78
2024-01-22 20:13:16,81.47,34.33
2024-01-22 20:15:43,80.57,35.22
2024-01-22 20:18:10,87.5,35.5
2024-01-22 20:20:36,91.7,36.85
2024-01-22 20:23:03,87.82,34.53
2024-01-22 20:25:29,95.15,38.83
2024-01-22 20:27:56,107.78,38.47
2024-01-22 20:30:22,98.05,39.92
2024-01-22 20:32:48,126.22,46.75
2024-01-22 20:35:14,93.35,39.03
2024-01-22 20:37:40,90.2,36.5
2024-01-22 20:40:07,87.57,34.25
2024-01-22 20:42:33,85.75,35.03
2024-01-22 20:45:00,95.0,36.22
2024-01-22 20:47:28,83.68,33.65
2024-01-22 20:49:54,63.42,26.6
2024-01-22 20:52:20,57.0,26.33
2024-01-22 20:54:46,56.85,25.05
2024-01-22 20:57:12,64.88,24.38
2024-01-22 20:59:39,53.47,24.4
2024-01-22 21:02:05,51.7,24.08
2024-01-22 21:04:31,54.72,23.98
2024-01-22 21:06:57,68.15,24.65
2024-01-22 21:09:23,71.72,25.63
2024-01-22 21:11:49,65.93,25.23
2024-01-22 21:14:16,61.42,24.85
2024-01-22 21:16:42,57.22,24.63
2024-01-22 21:19:08,57.15,24.8
2024-01-22 21:21:34,58.35,25.1
2024-01-22 21:24:05,65.1,26.25
2024-01-22 21:26:31,56.92,22.85
2024-01-22 21:28:58,62.1,24.9
2024-01-22 21:31:24,52.5,26.08
2024-01-22 21:33:50,62.25,26.05
2024-01-22 21:36:17,60.65,27.52
2024-01-22 21:38:43,60.3,24.9
2024-01-22 21:41:09,62.75,27.7
2024-01-22 21:43:35,63.67,26.9
2024-01-22 21:46:01,66.7,25.85
2024-01-22 21:48:27,68.28,27.9
2024-01-22 21:50:54,68.0,29.05
2024-01-22 21:53:20,76.63,31.4
2024-01-22 21:55:46,73.7,32.7
2024-01-22 21:58:12,91.45,33.83
2024-01-22 22:00:38,72.47,30.45
2024-01-22 22:03:06,105.95,34.9
2024-01-22 22:05:33,87.28,40.28
2024-01-22 22:07:59,112.57,42.95
2024-01-22 22:10:25,94.63,38.88
2024-01-22 22:12:54,96.55,37.42
2024-01-22 22:15:21,85.28,37.38
2024-01-22 22:17:47,106.88,38.1
2024-01-22 22:20:14,113.75,40.05
2024-01-22 22:22:40,93.05,35.8
2024-01-22 22:25:06,87.9,36.95
2024-01-22 22:27:33,95.72,37.78
2024-01-22 22:29:59,90.65,38.2
2024-01-22 22:32:27,89.25,35.92
2024-01-22 22:34:53,89.05,35.17
2024-01-22 22:37:19,81.55,31.92
2024-01-22 22:39:45,71.32,28.25
2024-01-22 22:42:11,67.43,28.58
2024-01-22 22:44:37,67.82,28.33
2024-01-22 22:47:03,63.22,28.85
2024-01-22 22:49:30,59.78,23.5
2024-01-22 22:51:56,59.8,27.45
2024-01-22 22:54:22,62.85,23.98
2024-01-22 22:56:48,68.4,26.13
2024-01-22 22:59:14,61.63,26.13
2024-01-22 23:01:40,60.88,24.67
2024-01-22 23:04:07,69.8,24.8
2024-01-22 23:06:34,63.13,25.45
2024-01-22 23:09:00,75.07,25.67
2024-01-22 23:11:26,58.47,24.4
2024-01-22 23:13:53,51.28,23.48
2024-01-22 23:16:19,46.13,22.73
2024-01-22 23:18:46,53.25,24.0
2024-01-22 23:21:13,54.0,22.15
2024-01-22 23:23:39,44.25,21.35
2024-01-22 23:26:05,53.0,23.7
2024-01-22 23:28:31,58.72,21.9
2024-01-22 23:30:57,57.1,23.3
2024-01-22 23:33:23,53.0,24.0
2024-01-22 23:35:50,48.2,22.17
2024-01-22 23:38:16,44.7,20.5
2024-01-22 23:40:43,59.58,22.0
2024-01-22 23:43:09,48.22,21.4
2024-01-22 23:45:35,49.95,23.1
2024-01-22 23:48:02,46.05,18.23
2024-01-22 23:50:28,40.78,18.1
2024-01-22 23:52:54,45.97,20.35
2024-01-22 23:55:20,59.17,21.4
2024-01-22 23:57:47,45.0,18.75
2024-01-23 00:00:13,43.4,17.55
2024-01-23 00:02:39,40.8,18.9
2024-01-23 00:05:06,58.5,23.05
2024-01-23 00:07:32,46.97,19.63
2024-01-23 00:09:58,47.47,19.0
2024-01-23 00:12:24,74.6,32.88
2024-01-23 00:14:50,76.2,30.05
2024-01-23 00:17:16,61.7,26.08
2024-01-23 00:19:42,58.7,24.73
2024-01-23 00:22:08,59.3,25.83
2024-01-23 00:24:34,58.13,25.27
2024-01-23 00:27:00,54.58,26.95
2024-01-23 00:29:26,64.55,24.73
2024-01-23 00:31:52,56.75,25.23
2024-01-23 00:34:19,43.83,21.58
2024-01-23 00:36:45,62.1,25.88
2024-01-23 00:39:11,61.72,25.7
2024-01-23 00:41:37,56.15,23.15
2024-01-23 00:44:04,51.2,23.3
2024-01-23 00:46:30,53.33,22.8
2024-01-23 00:48:56,76.68,28.1
2024-01-23 00:51:22,69.47,26.7
2024-01-23 00:53:48,60.25,25.9
2024-01-23 00:56:14,65.3,27.27
2024-01-23 00:58:40,68.93,25.2
2024-01-23 01:01:06,58.4,24.45
2024-01-23 01:03:32,78.85,29.27
2024-01-23 01:05:58,67.35,28.92
2024-01-23 01:08:25,63.55,26.05
2024-01-23 01:10:51,49.03,22.83
2024-01-23 01:13:17,55.8,24.55
2024-01-23 01:15:43,60.17,24.88
2024-01-23 01:18:10,55.13,24.13
2024-01-23 01:20:36,58.2,25.17
2024-01-23 01:23:02,59.05,22.98
2024-01-23 01:25:28,51.85,20.02
2024-01-23 01:27:54,47.47,19.6
2024-01-23 01:30:20,58.6,22.17
2024-01-23 01:32:52,49.35,19.92
2024-01-23 01:35:18,40.78,18.2
2024-01-23 01:37:44,51.28,19.55
2024-01-23 01:40:10,55.0,22.35
2024-01-23 01:42:40,48.88,20.77
2024-01-23 01:45:06,50.08,19.7
2024-01-23 01:47:33,46.2,19.83
2024-01-23 01:49:59,40.92,19.1
2024-01-23 01:52:26,53.88,22.2
2024-01-23 01:54:52,51.97,21.9
2024-01-23 01:57:20,57.22,22.8
2024-01-23 01:59:47,53.28,19.55
2024-01-23 02:02:14,49.72,21.77
2024-01-23 02:04:40,45.6,17.83
2024-01-23 02:07:06,50.6,20.48
2024-01-23 02:09:33,52.45,19.0
2024-01-23 02:11:59,40.42,17.3
2024-01-23 02:14:26,38.67,15.93
2024-01-23 02:16:52,29.3,15.13
2024-01-23 02:19:19,37.55,15.65
2024-01-23 02:21:45,38.53,15.73
2024-01-23 02:24:11,40.17,15.82
2024-01-23 02:26:37,32.92,14.05
2024-01-23 02:29:03,33.13,15.18
2024-01-23 02:31:29,38.97,16.63
2024-01-23 02:33:55,41.9,17.05
2024-01-23 02:36:21,34.55,15.23
2024-01-23 02:38:47,49.4,15.32
2024-01-23 02:41:13,49.78,18.23
2024-01-23 02:43:39,34.63,15.5
2024-01-23 02:46:05,44.92,16.73
2024-01-23 02:48:32,49.15,18.88
2024-01-23 02:50:58,46.67,20.4
2024-01-23 02:53:24,46.83,22.35
2024-01-23 02:55:50,54.6,22.55
2024-01-23 02:58:16,42.3,19.3
2024-01-23 03:00:43,50.58,21.42
2024-01-23 03:03:09,46.78,21.42
2024-01-23 03:05:35,48.33,20.48
2024-01-23 03:08:02,49.83,20.4
2024-01-23 03:10:29,62.3,23.13
2024-01-23 03:12:56,58.75,22.48
2024-01-23 03:15:22,52.33,22.6
2024-01-23 03:17:48,62.7,23.88
2024-01-23 03:20:14,52.75,24.13
2024-01-23 03:22:41,54.35,21.02
2024-01-23 03:25:07,59.2,21.52
2024-01-23 03:27:33,51.47,21.75
2024-01-23 03:29:59,63.47,22.08
2024-01-23 03:32:25,46.7,18.42
2024-01-23 03:34:51,51.08,20.33
2024-01-23 03:37:17,65.93,23.55
2024-01-23 03:39:43,56.92,22.33
2024-01-23 03:42:10,56.22,24.77
2024-01-23 03:44:36,64.2,23.38
2024-01-23 03:47:02,58.95,24.6
2024-01-23 03:49:28,59.63,24.0
2024-01-23 03:51:54,59.33,23.83
2024-01-23 03:54:20,62.5,22.3
2024-01-23 03:56:46,72.4,25.7
2024-01-23 03:59:12,54.22,24.58
2024-01-23 04:01:38,59.45,23.2
2024-01-23 04:04:04,59.45,21.85
2024-01-23 04:06:30,58.67,23.15
2024-01-23 04:08:56,48.85,22.33
2024-01-23 04:11:23,72.5,24.77
2024-01-23 04:13:49,66.75,23.92
2024-01-23 04:16:15,53.72,22.77
2024-01-23 04:18:41,60.55,25.45
2024-01-23 04:21:07,54.9,24.0
2024-01-23 04:23:33,62.35,26.98
2024-01-23 04:25:59,67.57,26.23
2024-01-23 04:28:26,60.5,25.45
2024-01-23 04:30:52,67.47,26.6
2024-01-23 04:33:18,59.33,26.3
2024-01-23 04:35:44,59.8,24.1
2024-01-23 04:38:10,71.32,24.67
2024-01-23 04:40:36,61.92,24.8
2024-01-23 04:43:03,62.4,23.17
2024-01-23 04:45:29,69.2,24.77
2024-01-23 04:47:55,73.68,27.6
2024-01-23 04:50:21,75.5,28.45
2024-01-23 04:52:47,64.55,28.27
2024-01-23 04:55:13,74.6,25.02
2024-01-23 04:57:39,63.5,22.35
2024-01-23 05:00:06,57.5,25.33
2024-01-23 05:02:34,63.9,25.38
2024-01-23 05:05:00,62.45,25.42
2024-01-23 05:07:28,60.8,27.02
2024-01-23 05:09:54,54.65,23.58
2024-01-23 05:12:20,64.57,25.42
2024-01-23 05:14:46,50.38,23.88
2024-01-23 05:17:12,62.63,24.52
2024-01-23 05:19:38,65.63,25.17
2024-01-23 05:22:04,50.22,23.33
2024-01-23 05:24:30,55.28,24.27
2024-01-23 05:26:56,66.0,25.33
2024-01-23 05:29:22,54.9,23.25
2024-01-23 05:31:48,59.38,25.38
2024-01-23 05:34:15,62.5,25.58
2024-01-23 05:36:41,56.28,23.48
2024-01-23 05:39:07,58.65,24.08
2024-01-23 05:41:33,59.4,23.7
2024-01-23 05:43:59,59.2,22.65
2024-01-23 05:46:25,56.42,22.13
2024-01-23 05:48:52,59.22,22.92
2024-01-23 05:51:18,59.17,24.0
2024-01-23 05:53:44,59.13,24.3
2024-01-23 05:56:10,65.93,25.27
2024-01-23 05:58:36,57.0,23.63
2024-01-23 06:01:02,59.3,23.27
2024-01-23 06:03:28,61.63,24.45
2024-01-23 06:05:54,62.08,24.95
2024-01-23 06:08:20,58.58,24.5
2024-01-23 06:10:46,73.3,25.38
2024-01-23 06:13:13,72.18,26.35
2024-01-23 06:15:39,58.88,24.83
2024-01-23 06:18:05,50.53,24.15
2024-01-23 06:20:32,67.45,26.7
2024-01-23 06:22:58,59.53,25.27
2024-01-23 06:25:25,52.2,23.7
2024-01-23 06:27:51,62.6,25.05
2024-01-23 06:30:17,55.65,24.38
2024-01-23 06:32:43,65.1,25.27
2024-01-23 06:35:09,62.78,25.5
2024-01-23 06:37:35,58.08,23.23
2024-01-23 06:40:02,94.25,35.58
2024-01-23 06:42:28,58.65,23.38
2024-01-23 06:44:54,60.5,23.77
2024-01-23 06:47:20,55.38,22.75
2024-01-23 06:49:46,42.03,20.92
2024-01-23 06:52:12,42.42,20.13
2024-01-23 06:54:39,47.97,20.88
2024-01-23 06:57:05,43.3,17.65
2024-01-23 06:59:31,37.22,15.32
2024-01-23 07:01:57,45.35,17.88
2024-01-23 07:04:23,34.5,15.65
2024-01-23 07:06:49,43.72,17.45
2024-01-23 07:09:15,42.22,17.77
2024-01-23 07:11:41,48.55,18.1
2024-01-23 07:14:08,41.45,17.23
2024-01-23 07:16:34,43.83,19.85
2024-01-23 07:19:00,40.8,18.0
2024-01-23 07:21:26,43.22,17.8
2024-01-23 07:23:52,49.33,20.65
2024-01-23 07:26:18,42.58,18.92
2024-01-23 07:28:44,46.78,19.65
2024-01-23 07:31:10,47.6,19.77
2024-01-23 07:33:37,47.28,20.45
2024-01-23 07:36:03,50.8,19.23
2024-01-23 07:38:30,41.0,20.27
2024-01-23 07:40:56,42.03,19.0
2024-01-23 07:43:25,45.25,18.88
2024-01-23 07:45:52,52.47,20.77
2024-01-23 07:48:18,43.65,20.67
2024-01-23 07:50:45,47.45,21.52
2024-01-23 07:53:11,45.38,20.02
2024-01-23 07:55:37,45.9,20.77
2024-01-23 07:58:03,52.42,20.23
2024-01-23 08:00:29,48.8,22.33
2024-01-23 08:02:55,43.25,18.77
2024-01-23 08:05:22,41.53,18.58
2024-01-23 08:07:48,44.72,18.58
2024-01-23 08:10:14,44.08,20.02
2024-01-23 08:12:40,47.3,20.88
2024-01-23 08:15:06,38.7,17.77
2024-01-23 08:17:33,52.7,21.2
2024-01-23 08:19:59,47.1,20.58
2024-01-23 08:22:25,48.7,19.8
2024-01-23 08:24:51,44.0,20.45
2024-01-23 08:27:17,46.75,17.92
2024-01-23 08:29:43,55.38,22.45
2024-01-23 08:32:10,55.72,22.5
2024-01-23 08:34:36,52.45,22.95
2024-01-23 08:37:03,56.03,24.92
2024-01-23 08:39:29,54.58,24.05
2024-01-23 08:41:55,66.57,24.13
2024-01-23 08:44:21,57.33,22.9
2024-01-23 08:46:48,47.38,21.75
2024-01-23 08:49:14,54.22,22.23
2024-01-23 08:51:41,50.67,23.67
2024-01-23 08:54:07,47.53,21.1
2024-01-23 08:56:33,54.55,23.75
2024-01-23 08:58:59,50.72,22.67
2024-01-23 09:01:26,44.75,21.42
2024-01-23 09:03:52,54.83,23.48
2024-01-23 09:06:18,44.65,19.83
2024-01-23 09:08:44,44.63,19.45
2024-01-23 09:11:10,47.63,20.02
2024-01-23 09:13:36,45.75,22.27
2024-01-23 09:16:03,43.3,21.55
2024-01-23 09:18:29,49.47,20.92
2024-01-23 09:20:55,42.6,20.6
2024-01-23 09:23:23,49.67,20.45
2024-01-23 09:25:49,43.78,21.13
2024-01-23 09:28:15,46.85,20.3
2024-01-23 09:30:42,53.35,24.13
2024-01-23 09:33:08,49.85,22.92
2024-01-23 09:35:37,43.67,19.45
2024-01-23 09:38:04,45.88,20.6
2024-01-23 09:40:30,54.4,22.13
2024-01-23 09:42:56,35.75,17.38
2024-01-23 09:45:26,31.17,14.98
2024-01-23 09:47:56,34.33,16.2
2024-01-23 09:50:26,41.85,17.15
2024-01-23 09:52:52,32.95,15.57
2024-01-23 09:55:20,48.88,18.58
2024-01-23 09:57:47,37.6,16.35
2024-01-23 10:00:14,33.17,16.08
2024-01-23 10:02:41,29.83,13.88
2024-01-23 10:05:08,38.42,15.85
2024-01-23 10:07:38,33.0,15.45
2024-01-23 10:10:07,31.75,14.35
2024-01-23 10:12:44,31.27,14.68
2024-01-23 10:15:11,28.55,14.27
2024-01-23 10:17:38,38.15,16.6
2024-01-23 10:20:04,41.7,18.1
2024-01-23 10:22:31,39.45,17.88
2024-01-23 10:24:58,40.75,16.67
2024-01-23 10:27:25,37.35,15.27
2024-01-23 10:29:51,28.05,13.07
2024-01-23 10:32:17,38.75,15.05
2024-01-23 10:34:43,28.95,13.45
2024-01-23 10:37:09,26.77,11.95
2024-01-23 10:39:35,32.4,12.1
2024-01-23 10:42:01,26.98,11.4
2024-01-23 10:44:29,22.98,11.8
2024-01-23 10:46:56,28.65,11.77
2024-01-23 10:49:22,21.25,11.1
2024-01-23 10:51:48,23.17,10.6
2024-01-23 10:54:29,28.08,12.38
2024-01-23 10:56:58,18.8,10.32
2024-01-23 10:59:29,25.77,11.73
2024-01-23 11:02:02,29.42,13.8
2024-01-23 11:04:28,28.02,11.77
2024-01-23 11:06:59,29.52,11.88
2024-01-23 11:09:29,27.4,13.95
2024-01-23 11:12:44,21.77,10.05
2024-01-23 11:14:55,24.63,10.45
2024-01-23 11:17:21,23.83,11.82
2024-01-23 11:19:48,20.52,10.8
2024-01-23 11:22:30,27.1,13.8
2024-01-23 11:24:56,24.67,13.07
2024-01-23 11:27:23,43.25,14.57
2024-01-23 11:29:50,32.85,14.07
2024-01-23 11:32:17,33.0,15.7
2024-01-23 11:34:44,31.8,14.25
2024-01-23 11:39:58,28.58,13.35
2024-01-23 11:42:33,28.85,13.25
2024-01-23 11:47:26,27.93,11.03
2024-01-23 11:49:53,24.77,12.13
2024-01-23 11:52:19,23.05,12.15
2024-01-23 11:54:45,27.13,12.8
2024-01-23 11:57:11,23.17,11.93
2024-01-23 11:59:37,19.9,10.25
2024-01-23 12:02:03,22.63,10.52
2024-01-23 12:04:30,18.55,10.45
2024-01-23 12:06:56,23.23,10.85
2024-01-23 12:09:22,27.8,12.6
2024-01-23 12:11:50,23.2,11.32
2024-01-23 12:14:16,22.85,11.0
2024-01-23 12:16:42,19.33,9.88
2024-01-23 12:19:08,20.67,9.35
2024-01-23 12:21:36,17.77,10.13
2024-01-23 12:24:02,20.55,10.65
2024-01-23 12:26:28,21.38,10.55
2024-01-23 12:28:55,21.42,10.7
2024-01-23 12:31:22,18.98,10.63
2024-01-23 12:33:48,25.98,9.85
2024-01-23 12:36:14,20.9,10.1
2024-01-23 12:38:41,20.67,9.77
2024-01-23 12:41:08,17.98,9.23
2024-01-23 12:43:34,17.5,9.6
2024-01-23 12:46:00,19.38,10.18
2024-01-23 12:48:27,37.95,17.23
2024-01-23 12:50:57,38.22,19.55
2024-01-23 12:53:23,50.15,24.5
2024-01-23 12:55:51,56.63,32.53
2024-01-23 12:58:17,57.88,29.48
2024-01-23 13:00:44,61.0,29.55
2024-01-23 13:03:10,60.9,30.2
2024-01-23 13:05:40,63.25,30.55
2024-01-23 13:08:06,61.63,31.88
2024-01-23 13:10:32,66.68,30.88
2024-01-23 13:12:58,62.4,31.45
2024-01-23 13:15:24,60.45,31.15
2024-01-23 13:17:50,70.57,32.03
2024-01-23 13:20:17,59.2,29.5
2024-01-23 13:22:43,63.88,32.4
2024-01-23 13:25:13,73.4,33.28
2024-01-23 13:27:46,80.03,33.35
2024-01-23 13:30:12,66.75,33.2
2024-01-23 13:32:41,70.13,35.33
2024-01-23 13:35:08,85.57,35.72
2024-01-23 13:37:34,78.53,35.17
2024-01-23 13:40:00,82.82,37.25
2024-01-23 13:42:27,67.4,33.78
2024-01-23 13:44:53,77.78,35.25
2024-01-23 13:47:19,76.05,36.03
2024-01-23 13:49:45,72.63,32.97
2024-01-23 13:52:15,77.38,37.17
2024-01-23 13:54:41,84.93,39.33
2024-01-23 13:57:07,85.03,37.67
2024-01-23 13:59:33,74.35,36.42
2024-01-23 14:01:59,72.65,34.83
2024-01-23 14:04:25,77.05,35.3
2024-01-23 14:06:51,76.25,36.38
2024-01-23 14:09:17,85.18,37.28
2024-01-23 14:11:44,88.75,37.0
2024-01-23 14:14:10,73.07,34.13
2024-01-23 14:16:36,77.35,34.53
2024-01-23 14:19:02,75.18,36.22
2024-01-23 14:21:29,76.35,37.83
2024-01-23 14:23:55,81.95,36.72
2024-01-23 14:26:21,58.5,28.7
2024-01-23 14:28:48,49.88,28.17
2024-01-23 14:31:14,48.0,26.52
2024-01-23 14:33:41,44.4,24.17
2024-01-23 14:36:07,46.22,22.02
2024-01-23 14:38:33,40.7,18.77
2024-01-23 14:40:59,50.55,18.35
2024-01-23 14:43:26,29.83,15.27
2024-01-23 14:45:52,34.7,15.35
2024-01-23 14:48:18,28.27,14.07
2024-01-23 14:50:45,31.3,14.27
2024-01-23 14:53:12,27.1,13.98
2024-01-23 14:55:38,32.28,14.18
2024-01-23 14:58:04,31.02,15.55
2024-01-23 15:00:30,32.2,17.25
2024-01-23 15:02:56,30.77,14.27
2024-01-23 15:05:22,31.3,13.5
2024-01-23 15:07:49,24.9,12.5
2024-01-23 15:10:15,31.7,13.45
2024-01-23 15:12:41,28.75,13.25
2024-01-23 15:15:07,40.4,16.92
2024-01-23 15:17:34,59.08,17.77
2024-01-23 15:20:00,37.6,16.13
2024-01-23 15:22:28,33.63,16.48
2024-01-23 15:24:54,44.9,18.63
2024-01-23 15:27:20,48.03,22.02
2024-01-23 15:29:46,44.3,21.55
2024-01-23 15:32:12,62.58,25.5
2024-01-23 15:34:38,69.18,32.45
2024-01-23 15:37:04,76.07,33.22
2024-01-23 15:39:30,84.63,35.45
2024-01-23 15:41:59,89.03,36.38
2024-01-23 15:44:26,80.65,37.08
2024-01-23 15:46:52,89.07,35.92
2024-01-23 15:49:18,90.32,35.92
2024-01-23 15:51:44,80.72,34.38
2024-01-23 15:54:10,82.22,38.3
2024-01-23 15:56:36,74.38,34.2
2024-01-23 15:59:02,100.82,40.92
2024-01-23 16:01:28,108.45,41.58
2024-01-23 16:03:54,103.0,42.78
2024-01-23 16:06:20,90.6,41.25
2024-01-23 16:08:49,86.6,35.7
2024-01-23 16:11:15,73.55,32.47
2024-01-23 16:13:41,93.88,37.17
2024-01-23 16:16:07,77.72,32.05
2024-01-23 16:18:34,78.7,33.5
2024-01-23 16:21:00,56.4,25.48
2024-01-23 16:23:26,41.17,18.98
2024-01-23 16:25:52,44.4,21.15
2024-01-23 16:28:20,45.05,20.45
2024-01-23 16:30:46,34.63,17.33
2024-01-23 16:33:12,42.33,19.45
2024-01-23 16:35:38,42.33,16.85
2024-01-23 16:38:06,31.75,15.18
2024-01-23 16:40:32,37.95,16.08
2024-01-23 16:42:58,30.52,14.35
2024-01-23 16:45:25,38.75,16.25
2024-01-23 16:47:52,43.17,19.23
2024-01-23 16:50:19,44.08,19.67
2024-01-23 16:52:45,45.6,20.38
2024-01-23 16:55:11,41.7,19.95
2024-01-23 16:57:37,48.8,16.63
2024-01-23 17:00:03,43.15,15.55
2024-01-23 17:02:30,37.72,14.68
2024-01-23 17:04:56,24.48,9.8
2024-01-23 17:07:22,23.83,9.75
2024-01-23 17:09:50,26.35,9.25
2024-01-23 17:12:16,23.9,8.95
2024-01-23 17:14:42,24.9,8.57
2024-01-23 17:17:08,23.73,8.68
2024-01-23 17:19:35,27.75,10.0
2024-01-23 17:22:01,33.63,11.27
2024-01-23 17:24:27,32.78,11.6
2024-01-23 17:26:53,30.27,11.7
2024-01-23 17:29:19,35.9,13.35
2024-01-23 17:31:45,31.3,14.82
2024-01-23 17:34:11,50.63,17.4
2024-01-23 17:36:39,90.22,31.35
2024-01-23 17:39:06,100.32,37.8
2024-01-23 17:41:32,94.78,36.97
2024-01-23 17:43:58,105.97,42.7
2024-01-23 17:46:24,114.32,48.6
2024-01-23 17:48:51,149.02,63.17
2024-01-23 17:51:17,144.93,59.03
2024-01-23 17:53:43,154.15,63.95
2024-01-23 17:56:11,138.9,62.03
2024-01-23 17:58:37,154.2,63.45
2024-01-23 18:01:03,156.5,62.5
2024-01-23 18:03:31,156.85,63.1
2024-01-23 18:05:57,166.5,64.13
2024-01-23 18:08:23,144.65,62.4
2024-01-23 18:10:50,157.95,63.78
2024-01-23 18:13:16,159.35,64.97
2024-01-23 18:15:42,140.4,58.4
2024-01-23 18:18:08,110.68,47.25
2024-01-23 18:20:34,70.8,28.38
2024-01-23 18:23:00,47.25,22.45
2024-01-23 18:25:26,61.08,25.35
2024-01-23 18:27:52,45.0,19.85
2024-01-23 18:30:18,33.65,14.18
2024-01-23 18:32:44,29.83,12.65
2024-01-23 18:35:11,26.2,10.75
2024-01-23 18:37:38,22.4,9.55
2024-01-23 18:40:04,25.48,8.13
2024-01-23 18:42:31,14.45,6.32
2024-01-23 18:44:57,19.88,8.05
2024-01-23 18:47:23,21.75,6.97
2024-01-23 18:49:50,17.23,6.85
2024-01-23 18:52:17,12.52,6.15
2024-01-23 18:54:43,11.7,6.7
2024-01-23 18:57:10,15.05,5.85
2024-01-23 18:59:37,14.23,6.65
2024-01-23 19:02:03,13.73,6.95
2024-01-23 19:04:29,19.9,6.5
2024-01-23 19:06:55,13.75,5.25
2024-01-23 19:09:21,13.6,5.5
2024-01-23 19:11:49,15.5,6.2
2024-01-23 19:14:15,19.63,6.32
2024-01-23 19:16:41,20.0,8.0
2024-01-23 19:19:07,15.18,6.05
2024-01-23 19:21:34,16.92,6.4
2024-01-23 19:24:01,16.58,5.85
2024-01-23 19:26:27,17.9,7.88
2024-01-23 19:28:53,13.45,7.4
2024-01-23 19:31:19,9.35,4.18
2024-01-23 19:33:45,13.9,5.28
2024-01-23 19:36:15,12.35,4.53
2024-01-23 19:38:42,12.88,5.2
2024-01-23 19:41:08,17.2,5.25
2024-01-23 19:43:34,13.4,5.82
2024-01-23 19:46:00,11.43,4.78
2024-01-23 19:48:26,15.43,4.9
2024-01-23 19:50:53,13.32,4.5
2024-01-23 19:53:22,16.02,5.15
2024-01-23 19:55:48,21.6,4.53
2024-01-23 19:58:14,7.25,3.35
2024-01-23 20:00:40,15.75,5.28
2024-01-23 20:03:06,10.85,5.0
2024-01-23 20:05:32,13.8,4.4
2024-01-23 20:07:59,13.98,4.63
2024-01-23 20:10:25,11.6,4.68
2024-01-23 20:12:51,11.68,5.15
2024-01-23 20:15:18,18.7,4.6
2024-01-23 20:17:44,13.88,4.13
2024-01-23 20:20:13,13.5,4.45
2024-01-23 20:22:39,11.6,4.57
2024-01-23 20:25:06,12.55,4.15
2024-01-23 20:27:32,14.73,4.57
2024-01-23 20:29:58,16.13,5.45
2024-01-23 20:32:24,18.67,4.63
2024-01-23 20:34:50,8.73,3.28
2024-01-23 20:37:17,19.6,5.57
2024-01-23 20:39:43,15.18,4.7
2024-01-23 20:42:09,11.43,4.0
2024-01-23 20:44:40,15.27,4.8
2024-01-23 20:47:06,12.98,4.22
2024-01-23 20:49:33,26.42,8.88
2024-01-23 20:51:59,21.0,6.55
2024-01-23 20:54:25,18.17,5.68
2024-01-23 20:56:51,14.98,5.35
2024-01-23 20:59:18,11.5,4.55
2024-01-23 21:01:44,17.13,5.75
2024-01-23 21:04:10,12.35,4.9
2024-01-23 21:06:36,15.15,5.3
2024-01-23 21:09:02,13.48,5.38
2024-01-23 21:11:28,11.9,4.6
2024-01-23 21:13:54,11.2,3.85
2024-01-23 21:16:20,7.75,4.22
2024-01-23 21:18:47,18.77,4.35
2024-01-23 21:21:13,11.9,3.9
2024-01-23 21:23:39,10.15,3.42
2024-01-23 21:26:05,6.97,2.8
2024-01-23 21:28:32,10.93,3.63
2024-01-23 21:30:58,9.38,3.97
2024-01-23 21:33:24,11.52,3.4
2024-01-23 21:35:51,8.93,3.28
2024-01-23 21:38:17,8.05,3.3
2024-01-23 21:40:44,10.9,3.95
2024-01-23 21:43:11,7.8,3.55
2024-01-23 21:45:37,6.72,2.7
2024-01-23 21:48:03,7.47,3.65
2024-01-23 21:50:30,8.6,3.58
2024-01-23 21:52:56,6.25,2.78
2024-01-23 21:55:22,8.0,2.63
2024-01-23 21:57:48,7.8,3.15
2024-01-23 22:00:15,5.53,2.67
2024-01-23 22:02:41,6.07,3.1
2024-01-23 22:05:07,9.43,3.4
2024-01-23 22:07:33,6.72,3.13
2024-01-23 22:09:59,6.0,3.05
2024-01-23 22:12:25,7.0,3.8
2024-01-23 22:14:51,11.25,3.83
2024-01-23 22:17:17,8.55,3.8
2024-01-23 22:19:43,9.38,3.9
2024-01-23 22:22:12,7.78,3.47
2024-01-23 22:24:38,8.52,3.05
2024-01-23 22:27:04,11.57,4.07
2024-01-23 22:29:30,9.9,3.1
2024-01-23 22:31:57,11.0,3.35
2024-01-23 22:34:23,11.75,3.83
2024-01-23 22:36:49,4.93,2.15
2024-01-23 22:39:15,10.07,3.22
2024-01-23 22:41:42,14.13,4.25
2024-01-23 22:44:08,10.73,2.95
2024-01-23 22:46:34,5.97,2.78
2024-01-23 22:49:03,10.75,4.18
2024-01-23 22:51:30,6.93,3.08
2024-01-23 22:53:56,7.35,3.15
2024-01-23 22:56:22,8.5,2.5
2024-01-23 22:58:48,12.18,3.15
2024-01-23 23:01:14,11.05,3.42
2024-01-23 23:03:40,9.57,3.13
2024-01-23 23:06:07,7.97,3.13
2024-01-23 23:08:33,10.15,3.38
2024-01-23 23:10:59,4.32,2.7
2024-01-23 23:13:25,10.02,3.42
2024-01-23 23:15:51,13.2,3.75
2024-01-23 23:18:17,6.4,2.85
2024-01-23 23:20:43,7.3,3.17
2024-01-23 23:23:09,8.23,3.5
2024-01-23 23:25:35,9.5,3.75
2024-01-23 23:28:02,6.18,2.85
2024-01-23 23:30:29,6.95,2.85
2024-01-23 23:32:55,6.03,2.5
2024-01-23 23:35:22,6.15,2.08
2024-01-23 23:37:48,4.72,2.03
2024-01-23 23:40:14,9.52,2.7
2024-01-23 23:42:40,6.8,2.88
2024-01-23 23:45:07,6.97,2.8
2024-01-23 23:47:33,6.4,2.65
2024-01-23 23:49:59,8.52,3.35
2024-01-23 23:52:25,13.23,4.7
2024-01-23 23:54:51,8.93,3.85
2024-01-23 23:57:17,7.9,3.3
2024-01-23 23:59:43,7.4,1.77
2024-01-24 00:02:10,7.57,2.97
2024-01-24 00:04:36,6.88,2.45
2024-01-24 00:07:02,5.0,1.67
2024-01-24 00:09:28,5.6,2.35
2024-01-24 00:11:58,3.4,2.05
2024-01-24 00:14:24,4.5,1.75
2024-01-24 00:16:50,9.55,2.9
2024-01-24 00:19:16,5.15,1.9
2024-01-24 00:21:42,9.48,2.22
2024-01-24 00:24:08,6.63,2.45
2024-01-24 00:26:37,4.6,2.03
2024-01-24 00:29:04,6.57,3.22
2024-01-24 00:31:30,10.48,3.15
2024-01-24 00:33:56,5.4,2.42
2024-01-24 00:36:22,5.88,3.0
2024-01-24 00:38:49,4.97,1.88
2024-01-24 00:41:15,4.53,1.7
2024-01-24 00:43:41,5.53,1.65
2024-01-24 00:46:08,4.38,1.52
2024-01-24 00:48:34,5.75,2.2
2024-01-24 00:51:00,5.97,2.78
2024-01-24 00:53:26,9.85,3.03
2024-01-24 00:55:54,10.13,2.63
2024-01-24 00:58:21,10.88,3.15
2024-01-24 01:00:47,8.2,2.83
2024-01-24 01:03:13,8.75,2.53
2024-01-24 01:05:39,10.95,3.33
2024-01-24 01:08:05,9.4,2.42
2024-01-24 01:10:32,8.48,2.83
2024-01-24 01:12:58,4.43,1.55
2024-01-24 01:15:24,5.63,1.9
2024-01-24 01:17:51,6.47,2.2
2024-01-24 01:20:17,5.82,2.38
2024-01-24 01:22:46,7.03,2.28
2024-01-24 01:25:12,9.6,2.6
2024-01-24 01:27:39,5.25,2.72
2024-01-24 01:30:05,5.6,2.58
2024-01-24 01:32:32,7.25,2.28
2024-01-24 01:34:58,6.88,2.33
2024-01-24 01:37:25,6.18,2.63
2024-01-24 01:39:51,6.8,3.08
2024-01-24 01:42:17,5.95,2.15
2024-01-24 01:44:46,3.75,2.28
2024-01-24 01:47:15,4.53,2.0
2024-01-24 01:49:42,11.15,3.22
2024-01-24 01:52:09,14.07,5.0
2024-01-24 01:54:35,22.25,10.77
2024-01-24 01:57:01,18.7,8.48
2024-01-24 01:59:29,19.6,10.23
2024-01-24 02:01:56,27.85,11.6
2024-01-24 02:04:22,24.8,11.82
2024-01-24 02:06:49,27.25,11.57
2024-01-24 02:09:15,24.5,12.2
2024-01-24 02:11:41,27.85,12.23
2024-01-24 02:14:07,18.27,10.35
2024-01-24 02:16:33,24.3,11.65
2024-01-24 02:19:00,22.58,11.73
2024-01-24 02:21:26,16.2,8.15
2024-01-24 02:23:52,12.8,6.38
2024-01-24 02:26:19,20.85,10.93
2024-01-24 02:28:45,14.1,6.28
2024-01-24 02:31:11,14.38,4.68
2024-01-24 02:33:37,15.07,5.32
2024-01-24 02:36:03,15.9,6.55
2024-01-24 02:38:29,14.18,5.5
2024-01-24 02:40:56,9.3,3.83
2024-01-24 02:43:22,12.05,3.78
2024-01-24 02:45:48,9.6,4.68
2024-01-24 02:48:14,7.75,2.67
2024-01-24 02:50:40,5.2,2.4
2024-01-24 02:53:07,5.57,2.15
2024-01-24 02:55:33,7.35,2.88
2024-01-24 02:57:59,8.7,2.97
2024-01-24 03:00:25,10.05,3.7
2024-01-24 03:02:53,6.13,2.45
2024-01-24 03:05:19,6.43,2.85
2024-01-24 03:07:47,9.4,2.9
2024-01-24 03:10:13,6.35,2.6
2024-01-24 03:12:39,4.07,1.9
2024-01-24 03:15:05,9.68,2.63
2024-01-24 03:17:31,5.82,2.42
2024-01-24 03:19:57,7.07,3.3
2024-01-24 03:22:24,7.38,2.92
2024-01-24 03:24:53,18.38,8.02
2024-01-24 03:27:19,16.3,7.4
2024-01-24 03:29:45,9.48,3.92
2024-01-24 03:32:11,12.95,4.78
2024-01-24 03:34:37,9.05,4.95
2024-01-24 03:37:03,10.45,3.95
2024-01-24 03:39:29,9.07,4.55
2024-01-24 03:41:55,8.3,4.03
2024-01-24 03:44:21,5.03,2.47
2024-01-24 03:46:47,16.58,6.32
2024-01-24 03:49:13,15.23,6.63
2024-01-24 03:51:40,11.55,5.28
2024-01-24 03:54:06,8.68,4.4
2024-01-24 03:56:32,13.35,5.07
2024-01-24 03:58:58,12.2,4.57
2024-01-24 04:01:24,8.55,3.47
2024-01-24 04:03:50,8.73,3.15
2024-01-24 04:06:16,6.72,3.15
2024-01-24 04:08:43,7.53,3.4
2024-01-24 04:11:09,20.65,5.93
2024-01-24 04:13:35,11.88,4.72
2024-01-24 04:16:01,13.0,6.57
2024-01-24 04:18:27,19.45,8.23
2024-01-24 04:20:53,19.88,9.52
2024-01-24 04:23:19,28.55,10.23
2024-01-24 04:25:45,22.13,8.82
2024-01-24 04:28:11,18.7,9.4
2024-01-24 04:30:37,14.25,6.53
2024-01-24 04:33:03,17.67,4.8
2024-01-24 04:35:30,8.18,4.63
2024-01-24 04:37:56,14.4,5.82
2024-01-24 04:40:22,12.0,3.92
2024-01-24 04:42:48,6.75,3.03
2024-01-24 04:45:14,5.05,1.4
2024-01-24 04:47:44,3.72,1.67
2024-01-24 04:50:11,3.4,1.1
2024-01-24 04:52:37,2.8,1.17
2024-01-24 04:55:03,4.05,1.67
2024-01-24 04:57:29,2.45,1.25
2024-01-24 04:59:55,4.72,1.48
2024-01-24 05:02:22,5.22,1.58
2024-01-24 05:04:48,2.2,1.3
2024-01-24 05:07:14,3.4,1.75
2024-01-24 05:09:40,3.22,1.38
2024-01-24 05:12:06,5.63,1.7
2024-01-24 05:14:32,4.03,1.88
2024-01-24 05:16:59,5.97,1.98
2024-01-24 05:19:25,5.65,2.28
2024-01-24 05:21:51,4.68,2.0
2024-01-24 05:24:17,3.85,1.8
2024-01-24 05:26:43,5.85,1.5
2024-01-24 05:29:11,3.0,1.77
2024-01-24 05:31:37,8.45,2.2
2024-01-24 05:34:03,4.25,1.9
2024-01-24 05:36:29,3.78,1.75
2024-01-24 05:38:55,11.45,2.88
2024-01-24 05:41:22,4.82,2.38
2024-01-24 05:43:48,5.72,2.3
2024-01-24 05:46:14,4.9,1.73
2024-01-24 05:48:40,6.68,2.05
2024-01-24 05:51:06,5.15,1.5
2024-01-24 05:53:33,5.88,1.9
2024-01-24 05:55:59,7.68,2.03
2024-01-24 05:58:25,11.2,2.83
2024-01-24 06:00:51,13.55,4.57
2024-01-24 06:03:19,5.38,2.42
2024-01-24 06:05:45,7.03,3.47
2024-01-24 06:08:11,7.82,3.08
2024-01-24 06:10:37,6.82,2.95
2024-01-24 06:13:03,5.95,2.47
2024-01-24 06:15:29,7.55,2.38
2024-01-24 06:17:55,6.03,2.28
2024-01-24 06:20:22,9.73,3.85
2024-01-24 06:22:48,5.93,2.7
2024-01-24 06:25:14,8.05,2.4
2024-01-24 06:27:40,6.47,2.72
2024-01-24 06:30:10,10.0,2.92
2024-01-24 06:32:36,9.93,3.3
2024-01-24 06:35:02,12.02,3.97
2024-01-24 06:37:28,6.63,2.63
2024-01-24 06:39:55,9.18,3.1
2024-01-24 06:42:21,7.5,2.97
2024-01-24 06:44:47,11.7,3.1
2024-01-24 06:47:13,8.9,2.3
2024-01-24 06:49:39,7.47,2.7
2024-01-24 06:52:06,6.7,2.63
2024-01-24 06:54:32,8.32,2.67
2024-01-24 06:57:02,4.22,1.75
2024-01-24 06:59:29,5.38,2.22
2024-01-24 07:01:55,6.75,2.15
2024-01-24 07:04:21,7.63,2.17
2024-01-24 07:06:47,7.35,2.38
2024-01-24 07:09:13,6.75,2.65
2024-01-24 07:11:40,8.9,2.83
2024-01-24 07:14:07,9.52,2.3
2024-01-24 07:16:33,5.4,2.3
2024-01-24 07:18:59,7.7,2.83
2024-01-24 07:21:25,5.9,2.7
2024-01-24 07:23:51,6.43,2.88
2024-01-24 07:26:17,8.73,3.0
2024-01-24 07:28:43,7.97,2.97
2024-01-24 07:31:09,11.15,3.6
2024-01-24 07:33:35,10.82,3.28
2024-01-24 07:36:03,8.95,3.3
2024-01-24 07:38:30,10.7,3.67
2024-01-24 07:40:56,9.57,3.65
2024-01-24 07:43:23,10.7,4.5
2024-01-24 07:45:49,28.08,13.23
2024-01-24 07:48:15,11.93,4.3
2024-01-24 07:50:42,14.5,4.45
2024-01-24 07:53:11,10.3,4.68
2024-01-24 07:55:37,8.48,4.03
2024-01-24 07:58:03,9.73,3.8
2024-01-24 08:00:30,7.4,3.08
2024-01-24 08:02:56,11.23,3.47
2024-01-24 08:05:23,8.6,2.7
2024-01-24 08:07:50,5.97,2.7
2024-01-24 08:10:16,7.63,2.67
2024-01-24 08:12:42,5.3,2.45
2024-01-24 08:15:08,11.0,3.3
2024-01-24 08:17:35,5.2,2.85
2024-01-24 08:20:04,4.7,2.17
2024-01-24 08:22:33,5.05,1.92
2024-01-24 08:25:00,4.0,1.85
2024-01-24 08:27:26,6.65,2.53
2024-01-24 08:29:53,3.47,1.85
2024-01-24 08:32:19,5.25,1.17
2024-01-24 08:34:45,4.3,1.7
2024-01-24 08:37:11,6.45,2.0
2024-01-24 08:39:38,13.95,2.08
2024-01-24 08:42:05,4.18,2.0
2024-01-24 08:44:31,5.68,1.5
2024-01-24 08:46:57,3.63,1.4
2024-01-24 08:49:23,7.93,1.75
2024-01-24 08:51:50,4.63,1.4
2024-01-24 08:54:16,3.42,1.35
2024-01-24 08:56:42,4.68,1.17
2024-01-24 08:59:08,6.18,1.5
2024-01-24 09:01:34,8.5,1.08
2024-01-24 09:04:00,4.78,1.4
2024-01-24 09:06:26,7.53,1.2
2024-01-24 09:08:52,3.35,1.45
2024-01-24 09:11:19,4.45,1.6
2024-01-24 09:13:45,6.0,1.48
2024-01-24 09:16:12,8.0,1.77
2024-01-24 09:18:39,5.75,2.08
2024-01-24 09:21:05,6.07,1.33
2024-01-24 09:23:31,5.8,1.6
2024-01-24 09:25:57,3.35,1.3
2024-01-24 09:28:23,3.92,1.0
2024-01-24 09:30:49,5.55,1.27
2024-01-24 09:33:16,4.95,1.4
2024-01-24 09:35:42,8.7,2.17
2024-01-24 09:38:10,5.9,1.85
2024-01-24 09:40:37,6.43,2.33
2024-01-24 09:43:03,5.35,2.0
2024-01-24 09:45:30,4.6,1.23
2024-01-24 09:47:57,2.72,1.05
2024-01-24 09:50:23,5.6,1.7
2024-01-24 09:52:50,4.55,1.5
2024-01-24 09:55:17,5.38,1.3
2024-01-24 09:57:44,5.0,1.27
2024-01-24 10:00:10,7.22,1.58
2024-01-24 10:02:39,5.85,1.33
2024-01-24 10:05:06,2.38,1.25
2024-01-24 10:07:36,5.9,1.23
2024-01-24 10:10:06,5.57,1.75
2024-01-24 10:12:34,4.47,1.23
2024-01-24 10:15:00,3.63,1.17
2024-01-24 10:17:26,6.4,1.35
2024-01-24 10:19:52,3.0,1.17
2024-01-24 10:22:19,4.03,1.4
2024-01-24 10:24:47,2.2,0.9
2024-01-24 10:27:14,5.03,1.5
2024-01-24 10:29:42,7.0,1.65
2024-01-24 10:32:09,5.97,1.75
2024-01-24 10:34:38,6.75,1.9
2024-01-24 10:37:07,5.07,1.6
2024-01-24 10:39:34,6.38,1.42
2024-01-24 10:42:04,9.52,1.25
2024-01-24 10:44:32,3.4,1.05
2024-01-24 10:46:59,4.45,1.33
2024-01-24 10:49:26,5.8,1.33
2024-01-24 10:51:52,4.95,1.7
2024-01-24 10:54:21,7.93,2.17
2024-01-24 10:56:47,7.05,1.9
2024-01-24 10:59:18,7.6,2.78
2024-01-24 11:01:44,6.95,1.6
2024-01-24 11:04:10,6.3,1.98
2024-01-24 11:06:41,7.18,1.5
2024-01-24 11:09:13,6.13,1.65
2024-01-24 11:11:48,5.82,1.1
2024-01-24 11:14:31,4.07,1.2
2024-01-24 11:16:58,2.7,1.2
2024-01-24 11:19:24,3.6,1.4
2024-01-24 11:21:56,5.05,1.4
2024-01-24 11:27:23,9.95,1.38
2024-01-24 11:29:51,7.13,1.77
2024-01-24 11:37:47,6.82,1.8
2024-01-24 11:40:13,6.78,1.73
2024-01-24 11:42:41,8.25,1.92
2024-01-24 11:45:12,6.68,1.77
2024-01-24 11:47:39,9.73,1.67
2024-01-24 11:50:06,3.8,1.1
2024-01-24 11:52:32,4.43,1.48
2024-01-24 11:54:58,4.7,1.33
2024-01-24 11:57:24,5.05,1.75
2024-01-24 11:59:52,9.6,1.73
2024-01-24 12:02:19,5.7,1.45
2024-01-24 12:04:48,10.15,1.98
2024-01-24 12:07:14,4.15,1.1
2024-01-24 12:09:40,3.72,1.35
2024-01-24 12:12:10,6.7,1.48
2024-01-24 12:14:37,10.52,1.8
2024-01-24 12:17:04,8.68,1.3
2024-01-24 12:19:30,6.13,1.33
2024-01-24 12:21:56,8.02,2.22
2024-01-24 12:24:28,8.52,1.92
2024-01-24 12:26:55,6.68,1.77
2024-01-24 12:29:21,7.75,1.7
2024-01-24 12:31:47,8.32,1.77
2024-01-24 12:34:14,15.35,2.58
2024-01-24 12:36:43,9.65,2.05
2024-01-24 12:39:09,5.5,1.8
2024-01-24 12:41:36,6.63,2.0
2024-01-24 12:44:04,6.43,1.4
2024-01-24 12:46:31,3.97,1.85
2024-01-24 12:48:57,4.97,1.7
2024-01-24 12:51:23,7.25,1.9
2024-01-24 12:53:50,5.43,1.8
2024-01-24 12:56:16,7.28,1.5
2024-01-24 12:58:44,10.85,1.67
2024-01-24 13:01:10,6.57,2.6
2024-01-24 13:03:36,6.5,1.6
2024-01-24 13:06:02,5.72,1.98
2024-01-24 13:08:29,9.32,1.95
2024-01-24 13:10:56,10.05,2.25
2024-01-24 13:13:22,4.55,1.95
2024-01-24 13:15:48,5.9,2.17
2024-01-24 13:18:18,6.8,2.78
2024-01-24 13:20:44,6.75,2.2
2024-01-24 13:23:10,8.73,2.67
2024-01-24 13:25:36,7.57,2.8
2024-01-24 13:28:02,19.13,4.13
2024-01-24 13:30:28,10.6,3.65
2024-01-24 13:32:54,6.4,2.6
2024-01-24 13:35:20,6.03,2.47
2024-01-24 13:37:46,9.98,2.72
2024-01-24 13:40:12,10.6,2.75
2024-01-24 13:42:38,5.85,2.5
2024-01-24 13:45:05,5.95,2.6
2024-01-24 13:47:31,7.1,2.35
2024-01-24 13:49:57,11.6,2.8
2024-01-24 13:52:23,7.45,2.4
2024-01-24 13:54:49,9.8,2.55
2024-01-24 13:57:15,9.25,2.45
2024-01-24 13:59:41,7.47,2.35
2024-01-24 14:02:07,11.73,3.47
2024-01-24 14:04:35,8.77,2.72
2024-01-24 14:07:01,6.93,2.22
2024-01-24 14:09:27,8.88,2.3
2024-01-24 14:11:53,7.53,3.7
2024-01-24 14:14:20,12.7,2.83
2024-01-24 14:16:46,17.7,4.75
2024-01-24 14:19:12,6.25,2.2
2024-01-24 14:21:38,5.05,2.08
2024-01-24 14:24:05,6.93,2.08
2024-01-24 14:26:32,11.77,2.75
2024-01-24 14:28:58,5.97,2.55
2024-01-24 14:31:24,9.52,3.13
2024-01-24 14:33:50,7.03,2.75
2024-01-24 14:36:16,10.32,3.22
2024-01-24 14:38:43,6.35,2.55
2024-01-24 14:41:09,8.13,2.33
2024-01-24 14:43:35,6.88,1.9
2024-01-24 14:46:01,11.38,2.78
2024-01-24 14:48:28,11.77,2.6
2024-01-24 14:50:56,5.65,2.8
2024-01-24 14:53:22,6.53,1.9
2024-01-24 14:55:48,8.2,2.15
2024-01-24 14:58:14,11.85,3.17
2024-01-24 15:00:40,9.9,2.95
2024-01-24 15:03:06,7.22,2.17
2024-01-24 15:05:32,6.57,2.6
2024-01-24 15:07:58,7.05,3.03
2024-01-24 15:10:25,10.0,3.2
2024-01-24 15:12:51,7.45,2.7
2024-01-24 15:15:18,5.95,2.05
2024-01-24 15:17:44,6.65,2.67
2024-01-24 15:20:10,12.1,3.1
2024-01-24 15:22:36,9.48,3.03
2024-01-24 15:25:02,12.27,2.63
2024-01-24 15:27:28,10.98,2.83
2024-01-24 15:29:55,8.8,2.0
2024-01-24 15:32:21,5.85,2.65
2024-01-24 15:34:47,9.13,3.6
2024-01-24 15:37:14,11.8,3.9
2024-01-24 15:39:40,15.75,4.03
2024-01-24 15:42:08,9.6,3.17
2024-01-24 15:44:36,7.0,2.67
2024-01-24 15:47:02,6.1,2.4
2024-01-24 15:49:29,11.0,4.57
2024-01-24 15:51:55,8.95,3.65
2024-01-24 15:54:22,17.52,5.53
2024-01-24 15:56:48,13.9,5.43
2024-01-24 15:59:14,10.15,4.75
2024-01-24 16:01:49,18.13,4.72
2024-01-24 16:04:16,9.9,4.07
2024-01-24 16:06:45,10.6,3.72
2024-01-24 16:09:12,10.93,4.2
2024-01-24 16:11:38,20.33,6.43
2024-01-24 16:14:04,16.17,4.9
2024-01-24 16:16:31,7.55,4.25
2024-01-24 16:18:57,9.85,3.6
2024-01-24 16:21:23,6.97,2.8
2024-01-24 16:23:49,12.43,2.8
2024-01-24 16:26:15,8.13,3.67
2024-01-24 16:28:41,8.4,3.33
2024-01-24 16:31:08,9.13,3.8
2024-01-24 16:33:34,10.85,3.88
2024-01-24 16:36:01,8.18,3.55
2024-01-24 16:38:28,11.43,3.25
2024-01-24 16:40:54,9.13,2.72
2024-01-24 16:43:21,8.18,3.08
2024-01-24 16:45:47,13.38,3.17
2024-01-24 16:48:15,11.43,3.6
2024-01-24 16:50:42,9.1,3.88
2024-01-24 16:53:08,17.63,5.3
2024-01-24 16:55:34,15.13,5.57
2024-01-24 16:58:00,14.2,5.28
2024-01-24 17:00:27,18.17,7.55
2024-01-24 17:02:53,18.55,6.13
2024-01-24 17:05:19,15.32,4.6
2024-01-24 17:07:45,19.42,7.45
2024-01-24 17:10:11,15.55,6.5
2024-01-24 17:12:39,11.75,5.68
2024-01-24 17:15:05,12.63,4.88
2024-01-24 17:17:31,8.48,3.78
2024-01-24 17:19:57,11.2,3.13
2024-01-24 17:22:24,8.1,2.67
2024-01-24 17:24:51,9.3,3.53
2024-01-24 17:27:17,8.57,4.45
2024-01-24 17:29:43,11.1,5.03
2024-01-24 17:32:10,22.05,6.65
2024-01-24 17:34:36,18.48,7.85
2024-01-24 17:37:02,20.25,9.0
2024-01-24 17:39:28,22.27,8.48
2024-01-24 17:41:55,21.5,8.75
2024-01-24 17:44:21,20.0,9.63
2024-01-24 17:46:47,28.85,11.1
2024-01-24 17:49:13,16.5,7.47
2024-01-24 17:51:40,17.02,6.68
2024-01-24 17:54:06,19.92,6.47
2024-01-24 17:56:32,17.88,7.22
2024-01-24 17:58:59,19.33,6.85
2024-01-24 18:01:25,27.9,10.38
2024-01-24 18:03:51,21.65,9.35
2024-01-24 18:06:17,25.9,9.2
2024-01-24 18:08:43,20.55,8.8
2024-01-24 18:11:10,19.85,8.95
2024-01-24 18:13:36,19.52,8.13
2024-01-24 18:16:02,16.02,8.18
2024-01-24 18:18:28,15.75,6.88
2024-01-24 18:20:54,16.52,7.53
2024-01-24 18:23:21,19.45,7.7
2024-01-24 18:25:47,16.98,8.05
2024-01-24 18:28:13,16.23,6.6
2024-01-24 18:30:40,16.85,6.88
2024-01-24 18:33:06,14.95,6.88
2024-01-24 18:35:32,22.77,8.43
2024-01-24 18:37:59,40.92,16.38
2024-01-24 18:40:25,31.92,13.52
2024-01-24 18:42:51,44.8,17.77
2024-01-24 18:45:17,29.75,10.85
2024-01-24 18:47:43,19.35,8.35
2024-01-24 18:50:09,20.65,9.2
2024-01-24 18:52:36,26.63,11.52
2024-01-24 18:55:02,38.6,11.57
2024-01-24 18:57:29,27.0,12.38
2024-01-24 18:59:55,41.67,16.52
2024-01-24 19:02:22,47.65,18.92
2024-01-24 19:04:48,34.15,14.25
2024-01-24 19:07:14,37.88,16.38
2024-01-24 19:09:40,55.15,19.63
2024-01-24 19:12:07,58.47,23.63
2024-01-24 19:14:33,57.1,23.15
2024-01-24 19:16:59,70.3,24.67
2024-01-24 19:19:25,53.03,22.05
2024-01-24 19:21:52,57.17,22.92
2024-01-24 19:24:19,55.42,21.13
2024-01-24 19:26:45,53.25,19.75
2024-01-24 19:29:11,55.0,18.75
2024-01-24 19:31:40,42.3,16.15
2024-01-24 19:34:07,38.2,15.73
2024-01-24 19:36:33,50.83,17.17
2024-01-24 19:38:59,47.45,18.95
2024-01-24 19:41:25,40.4,17.75
2024-01-24 19:43:54,28.2,13.35
2024-01-24 19:46:20,36.7,13.27
2024-01-24 19:48:46,37.5,13.73
2024-01-24 19:51:12,27.7,14.63
2024-01-24 19:53:38,26.45,12.32
2024-01-24 19:56:05,26.95,13.75
2024-01-24 19:58:31,30.65,13.5
2024-01-24 20:00:59,36.4,15.95
2024-01-24 20:03:29,37.28,16.48
2024-01-24 20:05:56,34.88,16.05
2024-01-24 20:08:22,38.92,16.98
2024-01-24 20:10:48,42.47,18.48
2024-01-24 20:13:14,48.08,17.38
2024-01-24 20:15:41,38.0,14.55
2024-01-24 20:18:07,44.67,19.98
2024-01-24 20:20:33,39.67,17.5
2024-01-24 20:22:59,36.28,15.23
2024-01-24 20:25:25,38.97,14.9
2024-01-24 20:27:52,35.28,16.3
2024-01-24 20:30:19,35.22,16.6
2024-01-24 20:32:45,34.08,15.0
2024-01-24 20:35:11,34.8,14.05
2024-01-24 20:37:38,37.13,15.18
2024-01-24 20:40:04,38.92,17.3
2024-01-24 20:42:30,42.45,17.95
2024-01-24 20:44:56,36.97,17.02
2024-01-24 20:47:23,39.3,17.0
2024-01-24 20:49:50,42.03,17.55
2024-01-24 20:52:17,43.13,17.73
2024-01-24 20:54:43,48.8,19.38
2024-01-24 20:57:09,38.13,17.52
2024-01-24 20:59:35,40.3,18.25
2024-01-24 21:02:01,44.97,19.92
2024-01-24 21:04:28,49.03,19.38
2024-01-24 21:06:54,37.25,17.58
2024-01-24 21:09:20,34.85,15.7
2024-01-24 21:11:46,37.8,16.7
2024-01-24 21:14:12,36.55,15.88
2024-01-24 21:16:38,34.25,15.4
2024-01-24 21:19:04,43.65,19.27
2024-01-24 21:21:30,57.22,20.33
2024-01-24 21:23:56,39.67,18.8
2024-01-24 21:26:22,37.22,17.85
2024-01-24 21:28:48,53.45,22.73
2024-01-24 21:31:15,41.6,18.33
2024-01-24 21:33:41,45.5,19.45
2024-01-24 21:36:07,49.1,23.3
2024-01-24 21:38:33,62.92,23.33
2024-01-24 21:40:59,58.33,23.27
2024-01-24 21:43:25,52.25,25.77
2024-01-24 21:45:51,61.25,26.9
2024-01-24 21:48:17,64.05,26.88
2024-01-24 21:50:43,48.78,20.75
2024-01-24 21:53:09,49.0,22.6
2024-01-24 21:55:35,47.4,21.6
2024-01-24 21:58:01,50.97,23.48
2024-01-24 22:00:28,42.83,20.83
2024-01-24 22:02:54,45.05,20.4
2024-01-24 22:05:20,42.42,19.48
2024-01-24 22:07:47,42.9,19.2
2024-01-24 22:10:14,39.2,19.85
2024-01-24 22:12:40,44.35,19.73
2024-01-24 22:15:07,42.75,21.65
2024-01-24 22:17:33,52.2,22.42
2024-01-24 22:19:59,49.83,21.1
2024-01-24 22:22:25,50.42,21.6
2024-01-24 22:24:51,48.5,18.0
2024-01-24 22:27:17,49.63,21.33
2024-01-24 22:29:44,41.95,18.98
2024-01-24 22:32:10,42.58,19.08
2024-01-24 22:34:36,40.2,18.63
2024-01-24 22:37:02,39.92,17.77
2024-01-24 22:39:28,40.35,16.52
2024-01-24 22:41:54,36.9,14.93
2024-01-24 22:44:20,34.58,15.57
2024-01-24 22:46:46,36.22,18.4
2024-01-24 22:49:13,34.3,17.23
2024-01-24 22:51:39,45.08,19.2
2024-01-24 22:54:05,46.83,19.23
2024-01-24 22:56:32,47.42,21.2
2024-01-24 22:58:58,46.38,20.4
2024-01-24 23:01:24,46.35,18.42
2024-01-24 23:03:52,39.65,17.95
2024-01-24 23:06:18,39.0,17.9
2024-01-24 23:08:44,40.63,18.4
2024-01-24 23:11:10,39.3,18.77
2024-01-24 23:13:37,45.83,20.7
2024-01-24 23:16:03,65.75,29.63
2024-01-24 23:18:29,75.5,30.13
2024-01-24 23:20:55,59.58,27.23
2024-01-24 23:23:21,56.92,26.63
2024-01-24 23:25:47,73.55,25.75
2024-01-24 23:28:16,55.47,26.8
2024-01-24 23:30:42,60.88,24.75
2024-01-24 23:33:09,56.92,24.9
2024-01-24 23:35:36,56.17,26.48
2024-01-24 23:38:02,60.08,24.63
2024-01-24 23:40:28,48.7,23.05
2024-01-24 23:42:54,56.88,25.67
2024-01-24 23:45:20,52.45,24.73
2024-01-24 23:47:48,56.45,24.95
2024-01-24 23:50:14,56.2,25.2
2024-01-24 23:52:40,48.65,19.67
2024-01-24 23:55:06,42.55,19.38
2024-01-24 23:57:32,34.78,16.15
2024-01-24 23:59:58,40.72,16.88
2024-01-25 00:02:24,42.5,16.5
2024-01-25 00:04:50,37.75,16.58
2024-01-25 00:07:16,34.8,15.57
2024-01-25 00:09:43,42.0,16.9
2024-01-25 00:12:09,35.28,16.38
2024-01-25 00:14:35,30.25,14.65
2024-01-25 00:17:01,28.4,14.88
2024-01-25 00:19:27,33.1,15.52
2024-01-25 00:21:53,34.0,16.23
2024-01-25 00:24:19,40.53,15.9
2024-01-25 00:26:45,37.97,15.65
2024-01-25 00:29:11,44.97,15.77
2024-01-25 00:31:37,33.28,16.08
2024-01-25 00:34:03,36.38,15.8
2024-01-25 00:36:30,32.3,15.77
2024-01-25 00:38:56,41.17,15.15
2024-01-25 00:41:22,30.52,15.5
2024-01-25 00:43:48,36.92,16.5
2024-01-25 00:46:15,37.65,17.3
2024-01-25 00:48:41,40.78,18.83
2024-01-25 00:51:08,40.83,18.23
2024-01-25 00:53:35,43.4,16.58
2024-01-25 00:56:01,36.5,17.55
2024-01-25 00:58:27,43.53,18.02
2024-01-25 01:00:53,36.97,16.17
2024-01-25 01:03:19,36.05,17.95
2024-01-25 01:05:45,47.5,20.7
2024-01-25 01:08:12,47.08,21.8
2024-01-25 01:10:38,47.9,20.75
2024-01-25 01:13:04,52.28,23.25
2024-01-25 01:15:30,51.2,22.48
2024-01-25 01:17:56,54.28,23.25
2024-01-25 01:20:23,48.08,24.08
2024-01-25 01:22:49,60.35,24.2
2024-01-25 01:25:16,53.0,23.58
2024-01-25 01:27:42,51.08,26.23
2024-01-25 01:30:08,56.7,24.23
2024-01-25 01:32:34,50.5,20.4
2024-01-25 01:35:00,45.47,19.15
2024-01-25 01:37:26,38.42,17.4
2024-01-25 01:39:52,35.22,16.38
2024-01-25 01:42:20,41.3,17.83
2024-01-25 01:44:48,36.2,18.52
2024-01-25 01:47:14,39.53,17.8
2024-01-25 01:49:40,44.33,17.3
2024-01-25 01:52:07,40.0,18.15
2024-01-25 01:54:33,29.73,15.48
2024-01-25 01:56:59,33.08,16.1
2024-01-25 01:59:25,34.4,14.68
2024-01-25 02:01:53,34.08,16.13
2024-01-25 02:04:19,35.05,14.77
2024-01-25 02:06:45,35.15,15.93
2024-01-25 02:09:12,31.17,14.38
2024-01-25 02:11:38,32.95,14.43
2024-01-25 02:14:04,43.6,16.63
2024-01-25 02:16:31,31.35,14.43
2024-01-25 02:18:58,34.2,14.93
2024-01-25 02:21:24,33.92,16.0
2024-01-25 02:23:50,31.02,14.57
2024-01-25 02:26:16,35.2,16.52
2024-01-25 02:28:42,33.65,15.3
2024-01-25 02:31:08,34.25,15.43
2024-01-25 02:33:34,31.45,15.0
2024-01-25 02:36:00,39.72,16.2
2024-01-25 02:38:26,36.28,16.15
2024-01-25 02:40:53,26.48,14.02
2024-01-25 02:43:19,31.33,13.48
2024-01-25 02:45:45,24.0,12.27
2024-01-25 02:48:13,28.8,13.38
2024-01-25 02:50:39,22.95,11.68
2024-01-25 02:53:05,25.98,10.57
2024-01-25 02:55:31,20.3,10.63
2024-01-25 02:57:57,20.35,9.8
2024-01-25 03:00:23,22.58,9.75
2024-01-25 03:02:50,16.17,8.18
2024-01-25 03:05:16,22.0,9.15
2024-01-25 03:07:42,20.23,10.15
2024-01-25 03:10:08,25.58,13.6
2024-01-25 03:12:34,26.77,12.35
2024-01-25 03:15:00,28.45,12.5
2024-01-25 03:17:26,30.0,13.5
2024-01-25 03:19:52,27.25,11.32
2024-01-25 03:22:18,21.17,10.65
2024-01-25 03:24:44,24.63,10.23
2024-01-25 03:27:11,19.88,9.05
2024-01-25 03:29:40,19.27,9.0
2024-01-25 03:32:07,16.7,8.98
2024-01-25 03:34:33,15.52,8.07
2024-01-25 03:36:59,12.07,7.55
2024-01-25 03:39:25,16.6,7.13
2024-01-25 03:41:51,14.48,7.9
2024-01-25 03:44:17,14.5,7.63
2024-01-25 03:46:43,10.73,6.1
2024-01-25 03:49:09,11.35,6.05
2024-01-25 03:51:35,11.23,6.05
2024-01-25 03:54:02,13.75,6.2
2024-01-25 03:56:28,14.52,7.1
2024-01-25 03:58:54,15.13,7.0
2024-01-25 04:01:20,17.1,8.45
2024-01-25 04:03:46,19.75,8.73
2024-01-25 04:06:13,18.23,8.55
2024-01-25 04:08:39,17.6,7.63
2024-01-25 04:11:05,16.9,7.85
2024-01-25 04:13:31,14.15,6.57
2024-01-25 04:15:57,17.35,8.85
2024-01-25 04:18:23,13.75,7.72
2024-01-25 04:20:49,22.17,8.88
2024-01-25 04:23:15,19.58,8.13
2024-01-25 04:25:41,18.5,7.6
2024-01-25 04:28:07,15.35,7.75
2024-01-25 04:30:34,21.85,9.0
2024-01-25 04:33:00,17.42,9.35
2024-01-25 04:35:26,23.38,9.45
2024-01-25 04:37:52,24.75,9.38
2024-01-25 04:40:18,13.73,7.85
2024-01-25 04:42:44,13.43,7.47
2024-01-25 04:45:10,12.5,6.78
2024-01-25 04:47:39,26.02,8.1
2024-01-25 04:50:05,20.77,8.25
2024-01-25 04:52:32,17.25,7.35
2024-01-25 04:54:58,19.2,8.05
2024-01-25 04:57:24,19.5,7.38
2024-01-25 04:59:50,18.17,8.43
2024-01-25 05:02:16,18.33,9.07
2024-01-25 05:04:42,20.2,8.18
2024-01-25 05:07:08,16.7,8.2
2024-01-25 05:09:34,17.0,8.07
2024-01-25 05:12:00,17.88,9.35
2024-01-25 05:14:27,17.38,7.4
2024-01-25 05:16:53,15.55,7.53
2024-01-25 05:19:19,17.5,7.3
2024-01-25 05:21:45,13.02,6.2
2024-01-25 05:24:11,16.08,6.47
2024-01-25 05:26:37,16.33,6.9
2024-01-25 05:29:04,15.68,7.47
2024-01-25 05:31:30,18.7,8.25
2024-01-25 05:33:56,12.9,7.47
2024-01-25 05:36:22,13.75,6.22
2024-01-25 05:38:48,13.68,6.5
2024-01-25 05:41:14,14.27,6.3
2024-01-25 05:43:40,8.88,5.1
2024-01-25 05:46:06,12.68,6.15
2024-01-25 05:48:34,6.72,3.6
2024-01-25 05:51:00,9.88,4.0
2024-01-25 05:53:26,21.23,5.1
2024-01-25 05:55:52,23.5,10.13
2024-01-25 05:58:19,29.02,9.98
2024-01-25 06:00:45,24.33,9.23
2024-01-25 06:03:11,22.13,11.07
2024-01-25 06:05:37,28.83,11.65
2024-01-25 06:08:03,20.17,8.57
2024-01-25 06:10:29,19.33,7.5
2024-01-25 06:12:55,8.75,4.65
2024-01-25 06:15:21,10.65,4.78
2024-01-25 06:17:47,8.15,3.67
2024-01-25 06:20:13,9.5,3.22
2024-01-25 06:22:39,9.9,4.68
2024-01-25 06:25:05,12.35,3.7
2024-01-25 06:27:32,9.13,4.07
2024-01-25 06:29:58,29.08,12.68
2024-01-25 06:32:24,36.15,13.2
2024-01-25 06:34:50,30.55,12.43
2024-01-25 06:37:16,14.38,6.32
2024-01-25 06:39:43,19.2,7.5
2024-01-25 06:42:10,16.58,6.07
2024-01-25 06:44:36,13.2,6.18
2024-01-25 06:47:02,11.27,4.57
2024-01-25 06:49:28,8.75,4.63
2024-01-25 06:51:54,11.07,5.8
2024-01-25 06:54:20,15.75,7.07
2024-01-25 06:56:47,13.23,6.6
2024-01-25 06:59:14,13.98,6.95
2024-01-25 07:01:40,15.1,7.38
2024-01-25 07:04:06,15.7,7.63
2024-01-25 07:06:32,31.67,13.2
2024-01-25 07:08:58,38.1,17.73
2024-01-25 07:11:24,49.83,19.95
2024-01-25 07:13:51,41.9,19.85
2024-01-25 07:16:17,38.15,17.67
2024-01-25 07:18:44,42.5,19.9
2024-01-25 07:21:10,46.88,20.92
2024-01-25 07:23:36,53.78,19.88
2024-01-25 07:26:02,51.55,21.42
2024-01-25 07:28:28,38.72,19.13
2024-01-25 07:30:54,39.3,19.73
2024-01-25 07:33:20,54.33,20.0
2024-01-25 07:35:46,44.33,21.23
2024-01-25 07:38:13,47.95,21.02
2024-01-25 07:40:39,52.2,23.23
2024-01-25 07:43:06,61.8,23.2
2024-01-25 07:45:32,49.05,23.08
2024-01-25 07:47:58,51.97,21.63
2024-01-25 07:50:24,50.3,23.17
2024-01-25 07:52:50,47.63,22.8
2024-01-25 07:55:17,50.05,21.85
2024-01-25 07:57:43,50.4,22.33
2024-01-25 08:00:09,45.53,20.6
2024-01-25 08:02:35,52.0,21.8
2024-01-25 08:05:04,43.42,20.17
2024-01-25 08:07:31,43.13,21.05
2024-01-25 08:09:58,46.92,21.15
2024-01-25 08:12:24,63.8,22.02
2024-01-25 08:14:50,44.67,19.98
2024-01-25 08:17:17,43.35,18.52
2024-01-25 08:19:43,38.55,19.63
2024-01-25 08:22:09,50.17,21.3
2024-01-25 08:24:35,47.8,20.42
2024-01-25 08:27:01,48.97,20.83
2024-01-25 08:29:28,42.03,20.15
2024-01-25 08:31:54,42.4,20.98
2024-01-25 08:34:20,47.08,20.38
2024-01-25 08:36:48,51.9,19.77
2024-01-25 08:39:15,43.75,20.55
2024-01-25 08:41:41,45.6,19.1
2024-01-25 08:44:07,44.05,21.1
2024-01-25 08:46:34,58.08,23.35
2024-01-25 08:49:00,57.2,24.0
2024-01-25 08:51:26,61.05,26.33
2024-01-25 08:53:52,64.38,27.65
2024-01-25 08:56:19,68.88,29.02
2024-01-25 08:58:45,69.85,29.15
2024-01-25 09:01:12,88.97,30.95
2024-01-25 09:03:38,58.78,24.7
2024-01-25 09:06:04,56.8,26.08
2024-01-25 09:08:31,61.72,26.4
2024-01-25 09:10:57,64.63,25.58
2024-01-25 09:13:24,52.35,24.58
2024-01-25 09:15:50,54.47,23.67
2024-01-25 09:18:16,49.9,22.55
2024-01-25 09:20:42,56.03,22.55
2024-01-25 09:23:13,47.78,22.85
2024-01-25 09:25:40,45.65,22.17
2024-01-25 09:28:06,45.83,21.42
2024-01-25 09:30:33,55.45,22.75
2024-01-25 09:32:59,52.38,23.92
2024-01-25 09:35:25,48.67,22.08
2024-01-25 09:37:51,58.75,25.05
2024-01-25 09:40:18,52.05,24.0
2024-01-25 09:42:47,50.4,22.63
2024-01-25 09:45:17,54.2,23.25
2024-01-25 09:47:46,48.7,22.35
2024-01-25 09:50:13,49.92,22.98
2024-01-25 09:52:39,45.1,22.33
2024-01-25 09:55:08,58.38,23.02
2024-01-25 09:57:39,49.95,22.75
2024-01-25 10:00:07,55.72,25.02
2024-01-25 10:02:37,57.05,26.2
2024-01-25 10:05:03,67.65,26.13
2024-01-25 10:07:38,58.38,25.02
2024-01-25 10:10:05,44.38,22.45
2024-01-25 10:12:31,54.88,24.52
2024-01-25 10:14:58,52.78,24.0
2024-01-25 10:17:24,50.05,24.65
2024-01-25 10:19:51,55.22,24.15
2024-01-25 10:22:17,66.55,25.42
2024-01-25 10:24:43,55.47,23.08
2024-01-25 10:27:10,63.47,22.55
2024-01-25 10:29:37,54.6,23.98
2024-01-25 10:32:03,49.33,22.6
2024-01-25 10:34:30,55.3,24.02
2024-01-25 10:36:56,53.13,23.42
2024-01-25 10:39:23,57.53,23.23
2024-01-25 10:41:50,50.58,23.98
2024-01-25 10:44:17,65.85,25.88
2024-01-25 10:46:46,55.9,27.23
2024-01-25 10:49:13,65.57,29.27
2024-01-25 10:51:39,69.6,28.98
2024-01-25 10:54:07,69.65,31.55
2024-01-25 10:56:36,72.45,29.98
2024-01-25 10:59:02,60.83,28.35
2024-01-25 11:01:29,58.45,27.67
2024-01-25 11:03:55,59.15,26.75
2024-01-25 11:06:21,69.55,29.92
2024-01-25 11:08:48,64.4,28.73
2024-01-25 11:11:14,68.82,29.65
2024-01-25 11:13:41,68.13,27.85
2024-01-25 11:16:12,66.9,27.42
2024-01-25 11:19:00,45.7,23.75
2024-01-25 11:24:21,41.83,17.75
2024-01-25 11:26:48,29.55,15.48
2024-01-25 11:29:18,38.9,16.9
2024-01-25 11:31:45,32.25,15.7
2024-01-25 11:34:12,36.58,15.3
2024-01-25 11:36:39,29.05,13.88
2024-01-25 11:39:06,31.5,13.95
2024-01-25 11:41:32,10.85,4.55
2024-01-25 11:43:58,8.43,4.35
2024-01-25 11:46:25,9.13,3.4
2024-01-25 11:48:51,7.45,3.2
2024-01-25 11:51:17,8.35,3.28
2024-01-25 11:53:43,6.35,3.13
2024-01-25 11:56:10,5.97,2.25
2024-01-25 11:58:37,5.6,2.35
2024-01-25 12:01:03,7.53,2.88
2024-01-25 12:03:32,11.6,2.58
2024-01-25 12:05:59,7.5,3.47
2024-01-25 12:08:25,8.05,2.8
2024-01-25 12:11:01,8.98,3.05
2024-01-25 12:13:31,8.07,3.28
2024-01-25 12:15:57,6.47,3.08
2024-01-25 12:18:23,7.5,2.78
2024-01-25 12:20:50,8.27,3.58
2024-01-25 12:23:16,6.25,3.0
2024-01-25 12:25:42,6.05,2.95
2024-01-25 12:28:09,7.28,3.28
2024-01-25 12:30:35,6.6,3.05
2024-01-25 12:33:01,6.65,2.6
2024-01-25 12:35:27,6.45,2.95
2024-01-25 12:37:53,10.02,2.75
2024-01-25 12:40:20,6.35,2.47
2024-01-25 12:42:46,5.8,2.78
2024-01-25 12:45:12,5.03,2.38
2024-01-25 12:47:38,6.2,2.63
2024-01-25 12:50:04,10.18,2.9
2024-01-25 12:52:30,8.55,3.0
2024-01-25 12:54:56,3.63,2.33
2024-01-25 12:57:22,4.5,2.3
2024-01-25 12:59:48,5.93,2.3
2024-01-25 13:02:15,4.78,2.17
2024-01-25 13:04:41,5.1,2.4
2024-01-25 13:07:07,4.57,2.42
2024-01-25 13:09:33,8.85,2.97
2024-01-25 13:12:01,3.85,1.9
2024-01-25 13:14:27,12.43,2.85
2024-01-25 13:16:54,5.7,2.5
2024-01-25 13:19:20,5.6,2.4
2024-01-25 13:21:46,9.05,2.35
2024-01-25 13:24:12,5.38,2.47
2024-01-25 13:26:39,10.0,3.85
2024-01-25 13:29:05,4.85,1.85
2024-01-25 13:31:31,9.52,2.4
2024-01-25 13:33:57,3.75,2.2
2024-01-25 13:36:24,6.22,1.77
2024-01-25 13:38:50,3.67,1.58
2024-01-25 13:41:18,6.1,2.6
2024-01-25 13:43:44,7.68,1.88
2024-01-25 13:46:10,3.35,1.67
2024-01-25 13:48:36,3.83,1.45
2024-01-25 13:51:02,5.32,2.03
2024-01-25 13:53:28,3.35,1.13
2024-01-25 13:55:54,3.8,1.58
2024-01-25 13:58:20,10.13,2.75
2024-01-25 14:00:46,4.63,1.4
2024-01-25 14:03:14,8.15,2.13
2024-01-25 14:05:40,4.18,2.6
2024-01-25 14:08:07,7.82,2.72
2024-01-25 14:10:33,6.05,1.9
2024-01-25 14:12:59,8.27,2.45
2024-01-25 14:15:26,5.45,2.5
2024-01-25 14:17:52,6.28,1.75
2024-01-25 14:20:18,5.07,1.95
2024-01-25 14:22:44,6.68,2.65
2024-01-25 14:25:10,5.3,1.58
2024-01-25 14:27:37,8.48,1.63
2024-01-25 14:30:03,10.35,2.92
2024-01-25 14:32:29,7.8,2.3
2024-01-25 14:34:55,8.85,2.83
2024-01-25 14:37:22,9.27,3.35
2024-01-25 14:39:48,4.65,2.2
2024-01-25 14:42:14,5.93,2.8
2024-01-25 14:44:42,8.23,2.6
2024-01-25 14:47:09,5.43,2.53
2024-01-25 14:49:35,5.4,2.6
2024-01-25 14:52:01,4.45,2.55
2024-01-25 14:54:28,9.4,3.35
2024-01-25 14:56:54,9.1,4.2
2024-01-25 14:59:20,7.4,3.4
2024-01-25 15:01:46,12.18,3.03
2024-01-25 15:04:13,6.55,3.13
2024-01-25 15:06:41,7.0,2.4
2024-01-25 15:09:08,7.22,2.63
2024-01-25 15:11:34,8.52,2.6
2024-01-25 15:14:00,8.63,2.22
2024-01-25 15:16:27,4.43,2.2
2024-01-25 15:18:55,6.53,2.28
2024-01-25 15:21:21,5.57,2.3
2024-01-25 15:23:47,8.63,1.92
2024-01-25 15:26:13,8.35,2.38
2024-01-25 15:28:39,9.1,3.33
2024-01-25 15:31:05,8.68,3.55
2024-01-25 15:33:32,10.18,4.32
2024-01-25 15:35:58,6.93,2.78
2024-01-25 15:38:24,5.05,1.92
2024-01-25 15:40:50,3.33,2.17
2024-01-25 15:43:16,3.33,1.6
2024-01-25 15:45:42,3.63,1.7
2024-01-25 15:48:08,4.68,2.05
2024-01-25 15:50:34,4.15,2.0
2024-01-25 15:53:03,5.75,2.0
2024-01-25 15:55:29,9.77,3.67
2024-01-25 15:57:55,26.23,11.63
2024-01-25 16:00:21,24.63,10.25
2024-01-25 16:02:47,20.38,8.2
2024-01-25 16:05:13,13.57,6.28
2024-01-25 16:07:39,22.85,8.07
2024-01-25 16:10:07,15.27,6.15
2024-01-25 16:12:35,8.3,4.25
2024-01-25 16:15:01,11.55,4.75
2024-01-25 16:17:27,23.85,8.15
2024-01-25 16:19:53,20.25,7.57
2024-01-25 16:22:20,20.17,8.07
2024-01-25 16:24:46,22.33,9.1
2024-01-25 16:27:12,18.75,8.73
2024-01-25 16:29:38,22.67,8.48
2024-01-25 16:32:04,21.05,8.93
2024-01-25 16:34:31,16.77,7.93
2024-01-25 16:36:57,23.17,9.85
2024-01-25 16:39:23,33.22,11.4
2024-01-25 16:41:49,27.73,10.27
2024-01-25 16:44:15,27.13,10.98
2024-01-25 16:46:41,23.58,10.1
2024-01-25 16:49:07,26.23,12.1
2024-01-25 16:51:33,27.9,10.6
2024-01-25 16:53:59,37.3,12.23
2024-01-25 16:56:25,28.45,13.23
2024-01-25 16:58:52,18.38,8.35
2024-01-25 17:01:18,29.45,9.65
2024-01-25 17:03:44,20.83,10.23
2024-01-25 17:06:10,23.77,9.63
2024-01-25 17:08:36,40.83,16.13
2024-01-25 17:11:02,31.1,12.07
2024-01-25 17:13:28,24.33,11.88
2024-01-25 17:15:54,30.98,13.88
2024-01-25 17:18:21,29.48,12.48
2024-01-25 17:20:47,22.73,10.45
2024-01-25 17:23:13,23.92,11.43
2024-01-25 17:25:39,24.1,10.6
2024-01-25 17:28:05,11.88,5.6
2024-01-25 17:30:31,24.83,13.25
2024-01-25 17:32:58,12.7,7.4
2024-01-25 17:35:24,14.23,7.82
2024-01-25 17:37:50,26.65,11.98
2024-01-25 17:40:16,25.6,10.68
2024-01-25 17:42:42,8.65,3.22
2024-01-25 17:45:08,33.38,13.7
2024-01-25 17:47:34,26.0,11.8
2024-01-25 17:50:01,24.9,11.6
2024-01-25 17:52:27,23.52,10.35
2024-01-25 17:54:53,29.55,13.55
2024-01-25 17:57:19,36.55,14.52
2024-01-25 17:59:45,25.55,13.3
2024-01-25 18:02:12,35.85,16.52
2024-01-25 18:04:38,40.78,17.25
2024-01-25 18:07:04,38.83,15.88
2024-01-25 18:09:30,31.2,14.45
2024-01-25 18:11:56,33.95,16.23
2024-01-25 18:14:22,34.8,16.42
2024-01-25 18:16:48,43.45,18.55
2024-01-25 18:19:14,43.67,18.63
2024-01-25 18:21:41,52.38,18.5
2024-01-25 18:24:07,45.63,18.05
2024-01-25 18:26:33,24.0,9.8
2024-01-25 18:28:59,37.08,16.88
2024-01-25 18:31:26,50.9,20.7
2024-01-25 18:33:52,38.25,16.83
2024-01-25 18:36:18,37.3,16.83
2024-01-25 18:38:44,44.85,16.55
2024-01-25 18:41:12,45.53,17.8
2024-01-25 18:43:38,36.85,18.55
2024-01-25 18:46:07,41.1,17.95
2024-01-25 18:48:34,36.53,14.57
2024-01-25 18:51:00,44.8,19.63
2024-01-25 18:53:30,49.17,17.45
2024-01-25 18:55:57,45.08,17.3
2024-01-25 18:58:23,46.85,20.15
2024-01-25 19:00:51,45.83,18.1
2024-01-25 19:03:17,43.2,18.23
2024-01-25 19:05:44,40.78,16.73
2024-01-25 19:08:10,37.53,15.6
2024-01-25 19:10:36,47.13,17.6
2024-01-25 19:13:02,28.02,12.82
2024-01-25 19:15:29,31.65,12.07
2024-01-25 19:17:55,36.05,13.95
2024-01-25 19:20:21,59.2,23.6
2024-01-25 19:22:47,28.63,9.23
2024-01-25 19:25:13,46.6,19.3
2024-01-25 19:27:39,38.47,16.65
2024-01-25 19:30:05,15.95,5.22
2024-01-25 19:32:32,39.1,14.05
2024-01-25 19:34:58,40.55,17.42
2024-01-25 19:37:25,40.22,18.17
2024-01-25 19:39:51,26.13,11.65
2024-01-25 19:42:18,40.13,16.92
2024-01-25 19:44:44,41.97,19.88
2024-01-25 19:47:10,24.23,10.48
2024-01-25 19:49:36,30.5,13.4
2024-01-25 19:52:02,39.55,17.17
2024-01-25 19:54:29,18.15,9.27
2024-01-25 19:56:55,23.75,8.15
2024-01-25 19:59:22,16.13,8.4
2024-01-25 20:01:48,16.8,7.35
2024-01-25 20:04:15,17.02,7.82
2024-01-25 20:06:41,19.35,7.15
2024-01-25 20:09:08,15.6,9.05
2024-01-25 20:11:34,22.8,10.2
2024-01-25 20:14:00,18.08,6.93
2024-01-25 20:16:26,17.17,7.7
2024-01-25 20:18:52,7.97,3.72
2024-01-25 20:21:19,20.13,8.38
2024-01-25 20:23:45,14.05,6.07
2024-01-25 20:26:11,11.77,4.53
2024-01-25 20:28:38,8.5,4.15
2024-01-25 20:31:04,11.93,5.63
2024-01-25 20:33:30,12.43,4.53
2024-01-25 20:35:56,16.65,5.57
2024-01-25 20:38:22,13.27,5.18
2024-01-25 20:40:49,7.5,3.25
2024-01-25 20:43:15,14.55,4.13
2024-01-25 20:45:41,6.18,2.85
2024-01-25 20:48:07,5.82,2.47
2024-01-25 20:50:33,9.73,2.38
2024-01-25 20:52:59,4.7,2.08
2024-01-25 20:55:25,5.57,2.17
2024-01-25 20:57:51,6.6,2.22
2024-01-25 21:00:18,6.7,2.33
2024-01-25 21:02:45,17.4,2.9
2024-01-25 21:05:11,6.32,2.6
2024-01-25 21:07:38,7.43,2.63
2024-01-25 21:10:04,4.95,2.42
2024-01-25 21:12:30,5.68,2.58
2024-01-25 21:14:56,5.13,2.72
2024-01-25 21:17:23,7.72,3.13
2024-01-25 21:19:49,9.4,2.78
2024-01-25 21:22:15,6.38,2.88
2024-01-25 21:24:41,9.27,3.53
2024-01-25 21:27:07,6.47,2.3
2024-01-25 21:29:33,8.8,2.78
2024-01-25 21:32:00,6.75,3.3
2024-01-25 21:34:26,7.25,3.47
2024-01-25 21:36:52,9.27,3.25
2024-01-25 21:39:18,13.38,4.45
2024-01-25 21:41:44,10.73,3.42
2024-01-25 21:44:10,12.18,3.05
2024-01-25 21:46:38,6.82,2.83
2024-01-25 21:49:05,8.23,3.55
2024-01-25 21:51:31,10.65,3.72
2024-01-25 21:53:58,10.13,3.65
2024-01-25 21:56:24,8.5,2.7
2024-01-25 21:58:50,6.97,2.95
2024-01-25 22:01:16,7.75,3.1
2024-01-25 22:03:42,9.2,4.0
2024-01-25 22:06:08,8.02,3.7
2024-01-25 22:08:34,7.93,3.4
2024-01-25 22:11:00,8.43,3.13
2024-01-25 22:13:26,7.5,2.92
2024-01-25 22:15:54,5.82,2.72
2024-01-25 22:18:20,8.55,2.9
2024-01-25 22:20:47,7.15,3.0
2024-01-25 22:23:13,6.43,2.9
2024-01-25 22:25:39,13.2,3.28
2024-01-25 22:28:05,9.45,3.4
2024-01-25 22:30:31,7.53,3.08
2024-01-25 22:32:57,12.52,3.3
2024-01-25 22:35:23,11.23,3.22
2024-01-25 22:37:49,7.38,2.88
2024-01-25 22:40:15,9.38,2.6
2024-01-25 22:42:41,16.1,3.1
2024-01-25 22:45:07,5.78,2.7
2024-01-25 22:47:33,14.0,3.25
2024-01-25 22:50:00,8.73,2.5
2024-01-25 22:52:26,10.32,2.65
2024-01-25 22:54:52,7.35,2.92
2024-01-25 22:57:18,10.7,3.3
2024-01-25 22:59:44,12.5,2.65
2024-01-25 23:02:10,10.98,3.35
2024-01-25 23:04:36,11.45,3.67
2024-01-25 23:07:02,11.3,3.67
2024-01-25 23:09:28,8.0,2.5
2024-01-25 23:11:54,9.02,3.03
2024-01-25 23:14:20,15.32,3.25
2024-01-25 23:16:47,16.2,4.8
2024-01-25 23:19:13,12.23,3.58
2024-01-25 23:21:39,24.55,3.75
2024-01-25 23:24:05,11.6,4.07
2024-01-25 23:26:31,11.48,3.0
2024-01-25 23:28:57,10.55,2.47
2024-01-25 23:31:23,10.55,3.2
2024-01-25 23:33:49,10.45,2.7
2024-01-25 23:36:16,12.5,3.13
2024-01-25 23:38:42,13.95,2.42
2024-01-25 23:41:11,8.3,2.75
2024-01-25 23:43:37,8.48,3.1
2024-01-25 23:46:03,8.0,2.42
2024-01-25 23:48:29,6.22,2.67
2024-01-25 23:50:56,6.68,2.58
2024-01-25 23:53:22,10.05,2.45
2024-01-25 23:55:48,7.45,2.92
2024-01-25 23:58:14,7.0,2.38
2024-01-26 00:00:40,4.1,2.2
2024-01-26 00:03:06,7.45,3.08
2024-01-26 00:05:32,8.07,2.72
2024-01-26 00:07:58,10.1,2.95
2024-01-26 00:10:24,8.43,2.78
2024-01-26 00:12:50,7.53,2.4
2024-01-26 00:15:17,7.35,3.2
2024-01-26 00:17:43,7.65,2.47
2024-01-26 00:20:09,9.77,3.47
2024-01-26 00:22:36,6.88,2.7
2024-01-26 00:25:02,11.98,2.85
2024-01-26 00:27:28,10.52,3.22
2024-01-26 00:29:54,11.0,2.75
2024-01-26 00:32:20,9.52,2.58
2024-01-26 00:34:46,5.95,2.72
2024-01-26 00:37:12,8.4,2.92
2024-01-26 00:39:38,6.6,2.9
2024-01-26 00:42:04,5.38,2.45
2024-01-26 00:44:30,5.65,2.58
2024-01-26 00:46:57,5.05,2.63
2024-01-26 00:49:23,6.85,2.47
2024-01-26 00:51:49,5.85,2.4
2024-01-26 00:54:15,5.6,2.5
2024-01-26 00:56:41,7.3,2.75
2024-01-26 00:59:07,4.85,2.47
2024-01-26 01:01:33,8.73,2.45
2024-01-26 01:03:59,7.03,2.85
2024-01-26 01:06:25,7.97,2.58
2024-01-26 01:08:51,11.35,3.38
2024-01-26 01:11:17,12.82,2.55
2024-01-26 01:13:43,10.77,2.7
2024-01-26 01:16:10,5.03,2.35
2024-01-26 01:18:38,7.4,2.75
2024-01-26 01:21:04,8.68,2.92
2024-01-26 01:23:30,8.73,2.85
2024-01-26 01:25:56,4.63,2.47
2024-01-26 01:28:22,5.5,2.33
2024-01-26 01:30:48,5.57,2.58
2024-01-26 01:33:15,7.35,2.17
2024-01-26 01:35:41,8.15,2.6
2024-01-26 01:38:07,8.38,2.78
2024-01-26 01:40:33,7.47,2.67
2024-01-26 01:43:00,6.97,2.55
2024-01-26 01:45:26,11.27,2.92
2024-01-26 01:47:53,8.4,3.17
2024-01-26 01:50:19,12.32,3.2
2024-01-26 01:52:46,11.7,2.3
2024-01-26 01:55:14,7.55,2.7
2024-01-26 01:57:41,8.8,2.55
2024-01-26 02:00:09,8.27,2.97
2024-01-26 02:02:42,6.15,2.6
2024-01-26 02:05:09,5.8,2.28
2024-01-26 02:07:35,9.15,2.42
2024-01-26 02:10:01,8.35,3.15
2024-01-26 02:12:29,11.07,2.9
2024-01-26 02:14:55,3.95,1.98
2024-01-26 02:17:21,7.6,2.22
2024-01-26 02:19:55,8.6,2.4
2024-01-26 02:22:21,8.27,2.95
2024-01-26 02:24:47,7.5,2.4
2024-01-26 02:27:13,6.07,1.92
2024-01-26 02:29:39,7.47,2.0
2024-01-26 02:32:05,11.77,2.0
2024-01-26 02:34:32,6.47,2.42
2024-01-26 02:36:58,7.97,2.67
2024-01-26 02:39:24,8.2,2.55
2024-01-26 02:41:50,9.0,1.92
2024-01-26 02:44:18,4.45,1.58
2024-01-26 02:46:47,8.1,2.28
2024-01-26 02:49:13,7.03,2.53
2024-01-26 02:51:39,8.35,2.17
2024-01-26 02:54:05,12.45,2.0
2024-01-26 02:56:31,11.9,2.95
2024-01-26 02:58:58,4.3,2.2
2024-01-26 03:01:24,5.13,1.98
2024-01-26 03:03:50,7.0,2.17
2024-01-26 03:06:16,7.9,2.0
2024-01-26 03:08:43,6.05,2.25
2024-01-26 03:11:11,8.98,2.78
2024-01-26 03:13:37,5.5,2.4
2024-01-26 03:16:05,8.2,2.3
2024-01-26 03:18:31,8.77,2.08
2024-01-26 03:20:57,7.88,2.1
2024-01-26 03:23:23,3.83,1.83
2024-01-26 03:25:49,7.78,2.03
2024-01-26 03:28:15,6.43,2.17
2024-01-26 03:30:41,7.3,2.17
2024-01-26 03:33:08,5.07,1.9
2024-01-26 03:35:34,16.63,2.1
2024-01-26 03:38:01,6.53,1.95
2024-01-26 03:40:27,5.75,2.33
2024-01-26 03:42:54,4.63,1.88
2024-01-26 03:45:20,6.18,2.4
2024-01-26 03:47:46,11.55,2.58
2024-01-26 03:50:12,6.35,1.92
2024-01-26 03:52:38,6.38,1.65
2024-01-26 03:55:04,4.68,1.6
2024-01-26 03:57:32,4.85,1.83
2024-01-26 03:59:58,8.5,1.8
2024-01-26 04:02:25,8.75,2.22
2024-01-26 04:04:51,6.03,2.25
2024-01-26 04:07:17,8.63,2.63
2024-01-26 04:09:43,3.95,1.48
2024-01-26 04:12:09,3.45,1.33
2024-01-26 04:14:35,7.63,2.2
2024-01-26 04:17:01,13.98,2.4
2024-01-26 04:19:27,7.55,2.08
2024-01-26 04:21:53,6.0,1.3
2024-01-26 04:24:19,9.77,2.2
2024-01-26 04:26:45,7.15,2.0
2024-01-26 04:29:12,7.53,1.83
2024-01-26 04:31:41,9.85,1.58
2024-01-26 04:34:07,6.78,2.1
2024-01-26 04:36:33,13.82,2.42
2024-01-26 04:38:59,5.18,2.55
2024-01-26 04:41:27,4.8,1.6
2024-01-26 04:43:53,8.52,2.28
2024-01-26 04:46:20,10.38,2.53
2024-01-26 04:48:46,7.1,1.98
2024-01-26 04:51:12,12.3,2.08
2024-01-26 04:53:38,6.88,2.08
2024-01-26 04:56:04,5.25,2.08
2024-01-26 04:58:31,5.53,1.98
2024-01-26 05:00:57,3.58,1.8
2024-01-26 05:03:23,4.15,1.83
2024-01-26 05:05:49,9.0,2.1
2024-01-26 05:08:16,7.45,2.08
2024-01-26 05:10:42,6.68,2.08
2024-01-26 05:13:08,10.55,2.5
2024-01-26 05:15:35,7.03,1.77
2024-01-26 05:18:01,4.95,1.9
2024-01-26 05:20:29,8.6,3.7
2024-01-26 05:22:55,7.55,2.53
2024-01-26 05:25:21,10.3,3.72
2024-01-26 05:27:47,5.95,1.95
2024-01-26 05:30:13,8.52,1.95
2024-01-26 05:32:39,6.07,2.2
2024-01-26 05:35:05,9.75,2.53
2024-01-26 05:37:32,9.75,2.38
2024-01-26 05:39:58,15.98,2.88
2024-01-26 05:42:24,8.75,3.5
2024-01-26 05:44:50,15.32,3.75
2024-01-26 05:47:16,10.43,3.1
2024-01-26 05:49:43,11.57,3.55
2024-01-26 05:52:09,6.0,2.88
2024-01-26 05:54:35,12.25,3.22
2024-01-26 05:57:01,10.0,3.22
2024-01-26 05:59:28,9.13,2.95
2024-01-26 06:01:54,12.95,3.4
2024-01-26 06:04:20,34.85,12.18
2024-01-26 06:06:46,20.55,4.85
2024-01-26 06:09:12,21.5,6.28
2024-01-26 06:11:41,7.53,3.8
2024-01-26 06:14:08,14.2,3.75
2024-01-26 06:16:34,10.45,4.85
2024-01-26 06:19:00,10.2,4.13
2024-01-26 06:21:26,13.2,4.55
2024-01-26 06:23:52,14.52,4.53
2024-01-26 06:26:18,9.32,4.25
2024-01-26 06:28:45,12.6,4.47
2024-01-26 06:31:11,15.4,5.25
2024-01-26 06:33:37,11.3,4.18
2024-01-26 06:36:03,12.45,4.13
2024-01-26 06:38:29,10.18,4.53
2024-01-26 06:40:55,16.05,4.3
2024-01-26 06:43:22,8.32,3.3
2024-01-26 06:45:48,14.18,4.43
2024-01-26 06:48:15,29.02,6.2
2024-01-26 06:50:41,6.82,2.3
2024-01-26 06:53:07,13.15,4.25
2024-01-26 06:55:34,21.42,6.1
2024-01-26 06:58:00,15.3,4.72
2024-01-26 07:00:26,7.1,2.5
2024-01-26 07:02:54,9.07,3.83
2024-01-26 07:05:20,16.3,7.63
2024-01-26 07:07:47,12.13,3.25
2024-01-26 07:10:13,13.25,3.42
2024-01-26 07:12:39,7.35,2.65
2024-01-26 07:15:07,13.55,3.03
2024-01-26 07:17:34,12.23,4.2
2024-01-26 07:20:01,7.2,2.9
2024-01-26 07:22:29,7.82,2.78
2024-01-26 07:24:55,8.45,3.45
2024-01-26 07:27:21,6.9,2.28
2024-01-26 07:29:47,13.65,2.5
2024-01-26 07:32:14,6.22,2.35
2024-01-26 07:34:40,8.55,2.53
2024-01-26 07:37:06,5.6,1.92
2024-01-26 07:39:32,5.32,1.98
2024-01-26 07:41:59,4.97,2.08
2024-01-26 07:44:25,7.3,1.85
2024-01-26 07:46:51,7.93,2.97
2024-01-26 07:49:17,10.2,2.6
2024-01-26 07:51:43,3.33,1.92
2024-01-26 07:54:09,11.25,2.58
2024-01-26 07:56:35,5.7,1.92
2024-01-26 07:59:01,5.82,2.28
2024-01-26 08:01:27,9.7,2.25
2024-01-26 08:03:53,9.3,2.5
2024-01-26 08:06:19,7.8,2.03
2024-01-26 08:08:45,11.43,2.65
2024-01-26 08:11:12,8.57,1.92
2024-01-26 08:13:38,5.57,1.85
2024-01-26 08:16:05,5.53,1.73
2024-01-26 08:18:31,5.38,1.5
2024-01-26 08:20:57,10.82,1.8
2024-01-26 08:23:23,14.88,1.98
2024-01-26 08:25:49,7.1,2.0
2024-01-26 08:28:15,3.42,1.45
2024-01-26 08:30:41,8.48,2.15
2024-01-26 08:33:07,13.75,1.88
2024-01-26 08:35:33,7.8,1.63
2024-01-26 08:38:00,5.35,1.73
2024-01-26 08:40:26,6.97,1.9
2024-01-26 08:42:53,5.15,2.22
2024-01-26 08:45:19,8.98,2.05
2024-01-26 08:47:45,4.07,1.3
2024-01-26 08:50:11,7.03,1.63
2024-01-26 08:52:37,7.95,1.7
2024-01-26 08:55:04,6.75,1.67
2024-01-26 08:57:30,5.72,1.6
2024-01-26 08:59:56,4.78,1.1
2024-01-26 09:02:23,5.4,1.23
2024-01-26 09:04:49,6.85,1.33
2024-01-26 09:07:15,6.45,1.4
2024-01-26 09:09:43,8.32,1.95
2024-01-26 09:12:09,4.93,1.4
2024-01-26 09:14:35,8.07,1.6
2024-01-26 09:17:01,11.85,2.08
2024-01-26 09:19:27,6.95,1.65
2024-01-26 09:21:53,11.68,3.58
2024-01-26 09:24:19,4.45,1.3
2024-01-26 09:26:45,5.35,1.6
2024-01-26 09:29:13,9.27,1.52
2024-01-26 09:31:39,9.48,1.98
2024-01-26 09:34:05,3.63,1.15
2024-01-26 09:36:32,9.32,1.7
2024-01-26 09:38:58,5.15,1.48
2024-01-26 09:41:25,20.35,1.83
2024-01-26 09:43:51,9.57,1.67
2024-01-26 09:46:17,7.03,1.9
2024-01-26 09:48:45,10.57,1.73
2024-01-26 09:51:13,4.32,1.8
2024-01-26 09:53:39,3.88,1.38
2024-01-26 09:56:05,5.43,1.73
2024-01-26 09:58:31,4.47,1.2
2024-01-26 10:00:58,5.45,1.02
2024-01-26 10:03:25,10.77,1.8
2024-01-26 10:05:53,11.27,2.4
2024-01-26 10:08:19,5.78,1.58
2024-01-26 10:10:46,5.68,1.7
2024-01-26 10:13:12,8.23,1.45
2024-01-26 10:15:38,6.43,1.48
2024-01-26 10:18:04,7.68,1.9
2024-01-26 10:20:30,5.78,1.77
2024-01-26 10:22:56,6.13,1.67
2024-01-26 10:25:22,8.55,1.5
2024-01-26 10:27:48,10.02,1.5
2024-01-26 10:30:15,8.9,1.67
2024-01-26 10:32:42,10.98,2.15
2024-01-26 10:35:09,5.13,1.45
2024-01-26 10:37:36,7.3,1.05
2024-01-26 10:40:03,7.55,1.8
2024-01-26 10:42:30,7.85,2.4
2024-01-26 10:44:59,6.68,1.23
2024-01-26 10:47:26,9.25,1.38
2024-01-26 10:49:58,7.18,1.02
2024-01-26 10:52:30,3.8,1.65
2024-01-26 10:55:00,8.43,1.63
2024-01-26 10:57:26,9.38,1.45
2024-01-26 10:59:52,6.05,1.38
2024-01-26 11:02:30,7.05,1.33
2024-01-26 11:05:07,6.32,1.52
2024-01-26 11:07:35,5.85,2.0
2024-01-26 11:10:03,6.65,1.38
2024-01-26 11:12:29,12.2,1.8
2024-01-26 11:15:07,4.82,1.15
2024-01-26 11:17:45,5.45,1.25
2024-01-26 11:20:12,6.32,1.15
2024-01-26 11:22:39,7.8,1.33
2024-01-26 11:25:06,6.8,1.52
2024-01-26 11:27:32,3.8,1.17
2024-01-26 11:29:58,3.75,1.55
2024-01-26 11:32:24,7.75,1.48
2024-01-26 11:34:59,9.25,1.5
2024-01-26 11:37:26,7.32,1.15
2024-01-26 11:39:54,6.5,0.8
2024-01-26 11:42:20,4.28,1.02
2024-01-26 11:44:51,6.03,1.33
2024-01-26 11:47:26,7.18,1.25
2024-01-26 11:49:52,4.5,0.98
2024-01-26 11:52:18,4.78,1.1
2024-01-26 11:54:47,3.63,1.25
2024-01-26 11:57:13,5.03,1.15
2024-01-26 11:59:39,7.75,1.25
2024-01-26 12:02:06,3.95,0.8
2024-01-26 12:04:34,6.82,1.05
2024-01-26 12:07:00,8.07,1.42
2024-01-26 12:09:27,19.8,2.15
2024-01-26 12:11:53,11.88,1.6
2024-01-26 12:14:19,5.57,1.65
2024-01-26 12:16:46,2.17,1.0
2024-01-26 12:19:12,2.92,0.93
2024-01-26 12:21:38,12.1,1.85
2024-01-26 12:24:10,4.72,1.65
2024-01-26 12:26:36,3.38,1.23
2024-01-26 12:29:03,2.47,0.9
2024-01-26 12:31:29,5.93,1.4
2024-01-26 12:33:58,8.32,1.38
2024-01-26 12:36:28,4.97,0.9
2024-01-26 12:38:56,5.55,1.33
2024-01-26 12:41:22,7.5,1.58
2024-01-26 12:43:48,2.92,0.98
2024-01-26 12:46:14,4.88,1.35
2024-01-26 12:48:40,3.6,1.2
2024-01-26 12:51:06,8.18,1.8
2024-01-26 12:53:32,8.4,1.75
2024-01-26 12:55:59,3.95,1.35
2024-01-26 12:58:25,5.68,1.48
2024-01-26 13:00:51,4.3,1.3
2024-01-26 13:03:17,4.88,1.6
2024-01-26 13:05:43,2.85,0.75
2024-01-26 13:08:10,2.67,1.02
2024-01-26 13:10:37,6.45,1.58
2024-01-26 13:13:04,4.32,1.17
2024-01-26 13:15:30,4.35,1.1
2024-01-26 13:17:56,4.88,1.08
2024-01-26 13:20:22,4.72,0.9
2024-01-26 13:22:48,4.6,1.48
2024-01-26 13:25:14,5.28,1.2
2024-01-26 13:27:41,6.85,1.3
2024-01-26 13:30:07,3.5,1.02
2024-01-26 13:32:34,6.15,0.93
2024-01-26 13:35:02,7.13,2.0
2024-01-26 13:37:28,6.63,1.42
2024-01-26 13:39:54,8.4,2.63
2024-01-26 13:42:21,5.1,1.2
2024-01-26 13:44:47,2.9,1.3
2024-01-26 13:47:14,5.9,1.0
2024-01-26 13:49:40,2.97,1.3
2024-01-26 13:52:06,6.95,1.77
2024-01-26 13:54:32,13.95,1.48
2024-01-26 13:56:58,7.35,1.4
2024-01-26 13:59:25,6.13,1.6
2024-01-26 14:01:52,8.27,1.45
2024-01-26 14:04:18,4.75,1.73
2024-01-26 14:06:46,3.17,0.95
2024-01-26 14:09:13,5.1,1.48
2024-01-26 14:11:39,7.18,1.25
2024-01-26 14:14:05,3.75,1.02
2024-01-26 14:16:32,4.93,1.6
2024-01-26 14:18:58,7.32,1.5
2024-01-26 14:21:24,9.5,1.58
2024-01-26 14:23:51,3.28,1.38
2024-01-26 14:26:17,6.9,1.55
2024-01-26 14:28:43,5.28,1.25
2024-01-26 14:31:11,3.7,1.33
2024-01-26 14:33:37,5.43,1.55
2024-01-26 14:36:04,3.8,1.05
2024-01-26 14:38:30,4.82,1.08
2024-01-26 14:40:56,4.07,1.3
2024-01-26 14:43:22,4.9,1.1
2024-01-26 14:45:48,8.0,1.73
2024-01-26 14:48:14,4.32,1.3
2024-01-26 14:50:40,6.05,1.4
2024-01-26 14:53:07,11.38,1.52
2024-01-26 14:55:34,7.05,1.0
2024-01-26 14:58:00,6.13,1.15
2024-01-26 15:00:27,6.7,1.23
2024-01-26 15:02:53,5.75,1.3
2024-01-26 15:05:19,3.15,1.85
2024-01-26 15:07:48,6.18,1.42
2024-01-26 15:10:14,7.35,1.9
2024-01-26 15:12:40,7.0,1.77
2024-01-26 15:15:06,4.93,1.2
2024-01-26 15:17:33,7.7,1.9
2024-01-26 15:19:59,5.65,2.6
2024-01-26 15:22:30,9.77,1.8
2024-01-26 15:24:56,3.25,1.17
2024-01-26 15:27:22,7.95,1.9
2024-01-26 15:29:50,5.75,1.4
2024-01-26 15:32:16,5.22,1.15
2024-01-26 15:34:44,5.3,1.63
2024-01-26 15:37:10,8.73,1.52
2024-01-26 15:39:37,4.57,1.45
2024-01-26 15:42:03,4.03,1.17
2024-01-26 15:44:30,6.47,1.7
2024-01-26 15:46:56,4.95,1.63
2024-01-26 15:49:22,3.63,1.52
2024-01-26 15:51:49,6.07,1.8
2024-01-26 15:54:15,9.25,1.8
2024-01-26 15:56:41,10.8,1.63
2024-01-26 15:59:07,7.95,1.92
2024-01-26 16:01:33,6.9,1.85
2024-01-26 16:03:59,9.93,2.55
2024-01-26 16:06:25,5.47,1.2
2024-01-26 16:08:51,12.8,2.33
2024-01-26 16:11:18,9.45,2.1
2024-01-26 16:13:44,9.38,2.4
2024-01-26 16:16:11,10.07,2.58
2024-01-26 16:18:37,8.8,2.4
2024-01-26 16:21:03,5.1,2.67
2024-01-26 16:23:29,15.8,4.47
2024-01-26 16:25:55,10.98,4.38
2024-01-26 16:28:22,10.15,3.4
2024-01-26 16:30:48,4.93,1.55
2024-01-26 16:33:14,4.63,1.9
2024-01-26 16:35:43,9.2,2.72
2024-01-26 16:38:09,11.15,3.25
2024-01-26 16:40:35,8.7,2.5
2024-01-26 16:43:01,10.52,4.1
2024-01-26 16:45:27,16.2,6.0
2024-01-26 16:47:54,14.3,5.0
2024-01-26 16:50:20,18.48,5.95
2024-01-26 16:52:46,15.45,5.9
2024-01-26 16:55:12,19.92,3.78
2024-01-26 16:57:38,11.2,3.58
2024-01-26 17:00:05,7.82,3.2
2024-01-26 17:02:31,13.15,2.75
2024-01-26 17:04:57,10.43,2.28
2024-01-26 17:07:25,12.43,2.83
2024-01-26 17:09:51,11.57,3.3
2024-01-26 17:12:17,19.02,6.22
2024-01-26 17:14:43,31.92,9.0
2024-01-26 17:17:09,28.83,8.9
2024-01-26 17:19:35,30.95,9.85
2024-01-26 17:22:02,32.85,11.4
2024-01-26 17:24:28,28.52,10.6
2024-01-26 17:26:54,28.5,9.43
2024-01-26 17:29:20,19.45,8.4
2024-01-26 17:31:47,21.17,7.8
2024-01-26 17:34:14,29.42,9.52
2024-01-26 17:36:40,27.0,8.98
2024-01-26 17:39:06,43.5,13.07
2024-01-26 17:41:32,46.85,14.35
2024-01-26 17:43:58,45.25,16.23
2024-01-26 17:46:24,34.15,11.73
2024-01-26 17:48:51,31.4,10.05
2024-01-26 17:51:17,21.67,9.1
2024-01-26 17:53:43,27.52,8.57
2024-01-26 17:56:09,27.08,9.75
2024-01-26 17:58:35,34.28,10.35
2024-01-26 18:01:01,29.08,10.27
2024-01-26 18:03:27,36.75,10.7
2024-01-26 18:05:53,23.2,9.3
2024-01-26 18:08:19,23.5,9.65
2024-01-26 18:10:46,35.1,11.0
2024-01-26 18:13:12,30.2,11.82
2024-01-26 18:15:38,36.22,12.48
2024-01-26 18:18:04,25.85,11.02
2024-01-26 18:20:30,17.92,6.85
2024-01-26 18:22:56,16.1,5.6
2024-01-26 18:25:22,18.55,6.43
2024-01-26 18:27:49,17.73,5.65
2024-01-26 18:30:16,20.6,6.65
2024-01-26 18:32:42,14.13,5.85
2024-01-26 18:35:08,16.45,5.78
2024-01-26 18:37:35,16.27,6.63
2024-01-26 18:40:01,19.98,6.57
2024-01-26 18:42:27,38.78,15.68
2024-01-26 18:44:53,21.73,10.05
2024-01-26 18:47:20,18.58,7.32
2024-01-26 18:49:46,19.05,8.35
2024-01-26 18:52:12,24.25,8.32
2024-01-26 18:54:39,21.33,7.57
2024-01-26 18:57:05,20.1,7.53
2024-01-26 18:59:32,16.45,6.13
2024-01-26 19:01:58,31.05,10.35
2024-01-26 19:04:28,26.98,8.98
2024-01-26 19:06:54,31.5,10.25
2024-01-26 19:09:21,41.7,12.2
2024-01-26 19:11:47,36.63,11.27
2024-01-26 19:14:14,42.03,14.2
2024-01-26 19:16:40,20.38,8.45
2024-01-26 19:19:06,34.0,11.05
2024-01-26 19:21:32,28.5,11.77
2024-01-26 19:23:58,24.65,10.7
2024-01-26 19:26:25,36.78,12.6
2024-01-26 19:28:51,40.33,13.93
2024-01-26 19:31:17,35.17,13.88
2024-01-26 19:33:43,43.95,17.8
2024-01-26 19:36:12,55.75,22.52
2024-01-26 19:38:38,48.1,20.58
2024-01-26 19:41:05,51.9,19.85
2024-01-26 19:43:31,57.1,19.75
2024-01-26 19:45:59,51.15,17.25
2024-01-26 19:48:25,36.88,15.05
2024-01-26 19:50:51,54.5,20.45
2024-01-26 19:53:17,44.78,16.25
2024-01-26 19:55:44,41.75,15.0
2024-01-26 19:58:12,47.58,18.85
2024-01-26 20:00:38,45.95,16.1
2024-01-26 20:03:04,44.1,17.67
2024-01-26 20:05:32,45.9,17.58
2024-01-26 20:07:58,45.72,17.95
2024-01-26 20:10:24,49.1,17.92
2024-01-26 20:12:51,47.78,17.75
2024-01-26 20:15:17,51.88,18.38
2024-01-26 20:17:43,46.1,16.65
2024-01-26 20:20:09,47.3,18.1
2024-01-26 20:22:35,49.7,17.25
2024-01-26 20:25:03,47.97,17.02
2024-01-26 20:27:30,53.13,19.0
2024-01-26 20:29:56,43.72,17.6
2024-01-26 20:32:22,46.6,17.35
2024-01-26 20:34:51,36.7,14.3
2024-01-26 20:37:18,46.78,18.1
2024-01-26 20:39:44,50.7,18.38
2024-01-26 20:42:10,37.15,14.65
2024-01-26 20:44:38,42.78,17.02
2024-01-26 20:47:04,39.97,17.02
2024-01-26 20:49:30,36.22,14.65
2024-01-26 20:51:57,53.08,17.85
2024-01-26 20:54:23,40.72,17.3
2024-01-26 20:56:49,39.35,15.65
2024-01-26 20:59:15,42.38,14.8
2024-01-26 21:01:41,37.17,11.55
2024-01-26 21:04:07,33.2,13.18
2024-01-26 21:06:33,37.95,14.05
2024-01-26 21:08:59,27.35,11.65
2024-01-26 21:11:26,36.42,13.48
2024-01-26 21:13:55,39.3,15.8
2024-01-26 21:16:21,64.8,28.15
2024-01-26 21:18:48,41.35,15.38
2024-01-26 21:21:15,38.15,15.77
2024-01-26 21:23:41,35.2,15.73
2024-01-26 21:26:07,52.53,17.2
2024-01-26 21:28:33,49.03,16.25
2024-01-26 21:30:59,40.33,16.38
2024-01-26 21:33:27,39.05,15.2
2024-01-26 21:35:54,38.67,13.75
2024-01-26 21:38:20,163.57,61.8
2024-01-26 21:40:46,45.67,19.05
2024-01-26 21:43:12,55.05,22.58
2024-01-26 21:45:38,48.58,21.23
2024-01-26 21:48:04,48.1,18.83
2024-01-26 21:50:32,42.45,15.85
2024-01-26 21:52:58,36.47,14.1
2024-01-26 21:55:24,42.83,11.93
2024-01-26 21:57:50,40.25,14.77
2024-01-26 22:00:16,43.1,16.27
2024-01-26 22:02:42,39.58,14.63
2024-01-26 22:05:08,34.9,15.18
2024-01-26 22:07:36,46.47,16.3
2024-01-26 22:10:02,50.15,19.0
2024-01-26 22:12:29,55.65,19.85
2024-01-26 22:14:55,45.65,16.67
2024-01-26 22:17:21,48.72,19.15
2024-01-26 22:19:47,54.65,18.65
2024-01-26 22:22:13,45.9,16.5
2024-01-26 22:24:40,35.45,18.42
2024-01-26 22:27:08,46.92,18.58
2024-01-26 22:29:34,40.55,18.25
2024-01-26 22:32:00,44.38,18.45
2024-01-26 22:34:26,41.4,17.02
2024-01-26 22:36:52,46.1,17.33
2024-01-26 22:39:18,42.1,15.65
2024-01-26 22:41:45,39.42,15.02
2024-01-26 22:44:11,39.63,15.32
2024-01-26 22:46:40,49.92,18.23
2024-01-26 22:49:07,47.35,18.35
2024-01-26 22:51:33,51.1,17.85
2024-01-26 22:54:00,35.83,14.55
2024-01-26 22:56:26,34.05,14.2
2024-01-26 22:58:52,36.85,15.13
2024-01-26 23:01:19,42.0,14.13
2024-01-26 23:03:45,36.25,12.57
2024-01-26 23:06:29,41.13,15.9
2024-01-26 23:08:55,38.17,14.35
2024-01-26 23:11:21,31.0,12.77
2024-01-26 23:13:48,31.83,12.93
2024-01-26 23:16:14,25.85,11.82
2024-01-26 23:18:42,37.28,10.82
2024-01-26 23:21:08,25.1,9.95
2024-01-26 23:23:35,37.58,14.43
2024-01-26 23:26:01,35.63,11.73
2024-01-26 23:28:28,30.25,12.4
2024-01-26 23:30:54,24.15,10.73
2024-01-26 23:33:20,24.63,11.7
2024-01-26 23:35:47,34.45,10.93
2024-01-26 23:38:13,26.92,10.25
2024-01-26 23:40:39,25.15,10.6
2024-01-26 23:43:05,26.17,10.48
2024-01-26 23:45:31,33.95,12.25
2024-01-26 23:47:57,20.88,10.1
2024-01-26 23:50:23,27.08,10.18
2024-01-26 23:52:49,29.15,13.07
2024-01-26 23:55:15,39.9,14.38
2024-01-26 23:57:41,41.6,17.08
2024-01-27 00:00:08,38.97,15.9
2024-01-27 00:02:35,33.0,14.5
2024-01-27 00:05:01,38.25,14.98
2024-01-27 00:07:27,35.15,13.85
2024-01-27 00:09:54,44.03,15.1
2024-01-27 00:12:20,32.1,13.73
2024-01-27 00:14:46,37.72,14.3
2024-01-27 00:17:12,38.03,15.93
2024-01-27 00:19:38,33.4,14.18
2024-01-27 00:22:04,37.25,14.3
2024-01-27 00:24:30,35.3,15.18
2024-01-27 00:26:56,37.15,14.57
2024-01-27 00:29:22,31.27,14.2
2024-01-27 00:31:49,38.55,16.13
2024-01-27 00:34:16,38.83,15.25
2024-01-27 00:36:42,37.88,14.82
2024-01-27 00:39:14,33.72,14.55
2024-01-27 00:41:40,40.08,13.95
2024-01-27 00:44:06,35.88,15.23
2024-01-27 00:46:32,39.33,14.7
2024-01-27 00:48:58,33.6,14.48
2024-01-27 00:51:24,42.67,15.2
2024-01-27 00:53:50,37.63,15.77
2024-01-27 00:56:16,35.47,15.15
2024-01-27 00:58:42,31.7,14.3
2024-01-27 01:01:09,30.0,12.0
2024-01-27 01:03:35,34.55,13.57
2024-01-27 01:06:01,27.17,12.9
2024-01-27 01:08:28,35.33,14.0
2024-01-27 01:10:54,38.8,14.48
2024-01-27 01:13:20,33.7,12.45
2024-01-27 01:15:46,27.35,11.07
2024-01-27 01:18:12,25.25,10.1
2024-01-27 01:20:38,26.13,10.4
2024-01-27 01:23:04,23.02,10.5
2024-01-27 01:25:30,29.6,10.65
2024-01-27 01:27:56,33.2,10.55
2024-01-27 01:30:23,27.5,11.3
2024-01-27 01:32:49,26.98,10.88
2024-01-27 01:35:15,28.95,11.32
2024-01-27 01:37:41,23.35,10.18
2024-01-27 01:40:07,28.6,10.68
2024-01-27 01:42:34,31.48,11.32
2024-01-27 01:45:00,30.48,13.45
2024-01-27 01:47:26,34.72,11.68
2024-01-27 01:49:52,27.1,12.07
2024-01-27 01:52:19,32.35,12.63
2024-01-27 01:57:49,28.8,12.15
2024-01-27 02:00:17,32.05,12.55
2024-01-27 02:02:43,33.13,11.55
2024-01-27 02:05:11,28.58,12.3
2024-01-27 02:07:37,31.25,11.95
2024-01-27 02:10:03,38.08,13.52
2024-01-27 02:12:29,26.75,13.7
2024-01-27 02:14:55,34.65,12.65
2024-01-27 02:17:21,39.7,14.57
2024-01-27 02:19:47,35.63,13.68
2024-01-27 02:22:13,39.03,15.9
2024-01-27 02:24:39,29.0,13.93
2024-01-27 02:27:05,40.45,13.4
2024-01-27 02:29:31,33.03,12.57
2024-01-27 02:31:57,34.92,12.98
2024-01-27 02:34:24,26.67,12.35
2024-01-27 02:36:50,33.83,11.65
2024-01-27 02:39:16,33.6,12.68
2024-01-27 02:41:42,36.2,13.23
2024-01-27 02:44:08,27.02,13.93
2024-01-27 02:46:34,33.83,12.75
2024-01-27 02:49:00,38.03,14.1
2024-01-27 02:51:26,25.27,11.88
2024-01-27 02:53:52,32.05,13.82
2024-01-27 02:56:18,33.6,13.0
2024-01-27 02:58:44,33.55,13.82
2024-01-27 03:01:10,28.98,12.68
2024-01-27 03:03:37,26.8,11.5
2024-01-27 03:06:03,26.2,12.35
2024-01-27 03:08:29,33.55,15.1
2024-01-27 03:10:55,33.8,14.15
2024-01-27 03:13:21,39.15,14.57
2024-01-27 03:15:47,45.7,14.23
2024-01-27 03:18:14,36.63,14.13
2024-01-27 03:20:40,33.08,13.45
2024-01-27 03:23:06,32.97,14.05
2024-01-27 03:25:33,35.8,13.68
2024-01-27 03:27:59,30.23,13.23
2024-01-27 03:30:26,26.65,13.05
2024-01-27 03:32:52,34.03,14.1
2024-01-27 03:35:18,39.78,13.93
2024-01-27 03:37:44,26.95,12.6
2024-01-27 03:40:10,33.83,12.68
2024-01-27 03:42:36,30.45,11.6
2024-01-27 03:45:02,29.65,12.65
2024-01-27 03:47:29,30.33,12.6
2024-01-27 03:49:55,32.05,12.13
2024-01-27 03:52:21,27.3,11.32
2024-01-27 03:54:47,24.83,11.32
2024-01-27 03:57:13,28.52,11.07
2024-01-27 03:59:42,24.63,10.57
2024-01-27 04:02:08,26.23,11.68
2024-01-27 04:04:34,27.05,9.93
2024-01-27 04:07:00,25.77,10.65
2024-01-27 04:09:26,24.83,10.07
2024-01-27 04:11:53,26.3,9.35
2024-01-27 04:14:19,31.98,10.05
2024-01-27 04:16:45,22.48,8.73
2024-01-27 04:19:11,19.5,9.3
2024-01-27 04:21:37,24.33,9.63
2024-01-27 04:24:03,27.05,11.2
2024-01-27 04:26:29,20.05,9.13
2024-01-27 04:28:55,25.48,8.15
2024-01-27 04:31:22,16.02,8.23
2024-01-27 04:33:48,16.67,8.2
2024-01-27 04:36:14,20.33,7.8
2024-01-27 04:38:40,22.98,7.7
2024-01-27 04:41:06,15.2,7.13
2024-01-27 04:43:32,19.38,7.8
2024-01-27 04:45:58,19.77,7.35
2024-01-27 04:48:24,21.33,8.52
2024-01-27 04:50:50,20.55,8.0
2024-01-27 04:53:16,24.85,9.65
2024-01-27 04:55:43,22.05,8.68
2024-01-27 04:58:09,26.73,10.63
2024-01-27 05:00:35,22.83,11.38
2024-01-27 05:03:01,30.55,12.52
2024-01-27 05:05:29,33.97,10.8
2024-01-27 05:07:55,28.02,11.85
2024-01-27 05:10:21,23.02,10.48
2024-01-27 05:12:47,22.13,10.07
2024-01-27 05:15:13,24.25,8.6
2024-01-27 05:17:39,20.05,8.75
2024-01-27 05:20:06,22.95,9.32
2024-01-27 05:22:32,24.13,9.32
2024-01-27 05:24:58,21.4,10.1
2024-01-27 05:27:24,26.73,9.52
2024-01-27 05:29:50,22.98,10.23
2024-01-27 05:32:17,23.27,10.02
2024-01-27 05:34:44,28.5,11.65
2024-01-27 05:37:10,27.52,11.48
2024-01-27 05:39:37,26.77,10.88
2024-01-27 05:42:03,30.85,11.0
2024-01-27 05:44:29,23.02,10.68
2024-01-27 05:46:55,28.73,10.15
2024-01-27 05:49:21,29.73,11.52
2024-01-27 05:51:47,29.38,12.4
2024-01-27 05:54:15,27.67,11.13
2024-01-27 05:56:42,28.23,10.68
2024-01-27 05:59:08,22.8,11.4
2024-01-27 06:01:34,26.8,12.2
2024-01-27 06:04:01,29.67,11.85
2024-01-27 06:06:27,20.17,9.98
2024-01-27 06:08:53,19.5,9.73
2024-01-27 06:11:23,23.27,10.32
2024-01-27 06:13:49,21.67,10.23
2024-01-27 06:16:17,29.23,11.18
2024-01-27 06:18:46,30.45,12.3
2024-01-27 06:21:12,22.63,10.38
2024-01-27 06:23:38,26.63,10.43
2024-01-27 06:26:08,26.38,10.43
2024-01-27 06:28:34,19.67,10.05
2024-01-27 06:31:01,30.42,12.18
2024-01-27 06:33:27,29.52,10.95
2024-01-27 06:35:53,23.73,10.65
2024-01-27 06:38:19,25.63,10.6
2024-01-27 06:40:45,27.63,9.85
2024-01-27 06:43:12,29.4,11.93
2024-01-27 06:45:39,23.63,9.45
2024-01-27 06:48:05,34.22,12.0
2024-01-27 06:50:32,24.58,10.43
2024-01-27 06:52:58,24.8,10.45
2024-01-27 06:55:24,19.85,9.5
2024-01-27 06:57:50,23.48,9.82
2024-01-27 07:00:17,24.5,10.73
2024-01-27 07:02:43,25.67,9.57
2024-01-27 07:05:09,27.75,10.65
2024-01-27 07:07:36,21.2,8.4
2024-01-27 07:10:03,34.33,14.32
2024-01-27 07:12:29,46.58,17.92
2024-01-27 07:14:55,43.92,18.8
2024-01-27 07:17:21,37.03,16.9
2024-01-27 07:19:47,47.33,18.4
2024-01-27 07:22:13,47.78,19.25
2024-01-27 07:24:39,44.13,18.3
2024-01-27 07:27:06,43.9,18.27
2024-01-27 07:29:32,48.33,17.77
2024-01-27 07:31:58,40.35,17.98
2024-01-27 07:34:24,30.1,14.48
2024-01-27 07:36:50,38.65,14.73
2024-01-27 07:39:16,38.2,16.02
2024-01-27 07:41:42,31.77,14.5
2024-01-27 07:44:09,24.25,10.18
2024-01-27 07:46:36,37.58,11.8
2024-01-27 07:49:02,28.25,11.88
2024-01-27 07:51:29,14.23,6.05
2024-01-27 07:53:55,23.5,11.7
2024-01-27 07:56:21,17.45,7.47
2024-01-27 07:58:47,34.35,11.48
2024-01-27 08:01:14,29.77,11.77
2024-01-27 08:03:41,29.98,10.25
2024-01-27 08:06:10,14.73,6.43
2024-01-27 08:08:36,11.0,5.0
2024-01-27 08:11:02,15.02,7.1
2024-01-27 08:13:28,50.38,17.85
2024-01-27 08:15:54,13.25,4.88
2024-01-27 08:18:21,14.4,4.0
2024-01-27 08:20:47,10.27,3.95
2024-01-27 08:23:13,15.02,4.3
2024-01-27 08:25:39,9.02,3.6
2024-01-27 08:28:06,8.02,3.05
2024-01-27 08:30:32,8.52,3.45
2024-01-27 08:32:58,12.15,3.95
2024-01-27 08:35:24,10.27,4.75
2024-01-27 08:37:50,12.05,4.93
2024-01-27 08:40:17,17.65,4.65
2024-01-27 08:42:43,11.18,4.22
2024-01-27 08:45:09,11.55,2.88
2024-01-27 08:47:36,9.23,2.65
2024-01-27 08:50:02,10.82,2.83
2024-01-27 08:52:29,11.82,2.92
2024-01-27 08:54:55,5.97,2.72
2024-01-27 08:57:21,8.38,2.28
2024-01-27 08:59:47,6.63,2.13
2024-01-27 09:02:13,8.6,1.92
2024-01-27 09:04:40,8.88,2.58
2024-01-27 09:07:06,6.3,2.15
2024-01-27 09:09:32,5.5,2.75
2024-01-27 09:11:58,9.63,1.9
2024-01-27 09:14:24,8.65,2.75
2024-01-27 09:16:50,5.7,2.03
2024-01-27 09:19:17,7.88,2.75
2024-01-27 09:21:43,11.15,4.3
2024-01-27 09:24:09,3.85,1.3
2024-01-27 09:26:35,20.33,1.98
2024-01-27 09:29:02,19.02,6.03
2024-01-27 09:31:28,3.0,1.52
2024-01-27 09:33:54,6.85,1.58
2024-01-27 09:36:21,4.32,0.85
2024-01-27 09:38:47,4.18,1.33
2024-01-27 09:41:14,2.88,0.98
2024-01-27 09:43:42,3.95,1.15
2024-01-27 09:46:10,2.88,0.95
2024-01-27 09:48:36,4.72,1.77
2024-01-27 09:51:03,3.83,1.45
2024-01-27 09:53:30,4.45,0.98
2024-01-27 09:55:57,4.03,1.25
2024-01-27 09:58:24,7.47,1.0
2024-01-27 10:00:53,12.18,1.17
2024-01-27 10:03:20,5.85,1.02
2024-01-27 10:05:46,5.22,0.9
2024-01-27 10:08:13,5.65,1.6
2024-01-27 10:10:39,4.5,2.03
2024-01-27 10:13:06,3.35,1.38
2024-01-27 10:15:32,3.8,1.8
2024-01-27 10:18:07,4.0,1.3
2024-01-27 10:20:33,7.32,1.52
2024-01-27 10:23:09,3.75,1.23
2024-01-27 10:25:39,2.85,1.33
2024-01-27 10:28:09,4.97,1.17
2024-01-27 10:30:35,8.2,1.08
2024-01-27 10:33:01,2.25,0.8
2024-01-27 10:35:28,3.33,1.33
2024-01-27 10:37:54,3.92,1.3
2024-01-27 10:40:21,7.78,1.85
2024-01-27 10:42:51,9.05,1.48
2024-01-27 10:45:19,3.15,1.2
2024-01-27 10:47:46,11.0,1.77
2024-01-27 10:50:12,4.63,1.5
2024-01-27 10:52:39,6.0,1.3
2024-01-27 10:55:09,7.2,1.98
2024-01-27 10:57:36,3.65,1.33
2024-01-27 11:00:05,6.0,1.23
2024-01-27 11:02:34,5.2,1.08
2024-01-27 11:05:04,3.92,1.1
2024-01-27 11:07:33,6.75,1.45
2024-01-27 11:10:00,2.5,0.95
2024-01-27 11:12:26,1.88,0.9
2024-01-27 11:14:52,2.25,0.8
2024-01-27 11:17:19,4.25,1.05
2024-01-27 11:19:45,3.45,1.15
2024-01-27 11:22:24,3.58,1.25
2024-01-27 11:24:51,4.8,1.2
2024-01-27 11:27:18,5.3,1.45
2024-01-27 11:29:47,6.8,1.25
2024-01-27 11:32:14,1.85,0.9
2024-01-27 11:34:44,5.53,1.02
2024-01-27 11:37:11,6.2,1.3
2024-01-27 11:39:37,3.95,0.8
2024-01-27 11:42:07,3.58,1.02
2024-01-27 11:44:34,6.32,1.08
2024-01-27 11:47:00,3.58,1.0
2024-01-27 11:49:26,3.13,0.8
2024-01-27 11:51:52,2.42,1.0
2024-01-27 11:54:18,3.28,1.1
2024-01-27 11:56:44,6.57,1.3
2024-01-27 11:59:11,5.35,1.35
2024-01-27 12:01:37,2.5,0.93
2024-01-27 12:04:07,4.8,0.85
2024-01-27 12:06:33,3.17,1.33
2024-01-27 12:08:59,3.83,0.8
2024-01-27 12:11:25,1.63,0.88
2024-01-27 12:13:52,3.6,0.95
2024-01-27 12:16:19,6.6,1.3
2024-01-27 12:18:45,3.13,0.73
2024-01-27 12:21:12,4.8,1.0
2024-01-27 12:23:51,7.55,0.57
2024-01-27 12:26:17,1.58,0.73
2024-01-27 12:28:45,2.3,0.9
2024-01-27 12:31:12,6.9,1.0
2024-01-27 12:33:39,2.4,0.63
2024-01-27 12:36:07,4.93,1.4
2024-01-27 12:38:35,1.65,0.6
2024-01-27 12:41:01,3.95,0.8
2024-01-27 12:43:27,5.07,0.9
2024-01-27 12:45:53,1.95,0.75
2024-01-27 12:48:19,6.9,1.15
2024-01-27 12:50:46,2.25,0.88
2024-01-27 12:53:12,4.6,0.9
2024-01-27 12:55:38,4.55,1.52
2024-01-27 12:58:04,6.65,0.68
2024-01-27 13:00:30,3.75,0.73
2024-01-27 13:02:56,1.83,0.9
2024-01-27 13:05:22,1.48,0.6
2024-01-27 13:07:49,4.1,0.9
2024-01-27 13:10:15,1.55,0.7
2024-01-27 13:12:41,3.85,0.88
2024-01-27 13:15:07,4.22,0.9
2024-01-27 13:17:33,2.47,0.6
2024-01-27 13:19:59,3.1,1.25
2024-01-27 13:22:25,8.95,1.4
2024-01-27 13:24:52,6.85,0.9
2024-01-27 13:27:18,1.85,0.63
2024-01-27 13:29:44,2.85,0.82
2024-01-27 13:32:11,3.03,0.65
2024-01-27 13:34:37,6.1,0.6
2024-01-27 13:37:03,6.8,0.75
2024-01-27 13:39:29,2.28,0.8
2024-01-27 13:41:55,3.67,0.77
2024-01-27 13:44:21,1.35,0.6
2024-01-27 13:46:48,2.92,0.63
2024-01-27 13:49:14,2.8,1.3
2024-01-27 13:51:40,8.7,1.08
2024-01-27 13:54:06,4.53,1.25
2024-01-27 13:56:34,3.67,0.6
2024-01-27 13:59:00,3.6,0.73
2024-01-27 14:01:26,2.67,0.7
2024-01-27 14:03:52,2.42,1.08
2024-01-27 14:06:18,2.47,0.7
2024-01-27 14:08:46,6.3,1.35
2024-01-27 14:11:12,4.32,0.6
2024-01-27 14:13:39,4.2,0.8
2024-01-27 14:16:06,3.58,0.8
2024-01-27 14:18:32,6.35,0.88
2024-01-27 14:20:58,9.88,1.7
2024-01-27 14:23:24,6.13,1.15
2024-01-27 14:25:50,3.63,1.05
2024-01-27 14:28:16,7.35,1.17
2024-01-27 14:30:43,7.3,0.98
2024-01-27 14:33:10,5.0,0.95
2024-01-27 14:35:36,6.07,0.95
2024-01-27 14:38:02,2.47,0.9
2024-01-27 14:40:29,3.63,1.1
2024-01-27 14:42:57,8.45,1.1
2024-01-27 14:45:23,1.55,0.7
2024-01-27 14:47:49,3.15,0.9
2024-01-27 14:50:15,2.95,1.2
2024-01-27 14:52:41,3.75,1.13
2024-01-27 14:55:07,2.42,0.98
2024-01-27 14:57:36,4.7,1.13
2024-01-27 15:00:02,2.88,1.02
2024-01-27 15:02:29,1.27,0.6
2024-01-27 15:04:55,3.83,1.65
2024-01-27 15:07:21,2.35,1.2
2024-01-27 15:09:52,3.75,1.05
2024-01-27 15:12:18,5.72,0.9
2024-01-27 15:14:44,2.45,1.0
2024-01-27 15:17:11,3.5,1.25
2024-01-27 15:19:37,8.48,1.35
2024-01-27 15:22:04,2.88,1.27
2024-01-27 15:24:30,9.63,1.27
2024-01-27 15:26:58,4.63,1.27
2024-01-27 15:29:24,2.7,1.02
2024-01-27 15:31:50,7.8,1.85
2024-01-27 15:34:16,4.8,0.98
2024-01-27 15:36:42,3.95,1.48
2024-01-27 15:39:10,9.82,1.3
2024-01-27 15:41:36,5.93,1.23
2024-01-27 15:44:02,4.32,1.25
2024-01-27 15:46:29,11.18,1.15
2024-01-27 15:48:55,2.6,1.1
2024-01-27 15:51:21,7.07,1.75
2024-01-27 15:53:47,5.68,1.05
2024-01-27 15:56:13,5.8,1.35
2024-01-27 15:58:40,2.15,1.05
2024-01-27 16:01:06,4.15,1.48
2024-01-27 16:03:32,3.67,1.1
2024-01-27 16:06:01,5.97,1.9
2024-01-27 16:08:27,4.95,1.77
2024-01-27 16:10:53,6.7,2.35
2024-01-27 16:13:19,5.28,1.33
2024-01-27 16:15:46,12.0,3.03
2024-01-27 16:18:13,6.95,2.2
2024-01-27 16:20:39,14.93,2.33
2024-01-27 16:23:06,5.55,2.0
2024-01-27 16:25:32,6.03,2.08
2024-01-27 16:27:58,10.57,2.0
2024-01-27 16:30:25,5.7,1.55
2024-01-27 16:32:52,9.23,2.33
2024-01-27 16:35:18,5.78,1.92
2024-01-27 16:37:44,5.38,2.0
2024-01-27 16:40:10,11.57,3.13
2024-01-27 16:42:37,10.27,2.67
2024-01-27 16:45:03,10.3,2.17
2024-01-27 16:47:31,11.68,2.9
2024-01-27 16:49:57,10.35,2.55
2024-01-27 16:52:23,7.32,2.0
2024-01-27 16:54:49,6.88,2.63
2024-01-27 16:57:15,9.23,2.72
2024-01-27 16:59:41,10.65,3.03
2024-01-27 17:02:09,13.38,3.47
2024-01-27 17:04:35,17.13,3.4
2024-01-27 17:07:01,12.3,4.35
2024-01-27 17:09:28,10.13,3.67
2024-01-27 17:11:54,11.55,3.58
2024-01-27 17:14:20,10.68,3.88
2024-01-27 17:16:46,10.15,2.97
2024-01-27 17:19:13,9.63,3.35
2024-01-27 17:21:40,12.02,3.4
2024-01-27 17:24:06,20.85,4.82
2024-01-27 17:26:32,13.63,4.63
2024-01-27 17:28:58,20.6,7.43
2024-01-27 17:31:24,18.55,8.43
2024-01-27 17:33:50,23.13,7.45
2024-01-27 17:36:16,27.75,8.63
2024-01-27 17:38:44,25.08,7.9
2024-01-27 17:41:10,19.25,7.38
2024-01-27 17:43:36,17.58,6.35
2024-01-27 17:46:03,28.8,9.9
2024-01-27 17:48:29,19.08,6.75
2024-01-27 17:50:55,11.63,5.1
2024-01-27 17:53:21,11.68,4.82
2024-01-27 17:55:48,10.93,5.0
2024-01-27 17:58:14,10.45,4.4
2024-01-27 18:00:41,9.68,4.3
2024-01-27 18:03:07,15.35,4.32
2024-01-27 18:05:33,12.57,4.3
2024-01-27 18:07:59,14.73,5.13
2024-01-27 18:10:26,20.33,4.43
2024-01-27 18:12:52,11.82,4.03
2024-01-27 18:15:18,12.07,4.53
2024-01-27 18:17:44,9.07,4.22
2024-01-27 18:20:10,8.27,2.88
2024-01-27 18:22:36,12.02,2.55
2024-01-27 18:25:03,7.2,1.9
2024-01-27 18:27:31,7.0,1.63
2024-01-27 18:29:57,4.88,1.92
2024-01-27 18:32:23,8.35,2.67
2024-01-27 18:34:49,11.93,3.58
2024-01-27 18:37:15,11.7,4.22
2024-01-27 18:39:41,9.7,3.83
2024-01-27 18:42:07,9.63,3.85
2024-01-27 18:44:33,11.43,4.3
2024-01-27 18:47:01,6.75,3.17
2024-01-27 18:49:27,10.05,3.2
2024-01-27 18:51:53,9.82,3.88
2024-01-27 18:54:20,11.48,4.25
2024-01-27 18:56:46,11.52,4.97
2024-01-27 18:59:12,7.43,3.08
2024-01-27 19:01:38,9.63,3.72
2024-01-27 19:04:04,11.32,3.3
2024-01-27 19:06:31,7.0,3.65
2024-01-27 19:08:57,5.05,2.83
2024-01-27 19:11:24,8.23,3.7
2024-01-27 19:13:51,7.07,3.2
2024-01-27 19:16:17,11.95,4.57
2024-01-27 19:18:43,10.45,5.28
2024-01-27 19:21:09,8.48,3.65
2024-01-27 19:23:35,9.23,3.72
2024-01-27 19:26:02,7.68,3.3
2024-01-27 19:28:28,11.98,4.1
2024-01-27 19:30:55,9.6,3.47
2024-01-27 19:33:21,11.13,3.65
2024-01-27 19:35:47,8.55,4.1
2024-01-27 19:38:13,4.65,2.08
2024-01-27 19:40:40,4.22,2.0
2024-01-27 19:43:06,6.55,1.58
2024-01-27 19:45:32,10.68,2.13
2024-01-27 19:47:58,7.75,2.3
2024-01-27 19:50:24,4.57,1.4
2024-01-27 19:52:50,4.43,1.23
2024-01-27 19:55:19,3.55,1.35
2024-01-27 19:57:45,4.43,1.4
2024-01-27 20:00:12,3.97,1.9
2024-01-27 20:02:39,5.9,2.35
2024-01-27 20:05:05,7.5,2.1
2024-01-27 20:07:32,10.25,2.0
2024-01-27 20:09:58,10.75,2.58
2024-01-27 20:12:25,12.5,2.7
2024-01-27 20:14:51,7.93,2.1
2024-01-27 20:17:18,9.85,2.7
2024-01-27 20:19:44,7.95,2.8
2024-01-27 20:22:12,7.38,2.4
2024-01-27 20:24:38,10.27,3.08
2024-01-27 20:27:04,10.3,3.4
2024-01-27 20:29:31,8.38,3.13
2024-01-27 20:31:57,7.15,2.33
2024-01-27 20:34:24,10.2,3.25
2024-01-27 20:36:50,12.2,3.1
2024-01-27 20:39:17,3.35,1.83
2024-01-27 20:41:43,7.18,2.05
2024-01-27 20:44:09,4.25,1.8
2024-01-27 20:46:35,6.97,1.85
2024-01-27 20:49:02,8.4,2.75
2024-01-27 20:51:29,4.97,1.9
2024-01-27 20:53:55,4.57,1.77
2024-01-27 20:56:21,5.78,1.98
2024-01-27 20:58:47,6.93,1.7
2024-01-27 21:01:13,8.43,2.4
2024-01-27 21:03:42,4.35,2.33
2024-01-27 21:06:08,6.63,2.75
2024-01-27 21:08:34,6.82,1.67
2024-01-27 21:11:00,5.1,1.8
2024-01-27 21:13:29,6.03,1.85
2024-01-27 21:15:55,7.65,2.2
2024-01-27 21:18:21,6.22,1.95
2024-01-27 21:20:50,5.47,2.28
2024-01-27 21:23:17,3.63,1.7
2024-01-27 21:25:43,7.5,2.08
2024-01-27 21:28:09,4.0,1.45
2024-01-27 21:30:35,6.85,1.7
2024-01-27 21:33:01,4.22,2.03
2024-01-27 21:35:27,3.8,1.73
2024-01-27 21:37:56,4.8,1.67
2024-01-27 21:40:22,3.65,1.5
2024-01-27 21:42:48,5.6,1.9
2024-01-27 21:45:14,5.35,1.7
2024-01-27 21:47:41,5.5,2.45
2024-01-27 21:50:07,9.77,1.98
2024-01-27 21:52:33,7.72,1.65
2024-01-27 21:54:59,4.93,1.95
2024-01-27 21:57:26,8.65,2.22
2024-01-27 21:59:52,8.77,2.85
2024-01-27 22:02:18,7.85,2.33
2024-01-27 22:04:44,8.98,2.63
2024-01-27 22:07:10,9.57,2.65
2024-01-27 22:09:36,11.02,4.43
2024-01-27 22:12:03,10.88,4.72
2024-01-27 22:14:30,6.95,3.5
2024-01-27 22:16:56,6.7,3.65
2024-01-27 22:19:22,8.77,3.5
2024-01-27 22:21:48,8.27,3.47
2024-01-27 22:24:21,11.88,3.08
2024-01-27 22:26:47,6.35,3.03
2024-01-27 22:29:14,6.1,2.63
2024-01-27 22:31:40,7.82,3.3
2024-01-27 22:34:06,9.85,3.3
2024-01-27 22:36:32,9.77,3.72
2024-01-27 22:38:58,7.78,3.13
2024-01-27 22:41:25,10.35,4.3
2024-01-27 22:43:51,12.57,4.2
2024-01-27 22:46:20,11.2,3.35
2024-01-27 22:48:47,7.35,3.65
2024-01-27 22:51:14,6.78,2.72
2024-01-27 22:53:40,9.52,2.83
2024-01-27 22:56:06,11.35,3.55
2024-01-27 22:58:32,5.85,2.8
2024-01-27 23:00:58,13.13,3.45
2024-01-27 23:03:25,10.02,3.13
2024-01-27 23:05:51,9.13,3.35
2024-01-27 23:08:19,7.8,2.63
2024-01-27 23:10:45,9.3,2.97
2024-01-27 23:13:11,4.65,1.65
2024-01-27 23:15:40,3.4,1.6
2024-01-27 23:18:06,3.95,1.77
2024-01-27 23:20:33,2.75,1.3
2024-01-27 23:22:59,5.53,2.22
2024-01-27 23:25:25,5.78,1.38
2024-01-27 23:27:51,4.1,2.45
2024-01-27 23:30:18,2.83,1.3
2024-01-27 23:32:44,8.32,1.8
2024-01-27 23:35:10,4.68,1.5
2024-01-27 23:37:36,6.3,1.4
2024-01-27 23:40:07,4.2,1.35
2024-01-27 23:42:33,5.3,1.67
2024-01-27 23:45:01,7.85,1.6
2024-01-27 23:47:27,3.63,1.52
2024-01-27 23:49:53,4.75,1.52
2024-01-27 23:52:19,2.65,1.33
2024-01-27 23:54:49,7.35,2.28
2024-01-27 23:57:15,4.68,1.55
2024-01-27 23:59:45,5.35,1.95
2024-01-28 00:02:11,7.63,2.65
2024-01-28 00:04:37,5.9,2.53
2024-01-28 00:07:03,4.93,1.9
2024-01-28 00:09:29,5.5,2.4
2024-01-28 00:11:55,5.88,2.58
2024-01-28 00:14:22,5.55,2.08
2024-01-28 00:16:48,4.72,2.28
2024-01-28 00:19:14,8.82,3.05
2024-01-28 00:21:40,3.75,2.15
2024-01-28 00:24:06,8.25,1.5
2024-01-28 00:26:39,4.8,1.63
2024-01-28 00:29:06,11.27,2.22
2024-01-28 00:31:32,6.88,2.03
2024-01-28 00:33:58,6.32,2.38
2024-01-28 00:36:24,9.88,2.7
2024-01-28 00:38:50,7.95,2.13
2024-01-28 00:41:23,9.1,3.0
2024-01-28 00:43:51,8.4,2.7
2024-01-28 00:46:17,6.53,2.53
2024-01-28 00:48:45,7.13,2.25
2024-01-28 00:51:12,6.75,2.45
2024-01-28 00:53:38,6.93,1.75
2024-01-28 00:56:04,6.43,2.22
2024-01-28 00:58:30,3.72,1.45
2024-01-28 01:00:56,5.28,1.48
2024-01-28 01:03:22,4.9,1.4
2024-01-28 01:05:49,5.45,1.27
2024-01-28 01:08:15,2.67,1.05
2024-01-28 01:10:41,2.9,1.25
2024-01-28 01:13:07,2.95,1.0
2024-01-28 01:15:33,4.2,1.23
2024-01-28 01:17:59,2.05,0.8
2024-01-28 01:20:25,6.22,1.35
2024-01-28 01:22:51,2.75,0.82
2024-01-28 01:25:19,4.13,1.48
2024-01-28 01:27:47,3.65,1.65
2024-01-28 01:30:14,4.07,1.1
2024-01-28 01:32:40,5.2,1.4
2024-01-28 01:35:07,3.5,1.08
2024-01-28 01:37:33,5.82,1.1
2024-01-28 01:39:59,2.47,1.17
2024-01-28 01:42:26,4.6,1.27
2024-01-28 01:44:52,5.43,1.8
2024-01-28 01:47:18,3.53,1.33
2024-01-28 01:49:45,6.65,1.5
2024-01-28 01:52:12,6.65,1.48
2024-01-28 01:54:42,8.8,2.05
2024-01-28 01:57:08,3.85,1.52
2024-01-28 01:59:34,5.68,1.83
2024-01-28 02:02:01,3.33,1.38
2024-01-28 02:04:27,4.85,1.85
2024-01-28 02:06:53,4.7,2.08
2024-01-28 02:09:20,7.65,1.67
2024-01-28 02:11:46,5.6,1.88
2024-01-28 02:14:21,6.22,1.6
2024-01-28 02:16:47,3.97,1.4
2024-01-28 02:19:14,3.92,1.6
2024-01-28 02:21:40,6.43,1.65
2024-01-28 02:24:06,3.7,1.45
2024-01-28 02:26:32,6.68,1.8
2024-01-28 02:28:58,3.6,1.48
2024-01-28 02:31:24,5.7,1.63
2024-01-28 02:33:50,4.7,1.95
2024-01-28 02:36:17,5.53,1.5
2024-01-28 02:38:43,6.32,1.77
2024-01-28 02:41:09,3.88,1.55
2024-01-28 02:43:35,4.5,1.52
2024-01-28 02:46:01,6.57,2.05
2024-01-28 02:48:27,4.53,1.8
2024-01-28 02:50:53,6.35,1.27
2024-01-28 02:53:19,3.35,1.42
2024-01-28 02:55:46,4.9,1.25
2024-01-28 02:58:14,4.0,1.33
2024-01-28 03:00:41,2.45,1.35
2024-01-28 03:03:08,5.45,1.9
2024-01-28 03:05:34,3.22,1.5
2024-01-28 03:08:01,1.73,1.15
2024-01-28 03:10:27,6.97,1.67
2024-01-28 03:12:55,2.97,1.52
2024-01-28 03:15:21,4.38,1.3
2024-01-28 03:17:47,3.9,1.9
2024-01-28 03:20:14,4.22,1.5
2024-01-28 03:22:41,5.4,1.4
2024-01-28 03:25:07,5.85,1.4
2024-01-28 03:27:34,3.53,0.9
2024-01-28 03:30:01,2.6,1.4
2024-01-28 03:32:29,2.45,1.13
2024-01-28 03:34:56,3.4,1.3
2024-01-28 03:37:23,5.68,1.33
2024-01-28 03:39:49,5.13,1.48
2024-01-28 03:42:15,3.17,1.27
2024-01-28 03:44:41,2.83,1.05
2024-01-28 03:47:07,2.42,1.3
2024-01-28 03:49:33,3.45,1.25
2024-01-28 03:51:59,3.15,1.2
2024-01-28 03:54:26,7.6,1.8
2024-01-28 03:56:52,6.7,1.85
2024-01-28 03:59:18,7.43,1.7
2024-01-28 04:01:44,4.43,1.65
2024-01-28 04:04:10,5.32,1.83
2024-01-28 04:06:43,3.67,1.8
2024-01-28 04:09:09,8.98,2.45
2024-01-28 04:11:36,6.43,1.2
2024-01-28 04:14:02,3.7,1.63
2024-01-28 04:16:28,10.98,2.38
2024-01-28 04:18:54,3.08,1.8
2024-01-28 04:21:21,4.88,2.17
2024-01-28 04:23:51,7.0,2.45
2024-01-28 04:26:18,4.6,1.6
2024-01-28 04:28:44,12.27,1.77
2024-01-28 04:31:13,6.05,2.35
2024-01-28 04:33:39,9.25,1.85
2024-01-28 04:36:06,3.83,1.8
2024-01-28 04:38:33,8.05,2.22
2024-01-28 04:40:59,4.28,1.77
2024-01-28 04:43:25,3.6,1.6
2024-01-28 04:45:52,3.28,1.63
2024-01-28 04:48:18,12.23,2.0
2024-01-28 04:50:45,5.6,1.58
2024-01-28 04:53:11,6.22,1.75
2024-01-28 04:55:37,5.93,1.75
2024-01-28 04:58:03,4.45,1.42
2024-01-28 05:00:29,6.13,1.63
2024-01-28 05:02:56,6.22,1.38
2024-01-28 05:05:22,3.95,1.52
2024-01-28 05:07:48,7.15,1.75
2024-01-28 05:10:15,2.35,1.3
2024-01-28 05:12:41,4.13,1.65
2024-01-28 05:15:07,5.38,1.5
2024-01-28 05:17:37,9.82,1.75
2024-01-28 05:20:03,6.38,2.15
2024-01-28 05:22:30,7.95,1.7
2024-01-28 05:24:56,5.4,1.88
2024-01-28 05:27:25,4.32,1.3
2024-01-28 05:29:52,5.18,2.13
2024-01-28 05:32:19,3.28,1.1
2024-01-28 05:34:45,4.43,1.85
2024-01-28 05:37:11,4.68,1.42
2024-01-28 05:39:40,5.5,1.6
2024-01-28 05:42:06,5.78,1.38
2024-01-28 05:44:32,8.18,1.35
2024-01-28 05:46:58,2.0,1.3
2024-01-28 05:49:24,4.6,1.27
2024-01-28 05:51:50,3.28,1.05
2024-01-28 05:54:16,6.35,1.83
2024-01-28 05:56:42,3.35,1.4
2024-01-28 05:59:09,3.88,1.48
2024-01-28 06:01:35,3.05,1.52
2024-01-28 06:04:01,5.5,1.05
2024-01-28 06:06:27,5.8,1.75
2024-01-28 06:08:53,4.68,1.0
2024-01-28 06:11:19,3.67,1.7
2024-01-28 06:13:45,5.57,1.65
2024-01-28 06:16:11,5.05,1.4
2024-01-28 06:18:38,6.03,1.8
2024-01-28 06:21:08,4.03,1.83
2024-01-28 06:23:35,6.13,1.73
2024-01-28 06:26:01,8.77,2.08
2024-01-28 06:28:27,7.9,2.75
2024-01-28 06:30:53,7.93,2.33
2024-01-28 06:33:20,5.53,1.98
2024-01-28 06:35:46,6.45,2.6
2024-01-28 06:38:12,6.4,2.45
2024-01-28 06:40:38,13.2,2.85
2024-01-28 06:43:04,6.15,2.0
2024-01-28 06:45:30,5.0,2.03
2024-01-28 06:47:56,3.28,1.13
2024-01-28 06:50:22,6.38,1.55
2024-01-28 06:52:48,4.5,1.83
2024-01-28 06:55:14,11.05,1.63
2024-01-28 06:57:41,4.88,1.5
2024-01-28 07:00:07,6.65,1.85
2024-01-28 07:02:36,4.18,1.75
2024-01-28 07:05:03,11.68,2.47
2024-01-28 07:07:29,11.25,2.92
2024-01-28 07:09:55,6.75,2.1
2024-01-28 07:12:21,4.63,2.3
2024-01-28 07:14:47,6.35,2.3
2024-01-28 07:17:13,8.95,2.95
2024-01-28 07:19:39,8.13,2.8
2024-01-28 07:22:06,9.0,3.7
2024-01-28 07:24:33,8.48,3.03
2024-01-28 07:26:59,9.73,2.78
2024-01-28 07:29:25,9.4,2.72
2024-01-28 07:31:51,6.82,2.45
2024-01-28 07:34:18,7.4,2.8
2024-01-28 07:36:45,5.25,2.17
2024-01-28 07:39:12,9.18,2.7
2024-01-28 07:41:40,13.3,2.3
2024-01-28 07:44:06,11.75,3.53
2024-01-28 07:46:33,6.35,2.78
2024-01-28 07:48:59,5.63,3.08
2024-01-28 07:51:25,10.48,3.33
2024-01-28 07:53:51,16.88,3.13
2024-01-28 07:56:17,8.25,3.2
2024-01-28 07:58:43,10.4,3.28
2024-01-28 08:01:09,14.18,4.05
2024-01-28 08:03:35,9.1,3.47
2024-01-28 08:06:01,4.93,2.72
2024-01-28 08:08:29,8.1,2.55
2024-01-28 08:10:55,7.38,2.85
2024-01-28 08:13:22,8.1,3.03
2024-01-28 08:15:48,8.1,2.55
2024-01-28 08:18:14,6.05,1.8
2024-01-28 08:20:40,5.5,2.28
2024-01-28 08:23:06,5.47,2.0
2024-01-28 08:25:32,2.05,1.5
2024-01-28 08:27:58,5.65,2.22
2024-01-28 08:30:24,10.93,2.13
2024-01-28 08:32:51,2.92,1.7
2024-01-28 08:35:17,6.05,2.22
2024-01-28 08:37:44,6.05,2.35
2024-01-28 08:40:10,4.78,2.05
2024-01-28 08:42:37,9.32,2.28
2024-01-28 08:45:04,4.63,1.8
2024-01-28 08:47:30,6.18,2.3
2024-01-28 08:49:56,7.7,3.22
2024-01-28 08:52:22,6.63,1.65
2024-01-28 08:54:48,6.22,2.1
2024-01-28 08:57:15,2.13,1.33
2024-01-28 08:59:41,5.78,1.65
2024-01-28 09:02:07,5.35,1.98
2024-01-28 09:04:33,1.88,0.95
2024-01-28 09:06:59,4.55,1.73
2024-01-28 09:09:25,4.3,1.42
2024-01-28 09:11:53,3.15,1.38
2024-01-28 09:14:19,5.85,1.27
2024-01-28 09:16:46,3.95,1.5
2024-01-28 09:19:12,1.77,0.82
2024-01-28 09:21:38,8.95,1.2
2024-01-28 09:24:04,4.88,1.77
2024-01-28 09:26:30,8.32,1.9
2024-01-28 09:28:56,7.22,2.13
2024-01-28 09:31:22,8.9,1.63
2024-01-28 09:33:49,2.9,1.27
2024-01-28 09:36:15,4.45,1.92
2024-01-28 09:38:41,8.6,1.45
2024-01-28 09:41:17,2.42,1.38
2024-01-28 09:43:48,6.43,2.47
2024-01-28 09:46:14,4.22,1.63
2024-01-28 09:48:42,5.78,1.92
2024-01-28 09:51:09,4.82,1.67
2024-01-28 09:53:36,8.23,1.38
2024-01-28 09:56:03,2.67,1.5
2024-01-28 09:58:29,9.73,1.98
2024-01-28 10:00:56,3.05,1.65
2024-01-28 10:03:22,4.45,1.75
2024-01-28 10:05:48,4.9,1.73
2024-01-28 10:08:14,9.9,2.0
2024-01-28 10:10:40,3.92,1.3
2024-01-28 10:13:06,6.97,1.88
2024-01-28 10:15:33,7.88,2.7
2024-01-28 10:17:59,3.7,1.42
2024-01-28 10:20:25,5.03,1.33
2024-01-28 10:22:53,2.95,1.6
2024-01-28 10:25:20,6.57,1.83
2024-01-28 10:27:47,7.07,1.6
2024-01-28 10:30:15,3.28,1.45
2024-01-28 10:32:41,5.35,1.9
2024-01-28 10:35:11,6.95,2.13
2024-01-28 10:37:38,3.6,1.85
2024-01-28 10:40:06,2.97,1.75
2024-01-28 10:42:37,12.32,2.78
2024-01-28 10:45:11,5.45,1.48
2024-01-28 10:47:40,7.82,1.63
2024-01-28 10:50:07,5.78,1.25
2024-01-28 10:52:34,3.7,1.5
2024-01-28 10:55:01,6.5,1.75
2024-01-28 10:57:27,5.45,1.88
2024-01-28 10:59:53,10.4,2.08
2024-01-28 11:02:20,3.97,1.38
2024-01-28 11:04:46,3.92,1.73
2024-01-28 11:07:16,3.78,1.75
2024-01-28 11:09:44,5.95,1.6
2024-01-28 11:12:12,4.8,1.05
2024-01-28 11:14:38,4.35,1.7
2024-01-28 11:17:04,6.45,2.35
2024-01-28 11:19:30,3.1,1.48
2024-01-28 11:21:56,6.57,1.77
2024-01-28 11:24:29,4.53,1.85
2024-01-28 11:26:56,7.47,2.6
2024-01-28 11:29:22,7.2,1.92
2024-01-28 11:31:50,5.05,1.45
2024-01-28 11:34:19,5.03,1.8
2024-01-28 11:36:47,9.68,2.05
2024-01-28 11:39:14,2.72,1.5
2024-01-28 11:41:43,4.43,1.6
2024-01-28 11:44:10,9.98,2.15
2024-01-28 11:46:38,5.1,1.83
2024-01-28 11:49:04,4.32,1.3
2024-01-28 11:51:31,3.95,1.65
2024-01-28 11:53:58,5.7,1.73
2024-01-28 11:56:31,5.88,1.27
2024-01-28 11:58:57,5.85,1.4
2024-01-28 12:01:23,2.53,1.15
2024-01-28 12:03:52,3.55,1.63
2024-01-28 12:06:22,9.73,2.03
2024-01-28 12:08:49,4.5,1.25
2024-01-28 12:11:17,4.47,2.28
2024-01-28 12:13:43,3.67,1.9
2024-01-28 12:16:09,6.43,1.75
2024-01-28 12:18:39,8.93,1.8
2024-01-28 12:21:18,5.6,1.9
2024-01-28 12:23:45,5.07,1.52
2024-01-28 12:26:12,4.97,1.38
2024-01-28 12:28:38,3.53,1.8
2024-01-28 12:31:06,3.53,1.6
2024-01-28 12:33:33,5.57,1.42
2024-01-28 12:35:59,16.63,2.3
2024-01-28 12:38:25,3.05,1.58
2024-01-28 12:40:51,5.93,2.3
2024-01-28 12:43:18,7.3,1.98
2024-01-28 12:45:44,5.95,2.08
2024-01-28 12:48:10,9.57,1.85
2024-01-28 12:50:36,5.05,1.85
2024-01-28 12:53:02,4.18,1.67
2024-01-28 12:55:28,6.93,1.63
2024-01-28 12:57:54,4.78,1.8
2024-01-28 13:00:20,4.03,2.85
2024-01-28 13:02:46,6.95,2.13
2024-01-28 13:05:13,5.25,1.75
2024-01-28 13:07:41,3.83,1.6
2024-01-28 13:10:07,9.63,2.0
2024-01-28 13:12:36,3.55,1.67
2024-01-28 13:15:07,6.9,1.98
2024-01-28 13:17:34,3.7,1.63
2024-01-28 13:20:00,8.18,2.17
2024-01-28 13:22:26,8.0,2.58
2024-01-28 13:24:52,10.0,2.28
2024-01-28 13:27:19,4.45,2.17
2024-01-28 13:29:46,6.45,2.1
2024-01-28 13:32:12,6.15,1.8
2024-01-28 13:34:38,4.95,2.95
2024-01-28 13:37:04,10.35,2.35
2024-01-28 13:39:31,4.78,2.3
2024-01-28 13:41:57,4.57,2.08
2024-01-28 13:44:23,5.25,1.9
2024-01-28 13:46:49,5.18,1.9
2024-01-28 13:49:15,5.7,2.3
2024-01-28 13:51:41,11.88,2.7
2024-01-28 13:54:07,7.97,2.47
2024-01-28 13:56:34,7.43,2.65
2024-01-28 13:59:00,6.88,2.7
2024-01-28 14:01:27,5.93,1.9
2024-01-28 14:03:53,6.72,2.6
2024-01-28 14:06:20,8.77,4.22
2024-01-28 14:08:46,10.15,4.05
2024-01-28 14:11:12,12.0,3.0
2024-01-28 14:13:39,5.63,3.08
2024-01-28 14:16:05,7.38,2.0
2024-01-28 14:18:31,6.13,2.08
2024-01-28 14:20:57,10.35,3.3
2024-01-28 14:23:23,9.1,2.65
2024-01-28 14:25:49,5.18,1.75
2024-01-28 14:28:16,9.68,2.65
2024-01-28 14:30:42,6.47,2.13
2024-01-28 14:33:08,5.22,2.35
2024-01-28 14:35:36,6.93,2.33
2024-01-28 14:38:02,8.73,2.97
2024-01-28 14:40:28,5.1,2.42
2024-01-28 14:42:54,11.55,3.53
2024-01-28 14:45:20,5.65,3.25
2024-01-28 14:47:47,6.9,2.72
2024-01-28 14:50:13,7.5,2.67
2024-01-28 14:52:40,10.0,3.15
2024-01-28 14:55:07,7.65,3.25
2024-01-28 14:57:33,7.95,3.65
2024-01-28 14:59:59,6.68,2.45
2024-01-28 15:02:25,8.88,3.1
2024-01-28 15:04:54,5.18,2.65
2024-01-28 15:07:20,6.13,2.78
2024-01-28 15:09:46,4.72,2.4
2024-01-28 15:12:12,6.0,2.08
2024-01-28 15:14:38,6.22,3.45
2024-01-28 15:17:04,5.13,2.1
2024-01-28 15:19:31,4.47,2.2
2024-01-28 15:21:57,6.9,2.7
2024-01-28 15:24:23,7.5,2.22
2024-01-28 15:26:49,3.65,1.65
2024-01-28 15:29:16,5.88,2.88
2024-01-28 15:31:45,4.25,2.15
2024-01-28 15:34:11,4.82,2.42
2024-01-28 15:36:38,6.43,1.8
2024-01-28 15:39:05,5.32,2.4
2024-01-28 15:41:31,4.25,2.0
2024-01-28 15:43:58,4.07,2.05
2024-01-28 15:46:24,5.8,2.03
2024-01-28 15:48:51,2.67,1.77
2024-01-28 15:51:17,5.55,1.9
2024-01-28 15:53:43,3.85,2.03
2024-01-28 15:56:09,4.32,2.17
2024-01-28 15:58:35,4.78,1.9
2024-01-28 16:01:02,3.9,1.8
2024-01-28 16:03:29,4.65,1.95
2024-01-28 16:05:55,5.38,1.8
2024-01-28 16:08:22,3.85,2.15
2024-01-28 16:10:48,4.6,1.92
2024-01-28 16:13:15,6.32,1.92
2024-01-28 16:15:41,5.1,2.33
2024-01-28 16:18:07,6.3,2.1
2024-01-28 16:20:33,6.0,1.88
2024-01-28 16:22:59,4.53,2.45
2024-01-28 16:25:26,4.32,1.7
2024-01-28 16:28:02,7.57,3.55
2024-01-28 16:30:28,3.63,1.88
2024-01-28 16:32:54,3.8,1.98
2024-01-28 16:35:20,7.9,2.5
2024-01-28 16:37:47,5.43,1.8
2024-01-28 16:40:14,5.63,2.7
2024-01-28 16:42:40,4.85,2.4
2024-01-28 16:45:06,7.65,1.85
2024-01-28 16:47:33,3.85,2.1
2024-01-28 16:49:59,4.78,1.8
2024-01-28 16:52:25,5.1,2.55
2024-01-28 16:54:51,10.45,4.85
2024-01-28 16:57:18,10.55,3.85
2024-01-28 16:59:44,4.07,2.5
2024-01-28 17:02:10,6.2,2.85
2024-01-28 17:04:36,6.47,3.5
2024-01-28 17:07:02,4.38,2.72
2024-01-28 17:09:28,3.17,1.9
2024-01-28 17:11:54,9.77,3.3
2024-01-28 17:14:22,6.2,3.1
2024-01-28 17:16:48,9.07,4.03
2024-01-28 17:19:14,8.23,2.9
2024-01-28 17:21:41,7.63,3.45
2024-01-28 17:24:07,5.05,2.67
2024-01-28 17:26:34,5.1,2.6
2024-01-28 17:29:06,6.0,2.83
2024-01-28 17:31:33,8.0,3.03
2024-01-28 17:34:00,9.25,3.78
2024-01-28 17:36:26,5.2,2.83
2024-01-28 17:38:54,6.07,3.22
2024-01-28 17:41:20,6.95,3.7
2024-01-28 17:43:46,10.93,5.25
2024-01-28 17:46:14,7.03,2.9
2024-01-28 17:48:40,11.63,4.8
2024-01-28 17:51:07,10.05,4.4
2024-01-28 17:53:33,9.13,4.13
2024-01-28 17:55:59,13.3,6.1
2024-01-28 17:58:25,11.68,5.32
2024-01-28 18:00:51,16.58,4.65
2024-01-28 18:03:17,12.35,5.32
2024-01-28 18:05:45,11.32,4.82
2024-01-28 18:08:12,8.48,2.9
2024-01-28 18:10:38,7.93,4.03
2024-01-28 18:13:04,12.0,4.55
2024-01-28 18:15:31,7.53,3.92
2024-01-28 18:17:57,10.25,3.2
2024-01-28 18:20:23,7.0,3.58
2024-01-28 18:22:50,10.8,5.8
2024-01-28 18:25:16,15.45,6.18
2024-01-28 18:27:43,10.77,5.05
2024-01-28 18:30:09,6.03,3.25
2024-01-28 18:32:35,8.23,3.9
2024-01-28 18:35:01,5.35,2.75
2024-01-28 18:37:28,5.78,2.42
2024-01-28 18:39:54,7.25,2.78
2024-01-28 18:42:20,6.97,2.65
2024-01-28 18:44:46,5.55,3.47
2024-01-28 18:47:13,8.43,3.05
2024-01-28 18:49:40,6.1,3.2
2024-01-28 18:52:06,5.57,3.17
2024-01-28 18:54:32,5.97,2.97
2024-01-28 18:56:58,5.93,2.88
2024-01-28 18:59:24,4.88,2.6
2024-01-28 19:01:51,9.98,3.83
2024-01-28 19:04:17,5.97,2.2
2024-01-28 19:06:43,7.0,2.6
2024-01-28 19:09:10,6.07,2.78
2024-01-28 19:11:38,5.25,3.1
2024-01-28 19:14:05,9.95,3.8
2024-01-28 19:16:35,7.78,2.25
2024-01-28 19:19:01,7.72,2.72
2024-01-28 19:21:27,9.98,3.88
2024-01-28 19:23:53,6.6,2.75
2024-01-28 19:26:20,5.63,2.4
2024-01-28 19:28:49,5.22,3.15
2024-01-28 19:31:16,6.35,3.1
2024-01-28 19:33:42,4.8,2.72
2024-01-28 19:36:08,4.97,2.3
2024-01-28 19:38:34,5.68,3.0
2024-01-28 19:41:00,5.0,2.67
2024-01-28 19:43:27,7.0,3.15
2024-01-28 19:45:53,8.75,3.15
2024-01-28 19:48:19,6.05,2.7
2024-01-28 19:50:45,11.18,3.65
2024-01-28 19:53:17,5.53,2.83
2024-01-28 19:55:44,3.88,2.75
2024-01-28 19:58:10,10.43,3.63
2024-01-28 20:00:38,10.35,3.47
2024-01-28 20:03:04,6.43,3.4
2024-01-28 20:05:30,5.1,3.15
2024-01-28 20:07:57,9.77,4.0
2024-01-28 20:10:23,6.53,2.95
2024-01-28 20:12:49,6.15,3.15
2024-01-28 20:15:16,8.68,3.88
2024-01-28 20:17:42,17.08,5.45
2024-01-28 20:20:08,6.75,3.5
2024-01-28 20:22:40,9.35,3.58
2024-01-28 20:25:06,4.8,3.03
2024-01-28 20:27:32,6.82,3.92
2024-01-28 20:29:58,11.43,3.83
2024-01-28 20:32:24,10.43,4.28
2024-01-28 20:34:50,6.1,3.6
2024-01-28 20:37:16,11.1,3.9
2024-01-28 20:39:42,8.98,4.75
2024-01-28 20:42:09,9.55,4.13
2024-01-28 20:44:36,6.5,3.35
2024-01-28 20:47:02,8.38,4.3
2024-01-28 20:49:33,8.8,3.8
2024-01-28 20:52:00,10.8,3.83
2024-01-28 20:54:26,11.5,4.82
2024-01-28 20:56:54,11.4,4.63
2024-01-28 20:59:21,12.5,6.13
2024-01-28 21:01:47,9.6,4.45
2024-01-28 21:04:13,12.65,4.82
2024-01-28 21:06:39,9.88,4.6
2024-01-28 21:09:05,10.05,5.2
2024-01-28 21:11:31,13.5,4.78
2024-01-28 21:13:57,12.38,4.6
2024-01-28 21:16:23,15.23,4.63
2024-01-28 21:18:49,9.45,4.7
2024-01-28 21:21:16,7.2,3.5
2024-01-28 21:23:42,11.8,4.15
2024-01-28 21:26:08,12.98,5.13
2024-01-28 21:28:34,12.88,4.65
2024-01-28 21:31:00,13.35,4.32
2024-01-28 21:33:26,7.95,4.25
2024-01-28 21:35:52,9.3,4.8
2024-01-28 21:38:18,11.45,4.8
2024-01-28 21:40:44,13.65,4.78
2024-01-28 21:43:10,8.27,4.72
2024-01-28 21:45:39,12.38,4.55
2024-01-28 21:48:05,14.75,4.7
2024-01-28 21:50:31,13.0,4.6
2024-01-28 21:52:57,10.43,4.38
2024-01-28 21:55:23,10.2,4.75
2024-01-28 21:57:49,8.73,4.4
2024-01-28 22:00:15,10.07,4.75
2024-01-28 22:02:42,12.63,5.47
2024-01-28 22:05:08,9.82,4.72
2024-01-28 22:07:36,10.98,4.78
2024-01-28 22:10:02,11.32,5.2
2024-01-28 22:12:28,14.5,6.2
2024-01-28 22:14:54,13.57,6.57
2024-01-28 22:17:21,18.73,6.45
2024-01-28 22:19:47,17.05,7.65
2024-01-28 22:22:14,16.73,7.25
2024-01-28 22:24:40,17.23,5.93
2024-01-28 22:27:06,14.52,5.3
2024-01-28 22:29:32,17.08,6.55
2024-01-28 22:31:58,16.48,7.32
2024-01-28 22:34:24,21.67,9.02
2024-01-28 22:36:50,11.6,5.95
2024-01-28 22:39:16,11.38,6.3
2024-01-28 22:41:42,13.1,5.55
2024-01-28 22:44:08,13.38,5.97
2024-01-28 22:46:35,14.2,5.0
2024-01-28 22:49:01,13.93,5.6
2024-01-28 22:51:27,13.43,6.1
2024-01-28 22:53:53,11.3,5.05
2024-01-28 22:56:19,14.18,5.45
2024-01-28 22:58:45,14.65,4.97
2024-01-28 23:01:11,12.0,5.13
2024-01-28 23:03:38,16.1,5.95
2024-01-28 23:06:04,17.15,6.7
2024-01-28 23:08:30,13.48,5.8
2024-01-28 23:10:57,16.58,6.72
2024-01-28 23:13:23,16.45,6.32
2024-01-28 23:15:49,15.23,6.95
2024-01-28 23:18:15,13.25,6.55
2024-01-28 23:20:41,14.93,6.38
2024-01-28 23:23:07,14.82,6.78
2024-01-28 23:25:34,12.82,6.25
2024-01-28 23:28:00,15.65,6.3
2024-01-28 23:30:29,13.25,6.47
2024-01-28 23:32:55,13.13,6.63
2024-01-28 23:35:21,13.85,6.63
2024-01-28 23:37:47,14.27,7.0
2024-01-28 23:40:13,20.6,8.75
2024-01-28 23:42:39,13.95,7.18
2024-01-28 23:45:07,16.7,6.85
2024-01-28 23:47:36,18.45,6.07
2024-01-28 23:50:03,11.75,5.68
2024-01-28 23:52:29,10.73,5.82
2024-01-28 23:54:55,15.07,6.78
2024-01-28 23:57:22,15.73,7.22
2024-01-28 23:59:48,16.55,6.72
2024-01-29 00:02:14,17.13,7.18
2024-01-29 00:04:40,13.48,6.2
2024-01-29 00:07:06,14.0,6.55
2024-01-29 00:09:32,12.55,6.68
2024-01-29 00:11:59,13.45,6.47
2024-01-29 00:14:25,14.38,6.35
2024-01-29 00:16:51,11.7,5.5
2024-01-29 00:19:17,20.58,6.18
2024-01-29 00:21:43,11.57,5.55
2024-01-29 00:24:09,16.0,6.97
2024-01-29 00:26:39,11.6,5.95
2024-01-29 00:29:05,15.3,6.38
2024-01-29 00:31:31,13.48,6.55
2024-01-29 00:33:57,12.77,6.8
2024-01-29 00:36:23,14.52,7.5
2024-01-29 00:38:49,13.15,6.45
2024-01-29 00:41:15,15.18,6.72
2024-01-29 00:43:41,18.67,7.1
2024-01-29 00:46:08,11.8,6.72
2024-01-29 00:48:34,15.23,6.82
2024-01-29 00:51:00,16.33,8.02
2024-01-29 00:53:26,12.25,6.0
2024-01-29 00:55:52,14.63,7.88
2024-01-29 00:58:19,17.95,7.45
2024-01-29 01:00:45,17.13,7.32
2024-01-29 01:03:13,16.92,7.85
2024-01-29 01:05:39,16.15,7.28
2024-01-29 01:08:05,17.27,7.32
2024-01-29 01:10:32,18.05,8.1
2024-01-29 01:12:59,14.18,7.13
2024-01-29 01:15:25,21.05,8.32
2024-01-29 01:17:51,18.17,8.5
2024-01-29 01:20:17,19.6,8.05
2024-01-29 01:22:43,18.45,7.93
2024-01-29 01:25:10,20.48,7.4
2024-01-29 01:27:36,17.83,7.55
2024-01-29 01:30:02,14.48,7.3
2024-01-29 01:32:28,13.85,7.28
2024-01-29 01:34:54,13.82,5.78
2024-01-29 01:37:20,16.0,6.85
2024-01-29 01:39:46,16.98,6.88
2024-01-29 01:42:17,11.3,6.18
2024-01-29 01:44:44,16.3,7.45
2024-01-29 01:47:11,14.23,6.53
2024-01-29 01:49:37,12.4,6.22
2024-01-29 01:52:04,10.32,5.82
2024-01-29 01:54:30,11.93,5.0
2024-01-29 01:56:57,13.4,5.97
2024-01-29 01:59:23,13.13,5.75
2024-01-29 02:01:50,17.23,5.45
2024-01-29 02:04:16,13.18,5.18
2024-01-29 02:06:42,9.85,5.45
2024-01-29 02:09:09,14.45,5.25
2024-01-29 02:11:35,11.75,5.85
2024-01-29 02:14:01,13.13,5.78
2024-01-29 02:16:27,14.55,5.25
2024-01-29 02:18:53,10.73,5.38
2024-01-29 02:21:19,13.4,5.93
2024-01-29 02:23:45,12.4,5.32
2024-01-29 02:26:12,9.57,5.2
2024-01-29 02:28:38,15.07,5.75
2024-01-29 02:31:04,9.25,4.22
2024-01-29 02:33:30,10.55,5.88
2024-01-29 02:35:56,11.15,5.75
2024-01-29 02:38:22,14.82,5.68
2024-01-29 02:40:49,10.6,5.65
2024-01-29 02:43:15,10.93,5.2
2024-01-29 02:45:41,9.3,5.32
2024-01-29 02:48:07,11.63,4.75
2024-01-29 02:50:33,9.45,4.2
2024-01-29 02:52:59,10.23,5.28
2024-01-29 02:55:25,18.25,6.22
2024-01-29 02:57:51,11.63,4.9
2024-01-29 03:00:17,10.45,5.6
2024-01-29 03:02:43,11.2,5.55
2024-01-29 03:05:10,9.45,5.32
2024-01-29 03:07:36,12.0,5.93
2024-01-29 03:10:02,14.98,5.47
2024-01-29 03:12:28,10.6,4.95
2024-01-29 03:14:54,12.07,6.0
2024-01-29 03:17:20,13.45,5.93
2024-01-29 03:19:46,13.77,5.82
2024-01-29 03:22:12,14.25,6.35
2024-01-29 03:24:38,13.85,6.18
2024-01-29 03:27:04,13.65,5.3
2024-01-29 03:29:30,14.38,5.82
2024-01-29 03:31:56,10.5,5.72
2024-01-29 03:34:22,12.63,5.93
2024-01-29 03:36:49,13.85,5.88
2024-01-29 03:39:15,11.82,5.0
2024-01-29 03:41:41,13.38,6.0
2024-01-29 03:44:07,11.63,5.13
2024-01-29 03:46:33,14.85,6.07
2024-01-29 03:48:59,11.02,5.47
2024-01-29 03:51:25,10.5,5.6
2024-01-29 03:53:51,11.77,4.82
2024-01-29 03:56:17,14.2,5.5
2024-01-29 03:58:43,9.63,5.03
2024-01-29 04:01:09,11.15,4.93
2024-01-29 04:03:37,11.3,5.3
2024-01-29 04:06:04,12.93,5.0
2024-01-29 04:08:31,8.93,5.13
2024-01-29 04:10:57,9.98,5.3
2024-01-29 04:13:23,13.7,5.38
2024-01-29 04:15:49,11.93,5.38
2024-01-29 04:18:15,12.15,6.05
2024-01-29 04:20:41,13.43,6.07
2024-01-29 04:23:07,12.5,5.65
2024-01-29 04:25:34,9.77,5.4
2024-01-29 04:28:00,12.27,5.47
2024-01-29 04:30:26,12.0,5.35
2024-01-29 04:32:52,10.15,4.68
2024-01-29 04:35:18,9.93,5.25
2024-01-29 04:37:44,9.77,5.15
2024-01-29 04:40:10,10.4,4.6
2024-01-29 04:42:37,9.7,5.13
2024-01-29 04:45:03,10.13,5.43
2024-01-29 04:47:29,9.18,5.18
2024-01-29 04:49:55,12.55,5.53
2024-01-29 04:52:21,12.15,5.22
2024-01-29 04:54:47,9.5,5.0
2024-01-29 04:57:13,8.77,4.47
2024-01-29 04:59:39,14.2,4.4
2024-01-29 05:02:05,12.9,5.15
2024-01-29 05:04:31,10.38,5.38
2024-01-29 05:06:57,11.55,4.97
2024-01-29 05:09:24,8.95,5.28
2024-01-29 05:11:50,13.27,5.95
2024-01-29 05:14:16,14.43,5.57
2024-01-29 05:16:42,9.7,5.13
2024-01-29 05:19:08,11.98,5.22
2024-01-29 05:21:34,13.88,5.65
2024-01-29 05:24:00,12.45,5.7
2024-01-29 05:26:26,15.18,5.55
2024-01-29 05:28:52,13.7,5.28
2024-01-29 05:31:18,12.35,5.53
2024-01-29 05:33:44,12.6,5.25
2024-01-29 05:36:10,12.1,5.7
2024-01-29 05:38:38,8.8,5.03
2024-01-29 05:41:04,11.68,5.65
2024-01-29 05:43:31,11.6,5.03
2024-01-29 05:45:57,11.38,6.4
2024-01-29 05:48:23,13.75,6.03
2024-01-29 05:50:49,14.63,6.07
2024-01-29 05:53:15,13.3,6.32
2024-01-29 05:55:45,15.18,6.03
2024-01-29 05:58:11,13.13,6.18
2024-01-29 06:00:38,11.73,6.13
2024-01-29 06:03:04,13.77,5.78
2024-01-29 06:05:30,16.45,6.18
2024-01-29 06:07:56,13.3,5.8
2024-01-29 06:10:22,15.15,6.5
2024-01-29 06:12:48,17.05,5.9
2024-01-29 06:15:14,10.48,5.55
2024-01-29 06:17:40,10.6,6.03
2024-01-29 06:20:07,18.9,5.88
2024-01-29 06:22:33,13.4,5.88
2024-01-29 06:24:59,19.88,6.75
2024-01-29 06:27:25,11.4,6.28
2024-01-29 06:29:51,15.13,5.28
2024-01-29 06:32:17,16.08,6.72
2024-01-29 06:34:43,19.73,6.43
2024-01-29 06:37:10,12.4,6.53
2024-01-29 06:39:36,15.73,6.72
2024-01-29 06:42:02,17.58,6.78
2024-01-29 06:44:29,12.65,6.15
2024-01-29 06:46:55,14.05,6.15
2024-01-29 06:49:28,17.3,8.9
2024-01-29 06:51:55,22.45,10.7
2024-01-29 06:54:22,26.9,11.38
2024-01-29 06:56:49,26.15,11.77
2024-01-29 06:59:15,28.38,11.77
2024-01-29 07:01:41,24.77,11.85
2024-01-29 07:04:07,21.8,11.45
2024-01-29 07:06:33,22.35,12.35
2024-01-29 07:08:59,27.77,12.13
2024-01-29 07:11:25,27.5,12.27
2024-01-29 07:13:52,22.27,12.55
2024-01-29 07:16:18,26.13,11.85
2024-01-29 07:18:44,32.03,12.73
2024-01-29 07:21:10,25.2,12.32
2024-01-29 07:23:37,28.27,12.13
2024-01-29 07:26:03,37.97,14.65
2024-01-29 07:28:29,34.45,15.13
2024-01-29 07:30:56,27.13,13.73
2024-01-29 07:33:22,30.0,13.27
2024-01-29 07:35:49,27.4,12.55
2024-01-29 07:38:15,43.53,15.68
2024-01-29 07:40:41,26.7,12.4
2024-01-29 07:43:07,32.55,14.93
2024-01-29 07:45:33,33.55,14.63
2024-01-29 07:47:59,50.08,14.2
2024-01-29 07:50:25,30.92,14.0
2024-01-29 07:52:51,35.53,13.23
2024-01-29 07:55:18,30.15,12.3
2024-01-29 07:57:45,37.2,13.93
2024-01-29 08:00:11,24.45,10.73
2024-01-29 08:02:38,46.63,15.1
2024-01-29 08:05:04,33.67,12.2
2024-01-29 08:07:30,35.3,13.95
2024-01-29 08:09:56,20.63,11.7
2024-01-29 08:12:26,24.83,11.13
2024-01-29 08:14:52,23.05,10.38
2024-01-29 08:17:18,25.73,10.8
2024-01-29 08:19:45,27.48,11.1
2024-01-29 08:22:11,20.98,8.88
2024-01-29 08:24:37,22.55,9.52
2024-01-29 08:27:03,23.85,10.6
2024-01-29 08:29:30,21.1,9.95
2024-01-29 08:31:56,22.65,10.65
2024-01-29 08:34:22,25.1,8.98
2024-01-29 08:36:49,20.45,7.57
2024-01-29 08:39:15,17.35,8.7
2024-01-29 08:41:42,26.85,11.18
2024-01-29 08:44:09,30.1,11.35
2024-01-29 08:46:36,16.13,7.7
2024-01-29 08:49:02,10.38,4.8
2024-01-29 08:51:28,10.93,4.25
2024-01-29 08:53:54,9.02,5.0
2024-01-29 08:56:21,9.23,4.43
2024-01-29 08:58:47,8.15,4.75
2024-01-29 09:01:13,9.57,4.78
2024-01-29 09:03:39,9.45,5.35
2024-01-29 09:06:05,9.3,4.78
2024-01-29 09:08:31,10.43,5.53
2024-01-29 09:10:58,11.65,4.7
2024-01-29 09:13:24,18.08,8.82
2024-01-29 09:15:50,14.8,6.05
2024-01-29 09:18:16,14.18,6.63
2024-01-29 09:20:42,10.05,5.4
2024-01-29 09:23:08,9.5,5.75
2024-01-29 09:25:34,12.9,6.5
2024-01-29 09:28:00,10.0,5.05
2024-01-29 09:30:26,11.93,6.13
2024-01-29 09:32:52,8.2,4.93
2024-01-29 09:35:18,9.8,5.4
2024-01-29 09:37:44,9.7,4.97
2024-01-29 09:40:10,13.23,5.55
2024-01-29 09:42:40,10.35,4.95
2024-01-29 09:45:07,9.4,4.22
2024-01-29 09:47:33,10.82,5.07
2024-01-29 09:50:01,16.08,5.82
2024-01-29 09:52:27,13.75,5.53
2024-01-29 09:54:54,10.95,5.07
2024-01-29 09:57:20,9.15,4.97
2024-01-29 09:59:46,12.45,5.43
2024-01-29 10:02:12,11.27,5.95
2024-01-29 10:04:40,11.25,5.57
2024-01-29 10:07:06,8.95,4.47
2024-01-29 10:09:32,10.5,4.97
2024-01-29 10:11:58,10.57,5.07
2024-01-29 10:14:25,8.68,4.8
2024-01-29 10:16:52,10.05,4.35
2024-01-29 10:19:18,11.27,5.03
2024-01-29 10:21:44,12.55,5.6
2024-01-29 10:24:12,11.9,4.9
2024-01-29 10:26:38,13.52,6.75
2024-01-29 10:29:05,12.98,4.35
2024-01-29 10:31:32,14.05,5.85
2024-01-29 10:33:58,17.85,9.2
2024-01-29 10:36:25,7.85,5.32
2024-01-29 10:38:51,9.13,4.97
2024-01-29 10:41:18,10.93,5.68
2024-01-29 10:43:49,10.65,5.22
2024-01-29 10:46:17,8.98,5.38
2024-01-29 10:48:44,10.02,5.8
2024-01-29 10:51:11,12.75,5.53
2024-01-29 10:53:38,7.9,4.43
2024-01-29 10:56:05,12.4,4.3
2024-01-29 10:58:31,8.1,3.6
2024-01-29 11:00:58,8.32,4.57
2024-01-29 11:03:25,12.65,5.57
2024-01-29 11:06:35,10.18,4.28
2024-01-29 11:08:41,9.38,5.05
2024-01-29 11:11:10,13.88,4.97
2024-01-29 11:13:36,8.35,4.35
2024-01-29 11:16:03,9.98,5.15
2024-01-29 11:18:32,10.65,5.1
2024-01-29 11:20:59,9.48,4.93
2024-01-29 11:23:25,10.77,5.1
2024-01-29 11:25:53,5.97,3.58
2024-01-29 11:28:24,6.47,4.35
2024-01-29 11:30:50,8.8,4.75
2024-01-29 11:33:18,9.25,4.5
2024-01-29 11:35:44,7.65,4.0
2024-01-29 11:38:11,9.0,4.3
2024-01-29 11:40:38,6.25,4.15
2024-01-29 11:43:15,7.88,3.58
2024-01-29 11:45:52,8.07,3.75
2024-01-29 11:48:20,7.1,3.78
2024-01-29 11:50:47,7.25,4.2
2024-01-29 11:53:14,8.8,4.15
2024-01-29 11:55:41,6.75,3.5
2024-01-29 11:58:25,8.05,4.05
2024-01-29 12:00:52,5.82,3.83
2024-01-29 12:03:22,5.0,3.0
2024-01-29 12:05:48,7.4,3.7
2024-01-29 12:08:16,6.18,3.28
2024-01-29 12:10:43,8.48,4.15
2024-01-29 12:13:12,6.82,3.88
2024-01-29 12:15:39,10.73,3.38
2024-01-29 12:18:05,5.8,3.3
2024-01-29 12:20:35,7.03,3.67
2024-01-29 12:23:01,7.4,3.3
2024-01-29 12:25:27,7.63,3.55
2024-01-29 12:28:01,9.02,3.47
2024-01-29 12:30:28,6.47,3.72
2024-01-29 12:32:54,5.45,3.45
2024-01-29 12:35:26,6.03,3.6
2024-01-29 12:38:06,8.65,3.85
2024-01-29 12:40:35,7.97,4.13
2024-01-29 12:43:02,6.6,3.85
2024-01-29 12:45:29,6.55,3.67
2024-01-29 12:48:03,7.85,4.5
2024-01-29 12:50:30,10.43,4.05
2024-01-29 12:52:56,7.43,3.75
2024-01-29 12:55:22,9.6,4.53
2024-01-29 12:57:48,7.72,3.8
2024-01-29 13:00:15,9.15,4.38
2024-01-29 13:02:41,8.27,4.0
2024-01-29 13:05:07,9.07,4.22
2024-01-29 13:07:33,6.78,3.9
2024-01-29 13:10:00,9.32,4.93
2024-01-29 13:12:29,7.5,4.13
2024-01-29 13:14:55,8.32,3.97
2024-01-29 13:17:21,5.32,3.0
2024-01-29 13:19:47,6.35,3.17
2024-01-29 13:22:13,6.7,3.53
2024-01-29 13:24:39,6.65,3.13
2024-01-29 13:27:05,6.68,3.28
2024-01-29 13:29:31,9.7,4.5
2024-01-29 13:31:57,6.43,3.38
2024-01-29 13:34:23,6.8,3.63
2024-01-29 13:36:49,5.18,2.97
2024-01-29 13:39:16,7.95,3.67
2024-01-29 13:41:43,11.18,4.15
2024-01-29 13:44:12,9.02,3.7
2024-01-29 13:46:38,5.93,3.22
2024-01-29 13:49:05,5.5,3.1
2024-01-29 13:51:31,10.2,3.4
2024-01-29 13:53:57,7.72,3.45
2024-01-29 13:56:23,5.45,3.47
2024-01-29 13:58:49,6.63,3.88
2024-01-29 14:01:15,6.63,3.85
2024-01-29 14:03:43,11.07,3.75
2024-01-29 14:06:12,6.05,3.17
2024-01-29 14:08:38,8.77,4.03
2024-01-29 14:11:06,8.57,4.15
2024-01-29 14:13:33,9.07,4.72
2024-01-29 14:15:59,7.93,3.9
2024-01-29 14:18:27,15.27,6.2
2024-01-29 14:20:53,6.95,3.42
2024-01-29 14:23:19,14.1,3.45
2024-01-29 14:25:45,5.25,3.15
2024-01-29 14:28:11,14.95,3.97
2024-01-29 14:30:37,9.9,4.38
2024-01-29 14:33:04,8.38,3.72
2024-01-29 14:35:30,8.35,3.7
2024-01-29 14:37:56,8.35,3.9
2024-01-29 14:40:22,9.07,4.3
2024-01-29 14:42:48,9.8,5.6
2024-01-29 14:45:14,11.52,4.9
2024-01-29 14:47:40,9.0,4.28
2024-01-29 14:50:06,15.1,5.97
2024-01-29 14:52:32,12.63,5.13
2024-01-29 14:54:58,10.13,4.8
2024-01-29 14:57:25,15.18,4.88
2024-01-29 14:59:51,9.07,4.72
2024-01-29 15:02:17,10.93,4.9
2024-01-29 15:04:43,7.63,4.45
2024-01-29 15:07:10,7.5,4.45
2024-01-29 15:09:36,10.9,4.78
2024-01-29 15:12:02,11.52,5.32
2024-01-29 15:14:29,12.48,5.6
2024-01-29 15:17:01,8.7,4.78
2024-01-29 15:19:28,9.02,4.82
2024-01-29 15:21:54,11.18,5.55
2024-01-29 15:24:21,10.6,5.5
2024-01-29 15:26:47,11.07,5.35
2024-01-29 15:29:13,12.02,5.07
2024-01-29 15:31:39,15.13,6.53
2024-01-29 15:34:05,12.73,5.32
2024-01-29 15:36:32,14.1,6.07
2024-01-29 15:38:58,15.7,5.93
2024-01-29 15:41:26,11.85,5.7
2024-01-29 15:43:55,16.15,7.03
2024-01-29 15:46:22,12.35,6.2
2024-01-29 15:48:48,19.05,7.53
2024-01-29 15:51:14,20.83,7.93
2024-01-29 15:53:40,16.48,6.93
2024-01-29 15:56:06,13.65,6.65
2024-01-29 15:58:32,16.85,7.13
2024-01-29 16:00:58,14.4,6.35
2024-01-29 16:03:24,12.63,6.8
2024-01-29 16:05:51,13.93,6.43
2024-01-29 16:08:17,11.93,5.18
2024-01-29 16:10:43,16.02,6.25
2024-01-29 16:13:09,8.98,5.53
2024-01-29 16:15:35,11.43,6.2
2024-01-29 16:18:02,18.52,6.7
2024-01-29 16:20:31,15.45,6.32
2024-01-29 16:22:58,11.35,6.0
2024-01-29 16:25:24,12.02,6.3
2024-01-29 16:27:50,13.9,6.4
2024-01-29 16:30:16,11.0,5.88
2024-01-29 16:32:42,12.07,6.03
2024-01-29 16:35:11,13.27,6.38
2024-01-29 16:37:38,14.77,5.47
2024-01-29 16:40:05,14.13,5.82
2024-01-29 16:42:31,12.48,6.15
2024-01-29 16:44:57,10.57,5.72
2024-01-29 16:47:23,14.23,5.55
2024-01-29 16:49:49,14.8,5.22
2024-01-29 16:52:15,19.83,6.57
2024-01-29 16:54:41,9.07,5.28
2024-01-29 16:57:08,15.3,7.07
2024-01-29 16:59:34,11.48,5.32
2024-01-29 17:02:04,16.95,6.93
2024-01-29 17:04:31,11.82,6.75
2024-01-29 17:07:03,10.82,5.9
2024-01-29 17:09:30,12.98,6.2
2024-01-29 17:11:56,11.43,5.88
2024-01-29 17:14:22,14.73,6.95
2024-01-29 17:16:49,14.55,6.72
2024-01-29 17:19:15,18.95,8.35
2024-01-29 17:21:45,22.63,10.68
2024-01-29 17:24:11,34.7,16.75
2024-01-29 17:26:37,33.42,16.05
2024-01-29 17:29:03,44.2,22.02
2024-01-29 17:31:29,38.33,19.33
2024-01-29 17:33:57,35.17,18.25
2024-01-29 17:36:23,28.58,14.85
2024-01-29 17:38:49,27.33,12.43
2024-01-29 17:41:15,30.83,12.73
2024-01-29 17:43:41,21.13,10.32
2024-01-29 17:46:07,16.85,9.43
2024-01-29 17:48:33,18.42,8.05
2024-01-29 17:51:00,16.63,8.38
2024-01-29 17:53:26,18.08,7.95
2024-01-29 17:55:52,19.85,8.32
2024-01-29 17:58:18,18.25,8.73
2024-01-29 18:00:44,12.48,7.97
2024-01-29 18:03:10,19.67,8.68
2024-01-29 18:05:36,14.3,8.0
2024-01-29 18:08:02,13.98,7.5
2024-01-29 18:10:29,20.9,8.48
2024-01-29 18:12:55,27.48,8.88
2024-01-29 18:15:21,17.23,8.88
2024-01-29 18:17:47,18.38,9.4
2024-01-29 18:20:13,17.83,9.23
2024-01-29 18:22:39,17.02,8.88
2024-01-29 18:25:05,18.98,9.25
2024-01-29 18:27:31,24.95,9.23
2024-01-29 18:29:57,24.23,10.07
2024-01-29 18:32:23,14.5,7.6
2024-01-29 18:34:50,14.85,8.35
2024-01-29 18:37:17,17.7,8.63
2024-01-29 18:39:43,19.15,8.38
2024-01-29 18:42:10,22.25,10.95
2024-01-29 18:44:37,19.88,8.65
2024-01-29 18:47:03,16.85,9.25
2024-01-29 18:49:29,17.45,9.2
2024-01-29 18:52:04,21.95,10.43
2024-01-29 18:54:33,18.75,10.25
2024-01-29 18:56:59,21.95,9.07
2024-01-29 18:59:26,19.42,7.97
2024-01-29 19:01:52,16.95,8.93
2024-01-29 19:04:19,18.33,7.97
2024-01-29 19:06:45,20.67,7.53
2024-01-29 19:09:11,15.68,8.0
2024-01-29 19:11:40,13.4,7.07
2024-01-29 19:14:06,15.15,7.18
2024-01-29 19:16:32,16.88,8.7
2024-01-29 19:18:59,14.07,6.45
2024-01-29 19:21:25,18.08,7.3
2024-01-29 19:23:51,13.95,6.95
2024-01-29 19:26:17,18.15,7.18
2024-01-29 19:28:43,16.95,8.2
2024-01-29 19:31:09,12.73,7.1
2024-01-29 19:33:38,16.23,7.75
2024-01-29 19:36:04,14.98,7.45
2024-01-29 19:38:30,14.65,7.55
2024-01-29 19:40:59,14.82,6.97
2024-01-29 19:43:25,22.4,8.98
2024-01-29 19:45:51,14.82,7.45
2024-01-29 19:48:18,17.6,8.27
2024-01-29 19:50:44,20.65,8.6
2024-01-29 19:53:10,20.8,9.3
2024-01-29 19:55:36,20.65,9.25
2024-01-29 19:58:03,18.02,7.55
2024-01-29 20:00:29,17.33,7.82
2024-01-29 20:02:55,16.75,7.55
2024-01-29 20:05:24,16.38,7.2
2024-01-29 20:07:50,14.38,7.4
2024-01-29 20:10:16,19.25,8.27
2024-01-29 20:12:42,38.97,18.1
2024-01-29 20:15:09,38.2,16.35
2024-01-29 20:17:35,20.77,9.5
2024-01-29 20:20:01,19.3,9.35
2024-01-29 20:22:27,19.7,9.9
2024-01-29 20:24:53,20.83,10.18
2024-01-29 20:27:19,27.1,9.63
2024-01-29 20:29:46,18.8,8.57
2024-01-29 20:32:12,15.38,7.4
2024-01-29 20:34:40,21.65,9.75
2024-01-29 20:37:07,20.4,9.35
2024-01-29 20:39:33,24.98,9.5
2024-01-29 20:41:59,20.7,8.38
2024-01-29 20:44:26,21.4,8.4
2024-01-29 20:46:52,18.75,7.95
2024-01-29 20:49:18,14.63,7.57
2024-01-29 20:51:44,15.25,7.63
2024-01-29 20:54:10,15.57,7.88
2024-01-29 20:56:37,16.1,7.38
2024-01-29 20:59:03,14.35,6.93
2024-01-29 21:01:29,14.77,7.43
2024-01-29 21:03:57,15.88,6.38
2024-01-29 21:06:24,14.7,6.55
2024-01-29 21:08:50,10.8,5.35
2024-01-29 21:11:16,10.95,4.15
2024-01-29 21:13:42,9.02,3.88
2024-01-29 21:16:09,9.52,4.45
2024-01-29 21:18:35,8.65,4.63
2024-01-29 21:21:01,10.35,5.32
2024-01-29 21:23:27,17.42,6.43
2024-01-29 21:25:53,13.25,5.97
2024-01-29 21:28:20,11.18,5.47
2024-01-29 21:30:46,14.6,5.65
2024-01-29 21:33:12,11.32,5.75
2024-01-29 21:35:38,18.63,7.07
2024-01-29 21:38:04,14.98,7.47
2024-01-29 21:40:30,19.92,7.2
2024-01-29 21:42:58,10.8,5.2
2024-01-29 21:45:24,9.77,5.68
2024-01-29 21:47:50,14.25,6.22
2024-01-29 21:50:16,9.43,5.18
2024-01-29 21:52:43,15.2,6.78
2024-01-29 21:55:09,20.75,8.35
2024-01-29 21:57:35,17.65,6.63
2024-01-29 22:00:01,14.73,7.3
2024-01-29 22:02:27,14.2,7.1
2024-01-29 22:04:53,20.35,7.7
2024-01-29 22:07:19,25.67,11.02
2024-01-29 22:09:48,29.67,12.8
2024-01-29 22:12:15,15.8,7.88
2024-01-29 22:14:44,15.57,7.32
2024-01-29 22:17:10,17.35,7.75
2024-01-29 22:19:36,19.73,6.97
2024-01-29 22:22:02,14.93,6.2
2024-01-29 22:24:28,12.77,6.13
2024-01-29 22:26:54,11.73,5.9
2024-01-29 22:29:20,13.65,6.32
2024-01-29 22:31:46,13.18,5.22
2024-01-29 22:34:13,11.5,5.93
2024-01-29 22:36:39,10.38,6.3
2024-01-29 22:39:06,11.52,5.15
2024-01-29 22:41:33,12.25,5.88
2024-01-29 22:43:59,12.38,5.28
2024-01-29 22:46:25,13.35,6.1
2024-01-29 22:48:52,15.13,6.32
2024-01-29 22:51:19,13.6,5.3
2024-01-29 22:53:46,11.32,5.22
2024-01-29 22:56:12,10.35,4.97
2024-01-29 22:58:38,11.13,5.78
2024-01-29 23:01:05,13.23,4.95
2024-01-29 23:03:31,19.52,7.9
2024-01-29 23:05:58,19.92,8.43
2024-01-29 23:08:24,17.08,6.97
2024-01-29 23:10:50,11.43,5.75
2024-01-29 23:13:16,11.2,6.38
2024-01-29 23:15:43,10.63,4.57
2024-01-29 23:18:09,14.18,5.55
2024-01-29 23:20:36,13.8,6.95
2024-01-29 23:23:02,13.57,6.78
2024-01-29 23:25:29,20.75,10.52
2024-01-29 23:27:55,17.23,6.0
2024-01-29 23:30:21,17.52,5.97
2024-01-29 23:32:47,11.6,5.88
2024-01-29 23:35:14,9.38,5.43
2024-01-29 23:37:40,14.4,6.28
2024-01-29 23:40:06,12.68,6.25
2024-01-29 23:42:33,14.05,6.05
2024-01-29 23:44:59,13.18,5.82
2024-01-29 23:47:25,13.1,5.88
2024-01-29 23:49:51,8.98,5.0
2024-01-29 23:52:26,11.75,5.3
2024-01-29 23:54:53,15.4,6.93
2024-01-29 23:57:19,16.17,6.1
2024-01-29 23:59:45,13.82,6.88
2024-01-30 00:02:11,13.3,6.2
2024-01-30 00:04:37,12.77,5.32
2024-01-30 00:07:03,12.73,5.53
2024-01-30 00:09:29,13.02,5.68
2024-01-30 00:11:56,12.88,6.45
2024-01-30 00:14:22,13.45,6.15
2024-01-30 00:16:48,19.88,7.2
2024-01-30 00:19:14,14.43,6.45
2024-01-30 00:21:41,15.27,6.3
2024-01-30 00:24:07,14.9,7.3
2024-01-30 00:26:33,14.3,6.88
2024-01-30 00:28:59,12.18,6.03
2024-01-30 00:31:25,17.85,6.78
2024-01-30 00:33:51,12.18,6.43
2024-01-30 00:36:18,17.38,6.53
2024-01-30 00:38:44,11.43,5.9
2024-01-30 00:41:10,15.15,6.38
2024-01-30 00:43:36,11.6,5.43
2024-01-30 00:46:02,11.77,5.15
2024-01-30 00:48:28,13.07,5.9
2024-01-30 00:50:55,12.1,5.32
2024-01-30 00:53:21,15.4,5.4
2024-01-30 00:55:47,11.1,5.9
2024-01-30 00:58:13,14.57,5.85
2024-01-30 01:00:39,10.52,5.18
2024-01-30 01:03:05,13.4,5.47
2024-01-30 01:05:31,10.65,5.35
2024-01-30 01:07:57,9.82,5.55
2024-01-30 01:10:23,13.6,6.13
2024-01-30 01:12:49,11.65,5.35
2024-01-30 01:15:15,11.45,5.97
2024-01-30 01:17:42,17.45,6.15
2024-01-30 01:20:08,14.95,6.7
2024-01-30 01:22:35,13.63,6.0
2024-01-30 01:25:03,17.3,8.25
2024-01-30 01:27:32,14.6,7.4
2024-01-30 01:29:59,17.92,6.82
2024-01-30 01:32:25,10.7,6.15
2024-01-30 01:34:51,14.07,6.7
2024-01-30 01:37:17,16.23,6.8
2024-01-30 01:39:43,16.85,7.07
2024-01-30 01:42:09,13.13,7.03
2024-01-30 01:44:35,20.0,5.97
2024-01-30 01:47:02,11.1,5.65
2024-01-30 01:49:28,15.93,6.47
2024-01-30 01:51:55,11.4,6.22
2024-01-30 01:54:24,16.52,7.78
2024-01-30 01:59:36,10.45,5.82
2024-01-30 02:02:02,12.65,5.25
2024-01-30 02:04:29,13.0,5.75
2024-01-30 02:06:55,11.82,4.82
2024-01-30 02:09:21,10.15,5.63
2024-01-30 02:11:47,12.2,5.9
2024-01-30 02:14:14,11.15,5.78
2024-01-30 02:16:40,12.15,4.93
2024-01-30 02:19:06,11.38,4.28
2024-01-30 02:21:32,11.88,5.5
2024-01-30 02:23:59,14.02,6.65
2024-01-30 02:26:25,18.15,5.95
2024-01-30 02:28:51,9.9,5.32
2024-01-30 02:31:17,10.73,6.18
2024-01-30 02:33:43,11.2,5.68
2024-01-30 02:36:09,10.3,4.8
2024-01-30 02:38:35,9.68,5.32
2024-01-30 02:41:01,11.93,6.25
2024-01-30 02:43:27,10.0,4.93
2024-01-30 02:45:54,11.1,4.7
2024-01-30 02:48:20,14.4,5.82
2024-01-30 02:50:46,11.38,5.63
2024-01-30 02:53:12,10.63,4.95
2024-01-30 02:55:38,13.55,6.07
2024-01-30 02:58:04,12.38,5.15
2024-01-30 03:00:30,15.2,5.88
2024-01-30 03:02:57,10.5,5.6
2024-01-30 03:05:23,15.82,6.57
2024-01-30 03:07:49,10.88,5.63
2024-01-30 03:10:15,12.48,5.93
2024-01-30 03:12:41,12.5,5.95
2024-01-30 03:15:07,12.13,5.88
2024-01-30 03:17:34,13.82,5.25
2024-01-30 03:20:02,10.7,5.22
2024-01-30 03:22:29,15.8,6.68
2024-01-30 03:24:55,19.0,7.9
2024-01-30 03:27:21,14.63,6.32
2024-01-30 03:29:47,15.88,6.8
2024-01-30 03:32:13,16.98,6.8
2024-01-30 03:34:39,16.15,6.13
2024-01-30 03:37:05,11.77,5.9
2024-01-30 03:39:31,12.85,6.38
2024-01-30 03:41:57,15.35,6.35
2024-01-30 03:44:23,10.57,5.15
2024-01-30 03:46:49,10.18,5.38
2024-01-30 03:49:16,11.02,4.7
2024-01-30 03:51:42,9.13,4.63
2024-01-30 03:54:08,14.75,5.68
2024-01-30 03:56:34,14.8,5.15
2024-01-30 03:59:00,12.25,5.07
2024-01-30 04:01:27,17.0,5.2
2024-01-30 04:03:54,10.75,5.63
2024-01-30 04:06:20,12.3,5.47
2024-01-30 04:08:46,15.7,5.3
2024-01-30 04:11:12,15.1,5.03
2024-01-30 04:13:38,15.77,5.97
2024-01-30 04:16:04,9.63,4.95
2024-01-30 04:18:30,11.4,5.18
2024-01-30 04:20:57,9.68,4.97
2024-01-30 04:23:23,11.6,5.1
2024-01-30 04:25:49,9.75,5.55
2024-01-30 04:28:15,11.57,5.93
2024-01-30 04:30:41,12.0,5.78
2024-01-30 04:33:07,12.25,5.97
2024-01-30 04:35:33,17.8,6.7
2024-01-30 04:37:59,12.85,6.6
2024-01-30 04:40:25,11.77,6.3
2024-01-30 04:42:51,12.35,5.93
2024-01-30 04:45:18,14.02,6.88
2024-01-30 04:47:44,19.13,6.55
2024-01-30 04:50:11,18.38,7.4
2024-01-30 04:52:37,12.4,7.32
2024-01-30 04:55:03,18.35,6.57
2024-01-30 04:57:29,14.43,5.9
2024-01-30 04:59:56,18.7,7.63
2024-01-30 05:02:22,15.63,8.48
2024-01-30 05:04:48,15.3,7.45
2024-01-30 05:07:14,12.1,6.97
2024-01-30 05:09:40,20.55,8.3
2024-01-30 05:12:06,20.33,8.55
2024-01-30 05:14:32,16.17,7.93
2024-01-30 05:16:59,16.58,7.55
2024-01-30 05:19:25,16.6,7.55
2024-01-30 05:21:51,19.02,6.65
2024-01-30 05:24:17,16.2,6.78
2024-01-30 05:26:43,16.9,7.93
2024-01-30 05:29:09,15.65,7.75
2024-01-30 05:31:35,17.58,8.32
2024-01-30 05:34:01,17.73,7.55
2024-01-30 05:36:27,15.45,7.85
2024-01-30 05:38:53,15.65,8.45
2024-01-30 05:41:19,15.4,7.05
2024-01-30 05:43:48,20.25,7.45
2024-01-30 05:46:14,15.85,7.65
2024-01-30 05:48:41,16.1,7.13
2024-01-30 05:51:07,14.57,6.95
2024-01-30 05:53:33,16.33,6.82
2024-01-30 05:56:03,15.88,7.3
2024-01-30 05:58:29,15.65,8.5
2024-01-30 06:00:56,18.6,8.07
2024-01-30 06:03:23,15.3,8.1
2024-01-30 06:05:49,15.25,8.23
2024-01-30 06:08:15,19.05,8.23
2024-01-30 06:10:41,17.58,8.8
2024-01-30 06:13:07,27.0,9.35
2024-01-30 06:15:33,17.65,8.27
2024-01-30 06:17:59,23.05,10.2
2024-01-30 06:20:25,26.45,11.4
2024-01-30 06:22:51,34.25,11.3
2024-01-30 06:25:17,28.2,11.52
2024-01-30 06:27:43,23.77,10.73
2024-01-30 06:30:10,28.1,11.07
2024-01-30 06:32:36,26.92,11.13
2024-01-30 06:35:02,25.5,12.15
2024-01-30 06:37:29,36.75,13.2
2024-01-30 06:39:55,39.63,13.13
2024-01-30 06:42:21,26.27,11.43
2024-01-30 06:44:47,27.73,11.85
2024-01-30 06:47:13,29.55,13.02
2024-01-30 06:49:39,32.67,12.25
2024-01-30 06:52:07,38.0,14.23
2024-01-30 06:54:33,32.05,12.65
2024-01-30 06:56:59,31.45,12.6
2024-01-30 06:59:26,34.38,12.27
2024-01-30 07:01:52,34.03,11.68
2024-01-30 07:04:18,30.98,12.02
2024-01-30 07:06:44,38.22,13.45
2024-01-30 07:09:10,30.48,13.05
2024-01-30 07:11:36,30.92,12.43
2024-01-30 07:14:02,38.83,11.4
2024-01-30 07:16:31,21.83,11.07
2024-01-30 07:18:57,38.67,17.05
2024-01-30 07:21:23,34.5,16.1
2024-01-30 07:23:53,32.6,11.63
2024-01-30 07:26:20,25.35,11.55
2024-01-30 07:28:46,28.88,12.32
2024-01-30 07:31:12,33.95,13.52
2024-01-30 07:33:38,29.1,11.75
2024-01-30 07:36:05,29.0,12.2
2024-01-30 07:38:34,26.2,11.5
2024-01-30 07:41:00,29.08,11.52
2024-01-30 07:43:26,24.05,10.27
2024-01-30 07:45:52,19.83,9.65
2024-01-30 07:48:18,21.77,10.23
2024-01-30 07:50:44,25.48,10.93
2024-01-30 07:53:10,27.5,10.88
2024-01-30 07:55:36,108.15,42.0
2024-01-30 07:58:02,33.22,14.07
2024-01-30 08:00:29,19.1,8.75
2024-01-30 08:02:56,16.4,7.85
2024-01-30 08:05:22,17.8,8.82
2024-01-30 08:07:48,26.35,9.88
2024-01-30 08:10:15,19.15,9.65
2024-01-30 08:12:43,16.05,7.8
2024-01-30 08:15:09,17.77,8.43
2024-01-30 08:17:35,18.77,8.8
2024-01-30 08:20:01,16.25,7.32
2024-01-30 08:22:29,14.88,7.1
2024-01-30 08:24:55,12.63,4.9
2024-01-30 08:27:21,11.68,4.78
2024-01-30 08:29:47,9.52,5.43
2024-01-30 08:32:15,11.18,5.1
2024-01-30 08:34:41,8.57,3.92
2024-01-30 08:37:07,8.55,4.38
2024-01-30 08:39:33,9.73,4.2
2024-01-30 08:42:00,10.3,4.38
2024-01-30 08:44:27,6.88,3.72
2024-01-30 08:46:53,7.35,3.7
2024-01-30 08:49:19,8.18,4.07
2024-01-30 08:51:46,6.7,3.28
2024-01-30 08:54:12,15.77,6.2
2024-01-30 08:56:38,10.35,5.18
2024-01-30 08:59:04,8.0,4.5
2024-01-30 09:01:30,11.27,4.38
2024-01-30 09:03:56,11.1,5.15
2024-01-30 09:06:22,9.15,4.72
2024-01-30 09:08:53,10.45,4.55
2024-01-30 09:11:19,13.8,5.22
2024-01-30 09:13:45,11.68,5.05
2024-01-30 09:16:11,7.13,3.9
2024-01-30 09:18:37,9.0,4.68
2024-01-30 09:21:04,8.5,4.4
2024-01-30 09:23:30,10.02,4.43
2024-01-30 09:25:56,9.32,4.3
2024-01-30 09:28:22,14.52,5.45
2024-01-30 09:30:48,8.3,4.45
2024-01-30 09:33:14,7.1,4.47
2024-01-30 09:35:40,8.82,3.58
2024-01-30 09:38:06,6.97,3.7
2024-01-30 09:40:33,9.75,4.28
2024-01-30 09:42:59,7.35,4.38
2024-01-30 09:45:25,10.25,3.97
2024-01-30 09:47:52,9.35,4.68
2024-01-30 09:50:18,8.6,3.63
2024-01-30 09:52:45,7.43,4.43
2024-01-30 09:55:11,8.55,4.57
2024-01-30 09:57:37,10.65,4.28
2024-01-30 10:00:04,8.85,4.1
2024-01-30 10:02:33,7.57,4.05
2024-01-30 10:04:59,12.13,4.75
2024-01-30 10:07:26,9.32,4.65
2024-01-30 10:09:52,8.88,4.07
2024-01-30 10:12:19,8.8,4.03
2024-01-30 10:14:45,9.32,4.7
2024-01-30 10:17:11,8.05,4.22
2024-01-30 10:19:38,7.8,4.32
2024-01-30 10:22:05,6.38,3.72
2024-01-30 10:24:32,9.4,4.4
2024-01-30 10:26:59,7.47,3.75
2024-01-30 10:29:26,8.45,4.07
2024-01-30 10:31:59,7.82,3.9
2024-01-30 10:34:25,8.55,4.75
2024-01-30 10:36:53,7.4,3.75
2024-01-30 10:39:25,7.63,3.6
2024-01-30 10:41:56,7.88,3.63
2024-01-30 10:44:25,7.7,3.9
2024-01-30 10:46:55,9.5,3.67
2024-01-30 10:49:22,7.2,3.28
2024-01-30 10:51:49,6.53,3.85
2024-01-30 10:54:16,6.28,3.33
2024-01-30 10:56:43,6.07,3.28
2024-01-30 10:59:09,5.78,3.22
2024-01-30 11:01:36,11.02,4.1
2024-01-30 11:04:02,8.65,4.25
2024-01-30 11:06:29,11.6,4.97
2024-01-30 11:09:05,7.43,3.1
2024-01-30 11:14:52,8.55,3.92
2024-01-30 11:17:11,7.15,3.47
2024-01-30 11:19:37,7.1,3.78
2024-01-30 11:22:06,7.55,3.4
2024-01-30 11:24:38,6.47,3.08
2024-01-30 11:27:07,7.0,3.33
2024-01-30 11:29:34,12.1,5.78
2024-01-30 11:32:00,8.2,4.03
2024-01-30 11:34:27,6.95,3.65
2024-01-30 11:36:58,7.18,3.85
2024-01-30 11:39:29,8.52,3.47
2024-01-30 11:41:55,7.72,3.88
2024-01-30 11:44:22,7.07,3.47
2024-01-30 11:46:48,7.4,3.55
2024-01-30 11:49:15,8.32,3.03
2024-01-30 11:51:42,7.8,3.0
2024-01-30 11:54:08,9.23,3.58
2024-01-30 11:56:34,7.0,3.55
2024-01-30 11:59:02,7.7,3.53
2024-01-30 12:01:28,6.88,3.35
2024-01-30 12:03:55,8.25,4.05
2024-01-30 12:06:22,7.32,3.03
2024-01-30 12:08:58,6.18,2.7
2024-01-30 12:11:24,6.38,3.05
2024-01-30 12:13:51,7.05,3.35
2024-01-30 12:16:17,8.35,3.5
2024-01-30 12:18:43,7.07,3.55
2024-01-30 12:21:10,5.93,3.17
2024-01-30 12:23:36,6.75,3.78
2024-01-30 12:26:02,5.93,3.22
2024-01-30 12:28:29,6.8,3.22
2024-01-30 12:30:55,6.32,3.17
2024-01-30 12:33:26,5.95,2.88
2024-01-30 12:35:53,13.05,4.0
2024-01-30 12:38:19,6.8,3.67
2024-01-30 12:40:45,6.03,2.92
2024-01-30 12:43:13,12.02,3.95
2024-01-30 12:45:40,5.15,3.05
2024-01-30 12:48:07,6.75,3.63
2024-01-30 12:50:33,5.78,3.5
2024-01-30 12:52:59,6.07,3.33
2024-01-30 12:55:25,6.8,3.58
2024-01-30 12:57:53,5.28,3.3
2024-01-30 13:00:20,5.6,3.63
2024-01-30 13:02:47,6.65,3.2
2024-01-30 13:05:13,6.82,3.4
2024-01-30 13:07:39,5.85,2.9
2024-01-30 13:10:05,3.47,2.15
2024-01-30 13:12:32,5.53,2.78
2024-01-30 13:14:58,5.25,2.78
2024-01-30 13:17:29,3.65,2.28
2024-01-30 13:19:56,4.38,2.42
2024-01-30 13:22:23,5.03,2.67
2024-01-30 13:24:49,7.03,3.13
2024-01-30 13:27:16,3.97,2.75
2024-01-30 13:29:42,5.22,2.92
2024-01-30 13:32:08,5.32,3.28
2024-01-30 13:34:35,4.63,2.58
2024-01-30 13:37:01,4.4,2.78
2024-01-30 13:39:27,8.2,3.65
2024-01-30 13:41:54,5.55,2.65
2024-01-30 13:44:20,10.27,4.45
2024-01-30 13:46:46,6.2,3.17
2024-01-30 13:49:12,9.73,3.53
2024-01-30 13:51:38,6.45,3.38
2024-01-30 13:54:04,6.2,3.38
2024-01-30 13:56:30,5.25,2.9
2024-01-30 13:58:57,6.18,3.38
2024-01-30 14:01:23,6.95,3.75
2024-01-30 14:03:49,6.53,3.9
2024-01-30 14:06:15,8.7,4.15
2024-01-30 14:08:41,7.25,3.5
2024-01-30 14:11:07,8.93,4.18
2024-01-30 14:13:33,6.65,2.8
2024-01-30 14:15:59,5.72,3.3
2024-01-30 14:18:25,8.15,3.72
2024-01-30 14:20:52,7.4,3.2
2024-01-30 14:23:19,5.72,3.2
2024-01-30 14:25:45,6.0,3.33
2024-01-30 14:28:11,5.9,3.13
2024-01-30 14:30:37,7.45,3.63
2024-01-30 14:33:03,8.98,4.43
2024-01-30 14:35:30,8.7,3.95
2024-01-30 14:37:56,8.32,3.9
2024-01-30 14:40:22,8.18,3.15
2024-01-30 14:42:48,6.32,3.13
2024-01-30 14:45:14,9.43,4.95
2024-01-30 14:47:41,6.85,3.85
2024-01-30 14:50:07,9.88,3.8
2024-01-30 14:52:33,5.32,3.33
2024-01-30 14:54:59,5.43,3.2
2024-01-30 14:57:25,7.75,3.5
2024-01-30 14:59:51,9.5,3.9
2024-01-30 15:02:17,6.32,3.72
2024-01-30 15:04:43,7.53,3.45
2024-01-30 15:07:09,9.27,4.28
2024-01-30 15:09:36,10.18,4.4
2024-01-30 15:12:02,9.43,4.57
2024-01-30 15:14:28,9.02,4.35
2024-01-30 15:16:54,17.35,5.6
2024-01-30 15:19:20,8.5,4.72
2024-01-30 15:21:46,9.2,4.75
2024-01-30 15:24:12,8.48,4.22
2024-01-30 15:26:40,12.3,4.63
2024-01-30 15:29:06,7.5,4.32
2024-01-30 15:31:33,7.55,3.75
2024-01-30 15:34:00,6.53,3.75
2024-01-30 15:36:26,8.95,3.83
2024-01-30 15:38:52,8.7,3.95
2024-01-30 15:41:18,10.88,4.47
2024-01-30 15:43:44,9.57,4.0
2024-01-30 15:46:10,9.8,4.6
2024-01-30 15:48:36,9.73,4.0
2024-01-30 15:51:02,12.3,5.35
2024-01-30 15:53:28,8.75,4.55
2024-01-30 15:55:55,10.32,3.67
2024-01-30 15:58:21,8.88,3.8
2024-01-30 16:00:47,11.55,5.15
2024-01-30 16:03:13,10.63,4.15
2024-01-30 16:05:39,21.42,10.07
2024-01-30 16:08:05,43.55,19.9
2024-01-30 16:10:31,15.4,5.43
2024-01-30 16:12:57,13.02,4.72
2024-01-30 16:15:23,12.98,5.9
2024-01-30 16:17:50,11.27,4.35
2024-01-30 16:20:16,7.2,3.47
2024-01-30 16:22:42,14.15,4.95
2024-01-30 16:25:08,9.38,4.88
2024-01-30 16:27:34,8.82,4.55
2024-01-30 16:30:00,13.48,5.03
2024-01-30 16:32:26,12.45,5.57
2024-01-30 16:34:56,13.0,4.65
2024-01-30 16:37:23,12.77,5.93
2024-01-30 16:39:50,15.43,6.1
2024-01-30 16:42:16,11.05,5.68
2024-01-30 16:44:42,11.93,5.28
2024-01-30 16:47:09,14.1,6.13
2024-01-30 16:49:35,15.45,6.7
2024-01-30 16:52:01,14.05,5.9
2024-01-30 16:54:29,9.27,4.28
2024-01-30 16:56:55,13.18,5.32
2024-01-30 16:59:21,14.15,5.75
2024-01-30 17:01:48,14.02,5.4
2024-01-30 17:04:17,13.82,6.78
2024-01-30 17:06:45,16.35,8.5
2024-01-30 17:09:12,19.6,8.23
2024-01-30 17:11:40,14.52,5.97
2024-01-30 17:14:06,24.5,9.9
2024-01-30 17:16:32,30.75,13.23
2024-01-30 17:18:58,22.88,9.43
2024-01-30 17:21:25,18.9,8.75
2024-01-30 17:23:51,14.75,6.22
2024-01-30 17:26:17,11.73,4.68
2024-01-30 17:28:45,12.93,5.4
2024-01-30 17:31:11,14.43,5.95
2024-01-30 17:33:37,15.5,5.63
2024-01-30 17:36:04,13.85,6.38
2024-01-30 17:38:30,19.33,6.9
2024-01-30 17:40:56,13.95,6.32
2024-01-30 17:43:22,18.3,7.03
2024-01-30 17:45:48,18.67,7.43
2024-01-30 17:48:14,18.92,6.63
2024-01-30 17:50:40,14.23,6.2
2024-01-30 17:53:06,14.6,6.03
2024-01-30 17:55:32,12.65,5.53
2024-01-30 17:57:58,12.85,4.65
2024-01-30 18:00:24,14.3,6.28
2024-01-30 18:02:50,13.85,6.25
2024-01-30 18:05:18,13.32,5.82
2024-01-30 18:07:44,11.98,5.6
2024-01-30 18:10:10,13.88,5.13
2024-01-30 18:12:38,16.67,5.88
2024-01-30 18:15:04,12.6,5.72
2024-01-30 18:17:30,16.95,7.28
2024-01-30 18:19:56,21.4,6.8
2024-01-30 18:22:23,17.67,6.47
2024-01-30 18:24:49,16.85,7.5
2024-01-30 18:27:15,19.77,7.5
2024-01-30 18:29:41,21.75,7.53
2024-01-30 18:32:08,17.92,7.7
2024-01-30 18:34:34,11.27,6.65
2024-01-30 18:37:00,25.02,10.2
2024-01-30 18:39:26,29.33,12.57
2024-01-30 18:41:52,29.05,12.27
2024-01-30 18:44:19,27.75,12.9
2024-01-30 18:46:45,21.8,10.38
2024-01-30 18:49:12,12.43,6.88
2024-01-30 18:51:38,23.02,9.5
2024-01-30 18:54:04,16.48,6.2
2024-01-30 18:56:30,17.08,7.53
2024-01-30 18:58:56,23.7,9.05
2024-01-30 19:01:22,17.63,8.6
2024-01-30 19:03:49,18.27,7.25
2024-01-30 19:06:15,22.13,10.2
2024-01-30 19:08:41,22.08,8.48
2024-01-30 19:11:16,18.75,8.38
2024-01-30 19:13:43,18.75,7.9
2024-01-30 19:16:09,19.42,8.6
2024-01-30 19:18:35,24.42,7.43
2024-01-30 19:21:01,17.23,6.55
2024-01-30 19:23:28,15.3,5.3
2024-01-30 19:25:54,9.2,4.38
2024-01-30 19:28:20,8.1,4.15
2024-01-30 19:30:46,15.6,4.03
2024-01-30 19:33:14,11.07,4.53
2024-01-30 19:35:40,10.93,4.2
2024-01-30 19:38:06,16.02,6.22
2024-01-30 19:40:35,10.1,5.43
2024-01-30 19:43:01,16.08,5.93
2024-01-30 19:45:27,14.05,5.2
2024-01-30 19:47:53,11.88,5.1
2024-01-30 19:50:20,13.07,5.6
2024-01-30 19:52:47,15.93,5.78
2024-01-30 19:55:13,17.67,7.43
2024-01-30 19:57:39,19.02,9.07
2024-01-30 20:00:06,27.77,9.63
2024-01-30 20:02:34,25.8,11.13
2024-01-30 20:05:00,20.63,8.3
2024-01-30 20:07:26,18.2,8.85
2024-01-30 20:09:53,18.65,8.7
2024-01-30 20:12:19,18.1,8.82
2024-01-30 20:14:45,21.42,8.52
2024-01-30 20:17:11,24.55,7.8
2024-01-30 20:19:39,31.17,11.6
2024-01-30 20:22:05,44.28,14.95
2024-01-30 20:24:32,31.45,13.43
2024-01-30 20:26:58,31.2,12.55
2024-01-30 20:29:25,34.53,12.9
2024-01-30 20:31:51,30.77,13.3
2024-01-30 20:34:17,29.7,13.1
2024-01-30 20:36:43,46.5,17.17
2024-01-30 20:39:10,63.33,26.35
2024-01-30 20:41:38,38.97,16.13
2024-01-30 20:44:05,38.33,16.15
2024-01-30 20:46:32,31.9,14.88
2024-01-30 20:48:58,43.63,17.27
2024-01-30 20:51:24,39.28,14.82
2024-01-30 20:53:50,39.65,15.05
2024-01-30 20:56:17,37.03,14.73
2024-01-30 20:58:43,37.15,14.88
2024-01-30 21:01:09,35.6,15.35
2024-01-30 21:03:35,41.25,16.42
2024-01-30 21:06:01,37.13,15.68
2024-01-30 21:08:28,33.88,15.85
2024-01-30 21:10:54,34.9,15.7
2024-01-30 21:13:20,33.7,16.67
2024-01-30 21:15:46,32.65,14.5
2024-01-30 21:18:12,30.05,14.63
2024-01-30 21:20:39,34.83,14.35
2024-01-30 21:23:05,40.42,16.98
2024-01-30 21:25:31,31.4,13.3
2024-01-30 21:27:57,28.13,13.9
2024-01-30 21:30:23,32.53,13.43
2024-01-30 21:32:50,23.17,11.1
2024-01-30 21:35:17,20.98,11.68
2024-01-30 21:37:43,21.8,10.75
2024-01-30 21:40:09,29.5,13.43
2024-01-30 21:42:35,42.33,15.48
2024-01-30 21:45:02,37.08,13.9
2024-01-30 21:47:29,36.33,14.75
2024-01-30 21:49:55,22.83,9.68
2024-01-30 21:52:21,29.13,11.57
2024-01-30 21:54:47,34.47,12.07
2024-01-30 21:57:13,23.08,11.1
2024-01-30 21:59:39,26.63,11.6
2024-01-30 22:02:07,28.9,11.77
2024-01-30 22:04:33,24.15,9.85
2024-01-30 22:06:59,29.08,12.88
2024-01-30 22:09:25,35.13,13.63
2024-01-30 22:11:51,34.0,15.52
2024-01-30 22:14:17,40.03,13.98
2024-01-30 22:16:43,34.75,14.38
2024-01-30 22:19:09,43.4,16.6
2024-01-30 22:21:36,55.92,20.3
2024-01-30 22:24:02,65.68,22.23
2024-01-30 22:26:28,51.6,21.4
2024-01-30 22:28:54,42.72,19.35
2024-01-30 22:31:21,44.45,19.45
2024-01-30 22:33:47,49.72,19.35
2024-01-30 22:36:13,48.47,19.15
2024-01-30 22:38:41,47.0,19.58
2024-01-30 22:41:08,51.6,20.48
2024-01-30 22:43:34,61.38,21.13
2024-01-30 22:46:01,52.53,19.42
2024-01-30 22:48:27,57.22,21.02
2024-01-30 22:50:53,46.45,18.45
2024-01-30 22:53:19,49.42,19.38
2024-01-30 22:55:45,54.97,21.13
2024-01-30 22:58:11,50.45,19.98
2024-01-30 23:00:39,40.85,17.27
2024-01-30 23:03:06,30.65,13.88
2024-01-30 23:05:32,43.33,15.65
2024-01-30 23:07:58,30.45,13.95
2024-01-30 23:10:24,39.85,15.8
2024-01-30 23:12:51,41.47,18.23
2024-01-30 23:15:17,51.58,19.02
2024-01-30 23:17:43,47.63,18.2
2024-01-30 23:20:09,60.53,19.85
2024-01-30 23:22:36,52.25,19.63
2024-01-30 23:25:03,44.17,19.73
2024-01-30 23:27:29,45.42,19.55
2024-01-30 23:29:55,49.53,21.48
2024-01-30 23:32:22,47.75,19.25
2024-01-30 23:34:48,49.8,18.92
2024-01-30 23:37:14,45.7,17.42
2024-01-30 23:39:40,52.08,19.08
2024-01-30 23:42:06,47.72,19.13
2024-01-30 23:44:32,49.47,20.2
2024-01-30 23:46:59,40.2,18.98
2024-01-30 23:49:25,40.35,17.98
2024-01-30 23:51:51,47.9,17.95
2024-01-30 23:54:17,54.17,17.7
2024-01-30 23:56:43,47.35,17.38
2024-01-30 23:59:11,43.17,16.75
2024-01-31 00:01:37,41.22,18.95
2024-01-31 00:04:03,35.63,15.7
2024-01-31 00:06:29,43.9,15.23
2024-01-31 00:08:55,40.3,16.3
2024-01-31 00:11:22,46.35,19.65
2024-01-31 00:13:51,46.22,19.67
2024-01-31 00:16:17,65.88,19.15
2024-01-31 00:18:43,46.8,19.23
2024-01-31 00:21:09,38.45,15.6
2024-01-31 00:23:35,41.03,16.65
2024-01-31 00:26:01,40.1,15.4
2024-01-31 00:28:27,34.0,14.63
2024-01-31 00:30:53,34.5,13.2
2024-01-31 00:33:19,35.42,13.65
2024-01-31 00:35:45,26.17,11.7
2024-01-31 00:38:11,42.88,12.95
2024-01-31 00:40:37,30.77,14.25
2024-01-31 00:43:04,37.1,15.57
2024-01-31 00:45:30,35.6,14.7
2024-01-31 00:47:56,38.97,14.07
2024-01-31 00:50:22,32.78,14.48
2024-01-31 00:52:48,35.4,13.35
2024-01-31 00:55:14,36.0,14.5
2024-01-31 00:57:40,33.72,14.77
2024-01-31 01:00:06,39.78,16.0
2024-01-31 01:02:34,29.75,14.55
2024-01-31 01:05:10,46.75,16.33
2024-01-31 01:07:36,41.92,16.1
2024-01-31 01:10:15,38.3,15.07
2024-01-31 01:12:41,36.9,16.15
2024-01-31 01:15:07,39.97,15.65
2024-01-31 01:17:35,41.08,14.68
2024-01-31 01:20:01,33.33,14.77
2024-01-31 01:22:27,34.08,14.63
2024-01-31 01:24:53,43.75,14.63
2024-01-31 01:27:19,30.6,13.9
2024-01-31 01:29:45,37.33,13.82
2024-01-31 01:32:12,46.33,14.43
2024-01-31 01:34:41,32.97,12.8
2024-01-31 01:37:07,37.5,14.35
2024-01-31 01:39:36,37.47,14.85
2024-01-31 01:42:04,36.88,15.5
2024-01-31 01:44:32,37.25,15.55
2024-01-31 01:46:59,35.28,14.6
2024-01-31 01:49:25,33.13,13.9
2024-01-31 01:51:51,29.98,12.85
2024-01-31 01:54:17,20.65,9.77
2024-01-31 01:56:46,24.65,10.18
2024-01-31 01:59:12,26.17,11.13
2024-01-31 02:01:40,28.55,11.13
2024-01-31 02:04:07,29.65,10.23
2024-01-31 02:06:34,24.8,10.43
2024-01-31 02:09:00,26.13,10.75
2024-01-31 02:11:27,22.5,10.52
2024-01-31 02:13:53,23.6,10.5
2024-01-31 02:16:20,21.98,10.35
2024-01-31 02:18:46,26.73,11.25
2024-01-31 02:21:12,19.38,9.7
2024-01-31 02:23:39,22.6,9.6
2024-01-31 02:26:05,20.63,8.25
2024-01-31 02:28:31,26.55,9.3
2024-01-31 02:30:57,23.33,10.23
2024-01-31 02:33:23,21.27,10.15
2024-01-31 02:35:49,28.25,12.52
2024-01-31 02:38:15,24.73,10.45
2024-01-31 02:40:41,27.63,10.15
2024-01-31 02:43:07,23.17,10.57
2024-01-31 02:45:33,21.88,9.95
2024-01-31 02:48:01,32.55,11.5
2024-01-31 02:50:27,33.33,12.63
2024-01-31 02:52:55,29.58,12.27
2024-01-31 02:55:21,31.23,11.93
2024-01-31 02:57:47,26.95,11.45
2024-01-31 03:00:14,30.52,13.25
2024-01-31 03:02:40,23.05,10.32
2024-01-31 03:05:08,26.35,11.2
2024-01-31 03:07:34,26.77,10.38
2024-01-31 03:10:01,55.03,19.73
2024-01-31 03:12:27,45.63,20.52
2024-01-31 03:14:53,33.83,13.95
2024-01-31 03:17:19,33.55,15.27
2024-01-31 03:19:45,33.47,14.02
2024-01-31 03:22:11,30.58,11.38
2024-01-31 03:24:38,23.5,9.77
2024-01-31 03:27:04,29.42,10.05
2024-01-31 03:29:30,24.35,9.82
2024-01-31 03:31:59,28.25,9.38
2024-01-31 03:34:25,21.35,8.57
2024-01-31 03:36:51,21.05,10.1
2024-01-31 03:39:18,23.73,8.88
2024-01-31 03:41:45,20.8,8.3
2024-01-31 03:44:11,27.33,9.32
2024-01-31 03:46:38,22.13,8.88
2024-01-31 03:49:05,18.3,7.8
2024-01-31 03:51:31,27.77,9.32
2024-01-31 03:53:57,31.1,10.48
2024-01-31 03:56:23,30.8,11.13
2024-01-31 03:58:49,31.17,11.2
2024-01-31 04:01:16,26.23,10.23
2024-01-31 04:03:43,24.8,10.18
2024-01-31 04:06:09,24.17,9.48
2024-01-31 04:08:36,24.67,10.4
2024-01-31 04:11:02,30.0,11.23
2024-01-31 04:13:28,23.83,10.45
2024-01-31 04:15:54,27.65,11.57
2024-01-31 04:18:20,22.48,9.25
2024-01-31 04:20:46,18.5,7.57
2024-01-31 04:23:12,16.85,8.52
2024-01-31 04:25:39,21.3,7.63
2024-01-31 04:28:05,28.0,9.52
2024-01-31 04:30:31,22.63,9.88
2024-01-31 04:33:01,23.23,8.6
2024-01-31 04:35:27,23.38,9.5
2024-01-31 04:37:54,24.75,9.7
2024-01-31 04:40:20,22.27,8.52
2024-01-31 04:42:46,19.75,9.45
2024-01-31 04:45:16,21.98,10.63
2024-01-31 04:47:42,21.65,9.35
2024-01-31 04:50:08,23.63,8.98
2024-01-31 04:52:35,17.6,8.57
2024-01-31 04:55:01,19.35,9.88
2024-01-31 04:57:27,25.38,9.93
2024-01-31 04:59:54,27.38,11.0
2024-01-31 05:02:20,20.65,8.65
2024-01-31 05:04:46,23.7,9.2
2024-01-31 05:07:12,31.23,10.07
2024-01-31 05:09:38,23.77,9.45
2024-01-31 05:12:04,25.33,10.88
2024-01-31 05:14:31,21.65,8.52
2024-01-31 05:16:57,16.65,6.97
2024-01-31 05:19:23,17.95,6.6
2024-01-31 05:21:50,15.1,5.75
2024-01-31 05:24:17,12.3,5.75
2024-01-31 05:26:45,10.27,5.03
2024-01-31 05:29:11,18.33,7.57
2024-01-31 05:31:37,12.4,6.0
2024-01-31 05:34:03,16.4,7.18
2024-01-31 05:36:30,23.42,8.0
2024-01-31 05:38:56,13.98,7.25
2024-01-31 05:41:22,15.82,7.9
2024-01-31 05:43:48,21.1,9.93
2024-01-31 05:46:14,27.65,9.6
2024-01-31 05:48:47,30.52,10.68
2024-01-31 05:51:13,29.52,10.35
2024-01-31 05:53:39,25.75,11.35
2024-01-31 05:56:06,33.7,11.32
2024-01-31 05:58:32,28.58,12.6
2024-01-31 06:00:58,26.88,11.0
2024-01-31 06:03:24,25.55,10.13
2024-01-31 06:05:52,23.3,9.4
2024-01-31 06:08:18,24.77,10.73
2024-01-31 06:10:49,22.38,10.02
2024-01-31 06:13:18,28.65,10.48
2024-01-31 06:15:44,22.3,10.5
2024-01-31 06:18:10,19.38,8.73
2024-01-31 06:20:39,29.23,10.02
2024-01-31 06:23:06,29.45,10.23
2024-01-31 06:25:35,26.0,10.2
2024-01-31 06:28:01,28.77,9.95
2024-01-31 06:30:27,23.88,9.4
2024-01-31 06:32:59,17.3,7.9
2024-01-31 06:35:32,28.73,8.8
2024-01-31 06:37:58,24.52,9.93
2024-01-31 06:40:24,21.05,8.75
2024-01-31 06:42:50,16.4,8.55
2024-01-31 06:45:17,27.0,10.7
2024-01-31 06:47:43,31.27,10.48
2024-01-31 06:50:09,26.75,9.73
2024-01-31 06:52:36,25.48,9.5
2024-01-31 06:55:02,24.63,9.1
2024-01-31 06:57:28,24.9,8.63
2024-01-31 06:59:55,25.35,10.32
2024-01-31 07:02:21,21.2,9.85
2024-01-31 07:04:48,20.25,9.02
2024-01-31 07:07:14,22.65,9.7
2024-01-31 07:09:40,23.77,10.35
2024-01-31 07:12:06,26.45,9.68
2024-01-31 07:14:32,17.77,7.9
2024-01-31 07:16:58,26.17,9.45
2024-01-31 07:19:24,26.52,9.77
2024-01-31 07:21:50,25.45,9.98
2024-01-31 07:24:16,20.23,9.23
2024-01-31 07:26:42,18.33,8.82
2024-01-31 07:29:08,20.7,9.57
2024-01-31 07:31:35,25.73,9.07
2024-01-31 07:34:01,25.33,9.02
2024-01-31 07:36:27,37.72,15.98
2024-01-31 07:38:53,22.35,9.98
2024-01-31 07:41:20,25.17,9.5
2024-01-31 07:43:46,20.38,10.4
2024-01-31 07:46:12,22.5,8.7
2024-01-31 07:48:38,21.83,8.15
2024-01-31 07:51:04,24.23,8.65
2024-01-31 07:53:34,27.15,9.07
2024-01-31 07:56:02,16.6,8.27
2024-01-31 07:58:29,16.7,7.6
2024-01-31 08:00:55,13.57,7.25
2024-01-31 08:03:22,18.7,8.77
2024-01-31 08:05:48,19.42,7.95
2024-01-31 08:08:15,16.3,7.45
2024-01-31 08:10:42,17.05,7.75
2024-01-31 08:13:08,19.8,8.98
2024-01-31 08:15:34,19.65,9.27
2024-01-31 08:18:01,26.2,9.82
2024-01-31 08:20:27,22.15,9.13
2024-01-31 08:22:53,22.58,9.4
2024-01-31 08:25:19,19.8,9.63
2024-01-31 08:27:45,17.67,8.63
2024-01-31 08:30:14,17.02,8.45
2024-01-31 08:32:40,24.27,8.7
2024-01-31 08:35:06,17.7,8.35
2024-01-31 08:37:33,20.38,8.55
2024-01-31 08:39:59,29.65,10.2
2024-01-31 08:42:25,22.65,10.82
2024-01-31 08:44:55,23.67,11.35
2024-01-31 08:47:21,20.25,9.88
2024-01-31 08:49:47,28.1,9.8
2024-01-31 08:52:16,24.33,9.4
2024-01-31 08:54:42,20.4,9.32
2024-01-31 08:57:09,24.8,9.35
2024-01-31 08:59:36,21.77,8.65
2024-01-31 09:02:02,22.63,9.8
2024-01-31 09:04:28,17.17,7.75
2024-01-31 09:06:54,19.05,8.23
2024-01-31 09:09:20,22.7,10.1
2024-01-31 09:11:46,14.27,7.8
2024-01-31 09:14:12,21.6,8.1
2024-01-31 09:16:39,20.17,8.43
2024-01-31 09:19:05,17.67,8.02
2024-01-31 09:21:31,14.73,8.05
2024-01-31 09:23:57,19.55,8.88
2024-01-31 09:26:23,19.73,8.65
2024-01-31 09:28:49,20.88,9.02
2024-01-31 09:31:21,28.98,10.75
2024-01-31 09:33:48,26.67,8.7
2024-01-31 09:36:14,20.73,9.45
2024-01-31 09:38:41,16.98,7.82
2024-01-31 09:41:07,15.35,7.78
2024-01-31 09:43:33,20.0,7.9
2024-01-31 09:45:59,17.67,7.7
2024-01-31 09:48:30,12.07,5.97
2024-01-31 09:50:58,17.15,7.5
2024-01-31 09:53:24,16.4,8.13
2024-01-31 09:55:51,14.88,6.82
2024-01-31 09:58:21,16.85,7.75
2024-01-31 10:00:50,13.32,6.8
2024-01-31 10:03:16,18.85,8.5
2024-01-31 10:05:43,20.73,8.5
2024-01-31 10:08:09,22.98,9.27
2024-01-31 10:10:38,25.58,8.75
2024-01-31 10:13:08,17.13,8.38
2024-01-31 10:15:34,17.05,7.6
2024-01-31 10:18:01,21.23,8.95
2024-01-31 10:20:27,15.95,8.02
2024-01-31 10:22:53,16.7,7.6
2024-01-31 10:25:19,16.02,8.3
2024-01-31 10:27:45,18.58,9.18
2024-01-31 10:30:12,24.15,9.85
2024-01-31 10:32:38,21.75,8.95
2024-01-31 10:35:06,28.2,12.18
2024-01-31 10:37:32,18.92,9.1
2024-01-31 10:39:59,17.67,8.8
2024-01-31 10:42:26,18.75,8.9
2024-01-31 10:44:53,23.23,10.43
2024-01-31 10:47:19,23.95,9.48
2024-01-31 10:49:45,21.3,8.07
2024-01-31 10:52:13,22.33,9.2
2024-01-31 10:54:41,17.2,9.43
2024-01-31 10:57:08,19.92,9.45
2024-01-31 10:59:35,16.67,8.2
2024-01-31 11:02:02,18.27,7.82
2024-01-31 11:04:28,12.38,6.53
2024-01-31 11:06:57,17.83,7.72
2024-01-31 11:12:27,18.42,8.9
2024-01-31 11:14:54,26.58,8.95
2024-01-31 11:17:22,17.45,8.52
2024-01-31 11:19:52,20.4,9.85
2024-01-31 11:22:18,14.95,8.02
2024-01-31 11:24:48,22.13,7.6
2024-01-31 11:27:15,14.18,8.4
2024-01-31 11:29:42,13.0,7.0
2024-01-31 11:32:08,12.68,7.07
2024-01-31 11:34:37,17.85,6.57
2024-01-31 11:37:03,12.35,6.0
2024-01-31 11:39:30,11.38,6.3
2024-01-31 11:41:56,12.85,6.43
2024-01-31 11:44:22,16.3,7.0
2024-01-31 11:46:48,14.63,7.35
2024-01-31 11:49:16,14.98,6.95
2024-01-31 11:51:42,13.07,5.9
2024-01-31 11:54:08,15.98,5.1
2024-01-31 11:56:34,11.25,5.07
2024-01-31 11:59:01,14.63,5.4
2024-01-31 12:01:28,15.23,5.18
2024-01-31 12:03:54,11.18,5.6
2024-01-31 12:06:21,14.6,5.93
2024-01-31 12:08:47,10.9,6.28
2024-01-31 12:11:14,10.82,5.88
2024-01-31 12:13:40,12.43,6.32
2024-01-31 12:16:07,17.95,5.7
2024-01-31 12:18:33,15.95,6.85
2024-01-31 12:21:03,19.3,7.05
2024-01-31 12:23:30,20.33,8.02
2024-01-31 12:25:57,14.57,7.0
2024-01-31 12:28:26,20.9,8.18
2024-01-31 12:30:54,14.63,7.15
2024-01-31 12:33:21,22.7,10.7
2024-01-31 12:35:47,24.05,11.43
2024-01-31 12:38:14,25.8,11.5
2024-01-31 12:40:40,18.83,9.85
2024-01-31 12:43:06,25.25,10.25
2024-01-31 12:45:32,21.77,9.25
2024-01-31 12:48:00,17.38,9.9
2024-01-31 12:50:26,17.8,9.55
2024-01-31 12:52:52,25.23,13.5
2024-01-31 12:55:19,31.67,14.6
2024-01-31 12:57:45,20.33,11.52
2024-01-31 13:00:11,20.1,10.73
2024-01-31 13:02:38,24.55,12.5
2024-01-31 13:05:04,25.52,12.38
2024-01-31 13:07:30,27.05,12.93
2024-01-31 13:09:56,26.55,12.98
2024-01-31 13:12:22,26.58,13.3
2024-01-31 13:14:49,30.95,14.05
2024-01-31 13:17:15,25.83,15.45
2024-01-31 13:19:41,30.23,14.8
2024-01-31 13:22:07,30.02,14.73
2024-01-31 13:24:33,28.6,14.57
2024-01-31 13:27:01,28.67,14.5
2024-01-31 13:29:27,28.27,15.0
2024-01-31 13:31:53,35.88,15.57
2024-01-31 13:34:19,32.22,15.15
2024-01-31 13:36:46,27.77,15.57
2024-01-31 13:39:12,28.7,15.07
2024-01-31 13:41:40,34.35,16.83
2024-01-31 13:44:07,39.63,16.6
2024-01-31 13:46:33,32.7,15.73
2024-01-31 13:48:59,28.98,15.27
2024-01-31 13:51:25,29.95,15.32
2024-01-31 13:53:51,28.05,15.85
2024-01-31 13:56:17,28.52,14.85
2024-01-31 13:58:44,32.08,14.75
2024-01-31 14:01:10,28.5,15.18
2024-01-31 14:03:36,30.0,15.68
2024-01-31 14:06:02,35.58,14.57
2024-01-31 14:08:28,31.65,15.2
2024-01-31 14:10:54,24.25,13.35
2024-01-31 14:13:20,25.2,14.0
2024-01-31 14:15:46,27.8,13.85
2024-01-31 14:18:13,32.42,13.82
2024-01-31 14:20:40,25.75,12.55
2024-01-31 14:23:06,24.7,13.05
2024-01-31 14:25:32,25.83,13.02
2024-01-31 14:27:59,32.0,14.02
2024-01-31 14:30:25,28.88,13.68
2024-01-31 14:32:51,29.33,14.05
2024-01-31 14:35:18,27.52,13.13
2024-01-31 14:37:44,28.6,13.23
2024-01-31 14:40:10,23.63,13.6
2024-01-31 14:42:37,30.15,14.35
2024-01-31 14:45:06,31.9,14.35
2024-01-31 14:47:33,34.83,14.2
2024-01-31 14:49:59,28.08,15.38
2024-01-31 14:52:25,24.0,13.32
2024-01-31 14:54:55,31.23,13.65
2024-01-31 14:57:21,28.85,14.2
2024-01-31 14:59:48,29.88,13.25
2024-01-31 15:02:14,28.7,13.43
2024-01-31 15:04:40,31.58,12.68
2024-01-31 15:07:06,24.0,11.48
2024-01-31 15:09:32,33.35,11.57
2024-01-31 15:11:59,27.52,11.75
2024-01-31 15:14:25,26.1,11.35
2024-01-31 15:16:51,20.4,8.73
2024-01-31 15:19:17,26.65,9.1
2024-01-31 15:21:43,21.45,7.63
2024-01-31 15:24:09,31.25,9.57
2024-01-31 15:26:35,28.5,11.77
2024-01-31 15:29:01,28.08,11.45
2024-01-31 15:31:27,27.92,12.3
2024-01-31 15:33:53,39.6,13.07
2024-01-31 15:36:19,52.75,17.77
2024-01-31 15:38:48,35.28,15.2
2024-01-31 15:41:14,28.7,14.07
2024-01-31 15:43:41,36.1,15.3
2024-01-31 15:46:09,82.57,37.03
2024-01-31 15:48:35,58.22,23.15
2024-01-31 15:51:01,34.3,15.02
2024-01-31 15:53:27,35.8,15.1
2024-01-31 15:55:53,51.95,17.92
2024-01-31 15:58:19,29.25,15.6
2024-01-31 16:00:45,38.03,15.02
2024-01-31 16:03:11,21.7,10.1
2024-01-31 16:05:37,23.15,9.27
2024-01-31 16:08:03,30.92,11.7
2024-01-31 16:10:29,24.13,9.73
2024-01-31 16:12:55,22.05,10.27
2024-01-31 16:15:22,18.45,9.02
2024-01-31 16:17:48,29.2,12.48
2024-01-31 16:20:14,26.6,11.9
2024-01-31 16:22:40,24.63,9.48
2024-01-31 16:25:07,28.35,11.73
2024-01-31 16:27:33,33.38,14.48
2024-01-31 16:30:01,35.6,14.63
2024-01-31 16:32:28,38.5,14.82
2024-01-31 16:34:54,30.1,13.4
2024-01-31 16:37:20,36.88,14.1
2024-01-31 16:39:46,29.38,12.52
2024-01-31 16:42:12,30.77,12.9
2024-01-31 16:44:41,38.2,14.23
2024-01-31 16:47:07,43.33,16.05
2024-01-31 16:49:34,36.13,17.45
2024-01-31 16:52:00,46.38,18.65
2024-01-31 16:54:26,48.72,19.27
2024-01-31 16:56:53,58.65,21.55
2024-01-31 16:59:19,55.5,22.15
2024-01-31 17:01:45,54.25,22.15
2024-01-31 17:04:11,48.92,19.7
2024-01-31 17:06:38,55.1,21.58
2024-01-31 17:09:05,53.58,20.77
2024-01-31 17:11:31,58.2,21.27
2024-01-31 17:13:57,59.28,21.92
2024-01-31 17:16:23,51.2,19.67
2024-01-31 17:18:50,51.97,22.63
2024-01-31 17:21:16,50.85,19.85
2024-01-31 17:23:42,67.75,23.9
2024-01-31 17:26:09,47.15,19.88
2024-01-31 17:28:35,49.25,21.75
2024-01-31 17:31:01,50.8,22.25
2024-01-31 17:33:27,55.03,21.65
2024-01-31 17:35:55,54.7,22.05
2024-01-31 17:38:21,58.05,23.13
2024-01-31 17:40:47,70.35,25.0
2024-01-31 17:43:17,62.47,24.05
2024-01-31 17:45:44,67.9,24.23
2024-01-31 17:48:10,62.33,24.9
2024-01-31 17:50:36,68.0,25.5
2024-01-31 17:53:02,60.5,25.3
2024-01-31 17:55:28,46.35,18.45
2024-01-31 17:57:54,49.5,20.77
2024-01-31 18:00:20,61.97,27.45
2024-01-31 18:02:47,57.53,25.88
2024-01-31 18:05:17,76.4,30.5
2024-01-31 18:07:43,83.25,33.53
2024-01-31 18:10:09,62.0,28.0
2024-01-31 18:12:36,79.3,32.28
2024-01-31 18:15:02,102.95,36.65
2024-01-31 18:17:28,90.9,35.22
2024-01-31 18:19:54,91.75,33.5
2024-01-31 18:22:22,66.32,26.9
2024-01-31 18:24:48,86.8,30.58
2024-01-31 18:27:14,75.35,26.88
2024-01-31 18:29:40,46.55,23.55
2024-01-31 18:32:06,55.67,23.65
2024-01-31 18:34:32,59.53,25.45
2024-01-31 18:37:00,58.92,26.95
2024-01-31 18:39:26,50.6,23.75
2024-01-31 18:41:52,65.0,25.63
2024-01-31 18:44:18,58.8,24.9
2024-01-31 18:46:44,62.22,26.38
2024-01-31 18:49:10,64.0,26.05
2024-01-31 18:51:41,72.7,26.35
2024-01-31 18:54:08,71.95,27.27
2024-01-31 18:56:34,71.7,27.3
2024-01-31 18:59:01,79.07,28.13
2024-01-31 19:01:28,65.55,24.67
2024-01-31 19:03:54,50.75,22.4
2024-01-31 19:06:20,53.33,21.45
2024-01-31 19:08:46,55.85,21.35
2024-01-31 19:11:18,56.0,21.3
2024-01-31 19:13:45,50.72,20.33
2024-01-31 19:16:11,55.95,18.35
2024-01-31 19:18:38,48.6,19.4
2024-01-31 19:21:05,49.15,18.25
2024-01-31 19:23:31,49.63,20.02
2024-01-31 19:25:57,47.92,19.85
2024-01-31 19:28:24,44.1,19.95
2024-01-31 19:30:52,52.53,21.02
2024-01-31 19:33:18,66.78,23.42
2024-01-31 19:35:44,60.17,23.23
2024-01-31 19:38:11,49.0,21.38
2024-01-31 19:40:39,52.63,22.48
2024-01-31 19:43:05,61.78,24.83
2024-01-31 19:45:31,67.45,22.27
2024-01-31 19:47:57,50.28,20.67
2024-01-31 19:50:23,63.1,26.08
2024-01-31 19:52:49,62.28,26.0
2024-01-31 19:55:16,62.28,25.77
2024-01-31 19:57:42,62.2,26.1
2024-01-31 20:00:08,67.45,25.33
2024-01-31 20:02:35,59.55,24.83
2024-01-31 20:05:01,59.4,22.33
2024-01-31 20:07:27,59.6,22.77
2024-01-31 20:09:53,54.38,22.65
2024-01-31 20:12:19,59.95,22.25
2024-01-31 20:14:45,47.42,22.25
2024-01-31 20:17:11,60.2,21.38
2024-01-31 20:19:39,60.28,25.05
2024-01-31 20:22:06,55.25,22.9
2024-01-31 20:24:32,60.75,22.0
2024-01-31 20:26:58,60.58,23.73
2024-01-31 20:29:24,56.58,22.3
2024-01-31 20:31:50,54.25,20.58
2024-01-31 20:34:17,50.63,19.63
2024-01-31 20:36:43,59.7,22.85
2024-01-31 20:39:09,50.15,19.52
2024-01-31 20:41:42,44.15,17.35
2024-01-31 20:44:08,46.55,18.0
2024-01-31 20:46:34,41.65,17.88
2024-01-31 20:49:00,36.72,14.8
2024-01-31 20:51:27,36.45,14.75
2024-01-31 20:53:54,34.53,14.98
2024-01-31 20:56:20,36.4,15.35
2024-01-31 20:58:47,30.58,13.43
2024-01-31 21:01:13,40.17,14.35
2024-01-31 21:03:39,39.6,14.35
2024-01-31 21:06:06,36.45,15.18
2024-01-31 21:08:32,30.75,13.52
2024-01-31 21:10:58,40.05,14.32
2024-01-31 21:13:24,39.5,15.75
2024-01-31 21:15:51,30.5,15.6
2024-01-31 21:18:17,35.85,14.93
2024-01-31 21:20:43,45.4,17.13
2024-01-31 21:23:09,37.38,15.95
2024-01-31 21:25:35,34.17,16.48
2024-01-31 21:28:02,39.35,17.15
2024-01-31 21:30:28,41.22,15.48
2024-01-31 21:32:54,33.22,14.3
2024-01-31 21:35:20,31.92,13.8
2024-01-31 21:37:46,36.15,14.1
2024-01-31 21:40:13,28.0,13.77
2024-01-31 21:42:39,29.45,12.27
2024-01-31 21:45:09,39.75,12.7
2024-01-31 21:47:37,33.45,13.02
2024-01-31 21:50:03,44.3,15.18
2024-01-31 21:52:30,23.15,10.48
2024-01-31 21:54:56,32.63,12.57
2024-01-31 21:57:22,32.5,13.02
2024-01-31 21:59:48,43.1,14.32
2024-01-31 22:02:14,34.45,13.55
2024-01-31 22:04:40,29.13,13.73
2024-01-31 22:07:16,26.58,12.7
2024-01-31 22:09:42,47.38,12.73
2024-01-31 22:12:08,26.4,11.35
2024-01-31 22:14:34,33.42,12.4
2024-01-31 22:17:01,23.13,10.8
2024-01-31 22:19:27,32.15,13.25
2024-01-31 22:21:53,40.72,12.68
2024-01-31 22:24:19,24.92,12.18
2024-01-31 22:26:45,43.97,14.88
2024-01-31 22:29:12,62.63,22.5
2024-01-31 22:31:41,61.4,22.5
2024-01-31 22:34:08,76.68,24.2
2024-01-31 22:36:35,70.35,27.42
2024-01-31 22:39:01,40.53,15.32
2024-01-31 22:41:27,34.67,13.07
2024-01-31 22:43:53,42.28,14.15
2024-01-31 22:46:19,32.38,14.0
2024-01-31 22:48:45,32.08,14.02
2024-01-31 22:51:12,31.98,12.85
2024-01-31 22:53:39,35.88,13.38
2024-01-31 22:56:05,34.15,13.35
2024-01-31 22:58:31,25.4,10.7
2024-01-31 23:00:58,23.05,9.13
2024-01-31 23:03:24,20.38,10.55
2024-01-31 23:05:51,20.75,8.4
2024-01-31 23:08:17,23.55,7.85
2024-01-31 23:10:43,23.25,9.4
2024-01-31 23:13:10,33.97,10.32
2024-01-31 23:15:37,19.92,8.75
2024-01-31 23:18:03,22.7,9.07
2024-01-31 23:20:31,27.25,9.02
2024-01-31 23:22:57,26.85,9.68
2024-01-31 23:25:23,21.9,7.4
2024-01-31 23:27:49,19.15,8.35
2024-01-31 23:30:16,24.88,8.9
2024-01-31 23:32:42,20.75,8.35
2024-01-31 23:35:08,60.65,18.73
2024-01-31 23:37:34,51.28,18.38
2024-01-31 23:40:00,51.63,17.9
2024-01-31 23:42:26,36.6,15.2
2024-01-31 23:44:52,38.3,14.4
2024-01-31 23:47:18,41.55,13.85
2024-01-31 23:49:45,47.65,15.63
2024-01-31 23:52:12,42.3,17.05
2024-01-31 23:54:38,48.88,17.13
2024-01-31 23:57:04,41.35,15.52
2024-01-31 23:59:30,42.4,16.73
