timestamp,pm10,pm25
2024-01-01 00:01:41,152.4,76.28
2024-01-01 00:04:08,127.7,67.88
2024-01-01 00:06:34,109.7,59.88
2024-01-01 00:09:00,74.45,42.17
2024-01-01 00:11:29,74.78,41.9
2024-01-01 00:13:55,69.1,41.17
2024-01-01 00:16:27,76.18,42.58
2024-01-01 00:18:53,81.65,44.83
2024-01-01 00:21:19,87.9,45.13
2024-01-01 00:23:45,88.18,48.78
2024-01-01 00:26:12,88.3,45.92
2024-01-01 00:28:40,82.38,44.03
2024-01-01 00:31:09,76.13,42.05
2024-01-01 00:33:35,69.57,37.8
2024-01-01 00:36:01,62.22,32.83
2024-01-01 00:38:30,61.38,34.03
2024-01-01 00:40:56,62.33,35.85
2024-01-01 00:43:22,64.22,35.85
2024-01-01 00:45:48,80.1,40.0
2024-01-01 00:48:14,80.15,40.3
2024-01-01 00:50:40,75.13,39.97
2024-01-01 00:53:07,72.95,39.97
2024-01-01 00:55:33,74.53,42.9
2024-01-01 00:57:59,74.95,44.7
2024-01-01 01:00:26,75.35,43.08
2024-01-01 01:02:52,70.68,41.13
2024-01-01 01:05:18,76.57,42.75
2024-01-01 01:07:44,70.63,38.9
2024-01-01 01:10:11,73.9,39.05
2024-01-01 01:12:37,65.6,35.8
2024-01-01 01:15:03,61.67,34.83
2024-01-01 01:17:29,58.25,33.95
2024-01-01 01:19:55,69.35,36.15
2024-01-01 01:22:22,67.38,35.03
2024-01-01 01:24:48,64.35,34.13
2024-01-01 01:27:14,69.65,37.38
2024-01-01 01:29:40,71.45,38.1
2024-01-01 01:32:07,74.78,38.92
2024-01-01 01:34:34,75.72,38.72
2024-01-01 01:37:00,77.38,40.55
2024-01-01 01:39:26,73.63,39.42
2024-01-01 01:41:53,77.55,40.38
2024-01-01 01:44:19,63.08,33.42
2024-01-01 01:46:45,79.9,39.47
2024-01-01 01:49:12,76.85,39.55
2024-01-01 01:51:40,61.0,32.95
2024-01-01 01:54:06,61.85,35.75
2024-01-01 01:56:32,63.67,34.97
2024-01-01 01:58:59,68.78,37.42
2024-01-01 02:01:28,96.53,49.1
2024-01-01 02:03:54,86.88,47.85
2024-01-01 02:06:20,87.0,49.6
2024-01-01 02:08:49,97.75,49.95
2024-01-01 02:11:15,97.6,48.88
2024-01-01 02:13:41,95.05,49.1
2024-01-01 02:16:08,124.75,66.75
2024-01-01 02:18:34,120.63,60.45
2024-01-01 02:21:00,131.68,65.22
2024-01-01 02:23:26,124.03,65.28
2024-01-01 02:25:52,125.1,65.2
2024-01-01 02:28:18,124.25,62.6
2024-01-01 02:30:44,129.98,64.43
2024-01-01 02:33:11,117.18,61.95
2024-01-01 02:35:42,131.82,65.65
2024-01-01 02:38:11,116.57,60.88
2024-01-01 02:40:37,120.1,61.47
2024-01-01 02:43:04,117.5,59.78
2024-01-01 02:45:32,120.55,63.15
2024-01-01 02:48:01,114.15,57.85
2024-01-01 02:50:29,109.5,56.3
2024-01-01 02:52:56,108.0,55.72
2024-01-01 02:55:22,105.63,56.25
2024-01-01 02:57:51,99.0,53.4
2024-01-01 03:00:17,95.8,50.6
2024-01-01 03:02:46,105.15,57.67
2024-01-01 03:05:12,86.0,46.63
2024-01-01 03:07:38,95.68,51.8
2024-01-01 03:10:07,98.13,51.83
2024-01-01 03:12:36,109.57,54.95
2024-01-01 03:15:02,96.93,51.0
2024-01-01 03:17:28,90.55,48.35
2024-01-01 03:19:54,70.68,40.35
2024-01-01 03:22:21,73.55,38.83
2024-01-01 03:24:49,81.65,41.88
2024-01-01 03:27:15,87.07,45.35
2024-01-01 03:29:51,83.22,44.33
2024-01-01 03:32:17,78.0,42.78
2024-01-01 03:34:48,79.55,40.75
2024-01-01 03:37:14,92.25,45.47
2024-01-01 03:39:40,86.5,47.05
2024-01-01 03:42:08,92.72,45.33
2024-01-01 03:44:34,79.68,42.03
2024-01-01 03:47:10,85.95,42.3
2024-01-01 03:49:36,81.53,40.8
2024-01-01 03:52:07,70.05,39.15
2024-01-01 03:54:36,74.3,39.13
2024-01-01 03:57:02,78.82,41.67
2024-01-01 03:59:31,75.2,39.9
2024-01-01 04:01:57,71.38,38.35
2024-01-01 04:04:23,78.47,38.97
2024-01-01 04:06:53,61.53,36.28
2024-01-01 04:12:09,86.0,44.38
2024-01-01 04:14:38,78.35,42.95
2024-01-01 04:17:07,78.53,43.25
2024-01-01 04:19:35,76.63,41.83
2024-01-01 04:22:01,57.7,33.05
2024-01-01 04:24:29,56.9,32.55
2024-01-01 04:26:56,62.42,33.22
2024-01-01 04:29:22,54.55,31.25
2024-01-01 04:31:50,62.83,32.42
2024-01-01 04:34:21,59.1,33.03
2024-01-01 04:36:50,61.55,33.83
2024-01-01 04:39:16,68.0,36.28
2024-01-01 04:41:51,61.1,33.13
2024-01-01 04:44:17,61.45,33.22
2024-01-01 04:46:50,54.92,29.88
2024-01-01 04:49:16,53.5,30.58
2024-01-01 04:51:45,50.13,29.1
2024-01-01 04:54:14,49.08,29.45
2024-01-01 04:56:40,51.35,29.05
2024-01-01 04:59:17,55.4,27.6
2024-01-01 05:01:43,51.6,28.83
2024-01-01 05:04:11,55.95,30.77
2024-01-01 05:06:37,53.65,29.55
2024-01-01 05:09:04,50.0,27.25
2024-01-01 05:11:33,48.67,27.75
2024-01-01 05:14:01,42.67,24.77
2024-01-01 05:16:37,43.08,23.65
2024-01-01 05:19:11,37.97,21.15
2024-01-01 05:21:38,48.2,24.75
2024-01-01 05:24:09,49.38,27.02
2024-01-01 05:26:38,43.55,24.8
2024-01-01 05:29:11,46.9,24.9
2024-01-01 05:31:47,44.03,24.25
2024-01-01 05:34:15,47.35,27.02
2024-01-01 05:36:42,46.5,23.92
2024-01-01 05:39:15,40.63,23.98
2024-01-01 05:41:44,41.97,24.23
2024-01-01 05:44:10,36.88,19.8
2024-01-01 05:46:36,38.63,21.45
2024-01-01 05:49:10,38.6,22.35
2024-01-01 05:51:36,39.72,22.5
2024-01-01 05:54:02,49.53,27.1
2024-01-01 05:56:30,42.88,24.58
2024-01-01 05:58:56,40.17,21.2
2024-01-01 06:01:23,29.73,18.33
2024-01-01 06:03:51,43.65,23.3
2024-01-01 06:06:17,36.47,17.45
2024-01-01 06:08:51,37.13,19.73
2024-01-01 06:11:17,37.6,20.8
2024-01-01 06:13:44,35.35,18.92
2024-01-01 06:16:10,40.53,19.08
2024-01-01 06:18:38,39.22,21.8
2024-01-01 06:21:05,38.7,21.95
2024-01-01 06:23:31,45.3,24.05
2024-01-01 06:25:57,44.92,25.15
2024-01-01 06:28:25,53.0,26.1
2024-01-01 06:30:54,45.47,25.15
2024-01-01 06:33:20,43.83,24.48
2024-01-01 06:35:56,35.6,19.48
2024-01-01 06:38:22,48.3,26.98
2024-01-01 06:40:48,43.47,24.23
2024-01-01 06:43:14,43.8,22.85
2024-01-01 06:45:43,48.78,25.0
2024-01-01 06:48:09,45.4,27.08
2024-01-01 06:50:39,51.13,27.9
2024-01-01 06:53:07,54.4,28.1
2024-01-01 06:55:33,58.3,32.13
2024-01-01 06:57:59,62.75,36.13
2024-01-01 07:00:28,65.2,36.63
2024-01-01 07:02:54,74.68,36.38
2024-01-01 07:05:20,52.5,28.4
2024-01-01 07:07:49,61.1,33.88
2024-01-01 07:10:16,60.55,32.72
2024-01-01 07:12:42,39.3,21.2
2024-01-01 07:15:08,82.2,41.2
2024-01-01 07:17:34,65.55,39.03
2024-01-01 07:20:00,59.2,30.65
2024-01-01 07:22:29,78.82,40.83
2024-01-01 07:24:57,78.38,41.45
2024-01-01 07:27:26,68.1,39.7
2024-01-01 07:29:57,73.38,39.0
2024-01-01 07:32:23,76.47,42.6
2024-01-01 07:34:51,80.95,41.88
2024-01-01 07:37:18,72.35,38.2
2024-01-01 07:39:44,72.93,39.8
2024-01-01 07:42:12,69.32,40.6
2024-01-01 07:44:47,80.97,42.55
2024-01-01 07:47:17,77.82,40.92
2024-01-01 07:49:52,67.6,39.0
2024-01-01 07:52:23,71.0,38.85
2024-01-01 07:54:52,60.53,35.13
2024-01-01 07:57:23,69.18,38.58
2024-01-01 07:59:56,63.83,36.63
2024-01-01 08:02:25,76.1,39.67
2024-01-01 08:04:52,71.38,39.22
2024-01-01 08:07:18,72.85,39.6
2024-01-01 08:09:49,77.18,42.22
2024-01-01 08:12:18,61.45,36.4
2024-01-01 08:14:54,70.13,39.47
2024-01-01 08:17:25,73.95,39.08
2024-01-01 08:19:53,67.6,37.9
2024-01-01 08:22:20,57.47,32.22
2024-01-01 08:24:46,57.03,33.88
2024-01-01 08:27:12,69.35,36.75
2024-01-01 08:29:38,65.82,34.2
2024-01-01 08:32:04,67.78,38.0
2024-01-01 08:34:30,69.15,40.1
2024-01-01 08:36:58,74.6,42.25
2024-01-01 08:39:24,60.6,36.45
2024-01-01 08:41:53,63.3,35.9
2024-01-01 08:44:19,64.4,36.5
2024-01-01 08:46:45,57.05,31.15
2024-01-01 08:49:11,61.88,35.25
2024-01-01 08:51:38,61.25,33.42
2024-01-01 08:54:04,59.7,34.9
2024-01-01 08:56:33,55.67,31.83
2024-01-01 08:58:59,60.6,34.65
2024-01-01 09:01:28,60.05,35.63
2024-01-01 09:03:54,61.53,35.85
2024-01-01 09:06:21,61.5,36.35
2024-01-01 09:08:50,53.13,34.0
2024-01-01 09:11:16,46.97,28.65
2024-01-01 09:13:42,49.55,28.0
2024-01-01 09:16:11,55.72,30.77
2024-01-01 09:18:37,53.38,29.58
2024-01-01 09:21:11,53.88,28.23
2024-01-01 09:23:37,47.92,28.52
2024-01-01 09:26:04,50.42,27.45
2024-01-01 09:28:30,50.95,27.92
2024-01-01 09:30:58,51.83,28.63
2024-01-01 09:33:24,51.72,31.23
2024-01-01 09:35:52,50.97,28.77
2024-01-01 09:38:20,53.03,31.95
2024-01-01 09:40:46,55.1,31.73
2024-01-01 09:43:16,59.22,35.8
2024-01-01 09:45:43,61.6,37.13
2024-01-01 09:48:13,60.6,34.83
2024-01-01 09:50:39,65.72,38.05
2024-01-01 09:53:10,58.67,35.17
2024-01-01 09:55:39,56.17,33.75
2024-01-01 09:58:08,62.03,36.72
2024-01-01 10:00:39,56.08,32.25
2024-01-01 10:03:06,50.65,31.55
2024-01-01 10:05:36,71.32,40.67
2024-01-01 10:08:10,66.75,39.1
2024-01-01 10:10:37,71.15,43.65
2024-01-01 10:13:12,83.1,44.88
2024-01-01 10:15:39,73.05,39.3
2024-01-01 10:18:15,66.05,38.85
2024-01-01 10:20:43,72.05,40.38
2024-01-01 10:26:03,66.35,36.8
2024-01-01 10:28:32,66.05,39.72
2024-01-01 10:30:58,63.7,37.15
2024-01-01 10:33:27,65.5,36.25
2024-01-01 10:35:56,65.75,40.6
2024-01-01 10:38:24,66.1,37.6
2024-01-01 10:40:52,67.68,39.2
2024-01-01 10:43:22,66.25,40.38
2024-01-01 10:46:00,75.8,45.1
2024-01-01 10:48:27,77.57,44.5
2024-01-01 10:51:04,78.8,45.9
2024-01-01 10:53:39,74.78,45.78
2024-01-01 10:56:13,76.63,43.85
2024-01-01 10:58:53,69.55,40.33
2024-01-01 11:01:21,73.47,41.03
2024-01-01 11:03:51,70.9,41.2
2024-01-01 11:06:21,72.72,41.25
2024-01-01 11:08:50,74.35,41.47
2024-01-01 11:11:30,72.32,40.75
2024-01-01 11:13:57,70.2,40.15
2024-01-01 11:16:24,68.97,40.8
2024-01-01 11:18:51,70.32,37.8
2024-01-01 11:21:27,58.47,34.22
2024-01-01 11:23:54,59.47,32.8
2024-01-01 11:26:24,56.05,30.5
2024-01-01 11:28:56,57.42,33.38
2024-01-01 11:31:29,61.97,35.9
2024-01-01 11:34:14,63.67,35.9
2024-01-01 11:36:46,67.88,40.53
2024-01-01 11:39:14,65.0,36.53
2024-01-01 11:41:41,54.2,32.47
2024-01-01 11:44:11,53.4,32.17
2024-01-01 11:46:37,56.65,31.58
2024-01-01 11:49:03,49.22,25.38
2024-01-01 11:51:30,52.65,32.5
2024-01-01 11:54:05,52.4,29.48
2024-01-01 11:56:32,52.92,30.83
2024-01-01 11:58:58,51.67,30.77
2024-01-01 12:01:27,45.53,25.73
2024-01-01 12:03:54,49.13,30.23
2024-01-01 12:06:23,45.47,26.4
2024-01-01 12:08:50,52.63,29.88
2024-01-01 12:11:16,54.8,30.52
2024-01-01 12:13:56,53.97,33.88
2024-01-01 12:16:22,54.42,31.05
2024-01-01 12:18:55,52.1,30.48
2024-01-01 12:21:21,49.38,30.33
2024-01-01 12:23:50,52.15,28.33
2024-01-01 12:26:31,50.3,29.85
2024-01-01 12:29:15,51.8,28.0
2024-01-01 12:31:42,51.03,27.3
2024-01-01 12:34:12,54.5,31.83
2024-01-01 12:36:39,47.72,28.92
2024-01-01 12:39:06,58.72,33.17
2024-01-01 12:41:32,57.67,31.98
2024-01-01 12:43:58,58.53,34.4
2024-01-01 12:46:24,55.42,31.05
2024-01-01 12:51:20,64.95,37.42
2024-01-01 12:53:47,62.58,35.83
2024-01-01 12:56:15,61.25,35.0
2024-01-01 12:58:41,68.6,36.97
2024-01-01 13:01:08,61.97,34.78
2024-01-01 13:03:44,57.58,33.5
2024-01-01 13:06:14,59.53,34.9
2024-01-01 13:08:41,60.65,36.15
2024-01-01 13:11:07,64.22,36.97
2024-01-01 13:13:35,65.45,37.3
2024-01-01 13:16:02,60.13,37.22
2024-01-01 13:18:28,62.25,36.97
2024-01-01 13:20:55,61.55,37.47
2024-01-01 13:23:22,59.35,36.75
2024-01-01 13:25:48,62.47,37.95
2024-01-01 13:28:14,62.42,36.83
2024-01-01 13:30:47,65.2,37.22
2024-01-01 13:33:20,61.55,33.55
2024-01-01 13:35:46,63.47,34.67
2024-01-01 13:38:12,59.65,36.47
2024-01-01 13:40:38,62.15,37.05
2024-01-01 13:43:04,63.95,39.28
2024-01-01 13:48:00,65.8,37.13
2024-01-01 13:50:27,66.15,39.8
2024-01-01 13:52:55,64.78,38.72
2024-01-01 13:55:21,67.0,38.1
2024-01-01 13:57:48,78.6,45.35
2024-01-01 14:00:14,76.28,43.1
2024-01-01 14:02:41,74.82,42.92
2024-01-01 14:05:07,74.65,41.72
2024-01-01 14:07:34,67.65,40.08
2024-01-01 14:10:00,64.78,38.03
2024-01-01 14:12:27,64.05,38.4
2024-01-01 14:14:55,71.03,41.6
2024-01-01 14:17:21,70.68,41.75
2024-01-01 14:19:48,72.47,41.9
2024-01-01 14:22:15,78.8,43.3
2024-01-01 14:24:43,71.03,41.22
2024-01-01 14:27:11,67.13,41.42
2024-01-01 14:29:37,72.53,40.25
2024-01-01 14:32:04,67.15,38.65
2024-01-01 14:34:31,67.07,37.15
2024-01-01 14:37:00,68.82,39.3
2024-01-01 14:39:32,72.97,40.13
2024-01-01 14:41:58,70.6,39.2
2024-01-01 14:44:25,73.82,40.97
2024-01-01 14:46:51,72.43,41.22
2024-01-01 14:49:17,71.88,41.03
2024-01-01 14:51:43,81.0,47.13
2024-01-01 14:54:13,82.43,48.15
2024-01-01 14:56:39,101.85,56.2
2024-01-01 14:59:06,109.95,57.2
2024-01-01 15:01:32,122.35,58.88
2024-01-01 15:03:58,135.63,70.8
2024-01-01 15:06:25,124.07,68.57
2024-01-01 15:08:51,122.78,61.8
2024-01-01 15:11:17,114.7,64.22
2024-01-01 15:13:46,122.0,69.13
2024-01-01 15:16:12,134.4,72.88
2024-01-01 15:18:38,134.0,71.55
2024-01-01 15:21:04,146.35,81.38
2024-01-01 15:23:30,143.9,81.4
2024-01-01 15:25:57,136.38,80.88
2024-01-01 15:28:23,135.32,76.45
2024-01-01 15:30:52,137.0,78.32
2024-01-01 15:33:18,149.38,86.4
2024-01-01 15:35:44,148.43,84.82
2024-01-01 15:38:13,152.52,86.88
2024-01-01 15:40:39,165.2,92.8
2024-01-01 15:43:08,165.82,95.8
2024-01-01 15:45:34,176.65,98.32
2024-01-01 15:48:03,195.55,105.5
2024-01-01 15:50:34,201.7,107.05
2024-01-01 15:53:00,191.9,107.03
2024-01-01 15:55:26,188.07,107.72
2024-01-01 15:57:53,183.55,104.78
2024-01-01 16:00:19,174.6,102.4
2024-01-01 16:02:48,182.23,99.53
2024-01-01 16:05:17,179.63,105.13
2024-01-01 16:07:43,171.2,100.03
2024-01-01 16:10:16,166.82,94.43
2024-01-01 16:12:42,167.9,101.63
2024-01-01 16:15:09,182.93,104.75
2024-01-01 16:17:37,178.52,105.68
2024-01-01 16:20:06,165.7,98.9
2024-01-01 16:22:36,174.65,98.8
2024-01-01 16:25:08,186.82,110.6
2024-01-01 16:27:34,200.3,115.03
2024-01-01 16:30:03,192.82,110.05
2024-01-01 16:32:32,188.55,108.15
2024-01-01 16:34:58,196.8,114.15
2024-01-01 16:37:24,204.05,117.13
2024-01-01 16:39:52,201.15,119.13
2024-01-01 16:42:18,185.2,115.6
2024-01-01 16:44:44,194.4,113.0
2024-01-01 16:47:13,194.13,113.07
2024-01-01 16:49:39,188.32,110.85
2024-01-01 16:52:19,187.52,104.63
2024-01-01 16:54:45,176.75,109.53
2024-01-01 16:57:18,192.98,111.2
2024-01-01 16:59:47,173.02,100.95
2024-01-01 17:02:17,160.63,100.4
2024-01-01 17:04:44,167.6,100.2
2024-01-01 17:07:17,145.5,88.72
2024-01-01 17:09:45,144.93,84.8
2024-01-01 17:12:14,130.9,81.57
2024-01-01 17:14:40,143.57,89.85
2024-01-01 17:17:06,147.07,90.8
2024-01-01 17:19:33,136.32,86.65
2024-01-01 17:22:02,133.57,82.93
2024-01-01 17:24:29,248.23,115.6
2024-01-01 17:26:55,299.8,123.82
2024-01-01 17:29:22,305.38,123.8
2024-01-01 17:34:17,104.1,61.2
2024-01-01 17:36:43,125.7,68.65
2024-01-01 17:39:09,112.78,61.38
2024-01-01 17:41:39,147.95,81.45
2024-01-01 17:44:05,160.95,87.6
2024-01-01 17:46:31,106.7,67.2
2024-01-01 17:48:57,119.28,70.57
2024-01-01 17:51:24,122.65,74.13
2024-01-01 17:53:50,120.13,73.63
2024-01-01 17:56:16,125.97,72.25
2024-01-01 17:58:42,113.82,68.82
2024-01-01 18:01:08,116.82,70.93
2024-01-01 18:03:37,116.38,68.57
2024-01-01 18:06:03,111.95,64.28
2024-01-01 18:08:29,107.6,63.63
2024-01-01 18:10:56,112.8,63.97
2024-01-01 18:13:22,107.8,61.9
2024-01-01 18:15:53,110.38,64.55
2024-01-01 18:18:19,103.63,59.45
2024-01-01 18:20:45,122.15,61.88
2024-01-01 18:23:11,116.18,71.0
2024-01-01 18:25:37,129.0,77.93
2024-01-01 18:28:04,132.9,82.0
2024-01-01 18:30:33,116.65,71.47
2024-01-01 18:32:59,120.78,70.95
2024-01-01 18:35:25,121.1,73.1
2024-01-01 18:37:51,145.15,86.45
2024-01-01 18:40:18,160.88,96.15
2024-01-01 18:42:46,158.4,92.28
2024-01-01 18:45:12,160.8,98.18
2024-01-01 18:47:38,161.0,94.9
2024-01-01 18:50:07,133.68,81.28
2024-01-01 18:52:33,134.85,84.2
2024-01-01 18:54:59,151.68,92.15
2024-01-01 18:57:31,163.43,94.03
2024-01-01 18:59:57,158.98,94.28
2024-01-01 19:02:32,166.38,93.35
2024-01-01 19:04:58,154.75,95.2
2024-01-01 19:07:26,189.1,109.78
2024-01-01 19:09:56,198.68,118.38
2024-01-01 19:12:22,180.65,107.57
2024-01-01 19:14:51,204.88,124.97
2024-01-01 19:17:25,212.15,131.23
2024-01-01 19:19:51,200.8,118.93
2024-01-01 19:22:19,187.57,115.07
2024-01-01 19:24:46,194.95,115.0
2024-01-01 19:27:15,204.93,116.82
2024-01-01 19:29:42,219.98,127.9
2024-01-01 19:32:11,222.35,125.0
2024-01-01 19:34:37,202.52,123.13
2024-01-01 19:37:03,208.57,125.55
2024-01-01 19:39:29,203.35,119.6
2024-01-01 19:41:55,202.5,125.55
2024-01-01 19:44:24,210.63,116.75
2024-01-01 19:46:51,190.02,116.28
2024-01-01 19:49:17,205.95,120.4
2024-01-01 19:51:44,209.73,125.07
2024-01-01 19:54:10,214.43,128.15
2024-01-01 19:56:36,213.77,129.93
2024-01-01 19:59:07,221.9,127.03
2024-01-01 20:01:45,232.82,136.18
2024-01-01 20:04:18,220.77,130.0
2024-01-01 20:06:47,213.15,130.23
2024-01-01 20:09:30,233.3,135.1
2024-01-01 20:11:57,233.85,138.2
2024-01-01 20:14:23,219.0,125.2
2024-01-01 20:16:49,226.35,129.13
2024-01-01 20:19:15,253.9,146.13
2024-01-01 20:21:41,252.15,152.23
2024-01-01 20:24:10,254.8,146.02
2024-01-01 20:26:38,231.82,131.2
2024-01-01 20:29:09,215.3,125.4
2024-01-01 20:31:35,188.68,113.6
2024-01-01 20:34:09,223.0,132.38
2024-01-01 20:36:35,220.02,132.88
2024-01-01 20:39:10,270.02,156.07
2024-01-01 20:41:36,267.13,152.27
2024-01-01 20:44:05,261.15,150.55
2024-01-01 20:46:34,252.3,141.9
2024-01-01 20:49:09,259.58,147.8
2024-01-01 20:51:35,242.0,137.5
2024-01-01 20:54:01,249.52,139.93
2024-01-01 20:56:28,223.77,122.47
2024-01-01 20:58:57,205.88,123.88
2024-01-01 21:01:26,204.82,123.53
2024-01-01 21:03:55,216.52,124.8
2024-01-01 21:06:22,222.98,128.88
2024-01-01 21:08:58,233.9,136.35
2024-01-01 21:11:26,238.18,141.68
2024-01-01 21:13:56,240.1,140.45
2024-01-01 21:16:23,233.43,133.85
2024-01-01 21:18:49,242.8,142.7
2024-01-01 21:24:17,243.13,145.52
2024-01-01 21:27:00,239.18,143.65
2024-01-01 21:29:38,225.63,133.52
2024-01-01 21:32:25,238.27,141.15
2024-01-01 21:34:51,233.05,139.93
2024-01-01 21:37:24,227.93,131.2
2024-01-01 21:39:51,211.77,117.72
2024-01-01 21:42:26,193.23,117.4
2024-01-01 21:44:55,209.63,121.43
2024-01-01 21:47:21,206.5,117.05
2024-01-01 21:49:47,192.77,112.88
2024-01-01 21:52:16,211.7,121.95
2024-01-01 21:54:42,210.82,123.15
2024-01-01 21:57:12,218.05,124.38
2024-01-01 21:59:38,232.98,130.57
2024-01-01 22:02:04,213.0,128.8
2024-01-01 22:04:31,231.6,135.13
2024-01-01 22:06:57,223.98,131.88
2024-01-01 22:09:28,217.98,128.57
2024-01-01 22:11:57,206.48,122.97
2024-01-01 22:14:23,209.45,124.53
2024-01-01 22:16:58,217.65,126.95
2024-01-01 22:19:27,233.25,137.57
2024-01-01 22:22:03,237.48,136.35
2024-01-01 22:24:32,233.57,135.2
2024-01-01 22:26:58,241.25,138.3
2024-01-01 22:29:24,367.58,173.88
2024-01-01 22:31:51,225.73,136.0
2024-01-01 22:34:20,269.0,145.02
2024-01-01 22:37:01,293.3,150.4
2024-01-01 22:39:30,310.15,158.6
2024-01-01 22:41:58,308.7,159.1
2024-01-01 22:44:25,279.9,149.23
2024-01-01 22:47:00,285.6,151.1
2024-01-01 22:49:29,275.15,145.85
2024-01-01 22:51:55,263.63,143.38
2024-01-01 22:54:24,249.8,134.15
2024-01-01 22:56:52,224.2,131.65
2024-01-01 22:59:19,233.5,134.23
2024-01-01 23:01:48,236.77,138.45
2024-01-01 23:04:20,220.25,132.88
2024-01-01 23:06:54,194.27,114.45
2024-01-01 23:09:28,197.65,114.4
2024-01-01 23:11:57,199.73,119.75
2024-01-01 23:14:23,202.23,118.43
2024-01-01 23:17:00,200.32,120.4
2024-01-01 23:19:55,185.02,105.35
2024-01-01 23:22:24,195.38,117.63
2024-01-01 23:24:53,190.95,119.2
2024-01-01 23:27:21,187.57,110.68
2024-01-01 23:29:52,188.7,114.35
2024-01-01 23:32:18,189.3,109.75
2024-01-01 23:34:52,174.88,99.57
2024-01-01 23:37:18,168.38,99.95
2024-01-01 23:39:45,168.52,102.47
2024-01-01 23:42:13,172.15,101.95
2024-01-01 23:44:39,172.35,97.63
2024-01-01 23:47:10,160.65,99.38
2024-01-01 23:49:36,163.25,95.5
2024-01-01 23:52:12,165.57,97.93
2024-01-01 23:54:38,156.48,89.43
2024-01-01 23:57:04,180.7,103.53
2024-01-01 23:59:33,198.8,112.72
2024-01-02 00:01:59,165.75,91.88
2024-01-02 00:04:36,193.68,108.35
2024-01-02 00:07:02,154.63,88.82
2024-01-02 00:09:33,146.15,81.93
2024-01-02 00:11:59,138.35,81.88
2024-01-02 00:14:25,133.77,79.63
2024-01-02 00:16:57,139.7,79.0
2024-01-02 00:19:23,148.4,83.35
2024-01-02 00:21:49,139.88,77.3
2024-01-02 00:24:17,134.13,78.55
2024-01-02 00:26:46,146.23,82.4
2024-01-02 00:29:19,144.52,81.13
2024-01-02 00:31:53,134.8,78.1
2024-01-02 00:34:19,140.25,81.65
2024-01-02 00:36:46,145.05,77.47
2024-01-02 00:39:15,143.48,83.93
2024-01-02 00:41:41,140.02,84.35
2024-01-02 00:44:12,148.3,88.35
2024-01-02 00:46:38,145.38,85.03
2024-01-02 00:49:07,147.23,87.78
2024-01-02 00:51:36,150.57,88.18
2024-01-02 00:54:11,156.85,84.25
2024-01-02 00:56:38,140.82,79.43
2024-01-02 01:01:40,131.27,72.3
2024-01-02 01:04:16,134.82,75.72
2024-01-02 01:06:42,129.35,70.1
2024-01-02 01:09:08,132.18,78.45
2024-01-02 01:11:35,128.02,71.7
2024-01-02 01:14:01,131.68,73.85
2024-01-02 01:16:33,128.57,72.93
2024-01-02 01:19:01,126.22,73.18
2024-01-02 01:21:27,134.4,74.63
2024-01-02 01:23:58,132.27,74.28
2024-01-02 01:26:24,129.9,76.8
2024-01-02 01:28:53,138.98,76.43
2024-01-02 01:31:29,132.7,75.65
2024-01-02 01:33:57,131.15,74.68
2024-01-02 01:36:26,142.52,80.32
2024-01-02 01:39:01,142.63,76.03
2024-01-02 01:41:32,138.7,77.28
2024-01-02 01:44:01,144.4,80.28
2024-01-02 01:46:36,149.02,80.82
2024-01-02 01:49:02,150.8,83.7
2024-01-02 01:51:29,153.65,86.75
2024-01-02 01:53:58,144.6,79.38
2024-01-02 01:56:26,153.68,87.93
2024-01-02 01:58:55,155.38,88.9
2024-01-02 02:01:33,159.8,84.43
2024-01-02 02:04:00,162.55,91.95
2024-01-02 02:06:29,155.52,86.22
2024-01-02 02:08:57,147.32,85.4
2024-01-02 02:11:25,147.63,84.7
2024-01-02 02:13:55,146.27,85.6
2024-01-02 02:16:21,144.95,80.1
2024-01-02 02:18:47,148.3,83.9
2024-01-02 02:21:13,143.77,81.93
2024-01-02 02:23:39,144.57,84.38
2024-01-02 02:26:06,137.52,78.3
2024-01-02 02:28:32,145.3,83.93
2024-01-02 02:31:00,141.45,80.22
2024-01-02 02:33:26,141.4,76.63
2024-01-02 02:35:54,129.77,75.78
2024-01-02 02:38:21,140.9,81.75
2024-01-02 02:40:49,138.85,79.6
2024-01-02 02:43:15,145.98,78.35
2024-01-02 02:45:41,145.02,78.78
2024-01-02 02:48:10,139.25,73.8
2024-01-02 02:50:36,141.05,81.55
2024-01-02 02:53:02,145.38,81.2
2024-01-02 02:55:31,144.3,79.75
2024-01-02 02:57:57,141.57,77.15
2024-01-02 03:00:25,136.7,75.15
2024-01-02 03:02:52,149.05,83.9
2024-01-02 03:05:20,131.9,70.68
2024-01-02 03:07:46,135.7,78.53
2024-01-02 03:10:12,140.1,77.85
2024-01-02 03:12:43,144.57,77.05
2024-01-02 03:15:17,144.18,75.4
2024-01-02 03:17:43,149.23,80.75
2024-01-02 03:20:19,133.13,78.1
2024-01-02 03:22:45,150.4,79.78
2024-01-02 03:25:14,144.02,81.95
2024-01-02 03:27:45,138.27,73.0
2024-01-02 03:30:11,149.63,83.75
2024-01-02 03:32:37,144.23,82.18
2024-01-02 03:35:06,153.38,80.3
2024-01-02 03:37:34,148.23,85.3
2024-01-02 03:40:01,157.4,87.7
2024-01-02 03:42:27,151.82,77.97
2024-01-02 03:44:59,148.65,82.25
2024-01-02 03:47:27,145.6,77.95
2024-01-02 03:49:56,135.4,77.82
2024-01-02 03:52:22,131.8,70.07
2024-01-02 03:54:51,134.48,75.07
2024-01-02 03:57:20,138.93,78.9
2024-01-02 03:59:46,150.27,85.0
2024-01-02 04:02:15,144.48,81.03
2024-01-02 04:04:54,144.98,83.97
2024-01-02 04:07:35,153.7,87.22
2024-01-02 04:10:17,150.68,83.8
2024-01-02 04:13:10,145.98,82.45
2024-01-02 04:15:41,158.13,88.07
2024-01-02 04:18:19,155.95,87.35
2024-01-02 04:23:48,150.95,87.53
2024-01-02 04:26:17,149.85,86.57
2024-01-02 04:28:43,146.82,85.6
2024-01-02 04:31:09,141.3,83.38
2024-01-02 04:33:36,144.93,82.63
2024-01-02 04:36:02,153.5,83.78
2024-01-02 04:38:31,154.1,83.18
2024-01-02 04:40:58,153.43,84.47
2024-01-02 04:43:25,153.9,81.93
2024-01-02 04:45:52,140.6,81.35
2024-01-02 04:48:18,117.55,61.42
2024-01-02 04:50:45,137.77,76.32
2024-01-02 04:53:11,139.15,75.95
2024-01-02 04:55:37,132.77,75.85
2024-01-02 04:58:03,136.5,75.68
2024-01-02 05:00:30,144.05,80.1
2024-01-02 05:02:56,136.73,76.47
2024-01-02 05:05:25,139.75,75.55
2024-01-02 05:07:54,143.7,78.05
2024-01-02 05:10:20,158.0,88.53
2024-01-02 05:12:46,167.05,97.18
2024-01-02 05:15:15,158.13,93.05
2024-01-02 05:17:41,162.82,91.38
2024-01-02 05:20:07,160.4,83.82
2024-01-02 05:22:37,139.32,80.8
2024-01-02 05:25:04,145.0,79.95
2024-01-02 05:27:33,146.13,80.78
2024-01-02 05:30:02,151.52,84.35
2024-01-02 05:32:28,149.98,85.6
2024-01-02 05:34:57,150.52,84.07
2024-01-02 05:37:23,158.95,87.75
2024-01-02 05:39:49,149.75,85.32
2024-01-02 05:42:15,147.07,84.13
2024-01-02 05:44:44,161.3,89.15
2024-01-02 05:47:20,145.88,83.57
2024-01-02 05:49:46,145.88,82.65
2024-01-02 05:52:15,151.68,84.85
2024-01-02 05:54:42,151.25,83.35
2024-01-02 05:57:10,146.05,87.78
2024-01-02 05:59:36,142.88,78.4
2024-01-02 06:02:03,138.77,76.85
2024-01-02 06:04:29,156.65,83.38
2024-01-02 06:06:55,152.93,88.5
2024-01-02 06:09:22,159.0,89.1
2024-01-02 06:11:49,157.95,82.8
2024-01-02 06:14:15,145.6,80.38
2024-01-02 06:16:42,144.68,80.0
2024-01-02 06:19:10,142.27,80.13
2024-01-02 06:21:43,136.23,76.05
2024-01-02 06:24:09,129.55,71.63
2024-01-02 06:26:37,139.35,79.97
2024-01-02 06:29:06,149.45,83.63
2024-01-02 06:31:32,148.85,81.88
2024-01-02 06:34:08,137.65,79.5
2024-01-02 06:36:34,136.85,73.78
2024-01-02 06:39:00,131.25,77.03
2024-01-02 06:41:26,142.88,78.6
2024-01-02 06:43:52,144.27,79.3
2024-01-02 06:46:18,139.45,73.82
2024-01-02 06:48:45,131.43,74.32
2024-01-02 06:51:11,137.63,75.1
2024-01-02 06:53:37,137.3,75.28
2024-01-02 06:56:05,122.93,74.7
2024-01-02 06:58:32,145.25,81.5
2024-01-02 07:00:58,147.38,80.97
2024-01-02 07:03:24,157.45,87.38
2024-01-02 07:05:53,151.68,90.25
2024-01-02 07:08:19,136.6,78.65
2024-01-02 07:10:46,146.48,86.82
2024-01-02 07:13:12,186.77,100.38
2024-01-02 07:15:38,170.82,93.25
2024-01-02 07:18:05,130.9,77.43
2024-01-02 07:20:31,128.18,75.57
2024-01-02 07:22:57,119.05,68.93
2024-01-02 07:25:23,115.43,63.33
2024-01-02 07:27:49,113.95,62.7
2024-01-02 07:30:18,124.38,68.38
2024-01-02 07:32:45,120.82,69.0
2024-01-02 07:35:13,141.73,75.57
2024-01-02 07:37:40,141.13,75.45
2024-01-02 07:40:06,120.88,67.6
2024-01-02 07:42:33,120.5,65.75
2024-01-02 07:44:59,147.95,75.05
2024-01-02 07:47:25,134.52,71.9
2024-01-02 07:49:51,108.9,65.82
2024-01-02 07:52:18,111.95,64.78
2024-01-02 07:54:45,116.3,66.88
2024-01-02 07:57:11,113.2,63.53
2024-01-02 07:59:37,113.6,66.57
2024-01-02 08:02:03,92.88,56.85
2024-01-02 08:04:30,89.55,53.33
2024-01-02 08:06:56,84.68,50.5
2024-01-02 08:09:24,79.43,47.8
2024-01-02 08:11:50,74.32,43.25
2024-01-02 08:14:19,82.78,49.33
2024-01-02 08:16:52,86.45,50.08
2024-01-02 08:19:19,97.15,56.67
2024-01-02 08:21:45,115.75,66.78
2024-01-02 08:24:17,127.43,68.2
2024-01-02 08:26:43,103.57,58.6
2024-01-02 08:29:10,103.97,60.13
2024-01-02 08:31:36,96.07,57.38
2024-01-02 08:34:02,100.28,57.15
2024-01-02 08:36:29,90.75,53.63
2024-01-02 08:38:55,94.15,51.58
2024-01-02 08:41:22,98.15,56.33
2024-01-02 08:43:50,85.13,51.9
2024-01-02 08:46:16,90.0,55.6
2024-01-02 08:48:43,93.5,57.08
2024-01-02 08:51:13,93.53,54.0
2024-01-02 08:53:41,96.05,55.85
2024-01-02 08:56:07,87.2,52.7
2024-01-02 08:58:34,83.65,50.15
2024-01-02 09:01:00,82.35,49.47
2024-01-02 09:03:26,84.4,51.38
2024-01-02 09:05:55,78.82,49.5
2024-01-02 09:08:21,83.18,53.4
2024-01-02 09:10:47,84.03,52.0
2024-01-02 09:13:14,89.82,54.15
2024-01-02 09:15:42,81.5,48.05
2024-01-02 09:18:09,81.85,50.13
2024-01-02 09:20:35,80.53,48.83
2024-01-02 09:23:01,81.72,50.67
2024-01-02 09:25:30,76.7,47.75
2024-01-02 09:27:57,84.1,54.53
2024-01-02 09:30:23,96.0,58.58
2024-01-02 09:32:49,103.95,59.3
2024-01-02 09:35:16,95.82,59.17
2024-01-02 09:37:53,93.88,58.15
2024-01-02 09:42:54,134.15,80.65
2024-01-02 09:45:31,139.85,88.05
2024-01-02 09:48:09,143.43,91.45
2024-01-02 09:50:44,138.73,88.38
2024-01-02 09:55:51,143.25,86.2
2024-01-02 09:58:29,137.45,86.6
2024-01-02 10:06:06,112.7,68.53
2024-01-02 10:08:57,112.07,66.72
2024-01-02 10:11:34,124.88,72.2
2024-01-02 10:16:47,104.65,62.55
2024-01-02 10:19:27,90.18,53.25
2024-01-02 10:22:08,111.4,62.55
2024-01-02 10:32:54,94.85,55.9
2024-01-02 10:35:21,102.53,61.58
2024-01-02 10:38:05,92.55,55.05
2024-01-02 10:40:49,89.45,51.0
2024-01-02 10:43:21,84.22,45.63
2024-01-02 10:48:43,86.07,50.42
2024-01-02 10:51:57,81.95,51.3
2024-01-02 10:54:04,76.93,46.7
2024-01-02 10:56:41,84.05,48.63
2024-01-02 10:59:29,71.82,43.53
2024-01-02 11:02:00,87.6,49.8
2024-01-02 11:07:23,70.85,41.0
2024-01-02 11:10:05,82.1,48.95
2024-01-02 11:12:36,85.18,51.28
2024-01-02 11:15:08,84.85,52.5
2024-01-02 11:17:38,83.0,47.95
2024-01-02 11:20:06,85.82,52.05
2024-01-02 11:22:37,88.1,49.53
2024-01-02 11:25:06,94.55,51.97
2024-01-02 11:27:36,87.7,49.6
2024-01-02 11:30:03,76.47,43.65
2024-01-02 11:32:38,83.75,46.45
2024-01-02 11:35:05,74.55,47.0
2024-01-02 11:37:37,76.85,44.58
2024-01-02 11:45:12,74.45,44.35
2024-01-02 11:47:41,80.1,46.7
2024-01-02 11:50:11,78.6,44.7
2024-01-02 11:52:44,79.22,46.0
2024-01-02 11:55:17,78.0,45.95
2024-01-02 12:00:11,78.1,44.7
2024-01-02 12:05:36,75.3,45.83
2024-01-02 12:08:04,72.68,41.58
2024-01-02 12:10:33,75.03,42.17
2024-01-02 12:18:17,69.72,41.28
2024-01-02 12:23:13,71.9,42.13
2024-01-02 12:25:40,77.45,42.15
2024-01-02 12:28:09,78.9,46.13
2024-01-02 12:33:33,77.75,44.7
2024-01-02 12:36:07,82.63,47.47
2024-01-02 12:38:41,86.55,50.05
2024-01-02 12:41:11,80.05,47.33
2024-01-02 12:43:41,85.53,49.33
2024-01-02 12:46:13,83.93,50.9
2024-01-02 12:49:26,93.45,54.08
2024-01-02 12:51:28,91.78,50.95
2024-01-02 12:53:55,77.57,46.25
2024-01-02 12:56:24,86.15,48.88
2024-01-02 12:58:51,85.15,48.75
2024-01-02 13:01:18,93.82,52.47
2024-01-02 13:03:46,84.95,49.72
2024-01-02 13:06:13,76.75,42.08
2024-01-02 13:08:39,74.8,45.03
2024-01-02 13:11:05,78.28,41.42
2024-01-02 13:13:33,77.28,44.22
2024-01-02 13:15:59,76.53,44.58
2024-01-02 13:18:26,78.35,45.75
2024-01-02 13:20:53,77.55,43.58
2024-01-02 13:23:20,83.35,46.97
2024-01-02 13:25:47,80.85,43.03
2024-01-02 13:28:16,80.57,46.33
2024-01-02 13:30:42,75.3,43.3
2024-01-02 13:33:18,75.55,45.28
2024-01-02 13:35:46,76.75,44.67
2024-01-02 13:38:24,82.25,47.63
2024-01-02 13:41:03,75.38,42.38
2024-01-02 13:43:33,66.38,36.15
2024-01-02 13:46:09,60.33,32.78
2024-01-02 13:48:54,59.4,34.35
2024-01-02 13:51:25,50.5,27.17
2024-01-02 13:53:59,57.22,30.38
2024-01-02 13:56:25,58.75,35.1
2024-01-02 13:58:56,66.45,34.67
2024-01-02 14:01:30,56.28,31.27
2024-01-02 14:03:56,57.65,30.17
2024-01-02 14:06:22,63.63,36.03
2024-01-02 14:08:59,62.05,35.83
2024-01-02 14:11:33,87.68,48.63
2024-01-02 14:14:09,87.47,46.2
2024-01-02 14:16:38,93.22,49.78
2024-01-02 14:19:04,102.57,55.08
2024-01-02 14:21:31,99.28,55.1
2024-01-02 14:23:57,103.85,56.7
2024-01-02 14:28:58,104.6,55.55
2024-01-02 14:34:13,100.05,55.8
2024-01-02 14:44:40,95.22,51.55
2024-01-02 14:48:13,84.8,45.33
2024-01-02 14:50:08,89.53,48.53
2024-01-02 15:00:19,84.88,47.33
2024-01-02 15:05:25,84.97,45.17
2024-01-02 15:08:00,96.47,51.25
2024-01-02 15:10:27,104.93,53.72
2024-01-02 15:13:08,141.57,68.65
2024-01-02 15:18:33,125.28,66.85
2024-01-02 15:21:15,142.07,76.3
2024-01-02 15:26:22,146.52,79.55
2024-01-02 15:28:50,134.38,77.32
2024-01-02 15:31:24,136.52,74.03
2024-01-02 15:33:54,140.4,76.13
2024-01-02 15:41:28,177.55,94.43
2024-01-02 15:44:18,175.07,88.38
2024-01-02 15:46:43,181.27,94.28
2024-01-02 15:49:20,173.02,95.9
2024-01-02 15:51:50,177.07,102.68
2024-01-02 15:54:21,164.48,94.4
2024-01-02 15:56:49,158.48,98.63
2024-01-02 16:10:34,222.13,142.1
2024-01-02 16:15:32,196.77,127.93
2024-01-02 16:20:44,180.98,113.0
2024-01-02 16:28:27,151.77,80.85
2024-01-02 16:31:09,154.82,85.75
2024-01-02 16:39:17,155.0,83.75
2024-01-02 16:41:44,168.3,84.72
2024-01-02 16:44:17,170.63,92.55
2024-01-02 16:46:48,165.63,91.88
2024-01-02 16:49:17,155.9,88.95
2024-01-02 16:51:46,191.07,98.57
2024-01-02 16:54:22,192.23,106.1
2024-01-02 16:56:49,204.2,108.45
2024-01-02 16:59:15,163.6,92.63
2024-01-02 17:01:41,180.35,95.3
2024-01-02 17:04:10,183.13,98.45
2024-01-02 17:06:43,181.1,97.65
2024-01-02 17:09:16,188.45,102.82
2024-01-02 17:11:43,197.5,103.65
2024-01-02 17:14:09,193.02,100.1
2024-01-02 17:16:39,184.13,95.6
2024-01-02 17:19:05,176.05,96.18
2024-01-02 17:21:34,173.73,98.88
2024-01-02 17:24:03,181.4,101.13
2024-01-02 17:26:29,188.2,113.57
2024-01-02 17:29:03,186.88,107.35
2024-01-02 17:31:31,172.52,104.93
2024-01-02 17:34:07,150.25,85.13
2024-01-02 17:36:35,159.85,92.97
2024-01-02 17:39:01,174.82,98.55
2024-01-02 17:41:30,148.18,79.63
2024-01-02 17:43:59,155.57,83.22
2024-01-02 17:46:32,157.77,84.97
2024-01-02 17:49:01,170.65,90.38
2024-01-02 17:51:28,188.1,93.07
2024-01-02 17:53:55,180.77,97.47
2024-01-02 17:56:23,184.55,102.03
2024-01-02 18:01:35,185.77,99.95
2024-01-02 18:04:06,181.85,99.07
2024-01-02 18:12:08,169.8,94.05
2024-01-02 18:14:41,151.25,83.93
2024-01-02 18:17:23,149.0,83.28
2024-01-02 18:20:18,130.95,67.9
2024-01-02 18:22:42,118.53,63.45
2024-01-02 18:33:29,139.88,76.2
2024-01-02 18:36:03,142.1,76.68
2024-01-02 18:43:29,280.55,106.68
2024-01-02 18:45:58,184.18,83.72
2024-01-02 18:48:28,148.23,77.5
2024-01-02 18:51:02,138.85,76.0
2024-01-02 18:53:50,137.5,78.2
2024-01-02 18:56:22,132.23,71.85
2024-01-02 18:58:49,132.82,75.3
2024-01-02 19:01:16,148.5,83.28
2024-01-02 19:03:44,149.85,83.45
2024-01-02 19:06:23,147.8,84.53
2024-01-02 19:08:52,153.15,83.18
2024-01-02 19:11:19,165.15,90.25
2024-01-02 19:13:47,183.35,95.95
2024-01-02 19:16:15,201.02,108.32
2024-01-02 19:18:41,179.85,96.4
2024-01-02 19:21:16,174.6,92.93
2024-01-02 19:23:49,171.95,93.22
2024-01-02 19:26:20,153.6,84.25
2024-01-02 19:28:50,155.5,82.0
2024-01-02 19:31:19,153.45,78.35
2024-01-02 19:33:46,158.57,87.15
2024-01-02 19:36:12,168.77,91.55
2024-01-02 19:38:39,167.15,90.43
2024-01-02 19:41:05,157.77,86.15
2024-01-02 19:43:37,161.05,92.1
2024-01-02 19:46:04,168.7,94.68
2024-01-02 19:48:30,176.68,106.1
2024-01-02 19:50:57,189.8,113.35
2024-01-02 19:53:24,198.73,111.38
2024-01-02 19:55:50,221.48,122.05
2024-01-02 19:58:17,201.55,112.05
2024-01-02 20:00:44,205.6,112.38
2024-01-02 20:03:17,213.43,120.9
2024-01-02 20:05:46,192.77,106.63
2024-01-02 20:11:30,189.82,101.72
2024-01-02 20:13:31,197.85,101.88
2024-01-02 20:15:57,202.23,109.97
2024-01-02 20:18:28,197.3,109.18
2024-01-02 20:21:03,181.1,101.82
2024-01-02 20:26:02,186.55,106.28
2024-01-02 20:28:33,192.73,101.1
2024-01-02 20:31:00,164.52,90.28
2024-01-02 20:36:03,151.3,84.0
2024-01-02 20:38:41,142.63,80.57
2024-01-02 20:43:53,155.07,86.53
2024-01-02 20:46:25,142.85,81.38
2024-01-02 20:49:02,141.7,77.53
2024-01-02 20:51:30,133.25,71.72
2024-01-02 20:53:56,158.38,80.07
2024-01-02 20:57:07,142.85,78.18
2024-01-02 20:59:09,131.0,71.43
2024-01-02 21:01:41,147.68,81.4
2024-01-02 21:06:49,188.3,94.88
2024-01-02 21:11:51,172.6,87.3
2024-01-02 21:14:18,162.27,88.2
2024-01-02 21:16:45,204.13,105.75
2024-01-02 21:21:58,144.45,72.38
2024-01-02 21:24:33,153.6,76.32
2024-01-02 21:27:00,157.75,79.93
2024-01-02 21:29:26,143.93,78.32
2024-01-02 21:31:53,149.15,78.82
2024-01-02 21:34:19,131.23,71.57
2024-01-02 21:36:49,127.9,66.53
2024-01-02 21:39:16,129.32,66.75
2024-01-02 21:41:42,125.72,64.7
2024-01-02 21:46:44,149.43,79.8
2024-01-02 21:49:22,157.77,81.18
2024-01-02 21:51:54,162.93,82.6
2024-01-02 21:57:03,188.57,83.03
2024-01-02 21:59:40,160.45,75.32
2024-01-02 22:04:51,152.7,67.6
2024-01-02 22:10:01,121.45,54.4
2024-01-02 22:12:27,127.5,56.92
2024-01-02 22:14:53,134.9,58.17
2024-01-02 22:19:52,129.52,62.67
2024-01-02 22:22:26,152.82,76.0
2024-01-02 22:29:54,142.02,75.43
2024-01-02 22:32:20,133.52,72.32
2024-01-02 22:34:46,144.77,74.03
2024-01-02 22:37:19,143.52,77.3
2024-01-02 22:39:55,140.15,75.9
2024-01-02 22:42:22,126.72,70.3
2024-01-02 22:44:49,136.52,71.85
2024-01-02 22:47:15,129.35,66.4
2024-01-02 22:49:41,127.6,69.68
2024-01-02 22:52:08,134.63,74.53
2024-01-02 22:54:34,135.48,72.85
2024-01-02 22:57:01,129.18,68.95
2024-01-02 22:59:30,122.75,62.33
2024-01-02 23:01:59,119.93,60.95
2024-01-02 23:04:27,115.7,58.6
2024-01-02 23:12:26,113.03,58.4
2024-01-02 23:14:56,105.65,55.33
2024-01-02 23:17:33,113.43,55.85
2024-01-02 23:20:01,124.7,54.33
2024-01-02 23:22:28,124.55,54.6
2024-01-02 23:25:04,103.93,50.5
2024-01-02 23:27:35,91.78,45.5
2024-01-02 23:30:01,99.88,42.17
2024-01-02 23:32:28,84.47,43.22
2024-01-02 23:34:56,93.63,42.55
2024-01-02 23:37:29,89.57,39.0
2024-01-02 23:40:41,84.3,36.78
2024-01-02 23:42:48,83.32,35.3
2024-01-02 23:45:21,79.13,34.03
2024-01-02 23:47:53,84.45,37.63
2024-01-02 23:52:49,86.55,35.4
2024-01-02 23:55:22,87.45,37.65
2024-01-02 23:57:57,84.9,36.28
2024-01-03 00:00:28,84.15,37.05
2024-01-03 00:02:57,80.22,36.72
2024-01-03 00:05:23,112.38,40.53
2024-01-03 00:07:50,101.25,43.75
2024-01-03 00:10:39,88.0,41.4
2024-01-03 00:18:51,66.22,33.2
2024-01-03 00:21:23,67.32,32.17
2024-01-03 00:26:20,58.97,28.05
2024-01-03 00:28:46,63.22,30.25
2024-01-03 00:31:27,61.83,29.52
2024-01-03 00:33:56,62.7,30.58
2024-01-03 00:36:22,56.58,29.67
2024-01-03 00:38:49,56.7,27.8
2024-01-03 00:41:15,64.43,31.48
2024-01-03 00:43:41,74.55,36.22
2024-01-03 00:46:08,72.75,35.65
2024-01-03 00:48:34,80.4,38.88
2024-01-03 00:51:00,70.85,34.1
2024-01-03 00:53:27,81.4,38.92
2024-01-03 00:55:53,72.68,38.5
2024-01-03 00:58:20,70.22,34.2
2024-01-03 01:00:46,74.25,34.53
2024-01-03 01:03:13,72.45,36.0
2024-01-03 01:05:39,69.35,35.08
2024-01-03 01:08:06,61.6,32.08
2024-01-03 01:10:34,71.1,34.9
2024-01-03 01:13:00,85.28,40.8
2024-01-03 01:15:26,93.6,42.95
2024-01-03 01:17:52,79.75,39.05
2024-01-03 01:20:19,94.15,47.55
2024-01-03 01:22:45,96.78,47.78
2024-01-03 01:25:11,99.7,48.88
2024-01-03 01:27:37,90.9,43.1
2024-01-03 01:30:03,106.75,45.85
2024-01-03 01:32:30,100.5,45.13
2024-01-03 01:34:56,100.57,45.72
2024-01-03 01:37:22,92.7,43.1
2024-01-03 01:39:48,103.15,46.85
2024-01-03 01:42:14,97.05,43.95
2024-01-03 01:44:40,103.7,46.72
2024-01-03 01:47:06,91.4,43.58
2024-01-03 01:49:36,111.2,49.88
2024-01-03 01:52:05,138.75,54.0
2024-01-03 01:54:31,121.53,45.5
2024-01-03 01:56:57,146.18,49.63
2024-01-03 01:59:24,109.38,46.1
2024-01-03 02:01:50,106.55,40.53
2024-01-03 02:04:19,79.8,34.13
2024-01-03 02:06:46,80.53,31.52
2024-01-03 02:09:14,97.0,33.25
2024-01-03 02:11:43,106.18,32.25
2024-01-03 02:14:12,96.65,34.4
2024-01-03 02:16:40,123.15,33.17
2024-01-03 02:19:09,159.23,38.72
2024-01-03 02:21:35,104.55,33.9
2024-01-03 02:24:01,96.35,33.75
2024-01-03 02:26:30,90.97,31.88
2024-01-03 02:28:56,116.0,36.08
2024-01-03 02:31:23,125.47,33.67
2024-01-03 02:33:53,135.23,34.15
2024-01-03 02:36:19,131.23,36.13
2024-01-03 02:38:47,111.97,33.67
2024-01-03 02:41:17,175.77,38.9
2024-01-03 02:43:43,137.27,34.58
2024-01-03 02:46:09,122.68,33.33
2024-01-03 02:48:38,128.0,33.92
2024-01-03 02:51:05,91.68,31.2
2024-01-03 02:53:33,81.2,29.0
2024-01-03 02:55:59,78.53,28.27
2024-01-03 02:58:25,119.63,33.5
2024-01-03 03:00:54,95.6,29.98
2024-01-03 03:03:22,131.43,34.92
2024-01-03 03:05:51,103.68,32.7
2024-01-03 03:08:23,103.88,34.47
2024-01-03 03:10:51,127.82,34.5
2024-01-03 03:13:20,123.35,32.0
2024-01-03 03:15:48,136.2,34.9
2024-01-03 03:18:14,94.82,29.63
2024-01-03 03:20:40,95.9,36.03
2024-01-03 03:23:09,150.98,37.7
2024-01-03 03:25:44,113.82,36.08
2024-01-03 03:28:12,107.4,36.6
2024-01-03 03:30:40,104.8,33.45
2024-01-03 03:33:07,112.03,36.63
2024-01-03 03:35:40,112.53,33.8
2024-01-03 03:38:06,110.15,35.3
2024-01-03 03:40:38,106.13,36.22
2024-01-03 03:46:04,100.0,35.0
2024-01-03 03:48:32,117.38,37.0
2024-01-03 03:51:02,127.22,38.22
2024-01-03 03:53:28,100.9,37.38
2024-01-03 03:55:57,149.75,39.08
2024-01-03 03:58:23,128.07,36.75
2024-01-03 04:01:05,104.95,35.25
2024-01-03 04:03:40,138.13,37.88
2024-01-03 04:06:06,81.43,33.85
2024-01-03 04:08:39,89.07,35.0
2024-01-03 04:11:06,89.93,31.75
2024-01-03 04:13:32,134.27,36.28
2024-01-03 04:16:04,92.65,32.7
2024-01-03 04:18:49,127.28,35.33
2024-01-03 04:21:18,93.47,30.92
2024-01-03 04:23:44,77.32,31.77
2024-01-03 04:26:10,113.05,37.22
2024-01-03 04:28:45,114.45,35.88
2024-01-03 04:31:13,108.0,34.75
2024-01-03 04:33:42,142.32,40.42
2024-01-03 04:36:14,92.0,34.58
2024-01-03 04:38:43,111.07,33.95
2024-01-03 04:41:11,111.32,37.6
2024-01-03 04:43:43,91.43,33.33
2024-01-03 04:46:19,117.72,34.1
2024-01-03 04:48:45,108.38,33.08
2024-01-03 04:51:11,99.28,32.92
2024-01-03 04:53:45,109.35,32.25
2024-01-03 04:56:16,103.65,35.78
2024-01-03 04:58:47,86.05,34.33
2024-01-03 05:01:13,118.85,34.47
2024-01-03 05:03:53,131.75,37.17
2024-01-03 05:06:21,153.18,38.55
2024-01-03 05:08:48,110.32,35.92
2024-01-03 05:11:19,99.43,35.22
2024-01-03 05:13:45,154.15,37.6
2024-01-03 05:16:11,149.4,34.65
2024-01-03 05:18:40,115.18,31.4
2024-01-03 05:21:06,90.45,28.92
2024-01-03 05:23:32,91.82,30.75
2024-01-03 05:26:01,108.55,30.75
2024-01-03 05:28:28,84.95,31.27
2024-01-03 05:30:57,84.8,33.05
2024-01-03 05:33:25,77.25,29.45
2024-01-03 05:35:51,91.28,28.83
2024-01-03 05:38:20,99.68,29.15
2024-01-03 05:40:46,68.68,27.3
2024-01-03 05:43:18,62.7,24.85
2024-01-03 05:45:46,76.8,28.48
2024-01-03 05:48:15,89.72,31.35
2024-01-03 05:50:43,121.97,32.85
2024-01-03 05:53:09,86.1,31.13
2024-01-03 05:55:44,81.32,27.77
2024-01-03 05:58:10,85.68,30.55
2024-01-03 06:00:39,91.32,29.63
2024-01-03 06:03:05,89.3,32.97
2024-01-03 06:05:31,111.05,36.05
2024-01-03 06:07:57,118.28,36.67
2024-01-03 06:10:24,102.35,36.13
2024-01-03 06:12:50,138.32,38.2
2024-01-03 06:15:18,110.7,36.55
2024-01-03 06:17:44,150.8,38.53
2024-01-03 06:20:10,96.15,31.98
2024-01-03 06:22:36,98.65,30.1
2024-01-03 06:25:03,103.97,30.88
2024-01-03 06:27:29,86.57,29.27
2024-01-03 06:29:55,61.85,21.27
2024-01-03 06:32:21,73.25,26.85
2024-01-03 06:34:47,96.68,31.65
2024-01-03 06:37:13,86.75,28.9
2024-01-03 06:39:40,81.43,28.33
2024-01-03 06:42:06,110.8,33.08
2024-01-03 06:44:34,131.25,38.8
2024-01-03 06:47:00,107.57,33.13
2024-01-03 06:49:26,91.5,30.15
2024-01-03 06:51:52,141.75,34.28
2024-01-03 06:54:19,99.22,30.58
2024-01-03 06:56:45,120.38,32.7
2024-01-03 06:59:11,181.63,38.72
2024-01-03 07:01:37,117.35,31.02
2024-01-03 07:04:06,110.43,31.38
2024-01-03 07:06:32,120.05,32.05
2024-01-03 07:08:58,83.97,32.3
2024-01-03 07:11:24,112.05,34.75
2024-01-03 07:13:51,123.15,33.78
2024-01-03 07:16:17,137.45,31.73
2024-01-03 07:18:43,82.75,26.67
2024-01-03 07:21:10,118.55,35.4
2024-01-03 07:23:38,103.43,31.42
2024-01-03 07:26:04,132.68,33.88
2024-01-03 07:28:31,107.05,33.4
2024-01-03 07:30:58,91.95,30.35
2024-01-03 07:33:26,118.25,36.05
2024-01-03 07:35:52,164.57,39.1
2024-01-03 07:38:19,204.25,44.33
2024-01-03 07:40:45,117.13,39.1
2024-01-03 07:43:14,121.7,33.13
2024-01-03 07:45:40,149.6,39.9
2024-01-03 07:48:06,105.45,35.15
2024-01-03 07:50:32,99.35,34.58
2024-01-03 07:53:00,91.05,32.5
2024-01-03 07:55:28,95.68,33.3
2024-01-03 07:57:54,135.27,37.7
2024-01-03 08:00:20,107.22,33.8
2024-01-03 08:02:46,126.45,35.8
2024-01-03 08:05:13,100.3,32.8
2024-01-03 08:07:39,82.6,31.27
2024-01-03 08:10:05,84.28,32.13
2024-01-03 08:12:33,89.7,32.47
2024-01-03 08:15:04,83.78,32.22
2024-01-03 08:17:30,92.43,37.05
2024-01-03 08:19:59,88.55,33.53
2024-01-03 08:22:25,86.3,32.55
2024-01-03 08:24:52,84.15,34.7
2024-01-03 08:27:18,83.63,37.08
2024-01-03 08:29:44,87.57,33.92
2024-01-03 08:32:11,81.47,33.9
2024-01-03 08:34:39,80.72,31.23
2024-01-03 08:37:05,78.4,32.95
2024-01-03 08:39:31,77.28,34.67
2024-01-03 08:41:57,72.05,31.83
2024-01-03 08:44:23,88.15,34.5
2024-01-03 08:46:50,78.72,34.08
2024-01-03 08:49:18,84.57,34.08
2024-01-03 08:51:45,98.1,37.53
2024-01-03 08:54:14,70.82,31.1
2024-01-03 08:56:40,90.47,34.83
2024-01-03 08:59:06,81.9,34.7
2024-01-03 09:01:32,82.9,33.58
2024-01-03 09:04:02,74.4,33.83
2024-01-03 09:06:28,78.2,35.8
2024-01-03 09:08:56,74.13,34.9
2024-01-03 09:11:25,69.5,32.42
2024-01-03 09:13:52,70.18,30.1
2024-01-03 09:16:19,79.75,35.3
2024-01-03 09:18:48,65.22,30.05
2024-01-03 09:21:14,75.2,33.08
2024-01-03 09:23:40,72.75,30.77
2024-01-03 09:26:07,67.75,30.25
2024-01-03 09:28:35,68.75,30.9
2024-01-03 09:31:05,68.1,29.42
2024-01-03 09:33:31,68.65,30.1
2024-01-03 09:36:00,63.28,29.92
2024-01-03 09:38:26,65.18,31.42
2024-01-03 09:40:52,70.5,31.33
2024-01-03 09:43:19,70.35,31.52
2024-01-03 09:45:45,77.05,31.95
2024-01-03 09:48:11,85.68,33.1
2024-01-03 09:50:40,73.68,34.53
2024-01-03 09:53:07,72.2,32.8
2024-01-03 09:55:42,71.35,32.0
2024-01-03 09:58:08,73.65,31.3
2024-01-03 10:00:37,74.88,35.08
2024-01-03 10:03:03,81.03,35.58
2024-01-03 10:05:29,79.0,36.92
2024-01-03 10:07:58,75.82,33.65
2024-01-03 10:12:55,69.43,32.58
2024-01-03 10:15:22,77.68,36.08
2024-01-03 10:17:48,74.2,35.22
2024-01-03 10:20:24,79.65,37.0
2024-01-03 10:23:11,71.65,35.92
2024-01-03 10:25:40,73.0,34.72
2024-01-03 10:28:16,75.8,36.15
2024-01-03 10:30:43,74.25,33.53
2024-01-03 10:33:16,77.0,36.1
2024-01-03 10:35:42,66.6,34.65
2024-01-03 10:38:09,68.3,32.47
2024-01-03 10:40:36,70.07,34.95
2024-01-03 10:43:08,67.2,33.97
2024-01-03 10:48:00,57.97,30.63
2024-01-03 10:50:26,57.05,31.25
2024-01-03 10:53:03,56.17,32.42
2024-01-03 10:55:35,61.42,33.2
2024-01-03 10:58:01,65.35,34.17
2024-01-03 11:00:38,68.1,35.38
2024-01-03 11:03:12,65.8,35.92
2024-01-03 11:05:45,67.4,34.9
2024-01-03 11:08:11,65.63,34.72
2024-01-03 11:10:45,63.45,32.33
2024-01-03 11:13:28,58.2,32.8
2024-01-03 11:15:55,58.88,32.7
2024-01-03 11:23:52,61.9,33.55
2024-01-03 11:26:18,58.28,32.42
2024-01-03 11:28:50,62.63,33.05
2024-01-03 11:34:10,56.83,32.75
2024-01-03 11:36:49,59.8,32.4
2024-01-03 11:39:31,61.63,32.92
2024-01-03 11:41:58,58.65,31.83
2024-01-03 11:44:24,57.35,30.55
2024-01-03 11:46:57,55.9,31.27
2024-01-03 11:49:23,56.72,30.6
2024-01-03 11:51:49,54.6,30.95
2024-01-03 11:54:16,60.97,32.83
2024-01-03 11:56:42,64.28,34.88
2024-01-03 11:59:10,64.22,35.28
2024-01-03 12:01:53,63.47,34.35
2024-01-03 12:04:40,70.82,35.75
2024-01-03 12:07:09,62.97,36.3
2024-01-03 12:09:38,71.93,38.63
2024-01-03 12:12:05,70.03,36.78
2024-01-03 12:14:31,71.85,37.53
2024-01-03 12:16:57,68.3,33.3
2024-01-03 12:19:26,70.6,36.97
2024-01-03 12:24:19,64.45,35.83
2024-01-03 12:26:48,66.35,34.6
2024-01-03 12:29:14,68.93,35.1
2024-01-03 12:31:40,71.6,38.72
2024-01-03 12:34:06,69.53,34.4
2024-01-03 12:36:34,70.7,35.75
2024-01-03 12:39:00,72.05,37.13
2024-01-03 12:41:26,65.8,35.3
2024-01-03 12:43:52,72.5,34.42
2024-01-03 12:46:18,62.8,33.55
2024-01-03 12:48:44,62.0,34.53
2024-01-03 12:51:11,66.03,35.78
2024-01-03 12:53:39,65.55,34.6
2024-01-03 12:56:06,68.25,35.8
2024-01-03 12:58:32,65.0,37.7
2024-01-03 13:00:58,70.65,35.45
2024-01-03 13:03:24,63.78,36.13
2024-01-03 13:05:50,60.08,34.42
2024-01-03 13:08:17,63.97,34.8
2024-01-03 13:10:43,61.17,34.6
2024-01-03 13:13:09,60.25,33.08
2024-01-03 13:15:35,72.85,35.83
2024-01-03 13:18:02,65.3,38.65
2024-01-03 13:20:28,61.72,36.5
2024-01-03 13:22:54,66.97,33.7
2024-01-03 13:25:20,62.92,36.28
2024-01-03 13:27:46,63.35,34.08
2024-01-03 13:30:12,66.97,36.1
2024-01-03 13:32:39,60.22,33.45
2024-01-03 13:35:07,68.38,36.2
2024-01-03 13:37:33,60.83,34.85
2024-01-03 13:40:00,67.68,35.65
2024-01-03 13:42:26,75.15,42.08
2024-01-03 13:44:52,68.15,37.38
2024-01-03 13:47:18,64.82,38.1
2024-01-03 13:49:46,68.38,38.58
2024-01-03 13:52:14,67.0,37.58
2024-01-03 13:54:40,69.2,39.65
2024-01-03 13:57:06,69.75,38.15
2024-01-03 13:59:33,71.2,41.45
2024-01-03 14:02:01,72.78,39.85
2024-01-03 14:04:33,70.1,38.03
2024-01-03 14:07:03,67.05,35.08
2024-01-03 14:09:29,53.35,31.5
2024-01-03 14:11:55,63.63,33.8
2024-01-03 14:14:21,55.72,32.58
2024-01-03 14:16:48,52.3,30.33
2024-01-03 14:19:14,59.17,31.85
2024-01-03 14:21:40,55.7,30.8
2024-01-03 14:24:08,58.47,33.08
2024-01-03 14:26:35,67.2,35.8
2024-01-03 14:29:01,70.78,37.55
2024-01-03 14:31:28,77.93,41.2
2024-01-03 14:33:55,83.25,42.72
2024-01-03 14:36:21,75.82,41.1
2024-01-03 14:38:47,76.47,41.03
2024-01-03 14:41:13,75.55,39.97
2024-01-03 14:43:40,84.97,45.35
2024-01-03 14:46:10,80.07,42.0
2024-01-03 14:48:37,85.25,44.5
2024-01-03 14:51:03,74.8,41.33
2024-01-03 14:53:29,71.78,40.85
2024-01-03 14:55:56,76.4,41.42
2024-01-03 14:58:22,79.93,42.78
2024-01-03 15:00:52,74.85,42.65
2024-01-03 15:03:20,74.97,42.63
2024-01-03 15:05:46,82.95,43.78
2024-01-03 15:08:12,80.2,45.22
2024-01-03 15:10:40,85.6,47.4
2024-01-03 15:13:07,87.3,45.47
2024-01-03 15:15:33,91.93,51.47
2024-01-03 15:18:04,97.75,50.42
2024-01-03 15:20:35,88.55,47.75
2024-01-03 15:23:01,97.75,52.05
2024-01-03 15:25:27,106.85,54.65
2024-01-03 15:27:55,102.13,56.08
2024-01-03 15:30:27,98.75,55.88
2024-01-03 15:32:57,104.9,56.3
2024-01-03 15:35:25,106.05,54.33
2024-01-03 15:37:51,123.43,65.4
2024-01-03 15:40:18,121.95,68.25
2024-01-03 15:42:44,136.35,73.15
2024-01-03 15:45:13,117.43,65.25
2024-01-03 15:47:42,122.93,68.82
2024-01-03 15:50:08,124.65,69.4
2024-01-03 15:52:37,127.2,70.5
2024-01-03 15:55:04,135.8,73.95
2024-01-03 15:57:31,136.05,75.5
2024-01-03 16:00:05,162.5,88.1
2024-01-03 16:02:31,150.68,78.72
2024-01-03 16:04:58,134.02,68.5
2024-01-03 16:07:24,153.27,84.85
2024-01-03 16:09:50,155.52,95.93
2024-01-03 16:12:16,174.85,101.8
2024-01-03 16:14:43,166.85,89.03
2024-01-03 16:17:15,163.32,96.55
2024-01-03 16:19:42,184.07,106.7
2024-01-03 16:22:08,177.48,106.43
2024-01-03 16:24:34,182.98,111.7
2024-01-03 16:27:01,191.2,108.85
2024-01-03 16:29:30,190.0,108.32
2024-01-03 16:31:59,169.1,102.82
2024-01-03 16:34:26,182.7,102.95
2024-01-03 16:36:56,175.95,99.55
2024-01-03 16:39:23,172.73,97.75
2024-01-03 16:41:51,165.07,96.4
2024-01-03 16:44:20,197.8,114.93
2024-01-03 16:46:46,183.9,107.2
2024-01-03 16:49:13,186.75,105.85
2024-01-03 16:51:41,207.65,121.47
2024-01-03 16:54:08,215.63,122.25
2024-01-03 16:56:41,193.1,116.95
2024-01-03 16:59:11,190.57,110.72
2024-01-03 17:01:40,197.85,112.75
2024-01-03 17:04:08,182.95,104.13
2024-01-03 17:06:38,184.77,106.13
2024-01-03 17:09:06,192.4,113.85
2024-01-03 17:11:35,193.95,109.57
2024-01-03 17:14:01,195.82,111.97
2024-01-03 17:16:30,199.57,119.72
2024-01-03 17:18:56,188.73,110.38
2024-01-03 17:21:24,210.5,122.78
2024-01-03 17:23:50,196.95,119.32
2024-01-03 17:26:25,208.25,124.8
2024-01-03 17:28:51,217.4,130.68
2024-01-03 17:31:21,211.75,120.75
2024-01-03 17:33:48,202.95,117.5
2024-01-03 17:39:02,142.52,80.38
2024-01-03 17:41:34,131.95,76.75
2024-01-03 17:44:06,135.32,79.6
2024-01-03 17:46:39,138.43,78.68
2024-01-03 17:49:06,135.25,78.93
2024-01-03 17:51:36,147.07,83.63
2024-01-03 17:54:03,133.68,80.63
2024-01-03 17:56:29,140.88,81.9
2024-01-03 17:59:00,145.63,78.7
2024-01-03 18:01:28,145.1,81.65
2024-01-03 18:03:55,140.55,84.18
2024-01-03 18:06:21,147.45,88.6
2024-01-03 18:08:47,146.2,81.97
2024-01-03 18:11:15,157.15,88.4
2024-01-03 18:13:42,158.55,86.32
2024-01-03 18:16:08,148.02,87.1
2024-01-03 18:18:36,126.03,76.65
2024-01-03 18:21:10,143.98,86.15
2024-01-03 18:23:36,127.9,76.43
2024-01-03 18:26:02,155.95,88.72
2024-01-03 18:28:28,140.02,75.53
2024-01-03 18:30:57,115.25,61.7
2024-01-03 18:33:23,95.35,51.2
2024-01-03 18:35:50,106.68,58.5
2024-01-03 18:38:16,105.13,55.55
2024-01-03 18:40:42,109.3,56.95
2024-01-03 18:43:11,128.1,66.85
2024-01-03 18:46:03,120.63,64.95
2024-01-03 18:48:30,121.13,66.93
2024-01-03 18:50:57,120.93,65.65
2024-01-03 18:53:32,133.02,78.22
2024-01-03 18:56:07,136.93,77.82
2024-01-03 18:58:33,132.27,77.07
2024-01-03 19:01:02,118.2,67.32
2024-01-03 19:03:30,113.97,64.78
2024-01-03 19:05:59,121.15,69.13
2024-01-03 19:08:25,148.32,82.75
2024-01-03 19:10:54,160.32,85.45
2024-01-03 19:13:20,174.05,98.47
2024-01-03 19:15:47,152.7,88.85
2024-01-03 19:18:18,156.5,91.0
2024-01-03 19:20:47,179.73,99.35
2024-01-03 19:23:16,171.48,92.85
2024-01-03 19:25:44,171.65,98.75
2024-01-03 19:28:18,157.98,90.85
2024-01-03 19:30:46,165.77,92.57
2024-01-03 19:33:15,172.3,99.22
2024-01-03 19:35:48,179.55,102.8
2024-01-03 19:38:14,186.48,101.32
2024-01-03 19:40:50,190.8,107.05
2024-01-03 19:43:27,196.25,101.57
2024-01-03 19:46:11,182.55,107.65
2024-01-03 19:48:45,175.98,98.7
2024-01-03 19:51:17,184.68,106.97
2024-01-03 19:53:51,175.05,95.07
2024-01-03 19:56:19,239.35,146.4
2024-01-03 19:58:45,194.1,110.35
2024-01-03 20:01:12,203.02,113.75
2024-01-03 20:03:44,137.7,82.18
2024-01-03 20:06:22,89.72,52.67
2024-01-03 20:08:50,155.95,89.35
2024-01-03 20:11:16,169.35,99.1
2024-01-03 20:13:42,174.05,99.38
2024-01-03 20:16:11,167.73,94.28
2024-01-03 20:18:46,159.77,88.57
2024-01-03 20:21:12,168.13,89.2
2024-01-03 20:23:40,166.27,96.25
2024-01-03 20:26:07,173.93,101.15
2024-01-03 20:28:34,168.0,96.68
2024-01-03 20:31:10,167.7,96.6
2024-01-03 20:33:37,182.65,106.8
2024-01-03 20:36:13,194.85,110.53
2024-01-03 20:38:43,154.13,92.75
2024-01-03 20:41:17,180.18,101.6
2024-01-03 20:43:44,165.82,97.75
2024-01-03 20:46:11,141.4,85.43
2024-01-03 20:48:37,148.05,85.8
2024-01-03 20:51:18,149.3,84.75
2024-01-03 20:53:47,135.68,76.65
2024-01-03 20:56:13,120.45,65.88
2024-01-03 20:58:44,126.05,75.05
2024-01-03 21:01:10,131.77,76.5
2024-01-03 21:03:38,142.0,80.9
2024-01-03 21:06:06,145.13,82.45
2024-01-03 21:11:28,136.23,82.22
2024-01-03 21:14:01,147.13,87.97
2024-01-03 21:16:30,135.9,78.9
2024-01-03 21:19:05,126.93,76.3
2024-01-03 21:21:40,133.55,78.82
2024-01-03 21:24:10,134.05,75.82
2024-01-03 21:26:36,140.35,85.43
2024-01-03 21:29:03,156.52,90.75
2024-01-03 21:31:29,162.07,92.53
2024-01-03 21:34:03,164.45,92.68
2024-01-03 21:36:30,157.48,91.8
2024-01-03 21:38:56,162.73,93.95
2024-01-03 21:41:30,160.07,92.32
2024-01-03 21:46:45,139.93,82.72
2024-01-03 21:49:18,129.5,78.75
2024-01-03 21:51:47,137.32,80.28
2024-01-03 21:54:15,127.63,69.5
2024-01-03 21:56:44,139.8,81.85
2024-01-03 21:59:10,143.0,80.57
2024-01-03 22:01:36,133.68,80.05
2024-01-03 22:04:02,135.32,81.22
2024-01-03 22:06:28,130.35,76.6
2024-01-03 22:09:02,143.18,81.95
2024-01-03 22:11:51,127.57,74.43
2024-01-03 22:14:30,120.3,71.53
2024-01-03 22:16:59,137.7,77.43
2024-01-03 22:19:25,129.15,70.0
2024-01-03 22:21:54,126.53,74.4
2024-01-03 22:24:38,132.2,74.72
2024-01-03 22:27:12,125.43,68.13
2024-01-03 22:29:38,128.2,70.8
2024-01-03 22:32:04,121.28,68.53
2024-01-03 22:34:30,140.95,77.88
2024-01-03 22:37:07,117.9,64.47
2024-01-03 22:39:33,125.57,69.6
2024-01-03 22:42:10,118.22,66.6
2024-01-03 22:44:43,130.43,65.78
2024-01-03 22:47:12,105.3,59.42
2024-01-03 22:49:39,108.25,59.05
2024-01-03 22:52:07,122.15,65.38
2024-01-03 22:54:36,116.45,62.78
2024-01-03 22:57:12,122.65,66.22
2024-01-03 22:59:47,120.22,68.7
2024-01-03 23:02:16,130.75,69.28
2024-01-03 23:04:51,130.07,70.35
2024-01-03 23:07:17,126.88,64.43
2024-01-03 23:09:43,135.15,75.15
2024-01-03 23:12:10,130.2,73.4
2024-01-03 23:14:36,126.05,74.88
2024-01-03 23:17:09,138.55,73.6
2024-01-03 23:19:44,136.93,78.4
2024-01-03 23:22:10,139.13,74.57
2024-01-03 23:24:46,143.52,78.65
2024-01-03 23:27:12,161.38,85.75
2024-01-03 23:29:45,151.1,83.85
2024-01-03 23:32:11,168.3,94.13
2024-01-03 23:34:43,165.15,96.28
2024-01-03 23:37:09,174.15,95.28
2024-01-03 23:39:35,190.38,99.4
2024-01-03 23:42:04,209.77,112.43
2024-01-03 23:44:30,219.65,113.43
2024-01-03 23:46:59,202.18,105.75
2024-01-03 23:49:26,188.25,101.3
2024-01-03 23:51:52,185.15,97.1
2024-01-03 23:54:27,190.32,99.35
2024-01-03 23:56:55,192.7,100.18
2024-01-03 23:59:24,183.9,98.0
2024-01-04 00:01:52,162.63,88.15
2024-01-04 00:04:26,167.68,86.55
2024-01-04 00:06:52,177.63,84.9
2024-01-04 00:09:27,151.8,79.75
2024-01-04 00:14:50,152.38,83.72
2024-01-04 00:17:20,114.28,59.22
2024-01-04 00:19:48,137.5,67.32
2024-01-04 00:22:17,137.88,73.63
2024-01-04 00:24:46,121.93,66.05
2024-01-04 00:27:14,128.43,67.0
2024-01-04 00:29:49,136.8,70.95
2024-01-04 00:32:22,121.18,65.5
2024-01-04 00:34:49,125.72,68.15
2024-01-04 00:37:17,127.85,67.72
2024-01-04 00:39:52,129.38,67.88
2024-01-04 00:42:20,129.07,63.5
2024-01-04 00:44:46,115.6,54.42
2024-01-04 00:47:13,105.85,52.7
2024-01-04 00:49:52,112.38,56.58
2024-01-04 00:52:18,119.2,60.15
2024-01-04 00:54:49,115.6,59.95
2024-01-04 00:57:18,117.43,61.85
2024-01-04 00:59:51,130.8,53.8
2024-01-04 01:02:23,98.68,48.7
2024-01-04 01:04:52,106.32,50.15
2024-01-04 01:07:28,108.25,51.58
2024-01-04 01:10:03,94.7,47.97
2024-01-04 01:12:38,92.63,48.58
2024-01-04 01:15:09,74.45,41.8
2024-01-04 01:17:35,98.22,46.97
2024-01-04 01:20:09,84.03,46.1
2024-01-04 01:22:44,81.82,45.15
2024-01-04 01:25:13,79.45,41.22
2024-01-04 01:27:39,84.38,44.03
2024-01-04 01:30:08,81.2,40.3
2024-01-04 01:32:36,82.4,43.35
2024-01-04 01:35:13,76.43,39.67
2024-01-04 01:37:47,99.4,51.03
2024-01-04 01:43:10,120.53,60.35
2024-01-04 01:45:37,108.8,55.78
2024-01-04 01:48:05,105.45,56.83
2024-01-04 01:50:32,106.03,53.6
2024-01-04 01:55:45,124.7,58.0
2024-01-04 01:58:11,111.5,58.92
2024-01-04 02:00:40,109.57,57.97
2024-01-04 02:03:32,116.28,53.88
2024-01-04 02:06:05,127.5,53.88
2024-01-04 02:08:43,160.48,59.53
2024-01-04 02:11:13,142.18,56.25
2024-01-04 02:14:05,164.85,54.95
2024-01-04 02:16:33,145.32,56.95
2024-01-04 02:19:12,148.23,53.8
2024-01-04 02:21:44,135.88,54.05
2024-01-04 02:24:28,105.78,51.47
2024-01-04 02:27:13,102.4,52.0
2024-01-04 02:29:49,83.82,44.63
2024-01-04 02:32:27,81.68,43.05
2024-01-04 02:35:06,69.82,39.2
2024-01-04 02:37:32,60.38,33.63
2024-01-04 02:40:08,63.05,36.13
2024-01-04 02:42:34,68.18,38.8
2024-01-04 02:45:05,64.0,35.17
2024-01-04 02:47:31,64.47,37.63
2024-01-04 02:50:00,61.83,35.03
2024-01-04 02:52:33,66.03,35.45
2024-01-04 02:55:07,61.1,34.08
2024-01-04 02:57:41,67.72,34.7
2024-01-04 03:00:09,59.55,34.22
2024-01-04 03:02:41,70.57,38.72
2024-01-04 03:05:16,61.03,33.63
2024-01-04 03:07:45,70.57,35.67
2024-01-04 03:10:11,68.53,38.75
2024-01-04 03:12:47,71.68,35.22
2024-01-04 03:15:13,86.38,44.4
2024-01-04 03:17:44,99.8,47.95
2024-01-04 03:20:10,109.4,50.4
2024-01-04 03:25:26,106.97,49.42
2024-01-04 03:27:52,119.38,49.97
2024-01-04 03:30:25,94.03,46.78
2024-01-04 03:32:51,105.88,48.97
2024-01-04 03:35:20,114.03,48.38
2024-01-04 03:37:58,94.75,43.65
2024-01-04 03:40:33,110.57,49.03
2024-01-04 03:43:02,117.97,46.2
2024-01-04 03:45:30,111.0,45.38
2024-01-04 03:48:02,105.57,40.6
2024-01-04 03:50:28,107.75,42.78
2024-01-04 03:52:57,107.88,43.65
2024-01-04 03:55:32,101.47,42.95
2024-01-04 04:00:53,128.75,48.03
2024-01-04 04:03:19,84.93,37.88
2024-01-04 04:06:06,135.13,48.38
2024-01-04 04:08:33,95.07,43.1
2024-01-04 04:11:21,106.15,45.08
2024-01-04 04:13:50,91.55,41.92
2024-01-04 04:16:16,102.68,43.72
2024-01-04 04:18:53,113.68,45.75
2024-01-04 04:21:21,126.15,45.38
2024-01-04 04:23:51,100.63,43.55
2024-01-04 04:29:11,81.2,37.13
2024-01-04 04:31:40,79.97,38.05
2024-01-04 04:34:06,85.78,38.08
2024-01-04 04:39:55,93.3,38.97
2024-01-04 04:42:29,96.43,39.63
2024-01-04 04:45:00,89.82,37.6
2024-01-04 04:47:26,109.03,43.65
2024-01-04 04:50:13,125.57,45.88
2024-01-04 04:52:44,105.85,38.38
2024-01-04 04:55:11,88.63,39.58
2024-01-04 04:57:46,104.57,39.5
2024-01-04 05:00:19,89.82,41.2
2024-01-04 05:05:29,91.57,38.22
2024-01-04 05:11:14,91.18,39.13
2024-01-04 05:14:06,83.32,37.22
2024-01-04 05:16:51,93.55,36.0
2024-01-04 05:19:26,80.6,34.25
2024-01-04 05:21:52,77.8,33.67
2024-01-04 05:24:28,95.25,36.03
2024-01-04 05:27:14,77.68,32.97
2024-01-04 05:30:08,80.15,31.75
2024-01-04 05:35:46,74.22,30.3
2024-01-04 05:38:20,71.7,31.77
2024-01-04 05:41:16,81.8,31.05
2024-01-04 05:43:51,73.78,29.13
2024-01-04 05:46:25,77.53,31.02
2024-01-04 05:52:11,68.4,28.7
2024-01-04 05:54:46,62.4,28.08
2024-01-04 06:00:33,72.85,28.88
2024-01-04 06:03:05,81.35,27.95
2024-01-04 06:05:31,65.38,28.58
2024-01-04 06:08:06,57.92,26.02
2024-01-04 06:10:35,63.85,26.92
2024-01-04 06:13:04,54.92,24.8
2024-01-04 06:15:32,64.1,29.2
2024-01-04 06:18:02,57.92,26.8
2024-01-04 06:20:40,67.32,30.13
2024-01-04 06:26:16,60.0,25.52
2024-01-04 06:28:50,71.55,29.17
2024-01-04 06:31:19,62.47,25.48
2024-01-04 06:36:34,69.07,27.98
2024-01-04 06:39:10,63.25,25.52
2024-01-04 06:41:45,64.82,27.9
2024-01-04 06:47:06,63.25,26.85
2024-01-04 06:49:32,70.1,31.2
2024-01-04 06:52:03,73.3,32.28
2024-01-04 06:54:29,78.55,32.03
2024-01-04 06:59:52,88.35,31.2
2024-01-04 07:02:19,68.88,32.6
2024-01-04 07:04:53,64.5,28.1
2024-01-04 07:07:27,98.07,29.85
2024-01-04 07:09:59,64.85,28.48
2024-01-04 07:12:34,61.8,26.98
2024-01-04 07:15:09,64.13,29.5
2024-01-04 07:17:43,58.03,27.63
2024-01-04 07:20:12,72.72,31.02
2024-01-04 07:25:32,70.05,30.65
2024-01-04 07:28:24,73.45,29.27
2024-01-04 07:33:30,66.5,29.4
2024-01-04 07:36:12,71.75,32.7
2024-01-04 07:38:39,65.47,31.92
2024-01-04 07:41:08,62.85,26.15
2024-01-04 07:46:46,66.7,27.77
2024-01-04 07:52:05,65.97,30.05
2024-01-04 07:54:34,80.55,32.58
2024-01-04 07:57:05,58.3,29.2
2024-01-04 08:02:34,60.67,28.63
2024-01-04 08:05:01,77.2,35.4
2024-01-04 08:07:29,65.9,29.75
2024-01-04 08:09:58,67.0,29.4
2024-01-04 08:12:24,62.17,29.42
2024-01-04 08:14:50,49.8,25.15
2024-01-04 08:17:16,63.72,28.8
2024-01-04 08:19:42,59.97,29.05
2024-01-04 08:22:08,74.53,29.23
2024-01-04 08:24:34,65.55,29.02
2024-01-04 08:27:01,65.72,29.75
2024-01-04 08:29:27,61.6,27.1
2024-01-04 08:31:53,72.6,32.88
2024-01-04 08:34:20,66.18,28.65
2024-01-04 08:36:46,62.6,29.25
2024-01-04 08:39:12,63.67,28.48
2024-01-04 08:41:38,70.93,32.05
2024-01-04 08:44:04,67.22,30.5
2024-01-04 08:46:30,81.8,33.2
2024-01-04 08:49:02,64.68,32.95
2024-01-04 08:51:29,56.2,26.33
2024-01-04 08:53:55,64.45,29.3
2024-01-04 08:56:21,57.05,28.6
2024-01-04 08:58:47,56.85,27.3
2024-01-04 09:01:13,58.53,30.5
2024-01-04 09:03:40,67.82,31.98
2024-01-04 09:06:14,76.7,33.1
2024-01-04 09:08:40,66.32,31.95
2024-01-04 09:11:07,72.63,31.58
2024-01-04 09:13:36,63.47,30.92
2024-01-04 09:16:02,69.68,32.38
2024-01-04 09:18:29,76.93,34.53
2024-01-04 09:20:56,82.22,34.2
2024-01-04 09:23:22,60.5,29.35
2024-01-04 09:25:48,55.67,28.77
2024-01-04 09:28:15,70.38,32.67
2024-01-04 09:30:41,77.88,36.1
2024-01-04 09:33:07,78.68,33.67
2024-01-04 09:35:33,71.45,34.13
2024-01-04 09:37:59,86.3,35.17
2024-01-04 09:40:25,75.35,35.13
2024-01-04 09:42:52,78.6,34.9
2024-01-04 09:45:20,70.78,33.3
2024-01-04 09:47:48,75.57,35.3
2024-01-04 09:50:19,79.05,36.53
2024-01-04 09:52:46,89.97,38.97
2024-01-04 09:55:12,82.7,40.75
2024-01-04 09:57:38,79.95,36.47
2024-01-04 10:00:05,88.4,39.45
2024-01-04 10:02:35,86.15,40.35
2024-01-04 10:05:02,86.32,43.05
2024-01-04 10:07:30,92.1,42.75
2024-01-04 10:10:01,78.03,37.0
2024-01-04 10:12:29,78.25,37.03
2024-01-04 10:14:57,75.32,35.22
2024-01-04 10:17:24,80.1,37.3
2024-01-04 10:19:50,85.07,36.85
2024-01-04 10:22:19,83.7,39.9
2024-01-04 10:24:46,89.1,40.33
2024-01-04 10:27:14,88.03,38.42
2024-01-04 10:29:42,86.45,40.2
2024-01-04 10:32:12,91.93,43.1
2024-01-04 10:34:38,87.3,40.3
2024-01-04 10:37:15,81.3,36.05
2024-01-04 10:39:56,76.88,40.25
2024-01-04 10:42:23,83.07,39.55
2024-01-04 10:44:52,87.13,41.92
2024-01-04 10:47:21,83.72,41.75
2024-01-04 10:49:48,89.4,42.92
2024-01-04 10:52:15,84.07,42.6
2024-01-04 10:54:48,86.35,42.05
2024-01-04 10:57:17,85.65,41.65
2024-01-04 10:59:44,86.05,41.78
2024-01-04 11:02:11,80.5,39.58
2024-01-04 11:04:40,77.25,39.28
2024-01-04 11:07:07,75.45,39.42
2024-01-04 11:09:36,75.97,39.72
2024-01-04 11:12:10,74.47,38.13
2024-01-04 11:14:36,68.05,36.1
2024-01-04 11:22:06,83.5,42.9
2024-01-04 11:27:05,72.05,38.78
2024-01-04 11:29:42,76.38,40.75
2024-01-04 11:32:10,75.1,40.88
2024-01-04 11:34:48,75.97,38.05
2024-01-04 11:37:27,89.55,46.75
2024-01-04 11:42:30,82.13,44.75
2024-01-04 11:44:57,73.78,42.2
2024-01-04 11:47:24,69.68,42.53
2024-01-04 11:49:55,83.0,44.45
2024-01-04 11:52:25,74.38,39.17
2024-01-04 11:54:53,81.6,45.38
2024-01-04 11:57:21,61.75,36.28
2024-01-04 11:59:48,71.97,39.0
2024-01-04 12:02:18,66.47,38.15
2024-01-04 12:04:45,68.38,37.05
2024-01-04 12:07:11,60.97,32.8
2024-01-04 12:09:39,68.95,40.45
2024-01-04 12:12:05,60.28,38.38
2024-01-04 12:14:35,54.15,32.92
2024-01-04 12:17:02,53.05,29.05
2024-01-04 12:19:28,47.78,29.02
2024-01-04 12:21:54,46.22,27.6
2024-01-04 12:24:20,42.78,26.6
2024-01-04 12:26:47,40.9,27.5
2024-01-04 12:29:13,41.5,26.13
2024-01-04 12:31:39,38.8,25.13
2024-01-04 12:34:12,33.88,22.15
2024-01-04 12:36:38,41.08,24.9
2024-01-04 12:39:22,40.22,25.92
2024-01-04 12:41:48,39.4,23.9
2024-01-04 12:44:14,39.5,24.45
2024-01-04 12:46:42,51.92,30.98
2024-01-04 12:49:10,40.55,26.67
2024-01-04 12:51:41,44.65,28.45
2024-01-04 12:54:09,48.97,30.02
2024-01-04 12:56:36,47.17,29.9
2024-01-04 12:59:04,47.38,30.83
2024-01-04 13:01:30,46.55,30.8
2024-01-04 13:03:57,55.05,32.92
2024-01-04 13:06:24,62.03,37.3
2024-01-04 13:08:50,57.2,36.22
2024-01-04 13:11:17,54.45,33.47
2024-01-04 13:13:43,56.85,33.3
2024-01-04 13:16:10,39.4,26.92
2024-01-04 13:18:36,46.65,26.63
2024-01-04 13:21:04,47.45,29.5
2024-01-04 13:23:31,58.25,35.75
2024-01-04 13:25:57,68.22,42.53
2024-01-04 13:28:24,68.43,41.28
2024-01-04 13:30:50,63.95,39.6
2024-01-04 13:33:16,58.92,36.5
2024-01-04 13:35:45,50.33,33.2
2024-01-04 13:38:11,44.85,29.55
2024-01-04 13:40:37,47.3,29.65
2024-01-04 13:43:03,47.42,31.17
2024-01-04 13:45:29,58.72,36.05
2024-01-04 13:47:55,57.63,37.08
2024-01-04 13:50:21,53.22,35.22
2024-01-04 13:52:48,58.75,34.35
2024-01-04 13:55:14,51.55,32.95
2024-01-04 13:57:41,60.08,37.42
2024-01-04 14:00:08,56.17,35.22
2024-01-04 14:02:34,53.35,35.53
2024-01-04 14:05:00,56.25,35.78
2024-01-04 14:07:26,55.72,35.17
2024-01-04 14:09:52,57.33,39.25
2024-01-04 14:12:20,57.38,36.47
2024-01-04 14:14:46,51.42,30.08
2024-01-04 14:17:13,54.65,36.38
2024-01-04 14:19:39,46.35,28.27
2024-01-04 14:22:05,62.42,37.22
2024-01-04 14:24:31,61.88,38.22
2024-01-04 14:26:57,55.7,34.0
2024-01-04 14:29:23,45.85,31.4
2024-01-04 14:31:49,51.13,31.2
2024-01-04 14:34:16,49.97,30.48
2024-01-04 14:36:42,53.2,31.8
2024-01-04 14:39:09,61.03,39.7
2024-01-04 14:41:40,60.65,35.0
2024-01-04 14:44:07,56.78,37.1
2024-01-04 14:46:33,55.13,34.65
2024-01-04 14:48:59,56.6,37.05
2024-01-04 14:51:27,43.88,25.88
2024-01-04 14:53:54,45.35,27.88
2024-01-04 14:56:20,48.38,25.7
2024-01-04 14:58:47,27.05,16.23
2024-01-04 15:01:18,5.93,3.5
2024-01-04 15:03:44,3.42,1.73
2024-01-04 15:06:10,4.63,3.1
2024-01-04 15:08:37,4.78,2.33
2024-01-04 15:11:04,7.18,2.83
2024-01-04 15:13:31,2.5,0.9
2024-01-04 15:15:57,4.43,1.83
2024-01-04 15:18:23,3.13,1.8
2024-01-04 15:20:50,2.42,1.4
2024-01-04 15:23:16,2.1,0.7
2024-01-04 15:25:42,2.75,1.0
2024-01-04 15:28:08,1.4,0.9
2024-01-04 15:30:36,2.78,0.88
2024-01-04 15:33:02,7.53,3.33
2024-01-04 15:35:29,3.67,2.0
2024-01-04 15:37:55,2.28,1.05
2024-01-04 15:40:21,6.65,3.5
2024-01-04 15:42:48,3.97,2.4
2024-01-04 15:45:15,3.75,2.33
2024-01-04 15:47:41,5.25,2.78
2024-01-04 15:50:07,6.55,3.8
2024-01-04 15:52:33,13.73,7.6
2024-01-04 15:55:00,17.98,8.8
2024-01-04 15:57:26,11.13,7.15
2024-01-04 15:59:52,9.32,6.28
2024-01-04 16:02:18,15.38,9.05
2024-01-04 16:04:46,8.63,6.15
2024-01-04 16:07:12,8.35,5.9
2024-01-04 16:09:38,8.82,4.93
2024-01-04 16:12:05,6.43,4.25
2024-01-04 16:14:31,6.28,3.95
2024-01-04 16:16:58,7.45,4.82
2024-01-04 16:19:24,6.88,5.05
2024-01-04 16:21:50,5.97,4.4
2024-01-04 16:24:16,4.78,3.17
2024-01-04 16:26:42,8.75,4.7
2024-01-04 16:29:09,8.23,5.6
2024-01-04 16:31:35,6.22,5.38
2024-01-04 16:34:01,5.35,3.7
2024-01-04 16:36:27,7.75,5.03
2024-01-04 16:38:53,9.23,7.78
2024-01-04 16:41:19,24.85,12.18
2024-01-04 16:43:46,12.75,7.82
2024-01-04 16:46:13,12.25,8.7
2024-01-04 16:48:39,12.23,7.18
2024-01-04 16:51:05,12.3,8.68
2024-01-04 16:53:31,12.63,7.55
2024-01-04 16:55:59,11.95,8.9
2024-01-04 16:58:25,16.83,9.73
2024-01-04 17:00:53,13.2,8.45
2024-01-04 17:03:19,13.18,10.57
2024-01-04 17:05:45,21.6,14.93
2024-01-04 17:08:11,32.9,19.9
2024-01-04 17:10:37,44.53,29.92
2024-01-04 17:13:07,44.3,29.88
2024-01-04 17:15:33,43.55,28.3
2024-01-04 17:18:00,73.5,45.22
2024-01-04 17:20:26,68.28,38.95
2024-01-04 17:22:58,50.08,31.02
2024-01-04 17:25:24,41.97,29.38
2024-01-04 17:27:51,49.5,32.75
2024-01-04 17:30:17,47.15,30.67
2024-01-04 17:32:47,42.25,29.95
2024-01-04 17:35:14,47.6,30.8
2024-01-04 17:37:41,40.1,28.55
2024-01-04 17:40:07,44.9,31.75
2024-01-04 17:42:36,43.0,29.1
2024-01-04 17:45:03,49.25,32.97
2024-01-04 17:47:29,57.9,40.65
2024-01-04 17:49:55,54.78,35.65
2024-01-04 17:52:22,55.58,37.83
2024-01-04 17:54:48,47.83,34.17
2024-01-04 17:57:15,47.5,35.97
2024-01-04 17:59:42,53.05,35.92
2024-01-04 18:02:08,56.13,36.97
2024-01-04 18:04:35,87.45,57.05
2024-01-04 18:07:01,97.35,66.13
2024-01-04 18:09:27,91.95,59.2
2024-01-04 18:11:53,99.9,66.0
2024-01-04 18:14:20,94.43,61.28
2024-01-04 18:16:47,101.35,63.92
2024-01-04 18:19:13,126.3,85.95
2024-01-04 18:21:40,108.2,66.3
2024-01-04 18:24:06,111.53,72.85
2024-01-04 18:26:32,111.03,68.97
2024-01-04 18:28:58,111.78,64.95
2024-01-04 18:31:25,96.65,66.25
2024-01-04 18:33:51,105.8,63.55
2024-01-04 18:36:18,95.1,56.33
2024-01-04 18:38:44,107.45,63.8
2024-01-04 18:41:10,109.32,71.95
2024-01-04 18:43:37,125.07,78.68
2024-01-04 18:46:03,124.05,77.05
2024-01-04 18:48:29,124.18,79.8
2024-01-04 18:50:55,120.43,78.68
2024-01-04 18:53:22,120.88,78.25
2024-01-04 18:55:48,129.55,82.35
2024-01-04 18:58:14,133.77,80.5
2024-01-04 19:00:40,131.65,81.03
2024-01-04 19:03:06,134.02,80.63
2024-01-04 19:05:33,141.27,92.85
2024-01-04 19:07:59,154.45,97.13
2024-01-04 19:10:25,168.32,112.8
2024-01-04 19:12:51,159.75,107.97
2024-01-04 19:15:17,151.4,99.2
2024-01-04 19:17:43,134.8,85.88
2024-01-04 19:20:09,141.6,92.2
2024-01-04 19:22:37,141.35,92.18
2024-01-04 19:25:03,150.52,91.68
2024-01-04 19:27:31,139.18,90.13
2024-01-04 19:29:57,159.43,96.18
2024-01-04 19:32:23,164.52,104.72
2024-01-04 19:34:50,168.43,99.93
2024-01-04 19:37:16,142.88,89.2
2024-01-04 19:39:42,138.35,87.63
2024-01-04 19:42:08,147.85,92.4
2024-01-04 19:44:34,148.32,94.3
2024-01-04 19:47:01,153.07,94.13
2024-01-04 19:49:27,176.23,108.05
2024-01-04 19:51:53,179.8,108.07
2024-01-04 19:54:20,158.7,100.95
2024-01-04 19:56:47,163.3,106.05
2024-01-04 19:59:13,170.65,109.43
2024-01-04 20:01:39,170.68,106.43
2024-01-04 20:04:08,175.68,113.13
2024-01-04 20:06:37,174.95,110.93
2024-01-04 20:09:03,181.05,113.82
2024-01-04 20:11:29,194.07,127.13
2024-01-04 20:13:55,190.23,123.4
2024-01-04 20:16:21,186.1,120.97
2024-01-04 20:18:48,191.4,122.57
2024-01-04 20:21:14,186.95,120.28
2024-01-04 20:23:40,204.65,126.0
2024-01-04 20:26:06,203.27,121.15
2024-01-04 20:28:36,195.3,122.68
2024-01-04 20:31:02,167.95,104.15
2024-01-04 20:33:35,169.82,102.38
2024-01-04 20:36:02,154.95,101.1
2024-01-04 20:38:28,158.02,102.43
2024-01-04 20:40:54,152.35,96.82
2024-01-04 20:43:21,168.85,100.22
2024-01-04 20:45:48,176.48,114.57
2024-01-04 20:48:14,178.63,118.55
2024-01-04 20:50:41,185.0,113.68
2024-01-04 20:53:07,167.9,107.4
2024-01-04 20:55:33,184.18,117.43
2024-01-04 20:58:00,178.5,114.0
2024-01-04 21:00:26,180.52,118.43
2024-01-04 21:02:55,177.82,117.4
2024-01-04 21:05:21,182.75,116.38
2024-01-04 21:07:48,168.98,104.18
2024-01-04 21:10:14,179.3,112.65
2024-01-04 21:12:40,182.32,116.0
2024-01-04 21:15:07,170.88,110.55
2024-01-04 21:17:33,170.07,113.8
2024-01-04 21:19:59,178.6,115.78
2024-01-04 21:22:25,177.23,113.28
2024-01-04 21:24:52,164.0,108.6
2024-01-04 21:27:18,182.8,113.85
2024-01-04 21:29:45,168.18,113.07
2024-01-04 21:32:12,164.82,109.3
2024-01-04 21:34:38,167.38,110.1
2024-01-04 21:37:04,158.05,99.5
2024-01-04 21:39:30,156.98,103.88
2024-01-04 21:41:57,168.43,105.38
2024-01-04 21:44:23,161.65,101.47
2024-01-04 21:46:49,175.07,109.47
2024-01-04 21:49:16,174.23,106.9
2024-01-04 21:51:48,163.82,99.85
2024-01-04 21:54:15,165.1,101.88
2024-01-04 21:56:41,148.05,95.6
2024-01-04 21:59:07,155.32,97.63
2024-01-04 22:01:33,157.88,96.47
2024-01-04 22:04:03,140.6,86.9
2024-01-04 22:06:29,164.02,98.05
2024-01-04 22:08:55,146.05,89.78
2024-01-04 22:11:23,152.27,93.18
2024-01-04 22:13:49,152.52,91.63
2024-01-04 22:16:19,151.75,92.63
2024-01-04 22:18:48,156.13,83.45
2024-01-04 22:21:20,145.3,86.43
2024-01-04 22:23:46,137.98,83.43
2024-01-04 22:26:13,135.27,77.8
2024-01-04 22:28:39,136.3,82.45
2024-01-04 22:31:05,144.48,84.1
2024-01-04 22:33:31,117.4,70.75
2024-01-04 22:35:57,118.4,69.63
2024-01-04 22:38:23,123.55,74.47
2024-01-04 22:40:49,120.43,70.07
2024-01-04 22:43:15,119.85,65.0
2024-01-04 22:45:41,104.2,60.22
2024-01-04 22:48:07,88.38,51.33
2024-01-04 22:50:34,82.18,51.33
2024-01-04 22:53:00,84.8,48.15
2024-01-04 22:55:27,83.5,47.2
2024-01-04 22:57:53,79.3,46.95
2024-01-04 23:00:19,73.45,44.35
2024-01-04 23:02:46,68.22,40.65
2024-01-04 23:05:12,68.88,42.05
2024-01-04 23:07:38,65.6,40.97
2024-01-04 23:10:05,64.8,37.0
2024-01-04 23:12:32,66.75,39.42
2024-01-04 23:14:58,68.97,42.2
2024-01-04 23:17:24,71.57,41.9
2024-01-04 23:19:51,64.3,40.33
2024-01-04 23:22:17,75.4,43.45
2024-01-04 23:24:43,72.63,42.65
2024-01-04 23:27:09,72.25,43.45
2024-01-04 23:29:36,75.28,44.28
2024-01-04 23:32:02,64.28,40.4
2024-01-04 23:34:28,77.82,43.6
2024-01-04 23:36:54,71.45,44.4
2024-01-04 23:39:20,72.3,43.38
2024-01-04 23:41:46,69.38,42.72
2024-01-04 23:44:12,67.93,40.92
2024-01-04 23:46:38,70.2,41.38
2024-01-04 23:49:05,64.88,39.3
2024-01-04 23:51:31,59.78,36.5
2024-01-04 23:53:59,54.2,34.9
2024-01-04 23:56:25,64.63,37.0
2024-01-04 23:58:52,50.63,30.92
2024-01-05 00:01:18,60.3,35.75
2024-01-05 00:03:44,55.75,33.42
2024-01-05 00:06:10,56.05,32.13
2024-01-05 00:08:37,49.4,30.35
2024-01-05 00:11:03,48.4,28.0
2024-01-05 00:13:29,42.47,27.92
2024-01-05 00:15:55,47.35,28.85
2024-01-05 00:18:21,51.95,29.73
2024-01-05 00:20:47,55.0,29.15
2024-01-05 00:23:13,56.42,29.48
2024-01-05 00:25:39,45.13,24.65
2024-01-05 00:28:06,49.03,30.0
2024-01-05 00:30:35,50.08,29.73
2024-01-05 00:33:01,57.38,30.15
2024-01-05 00:35:27,50.63,26.98
2024-01-05 00:37:53,52.28,31.17
2024-01-05 00:40:19,51.95,29.23
2024-01-05 00:42:46,44.5,27.02
2024-01-05 00:45:12,51.9,32.05
2024-01-05 00:47:38,52.4,32.67
2024-01-05 00:50:04,59.3,34.1
2024-01-05 00:52:31,53.33,31.05
2024-01-05 00:54:57,55.58,32.13
2024-01-05 00:57:23,58.03,33.78
2024-01-05 00:59:50,49.22,29.45
2024-01-05 01:02:16,49.58,28.83
2024-01-05 01:04:42,56.25,30.75
2024-01-05 01:07:08,53.85,30.73
2024-01-05 01:09:35,53.53,30.23
2024-01-05 01:12:01,58.1,31.98
2024-01-05 01:14:27,52.4,30.33
2024-01-05 01:16:53,51.95,29.2
2024-01-05 01:19:19,49.4,28.92
2024-01-05 01:21:45,41.45,24.4
2024-01-05 01:24:11,43.17,24.9
2024-01-05 01:26:37,39.8,23.75
2024-01-05 01:29:05,40.15,21.52
2024-01-05 01:31:32,46.47,26.6
2024-01-05 01:33:58,44.85,25.48
2024-01-05 01:36:24,39.53,24.8
2024-01-05 01:38:50,45.4,25.67
2024-01-05 01:41:17,40.17,22.33
2024-01-05 01:43:46,46.33,24.3
2024-01-05 01:46:13,40.92,23.75
2024-01-05 01:48:39,44.03,25.15
2024-01-05 01:51:07,38.45,23.92
2024-01-05 01:53:33,38.92,22.77
2024-01-05 01:55:59,34.17,22.23
2024-01-05 01:58:26,39.35,23.77
2024-01-05 02:00:52,38.7,23.3
2024-01-05 02:03:18,31.0,20.77
2024-01-05 02:05:45,38.9,24.15
2024-01-05 02:08:13,46.35,25.9
2024-01-05 02:10:39,39.97,23.1
2024-01-05 02:13:06,45.75,26.67
2024-01-05 02:15:32,54.42,29.9
2024-01-05 02:17:58,52.03,29.92
2024-01-05 02:20:24,51.33,29.83
2024-01-05 02:22:53,59.47,30.7
2024-01-05 02:25:19,55.22,30.02
2024-01-05 02:27:46,54.2,30.6
2024-01-05 02:30:21,57.42,31.83
2024-01-05 02:32:47,51.85,29.92
2024-01-05 02:35:13,58.83,35.15
2024-01-05 02:37:41,52.47,31.7
2024-01-05 02:40:08,58.15,33.38
2024-01-05 02:42:34,65.1,32.97
2024-01-05 02:45:00,53.75,30.1
2024-01-05 02:47:26,61.0,30.2
2024-01-05 02:49:52,59.67,33.13
2024-01-05 02:52:19,60.28,33.55
2024-01-05 02:54:45,53.13,31.23
2024-01-05 02:57:11,60.4,32.3
2024-01-05 02:59:37,59.9,31.38
2024-01-05 03:02:03,56.85,30.7
2024-01-05 03:04:29,56.4,30.35
2024-01-05 03:06:55,50.5,29.98
2024-01-05 03:09:21,60.28,32.42
2024-01-05 03:11:47,59.63,32.15
2024-01-05 03:14:14,53.17,28.38
2024-01-05 03:16:40,46.22,28.52
2024-01-05 03:19:07,51.6,27.88
2024-01-05 03:21:33,45.15,27.4
2024-01-05 03:23:59,45.47,27.0
2024-01-05 03:26:25,47.42,27.48
2024-01-05 03:28:51,50.8,28.45
2024-01-05 03:31:17,52.9,29.6
2024-01-05 03:33:44,47.08,27.2
2024-01-05 03:36:11,51.03,28.08
2024-01-05 03:38:37,52.9,26.7
2024-01-05 03:41:03,54.8,27.6
2024-01-05 03:43:29,72.35,28.5
2024-01-05 03:45:55,56.13,28.42
2024-01-05 03:48:21,58.35,28.6
2024-01-05 03:50:47,61.4,28.2
2024-01-05 03:53:13,54.65,27.23
2024-01-05 03:55:40,69.8,32.05
2024-01-05 03:58:07,60.67,27.98
2024-01-05 04:00:33,55.28,25.55
2024-01-05 04:02:59,102.85,29.23
2024-01-05 04:05:25,66.03,28.1
2024-01-05 04:07:51,54.92,24.83
2024-01-05 04:10:18,50.15,24.85
2024-01-05 04:12:44,50.28,23.7
2024-01-05 04:15:10,48.33,21.8
2024-01-05 04:17:36,47.15,21.98
2024-01-05 04:20:02,42.72,20.25
2024-01-05 04:22:28,43.6,20.42
2024-01-05 04:24:57,54.63,19.77
2024-01-05 04:27:23,45.4,19.6
2024-01-05 04:29:49,49.33,18.98
2024-01-05 04:32:16,48.8,16.95
2024-01-05 04:34:42,49.38,19.48
2024-01-05 04:37:08,39.15,19.1
2024-01-05 04:39:34,39.92,17.58
2024-01-05 04:42:00,49.03,19.48
2024-01-05 04:44:27,34.72,18.13
2024-01-05 04:46:53,52.0,19.3
2024-01-05 04:49:19,38.15,17.4
2024-01-05 04:51:45,33.7,14.73
2024-01-05 04:54:11,70.55,22.58
2024-01-05 04:56:37,66.35,19.65
2024-01-05 04:59:04,68.15,24.15
2024-01-05 05:01:30,46.75,21.55
2024-01-05 05:03:56,48.88,22.25
2024-01-05 05:06:22,44.38,21.42
2024-01-05 05:08:48,48.45,21.08
2024-01-05 05:11:14,61.75,22.77
2024-01-05 05:13:40,49.13,20.95
2024-01-05 05:16:06,49.65,19.52
2024-01-05 05:18:32,49.53,18.9
2024-01-05 05:20:58,61.63,20.5
2024-01-05 05:23:25,49.35,21.75
2024-01-05 05:25:51,67.0,21.8
2024-01-05 05:28:17,48.72,18.77
2024-01-05 05:30:43,50.88,22.08
2024-01-05 05:33:09,48.72,19.38
2024-01-05 05:35:35,50.9,19.13
2024-01-05 05:38:01,49.6,20.13
2024-01-05 05:40:28,63.85,20.33
2024-01-05 05:42:58,49.78,20.1
2024-01-05 05:45:24,53.7,18.7
2024-01-05 05:47:51,46.13,18.58
2024-01-05 05:50:17,49.05,19.1
2024-01-05 05:52:43,58.15,21.3
2024-01-05 05:55:10,59.75,22.2
2024-01-05 05:57:38,98.57,25.15
2024-01-05 06:00:05,68.47,27.27
2024-01-05 06:02:31,65.0,27.05
2024-01-05 06:04:57,85.55,32.33
2024-01-05 06:07:24,97.05,36.03
2024-01-05 06:09:50,76.15,33.6
2024-01-05 06:12:16,96.43,33.7
2024-01-05 06:14:43,87.0,29.75
2024-01-05 06:17:09,76.53,32.55
2024-01-05 06:19:35,74.15,29.92
2024-01-05 06:22:01,77.85,29.13
2024-01-05 06:24:28,81.05,26.27
2024-01-05 06:26:54,56.13,23.42
2024-01-05 06:29:20,56.8,22.88
2024-01-05 06:31:46,59.25,22.45
2024-01-05 06:34:12,57.47,21.98
2024-01-05 06:36:38,54.72,21.25
2024-01-05 06:39:05,50.13,22.38
2024-01-05 06:41:31,61.83,22.25
2024-01-05 06:43:57,58.05,23.58
2024-01-05 06:46:23,104.2,28.92
2024-01-05 06:48:49,56.5,23.58
2024-01-05 06:51:16,75.53,32.53
2024-01-05 06:53:42,58.55,23.6
2024-01-05 06:56:08,67.97,25.15
2024-01-05 06:58:36,75.25,26.85
2024-01-05 07:01:02,65.85,19.58
2024-01-05 07:03:29,39.42,16.0
2024-01-05 07:05:55,45.35,17.88
2024-01-05 07:08:21,40.53,17.0
2024-01-05 07:10:47,44.83,17.6
2024-01-05 07:13:13,53.6,17.63
2024-01-05 07:15:39,55.03,17.73
2024-01-05 07:18:05,57.85,17.75
2024-01-05 07:20:32,60.6,19.85
2024-01-05 07:22:59,68.22,19.17
2024-01-05 07:25:25,71.2,22.13
2024-01-05 07:27:51,67.35,22.88
2024-01-05 07:30:17,63.38,22.42
2024-01-05 07:32:43,71.45,16.1
2024-01-05 07:35:10,71.18,18.98
2024-01-05 07:37:36,45.1,16.5
2024-01-05 07:40:05,56.92,17.65
2024-01-05 07:42:32,62.25,17.92
2024-01-05 07:44:58,81.03,21.05
2024-01-05 07:47:25,41.13,16.7
2024-01-05 07:49:51,55.9,14.8
2024-01-05 07:52:17,45.22,15.68
2024-01-05 07:54:43,55.35,14.8
2024-01-05 07:57:09,38.22,15.02
2024-01-05 07:59:35,67.05,19.08
2024-01-05 08:02:01,59.7,14.35
2024-01-05 08:04:28,62.97,13.93
2024-01-05 08:06:54,40.13,18.17
2024-01-05 08:09:20,44.45,21.15
2024-01-05 08:11:46,47.05,20.73
2024-01-05 08:14:12,38.55,20.2
2024-01-05 08:16:39,41.58,19.98
2024-01-05 08:19:05,26.35,14.77
2024-01-05 08:21:31,60.9,25.0
2024-01-05 08:23:57,45.1,20.25
2024-01-05 08:26:23,37.28,18.15
2024-01-05 08:28:49,39.75,16.83
2024-01-05 08:31:15,46.78,15.98
2024-01-05 08:33:42,46.1,19.25
2024-01-05 08:36:08,55.65,20.35
2024-01-05 08:38:34,93.03,23.7
2024-01-05 08:41:00,51.78,20.15
2024-01-05 08:43:27,50.95,20.67
2024-01-05 08:45:53,49.5,21.58
2024-01-05 08:48:19,50.17,21.52
2024-01-05 08:50:45,53.9,20.6
2024-01-05 08:53:11,52.88,25.02
2024-01-05 08:55:37,83.15,27.25
2024-01-05 08:58:03,70.35,27.3
2024-01-05 09:00:30,56.38,23.85
2024-01-05 09:02:56,48.28,21.85
2024-01-05 09:05:22,48.53,22.52
2024-01-05 09:07:48,50.03,23.15
2024-01-05 09:10:14,50.7,22.3
2024-01-05 09:12:40,35.28,17.27
2024-01-05 09:15:07,49.17,23.0
2024-01-05 09:17:33,45.2,20.6
2024-01-05 09:20:00,49.4,22.38
2024-01-05 09:22:28,32.83,16.9
2024-01-05 09:24:54,61.55,24.17
2024-01-05 09:27:20,37.88,19.0
2024-01-05 09:29:46,40.17,20.25
2024-01-05 09:32:12,38.25,18.13
2024-01-05 09:34:41,42.08,21.17
2024-01-05 09:37:09,39.45,20.77
2024-01-05 09:39:35,40.13,20.0
2024-01-05 09:42:01,35.92,18.67
2024-01-05 09:44:27,42.25,21.1
2024-01-05 09:46:56,42.13,20.13
2024-01-05 09:49:22,40.0,20.48
2024-01-05 09:51:50,38.58,20.25
2024-01-05 09:54:18,31.73,16.77
2024-01-05 09:56:47,51.1,23.35
2024-01-05 09:59:14,47.0,23.7
2024-01-05 10:01:46,44.55,22.6
2024-01-05 10:04:14,48.1,22.98
2024-01-05 10:06:40,45.4,21.95
2024-01-05 10:09:07,50.95,23.7
2024-01-05 10:11:38,51.85,23.38
2024-01-05 10:14:11,51.25,25.33
2024-01-05 10:16:37,56.88,26.02
2024-01-05 10:19:17,57.72,26.45
2024-01-05 10:21:44,48.92,23.7
2024-01-05 10:24:15,53.08,25.15
2024-01-05 10:26:44,59.28,24.88
2024-01-05 10:29:16,47.25,22.13
2024-01-05 10:31:42,42.7,20.75
2024-01-05 10:34:08,56.17,27.05
2024-01-05 10:36:35,50.95,23.83
2024-01-05 10:39:01,51.08,22.9
2024-01-05 10:41:28,37.88,18.0
2024-01-05 10:43:54,46.0,21.55
2024-01-05 10:46:22,45.58,21.65
2024-01-05 10:48:49,55.0,24.83
2024-01-05 10:51:15,48.2,24.52
2024-01-05 10:53:44,52.28,27.7
2024-01-05 10:56:12,56.05,25.98
2024-01-05 10:58:46,50.35,26.25
2024-01-05 11:01:13,55.33,25.75
2024-01-05 11:03:43,49.45,23.6
2024-01-05 11:06:10,60.2,28.48
2024-01-05 11:11:16,62.6,29.83
2024-01-05 11:21:19,54.63,28.15
2024-01-05 11:23:48,62.15,28.67
2024-01-05 11:26:35,66.28,30.85
2024-01-05 11:29:04,63.6,30.08
2024-01-05 11:36:57,68.43,31.5
2024-01-05 11:42:32,67.22,32.13
2024-01-05 11:45:04,75.97,30.0
2024-01-05 11:55:33,66.65,29.5
2024-01-05 11:58:08,72.55,31.85
2024-01-05 12:00:37,81.03,33.97
2024-01-05 12:03:09,82.65,35.53
2024-01-05 12:05:39,72.3,33.25
2024-01-05 12:08:05,80.88,34.67
2024-01-05 12:10:34,78.4,35.78
2024-01-05 12:13:00,81.63,34.28
2024-01-05 12:15:26,82.32,37.13
2024-01-05 12:18:04,75.45,34.05
2024-01-05 12:20:33,55.22,25.23
2024-01-05 12:22:59,78.47,36.05
2024-01-05 12:25:25,68.5,31.27
2024-01-05 12:27:51,73.43,36.33
2024-01-05 12:30:17,72.38,36.03
2024-01-05 12:32:44,78.72,37.35
2024-01-05 12:35:10,77.47,36.5
2024-01-05 12:37:37,80.72,38.42
2024-01-05 12:40:15,89.95,40.08
2024-01-05 12:42:41,82.9,41.5
2024-01-05 12:45:07,79.38,41.63
2024-01-05 12:47:34,87.25,42.95
2024-01-05 12:50:01,90.5,44.58
2024-01-05 12:52:37,90.7,45.75
2024-01-05 12:55:04,88.35,44.9
2024-01-05 12:57:30,94.45,46.0
2024-01-05 13:00:03,82.97,42.7
2024-01-05 13:02:40,76.18,40.25
2024-01-05 13:05:25,78.45,38.78
2024-01-05 13:07:51,78.1,42.22
2024-01-05 13:10:19,83.07,42.78
2024-01-05 13:12:48,85.32,42.55
2024-01-05 13:15:14,85.45,42.38
2024-01-05 13:17:47,84.38,42.33
2024-01-05 13:20:17,87.6,46.38
2024-01-05 13:22:44,78.32,41.33
2024-01-05 13:25:10,82.4,43.2
2024-01-05 13:27:37,85.88,41.9
2024-01-05 13:30:13,88.85,44.6
2024-01-05 13:32:43,78.57,40.3
2024-01-05 13:35:09,81.05,44.2
2024-01-05 13:37:35,87.05,44.4
2024-01-05 13:40:02,89.95,46.3
2024-01-05 13:42:28,85.13,44.28
2024-01-05 13:44:55,101.57,51.83
2024-01-05 13:47:21,89.32,48.1
2024-01-05 13:49:50,78.43,41.97
2024-01-05 13:52:17,81.85,40.92
2024-01-05 13:54:43,74.43,41.9
2024-01-05 13:57:09,82.55,45.08
2024-01-05 13:59:35,79.5,42.6
2024-01-05 14:02:01,84.82,42.97
2024-01-05 14:04:28,81.45,41.72
2024-01-05 14:06:54,87.5,46.53
2024-01-05 14:09:20,89.15,45.92
2024-01-05 14:11:46,89.35,43.83
2024-01-05 14:14:13,93.47,50.97
2024-01-05 14:16:41,103.47,53.47
2024-01-05 14:19:07,94.15,49.42
2024-01-05 14:21:33,111.43,55.58
2024-01-05 14:24:00,111.25,57.88
2024-01-05 14:26:26,112.95,59.42
2024-01-05 14:28:53,114.88,63.0
2024-01-05 14:31:29,118.43,62.85
2024-01-05 14:33:57,118.43,66.78
2024-01-05 14:36:23,127.8,70.65
2024-01-05 14:38:53,114.03,64.03
2024-01-05 14:41:19,114.97,65.43
2024-01-05 14:43:46,122.47,69.3
2024-01-05 14:46:12,126.78,68.3
2024-01-05 14:48:39,136.57,79.07
2024-01-05 14:51:06,131.45,73.93
2024-01-05 14:53:32,125.15,66.2
2024-01-05 14:56:04,110.32,63.45
2024-01-05 14:58:30,107.43,58.45
2024-01-05 15:00:57,103.78,55.3
2024-01-05 15:03:23,113.88,57.83
2024-01-05 15:05:51,122.2,63.25
2024-01-05 15:08:17,127.43,63.92
2024-01-05 15:10:43,118.63,59.97
2024-01-05 15:13:09,128.13,70.1
2024-01-05 15:15:36,142.48,76.4
2024-01-05 15:18:02,126.43,65.18
2024-01-05 15:20:28,125.35,66.95
2024-01-05 15:22:54,139.35,71.38
2024-01-05 15:25:20,139.15,73.05
2024-01-05 15:27:47,120.2,58.75
2024-01-05 15:30:13,123.35,65.32
2024-01-05 15:32:42,126.7,63.85
2024-01-05 15:35:08,123.43,62.25
2024-01-05 15:37:34,131.43,65.72
2024-01-05 15:40:00,121.7,62.8
2024-01-05 15:42:27,158.5,78.03
2024-01-05 15:44:54,156.73,85.13
2024-01-05 15:47:20,125.8,69.3
2024-01-05 15:49:46,134.75,71.47
2024-01-05 15:52:13,143.0,77.38
2024-01-05 15:54:39,130.45,70.15
2024-01-05 15:57:05,135.3,70.72
2024-01-05 15:59:31,139.93,81.32
2024-01-05 16:02:00,151.52,79.72
2024-01-05 16:04:27,145.48,78.15
2024-01-05 16:06:53,171.82,88.25
2024-01-05 16:09:19,173.0,88.35
2024-01-05 16:11:45,171.38,97.2
2024-01-05 16:14:11,174.9,94.82
2024-01-05 16:16:38,177.45,97.28
2024-01-05 16:19:05,174.9,95.4
2024-01-05 16:21:31,169.23,97.95
2024-01-05 16:23:58,216.0,116.15
2024-01-05 16:26:26,205.82,111.15
2024-01-05 16:28:53,234.77,123.88
2024-01-05 16:31:19,191.15,99.22
2024-01-05 16:33:45,179.55,95.68
2024-01-05 16:36:11,166.1,89.25
2024-01-05 16:38:38,181.95,91.65
2024-01-05 16:41:04,169.82,88.97
2024-01-05 16:43:31,162.93,84.2
2024-01-05 16:45:57,162.57,86.78
2024-01-05 16:48:24,187.85,104.0
2024-01-05 16:50:52,201.57,103.53
2024-01-05 16:53:18,187.7,98.88
2024-01-05 16:55:44,174.88,92.6
2024-01-05 16:58:11,171.0,93.63
2024-01-05 17:00:37,189.02,98.18
2024-01-05 17:03:04,184.88,99.38
2024-01-05 17:05:30,187.57,98.93
2024-01-05 17:07:56,186.57,96.93
2024-01-05 17:10:22,182.9,99.9
2024-01-05 17:12:48,186.15,102.53
2024-01-05 17:15:16,204.57,109.45
2024-01-05 17:17:42,199.05,107.55
2024-01-05 17:20:10,200.5,109.55
2024-01-05 17:22:36,189.2,102.5
2024-01-05 17:25:02,219.32,115.13
2024-01-05 17:27:28,220.05,117.82
2024-01-05 17:29:54,198.18,107.65
2024-01-05 17:32:20,212.32,119.63
2024-01-05 17:34:46,240.95,135.63
2024-01-05 17:37:12,237.07,123.47
2024-01-05 17:39:42,183.43,92.57
2024-01-05 17:42:09,184.38,91.95
2024-01-05 17:44:41,198.73,97.13
2024-01-05 17:47:08,192.63,97.45
2024-01-05 17:49:38,134.65,65.22
2024-01-05 17:52:04,191.18,92.3
2024-01-05 17:54:30,210.38,97.2
2024-01-05 17:56:57,191.93,95.07
2024-01-05 17:59:29,183.32,87.5
2024-01-05 18:01:55,175.05,83.63
2024-01-05 18:04:21,184.5,92.53
2024-01-05 18:06:48,231.68,105.0
2024-01-05 18:09:17,263.4,127.5
2024-01-05 18:11:43,239.8,106.43
2024-01-05 18:14:10,261.52,118.0
2024-01-05 18:16:38,244.35,114.25
2024-01-05 18:19:05,248.57,117.07
2024-01-05 18:21:42,256.52,116.93
2024-01-05 18:24:15,275.45,116.75
2024-01-05 18:26:41,252.23,104.4
2024-01-05 18:29:08,290.88,112.8
2024-01-05 18:31:35,245.5,99.8
2024-01-05 18:34:01,281.17,140.5
2024-01-05 18:36:29,287.1,129.75
2024-01-05 18:38:55,326.98,135.4
2024-01-05 18:41:23,261.42,118.4
2024-01-05 18:43:52,286.83,121.43
2024-01-05 18:46:18,276.6,121.93
2024-01-05 18:48:44,262.75,116.2
2024-01-05 18:51:11,272.55,124.1
2024-01-05 18:53:37,260.23,124.2
2024-01-05 18:56:03,269.05,124.85
2024-01-05 18:58:30,300.17,140.4
2024-01-05 19:00:56,353.3,152.13
2024-01-05 19:03:22,306.38,138.65
2024-01-05 19:05:49,415.73,173.52
2024-01-05 19:08:15,473.5,186.32
2024-01-05 19:10:41,421.55,171.02
2024-01-05 19:13:07,448.9,172.07
2024-01-05 19:15:34,510.58,181.5
2024-01-05 19:18:00,388.55,154.8
2024-01-05 19:20:26,389.05,156.27
2024-01-05 19:22:52,314.1,124.93
2024-01-05 19:25:18,344.88,118.25
2024-01-05 19:27:45,315.73,112.9
2024-01-05 19:30:11,275.88,112.93
2024-01-05 19:32:38,301.23,120.78
2024-01-05 19:35:04,333.9,129.88
2024-01-05 19:37:32,312.9,120.07
2024-01-05 19:39:59,358.2,120.82
2024-01-05 19:42:25,365.98,128.4
2024-01-05 19:44:54,336.8,126.18
2024-01-05 19:47:22,364.42,133.38
2024-01-05 19:49:49,360.52,137.48
2024-01-05 19:52:15,426.95,155.55
2024-01-05 19:54:41,412.9,155.77
2024-01-05 19:57:07,325.08,140.8
2024-01-05 19:59:33,363.42,149.25
2024-01-05 20:01:59,411.23,151.63
2024-01-05 20:04:25,418.83,169.1
2024-01-05 20:06:52,468.55,182.55
2024-01-05 20:09:18,483.5,180.55
2024-01-05 20:11:44,448.2,180.35
2024-01-05 20:14:11,456.15,176.18
2024-01-05 20:16:38,359.73,152.57
2024-01-05 20:19:04,342.75,144.8
2024-01-05 20:21:35,367.23,142.93
2024-01-05 20:26:27,303.08,123.43
2024-01-05 20:28:54,332.83,121.6
2024-01-05 20:31:20,295.85,129.45
2024-01-05 20:33:46,357.17,143.38
2024-01-05 20:36:13,327.38,142.27
2024-01-05 20:38:41,366.75,143.75
2024-01-05 20:41:07,312.13,127.25
2024-01-05 20:43:33,333.5,121.6
2024-01-05 20:45:59,339.05,131.65
2024-01-05 20:48:25,395.08,137.88
2024-01-05 20:50:52,317.58,126.78
2024-01-05 20:53:18,294.83,124.05
2024-01-05 20:55:45,356.58,134.85
2024-01-05 20:58:13,458.17,152.1
2024-01-05 21:00:40,327.9,128.68
2024-01-05 21:03:06,395.33,132.43
2024-01-05 21:05:32,308.35,114.03
2024-01-05 21:07:59,328.45,122.35
2024-01-05 21:10:32,324.27,119.4
2024-01-05 21:12:58,303.7,116.95
2024-01-05 21:15:24,291.52,114.68
2024-01-05 21:17:50,275.08,111.07
2024-01-05 21:20:17,261.7,108.75
2024-01-05 21:22:43,273.15,101.7
2024-01-05 21:25:09,264.17,104.28
2024-01-05 21:27:35,257.38,98.3
2024-01-05 21:30:02,265.05,103.45
2024-01-05 21:32:29,310.5,111.0
2024-01-05 21:34:56,274.38,107.97
2024-01-05 21:37:22,335.85,126.93
2024-01-05 21:39:49,411.4,137.75
2024-01-05 21:42:15,319.98,120.47
2024-01-05 21:44:44,310.38,112.8
2024-01-05 21:47:10,282.7,117.68
2024-01-05 21:49:37,333.73,126.15
2024-01-05 21:52:04,344.7,122.55
2024-01-05 21:54:31,367.55,131.98
2024-01-05 21:56:57,334.67,122.32
2024-01-05 21:59:26,405.95,133.07
2024-01-05 22:01:53,421.33,138.75
2024-01-05 22:04:21,338.83,128.65
2024-01-05 22:06:47,353.0,128.4
2024-01-05 22:09:13,356.25,128.38
2024-01-05 22:11:41,302.33,124.7
2024-01-05 22:14:08,308.98,113.9
2024-01-05 22:16:36,374.17,139.93
2024-01-05 22:19:02,350.73,139.05
2024-01-05 22:21:28,253.25,108.72
2024-01-05 22:23:54,258.7,113.43
2024-01-05 22:26:23,256.6,109.07
2024-01-05 22:28:49,259.65,100.53
2024-01-05 22:31:15,130.18,54.6
2024-01-05 22:33:41,240.27,99.25
2024-01-05 22:36:11,242.07,103.18
2024-01-05 22:38:38,320.35,122.72
2024-01-05 22:41:07,256.9,106.4
2024-01-05 22:43:34,193.15,83.78
2024-01-05 22:46:10,173.57,78.1
2024-01-05 22:48:41,151.18,72.3
2024-01-05 22:51:07,161.23,72.28
2024-01-05 22:53:33,177.95,79.43
2024-01-05 22:56:08,130.63,65.53
2024-01-05 22:58:35,151.98,71.18
2024-01-05 23:01:01,134.73,69.0
2024-01-05 23:03:27,97.28,50.92
2024-01-05 23:05:53,139.77,73.72
2024-01-05 23:08:23,142.38,76.18
2024-01-05 23:10:53,137.93,70.7
2024-01-05 23:13:19,139.98,62.28
2024-01-05 23:15:48,124.82,60.08
2024-01-05 23:18:16,110.25,54.0
2024-01-05 23:20:42,106.68,55.3
2024-01-05 23:23:09,144.02,66.43
2024-01-05 23:25:35,348.83,128.18
2024-01-05 23:28:01,340.45,128.6
2024-01-05 23:30:28,401.55,141.55
2024-01-05 23:32:54,332.63,134.32
2024-01-05 23:35:20,356.8,130.38
2024-01-05 23:37:46,330.27,124.88
2024-01-05 23:40:12,339.63,133.6
2024-01-05 23:42:38,314.02,125.55
2024-01-05 23:45:05,247.52,112.07
2024-01-05 23:47:31,323.15,128.13
2024-01-05 23:49:57,270.35,117.95
2024-01-05 23:52:23,234.6,109.5
2024-01-05 23:54:50,272.25,114.88
2024-01-05 23:57:16,292.88,119.6
2024-01-05 23:59:42,274.35,107.95
2024-01-06 00:02:08,268.45,118.38
2024-01-06 00:04:34,257.52,107.05
2024-01-06 00:07:00,294.83,119.5
2024-01-06 00:09:26,308.58,113.07
2024-01-06 00:11:52,311.55,122.0
2024-01-06 00:14:19,253.27,106.8
2024-01-06 00:16:45,306.9,113.55
2024-01-06 00:19:11,288.8,108.6
2024-01-06 00:21:37,293.83,116.63
2024-01-06 00:24:03,321.7,121.07
2024-01-06 00:26:29,286.4,114.15
2024-01-06 00:28:55,335.3,125.82
2024-01-06 00:31:21,388.15,135.52
2024-01-06 00:33:47,327.08,129.35
2024-01-06 00:36:14,311.13,126.78
2024-01-06 00:38:40,306.73,125.95
2024-01-06 00:41:06,301.0,121.95
2024-01-06 00:43:32,301.75,120.95
2024-01-06 00:45:58,251.85,105.93
2024-01-06 00:48:24,233.0,96.75
2024-01-06 00:50:50,227.73,96.85
2024-01-06 00:53:16,283.73,117.72
2024-01-06 00:55:42,374.4,138.13
2024-01-06 00:58:08,333.17,134.68
2024-01-06 01:00:35,296.85,119.03
2024-01-06 01:03:01,321.13,130.23
2024-01-06 01:05:27,294.15,123.95
2024-01-06 01:07:53,341.38,129.65
2024-01-06 01:10:19,255.65,116.18
2024-01-06 01:12:45,266.35,119.45
2024-01-06 01:15:11,356.0,134.52
2024-01-06 01:17:38,319.25,129.13
2024-01-06 01:20:04,322.05,121.85
2024-01-06 01:22:30,252.52,84.47
2024-01-06 01:24:56,289.77,120.03
2024-01-06 01:27:22,277.92,114.85
2024-01-06 01:29:48,300.75,123.53
2024-01-06 01:32:18,290.83,122.07
2024-01-06 01:34:44,313.45,115.28
2024-01-06 01:37:10,287.6,123.6
2024-01-06 01:39:36,269.13,115.88
2024-01-06 01:42:02,273.17,114.22
2024-01-06 01:44:29,295.45,114.1
2024-01-06 01:46:55,281.63,119.35
2024-01-06 01:49:21,276.55,125.72
2024-01-06 01:51:48,412.88,143.2
2024-01-06 01:54:14,260.55,112.15
2024-01-06 01:56:41,209.1,90.1
2024-01-06 01:59:15,257.3,109.3
2024-01-06 02:01:44,371.0,120.8
2024-01-06 02:04:10,303.3,111.07
2024-01-06 02:06:36,219.88,103.45
2024-01-06 02:09:02,305.65,116.15
2024-01-06 02:11:28,246.6,107.72
2024-01-06 02:13:54,241.18,104.53
2024-01-06 02:16:20,281.08,120.68
2024-01-06 02:18:47,294.83,115.65
2024-01-06 02:21:13,302.67,118.97
2024-01-06 02:23:39,250.6,115.82
2024-01-06 02:26:05,286.02,113.9
2024-01-06 02:28:31,265.08,109.28
2024-01-06 02:30:57,234.45,107.9
2024-01-06 02:33:23,302.1,112.1
2024-01-06 02:35:50,312.2,112.35
2024-01-06 02:38:16,256.35,113.32
2024-01-06 02:40:42,216.98,102.55
2024-01-06 02:43:08,244.98,105.57
2024-01-06 02:45:35,199.13,95.53
2024-01-06 02:48:01,231.48,103.38
2024-01-06 02:50:27,290.9,106.15
2024-01-06 02:52:53,232.4,100.28
2024-01-06 02:55:19,240.48,102.25
2024-01-06 02:57:45,240.35,98.35
2024-01-06 03:00:12,243.7,106.07
2024-01-06 03:02:38,219.15,102.82
2024-01-06 03:05:07,237.65,104.25
2024-01-06 03:07:33,224.4,98.1
2024-01-06 03:09:59,192.5,89.25
2024-01-06 03:12:26,163.88,86.25
2024-01-06 03:14:52,197.5,89.28
2024-01-06 03:17:18,192.15,91.47
2024-01-06 03:19:44,213.13,92.6
2024-01-06 03:22:10,197.7,93.5
2024-01-06 03:24:36,221.93,94.47
2024-01-06 03:27:02,197.25,88.15
2024-01-06 03:29:28,184.73,82.47
2024-01-06 03:31:54,166.57,82.28
2024-01-06 03:34:21,185.75,80.78
2024-01-06 03:36:47,179.05,89.35
2024-01-06 03:39:13,201.32,88.97
2024-01-06 03:41:39,236.2,96.32
2024-01-06 03:44:05,169.07,74.53
2024-01-06 03:46:32,133.27,62.8
2024-01-06 03:48:59,160.95,70.3
2024-01-06 03:51:25,133.7,66.93
2024-01-06 03:53:51,187.5,77.28
2024-01-06 03:56:17,161.55,73.75
2024-01-06 03:58:43,232.4,92.0
2024-01-06 04:01:09,174.75,76.63
2024-01-06 04:03:35,148.0,71.68
2024-01-06 04:06:02,200.18,84.07
2024-01-06 04:08:28,117.4,59.15
2024-01-06 04:10:54,191.43,80.7
2024-01-06 04:13:20,167.98,80.47
2024-01-06 04:15:46,210.8,86.43
2024-01-06 04:18:12,163.25,72.63
2024-01-06 04:20:38,220.13,90.9
2024-01-06 04:23:05,249.93,93.68
2024-01-06 04:25:31,207.85,83.05
2024-01-06 04:27:57,186.52,84.05
2024-01-06 04:30:23,173.6,79.3
2024-01-06 04:32:50,222.27,88.93
2024-01-06 04:35:17,349.83,110.3
2024-01-06 04:37:43,212.45,87.75
2024-01-06 04:40:10,219.85,86.95
2024-01-06 04:42:36,189.85,82.13
2024-01-06 04:45:02,192.32,84.0
2024-01-06 04:47:29,137.88,57.75
2024-01-06 04:49:55,176.0,74.15
2024-01-06 04:52:22,161.4,71.63
2024-01-06 04:54:48,225.4,88.0
2024-01-06 04:57:14,217.9,85.2
2024-01-06 04:59:41,258.23,98.78
2024-01-06 05:02:07,224.8,92.9
2024-01-06 05:04:33,249.9,91.05
2024-01-06 05:06:59,184.1,78.3
2024-01-06 05:09:26,221.93,89.63
2024-01-06 05:11:52,222.68,94.68
2024-01-06 05:14:18,241.35,91.65
2024-01-06 05:16:44,211.93,93.22
2024-01-06 05:19:10,228.25,91.82
2024-01-06 05:21:36,226.55,89.13
2024-01-06 05:24:02,235.75,93.38
2024-01-06 05:26:28,172.82,80.43
2024-01-06 05:28:54,163.52,71.82
2024-01-06 05:31:21,190.07,84.43
2024-01-06 05:33:47,152.15,67.6
2024-01-06 05:36:13,241.98,88.28
2024-01-06 05:38:39,272.73,99.05
2024-01-06 05:41:05,175.65,83.03
2024-01-06 05:43:31,247.05,96.18
2024-01-06 05:45:57,192.68,83.75
2024-01-06 05:48:24,189.18,82.43
2024-01-06 05:50:50,198.25,77.28
2024-01-06 05:53:16,259.9,95.65
2024-01-06 05:55:43,226.35,89.5
2024-01-06 05:58:09,235.27,89.85
2024-01-06 06:00:36,230.1,90.3
2024-01-06 06:03:02,264.38,97.03
2024-01-06 06:05:28,239.75,98.95
2024-01-06 06:07:54,224.15,90.32
2024-01-06 06:10:20,301.08,109.43
2024-01-06 06:12:46,280.6,106.55
2024-01-06 06:15:13,235.32,93.9
2024-01-06 06:17:39,237.07,93.82
2024-01-06 06:20:05,253.02,102.8
2024-01-06 06:22:32,279.52,108.45
2024-01-06 06:24:58,249.95,98.97
2024-01-06 06:27:25,238.65,95.47
2024-01-06 06:29:51,213.0,93.43
2024-01-06 06:32:17,181.68,81.3
2024-01-06 06:34:43,168.7,81.55
2024-01-06 06:37:09,181.07,83.0
2024-01-06 06:39:36,184.0,86.55
2024-01-06 06:42:02,183.7,89.75
2024-01-06 06:44:28,173.63,83.72
2024-01-06 06:46:55,185.27,87.9
2024-01-06 06:49:21,183.55,86.97
2024-01-06 06:51:47,163.48,84.0
2024-01-06 06:54:15,155.95,78.07
2024-01-06 06:56:44,156.7,81.4
2024-01-06 06:59:10,152.65,77.05
2024-01-06 07:01:37,171.48,89.35
2024-01-06 07:04:03,189.85,100.7
2024-01-06 07:06:29,182.48,99.38
2024-01-06 07:08:56,169.65,92.13
2024-01-06 07:11:22,162.52,90.2
2024-01-06 07:13:49,161.3,90.68
2024-01-06 07:16:15,158.82,83.28
2024-01-06 07:18:41,143.0,82.6
2024-01-06 07:21:07,129.68,73.5
2024-01-06 07:23:34,127.53,76.43
2024-01-06 07:26:00,117.78,73.28
2024-01-06 07:28:26,120.03,68.95
2024-01-06 07:30:52,118.45,67.72
2024-01-06 07:33:19,107.93,60.67
2024-01-06 07:35:46,112.38,66.68
2024-01-06 07:38:12,120.97,68.72
2024-01-06 07:40:39,108.18,61.15
2024-01-06 07:43:05,105.18,64.0
2024-01-06 07:45:32,93.35,56.85
2024-01-06 07:47:58,93.13,56.65
2024-01-06 07:50:24,83.32,49.58
2024-01-06 07:52:51,75.1,47.35
2024-01-06 07:55:17,85.9,52.3
2024-01-06 07:57:44,92.82,53.13
2024-01-06 08:00:10,94.0,57.42
2024-01-06 08:02:40,97.72,57.03
2024-01-06 08:05:06,89.57,56.7
2024-01-06 08:07:32,95.07,62.28
2024-01-06 08:09:58,84.75,54.55
2024-01-06 08:12:24,70.72,46.03
2024-01-06 08:14:50,78.38,49.1
2024-01-06 08:17:17,55.2,36.72
2024-01-06 08:19:43,65.35,37.53
2024-01-06 08:22:11,64.55,38.67
2024-01-06 08:24:37,52.63,31.6
2024-01-06 08:27:04,51.85,32.25
2024-01-06 08:29:30,56.13,37.67
2024-01-06 08:31:56,57.67,34.22
2024-01-06 08:34:23,370.8,144.02
2024-01-06 08:36:49,147.13,62.97
2024-01-06 08:39:16,140.02,63.25
2024-01-06 08:41:42,69.2,39.83
2024-01-06 08:44:08,57.4,33.33
2024-01-06 08:46:34,45.53,29.17
2024-01-06 08:49:00,37.72,26.55
2024-01-06 08:51:26,40.5,27.08
2024-01-06 08:53:52,39.97,28.05
2024-01-06 08:56:19,43.08,31.6
2024-01-06 08:58:45,41.25,29.48
2024-01-06 09:01:12,42.78,30.15
2024-01-06 09:03:38,48.7,30.33
2024-01-06 09:06:05,48.45,33.6
2024-01-06 09:08:31,49.35,32.15
2024-01-06 09:10:57,41.42,29.3
2024-01-06 09:13:23,37.85,25.55
2024-01-06 09:15:52,45.1,28.92
2024-01-06 09:18:18,52.35,32.35
2024-01-06 09:20:44,46.3,27.1
2024-01-06 09:23:12,40.63,27.48
2024-01-06 09:25:39,37.92,25.45
2024-01-06 09:28:05,37.65,25.9
2024-01-06 09:30:31,47.6,28.88
2024-01-06 09:32:57,43.13,28.48
2024-01-06 09:35:23,50.35,33.3
2024-01-06 09:37:49,37.58,27.08
2024-01-06 09:40:20,39.92,28.65
2024-01-06 09:42:46,45.55,31.25
2024-01-06 09:45:13,53.45,35.58
2024-01-06 09:47:39,54.13,33.53
2024-01-06 09:50:07,43.95,30.15
2024-01-06 09:52:37,46.08,28.27
2024-01-06 09:55:06,51.03,30.73
2024-01-06 09:57:35,41.67,27.83
2024-01-06 10:00:01,37.4,24.63
2024-01-06 10:02:27,48.58,31.0
2024-01-06 10:04:56,55.42,36.58
2024-01-06 10:07:23,143.38,96.82
2024-01-06 10:09:50,154.98,106.22
2024-01-06 10:12:16,137.0,96.82
2024-01-06 10:14:42,125.68,90.57
2024-01-06 10:17:09,128.4,91.32
2024-01-06 10:19:36,133.95,93.38
2024-01-06 10:22:03,133.32,90.15
2024-01-06 10:24:30,144.0,101.82
2024-01-06 10:26:56,144.52,95.57
2024-01-06 10:29:24,146.2,100.25
2024-01-06 10:31:51,147.4,103.72
2024-01-06 10:34:18,131.65,90.25
2024-01-06 10:36:44,157.18,104.25
2024-01-06 10:39:10,159.73,109.07
2024-01-06 10:41:40,144.93,108.15
2024-01-06 10:44:08,146.4,104.6
2024-01-06 10:46:35,143.02,99.82
2024-01-06 10:49:02,141.95,96.3
2024-01-06 10:51:28,140.77,100.25
2024-01-06 10:53:55,139.6,101.38
2024-01-06 10:56:24,143.45,99.35
2024-01-06 10:58:53,144.3,100.53
2024-01-06 11:01:20,145.63,100.45
2024-01-06 11:03:46,143.93,98.65
2024-01-06 11:06:14,143.93,103.97
2024-01-06 11:11:31,140.75,97.6
2024-01-06 11:14:17,117.9,81.97
2024-01-06 11:16:44,125.4,88.85
2024-01-06 11:21:55,107.03,74.05
2024-01-06 11:24:21,104.72,68.03
2024-01-06 11:29:17,85.93,57.97
2024-01-06 11:31:48,90.65,61.15
2024-01-06 11:34:30,81.35,55.65
2024-01-06 11:36:57,89.6,60.85
2024-01-06 11:39:35,93.1,62.3
2024-01-06 11:42:04,116.22,65.57
2024-01-06 11:44:34,85.1,57.75
2024-01-06 11:47:00,89.22,62.03
2024-01-06 11:49:27,75.68,52.38
2024-01-06 11:51:53,70.53,49.7
2024-01-06 11:54:22,76.05,47.28
2024-01-06 11:56:49,83.72,53.88
2024-01-06 11:59:15,70.78,45.42
2024-01-06 12:01:41,58.53,40.83
2024-01-06 12:04:07,50.97,35.85
2024-01-06 12:06:34,59.05,40.33
2024-01-06 12:09:07,62.78,41.72
2024-01-06 12:11:33,57.53,39.95
2024-01-06 12:13:59,56.47,37.55
2024-01-06 12:16:25,63.08,42.33
2024-01-06 12:18:55,57.0,41.03
2024-01-06 12:21:23,60.53,41.67
2024-01-06 12:23:50,67.22,47.88
2024-01-06 12:26:17,65.05,42.95
2024-01-06 12:28:46,59.9,44.92
2024-01-06 12:31:13,70.5,48.9
2024-01-06 12:33:39,72.68,49.78
2024-01-06 12:36:08,63.55,47.83
2024-01-06 12:38:36,64.7,46.33
2024-01-06 12:41:03,63.85,43.97
2024-01-06 12:43:29,65.0,45.13
2024-01-06 12:45:56,72.78,47.17
2024-01-06 12:48:23,69.03,48.88
2024-01-06 12:50:49,70.25,50.33
2024-01-06 12:53:15,71.97,51.7
2024-01-06 12:55:43,75.13,53.3
2024-01-06 12:58:09,61.78,42.15
2024-01-06 13:00:36,72.28,47.65
2024-01-06 13:03:03,72.15,48.9
2024-01-06 13:05:30,110.57,61.1
2024-01-06 13:07:56,87.4,53.8
2024-01-06 13:10:22,72.53,47.65
2024-01-06 13:12:48,91.1,51.83
2024-01-06 13:15:15,95.53,55.75
2024-01-06 13:17:41,104.9,56.97
2024-01-06 13:20:07,69.45,44.55
2024-01-06 13:22:34,74.0,48.85
2024-01-06 13:25:00,63.38,43.85
2024-01-06 13:27:26,63.3,46.15
2024-01-06 13:29:52,68.65,47.5
2024-01-06 13:32:18,67.63,47.38
2024-01-06 13:34:47,64.93,46.83
2024-01-06 13:37:13,64.5,46.22
2024-01-06 13:39:39,65.05,46.2
2024-01-06 13:42:08,69.9,46.2
2024-01-06 13:44:34,72.18,49.85
2024-01-06 13:47:00,65.75,45.6
2024-01-06 13:49:26,78.88,49.92
2024-01-06 13:51:52,85.63,56.38
2024-01-06 13:54:19,80.97,54.83
2024-01-06 13:56:45,80.13,53.72
2024-01-06 13:59:11,79.45,53.05
2024-01-06 14:01:37,78.0,48.35
2024-01-06 14:04:04,77.68,50.4
2024-01-06 14:06:30,79.5,51.53
2024-01-06 14:08:57,90.3,55.95
2024-01-06 14:11:23,98.2,57.28
2024-01-06 14:13:51,87.9,56.33
2024-01-06 14:16:17,84.13,52.58
2024-01-06 14:18:43,79.3,50.08
2024-01-06 14:21:10,85.25,52.35
2024-01-06 14:23:36,70.25,47.42
2024-01-06 14:26:02,59.88,42.03
2024-01-06 14:28:29,63.13,41.83
2024-01-06 14:30:55,68.07,43.22
2024-01-06 14:33:21,64.65,42.1
2024-01-06 14:35:48,69.18,41.95
2024-01-06 14:38:14,66.43,42.9
2024-01-06 14:40:40,80.22,49.2
2024-01-06 14:43:06,95.38,56.67
2024-01-06 14:45:33,117.2,76.5
2024-01-06 14:47:59,82.82,57.78
2024-01-06 14:50:25,89.68,53.3
2024-01-06 14:52:51,84.65,52.53
2024-01-06 14:55:18,94.72,59.4
2024-01-06 14:57:44,102.7,67.13
2024-01-06 15:00:10,109.07,66.95
2024-01-06 15:02:37,106.97,67.05
2024-01-06 15:05:03,105.65,65.88
2024-01-06 15:07:32,104.88,65.15
2024-01-06 15:10:01,108.5,64.15
2024-01-06 15:12:28,105.57,65.53
2024-01-06 15:14:54,102.32,62.1
2024-01-06 15:17:20,80.47,53.38
2024-01-06 15:19:47,80.93,53.88
2024-01-06 15:22:14,69.85,44.75
2024-01-06 15:24:43,61.47,40.55
2024-01-06 15:27:09,61.35,42.92
2024-01-06 15:29:36,63.4,41.88
2024-01-06 15:32:02,79.03,46.58
2024-01-06 15:34:28,92.13,54.3
2024-01-06 15:36:54,141.15,74.75
2024-01-06 15:39:20,135.7,75.45
2024-01-06 15:41:47,128.15,74.65
2024-01-06 15:44:13,123.5,75.57
2024-01-06 15:46:39,132.02,77.55
2024-01-06 15:49:05,126.8,77.38
2024-01-06 15:51:31,130.4,77.35
2024-01-06 15:53:57,142.93,85.65
2024-01-06 15:56:24,154.2,99.32
2024-01-06 15:58:51,157.65,99.2
2024-01-06 16:01:28,159.38,99.03
2024-01-06 16:03:54,148.6,94.6
2024-01-06 16:06:20,144.6,94.25
2024-01-06 16:08:46,149.5,95.15
2024-01-06 16:11:12,117.43,77.07
2024-01-06 16:13:38,118.82,73.5
2024-01-06 16:16:04,114.43,69.97
2024-01-06 16:18:31,107.85,61.75
2024-01-06 16:20:57,133.68,75.97
2024-01-06 16:23:23,130.3,75.8
2024-01-06 16:25:50,129.15,74.75
2024-01-06 16:28:16,128.65,79.38
2024-01-06 16:30:42,146.2,83.4
2024-01-06 16:33:08,123.72,77.13
2024-01-06 16:35:35,129.85,77.95
2024-01-06 16:38:02,149.35,90.22
2024-01-06 16:40:29,158.52,93.9
2024-01-06 16:42:56,172.68,105.57
2024-01-06 16:45:22,152.8,96.4
2024-01-06 16:47:48,139.52,87.05
2024-01-06 16:50:15,129.2,81.07
2024-01-06 16:52:41,132.9,79.55
2024-01-06 16:55:07,116.8,71.25
2024-01-06 16:57:33,107.97,65.68
2024-01-06 17:00:00,117.32,75.8
2024-01-06 17:02:27,118.18,74.4
2024-01-06 17:04:53,108.22,66.68
2024-01-06 17:07:19,106.18,67.9
2024-01-06 17:09:45,99.6,60.9
2024-01-06 17:12:14,105.55,62.35
2024-01-06 17:14:41,103.95,60.72
2024-01-06 17:17:09,98.72,62.0
2024-01-06 17:19:35,96.15,58.63
2024-01-06 17:22:01,86.35,54.42
2024-01-06 17:24:27,79.8,50.5
2024-01-06 17:26:53,78.7,51.85
2024-01-06 17:29:19,73.05,47.17
2024-01-06 17:31:45,78.78,50.15
2024-01-06 17:34:11,96.82,55.85
2024-01-06 17:36:37,93.15,59.28
2024-01-06 17:39:03,71.75,46.6
2024-01-06 17:41:29,72.43,47.3
2024-01-06 17:43:57,73.95,48.72
2024-01-06 17:46:23,89.07,55.15
2024-01-06 17:48:54,82.38,52.75
2024-01-06 17:51:20,78.05,48.97
2024-01-06 17:53:50,83.03,53.22
2024-01-06 17:56:16,84.82,55.3
2024-01-06 17:58:43,80.8,52.7
2024-01-06 18:01:10,88.25,51.9
2024-01-06 18:03:37,79.3,50.15
2024-01-06 18:06:04,84.18,52.1
2024-01-06 18:08:30,89.3,55.5
2024-01-06 18:10:56,96.03,57.7
2024-01-06 18:13:22,96.57,59.08
2024-01-06 18:15:49,105.03,65.75
2024-01-06 18:18:15,97.65,62.08
2024-01-06 18:20:41,112.2,70.3
2024-01-06 18:23:12,105.72,62.47
2024-01-06 18:25:38,88.13,57.97
2024-01-06 18:28:04,74.3,48.88
2024-01-06 18:30:30,61.1,39.65
2024-01-06 18:32:56,65.6,41.65
2024-01-06 18:35:23,57.88,38.38
2024-01-06 18:37:49,67.6,39.65
2024-01-06 18:40:15,70.95,49.08
2024-01-06 18:42:42,73.97,46.45
2024-01-06 18:45:08,82.05,49.63
2024-01-06 18:47:35,84.88,52.78
2024-01-06 18:50:01,80.38,51.7
2024-01-06 18:52:28,91.28,53.97
2024-01-06 18:54:56,84.7,52.55
2024-01-06 18:57:23,90.65,57.22
2024-01-06 18:59:49,111.9,62.17
2024-01-06 19:02:15,91.95,58.33
2024-01-06 19:04:42,98.4,55.65
2024-01-06 19:07:11,98.03,59.53
2024-01-06 19:09:37,109.07,66.22
2024-01-06 19:12:03,97.97,62.28
2024-01-06 19:14:30,82.13,54.42
2024-01-06 19:17:01,85.2,53.03
2024-01-06 19:19:27,79.82,50.97
2024-01-06 19:21:53,77.8,45.25
2024-01-06 19:24:19,73.45,45.78
2024-01-06 19:26:45,91.0,52.05
2024-01-06 19:29:12,77.35,49.13
2024-01-06 19:31:38,84.82,51.7
2024-01-06 19:34:04,95.28,54.0
2024-01-06 19:36:30,127.78,71.1
2024-01-06 19:38:57,121.82,69.32
2024-01-06 19:41:23,104.18,58.78
2024-01-06 19:43:49,107.82,63.4
2024-01-06 19:46:15,167.63,95.28
2024-01-06 19:48:41,139.07,79.22
2024-01-06 19:51:07,125.1,76.4
2024-01-06 19:53:33,118.15,68.28
2024-01-06 19:55:59,137.88,75.6
2024-01-06 19:58:29,121.28,71.03
2024-01-06 20:00:58,112.9,69.15
2024-01-06 20:03:24,135.45,76.32
2024-01-06 20:05:50,140.05,76.88
2024-01-06 20:08:16,117.47,67.32
2024-01-06 20:10:42,101.95,62.5
2024-01-06 20:13:08,82.35,51.78
2024-01-06 20:15:34,78.07,47.42
2024-01-06 20:18:00,69.63,41.72
2024-01-06 20:20:27,83.05,49.4
2024-01-06 20:22:53,100.0,53.53
2024-01-06 20:25:19,79.6,49.92
2024-01-06 20:27:45,97.9,55.78
2024-01-06 20:30:11,138.35,73.43
2024-01-06 20:32:38,105.5,64.55
2024-01-06 20:35:04,106.07,62.25
2024-01-06 20:37:32,101.07,61.17
2024-01-06 20:39:58,115.5,66.25
2024-01-06 20:42:24,101.95,63.9
2024-01-06 20:44:50,95.22,56.5
2024-01-06 20:47:16,94.43,58.05
2024-01-06 20:49:42,80.3,53.08
2024-01-06 20:52:08,80.4,50.85
2024-01-06 20:54:36,83.1,50.97
2024-01-06 20:57:02,83.55,52.13
2024-01-06 20:59:29,76.45,47.45
2024-01-06 21:01:56,75.35,48.13
2024-01-06 21:04:22,49.85,32.17
2024-01-06 21:06:51,73.3,42.8
2024-01-06 21:09:17,65.22,40.9
2024-01-06 21:11:45,71.68,42.2
2024-01-06 21:14:11,78.43,47.83
2024-01-06 21:16:39,72.8,44.03
2024-01-06 21:19:05,71.35,43.47
2024-01-06 21:21:31,54.83,34.8
2024-01-06 21:23:57,55.1,35.78
2024-01-06 21:26:24,57.6,40.28
2024-01-06 21:28:50,66.05,39.05
2024-01-06 21:31:16,69.63,40.53
2024-01-06 21:33:44,69.9,41.97
2024-01-06 21:36:12,65.1,39.83
2024-01-06 21:38:40,71.35,41.33
2024-01-06 21:41:08,63.13,40.58
2024-01-06 21:43:35,70.43,44.28
2024-01-06 21:46:01,75.7,49.38
2024-01-06 21:48:27,73.75,45.35
2024-01-06 21:50:54,77.07,48.42
2024-01-06 21:53:21,71.82,47.9
2024-01-06 21:55:47,69.5,45.08
2024-01-06 21:58:13,69.15,39.25
2024-01-06 22:00:40,74.07,44.72
2024-01-06 22:03:07,68.5,43.0
2024-01-06 22:05:33,68.4,44.25
2024-01-06 22:07:59,71.43,44.4
2024-01-06 22:10:25,65.3,41.72
2024-01-06 22:12:57,66.72,39.5
2024-01-06 22:15:24,70.15,41.75
2024-01-06 22:17:50,77.13,46.45
2024-01-06 22:20:17,67.3,40.5
2024-01-06 22:22:44,61.8,39.22
2024-01-06 22:25:10,63.38,39.3
2024-01-06 22:27:36,67.68,41.72
2024-01-06 22:30:03,62.47,39.88
2024-01-06 22:32:29,63.28,41.05
2024-01-06 22:34:56,71.32,44.05
2024-01-06 22:37:22,61.78,37.9
2024-01-06 22:39:48,66.43,40.22
2024-01-06 22:42:15,56.15,38.4
2024-01-06 22:44:41,68.6,42.65
2024-01-06 22:47:07,64.03,41.6
2024-01-06 22:49:33,58.9,37.58
2024-01-06 22:52:00,66.95,37.55
2024-01-06 22:54:26,60.8,35.65
2024-01-06 22:56:52,51.22,32.08
2024-01-06 22:59:20,56.85,36.28
2024-01-06 23:01:47,51.2,33.88
2024-01-06 23:04:13,54.7,34.65
2024-01-06 23:06:40,53.53,34.63
2024-01-06 23:09:07,55.63,37.0
2024-01-06 23:11:33,60.72,38.47
2024-01-06 23:13:59,53.15,32.6
2024-01-06 23:16:25,58.3,39.25
2024-01-06 23:18:52,59.6,38.83
2024-01-06 23:23:48,56.5,35.72
2024-01-06 23:26:14,64.1,39.83
2024-01-06 23:28:40,65.3,37.17
2024-01-06 23:31:06,56.45,37.33
2024-01-06 23:33:33,57.97,36.65
2024-01-06 23:35:59,56.2,35.72
2024-01-06 23:38:25,61.08,36.6
2024-01-06 23:40:52,52.17,33.83
2024-01-06 23:43:18,48.05,32.58
2024-01-06 23:45:44,58.53,36.0
2024-01-06 23:48:10,47.25,28.83
2024-01-06 23:50:36,33.22,24.48
2024-01-06 23:53:03,44.92,28.25
2024-01-06 23:55:29,59.55,34.75
2024-01-06 23:57:55,53.95,35.22
2024-01-07 00:00:21,60.53,35.25
2024-01-07 00:02:47,64.3,38.97
2024-01-07 00:05:13,56.67,34.92
2024-01-07 00:07:39,58.45,35.85
2024-01-07 00:10:06,60.17,37.53
2024-01-07 00:12:32,48.7,32.53
2024-01-07 00:14:58,58.22,35.0
2024-01-07 00:17:24,52.25,32.85
2024-01-07 00:19:50,51.38,31.52
2024-01-07 00:22:16,41.35,25.17
2024-01-07 00:24:43,48.72,30.02
2024-01-07 00:27:09,47.75,28.85
2024-01-07 00:29:35,42.7,24.95
2024-01-07 00:32:02,43.47,28.05
2024-01-07 00:34:28,46.92,27.23
2024-01-07 00:36:58,49.2,28.95
2024-01-07 00:39:26,50.72,27.9
2024-01-07 00:41:55,49.53,29.9
2024-01-07 00:44:21,48.67,26.25
2024-01-07 00:46:47,49.1,27.9
2024-01-07 00:49:15,47.63,29.88
2024-01-07 00:51:42,52.85,31.05
2024-01-07 00:54:08,51.6,31.05
2024-01-07 00:56:34,52.47,32.7
2024-01-07 00:59:00,54.88,31.15
2024-01-07 01:01:27,70.5,36.67
2024-01-07 01:03:53,52.3,32.15
2024-01-07 01:06:19,53.15,33.17
2024-01-07 01:08:45,55.28,33.28
2024-01-07 01:11:20,56.33,33.47
2024-01-07 01:13:49,55.38,32.28
2024-01-07 01:16:15,47.75,30.17
2024-01-07 01:18:41,52.1,31.17
2024-01-07 01:21:09,50.97,31.23
2024-01-07 01:23:37,51.47,33.58
2024-01-07 01:26:05,47.42,27.45
2024-01-07 01:31:07,33.8,20.3
2024-01-07 01:33:33,38.95,25.9
2024-01-07 01:36:03,39.0,27.52
2024-01-07 01:38:29,44.97,25.8
2024-01-07 01:40:56,39.2,25.15
2024-01-07 01:43:23,39.47,24.2
2024-01-07 01:45:55,44.22,27.65
2024-01-07 01:50:49,46.3,26.9
2024-01-07 01:53:15,47.22,28.15
2024-01-07 01:55:42,58.85,34.97
2024-01-07 01:58:09,54.75,32.17
2024-01-07 02:00:35,48.38,26.7
2024-01-07 02:03:01,44.28,28.13
2024-01-07 02:05:30,44.2,26.88
2024-01-07 02:07:56,42.83,26.05
2024-01-07 02:10:23,45.72,28.1
2024-01-07 02:12:49,49.42,29.73
2024-01-07 02:15:15,45.78,27.1
2024-01-07 02:17:42,47.2,29.1
2024-01-07 02:20:08,43.47,26.5
2024-01-07 02:22:34,42.65,26.9
2024-01-07 02:25:00,40.4,24.88
2024-01-07 02:27:26,44.6,26.52
2024-01-07 02:29:53,26.35,14.82
2024-01-07 02:32:19,35.63,23.73
2024-01-07 02:34:45,45.97,27.38
2024-01-07 02:37:12,45.8,28.02
2024-01-07 02:39:38,42.17,26.02
2024-01-07 02:42:04,45.25,28.42
2024-01-07 02:44:30,48.38,29.73
2024-01-07 02:46:56,50.97,31.13
2024-01-07 02:49:22,53.83,31.92
2024-01-07 02:51:49,52.97,31.2
2024-01-07 02:54:15,50.9,31.08
2024-01-07 02:56:41,51.45,31.17
2024-01-07 02:59:07,49.2,30.63
2024-01-07 03:01:33,53.3,31.9
2024-01-07 03:04:05,64.85,36.25
2024-01-07 03:06:32,54.88,32.1
2024-01-07 03:08:58,56.25,34.45
2024-01-07 03:11:24,58.08,34.65
2024-01-07 03:13:50,57.63,33.33
2024-01-07 03:16:20,56.8,33.4
2024-01-07 03:18:46,60.8,33.88
2024-01-07 03:21:22,59.55,32.63
2024-01-07 03:23:49,56.78,32.25
2024-01-07 03:26:16,58.72,33.42
2024-01-07 03:28:42,60.78,33.65
2024-01-07 03:31:10,52.33,31.42
2024-01-07 03:33:37,49.35,30.88
2024-01-07 03:36:10,52.3,32.08
2024-01-07 03:38:37,45.08,30.9
2024-01-07 03:41:03,51.58,32.35
2024-01-07 03:43:29,49.28,30.02
2024-01-07 03:45:55,54.72,32.1
2024-01-07 03:48:21,48.8,30.9
2024-01-07 03:50:48,53.5,31.27
2024-01-07 03:53:14,50.38,31.33
2024-01-07 03:55:40,51.2,31.25
2024-01-07 03:58:06,54.38,32.05
2024-01-07 04:00:33,57.53,31.83
2024-01-07 04:02:59,57.67,33.6
2024-01-07 04:05:25,59.75,38.53
2024-01-07 04:07:51,59.42,36.55
2024-01-07 04:10:18,59.95,33.33
2024-01-07 04:12:44,56.5,33.58
2024-01-07 04:15:13,59.55,36.22
2024-01-07 04:17:39,57.17,34.7
2024-01-07 04:20:06,58.58,34.95
2024-01-07 04:22:32,57.9,33.78
2024-01-07 04:24:58,62.83,35.8
2024-01-07 04:27:24,64.93,36.95
2024-01-07 04:29:50,61.97,37.35
2024-01-07 04:32:17,62.38,38.03
2024-01-07 04:34:43,61.95,37.1
2024-01-07 04:37:09,65.95,35.42
2024-01-07 04:39:35,68.25,39.78
2024-01-07 04:42:01,70.18,38.88
2024-01-07 04:44:27,69.13,38.45
2024-01-07 04:46:53,68.1,38.17
2024-01-07 04:49:19,73.63,41.75
2024-01-07 04:51:45,74.65,43.2
2024-01-07 04:54:12,72.78,42.05
2024-01-07 04:56:38,78.35,43.15
2024-01-07 04:59:04,79.22,43.2
2024-01-07 05:01:32,75.63,42.25
2024-01-07 05:03:59,82.32,44.4
2024-01-07 05:06:25,91.53,48.6
2024-01-07 05:08:51,108.6,52.75
2024-01-07 05:11:17,110.18,54.5
2024-01-07 05:13:43,99.18,49.65
2024-01-07 05:16:17,97.63,51.15
2024-01-07 05:18:44,90.0,47.88
2024-01-07 05:21:14,89.8,47.13
2024-01-07 05:23:40,81.45,44.72
2024-01-07 05:26:06,87.53,46.85
2024-01-07 05:28:32,113.35,58.35
2024-01-07 05:30:58,107.45,55.55
2024-01-07 05:33:25,83.32,45.67
2024-01-07 05:35:51,76.38,44.1
2024-01-07 05:38:17,73.45,40.92
2024-01-07 05:40:43,75.63,41.5
2024-01-07 05:43:09,85.75,47.63
2024-01-07 05:45:35,79.2,46.47
2024-01-07 05:48:01,87.45,48.9
2024-01-07 05:50:27,85.97,48.22
2024-01-07 05:52:53,82.65,45.92
2024-01-07 05:55:19,83.3,48.35
2024-01-07 05:57:45,82.2,46.7
2024-01-07 06:00:12,75.57,43.13
2024-01-07 06:02:38,69.45,41.75
2024-01-07 06:05:05,74.43,42.5
2024-01-07 06:07:31,75.03,42.83
2024-01-07 06:09:58,70.7,42.6
2024-01-07 06:12:24,60.0,36.9
2024-01-07 06:14:50,60.9,36.2
2024-01-07 06:17:17,55.67,33.45
2024-01-07 06:19:43,59.6,33.13
2024-01-07 06:22:09,51.55,30.83
2024-01-07 06:24:35,48.2,28.2
2024-01-07 06:27:02,52.15,29.25
2024-01-07 06:29:29,54.9,32.17
2024-01-07 06:31:55,61.08,34.72
2024-01-07 06:34:21,64.1,34.6
2024-01-07 06:36:48,71.22,36.78
2024-01-07 06:39:14,67.2,38.2
2024-01-07 06:41:40,62.88,36.45
2024-01-07 06:44:06,71.47,40.95
2024-01-07 06:46:32,72.38,41.4
2024-01-07 06:48:59,79.7,44.38
2024-01-07 06:51:26,80.35,43.85
2024-01-07 06:53:52,84.1,48.4
2024-01-07 06:56:18,106.5,57.75
2024-01-07 06:58:44,79.47,45.1
2024-01-07 07:01:10,73.78,44.55
2024-01-07 07:03:36,85.3,49.0
2024-01-07 07:06:03,87.03,47.4
2024-01-07 07:08:29,86.22,51.72
2024-01-07 07:10:55,82.03,48.88
2024-01-07 07:13:21,86.95,49.35
2024-01-07 07:15:47,84.57,51.58
2024-01-07 07:18:13,90.38,51.25
2024-01-07 07:20:40,83.9,51.28
2024-01-07 07:23:06,91.72,53.17
2024-01-07 07:25:32,82.88,47.4
2024-01-07 07:27:58,84.6,51.33
2024-01-07 07:30:24,83.35,49.47
2024-01-07 07:32:50,82.35,48.08
2024-01-07 07:35:16,89.43,53.25
2024-01-07 07:37:43,74.78,44.6
2024-01-07 07:40:10,80.25,49.55
2024-01-07 07:42:38,78.68,49.17
2024-01-07 07:45:04,76.7,47.05
2024-01-07 07:47:30,75.65,48.13
2024-01-07 07:49:57,75.18,48.95
2024-01-07 07:52:23,88.1,52.65
2024-01-07 07:54:53,83.28,53.13
2024-01-07 07:57:20,86.35,52.15
2024-01-07 07:59:47,75.15,47.45
2024-01-07 08:02:14,73.7,42.78
2024-01-07 08:04:40,70.13,44.1
2024-01-07 08:07:09,71.07,41.95
2024-01-07 08:09:35,65.35,42.42
2024-01-07 08:12:05,68.75,43.92
2024-01-07 08:14:31,80.43,49.47
2024-01-07 08:16:58,89.7,52.67
2024-01-07 08:19:24,76.8,48.47
2024-01-07 08:21:50,70.07,43.7
2024-01-07 08:24:17,68.88,45.28
2024-01-07 08:26:44,72.3,44.83
2024-01-07 08:29:10,77.43,49.65
2024-01-07 08:31:36,92.55,57.72
2024-01-07 08:34:02,91.5,57.08
2024-01-07 08:36:28,84.65,49.33
2024-01-07 08:38:55,80.15,49.3
2024-01-07 08:41:21,71.7,46.08
2024-01-07 08:43:47,74.88,46.4
2024-01-07 08:46:15,63.42,39.95
2024-01-07 08:48:41,60.38,34.9
2024-01-07 08:51:07,60.03,36.8
2024-01-07 08:53:34,62.8,39.97
2024-01-07 08:56:00,59.38,39.1
2024-01-07 08:58:26,51.65,34.58
2024-01-07 09:00:52,47.58,32.08
2024-01-07 09:03:18,48.28,31.27
2024-01-07 09:05:44,55.5,36.58
2024-01-07 09:08:11,50.58,31.08
2024-01-07 09:10:39,40.45,25.73
2024-01-07 09:13:05,45.55,28.9
2024-01-07 09:15:31,42.97,26.98
2024-01-07 09:17:57,43.75,28.55
2024-01-07 09:20:24,44.38,28.67
2024-01-07 09:22:50,60.08,32.92
2024-01-07 09:25:16,40.6,24.4
2024-01-07 09:27:42,32.4,21.6
2024-01-07 09:30:09,32.63,20.77
2024-01-07 09:32:40,41.53,24.2
2024-01-07 09:35:07,26.3,16.88
2024-01-07 09:37:33,21.35,14.2
2024-01-07 09:40:00,25.27,16.05
2024-01-07 09:42:27,28.08,18.73
2024-01-07 09:44:53,24.55,17.85
2024-01-07 09:47:19,19.25,14.63
2024-01-07 09:49:48,14.2,10.45
2024-01-07 09:52:14,18.83,12.7
2024-01-07 09:54:42,20.25,12.57
2024-01-07 09:57:09,16.9,11.1
2024-01-07 09:59:35,15.98,10.32
2024-01-07 10:02:02,13.55,9.68
2024-01-07 10:04:29,15.9,10.27
2024-01-07 10:06:58,20.1,15.52
2024-01-07 10:09:27,11.7,8.55
2024-01-07 10:11:53,13.38,9.3
2024-01-07 10:14:19,15.85,9.1
2024-01-07 10:16:51,15.85,10.27
2024-01-07 10:19:21,14.27,10.15
2024-01-07 10:22:08,13.52,9.8
2024-01-07 10:24:37,15.73,11.5
2024-01-07 10:27:03,17.5,11.0
2024-01-07 10:29:30,15.25,10.52
2024-01-07 10:32:00,11.1,8.02
2024-01-07 10:34:33,13.18,8.95
2024-01-07 10:37:00,11.57,8.8
2024-01-07 10:39:27,14.85,9.4
2024-01-07 10:41:54,14.13,9.4
2024-01-07 10:46:48,13.7,9.63
2024-01-07 10:49:17,12.95,9.95
2024-01-07 10:51:46,13.68,9.93
2024-01-07 10:54:15,15.75,9.75
2024-01-07 10:56:45,13.9,10.05
2024-01-07 10:59:14,13.2,9.95
2024-01-07 11:01:41,21.2,14.32
2024-01-07 11:04:10,18.55,11.77
2024-01-07 11:06:46,16.15,12.2
2024-01-07 11:09:20,18.5,12.88
2024-01-07 11:11:49,19.52,15.3
2024-01-07 11:14:37,24.7,18.02
2024-01-07 11:17:07,25.02,16.98
2024-01-07 11:19:37,26.85,16.77
2024-01-07 11:22:26,25.7,17.63
2024-01-07 11:24:55,26.85,18.3
2024-01-07 11:27:25,26.73,18.52
2024-01-07 11:29:52,29.02,20.3
2024-01-07 11:32:21,27.13,19.5
2024-01-07 11:34:47,24.4,18.33
2024-01-07 11:37:17,25.08,17.9
2024-01-07 11:39:43,22.7,16.4
2024-01-07 11:42:09,20.3,15.1
2024-01-07 11:44:47,23.4,15.0
2024-01-07 11:47:14,23.3,15.2
2024-01-07 11:49:41,23.08,15.1
2024-01-07 11:52:07,20.1,13.88
2024-01-07 11:54:35,20.1,13.5
2024-01-07 11:57:01,17.08,12.52
2024-01-07 11:59:29,19.88,12.77
2024-01-07 12:01:55,20.45,12.55
2024-01-07 12:04:21,16.88,10.77
2024-01-07 12:06:48,13.0,8.25
2024-01-07 12:09:15,13.15,8.32
2024-01-07 12:11:41,13.48,9.77
2024-01-07 12:14:08,13.88,9.35
2024-01-07 12:16:35,14.3,8.35
2024-01-07 12:19:02,10.6,7.1
2024-01-07 12:21:28,8.52,5.8
2024-01-07 12:23:54,15.25,8.25
2024-01-07 12:26:25,15.57,9.27
2024-01-07 12:28:52,13.07,8.63
2024-01-07 12:31:20,14.05,8.77
2024-01-07 12:33:48,16.2,10.98
2024-01-07 12:36:14,15.1,10.88
2024-01-07 12:38:41,14.5,10.38
2024-01-07 12:41:07,14.3,10.77
2024-01-07 12:43:34,14.98,10.5
2024-01-07 12:46:00,14.35,9.23
2024-01-07 12:48:29,15.13,10.5
2024-01-07 12:50:56,16.27,11.38
2024-01-07 12:53:22,22.88,15.57
2024-01-07 12:55:48,19.9,13.43
2024-01-07 12:58:15,20.52,14.15
2024-01-07 13:00:42,24.13,13.75
2024-01-07 13:03:08,21.35,14.0
2024-01-07 13:05:39,23.27,15.43
2024-01-07 13:08:07,20.27,13.0
2024-01-07 13:10:33,20.83,13.9
2024-01-07 13:12:59,16.83,11.7
2024-01-07 13:15:25,15.35,10.77
2024-01-07 13:17:52,23.2,13.73
2024-01-07 13:20:18,21.8,14.63
2024-01-07 13:22:45,20.95,14.82
2024-01-07 13:25:11,21.98,14.52
2024-01-07 13:27:38,22.05,13.8
2024-01-07 13:30:04,22.73,14.52
2024-01-07 13:32:31,22.67,14.3
2024-01-07 13:35:01,25.8,16.67
2024-01-07 13:37:28,23.8,15.82
2024-01-07 13:39:55,23.17,13.98
2024-01-07 13:42:22,19.08,12.85
2024-01-07 13:44:48,21.35,13.55
2024-01-07 13:47:15,21.2,13.52
2024-01-07 13:49:42,18.3,11.8
2024-01-07 13:52:10,20.42,15.07
2024-01-07 13:54:36,24.2,16.13
2024-01-07 13:57:02,23.92,15.75
2024-01-07 13:59:29,21.45,14.95
2024-01-07 14:01:55,19.73,13.13
2024-01-07 14:04:24,17.85,13.52
2024-01-07 14:06:57,23.67,14.9
2024-01-07 14:09:23,19.65,14.82
2024-01-07 14:11:50,21.92,16.05
2024-01-07 14:14:16,18.85,13.0
2024-01-07 14:16:44,15.25,10.5
2024-01-07 14:19:10,17.45,12.05
2024-01-07 14:21:36,19.02,13.23
2024-01-07 14:24:03,19.83,13.68
2024-01-07 14:26:29,21.38,14.07
2024-01-07 14:28:55,24.02,15.93
2024-01-07 14:31:21,26.27,17.55
2024-01-07 14:33:47,28.65,19.67
2024-01-07 14:36:15,32.25,20.73
2024-01-07 14:38:44,29.42,19.48
2024-01-07 14:41:11,31.42,20.38
2024-01-07 14:43:37,29.75,20.27
2024-01-07 14:46:05,33.6,21.83
2024-01-07 14:48:32,31.35,21.42
2024-01-07 14:50:59,27.3,20.6
2024-01-07 14:53:25,29.27,20.33
2024-01-07 14:55:53,33.3,22.73
2024-01-07 14:58:20,29.0,21.77
2024-01-07 15:00:47,32.22,23.17
2024-01-07 15:03:14,47.28,30.0
2024-01-07 15:05:40,52.35,32.67
2024-01-07 15:08:06,63.9,43.0
2024-01-07 15:10:32,72.55,45.63
2024-01-07 15:12:58,51.97,37.55
2024-01-07 15:15:25,46.72,32.95
2024-01-07 15:20:20,70.97,41.28
2024-01-07 15:22:46,85.53,46.92
2024-01-07 15:25:14,69.22,39.58
2024-01-07 15:27:40,68.85,41.4
2024-01-07 15:30:06,61.22,39.55
2024-01-07 15:32:33,80.6,49.7
2024-01-07 15:34:59,74.18,47.88
2024-01-07 15:37:25,67.68,46.42
2024-01-07 15:39:51,72.82,48.08
2024-01-07 15:42:19,81.95,50.15
2024-01-07 15:44:45,89.6,55.42
2024-01-07 15:47:11,86.15,54.22
2024-01-07 15:49:37,96.6,60.58
2024-01-07 15:52:03,87.9,57.97
2024-01-07 15:54:30,95.25,60.47
2024-01-07 15:56:57,96.9,58.47
2024-01-07 15:59:24,92.2,58.85
2024-01-07 16:01:50,96.7,59.63
2024-01-07 16:04:16,102.0,66.13
2024-01-07 16:06:44,103.07,65.38
2024-01-07 16:09:14,101.43,62.8
2024-01-07 16:11:40,102.18,65.75
2024-01-07 16:14:07,98.3,64.7
2024-01-07 16:16:33,102.78,61.88
2024-01-07 16:19:03,96.2,61.92
2024-01-07 16:21:29,90.35,61.67
2024-01-07 16:23:55,90.3,59.05
2024-01-07 16:26:21,98.25,62.63
2024-01-07 16:28:48,101.85,63.1
2024-01-07 16:31:15,113.38,69.7
2024-01-07 16:33:41,115.5,70.65
2024-01-07 16:36:07,127.47,74.45
2024-01-07 16:38:33,119.0,70.45
2024-01-07 16:41:06,110.0,66.7
2024-01-07 16:43:33,107.63,66.05
2024-01-07 16:46:00,99.15,59.0
2024-01-07 16:48:26,96.22,56.83
2024-01-07 16:50:53,87.43,55.38
2024-01-07 16:53:19,94.25,58.72
2024-01-07 16:55:46,96.25,56.95
2024-01-07 16:58:13,94.95,59.03
2024-01-07 17:00:39,104.03,63.2
2024-01-07 17:03:05,116.18,67.82
2024-01-07 17:05:32,117.53,67.78
2024-01-07 17:07:58,95.68,56.53
2024-01-07 17:10:24,98.88,56.83
2024-01-07 17:12:50,98.9,57.05
2024-01-07 17:15:17,100.25,56.75
2024-01-07 17:17:44,102.45,59.5
2024-01-07 17:20:13,99.0,58.7
2024-01-07 17:22:39,105.63,61.95
2024-01-07 17:25:06,97.47,60.88
2024-01-07 17:27:32,104.15,60.67
2024-01-07 17:29:58,102.63,59.83
2024-01-07 17:32:24,97.22,59.55
2024-01-07 17:34:51,101.18,62.13
2024-01-07 17:37:19,100.32,60.3
2024-01-07 17:39:46,98.32,56.28
2024-01-07 17:42:12,99.55,57.83
2024-01-07 17:44:40,92.3,59.85
2024-01-07 17:47:06,88.72,58.1
2024-01-07 17:49:32,105.2,64.7
2024-01-07 17:51:58,112.25,72.72
2024-01-07 17:54:27,118.85,76.35
2024-01-07 17:56:53,128.43,78.7
2024-01-07 17:59:19,136.3,86.65
2024-01-07 18:01:46,125.57,75.97
2024-01-07 18:04:13,126.7,79.22
2024-01-07 18:06:39,119.35,77.72
2024-01-07 18:09:05,121.85,81.57
2024-01-07 18:11:31,107.47,68.55
2024-01-07 18:13:58,104.63,66.03
2024-01-07 18:16:25,98.2,62.4
2024-01-07 18:18:51,96.15,65.18
2024-01-07 18:21:18,97.63,62.97
2024-01-07 18:23:44,103.3,66.28
2024-01-07 18:26:10,104.25,64.9
2024-01-07 18:28:36,97.13,58.85
2024-01-07 18:31:03,105.65,63.9
2024-01-07 18:33:29,91.25,56.13
2024-01-07 18:35:56,99.9,60.15
2024-01-07 18:38:22,92.2,58.53
2024-01-07 18:40:48,89.43,59.63
2024-01-07 18:43:16,84.7,55.38
2024-01-07 18:45:45,85.8,50.8
2024-01-07 18:48:11,93.2,55.63
2024-01-07 18:50:39,86.15,52.63
2024-01-07 18:53:05,81.13,51.45
2024-01-07 18:55:31,84.35,52.08
2024-01-07 18:58:00,79.07,47.8
2024-01-07 19:00:26,67.22,44.75
2024-01-07 19:02:52,60.13,41.6
2024-01-07 19:05:18,55.08,38.03
2024-01-07 19:07:44,54.33,37.4
2024-01-07 19:10:12,57.9,39.0
2024-01-07 19:12:38,54.9,34.9
2024-01-07 19:15:05,55.08,35.9
2024-01-07 19:17:31,54.42,35.92
2024-01-07 19:19:57,55.75,36.88
2024-01-07 19:22:23,54.85,32.5
2024-01-07 19:24:51,51.75,33.03
2024-01-07 19:27:17,47.42,33.1
2024-01-07 19:29:43,49.33,33.6
2024-01-07 19:32:09,49.38,31.83
2024-01-07 19:34:35,43.25,27.88
2024-01-07 19:37:01,43.72,29.7
2024-01-07 19:39:27,42.0,26.83
2024-01-07 19:41:54,45.5,28.77
2024-01-07 19:44:20,47.83,31.83
2024-01-07 19:46:47,50.08,33.9
2024-01-07 19:49:13,58.1,36.17
2024-01-07 19:51:39,55.72,35.6
2024-01-07 19:54:05,59.65,37.38
2024-01-07 19:56:31,59.63,38.85
2024-01-07 19:58:58,57.65,37.08
2024-01-07 20:01:24,68.47,43.25
2024-01-07 20:03:50,71.35,43.92
2024-01-07 20:06:16,59.1,39.03
2024-01-07 20:08:46,66.03,40.42
2024-01-07 20:11:17,75.47,45.92
2024-01-07 20:13:44,67.28,39.13
2024-01-07 20:16:10,53.3,33.4
2024-01-07 20:18:37,58.5,35.42
2024-01-07 20:21:06,50.47,32.03
2024-01-07 20:23:33,52.25,33.17
2024-01-07 20:25:59,50.63,32.72
2024-01-07 20:28:25,61.63,37.33
2024-01-07 20:30:51,63.05,36.63
2024-01-07 20:33:17,51.65,34.05
2024-01-07 20:35:44,50.35,33.65
2024-01-07 20:38:10,66.45,38.9
2024-01-07 20:40:36,47.55,32.0
2024-01-07 20:43:03,50.85,32.6
2024-01-07 20:45:34,54.65,35.45
2024-01-07 20:48:01,63.85,39.55
2024-01-07 20:50:27,62.65,35.38
2024-01-07 20:52:53,65.1,37.35
2024-01-07 20:55:19,77.05,42.05
2024-01-07 20:57:45,63.4,37.75
2024-01-07 21:00:13,53.08,32.83
2024-01-07 21:02:40,46.17,29.23
2024-01-07 21:05:06,42.6,28.25
2024-01-07 21:07:33,40.7,25.73
2024-01-07 21:09:59,36.63,26.02
2024-01-07 21:12:25,51.0,29.77
2024-01-07 21:14:51,58.0,31.2
2024-01-07 21:17:17,57.67,33.58
2024-01-07 21:19:43,49.83,29.85
2024-01-07 21:22:13,55.5,32.65
2024-01-07 21:24:39,90.28,48.03
2024-01-07 21:27:05,79.22,42.85
2024-01-07 21:29:31,54.4,33.2
2024-01-07 21:31:59,56.5,32.9
2024-01-07 21:34:25,52.53,32.65
2024-01-07 21:36:51,56.3,35.55
2024-01-07 21:39:17,73.65,43.58
2024-01-07 21:41:43,75.05,42.8
2024-01-07 21:44:12,76.25,42.17
2024-01-07 21:46:44,69.72,41.9
2024-01-07 21:49:11,66.88,41.63
2024-01-07 21:51:39,73.45,41.2
2024-01-07 21:54:05,69.22,41.53
2024-01-07 21:56:31,63.65,40.38
2024-01-07 21:58:57,60.35,37.15
2024-01-07 22:01:24,55.7,33.9
2024-01-07 22:03:50,47.28,30.38
2024-01-07 22:06:16,38.33,24.65
2024-01-07 22:08:42,44.2,28.13
2024-01-07 22:11:13,45.08,26.7
2024-01-07 22:13:43,34.38,23.25
2024-01-07 22:16:09,47.55,29.35
2024-01-07 22:18:36,55.1,31.95
2024-01-07 22:21:03,47.25,28.9
2024-01-07 22:23:29,42.45,26.75
2024-01-07 22:25:55,44.42,26.88
2024-01-07 22:28:21,43.33,27.13
2024-01-07 22:30:47,43.9,28.42
2024-01-07 22:33:13,45.72,28.33
2024-01-07 22:35:40,50.78,32.4
2024-01-07 22:38:06,52.13,31.95
2024-01-07 22:40:32,49.75,29.3
2024-01-07 22:42:59,48.15,32.08
2024-01-07 22:45:25,51.2,31.7
2024-01-07 22:47:54,44.03,29.02
2024-01-07 22:50:20,45.0,29.05
2024-01-07 22:52:46,45.6,27.1
2024-01-07 22:55:13,46.0,29.05
2024-01-07 22:57:39,45.45,28.83
2024-01-07 23:00:06,45.5,30.5
2024-01-07 23:02:39,46.25,31.88
2024-01-07 23:05:06,44.75,29.17
2024-01-07 23:07:32,44.42,28.6
2024-01-07 23:09:58,44.05,28.83
2024-01-07 23:12:24,45.28,30.3
2024-01-07 23:14:50,44.55,28.42
2024-01-07 23:17:16,44.17,30.05
2024-01-07 23:19:42,40.9,28.83
2024-01-07 23:22:08,49.13,31.48
2024-01-07 23:24:37,44.67,29.67
2024-01-07 23:27:04,54.97,34.83
2024-01-07 23:29:30,66.78,36.53
2024-01-07 23:31:56,66.55,38.85
2024-01-07 23:34:22,55.35,34.72
2024-01-07 23:36:48,55.88,36.33
2024-01-07 23:39:14,58.2,36.5
2024-01-07 23:41:40,56.67,36.55
2024-01-07 23:44:07,58.45,35.97
2024-01-07 23:46:33,52.88,33.8
2024-01-07 23:48:59,49.65,32.2
2024-01-07 23:51:25,47.78,32.33
2024-01-07 23:53:51,47.22,30.98
2024-01-07 23:56:18,41.35,29.17
2024-01-07 23:58:44,41.22,28.95
2024-01-08 00:01:10,51.22,32.67
2024-01-08 00:03:38,49.97,31.6
2024-01-08 00:06:04,46.3,26.9
2024-01-08 00:08:30,45.8,28.73
2024-01-08 00:10:56,47.97,31.8
2024-01-08 00:13:22,64.15,35.83
2024-01-08 00:15:48,61.13,35.4
2024-01-08 00:18:14,59.75,35.83
2024-01-08 00:20:41,53.4,33.6
2024-01-08 00:23:08,48.15,32.47
2024-01-08 00:25:34,58.5,36.13
2024-01-08 00:28:01,56.88,36.92
2024-01-08 00:30:29,55.22,35.55
2024-01-08 00:32:55,57.22,35.85
2024-01-08 00:35:21,45.78,30.85
2024-01-08 00:37:47,47.05,29.85
2024-01-08 00:40:13,34.63,22.05
2024-01-08 00:42:40,40.42,25.7
2024-01-08 00:45:06,36.22,23.98
2024-01-08 00:47:32,38.4,25.9
2024-01-08 00:49:59,41.63,25.67
2024-01-08 00:52:25,40.45,26.02
2024-01-08 00:54:51,44.2,26.67
2024-01-08 00:57:20,41.72,28.17
2024-01-08 00:59:46,46.42,26.88
2024-01-08 01:02:12,51.33,31.05
2024-01-08 01:04:38,48.4,30.52
2024-01-08 01:07:04,46.9,30.25
2024-01-08 01:09:31,46.72,29.35
2024-01-08 01:11:59,47.25,28.0
2024-01-08 01:14:27,40.97,27.92
2024-01-08 01:16:53,43.22,27.73
2024-01-08 01:19:21,42.9,28.6
2024-01-08 01:21:47,41.72,25.92
2024-01-08 01:24:14,38.42,25.15
2024-01-08 01:26:40,41.22,26.3
2024-01-08 01:29:06,38.65,25.15
2024-01-08 01:31:32,42.1,26.98
2024-01-08 01:33:59,57.53,33.75
2024-01-08 01:36:25,52.15,33.3
2024-01-08 01:38:51,54.13,34.35
2024-01-08 01:41:18,61.15,38.22
2024-01-08 01:43:44,64.35,38.72
2024-01-08 01:49:02,78.57,45.05
2024-01-08 01:51:28,77.05,49.03
2024-01-08 01:53:55,80.3,47.3
2024-01-08 01:56:22,75.1,44.33
2024-01-08 01:58:48,74.35,45.33
2024-01-08 02:01:15,71.32,43.72
2024-01-08 02:03:44,78.25,46.45
2024-01-08 02:06:11,77.1,46.35
2024-01-08 02:08:37,76.7,45.8
2024-01-08 02:11:03,78.9,44.95
2024-01-08 02:13:29,76.28,47.3
2024-01-08 02:15:56,75.97,45.9
2024-01-08 02:18:22,74.38,43.5
2024-01-08 02:20:48,73.5,44.17
2024-01-08 02:23:14,75.75,46.85
2024-01-08 02:25:40,77.65,46.72
2024-01-08 02:28:06,78.38,46.6
2024-01-08 02:30:33,79.63,47.88
2024-01-08 02:32:59,81.35,49.2
2024-01-08 02:35:25,87.7,48.2
2024-01-08 02:37:54,87.4,49.7
2024-01-08 02:40:24,83.28,48.67
2024-01-08 02:42:50,83.25,47.97
2024-01-08 02:45:16,80.68,47.28
2024-01-08 02:47:42,77.3,46.17
2024-01-08 02:50:09,82.68,48.05
2024-01-08 02:52:35,89.1,49.35
2024-01-08 02:55:01,81.18,47.92
2024-01-08 02:57:28,81.72,47.22
2024-01-08 02:59:57,80.32,49.47
2024-01-08 03:02:24,105.28,56.2
2024-01-08 03:04:51,102.85,55.35
2024-01-08 03:07:20,111.18,56.33
2024-01-08 03:09:46,74.4,45.25
2024-01-08 03:12:16,84.85,48.92
2024-01-08 03:14:42,84.72,48.03
2024-01-08 03:17:09,89.13,51.15
2024-01-08 03:19:40,88.97,50.97
2024-01-08 03:22:06,94.57,51.42
2024-01-08 03:24:32,94.25,51.47
2024-01-08 03:26:58,87.9,49.47
2024-01-08 03:29:24,102.5,56.42
2024-01-08 03:31:53,107.63,59.15
2024-01-08 03:34:19,84.4,48.25
2024-01-08 03:36:54,92.18,52.25
2024-01-08 03:39:22,71.0,43.8
2024-01-08 03:41:51,72.9,44.2
2024-01-08 03:44:23,77.45,43.78
2024-01-08 03:46:49,75.38,45.25
2024-01-08 03:49:16,62.4,39.22
2024-01-08 03:51:43,60.5,37.97
2024-01-08 03:54:15,60.88,37.97
2024-01-08 03:56:41,57.2,35.3
2024-01-08 03:59:07,56.35,34.88
2024-01-08 04:01:38,51.8,32.55
2024-01-08 04:04:10,52.25,30.83
2024-01-08 04:06:37,53.05,32.05
2024-01-08 04:09:03,54.63,32.83
2024-01-08 04:11:29,51.63,31.58
2024-01-08 04:13:57,53.28,32.95
2024-01-08 04:16:26,53.67,33.85
2024-01-08 04:18:52,51.97,32.47
2024-01-08 04:21:21,55.78,33.63
2024-01-08 04:23:47,54.28,33.72
2024-01-08 04:26:16,54.42,32.78
2024-01-08 04:28:45,53.17,34.17
2024-01-08 04:31:21,53.08,32.85
2024-01-08 04:33:48,57.53,33.7
2024-01-08 04:36:16,56.38,34.25
2024-01-08 04:38:43,51.9,33.45
2024-01-08 04:41:18,51.35,31.35
2024-01-08 04:43:45,54.5,31.98
2024-01-08 04:46:11,50.72,29.67
2024-01-08 04:48:37,53.85,32.9
2024-01-08 04:51:03,51.28,31.48
2024-01-08 04:53:32,42.08,26.67
2024-01-08 04:55:59,40.08,24.65
2024-01-08 04:58:25,36.67,23.33
2024-01-08 05:00:51,39.42,27.1
2024-01-08 05:03:18,48.0,28.77
2024-01-08 05:05:44,46.9,29.02
2024-01-08 05:08:10,38.08,24.95
2024-01-08 05:10:36,35.83,23.52
2024-01-08 05:13:02,35.8,22.42
2024-01-08 05:15:28,33.17,19.58
2024-01-08 05:17:55,34.1,21.88
2024-01-08 05:20:21,31.25,20.58
2024-01-08 05:22:48,34.63,21.13
2024-01-08 05:25:14,38.3,23.13
2024-01-08 05:27:40,35.55,23.1
2024-01-08 05:30:06,33.28,21.3
2024-01-08 05:32:33,37.28,23.17
2024-01-08 05:34:59,34.03,23.08
2024-01-08 05:37:25,36.33,21.88
2024-01-08 05:39:52,34.05,22.38
2024-01-08 05:42:18,34.55,23.42
2024-01-08 05:44:44,32.9,22.38
2024-01-08 05:47:11,37.7,24.25
2024-01-08 05:49:37,40.55,25.25
2024-01-08 05:52:04,41.05,26.38
2024-01-08 05:54:30,39.35,24.95
2024-01-08 05:57:01,39.65,24.95
2024-01-08 05:59:28,41.8,25.38
2024-01-08 06:01:54,33.92,21.48
2024-01-08 06:04:20,37.22,22.95
2024-01-08 06:06:47,36.22,20.75
2024-01-08 06:09:17,39.38,22.1
2024-01-08 06:11:43,39.83,23.1
2024-01-08 06:14:09,37.92,22.13
2024-01-08 06:16:35,39.4,24.23
2024-01-08 06:19:02,42.9,23.5
2024-01-08 06:21:30,39.97,23.1
2024-01-08 06:23:58,41.53,23.42
2024-01-08 06:26:25,36.28,22.0
2024-01-08 06:28:53,38.4,22.85
2024-01-08 06:31:19,34.28,22.05
2024-01-08 06:33:48,40.97,23.1
2024-01-08 06:36:35,34.55,21.88
2024-01-08 06:39:06,37.53,22.25
2024-01-08 06:41:38,36.17,23.05
2024-01-08 06:44:05,43.25,25.85
2024-01-08 06:46:34,45.65,28.67
2024-01-08 06:49:00,37.9,24.42
2024-01-08 06:51:26,36.88,23.1
2024-01-08 06:54:18,37.97,23.8
2024-01-08 06:56:45,33.45,23.8
2024-01-08 06:59:13,35.33,24.15
2024-01-08 07:01:40,39.4,22.73
2024-01-08 07:04:09,34.47,24.25
2024-01-08 07:06:36,40.88,25.45
2024-01-08 07:09:05,46.13,30.17
2024-01-08 07:11:31,45.15,28.02
2024-01-08 07:14:00,38.58,26.08
2024-01-08 07:16:26,38.53,24.48
2024-01-08 07:18:52,36.08,25.0
2024-01-08 07:21:22,32.05,20.08
2024-01-08 07:23:48,29.05,17.98
2024-01-08 07:26:38,19.5,13.5
2024-01-08 07:29:04,19.27,12.52
2024-01-08 07:31:35,21.77,13.75
2024-01-08 07:34:06,27.88,17.45
2024-01-08 07:36:33,18.63,12.43
2024-01-08 07:38:59,21.48,13.25
2024-01-08 07:41:25,18.38,11.8
2024-01-08 07:44:01,11.27,7.85
2024-01-08 07:46:28,7.88,5.45
2024-01-08 07:48:54,14.2,9.55
2024-01-08 07:51:21,10.6,7.7
2024-01-08 07:53:48,15.23,9.07
2024-01-08 07:56:26,11.68,7.22
2024-01-08 07:58:53,13.88,8.73
2024-01-08 08:01:22,15.55,9.45
2024-01-08 08:03:48,17.95,12.07
2024-01-08 08:06:19,24.52,15.38
2024-01-08 08:08:45,17.73,12.1
2024-01-08 08:11:11,10.13,6.35
2024-01-08 08:13:37,6.05,4.05
2024-01-08 08:16:07,6.3,3.8
2024-01-08 08:18:35,5.72,3.58
2024-01-08 08:21:04,11.82,7.9
2024-01-08 08:23:33,13.52,10.45
2024-01-08 08:25:59,16.45,11.75
2024-01-08 08:28:25,17.92,11.25
2024-01-08 08:30:52,17.27,10.25
2024-01-08 08:33:18,13.63,8.65
2024-01-08 08:35:44,13.05,8.4
2024-01-08 08:38:10,12.1,8.27
2024-01-08 08:40:39,12.95,7.1
2024-01-08 08:43:19,17.27,9.07
2024-01-08 08:45:47,13.52,8.02
2024-01-08 08:48:14,9.18,5.95
2024-01-08 08:50:43,10.27,6.9
2024-01-08 08:53:13,9.73,5.93
2024-01-08 08:55:39,6.35,4.53
2024-01-08 08:58:05,7.5,4.15
2024-01-08 09:00:36,5.3,3.75
2024-01-08 09:03:05,7.18,4.5
2024-01-08 09:05:45,6.6,3.35
2024-01-08 09:08:11,10.2,4.9
2024-01-08 09:10:37,11.18,5.63
2024-01-08 09:13:03,4.43,2.65
2024-01-08 09:15:42,2.97,2.3
2024-01-08 09:18:08,5.57,3.67
2024-01-08 09:20:37,3.55,2.8
2024-01-08 09:23:08,6.57,4.22
2024-01-08 09:25:34,10.9,5.3
2024-01-08 09:28:00,10.2,5.4
2024-01-08 09:30:27,9.52,5.28
2024-01-08 09:33:00,6.0,4.05
2024-01-08 09:35:26,9.6,5.55
2024-01-08 09:37:55,7.68,4.15
2024-01-08 09:40:21,9.88,5.25
2024-01-08 09:42:47,4.95,3.8
2024-01-08 09:45:14,5.5,3.33
2024-01-08 09:47:42,8.02,4.82
2024-01-08 09:50:09,6.15,3.95
2024-01-08 09:52:36,5.05,3.05
2024-01-08 09:55:07,5.93,3.42
2024-01-08 09:57:34,5.32,3.92
2024-01-08 10:00:03,2.9,2.17
2024-01-08 10:02:30,5.03,2.72
2024-01-08 10:04:57,6.6,4.18
2024-01-08 10:07:23,4.43,2.63
2024-01-08 10:09:52,4.47,3.03
2024-01-08 10:12:18,3.28,2.45
2024-01-08 10:14:47,4.75,2.88
2024-01-08 10:17:18,4.03,2.78
2024-01-08 10:19:46,4.82,3.13
2024-01-08 10:22:13,5.88,3.35
2024-01-08 10:24:42,5.5,3.63
2024-01-08 10:27:11,5.68,3.9
2024-01-08 10:29:38,3.78,2.9
2024-01-08 10:32:04,5.68,2.85
2024-01-08 10:34:34,8.2,4.5
2024-01-08 10:37:08,7.05,4.55
2024-01-08 10:39:52,5.4,3.67
2024-01-08 10:42:19,9.32,5.1
2024-01-08 10:44:45,9.73,6.43
2024-01-08 10:47:16,3.28,2.75
2024-01-08 10:49:51,7.38,4.38
2024-01-08 10:52:25,5.97,4.32
2024-01-08 10:54:55,4.3,3.55
2024-01-08 10:57:24,7.4,4.93
2024-01-08 10:59:55,5.47,3.75
2024-01-08 11:05:01,8.23,5.0
2024-01-08 11:07:29,5.4,4.2
2024-01-08 11:10:04,6.0,4.35
2024-01-08 11:12:31,9.32,5.72
2024-01-08 11:15:04,11.2,7.15
2024-01-08 11:17:30,9.1,6.22
2024-01-08 11:23:09,11.57,6.47
2024-01-08 11:25:51,13.9,8.38
2024-01-08 11:28:17,15.0,8.55
2024-01-08 11:30:43,16.9,9.9
2024-01-08 11:36:14,12.7,7.65
2024-01-08 11:41:27,7.28,5.1
2024-01-08 11:43:53,6.57,5.43
2024-01-08 11:46:21,9.2,6.32
2024-01-08 11:48:47,11.57,6.8
2024-01-08 11:51:13,15.73,8.25
2024-01-08 11:53:43,9.93,6.45
2024-01-08 11:56:11,10.32,6.7
2024-01-08 11:58:40,8.35,6.07
2024-01-08 12:01:18,5.2,4.43
2024-01-08 12:03:47,7.72,4.95
2024-01-08 12:06:13,6.82,4.78
2024-01-08 12:08:41,6.5,4.25
2024-01-08 12:11:09,7.1,4.72
2024-01-08 12:13:35,8.65,5.93
2024-01-08 12:16:01,7.88,5.75
2024-01-08 12:18:30,11.6,7.7
2024-01-08 12:20:56,10.13,6.9
2024-01-08 12:23:22,15.8,8.5
2024-01-08 12:25:48,11.55,7.78
2024-01-08 12:28:15,13.27,8.68
2024-01-08 12:30:41,12.23,7.85
2024-01-08 12:33:07,7.1,5.15
2024-01-08 12:35:36,10.25,7.03
2024-01-08 12:38:03,8.85,6.13
2024-01-08 12:40:29,13.93,8.07
2024-01-08 12:42:55,8.18,6.45
2024-01-08 12:45:23,11.07,7.65
2024-01-08 12:47:49,13.18,7.53
2024-01-08 12:50:15,9.32,6.75
2024-01-08 12:52:41,8.85,5.95
2024-01-08 12:55:07,7.57,5.68
2024-01-08 12:57:34,11.15,6.82
2024-01-08 13:00:00,6.55,4.32
2024-01-08 13:02:29,8.48,5.0
2024-01-08 13:04:57,10.45,5.95
2024-01-08 13:07:23,9.15,5.63
2024-01-08 13:09:49,12.07,6.07
2024-01-08 13:12:16,8.1,5.4
2024-01-08 13:14:43,6.3,4.55
2024-01-08 13:17:09,9.55,5.15
2024-01-08 13:19:35,7.38,4.95
2024-01-08 13:22:01,7.15,4.72
2024-01-08 13:24:27,11.9,8.13
2024-01-08 13:26:53,10.38,7.6
2024-01-08 13:29:19,10.88,8.07
2024-01-08 13:31:46,11.95,9.15
2024-01-08 13:34:12,15.45,8.7
2024-01-08 13:36:38,13.52,9.48
2024-01-08 13:39:07,18.6,11.27
2024-01-08 13:41:36,17.4,11.7
2024-01-08 13:44:06,18.25,11.68
2024-01-08 13:46:33,14.32,9.93
2024-01-08 13:49:00,14.8,10.55
2024-01-08 13:51:26,11.3,8.05
2024-01-08 13:53:52,15.48,10.93
2024-01-08 13:56:19,17.45,11.1
2024-01-08 13:58:45,13.3,9.75
2024-01-08 14:01:11,15.6,10.02
2024-01-08 14:03:38,16.38,10.3
2024-01-08 14:06:04,24.1,13.63
2024-01-08 14:08:30,13.38,9.02
2024-01-08 14:10:56,13.75,8.85
2024-01-08 14:13:24,17.73,11.77
2024-01-08 14:15:51,19.27,12.8
2024-01-08 14:18:17,22.92,13.6
2024-01-08 14:20:44,10.88,8.07
2024-01-08 14:23:10,10.1,6.55
2024-01-08 14:25:36,5.93,4.2
2024-01-08 14:28:02,6.2,4.63
2024-01-08 14:30:28,6.68,4.93
2024-01-08 14:32:56,6.95,5.25
2024-01-08 14:35:24,7.03,4.57
2024-01-08 14:37:50,20.48,11.07
2024-01-08 14:40:16,14.3,8.77
2024-01-08 14:42:52,13.2,8.8
2024-01-08 14:45:18,11.15,8.5
2024-01-08 14:47:44,10.77,7.78
2024-01-08 14:50:11,12.68,9.57
2024-01-08 14:52:37,16.48,10.88
2024-01-08 14:55:04,12.63,9.2
2024-01-08 14:57:30,12.73,8.93
2024-01-08 14:59:56,15.43,11.35
2024-01-08 15:02:23,16.7,11.95
2024-01-08 15:04:49,15.32,10.82
2024-01-08 15:07:15,13.65,9.6
2024-01-08 15:09:41,16.25,10.63
2024-01-08 15:12:07,18.73,11.88
2024-01-08 15:14:33,19.55,14.02
2024-01-08 15:16:59,31.23,17.3
2024-01-08 15:19:26,24.4,17.33
2024-01-08 15:21:52,14.73,10.07
2024-01-08 15:24:19,16.8,10.6
2024-01-08 15:26:46,19.02,13.48
2024-01-08 15:29:13,19.05,12.63
2024-01-08 15:31:39,14.6,10.5
2024-01-08 15:34:05,12.9,10.07
2024-01-08 15:36:31,18.75,12.75
2024-01-08 15:38:57,21.27,13.68
2024-01-08 15:41:24,20.83,13.45
2024-01-08 15:43:50,23.65,15.25
2024-01-08 15:46:16,21.48,14.27
2024-01-08 15:48:42,31.15,20.9
2024-01-08 15:51:10,24.85,17.1
2024-01-08 15:53:38,24.2,15.82
2024-01-08 15:56:04,20.45,13.15
2024-01-08 15:58:31,17.63,13.32
2024-01-08 16:00:57,20.17,13.57
2024-01-08 16:03:23,16.33,12.48
2024-01-08 16:05:49,8.4,5.6
2024-01-08 16:08:15,7.53,5.5
2024-01-08 16:10:41,10.02,6.35
2024-01-08 16:13:07,11.25,7.55
2024-01-08 16:15:35,10.35,6.97
2024-01-08 16:18:01,22.92,14.4
2024-01-08 16:20:28,17.75,9.85
2024-01-08 16:22:54,15.43,9.52
2024-01-08 16:25:20,14.4,9.73
2024-01-08 16:27:46,16.73,11.95
2024-01-08 16:30:13,11.75,7.57
2024-01-08 16:32:42,17.5,11.7
2024-01-08 16:35:08,9.23,6.9
2024-01-08 16:37:34,8.48,6.38
2024-01-08 16:40:00,20.6,12.38
2024-01-08 16:42:27,9.82,6.65
2024-01-08 16:44:53,21.83,13.1
2024-01-08 16:47:20,33.35,19.65
2024-01-08 16:49:48,44.55,24.0
2024-01-08 16:52:15,52.67,28.77
2024-01-08 16:54:41,40.2,20.3
2024-01-08 16:57:07,26.0,13.88
2024-01-08 16:59:33,43.72,22.7
2024-01-08 17:02:00,23.23,11.65
2024-01-08 17:04:27,28.08,14.52
2024-01-08 17:06:53,35.17,15.45
2024-01-08 17:09:19,32.5,16.83
2024-01-08 17:11:45,31.02,16.38
2024-01-08 17:14:12,28.08,17.88
2024-01-08 17:16:41,17.0,9.43
2024-01-08 17:19:08,12.73,8.68
2024-01-08 17:21:34,18.92,11.38
2024-01-08 17:24:01,17.63,12.15
2024-01-08 17:26:27,15.73,10.18
2024-01-08 17:28:53,14.1,9.25
2024-01-08 17:31:20,17.42,10.85
2024-01-08 17:33:46,12.55,8.4
2024-01-08 17:36:14,16.02,10.27
2024-01-08 17:38:40,12.18,7.57
2024-01-08 17:41:09,14.43,9.73
2024-01-08 17:43:35,12.57,8.57
2024-01-08 17:46:01,11.32,7.5
2024-01-08 17:48:29,17.75,10.6
2024-01-08 17:50:55,15.52,9.23
2024-01-08 17:53:24,15.38,8.55
2024-01-08 17:55:50,15.05,8.43
2024-01-08 17:58:24,16.13,9.23
2024-01-08 18:00:53,12.25,7.53
2024-01-08 18:03:20,9.35,7.95
2024-01-08 18:05:46,23.42,12.65
2024-01-08 18:08:12,22.5,14.85
2024-01-08 18:10:39,15.98,10.02
2024-01-08 18:13:05,18.85,12.13
2024-01-08 18:15:31,17.58,9.3
2024-01-08 18:17:57,11.9,7.88
2024-01-08 18:20:23,12.55,8.13
2024-01-08 18:22:50,13.52,9.9
2024-01-08 18:25:16,11.77,7.97
2024-01-08 18:27:45,13.25,8.98
2024-01-08 18:30:12,7.9,6.03
2024-01-08 18:32:39,8.65,5.3
2024-01-08 18:35:07,10.7,6.55
2024-01-08 18:37:33,14.9,9.4
2024-01-08 18:39:59,15.95,10.5
2024-01-08 18:42:25,11.5,7.1
2024-01-08 18:44:52,15.5,9.35
2024-01-08 18:47:18,8.82,5.95
2024-01-08 18:49:44,10.5,7.07
2024-01-08 18:52:10,12.95,7.4
2024-01-08 18:54:36,10.4,6.7
2024-01-08 18:57:02,16.55,10.55
2024-01-08 18:59:29,15.7,10.77
2024-01-08 19:01:56,16.08,10.13
2024-01-08 19:04:22,21.13,12.57
2024-01-08 19:06:50,24.38,13.38
2024-01-08 19:09:23,12.95,8.32
2024-01-08 19:11:49,9.75,6.55
2024-01-08 19:14:23,12.13,7.4
2024-01-08 19:16:50,12.4,7.32
2024-01-08 19:19:19,11.45,7.28
2024-01-08 19:21:47,12.95,7.85
2024-01-08 19:24:13,11.23,7.55
2024-01-08 19:26:42,14.4,7.68
2024-01-08 19:29:08,10.52,7.35
2024-01-08 19:31:34,8.5,6.38
2024-01-08 19:34:07,7.68,5.97
2024-01-08 19:36:33,6.82,5.38
2024-01-08 19:39:03,10.93,6.8
2024-01-08 19:41:29,9.55,6.38
2024-01-08 19:43:55,12.48,8.98
2024-01-08 19:46:29,12.07,8.8
2024-01-08 19:48:57,6.72,5.18
2024-01-08 19:51:26,7.13,6.15
2024-01-08 19:56:25,10.57,6.6
2024-01-08 19:58:51,10.43,6.7
2024-01-08 20:01:23,9.07,5.82
2024-01-08 20:03:50,15.88,9.0
2024-01-08 20:06:27,10.15,6.03
2024-01-08 20:08:53,12.82,8.63
2024-01-08 20:11:30,10.82,7.07
2024-01-08 20:14:05,16.65,9.82
2024-01-08 20:19:29,10.18,6.75
2024-01-08 20:21:59,10.57,8.77
2024-01-08 20:24:25,12.7,9.38
2024-01-08 20:26:52,15.77,10.07
2024-01-08 20:29:18,13.48,9.3
2024-01-08 20:31:44,12.8,8.75
2024-01-08 20:34:10,13.6,8.57
2024-01-08 20:36:37,16.95,9.3
2024-01-08 20:39:04,12.55,8.07
2024-01-08 20:41:30,10.32,7.75
2024-01-08 20:43:58,14.02,8.63
2024-01-08 20:46:24,11.15,8.05
2024-01-08 20:48:54,13.43,8.2
2024-01-08 20:51:20,9.23,6.43
2024-01-08 20:53:47,12.88,7.88
2024-01-08 20:56:13,9.25,6.15
2024-01-08 20:58:39,13.55,7.72
2024-01-08 21:01:05,11.4,7.95
2024-01-08 21:03:31,13.02,8.63
2024-01-08 21:05:58,15.55,9.57
2024-01-08 21:08:24,11.93,8.8
2024-01-08 21:10:50,12.32,7.85
2024-01-08 21:13:17,10.1,6.15
2024-01-08 21:15:43,11.85,6.68
2024-01-08 21:18:09,11.7,6.95
2024-01-08 21:20:35,8.98,6.4
2024-01-08 21:23:01,11.55,6.2
2024-01-08 21:25:28,11.43,6.93
2024-01-08 21:27:54,6.88,5.3
2024-01-08 21:30:21,10.55,7.47
2024-01-08 21:32:48,10.3,6.53
2024-01-08 21:35:14,11.0,7.18
2024-01-08 21:37:40,12.6,8.27
2024-01-08 21:40:07,14.43,8.3
2024-01-08 21:45:02,8.98,6.1
2024-01-08 21:47:28,11.18,6.78
2024-01-08 21:50:08,10.07,7.13
2024-01-08 21:52:34,8.8,5.97
2024-01-08 21:57:59,12.05,6.65
2024-01-08 22:00:26,10.8,6.03
2024-01-08 22:02:55,9.48,6.07
2024-01-08 22:05:21,10.52,6.45
2024-01-08 22:07:47,16.08,10.23
2024-01-08 22:10:14,14.3,9.52
2024-01-08 22:12:40,8.82,6.0
2024-01-08 22:15:08,10.57,7.25
2024-01-08 22:17:35,12.35,7.07
2024-01-08 22:20:01,12.27,7.5
2024-01-08 22:22:27,8.98,5.72
2024-01-08 22:24:53,9.68,6.18
2024-01-08 22:27:19,10.05,6.35
2024-01-08 22:29:46,11.0,6.8
2024-01-08 22:32:12,11.15,7.1
2024-01-08 22:34:38,13.05,8.48
2024-01-08 22:37:04,14.98,8.88
2024-01-08 22:39:30,14.02,8.75
2024-01-08 22:41:56,12.48,7.35
2024-01-08 22:44:23,10.63,7.55
2024-01-08 22:46:49,13.15,7.68
2024-01-08 22:49:16,12.55,7.28
2024-01-08 22:51:42,11.48,6.35
2024-01-08 22:54:08,8.4,5.72
2024-01-08 22:56:35,11.0,6.57
2024-01-08 22:59:01,10.65,7.05
2024-01-08 23:01:27,10.3,6.5
2024-01-08 23:03:53,9.77,6.05
2024-01-08 23:06:19,10.95,7.5
2024-01-08 23:08:46,12.0,6.03
2024-01-08 23:11:12,10.07,6.57
2024-01-08 23:13:38,8.57,5.55
2024-01-08 23:16:04,9.05,5.78
2024-01-08 23:18:30,10.43,6.53
2024-01-08 23:20:57,11.85,6.8
2024-01-08 23:23:23,6.35,4.07
2024-01-08 23:25:49,7.55,5.38
2024-01-08 23:28:15,10.18,5.53
2024-01-08 23:30:41,8.13,5.22
2024-01-08 23:33:07,11.77,6.47
2024-01-08 23:35:33,11.02,7.05
2024-01-08 23:38:00,10.57,6.3
2024-01-08 23:40:26,14.43,7.1
2024-01-08 23:42:52,12.95,7.13
2024-01-08 23:45:18,14.5,8.2
2024-01-08 23:47:44,12.05,8.23
2024-01-08 23:50:10,12.9,8.55
2024-01-08 23:52:36,14.65,8.45
2024-01-08 23:55:05,10.57,6.05
2024-01-08 23:57:31,12.4,7.78
2024-01-08 23:59:57,15.23,8.6
2024-01-09 00:02:23,12.32,8.75
2024-01-09 00:04:49,20.2,11.25
2024-01-09 00:07:15,16.92,10.0
2024-01-09 00:09:41,13.18,7.82
2024-01-09 00:12:07,15.82,8.85
2024-01-09 00:14:34,18.1,11.05
2024-01-09 00:17:00,17.92,10.4
2024-01-09 00:19:26,20.52,11.05
2024-01-09 00:21:52,16.83,9.57
2024-01-09 00:24:19,16.45,8.35
2024-01-09 00:26:46,17.2,10.1
2024-01-09 00:29:12,18.0,9.8
2024-01-09 00:31:38,14.68,8.95
2024-01-09 00:34:04,15.52,8.38
2024-01-09 00:36:30,14.02,8.73
2024-01-09 00:38:56,14.5,8.75
2024-01-09 00:41:22,14.2,8.82
2024-01-09 00:43:48,13.55,8.23
2024-01-09 00:46:15,15.18,8.1
2024-01-09 00:48:41,12.93,7.53
2024-01-09 00:51:07,14.45,7.82
2024-01-09 00:53:33,13.3,7.63
2024-01-09 00:55:59,15.6,7.75
2024-01-09 00:58:25,18.65,8.8
2024-01-09 01:00:51,14.6,8.82
2024-01-09 01:03:17,12.85,7.95
2024-01-09 01:05:43,12.57,7.82
2024-01-09 01:08:11,13.65,7.93
2024-01-09 01:10:37,11.82,6.7
2024-01-09 01:13:03,14.93,8.3
2024-01-09 01:15:29,13.1,8.0
2024-01-09 01:17:56,13.6,7.22
2024-01-09 01:20:22,13.7,8.05
2024-01-09 01:22:48,7.9,4.25
2024-01-09 01:25:14,9.98,5.53
2024-01-09 01:27:40,10.3,6.32
2024-01-09 01:30:06,10.8,6.22
2024-01-09 01:32:33,11.13,7.4
2024-01-09 01:34:59,12.38,7.05
2024-01-09 01:37:25,10.82,6.85
2024-01-09 01:39:51,10.85,6.68
2024-01-09 01:42:17,13.85,7.78
2024-01-09 01:44:43,11.2,6.93
2024-01-09 01:47:09,13.23,7.57
2024-01-09 01:49:36,11.07,6.88
2024-01-09 01:52:02,12.85,7.72
2024-01-09 01:54:28,13.65,7.2
2024-01-09 01:56:57,13.65,7.3
2024-01-09 01:59:24,10.88,6.22
2024-01-09 02:01:50,9.77,5.82
2024-01-09 02:04:18,11.68,6.88
2024-01-09 02:06:44,8.13,6.0
2024-01-09 02:09:11,9.27,5.88
2024-01-09 02:11:37,10.3,5.43
2024-01-09 02:14:03,7.93,5.6
2024-01-09 02:16:29,7.9,4.97
2024-01-09 02:18:55,9.23,5.95
2024-01-09 02:21:21,8.73,4.55
2024-01-09 02:23:47,9.15,5.05
2024-01-09 02:26:14,10.2,5.88
2024-01-09 02:28:46,5.63,3.7
2024-01-09 02:31:13,10.55,5.9
2024-01-09 02:33:39,10.18,5.9
2024-01-09 02:36:06,8.2,4.93
2024-01-09 02:38:33,8.75,5.4
2024-01-09 02:40:59,7.45,4.93
2024-01-09 02:43:25,9.32,5.4
2024-01-09 02:45:51,8.77,5.7
2024-01-09 02:48:17,9.1,5.25
2024-01-09 02:50:44,8.8,5.38
2024-01-09 02:53:10,9.02,6.43
2024-01-09 02:55:36,9.7,5.2
2024-01-09 02:58:02,9.85,5.57
2024-01-09 03:00:29,9.4,5.5
2024-01-09 03:02:55,7.45,5.0
2024-01-09 03:05:21,11.5,6.32
2024-01-09 03:07:47,9.6,5.6
2024-01-09 03:10:16,8.95,5.22
2024-01-09 03:12:42,8.48,4.75
2024-01-09 03:15:08,9.18,6.05
2024-01-09 03:17:35,10.85,5.82
2024-01-09 03:20:01,8.95,5.22
2024-01-09 03:22:28,10.1,5.75
2024-01-09 03:24:54,8.57,5.63
2024-01-09 03:27:20,14.8,7.45
2024-01-09 03:29:46,19.13,8.8
2024-01-09 03:32:12,12.32,6.0
2024-01-09 03:34:39,13.25,6.03
2024-01-09 03:37:06,9.38,6.55
2024-01-09 03:39:32,11.95,5.97
2024-01-09 03:41:58,9.38,5.05
2024-01-09 03:44:24,9.13,5.43
2024-01-09 03:46:50,11.15,5.82
2024-01-09 03:49:16,9.57,5.53
2024-01-09 03:51:42,10.23,6.63
2024-01-09 03:54:09,8.95,5.93
2024-01-09 03:56:35,11.82,6.3
2024-01-09 03:59:01,6.45,4.45
2024-01-09 04:01:27,10.5,5.97
2024-01-09 04:03:53,7.72,4.75
2024-01-09 04:06:19,11.75,5.53
2024-01-09 04:08:46,10.32,5.63
2024-01-09 04:11:12,7.4,4.75
2024-01-09 04:13:38,6.9,4.5
2024-01-09 04:16:08,9.13,5.6
2024-01-09 04:21:01,8.35,5.3
2024-01-09 04:23:27,7.68,3.85
2024-01-09 04:25:53,8.2,5.3
2024-01-09 04:28:19,10.18,5.68
2024-01-09 04:30:45,6.95,4.3
2024-01-09 04:33:12,7.35,4.6
2024-01-09 04:35:38,6.6,3.72
2024-01-09 04:38:04,10.73,5.85
2024-01-09 04:40:30,9.43,5.32
2024-01-09 04:42:56,10.48,6.18
2024-01-09 04:45:22,8.02,4.55
2024-01-09 04:47:48,9.05,4.93
2024-01-09 04:50:14,5.8,3.35
2024-01-09 04:52:40,8.1,4.68
2024-01-09 04:55:06,8.65,4.28
2024-01-09 04:57:33,10.3,5.53
2024-01-09 04:59:59,8.73,5.78
2024-01-09 05:02:25,8.8,5.3
2024-01-09 05:04:52,5.78,3.85
2024-01-09 05:07:18,10.07,5.57
2024-01-09 05:09:44,10.45,5.95
2024-01-09 05:12:10,9.7,5.85
2024-01-09 05:14:36,6.97,4.8
2024-01-09 05:17:03,8.65,5.05
2024-01-09 05:19:29,10.73,5.47
2024-01-09 05:21:57,9.18,7.03
2024-01-09 05:24:23,10.48,5.7
2024-01-09 05:26:49,6.85,4.78
2024-01-09 05:29:15,7.68,4.13
2024-01-09 05:31:42,9.23,6.25
2024-01-09 05:34:08,10.5,6.43
2024-01-09 05:36:35,6.97,4.32
2024-01-09 05:39:01,8.9,5.55
2024-01-09 05:41:27,9.15,5.3
2024-01-09 05:43:53,12.73,5.9
2024-01-09 05:46:19,7.53,5.6
2024-01-09 05:48:45,9.3,6.72
2024-01-09 05:51:11,9.07,6.32
2024-01-09 05:53:38,11.32,6.8
2024-01-09 05:56:04,9.52,5.75
2024-01-09 05:58:33,7.32,5.07
2024-01-09 06:00:59,7.88,5.45
2024-01-09 06:03:26,7.75,5.4
2024-01-09 06:05:52,9.93,5.07
2024-01-09 06:08:18,9.6,5.3
2024-01-09 06:10:44,9.13,4.7
2024-01-09 06:13:11,8.13,4.2
2024-01-09 06:15:37,9.7,5.9
2024-01-09 06:18:03,10.27,5.97
2024-01-09 06:20:29,9.13,5.78
2024-01-09 06:22:55,5.32,3.97
2024-01-09 06:25:21,8.82,6.07
2024-01-09 06:27:47,9.2,4.97
2024-01-09 06:30:14,11.07,5.47
2024-01-09 06:32:40,6.85,3.63
2024-01-09 06:35:06,9.4,5.47
2024-01-09 06:37:32,7.15,5.32
2024-01-09 06:39:59,6.75,4.2
2024-01-09 06:42:25,6.15,4.13
2024-01-09 06:44:51,10.0,6.28
2024-01-09 06:47:17,9.4,7.22
2024-01-09 06:49:43,8.73,6.03
2024-01-09 06:52:09,8.63,6.07
2024-01-09 06:54:35,6.97,5.3
2024-01-09 06:57:01,8.5,5.55
2024-01-09 06:59:27,8.4,5.43
2024-01-09 07:01:53,6.97,4.9
2024-01-09 07:04:19,8.68,6.0
2024-01-09 07:06:45,10.23,5.95
2024-01-09 07:09:11,10.48,6.9
2024-01-09 07:11:38,13.2,6.55
2024-01-09 07:14:04,7.5,5.7
2024-01-09 07:16:30,9.32,5.9
2024-01-09 07:18:56,6.18,4.0
2024-01-09 07:21:22,7.22,4.82
2024-01-09 07:23:48,6.82,4.97
2024-01-09 07:26:14,8.77,6.53
2024-01-09 07:28:40,7.3,4.72
2024-01-09 07:31:07,11.57,6.05
2024-01-09 07:33:34,12.2,6.45
2024-01-09 07:36:00,7.65,4.55
2024-01-09 07:38:27,9.55,6.18
2024-01-09 07:40:53,9.13,5.65
2024-01-09 07:43:19,10.15,5.65
2024-01-09 07:45:45,13.73,6.55
2024-01-09 07:48:11,8.4,5.1
2024-01-09 07:50:37,5.3,4.07
2024-01-09 07:53:03,7.75,4.7
2024-01-09 07:55:29,7.75,5.43
2024-01-09 07:57:57,10.13,5.6
2024-01-09 08:00:24,9.95,4.97
2024-01-09 08:02:50,6.25,4.25
2024-01-09 08:05:16,6.95,4.5
2024-01-09 08:07:42,8.8,4.65
2024-01-09 08:10:09,16.85,8.95
2024-01-09 08:12:35,9.38,5.4
2024-01-09 08:15:01,8.45,4.7
2024-01-09 08:17:29,8.18,5.32
2024-01-09 08:19:55,8.73,4.8
2024-01-09 08:22:21,8.38,5.47
2024-01-09 08:24:47,10.18,5.25
2024-01-09 08:27:13,7.85,5.22
2024-01-09 08:29:39,7.6,4.78
2024-01-09 08:32:08,11.43,7.03
2024-01-09 08:34:36,7.85,5.78
2024-01-09 08:37:02,10.6,6.03
2024-01-09 08:39:28,10.93,6.63
2024-01-09 08:41:54,7.63,4.53
2024-01-09 08:44:21,10.35,6.15
2024-01-09 08:46:49,8.23,5.63
2024-01-09 08:49:15,9.5,5.7
2024-01-09 08:51:42,8.18,4.75
2024-01-09 08:54:08,10.38,5.63
2024-01-09 08:56:35,7.4,4.3
2024-01-09 08:59:04,6.78,4.9
2024-01-09 09:01:32,9.2,6.25
2024-01-09 09:04:01,10.05,6.05
2024-01-09 09:06:27,7.95,5.85
2024-01-09 09:08:54,7.97,5.3
2024-01-09 09:11:20,8.5,5.9
2024-01-09 09:13:46,8.55,6.4
2024-01-09 09:16:12,9.73,7.0
2024-01-09 09:18:41,7.1,4.85
2024-01-09 09:21:09,8.35,5.43
2024-01-09 09:23:36,11.35,6.43
2024-01-09 09:26:02,9.68,5.95
2024-01-09 09:28:28,10.35,5.32
2024-01-09 09:30:54,11.73,6.7
2024-01-09 09:33:20,12.35,7.07
2024-01-09 09:35:47,6.4,4.1
2024-01-09 09:38:13,6.75,5.1
2024-01-09 09:40:40,6.88,5.03
2024-01-09 09:43:06,10.07,6.05
2024-01-09 09:45:40,8.63,5.93
2024-01-09 09:48:08,10.57,6.25
2024-01-09 09:50:36,8.1,5.75
2024-01-09 09:53:02,7.05,4.63
2024-01-09 09:55:28,11.0,6.9
2024-01-09 09:57:54,9.05,5.25
2024-01-09 10:00:20,8.85,6.1
2024-01-09 10:02:47,11.68,7.57
2024-01-09 10:05:14,7.25,4.97
2024-01-09 10:07:43,8.0,5.63
2024-01-09 10:10:10,6.07,4.8
2024-01-09 10:12:38,9.75,5.7
2024-01-09 10:15:04,7.45,6.1
2024-01-09 10:17:35,6.38,4.65
2024-01-09 10:20:05,9.45,5.75
2024-01-09 10:22:33,10.48,5.35
2024-01-09 10:25:03,6.65,4.63
2024-01-09 10:27:30,8.35,4.85
2024-01-09 10:29:57,12.85,7.8
2024-01-09 10:32:23,8.52,5.63
2024-01-09 10:34:49,11.6,7.03
2024-01-09 10:37:15,9.32,5.75
2024-01-09 10:39:42,11.65,6.88
2024-01-09 10:42:12,8.13,5.43
2024-01-09 10:44:39,15.45,8.13
2024-01-09 10:47:07,9.65,7.1
2024-01-09 10:49:39,8.82,6.43
2024-01-09 10:52:06,8.82,4.45
2024-01-09 10:54:36,10.23,5.8
2024-01-09 10:57:03,10.35,6.35
2024-01-09 10:59:30,10.18,6.97
2024-01-09 11:01:56,8.9,5.93
2024-01-09 11:04:23,9.38,6.25
2024-01-09 11:06:49,10.27,6.55
2024-01-09 11:09:16,7.3,5.5
2024-01-09 11:11:44,9.18,6.4
2024-01-09 11:14:12,10.6,8.48
2024-01-09 11:16:41,8.1,5.15
2024-01-09 11:19:09,12.57,7.0
2024-01-09 11:21:36,9.43,6.43
2024-01-09 11:24:03,9.05,4.55
2024-01-09 11:26:33,11.23,6.97
2024-01-09 11:29:01,11.15,7.88
2024-01-09 11:31:28,12.98,8.15
2024-01-09 11:33:55,9.2,6.28
2024-01-09 11:36:28,11.15,6.88
2024-01-09 11:38:55,8.93,6.47
2024-01-09 11:41:22,11.35,7.75
2024-01-09 11:43:58,11.1,7.97
2024-01-09 11:46:26,12.3,7.53
2024-01-09 11:48:54,12.63,7.75
2024-01-09 11:51:20,13.27,7.72
2024-01-09 11:53:47,9.5,6.43
2024-01-09 11:56:13,11.95,7.1
2024-01-09 11:58:41,13.68,8.48
2024-01-09 12:01:07,10.52,6.95
2024-01-09 12:03:33,9.82,6.72
2024-01-09 12:06:01,12.45,8.6
2024-01-09 12:08:30,8.55,6.0
2024-01-09 12:10:56,10.35,6.32
2024-01-09 12:13:22,18.55,8.05
2024-01-09 12:15:49,12.98,7.95
2024-01-09 12:18:15,10.98,7.05
2024-01-09 12:20:41,13.2,8.05
2024-01-09 12:23:07,11.93,6.38
2024-01-09 12:25:34,9.8,6.38
2024-01-09 12:28:00,12.1,7.47
2024-01-09 12:30:27,13.68,9.45
2024-01-09 12:32:54,9.5,4.97
2024-01-09 12:35:20,11.05,8.43
2024-01-09 12:37:46,11.73,7.43
2024-01-09 12:40:16,11.3,7.53
2024-01-09 12:42:43,13.18,8.32
2024-01-09 12:45:09,13.77,8.6
2024-01-09 12:47:36,13.57,7.5
2024-01-09 12:50:02,14.0,8.27
2024-01-09 12:52:29,13.55,7.7
2024-01-09 12:54:56,13.07,7.4
2024-01-09 12:57:22,15.07,9.73
2024-01-09 12:59:49,12.8,7.8
2024-01-09 13:02:15,13.73,7.55
2024-01-09 13:04:42,15.38,9.07
2024-01-09 13:07:11,13.65,8.38
2024-01-09 13:12:08,16.92,10.6
2024-01-09 13:14:35,13.85,8.88
2024-01-09 13:17:02,13.2,8.77
2024-01-09 13:19:28,13.1,6.65
2024-01-09 13:21:55,14.85,8.95
2024-01-09 13:24:22,15.32,7.85
2024-01-09 13:26:48,12.98,5.9
2024-01-09 13:29:14,13.98,8.63
2024-01-09 13:31:42,16.3,10.25
2024-01-09 13:34:09,14.82,8.88
2024-01-09 13:36:35,18.95,10.05
2024-01-09 13:39:02,14.35,8.65
2024-01-09 13:41:28,17.45,10.52
2024-01-09 13:43:56,16.48,11.13
2024-01-09 13:46:22,15.13,8.68
2024-01-09 13:48:48,19.85,12.65
2024-01-09 13:51:15,18.63,10.32
2024-01-09 13:53:41,13.18,8.57
2024-01-09 13:56:07,17.42,9.8
2024-01-09 13:58:33,16.52,8.07
2024-01-09 14:01:00,15.07,7.13
2024-01-09 14:03:26,15.45,8.82
2024-01-09 14:05:54,18.35,9.55
2024-01-09 14:08:20,14.13,9.55
2024-01-09 14:10:46,14.82,8.95
2024-01-09 14:13:12,12.05,7.28
2024-01-09 14:15:39,14.05,7.78
2024-01-09 14:18:05,14.15,8.7
2024-01-09 14:20:31,14.05,9.52
2024-01-09 14:23:00,10.73,6.45
2024-01-09 14:25:26,14.38,8.43
2024-01-09 14:27:52,12.5,8.07
2024-01-09 14:30:20,15.1,7.5
2024-01-09 14:32:46,14.0,7.68
2024-01-09 14:35:12,10.57,7.72
2024-01-09 14:37:39,12.52,9.6
2024-01-09 14:40:06,13.9,9.52
2024-01-09 14:42:35,11.65,6.72
2024-01-09 14:45:05,18.58,11.05
2024-01-09 14:47:32,11.57,6.82
2024-01-09 14:49:58,19.77,12.25
2024-01-09 14:52:24,15.15,9.45
2024-01-09 14:54:52,20.65,9.9
2024-01-09 14:57:18,15.48,9.02
2024-01-09 14:59:44,18.33,11.88
2024-01-09 15:02:10,11.73,7.0
2024-01-09 15:04:41,16.17,8.05
2024-01-09 15:07:07,14.35,9.05
2024-01-09 15:09:33,18.23,12.6
2024-01-09 15:11:59,13.3,9.05
2024-01-09 15:14:25,13.25,8.38
2024-01-09 15:16:52,17.88,9.95
2024-01-09 15:19:18,16.63,9.35
2024-01-09 15:21:46,18.33,10.02
2024-01-09 15:24:14,16.6,8.82
2024-01-09 15:26:40,15.55,9.3
2024-01-09 15:29:07,16.77,9.38
2024-01-09 15:31:34,12.4,7.65
2024-01-09 15:34:02,13.75,6.88
2024-01-09 15:36:30,18.65,9.15
2024-01-09 15:38:57,15.77,9.2
2024-01-09 15:41:23,11.23,6.32
2024-01-09 15:43:49,13.95,7.68
2024-01-09 15:46:24,12.35,7.7
2024-01-09 15:48:51,9.57,5.85
2024-01-09 15:51:18,13.18,7.03
2024-01-09 15:53:45,11.93,7.03
2024-01-09 15:56:20,13.93,7.53
2024-01-09 15:58:47,13.88,7.22
2024-01-09 16:01:19,13.3,7.4
2024-01-09 16:03:47,13.4,7.88
2024-01-09 16:06:14,10.02,5.72
2024-01-09 16:08:40,7.78,5.65
2024-01-09 16:11:07,9.88,6.2
2024-01-09 16:13:39,14.13,7.85
2024-01-09 16:16:06,16.3,9.45
2024-01-09 16:18:33,8.48,5.45
2024-01-09 16:20:59,9.25,6.53
2024-01-09 16:23:25,16.02,7.78
2024-01-09 16:25:51,8.25,5.35
2024-01-09 16:28:17,13.45,8.25
2024-01-09 16:30:44,14.02,9.23
2024-01-09 16:33:10,12.43,7.93
2024-01-09 16:35:37,13.35,7.72
2024-01-09 16:38:03,11.8,7.65
2024-01-09 16:40:29,9.23,6.22
2024-01-09 16:43:00,13.9,7.88
2024-01-09 16:45:26,19.8,9.68
2024-01-09 16:47:52,13.18,8.8
2024-01-09 16:50:18,10.0,6.43
2024-01-09 16:52:44,9.8,6.45
2024-01-09 16:55:14,16.9,9.18
2024-01-09 16:57:40,11.38,7.8
2024-01-09 17:00:06,9.85,6.13
2024-01-09 17:02:34,11.38,7.68
2024-01-09 17:05:00,10.88,6.7
2024-01-09 17:07:28,10.75,6.35
2024-01-09 17:09:54,24.48,13.3
2024-01-09 17:12:23,14.9,9.63
2024-01-09 17:14:50,16.35,10.7
2024-01-09 17:17:16,14.98,8.0
2024-01-09 17:19:44,16.67,9.48
2024-01-09 17:22:10,12.1,7.97
2024-01-09 17:24:37,14.57,8.55
2024-01-09 17:27:03,10.63,4.97
2024-01-09 17:29:32,9.73,5.82
2024-01-09 17:31:59,13.2,7.43
2024-01-09 17:34:25,9.6,5.78
2024-01-09 17:36:51,7.82,4.22
2024-01-09 17:39:17,10.18,7.57
2024-01-09 17:41:43,10.4,7.0
2024-01-09 17:44:09,9.38,5.75
2024-01-09 17:46:39,10.93,7.13
2024-01-09 17:49:05,9.2,5.32
2024-01-09 17:51:31,10.05,6.05
2024-01-09 17:53:57,11.82,7.93
2024-01-09 17:56:24,9.1,8.07
2024-01-09 17:58:50,12.65,7.57
2024-01-09 18:01:16,13.73,7.57
2024-01-09 18:03:44,13.2,6.57
2024-01-09 18:06:13,10.95,7.25
2024-01-09 18:08:41,9.55,6.15
2024-01-09 18:11:07,12.85,8.93
2024-01-09 18:13:33,9.55,5.55
2024-01-09 18:15:59,11.82,7.38
2024-01-09 18:18:25,12.85,7.22
2024-01-09 18:20:54,9.13,5.65
2024-01-09 18:23:21,12.35,6.85
2024-01-09 18:25:47,12.75,7.13
2024-01-09 18:28:14,11.27,8.05
2024-01-09 18:30:42,11.3,7.8
2024-01-09 18:33:08,14.85,7.8
2024-01-09 18:35:37,12.52,6.28
2024-01-09 18:38:04,10.0,7.05
2024-01-09 18:40:31,9.7,5.35
2024-01-09 18:42:57,13.55,8.43
2024-01-09 18:45:23,14.4,5.7
2024-01-09 18:47:49,11.25,6.65
2024-01-09 18:50:15,9.48,6.35
2024-01-09 18:52:42,12.65,7.72
2024-01-09 18:55:08,13.0,7.38
2024-01-09 18:57:34,7.47,5.2
2024-01-09 19:00:00,8.0,4.95
2024-01-09 19:02:30,11.2,6.57
2024-01-09 19:04:57,14.2,7.82
2024-01-09 19:07:23,9.43,5.35
2024-01-09 19:09:49,12.38,7.22
2024-01-09 19:12:16,15.27,6.8
2024-01-09 19:15:02,10.52,6.32
2024-01-09 19:17:31,11.45,6.38
2024-01-09 19:20:03,11.5,6.45
2024-01-09 19:22:29,9.77,6.3
2024-01-09 19:24:55,12.48,7.55
2024-01-09 19:27:21,10.15,6.03
2024-01-09 19:29:47,7.85,5.32
2024-01-09 19:32:23,8.68,5.18
2024-01-09 19:34:49,8.1,4.47
2024-01-09 19:37:15,12.55,6.45
2024-01-09 19:39:45,11.88,6.2
2024-01-09 19:42:11,8.8,5.13
2024-01-09 19:44:37,13.1,6.6
2024-01-09 19:47:03,12.07,6.93
2024-01-09 19:49:29,10.88,6.8
2024-01-09 19:51:55,10.75,6.88
2024-01-09 19:54:29,9.35,5.4
2024-01-09 19:56:55,7.68,5.82
2024-01-09 19:59:22,12.02,7.07
2024-01-09 20:01:48,9.1,6.3
2024-01-09 20:04:14,6.8,3.85
2024-01-09 20:07:07,9.13,5.53
2024-01-09 20:09:33,5.07,2.8
2024-01-09 20:12:00,6.43,3.53
2024-01-09 20:14:28,10.4,5.68
2024-01-09 20:16:54,10.95,5.93
2024-01-09 20:19:21,8.07,4.2
2024-01-09 20:21:47,4.9,3.38
2024-01-09 20:24:15,9.6,5.43
2024-01-09 20:26:41,6.5,4.5
2024-01-09 20:29:11,5.95,4.1
2024-01-09 20:31:39,6.6,3.95
2024-01-09 20:34:11,4.95,3.03
2024-01-09 20:36:42,6.35,3.72
2024-01-09 20:39:11,5.6,2.97
2024-01-09 20:41:39,4.5,3.6
2024-01-09 20:44:13,6.65,4.25
2024-01-09 20:46:43,7.2,4.18
2024-01-09 20:49:09,8.1,4.82
2024-01-09 20:51:37,11.23,6.03
2024-01-09 20:54:04,7.13,4.3
2024-01-09 20:56:32,8.38,5.43
2024-01-09 20:58:58,9.95,5.45
2024-01-09 21:01:24,8.82,5.0
2024-01-09 21:03:51,7.1,4.63
2024-01-09 21:06:18,31.0,13.63
2024-01-09 21:08:44,10.0,4.93
2024-01-09 21:11:10,10.48,5.4
2024-01-09 21:13:39,5.68,4.22
2024-01-09 21:16:05,7.9,4.45
2024-01-09 21:18:31,9.25,4.18
2024-01-09 21:20:57,3.22,1.95
2024-01-09 21:23:23,6.25,3.58
2024-01-09 21:25:49,7.28,4.15
2024-01-09 21:28:16,7.82,4.5
2024-01-09 21:30:42,6.53,3.67
2024-01-09 21:33:08,7.07,4.7
2024-01-09 21:35:36,11.15,6.6
2024-01-09 21:38:03,11.5,6.32
2024-01-09 21:40:29,12.25,6.38
2024-01-09 21:42:55,10.73,5.97
2024-01-09 21:45:21,13.98,8.27
2024-01-09 21:47:47,12.35,7.85
2024-01-09 21:50:13,9.93,6.85
2024-01-09 21:52:39,10.52,6.97
2024-01-09 21:55:06,11.48,6.53
2024-01-09 21:57:32,8.75,5.57
2024-01-09 21:59:58,9.23,6.03
2024-01-09 22:02:24,11.77,6.07
2024-01-09 22:04:51,12.68,6.53
2024-01-09 22:07:17,9.68,6.4
2024-01-09 22:09:43,10.65,5.72
2024-01-09 22:12:10,12.5,6.78
2024-01-09 22:14:36,14.3,7.85
2024-01-09 22:17:03,11.07,7.05
2024-01-09 22:19:37,11.82,6.03
2024-01-09 22:22:03,10.95,5.15
2024-01-09 22:24:32,9.45,5.8
2024-01-09 22:26:58,13.38,7.6
2024-01-09 22:32:17,12.05,5.7
2024-01-09 22:34:43,6.75,4.43
2024-01-09 22:37:09,8.75,5.55
2024-01-09 22:39:35,10.98,6.57
2024-01-09 22:42:03,21.5,10.15
2024-01-09 22:44:29,32.3,13.88
2024-01-09 22:46:57,22.17,10.23
2024-01-09 22:49:23,18.2,9.45
2024-01-09 22:51:49,8.45,5.75
2024-01-09 22:54:18,21.35,10.05
2024-01-09 22:56:44,16.45,8.77
2024-01-09 22:59:11,10.88,5.43
2024-01-09 23:01:41,9.82,5.95
2024-01-09 23:04:15,10.95,6.28
2024-01-09 23:06:44,15.93,8.73
2024-01-09 23:09:10,28.0,13.18
2024-01-09 23:11:36,14.63,7.22
2024-01-09 23:14:02,10.82,5.5
2024-01-09 23:16:28,9.63,6.13
2024-01-09 23:18:54,7.85,5.15
2024-01-09 23:21:20,8.25,5.05
2024-01-09 23:23:47,9.73,5.8
2024-01-09 23:26:14,8.65,4.85
2024-01-09 23:28:40,7.38,3.75
2024-01-09 23:31:07,9.23,5.55
2024-01-09 23:33:33,10.93,5.85
2024-01-09 23:36:00,11.45,6.1
2024-01-09 23:38:26,6.78,4.4
2024-01-09 23:40:52,8.57,5.0
2024-01-09 23:43:18,9.27,4.97
2024-01-09 23:45:44,12.3,6.03
2024-01-09 23:48:13,9.75,6.32
2024-01-09 23:50:39,9.48,6.4
2024-01-09 23:53:05,12.2,6.7
2024-01-09 23:55:39,7.95,4.63
2024-01-09 23:58:08,7.03,4.0
2024-01-10 00:00:37,11.1,5.7
2024-01-10 00:03:03,9.1,6.15
2024-01-10 00:05:29,10.43,6.53
2024-01-10 00:07:55,6.28,4.15
2024-01-10 00:10:21,9.43,6.32
2024-01-10 00:12:50,7.4,4.43
2024-01-10 00:15:19,9.1,5.15
2024-01-10 00:17:45,9.13,4.25
2024-01-10 00:20:11,9.2,5.35
2024-01-10 00:22:37,8.55,4.03
2024-01-10 00:25:06,8.0,5.53
2024-01-10 00:27:32,7.32,4.3
2024-01-10 00:29:58,8.05,4.38
2024-01-10 00:32:26,7.32,4.97
2024-01-10 00:34:52,7.5,5.47
2024-01-10 00:37:18,10.2,4.93
2024-01-10 00:39:44,10.75,5.5
2024-01-10 00:42:10,8.02,4.7
2024-01-10 00:44:36,7.47,3.88
2024-01-10 00:47:04,10.5,6.13
2024-01-10 00:49:30,10.85,6.9
2024-01-10 00:51:56,8.57,5.05
2024-01-10 00:54:22,7.43,4.15
2024-01-10 00:56:48,9.35,5.95
2024-01-10 00:59:15,8.32,5.0
2024-01-10 01:01:41,7.6,4.28
2024-01-10 01:04:07,7.47,4.45
2024-01-10 01:06:34,9.7,5.88
2024-01-10 01:09:00,8.75,5.1
2024-01-10 01:11:27,8.95,4.5
2024-01-10 01:13:53,11.52,6.1
2024-01-10 01:16:19,8.93,5.18
2024-01-10 01:18:45,11.0,7.07
2024-01-10 01:21:14,6.45,4.1
2024-01-10 01:23:40,6.55,4.7
2024-01-10 01:26:06,8.63,5.25
2024-01-10 01:28:32,10.25,5.95
2024-01-10 01:30:58,8.9,5.28
2024-01-10 01:33:25,9.05,4.55
2024-01-10 01:35:51,11.95,6.07
2024-01-10 01:38:19,10.85,5.63
2024-01-10 01:40:51,8.5,4.55
2024-01-10 01:43:21,10.77,6.25
2024-01-10 01:45:51,6.97,4.32
2024-01-10 01:48:19,10.52,5.8
2024-01-10 01:50:47,5.93,3.9
2024-01-10 01:53:14,6.43,3.65
2024-01-10 01:55:41,8.48,5.53
2024-01-10 01:58:08,8.13,5.07
2024-01-10 02:00:34,9.7,4.97
2024-01-10 02:03:01,10.2,6.32
2024-01-10 02:05:27,9.1,5.8
2024-01-10 02:07:54,9.0,5.53
2024-01-10 02:10:20,8.2,5.75
2024-01-10 02:12:46,8.23,3.75
2024-01-10 02:15:13,8.57,4.95
2024-01-10 02:17:40,8.88,5.45
2024-01-10 02:22:35,8.5,3.83
2024-01-10 02:25:01,9.8,5.6
2024-01-10 02:27:27,11.77,5.3
2024-01-10 02:29:54,9.82,5.0
2024-01-10 02:32:20,9.05,4.38
2024-01-10 02:34:47,9.95,5.0
2024-01-10 02:37:13,8.55,5.28
2024-01-10 02:39:39,9.75,5.28
2024-01-10 02:42:05,8.63,5.18
2024-01-10 02:44:31,7.35,4.43
2024-01-10 02:46:58,9.2,5.18
2024-01-10 02:49:24,9.35,4.75
2024-01-10 02:51:50,8.8,5.4
2024-01-10 02:54:16,6.8,4.25
2024-01-10 02:56:42,7.5,4.82
2024-01-10 02:59:08,8.57,4.53
2024-01-10 03:01:34,9.35,4.63
2024-01-10 03:04:00,6.78,3.97
2024-01-10 03:06:26,6.55,4.07
2024-01-10 03:08:54,7.78,4.0
2024-01-10 03:11:20,9.18,5.5
2024-01-10 03:13:46,8.9,5.0
2024-01-10 03:16:13,8.63,4.65
2024-01-10 03:18:39,6.07,3.83
2024-01-10 03:21:05,6.6,4.43
2024-01-10 03:23:32,9.9,4.7
2024-01-10 03:25:58,8.85,4.05
2024-01-10 03:28:24,8.35,4.72
2024-01-10 03:30:52,10.05,4.15
2024-01-10 03:33:18,8.23,5.35
2024-01-10 03:35:44,3.88,2.8
2024-01-10 03:38:10,9.9,5.47
2024-01-10 03:40:36,8.82,4.9
2024-01-10 03:43:03,6.82,4.3
2024-01-10 03:45:29,7.7,3.78
2024-01-10 03:47:55,6.63,4.68
2024-01-10 03:50:21,8.18,4.5
2024-01-10 03:52:47,6.13,4.13
2024-01-10 03:55:13,7.35,4.05
2024-01-10 03:57:40,7.3,4.28
2024-01-10 04:00:07,7.22,3.92
2024-01-10 04:02:36,5.55,3.95
2024-01-10 04:05:05,6.45,3.9
2024-01-10 04:07:31,7.68,4.1
2024-01-10 04:09:58,6.88,4.3
2024-01-10 04:12:24,6.8,4.07
2024-01-10 04:14:50,9.25,5.07
2024-01-10 04:17:16,8.07,4.85
2024-01-10 04:19:42,10.25,5.38
2024-01-10 04:22:09,9.57,5.0
2024-01-10 04:24:36,12.8,5.88
2024-01-10 04:27:02,10.02,5.45
2024-01-10 04:29:28,9.8,5.55
2024-01-10 04:31:54,11.18,6.25
2024-01-10 04:34:21,11.88,6.68
2024-01-10 04:36:49,10.9,5.57
2024-01-10 04:39:15,9.25,5.3
2024-01-10 04:41:41,6.9,4.22
2024-01-10 04:44:07,7.25,4.68
2024-01-10 04:46:33,8.65,4.35
2024-01-10 04:48:59,8.15,5.32
2024-01-10 04:51:25,9.55,5.2
2024-01-10 04:53:51,9.1,5.72
2024-01-10 04:56:18,9.63,4.97
2024-01-10 04:58:44,7.97,4.95
2024-01-10 05:01:11,8.63,4.97
2024-01-10 05:03:37,6.85,4.35
2024-01-10 05:06:03,10.98,5.65
2024-01-10 05:08:30,8.55,5.35
2024-01-10 05:10:56,10.38,6.55
2024-01-10 05:13:22,10.52,5.43
2024-01-10 05:15:48,10.95,6.5
2024-01-10 05:18:15,8.8,6.3
2024-01-10 05:20:41,11.25,5.38
2024-01-10 05:23:08,8.4,4.9
2024-01-10 05:25:34,9.75,5.2
2024-01-10 05:28:00,8.3,5.55
2024-01-10 05:30:26,7.57,4.5
2024-01-10 05:32:52,9.15,5.05
2024-01-10 05:35:19,8.52,5.45
2024-01-10 05:37:45,10.98,6.38
2024-01-10 05:40:11,10.65,6.25
2024-01-10 05:42:37,11.07,6.6
2024-01-10 05:45:04,10.25,6.2
2024-01-10 05:47:31,8.75,6.05
2024-01-10 05:49:57,9.88,6.15
2024-01-10 05:52:23,9.5,5.63
2024-01-10 05:54:49,10.98,6.3
2024-01-10 05:57:15,13.43,7.65
2024-01-10 05:59:41,14.27,7.3
2024-01-10 06:02:07,11.15,6.72
2024-01-10 06:04:34,11.48,7.18
2024-01-10 06:07:00,12.15,6.9
2024-01-10 06:09:26,13.82,7.8
2024-01-10 06:11:53,13.32,7.32
2024-01-10 06:14:19,13.63,7.15
2024-01-10 06:16:45,12.55,7.25
2024-01-10 06:19:11,11.4,6.63
2024-01-10 06:21:37,13.32,6.97
2024-01-10 06:24:03,14.2,8.2
2024-01-10 06:26:30,14.8,7.65
2024-01-10 06:28:56,13.23,7.85
2024-01-10 06:31:22,13.38,7.8
2024-01-10 06:33:48,15.63,9.38
2024-01-10 06:36:14,16.52,9.77
2024-01-10 06:38:41,14.0,7.9
2024-01-10 06:41:10,12.38,6.93
2024-01-10 06:43:39,13.13,6.75
2024-01-10 06:46:05,10.9,6.45
2024-01-10 06:48:31,11.9,7.0
2024-01-10 06:50:59,13.82,7.38
2024-01-10 06:53:25,13.5,7.35
2024-01-10 06:55:51,12.45,7.05
2024-01-10 06:58:17,11.95,6.1
2024-01-10 07:00:43,12.93,7.3
2024-01-10 07:03:09,9.7,5.72
2024-01-10 07:05:35,12.0,5.93
2024-01-10 07:08:01,11.63,6.47
2024-01-10 07:10:31,12.9,6.93
2024-01-10 07:12:57,10.52,6.03
2024-01-10 07:15:23,13.38,7.43
2024-01-10 07:17:49,11.43,6.22
2024-01-10 07:20:15,12.1,6.35
2024-01-10 07:22:41,12.02,6.28
2024-01-10 07:25:12,9.68,4.93
2024-01-10 07:27:42,11.38,6.3
2024-01-10 07:30:08,11.0,5.88
2024-01-10 07:32:43,11.05,6.4
2024-01-10 07:35:13,8.77,4.95
2024-01-10 07:37:39,10.6,5.8
2024-01-10 07:40:06,11.2,5.97
2024-01-10 07:42:38,10.63,6.3
2024-01-10 07:45:05,12.4,6.63
2024-01-10 07:47:34,14.1,8.4
2024-01-10 07:50:11,12.35,7.05
2024-01-10 07:52:39,9.1,6.45
2024-01-10 07:55:05,8.18,5.03
2024-01-10 07:57:34,6.93,5.05
2024-01-10 08:00:02,8.15,5.57
2024-01-10 08:02:29,9.6,5.65
2024-01-10 08:04:59,10.98,6.63
2024-01-10 08:07:28,11.18,6.25
2024-01-10 08:09:58,11.98,6.53
2024-01-10 08:12:24,11.65,7.4
2024-01-10 08:14:50,13.1,7.13
2024-01-10 08:17:16,13.32,7.35
2024-01-10 08:19:42,16.13,7.78
2024-01-10 08:22:08,10.1,5.95
2024-01-10 08:24:34,14.57,7.8
2024-01-10 08:27:00,7.28,3.88
2024-01-10 08:29:26,8.93,5.43
2024-01-10 08:31:56,12.27,5.8
2024-01-10 08:34:22,13.68,7.6
2024-01-10 08:36:49,11.07,6.07
2024-01-10 08:39:20,11.57,7.63
2024-01-10 08:41:53,8.65,5.38
2024-01-10 08:44:20,12.57,7.5
2024-01-10 08:46:46,13.05,6.95
2024-01-10 08:49:15,12.18,6.9
2024-01-10 08:51:56,12.68,7.13
2024-01-10 08:57:12,11.48,6.43
2024-01-10 08:59:44,10.38,6.57
2024-01-10 09:02:10,10.32,6.2
2024-01-10 09:04:36,9.2,6.25
2024-01-10 09:07:02,11.35,6.35
2024-01-10 09:09:28,13.15,6.53
2024-01-10 09:11:56,10.68,6.8
2024-01-10 09:14:22,10.68,5.68
2024-01-10 09:16:48,11.77,6.82
2024-01-10 09:22:03,10.85,6.53
2024-01-10 09:24:29,10.6,6.53
2024-01-10 09:26:56,9.68,6.22
2024-01-10 09:29:23,11.75,6.18
2024-01-10 09:31:49,11.35,6.7
2024-01-10 09:34:15,10.65,5.55
2024-01-10 09:36:41,10.5,6.43
2024-01-10 09:39:08,12.07,7.38
2024-01-10 09:41:40,11.63,7.07
2024-01-10 09:44:08,11.3,6.7
2024-01-10 09:46:34,10.02,6.05
2024-01-10 09:49:06,10.77,5.93
2024-01-10 09:51:37,10.95,7.13
2024-01-10 09:54:03,13.27,6.68
2024-01-10 09:56:30,14.9,9.68
2024-01-10 09:58:58,12.95,7.25
2024-01-10 10:01:24,10.77,5.63
2024-01-10 10:03:50,11.98,6.93
2024-01-10 10:06:17,11.18,6.57
2024-01-10 10:08:44,10.85,6.63
2024-01-10 10:11:11,10.75,6.43
2024-01-10 10:13:39,11.9,6.88
2024-01-10 10:16:07,11.45,6.53
2024-01-10 10:18:34,15.9,8.82
2024-01-10 10:21:11,12.93,8.02
2024-01-10 10:23:41,13.32,7.55
2024-01-10 10:28:49,10.77,6.03
2024-01-10 10:31:15,11.43,6.88
2024-01-10 10:33:53,15.9,7.75
2024-01-10 10:36:20,11.9,6.68
2024-01-10 10:38:49,11.65,6.57
2024-01-10 10:41:15,11.1,6.28
2024-01-10 10:43:41,14.68,8.13
2024-01-10 10:46:08,14.7,8.65
2024-01-10 10:48:37,15.95,9.27
2024-01-10 10:51:04,10.45,6.85
2024-01-10 10:53:36,12.35,7.45
2024-01-10 10:56:03,13.45,7.2
2024-01-10 10:58:34,15.63,7.82
2024-01-10 11:01:04,14.48,8.2
2024-01-10 11:05:59,15.07,7.03
2024-01-10 11:08:26,11.57,7.6
2024-01-10 11:11:06,10.7,7.25
2024-01-10 11:16:25,12.55,8.2
2024-01-10 11:21:48,16.45,9.15
2024-01-10 11:24:21,13.38,8.15
2024-01-10 11:29:27,15.95,8.77
2024-01-10 11:32:15,14.18,8.23
2024-01-10 11:34:49,16.27,9.3
2024-01-10 11:37:21,18.55,10.18
2024-01-10 11:39:48,20.9,9.23
2024-01-10 11:42:23,15.43,8.8
2024-01-10 11:44:52,16.38,10.25
2024-01-10 11:47:19,17.23,9.82
2024-01-10 11:50:01,14.5,8.95
2024-01-10 11:52:48,17.65,9.55
2024-01-10 12:04:22,16.63,9.45
2024-01-10 12:07:00,16.27,8.75
2024-01-10 12:12:42,19.3,9.35
2024-01-10 12:15:12,14.7,8.88
2024-01-10 12:17:58,12.93,8.85
2024-01-10 12:20:45,14.95,9.77
2024-01-10 12:23:20,18.13,9.6
2024-01-10 12:26:01,17.15,9.45
2024-01-10 12:28:39,15.88,10.25
2024-01-10 12:31:18,13.32,9.3
2024-01-10 12:33:44,15.0,8.98
2024-01-10 12:36:41,18.38,9.55
2024-01-10 12:41:57,19.8,10.4
2024-01-10 12:44:30,16.42,8.95
2024-01-10 12:46:56,14.75,8.0
2024-01-10 12:49:23,15.02,9.3
2024-01-10 12:51:49,14.68,8.38
2024-01-10 12:54:18,15.3,9.23
2024-01-10 12:56:44,16.38,9.52
2024-01-10 12:59:19,16.58,9.3
2024-01-10 13:01:45,17.05,9.6
2024-01-10 13:04:11,15.6,9.27
2024-01-10 13:06:37,20.08,9.98
2024-01-10 13:09:05,16.0,9.23
2024-01-10 13:11:31,15.25,10.07
2024-01-10 13:13:57,17.77,10.13
2024-01-10 13:16:25,19.98,10.05
2024-01-10 13:18:51,17.65,9.6
2024-01-10 13:21:25,17.38,9.6
2024-01-10 13:23:54,16.8,9.8
2024-01-10 13:26:20,16.98,9.57
2024-01-10 13:28:46,18.15,10.07
2024-01-10 13:31:13,17.63,9.8
2024-01-10 13:33:40,14.68,8.82
2024-01-10 13:36:06,18.33,10.2
2024-01-10 13:38:33,17.38,9.27
2024-01-10 13:41:00,18.88,10.27
2024-01-10 13:43:27,17.9,10.52
2024-01-10 13:45:53,16.7,10.43
2024-01-10 13:48:19,11.93,8.32
2024-01-10 13:50:46,15.27,9.32
2024-01-10 13:53:12,20.52,9.35
2024-01-10 13:55:38,13.43,8.1
2024-01-10 13:58:04,12.8,7.82
2024-01-10 14:00:30,11.57,7.5
2024-01-10 14:02:57,14.52,7.35
2024-01-10 14:05:28,14.63,8.63
2024-01-10 14:07:55,13.88,7.78
2024-01-10 14:10:21,15.02,7.85
2024-01-10 14:12:48,12.2,7.2
2024-01-10 14:15:14,11.6,8.1
2024-01-10 14:17:40,16.63,9.18
2024-01-10 14:20:09,18.58,10.13
2024-01-10 14:22:38,16.0,9.3
2024-01-10 14:25:05,17.17,10.15
2024-01-10 14:27:31,14.07,8.77
2024-01-10 14:29:57,14.98,8.6
2024-01-10 14:32:24,20.45,13.18
2024-01-10 14:34:51,21.48,12.77
2024-01-10 14:37:17,21.92,13.1
2024-01-10 14:39:43,23.88,13.88
2024-01-10 14:42:10,30.5,14.65
2024-01-10 14:44:36,23.1,12.85
2024-01-10 14:47:13,16.88,11.02
2024-01-10 14:49:48,27.38,14.85
2024-01-10 14:52:14,20.8,12.25
2024-01-10 14:54:40,23.63,11.68
2024-01-10 14:57:07,20.23,11.73
2024-01-10 14:59:33,25.17,13.38
2024-01-10 15:02:02,21.88,13.27
2024-01-10 15:04:32,24.98,13.57
2024-01-10 15:07:00,19.05,11.05
2024-01-10 15:09:26,19.15,10.52
2024-01-10 15:11:55,24.6,13.55
2024-01-10 15:14:21,22.35,12.05
2024-01-10 15:16:47,23.23,12.23
2024-01-10 15:19:15,19.73,12.32
2024-01-10 15:21:43,21.55,12.13
2024-01-10 15:24:12,22.33,13.65
2024-01-10 15:26:38,21.77,14.13
2024-01-10 15:29:04,21.8,12.4
2024-01-10 15:31:30,22.8,12.7
2024-01-10 15:33:57,26.58,14.65
2024-01-10 15:36:23,27.58,14.3
2024-01-10 15:39:07,23.23,12.77
2024-01-10 15:41:35,29.48,17.88
2024-01-10 15:44:04,35.47,19.67
2024-01-10 15:46:33,36.2,20.15
2024-01-10 15:49:02,28.3,16.25
2024-01-10 15:51:28,29.83,17.6
2024-01-10 15:54:02,33.33,20.25
2024-01-10 15:56:28,36.05,18.38
2024-01-10 15:58:55,34.1,20.23
2024-01-10 16:01:22,30.7,19.2
2024-01-10 16:03:49,35.95,21.83
2024-01-10 16:06:15,34.67,21.42
2024-01-10 16:08:42,34.1,19.7
2024-01-10 16:11:14,30.38,18.0
2024-01-10 16:13:40,38.03,23.02
2024-01-10 16:16:07,35.42,21.8
2024-01-10 16:18:36,38.28,21.73
2024-01-10 16:21:03,51.28,25.38
2024-01-10 16:23:29,57.53,26.98
2024-01-10 16:25:56,41.92,24.63
2024-01-10 16:28:23,38.47,21.55
2024-01-10 16:30:49,38.2,19.52
2024-01-10 16:33:15,33.85,18.42
2024-01-10 16:35:41,34.83,18.9
2024-01-10 16:38:10,32.58,18.7
2024-01-10 16:40:36,24.85,17.58
2024-01-10 16:43:02,27.02,15.77
2024-01-10 16:45:31,25.38,14.07
2024-01-10 16:47:59,25.67,15.65
2024-01-10 16:50:25,25.92,16.2
2024-01-10 16:52:56,26.55,17.33
2024-01-10 16:55:23,25.5,16.1
2024-01-10 16:57:49,22.48,13.2
2024-01-10 17:00:16,27.38,14.5
2024-01-10 17:02:42,28.3,15.0
2024-01-10 17:05:08,26.65,15.18
2024-01-10 17:07:37,27.15,16.2
2024-01-10 17:10:04,25.33,15.9
2024-01-10 17:12:33,24.67,16.15
2024-01-10 17:14:59,33.1,16.92
2024-01-10 17:17:26,23.92,14.4
2024-01-10 17:19:52,21.8,13.48
2024-01-10 17:22:18,23.45,14.75
2024-01-10 17:24:45,26.9,15.05
2024-01-10 17:27:11,26.0,16.08
2024-01-10 17:29:37,22.67,14.52
2024-01-10 17:32:04,32.85,19.08
2024-01-10 17:34:30,32.08,17.9
2024-01-10 17:36:56,36.65,20.95
2024-01-10 17:39:22,31.88,19.13
2024-01-10 17:41:50,25.25,15.9
2024-01-10 17:44:16,37.97,20.1
2024-01-10 17:46:44,32.83,19.38
2024-01-10 17:49:10,38.15,20.6
2024-01-10 17:51:36,35.2,19.27
2024-01-10 17:54:03,31.45,18.98
2024-01-10 17:56:31,39.58,20.52
2024-01-10 17:58:59,38.88,23.55
2024-01-10 18:01:25,41.15,21.17
2024-01-10 18:03:51,36.3,20.48
2024-01-10 18:06:18,39.42,20.95
2024-01-10 18:08:44,36.65,20.52
2024-01-10 18:11:10,39.15,24.2
2024-01-10 18:13:36,42.17,23.42
2024-01-10 18:16:02,42.22,24.05
2024-01-10 18:18:29,41.53,21.95
2024-01-10 18:21:01,33.5,19.38
2024-01-10 18:23:28,32.58,17.52
2024-01-10 18:25:56,35.83,19.58
2024-01-10 18:28:22,35.45,20.73
2024-01-10 18:30:49,42.7,23.15
2024-01-10 18:33:15,39.22,22.42
2024-01-10 18:35:41,38.13,22.35
2024-01-10 18:38:07,35.63,21.0
2024-01-10 18:40:34,43.65,23.15
2024-01-10 18:43:00,36.8,20.9
2024-01-10 18:45:27,34.78,21.2
2024-01-10 18:47:53,39.5,22.63
2024-01-10 18:50:19,37.47,22.45
2024-01-10 18:52:45,40.92,23.88
2024-01-10 18:55:12,37.83,22.08
2024-01-10 18:57:38,34.9,22.48
2024-01-10 19:00:05,37.25,23.73
2024-01-10 19:02:31,47.47,29.8
2024-01-10 19:04:59,47.13,28.67
2024-01-10 19:07:25,51.08,30.1
2024-01-10 19:09:51,48.42,29.92
2024-01-10 19:12:17,50.33,28.58
2024-01-10 19:14:43,49.35,29.02
2024-01-10 19:17:09,49.67,28.7
2024-01-10 19:19:35,52.15,29.9
2024-01-10 19:22:04,71.93,38.45
2024-01-10 19:24:31,75.55,41.08
2024-01-10 19:26:57,76.6,42.25
2024-01-10 19:29:23,70.13,38.35
2024-01-10 19:31:52,66.9,39.0
2024-01-10 19:34:19,76.45,44.2
2024-01-10 19:36:45,72.32,42.2
2024-01-10 19:39:12,63.42,37.95
2024-01-10 19:41:38,62.25,37.63
2024-01-10 19:44:04,73.82,44.9
2024-01-10 19:46:33,66.8,40.45
2024-01-10 19:48:59,78.22,42.13
2024-01-10 19:51:27,70.28,40.08
2024-01-10 19:53:53,81.15,43.97
2024-01-10 19:56:20,82.5,46.67
2024-01-10 19:58:46,83.68,45.83
2024-01-10 20:01:12,78.8,45.38
2024-01-10 20:03:38,67.63,37.9
2024-01-10 20:06:04,74.32,43.65
2024-01-10 20:08:31,69.18,39.35
2024-01-10 20:10:57,68.97,38.28
2024-01-10 20:13:23,54.25,29.9
2024-01-10 20:15:49,49.53,28.85
2024-01-10 20:18:17,47.7,25.92
2024-01-10 20:20:44,47.22,28.98
2024-01-10 20:23:11,55.28,31.83
2024-01-10 20:25:39,57.97,31.6
2024-01-10 20:28:06,48.5,27.95
2024-01-10 20:30:33,36.1,20.4
2024-01-10 20:32:59,43.53,24.75
2024-01-10 20:35:26,38.7,24.27
2024-01-10 20:37:54,47.47,28.5
2024-01-10 20:40:22,52.2,28.42
2024-01-10 20:42:48,45.85,23.63
2024-01-10 20:45:14,36.58,21.7
2024-01-10 20:47:42,35.17,20.08
2024-01-10 20:50:09,32.3,18.25
2024-01-10 20:52:36,30.23,19.23
2024-01-10 20:55:02,27.8,17.9
2024-01-10 20:57:28,29.0,17.33
2024-01-10 20:59:54,27.0,17.0
2024-01-10 21:02:24,35.8,19.88
2024-01-10 21:04:50,26.7,17.5
2024-01-10 21:07:16,32.4,19.6
2024-01-10 21:09:43,35.35,21.88
2024-01-10 21:12:09,38.72,20.73
2024-01-10 21:14:36,40.72,23.9
2024-01-10 21:17:06,40.95,22.33
2024-01-10 21:19:39,38.4,21.2
2024-01-10 21:22:07,33.2,18.35
2024-01-10 21:24:33,33.45,19.27
2024-01-10 21:27:00,31.63,16.88
2024-01-10 21:29:26,29.67,15.8
2024-01-10 21:31:52,28.83,16.63
2024-01-10 21:34:19,31.7,19.17
2024-01-10 21:36:45,28.8,17.3
2024-01-10 21:39:11,35.47,21.02
2024-01-10 21:41:38,31.3,20.45
2024-01-10 21:44:04,35.33,20.2
2024-01-10 21:46:30,31.05,19.05
2024-01-10 21:48:56,37.47,19.0
2024-01-10 21:51:23,31.55,18.33
2024-01-10 21:53:49,26.77,18.1
2024-01-10 21:56:15,27.95,16.08
2024-01-10 21:58:44,24.27,15.57
2024-01-10 22:01:23,24.1,15.15
2024-01-10 22:03:49,23.35,15.77
2024-01-10 22:06:18,33.2,18.92
2024-01-10 22:08:44,37.0,19.05
2024-01-10 22:11:10,35.35,21.55
2024-01-10 22:13:37,39.8,22.75
2024-01-10 22:16:04,43.0,23.85
2024-01-10 22:18:31,41.8,23.98
2024-01-10 22:20:57,46.2,22.83
2024-01-10 22:23:24,35.65,22.4
2024-01-10 22:25:50,39.35,23.2
2024-01-10 22:28:16,38.15,23.58
2024-01-10 22:30:42,38.13,21.08
2024-01-10 22:33:08,43.33,23.23
2024-01-10 22:35:36,42.35,24.4
2024-01-10 22:38:02,41.65,23.85
2024-01-10 22:40:28,42.63,24.3
2024-01-10 22:42:54,47.8,29.2
2024-01-10 22:45:20,51.72,27.73
2024-01-10 22:47:47,49.13,29.6
2024-01-10 22:50:13,45.35,26.85
2024-01-10 22:52:41,52.53,30.5
2024-01-10 22:55:07,61.1,31.02
2024-01-10 22:57:33,55.72,29.5
2024-01-10 22:59:59,56.92,32.75
2024-01-10 23:02:25,49.15,29.02
2024-01-10 23:04:52,52.78,30.15
2024-01-10 23:07:18,50.58,29.0
2024-01-10 23:09:44,45.58,28.92
2024-01-10 23:12:12,47.65,27.77
2024-01-10 23:14:38,50.9,29.23
2024-01-10 23:17:05,49.4,27.95
2024-01-10 23:19:31,47.42,27.9
2024-01-10 23:21:57,49.05,26.33
2024-01-10 23:24:23,48.83,29.0
2024-01-10 23:26:49,48.6,26.58
2024-01-10 23:29:15,49.1,27.8
2024-01-10 23:31:42,43.2,21.88
2024-01-10 23:34:08,44.15,25.83
2024-01-10 23:36:34,47.13,27.88
2024-01-10 23:39:00,46.22,26.15
2024-01-10 23:41:27,49.72,26.9
2024-01-10 23:43:53,52.2,27.33
2024-01-10 23:46:19,46.97,27.8
2024-01-10 23:48:46,46.88,28.6
2024-01-10 23:51:12,41.45,23.48
2024-01-10 23:53:40,45.4,27.4
2024-01-10 23:56:06,46.9,23.75
2024-01-10 23:58:33,49.15,26.15
2024-01-11 00:00:59,41.72,26.55
2024-01-11 00:03:25,36.03,20.05
2024-01-11 00:05:51,46.35,25.8
2024-01-11 00:08:17,51.38,27.9
2024-01-11 00:10:43,42.75,25.33
2024-01-11 00:13:09,39.1,23.38
2024-01-11 00:15:36,45.67,24.52
2024-01-11 00:18:02,36.55,20.4
2024-01-11 00:20:28,37.2,20.92
2024-01-11 00:22:59,39.15,22.0
2024-01-11 00:25:26,30.58,17.55
2024-01-11 00:27:52,29.3,18.1
2024-01-11 00:30:18,32.08,17.0
2024-01-11 00:32:47,26.83,14.55
2024-01-11 00:35:13,27.4,14.8
2024-01-11 00:37:39,24.38,14.68
2024-01-11 00:40:06,23.15,13.98
2024-01-11 00:42:32,27.33,14.85
2024-01-11 00:44:59,27.45,13.63
2024-01-11 00:47:26,30.08,15.65
2024-01-11 00:49:52,29.1,17.25
2024-01-11 00:52:19,24.75,13.88
2024-01-11 00:54:45,22.38,13.73
2024-01-11 00:57:11,25.8,13.77
2024-01-11 00:59:37,22.65,13.35
2024-01-11 01:02:03,27.05,14.32
2024-01-11 01:04:29,24.2,13.4
2024-01-11 01:06:56,23.38,13.75
2024-01-11 01:09:22,24.02,14.57
2024-01-11 01:11:48,22.25,13.93
2024-01-11 01:14:15,25.23,14.75
2024-01-11 01:16:41,28.6,15.82
2024-01-11 01:19:08,26.83,15.38
2024-01-11 01:21:34,33.3,17.58
2024-01-11 01:24:00,29.15,15.85
2024-01-11 01:26:26,29.13,15.48
2024-01-11 01:28:52,29.25,15.9
2024-01-11 01:31:19,25.05,14.98
2024-01-11 01:33:45,28.3,16.1
2024-01-11 01:36:11,29.48,16.52
2024-01-11 01:38:38,30.65,16.73
2024-01-11 01:41:04,27.83,16.3
2024-01-11 01:43:30,30.2,15.75
2024-01-11 01:45:56,25.35,16.1
2024-01-11 01:48:23,24.15,13.7
2024-01-11 01:50:49,25.33,14.57
2024-01-11 01:53:22,26.7,15.57
2024-01-11 01:55:51,28.2,16.2
2024-01-11 01:58:18,34.5,16.98
2024-01-11 02:00:44,29.33,15.52
2024-01-11 02:03:11,28.9,16.02
2024-01-11 02:05:38,30.02,15.27
2024-01-11 02:08:05,30.88,16.05
2024-01-11 02:10:33,27.83,15.15
2024-01-11 02:13:03,29.1,16.83
2024-01-11 02:15:30,28.67,17.08
2024-01-11 02:17:56,28.8,16.9
2024-01-11 02:20:22,29.05,17.23
2024-01-11 02:22:50,29.0,17.13
2024-01-11 02:25:18,31.23,17.45
2024-01-11 02:27:46,28.1,16.88
2024-01-11 02:30:13,24.65,16.83
2024-01-11 02:32:39,31.52,17.6
2024-01-11 02:35:05,35.67,18.33
2024-01-11 02:37:31,28.55,17.7
2024-01-11 02:39:58,29.95,19.15
2024-01-11 02:42:24,34.0,18.98
2024-01-11 02:44:50,29.52,18.88
2024-01-11 02:47:16,33.38,20.1
2024-01-11 02:49:42,30.45,19.2
2024-01-11 02:52:08,35.75,19.73
2024-01-11 02:54:34,34.9,20.27
2024-01-11 02:57:00,36.97,19.95
2024-01-11 02:59:27,34.2,20.7
2024-01-11 03:01:53,36.17,19.95
2024-01-11 03:04:19,36.92,20.95
2024-01-11 03:06:45,34.67,21.92
2024-01-11 03:09:11,30.45,19.9
2024-01-11 03:11:38,32.53,19.77
2024-01-11 03:14:04,32.8,18.08
2024-01-11 03:16:30,31.92,18.27
2024-01-11 03:18:56,28.27,17.38
2024-01-11 03:21:22,32.25,16.77
2024-01-11 03:23:48,32.13,17.13
2024-01-11 03:26:18,27.88,16.02
2024-01-11 03:28:44,34.22,17.17
2024-01-11 03:31:10,30.08,16.05
2024-01-11 03:33:36,30.48,17.13
2024-01-11 03:36:11,28.65,16.38
2024-01-11 03:38:38,30.52,17.52
2024-01-11 03:41:07,27.33,16.48
2024-01-11 03:43:34,30.13,16.1
2024-01-11 03:46:01,29.58,17.42
2024-01-11 03:48:27,29.05,17.2
2024-01-11 03:50:53,30.67,15.6
2024-01-11 03:53:21,29.63,15.6
2024-01-11 03:55:47,29.95,17.42
2024-01-11 03:58:13,30.4,17.92
2024-01-11 04:00:39,28.55,17.2
2024-01-11 04:03:06,30.63,17.23
2024-01-11 04:05:32,29.0,17.23
2024-01-11 04:07:58,30.85,17.17
2024-01-11 04:10:24,33.2,16.63
2024-01-11 04:12:50,28.8,17.4
2024-01-11 04:15:17,29.42,17.1
2024-01-11 04:17:43,32.0,17.85
2024-01-11 04:20:10,28.38,16.83
2024-01-11 04:22:36,31.08,17.38
2024-01-11 04:25:02,33.03,17.85
2024-01-11 04:27:28,30.05,18.08
2024-01-11 04:29:54,36.1,18.3
2024-01-11 04:32:20,31.88,17.7
2024-01-11 04:34:46,24.5,16.0
2024-01-11 04:37:13,32.08,17.25
2024-01-11 04:39:39,31.05,17.0
2024-01-11 04:42:05,30.48,17.13
2024-01-11 04:44:31,29.85,18.23
2024-01-11 04:46:57,33.83,18.6
2024-01-11 04:49:23,28.38,17.27
2024-01-11 04:51:49,28.15,16.52
2024-01-11 04:54:15,24.88,16.02
2024-01-11 04:56:42,27.05,15.95
2024-01-11 04:59:08,29.95,17.48
2024-01-11 05:01:34,26.67,17.9
2024-01-11 05:04:00,25.85,16.15
2024-01-11 05:06:26,26.63,13.95
2024-01-11 05:08:55,24.98,13.68
2024-01-11 05:11:21,23.92,14.3
2024-01-11 05:13:49,25.15,15.68
2024-01-11 05:16:28,25.7,15.63
2024-01-11 05:18:55,24.42,15.1
2024-01-11 05:21:21,23.77,14.32
2024-01-11 05:23:48,27.7,15.25
2024-01-11 05:26:16,23.7,13.75
2024-01-11 05:28:42,22.7,13.23
2024-01-11 05:31:09,23.08,14.48
2024-01-11 05:33:36,25.23,13.4
2024-01-11 05:36:02,21.13,13.75
2024-01-11 05:38:28,20.65,12.6
2024-01-11 05:40:54,22.98,13.1
2024-01-11 05:43:23,22.63,13.45
2024-01-11 05:45:52,19.3,13.0
2024-01-11 05:48:18,22.55,13.4
2024-01-11 05:50:44,18.33,12.1
2024-01-11 05:53:11,28.65,14.07
2024-01-11 05:55:37,23.85,12.75
2024-01-11 05:58:03,22.65,13.68
2024-01-11 06:00:29,23.75,13.6
2024-01-11 06:02:56,23.6,13.75
2024-01-11 06:05:22,22.05,12.63
2024-01-11 06:07:48,21.6,13.32
2024-01-11 06:10:14,23.85,13.73
2024-01-11 06:12:42,22.23,13.48
2024-01-11 06:15:08,25.75,13.02
2024-01-11 06:17:35,25.95,13.8
2024-01-11 06:20:01,25.92,14.1
2024-01-11 06:22:27,23.7,13.88
2024-01-11 06:24:53,28.6,15.23
2024-01-11 06:27:19,31.27,15.32
2024-01-11 06:29:46,27.25,15.27
2024-01-11 06:32:12,30.85,15.48
2024-01-11 06:34:38,27.13,14.25
2024-01-11 06:37:06,26.45,15.55
2024-01-11 06:39:32,27.02,14.2
2024-01-11 06:41:58,30.33,16.5
2024-01-11 06:44:24,23.17,13.32
2024-01-11 06:46:51,25.45,15.07
2024-01-11 06:49:17,27.38,14.88
2024-01-11 06:51:43,24.45,14.27
2024-01-11 06:54:11,23.6,12.27
2024-01-11 06:56:37,25.9,14.68
2024-01-11 06:59:03,22.9,14.0
2024-01-11 07:01:30,26.55,14.57
2024-01-11 07:03:56,28.4,14.88
2024-01-11 07:06:24,25.42,14.35
2024-01-11 07:08:50,24.25,15.2
2024-01-11 07:11:16,34.03,17.13
2024-01-11 07:13:42,25.67,14.7
2024-01-11 07:16:09,29.15,15.8
2024-01-11 07:18:35,28.6,15.73
2024-01-11 07:21:01,25.6,15.4
2024-01-11 07:23:27,31.13,17.5
2024-01-11 07:25:53,24.35,14.52
2024-01-11 07:28:19,28.92,14.27
2024-01-11 07:30:53,27.23,16.13
2024-01-11 07:33:20,27.98,16.92
2024-01-11 07:35:46,30.95,18.05
2024-01-11 07:38:13,29.77,17.85
2024-01-11 07:40:39,35.75,19.2
2024-01-11 07:43:05,29.0,16.67
2024-01-11 07:45:31,27.35,17.08
2024-01-11 07:48:00,29.45,16.75
2024-01-11 07:50:28,27.75,17.58
2024-01-11 07:52:54,36.55,19.0
2024-01-11 07:55:21,28.52,18.17
2024-01-11 07:57:49,34.05,18.9
2024-01-11 08:00:15,30.92,18.2
2024-01-11 08:02:41,29.0,17.3
2024-01-11 08:05:08,30.3,17.55
2024-01-11 08:07:34,29.48,18.02
2024-01-11 08:10:01,31.55,17.08
2024-01-11 08:12:29,29.42,16.85
2024-01-11 08:14:55,30.42,16.15
2024-01-11 08:17:21,29.45,16.4
2024-01-11 08:19:48,29.23,15.63
2024-01-11 08:22:14,31.0,16.33
2024-01-11 08:24:41,27.95,15.32
2024-01-11 08:27:07,27.55,15.7
2024-01-11 08:29:33,27.77,15.2
2024-01-11 08:31:59,29.52,16.15
2024-01-11 08:34:29,28.88,16.88
2024-01-11 08:36:55,29.55,17.48
2024-01-11 08:39:21,30.0,17.05
2024-01-11 08:41:48,30.7,19.17
2024-01-11 08:44:14,31.42,17.92
2024-01-11 08:46:40,29.13,18.38
2024-01-11 08:49:06,31.55,18.65
2024-01-11 08:51:33,31.08,18.65
2024-01-11 08:53:59,34.63,19.13
2024-01-11 08:56:27,31.0,18.55
2024-01-11 08:58:53,35.08,20.3
2024-01-11 09:01:19,31.65,19.17
2024-01-11 09:03:45,35.83,20.23
2024-01-11 09:06:13,34.8,21.25
2024-01-11 09:08:39,36.97,21.23
2024-01-11 09:11:10,36.25,21.75
2024-01-11 09:13:36,39.67,21.58
2024-01-11 09:16:02,34.5,20.42
2024-01-11 09:18:29,32.88,20.52
2024-01-11 09:20:55,35.33,21.75
2024-01-11 09:23:22,38.08,22.85
2024-01-11 09:25:48,36.85,22.13
2024-01-11 09:28:14,38.15,22.45
2024-01-11 09:30:40,41.1,23.17
2024-01-11 09:33:07,36.5,21.88
2024-01-11 09:35:34,38.72,22.73
2024-01-11 09:38:00,40.35,24.23
2024-01-11 09:40:26,42.95,24.0
2024-01-11 09:42:52,39.1,23.73
2024-01-11 09:45:18,41.85,22.48
2024-01-11 09:47:45,39.58,21.77
2024-01-11 09:50:11,36.85,21.85
2024-01-11 09:52:46,32.53,19.4
2024-01-11 09:55:13,29.58,17.8
2024-01-11 09:57:41,32.75,20.35
2024-01-11 10:00:09,33.03,20.0
2024-01-11 10:02:38,31.58,20.85
2024-01-11 10:05:05,33.83,19.05
2024-01-11 10:07:31,30.8,20.4
2024-01-11 10:09:58,36.05,20.58
2024-01-11 10:12:25,33.42,19.13
2024-01-11 10:14:51,33.13,19.67
2024-01-11 10:17:17,31.8,20.77
2024-01-11 10:19:43,52.8,23.65
2024-01-11 10:22:10,30.67,21.45
2024-01-11 10:24:42,37.0,20.42
2024-01-11 10:27:09,34.3,21.65
2024-01-11 10:29:37,38.28,22.67
2024-01-11 10:32:04,35.97,21.75
2024-01-11 10:34:30,34.67,20.1
2024-01-11 10:36:56,34.95,20.5
2024-01-11 10:39:24,34.92,18.4
2024-01-11 10:42:03,35.5,20.55
2024-01-11 10:44:30,35.5,20.73
2024-01-11 10:47:02,31.9,20.52
2024-01-11 10:49:31,34.1,20.23
2024-01-11 10:51:59,44.38,21.42
2024-01-11 10:54:28,32.47,19.88
2024-01-11 10:56:56,34.75,21.4
2024-01-11 10:59:25,42.38,24.15
2024-01-11 11:01:53,36.97,22.33
2024-01-11 11:04:21,41.53,22.67
2024-01-11 11:06:54,41.17,24.13
2024-01-11 11:09:22,44.13,22.5
2024-01-11 11:11:49,35.03,21.8
2024-01-11 11:14:15,36.38,21.4
2024-01-11 11:16:42,38.47,22.23
2024-01-11 11:19:10,47.63,23.77
2024-01-11 11:21:43,37.58,23.7
2024-01-11 11:24:10,38.65,22.67
2024-01-11 11:26:36,37.47,22.65
2024-01-11 11:29:05,38.28,22.48
2024-01-11 11:31:52,36.95,22.42
2024-01-11 11:34:21,34.83,22.3
2024-01-11 11:37:06,35.45,20.35
2024-01-11 11:39:32,37.13,22.45
2024-01-11 11:41:59,37.17,21.3
2024-01-11 11:44:26,39.88,23.4
2024-01-11 11:46:52,39.95,23.05
2024-01-11 11:49:19,38.95,21.75
2024-01-11 11:51:45,40.83,23.83
2024-01-11 11:54:11,35.47,21.13
2024-01-11 11:56:41,36.05,22.5
2024-01-11 11:59:07,32.05,21.25
2024-01-11 12:01:33,35.33,22.1
2024-01-11 12:04:01,35.2,21.65
2024-01-11 12:06:27,38.42,24.35
2024-01-11 12:08:54,41.03,23.02
2024-01-11 12:11:20,39.35,23.4
2024-01-11 12:13:50,41.83,23.3
2024-01-11 12:16:18,33.03,21.42
2024-01-11 12:18:44,39.0,18.67
2024-01-11 12:21:10,37.58,21.92
2024-01-11 12:23:38,29.9,17.8
2024-01-11 12:26:06,37.42,20.48
2024-01-11 12:28:38,35.3,20.27
2024-01-11 12:31:04,38.97,20.42
2024-01-11 12:33:34,31.75,19.63
2024-01-11 12:36:02,32.97,18.25
2024-01-11 12:38:28,37.6,20.63
2024-01-11 12:40:54,34.1,20.05
2024-01-11 12:43:20,28.0,15.43
2024-01-11 12:45:46,27.3,15.63
2024-01-11 12:48:12,28.6,17.33
2024-01-11 12:50:41,37.92,21.77
2024-01-11 12:53:10,31.08,15.15
2024-01-11 12:55:42,36.15,22.05
2024-01-11 12:58:09,33.85,20.3
2024-01-11 13:00:35,27.73,15.05
2024-01-11 13:03:02,29.13,16.3
2024-01-11 13:05:28,33.4,20.65
2024-01-11 13:08:00,28.92,17.58
2024-01-11 13:10:27,32.72,19.5
2024-01-11 13:12:53,34.97,18.98
2024-01-11 13:15:20,35.95,21.75
2024-01-11 13:17:46,34.33,18.65
2024-01-11 13:20:13,42.75,25.42
2024-01-11 13:22:40,33.9,20.65
2024-01-11 13:25:06,33.9,17.95
2024-01-11 13:27:32,25.6,15.55
2024-01-11 13:29:59,29.75,18.42
2024-01-11 13:32:25,35.42,18.42
2024-01-11 13:34:51,37.15,20.5
2024-01-11 13:37:20,32.85,16.52
2024-01-11 13:39:46,27.67,16.02
2024-01-11 13:42:13,30.55,18.0
2024-01-11 13:44:41,29.3,15.02
2024-01-11 13:47:07,29.1,17.13
2024-01-11 13:49:33,29.23,17.27
2024-01-11 13:51:59,30.77,17.9
2024-01-11 13:54:25,29.02,17.67
2024-01-11 13:56:52,30.7,17.73
2024-01-11 13:59:18,30.73,17.9
2024-01-11 14:01:45,32.5,18.98
2024-01-11 14:04:11,36.58,21.77
2024-01-11 14:06:38,36.35,21.27
2024-01-11 14:09:04,34.05,21.8
2024-01-11 14:11:34,50.28,27.9
2024-01-11 14:14:04,33.33,21.15
2024-01-11 14:16:30,38.35,22.02
2024-01-11 14:18:56,37.35,21.02
2024-01-11 14:21:22,38.92,20.98
2024-01-11 14:23:49,41.58,21.95
2024-01-11 14:26:16,35.3,19.92
2024-01-11 14:28:43,36.22,18.73
2024-01-11 14:31:11,41.3,18.73
2024-01-11 14:33:37,36.08,17.52
2024-01-11 14:36:04,35.7,18.25
2024-01-11 14:38:30,48.92,19.1
2024-01-11 14:40:56,44.3,24.92
2024-01-11 14:43:22,34.38,19.15
2024-01-11 14:45:48,32.92,18.23
2024-01-11 14:48:16,33.2,17.58
2024-01-11 14:50:42,31.4,17.13
2024-01-11 14:53:09,35.3,19.02
2024-01-11 14:55:35,39.38,20.38
2024-01-11 14:58:02,44.4,24.05
2024-01-11 15:00:28,40.08,23.05
2024-01-11 15:02:55,46.65,24.58
2024-01-11 15:05:21,43.4,23.75
2024-01-11 15:07:47,41.08,21.83
2024-01-11 15:10:13,43.7,22.05
2024-01-11 15:12:39,38.22,22.73
2024-01-11 15:15:05,47.05,21.55
2024-01-11 15:17:32,39.65,19.7
2024-01-11 15:19:58,45.1,22.0
2024-01-11 15:22:24,40.3,22.38
2024-01-11 15:24:52,38.38,20.95
2024-01-11 15:27:19,22.67,10.93
2024-01-11 15:29:46,19.0,9.23
2024-01-11 15:32:12,26.4,11.8
2024-01-11 15:34:39,39.2,19.02
2024-01-11 15:37:06,19.98,11.45
2024-01-11 15:39:33,26.63,13.82
2024-01-11 15:42:00,26.4,13.65
2024-01-11 15:44:28,21.65,10.95
2024-01-11 15:46:54,29.92,13.55
2024-01-11 15:49:21,25.52,13.05
2024-01-11 15:51:47,29.42,14.95
2024-01-11 15:54:13,33.0,15.85
2024-01-11 15:56:40,22.92,11.23
2024-01-11 15:59:06,27.77,13.25
2024-01-11 16:01:32,27.88,12.35
2024-01-11 16:04:01,33.47,16.4
2024-01-11 16:06:27,40.53,18.42
2024-01-11 16:08:53,41.33,21.05
2024-01-11 16:11:20,55.5,26.25
2024-01-11 16:13:46,75.63,36.05
2024-01-11 16:16:13,80.32,36.8
2024-01-11 16:18:39,69.97,36.35
2024-01-11 16:21:06,57.72,31.73
2024-01-11 16:23:32,52.13,31.95
2024-01-11 16:25:59,48.72,29.83
2024-01-11 16:28:25,47.8,28.13
2024-01-11 16:30:51,59.67,31.4
2024-01-11 16:33:18,71.1,36.4
2024-01-11 16:35:44,70.9,38.95
2024-01-11 16:38:14,79.53,39.53
2024-01-11 16:40:40,67.47,34.97
2024-01-11 16:43:06,61.67,35.1
2024-01-11 16:45:36,75.05,36.95
2024-01-11 16:48:02,119.72,52.9
2024-01-11 16:50:32,71.1,36.47
2024-01-11 16:53:00,69.3,37.9
2024-01-11 16:55:26,74.45,42.4
2024-01-11 16:57:52,128.07,54.72
2024-01-11 17:00:19,112.5,51.45
2024-01-11 17:02:45,81.15,39.67
2024-01-11 17:05:11,79.45,40.08
2024-01-11 17:07:37,81.47,40.67
2024-01-11 17:10:04,96.95,47.28
2024-01-11 17:12:30,74.93,37.25
2024-01-11 17:14:56,67.53,34.85
2024-01-11 17:17:23,76.15,37.38
2024-01-11 17:19:49,49.35,23.9
2024-01-11 17:22:15,45.13,21.48
2024-01-11 17:24:41,42.65,22.55
2024-01-11 17:27:07,47.78,26.13
2024-01-11 17:29:34,63.65,31.65
2024-01-11 17:32:01,84.4,40.92
2024-01-11 17:34:27,77.1,40.6
2024-01-11 17:36:53,83.53,39.45
2024-01-11 17:39:20,70.75,38.25
2024-01-11 17:41:48,70.78,34.4
2024-01-11 17:44:14,75.15,36.53
2024-01-11 17:46:40,72.63,38.35
2024-01-11 17:49:07,62.8,31.77
2024-01-11 17:51:34,63.47,36.78
2024-01-11 17:54:00,65.8,37.3
2024-01-11 17:56:26,64.22,37.0
2024-01-11 17:58:52,74.9,38.35
2024-01-11 18:01:24,73.63,36.0
2024-01-11 18:03:50,57.1,32.15
2024-01-11 18:06:16,66.18,33.95
2024-01-11 18:08:42,60.45,33.75
2024-01-11 18:11:09,72.47,38.1
2024-01-11 18:13:36,74.55,36.17
2024-01-11 18:16:03,80.15,40.13
2024-01-11 18:18:30,91.1,45.0
2024-01-11 18:20:56,154.35,64.13
2024-01-11 18:23:22,144.65,66.68
2024-01-11 18:25:48,133.15,59.85
2024-01-11 18:28:17,155.07,69.57
2024-01-11 18:30:43,124.4,64.4
2024-01-11 18:33:11,100.4,48.45
2024-01-11 18:35:37,108.78,52.9
2024-01-11 18:38:04,121.2,61.13
2024-01-11 18:40:30,114.47,54.95
2024-01-11 18:42:56,103.63,52.1
2024-01-11 18:45:24,97.85,48.3
2024-01-11 18:47:50,74.25,40.63
2024-01-11 18:50:17,73.53,39.25
2024-01-11 18:52:43,74.45,41.6
2024-01-11 18:55:11,78.97,42.0
2024-01-11 18:57:37,86.07,44.63
2024-01-11 19:00:04,88.28,46.65
2024-01-11 19:02:31,85.65,46.58
2024-01-11 19:04:57,98.7,50.3
2024-01-11 19:07:23,95.75,46.8
2024-01-11 19:09:49,68.05,37.42
2024-01-11 19:12:15,80.75,43.15
2024-01-11 19:14:44,91.55,48.83
2024-01-11 19:17:10,104.97,51.65
2024-01-11 19:19:36,85.05,47.85
2024-01-11 19:22:02,86.35,44.15
2024-01-11 19:24:29,109.22,54.7
2024-01-11 19:26:57,98.93,53.63
2024-01-11 19:29:26,90.6,50.47
2024-01-11 19:31:52,74.07,41.7
2024-01-11 19:34:26,123.7,58.45
2024-01-11 19:36:52,110.2,54.33
2024-01-11 19:39:18,112.25,53.55
2024-01-11 19:41:44,96.18,46.67
2024-01-11 19:44:11,94.7,48.75
2024-01-11 19:46:40,92.7,47.35
2024-01-11 19:49:21,75.5,39.85
2024-01-11 19:51:52,55.75,28.8
2024-01-11 19:57:34,56.83,30.2
2024-01-11 20:00:00,63.38,32.97
2024-01-11 20:02:27,52.25,30.3
2024-01-11 20:04:55,55.4,31.83
2024-01-11 20:07:33,65.47,34.47
2024-01-11 20:10:08,74.1,39.8
2024-01-11 20:12:43,64.78,36.83
2024-01-11 20:15:26,64.8,31.65
2024-01-11 20:17:54,74.3,38.17
2024-01-11 20:20:44,67.3,35.47
2024-01-11 20:23:26,71.95,38.17
2024-01-11 20:29:02,55.2,28.63
2024-01-11 20:31:30,62.3,34.45
2024-01-11 20:33:57,66.6,34.92
2024-01-11 20:36:29,59.63,30.83
2024-01-11 20:39:00,64.68,33.15
2024-01-11 20:41:29,64.3,34.97
2024-01-11 20:43:59,77.78,39.3
2024-01-11 20:46:28,70.75,36.72
2024-01-11 20:48:54,91.88,45.65
2024-01-11 20:51:23,79.2,36.28
2024-01-11 20:53:51,74.78,35.78
2024-01-11 20:56:21,73.0,35.97
2024-01-11 20:58:51,85.35,37.7
2024-01-11 21:01:17,69.53,36.25
2024-01-11 21:03:45,75.78,40.17
2024-01-11 21:06:22,64.7,31.38
2024-01-11 21:08:50,77.6,35.38
2024-01-11 21:11:17,96.47,40.95
2024-01-11 21:13:46,82.4,38.95
2024-01-11 21:16:12,65.55,30.85
2024-01-11 21:18:41,62.35,31.77
2024-01-11 21:21:08,23.3,13.68
2024-01-11 21:23:35,56.1,26.15
2024-01-11 21:26:02,57.72,27.05
2024-01-11 21:28:28,35.9,18.6
2024-01-11 21:30:54,36.78,20.88
2024-01-11 21:33:20,51.63,26.65
2024-01-11 21:35:48,58.13,28.48
2024-01-11 21:38:16,52.6,26.38
2024-01-11 21:40:42,58.65,30.1
2024-01-11 21:43:08,58.95,30.05
2024-01-11 21:45:34,55.65,27.92
2024-01-11 21:48:01,65.8,31.63
2024-01-11 21:50:27,51.72,26.13
2024-01-11 21:52:56,45.67,23.83
2024-01-11 21:55:22,53.85,27.45
2024-01-11 21:57:49,56.92,28.9
2024-01-11 22:00:15,48.8,26.67
2024-01-11 22:02:42,61.25,31.25
2024-01-11 22:05:08,64.2,31.3
2024-01-11 22:07:34,56.83,30.38
2024-01-11 22:10:00,67.65,34.13
2024-01-11 22:12:26,74.7,35.58
2024-01-11 22:14:52,76.43,37.58
2024-01-11 22:17:18,70.57,35.65
2024-01-11 22:19:44,74.18,37.83
2024-01-11 22:22:12,72.45,39.1
2024-01-11 22:24:38,70.18,36.15
2024-01-11 22:27:04,67.15,34.45
2024-01-11 22:29:30,76.72,37.55
2024-01-11 22:31:56,80.95,39.4
2024-01-11 22:34:24,82.53,39.9
2024-01-11 22:36:50,95.93,50.38
2024-01-11 22:39:17,101.57,49.42
2024-01-11 22:41:43,92.78,47.35
2024-01-11 22:44:09,86.65,40.2
2024-01-11 22:46:35,77.38,40.55
2024-01-11 22:49:01,80.8,43.25
2024-01-11 22:51:29,94.15,42.42
2024-01-11 22:53:55,100.53,45.9
2024-01-11 22:56:22,56.1,31.85
2024-01-11 22:58:48,51.53,27.13
2024-01-11 23:01:14,67.93,32.53
2024-01-11 23:03:40,79.2,39.6
2024-01-11 23:06:06,99.7,48.65
2024-01-11 23:08:32,98.28,47.9
2024-01-11 23:10:58,76.07,37.97
2024-01-11 23:13:27,82.6,43.2
2024-01-11 23:15:54,81.2,37.9
2024-01-11 23:18:20,57.45,29.83
2024-01-11 23:20:46,67.8,36.5
2024-01-11 23:23:12,78.5,38.13
2024-01-11 23:25:38,52.53,31.95
2024-01-11 23:28:04,81.15,40.92
2024-01-11 23:30:31,89.47,47.63
2024-01-11 23:32:59,62.92,33.75
2024-01-11 23:35:25,59.72,32.15
2024-01-11 23:37:51,68.25,35.97
2024-01-11 23:40:18,64.15,35.45
2024-01-11 23:42:44,74.07,36.47
2024-01-11 23:45:10,69.8,36.38
2024-01-11 23:47:36,57.13,29.02
2024-01-11 23:50:02,56.67,33.8
2024-01-11 23:52:28,64.18,29.83
2024-01-11 23:54:54,55.17,30.3
2024-01-11 23:57:20,57.25,28.9
2024-01-11 23:59:47,63.6,32.67
2024-01-12 00:02:13,58.35,30.55
2024-01-12 00:04:39,60.63,29.3
2024-01-12 00:07:05,64.1,29.95
2024-01-12 00:09:31,53.5,26.55
2024-01-12 00:11:58,61.33,29.6
2024-01-12 00:14:24,59.97,30.13
2024-01-12 00:16:50,45.3,23.6
2024-01-12 00:19:18,53.72,29.35
2024-01-12 00:21:45,60.25,29.4
2024-01-12 00:24:12,66.18,30.58
2024-01-12 00:26:38,53.08,28.05
2024-01-12 00:29:04,54.25,28.52
2024-01-12 00:31:30,54.22,27.77
2024-01-12 00:33:56,55.35,30.48
2024-01-12 00:36:22,52.5,28.8
2024-01-12 00:38:48,62.92,32.15
2024-01-12 00:41:15,49.05,24.85
2024-01-12 00:43:41,55.2,27.55
2024-01-12 00:46:07,60.47,28.15
2024-01-12 00:48:33,53.22,27.35
2024-01-12 00:50:59,59.25,30.63
2024-01-12 00:53:25,53.55,29.88
2024-01-12 00:55:53,62.15,32.97
2024-01-12 00:58:19,62.28,32.78
2024-01-12 01:00:45,60.5,30.67
2024-01-12 01:03:11,50.58,28.9
2024-01-12 01:05:37,60.38,31.42
2024-01-12 01:08:03,56.17,27.1
2024-01-12 01:10:29,50.85,29.33
2024-01-12 01:12:56,58.4,29.25
2024-01-12 01:15:22,52.88,28.73
2024-01-12 01:17:48,51.85,27.5
2024-01-12 01:20:14,50.42,28.35
2024-01-12 01:22:41,49.17,27.58
2024-01-12 01:25:07,57.03,27.33
2024-01-12 01:27:35,52.8,25.67
2024-01-12 01:30:01,59.7,28.45
2024-01-12 01:32:28,53.2,28.92
2024-01-12 01:34:54,55.83,27.48
2024-01-12 01:37:21,47.08,25.73
2024-01-12 01:39:47,62.05,30.3
2024-01-12 01:42:13,51.92,25.55
2024-01-12 01:44:39,47.72,25.58
2024-01-12 01:47:06,56.38,29.92
2024-01-12 01:49:32,42.9,23.2
2024-01-12 01:51:58,55.3,28.23
2024-01-12 01:54:24,57.3,27.38
2024-01-12 01:56:51,57.97,25.42
2024-01-12 01:59:17,54.8,27.15
2024-01-12 02:01:43,58.85,28.95
2024-01-12 02:04:09,62.03,28.17
2024-01-12 02:06:36,52.28,24.35
2024-01-12 02:09:02,49.6,24.8
2024-01-12 02:11:29,65.57,29.1
2024-01-12 02:13:55,50.22,23.23
2024-01-12 02:16:21,50.28,25.92
2024-01-12 02:18:48,51.25,24.13
2024-01-12 02:21:14,52.6,29.13
2024-01-12 02:23:40,58.08,25.48
2024-01-12 02:26:06,47.03,25.17
2024-01-12 02:28:32,61.63,24.85
2024-01-12 02:30:59,57.78,25.67
2024-01-12 02:33:25,51.38,23.73
2024-01-12 02:35:51,51.0,24.67
2024-01-12 02:38:17,63.28,27.58
2024-01-12 02:40:43,55.08,25.55
2024-01-12 02:43:09,56.47,28.02
2024-01-12 02:45:35,52.25,26.45
2024-01-12 02:48:02,53.6,27.92
2024-01-12 02:50:28,56.38,27.3
2024-01-12 02:52:54,56.67,27.8
2024-01-12 02:55:20,52.75,24.48
2024-01-12 02:57:46,46.2,23.2
2024-01-12 03:00:12,55.2,26.48
2024-01-12 03:02:39,38.35,21.17
2024-01-12 03:05:05,50.6,22.73
2024-01-12 03:07:31,21.02,12.93
2024-01-12 03:09:58,36.38,18.75
2024-01-12 03:12:24,42.85,22.33
2024-01-12 03:14:50,33.55,17.0
2024-01-12 03:17:16,46.5,21.55
2024-01-12 03:19:42,46.55,21.25
2024-01-12 03:22:08,43.33,21.45
2024-01-12 03:24:34,38.42,19.52
2024-01-12 03:27:00,44.42,20.55
2024-01-12 03:29:27,50.58,20.98
2024-01-12 03:31:53,47.35,22.52
2024-01-12 03:34:19,37.97,19.5
2024-01-12 03:36:45,42.25,18.63
2024-01-12 03:39:11,39.78,21.88
2024-01-12 03:41:37,39.47,18.75
2024-01-12 03:44:03,37.13,19.58
2024-01-12 03:46:29,25.88,15.65
2024-01-12 03:48:55,37.3,18.73
2024-01-12 03:51:21,42.25,20.02
2024-01-12 03:53:47,43.97,20.8
2024-01-12 03:56:14,30.08,16.95
2024-01-12 03:58:40,40.92,20.95
2024-01-12 04:01:06,38.95,19.65
2024-01-12 04:03:33,56.67,25.33
2024-01-12 04:05:59,41.8,22.02
2024-01-12 04:08:25,43.3,21.83
2024-01-12 04:10:51,42.05,19.95
2024-01-12 04:13:17,51.15,22.05
2024-01-12 04:15:43,41.35,21.52
2024-01-12 04:18:09,38.47,20.73
2024-01-12 04:20:36,40.8,20.42
2024-01-12 04:23:03,41.08,20.75
2024-01-12 04:25:29,41.5,20.42
2024-01-12 04:27:55,47.4,22.73
2024-01-12 04:30:21,44.28,21.13
2024-01-12 04:32:47,36.35,19.55
2024-01-12 04:35:13,35.58,19.15
2024-01-12 04:37:39,39.13,20.85
2024-01-12 04:40:06,27.1,15.32
2024-01-12 04:42:32,31.02,16.23
2024-01-12 04:44:58,30.33,15.65
2024-01-12 04:47:24,33.17,18.52
2024-01-12 04:49:50,30.92,16.08
2024-01-12 04:52:16,39.6,17.6
2024-01-12 04:54:42,36.95,18.0
2024-01-12 04:57:09,35.4,18.5
2024-01-12 04:59:35,42.35,19.67
2024-01-12 05:02:01,34.97,19.5
2024-01-12 05:04:27,37.35,18.6
2024-01-12 05:06:53,37.2,18.52
2024-01-12 05:09:19,34.17,18.38
2024-01-12 05:11:45,34.85,19.15
2024-01-12 05:14:12,39.55,19.88
2024-01-12 05:16:38,48.3,23.33
2024-01-12 05:19:04,54.42,25.45
2024-01-12 05:21:30,38.63,19.13
2024-01-12 05:23:56,43.72,21.88
2024-01-12 05:26:22,43.45,21.2
2024-01-12 05:28:48,45.05,22.58
2024-01-12 05:31:14,44.9,23.3
2024-01-12 05:33:41,42.25,21.38
2024-01-12 05:36:07,45.95,21.58
2024-01-12 05:38:33,40.5,19.42
2024-01-12 05:41:00,42.22,22.95
2024-01-12 05:43:26,50.22,23.95
2024-01-12 05:45:52,44.85,25.55
2024-01-12 05:48:18,45.83,21.17
2024-01-12 05:50:44,58.3,25.58
2024-01-12 05:53:10,53.33,20.58
2024-01-12 05:55:36,48.92,24.3
2024-01-12 05:58:03,47.38,23.75
2024-01-12 06:00:29,54.4,24.38
2024-01-12 06:02:55,47.13,24.6
2024-01-12 06:05:21,40.7,24.15
2024-01-12 06:07:47,46.78,24.23
2024-01-12 06:10:13,43.83,22.95
2024-01-12 06:12:40,62.1,27.4
2024-01-12 06:15:06,65.45,30.08
2024-01-12 06:17:32,76.32,32.5
2024-01-12 06:19:58,59.03,27.7
2024-01-12 06:22:24,52.78,25.67
2024-01-12 06:24:50,47.67,24.4
2024-01-12 06:27:16,41.25,18.65
2024-01-12 06:29:42,43.72,22.2
2024-01-12 06:32:09,40.05,19.65
2024-01-12 06:34:38,47.38,22.45
2024-01-12 06:37:04,46.45,22.08
2024-01-12 06:39:30,40.3,22.75
2024-01-12 06:41:56,47.53,21.85
2024-01-12 06:44:23,40.05,21.0
2024-01-12 06:46:50,48.75,23.23
2024-01-12 06:49:16,39.83,20.98
2024-01-12 06:51:42,46.22,21.75
2024-01-12 06:54:09,32.85,18.58
2024-01-12 06:56:35,37.13,18.92
2024-01-12 06:59:03,31.73,18.08
2024-01-12 07:01:29,32.55,17.73
2024-01-12 07:03:56,36.2,16.98
2024-01-12 07:06:24,31.67,17.52
2024-01-12 07:08:50,31.83,14.9
2024-01-12 07:11:16,29.83,13.75
2024-01-12 07:13:42,38.15,20.2
2024-01-12 07:16:09,43.55,20.63
2024-01-12 07:18:35,39.15,18.42
2024-01-12 07:21:01,34.13,17.77
2024-01-12 07:23:31,34.4,20.75
2024-01-12 07:25:57,35.47,19.67
2024-01-12 07:28:27,38.95,18.65
2024-01-12 07:30:53,42.95,22.7
2024-01-12 07:33:20,37.72,17.7
2024-01-12 07:35:46,38.58,21.55
2024-01-12 07:38:12,41.92,20.83
2024-01-12 07:40:38,20.0,13.0
2024-01-12 07:43:04,40.47,20.13
2024-01-12 07:45:31,40.8,21.1
2024-01-12 07:47:57,46.75,24.67
2024-01-12 07:50:23,39.78,21.35
2024-01-12 07:52:49,46.85,25.48
2024-01-12 07:55:15,48.95,23.55
2024-01-12 07:57:41,46.67,22.1
2024-01-12 08:00:07,32.28,16.67
2024-01-12 08:02:33,33.38,20.63
2024-01-12 08:05:00,38.28,20.85
2024-01-12 08:07:26,40.55,22.2
2024-01-12 08:09:52,47.0,24.15
2024-01-12 08:12:18,45.28,23.42
2024-01-12 08:14:44,43.92,23.1
2024-01-12 08:17:10,39.78,21.52
2024-01-12 08:19:36,44.0,22.45
2024-01-12 08:22:02,15.3,9.63
2024-01-12 08:24:29,45.5,25.02
2024-01-12 08:26:55,46.88,24.77
2024-01-12 08:29:21,49.15,25.33
2024-01-12 08:31:47,50.3,25.77
2024-01-12 08:34:16,55.53,27.0
2024-01-12 08:36:42,46.6,24.9
2024-01-12 08:39:08,45.0,26.48
2024-01-12 08:41:34,49.53,27.52
2024-01-12 08:44:01,52.95,28.7
2024-01-12 08:46:27,56.8,31.08
2024-01-12 08:48:53,56.33,30.7
2024-01-12 08:51:22,49.97,25.73
2024-01-12 08:53:49,48.25,24.83
2024-01-12 08:56:15,38.2,24.05
2024-01-12 08:58:42,38.05,20.5
2024-01-12 09:01:11,44.3,21.88
2024-01-12 09:03:38,43.38,23.42
2024-01-12 09:06:09,40.3,19.95
2024-01-12 09:08:48,36.5,21.73
2024-01-12 09:11:14,43.47,21.27
2024-01-12 09:13:40,32.92,17.1
2024-01-12 09:16:10,24.95,14.13
2024-01-12 09:18:36,26.8,14.7
2024-01-12 09:21:02,28.63,15.57
2024-01-12 09:23:28,31.27,15.35
2024-01-12 09:25:55,22.98,12.65
2024-01-12 09:28:28,18.77,10.27
2024-01-12 09:33:39,14.25,8.15
2024-01-12 09:45:06,33.15,12.4
2024-01-12 09:47:35,23.83,14.85
2024-01-12 09:50:08,33.2,16.13
2024-01-12 09:52:35,27.5,14.52
2024-01-12 09:55:04,32.35,15.43
2024-01-12 09:57:30,25.08,14.25
2024-01-12 09:59:57,21.8,12.13
2024-01-12 10:02:24,28.67,14.5
2024-01-12 10:04:51,22.55,14.52
2024-01-12 10:07:18,22.17,11.65
2024-01-12 10:09:52,24.95,14.25
2024-01-12 10:12:27,14.68,8.38
2024-01-12 10:17:50,23.65,13.23
2024-01-12 10:20:16,21.45,12.55
2024-01-12 10:22:43,22.52,11.85
2024-01-12 10:25:13,22.8,11.1
2024-01-12 10:27:39,25.35,12.88
2024-01-12 10:30:07,20.77,9.95
2024-01-12 10:32:33,23.05,10.75
2024-01-12 10:35:03,17.25,10.73
2024-01-12 10:37:32,11.88,7.43
2024-01-12 10:39:58,21.4,10.15
2024-01-12 10:42:26,17.63,10.6
2024-01-12 10:44:53,19.1,10.8
2024-01-12 10:47:27,17.52,10.5
2024-01-12 10:50:03,15.98,9.77
2024-01-12 10:58:04,15.07,8.73
2024-01-12 11:00:31,18.4,11.68
2024-01-12 11:02:58,20.73,10.75
2024-01-12 11:05:26,17.9,10.45
2024-01-12 11:07:54,19.77,10.32
2024-01-12 11:10:27,17.35,8.88
2024-01-12 11:12:58,16.0,8.32
2024-01-12 11:15:27,17.33,8.5
2024-01-12 11:17:53,13.95,5.5
2024-01-12 11:20:20,10.63,5.47
2024-01-12 11:22:48,7.63,5.3
2024-01-12 11:25:18,10.9,6.22
2024-01-12 11:27:48,6.7,5.18
2024-01-12 11:30:15,13.6,6.72
2024-01-12 11:32:59,10.0,5.13
2024-01-12 11:35:25,10.32,6.47
2024-01-12 11:40:28,11.63,7.1
2024-01-12 11:42:55,17.42,8.07
2024-01-12 11:45:23,19.25,10.63
2024-01-12 11:47:49,11.82,7.05
2024-01-12 11:50:16,9.88,5.88
2024-01-12 11:52:54,13.85,8.05
2024-01-12 11:55:21,11.7,7.5
2024-01-12 11:57:53,17.65,8.55
2024-01-12 12:00:20,14.52,7.9
2024-01-12 12:02:48,13.85,9.1
2024-01-12 12:05:14,11.5,6.65
2024-01-12 12:07:48,11.2,6.1
2024-01-12 12:10:16,10.93,5.6
2024-01-12 12:12:53,10.38,6.1
2024-01-12 12:15:27,6.85,4.7
2024-01-12 12:17:56,9.9,6.0
2024-01-12 12:20:23,14.7,6.97
2024-01-12 12:22:51,11.15,7.2
2024-01-12 12:25:18,13.63,7.65
2024-01-12 12:27:45,16.92,9.02
2024-01-12 12:30:12,14.88,8.75
2024-01-12 12:32:39,11.85,6.43
2024-01-12 12:35:19,12.07,6.72
2024-01-12 12:37:50,8.98,6.13
2024-01-12 12:40:20,12.43,7.97
2024-01-12 12:42:53,13.13,6.78
2024-01-12 12:45:29,8.57,5.35
2024-01-12 12:47:56,21.55,7.7
2024-01-12 12:50:25,11.45,6.93
2024-01-12 12:52:54,14.48,8.93
2024-01-12 12:55:20,15.23,8.27
2024-01-12 12:57:47,17.9,7.75
2024-01-12 13:00:13,15.15,7.5
2024-01-12 13:02:39,17.15,10.6
2024-01-12 13:05:06,12.35,6.97
2024-01-12 13:07:33,13.57,8.27
2024-01-12 13:09:59,18.13,8.38
2024-01-12 13:12:41,15.3,10.38
2024-01-12 13:15:16,17.25,9.6
2024-01-12 13:17:42,15.75,8.0
2024-01-12 13:20:17,16.23,10.57
2024-01-12 13:22:47,16.55,8.93
2024-01-12 13:25:14,15.4,8.35
2024-01-12 13:30:36,15.32,9.52
2024-01-12 13:33:02,18.33,9.7
2024-01-12 13:35:28,17.17,10.85
2024-01-12 13:37:54,13.35,8.3
2024-01-12 13:40:30,14.68,8.45
2024-01-12 13:42:56,17.63,8.73
2024-01-12 13:45:28,16.65,10.27
2024-01-12 13:47:56,14.77,8.98
2024-01-12 13:50:51,15.32,9.57
2024-01-12 13:53:23,21.17,10.63
2024-01-12 13:55:52,16.23,9.25
2024-01-12 13:58:18,16.48,9.5
2024-01-12 14:00:44,19.7,10.35
2024-01-12 14:03:11,20.02,10.05
2024-01-12 14:05:44,12.15,8.23
2024-01-12 14:08:14,18.67,9.57
2024-01-12 14:10:47,11.85,6.28
2024-01-12 14:13:33,16.25,8.75
2024-01-12 14:16:08,15.7,9.73
2024-01-12 14:18:56,19.33,9.77
2024-01-12 14:24:33,10.5,6.47
2024-01-12 14:26:59,14.32,9.25
2024-01-12 14:29:29,17.92,10.43
2024-01-12 14:31:55,17.98,11.2
2024-01-12 14:34:21,17.83,10.45
2024-01-12 14:36:50,17.27,10.3
2024-01-12 14:39:16,20.95,10.65
2024-01-12 14:41:47,16.5,10.18
2024-01-12 14:44:20,21.13,11.05
2024-01-12 14:46:53,20.35,9.63
2024-01-12 14:49:21,13.9,8.73
2024-01-12 14:52:13,24.85,11.45
2024-01-12 14:54:50,19.92,10.3
2024-01-12 14:57:19,19.65,10.88
2024-01-12 14:59:49,20.7,11.02
2024-01-12 15:02:15,19.05,10.43
2024-01-12 15:04:53,13.6,8.4
2024-01-12 15:07:21,20.5,10.88
2024-01-12 15:09:50,22.95,13.1
2024-01-12 15:12:16,20.9,11.15
2024-01-12 15:14:42,23.38,12.02
2024-01-12 15:17:18,14.57,8.32
2024-01-12 15:19:56,20.48,11.45
2024-01-12 15:22:24,16.95,8.65
2024-01-12 15:24:53,15.88,8.75
2024-01-12 15:27:25,18.9,9.52
2024-01-12 15:29:56,17.5,8.88
2024-01-12 15:32:39,20.83,10.05
2024-01-12 15:35:08,13.05,7.4
2024-01-12 15:37:34,16.65,8.52
2024-01-12 15:40:09,11.65,7.65
2024-01-12 15:42:36,15.07,8.35
2024-01-12 15:45:05,12.85,7.47
2024-01-12 15:47:37,14.7,8.0
2024-01-12 15:50:09,12.9,7.03
2024-01-12 15:52:35,11.43,8.05
2024-01-12 15:55:13,8.18,5.35
2024-01-12 16:00:32,10.52,5.93
2024-01-12 16:03:09,9.7,5.43
2024-01-12 16:05:35,11.02,7.1
2024-01-12 16:08:01,14.77,7.07
2024-01-12 16:10:32,10.48,5.65
2024-01-12 16:15:33,16.75,6.28
2024-01-12 16:18:08,14.77,7.47
2024-01-12 16:20:34,14.6,7.55
2024-01-12 16:23:06,8.88,4.7
2024-01-12 16:25:33,12.2,6.53
2024-01-12 16:28:01,13.63,6.07
2024-01-12 16:30:30,10.4,4.9
2024-01-12 16:33:06,13.38,6.5
2024-01-12 16:35:35,15.75,8.68
2024-01-12 16:38:01,13.98,7.72
2024-01-12 16:40:36,16.17,8.85
2024-01-12 16:43:29,7.22,4.4
2024-01-12 16:46:06,15.63,8.75
2024-01-12 16:48:33,17.55,8.13
2024-01-12 16:51:02,18.92,8.77
2024-01-12 16:53:28,19.13,8.3
2024-01-12 16:55:57,8.25,5.88
2024-01-12 16:58:27,12.75,6.6
2024-01-12 17:00:53,5.7,3.85
2024-01-12 17:03:28,13.3,6.3
2024-01-12 17:05:56,13.38,7.22
2024-01-12 17:08:32,11.02,6.1
2024-01-12 17:11:10,13.95,6.8
2024-01-12 17:13:36,13.27,6.53
2024-01-12 17:16:30,12.75,6.97
2024-01-12 17:19:07,13.93,7.6
2024-01-12 17:21:33,6.75,4.47
2024-01-12 17:24:08,13.57,7.05
2024-01-12 17:26:39,14.15,5.38
2024-01-12 17:29:13,14.45,7.03
2024-01-12 17:31:55,17.67,9.55
2024-01-12 17:34:51,30.15,13.88
2024-01-12 17:51:45,31.05,16.45
2024-01-12 18:00:31,27.05,14.43
2024-01-12 18:06:05,20.5,9.45
2024-01-12 18:08:34,14.68,7.78
2024-01-12 18:11:09,17.38,8.98
2024-01-12 18:19:30,29.3,12.95
2024-01-12 18:22:17,27.77,14.63
2024-01-12 18:25:11,21.17,12.13
2024-01-12 19:19:10,14.1,8.07
2024-01-12 19:21:41,19.02,9.35
2024-01-12 19:24:10,23.88,11.85
2024-01-12 19:29:49,22.4,12.25
2024-01-12 19:32:18,16.88,7.55
2024-01-12 19:34:44,19.2,9.48
2024-01-12 19:37:15,20.48,9.82
2024-01-12 19:39:55,17.17,9.7
2024-01-12 19:42:41,19.42,10.88
2024-01-12 19:48:10,23.1,10.73
2024-01-12 20:02:28,19.38,9.1
2024-01-12 20:04:54,16.88,9.13
2024-01-12 20:07:51,20.75,10.63
2024-01-12 20:10:20,19.75,9.2
2024-01-12 20:16:31,20.23,11.02
2024-01-12 20:19:00,18.4,9.85
2024-01-12 20:21:29,17.83,9.93
2024-01-12 20:24:07,16.98,9.57
2024-01-12 20:26:35,32.65,16.4
2024-01-12 20:29:06,23.42,12.95
2024-01-12 20:31:35,18.1,9.45
2024-01-12 20:36:56,27.1,14.52
2024-01-12 20:39:33,31.63,15.7
2024-01-12 20:42:04,34.22,14.75
2024-01-12 20:44:35,30.63,15.6
2024-01-12 20:47:02,33.67,16.77
2024-01-12 20:49:28,31.02,15.07
2024-01-12 20:51:54,24.4,9.23
2024-01-12 20:54:23,22.4,10.98
2024-01-12 20:56:49,28.2,13.93
2024-01-12 20:59:15,33.88,15.65
2024-01-12 21:01:41,30.4,16.42
2024-01-12 21:04:07,31.7,17.13
2024-01-12 21:06:33,32.63,16.23
2024-01-12 21:09:00,35.2,17.13
2024-01-12 21:11:26,31.9,17.1
2024-01-12 21:13:52,28.6,13.82
2024-01-12 21:16:18,30.2,14.38
2024-01-12 21:18:45,39.65,16.98
2024-01-12 21:21:11,39.58,17.77
2024-01-12 21:23:37,40.85,20.33
2024-01-12 21:26:04,38.2,20.73
2024-01-12 21:28:30,41.6,21.0
2024-01-12 21:30:56,26.95,14.35
2024-01-12 21:33:23,32.3,18.15
2024-01-12 21:35:50,30.08,15.3
2024-01-12 21:38:16,32.13,14.77
2024-01-12 21:40:44,33.5,16.3
2024-01-12 21:43:10,26.58,11.38
2024-01-12 21:45:36,27.73,11.55
2024-01-12 21:48:02,16.75,8.75
2024-01-12 21:50:28,19.25,10.52
2024-01-12 21:52:54,40.03,19.13
2024-01-12 21:55:20,43.13,22.83
2024-01-12 21:57:46,43.72,23.95
2024-01-12 22:00:14,51.1,26.52
2024-01-12 22:02:40,56.33,26.95
2024-01-12 22:05:07,52.2,25.38
2024-01-12 22:07:33,49.42,24.9
2024-01-12 22:09:59,46.88,23.92
2024-01-12 22:12:25,51.6,24.5
2024-01-12 22:14:51,48.47,24.98
2024-01-12 22:17:17,43.65,23.05
2024-01-12 22:19:44,44.7,22.75
2024-01-12 22:22:10,46.58,23.75
2024-01-12 22:24:36,68.32,33.85
2024-01-12 22:27:02,64.22,31.7
2024-01-12 22:29:28,59.92,31.73
2024-01-12 22:31:54,61.3,32.25
2024-01-12 22:34:20,68.22,33.85
2024-01-12 22:36:46,63.78,33.67
2024-01-12 22:39:12,69.55,35.72
2024-01-12 22:41:38,69.57,35.95
2024-01-12 22:44:04,65.47,38.03
2024-01-12 22:46:31,72.88,38.03
2024-01-12 22:48:57,78.82,38.42
2024-01-12 22:51:23,63.7,34.03
2024-01-12 22:53:49,75.35,39.08
2024-01-12 22:56:15,69.72,37.35
2024-01-12 22:58:41,73.03,37.85
2024-01-12 23:01:07,71.55,37.3
2024-01-12 23:03:33,67.72,35.03
2024-01-12 23:06:00,52.47,25.73
2024-01-12 23:08:26,60.15,28.0
2024-01-12 23:10:53,57.33,28.58
2024-01-12 23:13:19,57.22,29.48
2024-01-12 23:15:45,57.97,28.85
2024-01-12 23:18:12,62.9,32.08
2024-01-12 23:20:38,61.97,32.0
2024-01-12 23:23:04,52.53,27.1
2024-01-12 23:25:30,58.35,29.08
2024-01-12 23:27:56,71.15,31.92
2024-01-12 23:30:22,40.78,21.38
2024-01-12 23:32:48,45.2,21.55
2024-01-12 23:35:14,47.2,21.73
2024-01-12 23:37:40,47.95,20.33
2024-01-12 23:40:07,42.67,21.55
2024-01-12 23:42:34,47.42,21.27
2024-01-12 23:45:01,48.8,23.13
2024-01-12 23:47:27,55.2,26.63
2024-01-12 23:49:53,45.4,24.4
2024-01-12 23:52:19,47.1,23.88
2024-01-12 23:54:45,74.25,32.67
2024-01-12 23:57:11,61.2,29.23
2024-01-12 23:59:37,74.55,32.38
2024-01-13 00:02:03,94.78,39.1
2024-01-13 00:04:29,67.05,29.38
2024-01-13 00:06:56,52.75,27.0
2024-01-13 00:09:22,47.33,23.95
2024-01-13 00:11:48,47.7,24.52
2024-01-13 00:14:14,47.92,23.92
2024-01-13 00:16:40,36.55,19.8
2024-01-13 00:19:06,33.95,19.25
2024-01-13 00:21:32,21.92,11.85
2024-01-13 00:23:59,18.38,9.15
2024-01-13 00:26:25,25.25,12.9
2024-01-13 00:28:52,24.65,14.13
2024-01-13 00:31:18,30.33,13.85
2024-01-13 00:33:44,18.63,7.2
2024-01-13 00:36:11,12.48,6.57
2024-01-13 00:38:37,12.0,6.07
2024-01-13 00:41:06,16.92,8.15
2024-01-13 00:43:32,16.77,7.32
2024-01-13 00:45:59,12.2,6.22
2024-01-13 00:48:27,13.18,6.22
2024-01-13 00:50:53,15.35,7.13
2024-01-13 00:53:20,17.63,8.1
2024-01-13 00:55:46,18.88,9.73
2024-01-13 00:58:12,12.7,6.4
2024-01-13 01:00:38,14.98,7.6
2024-01-13 01:03:04,15.25,8.4
2024-01-13 01:05:33,17.35,8.38
2024-01-13 01:07:59,14.7,7.0
2024-01-13 01:10:25,16.45,7.28
2024-01-13 01:12:51,15.73,7.53
2024-01-13 01:15:17,29.85,13.57
2024-01-13 01:17:43,34.47,16.52
2024-01-13 01:20:09,25.05,14.3
2024-01-13 01:22:36,31.02,13.48
2024-01-13 01:25:02,21.7,10.93
2024-01-13 01:27:28,21.08,10.52
2024-01-13 01:29:54,22.3,10.4
2024-01-13 01:32:21,20.13,10.57
2024-01-13 01:34:47,18.13,9.18
2024-01-13 01:37:13,20.48,10.57
2024-01-13 01:39:39,23.35,11.02
2024-01-13 01:42:05,20.3,9.7
2024-01-13 01:44:31,17.35,9.43
2024-01-13 01:46:58,16.85,9.7
2024-01-13 01:49:25,15.57,7.75
2024-01-13 01:51:51,19.38,8.8
2024-01-13 01:54:17,15.38,6.68
2024-01-13 01:56:44,16.95,8.4
2024-01-13 01:59:10,19.08,8.7
2024-01-13 02:01:39,16.1,8.2
2024-01-13 02:04:05,14.75,6.1
2024-01-13 02:06:31,14.7,7.05
2024-01-13 02:08:58,16.08,7.45
2024-01-13 02:11:25,11.4,6.3
2024-01-13 02:13:51,13.13,6.57
2024-01-13 02:16:18,13.43,6.85
2024-01-13 02:18:45,14.45,6.47
2024-01-13 02:21:11,14.93,7.7
2024-01-13 02:23:37,15.75,7.57
2024-01-13 02:26:04,14.23,6.85
2024-01-13 02:28:30,15.23,6.63
2024-01-13 02:30:56,12.15,5.8
2024-01-13 02:33:22,19.77,9.4
2024-01-13 02:35:48,14.65,6.78
2024-01-13 02:38:14,16.55,8.1
2024-01-13 02:40:40,14.65,7.3
2024-01-13 02:43:06,13.6,6.43
2024-01-13 02:45:32,12.77,6.45
2024-01-13 02:48:02,14.48,7.18
2024-01-13 02:50:30,13.18,6.05
2024-01-13 02:52:56,7.75,3.97
2024-01-13 02:55:22,9.77,4.68
2024-01-13 02:57:48,9.23,5.13
2024-01-13 03:00:15,11.65,5.8
2024-01-13 03:02:42,10.63,5.88
2024-01-13 03:05:09,13.52,6.03
2024-01-13 03:07:35,10.68,5.22
2024-01-13 03:10:01,10.3,4.88
2024-01-13 03:12:27,10.57,5.28
2024-01-13 03:14:55,10.48,5.82
2024-01-13 03:17:21,7.82,5.47
2024-01-13 03:19:47,12.8,6.07
2024-01-13 03:22:13,9.35,4.82
2024-01-13 03:24:40,5.68,2.97
2024-01-13 03:27:06,11.02,4.13
2024-01-13 03:29:32,16.15,5.9
2024-01-13 03:31:58,10.8,4.15
2024-01-13 03:34:24,9.77,4.63
2024-01-13 03:36:50,9.3,4.45
2024-01-13 03:39:16,9.75,5.03
2024-01-13 03:41:42,12.55,5.97
2024-01-13 03:44:08,14.65,7.0
2024-01-13 03:46:34,17.75,8.63
2024-01-13 03:49:03,11.95,6.63
2024-01-13 03:51:29,16.17,7.32
2024-01-13 03:53:55,14.57,6.88
2024-01-13 03:56:21,17.13,7.82
2024-01-13 03:58:47,18.5,8.88
2024-01-13 04:01:14,17.17,8.98
2024-01-13 04:03:41,17.67,7.88
2024-01-13 04:06:07,19.05,9.98
2024-01-13 04:08:33,28.58,13.6
2024-01-13 04:10:59,19.15,9.5
2024-01-13 04:13:25,21.85,11.57
2024-01-13 04:15:51,17.98,8.4
2024-01-13 04:18:17,11.8,6.88
2024-01-13 04:20:44,20.52,10.43
2024-01-13 04:23:10,15.43,7.15
2024-01-13 04:25:36,18.55,8.98
2024-01-13 04:28:02,13.65,6.93
2024-01-13 04:30:28,15.43,8.18
2024-01-13 04:32:54,13.65,7.6
2024-01-13 04:35:22,15.93,7.95
2024-01-13 04:37:48,13.57,6.63
2024-01-13 04:40:14,13.35,6.45
2024-01-13 04:42:40,13.0,6.38
2024-01-13 04:45:06,16.38,7.07
2024-01-13 04:47:33,17.3,6.82
2024-01-13 04:49:59,19.0,9.95
2024-01-13 04:52:25,24.42,11.5
2024-01-13 04:54:51,13.27,8.05
2024-01-13 04:57:17,11.5,6.63
2024-01-13 04:59:43,13.73,7.4
2024-01-13 05:02:10,12.98,7.78
2024-01-13 05:04:36,15.15,8.52
2024-01-13 05:07:03,17.13,9.65
2024-01-13 05:09:29,22.45,9.35
2024-01-13 05:11:56,44.38,21.52
2024-01-13 05:14:22,29.4,15.07
2024-01-13 05:16:48,40.47,20.55
2024-01-13 05:19:14,33.45,17.0
2024-01-13 05:21:42,37.1,20.05
2024-01-13 05:24:08,47.75,22.35
2024-01-13 05:26:35,41.2,19.45
2024-01-13 05:29:01,44.8,20.25
2024-01-13 05:31:27,41.38,19.63
2024-01-13 05:33:53,42.38,21.17
2024-01-13 05:36:19,42.97,20.27
2024-01-13 05:38:46,46.05,21.3
2024-01-13 05:41:13,41.25,20.63
2024-01-13 05:43:39,40.42,21.23
2024-01-13 05:46:05,38.38,19.63
2024-01-13 05:48:31,37.2,18.58
2024-01-13 05:50:57,45.2,22.23
2024-01-13 05:53:23,42.15,20.2
2024-01-13 05:55:49,40.45,21.05
2024-01-13 05:58:15,42.0,20.9
2024-01-13 06:00:41,47.9,22.1
2024-01-13 06:03:08,36.5,19.98
2024-01-13 06:05:34,41.2,20.9
2024-01-13 06:08:00,44.42,21.15
2024-01-13 06:10:26,39.28,18.95
2024-01-13 06:12:53,39.9,21.85
2024-01-13 06:15:20,32.17,18.63
2024-01-13 06:17:46,46.5,21.63
2024-01-13 06:20:12,40.0,17.92
2024-01-13 06:22:38,54.78,24.5
2024-01-13 06:25:04,45.8,23.15
2024-01-13 06:27:31,47.75,23.25
2024-01-13 06:29:57,47.2,24.3
2024-01-13 06:32:23,47.28,24.13
2024-01-13 06:34:49,54.83,24.52
2024-01-13 06:37:15,52.63,26.2
2024-01-13 06:39:41,53.17,28.92
2024-01-13 06:42:08,57.15,28.85
2024-01-13 06:44:34,55.1,27.05
2024-01-13 06:47:01,58.5,26.85
2024-01-13 06:49:29,63.35,31.08
2024-01-13 06:51:55,60.72,29.77
2024-01-13 06:54:21,51.28,25.6
2024-01-13 06:56:47,67.15,29.05
2024-01-13 06:59:13,56.53,26.77
2024-01-13 07:01:39,51.13,24.0
2024-01-13 07:04:05,58.05,26.9
2024-01-13 07:06:31,80.45,36.55
2024-01-13 07:08:58,69.18,35.95
2024-01-13 07:11:24,72.0,34.17
2024-01-13 07:13:51,63.15,30.58
2024-01-13 07:16:17,58.38,29.48
2024-01-13 07:18:43,54.08,26.67
2024-01-13 07:21:09,44.97,23.55
2024-01-13 07:23:35,45.72,23.58
2024-01-13 07:26:01,46.78,23.08
2024-01-13 07:28:28,54.25,23.6
2024-01-13 07:30:55,43.78,21.15
2024-01-13 07:33:21,44.97,19.6
2024-01-13 07:35:47,49.05,21.15
2024-01-13 07:38:13,45.38,21.9
2024-01-13 07:40:39,46.55,21.52
2024-01-13 07:43:08,40.45,21.25
2024-01-13 07:48:09,22.48,12.43
2024-01-13 07:50:36,32.63,17.83
2024-01-13 07:53:02,39.38,18.77
2024-01-13 07:55:30,41.95,19.67
2024-01-13 07:57:57,38.38,19.13
2024-01-13 08:00:23,41.72,19.33
2024-01-13 08:02:51,35.3,17.83
2024-01-13 08:05:17,27.8,15.38
2024-01-13 08:07:43,35.47,15.43
2024-01-13 08:10:10,30.13,16.42
2024-01-13 08:12:36,31.58,14.85
2024-01-13 08:15:03,27.8,14.48
2024-01-13 08:17:34,32.0,15.77
2024-01-13 08:20:06,36.8,17.5
2024-01-13 08:22:37,42.5,19.25
2024-01-13 08:25:11,23.5,12.65
2024-01-13 08:27:37,29.77,15.85
2024-01-13 08:30:14,66.3,27.58
2024-01-13 08:32:50,45.8,19.27
2024-01-13 08:35:30,40.35,18.88
2024-01-13 08:38:07,20.83,10.93
2024-01-13 08:40:41,32.4,15.4
2024-01-13 08:43:07,30.58,16.63
2024-01-13 08:45:34,28.75,15.6
2024-01-13 08:48:01,17.67,11.85
2024-01-13 08:50:49,17.05,9.8
2024-01-13 08:53:27,22.55,10.73
2024-01-13 08:55:55,20.52,9.9
2024-01-13 08:58:22,21.63,10.32
2024-01-13 09:00:55,17.3,9.55
2024-01-13 09:06:18,20.67,9.48
2024-01-13 09:08:44,16.08,8.27
2024-01-13 09:11:10,15.82,7.15
2024-01-13 09:13:42,16.38,9.5
2024-01-13 09:16:10,20.23,9.77
2024-01-13 09:18:36,13.07,7.8
2024-01-13 09:21:05,13.73,7.38
2024-01-13 09:23:44,11.95,7.38
2024-01-13 09:26:19,17.67,8.68
2024-01-13 09:28:45,12.98,7.2
2024-01-13 09:31:11,15.23,7.53
2024-01-13 09:33:52,10.18,5.47
2024-01-13 09:39:14,10.88,6.13
2024-01-13 09:41:53,13.1,7.0
2024-01-13 09:44:26,14.57,7.55
2024-01-13 09:47:00,10.2,5.93
2024-01-13 09:49:31,13.77,7.53
2024-01-13 09:54:59,21.02,10.1
2024-01-13 09:57:35,11.4,6.93
2024-01-13 10:00:02,11.75,6.43
2024-01-13 10:05:50,12.5,7.35
2024-01-13 10:08:22,7.57,5.35
2024-01-13 10:11:11,12.73,7.3
2024-01-13 10:13:39,12.98,5.95
2024-01-13 10:16:23,12.68,6.07
2024-01-13 10:22:08,8.07,4.43
2024-01-13 10:24:52,14.4,7.6
2024-01-13 10:30:32,14.6,6.5
2024-01-13 10:32:58,12.15,5.8
2024-01-13 10:35:30,12.05,6.95
2024-01-13 10:37:59,13.35,7.22
2024-01-13 10:40:44,12.63,7.5
2024-01-13 10:43:18,13.8,7.0
2024-01-13 10:45:46,11.45,5.65
2024-01-13 10:48:16,11.88,6.05
2024-01-13 10:54:17,9.3,5.45
2024-01-13 11:00:01,13.68,6.55
2024-01-13 11:02:48,11.32,6.47
2024-01-13 11:11:21,13.77,6.68
2024-01-13 11:19:56,11.15,5.72
2024-01-13 11:22:45,13.25,6.8
2024-01-13 11:25:29,13.4,6.97
2024-01-13 11:28:16,10.07,5.8
2024-01-13 11:30:53,10.3,6.28
2024-01-13 11:36:28,13.3,6.32
2024-01-13 11:39:01,12.27,6.05
2024-01-13 11:50:35,10.2,5.82
2024-01-13 11:53:02,13.57,6.57
2024-01-13 11:55:43,16.6,7.85
2024-01-13 11:58:38,12.93,7.25
2024-01-13 12:01:39,10.32,6.4
2024-01-13 12:06:59,10.45,6.35
2024-01-13 12:09:37,16.92,6.78
2024-01-13 12:15:53,11.27,7.35
2024-01-13 12:24:04,13.27,7.07
2024-01-13 12:26:49,15.65,8.13
2024-01-13 12:29:15,13.07,7.28
2024-01-13 12:34:52,13.02,6.6
2024-01-13 12:37:20,15.27,6.88
2024-01-13 12:40:07,14.52,8.43
2024-01-13 12:42:52,11.65,5.93
2024-01-13 12:45:19,13.63,6.82
2024-01-13 12:47:57,15.32,7.63
2024-01-13 12:53:33,11.43,7.5
2024-01-13 12:56:18,15.0,7.72
2024-01-13 13:02:00,6.85,4.53
2024-01-13 13:04:51,13.23,6.5
2024-01-13 13:10:29,12.52,7.15
2024-01-13 13:12:57,14.77,7.7
2024-01-13 13:15:28,14.38,7.97
2024-01-13 13:17:57,13.3,6.7
2024-01-13 13:20:31,12.98,6.82
2024-01-13 13:22:59,13.05,6.68
2024-01-13 13:25:27,13.0,7.05
2024-01-13 13:27:53,13.6,8.18
2024-01-13 13:30:20,14.13,8.0
2024-01-13 13:33:18,14.07,8.38
2024-01-13 13:35:48,16.4,7.93
2024-01-13 13:38:34,16.08,8.07
2024-01-13 13:41:04,16.8,8.4
2024-01-13 13:47:04,14.02,7.15
2024-01-13 13:49:55,15.38,8.5
2024-01-13 13:55:21,17.02,7.7
2024-01-13 13:58:02,15.07,8.35
2024-01-13 14:00:39,13.8,7.0
2024-01-13 14:09:02,12.43,7.18
2024-01-13 14:11:50,14.18,6.97
2024-01-13 14:14:24,15.85,7.82
2024-01-13 14:17:02,14.65,7.9
2024-01-13 14:19:39,12.57,8.0
2024-01-13 14:22:17,17.7,9.1
2024-01-13 14:28:13,16.4,7.72
2024-01-13 14:30:54,17.9,8.23
2024-01-13 14:36:36,15.65,8.48
2024-01-13 14:42:20,12.5,7.97
2024-01-13 14:45:12,13.77,8.73
2024-01-13 14:47:59,20.92,10.85
2024-01-13 14:59:56,22.58,12.27
2024-01-13 15:05:37,24.38,12.13
2024-01-13 15:08:15,25.75,14.55
2024-01-13 15:11:13,26.92,14.38
2024-01-13 15:16:54,39.53,20.75
2024-01-13 15:20:02,29.13,14.32
2024-01-13 15:22:49,32.92,17.65
2024-01-13 15:25:41,34.53,18.52
2024-01-13 15:31:22,39.6,22.33
2024-01-13 15:34:09,39.63,23.02
2024-01-13 15:37:01,39.17,22.8
2024-01-13 15:39:56,35.08,19.9
2024-01-13 15:42:35,39.92,21.13
2024-01-13 15:48:22,41.5,23.08
2024-01-13 15:56:58,33.22,18.6
2024-01-13 15:59:45,39.65,20.75
2024-01-13 16:02:21,32.9,20.3
2024-01-13 16:04:53,37.22,19.75
2024-01-13 16:10:13,35.38,18.8
2024-01-13 16:12:59,39.3,20.38
2024-01-13 16:15:51,38.83,21.92
2024-01-13 16:18:17,49.88,26.23
2024-01-13 16:20:59,88.03,42.83
2024-01-13 16:23:28,70.72,37.53
2024-01-13 16:25:59,70.07,37.83
2024-01-13 16:28:43,75.63,38.9
2024-01-13 16:31:33,71.95,35.47
2024-01-13 16:33:59,64.05,37.85
2024-01-13 16:36:30,79.95,41.3
2024-01-13 16:39:02,82.97,41.35
2024-01-13 16:41:40,87.63,45.42
2024-01-13 16:44:08,72.65,41.0
2024-01-13 16:46:35,78.47,41.17
2024-01-13 16:49:01,76.03,39.97
2024-01-13 16:51:32,77.97,39.7
2024-01-13 16:53:59,79.28,40.72
2024-01-13 16:56:25,72.8,38.92
2024-01-13 16:58:51,79.78,38.58
2024-01-13 17:01:17,82.55,39.4
2024-01-13 17:03:43,79.28,36.25
2024-01-13 17:06:10,69.93,36.5
2024-01-13 17:08:36,75.53,37.85
2024-01-13 17:11:02,71.13,38.1
2024-01-13 17:13:28,83.93,42.72
2024-01-13 17:15:54,86.82,42.17
2024-01-13 17:18:20,94.55,45.9
2024-01-13 17:20:47,90.6,46.42
2024-01-13 17:23:14,82.35,46.38
2024-01-13 17:25:40,88.8,49.2
2024-01-13 17:28:06,103.78,52.25
2024-01-13 17:30:32,102.25,50.03
2024-01-13 17:32:58,96.65,52.38
2024-01-13 17:35:26,105.82,53.35
2024-01-13 17:37:52,98.3,55.05
2024-01-13 17:40:19,110.68,54.97
2024-01-13 17:42:46,100.75,54.17
2024-01-13 17:45:12,95.88,51.92
2024-01-13 17:47:38,88.53,49.58
2024-01-13 17:50:06,98.72,47.4
2024-01-13 17:52:32,98.03,51.55
2024-01-13 17:54:59,109.25,50.95
2024-01-13 17:57:25,90.43,44.8
2024-01-13 17:59:53,87.75,45.2
2024-01-13 18:02:19,78.68,39.53
2024-01-13 18:04:46,91.03,46.42
2024-01-13 18:07:12,92.95,47.67
2024-01-13 18:09:40,90.03,46.7
2024-01-13 18:12:06,90.57,43.4
2024-01-13 18:14:33,101.1,50.83
2024-01-13 18:17:01,93.6,48.5
2024-01-13 18:19:27,92.7,47.55
2024-01-13 18:21:54,86.32,45.85
2024-01-13 18:24:20,81.18,46.47
2024-01-13 18:26:49,88.57,47.55
2024-01-13 18:29:15,86.6,48.08
2024-01-13 18:31:41,84.65,45.83
2024-01-13 18:34:08,83.4,45.05
2024-01-13 18:36:34,82.93,44.3
2024-01-13 18:39:05,85.97,43.08
2024-01-13 18:41:35,69.63,40.1
2024-01-13 18:44:03,81.4,44.05
2024-01-13 18:46:29,100.97,48.65
2024-01-13 18:48:56,92.6,45.38
2024-01-13 18:51:22,91.8,46.55
2024-01-13 18:53:48,94.47,46.67
2024-01-13 18:56:14,96.25,48.17
2024-01-13 18:58:40,89.18,47.03
2024-01-13 19:01:07,81.63,43.4
2024-01-13 19:03:34,100.22,47.97
2024-01-13 19:06:00,102.65,50.28
2024-01-13 19:08:27,118.28,50.7
2024-01-13 19:10:54,125.55,56.4
2024-01-13 19:13:20,104.05,49.17
2024-01-13 19:15:47,98.05,50.05
2024-01-13 19:18:13,93.32,48.67
2024-01-13 19:20:39,83.32,44.05
2024-01-13 19:23:06,87.47,45.05
2024-01-13 19:25:32,79.9,43.58
2024-01-13 19:27:58,104.03,54.45
2024-01-13 19:30:24,88.68,46.38
2024-01-13 19:32:51,97.15,48.25
2024-01-13 19:35:17,95.2,49.45
2024-01-13 19:37:43,92.32,48.28
2024-01-13 19:40:11,95.63,49.38
2024-01-13 19:42:39,85.88,46.63
2024-01-13 19:45:05,105.22,51.58
2024-01-13 19:47:32,103.55,51.85
2024-01-13 19:49:58,112.65,56.78
2024-01-13 19:52:24,90.05,51.9
2024-01-13 19:54:50,103.32,53.42
2024-01-13 19:57:17,90.82,45.9
2024-01-13 19:59:43,78.95,42.7
2024-01-13 20:02:09,32.65,18.4
2024-01-13 20:04:35,34.15,19.02
2024-01-13 20:07:01,42.03,23.75
2024-01-13 20:09:29,30.6,18.83
2024-01-13 20:11:55,45.85,25.52
2024-01-13 20:14:21,48.65,27.35
2024-01-13 20:16:47,46.63,24.13
2024-01-13 20:19:13,73.8,38.33
2024-01-13 20:21:39,89.38,43.58
2024-01-13 20:24:06,95.8,47.13
2024-01-13 20:26:33,85.03,42.53
2024-01-13 20:28:59,89.53,39.88
2024-01-13 20:31:27,78.25,37.8
2024-01-13 20:33:54,79.93,37.03
2024-01-13 20:36:21,77.1,39.4
2024-01-13 20:38:49,78.25,36.1
2024-01-13 20:41:15,60.28,31.3
2024-01-13 20:43:41,65.13,32.65
2024-01-13 20:46:10,60.72,30.1
2024-01-13 20:48:37,49.92,28.38
2024-01-13 20:51:03,48.47,26.77
2024-01-13 20:53:31,53.85,30.6
2024-01-13 20:55:59,65.72,32.7
2024-01-13 20:58:28,75.28,39.9
2024-01-13 21:00:54,53.4,30.5
2024-01-13 21:03:20,61.75,30.67
2024-01-13 21:05:46,62.3,30.95
2024-01-13 21:08:13,65.15,33.5
2024-01-13 21:10:40,60.33,30.8
2024-01-13 21:13:08,62.05,31.38
2024-01-13 21:15:34,57.92,29.17
2024-01-13 21:18:00,62.83,34.2
2024-01-13 21:20:26,62.53,30.75
2024-01-13 21:22:53,65.5,30.95
2024-01-13 21:25:19,47.92,23.55
2024-01-13 21:27:46,46.17,22.1
2024-01-13 21:30:13,79.13,39.22
2024-01-13 21:32:41,62.85,33.6
2024-01-13 21:35:07,65.45,30.58
2024-01-13 21:37:35,57.97,27.88
2024-01-13 21:40:03,52.88,28.65
2024-01-13 21:42:30,74.75,36.88
2024-01-13 21:44:56,60.4,30.65
2024-01-13 21:47:23,61.97,32.67
2024-01-13 21:49:50,71.65,33.72
2024-01-13 21:52:16,73.38,35.42
2024-01-13 21:54:42,65.75,33.97
2024-01-13 21:57:08,43.95,26.98
2024-01-13 21:59:35,66.07,33.25
2024-01-13 22:02:03,54.67,30.35
2024-01-13 22:04:31,56.05,28.02
2024-01-13 22:06:58,59.6,31.27
2024-01-13 22:09:24,51.53,28.48
2024-01-13 22:11:51,63.95,28.6
2024-01-13 22:14:17,65.2,31.52
2024-01-13 22:16:43,61.03,32.3
2024-01-13 22:19:09,88.05,38.72
2024-01-13 22:21:36,72.1,36.85
2024-01-13 22:24:03,65.1,34.47
2024-01-13 22:26:29,81.1,37.05
2024-01-13 22:28:55,64.93,34.45
2024-01-13 22:31:21,65.5,32.72
2024-01-13 22:33:47,58.45,31.58
2024-01-13 22:36:13,69.03,31.6
2024-01-13 22:38:40,63.13,31.67
2024-01-13 22:41:09,59.1,32.28
2024-01-13 22:43:35,61.53,32.38
2024-01-13 22:46:02,58.83,32.63
2024-01-13 22:48:28,63.5,32.78
2024-01-13 22:50:55,66.07,31.4
2024-01-13 22:53:21,84.32,38.63
2024-01-13 22:55:47,71.47,36.63
2024-01-13 22:58:14,66.05,31.33
2024-01-13 23:00:40,54.95,29.35
2024-01-13 23:03:07,60.78,30.27
2024-01-13 23:05:34,63.9,33.72
2024-01-13 23:08:02,67.38,36.53
2024-01-13 23:10:29,65.47,35.1
2024-01-13 23:12:55,68.75,36.95
2024-01-13 23:15:21,63.4,34.15
2024-01-13 23:17:52,68.28,34.4
2024-01-13 23:20:19,67.78,32.28
2024-01-13 23:22:45,59.47,30.85
2024-01-13 23:25:14,61.5,30.3
2024-01-13 23:27:41,50.25,26.8
2024-01-13 23:30:08,50.08,26.6
2024-01-13 23:32:34,67.18,30.2
2024-01-13 23:35:00,65.47,29.58
2024-01-13 23:37:27,44.35,24.45
2024-01-13 23:39:53,63.88,30.63
2024-01-13 23:42:19,59.1,26.83
2024-01-13 23:44:46,57.7,28.8
2024-01-13 23:47:12,49.28,27.73
2024-01-13 23:49:38,48.08,25.52
2024-01-13 23:52:05,52.53,26.85
2024-01-13 23:54:31,44.8,25.95
2024-01-13 23:56:58,47.53,25.27
2024-01-13 23:59:24,53.0,27.73
2024-01-14 00:01:56,61.1,29.98
2024-01-14 00:04:23,48.0,24.95
2024-01-14 00:06:49,34.95,17.8
2024-01-14 00:09:18,61.92,30.35
2024-01-14 00:11:45,52.85,27.5
2024-01-14 00:14:11,51.75,24.88
2024-01-14 00:16:37,44.47,25.63
2024-01-14 00:19:03,58.42,28.35
2024-01-14 00:21:30,42.5,24.4
2024-01-14 00:23:56,54.2,27.42
2024-01-14 00:26:22,40.67,22.25
2024-01-14 00:28:53,60.67,27.42
2024-01-14 00:31:20,47.03,23.67
2024-01-14 00:33:47,43.63,24.2
2024-01-14 00:36:15,32.22,19.3
2024-01-14 00:38:41,57.92,28.63
2024-01-14 00:41:07,52.2,26.27
2024-01-14 00:43:33,52.0,27.23
2024-01-14 00:46:00,53.35,27.58
2024-01-14 00:48:27,50.3,29.1
2024-01-14 00:50:54,47.2,25.58
2024-01-14 00:53:20,54.4,28.3
2024-01-14 00:55:46,38.5,23.88
2024-01-14 00:58:12,44.92,25.8
2024-01-14 01:00:38,42.72,23.85
2024-01-14 01:03:05,42.97,21.3
2024-01-14 01:05:31,42.85,23.0
2024-01-14 01:07:57,43.72,24.15
2024-01-14 01:10:23,46.3,23.95
2024-01-14 01:12:49,48.67,24.4
2024-01-14 01:15:15,43.92,24.25
2024-01-14 01:17:41,44.55,25.77
2024-01-14 01:20:08,44.17,23.63
2024-01-14 01:22:34,52.63,24.0
2024-01-14 01:25:00,27.52,14.0
2024-01-14 01:27:27,42.65,22.33
2024-01-14 01:29:54,43.92,21.17
2024-01-14 01:32:21,40.67,21.2
2024-01-14 01:34:47,42.33,21.05
2024-01-14 01:37:13,44.35,22.13
2024-01-14 01:39:39,41.2,22.1
2024-01-14 01:42:05,41.75,20.7
2024-01-14 01:44:32,39.6,17.83
2024-01-14 01:46:59,49.75,23.05
2024-01-14 01:49:25,35.92,16.4
2024-01-14 01:51:52,44.33,20.1
2024-01-14 01:54:20,41.35,21.23
2024-01-14 01:56:47,36.42,21.23
2024-01-14 01:59:14,43.9,21.7
2024-01-14 02:01:40,40.05,21.77
2024-01-14 02:04:07,49.63,22.88
2024-01-14 02:06:33,43.17,21.73
2024-01-14 02:09:00,40.08,19.23
2024-01-14 02:11:26,31.52,17.2
2024-01-14 02:13:52,40.7,19.33
2024-01-14 02:16:19,34.45,19.35
2024-01-14 02:18:45,37.53,18.6
2024-01-14 02:21:12,32.28,17.9
2024-01-14 02:23:42,40.17,18.98
2024-01-14 02:26:11,40.53,21.05
2024-01-14 02:28:37,37.4,19.73
2024-01-14 02:31:03,35.38,18.63
2024-01-14 02:33:30,40.75,21.8
2024-01-14 02:35:56,37.1,20.4
2024-01-14 02:38:22,37.2,17.85
2024-01-14 02:40:48,48.92,20.92
2024-01-14 02:43:14,42.42,20.85
2024-01-14 02:45:40,51.58,24.05
2024-01-14 02:48:06,47.1,22.77
2024-01-14 02:50:33,43.15,20.8
2024-01-14 02:52:59,35.75,19.02
2024-01-14 02:55:25,43.3,18.77
2024-01-14 02:57:51,28.25,15.07
2024-01-14 03:00:19,39.47,18.23
2024-01-14 03:02:45,44.08,20.35
2024-01-14 03:05:11,30.35,16.95
2024-01-14 03:07:37,29.85,14.7
2024-01-14 03:10:03,25.55,15.65
2024-01-14 03:12:30,39.53,19.35
2024-01-14 03:14:56,36.47,17.55
2024-01-14 03:17:22,30.13,18.2
2024-01-14 03:19:48,40.3,18.25
2024-01-14 03:22:14,36.25,18.7
2024-01-14 03:24:40,24.8,13.63
2024-01-14 03:27:06,34.78,19.0
2024-01-14 03:29:32,37.42,21.65
2024-01-14 03:31:58,49.95,24.0
2024-01-14 03:34:25,41.83,19.73
2024-01-14 03:36:51,34.53,17.6
2024-01-14 03:39:17,42.75,21.3
2024-01-14 03:41:43,40.13,20.75
2024-01-14 03:44:09,43.55,24.17
2024-01-14 03:46:36,41.97,20.05
2024-01-14 03:49:02,38.25,19.45
2024-01-14 03:51:28,42.03,18.08
2024-01-14 03:53:54,35.65,18.58
2024-01-14 03:56:20,31.67,15.7
2024-01-14 03:58:46,33.4,15.35
2024-01-14 04:01:16,35.6,17.85
2024-01-14 04:03:42,35.25,17.0
2024-01-14 04:06:08,25.77,12.32
2024-01-14 04:08:35,39.3,18.75
2024-01-14 04:11:01,42.2,19.5
2024-01-14 04:13:27,39.22,21.05
2024-01-14 04:15:56,37.3,17.85
2024-01-14 04:18:22,36.25,16.8
2024-01-14 04:20:48,39.75,20.15
2024-01-14 04:23:16,38.17,18.5
2024-01-14 04:25:42,41.45,19.83
2024-01-14 04:28:08,49.95,22.67
2024-01-14 04:30:34,39.1,18.2
2024-01-14 04:33:00,36.22,18.67
2024-01-14 04:35:27,43.63,20.17
2024-01-14 04:37:53,39.85,20.08
2024-01-14 04:40:19,39.92,19.88
2024-01-14 04:42:45,32.35,17.77
2024-01-14 04:45:12,34.22,17.67
2024-01-14 04:47:38,29.2,17.27
2024-01-14 04:50:04,34.8,14.52
2024-01-14 04:52:31,34.3,17.4
2024-01-14 04:54:57,31.05,17.7
2024-01-14 04:57:23,32.22,14.63
2024-01-14 04:59:49,38.05,17.75
2024-01-14 05:02:15,33.1,16.75
2024-01-14 05:04:41,34.05,16.15
2024-01-14 05:07:07,35.65,17.23
2024-01-14 05:09:33,33.95,19.4
2024-01-14 05:11:59,23.98,13.0
2024-01-14 05:14:26,37.47,15.93
2024-01-14 05:16:52,36.47,16.77
2024-01-14 05:19:18,25.42,13.05
2024-01-14 05:21:44,32.85,15.55
2024-01-14 05:24:10,36.13,15.38
2024-01-14 05:26:39,16.98,10.48
2024-01-14 05:29:06,23.38,12.27
2024-01-14 05:31:32,20.73,11.05
2024-01-14 05:33:58,25.38,14.43
2024-01-14 05:36:24,26.42,13.38
2024-01-14 05:38:50,16.55,9.93
2024-01-14 05:41:16,28.73,13.55
2024-01-14 05:43:42,30.45,14.05
2024-01-14 05:46:08,29.38,15.0
2024-01-14 05:48:34,39.05,17.17
2024-01-14 05:51:01,40.83,19.58
2024-01-14 05:53:28,33.13,20.73
2024-01-14 05:55:54,39.13,16.2
2024-01-14 05:58:20,34.55,15.52
2024-01-14 06:00:46,33.1,15.65
2024-01-14 06:03:12,26.9,15.73
2024-01-14 06:05:38,40.25,17.38
2024-01-14 06:08:05,31.48,17.08
2024-01-14 06:10:31,44.2,18.8
2024-01-14 06:12:57,36.92,20.92
2024-01-14 06:15:23,37.15,17.02
2024-01-14 06:17:49,36.38,18.6
2024-01-14 06:20:15,38.05,17.98
2024-01-14 06:22:41,35.08,18.02
2024-01-14 06:25:07,38.7,17.7
2024-01-14 06:27:34,29.38,16.75
2024-01-14 06:30:00,38.97,19.75
2024-01-14 06:32:27,33.03,16.1
2024-01-14 06:34:54,39.28,19.45
2024-01-14 06:37:20,36.0,17.5
2024-01-14 06:39:46,29.67,14.57
2024-01-14 06:42:12,23.4,12.35
2024-01-14 06:44:38,28.95,14.68
2024-01-14 06:47:04,28.75,13.9
2024-01-14 06:49:30,33.95,15.3
2024-01-14 06:51:57,30.15,14.13
2024-01-14 06:54:23,28.3,14.43
2024-01-14 06:56:49,38.08,18.9
2024-01-14 06:59:18,39.13,20.67
2024-01-14 07:01:45,30.25,16.77
2024-01-14 07:04:12,35.1,19.3
2024-01-14 07:06:38,36.85,20.52
2024-01-14 07:09:04,32.83,18.92
2024-01-14 07:11:33,39.63,17.98
2024-01-14 07:13:59,41.25,19.0
2024-01-14 07:16:25,38.17,21.0
2024-01-14 07:18:52,43.88,23.0
2024-01-14 07:21:18,54.15,27.73
2024-01-14 07:23:47,40.1,19.38
2024-01-14 07:26:18,24.9,11.4
2024-01-14 07:28:44,36.28,19.8
2024-01-14 07:31:11,36.05,17.92
2024-01-14 07:33:39,44.15,19.17
2024-01-14 07:36:05,38.17,19.73
2024-01-14 07:38:31,42.75,20.67
2024-01-14 07:40:57,43.4,20.73
2024-01-14 07:43:23,40.28,21.83
2024-01-14 07:45:49,40.5,19.63
2024-01-14 07:48:16,44.78,24.27
2024-01-14 07:50:42,50.03,25.52
2024-01-14 07:53:08,46.15,22.25
2024-01-14 07:55:35,58.28,27.73
2024-01-14 07:58:01,49.28,24.45
2024-01-14 08:00:27,46.15,22.55
2024-01-14 08:02:53,47.22,25.0
2024-01-14 08:05:19,54.13,25.8
2024-01-14 08:07:45,45.53,26.02
2024-01-14 08:10:11,52.7,27.45
2024-01-14 08:12:37,48.85,27.1
2024-01-14 08:15:03,56.15,27.08
2024-01-14 08:17:29,44.38,24.33
2024-01-14 08:19:56,51.8,27.55
2024-01-14 08:22:22,53.22,23.92
2024-01-14 08:24:48,51.65,27.0
2024-01-14 08:27:17,50.22,26.48
2024-01-14 08:29:43,43.85,21.77
2024-01-14 08:32:09,48.88,25.6
2024-01-14 08:34:35,48.65,25.35
2024-01-14 08:37:02,52.72,24.05
2024-01-14 08:39:28,52.03,26.63
2024-01-14 08:41:54,45.8,22.6
2024-01-14 08:44:20,46.35,24.6
2024-01-14 08:46:46,51.88,23.55
2024-01-14 08:49:13,47.72,23.15
2024-01-14 08:51:39,50.75,26.2
2024-01-14 08:54:06,45.95,22.27
2024-01-14 08:56:32,43.47,22.25
2024-01-14 08:58:58,26.42,16.02
2024-01-14 09:01:25,42.92,22.55
2024-01-14 09:03:54,44.85,25.0
2024-01-14 09:06:20,46.03,23.42
2024-01-14 09:08:46,54.85,27.33
2024-01-14 09:11:12,33.47,16.9
2024-01-14 09:13:39,45.9,24.7
2024-01-14 09:16:05,44.35,23.2
2024-01-14 09:18:31,36.53,21.23
2024-01-14 09:20:57,39.15,19.83
2024-01-14 09:23:23,44.6,23.95
2024-01-14 09:25:50,38.88,19.4
2024-01-14 09:28:16,46.72,24.25
2024-01-14 09:30:43,45.0,23.15
2024-01-14 09:33:09,39.75,21.17
2024-01-14 09:35:36,36.15,20.6
2024-01-14 09:38:02,29.45,17.23
2024-01-14 09:40:28,50.15,26.52
2024-01-14 09:42:54,41.7,22.88
2024-01-14 09:45:22,49.28,25.95
2024-01-14 09:47:49,45.2,24.77
2024-01-14 09:50:16,25.38,13.75
2024-01-14 09:52:43,56.4,25.52
2024-01-14 09:55:11,26.15,16.33
2024-01-14 09:57:38,42.65,25.48
2024-01-14 10:00:06,43.28,22.55
2024-01-14 10:02:33,54.45,28.75
2024-01-14 10:04:59,45.1,24.88
2024-01-14 10:07:25,42.45,22.15
2024-01-14 10:09:52,37.05,23.25
2024-01-14 10:12:18,44.9,22.98
2024-01-14 10:14:45,55.03,28.02
2024-01-14 10:17:22,54.28,27.2
2024-01-14 10:19:51,54.3,26.15
2024-01-14 10:22:18,50.75,26.25
2024-01-14 10:24:57,48.9,26.73
2024-01-14 10:30:43,47.4,23.58
2024-01-14 10:33:09,48.53,24.23
2024-01-14 10:35:35,46.85,22.65
2024-01-14 10:38:03,49.08,23.1
2024-01-14 10:40:29,45.97,23.23
2024-01-14 10:42:55,50.45,26.4
2024-01-14 10:45:22,43.2,24.02
2024-01-14 10:47:52,49.88,26.0
2024-01-14 10:50:20,42.28,23.05
2024-01-14 10:52:48,41.65,22.98
2024-01-14 10:57:51,42.85,19.92
2024-01-14 11:00:18,43.2,23.88
2024-01-14 11:02:47,45.58,25.05
2024-01-14 11:05:16,40.4,22.85
2024-01-14 11:10:43,46.33,24.75
2024-01-14 11:13:38,47.45,25.4
2024-01-14 11:16:23,32.58,18.4
2024-01-14 11:19:01,42.92,24.77
2024-01-14 11:24:20,34.88,19.58
2024-01-14 11:26:54,34.25,18.08
2024-01-14 11:51:01,40.65,22.42
2024-01-14 11:53:48,57.2,29.45
2024-01-14 12:16:39,53.45,27.25
2024-01-14 12:19:40,53.5,30.73
2024-01-14 12:22:17,45.33,24.17
2024-01-14 12:24:55,47.22,25.5
2024-01-14 12:36:42,42.53,21.52
2024-01-14 12:42:23,49.03,23.75
2024-01-14 12:45:17,45.72,24.38
2024-01-14 12:47:56,49.35,25.88
2024-01-14 12:50:24,52.83,26.42
2024-01-14 12:56:18,48.22,25.6
2024-01-14 12:58:56,43.65,21.88
2024-01-14 13:01:27,47.92,23.4
2024-01-14 13:04:01,49.7,25.33
2024-01-14 13:06:34,42.65,23.33
2024-01-14 13:09:03,34.0,18.13
2024-01-14 13:11:59,52.28,26.3
2024-01-14 13:17:35,45.38,22.88
2024-01-14 13:20:02,46.63,24.42
2024-01-14 13:25:55,49.6,25.88
2024-01-14 13:28:39,46.53,25.35
2024-01-14 13:31:33,58.17,29.65
2024-01-14 13:34:11,53.03,28.17
2024-01-14 13:36:57,46.13,25.95
2024-01-14 13:39:57,55.0,27.45
2024-01-14 13:42:36,47.55,25.85
2024-01-14 13:45:18,43.83,23.27
2024-01-14 13:47:47,49.28,26.23
2024-01-14 13:50:31,46.08,25.33
2024-01-14 13:53:16,51.6,26.52
2024-01-14 13:55:44,48.45,25.8
2024-01-14 13:58:39,41.5,22.48
2024-01-14 14:01:17,40.13,22.2
2024-01-14 14:03:56,42.7,21.0
2024-01-14 14:09:37,39.25,21.95
2024-01-14 14:15:16,44.6,23.98
2024-01-14 14:17:45,46.42,23.67
2024-01-14 14:20:40,51.08,25.75
2024-01-14 14:23:15,52.42,27.45
2024-01-14 14:25:43,54.28,27.33
2024-01-14 14:28:23,55.05,27.08
2024-01-14 14:30:57,54.9,28.48
2024-01-14 14:33:41,51.6,26.98
2024-01-14 14:36:17,49.92,24.88
2024-01-14 14:41:43,45.25,23.8
2024-01-14 14:44:11,49.15,25.8
2024-01-14 14:46:41,48.38,24.63
2024-01-14 14:49:10,52.13,26.88
2024-01-14 14:51:42,56.63,28.48
2024-01-14 14:54:16,49.05,26.85
2024-01-14 14:56:44,58.33,27.88
2024-01-14 14:59:13,67.2,33.28
2024-01-14 15:01:50,64.4,32.8
2024-01-14 15:10:39,75.63,38.0
2024-01-14 15:16:04,74.65,38.58
2024-01-14 15:18:43,75.5,39.13
2024-01-14 15:21:19,73.65,39.08
2024-01-14 15:24:01,74.93,39.78
2024-01-14 15:26:34,73.15,38.92
2024-01-14 15:32:20,81.35,40.4
2024-01-14 15:34:55,81.5,39.63
2024-01-14 15:37:23,83.88,42.75
2024-01-14 15:40:15,85.05,45.5
2024-01-14 15:45:58,97.2,48.53
2024-01-14 15:48:42,101.3,52.8
2024-01-14 15:54:35,99.57,52.55
2024-01-14 16:00:17,91.8,49.5
2024-01-14 16:08:56,86.3,47.35
2024-01-14 16:11:42,98.9,49.53
2024-01-14 16:19:56,120.03,65.78
2024-01-14 16:22:22,148.77,70.57
2024-01-14 16:25:16,149.4,76.68
2024-01-14 16:30:43,156.02,73.82
2024-01-14 16:36:45,151.52,77.57
2024-01-14 16:39:37,136.8,68.9
2024-01-14 16:42:03,134.15,71.97
2024-01-14 16:44:41,144.77,71.57
2024-01-14 16:47:16,142.85,77.13
2024-01-14 16:50:03,138.63,74.25
2024-01-14 16:52:34,152.98,80.97
2024-01-14 16:55:04,148.32,78.97
2024-01-14 16:57:37,154.2,78.47
2024-01-14 17:00:04,143.65,72.82
2024-01-14 17:02:32,139.23,72.97
2024-01-14 17:05:01,152.48,75.75
2024-01-14 17:07:32,138.48,75.25
2024-01-14 17:10:01,148.48,70.82
2024-01-14 17:12:34,158.65,77.32
2024-01-14 17:15:03,160.15,81.82
2024-01-14 17:17:37,146.32,73.3
2024-01-14 17:20:04,154.13,78.55
2024-01-14 17:22:30,171.4,86.32
2024-01-14 17:24:57,135.93,71.7
2024-01-14 17:27:23,124.78,65.85
2024-01-14 17:29:52,104.05,57.08
2024-01-14 17:32:18,115.1,60.63
2024-01-14 17:34:45,112.18,61.2
2024-01-14 17:37:11,109.78,56.8
2024-01-14 17:39:37,109.32,57.4
2024-01-14 17:42:05,110.07,54.97
2024-01-14 17:44:32,91.68,50.2
2024-01-14 17:46:58,97.15,51.7
2024-01-14 17:49:24,122.18,57.15
2024-01-14 17:51:50,118.13,62.17
2024-01-14 17:54:19,129.82,63.65
2024-01-14 17:56:45,166.63,76.8
2024-01-14 17:59:11,165.38,80.32
2024-01-14 18:01:37,151.6,74.55
2024-01-14 18:04:04,145.93,75.95
2024-01-14 18:06:30,142.82,72.18
2024-01-14 18:08:56,164.5,86.2
2024-01-14 18:11:22,172.8,84.32
2024-01-14 18:13:48,142.32,74.57
2024-01-14 18:16:16,138.93,70.88
2024-01-14 18:18:43,118.28,66.15
2024-01-14 18:21:13,126.32,64.03
2024-01-14 18:26:06,80.88,42.8
2024-01-14 18:28:33,60.1,35.47
2024-01-14 18:30:59,74.1,36.63
2024-01-14 18:33:25,92.82,46.6
2024-01-14 18:35:51,94.72,51.47
2024-01-14 18:38:17,92.95,45.55
2024-01-14 18:40:43,92.22,49.72
2024-01-14 18:43:10,125.38,61.35
2024-01-14 18:45:36,127.55,63.92
2024-01-14 18:48:03,124.75,57.08
2024-01-14 18:50:30,142.98,71.68
2024-01-14 18:52:56,147.1,73.22
2024-01-14 18:55:22,148.23,80.65
2024-01-14 18:57:48,155.43,83.93
2024-01-14 19:00:15,122.3,69.1
2024-01-14 19:02:42,126.32,66.35
2024-01-14 19:05:10,130.82,65.6
2024-01-14 19:07:36,133.4,66.78
2024-01-14 19:10:03,125.5,64.2
2024-01-14 19:12:30,117.28,57.55
2024-01-14 19:14:56,97.97,49.85
2024-01-14 19:17:22,97.3,49.03
2024-01-14 19:19:49,110.13,53.9
2024-01-14 19:22:16,93.57,46.92
2024-01-14 19:24:42,96.6,50.33
2024-01-14 19:27:09,133.38,66.85
2024-01-14 19:29:35,127.03,68.22
2024-01-14 19:32:01,133.0,68.22
2024-01-14 19:34:28,134.32,68.53
2024-01-14 19:36:54,162.93,82.53
2024-01-14 19:39:20,147.9,75.85
2024-01-14 19:41:48,110.38,57.5
2024-01-14 19:44:14,113.18,59.63
2024-01-14 19:46:42,111.5,55.05
2024-01-14 19:49:08,108.4,58.08
2024-01-14 19:51:35,119.82,58.58
2024-01-14 19:54:01,120.1,59.85
2024-01-14 19:56:29,128.4,66.05
2024-01-14 19:59:03,138.77,76.82
2024-01-14 20:01:30,143.75,75.03
2024-01-14 20:03:56,123.05,68.97
2024-01-14 20:06:23,135.5,64.13
2024-01-14 20:08:50,137.27,70.55
2024-01-14 20:11:16,126.15,69.63
2024-01-14 20:13:43,132.45,65.93
2024-01-14 20:16:09,145.65,72.4
2024-01-14 20:18:36,139.1,70.63
2024-01-14 20:21:03,149.07,76.05
2024-01-14 20:23:30,143.77,71.25
2024-01-14 20:25:56,140.65,70.7
2024-01-14 20:28:22,136.13,71.53
2024-01-14 20:30:48,122.0,69.47
2024-01-14 20:33:16,133.27,71.22
2024-01-14 20:35:43,124.63,66.2
2024-01-14 20:38:09,126.97,67.13
2024-01-14 20:40:35,125.78,61.38
2024-01-14 20:43:01,118.78,60.42
2024-01-14 20:45:27,111.53,57.17
2024-01-14 20:47:53,107.78,55.5
2024-01-14 20:50:19,100.63,53.53
2024-01-14 20:52:46,102.72,51.47
2024-01-14 20:55:12,101.97,50.35
2024-01-14 20:57:38,108.38,54.1
2024-01-14 21:00:04,96.03,50.25
2024-01-14 21:02:31,92.38,50.72
2024-01-14 21:04:58,92.43,47.97
2024-01-14 21:07:24,91.97,51.6
2024-01-14 21:09:53,102.7,55.38
2024-01-14 21:12:24,102.25,56.28
2024-01-14 21:14:50,120.93,61.97
2024-01-14 21:17:16,114.2,62.05
2024-01-14 21:19:42,118.22,59.13
2024-01-14 21:22:08,106.18,58.28
2024-01-14 21:24:34,109.13,56.15
2024-01-14 21:27:00,106.68,54.58
2024-01-14 21:29:27,103.0,52.17
2024-01-14 21:31:53,91.75,46.7
2024-01-14 21:34:19,95.32,47.08
2024-01-14 21:36:45,98.55,50.33
2024-01-14 21:39:11,92.57,49.72
2024-01-14 21:41:37,101.7,51.53
2024-01-14 21:44:04,88.93,46.15
2024-01-14 21:46:31,97.07,47.3
2024-01-14 21:48:57,83.25,46.58
2024-01-14 21:51:24,94.6,45.65
2024-01-14 21:53:50,93.4,46.22
2024-01-14 21:56:16,97.13,49.2
2024-01-14 21:58:42,89.95,45.0
2024-01-14 22:01:10,101.0,50.85
2024-01-14 22:03:36,113.47,52.58
2024-01-14 22:06:02,111.72,56.35
2024-01-14 22:08:29,122.68,60.42
2024-01-14 22:10:56,97.82,51.7
2024-01-14 22:13:22,102.8,52.1
2024-01-14 22:15:48,92.8,49.85
2024-01-14 22:18:14,93.18,49.2
2024-01-14 22:20:40,96.55,48.63
2024-01-14 22:23:06,82.68,42.53
2024-01-14 22:25:32,101.47,47.7
2024-01-14 22:27:58,97.45,47.53
2024-01-14 22:30:25,104.68,51.05
2024-01-14 22:32:51,96.4,50.55
2024-01-14 22:35:17,106.93,51.3
2024-01-14 22:37:43,98.43,51.67
2024-01-14 22:40:09,97.57,50.7
2024-01-14 22:42:35,104.22,52.63
2024-01-14 22:45:02,101.63,51.25
2024-01-14 22:47:28,109.88,53.42
2024-01-14 22:49:54,108.3,53.22
2024-01-14 22:52:20,97.65,51.55
2024-01-14 22:54:46,105.03,52.22
2024-01-14 22:57:12,108.7,52.95
2024-01-14 22:59:39,110.72,49.97
2024-01-14 23:02:05,95.75,49.42
2024-01-14 23:04:33,91.07,49.72
2024-01-14 23:06:59,87.82,44.85
2024-01-14 23:09:25,94.45,46.97
2024-01-14 23:11:51,76.0,41.3
2024-01-14 23:14:17,86.78,43.45
2024-01-14 23:16:43,80.55,41.47
2024-01-14 23:19:09,82.38,40.75
2024-01-14 23:21:39,80.8,41.08
2024-01-14 23:24:05,74.22,37.92
2024-01-14 23:26:31,84.97,40.63
2024-01-14 23:28:58,81.72,41.13
2024-01-14 23:31:24,84.22,40.6
2024-01-14 23:33:50,82.72,40.8
2024-01-14 23:36:17,94.8,45.83
2024-01-14 23:38:43,85.72,47.0
2024-01-14 23:41:09,93.15,46.28
2024-01-14 23:43:36,93.03,44.08
2024-01-14 23:46:02,88.65,42.78
2024-01-14 23:48:28,96.78,47.3
2024-01-14 23:50:54,90.1,45.42
2024-01-14 23:53:20,93.15,44.17
2024-01-14 23:55:46,90.88,43.45
2024-01-14 23:58:12,88.53,44.45
2024-01-15 00:00:42,85.4,43.97
2024-01-15 00:03:08,86.38,44.88
2024-01-15 00:05:35,87.4,44.35
2024-01-15 00:08:01,92.18,43.3
2024-01-15 00:10:27,88.93,42.83
2024-01-15 00:12:53,85.2,42.75
2024-01-15 00:15:20,77.3,42.13
2024-01-15 00:17:46,89.18,43.15
2024-01-15 00:20:12,77.2,43.28
2024-01-15 00:22:38,84.55,43.55
2024-01-15 00:25:05,82.93,40.67
2024-01-15 00:27:31,86.5,43.55
2024-01-15 00:29:57,83.8,42.05
2024-01-15 00:32:23,79.1,40.8
2024-01-15 00:34:50,67.32,35.9
2024-01-15 00:37:16,73.05,38.88
2024-01-15 00:39:42,59.35,34.72
2024-01-15 00:42:08,74.57,38.97
2024-01-15 00:44:34,96.8,50.72
2024-01-15 00:47:00,111.32,56.6
2024-01-15 00:49:27,115.55,56.15
2024-01-15 00:51:53,118.75,57.25
2024-01-15 00:54:19,110.85,54.6
2024-01-15 00:56:45,114.35,54.72
2024-01-15 00:59:11,103.85,53.22
2024-01-15 01:01:40,113.82,57.38
2024-01-15 01:04:08,115.78,52.17
2024-01-15 01:06:35,116.47,55.2
2024-01-15 01:09:01,109.8,55.8
2024-01-15 01:11:27,123.65,58.1
2024-01-15 01:13:53,114.8,57.83
2024-01-15 01:16:19,115.8,55.63
2024-01-15 01:18:45,117.53,58.88
2024-01-15 01:21:11,111.03,54.5
2024-01-15 01:23:37,108.68,52.85
2024-01-15 01:26:04,117.93,54.97
2024-01-15 01:28:30,110.1,55.45
2024-01-15 01:30:56,109.28,55.88
2024-01-15 01:33:22,92.8,46.42
2024-01-15 01:35:48,94.25,51.67
2024-01-15 01:38:14,99.65,45.45
2024-01-15 01:40:40,79.47,40.03
2024-01-15 01:43:08,73.65,41.45
2024-01-15 01:45:34,80.3,41.03
2024-01-15 01:48:00,87.32,44.78
2024-01-15 01:50:28,64.85,32.35
2024-01-15 01:52:54,82.3,44.8
2024-01-15 01:55:21,69.32,37.2
2024-01-15 01:57:48,82.47,41.67
2024-01-15 02:00:14,73.35,37.65
2024-01-15 02:02:41,66.25,32.6
2024-01-15 02:05:08,66.85,31.92
2024-01-15 02:07:34,76.65,34.53
2024-01-15 02:10:01,61.28,33.53
2024-01-15 02:12:27,80.72,38.72
2024-01-15 02:14:53,68.78,36.63
2024-01-15 02:17:19,70.53,38.78
2024-01-15 02:19:46,72.6,37.67
2024-01-15 02:22:12,77.3,36.22
2024-01-15 02:24:38,74.88,38.1
2024-01-15 02:27:04,61.4,33.4
2024-01-15 02:29:30,75.25,37.17
2024-01-15 02:31:56,52.85,29.58
2024-01-15 02:34:22,33.9,20.95
2024-01-15 02:36:48,50.67,27.08
2024-01-15 02:39:15,51.63,29.52
2024-01-15 02:41:41,86.7,38.88
2024-01-15 02:44:07,71.03,36.1
2024-01-15 02:46:33,71.18,34.13
2024-01-15 02:48:59,60.65,28.77
2024-01-15 02:51:25,46.15,26.65
2024-01-15 02:53:51,56.42,27.92
2024-01-15 02:56:17,51.42,27.0
2024-01-15 02:58:43,45.97,23.75
2024-01-15 03:01:10,50.8,25.88
2024-01-15 03:03:36,53.4,25.9
2024-01-15 03:06:02,54.38,26.88
2024-01-15 03:08:28,52.85,26.27
2024-01-15 03:10:54,46.75,23.27
2024-01-15 03:13:20,54.13,25.17
2024-01-15 03:15:46,49.13,25.27
2024-01-15 03:18:12,51.92,26.23
2024-01-15 03:20:40,51.22,24.7
2024-01-15 03:23:06,53.75,27.48
2024-01-15 03:25:32,46.88,25.6
2024-01-15 03:27:58,48.58,24.52
2024-01-15 03:30:24,53.45,25.25
2024-01-15 03:32:50,42.72,22.5
2024-01-15 03:35:16,26.13,15.3
2024-01-15 03:37:42,54.78,24.75
2024-01-15 03:40:10,43.92,22.98
2024-01-15 03:42:36,48.55,25.02
2024-01-15 03:45:02,46.08,25.23
2024-01-15 03:47:29,54.47,28.63
2024-01-15 03:49:55,76.65,37.9
2024-01-15 03:52:21,79.72,38.7
2024-01-15 03:54:47,71.22,36.08
2024-01-15 03:57:13,74.35,34.42
2024-01-15 03:59:40,77.57,40.03
2024-01-15 04:02:06,82.5,38.95
2024-01-15 04:04:33,72.95,38.22
2024-01-15 04:06:59,74.45,37.95
2024-01-15 04:09:25,74.18,37.58
2024-01-15 04:11:51,70.53,37.47
2024-01-15 04:14:17,58.03,29.65
2024-01-15 04:16:43,64.75,31.95
2024-01-15 04:19:09,67.32,33.17
2024-01-15 04:21:35,67.57,33.92
2024-01-15 04:24:01,66.82,34.13
2024-01-15 04:26:27,57.63,32.78
2024-01-15 04:28:54,57.97,32.17
2024-01-15 04:31:20,50.97,27.35
2024-01-15 04:33:47,52.03,27.55
2024-01-15 04:36:13,52.2,28.9
2024-01-15 04:38:39,61.33,30.17
2024-01-15 04:41:05,50.67,26.83
2024-01-15 04:43:31,57.67,26.3
2024-01-15 04:45:57,60.97,30.63
2024-01-15 04:48:24,55.9,27.95
2024-01-15 04:50:50,54.25,28.5
2024-01-15 04:53:16,61.0,28.52
2024-01-15 04:55:42,67.0,29.9
2024-01-15 04:58:09,58.97,29.1
2024-01-15 05:00:35,49.95,25.7
2024-01-15 05:03:01,56.05,27.42
2024-01-15 05:05:27,61.15,29.17
2024-01-15 05:07:53,51.53,27.6
2024-01-15 05:10:19,56.35,27.55
2024-01-15 05:12:45,54.4,28.0
2024-01-15 05:15:11,58.45,27.27
2024-01-15 05:17:37,59.15,28.9
2024-01-15 05:20:04,56.33,27.38
2024-01-15 05:22:30,47.25,27.67
2024-01-15 05:24:56,53.13,26.33
2024-01-15 05:27:22,45.45,25.5
2024-01-15 05:29:48,52.75,27.15
2024-01-15 05:32:14,62.42,30.95
2024-01-15 05:34:40,61.28,29.73
2024-01-15 05:37:06,34.63,19.4
2024-01-15 05:39:32,60.63,32.72
2024-01-15 05:41:58,60.83,30.13
2024-01-15 05:44:26,63.55,33.65
2024-01-15 05:46:53,76.8,40.67
2024-01-15 05:49:19,75.7,36.53
2024-01-15 05:51:45,69.38,38.55
2024-01-15 05:54:11,58.78,29.55
2024-01-15 05:56:37,78.32,41.53
2024-01-15 05:59:03,82.55,42.0
2024-01-15 06:01:30,84.97,42.13
2024-01-15 06:03:56,77.6,38.67
2024-01-15 06:06:22,87.03,39.7
2024-01-15 06:08:48,72.95,35.8
2024-01-15 06:11:14,95.82,43.9
2024-01-15 06:13:40,82.78,40.8
2024-01-15 06:16:15,75.55,38.35
2024-01-15 06:18:44,80.5,40.83
2024-01-15 06:21:10,69.53,33.35
2024-01-15 06:23:37,81.47,38.9
2024-01-15 06:26:04,82.65,39.85
2024-01-15 06:28:30,78.78,40.58
2024-01-15 06:30:57,81.78,43.33
2024-01-15 06:33:23,83.25,41.53
2024-01-15 06:35:50,85.97,47.2
2024-01-15 06:38:16,94.45,50.05
2024-01-15 06:40:42,101.68,49.55
2024-01-15 06:43:13,93.57,48.88
2024-01-15 06:45:40,103.0,51.3
2024-01-15 06:48:07,99.43,47.92
2024-01-15 06:50:33,90.07,45.22
2024-01-15 06:52:59,86.13,42.88
2024-01-15 06:55:25,93.45,44.6
2024-01-15 06:57:52,82.28,42.8
2024-01-15 07:00:19,84.25,43.83
2024-01-15 07:02:45,71.88,39.42
2024-01-15 07:05:11,82.72,41.95
2024-01-15 07:07:37,71.2,37.38
2024-01-15 07:10:04,78.72,37.3
2024-01-15 07:12:31,68.47,35.5
2024-01-15 07:14:57,74.4,36.85
2024-01-15 07:17:23,65.97,32.47
2024-01-15 07:19:49,79.13,40.9
2024-01-15 07:22:15,71.82,36.13
2024-01-15 07:24:42,69.43,36.97
2024-01-15 07:27:09,77.7,39.88
2024-01-15 07:29:35,71.07,38.05
2024-01-15 07:32:02,77.47,39.4
2024-01-15 07:34:29,76.75,36.05
2024-01-15 07:36:55,69.78,37.17
2024-01-15 07:39:21,66.75,36.13
2024-01-15 07:41:49,64.72,35.25
2024-01-15 07:44:15,79.57,37.92
2024-01-15 07:46:45,73.3,36.55
2024-01-15 07:49:11,67.63,39.78
2024-01-15 07:51:37,78.32,40.63
2024-01-15 07:54:05,65.82,32.13
2024-01-15 07:56:32,65.3,34.08
2024-01-15 07:58:58,64.6,33.6
2024-01-15 08:01:25,64.53,34.28
2024-01-15 08:03:51,62.38,33.08
2024-01-15 08:06:18,61.78,33.28
2024-01-15 08:08:44,59.8,32.42
2024-01-15 08:11:10,56.05,30.73
2024-01-15 08:13:37,59.65,33.92
2024-01-15 08:16:03,58.88,29.9
2024-01-15 08:18:29,59.42,29.45
2024-01-15 08:20:55,55.85,29.6
2024-01-15 08:23:22,50.2,29.0
2024-01-15 08:25:48,62.53,32.08
2024-01-15 08:28:15,69.93,34.28
2024-01-15 08:30:41,59.55,32.92
2024-01-15 08:33:08,70.7,37.33
2024-01-15 08:35:34,61.92,31.38
2024-01-15 08:38:00,68.18,35.3
2024-01-15 08:40:26,71.72,39.33
2024-01-15 08:42:52,72.78,38.22
2024-01-15 08:45:18,65.93,40.2
2024-01-15 08:47:45,76.45,40.65
2024-01-15 08:50:11,84.9,45.7
2024-01-15 08:52:37,94.63,47.55
2024-01-15 08:55:03,74.75,38.03
2024-01-15 08:57:29,71.93,35.35
2024-01-15 08:59:56,58.2,32.28
2024-01-15 09:02:22,64.9,37.03
2024-01-15 09:04:48,76.47,42.08
2024-01-15 09:07:14,87.35,45.38
2024-01-15 09:09:44,69.18,39.2
2024-01-15 09:12:10,86.38,46.13
2024-01-15 09:14:40,88.88,44.55
2024-01-15 09:17:06,70.55,37.88
2024-01-15 09:19:33,89.85,51.55
2024-01-15 09:22:02,83.38,39.85
2024-01-15 09:24:28,95.03,52.17
2024-01-15 09:26:57,94.3,52.58
2024-01-15 09:29:31,88.78,48.0
2024-01-15 09:32:14,96.93,50.85
2024-01-15 09:34:41,90.38,49.33
2024-01-15 09:37:07,112.03,55.45
2024-01-15 09:39:36,90.38,48.83
2024-01-15 09:42:09,61.67,35.45
2024-01-15 09:44:38,95.22,52.3
2024-01-15 09:47:07,98.65,53.22
2024-01-15 09:49:41,102.45,53.0
2024-01-15 09:52:07,102.28,50.85
2024-01-15 09:54:37,109.97,55.03
2024-01-15 09:57:05,83.4,43.67
2024-01-15 09:59:41,98.18,52.22
2024-01-15 10:02:12,71.9,41.13
2024-01-15 10:04:42,86.57,46.38
2024-01-15 10:07:08,86.65,48.05
2024-01-15 10:09:38,95.05,48.85
2024-01-15 10:12:06,80.53,43.42
2024-01-15 10:14:36,93.4,52.65
2024-01-15 10:17:23,97.8,50.1
2024-01-15 10:19:55,94.85,50.5
2024-01-15 10:22:22,94.7,52.58
2024-01-15 10:24:48,101.72,55.92
2024-01-15 10:27:14,98.7,54.63
2024-01-15 10:29:41,95.78,52.97
2024-01-15 10:32:07,103.18,55.05
2024-01-15 10:34:38,102.75,54.97
2024-01-15 10:37:08,93.3,52.92
2024-01-15 10:39:40,99.95,54.92
2024-01-15 10:42:06,99.85,54.78
2024-01-15 10:44:33,94.03,50.35
2024-01-15 10:47:03,89.65,51.55
2024-01-15 10:49:29,82.93,44.5
2024-01-15 10:51:56,80.2,45.38
2024-01-15 10:54:23,93.28,51.3
2024-01-15 10:56:54,97.32,52.63
2024-01-15 10:59:21,94.6,49.03
2024-01-15 11:01:48,92.68,52.05
2024-01-15 11:04:20,92.53,51.0
2024-01-15 11:06:49,90.97,52.08
2024-01-15 11:09:16,90.38,48.75
2024-01-15 11:11:47,88.82,49.85
2024-01-15 11:17:01,82.72,41.63
2024-01-15 11:19:50,69.25,39.78
2024-01-15 11:22:57,73.28,38.95
2024-01-15 11:25:14,60.0,33.65
2024-01-15 11:30:10,65.32,36.42
2024-01-15 11:32:39,68.4,36.58
2024-01-15 11:35:10,62.13,32.83
2024-01-15 11:40:45,59.53,33.47
2024-01-15 11:43:12,61.42,36.67
2024-01-15 11:45:41,67.63,37.15
2024-01-15 11:48:23,59.67,30.85
2024-01-15 11:50:59,60.58,32.8
2024-01-15 11:53:47,54.0,28.75
2024-01-15 11:56:15,62.55,32.63
2024-01-15 11:58:50,73.1,37.65
2024-01-15 12:01:22,53.6,30.48
2024-01-15 12:03:53,34.9,18.52
2024-01-15 12:06:27,46.05,23.25
2024-01-15 12:09:07,42.03,24.6
2024-01-15 12:11:36,44.78,22.83
2024-01-15 12:14:02,49.17,24.6
2024-01-15 12:16:28,51.15,25.45
2024-01-15 12:18:57,56.28,30.42
2024-01-15 12:21:28,63.35,32.8
2024-01-15 12:23:58,63.83,35.63
2024-01-15 12:26:26,62.7,31.3
2024-01-15 12:28:55,56.28,33.08
2024-01-15 12:31:24,48.9,27.35
2024-01-15 12:33:50,57.5,28.23
2024-01-15 12:36:20,53.28,27.08
2024-01-15 12:41:30,37.35,22.6
2024-01-15 12:43:59,46.08,24.48
2024-01-15 12:46:25,46.83,24.63
2024-01-15 12:48:54,48.4,25.55
2024-01-15 12:51:27,45.6,25.92
2024-01-15 12:56:54,38.8,20.85
2024-01-15 12:59:23,48.6,23.65
2024-01-15 13:01:49,43.85,25.67
2024-01-15 13:04:22,46.3,24.67
2024-01-15 13:06:49,53.22,30.77
2024-01-15 13:09:15,47.15,26.77
2024-01-15 13:11:42,49.53,26.85
2024-01-15 13:14:08,49.72,27.9
2024-01-15 13:16:34,51.8,29.42
2024-01-15 13:19:00,53.7,29.17
2024-01-15 13:21:28,51.33,26.5
2024-01-15 13:23:54,51.5,29.2
2024-01-15 13:26:20,56.53,29.7
2024-01-15 13:28:46,54.9,28.4
2024-01-15 13:31:13,47.45,24.73
2024-01-15 13:33:40,54.0,25.52
2024-01-15 13:36:06,61.78,30.75
2024-01-15 13:38:36,56.22,30.95
2024-01-15 13:41:04,59.83,34.2
2024-01-15 13:43:31,38.22,21.08
2024-01-15 13:45:57,50.3,28.05
2024-01-15 13:48:24,58.4,30.27
2024-01-15 13:50:51,59.22,33.53
2024-01-15 13:53:20,59.28,30.6
2024-01-15 13:55:46,59.25,28.25
2024-01-15 13:58:12,53.33,29.25
2024-01-15 14:00:39,57.9,30.95
2024-01-15 14:03:05,54.5,30.02
2024-01-15 14:05:31,59.88,32.15
2024-01-15 14:07:57,55.5,31.52
2024-01-15 14:10:23,60.55,30.52
2024-01-15 14:12:50,54.55,30.2
2024-01-15 14:15:16,53.85,31.17
2024-01-15 14:17:42,57.38,30.15
2024-01-15 14:20:08,59.67,30.95
2024-01-15 14:22:35,60.13,32.67
2024-01-15 14:25:01,55.7,32.58
2024-01-15 14:27:27,58.1,32.05
2024-01-15 14:29:53,59.88,32.53
2024-01-15 14:32:19,60.72,33.45
2024-01-15 14:34:45,65.18,35.38
2024-01-15 14:37:11,58.7,32.63
2024-01-15 14:39:37,53.8,29.6
2024-01-15 14:42:04,55.58,29.85
2024-01-15 14:44:30,55.88,27.48
2024-01-15 14:46:58,57.25,33.38
2024-01-15 14:49:24,62.03,34.75
2024-01-15 14:52:08,60.67,33.38
2024-01-15 14:54:34,64.28,38.08
2024-01-15 14:57:03,75.88,39.05
2024-01-15 14:59:29,72.13,39.33
2024-01-15 15:01:56,70.53,37.78
2024-01-15 15:04:22,66.75,37.38
2024-01-15 15:06:48,64.1,37.5
2024-01-15 15:09:15,64.82,37.2
2024-01-15 15:11:53,66.53,34.88
2024-01-15 15:14:21,77.47,43.2
2024-01-15 15:16:53,73.72,40.0
2024-01-15 15:19:19,70.68,38.35
2024-01-15 15:21:48,70.72,36.7
2024-01-15 15:24:35,65.82,38.92
2024-01-15 15:27:00,76.2,38.17
2024-01-15 15:29:33,80.13,40.0
2024-01-15 15:32:06,80.9,42.75
2024-01-15 15:34:40,75.45,41.9
2024-01-15 15:37:09,83.4,43.65
2024-01-15 15:39:52,82.38,44.03
2024-01-15 15:42:19,76.7,42.17
2024-01-15 15:44:45,102.82,49.08
2024-01-15 15:47:12,86.38,44.17
2024-01-15 15:49:42,102.6,50.95
2024-01-15 15:52:10,95.53,48.7
2024-01-15 15:54:36,108.97,53.95
2024-01-15 15:57:05,104.85,55.08
2024-01-15 15:59:31,108.43,58.17
2024-01-15 16:02:07,144.13,77.7
2024-01-15 16:04:40,126.85,64.65
2024-01-15 16:07:09,127.68,69.95
2024-01-15 16:09:44,123.0,64.95
2024-01-15 16:12:10,119.05,63.35
2024-01-15 16:14:44,130.15,66.05
2024-01-15 16:17:10,141.5,74.97
2024-01-15 16:19:37,139.5,76.57
2024-01-15 16:22:05,125.8,72.55
2024-01-15 16:24:31,139.75,74.65
2024-01-15 16:27:15,133.27,74.75
2024-01-15 16:29:43,128.57,69.1
2024-01-15 16:32:24,123.07,64.35
2024-01-15 16:34:59,110.45,62.03
2024-01-15 16:37:39,115.07,61.9
2024-01-15 16:40:07,124.5,67.9
2024-01-15 16:42:33,141.5,71.85
2024-01-15 16:45:19,141.85,73.07
2024-01-15 16:47:53,142.98,78.13
2024-01-15 16:50:31,152.05,87.55
2024-01-15 16:53:05,167.05,80.68
2024-01-15 16:55:34,167.48,88.1
2024-01-15 16:58:09,155.18,73.53
2024-01-15 17:00:45,151.98,81.88
2024-01-15 17:03:12,130.55,70.3
2024-01-15 17:05:48,138.65,76.75
2024-01-15 17:08:20,125.47,66.93
2024-01-15 17:13:50,136.7,73.25
2024-01-15 17:16:16,107.05,59.28
2024-01-15 17:18:45,105.35,59.2
2024-01-15 17:21:11,118.93,63.33
2024-01-15 17:23:38,120.88,59.95
2024-01-15 17:26:04,130.7,70.13
2024-01-15 17:28:30,123.4,66.53
2024-01-15 17:30:56,126.0,68.88
2024-01-15 17:33:31,116.4,63.83
2024-01-15 17:36:20,116.25,65.2
2024-01-15 17:38:47,118.6,62.88
2024-01-15 17:41:21,121.32,66.45
2024-01-15 17:43:53,124.6,68.3
2024-01-15 17:46:22,107.3,57.22
2024-01-15 17:48:50,123.0,62.92
2024-01-15 17:51:24,125.38,69.75
2024-01-15 17:53:50,137.77,72.18
2024-01-15 17:56:23,133.82,67.78
2024-01-15 17:58:50,128.13,64.75
2024-01-15 18:01:19,144.48,75.2
2024-01-15 18:03:52,124.97,66.35
2024-01-15 18:06:29,133.63,72.7
2024-01-15 18:08:58,136.95,70.2
2024-01-15 18:11:24,142.23,72.93
2024-01-15 18:13:53,130.55,71.13
2024-01-15 18:16:24,134.05,66.22
2024-01-15 18:18:53,124.63,69.38
2024-01-15 18:21:24,151.68,81.15
2024-01-15 18:23:50,144.52,81.6
2024-01-15 18:26:39,160.15,86.28
2024-01-15 18:29:12,162.57,90.15
2024-01-15 18:31:46,167.55,94.72
2024-01-15 18:34:17,151.05,86.07
2024-01-15 18:36:46,155.0,87.4
2024-01-15 18:39:14,175.98,101.38
2024-01-15 18:41:44,173.73,102.38
2024-01-15 18:44:10,175.07,95.5
2024-01-15 18:46:39,191.52,111.28
2024-01-15 18:49:09,180.27,102.1
2024-01-15 18:51:45,172.27,97.85
2024-01-15 18:54:16,173.55,96.43
2024-01-15 18:56:44,165.05,95.72
2024-01-15 18:59:13,150.38,88.8
2024-01-15 19:02:04,148.32,84.57
2024-01-15 19:05:07,160.65,82.93
2024-01-15 19:07:33,166.7,86.8
2024-01-15 19:10:19,179.8,89.13
2024-01-15 19:13:07,157.32,76.55
2024-01-15 19:15:39,161.85,82.9
2024-01-15 19:18:08,151.07,73.25
2024-01-15 19:20:42,125.1,59.9
2024-01-15 19:23:26,159.63,83.47
2024-01-15 19:25:59,133.6,68.9
2024-01-15 19:28:28,122.72,64.45
2024-01-15 19:31:01,294.92,130.57
2024-01-15 19:33:30,209.05,101.9
2024-01-15 19:36:03,149.0,81.55
2024-01-15 19:41:29,200.32,102.4
2024-01-15 19:44:05,211.48,101.5
2024-01-15 19:46:31,192.93,96.7
2024-01-15 19:49:09,153.68,79.72
2024-01-15 19:51:39,154.45,77.8
2024-01-15 19:54:12,143.32,73.18
2024-01-15 19:56:43,154.82,76.38
2024-01-15 19:59:12,138.07,68.93
2024-01-15 20:01:47,128.43,65.85
2024-01-15 20:04:13,149.27,79.25
2024-01-15 20:06:45,140.7,77.53
2024-01-15 20:15:30,125.8,66.1
2024-01-15 20:18:01,131.82,66.65
2024-01-15 20:20:43,125.78,65.6
2024-01-15 20:23:10,128.85,66.63
2024-01-15 20:25:56,121.57,58.3
2024-01-15 20:28:30,116.72,56.95
2024-01-15 20:31:08,113.65,56.8
2024-01-15 20:34:18,107.93,52.22
2024-01-15 20:36:52,110.95,56.95
2024-01-15 20:39:28,108.18,58.17
2024-01-15 20:44:32,109.13,53.53
2024-01-15 20:47:06,104.35,53.17
2024-01-15 20:49:43,106.97,57.9
2024-01-15 20:52:22,117.7,58.3
2024-01-15 20:54:49,112.95,60.97
2024-01-15 20:57:27,121.43,61.97
2024-01-15 21:00:04,118.25,59.58
2024-01-15 21:02:42,119.05,58.88
2024-01-15 21:05:12,106.4,53.05
2024-01-15 21:07:48,135.52,68.47
2024-01-15 21:10:24,122.28,67.25
2024-01-15 21:12:50,107.18,60.0
2024-01-15 21:15:17,115.07,61.2
2024-01-15 21:17:47,110.9,56.83
2024-01-15 21:20:16,107.72,56.13
2024-01-15 21:22:48,107.3,55.97
2024-01-15 21:25:31,105.53,54.3
2024-01-15 21:28:11,113.1,57.25
2024-01-15 21:30:49,110.95,57.65
2024-01-15 21:33:20,108.9,56.4
2024-01-15 21:35:52,111.05,56.38
2024-01-15 21:38:33,117.32,63.75
2024-01-15 21:41:25,117.78,60.65
2024-01-15 21:43:55,113.28,61.22
2024-01-15 21:46:31,129.25,66.6
2024-01-15 21:51:58,135.65,68.63
2024-01-15 21:54:50,140.02,74.0
2024-01-15 22:00:44,136.9,77.15
2024-01-15 22:06:10,130.0,69.07
2024-01-15 22:08:48,150.1,77.9
2024-01-15 22:11:33,150.25,78.15
2024-01-15 22:14:25,149.35,81.25
2024-01-15 22:16:57,150.77,81.53
2024-01-15 22:19:36,149.6,78.38
2024-01-15 22:22:13,147.55,77.28
2024-01-15 22:25:06,149.93,78.2
2024-01-15 22:27:40,154.98,81.53
2024-01-15 22:30:12,138.93,75.68
2024-01-15 22:35:44,138.25,70.43
2024-01-15 22:38:11,148.3,81.55
2024-01-15 22:40:53,156.07,82.07
2024-01-15 22:46:28,139.95,73.45
2024-01-15 22:49:29,153.65,78.22
2024-01-15 22:55:10,152.77,81.0
2024-01-15 22:58:05,147.57,79.85
2024-01-15 23:00:33,156.18,80.25
2024-01-15 23:03:10,149.15,78.72
2024-01-15 23:05:39,144.63,75.38
2024-01-15 23:08:10,138.05,70.97
2024-01-15 23:10:42,142.25,75.82
2024-01-15 23:13:14,141.73,70.68
2024-01-15 23:16:04,124.97,66.2
2024-01-15 23:18:31,124.65,70.7
2024-01-15 23:24:29,141.45,72.55
2024-01-15 23:30:10,160.88,79.38
2024-01-15 23:32:45,173.73,88.55
2024-01-15 23:35:31,142.13,73.2
2024-01-15 23:38:06,156.07,73.68
2024-01-15 23:40:32,132.55,69.18
2024-01-15 23:43:11,126.95,65.93
2024-01-15 23:45:40,129.25,62.1
2024-01-15 23:48:13,132.82,69.63
2024-01-15 23:50:52,119.85,59.38
2024-01-15 23:53:30,118.63,60.92
2024-01-15 23:56:06,119.45,62.78
2024-01-15 23:58:44,128.4,58.4
2024-01-16 00:01:13,112.05,58.28
2024-01-16 00:04:05,118.57,60.85
2024-01-16 00:06:32,120.7,62.25
2024-01-16 00:09:08,134.0,63.97
2024-01-16 00:14:29,107.53,55.28
2024-01-16 00:16:57,142.82,69.7
2024-01-16 00:19:26,141.48,65.32
2024-01-16 00:21:54,118.88,51.63
2024-01-16 00:24:25,116.38,55.17
2024-01-16 00:27:01,121.2,54.4
2024-01-16 00:29:36,104.2,52.9
2024-01-16 00:35:11,91.97,46.72
2024-01-16 00:37:39,99.75,49.38
2024-01-16 00:40:14,91.07,46.05
2024-01-16 00:42:53,65.1,32.75
2024-01-16 00:45:31,67.97,34.97
2024-01-16 00:48:05,66.75,34.67
2024-01-16 00:50:36,67.47,36.47
2024-01-16 00:53:28,71.32,37.22
2024-01-16 00:56:10,68.32,34.47
2024-01-16 00:58:48,68.55,34.33
2024-01-16 01:01:22,55.13,29.15
2024-01-16 01:07:06,71.82,36.35
2024-01-16 01:09:35,69.6,37.17
2024-01-16 01:12:09,75.68,39.15
2024-01-16 01:14:41,74.82,36.88
2024-01-16 01:17:13,77.65,37.4
2024-01-16 01:20:00,70.5,36.88
2024-01-16 01:22:26,66.72,35.9
2024-01-16 01:24:53,62.3,33.0
2024-01-16 01:27:30,70.95,36.75
2024-01-16 01:30:16,70.35,36.5
2024-01-16 01:33:07,49.33,26.73
2024-01-16 01:38:28,59.38,33.03
2024-01-16 01:41:07,54.95,30.27
2024-01-16 01:43:53,48.33,24.23
2024-01-16 01:57:50,35.9,19.42
2024-01-16 02:00:30,28.8,16.13
2024-01-16 02:03:21,31.63,17.35
2024-01-16 02:06:07,42.22,21.58
2024-01-16 02:08:36,44.0,22.73
2024-01-16 02:11:11,40.6,21.9
2024-01-16 02:13:46,40.03,22.27
2024-01-16 02:16:25,34.65,19.23
2024-01-16 02:18:53,43.42,21.88
2024-01-16 02:21:51,43.42,23.8
2024-01-16 02:24:25,44.97,22.48
2024-01-16 02:30:05,50.1,25.3
2024-01-16 02:32:31,59.45,30.52
2024-01-16 02:38:24,78.55,41.42
2024-01-16 02:40:53,83.97,39.4
2024-01-16 02:43:19,84.82,41.15
2024-01-16 02:45:53,79.15,41.92
2024-01-16 02:48:26,73.75,38.83
2024-01-16 02:50:52,75.18,40.6
2024-01-16 02:53:21,82.78,41.75
2024-01-16 02:55:50,78.97,40.47
2024-01-16 02:58:32,82.97,41.65
2024-01-16 03:04:10,76.2,39.5
2024-01-16 03:06:36,82.97,41.4
2024-01-16 03:09:05,83.75,42.42
2024-01-16 03:11:31,82.43,41.58
2024-01-16 03:14:03,80.32,41.28
2024-01-16 03:16:30,77.0,38.7
2024-01-16 03:18:56,75.25,37.75
2024-01-16 03:21:24,74.32,38.15
2024-01-16 03:23:50,78.22,38.88
2024-01-16 03:26:25,60.67,30.67
2024-01-16 03:28:54,58.17,30.88
2024-01-16 03:31:27,62.65,33.45
2024-01-16 03:33:54,73.65,35.63
2024-01-16 03:36:28,64.7,32.4
2024-01-16 03:38:55,65.5,34.33
2024-01-16 03:41:33,67.57,36.13
2024-01-16 03:44:02,68.72,33.0
2024-01-16 03:46:33,67.63,36.4
2024-01-16 03:48:59,64.75,32.65
2024-01-16 03:51:26,71.88,36.65
2024-01-16 03:53:52,67.43,32.33
2024-01-16 03:59:13,37.63,19.27
2024-01-16 04:02:10,23.92,13.63
2024-01-16 04:04:47,25.7,12.93
2024-01-16 04:07:33,35.78,18.15
2024-01-16 04:10:07,38.0,20.77
2024-01-16 04:12:33,42.67,21.98
2024-01-16 04:14:59,42.38,20.75
2024-01-16 04:17:25,51.72,25.3
2024-01-16 04:19:51,46.3,24.52
2024-01-16 04:22:18,47.3,23.98
2024-01-16 04:24:52,47.03,24.13
2024-01-16 04:27:19,48.35,25.0
2024-01-16 04:29:45,56.33,30.1
2024-01-16 04:32:11,69.78,36.3
2024-01-16 04:34:48,94.13,52.42
2024-01-16 04:37:27,114.53,58.1
2024-01-16 04:39:56,129.95,65.57
2024-01-16 04:42:23,126.63,62.63
2024-01-16 04:44:49,124.75,64.28
2024-01-16 04:47:15,119.57,63.17
2024-01-16 04:49:43,119.07,61.4
2024-01-16 04:52:10,120.03,58.3
2024-01-16 04:54:36,105.78,57.63
2024-01-16 04:57:20,83.22,45.3
2024-01-16 04:59:49,108.82,57.25
2024-01-16 05:02:15,108.2,58.83
2024-01-16 05:07:56,122.15,61.38
2024-01-16 05:10:31,124.05,59.3
2024-01-16 05:12:57,123.78,63.63
2024-01-16 05:15:29,114.25,57.45
2024-01-16 05:17:58,107.88,53.9
2024-01-16 05:20:53,105.03,52.03
2024-01-16 05:23:30,117.57,57.33
2024-01-16 05:26:07,119.45,59.6
2024-01-16 05:28:33,128.9,62.35
2024-01-16 05:31:02,114.85,58.72
2024-01-16 05:33:32,116.18,58.72
2024-01-16 05:35:58,122.8,61.65
2024-01-16 05:38:27,123.03,61.88
2024-01-16 05:40:53,119.32,59.6
2024-01-16 05:43:19,120.47,61.03
2024-01-16 05:45:48,118.85,61.28
2024-01-16 05:48:15,117.97,59.08
2024-01-16 05:50:44,117.2,59.85
2024-01-16 05:53:10,117.88,57.75
2024-01-16 05:55:36,115.5,57.38
2024-01-16 05:58:23,117.95,59.13
2024-01-16 06:00:56,121.2,58.38
2024-01-16 06:03:24,120.43,58.92
2024-01-16 06:05:54,111.13,58.58
2024-01-16 06:11:31,124.13,58.65
2024-01-16 06:13:57,101.63,52.5
2024-01-16 06:16:25,110.28,55.8
2024-01-16 06:19:12,113.63,55.95
2024-01-16 06:21:38,105.72,50.95
2024-01-16 06:24:12,72.03,40.58
2024-01-16 06:26:38,107.4,49.97
2024-01-16 06:29:10,105.0,53.0
2024-01-16 06:31:42,128.85,63.03
2024-01-16 06:34:11,120.53,56.55
2024-01-16 06:36:50,117.53,56.63
2024-01-16 06:42:28,94.32,48.63
2024-01-16 06:44:54,101.53,50.67
2024-01-16 06:47:20,98.68,51.38
2024-01-16 06:49:49,96.45,48.7
2024-01-16 06:55:00,75.35,38.03
2024-01-16 06:57:35,93.03,46.55
2024-01-16 07:00:15,70.05,36.65
2024-01-16 07:02:41,68.75,36.05
2024-01-16 07:05:16,66.78,34.42
2024-01-16 07:07:51,60.95,34.67
2024-01-16 07:13:17,58.97,29.92
2024-01-16 07:15:45,36.25,20.63
2024-01-16 07:18:32,31.08,18.17
2024-01-16 07:21:02,9.98,5.97
2024-01-16 07:23:54,8.0,4.95
2024-01-16 07:29:49,5.53,2.92
2024-01-16 07:32:32,8.38,3.97
2024-01-16 07:35:13,6.9,3.45
2024-01-16 07:41:39,3.78,1.77
2024-01-16 07:44:10,1.95,1.02
2024-01-16 07:47:00,2.63,1.3
2024-01-16 07:49:37,2.35,1.02
2024-01-16 07:52:08,2.38,0.93
2024-01-16 07:57:37,5.13,1.45
2024-01-16 08:00:14,2.08,0.93
2024-01-16 08:03:04,1.75,0.9
2024-01-16 08:05:49,2.2,1.05
2024-01-16 08:08:23,6.15,2.6
2024-01-16 08:11:13,4.55,2.17
2024-01-16 08:13:48,4.28,1.67
2024-01-16 08:16:17,5.53,3.63
2024-01-16 08:19:04,8.82,5.3
2024-01-16 08:21:32,3.08,1.8
2024-01-16 08:24:14,5.88,2.08
2024-01-16 08:26:48,6.75,2.83
2024-01-16 08:29:14,3.8,1.85
2024-01-16 08:31:50,7.13,4.68
2024-01-16 08:34:37,8.02,4.97
2024-01-16 08:37:23,5.15,3.13
2024-01-16 08:39:52,4.0,2.15
2024-01-16 08:42:44,3.42,2.25
2024-01-16 08:45:10,5.5,3.75
2024-01-16 08:50:51,4.75,2.13
2024-01-16 08:53:48,4.0,2.55
2024-01-16 08:56:26,4.07,2.0
2024-01-16 08:59:21,3.95,2.03
2024-01-16 09:01:53,3.7,2.13
2024-01-16 09:04:19,4.7,2.95
2024-01-16 09:06:47,5.3,3.42
2024-01-16 09:09:13,8.5,5.72
2024-01-16 09:11:41,4.9,3.5
2024-01-16 09:14:07,5.13,2.8
2024-01-16 09:16:34,4.15,2.65
2024-01-16 09:19:00,5.22,2.4
2024-01-16 09:21:26,4.25,2.28
2024-01-16 09:23:53,5.95,2.95
2024-01-16 09:26:22,4.13,1.95
2024-01-16 09:29:14,8.77,5.0
2024-01-16 09:31:41,4.82,2.58
2024-01-16 09:34:07,6.25,3.25
2024-01-16 09:36:34,4.75,2.85
2024-01-16 09:39:01,6.53,3.5
2024-01-16 09:41:28,3.8,2.13
2024-01-16 09:46:26,3.3,1.65
2024-01-16 09:48:55,3.55,1.8
2024-01-16 09:51:22,7.75,4.55
2024-01-16 09:53:54,6.5,3.67
2024-01-16 10:01:57,4.2,2.2
2024-01-16 10:04:35,5.05,2.47
2024-01-16 10:07:02,3.6,1.98
2024-01-16 10:09:30,3.7,2.63
2024-01-16 10:11:57,4.22,2.8
2024-01-16 10:14:30,4.72,2.1
2024-01-16 10:17:11,4.2,2.38
2024-01-16 10:19:49,3.83,2.63
2024-01-16 10:22:31,5.88,3.08
2024-01-16 10:25:09,4.88,2.33
2024-01-16 10:27:44,9.35,2.42
2024-01-16 10:30:14,3.85,2.4
2024-01-16 10:32:41,4.78,2.53
2024-01-16 10:35:13,6.82,3.42
2024-01-16 10:37:48,3.08,2.1
2024-01-16 10:40:24,3.45,1.83
2024-01-16 10:48:04,8.9,2.78
2024-01-16 10:50:34,9.63,5.4
2024-01-16 10:53:21,7.72,5.25
2024-01-16 11:01:35,6.13,2.22
2024-01-16 11:04:12,5.78,2.63
2024-01-16 11:06:39,6.57,3.05
2024-01-16 11:09:28,4.7,2.47
2024-01-16 11:12:16,4.72,2.75
2024-01-16 11:14:52,3.6,2.0
2024-01-16 11:20:12,3.1,1.35
2024-01-16 11:22:44,3.33,1.7
2024-01-16 11:25:16,3.95,2.5
2024-01-16 11:48:17,7.45,3.45
2024-01-16 11:51:22,5.22,3.3
2024-01-16 11:53:56,5.85,3.6
2024-01-16 11:56:39,6.65,3.55
2024-01-16 12:01:57,5.3,2.85
2024-01-16 12:04:24,5.88,3.33
2024-01-16 12:06:57,6.15,4.45
2024-01-16 12:09:27,8.27,5.22
2024-01-16 12:11:57,4.47,2.72
2024-01-16 12:14:31,5.53,3.15
2024-01-16 12:17:12,4.2,2.8
2024-01-16 12:19:46,4.5,2.9
2024-01-16 12:22:15,5.03,2.35
2024-01-16 12:24:46,6.15,3.63
2024-01-16 12:27:13,8.15,5.13
2024-01-16 12:29:40,8.1,5.1
2024-01-16 12:32:07,18.7,12.85
2024-01-16 12:34:34,5.65,3.3
2024-01-16 12:37:05,4.65,2.53
2024-01-16 12:39:37,4.6,2.65
2024-01-16 12:42:12,3.7,2.58
2024-01-16 12:45:08,5.18,3.53
2024-01-16 12:47:35,4.5,2.55
2024-01-16 12:50:11,5.4,2.7
2024-01-16 12:52:51,5.95,4.55
2024-01-16 12:55:50,5.18,2.95
2024-01-16 12:58:24,5.47,2.8
2024-01-16 13:00:55,4.45,2.6
2024-01-16 13:03:22,4.6,2.6
2024-01-16 13:06:01,4.68,2.88
2024-01-16 13:08:36,5.35,3.1
2024-01-16 13:11:11,8.25,4.13
2024-01-16 13:14:05,7.07,4.35
2024-01-16 13:16:52,6.18,3.9
2024-01-16 13:19:27,6.1,3.08
2024-01-16 13:22:10,7.0,4.22
2024-01-16 13:25:01,6.07,3.95
2024-01-16 13:34:01,7.28,3.4
2024-01-16 13:36:34,10.0,5.38
2024-01-16 13:39:10,6.45,3.65
2024-01-16 13:41:51,9.65,5.5
2024-01-16 13:51:07,6.82,3.08
2024-01-16 13:53:51,5.4,3.4
2024-01-16 13:56:21,6.55,3.6
2024-01-16 13:59:08,6.18,3.4
2024-01-16 14:04:34,5.5,3.4
2024-01-16 14:07:03,10.4,6.03
2024-01-16 14:09:33,7.43,4.13
2024-01-16 14:12:00,4.7,2.6
2024-01-16 14:14:28,9.98,3.75
2024-01-16 14:16:55,7.5,3.8
2024-01-16 14:22:14,6.15,4.15
2024-01-16 14:24:53,8.7,3.88
2024-01-16 14:27:25,9.82,4.57
2024-01-16 14:30:01,7.32,4.5
2024-01-16 14:32:54,7.38,4.07
2024-01-16 14:35:30,7.18,5.1
2024-01-16 14:38:03,7.53,4.9
2024-01-16 14:40:55,6.38,3.55
2024-01-16 14:43:30,6.55,4.43
2024-01-16 14:46:06,7.9,5.35
2024-01-16 14:48:45,5.28,3.6
2024-01-16 14:51:11,7.5,4.28
2024-01-16 14:53:37,8.35,4.78
2024-01-16 14:56:10,8.88,5.03
2024-01-16 14:58:47,7.82,5.13
2024-01-16 15:01:15,11.18,5.65
2024-01-16 15:03:50,9.13,5.88
2024-01-16 15:06:18,10.02,5.93
2024-01-16 15:08:45,11.3,7.13
2024-01-16 15:11:13,9.68,6.35
2024-01-16 15:13:39,8.57,6.22
2024-01-16 15:16:06,15.93,8.8
2024-01-16 15:18:32,16.88,9.27
2024-01-16 15:20:58,18.48,10.23
2024-01-16 15:23:25,16.92,10.95
2024-01-16 15:25:53,19.5,11.52
2024-01-16 15:28:19,21.63,10.05
2024-01-16 15:30:46,27.9,13.43
2024-01-16 15:33:12,31.52,15.77
2024-01-16 15:35:38,32.3,18.7
2024-01-16 15:38:05,33.9,20.48
2024-01-16 15:40:31,33.4,18.5
2024-01-16 15:42:57,33.8,18.08
2024-01-16 15:45:24,29.95,16.88
2024-01-16 15:47:51,17.2,9.05
2024-01-16 15:50:18,28.15,12.45
2024-01-16 15:52:44,19.95,12.02
2024-01-16 15:55:10,18.8,11.35
2024-01-16 15:57:36,22.45,11.75
2024-01-16 16:00:04,22.25,11.75
2024-01-16 16:02:34,18.6,12.27
2024-01-16 16:05:00,24.38,13.6
2024-01-16 16:07:27,21.6,14.18
2024-01-16 16:09:53,24.0,13.57
2024-01-16 16:12:19,22.2,12.98
2024-01-16 16:14:45,17.1,9.82
2024-01-16 16:17:11,23.75,13.82
2024-01-16 16:19:37,20.85,12.8
2024-01-16 16:22:04,26.15,14.75
2024-01-16 16:24:32,27.02,14.02
2024-01-16 16:26:59,21.33,12.8
2024-01-16 16:29:25,22.73,13.52
2024-01-16 16:31:52,24.92,13.25
2024-01-16 16:34:18,23.02,13.63
2024-01-16 16:36:44,23.88,13.48
2024-01-16 16:39:11,23.5,14.4
2024-01-16 16:41:42,23.02,13.93
2024-01-16 16:44:08,25.2,14.57
2024-01-16 16:46:34,23.7,14.02
2024-01-16 16:49:00,22.02,13.63
2024-01-16 16:51:26,23.33,16.9
2024-01-16 16:53:53,28.17,17.52
2024-01-16 16:56:19,32.05,19.4
2024-01-16 16:58:49,27.52,17.38
2024-01-16 17:01:16,32.95,18.23
2024-01-16 17:03:42,35.35,22.08
2024-01-16 17:06:10,43.05,25.6
2024-01-16 17:08:38,39.22,21.88
2024-01-16 17:11:04,36.15,20.92
2024-01-16 17:13:32,36.15,20.27
2024-01-16 17:15:59,34.3,19.8
2024-01-16 17:18:29,35.2,20.77
2024-01-16 17:20:59,34.55,22.92
2024-01-16 17:23:25,60.92,31.05
2024-01-16 17:25:51,45.7,26.17
2024-01-16 17:28:18,46.6,27.02
2024-01-16 17:30:48,49.28,28.98
2024-01-16 17:33:14,56.15,30.8
2024-01-16 17:35:41,59.0,31.7
2024-01-16 17:38:07,60.33,31.48
2024-01-16 17:40:34,86.47,45.55
2024-01-16 17:43:00,68.7,35.65
2024-01-16 17:45:26,42.58,26.6
2024-01-16 17:47:52,41.28,20.45
2024-01-16 17:50:18,35.28,18.83
2024-01-16 17:52:45,33.97,19.73
2024-01-16 17:55:11,21.98,13.3
2024-01-16 17:57:38,24.63,15.73
2024-01-16 18:00:08,25.83,15.98
2024-01-16 18:02:37,31.35,16.52
2024-01-16 18:05:05,29.48,15.7
2024-01-16 18:07:41,32.13,17.5
2024-01-16 18:10:07,31.67,18.6
2024-01-16 18:12:39,38.85,22.55
2024-01-16 18:15:09,31.83,18.23
2024-01-16 18:17:44,32.65,20.05
2024-01-16 18:20:11,40.47,21.33
2024-01-16 18:22:41,39.2,24.3
2024-01-16 18:25:07,52.53,30.05
2024-01-16 18:27:34,58.35,29.92
2024-01-16 18:30:00,66.78,36.53
2024-01-16 18:32:26,67.65,36.58
2024-01-16 18:34:53,67.95,36.92
2024-01-16 18:37:19,60.25,31.75
2024-01-16 18:39:46,59.33,32.45
2024-01-16 18:42:14,53.63,31.52
2024-01-16 18:44:40,58.55,32.3
2024-01-16 18:47:07,61.7,33.97
2024-01-16 18:49:33,88.35,44.63
2024-01-16 18:51:59,118.28,52.6
2024-01-16 18:54:26,117.38,55.3
2024-01-16 18:56:52,145.65,65.63
2024-01-16 18:59:19,89.55,42.03
2024-01-16 19:01:47,71.32,32.08
2024-01-16 19:04:13,77.38,39.28
2024-01-16 19:06:43,59.38,33.05
2024-01-16 19:09:10,59.22,30.45
2024-01-16 19:11:36,61.03,32.13
2024-01-16 19:14:03,50.2,24.05
2024-01-16 19:16:29,52.05,28.08
2024-01-16 19:18:56,53.45,29.52
2024-01-16 19:21:22,35.8,20.92
2024-01-16 19:23:48,50.95,29.1
2024-01-16 19:26:15,52.58,30.05
2024-01-16 19:28:42,46.55,27.0
2024-01-16 19:31:08,43.42,24.45
2024-01-16 19:33:35,51.22,27.0
2024-01-16 19:36:01,52.17,26.63
2024-01-16 19:38:28,60.8,33.97
2024-01-16 19:40:54,62.97,32.72
2024-01-16 19:43:21,63.0,33.78
2024-01-16 19:45:47,56.97,31.67
2024-01-16 19:48:15,60.92,30.33
2024-01-16 19:50:43,50.5,28.58
2024-01-16 19:53:10,49.38,27.77
2024-01-16 19:55:37,49.83,25.55
2024-01-16 19:58:04,39.28,24.8
2024-01-16 20:00:31,52.3,28.52
2024-01-16 20:02:57,48.9,26.13
2024-01-16 20:05:26,56.33,31.3
2024-01-16 20:07:52,57.67,32.47
2024-01-16 20:10:19,57.78,33.2
2024-01-16 20:12:46,59.5,34.63
2024-01-16 20:15:18,65.13,36.1
2024-01-16 20:17:45,82.65,44.03
2024-01-16 20:20:12,86.5,46.08
2024-01-16 20:22:41,67.53,38.25
2024-01-16 20:25:07,67.68,37.58
2024-01-16 20:27:33,66.13,37.15
2024-01-16 20:29:59,48.97,30.9
2024-01-16 20:34:55,54.53,29.88
2024-01-16 20:37:21,61.03,31.2
2024-01-16 20:39:48,60.2,32.75
2024-01-16 20:42:16,69.5,33.88
2024-01-16 20:44:42,64.9,34.72
2024-01-16 20:47:10,60.6,31.92
2024-01-16 20:49:36,70.43,37.25
2024-01-16 20:52:02,73.1,39.47
2024-01-16 20:54:28,62.4,35.78
2024-01-16 20:56:55,68.2,36.65
2024-01-16 20:59:22,66.32,37.33
2024-01-16 21:01:49,64.22,34.83
2024-01-16 21:04:16,65.07,33.83
2024-01-16 21:06:42,52.45,31.6
2024-01-16 21:09:08,55.08,30.77
2024-01-16 21:11:43,56.5,30.85
2024-01-16 21:14:10,53.35,30.1
2024-01-16 21:16:36,58.8,32.83
2024-01-16 21:19:02,61.38,29.8
2024-01-16 21:21:32,48.63,27.3
2024-01-16 21:23:58,68.28,34.8
2024-01-16 21:26:24,60.33,35.7
2024-01-16 21:28:50,60.5,35.42
2024-01-16 21:31:16,57.95,31.52
2024-01-16 21:33:43,47.38,28.65
2024-01-16 21:36:09,50.28,27.67
2024-01-16 21:38:37,43.8,27.15
2024-01-16 21:41:05,41.78,23.9
2024-01-16 21:43:34,44.83,25.25
2024-01-16 21:46:01,52.78,28.88
2024-01-16 21:48:27,59.7,31.9
2024-01-16 21:50:53,57.03,31.73
2024-01-16 21:53:21,60.55,31.85
2024-01-16 21:55:47,68.03,37.22
2024-01-16 21:58:13,56.45,30.2
2024-01-16 22:00:42,59.13,30.35
2024-01-16 22:03:08,53.63,28.7
2024-01-16 22:05:34,45.9,25.85
2024-01-16 22:08:01,46.45,26.88
2024-01-16 22:10:27,45.47,24.63
2024-01-16 22:12:53,42.92,22.17
2024-01-16 22:15:19,44.58,24.4
2024-01-16 22:17:45,52.9,26.67
2024-01-16 22:20:11,51.38,26.73
2024-01-16 22:22:39,45.7,27.3
2024-01-16 22:25:05,35.17,20.95
2024-01-16 22:27:32,74.55,35.25
2024-01-16 22:29:59,65.0,35.72
2024-01-16 22:32:25,63.3,32.08
2024-01-16 22:34:52,57.63,29.3
2024-01-16 22:37:19,44.78,26.75
2024-01-16 22:39:45,29.73,17.85
2024-01-16 22:42:11,36.17,19.27
2024-01-16 22:44:38,40.47,22.2
2024-01-16 22:47:05,37.65,21.38
2024-01-16 22:49:31,43.72,23.2
2024-01-16 22:52:00,48.9,25.0
2024-01-16 22:54:27,42.88,24.67
2024-01-16 22:56:53,39.4,24.63
2024-01-16 22:59:19,42.0,23.92
2024-01-16 23:01:49,45.55,23.88
2024-01-16 23:04:15,70.72,33.72
2024-01-16 23:06:42,58.5,31.27
2024-01-16 23:09:08,48.88,27.75
2024-01-16 23:11:35,61.78,29.27
2024-01-16 23:14:01,70.68,30.17
2024-01-16 23:16:27,46.58,23.55
2024-01-16 23:18:53,56.3,28.63
2024-01-16 23:21:20,69.45,31.73
2024-01-16 23:23:47,57.97,31.58
2024-01-16 23:26:15,49.75,26.52
2024-01-16 23:28:42,48.9,25.52
2024-01-16 23:31:08,39.92,21.58
2024-01-16 23:33:36,48.55,27.02
2024-01-16 23:36:02,55.47,28.52
2024-01-16 23:38:29,59.05,31.88
2024-01-16 23:40:57,48.03,26.52
2024-01-16 23:43:25,31.15,17.13
2024-01-16 23:45:53,45.35,22.75
2024-01-16 23:48:20,46.15,24.63
2024-01-16 23:50:46,53.6,28.98
2024-01-16 23:53:12,60.05,26.1
2024-01-16 23:55:38,40.45,22.85
2024-01-16 23:58:04,45.95,24.02
2024-01-17 00:00:33,48.13,23.85
2024-01-17 00:03:00,34.3,17.4
2024-01-17 00:05:26,35.6,18.02
2024-01-17 00:07:52,35.05,18.6
2024-01-17 00:10:18,34.8,18.08
2024-01-17 00:12:45,35.35,21.3
2024-01-17 00:15:11,31.25,19.0
2024-01-17 00:17:37,35.28,20.15
2024-01-17 00:20:03,36.78,19.55
2024-01-17 00:22:29,34.55,19.33
2024-01-17 00:24:56,32.97,19.13
2024-01-17 00:27:22,31.25,19.08
2024-01-17 00:29:50,33.15,20.27
2024-01-17 00:32:22,38.2,21.0
2024-01-17 00:34:48,42.45,20.88
2024-01-17 00:37:14,42.6,22.23
2024-01-17 00:39:40,57.92,26.65
2024-01-17 00:42:06,63.35,29.88
2024-01-17 00:44:33,72.28,33.7
2024-01-17 00:47:02,70.82,33.95
2024-01-17 00:49:28,49.8,24.9
2024-01-17 00:51:54,34.08,19.92
2024-01-17 00:54:20,38.5,21.15
2024-01-17 00:56:46,38.75,21.85
2024-01-17 00:59:12,48.67,26.85
2024-01-17 01:01:38,47.47,23.88
2024-01-17 01:04:07,40.4,21.85
2024-01-17 01:06:33,41.28,23.33
2024-01-17 01:08:59,59.13,28.58
2024-01-17 01:11:29,55.75,27.27
2024-01-17 01:13:55,46.17,24.13
2024-01-17 01:16:21,39.5,23.52
2024-01-17 01:18:47,35.92,20.1
2024-01-17 01:21:14,31.55,19.02
2024-01-17 01:23:40,36.45,18.2
2024-01-17 01:26:06,50.8,24.63
2024-01-17 01:28:32,45.45,22.23
2024-01-17 01:30:58,47.13,24.05
2024-01-17 01:33:24,41.72,22.52
2024-01-17 01:35:50,43.13,22.83
2024-01-17 01:38:17,24.58,14.93
2024-01-17 01:40:43,31.35,17.95
2024-01-17 01:43:19,25.65,17.15
2024-01-17 01:48:20,28.8,16.48
2024-01-17 01:50:46,30.85,16.83
2024-01-17 01:53:13,37.4,19.27
2024-01-17 01:55:39,40.03,20.63
2024-01-17 01:58:06,35.4,18.65
2024-01-17 02:00:32,28.38,16.33
2024-01-17 02:02:58,32.95,17.55
2024-01-17 02:05:24,31.33,15.88
2024-01-17 02:07:51,22.27,12.93
2024-01-17 02:10:17,22.25,12.6
2024-01-17 02:12:44,23.8,14.3
2024-01-17 02:15:10,25.08,13.82
2024-01-17 02:17:36,28.08,15.93
2024-01-17 02:20:02,17.9,10.75
2024-01-17 02:22:28,24.27,13.6
2024-01-17 02:24:54,21.27,10.6
2024-01-17 02:27:20,24.52,13.6
2024-01-17 02:29:46,24.7,13.8
2024-01-17 02:32:13,24.6,14.88
2024-01-17 02:34:39,22.48,13.6
2024-01-17 02:37:11,20.88,12.88
2024-01-17 02:39:38,20.45,12.27
2024-01-17 02:42:04,28.35,15.2
2024-01-17 02:44:30,27.2,14.8
2024-01-17 02:46:56,20.55,12.9
2024-01-17 02:49:22,28.13,13.98
2024-01-17 02:51:48,25.58,13.27
2024-01-17 02:54:15,20.02,11.8
2024-01-17 02:56:41,22.63,12.48
2024-01-17 02:59:07,23.27,12.48
2024-01-17 03:01:33,22.65,12.43
2024-01-17 03:03:59,23.67,12.48
2024-01-17 03:06:25,21.8,12.32
2024-01-17 03:08:52,24.73,13.25
2024-01-17 03:11:18,20.08,12.82
2024-01-17 03:13:44,21.83,13.02
2024-01-17 03:16:10,21.42,11.75
2024-01-17 03:18:39,21.88,11.9
2024-01-17 03:21:05,23.95,12.07
2024-01-17 03:23:31,25.0,11.05
2024-01-17 03:25:58,19.27,11.9
2024-01-17 03:28:24,20.85,12.0
2024-01-17 03:30:50,21.27,11.65
2024-01-17 03:33:18,22.95,11.43
2024-01-17 03:35:44,19.17,10.7
2024-01-17 03:38:10,24.95,13.3
2024-01-17 03:40:36,20.33,12.02
2024-01-17 03:43:02,22.8,13.43
2024-01-17 03:45:28,28.42,16.08
2024-01-17 03:47:54,26.4,14.82
2024-01-17 03:50:20,21.6,12.6
2024-01-17 03:52:48,23.65,12.45
2024-01-17 03:55:14,27.3,13.07
2024-01-17 03:57:40,23.77,12.48
2024-01-17 04:00:06,27.63,13.85
2024-01-17 04:02:35,25.38,15.07
2024-01-17 04:05:01,26.85,13.0
2024-01-17 04:07:27,31.38,15.0
2024-01-17 04:09:54,24.25,13.45
2024-01-17 04:12:20,28.1,15.3
2024-01-17 04:14:46,25.63,16.73
2024-01-17 04:17:12,25.95,15.15
2024-01-17 04:19:38,28.27,16.73
2024-01-17 04:22:04,29.42,16.65
2024-01-17 04:24:30,17.8,9.73
2024-01-17 04:26:56,26.1,15.55
2024-01-17 04:29:23,25.5,14.13
2024-01-17 04:31:49,29.17,14.7
2024-01-17 04:34:15,30.75,16.45
2024-01-17 04:36:41,32.2,16.63
2024-01-17 04:39:07,29.95,17.02
2024-01-17 04:41:33,25.27,15.85
2024-01-17 04:43:59,38.0,19.67
2024-01-17 04:46:26,31.92,16.6
2024-01-17 04:48:52,32.0,16.85
2024-01-17 04:51:21,34.42,16.73
2024-01-17 04:53:49,24.52,15.1
2024-01-17 04:56:15,30.1,17.33
2024-01-17 04:58:42,37.2,19.38
2024-01-17 05:03:38,34.65,18.98
2024-01-17 05:06:06,39.97,20.73
2024-01-17 05:08:33,40.95,19.27
2024-01-17 05:10:59,34.85,19.42
2024-01-17 05:13:25,41.0,19.92
2024-01-17 05:15:51,34.75,19.23
2024-01-17 05:18:17,34.8,19.38
2024-01-17 05:20:43,43.42,23.27
2024-01-17 05:23:10,33.35,21.23
2024-01-17 05:25:36,41.13,22.35
2024-01-17 05:28:02,41.47,23.58
2024-01-17 05:30:29,36.78,21.6
2024-01-17 05:32:55,32.83,20.52
2024-01-17 05:35:22,48.0,25.27
2024-01-17 05:37:48,46.85,24.83
2024-01-17 05:40:14,32.72,20.58
2024-01-17 05:42:42,43.92,24.5
2024-01-17 05:45:08,45.4,25.13
2024-01-17 05:47:35,41.6,24.35
2024-01-17 05:50:01,39.15,21.92
2024-01-17 05:52:29,50.65,26.0
2024-01-17 05:54:56,42.08,22.23
2024-01-17 05:57:23,38.2,20.4
2024-01-17 05:59:49,41.7,20.05
2024-01-17 06:02:15,27.1,15.6
2024-01-17 06:04:42,27.88,17.08
2024-01-17 06:07:08,34.53,19.08
2024-01-17 06:09:34,38.1,18.45
2024-01-17 06:12:01,34.65,18.75
2024-01-17 06:14:28,34.1,17.77
2024-01-17 06:16:54,34.53,17.52
2024-01-17 06:19:20,31.13,18.52
2024-01-17 06:21:46,46.0,21.25
2024-01-17 06:24:12,45.0,21.5
2024-01-17 06:26:38,34.95,20.27
2024-01-17 06:29:05,43.53,21.83
2024-01-17 06:31:31,35.35,20.23
2024-01-17 06:33:57,33.97,19.35
2024-01-17 06:36:23,38.33,22.45
2024-01-17 06:38:50,42.6,23.5
2024-01-17 06:41:16,35.33,20.2
2024-01-17 06:43:42,42.25,22.65
2024-01-17 06:46:10,35.6,20.75
2024-01-17 06:48:36,35.17,21.85
2024-01-17 06:51:02,46.13,22.33
2024-01-17 06:53:31,43.3,23.05
2024-01-17 06:55:57,49.38,24.95
2024-01-17 06:58:23,46.22,24.83
2024-01-17 07:00:49,28.1,17.0
2024-01-17 07:03:15,34.88,19.65
2024-01-17 07:05:41,31.4,15.52
2024-01-17 07:08:07,25.23,13.25
2024-01-17 07:10:33,27.17,16.45
2024-01-17 07:13:01,24.33,13.3
2024-01-17 07:15:27,22.7,12.52
2024-01-17 07:17:54,20.88,11.07
2024-01-17 07:20:21,23.15,12.9
2024-01-17 07:22:47,20.1,12.93
2024-01-17 07:25:13,22.0,13.07
2024-01-17 07:27:41,23.27,12.93
2024-01-17 07:30:09,23.45,14.1
2024-01-17 07:32:36,25.95,13.65
2024-01-17 07:35:03,24.17,13.98
2024-01-17 07:37:29,24.77,14.55
2024-01-17 07:39:56,22.02,12.77
2024-01-17 07:42:22,24.73,14.57
2024-01-17 07:44:49,24.7,15.2
2024-01-17 07:47:15,22.98,14.5
2024-01-17 07:49:41,28.6,15.6
2024-01-17 07:52:08,27.2,15.25
2024-01-17 07:54:34,25.95,15.1
2024-01-17 07:57:01,23.2,14.75
2024-01-17 07:59:27,21.85,12.23
2024-01-17 08:01:54,22.23,13.15
2024-01-17 08:04:20,26.02,14.6
2024-01-17 08:06:47,26.77,14.18
2024-01-17 08:09:14,31.08,16.25
2024-01-17 08:11:50,26.08,16.98
2024-01-17 08:16:46,22.45,13.38
2024-01-17 08:19:12,23.45,13.7
2024-01-17 08:21:40,22.58,14.0
2024-01-17 08:24:06,26.02,14.95
2024-01-17 08:26:32,21.02,14.43
2024-01-17 08:28:59,23.15,13.85
2024-01-17 08:31:26,23.5,14.95
2024-01-17 08:33:52,22.45,12.9
2024-01-17 08:36:18,23.2,13.55
2024-01-17 08:38:45,26.08,15.0
2024-01-17 08:41:13,27.02,14.7
2024-01-17 08:43:43,25.45,15.85
2024-01-17 08:46:09,30.67,16.38
2024-01-17 08:48:37,32.35,16.48
2024-01-17 08:51:03,25.75,16.3
2024-01-17 08:53:30,30.6,16.85
2024-01-17 08:55:57,29.75,18.83
2024-01-17 08:58:40,30.38,16.9
2024-01-17 09:01:11,29.73,16.98
2024-01-17 09:03:39,30.85,17.42
2024-01-17 09:06:05,33.55,19.35
2024-01-17 09:08:34,29.65,18.88
2024-01-17 09:11:00,28.0,16.7
2024-01-17 09:13:29,24.3,16.1
2024-01-17 09:16:02,26.13,15.27
2024-01-17 09:18:28,27.6,14.43
2024-01-17 09:20:54,26.9,14.98
2024-01-17 09:23:21,23.1,14.32
2024-01-17 09:25:47,22.65,15.38
2024-01-17 09:28:16,22.8,13.9
2024-01-17 09:30:42,24.23,14.38
2024-01-17 09:33:11,22.88,14.8
2024-01-17 09:35:38,26.85,15.95
2024-01-17 09:38:08,21.05,13.57
2024-01-17 09:40:40,26.75,16.13
2024-01-17 09:43:17,23.85,15.77
2024-01-17 09:48:41,24.6,15.63
2024-01-17 09:51:16,24.42,14.9
2024-01-17 09:53:54,23.17,15.68
2024-01-17 09:56:24,12.93,8.05
2024-01-17 09:58:51,25.88,16.8
2024-01-17 10:01:17,25.4,14.8
2024-01-17 10:03:45,27.38,14.63
2024-01-17 10:06:12,25.48,15.13
2024-01-17 10:08:40,26.6,16.5
2024-01-17 10:11:10,23.55,16.15
2024-01-17 10:13:40,26.95,16.77
2024-01-17 10:16:09,25.7,16.13
2024-01-17 10:18:36,22.05,15.48
2024-01-17 10:21:03,27.23,16.55
2024-01-17 10:23:29,22.08,14.38
2024-01-17 10:25:55,23.0,13.73
2024-01-17 10:28:27,23.83,13.5
2024-01-17 10:30:58,25.5,16.0
2024-01-17 10:33:33,24.6,15.23
2024-01-17 10:35:59,20.98,14.1
2024-01-17 10:38:31,21.67,13.45
2024-01-17 10:41:04,23.92,13.77
2024-01-17 10:43:31,24.13,14.05
2024-01-17 10:48:26,19.77,12.05
2024-01-17 10:50:53,23.55,14.27
2024-01-17 10:53:40,22.88,14.05
2024-01-17 10:56:07,21.27,13.9
2024-01-17 10:58:34,21.02,13.18
2024-01-17 11:01:02,22.13,13.88
2024-01-17 11:03:29,25.55,17.52
2024-01-17 11:05:57,21.9,15.02
2024-01-17 11:08:24,26.75,15.35
2024-01-17 11:10:56,18.92,13.18
2024-01-17 11:16:04,26.75,15.82
2024-01-17 11:18:45,27.15,16.58
2024-01-17 11:21:15,27.05,17.85
2024-01-17 11:23:45,24.52,16.17
2024-01-17 11:26:18,21.15,13.2
2024-01-17 11:28:49,18.88,10.98
2024-01-17 11:33:42,19.8,12.02
2024-01-17 11:36:19,16.67,9.82
2024-01-17 11:38:55,19.05,11.15
2024-01-17 11:41:22,17.1,11.02
2024-01-17 11:43:50,17.58,10.7
2024-01-17 11:46:18,18.2,10.48
2024-01-17 11:48:44,18.4,12.3
2024-01-17 11:51:17,20.5,11.93
2024-01-17 11:53:49,21.0,12.2
2024-01-17 11:56:26,24.25,12.85
2024-01-17 11:58:58,22.77,15.05
2024-01-17 12:04:35,20.25,12.85
2024-01-17 12:07:01,21.17,13.32
2024-01-17 12:09:27,21.38,13.7
2024-01-17 12:11:54,21.27,13.88
2024-01-17 12:14:20,24.1,14.15
2024-01-17 12:16:53,25.13,15.48
2024-01-17 12:19:19,20.8,11.82
2024-01-17 12:21:45,18.42,11.65
2024-01-17 12:24:11,21.83,13.95
2024-01-17 12:26:38,23.25,11.73
2024-01-17 12:29:08,21.85,13.4
2024-01-17 12:31:35,19.08,13.88
2024-01-17 12:34:01,22.77,14.68
2024-01-17 12:36:28,24.02,15.68
2024-01-17 12:38:56,23.38,15.73
2024-01-17 12:41:22,24.35,15.25
2024-01-17 12:43:51,26.85,16.05
2024-01-17 12:46:20,30.3,17.27
2024-01-17 12:48:53,26.05,16.52
2024-01-17 12:51:21,25.67,16.5
2024-01-17 12:53:48,21.88,14.13
2024-01-17 12:56:14,28.13,16.9
2024-01-17 12:58:41,27.83,16.3
2024-01-17 13:01:07,28.98,16.83
2024-01-17 13:03:33,26.45,16.75
2024-01-17 13:06:00,27.05,16.42
2024-01-17 13:08:26,26.17,17.17
2024-01-17 13:10:53,27.15,16.08
2024-01-17 13:13:19,26.08,16.73
2024-01-17 13:15:49,28.23,16.35
2024-01-17 13:18:20,27.08,18.13
2024-01-17 13:20:50,27.95,16.8
2024-01-17 13:23:17,29.45,18.35
2024-01-17 13:25:43,28.3,16.85
2024-01-17 13:28:11,28.35,17.65
2024-01-17 13:30:39,27.98,18.38
2024-01-17 13:33:09,32.42,18.42
2024-01-17 13:35:39,27.0,17.73
2024-01-17 13:38:08,32.0,17.9
2024-01-17 13:40:34,32.53,19.1
2024-01-17 13:43:01,27.67,19.33
2024-01-17 13:45:28,30.75,18.08
2024-01-17 13:47:55,26.92,16.73
2024-01-17 13:50:22,34.65,20.92
2024-01-17 13:52:53,32.53,20.65
2024-01-17 13:55:21,30.95,21.42
2024-01-17 13:57:52,27.77,19.02
2024-01-17 14:00:19,29.35,19.4
2024-01-17 14:02:48,67.28,33.17
2024-01-17 14:05:14,42.22,24.4
2024-01-17 14:07:41,41.0,24.35
2024-01-17 14:10:08,31.92,20.58
2024-01-17 14:12:35,31.42,20.52
2024-01-17 14:15:01,35.65,21.58
2024-01-17 14:17:28,33.25,21.3
2024-01-17 14:19:54,32.0,18.58
2024-01-17 14:22:22,36.9,22.63
2024-01-17 14:24:49,31.52,20.15
2024-01-17 14:27:15,33.9,23.05
2024-01-17 14:29:41,35.4,23.95
2024-01-17 14:32:08,37.7,26.2
2024-01-17 14:34:34,31.98,21.23
2024-01-17 14:37:00,32.33,19.75
2024-01-17 14:39:26,29.35,17.42
2024-01-17 14:41:52,29.35,18.45
2024-01-17 14:44:20,34.95,20.02
2024-01-17 14:46:46,28.95,20.08
2024-01-17 14:49:12,33.7,22.35
2024-01-17 14:51:39,36.28,22.08
2024-01-17 14:54:06,43.1,25.13
2024-01-17 14:56:32,47.25,29.05
2024-01-17 14:58:58,46.33,29.25
2024-01-17 15:01:25,72.72,37.58
2024-01-17 15:06:55,89.18,43.53
2024-01-17 15:09:21,80.78,42.75
2024-01-17 15:11:51,80.3,43.6
2024-01-17 15:14:18,82.5,43.55
2024-01-17 15:16:45,75.7,41.25
2024-01-17 15:19:11,73.18,40.22
2024-01-17 15:21:37,78.35,41.63
2024-01-17 15:24:04,74.18,42.33
2024-01-17 15:26:34,70.45,38.83
2024-01-17 15:29:01,136.23,62.15
2024-01-17 15:31:27,85.8,50.17
2024-01-17 15:36:57,100.45,53.65
2024-01-17 15:39:23,103.93,55.08
2024-01-17 15:41:50,95.93,53.22
2024-01-17 15:44:16,92.45,53.38
2024-01-17 15:46:42,103.32,53.45
2024-01-17 15:49:08,97.15,56.55
2024-01-17 15:51:35,104.38,59.97
2024-01-17 15:54:01,99.75,55.75
2024-01-17 15:56:27,95.57,55.08
2024-01-17 15:58:53,91.55,52.38
2024-01-17 16:01:19,100.5,55.75
2024-01-17 16:06:49,104.63,59.17
2024-01-17 16:09:15,110.35,59.42
2024-01-17 16:11:41,116.47,66.38
2024-01-17 16:14:07,110.5,61.38
2024-01-17 16:16:34,101.57,56.53
2024-01-17 16:22:03,114.75,62.75
2024-01-17 16:24:30,94.7,54.3
2024-01-17 16:26:58,115.5,58.8
2024-01-17 16:29:24,175.88,92.13
2024-01-17 16:31:50,169.85,83.75
2024-01-17 16:34:16,148.3,76.03
2024-01-17 16:36:43,133.68,70.15
2024-01-17 16:39:09,127.43,65.68
2024-01-17 16:41:37,127.0,67.85
2024-01-17 16:44:04,115.55,67.25
2024-01-17 16:46:30,116.57,63.47
2024-01-17 16:52:00,118.4,62.8
2024-01-17 16:54:26,117.68,67.15
2024-01-17 16:56:53,107.55,65.7
2024-01-17 16:59:19,113.55,65.07
2024-01-17 17:01:45,111.65,62.75
2024-01-17 17:07:15,101.63,58.28
2024-01-17 17:09:42,90.35,49.97
2024-01-17 17:12:08,91.57,54.35
2024-01-17 17:14:34,85.55,50.92
2024-01-17 17:17:00,90.05,50.47
2024-01-17 17:19:26,92.15,49.58
2024-01-17 17:21:52,89.8,51.95
2024-01-17 17:24:18,100.18,58.6
2024-01-17 17:26:45,89.97,52.35
2024-01-17 17:29:11,106.93,58.08
2024-01-17 17:31:40,105.72,61.28
2024-01-17 17:37:11,102.57,57.92
2024-01-17 17:39:37,90.0,50.1
2024-01-17 17:42:04,84.32,47.72
2024-01-17 17:44:30,73.75,42.95
2024-01-17 17:46:58,70.57,40.88
2024-01-17 17:49:24,74.53,42.05
2024-01-17 17:51:53,88.22,48.0
2024-01-17 17:54:19,86.8,48.13
2024-01-17 17:56:45,78.72,46.0
2024-01-17 17:59:11,83.1,47.55
2024-01-17 18:01:37,76.47,43.53
2024-01-17 18:07:08,87.4,49.03
2024-01-17 18:09:34,94.88,51.45
2024-01-17 18:12:00,84.03,51.63
2024-01-17 18:14:26,95.47,52.03
2024-01-17 18:16:52,84.0,48.4
2024-01-17 18:22:22,105.57,54.95
2024-01-17 18:24:48,94.53,51.65
2024-01-17 18:27:14,103.6,57.3
2024-01-17 18:29:40,97.88,57.95
2024-01-17 18:32:07,95.6,53.35
2024-01-17 18:34:33,93.07,56.65
2024-01-17 18:36:59,95.38,56.0
2024-01-17 18:39:25,100.18,56.13
2024-01-17 18:41:51,98.75,55.72
2024-01-17 18:44:17,109.82,61.5
2024-01-17 18:46:46,109.55,61.47
2024-01-17 18:52:16,102.93,56.97
2024-01-17 18:54:42,94.85,53.97
2024-01-17 18:57:08,107.13,55.9
2024-01-17 18:59:35,96.85,56.9
2024-01-17 19:02:01,86.47,49.65
2024-01-17 19:08:00,64.3,38.33
2024-01-17 19:10:26,71.55,42.05
2024-01-17 19:12:52,78.57,41.9
2024-01-17 19:15:18,75.72,41.95
2024-01-17 19:17:44,82.2,47.42
2024-01-17 19:20:10,93.0,53.0
2024-01-17 19:22:37,97.57,52.92
2024-01-17 19:25:03,80.65,49.22
2024-01-17 19:27:31,88.75,48.0
2024-01-17 19:29:57,81.97,50.38
2024-01-17 19:32:24,88.1,49.55
2024-01-17 19:34:50,90.22,54.13
2024-01-17 19:37:16,89.2,50.33
2024-01-17 19:39:42,91.22,51.7
2024-01-17 19:42:09,84.07,49.33
2024-01-17 19:44:37,88.3,51.33
2024-01-17 19:47:03,93.1,53.17
2024-01-17 19:52:33,114.68,59.08
2024-01-17 19:54:59,110.43,61.47
2024-01-17 19:57:25,111.57,63.97
2024-01-17 19:59:52,91.18,53.53
2024-01-17 20:02:18,96.03,54.6
2024-01-17 20:04:44,89.53,52.63
2024-01-17 20:07:10,93.32,53.3
2024-01-17 20:09:36,106.53,58.92
2024-01-17 20:12:02,88.63,52.4
2024-01-17 20:14:28,78.75,46.28
2024-01-17 20:16:55,72.82,44.42
2024-01-17 20:22:25,74.2,43.78
2024-01-17 20:24:51,124.55,65.97
2024-01-17 20:27:18,128.23,63.67
2024-01-17 20:29:45,94.82,57.58
2024-01-17 20:32:12,90.38,51.78
2024-01-17 20:37:44,103.82,59.65
2024-01-17 20:40:10,105.05,58.3
2024-01-17 20:42:36,104.07,60.92
2024-01-17 20:45:02,106.95,61.6
2024-01-17 20:47:28,102.85,59.65
2024-01-17 20:49:56,116.43,65.4
2024-01-17 20:52:22,106.15,59.72
2024-01-17 20:54:48,94.7,50.95
2024-01-17 20:57:14,59.53,38.4
2024-01-17 20:59:40,70.03,41.0
2024-01-17 21:02:06,68.75,37.85
2024-01-17 21:07:36,74.97,46.0
2024-01-17 21:10:02,82.32,48.55
2024-01-17 21:12:28,81.1,48.5
2024-01-17 21:14:54,68.45,41.7
2024-01-17 21:17:20,75.55,45.67
2024-01-17 21:22:51,78.8,45.97
2024-01-17 21:25:17,74.15,44.3
2024-01-17 21:27:43,67.88,43.55
2024-01-17 21:30:09,79.7,45.4
2024-01-17 21:32:36,77.28,45.92
2024-01-17 21:35:02,68.95,44.22
2024-01-17 21:37:28,72.6,45.63
2024-01-17 21:39:54,91.32,56.1
2024-01-17 21:42:20,88.22,53.17
2024-01-17 21:44:46,93.4,53.8
2024-01-17 21:47:12,88.5,51.15
2024-01-17 21:52:42,75.47,44.67
2024-01-17 21:55:08,81.25,44.03
2024-01-17 21:57:34,79.25,44.33
2024-01-17 22:00:01,73.68,44.5
2024-01-17 22:02:28,82.63,44.6
2024-01-17 22:07:58,75.4,43.9
2024-01-17 22:10:25,75.88,44.85
2024-01-17 22:12:54,87.4,51.47
2024-01-17 22:15:21,78.4,47.55
2024-01-17 22:17:47,85.63,45.83
2024-01-17 22:20:16,78.63,45.25
2024-01-17 22:22:43,74.72,42.9
2024-01-17 22:25:09,76.32,47.0
2024-01-17 22:27:36,87.1,49.95
2024-01-17 22:30:02,94.85,53.6
2024-01-17 22:32:32,86.72,49.78
2024-01-17 22:38:02,81.7,45.35
2024-01-17 22:40:28,85.78,46.92
2024-01-17 22:42:54,74.78,46.25
2024-01-17 22:45:20,75.6,43.13
2024-01-17 22:47:46,88.43,47.55
2024-01-17 22:50:13,83.22,48.05
2024-01-17 22:52:40,80.0,47.33
2024-01-17 22:55:06,82.0,48.3
2024-01-17 22:57:33,82.68,47.97
2024-01-17 22:59:59,82.85,48.83
2024-01-17 23:02:25,76.65,46.1
2024-01-17 23:07:55,69.07,41.4
2024-01-17 23:10:21,68.95,39.85
2024-01-17 23:12:47,79.97,44.1
2024-01-17 23:15:13,71.35,43.1
2024-01-17 23:17:39,71.95,41.55
2024-01-17 23:23:09,65.18,36.55
2024-01-17 23:25:35,60.03,35.47
2024-01-17 23:28:01,59.47,35.55
2024-01-17 23:30:27,60.72,35.1
2024-01-17 23:32:53,61.92,35.35
2024-01-17 23:35:19,71.32,39.03
2024-01-17 23:37:45,74.55,39.85
2024-01-17 23:40:11,73.88,41.1
2024-01-17 23:42:38,74.53,42.45
2024-01-17 23:45:04,67.82,37.0
2024-01-17 23:47:32,71.82,40.15
2024-01-17 23:53:02,65.4,38.08
2024-01-17 23:55:28,72.0,40.75
2024-01-17 23:57:54,69.93,39.13
2024-01-18 00:00:20,71.43,39.78
2024-01-18 00:02:46,76.97,40.5
2024-01-18 00:08:16,72.6,38.63
2024-01-18 00:10:42,72.18,40.85
2024-01-18 00:13:08,73.1,39.92
2024-01-18 00:15:34,74.5,39.78
2024-01-18 00:18:00,61.58,36.35
2024-01-18 00:20:29,59.45,34.88
2024-01-18 00:22:55,57.15,30.92
2024-01-18 00:25:21,54.0,31.0
2024-01-18 00:27:47,55.58,30.05
2024-01-18 00:30:13,54.88,32.47
2024-01-18 00:32:42,53.38,31.7
2024-01-18 00:38:11,54.5,31.63
2024-01-18 00:40:37,51.25,29.75
2024-01-18 00:43:03,53.95,30.08
2024-01-18 00:45:30,55.5,30.73
2024-01-18 00:47:56,61.85,33.08
2024-01-18 00:50:22,54.3,31.45
2024-01-18 00:52:48,62.6,34.35
2024-01-18 00:55:14,63.4,34.85
2024-01-18 00:57:40,47.25,27.55
2024-01-18 01:00:07,48.08,26.63
2024-01-18 01:02:33,44.9,27.48
2024-01-18 01:08:03,49.42,27.08
2024-01-18 01:10:29,50.65,28.42
2024-01-18 01:12:55,46.97,29.65
2024-01-18 01:15:22,51.13,30.05
2024-01-18 01:17:48,49.55,30.8
2024-01-18 01:23:17,50.58,28.3
2024-01-18 01:25:43,55.1,29.25
2024-01-18 01:28:10,48.6,29.1
2024-01-18 01:30:36,52.9,31.4
2024-01-18 01:33:02,59.08,34.72
2024-01-18 01:35:28,74.72,40.08
2024-01-18 01:37:54,53.3,30.98
2024-01-18 01:40:21,47.55,27.55
2024-01-18 01:42:47,46.13,27.35
2024-01-18 01:45:13,46.25,25.88
2024-01-18 01:47:39,43.75,25.2
2024-01-18 01:53:09,48.17,25.9
2024-01-18 01:55:36,44.05,26.02
2024-01-18 01:58:03,43.33,25.98
2024-01-18 02:00:30,45.13,25.27
2024-01-18 02:02:56,43.0,23.6
2024-01-18 02:08:26,36.8,22.0
2024-01-18 02:10:53,38.08,22.42
2024-01-18 02:13:20,52.78,27.65
2024-01-18 02:15:46,41.5,24.08
2024-01-18 02:18:12,41.05,23.83
2024-01-18 02:20:38,49.95,27.05
2024-01-18 02:23:04,45.22,24.83
2024-01-18 02:25:31,46.97,25.45
2024-01-18 02:27:57,47.8,24.65
2024-01-18 02:30:23,39.15,23.38
2024-01-18 02:32:50,43.35,25.38
2024-01-18 02:38:20,35.4,22.48
2024-01-18 02:40:46,40.05,23.48
2024-01-18 02:43:12,33.58,18.85
2024-01-18 02:45:39,34.17,21.55
2024-01-18 02:48:05,40.6,23.8
2024-01-18 02:53:34,39.47,22.27
2024-01-18 02:56:00,35.17,20.9
2024-01-18 02:58:27,37.15,21.27
2024-01-18 03:00:53,36.15,19.42
2024-01-18 03:03:19,34.85,20.95
2024-01-18 03:05:45,35.63,20.58
2024-01-18 03:08:11,40.65,23.27
2024-01-18 03:10:37,35.65,21.55
2024-01-18 03:13:03,38.47,21.65
2024-01-18 03:15:29,36.8,21.25
2024-01-18 03:17:55,38.85,21.6
2024-01-18 03:23:25,38.55,21.27
2024-01-18 03:25:51,35.35,21.65
2024-01-18 03:28:17,35.78,20.85
2024-01-18 03:30:43,33.97,20.42
2024-01-18 03:33:09,31.1,19.3
2024-01-18 03:38:39,35.15,20.2
2024-01-18 03:41:05,36.85,18.67
2024-01-18 03:43:31,38.47,21.55
2024-01-18 03:45:57,36.4,20.42
2024-01-18 03:48:23,32.38,20.4
2024-01-18 03:50:50,37.05,19.6
2024-01-18 03:53:16,20.33,11.68
2024-01-18 03:55:43,36.75,18.65
2024-01-18 03:58:09,34.7,18.77
2024-01-18 04:00:35,35.1,19.2
2024-01-18 04:03:03,32.85,19.6
2024-01-18 04:08:33,28.75,17.67
2024-01-18 04:10:59,33.42,17.52
2024-01-18 04:13:27,27.2,15.9
2024-01-18 04:15:53,32.3,17.02
2024-01-18 04:18:19,25.92,16.38
2024-01-18 04:23:49,29.7,17.4
2024-01-18 04:26:15,35.15,19.52
2024-01-18 04:28:42,28.42,17.63
2024-01-18 04:31:08,29.35,17.6
2024-01-18 04:33:34,29.1,17.45
2024-01-18 04:36:00,33.28,19.6
2024-01-18 04:38:26,32.6,19.17
2024-01-18 04:40:52,31.02,18.48
2024-01-18 04:43:18,29.65,19.02
2024-01-18 04:45:44,33.8,19.4
2024-01-18 04:48:11,33.7,19.8
2024-01-18 04:53:40,31.6,19.13
2024-01-18 04:56:06,34.08,21.1
2024-01-18 04:58:33,30.13,18.08
2024-01-18 05:00:59,40.42,20.38
2024-01-18 05:03:26,34.65,20.38
2024-01-18 05:08:56,30.9,18.1
2024-01-18 05:11:22,34.58,20.5
2024-01-18 05:13:48,33.97,20.45
2024-01-18 05:16:14,34.3,19.27
2024-01-18 05:18:40,30.38,16.67
2024-01-18 05:21:06,28.58,17.02
2024-01-18 05:23:32,28.13,16.77
2024-01-18 05:25:58,27.83,16.88
2024-01-18 05:28:24,24.75,14.32
2024-01-18 05:30:50,29.17,17.98
2024-01-18 05:33:17,28.95,16.98
2024-01-18 05:38:46,33.2,19.45
2024-01-18 05:41:12,33.28,19.45
2024-01-18 05:43:40,35.65,20.58
2024-01-18 05:46:06,31.75,16.77
2024-01-18 05:48:33,37.17,19.05
2024-01-18 05:54:03,67.78,30.38
2024-01-18 05:56:29,47.0,23.95
2024-01-18 05:58:55,56.13,26.88
2024-01-18 06:01:21,47.95,25.98
2024-01-18 06:03:47,53.17,28.67
2024-01-18 06:06:13,59.3,30.2
2024-01-18 06:08:40,53.2,29.15
2024-01-18 06:11:06,45.67,26.0
2024-01-18 06:13:33,46.63,26.05
2024-01-18 06:15:59,50.05,27.65
2024-01-18 06:18:25,52.08,29.9
2024-01-18 06:23:54,44.97,26.13
2024-01-18 06:26:21,45.05,26.1
2024-01-18 06:28:47,37.67,23.33
2024-01-18 06:31:13,38.63,23.75
2024-01-18 06:33:39,37.17,24.15
2024-01-18 06:39:08,34.95,21.77
2024-01-18 06:41:35,36.95,22.27
2024-01-18 06:44:02,37.58,19.58
2024-01-18 06:46:28,41.8,22.8
2024-01-18 06:48:54,37.05,19.92
2024-01-18 06:51:22,38.58,21.02
2024-01-18 06:53:48,43.78,23.83
2024-01-18 06:56:15,32.95,19.73
2024-01-18 06:58:42,45.8,25.67
2024-01-18 07:01:09,39.2,21.73
2024-01-18 07:03:35,47.58,27.05
2024-01-18 07:09:05,51.13,28.85
2024-01-18 07:11:32,64.78,32.92
2024-01-18 07:13:58,52.3,29.2
2024-01-18 07:16:24,46.88,27.2
2024-01-18 07:18:50,40.03,24.2
2024-01-18 07:21:17,40.6,25.63
2024-01-18 07:23:43,43.65,26.23
2024-01-18 07:26:09,44.53,25.8
2024-01-18 07:28:35,51.78,28.65
2024-01-18 07:31:01,28.45,15.98
2024-01-18 07:33:27,42.22,25.8
2024-01-18 07:38:57,50.58,27.65
2024-01-18 07:41:24,54.78,30.4
2024-01-18 07:43:50,51.4,29.58
2024-01-18 07:46:16,43.55,27.05
2024-01-18 07:48:42,43.4,26.45
2024-01-18 07:54:12,46.83,29.33
2024-01-18 07:56:38,49.72,30.2
2024-01-18 07:59:04,48.28,28.35
2024-01-18 08:01:30,53.6,33.58
2024-01-18 08:03:56,49.85,30.25
2024-01-18 08:06:22,57.47,34.3
2024-01-18 08:08:48,55.25,34.13
2024-01-18 08:11:15,52.42,30.55
2024-01-18 08:13:41,55.67,33.1
2024-01-18 08:16:07,47.85,28.42
2024-01-18 08:18:33,49.58,27.63
2024-01-18 08:24:04,40.17,25.5
2024-01-18 08:26:34,47.22,26.42
2024-01-18 08:29:00,44.38,26.42
2024-01-18 08:31:26,47.15,26.55
2024-01-18 08:33:53,39.7,26.42
2024-01-18 08:39:25,45.88,25.88
2024-01-18 08:41:51,42.8,26.33
2024-01-18 08:44:21,44.75,26.75
2024-01-18 08:46:47,48.28,28.02
2024-01-18 08:49:13,43.97,26.25
2024-01-18 08:51:40,49.53,31.15
2024-01-18 08:54:06,56.67,35.03
2024-01-18 08:56:33,43.22,28.33
2024-01-18 08:59:00,50.78,29.02
2024-01-18 09:01:26,43.72,25.35
2024-01-18 09:03:52,40.28,23.0
2024-01-18 09:09:22,44.65,26.55
2024-01-18 09:11:48,47.0,27.02
2024-01-18 09:14:14,47.1,27.83
2024-01-18 09:16:40,161.35,77.97
2024-01-18 09:19:06,64.43,34.22
2024-01-18 09:21:32,47.13,27.6
2024-01-18 09:23:58,36.97,23.08
2024-01-18 09:26:24,37.45,22.58
2024-01-18 09:28:50,30.52,16.95
2024-01-18 09:31:16,30.45,17.27
2024-01-18 09:33:42,27.23,15.27
2024-01-18 09:39:12,26.17,15.13
2024-01-18 09:41:41,28.45,16.58
2024-01-18 09:49:57,35.7,19.9
2024-01-18 09:52:47,29.65,16.2
2024-01-18 09:55:14,28.48,14.32
2024-01-18 10:00:16,24.75,14.57
2024-01-18 10:02:44,24.55,13.4
2024-01-18 10:05:13,25.5,14.15
2024-01-18 10:07:46,27.13,15.1
2024-01-18 10:13:13,22.65,14.48
2024-01-18 10:15:39,24.17,13.57
2024-01-18 10:18:07,26.17,14.95
2024-01-18 10:20:33,21.27,13.45
2024-01-18 10:22:59,23.88,14.43
2024-01-18 10:25:26,23.63,14.48
2024-01-18 10:27:53,27.23,15.27
2024-01-18 10:30:19,23.9,15.27
2024-01-18 10:32:46,25.2,15.65
2024-01-18 10:35:18,27.83,15.73
2024-01-18 10:37:45,23.58,14.82
2024-01-18 10:40:16,27.7,15.35
2024-01-18 10:42:43,25.88,15.63
2024-01-18 10:45:11,25.83,15.77
2024-01-18 10:47:37,27.73,16.55
2024-01-18 10:50:04,27.0,16.42
2024-01-18 10:52:32,28.8,16.42
2024-01-18 10:54:59,22.98,13.68
2024-01-18 10:57:27,25.35,14.07
2024-01-18 10:59:53,29.52,16.48
2024-01-18 11:02:20,29.17,16.9
2024-01-18 11:04:46,26.45,16.13
2024-01-18 11:07:13,23.85,14.1
2024-01-18 11:09:39,27.17,15.77
2024-01-18 11:12:05,28.63,16.3
2024-01-18 11:14:32,28.5,15.52
2024-01-18 11:17:05,27.95,14.98
2024-01-18 11:19:38,30.05,17.15
2024-01-18 11:22:07,25.6,15.23
2024-01-18 11:24:35,29.6,16.2
2024-01-18 11:27:15,23.23,13.68
2024-01-18 11:29:43,28.98,16.05
2024-01-18 11:32:12,34.0,18.67
2024-01-18 11:34:39,31.55,17.67
2024-01-18 11:37:12,27.45,17.2
2024-01-18 11:42:14,29.83,17.92
2024-01-18 11:44:47,32.22,18.23
2024-01-18 11:47:16,33.65,19.88
2024-01-18 11:49:43,32.13,18.85
2024-01-18 11:52:09,33.85,18.58
2024-01-18 11:54:36,31.08,17.27
2024-01-18 11:57:03,33.9,18.42
2024-01-18 11:59:39,31.75,16.83
2024-01-18 12:02:06,31.42,17.38
2024-01-18 12:04:33,25.95,16.55
2024-01-18 12:07:00,30.25,19.05
2024-01-18 12:09:26,28.83,17.95
2024-01-18 12:11:54,30.55,17.35
2024-01-18 12:14:21,34.15,17.48
2024-01-18 12:16:48,31.85,19.15
2024-01-18 12:19:28,30.02,18.83
2024-01-18 12:21:54,31.0,18.38
2024-01-18 12:24:20,29.73,17.77
2024-01-18 12:26:46,27.52,18.1
2024-01-18 12:29:12,28.85,18.92
2024-01-18 12:31:40,31.08,19.33
2024-01-18 12:34:07,30.73,19.65
2024-01-18 12:36:34,34.55,20.88
2024-01-18 12:39:01,34.63,21.75
2024-01-18 12:41:28,35.2,22.05
2024-01-18 12:43:54,31.63,19.45
2024-01-18 12:46:20,30.8,18.02
2024-01-18 12:48:47,27.1,17.0
2024-01-18 12:51:13,30.02,18.73
2024-01-18 12:53:39,35.22,20.5
2024-01-18 12:56:09,40.15,24.5
2024-01-18 12:58:36,37.72,23.0
2024-01-18 13:01:02,31.77,21.65
2024-01-18 13:03:28,49.97,28.75
2024-01-18 13:05:54,38.4,25.33
2024-01-18 13:08:22,40.05,23.0
2024-01-18 13:10:48,33.17,20.17
2024-01-18 13:13:15,39.0,20.85
2024-01-18 13:15:41,33.15,20.2
2024-01-18 13:18:08,37.28,21.55
2024-01-18 13:20:38,39.4,23.17
2024-01-18 13:23:06,41.35,23.85
2024-01-18 13:25:34,41.33,23.95
2024-01-18 13:28:01,38.78,22.27
2024-01-18 13:30:27,43.63,23.95
2024-01-18 13:32:53,41.75,25.38
2024-01-18 13:35:20,42.13,26.25
2024-01-18 13:37:46,38.55,23.9
2024-01-18 13:40:13,38.33,22.77
2024-01-18 13:42:39,35.35,21.45
2024-01-18 13:45:06,33.6,21.42
2024-01-18 13:47:33,38.15,23.45
2024-01-18 13:50:01,31.25,19.52
2024-01-18 13:52:27,31.8,20.27
2024-01-18 13:54:54,31.0,20.02
2024-01-18 13:57:21,30.3,17.73
2024-01-18 13:59:47,34.38,19.95
2024-01-18 14:02:13,26.02,17.5
2024-01-18 14:04:39,26.13,16.15
2024-01-18 14:07:06,26.5,16.23
2024-01-18 14:09:32,29.77,20.23
2024-01-18 14:11:58,37.45,22.65
2024-01-18 14:14:24,35.88,22.35
2024-01-18 14:16:50,33.08,18.92
2024-01-18 14:19:16,29.25,18.83
2024-01-18 14:21:43,30.05,18.0
2024-01-18 14:24:09,37.45,22.17
2024-01-18 14:26:35,36.22,20.7
2024-01-18 14:29:01,32.67,20.4
2024-01-18 14:31:33,33.65,21.1
2024-01-18 14:34:00,26.58,16.73
2024-01-18 14:36:26,27.1,15.43
2024-01-18 14:38:52,24.33,15.35
2024-01-18 14:41:18,28.4,18.85
2024-01-18 14:43:44,31.05,18.58
2024-01-18 14:46:10,13.4,8.02
2024-01-18 14:48:39,20.6,13.77
2024-01-18 14:51:05,22.65,15.55
2024-01-18 14:53:31,26.5,16.7
2024-01-18 14:55:57,20.73,12.85
2024-01-18 14:58:23,28.05,16.95
2024-01-18 15:00:49,25.98,16.85
2024-01-18 15:03:15,23.8,15.93
2024-01-18 15:05:42,22.13,14.13
2024-01-18 15:08:08,44.6,28.67
2024-01-18 15:10:34,51.17,30.05
2024-01-18 15:13:00,35.72,20.5
2024-01-18 15:15:26,33.22,20.8
2024-01-18 15:17:54,29.63,19.65
2024-01-18 15:20:22,58.67,36.25
2024-01-18 15:22:48,56.42,34.28
2024-01-18 15:25:14,55.47,33.95
2024-01-18 15:27:40,44.05,28.4
2024-01-18 15:30:06,42.9,28.85
2024-01-18 15:32:33,48.17,30.95
2024-01-18 15:34:59,56.67,35.17
2024-01-18 15:37:25,61.13,36.92
2024-01-18 15:39:51,63.72,43.47
2024-01-18 15:42:17,55.72,35.83
2024-01-18 15:44:44,56.7,38.45
2024-01-18 15:47:10,58.42,35.2
2024-01-18 15:49:41,52.4,33.88
2024-01-18 15:52:08,50.7,31.5
2024-01-18 15:54:34,55.5,31.67
2024-01-18 15:57:01,60.75,38.92
2024-01-18 15:59:27,81.63,52.63
2024-01-18 16:01:53,80.75,53.05
2024-01-18 16:04:19,72.35,49.22
2024-01-18 16:06:45,67.85,44.25
2024-01-18 16:09:11,75.9,47.88
2024-01-18 16:11:38,86.47,56.5
2024-01-18 16:14:04,73.65,49.5
2024-01-18 16:16:30,71.95,45.53
2024-01-18 16:18:56,70.55,46.13
2024-01-18 16:21:22,69.18,47.53
2024-01-18 16:23:49,72.4,45.35
2024-01-18 16:26:17,71.28,44.47
2024-01-18 16:28:43,71.68,43.72
2024-01-18 16:31:09,63.1,41.58
2024-01-18 16:33:35,63.1,40.67
2024-01-18 16:36:01,64.65,39.8
2024-01-18 16:38:27,59.75,37.05
2024-01-18 16:40:54,58.58,36.47
2024-01-18 16:43:21,70.3,44.0
2024-01-18 16:45:47,57.9,38.2
2024-01-18 16:48:13,58.63,36.92
2024-01-18 16:50:39,75.5,45.7
2024-01-18 16:53:06,88.5,52.45
2024-01-18 16:55:32,79.25,46.33
2024-01-18 16:58:00,79.05,47.33
2024-01-18 17:00:26,90.18,55.17
2024-01-18 17:02:52,82.6,50.13
2024-01-18 17:05:18,77.78,47.67
2024-01-18 17:07:44,72.22,43.17
2024-01-18 17:10:14,81.68,53.05
2024-01-18 17:12:40,72.32,47.42
2024-01-18 17:15:06,81.28,52.53
2024-01-18 17:17:32,77.93,49.85
2024-01-18 17:19:59,82.75,51.15
2024-01-18 17:22:25,78.93,52.05
2024-01-18 17:24:51,84.63,55.5
2024-01-18 17:27:17,89.28,58.15
2024-01-18 17:29:46,77.03,50.15
2024-01-18 17:32:13,80.55,52.88
2024-01-18 17:34:39,75.22,51.5
2024-01-18 17:37:06,76.3,49.47
2024-01-18 17:39:32,78.82,50.75
2024-01-18 17:41:59,99.57,60.83
2024-01-18 17:44:25,112.88,70.38
2024-01-18 17:46:52,108.72,69.95
2024-01-18 17:49:20,105.82,65.9
2024-01-18 17:51:46,106.25,61.85
2024-01-18 17:54:13,100.35,57.38
2024-01-18 17:56:39,81.4,50.45
2024-01-18 17:59:05,77.13,47.45
2024-01-18 18:01:31,88.3,51.65
2024-01-18 18:03:57,91.25,53.9
2024-01-18 18:06:23,99.9,60.03
2024-01-18 18:08:49,83.97,51.3
2024-01-18 18:11:15,86.25,51.95
2024-01-18 18:13:42,71.85,45.83
2024-01-18 18:16:08,69.57,43.17
2024-01-18 18:18:35,64.43,40.95
2024-01-18 18:21:01,59.9,38.92
2024-01-18 18:23:27,57.97,38.8
2024-01-18 18:25:53,63.95,38.38
2024-01-18 18:28:19,56.97,40.4
2024-01-18 18:30:45,62.78,38.47
2024-01-18 18:33:12,61.47,41.8
2024-01-18 18:35:38,73.43,48.03
2024-01-18 18:38:05,69.05,42.1
2024-01-18 18:40:31,78.2,48.22
2024-01-18 18:43:00,68.15,44.47
2024-01-18 18:45:29,72.9,46.97
2024-01-18 18:47:55,82.28,50.8
2024-01-18 18:50:21,83.07,50.95
2024-01-18 18:52:47,84.45,52.25
2024-01-18 18:55:14,85.8,53.85
2024-01-18 18:57:41,82.35,51.22
2024-01-18 19:00:07,89.1,56.2
2024-01-18 19:02:33,92.7,54.33
2024-01-18 19:05:00,108.35,62.25
2024-01-18 19:07:27,91.6,54.13
2024-01-18 19:09:53,92.45,56.58
2024-01-18 19:12:20,100.43,58.8
2024-01-18 19:14:46,74.1,45.5
2024-01-18 19:17:12,72.9,46.97
2024-01-18 19:19:40,81.9,46.33
2024-01-18 19:22:06,81.75,46.7
2024-01-18 19:24:32,67.78,39.6
2024-01-18 19:26:58,78.28,44.22
2024-01-18 19:29:24,71.68,44.7
2024-01-18 19:31:50,76.63,47.7
2024-01-18 19:34:17,79.43,48.03
2024-01-18 19:36:43,82.25,47.0
2024-01-18 19:39:09,80.7,47.53
2024-01-18 19:41:35,80.63,47.13
2024-01-18 19:44:01,75.82,48.1
2024-01-18 19:46:27,80.47,52.15
2024-01-18 19:48:53,57.63,36.6
2024-01-18 19:51:21,49.03,30.23
2024-01-18 19:53:47,55.38,34.67
2024-01-18 19:56:13,71.9,44.67
2024-01-18 19:58:39,69.18,45.25
2024-01-18 20:01:05,61.05,35.47
2024-01-18 20:03:32,61.05,39.92
2024-01-18 20:05:58,71.6,46.0
2024-01-18 20:08:24,79.18,49.33
2024-01-18 20:10:52,77.5,48.25
2024-01-18 20:13:18,85.55,50.75
2024-01-18 20:15:44,74.63,46.38
2024-01-18 20:18:11,80.22,49.15
2024-01-18 20:20:37,81.18,48.8
2024-01-18 20:23:04,82.38,48.65
2024-01-18 20:25:30,82.75,50.0
2024-01-18 20:27:56,81.93,52.03
2024-01-18 20:30:23,85.1,49.45
2024-01-18 20:32:49,85.18,51.92
2024-01-18 20:35:15,86.22,54.2
2024-01-18 20:37:41,120.93,73.93
2024-01-18 20:40:08,172.6,92.57
2024-01-18 20:42:34,119.95,61.75
2024-01-18 20:45:01,101.32,57.05
2024-01-18 20:47:27,91.22,53.22
2024-01-18 20:49:53,105.1,60.3
2024-01-18 20:52:19,134.65,68.15
2024-01-18 20:54:45,119.3,65.13
2024-01-18 20:57:11,110.63,65.93
2024-01-18 20:59:37,115.18,68.65
2024-01-18 21:02:04,129.1,73.65
2024-01-18 21:04:30,110.65,65.93
2024-01-18 21:06:56,120.88,71.6
2024-01-18 21:09:22,130.73,71.57
2024-01-18 21:11:51,133.88,82.0
2024-01-18 21:14:17,129.48,76.7
2024-01-18 21:16:43,125.43,75.03
2024-01-18 21:19:09,176.25,103.0
2024-01-18 21:21:35,167.38,97.47
2024-01-18 21:24:02,167.9,96.5
2024-01-18 21:26:28,130.85,81.38
2024-01-18 21:28:54,144.52,84.35
2024-01-18 21:31:20,135.0,80.75
2024-01-18 21:33:46,224.55,93.6
2024-01-18 21:36:13,138.6,84.25
2024-01-18 21:38:39,148.65,89.03
2024-01-18 21:41:05,139.93,83.4
2024-01-18 21:43:31,144.6,89.8
2024-01-18 21:45:57,150.7,90.5
2024-01-18 21:48:23,149.18,89.95
2024-01-18 21:50:49,141.55,81.88
2024-01-18 21:53:16,110.72,65.95
2024-01-18 21:55:42,104.55,62.2
2024-01-18 21:58:08,118.07,65.8
2024-01-18 22:00:34,125.93,69.85
2024-01-18 22:03:00,113.2,64.75
2024-01-18 22:05:26,112.7,62.17
2024-01-18 22:07:52,105.9,58.17
2024-01-18 22:10:19,114.07,61.4
2024-01-18 22:12:45,117.93,61.5
2024-01-18 22:15:11,124.72,63.45
2024-01-18 22:17:37,109.93,59.25
2024-01-18 22:20:04,105.95,59.67
2024-01-18 22:22:31,124.72,64.95
2024-01-18 22:24:57,132.55,68.63
2024-01-18 22:27:23,118.1,67.13
2024-01-18 22:29:51,136.32,71.82
2024-01-18 22:32:18,129.4,69.1
2024-01-18 22:34:44,125.75,64.95
2024-01-18 22:37:10,108.57,61.05
2024-01-18 22:39:36,108.38,59.5
2024-01-18 22:42:02,112.13,64.75
2024-01-18 22:44:29,119.25,66.6
2024-01-18 22:46:55,149.25,74.53
2024-01-18 22:49:21,136.93,75.78
2024-01-18 22:51:47,129.4,73.93
2024-01-18 22:54:13,140.3,78.57
2024-01-18 22:56:39,127.05,73.55
2024-01-18 22:59:07,119.5,65.25
2024-01-18 23:01:34,125.65,67.78
2024-01-18 23:04:00,126.72,67.72
2024-01-18 23:06:26,124.43,65.15
2024-01-18 23:08:52,124.45,64.1
2024-01-18 23:11:19,130.05,64.25
2024-01-18 23:13:45,116.28,61.53
2024-01-18 23:16:11,111.6,61.78
2024-01-18 23:18:39,117.7,63.13
2024-01-18 23:21:05,121.95,66.3
2024-01-18 23:23:31,116.53,64.1
2024-01-18 23:25:57,136.48,69.78
2024-01-18 23:28:24,134.68,72.28
2024-01-18 23:30:50,147.25,70.45
2024-01-18 23:33:16,152.4,69.22
2024-01-18 23:35:42,179.48,66.8
2024-01-18 23:38:08,164.7,60.3
2024-01-18 23:40:35,184.25,65.07
2024-01-18 23:43:01,174.52,63.65
2024-01-18 23:45:27,111.13,51.83
2024-01-18 23:47:53,109.03,53.42
2024-01-18 23:50:19,111.88,52.85
2024-01-18 23:52:45,108.2,52.8
2024-01-18 23:55:11,110.35,54.88
2024-01-18 23:57:37,126.1,52.88
2024-01-19 00:00:04,335.75,70.32
2024-01-19 00:02:32,108.07,52.15
2024-01-19 00:04:58,95.25,50.67
2024-01-19 00:07:25,86.22,48.5
2024-01-19 00:09:51,84.68,44.28
2024-01-19 00:12:17,92.0,48.13
2024-01-19 00:14:43,94.47,49.85
2024-01-19 00:17:09,91.57,49.0
2024-01-19 00:19:35,85.85,45.58
2024-01-19 00:22:01,89.9,46.33
2024-01-19 00:24:27,86.78,46.17
2024-01-19 00:26:53,84.35,45.42
2024-01-19 00:29:20,74.3,40.92
2024-01-19 00:31:46,76.88,40.45
2024-01-19 00:34:13,82.82,42.53
2024-01-19 00:36:40,80.57,39.72
2024-01-19 00:39:06,68.28,36.95
2024-01-19 00:41:32,67.97,38.13
2024-01-19 00:43:59,85.43,42.67
2024-01-19 00:46:25,78.0,40.45
2024-01-19 00:48:51,82.53,45.42
2024-01-19 00:51:17,88.65,47.67
2024-01-19 00:53:43,86.65,44.33
2024-01-19 00:56:10,91.95,45.58
2024-01-19 00:58:36,93.18,48.28
2024-01-19 01:01:03,96.13,50.25
2024-01-19 01:03:29,92.2,50.5
2024-01-19 01:05:56,124.3,58.78
2024-01-19 01:08:25,119.32,57.6
2024-01-19 01:10:52,90.45,49.47
2024-01-19 01:13:19,126.57,54.78
2024-01-19 01:15:45,93.0,50.83
2024-01-19 01:18:11,94.95,50.85
2024-01-19 01:20:38,83.8,46.72
2024-01-19 01:23:04,89.1,48.53
2024-01-19 01:25:31,84.15,42.75
2024-01-19 01:27:57,80.22,43.78
2024-01-19 01:30:23,85.57,46.0
2024-01-19 01:32:49,90.03,46.45
2024-01-19 01:35:15,80.22,42.13
2024-01-19 01:37:41,85.22,45.0
2024-01-19 01:40:08,85.3,47.08
2024-01-19 01:42:35,77.28,45.5
2024-01-19 01:45:02,80.45,44.35
2024-01-19 01:47:29,80.05,45.25
2024-01-19 01:49:55,85.53,47.53
2024-01-19 01:52:21,85.3,46.72
2024-01-19 01:54:47,80.18,46.17
2024-01-19 01:57:14,90.65,49.4
2024-01-19 01:59:41,85.1,46.92
2024-01-19 02:02:07,88.7,47.97
2024-01-19 02:04:33,80.32,44.08
2024-01-19 02:07:00,88.1,47.65
2024-01-19 02:09:26,85.57,46.33
2024-01-19 02:11:53,80.25,45.1
2024-01-19 02:14:19,77.38,43.45
2024-01-19 02:16:45,78.05,42.03
2024-01-19 02:19:11,70.43,41.83
2024-01-19 02:21:37,78.88,40.85
2024-01-19 02:24:03,70.7,38.85
2024-01-19 02:26:31,74.82,40.03
2024-01-19 02:28:58,63.85,38.13
2024-01-19 02:31:24,68.7,37.35
2024-01-19 02:33:50,65.72,38.72
2024-01-19 02:36:16,70.07,37.33
2024-01-19 02:38:44,68.85,38.03
2024-01-19 02:41:10,65.47,37.9
2024-01-19 02:43:36,64.0,36.58
2024-01-19 02:46:02,72.5,38.2
2024-01-19 02:48:28,65.97,36.85
2024-01-19 02:50:54,67.68,35.65
2024-01-19 02:53:21,65.03,34.95
2024-01-19 02:55:47,52.1,30.3
2024-01-19 02:58:13,46.5,27.3
2024-01-19 03:00:39,39.45,22.08
2024-01-19 03:03:05,36.8,22.58
2024-01-19 03:05:31,39.3,22.02
2024-01-19 03:07:57,39.05,22.3
2024-01-19 03:10:24,39.42,22.45
2024-01-19 03:12:50,42.25,23.88
2024-01-19 03:15:16,44.13,24.25
2024-01-19 03:17:42,42.22,24.42
2024-01-19 03:20:08,44.97,25.92
2024-01-19 03:22:34,39.1,23.17
2024-01-19 03:25:00,47.38,26.83
2024-01-19 03:27:27,47.0,25.55
2024-01-19 03:29:54,42.97,24.63
2024-01-19 03:32:21,43.7,26.2
2024-01-19 03:34:47,45.05,26.1
2024-01-19 03:37:13,47.38,25.6
2024-01-19 03:39:39,46.15,25.55
2024-01-19 03:42:05,43.7,24.8
2024-01-19 03:44:31,42.58,23.77
2024-01-19 03:46:57,43.28,25.17
2024-01-19 03:49:27,44.05,24.02
2024-01-19 03:52:00,44.2,24.02
2024-01-19 03:54:27,43.97,26.2
2024-01-19 03:56:53,42.33,24.52
2024-01-19 03:59:20,42.55,24.23
2024-01-19 04:01:46,42.1,23.7
2024-01-19 04:04:12,49.33,24.73
2024-01-19 04:06:38,46.28,25.4
2024-01-19 04:09:04,42.9,25.2
2024-01-19 04:11:33,40.5,23.45
2024-01-19 04:13:59,40.53,23.6
2024-01-19 04:16:25,43.95,25.02
2024-01-19 04:18:51,48.6,27.2
2024-01-19 04:21:17,47.13,26.63
2024-01-19 04:23:44,48.97,28.65
2024-01-19 04:26:10,47.0,26.98
2024-01-19 04:28:36,50.53,29.88
2024-01-19 04:31:03,53.8,30.38
2024-01-19 04:33:29,59.3,29.92
2024-01-19 04:35:55,59.53,30.65
2024-01-19 04:38:21,51.85,29.48
2024-01-19 04:40:47,53.47,32.03
2024-01-19 04:43:13,58.63,35.08
2024-01-19 04:45:39,52.4,31.2
2024-01-19 04:48:05,57.55,31.83
2024-01-19 04:50:31,59.42,34.42
2024-01-19 04:52:58,58.17,34.17
2024-01-19 04:55:24,61.2,33.95
2024-01-19 04:57:50,52.17,30.92
2024-01-19 05:00:16,60.58,34.78
2024-01-19 05:02:42,63.13,36.33
2024-01-19 05:05:09,60.63,34.17
2024-01-19 05:07:35,64.68,38.33
2024-01-19 05:10:01,67.3,38.42
2024-01-19 05:12:27,69.1,37.95
2024-01-19 05:14:53,65.43,37.72
2024-01-19 05:17:19,66.65,38.75
2024-01-19 05:19:45,66.07,37.75
2024-01-19 05:22:12,63.3,37.88
2024-01-19 05:24:41,63.42,36.85
2024-01-19 05:27:07,65.97,36.3
2024-01-19 05:29:33,68.4,38.33
2024-01-19 05:32:00,61.53,35.03
2024-01-19 05:34:26,63.95,35.15
2024-01-19 05:36:52,64.2,34.75
2024-01-19 05:39:18,63.17,36.17
2024-01-19 05:41:45,64.35,36.35
2024-01-19 05:44:11,70.07,36.25
2024-01-19 05:46:37,61.78,35.33
2024-01-19 05:49:03,59.15,34.25
2024-01-19 05:51:30,64.38,35.2
2024-01-19 05:53:56,59.83,33.08
2024-01-19 05:56:23,57.47,31.4
2024-01-19 05:58:49,59.83,32.25
2024-01-19 06:01:15,62.97,33.63
2024-01-19 06:03:42,54.7,31.65
2024-01-19 06:06:08,55.2,31.48
2024-01-19 06:08:35,60.7,32.83
2024-01-19 06:11:01,59.38,32.47
2024-01-19 06:13:27,62.47,32.92
2024-01-19 06:15:53,55.3,30.98
2024-01-19 06:18:19,60.42,32.67
2024-01-19 06:20:45,57.08,32.9
2024-01-19 06:23:12,64.85,35.2
2024-01-19 06:25:39,58.25,34.03
2024-01-19 06:28:05,64.38,32.75
2024-01-19 06:30:32,67.63,35.17
2024-01-19 06:32:58,67.5,35.75
2024-01-19 06:35:24,74.47,36.85
2024-01-19 06:37:50,65.43,35.17
2024-01-19 06:40:16,66.53,34.08
2024-01-19 06:42:46,65.4,34.33
2024-01-19 06:45:15,69.0,36.95
2024-01-19 06:47:41,76.45,38.38
2024-01-19 06:50:08,91.55,43.4
2024-01-19 06:52:34,80.47,39.5
2024-01-19 06:55:00,92.97,45.85
2024-01-19 06:57:26,122.78,58.45
2024-01-19 06:59:52,122.45,57.35
2024-01-19 07:02:18,124.22,59.15
2024-01-19 07:04:44,110.22,55.58
2024-01-19 07:07:11,92.1,46.08
2024-01-19 07:09:37,67.2,35.55
2024-01-19 07:12:03,61.7,32.63
2024-01-19 07:14:29,59.65,31.92
2024-01-19 07:16:56,54.9,32.0
2024-01-19 07:19:22,56.92,30.8
2024-01-19 07:21:48,49.78,29.2
2024-01-19 07:24:14,51.5,28.6
2024-01-19 07:26:40,49.13,28.98
2024-01-19 07:29:06,50.22,27.48
2024-01-19 07:31:34,46.6,27.67
2024-01-19 07:34:00,45.9,27.65
2024-01-19 07:36:27,44.63,27.77
2024-01-19 07:38:53,40.85,23.27
2024-01-19 07:41:19,36.65,20.23
2024-01-19 07:43:46,38.22,20.83
2024-01-19 07:46:12,42.08,23.15
2024-01-19 07:48:39,34.95,21.2
2024-01-19 07:51:06,36.67,21.4
2024-01-19 07:53:32,36.9,21.67
2024-01-19 07:55:58,37.6,22.35
2024-01-19 07:58:24,37.63,22.05
2024-01-19 08:00:50,38.22,21.6
2024-01-19 08:03:17,43.88,24.48
2024-01-19 08:05:43,48.03,29.9
2024-01-19 08:08:09,46.13,26.2
2024-01-19 08:10:35,48.8,27.15
2024-01-19 08:13:02,45.25,27.1
2024-01-19 08:15:28,45.5,27.33
2024-01-19 08:17:55,45.58,26.98
2024-01-19 08:20:21,44.47,27.17
2024-01-19 08:22:47,46.58,28.2
2024-01-19 08:25:13,54.65,29.8
2024-01-19 08:27:40,53.4,31.3
2024-01-19 08:30:07,58.65,31.52
2024-01-19 08:32:33,53.03,32.53
2024-01-19 08:35:03,56.0,32.53
2024-01-19 08:37:35,58.42,33.03
2024-01-19 08:40:02,55.25,31.55
2024-01-19 08:42:28,59.78,35.58
2024-01-19 08:44:54,53.17,27.92
2024-01-19 08:47:20,60.67,31.13
2024-01-19 08:49:46,54.83,30.83
2024-01-19 08:52:12,52.45,28.88
2024-01-19 08:54:38,50.58,28.08
2024-01-19 08:57:04,57.35,30.77
2024-01-19 08:59:30,68.9,35.78
2024-01-19 09:01:57,51.05,29.05
2024-01-19 09:04:23,48.38,27.48
2024-01-19 09:06:50,51.5,27.23
2024-01-19 09:09:16,34.2,17.92
2024-01-19 09:11:42,34.03,17.33
2024-01-19 09:14:12,35.25,18.15
2024-01-19 09:16:47,45.55,22.38
2024-01-19 09:19:13,36.63,18.92
2024-01-19 09:21:40,36.97,18.52
2024-01-19 09:24:09,39.1,18.95
2024-01-19 09:26:35,46.7,21.33
2024-01-19 09:29:01,39.0,18.52
2024-01-19 09:31:27,37.2,19.42
2024-01-19 09:33:53,40.2,21.13
2024-01-19 09:36:19,39.15,21.13
2024-01-19 09:38:45,38.4,21.0
2024-01-19 09:43:37,30.2,16.92
2024-01-19 09:46:07,42.1,21.3
2024-01-19 09:48:42,41.05,22.27
2024-01-19 09:51:10,32.97,18.1
2024-01-19 09:53:36,37.1,18.35
2024-01-19 09:56:07,32.7,17.85
2024-01-19 09:58:34,37.15,19.27
2024-01-19 10:01:00,38.2,20.63
2024-01-19 10:03:27,44.67,23.52
2024-01-19 10:05:53,41.28,21.98
2024-01-19 10:08:20,48.05,23.95
2024-01-19 10:10:46,49.7,26.17
2024-01-19 10:13:12,46.9,22.9
2024-01-19 10:15:39,47.53,21.63
2024-01-19 10:18:08,44.5,20.7
2024-01-19 10:20:34,39.22,19.6
2024-01-19 10:23:19,43.72,20.4
2024-01-19 10:25:45,47.95,23.25
2024-01-19 10:28:13,40.45,20.95
2024-01-19 10:30:53,43.63,22.85
2024-01-19 10:33:19,44.45,23.58
2024-01-19 10:35:45,44.13,22.0
2024-01-19 10:38:11,42.33,22.4
2024-01-19 10:40:38,49.4,24.33
2024-01-19 10:43:04,39.08,21.17
2024-01-19 10:45:31,45.8,24.27
2024-01-19 10:48:01,47.42,23.25
2024-01-19 10:50:28,45.47,24.5
2024-01-19 10:52:56,48.63,24.83
2024-01-19 10:55:23,44.6,23.45
2024-01-19 11:00:20,50.88,23.77
2024-01-19 11:02:48,48.95,26.1
2024-01-19 11:05:17,49.03,24.65
2024-01-19 11:07:50,49.47,26.7
2024-01-19 11:10:17,43.97,22.73
2024-01-19 11:12:54,47.63,23.05
2024-01-19 11:18:05,49.72,24.08
2024-01-19 11:20:32,44.83,23.33
2024-01-19 11:22:59,49.47,24.9
2024-01-19 11:25:44,43.83,23.52
2024-01-19 11:33:23,41.45,23.1
2024-01-19 11:35:56,41.85,22.55
2024-01-19 11:38:43,41.05,20.67
2024-01-19 11:41:09,49.55,23.02
2024-01-19 11:43:38,48.4,25.98
2024-01-19 11:46:05,51.0,25.2
2024-01-19 11:48:41,53.85,25.55
2024-01-19 11:51:08,52.97,26.13
2024-01-19 11:53:53,52.0,26.23
2024-01-19 11:56:20,48.95,25.83
2024-01-19 11:58:50,47.15,26.42
2024-01-19 12:01:16,53.47,27.08
2024-01-19 12:03:42,58.63,28.55
2024-01-19 12:06:09,49.05,27.1
2024-01-19 12:08:35,51.63,25.45
2024-01-19 12:11:08,58.85,30.13
2024-01-19 12:13:35,56.97,28.08
2024-01-19 12:16:03,54.47,29.35
2024-01-19 12:18:30,58.53,28.88
2024-01-19 12:20:56,57.15,29.6
2024-01-19 12:23:23,61.3,31.2
2024-01-19 12:25:56,57.25,30.02
2024-01-19 12:28:23,58.88,29.7
2024-01-19 12:30:49,55.4,30.13
2024-01-19 12:33:21,59.38,29.45
2024-01-19 12:36:04,60.3,30.6
2024-01-19 12:38:32,59.88,30.25
2024-01-19 12:40:58,69.35,30.15
2024-01-19 12:43:27,59.42,29.58
2024-01-19 12:46:01,61.72,30.95
2024-01-19 12:48:27,58.6,31.02
2024-01-19 12:50:53,60.4,30.98
2024-01-19 12:53:19,59.65,30.77
2024-01-19 12:55:45,55.33,30.13
2024-01-19 12:58:20,54.7,28.63
2024-01-19 13:00:46,64.8,31.95
2024-01-19 13:03:16,59.4,29.98
2024-01-19 13:05:42,61.3,29.13
2024-01-19 13:08:09,58.08,29.7
2024-01-19 13:10:37,61.9,29.38
2024-01-19 13:13:24,57.7,28.33
2024-01-19 13:15:52,53.47,27.77
2024-01-19 13:18:21,53.95,27.55
2024-01-19 13:20:47,57.63,28.63
2024-01-19 13:23:14,56.08,28.63
2024-01-19 13:25:40,58.83,29.67
2024-01-19 13:28:16,57.75,30.9
2024-01-19 13:30:42,67.75,32.15
2024-01-19 13:33:12,58.5,31.02
2024-01-19 13:35:39,61.35,30.58
2024-01-19 13:38:05,64.35,31.67
2024-01-19 13:40:31,56.6,30.7
2024-01-19 13:42:57,60.95,30.63
2024-01-19 13:45:23,63.33,30.52
2024-01-19 13:47:50,62.67,31.3
2024-01-19 13:50:16,60.22,31.63
2024-01-19 13:52:42,57.05,30.25
2024-01-19 13:55:08,57.85,31.13
2024-01-19 13:57:34,57.65,32.28
2024-01-19 14:00:00,61.58,33.15
2024-01-19 14:02:27,62.78,32.45
2024-01-19 14:04:55,62.05,32.67
2024-01-19 14:07:22,64.85,33.8
2024-01-19 14:09:49,62.4,32.72
2024-01-19 14:12:16,67.05,35.72
2024-01-19 14:14:42,68.72,34.33
2024-01-19 14:17:09,66.82,33.92
2024-01-19 14:19:35,65.28,36.63
2024-01-19 14:22:03,79.53,39.5
2024-01-19 14:24:29,72.03,38.05
2024-01-19 14:26:55,73.78,37.47
2024-01-19 14:29:21,89.47,44.25
2024-01-19 14:31:47,111.18,56.95
2024-01-19 14:34:13,88.45,44.7
2024-01-19 14:36:43,83.82,43.4
2024-01-19 14:39:10,83.38,42.95
2024-01-19 14:41:36,79.05,41.7
2024-01-19 14:44:04,88.93,46.83
2024-01-19 14:46:31,90.18,48.13
2024-01-19 14:49:00,90.35,48.97
2024-01-19 14:51:26,93.15,50.78
2024-01-19 14:53:52,91.65,48.42
2024-01-19 14:56:18,90.4,47.38
2024-01-19 14:58:44,79.1,41.35
2024-01-19 15:01:10,81.88,43.42
2024-01-19 15:03:37,95.55,53.15
2024-01-19 15:06:03,88.7,47.78
2024-01-19 15:08:29,98.15,52.05
2024-01-19 15:10:55,91.7,48.63
2024-01-19 15:13:21,93.03,51.95
2024-01-19 15:15:47,101.95,54.85
2024-01-19 15:18:16,106.35,58.08
2024-01-19 15:20:42,111.18,60.53
2024-01-19 15:23:08,108.85,57.83
2024-01-19 15:25:34,102.43,54.92
2024-01-19 15:28:03,97.38,52.92
2024-01-19 15:30:29,111.0,58.35
2024-01-19 15:32:55,107.9,58.78
2024-01-19 15:35:21,111.88,58.13
2024-01-19 15:37:47,111.7,61.97
2024-01-19 15:40:14,109.75,58.63
2024-01-19 15:42:41,114.13,61.88
2024-01-19 15:45:07,139.07,75.32
2024-01-19 15:47:33,131.8,74.3
2024-01-19 15:50:02,122.95,65.22
2024-01-19 15:52:30,118.75,66.7
2024-01-19 15:54:56,133.7,73.97
2024-01-19 15:57:22,127.07,73.8
2024-01-19 15:59:49,142.65,78.4
2024-01-19 16:02:15,128.32,69.88
2024-01-19 16:04:41,133.25,73.68
2024-01-19 16:07:07,129.45,67.13
2024-01-19 16:09:33,137.3,71.22
2024-01-19 16:11:59,132.05,68.1
2024-01-19 16:14:26,115.47,63.13
2024-01-19 16:16:52,126.03,67.85
2024-01-19 16:19:18,127.78,69.93
2024-01-19 16:21:47,131.07,69.9
2024-01-19 16:24:16,170.3,94.8
2024-01-19 16:26:42,175.9,102.68
2024-01-19 16:29:12,166.2,97.8
2024-01-19 16:31:38,159.77,90.2
2024-01-19 16:34:04,161.07,95.38
2024-01-19 16:36:38,163.35,95.28
2024-01-19 16:39:05,184.55,110.63
2024-01-19 16:41:31,193.8,114.82
2024-01-19 16:43:57,186.93,107.78
2024-01-19 16:46:28,190.65,109.35
2024-01-19 16:48:55,193.07,114.18
2024-01-19 16:51:21,170.13,101.18
2024-01-19 16:53:48,191.4,107.22
2024-01-19 16:56:15,187.32,108.85
2024-01-19 16:58:41,181.48,108.75
2024-01-19 17:01:07,187.3,108.55
2024-01-19 17:03:33,189.05,108.32
2024-01-19 17:05:59,189.77,107.05
2024-01-19 17:08:25,168.68,91.47
2024-01-19 17:10:51,155.18,87.8
2024-01-19 17:13:17,156.45,89.75
2024-01-19 17:15:44,157.27,88.05
2024-01-19 17:18:10,154.23,89.65
2024-01-19 17:20:36,135.77,78.32
2024-01-19 17:23:05,139.5,83.32
2024-01-19 17:25:31,128.27,70.38
2024-01-19 17:27:57,131.15,73.15
2024-01-19 17:30:23,144.25,79.88
2024-01-19 17:32:50,134.85,76.03
2024-01-19 17:35:17,137.82,80.93
2024-01-19 17:37:44,158.5,87.72
2024-01-19 17:40:10,166.95,94.75
2024-01-19 17:42:36,179.85,104.57
2024-01-19 17:45:02,196.9,113.97
2024-01-19 17:47:31,194.55,109.88
2024-01-19 17:49:58,175.9,102.65
2024-01-19 17:52:24,180.15,103.03
2024-01-19 17:55:00,169.1,100.85
2024-01-19 17:57:26,164.7,95.95
2024-01-19 17:59:53,154.0,92.43
2024-01-19 18:02:19,148.32,86.95
2024-01-19 18:04:46,141.85,84.3
2024-01-19 18:07:13,156.1,94.68
2024-01-19 18:09:39,169.23,100.63
2024-01-19 18:12:05,161.7,95.4
2024-01-19 18:14:34,171.6,102.55
2024-01-19 18:17:00,163.2,98.75
2024-01-19 18:19:26,148.93,90.93
2024-01-19 18:21:52,163.75,90.57
2024-01-19 18:24:19,164.7,92.4
2024-01-19 18:26:45,155.73,93.43
2024-01-19 18:29:11,172.85,106.07
2024-01-19 18:31:38,158.27,91.13
2024-01-19 18:34:04,147.6,85.05
2024-01-19 18:36:30,151.35,89.32
2024-01-19 18:38:56,123.65,71.32
2024-01-19 18:41:23,133.73,72.47
2024-01-19 18:43:49,145.15,82.45
2024-01-19 18:46:15,145.35,78.03
2024-01-19 18:48:41,139.88,83.38
2024-01-19 18:51:07,153.23,85.6
2024-01-19 18:53:33,158.1,90.78
2024-01-19 18:56:00,155.8,89.85
2024-01-19 18:58:26,162.02,96.2
2024-01-19 19:00:52,150.57,89.15
2024-01-19 19:03:18,154.93,92.15
2024-01-19 19:05:47,156.93,90.1
2024-01-19 19:08:15,155.32,91.35
2024-01-19 19:10:42,169.13,102.07
2024-01-19 19:13:08,206.77,123.47
2024-01-19 19:15:35,196.38,112.85
2024-01-19 19:18:02,186.52,113.05
2024-01-19 19:20:28,190.7,119.25
2024-01-19 19:22:54,207.93,120.65
2024-01-19 19:25:25,194.25,114.78
2024-01-19 19:27:55,185.77,109.22
2024-01-19 19:30:21,209.02,121.72
2024-01-19 19:32:49,187.77,111.07
2024-01-19 19:35:15,164.2,99.63
2024-01-19 19:37:41,153.75,85.0
2024-01-19 19:40:07,167.63,97.32
2024-01-19 19:42:34,155.48,89.22
2024-01-19 19:45:00,160.1,94.4
2024-01-19 19:47:26,155.75,89.63
2024-01-19 19:49:52,159.55,91.4
2024-01-19 19:52:19,173.77,103.7
2024-01-19 19:54:45,122.03,68.78
2024-01-19 19:57:11,40.42,22.17
2024-01-19 19:59:38,12.6,7.88
2024-01-19 20:02:04,11.85,6.13
2024-01-19 20:04:32,6.65,4.13
2024-01-19 20:06:58,14.75,6.55
2024-01-19 20:09:24,14.13,7.4
2024-01-19 20:11:50,10.05,6.4
2024-01-19 20:14:19,9.23,5.35
2024-01-19 20:19:12,8.15,5.38
2024-01-19 20:21:38,8.68,5.15
2024-01-19 20:24:04,7.4,4.13
2024-01-19 20:26:31,8.57,4.88
2024-01-19 20:28:58,8.6,4.93
2024-01-19 20:31:24,12.52,6.28
2024-01-19 20:33:51,8.13,5.63
2024-01-19 20:36:17,15.8,10.15
2024-01-19 20:38:43,13.1,8.95
2024-01-19 20:41:09,20.88,10.95
2024-01-19 20:43:37,21.05,11.98
2024-01-19 20:46:03,20.05,11.5
2024-01-19 20:48:29,19.42,12.43
2024-01-19 20:50:55,17.92,10.95
2024-01-19 20:53:21,17.95,10.32
2024-01-19 20:55:47,17.75,11.02
2024-01-19 20:58:13,17.75,11.27
2024-01-19 21:00:39,17.98,10.95
2024-01-19 21:03:05,15.02,10.25
2024-01-19 21:05:34,15.23,10.38
2024-01-19 21:08:00,16.3,11.25
2024-01-19 21:10:26,17.1,11.27
2024-01-19 21:12:53,17.3,12.1
2024-01-19 21:15:19,11.7,7.53
2024-01-19 21:17:45,6.68,5.05
2024-01-19 21:20:12,10.7,6.13
2024-01-19 21:22:38,8.4,5.07
2024-01-19 21:25:04,6.38,3.7
2024-01-19 21:27:30,7.55,4.1
2024-01-19 21:30:00,4.93,3.55
2024-01-19 21:32:26,7.13,4.6
2024-01-19 21:34:52,6.0,3.95
2024-01-19 21:37:18,8.07,4.82
2024-01-19 21:39:44,9.02,5.6
2024-01-19 21:42:10,8.82,5.95
2024-01-19 21:44:36,16.77,10.23
2024-01-19 21:47:02,8.55,5.8
2024-01-19 21:49:30,8.4,5.35
2024-01-19 21:51:56,7.7,4.7
2024-01-19 21:54:22,13.2,7.2
2024-01-19 21:56:48,8.13,4.4
2024-01-19 21:59:14,6.47,3.72
2024-01-19 22:01:44,5.9,4.22
2024-01-19 22:04:12,4.25,3.25
2024-01-19 22:06:38,4.2,3.22
2024-01-19 22:09:04,4.95,3.28
2024-01-19 22:11:33,5.75,3.28
2024-01-19 22:14:01,5.3,3.35
2024-01-19 22:16:28,8.07,4.45
2024-01-19 22:18:54,8.57,5.45
2024-01-19 22:21:20,10.55,6.2
2024-01-19 22:23:47,5.68,3.8
2024-01-19 22:26:13,3.8,2.4
2024-01-19 22:28:39,6.2,2.7
2024-01-19 22:31:05,3.85,2.0
2024-01-19 22:33:31,3.47,1.92
2024-01-19 22:35:57,2.85,1.95
2024-01-19 22:38:23,2.67,1.73
2024-01-19 22:40:49,2.53,1.58
2024-01-19 22:43:16,1.75,1.02
2024-01-19 22:45:43,2.78,1.52
2024-01-19 22:48:09,2.33,1.73
2024-01-19 22:50:35,3.65,2.05
2024-01-19 22:53:01,2.67,1.42
2024-01-19 22:55:27,2.95,1.6
2024-01-19 22:57:53,2.45,1.6
2024-01-19 23:00:20,2.2,1.0
2024-01-19 23:02:48,2.17,1.13
2024-01-19 23:05:14,1.58,0.73
2024-01-19 23:07:41,2.67,1.33
2024-01-19 23:10:07,2.03,1.17
2024-01-19 23:12:34,2.97,1.2
2024-01-19 23:15:01,2.28,1.1
2024-01-19 23:17:28,4.88,1.0
2024-01-19 23:19:54,1.58,0.88
2024-01-19 23:22:21,3.15,1.35
2024-01-19 23:24:47,2.1,0.98
2024-01-19 23:27:13,2.2,0.68
2024-01-19 23:29:39,1.2,0.7
2024-01-19 23:32:05,1.38,0.63
2024-01-19 23:34:33,1.65,0.7
2024-01-19 23:36:59,1.1,0.7
2024-01-19 23:39:25,2.05,1.17
2024-01-19 23:41:52,0.75,0.52
2024-01-19 23:44:18,1.15,0.75
2024-01-19 23:46:45,1.5,0.73
2024-01-19 23:49:11,1.6,1.1
2024-01-19 23:51:37,2.6,1.2
2024-01-19 23:54:03,1.63,0.8
2024-01-19 23:56:29,0.9,0.52
2024-01-19 23:58:56,1.95,0.55
2024-01-20 00:01:24,1.9,1.0
2024-01-20 00:03:50,1.6,0.77
2024-01-20 00:06:16,1.7,0.82
2024-01-20 00:08:43,1.3,0.68
2024-01-20 00:11:09,1.0,0.6
2024-01-20 00:13:35,1.58,0.85
2024-01-20 00:16:01,1.42,0.9
2024-01-20 00:18:27,1.1,0.8
2024-01-20 00:20:54,1.52,0.8
2024-01-20 00:23:20,0.82,0.52
2024-01-20 00:25:46,1.8,1.0
2024-01-20 00:28:12,0.82,0.5
2024-01-20 00:30:38,1.88,1.1
2024-01-20 00:33:05,1.67,0.8
2024-01-20 00:35:34,1.6,0.9
2024-01-20 00:38:01,1.9,1.2
2024-01-20 00:40:28,2.35,0.8
2024-01-20 00:42:54,1.73,0.93
2024-01-20 00:45:20,1.38,0.7
2024-01-20 00:47:47,1.67,1.0
2024-01-20 00:50:13,1.38,0.8
2024-01-20 00:52:39,1.52,0.82
2024-01-20 00:55:05,2.15,0.9
2024-01-20 00:57:31,1.5,1.0
2024-01-20 00:59:59,0.82,0.5
2024-01-20 01:02:26,2.0,0.95
2024-01-20 01:04:52,1.6,0.98
2024-01-20 01:07:18,1.95,0.88
2024-01-20 01:09:44,1.33,0.68
2024-01-20 01:12:10,1.7,1.13
2024-01-20 01:14:36,1.0,0.6
2024-01-20 01:17:02,1.98,0.98
2024-01-20 01:19:28,1.65,1.02
2024-01-20 01:21:55,1.83,0.45
2024-01-20 01:24:21,1.2,0.93
2024-01-20 01:26:47,1.7,0.7
2024-01-20 01:29:13,1.1,0.75
2024-01-20 01:31:39,1.8,1.2
2024-01-20 01:34:05,1.33,0.7
2024-01-20 01:36:31,1.9,1.0
2024-01-20 01:38:57,1.5,0.9
2024-01-20 01:41:23,1.52,0.9
2024-01-20 01:43:49,2.95,0.9
2024-01-20 01:46:16,0.4,0.4
2024-01-20 01:48:42,2.08,1.1
2024-01-20 01:51:09,0.65,0.4
2024-01-20 01:53:37,2.0,0.8
2024-01-20 01:56:04,1.3,0.8
2024-01-20 01:58:30,1.4,0.9
2024-01-20 02:00:57,1.35,0.68
2024-01-20 02:03:23,2.4,1.1
2024-01-20 02:05:49,1.15,0.93
2024-01-20 02:08:15,2.55,1.27
2024-01-20 02:10:41,2.05,1.02
2024-01-20 02:13:08,1.5,0.8
2024-01-20 02:15:35,2.45,1.23
2024-01-20 02:18:02,1.4,0.9
2024-01-20 02:20:28,1.7,1.0
2024-01-20 02:22:54,1.17,0.8
2024-01-20 02:25:20,2.65,1.23
2024-01-20 02:27:46,2.7,1.7
2024-01-20 02:30:13,2.92,1.23
2024-01-20 02:32:39,2.7,1.2
2024-01-20 02:35:05,2.25,1.33
2024-01-20 02:37:31,1.92,1.3
2024-01-20 02:39:57,3.2,1.6
2024-01-20 02:42:23,2.2,1.23
2024-01-20 02:44:49,1.42,1.0
2024-01-20 02:47:16,2.63,1.6
2024-01-20 02:49:42,2.0,1.0
2024-01-20 02:52:08,2.42,1.2
2024-01-20 02:54:34,2.45,1.0
2024-01-20 02:57:00,1.8,1.13
2024-01-20 02:59:26,2.83,1.3
2024-01-20 03:01:53,2.3,1.1
2024-01-20 03:04:19,2.38,1.17
2024-01-20 03:06:45,3.05,1.8
2024-01-20 03:09:11,1.85,1.08
2024-01-20 03:11:42,1.4,0.73
2024-01-20 03:14:09,1.3,0.8
2024-01-20 03:16:35,1.55,1.13
2024-01-20 03:19:02,1.75,1.2
2024-01-20 03:21:28,2.08,1.2
2024-01-20 03:23:54,2.53,0.9
2024-01-20 03:26:21,3.0,1.52
2024-01-20 03:28:47,2.65,1.77
2024-01-20 03:31:14,1.45,0.98
2024-01-20 03:33:40,1.9,1.17
2024-01-20 03:36:06,3.28,1.4
2024-01-20 03:38:32,3.75,1.48
2024-01-20 03:40:58,2.33,1.4
2024-01-20 03:43:24,2.47,1.2
2024-01-20 03:45:51,2.97,1.4
2024-01-20 03:48:18,1.4,0.88
2024-01-20 03:50:44,1.9,1.13
2024-01-20 03:53:11,2.25,1.38
2024-01-20 03:55:37,1.83,1.2
2024-01-20 03:58:03,1.98,0.95
2024-01-20 04:00:29,2.42,1.23
2024-01-20 04:02:55,2.78,1.2
2024-01-20 04:05:22,3.17,1.33
2024-01-20 04:07:48,2.92,1.02
2024-01-20 04:10:14,4.4,1.7
2024-01-20 04:12:40,2.3,1.3
2024-01-20 04:15:06,1.65,0.98
2024-01-20 04:17:33,2.4,1.48
2024-01-20 04:19:59,2.65,1.13
2024-01-20 04:22:25,2.22,1.25
2024-01-20 04:24:51,1.9,1.0
2024-01-20 04:27:17,2.38,0.95
2024-01-20 04:29:43,1.73,0.9
2024-01-20 04:32:10,2.05,0.9
2024-01-20 04:34:36,1.27,0.82
2024-01-20 04:37:02,2.35,1.42
2024-01-20 04:39:28,1.88,0.77
2024-01-20 04:41:54,3.47,1.13
2024-01-20 04:44:21,1.9,0.8
2024-01-20 04:46:48,2.3,1.33
2024-01-20 04:49:15,1.5,0.9
2024-01-20 04:51:41,2.03,1.08
2024-01-20 04:54:10,1.7,1.0
2024-01-20 04:56:37,2.63,1.33
2024-01-20 04:59:03,2.58,1.35
2024-01-20 05:01:29,2.03,1.13
2024-01-20 05:03:55,2.92,1.1
2024-01-20 05:06:23,1.95,1.05
2024-01-20 05:08:49,1.77,0.9
2024-01-20 05:11:15,2.7,1.1
2024-01-20 05:13:41,1.17,0.6
2024-01-20 05:16:07,1.45,0.8
2024-01-20 05:18:35,1.67,0.93
2024-01-20 05:21:01,1.75,0.95
2024-01-20 05:23:27,2.55,1.05
2024-01-20 05:25:53,2.13,0.95
2024-01-20 05:28:19,1.27,0.9
2024-01-20 05:30:46,1.38,1.0
2024-01-20 05:33:12,2.28,1.2
2024-01-20 05:35:38,1.83,1.1
2024-01-20 05:38:04,2.83,1.05
2024-01-20 05:40:31,1.5,1.08
2024-01-20 05:42:57,2.4,1.25
2024-01-20 05:45:23,2.6,1.0
2024-01-20 05:47:49,1.42,0.93
2024-01-20 05:50:15,2.17,0.93
2024-01-20 05:52:41,1.33,0.88
2024-01-20 05:55:07,2.05,1.42
2024-01-20 05:57:34,2.58,1.4
2024-01-20 06:00:00,2.1,1.15
2024-01-20 06:02:26,1.4,1.23
2024-01-20 06:04:52,2.03,1.1
2024-01-20 06:07:18,2.65,1.25
2024-01-20 06:09:44,2.03,0.9
2024-01-20 06:12:10,2.22,0.85
2024-01-20 06:14:39,2.28,1.42
2024-01-20 06:17:05,2.78,1.1
2024-01-20 06:19:31,3.25,1.13
2024-01-20 06:21:57,1.08,0.68
2024-01-20 06:24:23,1.7,0.93
2024-01-20 06:26:49,1.77,1.17
2024-01-20 06:29:15,1.52,0.9
2024-01-20 06:31:42,1.75,0.93
2024-01-20 06:34:08,1.45,0.88
2024-01-20 06:36:34,2.42,1.02
2024-01-20 06:39:00,1.83,1.0
2024-01-20 06:41:26,1.23,0.8
2024-01-20 06:43:52,2.17,1.0
2024-01-20 06:46:18,2.08,0.98
2024-01-20 06:48:44,2.15,1.05
2024-01-20 06:51:10,2.33,1.17
2024-01-20 06:53:40,2.1,0.7
2024-01-20 06:56:06,1.25,0.8
2024-01-20 06:58:33,1.65,1.02
2024-01-20 07:00:59,1.75,1.15
2024-01-20 07:03:25,1.38,0.9
2024-01-20 07:05:51,2.83,1.42
2024-01-20 07:08:18,2.08,1.25
2024-01-20 07:10:44,1.73,0.95
2024-01-20 07:13:10,2.1,1.3
2024-01-20 07:15:36,2.8,1.38
2024-01-20 07:18:03,2.58,1.02
2024-01-20 07:20:29,2.0,1.13
2024-01-20 07:22:55,3.65,2.5
2024-01-20 07:25:21,2.65,1.77
2024-01-20 07:27:47,3.13,1.9
2024-01-20 07:30:13,1.8,1.2
2024-01-20 07:32:40,2.5,1.5
2024-01-20 07:35:06,4.38,2.28
2024-01-20 07:37:33,1.23,0.75
2024-01-20 07:40:02,2.88,1.5
2024-01-20 07:42:29,2.28,0.95
2024-01-20 07:44:57,2.85,1.35
2024-01-20 07:47:24,2.9,2.08
2024-01-20 07:49:50,4.15,2.72
2024-01-20 07:52:16,3.22,1.95
2024-01-20 07:54:42,2.2,1.4
2024-01-20 07:57:08,2.45,1.65
2024-01-20 07:59:35,3.83,2.15
2024-01-20 08:02:01,2.38,1.23
2024-01-20 08:04:27,4.93,1.3
2024-01-20 08:06:53,2.38,0.98
2024-01-20 08:09:19,1.88,1.08
2024-01-20 08:11:45,1.85,1.33
2024-01-20 08:14:11,2.17,1.17
2024-01-20 08:16:38,2.63,1.4
2024-01-20 08:19:06,3.5,1.73
2024-01-20 08:21:32,1.67,0.98
2024-01-20 08:23:59,3.75,1.48
2024-01-20 08:26:25,2.45,1.33
2024-01-20 08:28:51,11.0,1.8
2024-01-20 08:31:17,3.3,1.48
2024-01-20 08:33:44,3.47,2.0
2024-01-20 08:36:10,4.07,1.8
2024-01-20 08:38:36,2.97,1.6
2024-01-20 08:41:06,3.25,2.4
2024-01-20 08:43:32,3.5,2.03
2024-01-20 08:45:59,2.67,1.38
2024-01-20 08:48:32,4.7,2.05
2024-01-20 08:50:59,2.22,1.3
2024-01-20 08:53:28,3.15,1.6
2024-01-20 08:55:54,2.7,1.52
2024-01-20 08:58:22,2.08,1.2
2024-01-20 09:00:51,3.25,1.88
2024-01-20 09:03:17,3.63,2.17
2024-01-20 09:05:43,4.95,2.03
2024-01-20 09:08:09,3.17,1.45
2024-01-20 09:10:36,2.2,0.85
2024-01-20 09:13:03,2.42,1.65
2024-01-20 09:15:29,4.03,1.73
2024-01-20 09:17:55,3.5,1.48
2024-01-20 09:20:23,3.22,1.3
2024-01-20 09:22:49,4.0,1.7
2024-01-20 09:25:16,1.95,1.33
2024-01-20 09:27:42,3.17,1.25
2024-01-20 09:30:09,2.15,1.23
2024-01-20 09:32:35,2.55,1.1
2024-01-20 09:35:01,2.17,1.27
2024-01-20 09:37:31,1.48,0.7
2024-01-20 09:39:57,2.25,0.93
2024-01-20 09:42:25,4.68,2.4
2024-01-20 09:44:51,3.5,2.47
2024-01-20 09:47:18,2.9,1.38
2024-01-20 09:49:44,1.4,0.75
2024-01-20 09:52:19,2.83,1.52
2024-01-20 09:55:35,3.47,1.95
2024-01-20 09:57:36,2.17,1.3
2024-01-20 10:00:02,2.33,1.0
2024-01-20 10:02:29,2.55,1.5
2024-01-20 10:04:58,4.2,1.3
2024-01-20 10:07:29,4.05,1.65
2024-01-20 10:09:56,7.07,3.8
2024-01-20 10:12:22,5.3,3.42
2024-01-20 10:14:49,6.72,3.33
2024-01-20 10:17:15,6.72,3.1
2024-01-20 10:19:41,8.68,4.47
2024-01-20 10:22:08,10.35,5.2
2024-01-20 10:24:34,7.38,4.65
2024-01-20 10:27:00,6.13,3.58
2024-01-20 10:29:28,5.82,3.15
2024-01-20 10:31:54,6.18,3.33
2024-01-20 10:34:20,4.38,2.65
2024-01-20 10:36:49,8.0,4.45
2024-01-20 10:39:18,5.15,2.55
2024-01-20 10:41:46,3.97,1.4
2024-01-20 10:44:15,5.47,1.98
2024-01-20 10:46:42,5.43,2.33
2024-01-20 10:49:12,4.05,2.03
2024-01-20 10:51:39,3.65,2.22
2024-01-20 10:54:06,1.5,1.2
2024-01-20 10:56:34,3.78,2.13
2024-01-20 10:59:14,3.25,1.85
2024-01-20 11:01:41,4.3,1.55
2024-01-20 11:04:08,3.7,1.13
2024-01-20 11:06:35,3.42,1.48
2024-01-20 11:09:04,3.55,1.83
2024-01-20 11:11:31,5.2,2.33
2024-01-20 11:14:02,6.78,3.6
2024-01-20 11:16:29,4.85,2.33
2024-01-20 11:19:08,3.72,1.55
2024-01-20 11:21:34,4.63,2.13
2024-01-20 11:24:00,5.1,2.67
2024-01-20 11:26:33,5.22,2.2
2024-01-20 11:29:00,4.85,2.83
2024-01-20 11:31:28,2.75,1.52
2024-01-20 11:33:57,5.13,2.67
2024-01-20 11:36:31,3.15,1.95
2024-01-20 11:38:58,4.2,1.95
2024-01-20 11:41:25,5.03,1.95
2024-01-20 11:43:51,4.82,2.75
2024-01-20 11:46:18,3.22,1.83
2024-01-20 11:48:44,14.73,3.3
2024-01-20 11:51:13,3.88,1.5
2024-01-20 11:53:40,3.63,2.4
2024-01-20 11:56:06,4.45,1.95
2024-01-20 11:58:32,5.57,2.3
2024-01-20 12:00:58,5.85,2.08
2024-01-20 12:03:26,5.6,2.33
2024-01-20 12:05:52,4.65,1.8
2024-01-20 12:08:19,5.7,2.8
2024-01-20 12:10:45,4.57,2.45
2024-01-20 12:13:12,3.33,2.1
2024-01-20 12:15:38,2.88,2.2
2024-01-20 12:18:05,5.43,2.88
2024-01-20 12:20:32,5.68,3.83
2024-01-20 12:23:01,3.55,2.35
2024-01-20 12:25:27,5.95,3.58
2024-01-20 12:27:54,4.9,2.95
2024-01-20 12:30:20,4.22,2.08
2024-01-20 12:32:46,6.72,3.25
2024-01-20 12:35:12,4.1,2.78
2024-01-20 12:37:38,5.53,3.1
2024-01-20 12:40:04,6.22,2.08
2024-01-20 12:42:31,4.55,2.88
2024-01-20 12:44:57,5.53,3.25
2024-01-20 12:47:24,4.95,2.6
2024-01-20 12:49:51,4.7,2.5
2024-01-20 12:52:17,5.18,2.22
2024-01-20 12:54:44,5.3,2.72
2024-01-20 12:57:10,4.82,3.0
2024-01-20 12:59:36,7.4,3.72
2024-01-20 13:02:02,5.5,2.95
2024-01-20 13:04:29,5.13,3.53
2024-01-20 13:06:55,5.95,3.3
2024-01-20 13:09:21,6.65,4.57
2024-01-20 13:11:47,6.13,2.83
2024-01-20 13:14:13,7.07,2.9
2024-01-20 13:16:40,5.88,3.38
2024-01-20 13:19:06,7.45,3.8
2024-01-20 13:21:32,6.3,3.0
2024-01-20 13:24:01,4.18,2.3
2024-01-20 13:26:27,6.13,3.78
2024-01-20 13:28:53,3.67,2.58
2024-01-20 13:31:19,5.7,3.17
2024-01-20 13:33:46,3.25,2.1
2024-01-20 13:36:12,6.1,2.6
2024-01-20 13:38:38,4.32,2.13
2024-01-20 13:41:04,4.55,2.92
2024-01-20 13:43:31,4.43,2.42
2024-01-20 13:45:57,8.02,3.78
2024-01-20 13:48:23,4.38,2.95
2024-01-20 13:50:50,8.88,3.33
2024-01-20 13:53:16,4.68,2.72
2024-01-20 13:55:42,5.93,2.72
2024-01-20 13:58:08,6.28,3.7
2024-01-20 14:00:34,4.43,2.8
2024-01-20 14:03:00,3.83,1.98
2024-01-20 14:05:27,5.15,2.7
2024-01-20 14:07:53,4.7,2.6
2024-01-20 14:10:19,4.95,2.9
2024-01-20 14:12:45,5.45,2.95
2024-01-20 14:15:11,5.07,2.97
2024-01-20 14:17:37,3.65,1.83
2024-01-20 14:20:04,5.85,2.38
2024-01-20 14:22:31,3.33,2.25
2024-01-20 14:24:57,3.3,1.83
2024-01-20 14:27:24,6.03,3.8
2024-01-20 14:29:50,5.2,3.5
2024-01-20 14:32:20,4.2,2.28
2024-01-20 14:34:47,5.32,3.03
2024-01-20 14:37:14,6.55,2.85
2024-01-20 14:39:40,4.1,2.67
2024-01-20 14:42:06,4.32,2.47
2024-01-20 14:44:32,4.22,2.47
2024-01-20 14:46:58,5.1,2.05
2024-01-20 14:49:24,4.5,2.9
2024-01-20 14:51:51,5.97,3.33
2024-01-20 14:54:17,6.0,2.8
2024-01-20 14:56:43,3.33,2.03
2024-01-20 14:59:09,6.53,3.38
2024-01-20 15:01:35,7.35,4.32
2024-01-20 15:04:02,6.2,4.0
2024-01-20 15:06:29,6.2,3.6
2024-01-20 15:08:55,6.13,3.78
2024-01-20 15:11:22,3.3,2.22
2024-01-20 15:13:48,3.33,2.6
2024-01-20 15:16:14,4.75,2.6
2024-01-20 15:18:40,4.32,2.7
2024-01-20 15:21:07,6.2,3.42
2024-01-20 15:23:33,7.63,4.2
2024-01-20 15:25:59,8.02,4.53
2024-01-20 15:28:25,5.07,3.25
2024-01-20 15:30:52,4.88,2.9
2024-01-20 15:33:18,5.8,2.92
2024-01-20 15:35:44,4.72,2.2
2024-01-20 15:38:12,6.55,2.7
2024-01-20 15:40:38,13.3,3.25
2024-01-20 15:43:06,5.53,2.45
2024-01-20 15:45:33,6.3,2.45
2024-01-20 15:47:59,4.5,2.35
2024-01-20 15:50:25,5.4,3.05
2024-01-20 15:52:51,4.3,2.63
2024-01-20 15:55:20,5.9,2.22
2024-01-20 15:57:46,3.78,1.73
2024-01-20 16:00:12,6.3,3.2
2024-01-20 16:02:41,5.97,2.67
2024-01-20 16:05:07,7.03,2.65
2024-01-20 16:07:34,7.38,2.6
2024-01-20 16:10:00,6.18,3.3
2024-01-20 16:12:26,5.57,2.65
2024-01-20 16:14:52,6.97,4.35
2024-01-20 16:17:18,6.88,3.45
2024-01-20 16:19:44,5.45,2.35
2024-01-20 16:22:11,7.0,3.4
2024-01-20 16:24:37,7.2,3.85
2024-01-20 16:27:03,6.43,3.17
2024-01-20 16:29:29,8.23,4.65
2024-01-20 16:31:55,6.63,3.85
2024-01-20 16:34:22,5.32,2.97
2024-01-20 16:36:48,7.88,3.42
2024-01-20 16:39:15,6.38,3.5
2024-01-20 16:41:41,6.72,3.25
2024-01-20 16:44:07,7.7,3.6
2024-01-20 16:46:34,5.18,2.95
2024-01-20 16:49:00,3.5,1.95
2024-01-20 16:51:27,8.65,4.22
2024-01-20 16:53:53,6.78,4.0
2024-01-20 16:56:20,6.0,3.9
2024-01-20 17:01:16,9.18,3.67
2024-01-20 17:03:42,9.45,3.47
2024-01-20 17:06:08,9.93,4.43
2024-01-20 17:08:35,6.1,3.97
2024-01-20 17:11:01,5.82,3.75
2024-01-20 17:13:28,6.93,3.0
2024-01-20 17:15:54,5.47,3.4
2024-01-20 17:18:21,8.43,4.1
2024-01-20 17:20:47,5.68,3.85
2024-01-20 17:23:13,7.72,4.1
2024-01-20 17:25:40,6.43,3.92
2024-01-20 17:28:06,7.38,3.97
2024-01-20 17:30:32,5.28,2.83
2024-01-20 17:32:59,9.18,5.0
2024-01-20 17:35:25,8.15,4.32
2024-01-20 17:37:51,11.63,3.95
2024-01-20 17:40:20,11.25,5.15
2024-01-20 17:42:47,8.13,4.2
2024-01-20 17:45:13,7.82,4.47
2024-01-20 17:47:41,7.75,4.57
2024-01-20 17:50:10,8.43,5.15
2024-01-20 17:52:37,8.55,4.43
2024-01-20 17:55:03,6.1,3.45
2024-01-20 17:57:29,5.55,4.05
2024-01-20 17:59:56,8.0,4.03
2024-01-20 18:02:22,8.07,3.95
2024-01-20 18:04:48,7.88,3.9
2024-01-20 18:07:14,8.35,4.43
2024-01-20 18:09:40,8.32,3.85
2024-01-20 18:12:08,6.65,3.83
2024-01-20 18:14:35,7.1,4.93
2024-01-20 18:17:03,12.88,6.45
2024-01-20 18:19:30,7.82,3.42
2024-01-20 18:21:56,8.82,5.4
2024-01-20 18:24:22,10.43,4.78
2024-01-20 18:26:50,9.55,5.8
2024-01-20 18:29:16,7.38,5.1
2024-01-20 18:31:42,10.2,6.57
2024-01-20 18:34:09,8.4,5.47
2024-01-20 18:36:35,10.52,5.7
2024-01-20 18:39:01,10.15,5.9
2024-01-20 18:41:27,8.23,4.5
2024-01-20 18:43:53,6.95,4.68
2024-01-20 18:46:19,11.65,5.57
2024-01-20 18:48:46,7.25,4.0
2024-01-20 18:51:12,7.72,3.38
2024-01-20 18:53:38,10.18,4.85
2024-01-20 18:56:06,8.25,4.63
2024-01-20 18:58:32,9.05,4.82
2024-01-20 19:00:58,7.9,4.25
2024-01-20 19:03:25,10.75,4.9
2024-01-20 19:05:51,10.52,6.88
2024-01-20 19:08:18,7.68,4.8
2024-01-20 19:10:44,9.95,6.15
2024-01-20 19:13:10,7.8,4.05
2024-01-20 19:15:36,9.02,5.43
2024-01-20 19:18:02,9.88,5.68
2024-01-20 19:20:29,8.95,6.53
2024-01-20 19:22:57,8.18,4.82
2024-01-20 19:25:24,7.25,4.85
2024-01-20 19:27:50,8.45,4.57
2024-01-20 19:30:16,9.02,4.72
2024-01-20 19:32:43,8.8,5.0
2024-01-20 19:35:10,10.0,5.75
2024-01-20 19:37:36,9.98,5.93
2024-01-20 19:40:02,8.07,6.28
2024-01-20 19:42:28,6.47,4.43
2024-01-20 19:44:54,9.6,4.72
2024-01-20 19:47:21,7.25,4.55
2024-01-20 19:49:47,6.45,4.1
2024-01-20 19:52:17,9.75,5.4
2024-01-20 19:54:44,8.02,3.88
2024-01-20 19:57:10,9.85,6.25
2024-01-20 19:59:36,7.15,4.43
2024-01-20 20:02:02,8.07,4.75
2024-01-20 20:04:29,8.48,5.6
2024-01-20 20:06:55,8.75,5.9
2024-01-20 20:09:21,8.13,5.1
2024-01-20 20:11:47,9.68,5.1
2024-01-20 20:14:13,8.38,5.03
2024-01-20 20:16:45,4.03,2.85
2024-01-20 20:19:11,5.72,3.4
2024-01-20 20:21:37,10.65,6.47
2024-01-20 20:24:05,7.63,4.5
2024-01-20 20:26:33,9.25,4.8
2024-01-20 20:28:59,7.63,3.95
2024-01-20 20:31:25,8.35,3.78
2024-01-20 20:33:52,10.3,5.3
2024-01-20 20:36:19,9.95,5.88
2024-01-20 20:38:45,9.82,5.25
2024-01-20 20:41:11,9.38,5.8
2024-01-20 20:43:37,5.88,3.95
2024-01-20 20:46:03,5.38,2.92
2024-01-20 20:48:30,6.8,4.53
2024-01-20 20:50:56,10.13,5.03
2024-01-20 20:53:23,10.6,6.35
2024-01-20 20:55:49,12.95,6.65
2024-01-20 20:58:15,4.97,3.72
2024-01-20 21:00:41,9.18,5.75
2024-01-20 21:03:07,6.43,4.65
2024-01-20 21:05:33,6.55,4.32
2024-01-20 21:07:59,9.23,5.82
2024-01-20 21:10:25,8.07,4.38
2024-01-20 21:12:51,6.35,3.53
2024-01-20 21:15:18,7.45,4.95
2024-01-20 21:17:44,11.82,6.63
2024-01-20 21:20:13,17.9,7.93
2024-01-20 21:22:39,8.93,5.68
2024-01-20 21:25:05,11.57,6.43
2024-01-20 21:27:31,9.77,4.63
2024-01-20 21:29:57,13.23,6.32
2024-01-20 21:32:24,9.2,5.07
2024-01-20 21:34:51,16.7,8.5
2024-01-20 21:37:17,12.88,6.78
2024-01-20 21:39:43,15.45,9.13
2024-01-20 21:42:10,7.65,4.13
2024-01-20 21:44:38,14.65,9.23
2024-01-20 21:47:05,11.65,6.88
2024-01-20 21:49:31,14.1,7.53
2024-01-20 21:51:57,16.08,8.73
2024-01-20 21:54:26,17.27,8.13
2024-01-20 21:56:53,13.57,7.85
2024-01-20 21:59:21,11.32,6.45
2024-01-20 22:01:48,14.3,7.07
2024-01-20 22:04:14,16.2,7.6
2024-01-20 22:06:40,12.5,7.05
2024-01-20 22:09:07,7.45,4.95
2024-01-20 22:11:33,11.68,6.6
2024-01-20 22:13:59,9.07,5.65
2024-01-20 22:16:25,12.85,6.45
2024-01-20 22:18:51,15.45,8.82
2024-01-20 22:21:18,10.48,6.07
2024-01-20 22:23:44,11.77,7.13
2024-01-20 22:26:19,7.9,4.8
2024-01-20 22:28:48,9.32,5.18
2024-01-20 22:31:14,8.38,4.95
2024-01-20 22:33:41,9.93,5.25
2024-01-20 22:36:07,10.52,6.18
2024-01-20 22:38:33,9.4,5.5
2024-01-20 22:41:00,11.8,6.5
2024-01-20 22:43:26,9.95,6.05
2024-01-20 22:45:52,11.95,6.43
2024-01-20 22:48:19,14.15,7.18
2024-01-20 22:50:45,10.38,6.38
2024-01-20 22:53:11,10.43,5.32
2024-01-20 22:55:37,7.7,4.65
2024-01-20 22:58:04,11.3,6.0
2024-01-20 23:00:30,11.18,5.88
2024-01-20 23:02:56,8.5,5.4
2024-01-20 23:05:22,13.48,6.72
2024-01-20 23:07:50,13.93,8.18
2024-01-20 23:10:16,14.02,8.65
2024-01-20 23:12:43,17.55,8.65
2024-01-20 23:15:09,16.13,8.4
2024-01-20 23:17:35,12.3,6.43
2024-01-20 23:20:04,14.52,7.57
2024-01-20 23:22:32,16.4,7.7
2024-01-20 23:24:59,11.9,8.0
2024-01-20 23:27:25,12.98,7.38
2024-01-20 23:29:51,11.18,7.15
2024-01-20 23:32:17,13.32,7.28
2024-01-20 23:34:44,13.45,7.5
2024-01-20 23:37:10,11.57,7.18
2024-01-20 23:39:37,10.63,6.13
2024-01-20 23:42:03,13.05,7.3
2024-01-20 23:44:30,11.25,6.22
2024-01-20 23:46:56,13.23,7.15
2024-01-20 23:49:22,16.6,8.13
2024-01-20 23:51:48,9.27,5.55
2024-01-20 23:54:14,7.43,4.65
2024-01-20 23:56:40,9.93,5.53
2024-01-20 23:59:07,11.32,6.5
2024-01-21 00:01:33,11.1,6.7
2024-01-21 00:03:59,9.73,5.5
2024-01-21 00:06:25,5.95,3.53
2024-01-21 00:08:51,9.52,5.38
2024-01-21 00:11:17,10.8,5.57
2024-01-21 00:13:43,7.15,4.63
2024-01-21 00:16:12,8.82,4.97
2024-01-21 00:18:38,8.6,5.05
2024-01-21 00:21:04,7.68,4.47
2024-01-21 00:23:30,6.85,4.28
2024-01-21 00:25:56,9.48,5.6
2024-01-21 00:28:23,10.52,5.55
2024-01-21 00:30:50,6.53,3.5
2024-01-21 00:33:16,9.48,6.38
2024-01-21 00:35:42,8.25,3.88
2024-01-21 00:38:08,8.3,4.4
2024-01-21 00:40:36,8.88,5.07
2024-01-21 00:43:02,9.02,4.88
2024-01-21 00:45:28,8.93,4.43
2024-01-21 00:47:54,6.38,4.18
2024-01-21 00:50:20,8.52,4.95
2024-01-21 00:52:47,7.18,4.85
2024-01-21 00:55:13,8.57,5.38
2024-01-21 00:57:39,9.05,4.47
2024-01-21 01:00:05,8.23,5.03
2024-01-21 01:02:32,9.15,4.18
2024-01-21 01:04:58,8.5,5.07
2024-01-21 01:07:24,8.9,5.32
2024-01-21 01:09:50,8.8,5.25
2024-01-21 01:12:17,9.35,5.28
2024-01-21 01:14:43,9.6,5.0
2024-01-21 01:17:09,10.02,5.1
2024-01-21 01:19:37,6.9,4.57
2024-01-21 01:22:03,11.55,6.78
2024-01-21 01:24:29,7.88,4.85
2024-01-21 01:26:55,10.3,5.6
2024-01-21 01:29:22,9.18,5.55
2024-01-21 01:31:48,10.45,5.88
2024-01-21 01:34:14,11.4,4.97
2024-01-21 01:36:40,8.25,4.75
2024-01-21 01:39:06,7.95,4.47
2024-01-21 01:41:32,9.68,5.5
2024-01-21 01:43:58,14.8,7.0
2024-01-21 01:46:24,11.45,5.75
2024-01-21 01:48:50,10.55,5.9
2024-01-21 01:51:17,9.43,5.05
2024-01-21 01:53:43,7.28,4.57
2024-01-21 01:56:09,8.75,5.22
2024-01-21 01:58:36,10.82,5.38
2024-01-21 02:01:03,11.85,5.7
2024-01-21 02:03:30,15.48,7.43
2024-01-21 02:05:56,12.55,7.15
2024-01-21 02:08:22,12.43,6.57
2024-01-21 02:10:48,7.7,3.85
2024-01-21 02:13:14,9.0,4.43
2024-01-21 02:15:41,7.7,4.68
2024-01-21 02:18:07,8.55,4.6
2024-01-21 02:20:34,5.03,2.88
2024-01-21 02:23:00,11.65,5.0
2024-01-21 02:25:32,7.75,3.75
2024-01-21 02:27:58,10.68,6.18
2024-01-21 02:30:24,12.98,5.7
2024-01-21 02:32:51,7.95,4.75
2024-01-21 02:35:17,7.95,4.8
2024-01-21 02:37:43,9.9,5.68
2024-01-21 02:40:09,7.25,4.28
2024-01-21 02:42:35,8.48,4.93
2024-01-21 02:45:01,6.05,3.8
2024-01-21 02:47:27,7.03,4.57
2024-01-21 02:49:53,7.18,4.18
2024-01-21 02:52:19,8.63,3.67
2024-01-21 02:54:46,10.7,5.53
2024-01-21 02:57:12,9.05,5.28
2024-01-21 02:59:38,8.85,5.07
2024-01-21 03:02:04,10.43,5.32
2024-01-21 03:04:30,8.27,4.32
2024-01-21 03:06:56,10.05,5.55
2024-01-21 03:09:22,9.1,4.82
2024-01-21 03:11:48,11.68,4.97
2024-01-21 03:14:14,10.2,5.55
2024-01-21 03:16:40,6.6,4.0
2024-01-21 03:19:07,8.63,4.63
2024-01-21 03:21:33,6.8,3.58
2024-01-21 03:23:59,9.52,4.72
2024-01-21 03:26:25,9.6,5.05
2024-01-21 03:28:54,6.47,4.3
2024-01-21 03:31:20,6.35,3.55
2024-01-21 03:33:46,8.52,4.2
2024-01-21 03:36:12,7.72,5.03
2024-01-21 03:38:38,9.18,5.25
2024-01-21 03:41:04,10.3,5.93
2024-01-21 03:43:30,6.93,3.65
2024-01-21 03:45:56,8.77,4.35
2024-01-21 03:48:22,7.88,4.9
2024-01-21 03:50:49,8.27,5.0
2024-01-21 03:53:15,8.77,4.05
2024-01-21 03:55:41,6.93,4.72
2024-01-21 03:58:07,10.02,4.43
2024-01-21 04:00:33,8.07,3.85
2024-01-21 04:02:59,8.4,4.3
2024-01-21 04:05:25,8.02,4.53
2024-01-21 04:07:51,7.03,4.38
2024-01-21 04:10:17,7.0,3.97
2024-01-21 04:12:44,9.6,5.18
2024-01-21 04:15:10,6.18,3.78
2024-01-21 04:17:36,6.9,3.7
2024-01-21 04:20:02,3.97,2.6
2024-01-21 04:22:32,7.53,3.95
2024-01-21 04:24:58,6.2,3.35
2024-01-21 04:27:24,6.32,3.25
2024-01-21 04:29:50,8.43,4.05
2024-01-21 04:32:17,6.47,3.28
2024-01-21 04:34:44,7.32,4.05
2024-01-21 04:37:10,7.8,4.43
2024-01-21 04:39:36,7.4,4.35
2024-01-21 04:42:02,7.65,4.55
2024-01-21 04:44:29,9.98,4.55
2024-01-21 04:46:55,9.95,4.93
2024-01-21 04:49:21,6.43,3.65
2024-01-21 04:51:47,9.88,5.43
2024-01-21 04:54:13,10.82,5.2
2024-01-21 04:56:39,12.3,6.25
2024-01-21 04:59:05,6.38,3.17
2024-01-21 05:01:32,7.5,3.7
2024-01-21 05:03:58,8.07,4.43
2024-01-21 05:06:25,10.15,5.88
2024-01-21 05:08:51,7.18,4.38
2024-01-21 05:11:17,8.75,3.83
2024-01-21 05:13:43,7.8,4.22
2024-01-21 05:16:11,7.07,3.63
2024-01-21 05:18:38,7.05,4.1
2024-01-21 05:21:04,6.4,3.25
2024-01-21 05:23:32,8.15,4.32
2024-01-21 05:25:58,9.32,3.8
2024-01-21 05:28:24,6.88,3.8
2024-01-21 05:30:50,7.65,4.03
2024-01-21 05:33:16,7.97,3.83
2024-01-21 05:35:43,7.57,3.67
2024-01-21 05:38:09,7.78,4.53
2024-01-21 05:40:35,9.0,4.68
2024-01-21 05:43:01,14.9,4.95
2024-01-21 05:45:27,6.55,3.7
2024-01-21 05:47:53,8.07,3.5
2024-01-21 05:50:19,12.68,5.72
2024-01-21 05:52:45,6.57,3.28
2024-01-21 05:55:11,9.18,4.5
2024-01-21 05:57:38,7.7,4.1
2024-01-21 06:00:05,10.57,5.2
2024-01-21 06:02:32,10.27,4.82
2024-01-21 06:04:58,8.8,5.1
2024-01-21 06:07:27,8.25,4.6
2024-01-21 06:09:53,10.3,5.4
2024-01-21 06:12:19,11.2,5.7
2024-01-21 06:14:45,10.9,4.55
2024-01-21 06:17:14,9.15,4.93
2024-01-21 06:19:40,10.6,5.15
2024-01-21 06:22:06,10.73,5.4
2024-01-21 06:24:36,7.72,4.45
2024-01-21 06:27:02,7.65,4.5
2024-01-21 06:29:28,8.0,4.32
2024-01-21 06:31:55,7.72,3.65
2024-01-21 06:34:21,6.7,2.63
2024-01-21 06:36:47,6.78,3.6
2024-01-21 06:39:13,11.0,5.18
2024-01-21 06:41:39,10.8,6.57
2024-01-21 06:44:08,14.05,6.22
2024-01-21 06:46:34,11.82,5.22
2024-01-21 06:49:00,10.5,4.78
2024-01-21 06:51:26,9.27,5.68
2024-01-21 06:54:19,14.25,6.57
2024-01-21 06:56:45,8.2,4.45
2024-01-21 06:59:11,7.68,4.45
2024-01-21 07:01:37,11.27,4.85
2024-01-21 07:04:03,19.65,9.2
2024-01-21 07:06:29,14.93,7.38
2024-01-21 07:08:56,10.23,6.05
2024-01-21 07:11:22,5.13,3.13
2024-01-21 07:13:48,7.82,4.15
2024-01-21 07:16:14,10.8,6.0
2024-01-21 07:18:40,10.8,5.72
2024-01-21 07:21:06,11.93,5.35
2024-01-21 07:23:32,12.6,6.03
2024-01-21 07:25:58,8.88,5.18
2024-01-21 07:28:25,9.75,5.18
2024-01-21 07:30:51,9.35,5.07
2024-01-21 07:33:17,7.53,4.72
2024-01-21 07:35:44,9.98,5.63
2024-01-21 07:38:15,10.1,5.6
2024-01-21 07:40:41,9.18,5.3
2024-01-21 07:43:07,14.75,6.57
2024-01-21 07:45:35,11.27,4.93
2024-01-21 07:48:01,12.3,6.65
2024-01-21 07:50:27,9.27,5.03
2024-01-21 07:52:54,13.4,6.7
2024-01-21 07:55:20,13.6,7.07
2024-01-21 07:57:46,8.6,4.2
2024-01-21 08:00:12,10.55,5.1
2024-01-21 08:02:39,6.97,3.88
2024-01-21 08:05:05,8.23,4.93
2024-01-21 08:07:31,7.03,3.72
2024-01-21 08:09:57,5.88,3.13
2024-01-21 08:12:24,6.72,3.25
2024-01-21 08:14:50,14.27,6.38
2024-01-21 08:17:16,10.0,6.2
2024-01-21 08:19:42,8.55,3.75
2024-01-21 08:22:08,5.43,3.17
2024-01-21 08:24:34,10.23,5.05
2024-01-21 08:27:00,10.63,4.78
2024-01-21 08:29:27,4.85,2.58
2024-01-21 08:31:53,8.0,4.28
2024-01-21 08:34:21,8.07,3.83
2024-01-21 08:36:47,9.85,5.35
2024-01-21 08:39:14,7.35,4.53
2024-01-21 08:41:40,13.57,6.75
2024-01-21 08:44:06,7.95,4.32
2024-01-21 08:46:32,7.1,3.67
2024-01-21 08:48:58,9.25,4.43
2024-01-21 08:51:24,7.88,4.07
2024-01-21 08:53:50,12.98,7.15
2024-01-21 08:56:22,8.02,4.47
2024-01-21 08:58:49,5.47,2.88
2024-01-21 09:01:16,5.5,2.95
2024-01-21 09:03:42,6.1,3.95
2024-01-21 09:06:08,8.77,4.4
2024-01-21 09:08:35,5.82,2.6
2024-01-21 09:11:01,5.22,3.1
2024-01-21 09:13:27,6.28,2.65
2024-01-21 09:15:53,5.9,4.13
2024-01-21 09:18:19,7.9,4.25
2024-01-21 09:20:51,8.02,4.0
2024-01-21 09:23:17,7.18,4.38
2024-01-21 09:25:43,3.88,2.75
2024-01-21 09:28:10,7.65,4.8
2024-01-21 09:30:36,8.2,5.5
2024-01-21 09:33:02,6.57,3.97
2024-01-21 09:35:29,7.47,4.5
2024-01-21 09:37:55,5.7,2.95
2024-01-21 09:40:21,8.02,3.88
2024-01-21 09:42:47,4.3,2.58
2024-01-21 09:45:14,6.2,3.03
2024-01-21 09:50:44,9.55,3.1
2024-01-21 09:56:27,6.55,3.7
2024-01-21 10:02:15,7.15,3.1
2024-01-21 10:04:44,5.53,2.75
2024-01-21 10:07:11,5.9,3.13
2024-01-21 10:09:37,6.55,3.78
2024-01-21 10:12:03,6.57,3.47
2024-01-21 10:14:30,5.43,3.03
2024-01-21 10:16:59,7.57,3.63
2024-01-21 10:19:26,4.85,2.9
2024-01-21 10:24:51,6.2,3.8
2024-01-21 10:27:21,7.5,4.22
2024-01-21 10:29:47,6.5,4.25
2024-01-21 10:32:14,6.47,4.07
2024-01-21 10:34:44,6.72,3.83
2024-01-21 10:37:13,6.78,4.0
2024-01-21 10:39:40,7.25,3.2
2024-01-21 10:42:09,7.5,4.35
2024-01-21 10:44:35,6.9,4.15
2024-01-21 10:47:02,14.35,6.82
2024-01-21 10:49:30,12.73,5.47
2024-01-21 10:51:58,8.23,4.43
2024-01-21 10:54:24,8.68,5.38
2024-01-21 10:56:50,7.13,3.97
2024-01-21 10:59:17,8.27,3.4
2024-01-21 11:01:44,3.83,2.2
2024-01-21 11:04:11,3.3,2.45
2024-01-21 11:06:38,6.5,3.28
2024-01-21 11:09:07,5.63,2.8
2024-01-21 11:11:42,8.4,4.15
2024-01-21 11:16:35,8.82,5.03
2024-01-21 11:21:30,5.75,3.33
2024-01-21 11:24:06,10.18,5.5
2024-01-21 11:26:37,4.03,2.2
2024-01-21 11:31:52,6.72,3.47
2024-01-21 11:34:19,9.73,4.1
2024-01-21 11:36:46,6.25,3.55
2024-01-21 11:39:12,8.6,4.82
2024-01-21 11:41:42,6.85,4.05
2024-01-21 11:46:35,9.73,5.4
2024-01-21 11:49:02,6.2,3.58
2024-01-21 11:51:28,5.2,3.3
2024-01-21 11:53:56,6.15,3.85
2024-01-21 11:56:23,3.67,2.38
2024-01-21 11:58:49,6.85,3.38
2024-01-21 12:01:15,5.15,2.55
2024-01-21 12:03:41,6.3,3.4
2024-01-21 12:06:08,2.5,1.98
2024-01-21 12:08:34,5.15,3.53
2024-01-21 12:11:00,6.4,3.42
2024-01-21 12:13:26,6.0,2.97
2024-01-21 12:15:52,4.63,2.83
2024-01-21 12:18:18,5.55,3.63
2024-01-21 12:20:45,7.03,3.33
2024-01-21 12:23:17,5.15,3.4
2024-01-21 12:25:44,6.7,3.53
2024-01-21 12:28:11,5.6,2.85
2024-01-21 12:30:37,6.5,3.75
2024-01-21 12:33:04,5.85,3.13
2024-01-21 12:35:30,5.78,3.5
2024-01-21 12:37:57,7.3,3.42
2024-01-21 12:40:25,5.0,3.03
2024-01-21 12:42:51,4.53,2.92
2024-01-21 12:45:17,7.18,4.13
2024-01-21 12:47:43,6.55,4.05
2024-01-21 12:50:10,5.55,3.55
2024-01-21 12:52:36,5.9,3.9
2024-01-21 12:55:03,4.88,3.08
2024-01-21 12:57:30,4.72,2.95
2024-01-21 12:59:56,4.5,2.58
2024-01-21 13:02:22,4.4,2.58
2024-01-21 13:04:48,6.53,3.55
2024-01-21 13:07:15,4.22,2.08
2024-01-21 13:09:41,7.57,3.78
2024-01-21 13:12:07,6.6,3.7
2024-01-21 13:14:34,9.13,5.4
2024-01-21 13:17:03,7.9,5.35
2024-01-21 13:19:29,7.1,4.32
2024-01-21 13:21:55,8.35,4.88
2024-01-21 13:24:22,5.95,3.38
2024-01-21 13:26:48,9.0,5.13
2024-01-21 13:29:20,8.93,3.25
2024-01-21 13:32:05,12.2,5.6
2024-01-21 13:34:34,9.43,4.43
2024-01-21 13:37:00,9.32,5.53
2024-01-21 13:39:26,7.82,4.1
2024-01-21 13:41:52,8.48,5.3
2024-01-21 13:44:18,10.25,4.97
2024-01-21 13:46:45,6.7,3.5
2024-01-21 13:49:11,12.75,6.78
2024-01-21 13:51:37,8.48,4.93
2024-01-21 13:54:04,8.3,4.57
2024-01-21 13:56:30,7.93,4.65
2024-01-21 13:58:56,6.55,3.58
2024-01-21 14:01:22,11.32,6.0
2024-01-21 14:03:48,10.25,4.95
2024-01-21 14:06:14,12.32,6.1
2024-01-21 14:08:44,14.95,8.45
2024-01-21 14:11:10,13.88,7.75
2024-01-21 14:13:36,21.75,10.65
2024-01-21 14:16:03,9.4,4.63
2024-01-21 14:18:29,10.8,6.43
2024-01-21 14:20:55,11.52,6.75
2024-01-21 14:23:21,13.73,8.55
2024-01-21 14:25:47,11.25,6.88
2024-01-21 14:28:15,11.45,6.4
2024-01-21 14:30:41,10.38,5.68
2024-01-21 14:33:07,11.68,5.88
2024-01-21 14:35:33,13.2,7.13
2024-01-21 14:37:59,10.6,6.28
2024-01-21 14:40:25,8.55,4.0
2024-01-21 14:42:52,10.7,4.5
2024-01-21 14:45:18,8.02,3.97
2024-01-21 14:47:47,6.45,3.45
2024-01-21 14:50:13,10.1,5.57
2024-01-21 14:52:41,5.65,3.85
2024-01-21 14:55:07,9.05,4.35
2024-01-21 14:57:33,9.63,5.2
2024-01-21 14:59:59,13.43,7.47
2024-01-21 15:02:26,9.9,6.13
2024-01-21 15:04:52,8.35,4.88
2024-01-21 15:07:18,11.63,6.25
2024-01-21 15:09:45,13.07,6.88
2024-01-21 15:12:11,13.75,8.25
2024-01-21 15:14:47,17.85,10.0
2024-01-21 15:17:13,24.05,12.55
2024-01-21 15:19:43,11.85,5.82
2024-01-21 15:22:11,18.35,10.35
2024-01-21 15:24:37,12.7,7.4
2024-01-21 15:27:04,9.68,6.53
2024-01-21 15:29:30,10.13,6.3
2024-01-21 15:31:56,12.52,7.9
2024-01-21 15:34:23,15.85,9.75
2024-01-21 15:36:49,18.73,10.65
2024-01-21 15:39:18,18.9,11.9
2024-01-21 15:41:48,22.3,12.4
2024-01-21 15:44:16,21.15,12.4
2024-01-21 15:46:43,19.52,11.77
2024-01-21 15:49:12,23.55,13.77
2024-01-21 15:51:39,19.92,11.93
2024-01-21 15:54:06,20.25,12.15
2024-01-21 15:56:34,24.9,12.5
2024-01-21 15:59:01,20.13,13.25
2024-01-21 16:01:27,23.92,12.45
2024-01-21 16:03:53,23.25,12.75
2024-01-21 16:06:19,27.77,15.75
2024-01-21 16:08:45,26.42,15.1
2024-01-21 16:11:12,22.05,14.35
2024-01-21 16:13:38,26.88,15.35
2024-01-21 16:16:04,30.85,17.98
2024-01-21 16:18:31,25.77,15.82
2024-01-21 16:20:57,29.13,20.25
2024-01-21 16:23:24,34.3,19.83
2024-01-21 16:25:50,30.9,17.23
2024-01-21 16:28:16,33.13,17.17
2024-01-21 16:30:42,30.88,16.42
2024-01-21 16:33:09,26.58,14.55
2024-01-21 16:35:35,25.9,13.85
2024-01-21 16:38:01,27.52,16.4
2024-01-21 16:40:27,20.52,11.5
2024-01-21 16:42:53,25.65,15.05
2024-01-21 16:45:23,34.55,16.48
2024-01-21 16:47:50,28.4,15.82
2024-01-21 16:50:17,32.08,16.83
2024-01-21 16:52:44,27.48,15.73
2024-01-21 16:55:11,30.23,19.0
2024-01-21 16:57:37,40.35,20.13
2024-01-21 17:00:16,53.2,25.63
2024-01-21 17:02:43,47.33,27.7
2024-01-21 17:05:10,101.9,41.7
2024-01-21 17:07:38,68.88,31.88
2024-01-21 17:10:06,79.85,37.08
2024-01-21 17:12:32,69.72,35.85
2024-01-21 17:15:03,60.17,28.25
2024-01-21 17:17:29,61.3,28.52
2024-01-21 17:19:55,55.6,27.67
2024-01-21 17:22:23,61.55,29.38
2024-01-21 17:24:50,30.73,16.02
2024-01-21 17:27:16,41.85,22.4
2024-01-21 17:29:42,33.92,19.63
2024-01-21 17:32:08,35.05,19.0
2024-01-21 17:34:35,45.9,23.8
2024-01-21 17:37:01,36.25,20.88
2024-01-21 17:39:27,42.35,21.08
2024-01-21 17:41:53,38.17,19.77
2024-01-21 17:44:19,43.0,20.48
2024-01-21 17:46:45,44.35,24.88
2024-01-21 17:49:11,35.3,19.13
2024-01-21 17:51:37,48.0,24.45
2024-01-21 17:54:07,48.17,25.95
2024-01-21 17:56:33,46.55,27.17
2024-01-21 17:58:59,50.8,27.9
2024-01-21 18:01:25,53.15,25.35
2024-01-21 18:03:51,46.3,24.88
2024-01-21 18:06:18,42.45,24.8
2024-01-21 18:08:45,46.75,26.4
2024-01-21 18:11:11,47.25,28.0
2024-01-21 18:13:38,51.9,30.17
2024-01-21 18:16:04,60.3,32.3
2024-01-21 18:18:30,64.22,33.17
2024-01-21 18:20:56,66.05,34.38
2024-01-21 18:23:23,57.97,31.48
2024-01-21 18:25:49,61.88,32.4
2024-01-21 18:28:15,53.53,25.7
2024-01-21 18:30:41,52.72,30.58
2024-01-21 18:33:07,49.33,28.55
2024-01-21 18:35:33,56.95,30.33
2024-01-21 18:38:00,59.58,31.02
2024-01-21 18:40:28,63.6,33.75
2024-01-21 18:42:54,90.18,39.95
2024-01-21 18:45:20,63.38,35.72
2024-01-21 18:47:46,69.0,36.95
2024-01-21 18:50:12,63.53,32.15
2024-01-21 18:52:38,50.05,26.92
2024-01-21 18:55:04,48.65,28.6
2024-01-21 18:57:30,41.97,23.77
2024-01-21 18:59:57,38.35,21.35
2024-01-21 19:02:24,31.73,20.65
2024-01-21 19:04:52,39.78,22.02
2024-01-21 19:07:18,38.83,22.58
2024-01-21 19:09:45,43.22,20.25
2024-01-21 19:12:11,37.63,20.3
2024-01-21 19:14:41,37.08,20.13
2024-01-21 19:17:07,38.55,21.77
2024-01-21 19:19:33,34.22,17.65
2024-01-21 19:21:59,29.7,18.08
2024-01-21 19:24:26,32.4,18.98
2024-01-21 19:26:52,37.3,19.9
2024-01-21 19:29:20,34.63,18.58
2024-01-21 19:31:46,109.78,53.17
2024-01-21 19:34:12,90.72,43.45
2024-01-21 19:36:38,57.13,28.55
2024-01-21 19:39:04,39.38,22.58
2024-01-21 19:41:30,54.35,28.25
2024-01-21 19:43:57,63.88,31.9
2024-01-21 19:46:23,56.63,30.17
2024-01-21 19:48:49,63.15,33.63
2024-01-21 19:51:16,63.92,34.63
2024-01-21 19:53:42,65.53,32.05
2024-01-21 19:56:09,64.95,34.55
2024-01-21 19:58:35,73.72,35.28
2024-01-21 20:01:01,77.63,39.83
2024-01-21 20:03:27,62.55,31.73
2024-01-21 20:05:53,56.9,31.77
2024-01-21 20:08:20,65.57,33.08
2024-01-21 20:10:46,55.42,28.77
2024-01-21 20:13:15,43.53,23.67
2024-01-21 20:15:42,22.88,13.88
2024-01-21 20:18:09,34.65,16.95
2024-01-21 20:20:35,35.47,16.98
2024-01-21 20:23:01,31.2,17.63
2024-01-21 20:25:29,39.08,20.1
2024-01-21 20:27:55,33.38,18.0
2024-01-21 20:30:23,30.02,17.0
2024-01-21 20:32:49,29.83,17.6
2024-01-21 20:35:15,35.38,20.63
2024-01-21 20:37:44,37.35,20.45
2024-01-21 20:40:10,44.38,21.35
2024-01-21 20:42:36,45.9,22.5
2024-01-21 20:45:05,45.58,22.95
2024-01-21 20:47:31,49.22,25.88
2024-01-21 20:49:58,38.38,21.33
2024-01-21 20:52:24,41.95,24.77
2024-01-21 20:54:50,37.08,18.13
2024-01-21 20:57:16,24.23,16.02
2024-01-21 20:59:43,32.15,17.67
2024-01-21 21:02:09,44.1,20.4
2024-01-21 21:04:38,44.97,23.48
2024-01-21 21:07:04,42.15,22.0
2024-01-21 21:09:30,39.8,22.48
2024-01-21 21:11:58,44.75,25.52
2024-01-21 21:14:24,57.25,29.83
2024-01-21 21:16:50,53.08,27.98
2024-01-21 21:19:16,65.93,30.15
2024-01-21 21:21:42,49.67,23.0
2024-01-21 21:24:10,44.2,22.95
2024-01-21 21:26:40,46.67,25.6
2024-01-21 21:29:06,50.9,27.55
2024-01-21 21:31:34,47.8,25.45
2024-01-21 21:34:00,41.7,24.05
2024-01-21 21:36:26,37.9,19.35
2024-01-21 21:38:52,41.22,24.95
2024-01-21 21:41:18,39.7,22.17
2024-01-21 21:43:45,35.95,21.48
2024-01-21 21:46:11,25.6,14.68
2024-01-21 21:48:37,10.38,6.65
2024-01-21 21:51:03,30.67,16.65
2024-01-21 21:53:29,21.6,10.65
2024-01-21 21:55:55,25.2,14.3
2024-01-21 21:58:21,24.75,14.63
2024-01-21 22:00:48,35.25,17.3
2024-01-21 22:03:14,42.25,21.45
2024-01-21 22:05:40,66.43,31.95
2024-01-21 22:08:07,68.57,33.72
2024-01-21 22:10:33,55.78,26.6
2024-01-21 22:12:59,49.03,26.98
2024-01-21 22:15:25,50.65,27.8
2024-01-21 22:17:51,48.42,24.08
2024-01-21 22:20:17,46.25,24.13
2024-01-21 22:22:44,41.65,24.3
2024-01-21 22:25:15,53.88,27.35
2024-01-21 22:27:41,42.13,21.92
2024-01-21 22:30:08,7.9,6.3
2024-01-21 22:32:34,27.98,13.7
2024-01-21 22:35:00,36.2,18.7
2024-01-21 22:37:26,41.97,19.08
2024-01-21 22:39:52,42.2,22.95
2024-01-21 22:42:19,36.75,21.2
2024-01-21 22:44:45,47.47,24.2
2024-01-21 22:47:11,39.53,22.1
2024-01-21 22:49:37,46.1,23.52
2024-01-21 22:52:04,48.92,22.88
2024-01-21 22:54:31,35.88,19.17
2024-01-21 22:56:57,29.75,16.02
2024-01-21 22:59:23,27.98,16.95
2024-01-21 23:01:49,32.5,15.8
2024-01-21 23:04:15,28.35,14.25
2024-01-21 23:06:41,27.15,13.57
2024-01-21 23:09:07,28.77,16.2
2024-01-21 23:11:33,36.05,19.45
2024-01-21 23:13:59,31.7,16.15
2024-01-21 23:16:26,27.17,16.02
2024-01-21 23:18:52,29.3,15.88
2024-01-21 23:21:18,39.08,23.38
2024-01-21 23:23:44,42.38,23.63
2024-01-21 23:26:10,41.22,20.73
2024-01-21 23:28:36,31.8,17.45
2024-01-21 23:31:02,26.17,14.65
2024-01-21 23:33:28,18.0,11.9
2024-01-21 23:35:55,21.45,11.38
2024-01-21 23:38:21,21.13,12.15
2024-01-21 23:40:47,28.38,15.18
2024-01-21 23:43:14,30.15,14.95
2024-01-21 23:45:40,33.1,17.08
2024-01-21 23:48:07,34.2,17.13
2024-01-21 23:50:33,32.75,16.98
2024-01-21 23:52:59,28.05,14.45
2024-01-21 23:55:25,25.8,13.73
2024-01-21 23:57:54,28.48,14.77
2024-01-22 00:00:21,23.13,13.75
2024-01-22 00:02:47,25.7,13.57
2024-01-22 00:05:13,21.52,11.68
2024-01-22 00:07:39,32.85,18.1
2024-01-22 00:10:05,38.13,18.85
2024-01-22 00:12:31,36.25,17.55
2024-01-22 00:14:58,31.5,18.83
2024-01-22 00:17:24,32.7,17.45
2024-01-22 00:19:50,32.72,19.23
2024-01-22 00:22:16,40.03,20.35
2024-01-22 00:24:42,38.05,19.7
2024-01-22 00:27:08,35.03,17.98
2024-01-22 00:29:34,32.75,18.27
2024-01-22 00:32:00,42.92,20.33
2024-01-22 00:34:27,39.97,21.4
2024-01-22 00:36:53,37.2,19.33
2024-01-22 00:39:19,38.55,18.4
2024-01-22 00:41:45,36.3,19.27
2024-01-22 00:44:11,40.6,19.85
2024-01-22 00:46:37,33.8,16.6
2024-01-22 00:49:03,19.2,11.45
2024-01-22 00:51:30,18.6,9.38
2024-01-22 00:53:56,16.02,8.95
2024-01-22 00:56:23,23.33,12.05
2024-01-22 00:58:49,17.73,11.45
2024-01-22 01:01:15,18.45,11.27
2024-01-22 01:03:41,10.18,7.03
2024-01-22 01:06:07,16.23,8.98
2024-01-22 01:08:33,12.63,7.95
2024-01-22 01:10:59,15.18,9.02
2024-01-22 01:13:26,23.95,11.23
2024-01-22 01:15:53,22.3,11.3
2024-01-22 01:18:19,29.02,14.18
2024-01-22 01:20:45,28.48,15.5
2024-01-22 01:23:11,22.55,12.55
2024-01-22 01:25:37,28.2,13.77
2024-01-22 01:28:03,29.75,15.4
2024-01-22 01:30:29,31.4,15.9
2024-01-22 01:32:55,20.63,11.98
2024-01-22 01:35:23,22.75,12.05
2024-01-22 01:37:49,17.7,9.25
2024-01-22 01:40:15,10.95,7.7
2024-01-22 01:42:42,14.43,8.43
2024-01-22 01:45:10,14.2,8.13
2024-01-22 01:47:37,20.5,9.98
2024-01-22 01:50:03,10.15,7.15
2024-01-22 01:52:30,22.1,10.77
2024-01-22 01:54:56,12.65,6.85
2024-01-22 01:57:22,17.25,9.6
2024-01-22 01:59:49,17.4,8.98
2024-01-22 02:02:16,25.15,12.43
2024-01-22 02:04:43,26.45,13.27
2024-01-22 02:07:09,29.8,14.93
2024-01-22 02:14:37,30.8,13.0
2024-01-22 02:17:03,24.13,13.57
2024-01-22 02:19:30,26.85,14.68
2024-01-22 02:21:56,10.5,5.55
2024-01-22 02:24:23,24.23,12.82
2024-01-22 02:26:49,18.5,10.23
2024-01-22 02:29:16,22.08,11.45
2024-01-22 02:31:42,20.02,10.3
2024-01-22 02:34:11,23.38,13.45
2024-01-22 02:36:37,21.08,11.38
2024-01-22 02:39:03,25.9,14.32
2024-01-22 02:41:29,25.0,12.9
2024-01-22 02:43:55,25.92,13.8
2024-01-22 02:46:21,18.9,9.77
2024-01-22 02:48:50,21.15,10.05
2024-01-22 02:51:16,15.25,8.0
2024-01-22 02:53:42,16.27,9.27
2024-01-22 02:56:08,20.23,10.63
2024-01-22 02:58:34,18.75,9.75
2024-01-22 03:01:01,20.9,11.68
2024-01-22 03:03:27,22.17,11.4
2024-01-22 03:05:53,21.05,10.77
2024-01-22 03:08:19,19.65,11.35
2024-01-22 03:10:45,14.0,9.98
2024-01-22 03:13:11,17.25,9.7
2024-01-22 03:15:37,21.08,11.18
2024-01-22 03:18:04,16.38,9.25
2024-01-22 03:20:30,22.73,12.0
2024-01-22 03:22:56,20.02,11.1
2024-01-22 03:25:22,24.13,11.88
2024-01-22 03:27:48,16.38,10.48
2024-01-22 03:30:14,23.1,13.25
2024-01-22 03:32:40,19.3,10.1
2024-01-22 03:35:06,20.5,10.68
2024-01-22 03:37:33,11.52,7.13
2024-01-22 03:39:59,19.67,10.18
2024-01-22 03:42:25,24.05,12.15
2024-01-22 03:44:51,16.0,9.8
2024-01-22 03:47:18,21.42,10.02
2024-01-22 03:49:44,20.9,11.93
2024-01-22 03:52:10,17.02,10.23
2024-01-22 03:54:36,20.42,10.27
2024-01-22 03:57:03,20.23,10.55
2024-01-22 03:59:35,23.2,11.25
2024-01-22 04:02:01,14.7,9.25
2024-01-22 04:04:27,20.83,12.02
2024-01-22 04:06:53,27.45,14.23
2024-01-22 04:09:19,23.88,11.8
2024-01-22 04:11:46,21.7,11.98
2024-01-22 04:14:12,22.27,11.48
2024-01-22 04:16:38,18.75,10.6
2024-01-22 04:19:04,19.33,10.7
2024-01-22 04:21:30,23.4,11.4
2024-01-22 04:23:57,20.77,11.43
2024-01-22 04:26:23,19.33,11.0
2024-01-22 04:28:49,27.27,11.5
2024-01-22 04:31:15,20.52,11.07
2024-01-22 04:33:44,25.2,11.07
2024-01-22 04:36:10,26.2,11.3
2024-01-22 04:38:36,15.8,10.1
2024-01-22 04:41:02,19.3,9.35
2024-01-22 04:43:28,22.3,10.98
2024-01-22 04:45:55,18.98,10.4
2024-01-22 04:48:21,16.58,9.73
2024-01-22 04:50:47,16.23,9.13
2024-01-22 04:53:13,17.63,9.05
2024-01-22 04:55:39,17.85,9.57
2024-01-22 04:58:05,30.52,11.9
2024-01-22 05:00:32,21.5,11.6
2024-01-22 05:02:58,22.23,10.23
2024-01-22 05:05:29,23.98,10.95
2024-01-22 05:07:55,23.7,12.32
2024-01-22 05:10:21,21.1,11.8
2024-01-22 05:12:47,20.17,10.93
2024-01-22 05:15:13,17.7,9.57
2024-01-22 05:17:40,22.85,9.0
2024-01-22 05:20:07,14.52,6.28
2024-01-22 05:22:34,12.43,6.05
2024-01-22 05:25:00,17.05,9.35
2024-01-22 05:27:26,9.27,5.93
2024-01-22 05:29:52,15.32,7.07
2024-01-22 05:32:18,10.65,6.13
2024-01-22 05:34:44,17.3,9.45
2024-01-22 05:37:10,25.13,11.23
2024-01-22 05:39:37,19.85,11.23
2024-01-22 05:42:04,21.88,12.0
2024-01-22 05:44:30,18.55,11.0
2024-01-22 05:46:56,25.05,10.25
2024-01-22 05:49:23,24.45,10.68
2024-01-22 05:51:49,16.88,9.1
2024-01-22 05:54:15,9.75,5.38
2024-01-22 05:56:41,4.38,3.13
2024-01-22 05:59:07,15.98,8.52
2024-01-22 06:01:33,11.02,6.0
2024-01-22 06:03:59,16.13,8.3
2024-01-22 06:06:25,14.7,8.25
2024-01-22 06:08:52,20.92,7.63
2024-01-22 06:11:18,9.77,7.47
2024-01-22 06:13:44,20.52,10.18
2024-01-22 06:16:11,6.47,4.65
2024-01-22 06:18:38,24.35,11.2
2024-01-22 06:21:10,19.02,9.57
2024-01-22 06:23:37,19.2,10.15
2024-01-22 06:26:04,12.52,7.47
2024-01-22 06:28:30,9.75,5.28
2024-01-22 06:30:57,13.45,7.8
2024-01-22 06:33:23,15.43,8.93
2024-01-22 06:35:49,17.3,10.95
2024-01-22 06:38:16,14.82,10.35
2024-01-22 06:40:42,17.63,11.13
2024-01-22 06:43:09,16.48,9.68
2024-01-22 06:45:37,18.38,10.65
2024-01-22 06:48:03,13.5,7.55
2024-01-22 06:50:29,11.38,7.07
2024-01-22 06:52:56,18.0,10.57
2024-01-22 06:55:22,11.45,7.45
2024-01-22 06:57:51,18.85,9.82
2024-01-22 07:00:17,13.7,8.4
2024-01-22 07:02:47,20.3,11.68
2024-01-22 07:05:16,19.45,11.32
2024-01-22 07:07:43,26.33,13.4
2024-01-22 07:10:09,25.38,14.05
2024-01-22 07:12:36,21.7,11.8
2024-01-22 07:15:02,22.4,13.95
2024-01-22 07:17:29,22.55,14.27
2024-01-22 07:19:55,24.48,13.35
2024-01-22 07:22:21,22.55,13.38
2024-01-22 07:24:47,25.42,10.82
2024-01-22 07:27:13,22.7,11.82
2024-01-22 07:29:40,24.2,12.4
2024-01-22 07:32:07,19.7,13.13
2024-01-22 07:34:34,11.68,7.72
2024-01-22 07:37:00,22.63,12.07
2024-01-22 07:39:26,14.45,9.25
2024-01-22 07:41:53,28.27,13.98
2024-01-22 07:44:19,16.52,8.82
2024-01-22 07:46:45,14.95,8.9
2024-01-22 07:49:11,17.05,9.13
2024-01-22 07:51:37,16.77,8.95
2024-01-22 07:54:03,19.58,10.07
2024-01-22 07:56:47,16.77,10.27
2024-01-22 07:59:23,10.52,5.63
2024-01-22 08:01:51,18.1,10.7
2024-01-22 08:04:17,22.6,11.23
2024-01-22 08:06:43,11.88,7.68
2024-01-22 08:09:09,18.52,9.43
2024-01-22 08:11:36,17.6,10.35
2024-01-22 08:14:04,14.18,7.7
2024-01-22 08:16:32,13.2,7.95
2024-01-22 08:19:00,15.18,8.52
2024-01-22 08:21:28,18.08,10.48
2024-01-22 08:23:54,23.35,10.3
2024-01-22 08:26:20,20.85,10.73
2024-01-22 08:28:46,20.95,10.7
2024-01-22 08:31:12,16.6,9.18
2024-01-22 08:33:38,14.3,8.65
2024-01-22 08:36:04,14.65,7.43
2024-01-22 08:38:31,12.27,7.72
2024-01-22 08:40:59,17.17,9.38
2024-01-22 08:43:25,16.58,9.38
2024-01-22 08:45:51,20.1,11.3
2024-01-22 08:48:18,19.83,11.85
2024-01-22 08:51:08,19.23,9.93
2024-01-22 08:53:34,16.6,10.5
2024-01-22 08:56:00,16.95,10.43
2024-01-22 08:58:26,18.0,9.9
2024-01-22 09:00:52,19.75,10.48
2024-01-22 09:03:18,18.9,9.95
2024-01-22 09:05:49,25.55,15.52
2024-01-22 09:08:15,25.65,14.32
2024-01-22 09:10:41,23.27,12.75
2024-01-22 09:13:07,20.5,11.65
2024-01-22 09:15:34,22.38,11.82
2024-01-22 09:18:01,23.45,12.88
2024-01-22 09:20:27,21.52,13.65
2024-01-22 09:25:58,26.52,13.4
2024-01-22 09:28:25,31.15,16.0
2024-01-22 09:30:56,28.33,17.48
2024-01-22 09:33:23,29.75,17.77
2024-01-22 09:35:50,15.9,10.13
2024-01-22 09:38:20,23.4,13.35
2024-01-22 09:40:47,23.4,14.3
2024-01-22 09:43:14,20.4,12.77
2024-01-22 09:45:41,23.9,14.3
2024-01-22 09:48:07,22.3,13.5
2024-01-22 09:50:34,18.65,10.85
2024-01-22 09:56:03,20.55,11.15
2024-01-22 09:58:34,24.2,11.73
2024-01-22 10:01:04,20.23,12.43
2024-01-22 10:03:30,21.98,12.4
2024-01-22 10:05:58,21.38,12.38
2024-01-22 10:08:25,18.63,11.27
2024-01-22 10:10:51,20.3,12.2
2024-01-22 10:13:17,26.13,12.3
2024-01-22 10:15:44,25.5,15.07
2024-01-22 10:18:16,21.85,12.45
2024-01-22 10:20:46,22.25,12.68
2024-01-22 10:26:16,23.9,15.02
2024-01-22 10:28:47,24.38,15.07
2024-01-22 10:31:13,25.95,14.63
2024-01-22 10:33:39,28.23,16.15
2024-01-22 10:36:18,26.2,15.57
2024-01-22 10:38:47,29.25,15.43
2024-01-22 10:43:47,27.75,17.35
2024-01-22 10:46:17,34.15,19.9
2024-01-22 10:48:43,31.2,19.35
2024-01-22 10:51:10,29.25,17.17
2024-01-22 10:53:36,43.4,22.95
2024-01-22 10:56:24,35.15,21.25
2024-01-22 10:58:55,36.38,21.23
2024-01-22 11:01:24,25.13,13.98
2024-01-22 11:03:53,25.0,14.5
2024-01-22 11:06:22,26.33,16.27
2024-01-22 11:08:49,28.58,15.95
2024-01-22 11:11:19,36.25,21.75
2024-01-22 11:13:49,35.65,19.8
2024-01-22 11:16:19,31.98,17.75
2024-01-22 11:18:52,33.5,20.9
2024-01-22 11:21:19,39.22,24.42
2024-01-22 11:24:16,41.05,24.02
2024-01-22 11:29:12,36.53,21.08
2024-01-22 11:31:42,28.42,16.92
2024-01-22 11:34:08,38.03,23.42
2024-01-22 11:36:49,47.08,24.73
2024-01-22 11:44:47,43.63,24.35
2024-01-22 11:47:25,44.35,28.58
2024-01-22 11:50:03,40.92,22.75
2024-01-22 11:52:36,44.72,27.08
2024-01-22 11:55:06,44.8,25.75
2024-01-22 11:57:33,42.78,23.6
2024-01-22 12:00:04,24.58,16.25
2024-01-22 12:02:31,29.9,20.3
2024-01-22 12:11:19,29.33,17.42
2024-01-22 12:13:46,38.97,23.45
2024-01-22 12:16:17,42.75,22.23
2024-01-22 12:18:44,33.53,19.33
2024-01-22 12:21:13,41.47,22.55
2024-01-22 12:23:42,38.2,21.65
2024-01-22 12:26:21,39.63,22.48
2024-01-22 12:32:16,44.8,23.3
2024-01-22 12:34:42,35.2,20.45
2024-01-22 12:37:22,45.28,22.02
2024-01-22 12:40:03,35.75,21.52
2024-01-22 12:43:05,33.22,19.1
2024-01-22 12:45:42,26.9,16.05
2024-01-22 12:48:08,35.55,21.7
2024-01-22 12:50:55,35.05,20.95
2024-01-22 12:53:21,39.13,21.95
2024-01-22 12:55:47,39.7,21.98
2024-01-22 12:58:16,31.55,19.6
2024-01-22 13:00:42,36.4,18.9
2024-01-22 13:03:08,39.08,22.98
2024-01-22 13:05:35,23.45,13.95
2024-01-22 13:08:08,30.08,14.63
2024-01-22 13:10:34,35.35,19.33
2024-01-22 13:13:02,21.58,14.23
2024-01-22 13:15:43,29.85,17.58
2024-01-22 13:18:14,30.67,17.77
2024-01-22 13:20:46,23.08,13.0
2024-01-22 13:23:13,38.38,20.38
2024-01-22 13:25:49,28.1,15.7
2024-01-22 13:28:15,34.33,19.65
2024-01-22 13:30:41,17.52,10.0
2024-01-22 13:33:14,19.45,11.6
2024-01-22 13:35:40,31.35,16.13
2024-01-22 13:38:16,30.2,17.45
2024-01-22 13:40:42,30.08,15.55
2024-01-22 13:43:08,28.92,12.93
2024-01-22 13:45:34,29.33,16.33
2024-01-22 13:48:00,27.8,13.27
2024-01-22 13:50:27,24.17,13.88
2024-01-22 13:52:53,27.05,15.48
2024-01-22 13:55:19,22.98,13.4
2024-01-22 13:57:45,25.17,14.57
2024-01-22 14:00:11,31.77,16.05
2024-01-22 14:02:39,34.33,18.88
2024-01-22 14:05:08,28.5,16.05
2024-01-22 14:07:38,27.15,14.32
2024-01-22 14:10:08,26.92,15.63
2024-01-22 14:12:49,26.95,15.48
2024-01-22 14:15:21,28.23,15.88
2024-01-22 14:17:47,29.0,16.45
2024-01-22 14:20:13,26.25,15.98
2024-01-22 14:22:39,29.35,16.23
2024-01-22 14:25:05,31.38,16.2
2024-01-22 14:27:33,25.88,14.85
2024-01-22 14:30:02,27.98,16.77
2024-01-22 14:32:30,29.33,16.55
2024-01-22 14:34:56,31.0,16.27
2024-01-22 14:37:22,33.15,17.45
2024-01-22 14:39:48,32.55,16.8
2024-01-22 14:42:14,28.3,17.25
2024-01-22 14:44:41,29.45,17.58
2024-01-22 14:47:07,31.5,18.25
2024-01-22 14:49:33,33.55,19.0
2024-01-22 14:51:59,33.47,19.1
2024-01-22 14:54:25,36.72,20.7
2024-01-22 14:56:54,33.03,20.52
2024-01-22 14:59:20,34.53,21.33
2024-01-22 15:01:47,42.22,22.25
2024-01-22 15:04:13,38.55,22.08
2024-01-22 15:06:39,39.4,21.5
2024-01-22 15:09:06,34.75,20.02
2024-01-22 15:11:38,38.17,22.17
2024-01-22 15:14:06,37.5,22.48
2024-01-22 15:16:37,40.7,21.9
2024-01-22 15:19:04,46.05,23.52
2024-01-22 15:21:30,43.0,23.38
2024-01-22 15:24:05,47.15,23.4
2024-01-22 15:26:32,40.7,23.7
2024-01-22 15:28:58,47.17,23.27
2024-01-22 15:31:29,48.95,26.45
2024-01-22 15:33:57,41.75,25.75
2024-01-22 15:36:28,52.63,29.35
2024-01-22 15:38:55,53.03,29.25
2024-01-22 15:41:21,66.4,33.72
2024-01-22 15:43:47,64.3,31.33
2024-01-22 15:46:14,63.97,34.3
2024-01-22 15:48:40,59.78,32.67
2024-01-22 15:51:06,65.82,37.13
2024-01-22 15:53:32,72.85,38.35
2024-01-22 15:56:05,70.82,37.2
2024-01-22 15:58:32,79.93,41.4
2024-01-22 16:00:58,82.22,45.0
2024-01-22 16:03:25,75.72,41.03
2024-01-22 16:06:07,99.93,51.9
2024-01-22 16:08:33,103.47,50.85
2024-01-22 16:11:00,97.18,48.42
2024-01-22 16:13:26,95.25,50.9
2024-01-22 16:15:52,98.68,49.4
2024-01-22 16:18:18,100.4,53.33
2024-01-22 16:20:45,95.22,49.55
2024-01-22 16:23:11,90.18,49.97
2024-01-22 16:25:37,106.05,55.05
2024-01-22 16:28:03,93.4,50.45
2024-01-22 16:30:31,101.82,56.65
2024-01-22 16:33:02,141.05,68.6
2024-01-22 16:35:29,126.22,65.03
2024-01-22 16:37:55,122.68,64.78
2024-01-22 16:40:24,126.4,60.67
2024-01-22 16:42:50,127.28,63.28
2024-01-22 16:45:16,128.38,65.75
2024-01-22 16:47:43,126.85,59.63
2024-01-22 16:50:09,115.93,59.28
2024-01-22 16:52:35,109.15,57.85
2024-01-22 16:55:01,113.5,55.08
2024-01-22 16:57:28,125.5,63.15
2024-01-22 16:59:54,92.03,48.03
2024-01-22 17:02:20,106.9,55.67
2024-01-22 17:04:46,121.93,62.88
2024-01-22 17:07:12,114.85,59.53
2024-01-22 17:09:39,107.72,57.08
2024-01-22 17:12:05,106.5,56.5
2024-01-22 17:14:32,102.22,53.2
2024-01-22 17:16:58,104.97,53.97
2024-01-22 17:19:24,109.45,51.63
2024-01-22 17:21:50,115.3,58.17
2024-01-22 17:24:17,106.57,54.08
2024-01-22 17:26:43,106.82,51.03
2024-01-22 17:29:09,103.07,51.67
2024-01-22 17:31:37,91.47,47.78
2024-01-22 17:34:04,96.18,50.0
2024-01-22 17:36:30,110.1,53.65
2024-01-22 17:38:56,100.63,50.5
2024-01-22 17:41:22,98.18,52.35
2024-01-22 17:43:48,100.5,55.8
2024-01-22 17:46:14,107.28,54.38
2024-01-22 17:48:43,104.35,51.9
2024-01-22 17:51:10,107.4,50.17
2024-01-22 17:53:36,123.68,61.5
2024-01-22 17:56:02,110.95,55.17
2024-01-22 17:58:28,103.7,55.9
2024-01-22 18:00:54,107.45,54.58
2024-01-22 18:03:21,108.15,58.47
2024-01-22 18:05:47,100.65,55.8
2024-01-22 18:08:13,74.25,42.72
2024-01-22 18:10:39,84.32,44.97
2024-01-22 18:13:05,84.38,44.67
2024-01-22 18:15:31,68.57,39.8
2024-01-22 18:17:57,73.43,41.55
2024-01-22 18:20:24,89.78,47.88
2024-01-22 18:22:50,88.6,48.22
2024-01-22 18:25:17,90.22,48.1
2024-01-22 18:27:43,96.15,49.35
2024-01-22 18:30:10,89.63,48.38
2024-01-22 18:32:36,98.43,52.85
2024-01-22 18:35:02,111.93,58.97
2024-01-22 18:37:28,124.53,63.65
2024-01-22 18:39:54,128.0,63.7
2024-01-22 18:42:21,109.85,56.2
2024-01-22 18:44:47,117.55,61.22
2024-01-22 18:47:13,111.55,54.63
2024-01-22 18:49:39,99.97,53.33
2024-01-22 18:52:06,105.5,54.1
2024-01-22 18:54:32,105.32,53.22
2024-01-22 18:56:59,101.93,51.25
2024-01-22 18:59:25,99.9,53.7
2024-01-22 19:01:51,99.8,54.88
2024-01-22 19:04:17,102.85,52.85
2024-01-22 19:06:46,91.28,49.78
2024-01-22 19:09:12,95.25,48.72
2024-01-22 19:11:40,92.7,48.6
2024-01-22 19:14:06,91.0,48.38
2024-01-22 19:16:32,86.35,46.95
2024-01-22 19:18:59,88.8,47.22
2024-01-22 19:21:25,95.45,48.28
2024-01-22 19:23:51,103.97,50.83
2024-01-22 19:26:17,103.25,52.9
2024-01-22 19:28:44,107.13,51.33
2024-01-22 19:31:11,103.68,55.08
2024-01-22 19:33:37,110.7,54.83
2024-01-22 19:36:04,117.18,55.38
2024-01-22 19:38:30,112.75,55.13
2024-01-22 19:40:57,111.85,56.72
2024-01-22 19:43:23,123.63,55.1
2024-01-22 19:45:52,112.55,56.47
2024-01-22 19:48:18,113.8,56.83
2024-01-22 19:50:44,116.38,54.83
2024-01-22 19:53:13,109.5,55.5
2024-01-22 19:55:39,92.7,44.6
2024-01-22 19:58:06,84.18,43.95
2024-01-22 20:00:33,85.4,45.38
2024-01-22 20:02:59,100.8,49.42
2024-01-22 20:05:25,136.57,67.7
2024-01-22 20:07:51,150.27,74.63
2024-01-22 20:10:21,146.38,64.7
2024-01-22 20:12:48,149.45,69.9
2024-01-22 20:15:14,123.43,60.65
2024-01-22 20:17:40,96.47,48.7
2024-01-22 20:20:06,98.63,51.22
2024-01-22 20:22:33,99.57,51.15
2024-01-22 20:24:59,112.32,53.92
2024-01-22 20:27:25,108.38,55.47
2024-01-22 20:29:51,99.75,51.25
2024-01-22 20:32:17,92.32,48.6
2024-01-22 20:34:44,92.93,47.75
2024-01-22 20:37:11,102.6,47.88
2024-01-22 20:39:37,111.88,56.7
2024-01-22 20:42:04,128.85,62.42
2024-01-22 20:44:30,113.57,59.0
2024-01-22 20:46:56,117.43,55.92
2024-01-22 20:49:23,107.07,53.15
2024-01-22 20:51:49,117.7,57.8
2024-01-22 20:54:16,96.18,50.58
2024-01-22 20:56:42,104.43,53.15
2024-01-22 20:59:08,94.5,48.72
2024-01-22 21:01:34,88.28,45.67
2024-01-22 21:04:00,95.53,46.3
2024-01-22 21:06:26,83.18,46.3
2024-01-22 21:08:52,89.95,45.97
2024-01-22 21:11:19,80.82,39.85
2024-01-22 21:13:45,85.8,42.58
2024-01-22 21:16:11,89.05,47.47
2024-01-22 21:18:37,90.28,47.13
2024-01-22 21:21:04,108.22,56.15
2024-01-22 21:23:32,103.03,50.17
2024-01-22 21:25:58,89.15,46.45
2024-01-22 21:28:24,82.55,45.0
2024-01-22 21:30:53,83.53,43.1
2024-01-22 21:33:19,75.45,45.38
2024-01-22 21:35:45,86.72,46.33
2024-01-22 21:38:11,89.65,45.42
2024-01-22 21:40:37,88.2,44.08
2024-01-22 21:43:05,91.5,46.17
2024-01-22 21:45:31,99.45,49.6
2024-01-22 21:47:58,101.68,47.45
2024-01-22 21:50:24,91.63,47.03
2024-01-22 21:52:50,94.2,49.95
2024-01-22 21:55:16,100.75,51.65
2024-01-22 21:57:42,107.03,55.45
2024-01-22 22:00:09,94.5,47.4
2024-01-22 22:02:36,95.03,47.1
2024-01-22 22:05:03,114.13,56.92
2024-01-22 22:07:30,114.03,54.83
2024-01-22 22:09:56,100.9,49.85
2024-01-22 22:12:22,99.8,50.63
2024-01-22 22:14:48,92.2,46.4
2024-01-22 22:17:15,64.28,33.4
2024-01-22 22:19:41,58.05,29.73
2024-01-22 22:22:08,61.45,31.23
2024-01-22 22:24:35,49.92,24.2
2024-01-22 22:27:02,54.9,28.77
2024-01-22 22:29:28,68.38,35.83
2024-01-22 22:31:54,76.82,40.2
2024-01-22 22:34:20,68.3,38.13
2024-01-22 22:36:47,80.5,38.15
2024-01-22 22:39:13,84.05,42.4
2024-01-22 22:41:40,84.0,45.42
2024-01-22 22:44:06,100.38,44.63
2024-01-22 22:46:32,73.1,37.42
2024-01-22 22:48:58,73.68,39.58
2024-01-22 22:51:24,70.2,34.85
2024-01-22 22:53:50,61.85,33.63
2024-01-22 22:56:16,27.15,14.43
2024-01-22 22:58:42,34.72,21.3
2024-01-22 23:01:09,45.03,22.73
2024-01-22 23:03:35,52.28,26.3
2024-01-22 23:06:02,56.1,33.35
2024-01-22 23:08:28,50.45,29.63
2024-01-22 23:10:54,35.65,19.25
2024-01-22 23:13:21,41.83,24.3
2024-01-22 23:15:48,29.52,16.23
2024-01-22 23:18:14,50.9,28.42
2024-01-22 23:20:40,31.08,19.88
2024-01-22 23:23:06,35.85,20.77
2024-01-22 23:25:32,47.65,27.2
2024-01-22 23:27:58,54.45,26.0
2024-01-22 23:30:24,42.65,25.15
2024-01-22 23:32:50,68.45,33.42
2024-01-22 23:35:16,55.25,28.13
2024-01-22 23:37:42,40.78,22.92
2024-01-22 23:40:15,35.03,18.77
2024-01-22 23:42:41,45.92,23.05
2024-01-22 23:45:07,54.95,28.08
2024-01-22 23:47:33,59.4,29.17
2024-01-22 23:49:59,51.03,25.42
2024-01-22 23:52:25,65.68,30.6
2024-01-22 23:54:51,54.25,28.7
2024-01-22 23:57:19,50.28,26.5
2024-01-22 23:59:45,47.88,25.17
2024-01-23 00:02:11,62.67,30.4
2024-01-23 00:04:37,58.08,28.0
2024-01-23 00:07:03,54.03,28.35
2024-01-23 00:09:29,61.72,29.92
2024-01-23 00:11:55,48.85,26.33
2024-01-23 00:14:23,39.5,24.95
2024-01-23 00:16:49,51.03,29.55
2024-01-23 00:19:15,56.2,29.77
2024-01-23 00:21:41,54.72,26.23
2024-01-23 00:24:07,49.55,25.17
2024-01-23 00:26:34,39.63,23.5
2024-01-23 00:29:00,50.35,26.08
2024-01-23 00:31:28,48.47,26.6
2024-01-23 00:33:54,69.75,32.15
2024-01-23 00:36:20,59.03,30.98
2024-01-23 00:38:47,46.22,21.63
2024-01-23 00:41:13,74.03,34.97
2024-01-23 00:43:40,60.13,30.05
2024-01-23 00:46:06,38.45,20.92
2024-01-23 00:48:32,40.25,19.77
2024-01-23 00:50:58,22.4,14.27
2024-01-23 00:53:24,42.17,21.83
2024-01-23 00:55:50,22.1,13.93
2024-01-23 00:58:16,39.5,22.15
2024-01-23 01:00:42,44.3,24.2
2024-01-23 01:03:12,38.95,21.75
2024-01-23 01:05:38,50.42,25.63
2024-01-23 01:08:04,40.58,23.98
2024-01-23 01:10:30,45.78,24.05
2024-01-23 01:12:56,49.25,26.1
2024-01-23 01:15:23,46.63,25.13
2024-01-23 01:17:49,43.55,23.1
2024-01-23 01:20:15,52.38,25.88
2024-01-23 01:22:41,56.17,26.5
2024-01-23 01:25:07,58.17,28.4
2024-01-23 01:27:34,50.83,27.6
2024-01-23 01:30:00,43.13,23.05
2024-01-23 01:32:26,39.22,22.38
2024-01-23 01:34:52,35.92,19.8
2024-01-23 01:37:18,38.2,21.95
2024-01-23 01:39:45,43.38,24.4
2024-01-23 01:42:11,39.6,21.8
2024-01-23 01:44:37,42.15,23.42
2024-01-23 01:47:03,38.72,22.52
2024-01-23 01:49:29,45.58,23.45
2024-01-23 01:51:55,42.47,22.67
2024-01-23 01:54:22,49.03,25.6
2024-01-23 01:56:50,39.03,21.38
2024-01-23 01:59:16,28.15,17.15
2024-01-23 02:01:45,38.15,21.63
2024-01-23 02:04:11,42.2,21.85
2024-01-23 02:06:37,36.47,20.85
2024-01-23 02:09:03,38.35,20.55
2024-01-23 02:11:30,32.13,16.92
2024-01-23 02:13:56,27.05,16.23
2024-01-23 02:16:22,20.77,11.82
2024-01-23 02:18:48,32.8,17.73
2024-01-23 02:21:15,24.8,15.05
2024-01-23 02:23:41,18.92,11.05
2024-01-23 02:26:07,19.6,10.3
2024-01-23 02:28:33,22.0,12.85
2024-01-23 02:31:00,21.52,12.13
2024-01-23 02:33:26,17.73,9.9
2024-01-23 02:35:53,22.0,12.63
2024-01-23 02:38:19,29.85,18.0
2024-01-23 02:40:45,32.95,17.8
2024-01-23 02:43:11,32.85,16.4
2024-01-23 02:45:37,29.48,17.38
2024-01-23 02:48:03,30.6,15.48
2024-01-23 02:50:30,26.7,15.25
2024-01-23 02:52:56,23.98,12.77
2024-01-23 02:55:22,30.83,18.6
2024-01-23 02:57:48,29.4,17.27
2024-01-23 03:00:14,26.65,15.95
2024-01-23 03:02:40,26.0,14.8
2024-01-23 03:05:06,23.0,14.1
2024-01-23 03:07:32,31.17,15.13
2024-01-23 03:09:59,31.1,17.45
2024-01-23 03:12:25,36.67,16.63
2024-01-23 03:14:51,37.8,17.92
2024-01-23 03:17:17,34.65,17.6
2024-01-23 03:19:44,36.25,18.13
2024-01-23 03:22:10,29.4,16.5
2024-01-23 03:24:36,32.65,16.5
2024-01-23 03:27:03,33.92,17.92
2024-01-23 03:32:06,30.13,14.57
2024-01-23 03:34:32,30.55,16.85
2024-01-23 03:36:58,36.8,18.83
2024-01-23 03:39:27,28.92,15.13
2024-01-23 03:41:54,32.3,16.27
2024-01-23 03:44:20,33.0,16.77
2024-01-23 03:46:47,27.25,14.52
2024-01-23 03:49:13,27.4,14.88
2024-01-23 03:51:39,33.38,16.52
2024-01-23 03:54:05,36.22,18.92
2024-01-23 03:56:31,47.97,22.58
2024-01-23 03:58:57,43.53,22.67
2024-01-23 04:01:23,44.6,24.75
2024-01-23 04:03:50,46.28,27.42
2024-01-23 04:06:16,55.1,26.63
2024-01-23 04:08:43,61.13,27.33
2024-01-23 04:11:09,57.8,28.05
2024-01-23 04:13:35,37.53,20.58
2024-01-23 04:16:02,54.35,26.02
2024-01-23 04:18:28,58.38,25.98
2024-01-23 04:20:54,82.88,31.27
2024-01-23 04:23:20,94.13,37.22
2024-01-23 04:25:46,87.6,37.53
2024-01-23 04:28:13,57.72,29.5
2024-01-23 04:30:39,64.93,27.83
2024-01-23 04:33:05,76.82,29.88
2024-01-23 04:35:31,68.0,29.98
2024-01-23 04:37:58,66.32,30.8
2024-01-23 04:40:24,70.57,29.33
2024-01-23 04:42:50,62.85,26.63
2024-01-23 04:45:16,64.4,29.55
2024-01-23 04:47:42,57.9,28.38
2024-01-23 04:50:08,49.92,27.73
2024-01-23 04:52:35,52.03,25.35
2024-01-23 04:55:01,38.97,20.13
2024-01-23 04:57:27,45.83,22.75
2024-01-23 05:00:00,43.95,23.05
2024-01-23 05:02:27,39.22,20.63
2024-01-23 05:04:53,39.4,20.45
2024-01-23 05:07:19,38.45,20.08
2024-01-23 05:09:46,28.8,17.15
2024-01-23 05:12:13,28.4,15.43
2024-01-23 05:14:39,36.7,21.38
2024-01-23 05:17:05,36.58,20.67
2024-01-23 05:19:31,32.5,17.08
2024-01-23 05:21:57,38.6,21.85
2024-01-23 05:24:24,46.75,25.45
2024-01-23 05:26:52,45.85,22.98
2024-01-23 05:29:18,49.28,25.27
2024-01-23 05:31:44,47.7,24.85
2024-01-23 05:34:10,47.92,25.75
2024-01-23 05:36:36,47.33,24.13
2024-01-23 05:39:03,52.42,24.35
2024-01-23 05:41:29,50.97,26.3
2024-01-23 05:43:55,46.9,25.15
2024-01-23 05:46:22,49.67,25.25
2024-01-23 05:48:48,47.2,24.95
2024-01-23 05:51:14,53.5,24.05
2024-01-23 05:53:40,41.47,23.25
2024-01-23 05:56:07,43.5,22.3
2024-01-23 05:58:33,43.03,22.3
2024-01-23 06:00:59,42.8,22.67
2024-01-23 06:03:25,33.47,19.7
2024-01-23 06:05:51,45.1,23.8
2024-01-23 06:08:17,36.85,17.83
2024-01-23 06:10:46,44.9,23.35
2024-01-23 06:13:16,61.67,26.4
2024-01-23 06:15:56,49.45,24.83
2024-01-23 06:18:41,57.33,26.77
2024-01-23 06:21:07,32.15,19.65
2024-01-23 06:26:13,57.42,25.15
2024-01-23 06:28:41,51.1,26.83
2024-01-23 06:31:08,47.97,27.02
2024-01-23 06:33:34,51.28,24.77
2024-01-23 06:36:00,51.25,26.98
2024-01-23 06:38:26,58.92,30.7
2024-01-23 06:40:53,62.35,30.2
2024-01-23 06:43:19,68.4,31.52
2024-01-23 06:45:45,52.8,26.1
2024-01-23 06:48:12,49.08,24.92
2024-01-23 06:50:39,36.28,18.48
2024-01-23 06:53:05,37.7,19.92
2024-01-23 06:55:31,36.17,17.27
2024-01-23 06:57:57,26.85,16.35
2024-01-23 07:00:23,37.53,20.2
2024-01-23 07:02:49,25.9,15.07
2024-01-23 07:05:15,28.35,14.02
2024-01-23 07:07:41,24.77,14.2
2024-01-23 07:10:08,47.4,22.17
2024-01-23 07:12:34,35.5,18.08
2024-01-23 07:15:00,47.6,21.0
2024-01-23 07:17:26,36.92,18.98
2024-01-23 07:19:53,44.25,21.1
2024-01-23 07:22:19,41.6,21.77
2024-01-23 07:24:45,43.38,21.3
2024-01-23 07:27:11,38.28,20.73
2024-01-23 07:29:37,27.85,15.2
2024-01-23 07:32:04,32.97,19.05
2024-01-23 07:34:31,38.65,21.33
2024-01-23 07:36:57,33.2,17.6
2024-01-23 07:39:23,24.15,14.68
2024-01-23 07:41:49,25.0,15.77
2024-01-23 07:44:16,11.8,6.25
2024-01-23 07:46:42,18.83,11.38
2024-01-23 07:49:08,39.2,20.05
2024-01-23 07:51:50,28.25,17.17
2024-01-23 07:54:16,31.65,17.9
2024-01-23 07:56:42,28.73,18.02
2024-01-23 07:59:09,33.38,16.7
2024-01-23 08:01:35,40.75,20.3
2024-01-23 08:04:02,35.1,18.15
2024-01-23 08:06:29,42.2,21.42
2024-01-23 08:08:55,37.58,20.08
2024-01-23 08:11:21,40.65,22.92
2024-01-23 08:13:47,44.58,22.58
2024-01-23 08:16:13,33.67,19.7
2024-01-23 08:18:41,33.92,20.3
2024-01-23 08:21:07,39.0,19.45
2024-01-23 08:23:35,43.22,23.5
2024-01-23 08:26:02,34.5,17.8
2024-01-23 08:28:28,35.7,20.6
2024-01-23 08:30:54,46.55,21.98
2024-01-23 08:33:22,37.55,21.2
2024-01-23 08:35:48,48.4,25.17
2024-01-23 08:38:14,43.47,23.08
2024-01-23 08:40:41,39.85,20.48
2024-01-23 08:43:10,42.9,21.8
2024-01-23 08:45:36,44.33,23.48
2024-01-23 08:48:02,40.58,22.52
2024-01-23 08:50:28,41.53,22.88
2024-01-23 08:52:54,37.5,22.73
2024-01-23 08:55:20,42.03,23.05
2024-01-23 08:57:46,41.9,23.4
2024-01-23 09:00:13,43.7,24.45
2024-01-23 09:02:39,39.92,22.02
2024-01-23 09:05:05,44.9,26.6
2024-01-23 09:07:31,42.58,24.88
2024-01-23 09:09:57,43.03,25.8
2024-01-23 09:12:25,44.22,24.75
2024-01-23 09:14:51,36.88,21.17
2024-01-23 09:17:17,36.2,20.7
2024-01-23 09:19:43,33.28,19.88
2024-01-23 09:22:09,34.78,18.88
2024-01-23 09:24:35,37.78,22.2
2024-01-23 09:27:01,33.17,18.0
2024-01-23 09:29:29,36.33,21.15
2024-01-23 09:31:55,36.8,20.38
2024-01-23 09:34:22,33.22,18.8
2024-01-23 09:36:48,26.0,14.43
2024-01-23 09:39:14,32.65,15.25
2024-01-23 09:41:45,33.1,19.2
2024-01-23 09:44:14,36.42,20.3
2024-01-23 09:46:51,29.2,16.77
2024-01-23 09:51:45,27.02,15.57
2024-01-23 09:54:13,27.7,14.38
2024-01-23 09:56:39,32.58,17.8
2024-01-23 09:59:06,28.4,17.27
2024-01-23 10:01:35,21.5,13.57
2024-01-23 10:04:02,30.83,17.75
2024-01-23 10:06:30,31.58,18.15
2024-01-23 10:11:59,33.92,18.98
2024-01-23 10:14:25,18.5,9.82
2024-01-23 10:16:53,20.33,11.45
2024-01-23 10:19:19,22.73,12.35
2024-01-23 10:21:45,15.1,8.88
2024-01-23 10:27:16,21.8,13.68
2024-01-23 10:29:45,25.33,13.77
2024-01-23 10:32:11,23.77,13.05
2024-01-23 10:34:38,23.77,14.2
2024-01-23 10:37:04,25.4,13.93
2024-01-23 10:39:30,22.3,13.95
2024-01-23 10:41:57,26.15,14.55
2024-01-23 10:44:24,27.45,14.9
2024-01-23 10:46:52,26.58,14.75
2024-01-23 10:49:20,24.13,13.85
2024-01-23 10:51:47,28.0,15.07
2024-01-23 10:57:21,22.25,11.63
2024-01-23 10:59:48,23.17,14.3
2024-01-23 11:02:30,29.83,16.2
2024-01-23 11:04:56,24.38,14.52
2024-01-23 11:14:55,26.83,16.55
2024-01-23 11:17:22,31.4,17.67
2024-01-23 11:19:49,24.08,14.9
2024-01-23 11:22:30,26.33,16.15
2024-01-23 11:25:01,29.25,16.92
2024-01-23 11:27:31,25.38,13.7
2024-01-23 11:29:58,29.08,16.13
2024-01-23 11:32:25,21.63,14.48
2024-01-23 11:35:02,21.65,13.8
2024-01-23 11:40:04,34.6,18.63
2024-01-23 11:42:34,25.8,13.9
2024-01-23 11:48:00,23.9,16.35
2024-01-23 11:50:29,29.42,16.42
2024-01-23 11:52:56,27.25,16.5
2024-01-23 11:55:22,27.48,17.55
2024-01-23 11:57:49,23.25,13.65
2024-01-23 12:00:16,27.2,16.4
2024-01-23 12:02:43,28.3,17.08
2024-01-23 12:05:10,24.55,15.02
2024-01-23 12:07:36,23.48,14.32
2024-01-23 12:10:08,33.25,18.63
2024-01-23 12:12:34,23.1,15.2
2024-01-23 12:15:04,20.83,13.32
2024-01-23 12:17:33,28.05,17.17
2024-01-23 12:20:09,26.4,15.95
2024-01-23 12:22:36,22.7,14.1
2024-01-23 12:25:06,29.17,16.5
2024-01-23 12:27:36,23.73,15.35
2024-01-23 12:30:03,23.02,13.88
2024-01-23 12:37:32,20.9,12.73
2024-01-23 12:45:10,20.23,10.43
2024-01-23 12:47:37,20.75,13.38
2024-01-23 12:50:13,21.92,13.57
2024-01-23 12:52:42,17.73,12.07
2024-01-23 12:55:09,22.73,13.38
2024-01-23 12:57:35,20.92,12.9
2024-01-23 13:00:02,20.15,13.4
2024-01-23 13:02:35,20.8,13.4
2024-01-23 13:05:02,25.0,13.77
2024-01-23 13:07:28,24.27,15.02
2024-01-23 13:09:54,42.3,19.42
2024-01-23 13:12:21,35.63,17.05
2024-01-23 13:14:47,24.13,14.4
2024-01-23 13:17:14,25.05,14.77
2024-01-23 13:19:40,22.75,13.05
2024-01-23 13:22:08,20.63,12.15
2024-01-23 13:24:34,26.65,15.1
2024-01-23 13:27:00,22.42,12.63
2024-01-23 13:29:35,21.75,13.25
2024-01-23 13:32:01,19.48,11.32
2024-01-23 13:34:28,18.95,11.05
2024-01-23 13:36:54,19.9,12.27
2024-01-23 13:39:20,25.52,12.15
2024-01-23 13:41:47,14.07,9.8
2024-01-23 13:44:13,20.63,10.93
2024-01-23 13:46:40,20.17,11.55
2024-01-23 13:49:06,21.77,11.38
2024-01-23 13:51:33,24.98,14.73
2024-01-23 13:53:59,26.55,15.32
2024-01-23 13:56:26,30.08,17.75
2024-01-23 13:58:52,33.15,18.55
2024-01-23 14:01:18,32.88,18.83
2024-01-23 14:03:46,30.48,17.17
2024-01-23 14:06:13,32.2,18.8
2024-01-23 14:08:39,34.58,19.55
2024-01-23 14:11:09,39.38,21.38
2024-01-23 14:13:45,33.15,21.42
2024-01-23 14:16:11,38.6,21.42
2024-01-23 14:18:38,39.33,23.6
2024-01-23 14:21:06,38.8,23.23
2024-01-23 14:23:34,34.88,20.23
2024-01-23 14:26:02,31.45,17.08
2024-01-23 14:28:32,33.92,18.6
2024-01-23 14:30:58,28.92,17.4
2024-01-23 14:33:24,33.42,18.88
2024-01-23 14:35:55,30.15,17.33
2024-01-23 14:38:21,30.33,15.65
2024-01-23 14:40:47,17.2,11.02
2024-01-23 14:43:13,17.65,10.77
2024-01-23 14:45:39,19.17,12.23
2024-01-23 14:48:05,20.65,10.93
2024-01-23 14:50:32,19.55,10.2
2024-01-23 14:53:01,18.42,10.77
2024-01-23 14:55:29,18.65,9.98
2024-01-23 14:58:00,18.0,11.02
2024-01-23 15:00:29,15.3,9.43
2024-01-23 15:02:55,15.2,8.55
2024-01-23 15:05:24,17.77,8.75
2024-01-23 15:07:51,12.0,8.07
2024-01-23 15:10:17,14.32,8.2
2024-01-23 15:12:43,15.93,9.82
2024-01-23 15:15:09,16.58,10.5
2024-01-23 15:17:35,14.68,8.57
2024-01-23 15:20:02,15.23,7.82
2024-01-23 15:22:30,12.0,7.47
2024-01-23 15:27:42,16.13,9.35
2024-01-23 15:30:10,17.2,9.15
2024-01-23 15:32:36,25.55,12.63
2024-01-23 15:35:03,15.95,9.3
2024-01-23 15:37:29,15.88,9.4
2024-01-23 15:39:58,13.68,9.1
2024-01-23 15:42:27,19.08,9.18
2024-01-23 15:44:58,17.65,10.45
2024-01-23 15:47:35,13.88,8.32
2024-01-23 15:50:04,20.02,11.65
2024-01-23 15:52:36,24.7,12.23
2024-01-23 15:55:02,15.3,8.27
2024-01-23 16:00:37,22.1,12.77
2024-01-23 16:06:01,19.2,9.13
2024-01-23 16:08:28,14.7,10.7
2024-01-23 16:13:49,18.3,9.55
2024-01-23 16:16:16,15.32,8.85
2024-01-23 16:18:42,15.38,7.85
2024-01-23 16:21:08,20.23,10.82
2024-01-23 16:23:34,13.0,7.72
2024-01-23 16:26:00,19.5,11.6
2024-01-23 16:28:26,19.17,11.18
2024-01-23 16:30:53,17.6,9.8
2024-01-23 16:33:19,23.13,11.48
2024-01-23 16:35:45,16.58,9.38
2024-01-23 16:38:11,19.58,9.25
2024-01-23 16:40:37,17.48,8.9
2024-01-23 16:43:04,20.15,10.02
2024-01-23 16:45:31,19.77,9.02
2024-01-23 16:47:57,25.52,12.68
2024-01-23 16:50:23,17.3,7.18
2024-01-23 16:52:49,15.68,8.57
2024-01-23 16:55:15,11.88,7.1
2024-01-23 16:57:41,18.9,9.45
2024-01-23 17:00:07,10.98,6.18
2024-01-23 17:02:34,12.52,6.55
2024-01-23 17:05:00,11.65,6.45
2024-01-23 17:07:26,13.93,5.22
2024-01-23 17:09:52,15.48,9.57
2024-01-23 17:12:18,18.48,10.43
2024-01-23 17:14:44,19.05,8.8
2024-01-23 17:17:10,18.92,9.8
2024-01-23 17:19:36,21.5,11.9
2024-01-23 17:22:03,23.05,11.57
2024-01-23 17:24:29,24.52,13.32
2024-01-23 17:26:55,28.7,14.52
2024-01-23 17:29:21,29.08,14.8
2024-01-23 17:31:47,29.08,14.27
2024-01-23 17:34:13,19.75,10.73
2024-01-23 17:36:40,25.15,12.18
2024-01-23 17:39:07,24.88,12.35
2024-01-23 17:41:34,19.85,10.75
2024-01-23 17:44:00,18.58,10.07
2024-01-23 17:46:26,27.05,14.23
2024-01-23 17:48:52,12.6,7.25
2024-01-23 17:51:18,20.77,12.23
2024-01-23 17:53:45,23.0,14.07
2024-01-23 17:56:11,25.38,15.15
2024-01-23 17:58:37,36.75,19.2
2024-01-23 18:01:03,30.4,16.52
2024-01-23 18:03:31,18.15,9.8
2024-01-23 18:05:57,18.15,9.25
2024-01-23 18:08:23,16.88,8.1
2024-01-23 18:10:49,14.88,9.4
2024-01-23 18:13:15,19.1,11.95
2024-01-23 18:15:42,16.8,9.55
2024-01-23 18:18:08,18.55,11.27
2024-01-23 18:20:34,25.02,15.25
2024-01-23 18:23:00,25.4,14.77
2024-01-23 18:25:26,29.2,17.05
2024-01-23 18:27:52,28.95,16.65
2024-01-23 18:30:18,30.83,16.63
2024-01-23 18:32:44,22.8,14.18
2024-01-23 18:35:11,24.15,14.48
2024-01-23 18:37:38,15.3,7.2
2024-01-23 18:40:04,9.98,5.28
2024-01-23 18:42:31,16.17,9.35
2024-01-23 18:44:57,21.88,13.85
2024-01-23 18:47:23,14.75,7.4
2024-01-23 18:49:50,10.82,6.07
2024-01-23 18:52:17,12.0,6.9
2024-01-23 18:54:44,10.0,4.18
2024-01-23 18:57:10,5.43,3.35
2024-01-23 18:59:37,12.88,6.35
2024-01-23 19:02:03,7.93,4.0
2024-01-23 19:04:29,14.27,5.95
2024-01-23 19:06:55,16.75,8.15
2024-01-23 19:09:21,21.17,9.52
2024-01-23 19:11:50,7.55,4.0
2024-01-23 19:14:16,9.57,5.18
2024-01-23 19:16:42,12.65,7.43
2024-01-23 19:19:09,15.5,7.05
2024-01-23 19:21:37,43.28,19.67
2024-01-23 19:24:04,12.68,5.32
2024-01-23 19:26:30,9.38,5.45
2024-01-23 19:28:57,19.4,9.07
2024-01-23 19:31:23,16.48,7.65
2024-01-23 19:33:49,19.08,9.25
2024-01-23 19:36:16,11.1,5.2
2024-01-23 19:38:43,8.2,4.22
2024-01-23 19:41:09,10.32,5.25
2024-01-23 19:43:35,12.63,7.0
2024-01-23 19:46:01,11.27,6.5
2024-01-23 19:48:27,7.55,3.92
2024-01-23 19:50:54,8.25,4.35
2024-01-23 19:53:21,11.6,6.0
2024-01-23 19:55:47,9.23,5.38
2024-01-23 19:58:13,21.65,10.02
2024-01-23 20:00:39,16.2,8.23
2024-01-23 20:03:06,14.57,7.25
2024-01-23 20:05:32,9.55,4.85
2024-01-23 20:07:58,12.1,5.65
2024-01-23 20:10:25,12.48,8.18
2024-01-23 20:12:52,15.9,6.05
2024-01-23 20:15:18,22.83,11.6
2024-01-23 20:17:44,14.48,7.15
2024-01-23 20:20:13,11.23,5.72
2024-01-23 20:22:39,11.38,5.25
2024-01-23 20:25:06,6.88,3.58
2024-01-23 20:27:32,5.47,2.1
2024-01-23 20:29:58,4.3,2.35
2024-01-23 20:32:24,9.1,4.6
2024-01-23 20:34:50,8.23,4.3
2024-01-23 20:37:16,10.8,4.85
2024-01-23 20:39:43,11.9,5.93
2024-01-23 20:42:09,9.32,4.55
2024-01-23 20:44:40,6.6,4.18
2024-01-23 20:47:06,7.2,3.4
2024-01-23 20:49:33,7.18,3.4
2024-01-23 20:51:59,7.85,3.58
2024-01-23 20:54:25,6.55,4.05
2024-01-23 20:56:51,9.07,5.68
2024-01-23 20:59:18,21.4,9.68
2024-01-23 21:01:44,16.67,7.9
2024-01-23 21:04:10,6.65,4.28
2024-01-23 21:06:36,12.43,6.3
2024-01-23 21:09:03,7.3,3.4
2024-01-23 21:11:29,5.95,3.22
2024-01-23 21:13:56,15.45,6.2
2024-01-23 21:16:22,8.0,3.83
2024-01-23 21:18:48,9.95,5.82
2024-01-23 21:21:14,8.32,4.1
2024-01-23 21:23:40,9.98,4.1
2024-01-23 21:26:06,8.3,4.18
2024-01-23 21:28:32,6.0,3.63
2024-01-23 21:30:59,4.75,3.22
2024-01-23 21:33:25,6.35,3.2
2024-01-23 21:35:52,5.28,3.22
2024-01-23 21:38:18,6.1,3.15
2024-01-23 21:40:45,5.35,3.3
2024-01-23 21:43:12,7.38,3.33
2024-01-23 21:45:38,6.63,3.0
2024-01-23 21:48:04,5.97,3.35
2024-01-23 21:50:30,5.68,2.8
2024-01-23 21:52:57,6.22,3.17
2024-01-23 21:55:23,35.22,11.43
2024-01-23 21:57:49,13.85,6.82
2024-01-23 22:00:15,11.55,6.55
2024-01-23 22:02:41,19.23,9.6
2024-01-23 22:05:07,47.9,20.3
2024-01-23 22:07:34,19.55,9.48
2024-01-23 22:10:00,24.4,11.95
2024-01-23 22:12:26,31.42,13.7
2024-01-23 22:14:52,14.45,7.57
2024-01-23 22:17:18,12.32,5.68
2024-01-23 22:19:45,9.02,4.9
2024-01-23 22:22:11,9.63,5.43
2024-01-23 22:24:37,9.27,5.28
2024-01-23 22:27:03,7.43,4.65
2024-01-23 22:29:30,15.15,7.93
2024-01-23 22:31:56,5.63,2.63
2024-01-23 22:34:22,6.68,3.22
2024-01-23 22:36:48,7.55,4.68
2024-01-23 22:39:14,6.4,4.1
2024-01-23 22:41:41,9.5,5.63
2024-01-23 22:44:08,12.5,7.43
2024-01-23 22:46:37,11.35,6.75
2024-01-23 22:49:03,8.77,4.3
2024-01-23 22:51:32,4.8,2.55
2024-01-23 22:53:58,10.43,3.35
2024-01-23 22:56:25,5.53,2.65
2024-01-23 22:58:51,3.13,1.85
2024-01-23 23:01:17,3.08,1.88
2024-01-23 23:03:43,3.9,1.67
2024-01-23 23:06:09,4.32,2.2
2024-01-23 23:08:35,4.38,2.08
2024-01-23 23:11:02,3.7,1.98
2024-01-23 23:13:29,2.47,1.65
2024-01-23 23:15:55,4.07,2.13
2024-01-23 23:18:23,5.65,2.53
2024-01-23 23:20:49,5.45,2.4
2024-01-23 23:23:15,4.63,2.38
2024-01-23 23:25:42,5.55,3.3
2024-01-23 23:28:08,6.78,4.03
2024-01-23 23:30:34,9.2,2.95
2024-01-23 23:33:00,10.02,5.47
2024-01-23 23:35:26,6.78,3.65
2024-01-23 23:37:52,6.3,3.3
2024-01-23 23:40:18,8.25,2.75
2024-01-23 23:42:44,4.3,1.63
2024-01-23 23:45:10,4.32,1.95
2024-01-23 23:47:37,4.93,2.65
2024-01-23 23:50:03,3.7,2.1
2024-01-23 23:52:29,5.22,2.2
2024-01-23 23:54:55,3.17,1.85
2024-01-23 23:57:21,4.5,1.92
2024-01-23 23:59:47,6.5,2.13
2024-01-24 00:02:14,4.53,1.85
2024-01-24 00:04:40,3.83,1.92
2024-01-24 00:07:06,5.22,1.73
2024-01-24 00:09:32,3.28,1.83
2024-01-24 00:11:58,5.82,1.58
2024-01-24 00:14:28,3.75,2.1
2024-01-24 00:16:54,3.6,2.1
2024-01-24 00:19:20,4.4,2.28
2024-01-24 00:21:46,4.07,1.95
2024-01-24 00:24:12,3.75,2.13
2024-01-24 00:26:38,3.95,2.0
2024-01-24 00:29:04,3.83,2.13
2024-01-24 00:31:30,5.85,2.5
2024-01-24 00:33:56,5.2,2.47
2024-01-24 00:36:23,5.03,2.63
2024-01-24 00:38:49,6.4,3.58
2024-01-24 00:41:15,5.8,2.83
2024-01-24 00:43:42,5.9,2.92
2024-01-24 00:46:08,4.2,2.55
2024-01-24 00:48:34,4.68,2.03
2024-01-24 00:51:00,5.45,2.92
2024-01-24 00:53:26,3.97,2.2
2024-01-24 00:55:55,2.55,1.5
2024-01-24 00:58:21,4.78,2.42
2024-01-24 01:00:47,3.4,1.92
2024-01-24 01:03:14,4.68,2.1
2024-01-24 01:05:40,3.2,1.38
2024-01-24 01:08:06,3.05,1.5
2024-01-24 01:10:32,3.0,1.6
2024-01-24 01:12:58,5.05,1.88
2024-01-24 01:15:25,4.13,1.05
2024-01-24 01:17:51,3.13,1.1
2024-01-24 01:20:17,2.65,1.25
2024-01-24 01:22:47,4.6,1.7
2024-01-24 01:25:13,4.07,1.9
2024-01-24 01:27:39,4.05,1.48
2024-01-24 01:30:06,2.88,1.5
2024-01-24 01:32:32,2.1,0.93
2024-01-24 01:35:00,2.55,1.15
2024-01-24 01:37:26,2.45,1.2
2024-01-24 01:39:52,2.3,1.13
2024-01-24 01:42:18,3.05,1.33
2024-01-24 01:44:45,5.3,1.88
2024-01-24 01:47:12,3.25,1.48
2024-01-24 01:49:38,4.47,1.73
2024-01-24 01:52:04,4.13,2.05
2024-01-24 01:54:31,4.47,1.95
2024-01-24 01:56:57,3.92,1.8
2024-01-24 01:59:24,3.35,1.8
2024-01-24 02:01:50,2.92,1.25
2024-01-24 02:04:17,3.25,1.42
2024-01-24 02:06:44,3.5,1.9
2024-01-24 02:09:10,4.28,1.2
2024-01-24 02:11:37,2.97,1.35
2024-01-24 02:14:04,3.13,1.75
2024-01-24 02:16:31,3.0,1.88
2024-01-24 02:18:57,4.0,1.42
2024-01-24 02:21:23,3.78,1.92
2024-01-24 02:23:50,3.75,1.98
2024-01-24 02:26:16,5.7,2.72
2024-01-24 02:28:42,2.7,0.95
2024-01-24 02:31:09,3.65,2.0
2024-01-24 02:33:35,3.97,1.95
2024-01-24 02:36:01,5.82,2.05
2024-01-24 02:38:27,4.47,2.7
2024-01-24 02:40:53,4.03,1.8
2024-01-24 02:43:19,4.82,2.53
2024-01-24 02:45:45,4.75,2.35
2024-01-24 02:48:11,4.75,2.5
2024-01-24 02:50:37,3.1,1.83
2024-01-24 02:53:03,4.7,2.72
2024-01-24 02:55:29,8.73,2.9
2024-01-24 02:57:55,6.65,2.6
2024-01-24 03:00:22,7.8,3.17
2024-01-24 03:02:48,7.43,3.2
2024-01-24 03:05:14,10.25,3.8
2024-01-24 03:07:40,6.85,3.03
2024-01-24 03:10:06,9.1,3.72
2024-01-24 03:12:33,11.35,5.15
2024-01-24 03:14:59,6.88,3.47
2024-01-24 03:17:25,10.15,4.78
2024-01-24 03:19:52,13.5,5.03
2024-01-24 03:22:18,11.07,4.68
2024-01-24 03:24:45,14.0,6.8
2024-01-24 03:27:11,9.98,4.78
2024-01-24 03:29:37,11.7,5.63
2024-01-24 03:32:03,13.52,6.0
2024-01-24 03:34:30,12.38,5.2
2024-01-24 03:36:56,9.48,4.1
2024-01-24 03:39:22,4.97,2.5
2024-01-24 03:41:48,3.67,2.1
2024-01-24 03:44:14,3.75,2.13
2024-01-24 03:46:40,3.85,2.22
2024-01-24 03:49:06,7.38,3.0
2024-01-24 03:51:32,4.15,2.4
2024-01-24 03:53:59,5.43,2.78
2024-01-24 03:56:25,3.0,1.63
2024-01-24 03:58:51,3.1,2.13
2024-01-24 04:01:17,4.18,2.4
2024-01-24 04:03:43,4.25,2.22
2024-01-24 04:06:09,1.83,1.1
2024-01-24 04:08:35,4.45,2.5
2024-01-24 04:11:01,5.75,3.17
2024-01-24 04:13:27,5.22,2.88
2024-01-24 04:15:53,5.25,3.5
2024-01-24 04:18:19,8.63,4.28
2024-01-24 04:20:45,6.38,4.07
2024-01-24 04:23:12,6.05,3.53
2024-01-24 04:25:38,7.63,3.6
2024-01-24 04:28:04,6.7,3.8
2024-01-24 04:30:30,6.65,4.97
2024-01-24 04:32:57,7.07,3.8
2024-01-24 04:35:23,5.78,3.83
2024-01-24 04:37:49,7.97,4.22
2024-01-24 04:40:15,6.55,4.15
2024-01-24 04:42:41,5.47,3.83
2024-01-24 04:45:07,7.05,4.38
2024-01-24 04:47:35,11.68,4.35
2024-01-24 04:50:04,6.68,4.65
2024-01-24 04:52:30,8.05,4.88
2024-01-24 04:54:56,8.38,5.07
2024-01-24 04:57:22,13.73,6.95
2024-01-24 04:59:48,12.75,6.82
2024-01-24 05:02:15,14.25,7.9
2024-01-24 05:04:41,12.45,6.8
2024-01-24 05:07:07,35.42,14.95
2024-01-24 05:09:33,55.67,23.02
2024-01-24 05:11:59,14.63,7.47
2024-01-24 05:14:25,20.5,8.32
2024-01-24 05:16:51,26.85,14.32
2024-01-24 05:19:17,19.7,11.05
2024-01-24 05:21:43,20.58,12.32
2024-01-24 05:24:09,18.23,9.77
2024-01-24 05:26:36,20.6,11.48
2024-01-24 05:29:05,27.02,13.02
2024-01-24 05:31:32,35.15,15.57
2024-01-24 05:34:00,30.05,15.3
2024-01-24 05:36:26,31.17,15.82
2024-01-24 05:38:52,22.08,12.95
2024-01-24 05:41:18,25.17,13.98
2024-01-24 05:43:45,25.85,13.57
2024-01-24 05:46:11,27.27,14.05
2024-01-24 05:48:37,25.25,13.9
2024-01-24 05:51:03,29.58,16.48
2024-01-24 05:53:29,28.5,14.73
2024-01-24 05:55:55,42.6,17.8
2024-01-24 05:58:21,34.95,16.75
2024-01-24 06:00:47,35.03,15.4
2024-01-24 06:03:13,39.63,18.9
2024-01-24 06:05:39,28.9,13.9
2024-01-24 06:08:05,31.15,15.57
2024-01-24 06:10:33,25.15,15.07
2024-01-24 06:12:59,22.6,13.02
2024-01-24 06:15:28,39.6,19.33
2024-01-24 06:17:55,29.48,17.52
2024-01-24 06:20:21,36.42,19.27
2024-01-24 06:22:47,32.17,16.02
2024-01-24 06:25:13,29.73,13.75
2024-01-24 06:27:39,38.85,16.13
2024-01-24 06:30:08,21.63,9.88
2024-01-24 06:32:35,26.48,12.73
2024-01-24 06:35:01,27.0,14.8
2024-01-24 06:37:39,25.55,11.98
2024-01-24 06:40:23,23.15,11.55
2024-01-24 06:45:34,21.38,12.38
2024-01-24 06:48:00,20.45,9.9
2024-01-24 06:50:26,15.63,8.7
2024-01-24 06:52:54,9.85,5.5
2024-01-24 06:55:20,16.75,9.45
2024-01-24 06:57:46,21.17,11.5
2024-01-24 07:00:12,21.33,10.18
2024-01-24 07:02:39,18.6,11.0
2024-01-24 07:05:05,17.08,10.15
2024-01-24 07:07:32,22.75,12.77
2024-01-24 07:09:58,27.92,14.0
2024-01-24 07:12:24,18.85,10.65
2024-01-24 07:14:50,19.52,11.75
2024-01-24 07:17:16,15.27,7.32
2024-01-24 07:19:42,7.25,2.38
2024-01-24 07:22:09,2.85,1.33
2024-01-24 07:24:37,5.45,1.9
2024-01-24 07:27:03,3.55,1.83
2024-01-24 07:29:29,2.03,1.35
2024-01-24 07:31:55,3.83,2.45
2024-01-24 07:34:21,5.05,2.28
2024-01-24 07:36:49,3.5,2.13
2024-01-24 07:39:15,3.1,1.67
2024-01-24 07:41:41,5.18,2.25
2024-01-24 07:44:07,3.15,2.05
2024-01-24 07:46:33,4.25,2.33
2024-01-24 07:49:01,4.13,2.6
2024-01-24 07:51:28,4.7,2.67
2024-01-24 07:53:54,4.15,2.17
2024-01-24 07:56:21,4.45,2.2
2024-01-24 07:58:47,4.45,1.95
2024-01-24 08:01:13,4.97,1.92
2024-01-24 08:03:39,3.78,2.28
2024-01-24 08:06:09,2.65,1.88
2024-01-24 08:08:37,4.47,1.9
2024-01-24 08:11:04,3.88,1.65
2024-01-24 08:13:32,2.1,1.67
2024-01-24 08:15:59,3.3,1.52
2024-01-24 08:18:26,3.72,1.83
2024-01-24 08:20:52,4.25,2.03
2024-01-24 08:23:20,2.15,1.42
2024-01-24 08:25:47,4.07,1.85
2024-01-24 08:28:13,5.35,2.6
2024-01-24 08:30:39,2.42,1.48
2024-01-24 08:33:05,3.95,1.95
2024-01-24 08:35:32,2.38,1.7
2024-01-24 08:38:01,2.3,1.48
2024-01-24 08:40:27,5.35,2.33
2024-01-24 08:42:53,3.55,1.58
2024-01-24 08:45:19,4.78,1.63
2024-01-24 08:47:45,3.3,1.65
2024-01-24 08:50:12,1.85,0.93
2024-01-24 08:52:38,3.47,1.4
2024-01-24 08:55:09,4.95,1.95
2024-01-24 08:57:38,3.3,1.83
2024-01-24 09:00:07,4.05,1.9
2024-01-24 09:02:34,6.35,2.67
2024-01-24 09:05:00,7.3,2.5
2024-01-24 09:07:26,5.22,2.83
2024-01-24 09:09:52,3.8,2.35
2024-01-24 09:12:18,3.17,1.55
2024-01-24 09:14:44,3.95,1.88
2024-01-24 09:17:11,2.2,1.35
2024-01-24 09:19:37,3.28,1.67
2024-01-24 09:22:05,2.33,1.38
2024-01-24 09:24:31,4.18,2.1
2024-01-24 09:26:57,2.53,1.5
2024-01-24 09:29:23,2.8,1.4
2024-01-24 09:31:49,2.78,1.6
2024-01-24 09:34:15,2.3,1.4
2024-01-24 09:36:42,2.88,1.73
2024-01-24 09:39:08,6.7,2.28
2024-01-24 09:41:43,2.38,1.33
2024-01-24 09:44:10,3.53,1.52
2024-01-24 09:46:37,3.35,2.03
2024-01-24 09:49:05,5.47,2.22
2024-01-24 09:51:33,3.92,2.2
2024-01-24 09:54:03,3.42,1.88
2024-01-24 09:56:36,3.25,1.67
2024-01-24 09:59:07,1.63,1.2
2024-01-24 10:01:34,3.2,1.6
2024-01-24 10:04:03,3.6,1.88
2024-01-24 10:06:29,2.05,1.2
2024-01-24 10:08:56,2.6,1.42
2024-01-24 10:11:23,4.38,1.48
2024-01-24 10:13:50,4.45,1.65
2024-01-24 10:16:16,5.03,1.55
2024-01-24 10:18:43,2.42,1.52
2024-01-24 10:21:12,3.45,1.58
2024-01-24 10:23:38,2.95,1.42
2024-01-24 10:26:07,4.65,2.0
2024-01-24 10:28:33,3.4,1.4
2024-01-24 10:31:01,3.9,1.58
2024-01-24 10:33:28,4.28,2.1
2024-01-24 10:35:55,3.72,1.45
2024-01-24 10:38:21,2.67,1.7
2024-01-24 10:43:53,3.85,1.45
2024-01-24 10:46:25,6.78,2.53
2024-01-24 10:51:17,4.68,1.83
2024-01-24 10:53:46,4.85,2.53
2024-01-24 10:56:19,8.77,2.0
2024-01-24 10:58:45,7.55,2.65
2024-01-24 11:01:13,5.22,2.42
2024-01-24 11:03:39,4.82,1.73
2024-01-24 11:06:06,3.42,1.33
2024-01-24 11:11:04,2.75,1.52
2024-01-24 11:13:34,3.88,1.67
2024-01-24 11:16:05,5.9,1.75
2024-01-24 11:18:31,3.28,1.25
2024-01-24 11:21:00,3.45,1.9
2024-01-24 11:23:36,4.38,1.5
2024-01-24 11:29:37,4.93,1.8
2024-01-24 11:32:04,3.72,1.4
2024-01-24 11:34:30,4.97,1.35
2024-01-24 11:37:04,3.63,1.8
2024-01-24 11:39:31,5.53,1.55
2024-01-24 11:44:47,3.92,1.9
2024-01-24 11:50:34,6.13,2.6
2024-01-24 11:53:34,8.4,2.05
2024-01-24 11:59:12,1.73,0.9
2024-01-24 12:07:56,10.3,4.8
2024-01-24 12:13:52,6.13,1.67
2024-01-24 12:16:18,4.47,1.42
2024-01-24 12:18:45,3.95,1.48
2024-01-24 12:21:11,5.6,2.0
2024-01-24 12:23:37,1.55,0.9
2024-01-24 12:29:09,7.07,2.05
2024-01-24 12:31:36,5.88,2.35
2024-01-24 12:34:10,5.9,2.13
2024-01-24 12:36:37,4.45,2.1
2024-01-24 12:39:03,4.68,2.38
2024-01-24 12:41:30,7.25,3.2
2024-01-24 12:44:35,4.1,1.65
2024-01-24 12:47:25,5.88,2.25
2024-01-24 12:53:01,8.13,2.63
2024-01-24 12:55:31,7.38,2.72
2024-01-24 12:57:59,7.85,2.22
2024-01-24 13:00:28,4.72,2.38
2024-01-24 13:06:04,4.57,1.83
2024-01-24 13:08:33,6.57,2.8
2024-01-24 13:10:59,6.38,3.08
2024-01-24 13:13:27,8.52,2.88
2024-01-24 13:16:02,4.15,1.65
2024-01-24 13:24:17,5.18,2.4
2024-01-24 13:26:45,6.63,3.13
2024-01-24 13:29:34,5.7,2.3
2024-01-24 13:32:00,10.18,3.33
2024-01-24 13:37:19,14.02,4.43
2024-01-24 13:39:50,17.0,7.13
2024-01-24 13:42:26,8.88,3.78
2024-01-24 13:45:04,3.83,1.95
2024-01-24 13:47:31,4.78,2.88
2024-01-24 13:50:04,7.35,3.6
2024-01-24 13:52:43,9.85,4.43
2024-01-24 13:55:21,4.55,2.63
2024-01-24 13:57:55,7.97,3.03
2024-01-24 14:00:28,6.57,3.17
2024-01-24 14:02:57,7.88,3.63
2024-01-24 14:05:26,6.45,4.07
2024-01-24 14:07:52,6.65,3.33
2024-01-24 14:10:21,11.57,5.57
2024-01-24 14:12:57,6.63,4.38
2024-01-24 14:15:23,9.68,6.38
2024-01-24 14:17:52,10.05,5.65
2024-01-24 14:20:19,5.85,3.35
2024-01-24 14:22:45,10.25,4.4
2024-01-24 14:25:15,9.88,5.35
2024-01-24 14:30:59,10.73,5.9
2024-01-24 14:36:41,4.82,2.45
2024-01-24 14:39:08,4.38,1.83
2024-01-24 14:41:35,5.72,3.03
2024-01-24 14:44:02,3.67,2.25
2024-01-24 14:46:29,7.38,3.08
2024-01-24 14:48:55,4.88,2.5
2024-01-24 14:51:21,3.58,1.55
2024-01-24 14:53:48,14.25,5.13
2024-01-24 14:56:14,7.72,3.2
2024-01-24 14:58:40,6.5,2.85
2024-01-24 15:01:06,6.35,3.6
2024-01-24 15:03:35,8.63,4.45
2024-01-24 15:06:07,10.75,5.38
2024-01-24 15:08:33,8.07,2.55
2024-01-24 15:14:14,11.65,5.2
2024-01-24 15:16:40,12.82,4.5
2024-01-24 15:19:06,7.32,2.6
2024-01-24 15:21:33,5.2,2.45
2024-01-24 15:24:05,5.47,3.08
2024-01-24 15:26:34,8.07,4.03
2024-01-24 15:29:01,12.38,5.68
2024-01-24 15:31:28,25.88,12.63
2024-01-24 15:36:54,6.47,3.3
2024-01-24 15:39:22,4.93,2.78
2024-01-24 15:41:49,8.82,4.43
2024-01-24 15:44:26,11.6,4.8
2024-01-24 15:46:58,11.43,4.63
2024-01-24 15:49:29,8.05,3.4
2024-01-24 15:51:58,6.53,3.08
2024-01-24 15:54:24,7.07,3.85
2024-01-24 15:56:53,15.2,7.35
2024-01-24 15:59:20,8.75,4.72
2024-01-24 16:01:52,7.93,4.95
2024-01-24 16:04:21,16.42,9.82
2024-01-24 16:06:47,22.42,14.38
2024-01-24 16:09:13,14.55,8.43
2024-01-24 16:11:39,13.38,8.52
2024-01-24 16:14:06,21.05,11.35
2024-01-24 16:16:35,20.33,12.68
2024-01-24 16:19:01,23.4,13.4
2024-01-24 16:21:27,23.52,14.88
2024-01-24 16:23:59,15.5,10.07
2024-01-24 16:26:25,17.7,10.43
2024-01-24 16:28:51,32.55,18.2
2024-01-24 16:31:17,28.58,14.73
2024-01-24 16:33:43,21.65,12.07
2024-01-24 16:36:10,20.35,10.82
2024-01-24 16:38:38,21.88,13.2
2024-01-24 16:41:04,30.25,15.8
2024-01-24 16:43:30,23.27,15.32
2024-01-24 16:45:58,24.9,14.95
2024-01-24 16:48:27,25.08,16.45
2024-01-24 16:50:53,29.33,19.38
2024-01-24 16:53:23,33.38,21.27
2024-01-24 16:55:51,22.55,14.05
2024-01-24 16:58:18,23.98,15.32
2024-01-24 17:00:44,34.13,19.17
2024-01-24 17:03:13,38.75,23.48
2024-01-24 17:05:39,39.8,23.98
2024-01-24 17:08:05,41.33,24.35
2024-01-24 17:10:31,34.58,22.17
2024-01-24 17:12:58,32.47,21.55
2024-01-24 17:15:24,36.25,22.05
2024-01-24 17:17:50,40.13,25.52
2024-01-24 17:20:16,45.67,26.35
2024-01-24 17:22:42,48.35,25.38
2024-01-24 17:25:08,45.13,27.13
2024-01-24 17:27:35,48.9,25.38
2024-01-24 17:30:01,41.88,22.05
2024-01-24 17:32:27,44.42,24.83
2024-01-24 17:34:53,53.28,30.58
2024-01-24 17:37:19,55.58,34.67
2024-01-24 17:39:45,104.85,49.6
2024-01-24 17:42:13,149.55,63.63
2024-01-24 17:44:40,117.0,51.6
2024-01-24 17:47:06,94.2,42.95
2024-01-24 17:49:32,94.13,44.67
2024-01-24 17:51:58,60.78,35.2
2024-01-24 17:54:24,83.5,42.53
2024-01-24 17:56:50,74.68,38.58
2024-01-24 17:59:16,75.47,41.63
2024-01-24 18:01:42,81.82,42.4
2024-01-24 18:04:09,120.72,55.3
2024-01-24 18:06:35,155.5,70.43
2024-01-24 18:09:01,143.23,64.63
2024-01-24 18:11:27,130.3,59.9
2024-01-24 18:13:53,142.35,64.78
2024-01-24 18:16:19,123.95,54.35
2024-01-24 18:18:45,127.57,56.9
2024-01-24 18:21:13,116.57,54.95
2024-01-24 18:23:39,95.0,51.8
2024-01-24 18:26:05,103.18,52.97
2024-01-24 18:28:31,94.55,51.83
2024-01-24 18:30:58,98.18,53.92
2024-01-24 18:33:24,99.38,54.67
2024-01-24 18:35:50,99.18,51.1
2024-01-24 18:38:16,80.78,45.63
2024-01-24 18:40:42,61.6,35.75
2024-01-24 18:43:08,39.45,20.75
2024-01-24 18:45:34,28.25,18.3
2024-01-24 18:48:01,33.63,17.3
2024-01-24 18:50:27,41.5,22.85
2024-01-24 18:52:53,42.95,24.38
2024-01-24 18:55:19,37.75,22.73
2024-01-24 18:57:45,36.3,21.48
2024-01-24 19:00:11,26.5,17.1
2024-01-24 19:02:38,32.67,20.27
2024-01-24 19:05:04,34.08,22.08
2024-01-24 19:07:30,46.83,26.33
2024-01-24 19:09:56,53.55,29.6
2024-01-24 19:12:24,43.4,25.67
2024-01-24 19:14:52,36.83,20.98
2024-01-24 19:17:18,31.58,19.0
2024-01-24 19:19:44,33.88,18.73
2024-01-24 19:22:10,33.42,18.63
2024-01-24 19:24:37,35.8,21.25
2024-01-24 19:27:03,36.4,21.8
2024-01-24 19:29:29,48.25,25.7
2024-01-24 19:31:55,51.8,28.63
2024-01-24 19:34:22,64.55,32.17
2024-01-24 19:36:48,60.47,33.75
2024-01-24 19:39:15,64.6,32.97
2024-01-24 19:41:41,41.28,24.73
2024-01-24 19:44:08,36.7,22.6
2024-01-24 19:46:34,32.75,19.27
2024-01-24 19:49:00,26.67,18.08
2024-01-24 19:51:26,39.47,24.0
2024-01-24 19:53:52,40.58,23.58
2024-01-24 19:56:20,35.6,22.42
2024-01-24 19:58:46,39.53,25.38
2024-01-24 20:01:13,37.95,21.38
2024-01-24 20:03:39,37.78,23.48
2024-01-24 20:06:05,35.6,24.1
2024-01-24 20:08:31,39.28,20.77
2024-01-24 20:10:57,37.92,25.75
2024-01-24 20:13:24,35.83,21.73
2024-01-24 20:15:50,29.23,19.85
2024-01-24 20:18:16,45.6,27.45
2024-01-24 20:20:43,54.95,29.63
2024-01-24 20:23:10,45.2,27.1
2024-01-24 20:25:36,42.63,25.73
2024-01-24 20:28:02,45.4,25.4
2024-01-24 20:30:29,36.45,24.17
2024-01-24 20:32:55,40.5,25.13
2024-01-24 20:35:22,49.42,29.88
2024-01-24 20:37:49,49.75,29.9
2024-01-24 20:40:15,45.1,28.0
2024-01-24 20:42:41,45.42,27.92
2024-01-24 20:45:07,50.13,28.83
2024-01-24 20:47:33,47.47,28.25
2024-01-24 20:50:00,47.45,28.77
2024-01-24 20:52:26,51.78,31.58
2024-01-24 20:54:54,53.63,31.48
2024-01-24 20:57:20,58.9,28.95
2024-01-24 20:59:46,66.07,35.92
2024-01-24 21:02:12,69.22,35.72
2024-01-24 21:04:38,60.92,30.45
2024-01-24 21:07:05,54.15,29.85
2024-01-24 21:09:31,56.42,31.02
2024-01-24 21:11:58,57.1,31.73
2024-01-24 21:14:24,59.45,32.67
2024-01-24 21:16:51,67.97,33.72
2024-01-24 21:19:17,63.85,33.17
2024-01-24 21:21:48,52.47,29.85
2024-01-24 21:24:15,53.9,31.42
2024-01-24 21:26:41,53.63,30.3
2024-01-24 21:29:07,78.07,42.08
2024-01-24 21:31:33,84.97,44.13
2024-01-24 21:34:00,96.78,44.97
2024-01-24 21:36:26,94.28,45.7
2024-01-24 21:38:52,119.43,56.28
2024-01-24 21:41:18,108.72,51.38
2024-01-24 21:43:44,86.8,44.45
2024-01-24 21:46:10,75.88,43.63
2024-01-24 21:48:36,65.03,37.22
2024-01-24 21:51:02,56.67,35.17
2024-01-24 21:53:29,57.63,34.55
2024-01-24 21:55:55,53.65,33.95
2024-01-24 21:58:21,68.7,38.15
2024-01-24 22:00:47,76.78,40.17
2024-01-24 22:03:13,64.85,33.75
2024-01-24 22:05:39,64.53,35.1
2024-01-24 22:08:05,55.2,30.65
2024-01-24 22:10:32,46.85,28.42
2024-01-24 22:12:58,49.28,28.02
2024-01-24 22:15:24,57.67,30.65
2024-01-24 22:17:51,46.15,26.58
2024-01-24 22:20:17,52.8,27.35
2024-01-24 22:22:44,43.78,24.45
2024-01-24 22:25:10,44.5,26.42
2024-01-24 22:27:36,49.8,28.88
2024-01-24 22:30:02,55.65,29.75
2024-01-24 22:32:32,42.72,25.02
2024-01-24 22:34:58,55.22,30.23
2024-01-24 22:37:29,71.5,34.15
2024-01-24 22:39:55,88.35,37.0
2024-01-24 22:42:22,86.18,37.4
2024-01-24 22:44:48,54.95,30.4
2024-01-24 22:47:14,49.38,29.23
2024-01-24 22:49:40,47.28,27.63
2024-01-24 22:52:06,42.88,26.63
2024-01-24 22:54:32,42.47,24.3
2024-01-24 22:56:58,40.92,25.77
2024-01-24 22:59:25,53.92,27.23
2024-01-24 23:01:51,48.97,22.3
2024-01-24 23:04:17,44.22,24.67
2024-01-24 23:06:43,42.83,25.45
2024-01-24 23:09:10,52.5,26.33
2024-01-24 23:11:36,60.13,30.73
2024-01-24 23:14:03,60.38,31.98
2024-01-24 23:16:30,54.5,28.17
2024-01-24 23:18:56,49.2,24.85
2024-01-24 23:21:22,48.65,25.7
2024-01-24 23:23:49,41.95,23.85
2024-01-24 23:26:15,42.9,24.83
2024-01-24 23:28:41,48.0,28.23
2024-01-24 23:31:07,45.05,25.77
2024-01-24 23:33:33,40.4,24.95
2024-01-24 23:35:59,41.9,25.15
2024-01-24 23:38:29,46.72,25.1
2024-01-24 23:40:55,35.13,20.73
2024-01-24 23:43:21,37.35,20.05
2024-01-24 23:45:47,39.33,20.55
2024-01-24 23:48:13,33.58,20.6
2024-01-24 23:50:40,41.42,22.52
2024-01-24 23:53:06,61.7,27.88
2024-01-24 23:55:32,45.8,23.15
2024-01-24 23:57:58,38.53,21.4
2024-01-25 00:00:24,38.83,23.55
2024-01-25 00:02:50,36.7,21.38
2024-01-25 00:05:16,38.5,22.33
2024-01-25 00:07:48,31.35,19.65
2024-01-25 00:10:18,35.38,21.42
2024-01-25 00:12:44,34.25,20.55
2024-01-25 00:15:10,32.7,19.13
2024-01-25 00:17:36,35.75,18.92
2024-01-25 00:20:03,34.58,18.15
2024-01-25 00:22:30,31.23,17.48
2024-01-25 00:24:56,31.05,19.1
2024-01-25 00:27:23,32.22,19.08
2024-01-25 00:29:50,35.15,20.63
2024-01-25 00:32:16,31.77,21.6
2024-01-25 00:34:42,35.17,20.7
2024-01-25 00:37:08,34.63,18.95
2024-01-25 00:39:35,31.7,19.58
2024-01-25 00:42:04,35.03,19.1
2024-01-25 00:44:31,33.28,18.13
2024-01-25 00:46:57,30.35,18.63
2024-01-25 00:49:24,33.22,20.15
2024-01-25 00:51:50,33.53,19.85
2024-01-25 00:54:19,37.47,21.02
2024-01-25 00:56:45,35.45,20.48
2024-01-25 00:59:15,37.5,22.1
2024-01-25 01:01:42,37.8,20.0
2024-01-25 01:04:10,34.7,20.33
2024-01-25 01:06:36,34.97,20.02
2024-01-25 01:09:02,41.88,25.8
2024-01-25 01:11:29,42.38,25.15
2024-01-25 01:13:55,41.25,24.8
2024-01-25 01:16:21,39.5,22.88
2024-01-25 01:18:47,33.38,20.15
2024-01-25 01:21:13,44.15,24.0
2024-01-25 01:23:39,43.05,23.98
2024-01-25 01:26:06,41.8,24.05
2024-01-25 01:28:32,34.6,22.48
2024-01-25 01:30:59,38.3,22.52
2024-01-25 01:33:25,36.15,22.13
2024-01-25 01:35:51,36.0,20.35
2024-01-25 01:38:17,36.08,20.2
2024-01-25 01:40:44,33.8,21.52
2024-01-25 01:43:17,34.53,19.67
2024-01-25 01:45:43,34.97,21.17
2024-01-25 01:48:10,40.58,21.2
2024-01-25 01:50:36,33.33,20.6
2024-01-25 01:53:03,26.52,18.58
2024-01-25 01:55:30,29.2,17.88
2024-01-25 01:57:57,33.95,18.8
2024-01-25 02:00:24,29.73,17.58
2024-01-25 02:02:50,30.6,18.8
2024-01-25 02:05:16,30.85,19.4
2024-01-25 02:07:43,30.5,16.38
2024-01-25 02:10:09,23.02,14.57
2024-01-25 02:12:35,29.42,15.85
2024-01-25 02:15:02,26.35,14.65
2024-01-25 02:17:28,26.35,15.13
2024-01-25 02:19:54,26.23,15.3
2024-01-25 02:22:20,27.3,15.93
2024-01-25 02:24:46,21.85,13.2
2024-01-25 02:27:13,25.55,15.63
2024-01-25 02:29:39,22.6,14.27
2024-01-25 02:32:05,26.5,15.48
2024-01-25 02:34:31,27.52,15.4
2024-01-25 02:36:57,23.48,13.3
2024-01-25 02:39:23,32.47,16.23
2024-01-25 02:41:49,23.48,13.48
2024-01-25 02:44:15,21.5,13.55
2024-01-25 02:46:41,30.0,16.0
2024-01-25 02:49:10,29.33,15.65
2024-01-25 02:51:36,20.98,11.57
2024-01-25 02:54:02,20.38,12.23
2024-01-25 02:56:28,16.9,10.57
2024-01-25 02:58:59,16.7,10.25
2024-01-25 03:01:26,19.45,11.7
2024-01-25 03:03:52,20.38,12.6
2024-01-25 03:06:19,25.55,13.65
2024-01-25 03:08:45,20.6,12.8
2024-01-25 03:11:11,17.23,11.73
2024-01-25 03:13:37,16.83,9.75
2024-01-25 03:16:04,17.1,10.65
2024-01-25 03:18:30,10.8,7.82
2024-01-25 03:20:56,15.68,9.65
2024-01-25 03:23:22,18.15,9.7
2024-01-25 03:25:48,15.63,9.73
2024-01-25 03:28:14,16.98,9.18
2024-01-25 03:30:41,15.3,9.27
2024-01-25 03:33:07,16.17,10.05
2024-01-25 03:35:33,19.5,11.8
2024-01-25 03:37:59,16.6,9.13
2024-01-25 03:40:25,14.32,9.77
2024-01-25 03:42:52,20.13,11.57
2024-01-25 03:45:18,18.67,11.2
2024-01-25 03:47:44,20.0,11.75
2024-01-25 03:50:10,16.13,9.9
2024-01-25 03:52:36,14.7,10.6
2024-01-25 03:55:02,17.5,10.43
2024-01-25 03:57:29,18.05,10.45
2024-01-25 03:59:55,15.85,9.13
2024-01-25 04:02:21,16.98,9.82
2024-01-25 04:04:47,10.35,6.32
2024-01-25 04:07:14,13.77,8.55
2024-01-25 04:09:41,12.32,7.97
2024-01-25 04:12:07,13.98,8.2
2024-01-25 04:14:33,14.25,7.72
2024-01-25 04:16:59,14.15,8.68
2024-01-25 04:19:25,14.2,8.77
2024-01-25 04:21:51,11.48,7.22
2024-01-25 04:24:17,10.48,6.38
2024-01-25 04:26:43,13.0,8.3
2024-01-25 04:29:09,12.5,8.13
2024-01-25 04:31:41,12.98,6.85
2024-01-25 04:34:08,14.52,7.75
2024-01-25 04:36:34,13.18,7.97
2024-01-25 04:39:00,14.15,8.93
2024-01-25 04:41:26,17.45,10.55
2024-01-25 04:43:52,17.77,11.02
2024-01-25 04:46:18,18.7,11.88
2024-01-25 04:48:44,17.85,11.75
2024-01-25 04:51:20,19.35,11.52
2024-01-25 04:53:47,22.27,11.93
2024-01-25 04:56:13,21.05,12.45
2024-01-25 04:58:39,25.48,14.02
2024-01-25 05:01:05,22.77,12.88
2024-01-25 05:03:32,24.88,14.55
2024-01-25 05:05:58,27.02,13.68
2024-01-25 05:08:24,26.35,12.93
2024-01-25 05:10:50,20.45,12.3
2024-01-25 05:13:17,22.7,12.82
2024-01-25 05:15:43,25.4,13.7
2024-01-25 05:18:09,23.4,13.52
2024-01-25 05:20:35,26.0,14.73
2024-01-25 05:23:03,24.33,15.18
2024-01-25 05:25:29,26.65,14.45
2024-01-25 05:27:56,26.98,14.1
2024-01-25 05:30:22,32.78,15.88
2024-01-25 05:32:48,22.23,10.25
2024-01-25 05:35:15,13.15,7.93
2024-01-25 05:37:41,9.57,5.7
2024-01-25 05:40:08,10.05,6.13
2024-01-25 05:42:34,13.77,7.28
2024-01-25 05:45:02,12.13,6.32
2024-01-25 05:47:29,11.45,6.93
2024-01-25 05:49:55,12.6,7.88
2024-01-25 05:52:21,12.5,8.1
2024-01-25 05:54:48,21.95,13.25
2024-01-25 05:57:15,22.58,13.48
2024-01-25 05:59:42,23.55,15.75
2024-01-25 06:02:09,27.48,15.93
2024-01-25 06:04:35,23.7,14.23
2024-01-25 06:07:01,26.48,16.23
2024-01-25 06:09:27,26.92,16.15
2024-01-25 06:11:54,25.35,15.32
2024-01-25 06:14:20,21.6,13.8
2024-01-25 06:16:46,20.92,12.68
2024-01-25 06:19:12,23.17,13.73
2024-01-25 06:21:39,21.98,13.98
2024-01-25 06:24:06,32.05,17.63
2024-01-25 06:26:32,28.27,17.55
2024-01-25 06:29:01,21.92,12.82
2024-01-25 06:31:27,20.88,12.57
2024-01-25 06:33:53,17.88,11.52
2024-01-25 06:36:19,20.42,12.95
2024-01-25 06:38:46,26.08,16.55
2024-01-25 06:41:12,16.48,9.65
2024-01-25 06:43:38,9.68,6.82
2024-01-25 06:46:05,11.55,7.0
2024-01-25 06:48:32,13.93,7.7
2024-01-25 06:50:58,19.45,11.52
2024-01-25 06:53:26,20.2,13.07
2024-01-25 06:55:52,24.52,15.6
2024-01-25 06:58:18,20.77,12.73
2024-01-25 07:00:44,23.45,14.55
2024-01-25 07:03:12,24.35,15.57
2024-01-25 07:05:38,19.5,11.77
2024-01-25 07:08:07,17.65,11.05
2024-01-25 07:10:46,17.63,9.57
2024-01-25 07:13:12,14.13,8.8
2024-01-25 07:15:39,23.4,9.02
2024-01-25 07:18:05,15.52,8.32
2024-01-25 07:20:31,16.8,10.7
2024-01-25 07:22:57,20.55,12.2
2024-01-25 07:25:23,22.25,12.55
2024-01-25 07:27:49,21.25,13.48
2024-01-25 07:30:16,18.65,11.38
2024-01-25 07:32:42,20.98,13.07
2024-01-25 07:35:08,21.98,13.1
2024-01-25 07:37:35,20.05,12.3
2024-01-25 07:40:01,25.67,17.67
2024-01-25 07:42:31,20.38,13.18
2024-01-25 07:44:58,21.75,14.27
2024-01-25 07:47:24,23.42,14.52
2024-01-25 07:49:50,23.4,12.25
2024-01-25 07:52:16,24.38,14.1
2024-01-25 07:54:43,18.08,11.0
2024-01-25 07:57:09,16.65,10.48
2024-01-25 07:59:36,15.68,10.38
2024-01-25 08:02:02,17.55,11.3
2024-01-25 08:04:28,23.02,13.48
2024-01-25 08:06:55,23.75,14.25
2024-01-25 08:09:21,22.7,14.63
2024-01-25 08:11:48,25.17,14.45
2024-01-25 08:14:14,23.83,13.9
2024-01-25 08:16:41,25.17,14.57
2024-01-25 08:19:07,23.33,14.88
2024-01-25 08:21:33,18.48,11.55
2024-01-25 08:24:01,26.3,15.45
2024-01-25 08:26:27,26.25,14.93
2024-01-25 08:28:53,18.05,11.48
2024-01-25 08:31:22,22.83,14.38
2024-01-25 08:33:48,21.67,12.82
2024-01-25 08:36:17,19.92,12.3
2024-01-25 08:39:03,23.77,14.0
2024-01-25 08:41:30,21.25,13.45
2024-01-25 08:43:56,21.7,15.07
2024-01-25 08:46:23,23.3,13.55
2024-01-25 08:48:49,22.38,15.6
2024-01-25 08:51:18,30.0,17.15
2024-01-25 08:53:44,30.6,18.58
2024-01-25 08:56:10,29.35,17.98
2024-01-25 08:58:37,33.78,21.9
2024-01-25 09:01:03,34.55,24.17
2024-01-25 09:03:29,44.72,27.38
2024-01-25 09:05:55,45.53,26.08
2024-01-25 09:08:29,44.13,27.95
2024-01-25 09:10:55,41.4,26.65
2024-01-25 09:13:21,43.03,24.88
2024-01-25 09:15:47,32.03,20.52
2024-01-25 09:18:17,31.77,21.23
2024-01-25 09:21:05,29.55,20.08
2024-01-25 09:23:31,25.17,15.32
2024-01-25 09:25:57,23.05,15.88
2024-01-25 09:28:23,18.75,13.1
2024-01-25 09:30:52,18.25,11.77
2024-01-25 09:33:21,16.13,11.13
2024-01-25 09:35:53,13.32,9.6
2024-01-25 09:38:20,19.13,11.43
2024-01-25 09:40:56,19.65,12.68
2024-01-25 09:43:23,25.77,15.43
2024-01-25 09:46:11,28.35,16.83
2024-01-25 09:48:39,22.83,14.07
2024-01-25 09:51:09,26.2,16.85
2024-01-25 09:53:40,24.77,14.35
2024-01-25 09:56:07,25.9,15.13
2024-01-25 09:58:38,23.1,13.32
2024-01-25 10:01:08,25.55,14.52
2024-01-25 10:03:37,23.25,14.6
2024-01-25 10:06:05,19.67,12.5
2024-01-25 10:08:32,20.95,13.93
2024-01-25 10:10:58,21.83,13.15
2024-01-25 10:13:25,26.3,15.55
2024-01-25 10:15:54,22.38,14.23
2024-01-25 10:18:41,28.33,17.63
2024-01-25 10:21:10,40.0,20.4
2024-01-25 10:23:37,19.6,12.13
2024-01-25 10:26:03,28.25,18.48
2024-01-25 10:28:29,23.67,15.95
2024-01-25 10:31:00,31.33,18.8
2024-01-25 10:33:34,26.77,17.85
2024-01-25 10:36:04,29.45,18.4
2024-01-25 10:38:34,26.98,15.82
2024-01-25 10:46:56,28.5,17.6
2024-01-25 10:49:22,32.55,18.75
2024-01-25 10:51:48,30.4,18.05
2024-01-25 10:54:15,29.6,18.55
2024-01-25 10:56:42,25.4,17.45
2024-01-25 10:59:08,28.1,17.48
2024-01-25 11:01:36,33.25,19.55
2024-01-25 11:04:02,40.15,23.4
2024-01-25 11:06:28,42.65,26.15
2024-01-25 11:09:07,36.42,22.67
2024-01-25 11:11:36,40.63,23.9
2024-01-25 11:14:02,28.38,19.23
2024-01-25 11:16:29,28.88,18.4
2024-01-25 11:18:55,31.73,18.65
2024-01-25 11:21:44,13.8,7.3
2024-01-25 11:24:20,15.0,8.6
2024-01-25 11:26:46,17.35,8.63
2024-01-25 11:29:13,12.35,5.53
2024-01-25 11:31:41,9.88,5.7
2024-01-25 11:34:09,8.68,5.47
2024-01-25 11:36:36,9.35,5.75
2024-01-25 11:39:02,13.65,8.0
2024-01-25 11:41:30,10.32,6.53
2024-01-25 11:43:56,8.95,5.47
2024-01-25 11:46:22,11.05,6.65
2024-01-25 11:48:49,13.27,7.53
2024-01-25 11:51:15,15.63,7.63
2024-01-25 11:53:41,9.32,5.35
2024-01-25 11:56:08,16.0,7.32
2024-01-25 11:58:41,16.92,7.13
2024-01-25 12:01:08,12.93,7.38
2024-01-25 12:03:37,15.35,8.45
2024-01-25 12:06:26,11.6,6.3
2024-01-25 12:08:52,13.27,8.2
2024-01-25 12:11:21,12.75,7.95
2024-01-25 12:13:47,10.7,6.85
2024-01-25 12:16:14,11.98,7.9
2024-01-25 12:18:41,13.95,8.68
2024-01-25 12:21:07,13.85,8.55
2024-01-25 12:23:34,12.27,8.55
2024-01-25 12:26:00,13.48,8.55
2024-01-25 12:28:27,14.57,7.9
2024-01-25 12:31:00,10.32,6.75
2024-01-25 12:33:28,9.57,6.18
2024-01-25 12:35:54,9.25,5.32
2024-01-25 12:38:21,9.2,5.4
2024-01-25 12:40:48,8.18,4.55
2024-01-25 12:43:23,5.75,3.5
2024-01-25 12:46:03,10.02,5.7
2024-01-25 12:48:29,10.48,6.4
2024-01-25 12:54:03,6.88,4.05
2024-01-25 12:56:29,7.03,3.42
2024-01-25 12:58:58,3.88,2.05
2024-01-25 13:01:24,5.85,2.95
2024-01-25 13:03:52,4.82,2.3
2024-01-25 13:06:19,4.18,2.33
2024-01-25 13:08:46,8.88,3.58
2024-01-25 13:11:12,8.63,4.95
2024-01-25 13:13:38,7.25,3.8
2024-01-25 13:16:05,9.95,5.28
2024-01-25 13:21:42,9.27,5.45
2024-01-25 13:24:08,17.08,9.0
2024-01-25 13:26:36,24.88,13.32
2024-01-25 13:29:15,18.02,11.8
2024-01-25 13:31:44,15.65,9.45
2024-01-25 13:37:03,17.3,10.18
2024-01-25 13:39:30,13.77,8.9
2024-01-25 13:41:56,15.35,8.05
2024-01-25 13:44:22,16.83,8.45
2024-01-25 13:46:49,15.45,8.2
2024-01-25 13:49:15,20.05,12.23
2024-01-25 13:51:43,14.7,9.7
2024-01-25 13:54:12,14.02,8.88
2024-01-25 13:56:38,16.95,10.27
2024-01-25 13:59:05,14.0,7.85
2024-01-25 14:01:31,12.5,7.9
2024-01-25 14:03:57,16.88,11.02
2024-01-25 14:06:23,22.75,13.1
2024-01-25 14:08:50,20.58,9.95
2024-01-25 14:11:22,18.25,12.32
2024-01-25 14:13:57,20.6,12.0
2024-01-25 14:16:23,18.88,10.82
2024-01-25 14:18:55,16.08,8.88
2024-01-25 14:21:58,11.4,7.35
2024-01-25 14:24:24,15.57,8.48
2024-01-25 14:26:50,11.77,7.0
2024-01-25 14:29:16,9.9,5.9
2024-01-25 14:31:43,4.93,2.7
2024-01-25 14:34:09,7.1,4.45
2024-01-25 14:36:35,8.55,4.8
2024-01-25 14:39:01,8.73,5.88
2024-01-25 14:41:28,10.27,6.0
2024-01-25 14:43:54,7.95,5.25
2024-01-25 14:46:21,6.05,3.88
2024-01-25 14:48:47,6.7,3.58
2024-01-25 14:51:13,8.05,3.6
2024-01-25 14:53:39,8.05,4.18
2024-01-25 14:56:05,6.2,4.15
2024-01-25 14:58:31,8.32,3.5
2024-01-25 15:00:57,5.25,2.97
2024-01-25 15:03:24,6.25,4.03
2024-01-25 15:05:52,9.77,5.63
2024-01-25 15:08:29,10.9,6.68
2024-01-25 15:10:55,15.02,8.27
2024-01-25 15:13:21,16.15,9.5
2024-01-25 15:15:47,18.27,9.73
2024-01-25 15:18:13,19.25,11.68
2024-01-25 15:20:39,30.83,16.08
2024-01-25 15:23:05,23.08,13.63
2024-01-25 15:25:32,28.75,14.55
2024-01-25 15:27:59,26.48,15.23
2024-01-25 15:30:25,23.0,13.85
2024-01-25 15:32:51,26.73,14.4
2024-01-25 15:35:17,25.65,14.27
2024-01-25 15:37:44,27.2,17.13
2024-01-25 15:40:10,45.92,24.88
2024-01-25 15:42:37,56.4,28.35
2024-01-25 15:45:04,40.33,23.3
2024-01-25 15:47:30,47.22,25.83
2024-01-25 15:49:56,40.9,24.2
2024-01-25 15:52:22,55.9,31.0
2024-01-25 15:54:49,53.5,31.42
2024-01-25 15:57:16,56.22,30.67
2024-01-25 15:59:42,57.38,35.85
2024-01-25 16:02:08,54.85,33.17
2024-01-25 16:04:34,58.15,33.25
2024-01-25 16:07:00,63.38,33.4
2024-01-25 16:09:26,51.22,29.98
2024-01-25 16:11:52,35.38,19.8
2024-01-25 16:14:19,46.97,24.7
2024-01-25 16:16:45,37.25,22.63
2024-01-25 16:19:13,32.08,21.65
2024-01-25 16:21:39,38.0,22.45
2024-01-25 16:24:05,39.22,23.08
2024-01-25 16:26:31,40.28,23.17
2024-01-25 16:28:58,36.6,21.98
2024-01-25 16:31:24,39.55,21.85
2024-01-25 16:33:50,38.58,24.52
2024-01-25 16:36:16,29.83,18.33
2024-01-25 16:38:42,26.9,15.7
2024-01-25 16:41:09,14.38,8.55
2024-01-25 16:43:35,28.8,16.48
2024-01-25 16:46:01,41.38,26.98
2024-01-25 16:48:27,40.0,25.95
2024-01-25 16:50:53,41.5,25.55
2024-01-25 16:53:22,37.4,24.52
2024-01-25 16:55:48,38.63,24.52
2024-01-25 16:58:18,39.47,24.1
2024-01-25 17:00:44,51.15,29.65
2024-01-25 17:03:10,51.22,30.45
2024-01-25 17:05:36,51.13,29.0
2024-01-25 17:08:02,60.67,34.8
2024-01-25 17:10:28,61.1,35.7
2024-01-25 17:12:54,55.33,31.88
2024-01-25 17:15:21,65.05,37.22
2024-01-25 17:17:47,66.63,36.3
2024-01-25 17:20:13,67.57,37.3
2024-01-25 17:22:41,67.13,39.03
2024-01-25 17:25:07,60.85,37.1
2024-01-25 17:27:33,72.18,41.88
2024-01-25 17:29:59,64.68,38.35
2024-01-25 17:32:25,70.22,41.53
2024-01-25 17:34:52,67.35,40.15
2024-01-25 17:37:18,81.2,47.53
2024-01-25 17:39:44,85.8,49.63
2024-01-25 17:42:10,76.85,47.25
2024-01-25 17:44:37,80.45,46.3
2024-01-25 17:47:04,71.32,41.0
2024-01-25 17:49:30,73.28,43.65
2024-01-25 17:51:56,78.45,45.03
2024-01-25 17:54:22,59.03,33.88
2024-01-25 17:56:49,64.28,36.47
2024-01-25 17:59:15,71.22,38.58
2024-01-25 18:01:41,83.2,47.05
2024-01-25 18:04:07,82.3,45.45
2024-01-25 18:06:34,82.28,46.25
2024-01-25 18:09:00,89.05,47.0
2024-01-25 18:11:26,94.32,47.9
2024-01-25 18:13:52,95.2,46.9
2024-01-25 18:16:18,94.4,46.78
2024-01-25 18:18:45,88.15,46.58
2024-01-25 18:21:11,71.13,34.6
2024-01-25 18:23:37,83.6,45.1
2024-01-25 18:26:04,91.75,45.65
2024-01-25 18:28:30,93.4,47.97
2024-01-25 18:30:56,95.13,48.97
2024-01-25 18:33:22,89.53,46.95
2024-01-25 18:35:48,81.78,42.13
2024-01-25 18:38:15,85.72,48.08
2024-01-25 18:40:41,67.47,36.22
2024-01-25 18:43:07,88.53,48.63
2024-01-25 18:45:33,89.82,51.15
2024-01-25 18:47:59,110.47,57.78
2024-01-25 18:50:26,100.4,53.65
2024-01-25 18:52:52,104.8,54.85
2024-01-25 18:55:18,123.63,61.75
2024-01-25 18:57:46,122.15,60.4
2024-01-25 19:00:12,92.6,53.13
2024-01-25 19:02:39,102.18,55.58
2024-01-25 19:05:05,96.18,52.55
2024-01-25 19:07:33,100.05,53.72
2024-01-25 19:10:01,97.8,57.1
2024-01-25 19:12:28,114.95,65.9
2024-01-25 19:14:54,111.57,59.03
2024-01-25 19:17:21,96.85,54.22
2024-01-25 19:19:47,107.72,57.85
2024-01-25 19:22:13,102.53,56.55
2024-01-25 19:24:39,105.3,55.55
2024-01-25 19:27:05,115.13,57.22
2024-01-25 19:29:31,136.88,65.3
2024-01-25 19:31:57,130.85,61.17
2024-01-25 19:34:23,124.7,61.5
2024-01-25 19:36:50,117.6,62.97
2024-01-25 19:39:16,129.2,70.13
2024-01-25 19:41:43,128.15,66.38
2024-01-25 19:44:10,134.25,74.95
2024-01-25 19:46:38,163.38,76.28
2024-01-25 19:49:04,179.45,79.88
2024-01-25 19:51:30,153.8,73.9
2024-01-25 19:53:56,105.5,54.95
2024-01-25 19:56:22,118.82,59.97
2024-01-25 19:58:48,128.8,62.15
2024-01-25 20:01:15,116.0,58.17
2024-01-25 20:03:41,128.43,60.2
2024-01-25 20:06:11,116.5,61.4
2024-01-25 20:11:03,96.93,50.38
2024-01-25 20:13:29,103.4,55.38
2024-01-25 20:15:57,107.4,56.05
2024-01-25 20:18:23,108.6,56.3
2024-01-25 20:20:50,113.32,59.05
2024-01-25 20:23:16,117.4,62.25
2024-01-25 20:25:42,123.65,62.72
2024-01-25 20:28:08,121.35,64.6
2024-01-25 20:30:35,116.8,66.22
2024-01-25 20:33:03,131.27,78.18
2024-01-25 20:35:29,147.43,84.63
2024-01-25 20:37:56,137.2,78.13
2024-01-25 20:40:22,92.85,48.67
2024-01-25 20:42:48,32.67,18.08
2024-01-25 20:45:14,98.72,52.05
2024-01-25 20:47:42,74.32,38.7
2024-01-25 20:50:08,61.65,35.55
2024-01-25 20:52:34,54.83,32.28
2024-01-25 20:55:00,43.05,25.42
2024-01-25 20:57:26,27.0,15.45
2024-01-25 20:59:52,11.7,6.72
2024-01-25 21:02:19,8.0,4.0
2024-01-25 21:04:45,7.63,3.13
2024-01-25 21:07:13,5.47,3.45
2024-01-25 21:09:39,5.03,3.05
2024-01-25 21:12:05,4.8,2.9
2024-01-25 21:14:32,4.75,2.75
2024-01-25 21:16:58,5.15,3.17
2024-01-25 21:19:24,6.03,3.7
2024-01-25 21:21:50,4.75,3.28
2024-01-25 21:24:18,5.88,4.07
2024-01-25 21:26:44,4.6,3.1
2024-01-25 21:29:10,11.77,7.05
2024-01-25 21:31:36,14.45,8.02
2024-01-25 21:34:02,14.93,7.35
2024-01-25 21:36:29,9.52,5.57
2024-01-25 21:38:55,12.2,7.47
2024-01-25 21:41:21,10.73,6.5
2024-01-25 21:43:47,8.52,6.15
2024-01-25 21:46:13,10.25,5.97
2024-01-25 21:48:39,9.55,5.38
2024-01-25 21:51:05,10.88,5.95
2024-01-25 21:53:31,9.95,5.2
2024-01-25 21:55:57,7.72,4.72
2024-01-25 21:58:25,5.68,3.42
2024-01-25 22:00:51,8.55,4.97
2024-01-25 22:03:17,9.52,5.43
2024-01-25 22:05:43,9.48,5.38
2024-01-25 22:08:10,9.1,6.18
2024-01-25 22:10:36,5.78,3.72
2024-01-25 22:13:02,8.8,5.82
2024-01-25 22:15:29,7.88,4.45
2024-01-25 22:17:55,8.3,5.13
2024-01-25 22:20:21,7.07,4.03
2024-01-25 22:22:47,6.85,4.1
2024-01-25 22:25:13,6.63,3.55
2024-01-25 22:27:39,7.55,4.63
2024-01-25 22:30:06,7.63,3.55
2024-01-25 22:32:32,5.88,4.05
2024-01-25 22:34:58,8.75,3.83
2024-01-25 22:37:25,6.13,3.1
2024-01-25 22:39:51,3.25,1.85
2024-01-25 22:42:17,5.07,3.0
2024-01-25 22:44:43,4.0,2.78
2024-01-25 22:47:09,10.65,3.85
2024-01-25 22:49:35,8.02,3.33
2024-01-25 22:52:02,11.45,5.65
2024-01-25 22:54:28,9.63,3.92
2024-01-25 22:56:54,10.05,3.72
2024-01-25 22:59:21,5.38,3.1
2024-01-25 23:01:47,9.23,3.85
2024-01-25 23:04:13,6.38,3.22
2024-01-25 23:06:39,8.93,5.05
2024-01-25 23:09:05,10.85,4.15
2024-01-25 23:11:33,6.35,3.28
2024-01-25 23:14:00,11.4,4.28
2024-01-25 23:16:26,9.5,4.25
2024-01-25 23:18:52,7.18,3.33
2024-01-25 23:21:19,8.7,3.9
2024-01-25 23:23:45,8.3,3.63
2024-01-25 23:26:11,7.15,3.65
2024-01-25 23:28:37,7.57,3.72
2024-01-25 23:31:04,6.32,3.58
2024-01-25 23:33:30,5.0,3.0
2024-01-25 23:35:56,5.2,2.92
2024-01-25 23:38:22,7.47,3.13
2024-01-25 23:40:48,9.2,4.2
2024-01-25 23:43:14,10.55,4.57
2024-01-25 23:45:40,6.85,3.83
2024-01-25 23:48:06,9.0,4.43
2024-01-25 23:50:34,7.07,3.9
2024-01-25 23:53:00,9.95,4.53
2024-01-25 23:55:26,6.05,3.05
2024-01-25 23:57:52,9.82,4.0
2024-01-26 00:00:18,6.63,3.13
2024-01-26 00:02:44,8.35,3.63
2024-01-26 00:05:10,7.6,3.3
2024-01-26 00:07:36,10.6,4.32
2024-01-26 00:10:03,7.78,3.8
2024-01-26 00:12:29,8.9,3.78
2024-01-26 00:14:56,9.63,4.8
2024-01-26 00:17:23,9.27,4.55
2024-01-26 00:19:50,7.9,3.9
2024-01-26 00:22:16,8.73,4.45
2024-01-26 00:24:42,6.9,4.28
2024-01-26 00:27:08,7.53,4.47
2024-01-26 00:29:34,7.18,4.13
2024-01-26 00:32:00,7.43,3.78
2024-01-26 00:34:26,7.35,4.18
2024-01-26 00:36:53,8.3,4.15
2024-01-26 00:39:19,12.27,4.22
2024-01-26 00:41:45,9.13,3.85
2024-01-26 00:44:12,9.27,4.65
2024-01-26 00:46:38,6.95,4.13
2024-01-26 00:49:04,10.48,5.0
2024-01-26 00:51:30,15.15,7.15
2024-01-26 00:53:56,12.23,6.2
2024-01-26 00:56:22,8.93,5.3
2024-01-26 00:58:49,12.02,6.07
2024-01-26 01:01:15,11.7,5.55
2024-01-26 01:03:41,11.23,5.85
2024-01-26 01:06:07,14.52,6.25
2024-01-26 01:08:33,10.0,5.4
2024-01-26 01:10:59,9.43,5.2
2024-01-26 01:13:25,8.35,4.65
2024-01-26 01:15:53,10.5,5.05
2024-01-26 01:18:19,8.77,4.75
2024-01-26 01:20:46,8.3,4.45
2024-01-26 01:23:12,13.75,5.93
2024-01-26 01:25:40,11.2,5.32
2024-01-26 01:28:06,13.57,5.7
2024-01-26 01:30:32,8.95,5.3
2024-01-26 01:32:59,9.7,4.28
2024-01-26 01:35:25,9.52,4.22
2024-01-26 01:37:52,8.3,4.18
2024-01-26 01:40:18,8.45,3.72
2024-01-26 01:42:44,6.72,3.45
2024-01-26 01:45:12,7.93,4.03
2024-01-26 01:47:38,7.7,3.47
2024-01-26 01:50:05,5.32,3.4
2024-01-26 01:52:31,5.5,3.05
2024-01-26 01:54:59,5.65,2.35
2024-01-26 01:57:26,5.68,3.05
2024-01-26 01:59:52,10.07,3.55
2024-01-26 02:02:18,3.8,2.47
2024-01-26 02:04:49,8.95,3.9
2024-01-26 02:07:15,9.13,3.72
2024-01-26 02:09:41,6.63,3.55
2024-01-26 02:12:07,7.03,3.65
2024-01-26 02:14:33,8.3,3.35
2024-01-26 02:17:00,5.8,2.85
2024-01-26 02:19:27,8.55,3.45
2024-01-26 02:21:54,6.63,2.88
2024-01-26 02:24:20,5.7,2.97
2024-01-26 02:26:46,6.53,2.95
2024-01-26 02:29:12,5.65,2.4
2024-01-26 02:31:39,9.48,2.7
2024-01-26 02:34:05,6.25,2.85
2024-01-26 02:36:38,7.18,2.95
2024-01-26 02:39:04,6.43,2.6
2024-01-26 02:41:31,11.25,4.78
2024-01-26 02:43:57,6.97,3.0
2024-01-26 02:46:23,5.43,3.6
2024-01-26 02:48:49,5.65,3.33
2024-01-26 02:51:15,7.93,3.15
2024-01-26 02:53:41,4.22,2.95
2024-01-26 02:56:08,9.77,4.35
2024-01-26 02:58:34,9.43,4.22
2024-01-26 03:01:00,7.75,3.6
2024-01-26 03:03:26,13.65,3.92
2024-01-26 03:05:53,6.93,3.63
2024-01-26 03:08:19,7.32,3.42
2024-01-26 03:10:45,10.3,3.4
2024-01-26 03:13:11,10.35,4.22
2024-01-26 03:15:37,8.6,4.15
2024-01-26 03:18:03,6.93,2.9
2024-01-26 03:20:30,10.07,3.6
2024-01-26 03:22:56,5.82,2.9
2024-01-26 03:25:23,5.45,3.03
2024-01-26 03:27:49,8.77,3.6
2024-01-26 03:30:16,8.52,3.88
2024-01-26 03:32:42,8.85,3.67
2024-01-26 03:35:09,7.18,3.1
2024-01-26 03:37:36,5.57,3.08
2024-01-26 03:40:03,4.65,2.75
2024-01-26 03:42:30,7.53,3.05
2024-01-26 03:44:56,7.55,2.78
2024-01-26 03:47:22,6.38,2.6
2024-01-26 03:49:48,8.85,3.25
2024-01-26 03:52:14,7.55,2.95
2024-01-26 03:54:40,3.42,1.7
2024-01-26 03:57:06,4.35,2.15
2024-01-26 03:59:32,6.28,2.9
2024-01-26 04:01:58,6.8,2.28
2024-01-26 04:04:25,8.4,2.35
2024-01-26 04:06:51,5.78,2.3
2024-01-26 04:09:17,7.63,2.6
2024-01-26 04:11:44,5.75,2.3
2024-01-26 04:14:10,6.63,2.5
2024-01-26 04:16:36,5.63,2.13
2024-01-26 04:19:02,6.1,2.65
2024-01-26 04:21:28,4.05,2.4
2024-01-26 04:23:54,5.47,1.92
2024-01-26 04:26:20,5.53,2.78
2024-01-26 04:28:46,5.93,2.25
2024-01-26 04:31:13,4.72,2.25
2024-01-26 04:33:39,5.18,1.92
2024-01-26 04:36:08,6.57,2.7
2024-01-26 04:38:38,3.72,2.28
2024-01-26 04:41:04,7.65,3.33
2024-01-26 04:43:30,6.7,3.25
2024-01-26 04:45:56,6.78,3.9
2024-01-26 04:48:22,7.07,3.63
2024-01-26 04:50:48,5.1,3.5
2024-01-26 04:53:14,7.82,3.65
2024-01-26 04:55:41,6.78,3.5
2024-01-26 04:58:07,6.15,3.17
2024-01-26 05:00:33,9.27,3.58
2024-01-26 05:02:59,5.7,2.8
2024-01-26 05:05:25,7.05,3.97
2024-01-26 05:07:53,7.47,3.8
2024-01-26 05:10:19,8.63,4.65
2024-01-26 05:12:45,9.0,4.35
2024-01-26 05:15:11,10.5,5.43
2024-01-26 05:17:38,14.75,7.22
2024-01-26 05:20:04,12.73,6.28
2024-01-26 05:22:31,11.65,6.35
2024-01-26 05:24:57,11.43,6.15
2024-01-26 05:27:23,11.18,5.68
2024-01-26 05:29:49,16.2,8.43
2024-01-26 05:32:15,20.1,9.68
2024-01-26 05:34:42,23.4,11.18
2024-01-26 05:37:08,13.7,6.05
2024-01-26 05:39:34,17.6,8.8
2024-01-26 05:42:00,41.0,14.8
2024-01-26 05:44:26,19.67,8.48
2024-01-26 05:46:53,17.27,7.05
2024-01-26 05:49:19,15.48,6.7
2024-01-26 05:51:45,16.9,7.32
2024-01-26 05:54:11,12.9,7.32
2024-01-26 05:56:41,20.33,9.2
2024-01-26 05:59:07,39.85,14.45
2024-01-26 06:01:34,24.33,12.5
2024-01-26 06:04:00,18.27,9.88
2024-01-26 06:06:26,19.73,8.93
2024-01-26 06:08:52,28.17,11.27
2024-01-26 06:11:18,18.65,8.52
2024-01-26 06:13:45,21.27,8.5
2024-01-26 06:16:12,16.63,7.55
2024-01-26 06:18:39,22.38,11.4
2024-01-26 06:21:05,18.02,8.25
2024-01-26 06:23:31,8.8,4.93
2024-01-26 06:25:57,21.9,11.38
2024-01-26 06:28:23,16.6,10.15
2024-01-26 06:30:49,21.13,10.82
2024-01-26 06:33:15,19.73,9.63
2024-01-26 06:35:42,13.82,7.45
2024-01-26 06:38:08,14.88,7.7
2024-01-26 06:41:01,13.38,6.7
2024-01-26 06:43:28,14.23,7.0
2024-01-26 06:45:54,15.48,8.18
2024-01-26 06:48:20,16.17,8.0
2024-01-26 06:50:46,14.8,7.85
2024-01-26 06:53:12,11.4,7.75
2024-01-26 06:55:38,11.4,7.32
2024-01-26 06:58:04,15.25,8.43
2024-01-26 07:00:30,13.7,8.98
2024-01-26 07:02:57,17.5,9.32
2024-01-26 07:05:23,18.02,9.35
2024-01-26 07:07:49,19.23,9.45
2024-01-26 07:10:15,27.35,14.82
2024-01-26 07:12:41,13.2,6.53
2024-01-26 07:15:08,16.6,8.57
2024-01-26 07:17:37,22.9,11.88
2024-01-26 07:20:03,21.0,11.23
2024-01-26 07:22:30,25.85,11.38
2024-01-26 07:25:00,21.55,12.35
2024-01-26 07:27:27,13.8,7.75
2024-01-26 07:29:53,16.45,7.47
2024-01-26 07:32:19,14.23,8.52
2024-01-26 07:34:45,14.95,8.57
2024-01-26 07:37:11,16.17,8.48
2024-01-26 07:39:38,11.0,5.4
2024-01-26 07:42:06,15.63,8.52
2024-01-26 07:44:32,9.82,6.2
2024-01-26 07:46:58,11.25,7.25
2024-01-26 07:49:25,14.23,6.72
2024-01-26 07:51:51,11.23,4.45
2024-01-26 07:54:17,6.13,2.9
2024-01-26 07:56:43,8.63,3.05
2024-01-26 07:59:09,5.28,2.4
2024-01-26 08:01:35,4.75,2.15
2024-01-26 08:04:02,4.28,1.85
2024-01-26 08:06:28,5.72,1.5
2024-01-26 08:08:54,4.88,1.9
2024-01-26 08:11:20,3.97,1.75
2024-01-26 08:13:46,6.15,3.13
2024-01-26 08:16:15,5.97,2.05
2024-01-26 08:18:42,5.6,1.88
2024-01-26 08:21:08,7.38,2.0
2024-01-26 08:23:35,4.18,1.17
2024-01-26 08:26:02,3.55,1.52
2024-01-26 08:28:28,7.6,1.73
2024-01-26 08:30:54,5.9,3.22
2024-01-26 08:33:20,4.28,1.9
2024-01-26 08:35:47,3.53,1.75
2024-01-26 08:38:13,8.23,1.75
2024-01-26 08:40:39,3.83,1.8
2024-01-26 08:43:05,4.28,1.77
2024-01-26 08:45:32,3.0,1.42
2024-01-26 08:47:58,5.65,3.13
2024-01-26 08:50:24,3.42,1.77
2024-01-26 08:52:50,4.32,1.8
2024-01-26 08:58:16,5.13,1.85
2024-01-26 09:00:45,5.55,2.92
2024-01-26 09:03:11,4.28,2.65
2024-01-26 09:05:38,4.5,1.8
2024-01-26 09:08:04,6.6,2.3
2024-01-26 09:10:31,5.0,1.58
2024-01-26 09:12:57,3.75,1.73
2024-01-26 09:15:23,3.7,1.63
2024-01-26 09:17:52,3.7,1.45
2024-01-26 09:20:18,4.32,1.85
2024-01-26 09:22:44,5.47,1.6
2024-01-26 09:25:10,2.92,1.73
2024-01-26 09:27:36,3.75,2.1
2024-01-26 09:30:03,3.92,1.42
2024-01-26 09:32:30,5.45,2.0
2024-01-26 09:34:59,3.8,1.92
2024-01-26 09:37:25,4.32,2.2
2024-01-26 09:39:52,7.8,2.58
2024-01-26 09:45:21,5.3,1.8
2024-01-26 09:47:51,3.25,1.5
2024-01-26 09:50:18,3.25,1.55
2024-01-26 09:52:45,3.25,1.4
2024-01-26 09:55:14,6.28,2.3
2024-01-26 10:00:44,7.22,1.6
2024-01-26 10:03:11,4.82,1.77
2024-01-26 10:05:37,5.07,1.73
2024-01-26 10:08:10,1.8,1.2
2024-01-26 10:10:36,4.35,1.27
2024-01-26 10:16:12,3.88,1.52
2024-01-26 10:18:39,2.7,1.2
2024-01-26 10:21:07,5.75,1.63
2024-01-26 10:23:33,3.72,1.8
2024-01-26 10:26:01,4.88,2.55
2024-01-26 10:28:28,5.15,2.0
2024-01-26 10:30:54,4.55,1.5
2024-01-26 10:33:24,2.45,1.42
2024-01-26 10:35:50,6.07,2.4
2024-01-26 10:38:16,4.18,2.13
2024-01-26 10:40:43,8.52,1.42
2024-01-26 10:46:15,1.98,1.42
2024-01-26 10:48:42,4.93,1.42
2024-01-26 10:51:11,4.1,1.83
2024-01-26 10:53:39,7.75,2.58
2024-01-26 10:56:10,4.55,2.2
2024-01-26 10:58:36,3.13,1.77
2024-01-26 11:01:02,2.22,1.55
2024-01-26 11:03:32,5.07,2.0
2024-01-26 11:05:58,3.72,1.75
2024-01-26 11:08:24,5.03,2.2
2024-01-26 11:10:51,2.92,1.3
2024-01-26 11:16:24,4.47,1.7
2024-01-26 11:18:58,4.45,2.17
2024-01-26 11:21:24,3.17,1.48
2024-01-26 11:23:50,4.97,2.1
2024-01-26 11:26:17,6.07,2.2
2024-01-26 11:28:43,3.65,1.6
2024-01-26 11:31:11,5.35,2.08
2024-01-26 11:33:38,2.35,1.33
2024-01-26 11:36:05,4.45,1.48
2024-01-26 11:38:34,2.47,1.63
2024-01-26 11:41:00,3.13,2.03
2024-01-26 11:46:30,3.6,1.5
2024-01-26 11:48:57,3.72,1.7
2024-01-26 11:51:23,2.22,0.98
2024-01-26 11:53:49,3.03,1.52
2024-01-26 11:56:15,3.1,1.42
2024-01-26 11:58:41,1.58,1.2
2024-01-26 12:01:08,6.55,1.6
2024-01-26 12:03:34,4.3,2.08
2024-01-26 12:06:00,2.7,1.33
2024-01-26 12:08:26,4.43,1.7
2024-01-26 12:10:53,5.5,1.8
2024-01-26 12:16:22,3.38,1.3
2024-01-26 12:18:48,4.4,1.65
2024-01-26 12:21:14,4.07,1.67
2024-01-26 12:23:40,4.82,2.15
2024-01-26 12:26:08,3.97,2.13
2024-01-26 12:31:38,2.78,1.58
2024-01-26 12:34:10,3.7,2.05
2024-01-26 12:36:37,5.15,2.45
2024-01-26 12:39:03,5.9,2.22
2024-01-26 12:41:33,4.15,1.52
2024-01-26 12:44:00,3.28,1.73
2024-01-26 12:46:34,3.0,1.65
2024-01-26 12:49:18,3.67,1.6
2024-01-26 12:51:47,5.7,2.22
2024-01-26 12:54:15,2.38,1.35
2024-01-26 12:56:47,5.35,2.3
2024-01-26 12:59:24,3.47,1.77
2024-01-26 13:01:55,4.5,2.15
2024-01-26 13:04:22,6.07,2.45
2024-01-26 13:07:07,4.65,1.92
2024-01-26 13:09:40,4.82,1.75
2024-01-26 13:12:14,3.8,2.03
2024-01-26 13:14:42,3.78,1.42
2024-01-26 13:20:02,3.75,1.73
2024-01-26 13:22:41,6.85,2.42
2024-01-26 13:25:08,3.45,1.42
2024-01-26 13:27:34,3.72,1.13
2024-01-26 13:30:00,3.13,1.8
2024-01-26 13:32:26,4.38,1.9
2024-01-26 13:34:55,3.2,1.67
2024-01-26 13:37:21,4.97,1.65
2024-01-26 13:39:47,7.9,2.8
2024-01-26 13:42:13,4.25,2.22
2024-01-26 13:44:39,5.32,2.5
2024-01-26 13:47:08,4.35,2.28
2024-01-26 13:49:34,4.63,2.35
2024-01-26 13:52:00,8.15,2.28
2024-01-26 13:54:26,5.35,2.6
2024-01-26 13:56:52,5.05,2.42
2024-01-26 13:59:22,6.13,2.97
2024-01-26 14:01:48,2.85,1.25
2024-01-26 14:04:14,5.68,2.38
2024-01-26 14:06:40,8.27,2.58
2024-01-26 14:09:07,4.85,2.25
2024-01-26 14:11:33,4.32,2.0
2024-01-26 14:17:04,5.5,2.3
2024-01-26 14:19:31,3.05,1.63
2024-01-26 14:21:58,3.92,1.77
2024-01-26 14:24:37,2.92,1.3
2024-01-26 14:27:11,3.17,1.38
2024-01-26 14:29:46,3.7,1.88
2024-01-26 14:32:12,4.8,1.6
2024-01-26 14:34:38,6.7,3.35
2024-01-26 14:37:04,4.22,2.4
2024-01-26 14:39:31,7.47,4.13
2024-01-26 14:42:07,7.97,2.5
2024-01-26 14:44:33,4.13,1.77
2024-01-26 14:47:00,3.4,1.73
2024-01-26 14:49:26,7.57,3.55
2024-01-26 14:51:53,7.35,3.85
2024-01-26 14:54:19,3.88,2.17
2024-01-26 14:56:45,3.28,1.75
2024-01-26 15:02:15,5.05,2.05
2024-01-26 15:04:43,3.67,2.42
2024-01-26 15:07:10,3.97,2.42
2024-01-26 15:09:36,4.2,1.9
2024-01-26 15:12:02,6.63,3.1
2024-01-26 15:14:30,8.32,2.97
2024-01-26 15:16:56,7.5,2.88
2024-01-26 15:19:24,6.45,3.47
2024-01-26 15:21:50,8.68,3.45
2024-01-26 15:24:21,11.75,4.93
2024-01-26 15:26:47,10.68,4.9
2024-01-26 15:32:16,7.4,3.22
2024-01-26 15:34:44,5.0,2.8
2024-01-26 15:37:10,6.35,4.07
2024-01-26 15:39:37,10.38,5.05
2024-01-26 15:42:03,6.8,3.63
2024-01-26 15:47:34,12.18,4.97
2024-01-26 15:52:48,9.65,4.7
2024-01-26 15:55:14,14.23,7.28
2024-01-26 15:57:40,11.52,5.2
2024-01-26 16:00:06,15.75,6.35
2024-01-26 16:02:33,13.2,4.72
2024-01-26 16:04:59,8.32,4.57
2024-01-26 16:07:25,7.88,4.4
2024-01-26 16:09:51,8.82,4.1
2024-01-26 16:12:19,11.15,4.72
2024-01-26 16:14:45,8.25,4.32
2024-01-26 16:17:11,9.07,5.47
2024-01-26 16:19:42,9.95,4.6
2024-01-26 16:22:08,11.32,5.88
2024-01-26 16:24:34,15.9,8.18
2024-01-26 16:27:00,13.0,7.4
2024-01-26 16:32:30,12.63,7.2
2024-01-26 16:34:56,12.23,7.35
2024-01-26 16:37:22,17.42,8.13
2024-01-26 16:39:48,21.02,12.23
2024-01-26 16:42:14,29.67,16.08
2024-01-26 16:44:40,21.13,12.82
2024-01-26 16:47:07,31.98,14.82
2024-01-26 16:49:33,29.4,15.23
2024-01-26 16:51:59,26.95,15.77
2024-01-26 16:54:27,28.23,14.75
2024-01-26 16:56:54,28.35,14.6
2024-01-26 17:02:23,28.67,16.7
2024-01-26 17:04:50,24.83,12.0
2024-01-26 17:07:16,22.58,11.68
2024-01-26 17:09:42,21.52,12.4
2024-01-26 17:12:08,24.1,12.3
2024-01-26 17:17:37,22.73,12.25
2024-01-26 17:20:04,26.23,13.5
2024-01-26 17:22:30,23.8,12.6
2024-01-26 17:25:01,26.23,13.15
2024-01-26 17:27:30,28.08,13.7
2024-01-26 17:29:56,13.55,7.93
2024-01-26 17:32:24,18.95,10.3
2024-01-26 17:34:50,23.45,11.63
2024-01-26 17:37:16,17.9,9.35
2024-01-26 17:39:42,21.33,9.07
2024-01-26 17:42:09,13.32,6.8
2024-01-26 17:47:38,9.75,3.95
2024-01-26 17:50:07,6.8,3.2
2024-01-26 17:52:33,9.32,5.1
2024-01-26 17:55:00,14.52,4.85
2024-01-26 17:57:26,10.68,5.63
2024-01-26 17:59:52,13.6,6.65
2024-01-26 18:02:19,13.18,6.5
2024-01-26 18:04:45,12.77,7.5
2024-01-26 18:07:11,14.75,6.63
2024-01-26 18:09:37,12.88,6.85
2024-01-26 18:12:04,18.65,8.95
2024-01-26 18:17:33,13.4,7.0
2024-01-26 18:19:59,17.5,8.27
2024-01-26 18:22:26,20.63,9.93
2024-01-26 18:24:53,24.42,13.48
2024-01-26 18:27:19,19.52,12.88
2024-01-26 18:32:49,29.98,17.08
2024-01-26 18:35:15,30.73,16.98
2024-01-26 18:37:41,29.27,16.63
2024-01-26 18:40:09,27.98,14.73
2024-01-26 18:42:36,29.45,14.9
2024-01-26 18:45:03,35.35,17.6
2024-01-26 18:47:29,40.92,17.92
2024-01-26 18:49:55,31.15,17.65
2024-01-26 18:52:21,37.53,18.2
2024-01-26 18:54:47,33.15,16.2
2024-01-26 18:57:13,27.9,16.5
2024-01-26 19:02:43,29.23,14.13
2024-01-26 19:05:09,27.0,13.48
2024-01-26 19:07:36,38.53,22.38
2024-01-26 19:10:04,41.25,21.88
2024-01-26 19:12:30,35.3,16.9
2024-01-26 19:18:00,58.97,29.33
2024-01-26 19:20:26,63.28,28.52
2024-01-26 19:22:52,76.43,35.88
2024-01-26 19:25:18,165.63,67.82
2024-01-26 19:27:44,172.5,64.68
2024-01-26 19:30:10,96.25,45.45
2024-01-26 19:32:37,132.57,53.1
2024-01-26 19:35:03,125.6,51.47
2024-01-26 19:37:31,133.7,53.7
2024-01-26 19:39:58,114.65,49.58
2024-01-26 19:42:24,124.72,52.15
2024-01-26 19:47:53,88.35,39.83
2024-01-26 19:50:20,110.78,46.97
2024-01-26 19:52:46,100.68,39.9
2024-01-26 19:55:13,75.32,34.7
2024-01-26 19:57:41,84.38,39.45
2024-01-26 20:00:07,79.57,38.8
2024-01-26 20:02:34,83.6,39.42
2024-01-26 20:05:01,81.7,34.83
2024-01-26 20:07:28,77.68,36.17
2024-01-26 20:09:54,71.8,33.0
2024-01-26 20:12:20,73.85,36.45
2024-01-26 20:17:50,48.0,26.08
2024-01-26 20:20:16,72.03,36.97
2024-01-26 20:22:42,68.07,34.83
2024-01-26 20:25:09,63.92,36.03
2024-01-26 20:27:36,74.88,38.0
2024-01-26 20:33:06,70.1,38.63
2024-01-26 20:35:32,72.72,38.4
2024-01-26 20:37:59,56.33,34.28
2024-01-26 20:40:25,59.9,32.75
2024-01-26 20:42:53,74.35,39.65
2024-01-26 20:45:25,54.28,29.8
2024-01-26 20:47:51,58.95,31.65
2024-01-26 20:50:17,53.42,30.17
2024-01-26 20:52:43,53.13,29.67
2024-01-26 20:55:09,53.05,28.6
2024-01-26 20:57:35,50.3,27.15
2024-01-26 21:03:05,39.4,21.55
2024-01-26 21:05:33,48.25,23.42
2024-01-26 21:08:04,35.45,20.88
2024-01-26 21:10:30,37.3,20.23
2024-01-26 21:12:57,43.28,22.73
2024-01-26 21:15:23,38.85,19.08
2024-01-26 21:17:50,34.38,18.35
2024-01-26 21:20:16,34.4,19.17
2024-01-26 21:22:48,25.2,14.77
2024-01-26 21:25:18,31.65,16.73
2024-01-26 21:27:47,22.6,12.63
2024-01-26 21:33:17,11.65,6.85
2024-01-26 21:35:43,23.5,12.32
2024-01-26 21:38:09,27.05,13.63
2024-01-26 21:40:35,32.97,15.07
2024-01-26 21:43:01,29.5,15.75
2024-01-26 21:45:28,28.25,13.63
2024-01-26 21:47:54,20.5,11.3
2024-01-26 21:50:20,22.92,12.7
2024-01-26 21:52:47,30.83,16.13
2024-01-26 21:55:13,28.65,16.13
2024-01-26 21:57:40,28.1,15.23
2024-01-26 22:03:09,27.77,15.15
2024-01-26 22:05:35,34.33,16.17
2024-01-26 22:08:01,26.77,10.15
2024-01-26 22:10:28,29.55,14.73
2024-01-26 22:12:55,25.6,12.45
2024-01-26 22:18:25,21.0,10.25
2024-01-26 22:20:51,17.65,9.35
2024-01-26 22:23:17,15.57,8.57
2024-01-26 22:25:43,21.3,12.45
2024-01-26 22:28:09,21.83,10.6
2024-01-26 22:30:35,20.08,11.52
2024-01-26 22:33:01,23.73,13.32
2024-01-26 22:35:27,31.38,14.95
2024-01-26 22:37:54,18.35,12.0
2024-01-26 22:40:20,21.52,12.25
2024-01-26 22:42:46,21.67,11.5
2024-01-26 22:48:15,31.25,16.92
2024-01-26 22:50:42,41.63,21.63
2024-01-26 22:53:08,54.08,25.23
2024-01-26 22:55:34,40.17,22.77
2024-01-26 22:58:00,35.95,19.95
2024-01-26 23:03:32,53.42,26.58
2024-01-26 23:05:58,42.95,23.15
2024-01-26 23:08:26,32.83,18.27
2024-01-26 23:10:52,25.13,16.05
2024-01-26 23:13:20,26.4,16.0
2024-01-26 23:15:46,28.25,14.48
2024-01-26 23:18:12,24.77,14.45
2024-01-26 23:20:39,24.6,13.48
2024-01-26 23:23:05,25.27,13.5
2024-01-26 23:25:31,33.08,17.1
2024-01-26 23:27:57,28.7,16.13
2024-01-26 23:33:27,42.63,19.17
2024-01-26 23:35:53,39.7,18.1
2024-01-26 23:38:19,40.38,18.9
2024-01-26 23:40:45,34.85,17.8
2024-01-26 23:43:11,32.67,17.15
2024-01-26 23:48:59,36.88,19.08
2024-01-26 23:51:25,32.78,17.25
2024-01-26 23:53:51,35.38,16.9
2024-01-26 23:56:20,34.8,17.38
2024-01-26 23:58:46,31.77,16.88
2024-01-27 00:01:12,25.3,14.68
2024-01-27 00:03:38,28.83,17.27
2024-01-27 00:06:04,39.1,18.08
2024-01-27 00:08:30,32.72,17.27
2024-01-27 00:10:56,31.33,16.52
2024-01-27 00:13:23,37.47,18.45
2024-01-27 00:15:49,41.5,17.98
2024-01-27 00:18:15,34.5,16.98
2024-01-27 00:20:41,33.65,14.25
2024-01-27 00:23:07,27.48,14.1
2024-01-27 00:25:34,32.05,16.85
2024-01-27 00:28:00,31.48,16.77
2024-01-27 00:33:29,27.95,14.45
2024-01-27 00:35:56,26.67,14.18
2024-01-27 00:38:22,29.38,13.48
2024-01-27 00:40:48,23.73,14.23
2024-01-27 00:43:14,26.35,14.1
2024-01-27 00:48:43,21.6,13.32
2024-01-27 00:51:09,29.75,15.15
2024-01-27 00:53:35,30.27,15.18
2024-01-27 00:56:01,25.92,14.27
2024-01-27 00:58:28,23.13,12.9
2024-01-27 01:00:54,13.55,7.65
2024-01-27 01:03:20,22.92,12.3
2024-01-27 01:05:46,33.83,18.05
2024-01-27 01:08:12,37.5,20.48
2024-01-27 01:10:38,56.55,26.5
2024-01-27 01:13:04,40.88,23.17
2024-01-27 01:18:34,38.85,20.1
2024-01-27 01:21:00,38.78,21.55
2024-01-27 01:23:26,45.4,22.85
2024-01-27 01:25:52,47.47,21.65
2024-01-27 01:28:20,38.25,21.58
2024-01-27 01:33:49,41.28,19.67
2024-01-27 01:36:16,40.6,20.38
2024-01-27 01:38:42,31.08,17.25
2024-01-27 01:41:08,35.83,19.63
2024-01-27 01:43:34,22.13,13.65
2024-01-27 01:46:00,38.08,21.1
2024-01-27 01:48:26,32.0,17.85
2024-01-27 01:50:52,35.8,19.02
2024-01-27 01:53:18,36.55,18.33
2024-01-27 01:55:45,29.88,17.52
2024-01-27 01:58:11,31.33,16.63
2024-01-27 02:03:50,29.77,16.92
2024-01-27 02:06:17,29.98,16.1
2024-01-27 02:08:43,27.1,15.3
2024-01-27 02:11:09,30.77,16.5
2024-01-27 02:13:35,24.77,14.18
2024-01-27 02:16:01,27.15,14.3
2024-01-27 02:18:27,21.2,13.95
2024-01-27 02:20:53,25.67,15.63
2024-01-27 02:23:19,25.7,15.23
2024-01-27 02:25:45,27.0,15.18
2024-01-27 02:28:11,28.42,16.33
2024-01-27 02:33:43,25.0,12.9
2024-01-27 02:36:09,21.88,12.38
2024-01-27 02:38:35,23.15,13.15
2024-01-27 02:41:01,32.92,15.13
2024-01-27 02:43:27,30.8,15.45
2024-01-27 02:48:57,33.08,15.57
2024-01-27 02:51:24,27.6,14.98
2024-01-27 02:53:50,23.9,13.57
2024-01-27 02:56:16,24.17,13.63
2024-01-27 02:58:42,25.2,14.98
2024-01-27 03:01:08,23.48,13.7
2024-01-27 03:03:34,25.65,14.7
2024-01-27 03:06:00,24.95,14.27
2024-01-27 03:08:26,26.88,13.85
2024-01-27 03:10:52,34.88,16.27
2024-01-27 03:13:18,28.23,15.05
2024-01-27 03:18:48,30.17,14.52
2024-01-27 03:21:14,26.65,14.65
2024-01-27 03:23:40,30.52,16.0
2024-01-27 03:26:06,28.8,14.57
2024-01-27 03:28:32,32.53,16.1
2024-01-27 03:34:02,25.0,13.52
2024-01-27 03:36:28,22.3,12.65
2024-01-27 03:38:56,24.0,12.13
2024-01-27 03:41:22,19.02,12.63
2024-01-27 03:43:48,21.8,13.23
2024-01-27 03:46:14,18.0,11.35
2024-01-27 03:48:40,49.92,20.05
2024-01-27 03:51:06,38.95,17.38
2024-01-27 03:53:33,40.63,18.35
2024-01-27 03:55:59,46.05,18.3
2024-01-27 03:58:27,30.55,15.98
2024-01-27 04:03:59,37.17,18.52
2024-01-27 04:06:25,27.15,14.32
2024-01-27 04:08:51,24.55,13.1
2024-01-27 04:11:21,21.65,12.32
2024-01-27 04:19:16,17.38,10.07
2024-01-27 04:21:42,17.0,10.25
2024-01-27 04:24:09,14.63,8.77
2024-01-27 04:26:35,16.92,9.6
2024-01-27 04:29:01,18.63,10.1
2024-01-27 04:31:27,14.5,9.23
2024-01-27 04:33:53,14.73,8.23
2024-01-27 04:36:26,17.7,10.05
2024-01-27 04:38:53,15.48,9.57
2024-01-27 04:41:19,13.88,8.5
2024-01-27 04:43:45,16.75,9.27
2024-01-27 04:49:15,17.0,10.05
2024-01-27 04:51:41,18.92,9.85
2024-01-27 04:54:07,16.67,9.52
2024-01-27 04:56:34,14.57,8.88
2024-01-27 04:59:00,13.05,8.9
2024-01-27 05:01:26,15.18,9.23
2024-01-27 05:03:52,16.8,9.05
2024-01-27 05:06:19,16.08,8.52
2024-01-27 05:08:45,17.52,8.1
2024-01-27 05:11:11,12.45,7.35
2024-01-27 05:13:37,15.55,8.98
2024-01-27 05:19:07,17.42,9.15
2024-01-27 05:21:33,13.82,7.57
2024-01-27 05:23:59,15.07,8.55
2024-01-27 05:26:25,35.75,15.57
2024-01-27 05:28:51,16.3,9.68
2024-01-27 05:34:20,11.57,7.75
2024-01-27 05:36:47,20.38,9.15
2024-01-27 05:39:13,13.77,6.93
2024-01-27 05:41:39,16.15,9.45
2024-01-27 05:44:05,25.83,13.98
2024-01-27 05:46:31,21.6,12.73
2024-01-27 05:48:57,29.27,16.6
2024-01-27 05:51:28,17.65,9.07
2024-01-27 05:53:55,32.38,19.0
2024-01-27 05:56:21,28.42,15.77
2024-01-27 05:58:47,33.72,18.38
2024-01-27 06:04:17,30.15,16.65
2024-01-27 06:06:43,36.6,19.33
2024-01-27 06:09:09,42.15,19.05
2024-01-27 06:11:39,26.75,13.3
2024-01-27 06:14:05,21.98,11.65
2024-01-27 06:19:35,24.08,12.82
2024-01-27 06:22:01,22.73,13.35
2024-01-27 06:24:27,28.13,14.15
2024-01-27 06:26:53,21.65,12.18
2024-01-27 06:29:20,18.23,11.65
2024-01-27 06:31:47,20.77,11.57
2024-01-27 06:34:13,26.38,14.57
2024-01-27 06:36:39,28.42,15.52
2024-01-27 06:39:05,31.65,16.58
2024-01-27 06:41:33,28.7,15.63
2024-01-27 06:43:59,32.28,17.13
2024-01-27 06:49:31,23.95,14.88
2024-01-27 06:51:58,23.6,12.7
2024-01-27 06:54:25,33.88,18.15
2024-01-27 06:56:51,48.42,22.65
2024-01-27 06:59:17,39.42,20.8
2024-01-27 07:01:47,36.8,19.13
2024-01-27 07:04:13,30.4,15.93
2024-01-27 07:06:39,20.25,11.27
2024-01-27 07:09:05,22.85,13.5
2024-01-27 07:11:32,28.8,14.63
2024-01-27 07:13:58,20.45,12.32
2024-01-27 07:19:28,14.23,6.78
2024-01-27 07:21:54,20.85,11.82
2024-01-27 07:24:20,22.9,12.2
2024-01-27 07:26:46,35.95,21.98
2024-01-27 07:29:13,21.02,13.32
2024-01-27 07:34:42,7.1,5.03
2024-01-27 07:37:09,13.8,8.25
2024-01-27 07:39:35,12.35,6.9
2024-01-27 07:42:01,12.88,6.55
2024-01-27 07:44:27,12.3,6.65
2024-01-27 07:46:54,9.27,5.22
2024-01-27 07:49:21,9.88,5.57
2024-01-27 07:51:47,13.32,8.05
2024-01-27 07:54:13,13.95,7.18
2024-01-27 07:56:39,21.95,12.63
2024-01-27 07:59:06,19.17,10.48
2024-01-27 08:04:42,24.5,14.7
2024-01-27 08:07:08,24.52,13.93
2024-01-27 08:09:39,23.52,14.77
2024-01-27 08:12:06,19.88,13.23
2024-01-27 08:14:32,18.67,9.2
2024-01-27 08:17:00,10.57,7.4
2024-01-27 08:19:28,22.27,11.73
2024-01-27 08:21:54,19.85,11.8
2024-01-27 08:24:20,10.6,7.53
2024-01-27 08:26:49,15.52,9.25
2024-01-27 08:29:15,16.95,10.68
2024-01-27 08:34:44,5.05,2.28
2024-01-27 08:37:17,7.85,2.85
2024-01-27 08:39:43,5.78,2.0
2024-01-27 08:42:09,4.57,2.55
2024-01-27 08:44:36,3.72,1.6
2024-01-27 08:47:02,3.33,1.8
2024-01-27 08:49:28,2.67,1.35
2024-01-27 08:51:54,4.55,2.13
2024-01-27 08:54:20,3.2,1.9
2024-01-27 08:56:46,4.93,3.05
2024-01-27 08:59:12,3.95,2.17
2024-01-27 09:04:42,5.22,1.77
2024-01-27 09:07:08,3.05,1.8
2024-01-27 09:09:34,3.9,2.1
2024-01-27 09:12:03,3.95,2.38
2024-01-27 09:14:29,5.85,2.45
2024-01-27 09:19:58,3.45,2.22
2024-01-27 09:22:24,3.67,1.58
2024-01-27 09:24:51,4.38,1.58
2024-01-27 09:27:18,3.8,2.1
2024-01-27 09:29:44,4.78,2.25
2024-01-27 09:32:10,4.32,2.4
2024-01-27 09:34:36,6.55,3.25
2024-01-27 09:37:02,2.2,1.05
2024-01-27 09:39:29,3.65,1.92
2024-01-27 09:41:56,2.17,1.42
2024-01-27 09:44:22,4.72,2.35
2024-01-27 09:49:54,5.1,1.95
2024-01-27 09:52:20,5.63,2.0
2024-01-27 09:54:46,4.28,1.42
2024-01-27 09:57:12,4.78,2.25
2024-01-27 09:59:40,5.47,3.22
2024-01-27 10:05:28,6.4,2.47
2024-01-27 10:07:55,2.55,1.42
2024-01-27 10:10:21,2.9,1.58
2024-01-27 10:12:47,5.97,2.65
2024-01-27 10:15:23,4.15,1.38
2024-01-27 10:17:49,3.9,1.4
2024-01-27 10:20:15,3.33,0.98
2024-01-27 10:22:44,2.38,1.52
2024-01-27 10:25:10,2.3,1.2
2024-01-27 10:27:37,3.55,1.4
2024-01-27 10:30:03,2.95,1.08
2024-01-27 10:32:29,5.4,1.38
2024-01-27 10:35:05,3.42,1.5
2024-01-27 10:37:33,5.47,1.75
2024-01-27 10:40:03,5.4,1.83
2024-01-27 10:42:29,3.83,1.42
2024-01-27 10:44:59,2.5,1.13
2024-01-27 10:49:52,4.9,2.17
2024-01-27 10:52:21,3.03,1.35
2024-01-27 10:54:53,6.95,3.05
2024-01-27 10:57:20,2.13,1.4
2024-01-27 10:59:46,3.1,2.1
2024-01-27 11:05:17,2.85,1.6
2024-01-27 11:07:44,2.67,1.35
2024-01-27 11:10:10,2.5,1.48
2024-01-27 11:12:36,2.65,1.5
2024-01-27 11:15:02,4.1,1.92
2024-01-27 11:17:37,2.55,1.2
2024-01-27 11:20:03,3.35,2.0
2024-01-27 11:22:30,3.15,1.6
2024-01-27 11:27:39,3.0,1.7
2024-01-27 11:30:06,3.7,1.55
2024-01-27 11:32:35,6.38,3.25
2024-01-27 11:35:02,2.58,1.17
2024-01-27 11:37:30,7.15,3.53
2024-01-27 11:40:05,2.2,1.45
2024-01-27 11:42:32,4.1,1.58
2024-01-27 11:44:58,2.08,1.27
2024-01-27 11:47:25,4.38,2.1
2024-01-27 11:49:52,2.22,0.9
2024-01-27 11:52:18,3.78,1.3
2024-01-27 11:54:53,2.2,1.2
2024-01-27 11:57:19,4.7,2.15
2024-01-27 11:59:45,5.9,1.5
2024-01-27 12:05:14,5.22,2.05
2024-01-27 12:07:41,5.18,1.8
2024-01-27 12:10:07,6.57,4.38
2024-01-27 12:12:33,9.35,6.0
2024-01-27 12:14:59,3.25,1.35
2024-01-27 12:20:47,4.35,2.35
2024-01-27 12:23:14,8.85,2.22
2024-01-27 12:25:40,2.33,1.2
2024-01-27 12:28:06,3.6,1.63
2024-01-27 12:30:33,2.92,0.9
2024-01-27 12:32:59,5.3,1.95
2024-01-27 12:35:25,4.38,2.33
2024-01-27 12:37:52,4.35,2.15
2024-01-27 12:40:21,1.6,1.25
2024-01-27 12:42:48,3.95,1.7
2024-01-27 12:45:14,3.53,1.63
2024-01-27 12:47:40,4.35,2.2
2024-01-27 12:50:07,3.15,1.35
2024-01-27 12:52:33,4.88,1.63
2024-01-27 12:54:59,6.15,2.08
2024-01-27 12:57:25,3.92,1.4
2024-01-27 12:59:51,4.45,1.7
2024-01-27 13:05:23,3.42,1.6
2024-01-27 13:07:52,1.85,1.25
2024-01-27 13:10:26,3.2,1.75
2024-01-27 13:12:54,5.3,2.35
2024-01-27 13:15:23,3.05,1.3
2024-01-27 13:17:51,3.13,1.88
2024-01-27 13:20:17,2.65,1.77
2024-01-27 13:22:49,2.45,1.42
2024-01-27 13:25:16,2.78,1.58
2024-01-27 13:27:42,4.75,2.2
2024-01-27 13:30:08,3.1,2.08
2024-01-27 13:35:38,3.15,1.42
2024-01-27 13:38:12,2.83,1.6
2024-01-27 13:40:41,4.55,1.6
2024-01-27 13:43:07,2.92,1.25
2024-01-27 13:45:34,5.5,2.33
2024-01-27 13:48:00,4.57,1.58
2024-01-27 13:50:26,5.55,2.5
2024-01-27 13:52:55,6.82,2.8
2024-01-27 13:55:21,4.15,2.13
2024-01-27 13:57:48,4.85,2.38
2024-01-27 14:00:14,5.4,2.03
2024-01-27 14:06:02,2.08,1.05
2024-01-27 14:08:28,5.32,2.0
2024-01-27 14:10:54,2.1,1.65
2024-01-27 14:13:21,4.2,1.67
2024-01-27 14:15:47,4.32,1.98
2024-01-27 14:18:13,4.4,1.73
2024-01-27 14:20:45,4.82,2.3
2024-01-27 14:23:12,5.97,1.6
2024-01-27 14:25:38,3.95,2.7
2024-01-27 14:28:04,4.3,2.0
2024-01-27 14:30:32,4.75,2.05
2024-01-27 14:32:59,2.95,2.0
2024-01-27 14:35:25,5.05,2.17
2024-01-27 14:37:51,4.85,2.5
2024-01-27 14:40:19,4.65,2.3
2024-01-27 14:42:46,4.72,2.67
2024-01-27 14:45:14,4.2,1.85
2024-01-27 14:50:45,3.7,1.85
2024-01-27 14:53:17,8.77,2.92
2024-01-27 14:55:43,3.53,1.9
2024-01-27 14:58:10,6.82,3.2
2024-01-27 15:00:36,9.6,4.03
2024-01-27 15:03:05,5.07,2.67
2024-01-27 15:05:32,5.3,2.58
2024-01-27 15:08:01,5.85,3.13
2024-01-27 15:10:28,3.92,2.45
2024-01-27 15:12:54,4.65,2.22
2024-01-27 15:15:20,4.72,3.22
2024-01-27 15:20:50,5.07,2.67
2024-01-27 15:23:16,7.7,3.35
2024-01-27 15:25:42,8.32,3.78
2024-01-27 15:28:10,7.85,4.1
2024-01-27 15:30:36,9.45,3.9
2024-01-27 15:33:02,9.35,5.75
2024-01-27 15:35:28,11.55,6.88
2024-01-27 15:37:57,13.23,6.18
2024-01-27 15:40:23,7.55,3.72
2024-01-27 15:42:51,18.25,6.63
2024-01-27 15:45:17,11.75,5.78
2024-01-27 15:50:46,10.98,4.2
2024-01-27 15:53:12,8.9,4.22
2024-01-27 15:55:38,9.27,4.65
2024-01-27 15:58:04,6.35,3.15
2024-01-27 16:00:32,8.7,4.2
2024-01-27 16:06:20,9.98,3.33
2024-01-27 16:08:46,5.32,2.25
2024-01-27 16:11:12,5.35,2.38
2024-01-27 16:13:38,6.85,2.1
2024-01-27 16:16:04,6.4,2.55
2024-01-27 16:18:31,6.93,2.7
2024-01-27 16:20:57,7.5,3.28
2024-01-27 16:23:23,6.78,2.0
2024-01-27 16:25:49,4.43,2.1
2024-01-27 16:28:15,7.68,3.2
2024-01-27 16:30:41,9.15,3.2
2024-01-27 16:33:08,5.03,2.1
2024-01-27 16:35:34,12.27,2.35
2024-01-27 16:38:00,6.97,2.88
2024-01-27 16:40:26,9.07,2.88
2024-01-27 16:42:52,5.13,3.03
2024-01-27 16:45:18,5.6,1.3
2024-01-27 16:50:48,13.6,6.28
2024-01-27 16:53:14,11.48,6.72
2024-01-27 16:55:40,15.88,8.02
2024-01-27 16:58:07,14.23,6.82
2024-01-27 17:00:33,14.98,6.93
2024-01-27 17:06:03,16.5,9.05
2024-01-27 17:08:31,17.25,8.4
2024-01-27 17:10:57,18.95,9.65
2024-01-27 17:13:23,28.38,15.2
2024-01-27 17:15:50,24.85,13.07
2024-01-27 17:18:17,16.4,10.95
2024-01-27 17:20:43,20.52,12.7
2024-01-27 17:23:10,22.9,11.77
2024-01-27 17:25:36,22.52,12.32
2024-01-27 17:28:02,18.13,10.63
2024-01-27 17:30:28,15.7,8.82
2024-01-27 17:35:57,13.73,8.18
2024-01-27 17:38:23,17.13,10.57
2024-01-27 17:40:51,20.6,10.35
2024-01-27 17:43:17,18.67,11.15
2024-01-27 17:45:43,20.7,12.68
2024-01-27 17:51:13,24.55,14.85
2024-01-27 17:53:39,16.38,10.88
2024-01-27 17:56:05,27.9,16.42
2024-01-27 17:58:31,32.33,17.73
2024-01-27 18:00:57,12.9,8.2
2024-01-27 18:03:24,29.23,14.7
2024-01-27 18:05:50,35.05,18.5
2024-01-27 18:08:16,31.52,18.08
2024-01-27 18:10:42,29.42,16.92
2024-01-27 18:13:09,53.75,27.52
2024-01-27 18:15:36,12.35,8.2
2024-01-27 18:21:05,12.5,7.65
2024-01-27 18:23:31,8.4,4.53
2024-01-27 18:25:57,13.57,8.23
2024-01-27 18:28:24,13.07,6.35
2024-01-27 18:30:51,12.77,8.05
2024-01-27 18:36:21,18.38,10.43
2024-01-27 18:38:47,15.23,7.97
2024-01-27 18:41:13,13.7,7.2
2024-01-27 18:43:40,14.07,7.75
2024-01-27 18:46:06,15.25,9.32
2024-01-27 18:48:36,26.5,13.18
2024-01-27 18:51:02,22.08,12.13
2024-01-27 18:53:30,24.85,13.3
2024-01-27 18:55:59,20.1,11.6
2024-01-27 18:58:25,22.77,12.73
2024-01-27 19:00:51,23.45,12.45
2024-01-27 19:06:20,23.0,11.52
2024-01-27 19:08:46,24.92,12.05
2024-01-27 19:11:13,21.08,12.02
2024-01-27 19:13:39,20.25,11.38
2024-01-27 19:16:07,22.52,10.95
2024-01-27 19:18:33,18.63,10.75
2024-01-27 19:20:59,22.95,10.48
2024-01-27 19:23:25,18.67,10.73
2024-01-27 19:25:52,21.63,11.4
2024-01-27 19:28:18,24.27,13.02
2024-01-27 19:30:44,32.9,14.13
2024-01-27 19:36:13,37.08,19.83
2024-01-27 19:38:39,34.47,17.35
2024-01-27 19:41:09,32.3,17.52
2024-01-27 19:43:36,18.98,9.98
2024-01-27 19:46:03,10.73,7.18
2024-01-27 19:51:32,22.1,10.52
2024-01-27 19:53:59,3.45,2.25
2024-01-27 19:56:25,15.8,8.65
2024-01-27 19:58:51,10.0,7.05
2024-01-27 20:01:17,10.5,6.05
2024-01-27 20:03:43,16.9,8.5
2024-01-27 20:06:11,20.23,8.82
2024-01-27 20:08:37,12.07,5.63
2024-01-27 20:11:05,18.58,11.27
2024-01-27 20:13:32,14.07,7.9
2024-01-27 20:15:58,10.48,5.45
2024-01-27 20:21:28,23.73,11.73
2024-01-27 20:23:54,14.88,8.98
2024-01-27 20:26:20,9.85,5.65
2024-01-27 20:28:46,20.88,9.43
2024-01-27 20:31:12,7.7,2.8
2024-01-27 20:33:38,5.93,2.33
2024-01-27 20:36:06,7.7,3.9
2024-01-27 20:38:33,6.47,3.0
2024-01-27 20:41:02,4.78,3.0
2024-01-27 20:43:28,3.88,2.03
2024-01-27 20:45:54,4.1,1.8
2024-01-27 20:51:23,4.6,2.28
2024-01-27 20:53:50,3.85,1.8
2024-01-27 20:56:16,2.67,1.4
2024-01-27 20:58:42,1.92,1.17
2024-01-27 21:01:08,1.63,1.2
2024-01-27 21:06:38,4.25,2.38
2024-01-27 21:09:04,6.8,2.75
2024-01-27 21:11:30,10.43,4.22
2024-01-27 21:13:57,4.38,1.88
2024-01-27 21:16:23,4.9,2.45
2024-01-27 21:18:49,5.9,2.75
2024-01-27 21:21:15,5.25,2.75
2024-01-27 21:23:41,6.05,3.35
2024-01-27 21:26:07,7.15,3.4
2024-01-27 21:28:33,4.78,2.2
2024-01-27 21:30:59,4.0,2.5
2024-01-27 21:36:29,4.53,2.9
2024-01-27 21:38:56,7.43,4.53
2024-01-27 21:41:24,8.3,3.8
2024-01-27 21:43:50,5.57,3.47
2024-01-27 21:46:22,8.9,4.8
2024-01-27 21:48:48,7.68,3.88
2024-01-27 21:51:14,9.55,4.05
2024-01-27 21:53:41,7.03,3.9
2024-01-27 21:56:07,5.72,3.83
2024-01-27 21:58:33,6.32,3.47
2024-01-27 22:01:00,9.8,5.4
2024-01-27 22:06:29,19.38,11.45
2024-01-27 22:08:55,20.9,11.63
2024-01-27 22:11:22,21.7,12.05
2024-01-27 22:13:48,23.02,11.0
2024-01-27 22:16:15,14.95,9.43
2024-01-27 22:21:44,19.17,9.3
2024-01-27 22:24:10,13.98,8.68
2024-01-27 22:26:40,14.1,8.75
2024-01-27 22:29:06,17.9,9.98
2024-01-27 22:31:32,18.67,11.07
2024-01-27 22:33:58,20.75,10.68
2024-01-27 22:36:24,13.6,8.85
2024-01-27 22:38:50,20.08,11.55
2024-01-27 22:41:16,20.55,11.05
2024-01-27 22:43:43,17.42,8.88
2024-01-27 22:46:09,14.82,8.52
2024-01-27 22:51:40,15.73,8.88
2024-01-27 22:54:07,10.45,6.18
2024-01-27 22:56:34,3.2,1.92
2024-01-27 22:59:00,7.75,3.67
2024-01-27 23:01:26,4.97,2.15
2024-01-27 23:06:56,3.58,1.58
2024-01-27 23:09:22,6.8,2.35
2024-01-27 23:11:50,4.72,2.3
2024-01-27 23:14:16,5.18,2.35
2024-01-27 23:16:42,4.22,2.17
2024-01-27 23:19:08,2.97,1.7
2024-01-27 23:21:37,2.28,1.52
2024-01-27 23:24:05,4.2,1.9
2024-01-27 23:26:31,2.38,1.55
2024-01-27 23:28:57,5.7,2.2
2024-01-27 23:31:23,6.15,2.95
2024-01-27 23:36:53,3.63,1.77
2024-01-27 23:39:19,3.6,1.58
2024-01-27 23:41:45,5.45,2.55
2024-01-27 23:44:11,4.7,2.4
2024-01-27 23:46:37,5.97,2.9
2024-01-27 23:49:03,4.8,2.13
2024-01-27 23:51:29,5.1,2.05
2024-01-27 23:56:25,5.2,2.53
2024-01-27 23:58:51,4.45,2.28
2024-01-28 00:01:17,6.28,3.08
2024-01-28 00:06:47,5.88,2.72
2024-01-28 00:09:13,9.82,5.2
2024-01-28 00:11:39,11.57,5.32
2024-01-28 00:14:08,10.23,5.3
2024-01-28 00:16:34,12.35,5.5
2024-01-28 00:22:04,6.13,3.33
2024-01-28 00:24:30,6.93,3.03
2024-01-28 00:26:56,6.05,2.78
2024-01-28 00:29:22,7.18,3.15
2024-01-28 00:31:57,4.55,2.45
2024-01-28 00:34:26,4.4,1.85
2024-01-28 00:36:52,7.9,3.17
2024-01-28 00:39:19,6.28,3.3
2024-01-28 00:41:45,4.9,2.5
2024-01-28 00:44:11,6.32,2.75
2024-01-28 00:46:37,4.25,2.45
2024-01-28 00:52:20,3.63,2.08
2024-01-28 00:54:46,3.35,1.77
2024-01-28 00:57:12,3.88,2.03
2024-01-28 00:59:38,5.72,2.17
2024-01-28 01:02:04,4.63,1.92
2024-01-28 01:04:30,3.8,2.1
2024-01-28 01:06:56,2.6,1.95
2024-01-28 01:09:23,3.1,2.22
2024-01-28 01:11:49,4.43,1.88
2024-01-28 01:14:15,2.67,1.45
2024-01-28 01:16:41,2.45,1.5
2024-01-28 01:22:11,3.17,1.92
2024-01-28 01:24:37,1.83,1.35
2024-01-28 01:27:04,2.83,1.73
2024-01-28 01:29:30,3.67,2.1
2024-01-28 01:31:56,2.92,1.52
2024-01-28 01:34:22,5.65,2.08
2024-01-28 01:36:48,2.95,1.9
2024-01-28 01:39:14,5.15,2.72
2024-01-28 01:41:42,4.65,2.58
2024-01-28 01:44:09,5.95,3.13
2024-01-28 01:46:35,8.07,4.1
2024-01-28 01:52:05,9.82,4.25
2024-01-28 01:54:32,10.8,5.35
2024-01-28 01:56:58,9.15,4.75
2024-01-28 01:59:24,5.65,3.3
2024-01-28 02:01:51,3.9,2.65
2024-01-28 02:07:23,5.25,3.5
2024-01-28 02:09:50,5.82,3.25
2024-01-28 02:12:16,4.15,3.17
2024-01-28 02:14:42,7.55,4.57
2024-01-28 02:17:09,8.05,3.4
2024-01-28 02:19:35,7.07,3.67
2024-01-28 02:22:01,8.3,3.25
2024-01-28 02:24:27,6.03,2.88
2024-01-28 02:26:53,10.3,5.3
2024-01-28 02:29:19,10.98,5.9
2024-01-28 02:31:45,12.18,6.0
2024-01-28 02:37:15,6.05,3.9
2024-01-28 02:39:41,2.95,1.9
2024-01-28 02:42:07,4.6,1.88
2024-01-28 02:44:33,2.3,1.6
2024-01-28 02:47:01,4.15,1.8
2024-01-28 02:52:49,6.88,3.5
2024-01-28 02:55:15,4.53,2.42
2024-01-28 02:57:41,4.47,2.35
2024-01-28 03:00:07,5.43,3.45
2024-01-28 03:02:33,6.68,3.67
2024-01-28 03:05:00,3.53,1.85
2024-01-28 03:07:26,3.1,1.8
2024-01-28 03:09:52,4.88,2.22
2024-01-28 03:12:18,2.95,1.9
2024-01-28 03:14:44,3.65,1.8
2024-01-28 03:17:10,4.05,2.4
2024-01-28 03:19:36,4.38,1.92
2024-01-28 03:22:02,5.63,2.4
2024-01-28 03:24:28,3.3,2.08
2024-01-28 03:26:54,4.55,2.22
2024-01-28 03:29:21,4.78,2.53
2024-01-28 03:31:47,9.38,4.82
2024-01-28 03:37:16,2.63,1.75
2024-01-28 03:39:43,4.1,2.1
2024-01-28 03:42:09,3.65,2.25
2024-01-28 03:44:36,3.33,1.7
2024-01-28 03:47:02,5.9,2.7
2024-01-28 03:52:32,2.58,1.67
2024-01-28 03:54:58,2.58,1.65
2024-01-28 03:57:24,3.1,1.92
2024-01-28 03:59:50,3.78,1.92
2024-01-28 04:02:16,3.97,1.6
2024-01-28 04:04:43,4.55,1.83
2024-01-28 04:07:09,3.7,1.6
2024-01-28 04:09:36,3.0,1.6
2024-01-28 04:12:03,5.3,2.03
2024-01-28 04:14:31,3.3,1.77
2024-01-28 04:16:58,3.83,1.77
2024-01-28 04:22:27,2.47,1.1
2024-01-28 04:24:53,2.5,1.77
2024-01-28 04:27:19,5.15,1.7
2024-01-28 04:29:46,1.58,1.05
2024-01-28 04:32:12,2.88,1.8
2024-01-28 04:37:43,2.63,1.67
2024-01-28 04:40:09,2.92,1.27
2024-01-28 04:42:35,3.65,1.83
2024-01-28 04:45:02,3.95,2.1
2024-01-28 04:47:28,4.0,2.42
2024-01-28 04:49:54,3.63,1.58
2024-01-28 04:52:20,2.75,1.4
2024-01-28 04:54:46,3.45,1.7
2024-01-28 04:57:12,6.03,1.65
2024-01-28 04:59:38,5.45,1.85
2024-01-28 05:02:04,2.55,1.6
2024-01-28 05:07:35,3.45,1.9
2024-01-28 05:10:01,3.13,1.9
2024-01-28 05:12:28,2.83,1.42
2024-01-28 05:14:55,3.55,1.58
2024-01-28 05:17:21,4.15,1.75
2024-01-28 05:22:52,2.78,1.63
2024-01-28 05:25:18,2.15,0.95
2024-01-28 05:27:44,3.78,1.63
2024-01-28 05:30:10,2.17,1.2
2024-01-28 05:32:36,2.9,1.35
2024-01-28 05:35:02,3.28,1.95
2024-01-28 05:37:30,2.8,1.45
2024-01-28 05:39:56,3.58,1.7
2024-01-28 05:42:22,4.57,1.23
2024-01-28 05:44:48,3.17,1.58
2024-01-28 05:47:14,2.67,1.38
2024-01-28 05:52:44,2.15,1.5
2024-01-28 05:55:10,2.2,1.33
2024-01-28 05:57:36,2.35,1.33
2024-01-28 06:00:02,3.0,1.67
2024-01-28 06:02:29,4.78,1.88
2024-01-28 06:08:17,4.13,2.1
2024-01-28 06:10:43,3.85,1.58
2024-01-28 06:13:09,5.5,2.17
2024-01-28 06:15:35,5.0,2.9
2024-01-28 06:18:01,6.53,2.5
2024-01-28 06:20:27,4.3,2.38
2024-01-28 06:22:53,4.13,2.6
2024-01-28 06:25:19,4.75,2.88
2024-01-28 06:27:46,7.22,3.67
2024-01-28 06:30:12,6.85,4.35
2024-01-28 06:32:38,15.43,6.43
2024-01-28 06:35:04,12.88,6.13
2024-01-28 06:37:32,14.75,6.95
2024-01-28 06:39:58,13.8,6.22
2024-01-28 06:42:24,20.17,9.65
2024-01-28 06:44:50,14.7,7.32
2024-01-28 06:47:16,12.73,5.57
2024-01-28 06:52:46,19.52,9.63
2024-01-28 06:55:16,19.48,8.55
2024-01-28 06:57:42,20.05,8.52
2024-01-28 07:00:08,29.38,13.13
2024-01-28 07:02:39,23.0,9.52
2024-01-28 07:05:05,18.52,9.73
2024-01-28 07:07:34,6.4,3.33
2024-01-28 07:10:00,8.05,4.9
2024-01-28 07:12:26,9.68,5.15
2024-01-28 07:14:52,10.48,5.47
2024-01-28 07:17:18,9.13,4.88
2024-01-28 07:22:47,13.9,6.68
2024-01-28 07:25:14,12.48,6.0
2024-01-28 07:27:40,3.2,2.08
2024-01-28 07:30:06,16.3,6.38
2024-01-28 07:32:32,9.73,5.68
2024-01-28 07:38:03,10.82,4.88
2024-01-28 07:40:29,6.75,3.0
2024-01-28 07:42:55,7.18,3.88
2024-01-28 07:45:22,5.93,2.67
2024-01-28 07:47:48,6.35,2.0
2024-01-28 07:50:14,2.67,1.8
2024-01-28 07:52:41,11.4,4.82
2024-01-28 07:55:08,4.78,2.0
2024-01-28 07:57:34,5.1,2.55
2024-01-28 08:00:00,3.85,2.22
2024-01-28 08:02:27,6.0,2.47
2024-01-28 08:07:57,5.22,2.0
2024-01-28 08:10:23,5.0,1.83
2024-01-28 08:12:49,3.67,2.17
2024-01-28 08:15:16,8.13,2.72
2024-01-28 08:17:44,5.8,2.7
2024-01-28 08:23:14,6.75,2.1
2024-01-28 08:25:40,5.53,2.88
2024-01-28 08:28:06,6.25,3.25
2024-01-28 08:30:32,6.88,3.35
2024-01-28 08:32:58,7.85,3.47
2024-01-28 08:35:25,8.07,2.9
2024-01-28 08:37:51,8.52,4.6
2024-01-28 08:40:17,7.45,3.9
2024-01-28 08:42:44,5.07,3.0
2024-01-28 08:45:10,4.53,2.2
2024-01-28 08:47:36,2.88,1.73
2024-01-28 08:53:05,5.25,2.4
2024-01-28 08:55:32,7.57,3.15
2024-01-28 08:57:58,4.95,2.22
2024-01-28 09:00:24,6.13,2.5
2024-01-28 09:02:50,5.3,2.78
2024-01-28 09:08:20,3.7,2.03
2024-01-28 09:10:46,2.97,1.55
2024-01-28 09:13:12,3.8,2.0
2024-01-28 09:15:38,7.53,2.67
2024-01-28 09:18:04,4.95,2.0
2024-01-28 09:20:31,4.78,2.33
2024-01-28 09:22:57,4.1,1.85
2024-01-28 09:25:23,7.63,3.08
2024-01-28 09:27:50,6.18,3.9
2024-01-28 09:30:17,12.0,6.57
2024-01-28 09:32:43,13.23,6.7
2024-01-28 09:38:15,7.85,4.07
2024-01-28 09:40:41,6.3,2.95
2024-01-28 09:43:18,3.88,2.45
2024-01-28 09:45:46,6.88,2.92
2024-01-28 09:48:12,5.18,2.5
2024-01-28 09:50:38,4.2,2.5
2024-01-28 09:53:05,7.78,2.7
2024-01-28 09:55:31,8.02,3.47
2024-01-28 09:57:58,5.82,2.6
2024-01-28 10:00:25,3.55,1.85
2024-01-28 10:02:51,3.28,2.0
2024-01-28 10:08:21,5.97,2.6
2024-01-28 10:10:47,6.45,3.13
2024-01-28 10:13:13,4.03,2.13
2024-01-28 10:15:39,4.13,1.8
2024-01-28 10:18:05,2.88,1.98
2024-01-28 10:20:31,3.22,2.2
2024-01-28 10:22:58,4.0,2.2
2024-01-28 10:25:25,3.45,1.67
2024-01-28 10:27:51,3.72,2.1
2024-01-28 10:30:18,3.75,2.55
2024-01-28 10:32:44,6.05,3.05
2024-01-28 10:38:20,5.32,2.25
2024-01-28 10:40:50,6.9,3.05
2024-01-28 10:43:16,4.82,2.92
2024-01-28 10:48:16,5.47,2.65
2024-01-28 10:50:42,5.25,2.85
2024-01-28 10:53:09,6.88,3.58
2024-01-28 10:55:38,4.25,2.13
2024-01-28 10:58:05,7.43,2.78
2024-01-28 11:00:31,3.58,2.4
2024-01-28 11:02:57,4.6,2.6
2024-01-28 11:08:29,6.32,3.2
2024-01-28 11:10:55,7.13,3.1
2024-01-28 11:13:21,9.27,4.28
2024-01-28 11:15:47,7.57,3.08
2024-01-28 11:18:13,7.05,3.38
2024-01-28 11:20:40,4.13,2.4
2024-01-28 11:23:13,4.43,2.42
2024-01-28 11:25:42,7.05,2.75
2024-01-28 11:28:12,6.45,3.3
2024-01-28 11:30:38,4.0,2.6
2024-01-28 11:33:11,4.8,2.2
2024-01-28 11:38:41,6.0,3.42
2024-01-28 11:41:09,8.2,4.28
2024-01-28 11:43:36,6.75,3.08
2024-01-28 11:46:02,7.85,4.03
2024-01-28 11:48:29,7.8,2.83
2024-01-28 11:50:55,11.95,4.65
2024-01-28 11:53:21,11.38,5.05
2024-01-28 11:55:47,5.93,2.8
2024-01-28 11:58:13,10.32,3.97
2024-01-28 12:00:41,23.5,9.05
2024-01-28 12:03:07,8.6,3.85
2024-01-28 12:08:40,6.8,3.17
2024-01-28 12:13:32,4.25,2.08
2024-01-28 12:15:58,3.58,1.73
2024-01-28 12:18:31,4.35,2.05
2024-01-28 12:20:57,3.75,1.95
2024-01-28 12:23:23,9.35,5.0
2024-01-28 12:25:49,11.3,5.53
2024-01-28 12:28:15,11.15,5.78
2024-01-28 12:30:41,8.75,4.53
2024-01-28 12:33:08,15.07,6.57
2024-01-28 12:38:37,10.8,4.97
2024-01-28 12:41:06,9.68,5.18
2024-01-28 12:43:33,13.68,7.25
2024-01-28 12:45:59,12.4,5.9
2024-01-28 12:48:26,7.95,4.25
2024-01-28 12:50:52,7.07,3.95
2024-01-28 12:53:18,6.45,4.0
2024-01-28 12:55:45,8.7,4.55
2024-01-28 12:58:11,4.55,2.45
2024-01-28 13:00:38,3.53,2.2
2024-01-28 13:03:07,3.92,2.22
2024-01-28 13:08:37,8.9,3.97
2024-01-28 13:11:03,9.77,5.18
2024-01-28 13:13:30,7.38,4.0
2024-01-28 13:15:59,7.35,3.92
2024-01-28 13:18:25,9.45,3.42
2024-01-28 13:23:54,6.2,3.2
2024-01-28 13:26:21,9.63,4.53
2024-01-28 13:28:47,4.47,3.53
2024-01-28 13:31:13,5.88,2.6
2024-01-28 13:33:39,7.03,3.58
2024-01-28 13:36:06,4.47,2.47
2024-01-28 13:38:32,3.97,2.05
2024-01-28 13:40:58,6.03,4.1
2024-01-28 13:43:24,7.25,3.58
2024-01-28 13:45:50,8.0,3.47
2024-01-28 13:48:17,12.45,4.28
2024-01-28 13:53:46,8.1,2.83
2024-01-28 13:56:12,5.35,3.55
2024-01-28 13:58:39,10.73,4.72
2024-01-28 14:01:05,4.9,3.38
2024-01-28 14:03:31,5.43,3.83
2024-01-28 14:09:01,8.52,3.3
2024-01-28 14:11:27,10.38,5.53
2024-01-28 14:13:53,8.8,4.1
2024-01-28 14:16:19,7.32,4.22
2024-01-28 14:18:45,7.0,3.2
2024-01-28 14:21:11,7.43,2.95
2024-01-28 14:23:40,8.6,4.28
2024-01-28 14:26:06,6.53,3.88
2024-01-28 14:28:32,6.55,3.6
2024-01-28 14:30:58,6.78,2.8
2024-01-28 14:33:24,5.57,2.9
2024-01-28 14:38:55,4.13,2.8
2024-01-28 14:41:21,6.35,3.6
2024-01-28 14:43:47,9.57,4.57
2024-01-28 14:46:13,6.32,3.0
2024-01-28 14:48:40,8.75,5.45
2024-01-28 14:54:09,8.1,4.6
2024-01-28 14:56:37,4.55,2.38
2024-01-28 14:59:03,9.57,5.07
2024-01-28 15:01:29,4.88,2.67
2024-01-28 15:03:55,6.47,3.47
2024-01-28 15:06:21,4.75,2.65
2024-01-28 15:08:47,5.15,3.05
2024-01-28 15:11:13,5.47,2.7
2024-01-28 15:13:40,5.65,2.78
2024-01-28 15:16:07,5.38,2.95
2024-01-28 15:18:34,4.57,2.78
2024-01-28 15:24:04,6.97,3.53
2024-01-28 15:26:30,3.95,2.45
2024-01-28 15:28:56,5.15,2.38
2024-01-28 15:31:22,7.43,4.78
2024-01-28 15:33:48,16.25,10.15
2024-01-28 15:36:14,8.95,4.47
2024-01-28 15:38:41,5.5,3.58
2024-01-28 15:41:08,6.95,3.08
2024-01-28 15:43:34,10.9,7.0
2024-01-28 15:46:00,8.57,4.53
2024-01-28 15:48:29,4.2,2.55
2024-01-28 15:53:58,9.38,4.85
2024-01-28 15:56:24,8.05,3.8
2024-01-28 15:58:51,7.2,3.75
2024-01-28 16:01:17,6.95,4.45
2024-01-28 16:03:43,6.05,2.83
2024-01-28 16:09:13,5.4,3.08
2024-01-28 16:11:39,5.15,3.2
2024-01-28 16:14:05,3.97,2.85
2024-01-28 16:16:31,5.45,3.2
2024-01-28 16:18:57,6.35,3.53
2024-01-28 16:21:23,3.97,2.75
2024-01-28 16:23:50,8.55,4.05
2024-01-28 16:26:16,8.15,4.13
2024-01-28 16:28:42,8.3,4.45
2024-01-28 16:31:08,9.3,4.93
2024-01-28 16:33:34,9.55,5.6
2024-01-28 16:39:04,12.1,7.6
2024-01-28 16:41:30,7.95,4.15
2024-01-28 16:43:56,9.6,4.53
2024-01-28 16:46:22,10.68,4.63
2024-01-28 16:48:48,7.5,4.6
2024-01-28 16:54:18,8.88,5.3
2024-01-28 16:56:44,9.8,5.22
2024-01-28 16:59:10,9.0,5.28
2024-01-28 17:01:36,7.93,5.1
2024-01-28 17:04:03,13.57,8.85
2024-01-28 17:06:29,4.6,3.2
2024-01-28 17:08:55,6.93,5.07
2024-01-28 17:11:21,5.28,3.2
2024-01-28 17:13:48,5.13,3.53
2024-01-28 17:16:14,7.1,5.2
2024-01-28 17:18:41,8.9,5.32
2024-01-28 17:24:11,8.1,5.35
2024-01-28 17:26:37,8.18,5.45
2024-01-28 17:29:07,13.0,6.5
2024-01-28 17:31:33,12.57,7.32
2024-01-28 17:34:03,12.18,7.78
2024-01-28 17:39:51,18.05,12.25
2024-01-28 17:42:17,34.75,20.58
2024-01-28 17:44:43,23.08,14.63
2024-01-28 17:47:10,22.92,12.2
2024-01-28 17:49:36,15.93,9.85
2024-01-28 17:52:02,24.3,13.27
2024-01-28 17:54:31,6.38,3.05
2024-01-28 17:56:57,10.23,6.38
2024-01-28 17:59:24,12.52,7.07
2024-01-28 18:01:50,12.63,7.45
2024-01-28 18:04:17,7.78,4.65
2024-01-28 18:06:44,19.33,10.05
2024-01-28 18:09:10,7.0,4.35
2024-01-28 18:11:36,12.2,7.8
2024-01-28 18:14:02,8.48,5.18
2024-01-28 18:16:29,15.02,8.95
2024-01-28 18:18:56,6.25,3.05
2024-01-28 18:24:26,10.1,5.38
2024-01-28 18:26:52,9.55,5.2
2024-01-28 18:29:18,9.52,5.1
2024-01-28 18:31:44,6.0,3.92
2024-01-28 18:34:11,7.45,4.6
2024-01-28 18:39:41,7.97,4.6
2024-01-28 18:42:07,12.0,7.35
2024-01-28 18:44:34,12.13,8.18
2024-01-28 18:47:01,14.07,8.63
2024-01-28 18:49:27,11.27,5.55
2024-01-28 18:51:53,10.05,5.63
2024-01-28 18:54:21,13.73,7.7
2024-01-28 18:56:47,8.65,6.35
2024-01-28 18:59:13,12.45,7.35
2024-01-28 19:01:39,12.75,7.43
2024-01-28 19:04:05,8.23,5.78
2024-01-28 19:09:35,8.65,5.15
2024-01-28 19:12:01,8.82,6.38
2024-01-28 19:14:27,12.93,8.68
2024-01-28 19:16:53,8.32,5.5
2024-01-28 19:19:22,7.22,4.43
2024-01-28 19:21:49,48.45,18.17
2024-01-28 19:24:15,77.13,25.88
2024-01-28 19:26:41,33.38,13.4
2024-01-28 19:29:07,39.75,14.23
2024-01-28 19:31:33,18.52,10.02
2024-01-28 19:33:59,22.63,11.45
2024-01-28 19:39:29,8.85,4.8
2024-01-28 19:41:57,9.95,5.03
2024-01-28 19:44:25,8.68,5.4
2024-01-28 19:46:51,10.48,6.47
2024-01-28 19:49:17,10.02,6.65
2024-01-28 19:54:47,9.98,5.32
2024-01-28 19:57:13,9.52,6.15
2024-01-28 19:59:41,7.2,4.53
2024-01-28 20:02:07,12.7,7.47
2024-01-28 20:04:33,16.7,9.73
2024-01-28 20:06:59,18.23,10.9
2024-01-28 20:09:25,14.1,9.55
2024-01-28 20:11:52,16.3,8.52
2024-01-28 20:14:18,16.5,11.32
2024-01-28 20:16:44,15.35,9.52
2024-01-28 20:19:10,13.2,7.95
2024-01-28 20:24:41,14.07,9.15
2024-01-28 20:27:08,11.3,7.93
2024-01-28 20:29:34,8.77,5.75
2024-01-28 20:32:01,8.73,5.22
2024-01-28 20:34:27,8.6,6.6
2024-01-28 20:40:26,8.15,6.35
2024-01-28 20:42:52,11.18,7.35
2024-01-28 20:45:18,8.75,6.3
2024-01-28 20:47:46,9.7,6.78
2024-01-28 20:50:12,9.02,6.0
2024-01-28 20:52:38,11.75,6.88
2024-01-28 20:55:05,11.95,6.63
2024-01-28 20:57:31,11.63,7.07
2024-01-28 20:59:57,8.77,6.07
2024-01-28 21:02:23,9.0,5.45
2024-01-28 21:04:49,9.57,6.6
2024-01-28 21:07:16,9.25,5.68
2024-01-28 21:09:42,10.35,6.28
2024-01-28 21:12:08,8.18,5.88
2024-01-28 21:14:35,11.18,6.57
2024-01-28 21:17:01,12.23,6.55
2024-01-28 21:19:27,6.95,4.43
2024-01-28 21:24:56,9.93,5.8
2024-01-28 21:27:22,8.45,5.35
2024-01-28 21:29:48,8.02,5.68
2024-01-28 21:32:15,11.0,6.68
2024-01-28 21:34:41,12.15,6.85
2024-01-28 21:37:07,9.9,5.8
2024-01-28 21:39:33,10.0,5.5
2024-01-28 21:41:59,8.52,5.45
2024-01-28 21:44:25,8.95,5.28
2024-01-28 21:46:52,8.32,5.03
2024-01-28 21:49:18,7.22,4.72
2024-01-28 21:54:48,8.77,5.57
2024-01-28 21:57:14,8.6,5.45
2024-01-28 21:59:40,8.02,4.43
2024-01-28 22:02:06,8.52,4.68
2024-01-28 22:04:32,10.18,5.93
2024-01-28 22:10:02,10.0,6.38
2024-01-28 22:12:28,10.9,4.8
2024-01-28 22:14:54,10.38,6.38
2024-01-28 22:17:21,10.63,6.05
2024-01-28 22:19:48,9.5,6.22
2024-01-28 22:22:14,12.9,6.18
2024-01-28 22:24:40,9.15,5.6
2024-01-28 22:27:06,9.0,5.55
2024-01-28 22:29:32,11.9,6.03
2024-01-28 22:31:58,9.52,5.7
2024-01-28 22:34:24,12.23,6.5
2024-01-28 22:39:53,10.88,6.72
2024-01-28 22:42:20,10.0,6.4
2024-01-28 22:44:46,9.65,5.68
2024-01-28 22:47:12,12.68,5.97
2024-01-28 22:49:39,12.15,5.93
2024-01-28 22:55:09,10.43,6.3
2024-01-28 22:57:36,11.43,6.15
2024-01-28 23:00:02,10.73,5.63
2024-01-28 23:02:34,10.3,5.7
2024-01-28 23:05:00,13.35,6.82
2024-01-28 23:07:29,9.9,6.3
2024-01-28 23:09:55,13.9,7.45
2024-01-28 23:12:21,13.77,7.55
2024-01-28 23:14:49,16.63,8.65
2024-01-28 23:17:15,17.5,8.57
2024-01-28 23:19:41,15.05,8.4
2024-01-28 23:25:11,13.98,8.05
2024-01-28 23:27:37,12.6,6.32
2024-01-28 23:30:04,14.6,6.43
2024-01-28 23:32:31,17.98,8.18
2024-01-28 23:34:57,12.93,7.55
2024-01-28 23:37:23,17.65,7.78
2024-01-28 23:39:49,14.38,8.6
2024-01-28 23:42:15,17.35,8.0
2024-01-28 23:44:41,16.1,8.6
2024-01-28 23:47:07,17.17,9.27
2024-01-28 23:49:34,19.23,9.95
2024-01-28 23:55:04,20.65,12.13
2024-01-28 23:57:31,25.45,12.48
2024-01-28 23:59:57,26.4,13.65
2024-01-29 00:02:23,15.38,8.75
2024-01-29 00:04:49,13.93,7.35
2024-01-29 00:10:18,12.05,7.22
2024-01-29 00:12:47,11.75,7.0
2024-01-29 00:15:13,12.2,6.95
2024-01-29 00:17:39,11.4,6.38
2024-01-29 00:20:05,15.68,7.57
2024-01-29 00:22:32,38.9,16.38
2024-01-29 00:24:58,40.25,18.27
2024-01-29 00:27:24,24.77,12.82
2024-01-29 00:29:50,21.92,10.77
2024-01-29 00:32:16,16.63,9.1
2024-01-29 00:34:42,17.15,10.27
2024-01-29 00:40:12,23.4,10.95
2024-01-29 00:42:38,27.15,12.32
2024-01-29 00:45:05,20.45,11.23
2024-01-29 00:47:31,20.52,10.95
2024-01-29 00:49:57,45.17,20.02
2024-01-29 00:55:26,15.15,8.93
2024-01-29 00:57:52,23.13,11.75
2024-01-29 01:00:19,19.13,11.8
2024-01-29 01:02:45,18.08,11.5
2024-01-29 01:05:11,20.33,11.23
2024-01-29 01:07:37,20.75,10.63
2024-01-29 01:10:03,26.48,13.6
2024-01-29 01:12:29,29.77,14.15
2024-01-29 01:14:56,14.55,9.18
2024-01-29 01:17:22,17.02,8.7
2024-01-29 01:19:48,16.88,9.0
2024-01-29 01:25:19,24.65,11.02
2024-01-29 01:27:46,17.08,10.27
2024-01-29 01:30:12,26.42,11.75
2024-01-29 01:32:38,18.85,10.1
2024-01-29 01:35:05,18.92,11.1
2024-01-29 01:40:35,12.93,7.63
2024-01-29 01:43:11,15.25,8.2
2024-01-29 01:48:03,14.32,7.75
2024-01-29 01:50:29,12.93,7.07
2024-01-29 01:52:55,12.77,6.88
2024-01-29 01:55:21,13.48,7.82
2024-01-29 01:57:47,13.55,7.57
2024-01-29 02:00:14,16.42,7.75
2024-01-29 02:02:40,10.43,5.47
2024-01-29 02:05:06,11.45,6.25
2024-01-29 02:10:36,10.07,5.2
2024-01-29 02:13:02,11.2,6.07
2024-01-29 02:15:28,9.32,5.28
2024-01-29 02:17:54,10.02,5.1
2024-01-29 02:20:20,12.27,6.05
2024-01-29 02:22:46,11.52,5.75
2024-01-29 02:25:12,12.23,6.55
2024-01-29 02:27:39,10.93,6.1
2024-01-29 02:30:05,12.15,6.7
2024-01-29 02:32:31,10.18,5.78
2024-01-29 02:34:57,11.7,5.78
2024-01-29 02:40:27,13.18,7.18
2024-01-29 02:42:53,10.9,6.15
2024-01-29 02:45:19,10.68,6.68
2024-01-29 02:47:45,10.4,5.65
2024-01-29 02:50:11,12.75,6.9
2024-01-29 02:55:41,13.13,7.22
2024-01-29 02:58:07,11.2,6.4
2024-01-29 03:00:33,13.13,7.03
2024-01-29 03:02:59,13.4,7.1
2024-01-29 03:05:25,13.32,7.45
2024-01-29 03:07:52,11.07,5.7
2024-01-29 03:10:18,13.02,6.88
2024-01-29 03:12:44,12.7,6.82
2024-01-29 03:15:10,12.2,6.38
2024-01-29 03:17:36,12.63,7.15
2024-01-29 03:20:02,15.85,7.63
2024-01-29 03:25:32,13.82,7.45
2024-01-29 03:27:58,13.75,6.8
2024-01-29 03:30:24,12.98,7.78
2024-01-29 03:32:50,13.38,6.8
2024-01-29 03:35:21,11.1,6.97
2024-01-29 03:40:50,12.25,6.25
2024-01-29 03:43:16,12.4,7.4
2024-01-29 03:45:45,8.6,4.9
2024-01-29 03:48:11,8.15,5.3
2024-01-29 03:50:37,12.1,5.53
2024-01-29 03:53:03,11.1,5.55
2024-01-29 03:55:29,13.93,6.3
2024-01-29 03:57:55,12.0,6.45
2024-01-29 04:00:21,10.73,5.55
2024-01-29 04:02:49,8.32,5.03
2024-01-29 04:05:15,10.15,5.68
2024-01-29 04:10:45,13.77,6.88
2024-01-29 04:13:11,8.9,5.45
2024-01-29 04:15:37,9.68,5.63
2024-01-29 04:18:03,11.07,5.63
2024-01-29 04:20:30,12.23,5.75
2024-01-29 04:25:59,12.15,6.78
2024-01-29 04:28:25,11.75,5.93
2024-01-29 04:30:51,9.48,5.13
2024-01-29 04:33:17,13.35,6.35
2024-01-29 04:35:43,10.85,6.47
2024-01-29 04:38:09,14.32,6.72
2024-01-29 04:40:35,12.7,7.43
2024-01-29 04:43:04,11.95,6.15
2024-01-29 04:45:30,16.63,6.5
2024-01-29 04:47:56,9.1,4.32
2024-01-29 04:50:22,9.75,5.88
2024-01-29 04:55:52,9.55,5.28
2024-01-29 04:58:18,10.77,5.5
2024-01-29 05:00:44,11.35,5.57
2024-01-29 05:03:10,10.55,6.05
2024-01-29 05:05:36,9.15,5.2
2024-01-29 05:11:06,11.18,5.3
2024-01-29 05:13:32,13.85,5.93
2024-01-29 05:15:58,10.98,6.1
2024-01-29 05:18:24,10.1,6.18
2024-01-29 05:20:51,10.63,6.05
2024-01-29 05:23:17,14.38,7.1
2024-01-29 05:25:43,11.7,6.0
2024-01-29 05:28:09,13.07,6.47
2024-01-29 05:30:36,11.2,6.03
2024-01-29 05:33:02,10.1,5.18
2024-01-29 05:35:28,10.3,5.28
2024-01-29 05:40:57,11.7,5.5
2024-01-29 05:43:23,7.9,3.7
2024-01-29 05:45:50,12.05,5.8
2024-01-29 05:48:16,10.2,5.22
2024-01-29 05:50:42,10.88,5.5
2024-01-29 05:56:12,13.2,7.3
2024-01-29 05:58:39,8.7,5.13
2024-01-29 06:01:10,6.72,3.72
2024-01-29 06:03:37,8.43,4.63
2024-01-29 06:06:03,8.73,5.57
2024-01-29 06:08:29,10.93,6.25
2024-01-29 06:10:55,12.93,6.07
2024-01-29 06:13:22,15.07,7.78
2024-01-29 06:15:49,14.48,7.22
2024-01-29 06:18:15,11.77,7.47
2024-01-29 06:20:41,14.45,7.88
2024-01-29 06:26:19,15.65,8.15
2024-01-29 06:28:51,11.77,7.13
2024-01-29 06:31:23,14.68,7.45
2024-01-29 06:33:49,11.77,6.05
2024-01-29 06:36:18,10.3,5.53
2024-01-29 06:38:45,9.45,5.6
2024-01-29 06:41:29,10.32,5.5
2024-01-29 06:43:56,13.07,6.85
2024-01-29 06:46:22,13.6,7.85
2024-01-29 06:48:48,12.3,7.32
2024-01-29 06:51:14,10.85,6.72
2024-01-29 06:53:41,10.0,6.63
2024-01-29 06:56:10,12.4,6.45
2024-01-29 06:58:36,12.32,7.0
2024-01-29 07:01:05,11.82,7.03
2024-01-29 07:03:32,15.07,6.72
2024-01-29 07:05:58,14.32,7.95
2024-01-29 07:11:49,21.3,11.45
2024-01-29 07:14:21,21.9,11.1
2024-01-29 07:17:05,18.35,11.43
2024-01-29 07:19:43,19.92,10.63
2024-01-29 07:27:35,16.75,9.18
2024-01-29 07:35:08,25.17,13.05
2024-01-29 07:46:04,16.75,8.75
2024-01-29 07:48:34,14.6,8.35
2024-01-29 07:56:11,12.15,6.32
2024-01-29 07:58:37,13.38,6.95
2024-01-29 08:01:04,12.48,7.07
2024-01-29 08:03:30,11.93,7.22
2024-01-29 08:05:57,14.77,7.55
2024-01-29 08:08:23,10.9,7.32
2024-01-29 08:10:49,11.48,7.2
2024-01-29 08:13:18,11.68,6.5
2024-01-29 08:15:44,12.25,7.2
2024-01-29 08:18:11,12.7,7.18
2024-01-29 08:20:37,12.68,7.1
2024-01-29 08:23:03,8.57,4.97
2024-01-29 08:25:29,12.57,6.28
2024-01-29 08:27:56,8.88,5.63
2024-01-29 08:30:22,10.48,6.32
2024-01-29 08:32:48,10.27,6.07
2024-01-29 08:35:15,10.13,6.18
2024-01-29 08:37:41,9.77,5.93
2024-01-29 08:43:00,12.07,6.97
2024-01-29 08:47:57,13.45,6.72
2024-01-29 08:50:31,14.57,7.05
2024-01-29 08:53:19,9.55,6.1
2024-01-29 08:55:54,13.75,7.5
2024-01-29 09:00:56,12.73,6.63
2024-01-29 09:03:23,10.38,6.85
2024-01-29 09:05:52,15.07,6.55
2024-01-29 09:08:18,9.98,5.95
2024-01-29 09:10:45,10.65,6.72
2024-01-29 09:13:11,10.8,6.25
2024-01-29 09:15:37,9.77,5.15
2024-01-29 09:18:04,8.27,5.65
2024-01-29 09:20:30,8.07,4.65
2024-01-29 09:22:56,13.07,7.68
2024-01-29 09:25:22,7.4,4.78
2024-01-29 09:27:48,11.5,7.0
2024-01-29 09:30:14,13.65,7.22
2024-01-29 09:32:41,9.88,6.3
2024-01-29 09:35:07,8.57,5.82
2024-01-29 09:37:34,9.6,5.2
2024-01-29 09:40:02,9.32,4.93
2024-01-29 09:42:48,7.2,4.3
2024-01-29 09:45:35,7.53,5.35
2024-01-29 09:48:02,10.55,4.9
2024-01-29 09:53:35,7.3,4.2
2024-01-29 09:56:01,7.53,4.85
2024-01-29 09:58:27,10.73,6.32
2024-01-29 10:06:05,8.0,4.78
2024-01-29 10:11:39,7.03,4.38
2024-01-29 10:22:41,8.82,6.0
2024-01-29 10:27:36,8.25,3.63
2024-01-29 10:30:08,7.7,4.9
2024-01-29 10:32:35,6.4,3.63
2024-01-29 10:35:01,7.25,3.9
2024-01-29 10:37:28,8.55,5.32
2024-01-29 10:39:58,9.0,3.78
2024-01-29 10:42:29,6.15,3.67
2024-01-29 10:48:08,15.2,6.88
2024-01-29 10:50:38,7.38,4.4
2024-01-29 10:53:15,7.68,5.25
2024-01-29 10:55:43,7.0,4.13
2024-01-29 10:58:12,7.72,4.43
2024-01-29 11:00:42,6.78,3.88
2024-01-29 11:10:59,7.1,4.3
2024-01-29 11:13:51,7.68,4.8
2024-01-29 11:16:24,7.15,3.8
2024-01-29 11:19:13,6.25,4.07
2024-01-29 11:21:47,6.75,4.3
2024-01-29 11:24:15,7.72,5.05
2024-01-29 11:26:44,9.05,5.15
2024-01-29 11:29:17,5.72,3.5
2024-01-29 11:31:58,11.0,5.13
2024-01-29 11:34:29,7.22,5.0
2024-01-29 11:36:56,5.8,4.32
2024-01-29 11:39:22,5.3,3.78
2024-01-29 11:41:50,8.2,5.18
2024-01-29 11:44:17,7.2,4.7
2024-01-29 11:46:44,5.8,4.1
2024-01-29 11:49:11,5.72,3.83
2024-01-29 11:51:37,4.93,3.35
2024-01-29 11:54:03,6.38,4.1
2024-01-29 11:56:29,7.35,4.07
2024-01-29 11:58:59,2.78,2.08
2024-01-29 12:01:26,7.32,3.95
2024-01-29 12:03:52,5.32,3.22
2024-01-29 12:06:19,4.9,3.28
2024-01-29 12:08:45,5.75,3.38
2024-01-29 12:11:14,5.25,3.45
2024-01-29 12:13:41,5.88,4.0
2024-01-29 12:16:08,5.8,2.65
2024-01-29 12:18:36,7.68,4.57
2024-01-29 12:21:06,7.07,3.7
2024-01-29 12:23:32,6.6,3.58
2024-01-29 12:25:59,6.38,3.9
2024-01-29 12:28:25,6.85,3.83
2024-01-29 12:33:20,11.48,5.25
2024-01-29 12:35:52,6.32,4.25
2024-01-29 12:38:19,5.4,3.35
2024-01-29 12:40:48,6.8,4.82
2024-01-29 12:43:14,6.57,3.8
2024-01-29 12:45:41,7.47,3.92
2024-01-29 12:48:13,5.78,3.63
2024-01-29 12:50:45,6.32,3.92
2024-01-29 12:53:11,5.18,3.3
2024-01-29 12:55:38,5.65,3.8
2024-01-29 12:58:04,27.33,15.02
2024-01-29 13:00:36,11.65,5.45
2024-01-29 13:03:12,7.3,3.8
2024-01-29 13:05:39,5.5,3.1
2024-01-29 13:08:05,5.78,3.85
2024-01-29 13:10:31,7.68,4.43
2024-01-29 13:12:57,7.55,4.53
2024-01-29 13:15:23,9.23,4.97
2024-01-29 13:17:49,8.43,6.0
2024-01-29 13:20:15,6.65,4.15
2024-01-29 13:22:42,6.38,4.07
2024-01-29 13:25:08,6.78,4.68
2024-01-29 13:27:37,6.07,3.42
2024-01-29 13:30:03,11.38,6.5
2024-01-29 13:32:29,7.53,4.65
2024-01-29 13:34:55,9.55,4.55
2024-01-29 13:37:21,6.35,3.9
2024-01-29 13:39:47,5.6,4.07
2024-01-29 13:42:14,8.38,4.05
2024-01-29 13:44:40,9.4,3.42
2024-01-29 13:47:06,7.35,4.63
2024-01-29 13:49:32,9.68,5.43
2024-01-29 13:51:58,9.73,5.32
2024-01-29 13:54:25,4.82,3.35
2024-01-29 13:56:52,7.4,4.0
2024-01-29 13:59:19,9.05,4.38
2024-01-29 14:01:45,4.57,3.05
2024-01-29 14:04:11,6.47,3.97
2024-01-29 14:06:37,4.38,2.75
2024-01-29 14:09:03,4.78,3.22
2024-01-29 14:11:30,5.93,4.03
2024-01-29 14:13:56,6.15,3.65
2024-01-29 14:16:22,6.53,4.07
2024-01-29 14:18:48,4.7,2.92
2024-01-29 14:21:18,5.97,3.55
2024-01-29 14:23:44,5.78,3.92
2024-01-29 14:26:10,5.8,3.72
2024-01-29 14:28:36,6.9,3.95
2024-01-29 14:31:05,4.15,2.88
2024-01-29 14:33:33,6.38,4.13
2024-01-29 14:35:59,6.03,3.63
2024-01-29 14:38:26,6.32,3.92
2024-01-29 14:40:55,6.85,3.6
2024-01-29 14:43:21,7.78,4.1
2024-01-29 14:45:47,6.63,4.38
2024-01-29 14:48:13,7.85,4.3
2024-01-29 14:50:40,6.32,3.95
2024-01-29 14:53:06,8.73,3.92
2024-01-29 14:55:32,4.75,2.35
2024-01-29 14:57:59,8.75,4.7
2024-01-29 15:00:25,6.45,3.3
2024-01-29 15:02:52,7.55,4.35
2024-01-29 15:05:18,6.2,4.15
2024-01-29 15:07:44,14.1,8.38
2024-01-29 15:10:11,19.38,9.57
2024-01-29 15:12:37,8.32,4.2
2024-01-29 15:15:05,5.35,3.75
2024-01-29 15:17:32,8.6,2.75
2024-01-29 15:19:58,6.13,4.18
2024-01-29 15:22:25,9.73,4.35
2024-01-29 15:24:52,6.38,4.05
2024-01-29 15:27:19,8.73,5.4
2024-01-29 15:29:48,7.53,4.88
2024-01-29 15:32:14,7.53,4.85
2024-01-29 15:34:40,10.18,5.53
2024-01-29 15:37:15,7.95,5.28
2024-01-29 15:39:42,8.55,4.97
2024-01-29 15:42:09,9.02,5.85
2024-01-29 15:44:45,8.02,5.25
2024-01-29 15:47:11,7.95,5.35
2024-01-29 15:49:38,10.18,5.72
2024-01-29 15:52:06,10.35,5.05
2024-01-29 15:54:32,11.52,5.93
2024-01-29 15:57:01,8.65,5.3
2024-01-29 15:59:31,9.13,6.63
2024-01-29 16:01:57,8.32,4.97
2024-01-29 16:04:24,9.88,6.28
2024-01-29 16:06:50,6.72,4.0
2024-01-29 16:09:16,7.82,4.97
2024-01-29 16:11:42,10.15,5.9
2024-01-29 16:14:09,9.65,6.28
2024-01-29 16:16:38,9.93,7.0
2024-01-29 16:19:04,9.65,6.28
2024-01-29 16:21:30,10.0,5.88
2024-01-29 16:23:56,10.23,5.4
2024-01-29 16:26:22,9.93,6.63
2024-01-29 16:28:48,10.9,5.45
2024-01-29 16:31:14,9.98,6.3
2024-01-29 16:33:41,9.13,6.03
2024-01-29 16:38:42,6.68,4.15
2024-01-29 16:41:17,6.03,4.38
2024-01-29 16:43:43,9.0,5.6
2024-01-29 16:46:09,11.77,6.63
2024-01-29 16:48:35,11.23,5.68
2024-01-29 16:51:01,15.68,7.88
2024-01-29 16:53:29,15.1,7.9
2024-01-29 16:56:03,8.57,5.9
2024-01-29 16:59:04,8.35,5.15
2024-01-29 17:01:32,9.68,4.85
2024-01-29 17:03:59,7.65,5.4
2024-01-29 17:06:25,8.23,5.47
2024-01-29 17:08:52,9.8,5.45
2024-01-29 17:11:18,11.52,7.28
2024-01-29 17:13:44,8.2,5.4
2024-01-29 17:16:13,9.55,6.25
2024-01-29 17:18:39,10.25,6.45
2024-01-29 17:21:08,8.52,5.25
2024-01-29 17:23:36,10.77,6.03
2024-01-29 17:26:03,10.9,6.15
2024-01-29 17:28:29,9.6,6.13
2024-01-29 17:30:55,11.75,6.65
2024-01-29 17:33:23,12.3,6.68
2024-01-29 17:35:49,11.5,7.3
2024-01-29 17:38:15,13.93,8.1
2024-01-29 17:40:41,10.4,6.1
2024-01-29 17:43:08,8.9,6.4
2024-01-29 17:45:36,11.35,7.57
2024-01-29 17:48:02,12.77,7.65
2024-01-29 17:50:28,12.07,6.82
2024-01-29 17:52:54,10.88,6.45
2024-01-29 17:55:20,12.32,7.05
2024-01-29 17:57:47,15.07,8.1
2024-01-29 18:00:13,18.05,9.85
2024-01-29 18:02:39,15.68,9.07
2024-01-29 18:05:05,22.15,11.73
2024-01-29 18:07:32,17.8,10.02
2024-01-29 18:09:58,16.05,9.65
2024-01-29 18:12:29,22.42,12.25
2024-01-29 18:14:55,23.6,14.05
2024-01-29 18:17:21,24.05,14.02
2024-01-29 18:19:48,27.35,14.95
2024-01-29 18:22:16,24.77,14.93
2024-01-29 18:24:43,22.88,14.13
2024-01-29 18:27:10,23.27,13.7
2024-01-29 18:29:36,25.8,15.55
2024-01-29 18:32:02,28.48,18.05
2024-01-29 18:34:30,26.38,16.0
2024-01-29 18:36:57,26.9,16.0
2024-01-29 18:39:23,27.02,15.5
2024-01-29 18:41:51,32.0,20.17
2024-01-29 18:44:19,38.75,24.7
2024-01-29 18:46:45,24.42,14.6
2024-01-29 18:49:11,25.25,16.52
2024-01-29 18:51:37,24.35,15.93
2024-01-29 18:54:03,43.65,22.63
2024-01-29 18:56:30,48.97,28.1
2024-01-29 18:58:56,28.02,15.48
2024-01-29 19:01:23,25.67,15.07
2024-01-29 19:03:50,21.88,15.98
2024-01-29 19:06:16,34.42,19.33
2024-01-29 19:08:42,33.58,19.92
2024-01-29 19:11:08,42.03,23.7
2024-01-29 19:13:35,44.8,25.05
2024-01-29 19:16:01,58.8,32.33
2024-01-29 19:18:27,54.97,30.65
2024-01-29 19:20:54,61.1,33.33
2024-01-29 19:23:20,59.0,32.35
2024-01-29 19:25:46,63.42,33.58
2024-01-29 19:28:13,55.55,33.1
2024-01-29 19:30:39,58.28,31.83
2024-01-29 19:33:09,51.95,29.88
2024-01-29 19:35:35,59.25,31.58
2024-01-29 19:38:02,53.53,29.85
2024-01-29 19:40:29,54.13,29.38
2024-01-29 19:42:56,58.63,32.67
2024-01-29 19:45:22,49.2,27.95
2024-01-29 19:47:48,43.35,25.67
2024-01-29 19:50:15,42.5,22.98
2024-01-29 19:52:42,50.33,26.52
2024-01-29 19:55:09,49.9,26.95
2024-01-29 19:57:36,41.78,24.35
2024-01-29 20:00:03,36.42,20.77
2024-01-29 20:02:31,29.05,16.27
2024-01-29 20:04:57,19.67,8.77
2024-01-29 20:07:24,17.83,10.05
2024-01-29 20:09:51,21.63,12.1
2024-01-29 20:12:17,16.73,11.05
2024-01-29 20:14:44,15.18,10.05
2024-01-29 20:17:10,21.63,9.73
2024-01-29 20:19:37,16.35,10.3
2024-01-29 20:22:06,21.95,11.57
2024-01-29 20:24:33,33.22,19.85
2024-01-29 20:26:59,22.95,13.48
2024-01-29 20:29:25,15.85,9.98
2024-01-29 20:31:52,10.85,6.8
2024-01-29 20:34:18,15.65,8.23
2024-01-29 20:36:44,9.43,6.43
2024-01-29 20:39:11,11.1,6.22
2024-01-29 20:41:40,13.75,7.15
2024-01-29 20:44:07,12.8,6.72
2024-01-29 20:46:33,10.8,6.6
2024-01-29 20:48:59,10.3,6.35
2024-01-29 20:51:29,11.0,5.78
2024-01-29 20:53:55,9.85,6.03
2024-01-29 20:56:22,11.35,6.1
2024-01-29 20:58:49,8.48,6.3
2024-01-29 21:01:16,11.68,7.8
2024-01-29 21:03:42,12.63,7.35
2024-01-29 21:06:08,11.0,7.0
2024-01-29 21:08:34,12.27,7.88
2024-01-29 21:11:01,16.38,8.6
2024-01-29 21:13:27,13.35,8.45
2024-01-29 21:15:54,14.3,8.82
2024-01-29 21:18:20,16.73,9.43
2024-01-29 21:20:46,16.95,9.93
2024-01-29 21:23:12,19.92,12.43
2024-01-29 21:25:38,16.2,10.15
2024-01-29 21:28:04,20.38,11.55
2024-01-29 21:30:31,16.45,10.43
2024-01-29 21:32:58,19.1,11.0
2024-01-29 21:35:24,15.57,9.7
2024-01-29 21:37:51,16.0,9.45
2024-01-29 21:40:17,18.85,10.13
2024-01-29 21:42:43,17.75,9.98
2024-01-29 21:45:09,14.5,8.98
2024-01-29 21:47:35,15.2,8.98
2024-01-29 21:50:01,12.57,8.38
2024-01-29 21:52:29,17.25,8.95
2024-01-29 21:54:55,13.77,8.68
2024-01-29 21:57:21,13.0,7.6
2024-01-29 21:59:47,8.98,5.93
2024-01-29 22:02:13,14.6,8.25
2024-01-29 22:04:40,10.68,5.07
2024-01-29 22:07:08,7.05,5.15
2024-01-29 22:09:35,10.1,5.35
2024-01-29 22:12:04,10.55,5.9
2024-01-29 22:14:30,8.05,4.9
2024-01-29 22:16:56,9.13,6.35
2024-01-29 22:19:22,9.13,5.93
2024-01-29 22:21:52,9.07,5.75
2024-01-29 22:24:18,6.82,4.4
2024-01-29 22:26:45,6.72,3.55
2024-01-29 22:29:11,10.38,5.78
2024-01-29 22:31:37,9.38,6.0
2024-01-29 22:34:03,7.5,3.7
2024-01-29 22:36:30,10.52,5.85
2024-01-29 22:38:56,9.32,5.32
2024-01-29 22:41:25,7.68,5.07
2024-01-29 22:43:51,9.85,5.4
2024-01-29 22:46:17,7.95,4.15
2024-01-29 22:48:44,9.7,6.03
2024-01-29 22:51:10,9.2,5.2
2024-01-29 22:53:37,10.35,5.7
2024-01-29 22:56:03,11.63,5.35
2024-01-29 22:58:29,7.85,4.35
2024-01-29 23:00:55,9.02,5.38
2024-01-29 23:03:21,7.63,4.2
2024-01-29 23:05:47,12.52,6.4
2024-01-29 23:08:14,10.32,5.53
2024-01-29 23:10:41,14.2,6.38
2024-01-29 23:13:07,10.27,5.6
2024-01-29 23:15:34,12.7,6.63
2024-01-29 23:18:00,8.85,4.88
2024-01-29 23:20:26,10.32,6.57
2024-01-29 23:22:52,11.95,6.3
2024-01-29 23:25:18,10.93,6.53
2024-01-29 23:27:44,10.6,5.9
2024-01-29 23:30:10,12.43,6.35
2024-01-29 23:32:37,10.32,6.13
2024-01-29 23:35:04,10.57,5.8
2024-01-29 23:37:30,11.07,6.22
2024-01-29 23:39:56,9.48,5.68
2024-01-29 23:42:22,12.4,6.7
2024-01-29 23:44:49,12.6,6.5
2024-01-31 08:44:01,13.1,8.65
2024-01-31 08:48:58,15.77,9.27
2024-01-31 08:51:24,13.02,8.15
2024-01-31 08:53:50,17.35,10.45
2024-01-31 08:56:16,10.13,6.68
2024-01-31 08:58:42,15.32,9.35
2024-01-31 09:01:08,16.02,9.7
2024-01-31 09:03:34,16.48,8.95
2024-01-31 09:06:00,13.75,8.5
2024-01-31 09:08:27,18.98,9.85
2024-01-31 09:10:53,18.02,9.55
2024-01-31 09:13:19,17.02,8.8
2024-01-31 09:15:45,16.67,8.93
2024-01-31 09:18:11,18.48,10.0
2024-01-31 09:20:37,16.35,9.25
2024-01-31 09:23:04,14.85,9.63
2024-01-31 09:25:30,16.73,8.7
2024-01-31 09:27:56,12.1,7.38
2024-01-31 09:30:22,14.57,8.7
2024-01-31 09:32:48,14.15,8.23
2024-01-31 09:35:14,15.35,9.1
2024-01-31 09:37:40,12.57,8.18
2024-01-31 09:40:07,13.65,8.05
2024-01-31 09:42:33,14.7,9.0
2024-01-31 09:44:59,15.55,9.48
2024-01-31 09:47:28,17.85,9.1
2024-01-31 09:49:55,17.25,8.82
2024-01-31 09:52:23,13.07,9.0
2024-01-31 09:54:55,15.75,9.35
2024-01-31 09:57:22,14.85,8.63
2024-01-31 09:59:49,13.43,8.18
2024-01-31 10:02:15,11.7,7.1
2024-01-31 10:04:45,12.6,7.53
2024-01-31 10:07:12,12.65,7.2
2024-01-31 10:09:38,14.73,8.4
2024-01-31 10:12:05,9.93,5.6
2024-01-31 10:14:31,10.82,6.13
2024-01-31 10:16:59,10.4,5.85
2024-01-31 10:19:25,9.98,6.3
2024-01-31 10:21:51,12.95,7.8
2024-01-31 10:24:17,11.82,6.43
2024-01-31 10:26:43,10.07,6.18
2024-01-31 10:29:09,13.18,8.73
2024-01-31 10:31:35,16.15,9.3
2024-01-31 10:34:02,12.55,7.7
2024-01-31 10:36:29,14.0,7.38
2024-01-31 10:38:55,13.0,8.25
2024-01-31 10:41:22,17.17,9.0
2024-01-31 10:43:49,12.77,8.88
2024-01-31 10:46:15,15.68,9.68
2024-01-31 10:48:41,15.18,8.75
2024-01-31 10:51:08,14.93,7.68
2024-01-31 10:53:35,9.9,7.1
2024-01-31 10:56:02,15.32,8.02
2024-01-31 10:58:29,12.02,7.85
2024-01-31 11:00:55,16.15,8.75
2024-01-31 11:03:21,13.48,7.43
2024-01-31 11:05:47,11.55,6.7
2024-01-31 11:08:19,10.75,6.95
2024-01-31 11:10:46,16.15,8.57
2024-01-31 11:13:12,15.4,8.13
2024-01-31 11:15:39,13.0,7.5
2024-01-31 11:18:08,10.38,6.7
2024-01-31 11:20:38,12.55,6.65
2024-01-31 11:23:05,14.0,6.85
2024-01-31 11:25:34,10.95,6.97
2024-01-31 11:28:00,10.63,6.55
2024-01-31 11:30:27,11.02,7.28
2024-01-31 11:32:56,9.35,6.03
2024-01-31 11:35:22,11.2,7.05
2024-01-31 11:37:51,8.2,4.85
2024-01-31 11:40:17,7.53,4.47
2024-01-31 11:42:44,7.82,4.47
2024-01-31 11:45:10,8.65,3.88
2024-01-31 11:47:37,7.57,4.2
2024-01-31 11:50:04,7.88,4.32
2024-01-31 11:52:32,5.47,4.15
2024-01-31 11:55:01,9.45,6.18
2024-01-31 11:57:34,5.43,3.72
2024-01-31 12:00:00,7.85,4.63
2024-01-31 12:04:56,8.77,5.93
2024-01-31 12:07:22,8.82,5.18
2024-01-31 12:09:49,9.07,5.1
2024-01-31 12:12:15,6.85,4.38
2024-01-31 12:14:42,6.57,3.97
2024-01-31 12:17:18,8.32,4.3
2024-01-31 12:19:45,10.57,4.6
2024-01-31 12:22:11,8.35,4.82
2024-01-31 12:24:38,10.85,4.45
2024-01-31 12:27:04,8.23,4.8
2024-01-31 12:29:31,5.85,3.85
2024-01-31 12:31:57,6.65,3.42
2024-01-31 12:34:23,5.88,3.55
2024-01-31 12:36:49,5.57,3.58
2024-01-31 12:39:15,6.3,3.63
2024-01-31 12:41:47,9.27,4.8
2024-01-31 12:44:13,6.85,3.7
2024-01-31 12:46:39,7.72,4.32
2024-01-31 12:49:06,9.05,4.35
2024-01-31 12:51:32,8.0,4.8
2024-01-31 12:53:58,7.68,4.22
2024-01-31 12:56:24,8.27,4.28
2024-01-31 12:58:50,6.93,3.88
2024-01-31 13:01:18,9.32,4.32
2024-01-31 13:03:45,10.8,3.0
2024-01-31 13:06:13,6.45,3.9
2024-01-31 13:08:39,4.97,3.3
2024-01-31 13:11:06,5.18,3.4
2024-01-31 13:13:37,4.2,2.53
2024-01-31 13:16:04,4.93,3.13
2024-01-31 13:18:30,5.45,3.1
2024-01-31 13:20:56,6.15,3.35
2024-01-31 13:23:22,4.4,2.75
2024-01-31 13:25:48,5.22,2.8
2024-01-31 13:28:14,5.72,3.4
2024-01-31 13:30:43,4.47,3.13
2024-01-31 13:33:10,5.72,2.8
2024-01-31 13:35:42,4.72,2.6
2024-01-31 13:38:08,4.38,2.7
2024-01-31 13:40:34,6.53,3.3
2024-01-31 13:43:33,5.43,2.88
2024-01-31 13:46:03,10.95,4.78
2024-01-31 13:48:31,14.13,8.13
2024-01-31 13:50:57,12.52,8.32
2024-01-31 13:53:23,13.95,10.18
2024-01-31 13:55:50,19.35,11.55
2024-01-31 13:58:16,21.7,13.52
2024-01-31 14:00:42,20.83,14.32
2024-01-31 14:03:08,28.0,16.95
2024-01-31 14:05:34,30.27,17.45
2024-01-31 14:08:00,27.7,16.7
2024-01-31 14:10:26,27.95,16.52
2024-01-31 14:12:52,26.3,16.6
2024-01-31 14:15:19,27.08,17.58
2024-01-31 14:17:45,29.27,16.83
2024-01-31 14:20:11,28.48,18.7
2024-01-31 14:22:37,29.13,18.83
2024-01-31 14:25:04,24.0,16.92
2024-01-31 14:27:30,25.08,16.42
2024-01-31 14:29:56,33.42,19.4
2024-01-31 14:32:23,31.65,17.33
2024-01-31 14:34:49,30.1,18.17
2024-01-31 14:37:15,28.75,19.15
2024-01-31 14:39:41,32.0,19.48
2024-01-31 14:42:07,31.33,19.02
2024-01-31 14:44:33,30.83,18.77
2024-01-31 14:47:00,26.05,16.42
2024-01-31 14:49:26,28.48,15.55
2024-01-31 14:51:52,27.98,15.05
2024-01-31 14:54:20,23.45,13.1
2024-01-31 14:56:47,36.75,22.48
2024-01-31 14:59:14,46.88,25.2
2024-01-31 15:01:41,65.72,35.05
2024-01-31 15:04:10,35.13,18.85
2024-01-31 15:06:37,27.25,14.85
2024-01-31 15:09:03,32.88,19.52
2024-01-31 15:11:34,35.6,20.83
2024-01-31 15:14:03,39.03,22.88
2024-01-31 15:16:30,40.78,22.8
2024-01-31 15:18:57,38.53,23.55
2024-01-31 15:21:23,40.05,23.13
2024-01-31 15:23:49,38.0,21.95
2024-01-31 15:26:15,37.0,21.58
2024-01-31 15:28:41,36.08,21.55
2024-01-31 15:31:08,35.78,21.17
2024-01-31 15:33:34,35.28,22.98
2024-01-31 15:36:00,40.38,22.38
2024-01-31 15:38:26,42.03,24.7
2024-01-31 15:40:52,47.63,25.02
2024-01-31 15:43:18,42.6,26.67
2024-01-31 15:45:44,39.13,23.73
2024-01-31 15:48:10,48.72,27.67
2024-01-31 15:50:36,46.63,25.7
2024-01-31 15:53:03,52.45,26.2
2024-01-31 15:55:29,55.35,30.33
2024-01-31 15:57:55,75.4,39.92
2024-01-31 16:00:21,65.78,35.3
2024-01-31 16:02:48,68.38,37.17
2024-01-31 16:05:15,75.4,40.3
2024-01-31 16:07:41,76.82,40.35
2024-01-31 16:10:10,94.7,47.92
2024-01-31 16:12:36,96.38,46.0
2024-01-31 16:15:03,92.75,52.72
2024-01-31 16:17:29,111.45,55.2
2024-01-31 16:19:55,95.35,46.15
2024-01-31 16:22:21,91.9,47.88
2024-01-31 16:24:48,78.63,45.58
2024-01-31 16:27:14,85.18,43.3
2024-01-31 16:29:40,54.6,32.75
2024-01-31 16:32:07,59.2,33.17
2024-01-31 16:34:33,64.4,32.85
2024-01-31 16:37:00,65.03,32.13
2024-01-31 16:39:26,61.45,31.35
2024-01-31 16:41:52,63.33,33.72
2024-01-31 16:44:18,62.72,32.92
2024-01-31 16:46:45,68.43,35.75
2024-01-31 16:49:11,72.65,41.17
2024-01-31 16:51:37,54.7,31.2
2024-01-31 16:54:04,48.7,31.05
2024-01-31 16:56:30,52.92,30.98
2024-01-31 16:58:56,58.63,35.15
2024-01-31 17:01:22,60.58,33.08
2024-01-31 17:03:48,52.83,29.88
2024-01-31 17:06:14,50.55,28.02
2024-01-31 17:08:41,52.38,31.95
2024-01-31 17:11:08,62.3,37.4
2024-01-31 17:13:34,66.28,34.7
2024-01-31 17:16:01,65.07,36.7
2024-01-31 17:18:27,71.95,37.0
2024-01-31 17:20:53,61.38,35.13
2024-01-31 17:23:20,69.47,38.47
2024-01-31 17:25:47,67.15,36.38
2024-01-31 17:28:13,71.22,35.85
2024-01-31 17:30:39,57.15,28.6
2024-01-31 17:33:07,53.35,29.05
2024-01-31 17:35:33,53.13,30.83
2024-01-31 17:38:00,57.97,33.6
2024-01-31 17:40:26,51.7,31.23
2024-01-31 17:42:52,59.65,32.53
2024-01-31 17:45:18,46.42,26.77
2024-01-31 17:47:44,44.22,23.83
2024-01-31 17:50:11,55.15,29.33
2024-01-31 17:52:40,39.58,23.35
2024-01-31 17:55:11,18.92,10.5
2024-01-31 17:57:38,30.15,18.23
2024-01-31 18:00:04,36.85,18.8
2024-01-31 18:02:30,30.73,17.17
2024-01-31 18:04:57,35.05,19.98
2024-01-31 18:07:23,31.55,19.42
2024-01-31 18:09:50,48.2,27.4
2024-01-31 18:12:16,49.75,26.6
2024-01-31 18:14:42,64.1,33.3
2024-01-31 18:17:09,57.08,33.25
2024-01-31 18:19:35,75.35,37.88
2024-01-31 18:22:02,53.78,29.48
2024-01-31 18:24:28,38.03,19.7
2024-01-31 18:26:55,46.63,25.08
2024-01-31 18:29:22,48.7,27.35
2024-01-31 18:31:48,59.33,30.58
2024-01-31 18:34:15,65.28,32.78
2024-01-31 18:36:47,61.47,33.28
2024-01-31 18:39:14,66.6,33.67
2024-01-31 18:41:41,62.45,32.88
2024-01-31 18:44:07,67.2,32.45
2024-01-31 18:46:33,61.35,31.48
2024-01-31 18:48:59,64.45,34.28
2024-01-31 18:51:25,68.55,35.6
2024-01-31 18:53:51,69.7,36.17
2024-01-31 18:56:17,54.05,31.1
2024-01-31 18:58:43,55.8,30.55
2024-01-31 19:01:10,60.28,33.6
2024-01-31 19:03:36,61.15,31.65
2024-01-31 19:06:02,66.97,36.15
2024-01-31 19:08:28,62.83,35.2
2024-01-31 19:10:54,67.78,37.6
2024-01-31 19:13:20,87.15,49.78
2024-01-31 19:15:47,85.13,46.35
2024-01-31 19:18:13,80.07,43.7
2024-01-31 19:20:39,81.6,42.13
2024-01-31 19:23:05,85.88,46.03
2024-01-31 19:25:31,88.9,48.28
2024-01-31 19:27:57,96.5,48.85
2024-01-31 19:30:23,88.4,46.72
2024-01-31 19:32:49,79.47,42.17
2024-01-31 19:35:16,78.6,41.0
2024-01-31 19:37:43,69.43,38.28
2024-01-31 19:40:10,73.53,41.28
2024-01-31 19:42:36,74.18,41.15
2024-01-31 19:45:02,58.4,32.5
2024-01-31 19:47:28,67.4,33.15
2024-01-31 19:49:55,67.68,34.38
2024-01-31 19:52:21,71.47,39.58
2024-01-31 19:54:47,72.15,39.0
2024-01-31 19:57:13,80.28,46.42
2024-01-31 19:59:39,72.57,42.38
2024-01-31 20:02:06,77.15,45.05
2024-01-31 20:04:32,68.1,36.72
2024-01-31 20:06:58,62.13,34.75
2024-01-31 20:09:24,43.3,23.63
2024-01-31 20:11:51,59.72,31.05
2024-01-31 20:14:20,70.57,33.0
2024-01-31 20:16:47,60.13,33.1
2024-01-31 20:19:13,55.2,30.35
2024-01-31 20:21:39,62.17,33.25
2024-01-31 20:24:05,51.03,30.6
2024-01-31 20:26:31,64.72,33.83
2024-01-31 20:29:00,60.55,33.4
2024-01-31 20:31:30,63.65,34.78
2024-01-31 20:33:56,60.95,34.7
2024-01-31 20:36:22,68.78,34.53
2024-01-31 20:38:48,64.25,36.0
2024-01-31 20:41:17,54.95,27.23
2024-01-31 20:43:48,54.3,30.4
2024-01-31 20:46:18,47.08,29.0
2024-01-31 20:48:44,52.78,28.45
2024-01-31 20:51:13,55.1,28.55
2024-01-31 20:53:39,61.5,31.73
2024-01-31 20:56:05,66.3,33.6
2024-01-31 20:58:31,66.57,32.28
2024-01-31 21:00:58,58.0,29.98
2024-01-31 21:03:24,58.33,29.98
2024-01-31 21:05:50,55.67,27.65
2024-01-31 21:08:16,63.3,29.0
2024-01-31 21:10:43,48.78,27.6
2024-01-31 21:13:09,36.97,21.13
2024-01-31 21:15:35,54.08,28.6
2024-01-31 21:18:01,55.7,32.0
2024-01-31 21:20:27,57.33,32.67
2024-01-31 21:22:53,49.42,26.73
2024-01-31 21:25:19,36.7,21.4
2024-01-31 21:27:45,39.8,21.58
2024-01-31 21:30:12,36.15,19.1
2024-01-31 21:32:38,52.3,25.48
2024-01-31 21:35:04,57.47,29.3
2024-01-31 21:37:30,101.13,40.28
2024-01-31 21:39:56,51.75,28.0
2024-01-31 21:42:24,48.38,26.52
2024-01-31 21:44:50,46.33,27.27
2024-01-31 21:47:16,46.88,25.9
2024-01-31 21:49:42,53.67,30.13
2024-01-31 21:52:08,68.47,35.35
2024-01-31 21:54:35,63.67,32.7
2024-01-31 21:57:01,62.47,32.35
2024-01-31 21:59:27,72.18,31.05
2024-01-31 22:01:54,35.17,20.58
2024-01-31 22:04:20,43.22,21.42
2024-01-31 22:06:46,30.13,16.2
2024-01-31 22:09:12,26.83,15.2
2024-01-31 22:11:38,44.83,24.05
2024-01-31 22:14:04,42.72,23.92
2024-01-31 22:16:30,50.7,24.83
2024-01-31 22:18:56,51.2,25.95
2024-01-31 22:21:23,57.6,27.75
2024-01-31 22:23:49,49.95,24.45
2024-01-31 22:26:15,48.78,24.95
2024-01-31 22:28:43,57.35,26.67
2024-01-31 22:31:09,53.8,28.6
2024-01-31 22:33:35,41.42,22.52
2024-01-31 22:36:02,46.47,23.2
2024-01-31 22:38:30,53.4,26.8
2024-01-31 22:40:56,47.08,26.98
2024-01-31 22:43:24,48.15,25.55
2024-01-31 22:45:50,46.03,23.55
2024-01-31 22:48:16,40.13,20.63
2024-01-31 22:50:42,35.17,15.25
2024-01-31 22:53:09,41.92,20.2
2024-01-31 22:55:35,32.7,16.7
2024-01-31 22:58:01,37.22,19.42
2024-01-31 23:02:57,37.75,19.52
2024-01-31 23:05:23,44.78,22.33
2024-01-31 23:07:49,43.13,22.73
2024-01-31 23:10:15,44.45,21.98
2024-01-31 23:12:41,58.22,28.05
2024-01-31 23:15:09,50.38,25.42
2024-01-31 23:17:35,58.72,27.1
2024-01-31 23:20:02,53.17,24.75
2024-01-31 23:22:28,50.67,26.25
2024-01-31 23:24:54,39.05,21.85
2024-01-31 23:27:20,31.6,15.98
2024-01-31 23:29:46,23.75,12.63
2024-01-31 23:32:12,30.15,14.43
2024-01-31 23:34:39,16.77,8.95
2024-01-31 23:37:05,16.1,10.15
2024-01-31 23:39:31,24.48,12.75
2024-01-31 23:41:57,13.38,8.25
2024-01-31 23:44:24,31.92,15.5
2024-01-31 23:46:50,21.9,11.6
2024-01-31 23:49:16,22.38,12.25
2024-01-31 23:51:42,29.63,15.4
2024-01-31 23:54:08,27.73,15.4
2024-01-31 23:56:34,36.13,17.73
2024-01-31 23:59:00,43.9,18.7
