timestamp,pm10,pm25
2024-01-01 00:00:19,0.8,0.1
2024-01-01 00:02:45,0.88,0.1
2024-01-01 00:05:11,1.25,0.2
2024-01-01 00:07:37,1.33,0.45
2024-01-01 00:10:04,1.08,0.43
2024-01-01 00:12:30,1.52,0.45
2024-01-01 00:14:58,0.77,0.1
2024-01-01 00:17:24,0.9,0.2
2024-01-01 00:19:50,1.38,0.57
2024-01-01 00:22:17,1.52,0.57
2024-01-01 00:24:43,0.98,0.17
2024-01-01 00:27:09,0.88,0.13
2024-01-01 00:29:35,0.85,0.1
2024-01-01 00:32:01,1.2,0.32
2024-01-01 00:34:27,1.33,0.4
2024-01-01 00:36:53,1.17,0.3
2024-01-01 00:39:19,1.0,0.2
2024-01-01 00:41:45,1.13,0.28
2024-01-01 00:44:12,0.9,0.13
2024-01-01 00:46:38,0.9,0.17
2024-01-01 00:49:04,1.23,0.3
2024-01-01 00:51:31,1.25,0.3
2024-01-01 00:53:57,1.05,0.3
2024-01-01 00:56:23,1.27,0.3
2024-01-01 00:58:49,1.23,0.52
2024-01-01 01:01:15,1.4,0.4
2024-01-01 01:03:41,0.82,0.1
2024-01-01 01:06:07,1.4,0.3
2024-01-01 01:08:33,1.17,0.4
2024-01-01 01:10:59,1.3,0.3
2024-01-01 01:13:25,1.5,0.43
2024-01-01 01:15:51,0.95,0.43
2024-01-01 01:18:17,1.42,0.47
2024-01-01 01:20:43,0.95,0.2
2024-01-01 01:23:10,1.33,0.65
2024-01-01 01:25:37,0.93,0.2
2024-01-01 01:28:03,1.15,0.25
2024-01-01 01:30:29,1.7,0.7
2024-01-01 01:32:55,1.23,0.3
2024-01-01 01:35:21,1.25,0.55
2024-01-01 01:37:47,1.52,0.38
2024-01-01 01:40:13,1.0,0.2
2024-01-01 01:42:43,1.1,0.2
2024-01-01 01:45:10,0.8,0.1
2024-01-01 01:47:36,1.08,0.2
2024-01-01 01:50:02,1.23,0.2
2024-01-01 01:52:31,0.98,0.2
2024-01-01 01:54:57,0.95,0.1
2024-01-01 01:57:23,1.1,0.3
2024-01-01 01:59:50,1.1,0.2
2024-01-01 02:02:16,1.63,0.52
2024-01-01 02:04:42,1.23,0.4
2024-01-01 02:07:08,1.25,0.47
2024-01-01 02:09:34,0.85,0.15
2024-01-01 02:12:01,0.9,0.1
2024-01-01 02:14:27,1.05,0.2
2024-01-01 02:16:54,1.08,0.2
2024-01-01 02:19:20,1.48,0.52
2024-01-01 02:21:50,1.1,0.43
2024-01-01 02:24:17,0.93,0.13
2024-01-01 02:26:43,1.0,0.13
2024-01-01 02:29:10,1.05,0.2
2024-01-01 02:31:36,0.8,0.1
2024-01-01 02:34:02,0.98,0.22
2024-01-01 02:36:29,1.33,0.28
2024-01-01 02:38:55,0.98,0.1
2024-01-01 02:41:21,1.2,0.3
2024-01-01 02:43:47,1.02,0.3
2024-01-01 02:46:13,1.15,0.2
2024-01-01 02:48:39,1.33,0.32
2024-01-01 02:51:05,0.77,0.1
2024-01-01 02:53:32,1.75,0.5
2024-01-01 02:55:58,1.0,0.13
2024-01-01 02:58:24,1.0,0.2
2024-01-01 03:00:50,0.88,0.1
2024-01-01 03:03:17,1.3,0.25
2024-01-01 03:05:43,1.38,0.5
2024-01-01 03:08:10,1.0,0.4
2024-01-01 03:10:37,1.13,0.35
2024-01-01 03:13:03,0.7,0.1
2024-01-01 03:15:29,1.08,0.25
2024-01-01 03:17:55,0.8,0.1
2024-01-01 03:20:21,1.1,0.2
2024-01-01 03:22:48,0.98,0.2
2024-01-01 03:25:14,0.7,0.1
2024-01-01 03:27:40,0.85,0.1
2024-01-01 03:30:06,0.63,0.1
2024-01-01 03:32:34,1.25,0.45
2024-01-01 03:35:00,0.73,0.1
2024-01-01 03:37:26,1.35,0.3
2024-01-01 03:39:53,1.05,0.43
2024-01-01 03:42:19,0.88,0.2
2024-01-01 03:44:46,0.8,0.1
2024-01-01 03:47:12,1.1,0.3
2024-01-01 03:49:38,1.4,0.4
2024-01-01 03:52:06,0.7,0.1
2024-01-01 03:54:32,0.9,0.2
2024-01-01 03:56:58,1.02,0.3
2024-01-01 03:59:24,0.73,0.1
2024-01-01 04:01:50,1.58,0.5
2024-01-01 04:04:16,1.23,0.35
2024-01-01 04:06:42,0.8,0.28
2024-01-01 04:09:09,1.08,0.22
2024-01-01 04:11:35,0.88,0.15
2024-01-01 04:14:01,1.13,0.2
2024-01-01 04:16:28,0.9,0.1
2024-01-01 04:18:54,1.05,0.2
2024-01-01 04:21:20,1.25,0.22
2024-01-01 04:23:47,1.05,0.3
2024-01-01 04:26:13,0.9,0.1
2024-01-01 04:28:39,1.25,0.95
2024-01-01 04:31:05,0.85,0.2
2024-01-01 04:33:31,0.95,0.2
2024-01-01 04:35:57,1.08,0.2
2024-01-01 04:38:23,1.05,0.28
2024-01-01 04:40:49,0.88,0.2
2024-01-01 04:43:15,1.0,0.32
2024-01-01 04:45:42,1.63,1.3
2024-01-01 04:48:08,1.08,0.45
2024-01-01 04:50:34,0.93,0.1
2024-01-01 04:53:00,1.38,0.6
2024-01-01 04:55:26,0.98,0.2
2024-01-01 04:57:52,1.1,0.32
2024-01-01 05:00:18,0.93,0.1
2024-01-01 05:02:44,0.85,0.1
2024-01-01 05:05:10,1.13,0.3
2024-01-01 05:07:36,1.2,0.3
2024-01-01 05:10:03,1.2,0.38
2024-01-01 05:12:29,0.68,0.1
2024-01-01 05:14:56,0.77,0.1
2024-01-01 05:17:23,0.88,0.28
2024-01-01 05:19:49,0.98,0.15
2024-01-01 05:22:15,0.88,0.1
2024-01-01 05:24:41,1.2,0.63
2024-01-01 05:27:07,1.25,0.55
2024-01-01 05:29:34,0.8,0.2
2024-01-01 05:32:00,0.9,0.28
2024-01-01 05:34:26,0.9,0.1
2024-01-01 05:36:52,0.82,0.1
2024-01-01 05:39:18,0.88,0.1
2024-01-01 05:41:45,0.6,0.1
2024-01-01 05:44:11,0.7,0.1
2024-01-01 05:46:37,0.8,0.1
2024-01-01 05:49:03,0.8,0.1
2024-01-01 05:51:29,0.88,0.13
2024-01-01 05:53:55,0.68,0.1
2024-01-01 05:58:49,0.98,0.4
2024-01-01 06:01:15,0.8,0.1
2024-01-01 06:03:41,0.9,0.13
2024-01-01 06:06:09,1.0,0.13
2024-01-01 06:08:35,1.0,0.2
2024-01-01 06:11:01,0.8,0.1
2024-01-01 06:13:27,0.8,0.1
2024-01-01 06:15:53,1.2,0.2
2024-01-01 06:18:20,1.1,0.2
2024-01-01 06:20:47,1.05,0.2
2024-01-01 06:23:13,1.05,0.3
2024-01-01 06:25:39,1.13,0.2
2024-01-01 06:28:05,1.02,0.17
2024-01-01 06:30:31,1.1,0.4
2024-01-01 06:32:59,0.88,0.2
2024-01-01 06:35:26,1.17,0.32
2024-01-01 06:37:55,1.48,0.82
2024-01-01 06:40:21,1.23,0.43
2024-01-01 06:42:48,1.08,0.2
2024-01-01 06:45:14,1.13,0.2
2024-01-01 06:47:40,0.73,0.1
2024-01-01 06:50:06,1.1,0.4
2024-01-01 06:52:32,1.27,0.88
2024-01-01 06:54:58,0.7,0.1
2024-01-01 06:57:25,1.45,0.47
2024-01-01 06:59:51,1.35,0.55
2024-01-01 07:02:17,1.1,0.2
2024-01-01 07:04:43,0.88,0.1
2024-01-01 07:07:09,1.0,0.2
2024-01-01 07:09:36,0.88,0.2
2024-01-01 07:12:21,1.0,0.2
2024-01-01 07:14:48,1.27,0.43
2024-01-01 07:17:15,1.35,0.43
2024-01-01 07:19:41,1.35,0.3
2024-01-01 07:22:08,1.08,0.1
2024-01-01 07:24:37,1.15,0.2
2024-01-01 07:27:03,1.0,0.15
2024-01-01 07:29:29,1.2,0.25
2024-01-01 07:31:56,0.9,0.1
2024-01-01 07:34:22,0.95,0.3
2024-01-01 07:39:15,1.1,0.2
2024-01-01 07:41:47,1.23,0.4
2024-01-01 07:44:14,0.95,0.1
2024-01-01 07:46:41,1.5,0.4
2024-01-01 07:49:07,1.05,0.17
2024-01-01 07:51:33,1.25,0.3
2024-01-01 07:54:00,1.25,0.32
2024-01-01 07:56:27,1.48,0.5
2024-01-01 07:58:53,1.33,0.35
2024-01-01 08:01:19,1.27,0.43
2024-01-01 08:03:46,1.0,0.2
2024-01-01 08:06:12,1.3,0.5
2024-01-01 08:08:38,0.95,0.2
2024-01-01 08:11:04,1.0,0.2
2024-01-01 08:13:30,1.13,0.3
2024-01-01 08:15:56,1.15,0.3
2024-01-01 08:18:22,0.9,0.1
2024-01-01 08:20:48,1.25,0.3
2024-01-01 08:23:14,0.95,0.1
2024-01-01 08:25:40,1.23,0.3
2024-01-01 08:28:07,1.35,0.43
2024-01-01 08:30:33,0.95,0.15
2024-01-01 08:32:59,1.17,0.3
2024-01-01 08:35:25,1.33,0.3
2024-01-01 08:37:51,0.9,0.1
2024-01-01 08:40:17,0.82,0.1
2024-01-01 08:42:43,1.13,0.2
2024-01-01 08:45:09,1.4,0.68
2024-01-01 08:47:36,1.23,0.32
2024-01-01 08:50:02,0.7,0.15
2024-01-01 08:52:28,1.08,0.25
2024-01-01 08:54:54,1.38,0.3
2024-01-01 08:57:20,1.77,0.9
2024-01-01 08:59:46,1.25,0.43
2024-01-01 09:02:12,0.9,0.2
2024-01-01 09:04:38,1.55,0.43
2024-01-01 09:07:05,1.02,0.2
2024-01-01 09:09:31,1.08,0.2
2024-01-01 09:11:57,0.93,0.22
2024-01-01 09:14:23,1.33,0.55
2024-01-01 09:16:50,1.3,0.2
2024-01-01 09:19:16,1.25,0.47
2024-01-01 09:21:45,1.02,0.2
2024-01-01 09:24:11,1.1,0.2
2024-01-01 09:26:37,0.8,0.1
2024-01-01 09:29:03,0.88,0.1
2024-01-01 09:31:30,1.13,0.22
2024-01-01 09:33:58,1.05,0.25
2024-01-01 09:36:31,0.65,0.17
2024-01-01 09:38:57,0.93,0.13
2024-01-01 09:41:24,0.85,0.1
2024-01-01 09:43:50,1.13,0.3
2024-01-01 09:46:16,1.52,0.68
2024-01-01 09:48:43,0.9,0.1
2024-01-01 09:51:10,1.52,0.4
2024-01-01 09:53:36,1.13,0.4
2024-01-01 09:56:02,1.13,0.43
2024-01-01 09:58:38,1.17,0.32
2024-01-01 10:01:11,1.05,0.2
2024-01-01 10:03:37,1.2,0.2
2024-01-01 10:06:07,1.25,0.4
2024-01-01 10:08:37,0.73,0.1
2024-01-01 10:11:16,1.25,0.38
2024-01-01 10:13:44,0.93,0.35
2024-01-01 10:16:10,0.82,0.2
2024-01-01 10:18:36,1.3,0.3
2024-01-01 10:21:09,1.48,0.57
2024-01-01 10:23:38,1.3,0.3
2024-01-01 10:26:07,0.95,0.15
2024-01-01 10:28:35,1.17,0.3
2024-01-01 10:31:01,1.27,0.43
2024-01-01 10:33:28,1.3,0.43
2024-01-01 10:35:57,1.38,0.38
2024-01-01 10:38:24,1.08,0.2
2024-01-01 10:40:54,1.33,0.38
2024-01-01 10:43:23,1.2,0.2
2024-01-01 10:46:03,1.38,0.4
2024-01-01 10:48:33,1.4,0.3
2024-01-01 10:59:19,1.42,0.4
2024-01-01 11:01:50,1.25,0.2
2024-01-01 11:04:20,1.42,0.57
2024-01-01 11:06:46,1.1,0.2
2024-01-01 11:11:47,1.17,0.28
2024-01-01 11:14:30,1.05,0.17
2024-01-01 11:17:05,1.17,0.4
2024-01-01 11:19:35,0.9,0.1
2024-01-01 11:24:53,1.75,0.7
2024-01-01 11:27:29,1.15,0.3
2024-01-01 11:29:59,0.88,0.1
2024-01-01 11:32:26,1.58,0.2
2024-01-01 11:35:05,1.45,0.55
2024-01-01 11:37:32,1.08,0.3
2024-01-01 11:40:03,1.15,0.2
2024-01-01 11:42:29,0.95,0.1
2024-01-01 11:47:30,1.33,0.3
2024-01-01 11:49:57,0.98,0.13
2024-01-01 11:52:23,1.05,0.28
2024-01-01 11:54:49,0.95,0.13
2024-01-01 11:57:15,1.52,0.45
2024-01-01 11:59:41,1.08,0.2
2024-01-01 12:02:07,1.58,0.6
2024-01-01 12:04:35,1.3,0.38
2024-01-01 12:07:01,1.4,0.3
2024-01-01 12:09:27,1.15,0.32
2024-01-01 12:12:03,0.9,0.15
2024-01-01 12:14:34,0.9,0.15
2024-01-01 12:17:04,1.55,0.52
2024-01-01 12:19:30,0.9,0.1
2024-01-01 12:21:56,1.15,0.3
2024-01-01 12:24:23,1.33,0.32
2024-01-01 12:26:49,1.33,0.2
2024-01-01 12:29:20,1.13,0.22
2024-01-01 12:31:47,1.52,0.35
2024-01-01 12:34:14,1.25,0.3
2024-01-01 12:36:41,1.45,0.4
2024-01-01 12:39:09,0.93,0.2
2024-01-01 12:41:35,1.55,0.43
2024-01-01 12:44:01,0.95,0.13
2024-01-01 12:46:28,0.93,0.1
2024-01-01 12:51:21,1.6,0.4
2024-01-01 12:53:48,1.15,0.25
2024-01-01 12:56:15,1.23,0.3
2024-01-01 12:58:41,1.52,0.52
2024-01-01 13:01:08,1.13,0.2
2024-01-01 13:03:36,1.1,0.5
2024-01-01 13:06:03,1.45,0.52
2024-01-01 13:08:29,0.82,0.15
2024-01-01 13:10:55,0.8,0.1
2024-01-01 13:13:21,0.98,0.38
2024-01-01 13:15:47,1.2,0.2
2024-01-01 13:18:13,1.67,1.1
2024-01-01 13:20:39,1.05,0.3
2024-01-01 13:23:06,1.1,0.2
2024-01-01 13:25:33,1.23,0.4
2024-01-01 13:27:59,1.2,0.38
2024-01-01 13:30:25,1.17,0.22
2024-01-01 13:32:51,1.27,0.45
2024-01-01 13:35:18,0.9,0.2
2024-01-01 13:37:44,1.1,0.13
2024-01-01 13:40:10,1.52,0.5
2024-01-01 13:42:36,1.33,0.38
2024-01-01 13:45:02,0.77,0.1
2024-01-01 13:47:29,0.88,0.1
2024-01-01 13:49:55,1.23,0.3
2024-01-01 13:52:21,1.27,0.32
2024-01-01 13:54:47,1.35,0.32
2024-01-01 13:57:13,1.55,0.3
2024-01-01 13:59:39,1.08,0.32
2024-01-01 14:02:05,0.8,0.1
2024-01-01 14:04:32,1.0,0.28
2024-01-01 14:06:59,0.85,0.13
2024-01-01 14:09:25,1.25,0.32
2024-01-01 14:11:51,1.3,0.6
2024-01-01 14:14:17,0.9,0.1
2024-01-01 14:16:44,1.1,0.28
2024-01-01 14:19:13,1.45,0.68
2024-01-01 14:21:39,1.35,0.4
2024-01-01 14:24:05,1.45,0.43
2024-01-01 14:26:32,1.1,0.3
2024-01-01 14:28:58,1.1,0.2
2024-01-01 14:31:25,1.2,0.2
2024-01-01 14:33:51,1.1,0.2
2024-01-01 14:36:17,1.38,0.3
2024-01-01 14:38:43,1.3,0.32
2024-01-01 14:41:09,1.02,0.2
2024-01-01 14:43:35,1.6,0.65
2024-01-01 14:46:01,1.7,0.63
2024-01-01 14:48:28,1.73,0.35
2024-01-01 14:50:54,0.9,0.1
2024-01-01 14:53:21,1.23,0.2
2024-01-01 14:55:47,1.42,0.43
2024-01-01 14:58:13,0.93,0.13
2024-01-01 15:00:39,0.98,0.2
2024-01-01 15:03:05,1.17,0.32
2024-01-01 15:05:31,1.08,0.2
2024-01-01 15:07:57,0.98,0.17
2024-01-01 15:10:24,1.33,0.3
2024-01-01 15:12:53,1.25,0.3
2024-01-01 15:15:19,1.2,0.28
2024-01-01 15:17:46,1.25,0.3
2024-01-01 15:20:14,1.25,0.32
2024-01-01 15:22:40,1.0,0.1
2024-01-01 15:25:06,1.3,0.4
2024-01-01 15:27:32,1.1,0.2
2024-01-01 15:29:58,0.98,0.1
2024-01-01 15:32:24,0.9,0.1
2024-01-01 15:34:52,1.0,0.2
2024-01-01 15:37:18,1.08,0.25
2024-01-01 15:39:44,1.35,0.43
2024-01-01 15:42:10,1.27,0.47
2024-01-01 15:44:36,1.38,0.7
2024-01-01 15:47:03,0.93,0.1
2024-01-01 15:49:29,1.58,0.52
2024-01-01 15:51:55,1.0,0.1
2024-01-01 15:54:21,1.13,0.2
2024-01-01 15:56:47,0.8,0.1
2024-01-01 15:59:14,1.15,0.43
2024-01-01 16:01:40,1.27,0.3
2024-01-01 16:04:06,1.25,0.22
2024-01-01 16:06:33,0.9,0.1
2024-01-01 16:08:59,1.35,0.28
2024-01-01 16:11:25,1.1,0.2
2024-01-01 16:13:51,1.33,0.43
2024-01-01 16:16:19,1.13,0.2
2024-01-01 16:18:45,1.05,0.2
2024-01-01 16:21:14,1.42,0.28
2024-01-01 16:23:40,1.2,0.4
2024-01-01 16:26:06,1.25,0.2
2024-01-01 16:28:32,1.3,0.2
2024-01-01 16:30:58,1.25,0.43
2024-01-01 16:33:24,1.42,0.5
2024-01-01 16:35:50,1.65,0.47
2024-01-01 16:38:16,1.38,0.47
2024-01-01 16:40:42,1.05,0.3
2024-01-01 16:43:12,1.4,0.5
2024-01-01 16:45:38,1.23,0.3
2024-01-01 16:48:08,1.1,0.1
2024-01-01 16:50:34,1.27,0.32
2024-01-01 16:53:00,1.63,0.63
2024-01-01 16:55:27,1.15,0.22
2024-01-01 16:57:53,1.15,0.2
2024-01-01 17:00:19,1.3,0.3
2024-01-01 17:02:45,0.98,0.2
2024-01-01 17:05:15,0.8,0.1
2024-01-01 17:07:41,0.93,0.1
2024-01-01 17:10:08,1.1,0.13
2024-01-01 17:12:34,1.55,0.43
2024-01-01 17:15:00,1.25,0.2
2024-01-01 17:17:27,1.13,0.2
2024-01-01 17:19:53,1.1,0.32
2024-01-01 17:22:20,1.33,0.22
2024-01-01 17:24:46,1.27,0.55
2024-01-01 17:27:14,1.65,0.65
2024-01-01 17:29:40,1.48,0.73
2024-01-01 17:32:07,1.17,0.2
2024-01-01 17:34:33,1.13,0.2
2024-01-01 17:36:59,1.15,0.4
2024-01-01 17:39:25,1.0,0.2
2024-01-01 17:41:51,0.98,0.13
2024-01-01 17:44:17,1.48,0.63
2024-01-01 17:46:43,0.95,0.1
2024-01-01 17:49:09,1.1,0.2
2024-01-01 17:51:39,1.23,0.2
2024-01-01 17:54:05,1.05,0.32
2024-01-01 17:56:32,1.48,0.52
2024-01-01 17:58:58,1.4,0.4
2024-01-01 18:01:24,1.08,0.25
2024-01-01 18:03:50,1.1,0.2
2024-01-01 18:06:16,0.88,0.22
2024-01-01 18:08:42,1.08,0.25
2024-01-01 18:11:08,1.63,0.45
2024-01-01 18:13:43,0.9,0.1
2024-01-01 18:16:09,1.45,0.3
2024-01-01 18:18:35,1.38,0.22
2024-01-01 18:21:01,1.02,0.2
2024-01-01 18:23:27,1.25,0.2
2024-01-01 18:25:53,1.35,0.28
2024-01-01 18:28:20,1.25,0.45
2024-01-01 18:30:46,1.15,0.3
2024-01-01 18:33:12,1.27,0.3
2024-01-01 18:35:38,1.33,0.38
2024-01-01 18:38:04,0.95,0.15
2024-01-01 18:40:30,1.35,0.47
2024-01-01 18:42:56,1.65,0.47
2024-01-01 18:45:22,1.02,0.22
2024-01-01 18:47:48,1.15,0.3
2024-01-01 18:50:15,1.27,0.32
2024-01-01 18:52:41,1.15,0.3
2024-01-01 18:55:07,1.25,0.38
2024-01-01 18:57:33,1.55,0.55
2024-01-01 19:00:01,1.65,0.38
2024-01-01 19:02:30,1.55,0.47
2024-01-01 19:04:56,1.27,0.4
2024-01-01 19:07:22,1.23,0.2
2024-01-01 19:09:48,0.95,0.2
2024-01-01 19:12:14,0.93,0.1
2024-01-01 19:14:41,1.1,0.1
2024-01-01 19:17:07,1.25,0.4
2024-01-01 19:19:36,1.0,0.17
2024-01-01 19:22:03,1.4,0.2
2024-01-01 19:24:29,1.35,0.57
2024-01-01 19:26:55,1.45,0.47
2024-01-01 19:29:21,1.23,0.32
2024-01-01 19:31:47,1.25,0.47
2024-01-01 19:34:14,1.45,0.57
2024-01-01 19:36:41,1.13,0.2
2024-01-01 19:39:08,1.08,0.2
2024-01-01 19:41:34,1.25,0.4
2024-01-01 19:44:00,1.38,0.43
2024-01-01 19:46:26,1.55,0.43
2024-01-01 19:48:52,1.38,0.3
2024-01-01 19:51:18,1.95,1.58
2024-01-01 19:53:44,1.05,0.2
2024-01-01 19:56:10,0.98,0.35
2024-01-01 19:58:38,1.27,0.22
2024-01-01 20:01:05,1.02,0.2
2024-01-01 20:03:32,1.0,0.2
2024-01-01 20:05:58,1.2,0.25
2024-01-01 20:08:24,1.38,0.38
2024-01-01 20:10:50,1.45,0.8
2024-01-01 20:13:16,0.9,0.1
2024-01-01 20:15:47,1.65,1.15
2024-01-01 20:18:13,1.63,0.38
2024-01-01 20:20:40,1.38,0.43
2024-01-01 20:23:06,1.35,0.28
2024-01-01 20:25:32,1.45,0.65
2024-01-01 20:27:59,1.3,0.2
2024-01-01 20:30:25,1.25,0.3
2024-01-01 20:32:51,1.17,0.2
2024-01-01 20:35:17,1.5,0.28
2024-01-01 20:37:45,0.88,0.2
2024-01-01 20:40:11,1.05,0.15
2024-01-01 20:42:38,1.95,0.65
2024-01-01 20:45:04,1.75,0.45
2024-01-01 20:47:32,0.9,0.2
2024-01-01 20:49:58,1.55,0.98
2024-01-01 20:52:24,1.48,0.3
2024-01-01 20:54:50,1.1,0.2
2024-01-01 20:57:16,1.4,0.32
2024-01-01 20:59:42,1.4,0.57
2024-01-01 21:02:08,1.83,0.2
2024-01-01 21:04:34,1.5,0.45
2024-01-01 21:07:00,1.2,0.2
2024-01-01 21:09:27,1.5,0.38
2024-01-01 21:11:53,1.85,0.82
2024-01-01 21:14:19,1.6,0.2
2024-01-01 21:16:45,1.85,0.3
2024-01-01 21:19:11,1.45,0.2
2024-01-01 21:21:37,1.1,0.2
2024-01-01 21:24:06,1.3,0.3
2024-01-01 21:26:32,1.35,0.32
2024-01-01 21:28:58,1.25,0.2
2024-01-01 21:31:24,1.48,0.2
2024-01-01 21:33:50,1.5,0.7
2024-01-01 21:36:16,1.42,0.4
2024-01-01 21:38:42,1.7,0.77
2024-01-01 21:41:08,1.1,0.2
2024-01-01 21:43:34,1.73,0.57
2024-01-01 21:46:01,1.5,0.55
2024-01-01 21:48:27,1.27,0.3
2024-01-01 21:50:53,1.77,0.65
2024-01-01 21:53:19,1.9,0.4
2024-01-01 21:55:45,1.3,0.2
2024-01-01 21:58:11,1.3,0.2
2024-01-01 22:00:38,1.9,0.73
2024-01-01 22:03:05,1.75,0.55
2024-01-01 22:05:31,1.17,0.25
2024-01-01 22:07:57,1.38,0.32
2024-01-01 22:10:23,0.95,0.2
2024-01-01 22:15:17,1.25,0.2
2024-01-01 22:17:44,1.35,0.98
2024-01-01 22:20:10,1.02,0.13
2024-01-01 22:22:36,1.4,0.25
2024-01-01 22:25:02,1.08,0.25
2024-01-01 22:27:28,1.15,0.28
2024-01-01 22:29:54,1.55,0.55
2024-01-01 22:32:20,1.55,0.4
2024-01-01 22:34:46,1.23,0.25
2024-01-01 22:37:13,1.23,0.2
2024-01-01 22:39:40,1.65,0.28
2024-01-01 22:42:07,1.17,0.2
2024-01-01 22:44:33,1.35,0.28
2024-01-01 22:46:59,1.33,0.3
2024-01-01 22:49:25,1.0,0.1
2024-01-01 22:51:51,1.55,0.7
2024-01-01 22:54:17,1.45,0.52
2024-01-01 22:56:43,1.0,0.2
2024-01-01 22:59:10,1.4,0.2
2024-01-01 23:01:36,1.75,0.65
2024-01-01 23:04:02,1.1,0.3
2024-01-01 23:06:28,1.35,0.2
2024-01-01 23:08:55,1.15,0.28
2024-01-01 23:11:21,1.1,0.2
2024-01-01 23:13:47,1.48,0.45
2024-01-01 23:16:14,1.92,0.7
2024-01-01 23:18:40,1.5,0.73
2024-01-01 23:21:06,1.38,0.68
2024-01-01 23:23:32,0.93,0.1
2024-01-01 23:25:58,1.48,0.4
2024-01-01 23:28:24,1.75,0.68
2024-01-01 23:30:50,1.45,0.55
2024-01-01 23:33:16,1.5,0.45
2024-01-01 23:35:42,1.08,0.2
2024-01-01 23:38:11,1.55,0.45
2024-01-01 23:40:37,1.38,0.2
2024-01-01 23:43:03,1.7,0.88
2024-01-01 23:45:29,1.73,0.73
2024-01-01 23:47:55,1.1,0.13
2024-01-01 23:50:21,1.0,0.13
2024-01-01 23:52:47,1.23,0.32
2024-01-01 23:55:13,1.65,0.73
2024-01-01 23:57:39,1.65,0.88
2024-01-02 00:00:07,1.25,0.25
2024-01-02 00:02:33,1.35,0.4
2024-01-02 00:04:59,1.15,0.2
2024-01-02 00:07:27,1.23,0.2
2024-01-02 00:09:53,1.23,0.45
2024-01-02 00:12:19,1.5,0.3
2024-01-02 00:14:45,0.98,0.2
2024-01-02 00:17:11,1.0,0.2
2024-01-02 00:19:37,1.15,0.2
2024-01-02 00:22:03,1.58,0.93
2024-01-02 00:24:29,1.23,0.25
2024-01-02 00:26:55,0.9,0.1
2024-01-02 00:29:21,1.42,0.5
2024-01-02 00:31:47,1.35,0.28
2024-01-02 00:34:13,1.15,0.25
2024-01-02 00:36:39,1.15,0.22
2024-01-02 00:39:05,1.2,0.2
2024-01-02 00:41:32,1.15,0.28
2024-01-02 00:43:58,1.55,0.63
2024-01-02 00:46:24,1.48,0.4
2024-01-02 00:48:50,1.35,0.65
2024-01-02 00:51:16,1.0,0.2
2024-01-02 00:53:42,1.67,0.98
2024-01-02 00:56:08,1.08,0.25
2024-01-02 00:58:34,1.33,0.4
2024-01-02 01:01:00,1.4,0.3
2024-01-02 01:03:27,1.1,0.2
2024-01-02 01:05:53,1.8,0.77
2024-01-02 01:08:19,1.55,0.68
2024-01-02 01:10:45,0.9,0.1
2024-01-02 01:13:11,1.45,0.5
2024-01-02 01:15:37,1.4,0.35
2024-01-02 01:18:04,1.08,0.1
2024-01-02 01:20:30,1.1,0.2
2024-01-02 01:22:57,1.42,0.63
2024-01-02 01:25:23,1.2,0.2
2024-01-02 01:27:49,1.38,0.47
2024-01-02 01:30:15,1.25,0.52
2024-01-02 01:32:41,1.33,0.45
2024-01-02 01:35:07,1.33,0.63
2024-01-02 01:37:33,1.25,0.45
2024-01-02 01:39:59,1.42,0.4
2024-01-02 01:42:25,1.4,0.73
2024-01-02 01:44:52,1.05,0.2
2024-01-02 01:47:18,1.42,0.47
2024-01-02 01:49:44,0.88,0.1
2024-01-02 01:52:10,1.52,0.5
2024-01-02 01:54:37,1.13,0.25
2024-01-02 01:57:04,1.25,0.43
2024-01-02 01:59:30,0.68,0.1
2024-01-02 02:01:57,1.05,0.3
2024-01-02 02:04:23,1.63,0.38
2024-01-02 02:06:51,1.0,0.1
2024-01-02 02:09:18,1.42,0.5
2024-01-02 02:11:44,1.15,0.3
2024-01-02 02:14:10,0.98,0.17
2024-01-02 02:16:40,1.27,0.52
2024-01-02 02:19:06,1.27,0.32
2024-01-02 02:21:32,1.08,0.2
2024-01-02 02:23:59,1.77,0.65
2024-01-02 02:26:25,1.92,1.73
2024-01-02 02:28:51,1.05,0.22
2024-01-02 02:31:17,0.93,0.1
2024-01-02 02:33:44,0.9,0.3
2024-01-02 02:36:10,1.13,0.2
2024-01-02 02:38:36,1.38,0.68
2024-01-02 02:41:02,1.55,0.45
2024-01-02 02:43:28,1.35,0.65
2024-01-02 02:45:54,1.5,0.52
2024-01-02 02:48:21,1.3,0.2
2024-01-02 02:50:47,1.3,0.3
2024-01-02 02:53:13,1.23,0.3
2024-01-02 02:55:39,1.1,0.3
2024-01-02 02:58:05,1.15,0.22
2024-01-02 03:00:31,1.35,0.43
2024-01-02 03:02:59,1.0,0.2
2024-01-02 03:05:25,1.48,0.57
2024-01-02 03:07:51,1.58,0.57
2024-01-02 03:10:17,1.23,0.63
2024-01-02 03:12:44,1.83,0.73
2024-01-02 03:15:10,1.15,0.2
2024-01-02 03:17:37,1.08,0.45
2024-01-02 03:20:03,1.95,1.05
2024-01-02 03:22:30,1.02,0.1
2024-01-02 03:24:56,1.27,0.5
2024-01-02 03:27:22,1.4,0.32
2024-01-02 03:29:48,1.45,0.47
2024-01-02 03:32:14,1.38,0.52
2024-01-02 03:34:40,1.23,0.3
2024-01-02 03:37:06,1.3,0.45
2024-01-02 03:39:33,1.48,0.7
2024-01-02 03:41:59,1.35,0.25
2024-01-02 03:44:25,1.73,0.6
2024-01-02 03:46:51,1.1,0.2
2024-01-02 03:49:17,1.2,0.2
2024-01-02 03:51:43,1.48,0.43
2024-01-02 03:54:09,1.1,0.2
2024-01-02 03:56:36,0.98,0.25
2024-01-02 03:59:02,1.67,1.58
2024-01-02 04:01:28,1.25,0.3
2024-01-02 04:03:54,1.63,0.63
2024-01-02 04:06:20,1.08,0.4
2024-01-02 04:08:46,1.05,0.3
2024-01-02 04:11:12,1.45,0.4
2024-01-02 04:13:41,0.82,0.15
2024-01-02 04:16:07,1.1,0.2
2024-01-02 04:18:33,0.95,0.1
2024-01-02 04:20:59,1.02,0.2
2024-01-02 04:23:25,1.05,0.2
2024-01-02 04:25:51,1.1,0.28
2024-01-02 04:28:17,1.13,0.2
2024-01-02 04:30:43,0.9,0.1
2024-01-02 04:33:09,1.25,0.55
2024-01-02 04:35:35,1.4,0.35
2024-01-02 04:38:01,1.2,0.2
2024-01-02 04:40:28,1.2,0.45
2024-01-02 04:42:54,1.1,0.2
2024-01-02 04:45:20,1.3,0.63
2024-01-02 04:47:46,0.9,0.1
2024-01-02 04:50:12,0.93,0.25
2024-01-02 04:52:38,1.1,0.2
2024-01-02 04:55:04,1.3,0.28
2024-01-02 04:57:30,1.42,0.52
2024-01-02 04:59:56,1.1,0.2
2024-01-02 05:02:22,1.55,0.43
2024-01-02 05:04:49,1.13,0.22
2024-01-02 05:07:16,1.08,0.2
2024-01-02 05:09:42,1.35,0.35
2024-01-02 05:12:08,1.33,0.57
2024-01-02 05:14:34,1.2,0.45
2024-01-02 05:17:00,0.95,0.1
2024-01-02 05:19:26,1.48,0.5
2024-01-02 05:21:53,0.98,0.15
2024-01-02 05:24:19,1.2,0.2
2024-01-02 05:26:45,1.27,0.63
2024-01-02 05:29:11,1.38,0.32
2024-01-02 05:31:37,1.27,0.38
2024-01-02 05:34:03,1.65,0.82
2024-01-02 05:36:29,1.52,0.43
2024-01-02 05:38:55,1.52,0.22
2024-01-02 05:41:22,1.3,0.6
2024-01-02 05:43:48,1.1,0.2
2024-01-02 05:46:14,1.0,0.2
2024-01-02 05:48:40,1.58,0.38
2024-01-02 05:51:06,1.0,0.2
2024-01-02 05:53:32,1.88,0.73
2024-01-02 05:55:58,1.0,0.35
2024-01-02 05:58:24,1.65,0.85
2024-01-02 06:00:50,0.7,0.1
2024-01-02 06:03:16,1.42,0.45
2024-01-02 06:05:43,1.25,0.43
2024-01-02 06:08:09,1.73,0.55
2024-01-02 06:10:35,1.15,0.35
2024-01-02 06:13:03,1.52,0.55
2024-01-02 06:15:29,1.65,0.9
2024-01-02 06:17:56,1.65,0.47
2024-01-02 06:20:22,1.23,0.2
2024-01-02 06:22:48,1.45,0.4
2024-01-02 06:25:14,1.35,0.5
2024-01-02 06:27:40,1.63,0.88
2024-01-02 06:30:07,1.3,0.45
2024-01-02 06:32:33,1.1,0.17
2024-01-02 06:34:59,1.15,0.2
2024-01-02 06:37:25,1.27,0.2
2024-01-02 06:39:52,0.98,0.2
2024-01-02 06:42:18,1.55,0.6
2024-01-02 06:44:44,1.23,0.38
2024-01-02 06:47:11,1.45,0.2
2024-01-02 06:49:37,1.27,0.22
2024-01-02 06:52:03,1.7,0.65
2024-01-02 06:54:29,1.2,0.3
2024-01-02 06:56:55,1.45,0.4
2024-01-02 06:59:23,1.48,0.38
2024-01-02 07:01:49,1.4,0.57
2024-01-02 07:04:15,1.38,0.52
2024-01-02 07:06:41,0.75,0.1
2024-01-02 07:09:07,1.33,0.2
2024-01-02 07:11:33,1.13,0.15
2024-01-02 07:13:59,1.45,0.57
2024-01-02 07:16:26,1.42,0.4
2024-01-02 07:18:52,1.05,0.25
2024-01-02 07:21:18,1.55,0.88
2024-01-02 07:23:44,1.3,0.3
2024-01-02 07:26:10,1.25,0.28
2024-01-02 07:28:36,1.38,0.55
2024-01-02 07:31:02,1.63,0.6
2024-01-02 07:33:28,1.17,0.25
2024-01-02 07:35:54,1.55,0.32
2024-01-02 07:38:21,1.23,0.47
2024-01-02 07:40:51,1.25,0.22
2024-01-02 07:43:17,1.25,0.43
2024-01-02 07:45:43,1.4,0.3
2024-01-02 07:48:09,1.48,0.52
2024-01-02 07:50:35,1.58,0.68
2024-01-02 07:53:01,1.15,0.32
2024-01-02 07:55:27,1.23,0.22
2024-01-02 07:57:53,0.9,0.1
2024-01-02 08:00:20,1.27,0.2
2024-01-02 08:02:46,1.13,0.2
2024-01-02 08:05:12,1.0,0.2
2024-01-02 08:07:38,1.1,0.2
2024-01-02 08:10:05,1.52,0.45
2024-01-02 08:12:31,1.38,0.28
2024-01-02 08:14:57,1.35,0.3
2024-01-02 08:17:23,1.65,0.68
2024-01-02 08:19:50,1.05,0.22
2024-01-02 08:22:16,1.55,0.4
2024-01-02 08:24:42,1.48,0.47
2024-01-02 08:27:08,1.33,0.43
2024-01-02 08:29:35,1.45,0.75
2024-01-02 08:32:01,1.65,0.4
2024-01-02 08:34:28,1.0,0.2
2024-01-02 08:36:54,1.5,0.57
2024-01-02 08:39:20,1.0,0.2
2024-01-02 08:41:46,1.48,0.4
2024-01-02 08:44:12,0.98,0.13
2024-01-02 08:46:38,1.35,0.45
2024-01-02 08:49:04,1.2,0.2
2024-01-02 08:51:32,1.25,0.3
2024-01-02 08:53:58,1.05,0.2
2024-01-02 08:56:24,1.4,0.4
2024-01-02 08:58:50,1.2,0.2
2024-01-02 09:01:16,1.05,0.2
2024-01-02 09:03:43,1.0,0.15
2024-01-02 09:06:09,0.98,0.13
2024-01-02 09:08:35,1.1,0.2
2024-01-02 09:11:01,1.38,0.45
2024-01-02 09:13:28,1.63,0.4
2024-01-02 09:15:54,1.27,0.57
2024-01-02 09:18:20,1.45,0.35
2024-01-02 09:20:46,0.9,0.1
2024-01-02 09:23:12,1.0,0.2
2024-01-02 09:25:38,1.75,0.85
2024-01-02 09:28:07,1.45,0.57
2024-01-02 09:30:37,1.4,0.4
2024-01-02 09:33:03,1.1,0.3
2024-01-02 09:35:29,1.65,0.43
2024-01-02 09:37:55,1.33,0.35
2024-01-02 09:40:36,1.33,0.4
2024-01-02 09:43:46,1.3,0.43
2024-01-02 09:53:55,1.0,0.22
2024-01-02 09:56:31,1.2,0.2
2024-01-02 10:14:20,1.55,0.43
2024-01-02 10:16:53,1.45,0.63
2024-01-02 10:19:41,0.95,0.2
2024-01-02 10:27:15,1.45,0.3
2024-01-02 10:32:11,1.23,0.2
2024-01-02 10:34:42,1.27,0.38
2024-01-02 10:37:11,1.45,0.32
2024-01-02 10:40:01,1.27,0.4
2024-01-02 10:45:18,1.27,0.3
2024-01-02 10:50:19,1.48,0.4
2024-01-02 10:55:26,1.27,0.2
2024-01-02 10:57:59,1.5,0.35
2024-01-02 11:00:28,1.3,0.3
2024-01-02 11:03:28,1.13,0.2
2024-01-02 11:09:24,0.98,0.13
2024-01-02 11:11:18,1.42,0.52
2024-01-02 11:13:44,0.82,0.1
2024-01-02 11:16:13,1.65,0.88
2024-01-02 11:18:41,1.35,0.43
2024-01-02 11:21:13,1.48,0.6
2024-01-02 11:23:42,0.98,0.22
2024-01-02 11:26:11,1.42,0.4
2024-01-02 11:28:40,1.33,0.3
2024-01-02 11:31:08,1.3,0.6
2024-01-02 11:34:19,1.08,0.2
2024-01-02 11:36:25,0.9,0.1
2024-01-02 11:44:04,1.52,0.45
2024-01-02 11:46:33,1.2,0.3
2024-01-02 11:49:05,1.2,0.2
2024-01-02 11:51:34,0.8,0.1
2024-01-02 11:56:31,1.45,0.5
2024-01-02 12:07:21,1.35,0.28
2024-01-02 12:09:49,1.23,0.22
2024-01-02 12:15:08,1.1,0.2
2024-01-02 12:20:06,1.27,0.3
2024-01-02 12:22:33,1.1,0.2
2024-01-02 12:25:04,1.25,0.35
2024-01-02 12:27:34,1.52,0.55
2024-01-02 12:30:03,1.4,0.55
2024-01-02 12:32:37,1.15,0.52
2024-01-02 12:35:07,0.82,0.1
2024-01-02 12:40:19,1.13,0.47
2024-01-02 12:42:48,1.0,0.1
2024-01-02 12:45:15,0.88,0.1
2024-01-02 12:47:46,1.65,0.47
2024-01-02 12:50:13,0.8,0.1
2024-01-02 12:52:47,1.0,0.2
2024-01-02 12:55:18,1.33,0.52
2024-01-02 12:57:45,1.45,0.4
2024-01-02 13:00:12,1.15,0.3
2024-01-02 13:02:38,1.0,0.2
2024-01-02 13:05:05,1.38,0.35
2024-01-02 13:07:32,1.02,0.25
2024-01-02 13:10:05,1.65,1.23
2024-01-02 13:12:32,1.4,0.38
2024-01-02 13:14:59,1.08,0.2
2024-01-02 13:17:28,1.23,0.35
2024-01-02 13:19:54,1.15,0.35
2024-01-02 13:22:20,0.55,0.1
2024-01-02 13:24:47,0.98,0.25
2024-01-02 13:27:14,1.45,0.65
2024-01-02 13:29:47,1.1,0.2
2024-01-02 13:32:13,1.0,0.2
2024-01-02 13:34:40,1.1,0.2
2024-01-02 13:37:10,0.88,0.17
2024-01-02 13:39:47,1.23,0.43
2024-01-02 13:42:23,1.1,0.2
2024-01-02 13:44:49,1.1,0.3
2024-01-02 13:47:16,1.33,0.38
2024-01-02 13:52:10,0.9,0.1
2024-01-02 13:54:40,0.7,0.1
2024-01-02 13:57:06,1.13,0.2
2024-01-02 13:59:32,1.13,0.22
2024-01-02 14:01:59,0.73,0.1
2024-01-02 14:04:28,0.88,0.1
2024-01-02 14:06:55,1.55,0.45
2024-01-02 14:09:28,1.45,0.47
2024-01-02 14:19:19,0.88,0.15
2024-01-02 14:21:46,1.42,0.52
2024-01-02 14:24:14,1.33,0.38
2024-01-02 14:29:12,0.8,0.1
2024-01-02 14:37:02,1.42,0.4
2024-01-02 14:49:34,1.42,0.35
2024-01-02 14:59:56,1.08,0.32
2024-01-02 15:02:41,1.23,0.45
2024-01-02 15:05:16,1.2,0.73
2024-01-02 15:10:21,1.42,0.43
2024-01-02 15:15:37,1.42,0.4
2024-01-02 15:20:42,1.4,0.6
2024-01-02 15:25:50,1.45,0.43
2024-01-02 15:28:25,1.2,0.3
2024-01-02 15:31:05,1.2,0.2
2024-01-02 15:36:07,1.1,0.2
2024-01-02 15:39:08,0.93,0.15
2024-01-02 15:41:27,1.2,0.25
2024-01-02 15:43:57,1.08,0.25
2024-01-02 15:49:05,1.63,1.3
2024-01-02 15:51:33,0.9,0.2
2024-01-02 15:54:04,1.48,0.4
2024-01-02 15:56:33,1.75,0.52
2024-01-02 15:59:21,1.1,0.22
2024-01-02 16:35:01,1.45,0.43
2024-01-02 16:39:56,1.05,0.47
2024-01-02 16:42:25,1.0,0.2
2024-01-02 16:44:54,0.9,0.1
2024-01-02 16:47:22,1.2,0.3
2024-01-02 16:49:48,1.1,0.2
2024-01-02 16:52:24,1.35,0.32
2024-01-02 16:54:55,1.5,0.73
2024-01-02 16:57:25,1.17,0.3
2024-01-02 16:59:54,0.98,0.2
2024-01-02 17:02:21,1.0,0.1
2024-01-02 17:04:48,1.75,1.2
2024-01-02 17:07:15,1.33,0.43
2024-01-02 17:09:42,0.98,0.22
2024-01-02 17:12:08,1.73,1.17
2024-01-02 17:14:35,0.85,0.1
2024-01-02 17:17:03,1.38,0.43
2024-01-02 17:19:30,0.88,0.1
2024-01-02 17:21:57,1.15,0.43
2024-01-02 17:24:24,0.98,0.13
2024-01-02 17:26:51,0.85,0.1
2024-01-02 17:29:18,1.0,0.22
2024-01-02 17:31:45,1.08,0.22
2024-01-02 17:34:12,1.48,0.43
2024-01-02 17:36:39,1.2,0.38
2024-01-02 17:39:06,1.23,0.25
2024-01-02 17:41:33,1.2,0.2
2024-01-02 17:44:00,1.25,0.35
2024-01-02 17:46:33,1.0,0.1
2024-01-02 17:49:01,1.0,0.2
2024-01-02 17:51:28,0.82,0.13
2024-01-02 17:53:58,1.05,0.22
2024-01-02 17:56:25,1.23,0.2
2024-01-02 17:58:59,0.98,0.2
2024-01-02 18:01:29,1.42,0.4
2024-01-02 18:11:49,1.3,0.25
2024-01-02 18:14:28,1.05,0.2
2024-01-02 18:22:02,1.55,0.65
2024-01-02 18:24:38,1.13,0.25
2024-01-02 18:32:22,0.82,0.13
2024-01-02 18:37:30,1.67,0.65
2024-01-02 18:40:10,0.98,0.1
2024-01-02 18:42:52,1.2,0.57
2024-01-02 18:45:19,1.3,0.2
2024-01-02 18:50:24,1.58,0.52
2024-01-02 18:55:24,1.52,0.32
2024-01-02 18:57:51,1.0,0.3
2024-01-02 19:00:18,1.25,0.3
2024-01-02 19:02:48,1.33,0.4
2024-01-02 19:05:15,1.58,0.57
2024-01-02 19:07:41,1.38,0.38
2024-01-02 19:10:08,0.98,0.28
2024-01-02 19:12:47,1.55,0.6
2024-01-02 19:15:15,1.1,0.2
2024-01-02 19:17:41,1.45,0.65
2024-01-02 19:20:08,1.15,0.2
2024-01-02 19:22:34,1.1,0.22
2024-01-02 19:25:00,1.27,0.45
2024-01-02 19:27:28,1.35,1.17
2024-01-02 19:29:54,1.0,0.22
2024-01-02 19:32:21,1.45,0.7
2024-01-02 19:34:47,1.0,0.3
2024-01-02 19:37:13,0.85,0.1
2024-01-02 19:39:41,1.48,0.55
2024-01-02 19:42:07,1.0,0.2
2024-01-02 19:44:33,1.15,0.3
2024-01-02 19:47:02,1.25,0.32
2024-01-02 19:49:28,1.25,0.47
2024-01-02 19:51:54,0.98,0.25
2024-01-02 19:54:20,1.08,0.2
2024-01-02 19:56:46,0.9,0.1
2024-01-02 19:59:13,1.23,0.22
2024-01-02 20:01:39,1.0,0.3
2024-01-02 20:04:05,2.88,0.3
2024-01-02 20:09:00,3.15,0.7
2024-01-02 20:11:30,1.8,0.4
2024-01-02 20:13:57,1.13,0.35
2024-01-02 20:18:50,1.15,0.2
2024-01-02 20:21:18,1.3,0.2
2024-01-02 20:23:45,0.93,0.1
2024-01-02 20:26:15,1.23,0.3
2024-01-02 20:28:46,1.02,0.2
2024-01-02 20:31:46,1.88,0.3
2024-01-02 20:34:14,2.08,0.28
2024-01-02 20:36:47,1.4,0.45
2024-01-02 20:39:15,1.3,0.2
2024-01-02 20:41:56,1.6,0.4
2024-01-02 20:44:24,1.35,0.32
2024-01-02 20:46:51,1.1,0.22
2024-01-02 20:49:29,1.27,0.43
2024-01-02 20:51:55,1.13,0.3
2024-01-02 20:54:21,0.75,0.1
2024-01-02 20:59:18,1.7,0.43
2024-01-02 21:01:48,2.2,0.75
2024-01-02 21:06:46,1.6,1.17
2024-01-02 21:11:42,1.25,0.25
2024-01-02 21:14:08,1.2,0.28
2024-01-02 21:16:36,1.1,0.2
2024-01-02 21:19:03,0.93,0.28
2024-01-02 21:21:33,1.17,0.25
2024-01-02 21:24:18,1.0,0.1
2024-01-02 21:26:48,1.15,0.2
2024-01-02 21:29:15,1.4,0.4
2024-01-02 21:31:41,1.33,0.25
2024-01-02 21:34:07,1.2,0.25
2024-01-02 21:36:34,1.17,0.2
2024-01-02 21:39:00,1.42,0.4
2024-01-02 21:41:29,1.52,0.5
2024-01-02 21:43:56,1.48,0.57
2024-01-02 21:46:26,1.35,0.43
2024-01-02 21:49:01,1.52,0.45
2024-01-02 21:51:31,1.13,0.2
2024-01-02 21:54:15,1.25,0.28
2024-01-02 21:56:47,1.17,0.2
2024-01-02 22:01:39,1.1,0.2
2024-01-02 22:04:05,1.27,0.2
2024-01-02 22:06:35,1.4,0.3
2024-01-02 22:14:32,0.9,0.1
2024-01-02 22:17:00,0.8,0.1
2024-01-02 22:29:39,1.1,0.2
2024-01-02 22:32:09,1.17,0.3
2024-01-02 22:34:37,1.5,0.6
2024-01-02 22:37:04,0.88,0.1
2024-01-02 22:42:29,1.0,0.2
2024-01-02 22:44:56,1.33,0.25
2024-01-02 22:47:22,1.02,0.22
2024-01-02 22:49:48,1.6,0.55
2024-01-02 22:52:15,1.65,0.5
2024-01-02 22:54:41,1.63,0.5
2024-01-02 22:57:07,1.6,0.55
2024-01-02 22:59:35,0.9,0.1
2024-01-02 23:02:01,1.27,0.43
2024-01-02 23:04:29,1.42,0.35
2024-01-02 23:06:58,1.35,0.3
2024-01-02 23:11:54,1.52,0.68
2024-01-02 23:14:20,1.35,0.47
2024-01-02 23:16:46,1.38,0.28
2024-01-02 23:19:13,1.65,1.25
2024-01-02 23:21:40,1.38,0.47
2024-01-02 23:24:07,1.65,0.57
2024-01-02 23:26:34,1.35,0.28
2024-01-02 23:31:33,1.35,0.45
2024-01-02 23:34:06,1.3,0.43
2024-01-02 23:36:36,1.55,0.57
2024-01-02 23:39:02,1.45,0.3
2024-01-02 23:41:32,1.13,0.28
2024-01-02 23:43:59,1.58,0.38
2024-01-02 23:46:26,1.0,0.2
2024-01-02 23:48:52,1.58,0.5
2024-01-02 23:51:18,1.6,0.35
2024-01-02 23:53:45,1.55,0.9
2024-01-02 23:56:23,1.83,0.57
2024-01-02 23:58:54,1.6,0.45
2024-01-03 00:01:20,1.3,0.2
2024-01-03 00:03:46,0.98,0.1
2024-01-03 00:06:13,0.77,0.1
2024-01-03 00:08:39,1.92,0.88
2024-01-03 00:11:06,1.1,0.2
2024-01-03 00:18:35,1.0,0.13
2024-01-03 00:21:02,1.92,0.73
2024-01-03 00:23:38,1.08,0.17
2024-01-03 00:26:07,1.4,0.3
2024-01-03 00:28:35,1.63,0.52
2024-01-03 00:31:01,1.63,0.4
2024-01-03 00:33:27,1.48,0.47
2024-01-03 00:35:53,1.08,0.2
2024-01-03 00:38:19,1.73,0.73
2024-01-03 00:43:12,1.15,0.3
2024-01-03 00:45:38,0.93,0.2
2024-01-03 00:48:04,1.77,0.88
2024-01-03 00:50:30,0.95,0.17
2024-01-03 00:52:56,0.88,0.1
2024-01-03 00:55:22,1.45,1.13
2024-01-03 00:57:48,0.95,0.13
2024-01-03 01:00:14,1.5,0.47
2024-01-03 01:02:40,1.27,0.25
2024-01-03 01:05:07,1.33,0.3
2024-01-03 01:07:33,1.95,0.57
2024-01-03 01:09:59,1.75,0.43
2024-01-03 01:12:25,1.83,0.57
2024-01-03 01:14:51,1.4,0.3
2024-01-03 01:17:17,1.65,0.22
2024-01-03 01:19:43,1.5,0.45
2024-01-03 01:22:09,1.75,0.3
2024-01-03 01:24:35,1.95,0.5
2024-01-03 01:27:01,1.4,0.55
2024-01-03 01:29:27,2.05,0.75
2024-01-03 01:31:53,1.5,0.3
2024-01-03 01:34:19,1.7,0.5
2024-01-03 01:36:45,1.38,0.3
2024-01-03 01:39:11,1.77,0.4
2024-01-03 01:41:38,2.03,0.52
2024-01-03 01:44:04,1.75,0.65
2024-01-03 01:46:30,1.1,0.2
2024-01-03 01:48:56,1.92,0.7
2024-01-03 01:51:22,2.0,0.65
2024-01-03 01:53:49,1.08,0.25
2024-01-03 01:56:15,1.55,0.3
2024-01-03 01:58:41,1.75,0.65
2024-01-03 02:01:08,2.53,0.55
2024-01-03 02:03:35,1.55,0.3
2024-01-03 02:06:02,1.9,0.55
2024-01-03 02:08:29,1.58,0.52
2024-01-03 02:10:55,1.45,0.4
2024-01-03 02:13:21,2.78,0.73
2024-01-03 02:15:47,2.88,1.0
2024-01-03 02:18:13,5.7,2.45
2024-01-03 02:20:40,5.35,1.48
2024-01-03 02:23:06,10.23,2.65
2024-01-03 02:25:32,8.02,3.2
2024-01-03 02:27:58,3.72,0.4
2024-01-03 02:30:24,5.07,1.2
2024-01-03 02:32:50,4.72,0.35
2024-01-03 02:35:16,4.95,0.82
2024-01-03 02:37:42,3.1,0.5
2024-01-03 02:40:09,4.28,1.25
2024-01-03 02:42:35,3.88,0.9
2024-01-03 02:45:01,3.75,0.45
2024-01-03 02:47:27,3.42,1.05
2024-01-03 02:49:53,6.35,3.95
2024-01-03 02:52:23,5.68,2.15
2024-01-03 02:54:50,5.63,2.8
2024-01-03 02:57:16,3.85,0.75
2024-01-03 02:59:42,2.25,0.47
2024-01-03 03:02:08,5.15,0.82
2024-01-03 03:04:35,3.38,1.1
2024-01-03 03:07:01,2.25,0.32
2024-01-03 03:09:27,10.7,6.35
2024-01-03 03:11:53,10.52,5.9
2024-01-03 03:14:19,5.47,1.55
2024-01-03 03:16:45,3.8,0.52
2024-01-03 03:19:12,8.85,5.2
2024-01-03 03:21:38,5.05,0.7
2024-01-03 03:24:04,12.0,5.47
2024-01-03 03:26:30,9.05,3.08
2024-01-03 03:28:56,9.65,3.22
2024-01-03 03:31:22,14.43,6.4
2024-01-03 03:33:48,5.97,0.85
2024-01-03 03:36:14,7.15,3.4
2024-01-03 03:38:41,3.92,1.08
2024-01-03 03:41:13,2.7,1.52
2024-01-03 03:43:40,5.55,1.6
2024-01-03 03:46:06,1.77,0.47
2024-01-03 03:48:32,6.75,1.48
2024-01-03 03:51:02,6.25,1.25
2024-01-03 03:53:28,1.92,0.3
2024-01-03 03:55:54,8.55,2.9
2024-01-03 03:58:20,1.9,0.3
2024-01-03 04:00:46,5.72,1.55
2024-01-03 04:03:12,5.45,0.57
2024-01-03 04:05:39,5.35,0.77
2024-01-03 04:08:05,6.3,1.33
2024-01-03 04:10:31,5.28,0.5
2024-01-03 04:12:57,2.72,0.6
2024-01-03 04:15:24,4.1,1.67
2024-01-03 04:17:50,5.3,1.38
2024-01-03 04:20:16,4.97,0.73
2024-01-03 04:22:43,7.22,0.93
2024-01-03 04:25:10,5.28,0.98
2024-01-03 04:27:36,5.65,2.78
2024-01-03 04:30:05,15.05,7.38
2024-01-03 04:32:31,6.22,2.45
2024-01-03 04:34:57,4.3,1.42
2024-01-03 04:37:23,5.25,0.93
2024-01-03 04:39:50,5.72,1.98
2024-01-03 04:42:16,3.55,1.05
2024-01-03 04:44:42,3.4,0.4
2024-01-03 04:49:35,6.8,1.45
2024-01-03 04:52:01,3.9,1.0
2024-01-03 04:54:28,5.6,1.17
2024-01-03 04:56:54,6.13,1.67
2024-01-03 04:59:21,5.32,0.93
2024-01-03 05:01:47,5.78,1.33
2024-01-03 05:04:13,4.97,0.63
2024-01-03 05:06:39,7.63,0.93
2024-01-03 05:09:05,5.38,0.82
2024-01-03 05:11:32,8.25,1.83
2024-01-03 05:13:58,5.5,0.6
2024-01-03 05:16:25,3.25,0.95
2024-01-03 05:18:51,7.28,3.28
2024-01-03 05:21:17,5.3,1.3
2024-01-03 05:23:43,2.17,0.55
2024-01-03 05:26:09,3.72,1.0
2024-01-03 05:28:35,7.05,2.25
2024-01-03 05:31:01,3.7,0.47
2024-01-03 05:33:27,3.58,0.5
2024-01-03 05:35:53,3.63,0.8
2024-01-03 05:38:19,3.5,0.52
2024-01-03 05:40:46,11.02,5.45
2024-01-03 05:43:12,6.82,1.55
2024-01-03 05:45:39,4.38,1.15
2024-01-03 05:48:06,8.93,4.68
2024-01-03 05:50:32,6.45,1.58
2024-01-03 05:52:58,7.57,3.28
2024-01-03 05:55:24,6.32,1.58
2024-01-03 05:57:50,7.1,2.45
2024-01-03 06:00:16,9.52,2.88
2024-01-03 06:02:42,7.4,2.03
2024-01-03 06:05:08,7.95,3.2
2024-01-03 06:07:41,7.13,2.58
2024-01-03 06:10:09,8.1,4.35
2024-01-03 06:12:35,9.48,4.68
2024-01-03 06:15:01,3.4,0.6
2024-01-03 06:17:28,11.63,5.3
2024-01-03 06:19:54,2.63,0.82
2024-01-03 06:22:20,9.63,3.08
2024-01-03 06:24:46,4.13,1.0
2024-01-03 06:27:12,7.15,2.38
2024-01-03 06:29:38,4.75,1.08
2024-01-03 06:32:04,2.45,0.47
2024-01-03 06:34:31,1.9,0.2
2024-01-03 06:36:57,2.83,0.98
2024-01-03 06:39:25,2.92,1.67
2024-01-03 06:41:51,3.6,0.73
2024-01-03 06:44:17,4.3,1.0
2024-01-03 06:46:43,4.6,0.4
2024-01-03 06:49:09,4.22,0.68
2024-01-03 06:51:35,2.5,0.88
2024-01-03 06:54:01,2.45,0.65
2024-01-03 06:56:27,9.98,3.0
2024-01-03 06:58:56,2.85,0.63
2024-01-03 07:01:23,4.13,0.75
2024-01-03 07:03:49,3.38,0.9
2024-01-03 07:06:15,4.78,1.92
2024-01-03 07:08:41,1.98,0.4
2024-01-03 07:11:08,3.9,0.95
2024-01-03 07:13:35,3.17,0.88
2024-01-03 07:16:01,9.45,3.08
2024-01-03 07:18:27,8.35,5.25
2024-01-03 07:20:53,6.15,1.25
2024-01-03 07:23:19,11.93,5.05
2024-01-03 07:25:45,2.4,0.3
2024-01-03 07:28:11,8.1,2.53
2024-01-03 07:30:38,7.78,2.53
2024-01-03 07:33:04,6.93,2.53
2024-01-03 07:35:30,3.03,0.5
2024-01-03 07:37:56,6.5,1.75
2024-01-03 07:40:22,3.13,0.63
2024-01-03 07:42:48,5.2,1.2
2024-01-03 07:45:15,8.5,4.07
2024-01-03 07:47:41,8.9,3.85
2024-01-03 07:50:07,2.72,0.3
2024-01-03 07:55:00,6.32,0.8
2024-01-03 07:57:26,9.32,4.53
2024-01-03 07:59:53,8.27,3.15
2024-01-03 08:02:19,10.15,4.18
2024-01-03 08:04:45,4.1,0.98
2024-01-03 08:07:11,4.55,0.95
2024-01-03 08:09:37,5.1,0.63
2024-01-03 08:12:04,9.48,4.93
2024-01-03 08:16:56,3.28,0.4
2024-01-03 08:19:23,2.7,0.47
2024-01-03 08:21:49,5.2,0.75
2024-01-03 08:24:15,4.2,0.6
2024-01-03 08:26:41,2.1,0.5
2024-01-03 08:29:07,2.35,0.52
2024-01-03 08:31:36,3.5,0.95
2024-01-03 08:34:02,1.83,0.32
2024-01-03 08:36:41,2.05,0.73
2024-01-03 08:39:08,1.75,0.3
2024-01-03 08:41:34,1.58,0.3
2024-01-03 08:44:01,1.85,0.38
2024-01-03 08:46:45,1.98,0.73
2024-01-03 08:49:12,1.8,0.3
2024-01-03 08:51:38,1.95,0.4
2024-01-03 08:54:05,1.9,0.52
2024-01-03 08:56:31,2.13,0.7
2024-01-03 08:58:57,1.7,0.38
2024-01-03 09:01:23,1.88,0.7
2024-01-03 09:03:52,2.1,1.02
2024-01-03 09:06:19,1.42,0.22
2024-01-03 09:08:46,1.4,0.28
2024-01-03 09:11:15,1.67,0.38
2024-01-03 09:13:42,1.38,0.38
2024-01-03 09:16:08,1.45,0.3
2024-01-03 09:18:37,1.45,0.35
2024-01-03 09:21:04,1.2,0.2
2024-01-03 09:23:30,1.88,0.8
2024-01-03 09:25:56,1.35,0.43
2024-01-03 09:28:23,1.55,0.3
2024-01-03 09:30:49,1.92,0.85
2024-01-03 09:33:15,1.48,0.28
2024-01-03 09:35:41,1.67,0.63
2024-01-03 09:38:07,1.3,0.35
2024-01-03 09:40:34,1.2,0.2
2024-01-03 09:43:03,1.23,0.25
2024-01-03 09:45:30,1.35,0.4
2024-01-03 09:47:57,1.95,1.0
2024-01-03 09:50:23,1.3,0.3
2024-01-03 09:52:49,1.27,0.22
2024-01-03 09:55:16,1.1,0.2
2024-01-03 09:57:42,1.55,0.6
2024-01-03 10:00:12,1.65,0.55
2024-01-03 10:02:38,1.2,0.2
2024-01-03 10:05:04,1.27,0.25
2024-01-03 10:07:35,1.33,0.3
2024-01-03 10:10:01,1.08,0.2
2024-01-03 10:12:31,1.1,0.2
2024-01-03 10:15:30,1.15,0.2
2024-01-03 10:17:49,1.42,0.57
2024-01-03 10:20:30,1.3,0.32
2024-01-03 10:23:17,1.58,0.4
2024-01-03 10:25:44,1.23,0.2
2024-01-03 10:28:19,1.2,0.2
2024-01-03 10:30:52,1.42,0.43
2024-01-03 10:33:18,1.27,0.4
2024-01-03 10:35:44,1.73,0.6
2024-01-03 10:38:10,1.38,0.75
2024-01-03 10:40:38,1.35,0.4
2024-01-03 10:43:08,0.95,0.1
2024-01-03 10:45:34,1.15,0.45
2024-01-03 10:48:00,1.15,0.2
2024-01-03 10:50:26,1.48,0.5
2024-01-03 10:52:56,1.0,0.13
2024-01-03 10:55:27,1.25,0.25
2024-01-03 10:57:58,1.35,0.6
2024-01-03 11:08:18,1.4,0.45
2024-01-03 11:13:26,0.95,0.17
2024-01-03 11:15:52,0.98,0.1
2024-01-03 11:23:32,1.45,0.32
2024-01-03 11:25:58,1.85,0.47
2024-01-03 11:28:34,1.0,0.2
2024-01-03 11:33:32,0.9,0.1
2024-01-03 11:36:03,1.02,0.2
2024-01-03 11:38:43,1.42,0.65
2024-01-03 11:41:09,1.08,0.35
2024-01-03 11:43:39,1.38,0.45
2024-01-03 11:46:09,1.0,0.2
2024-01-03 11:48:38,1.38,0.22
2024-01-03 11:53:46,1.38,0.3
2024-01-03 11:56:24,1.23,0.22
2024-01-03 11:58:54,1.1,0.2
2024-01-03 12:01:20,1.0,0.1
2024-01-03 12:03:46,0.88,0.1
2024-01-03 12:06:12,1.08,0.2
2024-01-03 12:08:38,1.42,0.3
2024-01-03 12:11:04,1.08,0.3
2024-01-03 12:13:30,1.25,0.5
2024-01-03 12:16:00,1.42,0.47
2024-01-03 12:18:26,1.0,0.1
2024-01-03 12:20:52,1.35,0.47
2024-01-03 12:23:19,1.1,0.2
2024-01-03 12:25:45,1.6,0.57
2024-01-03 12:28:17,1.42,0.3
2024-01-03 12:30:44,1.63,0.65
2024-01-03 12:33:12,1.38,0.32
2024-01-03 12:35:40,1.33,0.35
2024-01-03 12:38:07,1.05,0.2
2024-01-03 12:40:33,1.38,0.2
2024-01-03 12:42:59,1.35,0.28
2024-01-03 12:45:25,1.27,0.28
2024-01-03 12:47:51,1.1,0.2
2024-01-03 12:50:17,1.35,0.22
2024-01-03 12:52:43,1.55,0.52
2024-01-03 12:55:09,1.23,0.38
2024-01-03 12:57:35,1.15,0.3
2024-01-03 13:00:01,1.52,0.4
2024-01-03 13:02:27,1.23,0.2
2024-01-03 13:04:54,1.23,0.3
2024-01-03 13:07:20,0.9,0.1
2024-01-03 13:09:46,1.2,0.2
2024-01-03 13:12:12,1.15,0.25
2024-01-03 13:14:38,1.1,0.2
2024-01-03 13:17:04,1.15,0.2
2024-01-03 13:19:30,1.75,0.5
2024-01-03 13:21:57,1.52,0.45
2024-01-03 13:24:24,1.27,0.25
2024-01-03 13:26:50,1.5,0.65
2024-01-03 13:29:16,1.65,0.45
2024-01-03 13:31:42,1.13,0.2
2024-01-03 13:34:08,1.58,0.7
2024-01-03 13:36:34,0.98,0.2
2024-01-03 13:39:01,1.23,0.2
2024-01-03 13:41:27,1.3,0.25
2024-01-03 13:43:54,1.63,0.4
2024-01-03 13:46:21,1.4,0.2
2024-01-03 13:48:50,1.17,0.35
2024-01-03 13:51:17,1.63,0.38
2024-01-03 13:53:46,1.3,0.38
2024-01-03 13:56:12,1.27,0.2
2024-01-03 13:58:39,1.08,0.25
2024-01-03 14:01:10,1.23,0.22
2024-01-03 14:03:36,1.0,0.13
2024-01-03 14:06:03,1.42,0.43
2024-01-03 14:08:29,1.13,0.22
2024-01-03 14:10:56,1.3,0.28
2024-01-03 14:13:22,1.0,0.2
2024-01-03 14:15:48,1.63,0.75
2024-01-03 14:18:15,1.55,0.63
2024-01-03 14:20:41,1.17,0.2
2024-01-03 14:23:07,0.9,0.1
2024-01-03 14:25:33,1.33,0.32
2024-01-03 14:27:59,0.9,0.3
2024-01-03 14:30:25,1.15,0.2
2024-01-03 14:32:51,1.17,0.3
2024-01-03 14:35:17,1.23,0.2
2024-01-03 14:37:44,1.42,0.4
2024-01-03 14:40:11,1.42,0.3
2024-01-03 14:42:40,1.05,0.25
2024-01-03 14:45:12,1.15,0.2
2024-01-03 14:47:38,0.9,0.1
2024-01-03 14:50:05,1.33,0.28
2024-01-03 14:52:31,1.42,0.35
2024-01-03 14:54:57,1.4,0.38
2024-01-03 14:57:23,1.1,0.3
2024-01-03 14:59:49,1.33,0.38
2024-01-03 15:02:17,0.8,0.1
2024-01-03 15:04:43,1.08,0.2
2024-01-03 15:07:09,1.7,0.7
2024-01-03 15:09:36,1.15,0.38
2024-01-03 15:12:03,1.15,0.28
2024-01-03 15:14:30,1.23,0.32
2024-01-03 15:16:58,1.05,0.22
2024-01-03 15:19:24,1.3,0.2
2024-01-03 15:22:00,1.77,0.7
2024-01-03 15:24:41,1.17,0.2
2024-01-03 15:27:08,1.05,0.25
2024-01-03 15:29:35,1.25,0.25
2024-01-03 15:32:01,0.77,0.1
2024-01-03 15:34:28,1.45,0.4
2024-01-03 15:36:54,1.23,0.55
2024-01-03 15:39:21,1.55,0.4
2024-01-03 15:41:49,1.3,0.3
2024-01-03 15:44:16,1.15,0.2
2024-01-03 15:46:42,1.58,0.47
2024-01-03 15:49:09,1.73,0.2
2024-01-03 15:51:54,1.45,0.43
2024-01-03 15:54:20,1.38,0.45
2024-01-03 15:56:47,1.2,0.2
2024-01-03 15:59:13,1.33,0.47
2024-01-03 16:01:39,0.98,0.15
2024-01-03 16:04:05,1.65,0.5
2024-01-03 16:06:31,1.23,0.43
2024-01-03 16:08:57,1.25,0.32
2024-01-03 16:11:24,1.8,0.52
2024-01-03 16:13:51,1.33,0.3
2024-01-03 16:16:17,1.42,0.52
2024-01-03 16:18:43,1.77,1.65
2024-01-03 16:21:09,1.6,0.52
2024-01-03 16:23:35,1.6,0.3
2024-01-03 16:26:01,1.2,0.22
2024-01-03 16:28:27,1.92,0.52
2024-01-03 16:30:53,1.63,0.75
2024-01-03 16:33:19,1.0,0.2
2024-01-03 16:35:45,1.2,0.2
2024-01-03 16:38:11,1.25,0.52
2024-01-03 16:40:38,1.4,0.45
2024-01-03 16:43:04,1.67,0.68
2024-01-03 16:45:31,1.17,0.22
2024-01-03 16:47:57,1.13,0.2
2024-01-03 16:50:24,1.58,0.47
2024-01-03 16:52:50,1.45,0.2
2024-01-03 16:55:16,1.73,0.32
2024-01-03 16:57:42,1.7,0.2
2024-01-03 17:00:08,1.3,0.3
2024-01-03 17:02:34,1.3,0.25
2024-01-03 17:05:00,1.4,0.2
2024-01-03 17:07:26,1.23,0.2
2024-01-03 17:09:52,1.23,0.22
2024-01-03 17:12:20,1.6,0.32
2024-01-03 17:14:46,1.48,0.4
2024-01-03 17:17:13,1.2,0.2
2024-01-03 17:19:39,1.7,0.32
2024-01-03 17:22:05,1.45,0.52
2024-01-03 17:24:31,1.05,0.2
2024-01-03 17:26:57,1.33,0.3
2024-01-03 17:29:23,1.63,0.65
2024-01-03 17:31:49,1.35,0.55
2024-01-03 17:34:15,1.42,0.3
2024-01-03 17:36:42,1.23,0.43
2024-01-03 17:39:08,1.23,0.4
2024-01-03 17:44:06,1.35,0.47
2024-01-03 17:46:32,1.13,0.2
2024-01-03 17:48:58,1.63,0.77
2024-01-03 17:51:24,1.15,0.2
2024-01-03 17:53:50,1.33,0.25
2024-01-03 17:56:20,1.13,0.2
2024-01-03 17:58:48,1.5,0.32
2024-01-03 18:01:14,1.15,0.35
2024-01-03 18:03:41,1.17,0.45
2024-01-03 18:06:07,1.6,1.27
2024-01-03 18:08:33,0.93,0.1
2024-01-03 18:10:59,1.17,0.32
2024-01-03 18:13:25,1.05,0.28
2024-01-03 18:15:52,1.02,0.25
2024-01-03 18:18:18,1.27,0.47
2024-01-03 18:20:44,1.52,0.35
2024-01-03 18:23:10,1.58,0.68
2024-01-03 18:25:39,1.15,0.35
2024-01-03 18:28:05,1.42,0.52
2024-01-03 18:30:32,1.15,0.25
2024-01-03 18:32:58,0.95,0.15
2024-01-03 18:35:26,1.38,0.57
2024-01-03 18:37:53,1.27,0.75
2024-01-03 18:40:21,1.15,0.2
2024-01-03 18:42:47,1.15,0.2
2024-01-03 18:45:16,1.23,0.22
2024-01-03 18:47:43,1.45,0.4
2024-01-03 18:50:09,1.52,0.28
2024-01-03 18:52:35,1.4,0.2
2024-01-03 18:55:01,0.93,0.13
2024-01-03 18:57:28,1.2,0.2
2024-01-03 18:59:55,0.95,0.2
2024-01-03 19:02:21,1.15,0.2
2024-01-03 19:04:47,1.13,0.2
2024-01-03 19:07:14,1.05,0.2
2024-01-03 19:09:40,1.1,0.2
2024-01-03 19:12:06,1.42,0.38
2024-01-03 19:14:33,1.33,0.63
2024-01-03 19:16:59,0.8,0.1
2024-01-03 19:19:25,1.3,0.3
2024-01-03 19:21:51,1.23,0.4
2024-01-03 19:24:17,0.9,0.2
2024-01-03 19:26:43,1.3,0.45
2024-01-03 19:29:10,1.2,0.25
2024-01-03 19:31:36,0.9,0.1
2024-01-03 19:34:02,0.98,0.17
2024-01-03 19:36:28,1.25,0.3
2024-01-03 19:38:54,0.88,0.13
2024-01-03 19:41:20,1.25,0.52
2024-01-03 19:43:47,1.33,0.43
2024-01-03 19:46:13,1.17,0.2
2024-01-03 19:48:39,1.02,0.28
2024-01-03 19:51:05,1.4,0.4
2024-01-03 19:53:31,1.3,0.35
2024-01-03 19:55:58,1.25,0.4
2024-01-03 19:58:24,1.13,0.22
2024-01-03 20:00:50,1.05,0.2
2024-01-03 20:03:16,1.08,0.2
2024-01-03 20:05:42,1.27,0.4
2024-01-03 20:08:08,1.52,0.65
2024-01-03 20:10:35,0.95,0.1
2024-01-03 20:13:01,0.93,0.15
2024-01-03 20:15:28,1.05,0.2
2024-01-03 20:17:54,1.13,0.2
2024-01-03 20:20:20,1.95,0.7
2024-01-03 20:22:48,1.13,0.2
2024-01-03 20:25:18,1.1,0.3
2024-01-03 20:27:44,1.73,0.68
2024-01-03 20:30:11,0.9,0.1
2024-01-03 20:32:40,0.8,0.1
2024-01-03 20:35:06,1.1,0.2
2024-01-03 20:37:36,1.1,0.22
2024-01-03 20:40:03,0.9,0.17
2024-01-03 20:42:29,1.08,0.38
2024-01-03 20:44:55,1.55,0.4
2024-01-03 20:47:22,1.23,0.2
2024-01-03 20:49:48,1.3,0.25
2024-01-03 20:52:14,1.48,0.63
2024-01-03 20:54:40,0.9,0.2
2024-01-03 20:57:06,1.05,0.5
2024-01-03 20:59:36,1.42,0.43
2024-01-03 21:02:02,0.8,0.1
2024-01-03 21:04:28,1.4,0.35
2024-01-03 21:06:54,1.08,0.2
2024-01-03 21:09:21,1.45,0.95
2024-01-03 21:11:48,1.13,0.3
2024-01-03 21:14:14,1.02,0.2
2024-01-03 21:16:40,1.33,0.22
2024-01-03 21:19:06,1.17,0.2
2024-01-03 21:21:32,1.48,0.52
2024-01-03 21:23:58,1.3,0.3
2024-01-03 21:26:24,1.08,0.2
2024-01-03 21:28:51,0.8,0.1
2024-01-03 21:31:20,1.0,0.2
2024-01-03 21:33:46,1.05,0.2
2024-01-03 21:36:12,1.15,0.2
2024-01-03 21:38:38,1.67,0.68
2024-01-03 21:41:13,1.48,0.45
2024-01-03 21:43:41,1.6,0.5
2024-01-03 21:46:07,0.9,0.2
2024-01-03 21:48:33,1.0,0.3
2024-01-03 21:51:00,1.3,0.3
2024-01-03 21:53:26,1.4,0.4
2024-01-03 21:55:52,1.4,0.5
2024-01-03 21:58:18,1.2,0.82
2024-01-03 22:00:44,1.65,0.6
2024-01-03 22:03:10,1.0,0.2
2024-01-03 22:05:37,1.25,0.63
2024-01-03 22:08:03,1.6,0.4
2024-01-03 22:10:29,1.23,0.3
2024-01-03 22:12:55,1.1,0.3
2024-01-03 22:15:22,1.0,0.2
2024-01-03 22:17:49,1.33,0.6
2024-01-03 22:20:15,1.25,0.22
2024-01-03 22:25:09,1.23,0.32
2024-01-03 22:27:35,1.42,0.57
2024-01-03 22:30:02,1.52,0.52
2024-01-03 22:32:29,1.17,0.2
2024-01-03 22:34:55,1.5,0.45
2024-01-03 22:37:21,1.4,0.3
2024-01-03 22:39:47,1.38,0.45
2024-01-03 22:42:13,0.9,0.1
2024-01-03 22:44:39,1.3,0.3
2024-01-03 22:47:05,1.25,0.3
2024-01-03 22:49:35,1.4,0.4
2024-01-03 22:52:02,1.33,0.2
2024-01-03 22:54:28,1.17,0.2
2024-01-03 22:56:54,1.6,0.6
2024-01-03 22:59:20,1.05,0.2
2024-01-03 23:01:47,1.02,0.1
2024-01-03 23:04:13,1.08,0.22
2024-01-03 23:06:39,1.48,0.5
2024-01-03 23:09:06,1.15,0.4
2024-01-03 23:11:32,1.02,0.3
2024-01-03 23:13:58,1.15,0.3
2024-01-03 23:16:24,1.3,0.45
2024-01-03 23:18:50,1.1,0.32
2024-01-03 23:21:20,0.93,0.3
2024-01-03 23:23:46,1.2,0.3
2024-01-03 23:26:13,2.0,0.68
2024-01-03 23:28:39,1.42,0.68
2024-01-03 23:31:05,1.38,0.3
2024-01-03 23:33:31,1.92,0.5
2024-01-03 23:35:58,1.05,0.25
2024-01-03 23:38:24,1.15,0.3
2024-01-03 23:40:50,1.7,1.08
2024-01-03 23:43:16,1.33,0.5
2024-01-03 23:45:42,1.35,0.3
2024-01-03 23:48:08,1.2,0.3
2024-01-03 23:50:35,1.1,0.3
2024-01-03 23:53:04,1.3,0.25
2024-01-03 23:55:30,1.3,0.3
2024-01-03 23:57:56,1.3,0.38
2024-01-04 00:00:23,1.23,0.15
2024-01-04 00:02:50,1.38,0.28
2024-01-04 00:05:16,0.88,0.1
2024-01-04 00:07:42,2.1,0.4
2024-01-04 00:10:08,3.8,0.6
2024-01-04 00:12:35,1.55,0.43
2024-01-04 00:15:01,1.77,0.45
2024-01-04 00:17:31,1.2,0.3
2024-01-04 00:19:57,2.92,0.73
2024-01-04 00:22:23,1.92,0.32
2024-01-04 00:24:49,3.65,0.35
2024-01-04 00:27:15,2.7,0.32
2024-01-04 00:29:44,1.55,0.45
2024-01-04 00:32:10,1.05,0.22
2024-01-04 00:34:37,4.0,0.55
2024-01-04 00:37:03,1.42,0.45
2024-01-04 00:39:29,3.47,0.68
2024-01-04 00:41:56,0.9,0.1
2024-01-04 00:44:22,1.0,0.38
2024-01-04 00:46:48,1.27,0.45
2024-01-04 00:49:14,1.38,0.3
2024-01-04 00:51:40,1.85,0.2
2024-01-04 00:54:07,2.38,0.35
2024-01-04 00:56:33,1.65,0.5
2024-01-04 00:59:00,1.17,0.3
2024-01-04 01:01:26,1.45,0.45
2024-01-04 01:03:52,1.25,0.6
2024-01-04 01:06:18,2.75,0.95
2024-01-04 01:08:44,1.15,0.32
2024-01-04 01:11:10,1.52,0.35
2024-01-04 01:13:36,1.33,0.63
2024-01-04 01:16:03,0.82,0.1
2024-01-04 01:18:29,0.8,0.1
2024-01-04 01:20:55,1.33,0.35
2024-01-04 01:23:21,1.35,0.4
2024-01-04 01:25:47,1.23,0.4
2024-01-04 01:28:13,1.15,0.3
2024-01-04 01:30:39,0.8,0.1
2024-01-04 01:33:05,0.9,0.2
2024-01-04 01:35:31,1.27,0.43
2024-01-04 01:37:57,1.3,0.5
2024-01-04 01:40:26,1.0,0.15
2024-01-04 01:42:53,1.3,0.32
2024-01-04 01:45:19,0.95,0.17
2024-01-04 01:47:46,1.17,0.43
2024-01-04 01:50:13,1.1,0.2
2024-01-04 01:52:39,0.9,0.1
2024-01-04 01:55:05,1.27,0.32
2024-01-04 01:57:32,1.13,0.28
2024-01-04 02:00:02,1.2,0.45
2024-01-04 02:02:29,1.17,0.22
2024-01-04 02:04:56,1.17,0.2
2024-01-04 02:07:22,1.35,0.4
2024-01-04 02:09:48,1.5,0.55
2024-01-04 02:12:14,1.4,0.47
2024-01-04 02:14:41,1.35,0.4
2024-01-04 02:17:07,1.35,0.43
2024-01-04 02:19:33,1.1,0.3
2024-01-04 02:21:59,1.1,0.28
2024-01-04 02:24:26,1.25,0.4
2024-01-04 02:26:52,1.7,0.88
2024-01-04 02:29:18,1.05,0.3
2024-01-04 02:31:46,1.25,0.55
2024-01-04 02:34:12,1.35,0.2
2024-01-04 02:36:38,1.17,0.2
2024-01-04 02:39:04,0.77,0.1
2024-01-04 02:41:30,1.15,0.28
2024-01-04 02:43:56,1.0,0.1
2024-01-04 02:46:22,1.33,0.3
2024-01-04 02:48:48,0.88,0.1
2024-01-04 02:51:14,1.13,0.3
2024-01-04 02:53:40,1.15,0.2
2024-01-04 02:56:06,1.33,0.28
2024-01-04 02:58:33,1.17,0.32
2024-01-04 03:00:59,2.13,0.43
2024-01-04 03:03:25,1.3,0.4
2024-01-04 03:05:51,1.23,0.2
2024-01-04 03:08:19,1.98,0.85
2024-01-04 03:10:45,1.65,0.4
2024-01-04 03:13:11,2.0,0.85
2024-01-04 03:15:37,3.85,0.73
2024-01-04 03:18:03,2.4,0.32
2024-01-04 03:20:29,2.22,0.3
2024-01-04 03:22:55,1.98,0.32
2024-01-04 03:25:21,1.65,0.4
2024-01-04 03:27:47,5.38,1.3
2024-01-04 03:30:13,2.53,0.57
2024-01-04 03:32:39,3.78,0.4
2024-01-04 03:35:05,5.38,1.05
2024-01-04 03:37:32,1.92,0.28
2024-01-04 03:39:58,3.22,0.6
2024-01-04 03:42:24,2.67,0.4
2024-01-04 03:44:50,1.8,0.25
2024-01-04 03:47:16,3.83,0.85
2024-01-04 03:49:42,1.7,0.3
2024-01-04 03:52:08,2.45,0.5
2024-01-04 03:54:34,3.65,0.82
2024-01-04 03:57:01,3.03,0.2
2024-01-04 03:59:27,1.95,0.28
2024-01-04 04:01:53,2.15,0.47
2024-01-04 04:04:19,2.78,1.27
2024-01-04 04:06:45,2.4,0.4
2024-01-04 04:09:11,5.0,0.63
2024-01-04 04:11:37,2.88,0.52
2024-01-04 04:14:03,3.92,0.5
2024-01-04 04:16:29,4.05,0.45
2024-01-04 04:18:55,4.38,0.5
2024-01-04 04:21:22,1.58,0.25
2024-01-04 04:23:48,4.25,0.47
2024-01-04 04:26:18,3.9,0.73
2024-01-04 04:28:44,3.6,0.6
2024-01-04 04:31:14,2.17,0.63
2024-01-04 04:33:40,2.38,0.6
2024-01-04 04:36:06,3.22,0.73
2024-01-04 04:38:33,2.75,0.47
2024-01-04 04:40:59,3.65,0.4
2024-01-04 04:43:25,3.58,0.32
2024-01-04 04:45:52,2.6,0.57
2024-01-04 04:48:18,4.07,0.82
2024-01-04 04:50:44,3.58,0.75
2024-01-04 04:53:10,4.0,0.63
2024-01-04 04:55:36,4.7,0.57
2024-01-04 04:58:02,3.47,0.5
2024-01-04 05:00:28,3.85,0.5
2024-01-04 05:02:54,1.7,0.32
2024-01-04 05:05:20,1.83,0.4
2024-01-04 05:07:46,2.65,0.3
2024-01-04 05:10:12,1.6,0.3
2024-01-04 05:12:38,2.0,0.5
2024-01-04 05:15:04,2.45,1.23
2024-01-04 05:17:30,1.73,0.5
2024-01-04 05:19:56,1.95,0.6
2024-01-04 05:22:22,3.83,0.65
2024-01-04 05:24:48,2.47,0.6
2024-01-04 05:27:14,2.5,0.5
2024-01-04 05:29:41,2.15,0.3
2024-01-04 05:32:07,2.22,0.28
2024-01-04 05:34:33,4.13,1.02
2024-01-04 05:36:59,3.0,0.82
2024-01-04 05:39:25,3.63,0.55
2024-01-04 05:41:51,1.45,0.35
2024-01-04 05:44:18,2.7,0.52
2024-01-04 05:46:44,4.55,0.43
2024-01-04 05:49:10,4.88,0.93
2024-01-04 05:51:36,3.25,0.5
2024-01-04 05:54:02,4.05,0.3
2024-01-04 05:56:29,5.43,2.03
2024-01-04 05:58:55,5.35,1.67
2024-01-04 06:01:21,3.6,0.57
2024-01-04 06:03:47,3.03,0.6
2024-01-04 06:06:13,2.92,0.38
2024-01-04 06:08:40,1.83,0.43
2024-01-04 06:11:06,3.15,0.5
2024-01-04 06:13:32,2.92,0.3
2024-01-04 06:16:03,1.63,0.47
2024-01-04 06:18:29,2.6,0.2
2024-01-04 06:20:55,2.8,0.52
2024-01-04 06:23:21,3.15,0.3
2024-01-04 06:25:47,3.08,0.52
2024-01-04 06:28:13,3.53,1.05
2024-01-04 06:30:39,4.05,0.57
2024-01-04 06:33:05,2.1,0.4
2024-01-04 06:35:31,3.53,0.38
2024-01-04 06:37:57,3.3,0.7
2024-01-04 06:40:24,3.67,0.6
2024-01-04 06:42:50,3.45,0.4
2024-01-04 06:45:20,3.67,0.45
2024-01-04 06:47:47,4.18,0.38
2024-01-04 06:50:13,3.2,0.5
2024-01-04 06:52:39,3.42,0.55
2024-01-04 06:55:05,3.17,0.4
2024-01-04 06:57:31,4.1,0.4
2024-01-04 06:59:57,4.85,0.6
2024-01-04 07:02:23,1.98,0.3
2024-01-04 07:04:50,2.5,0.32
2024-01-04 07:07:16,3.35,0.5
2024-01-04 07:09:42,2.15,0.2
2024-01-04 07:12:08,4.38,0.63
2024-01-04 07:14:34,3.47,0.5
2024-01-04 07:17:04,2.72,0.4
2024-01-04 07:19:32,3.0,0.75
2024-01-04 07:21:58,3.22,0.43
2024-01-04 07:24:24,3.95,0.68
2024-01-04 07:26:50,3.97,0.77
2024-01-04 07:29:16,1.85,0.35
2024-01-04 07:31:42,1.58,0.3
2024-01-04 07:34:08,2.4,0.4
2024-01-04 07:36:34,3.45,0.3
2024-01-04 07:39:00,4.4,0.25
2024-01-04 07:41:26,2.85,0.2
2024-01-04 07:43:52,1.85,0.32
2024-01-04 07:46:18,5.07,1.3
2024-01-04 07:48:44,2.88,0.4
2024-01-04 07:51:11,2.78,0.4
2024-01-04 07:53:37,2.5,0.4
2024-01-04 07:58:31,1.75,0.35
2024-01-04 08:00:57,2.2,0.57
2024-01-04 08:03:23,1.75,0.3
2024-01-04 08:05:49,1.95,0.2
2024-01-04 08:08:15,3.05,0.3
2024-01-04 08:10:41,1.6,0.73
2024-01-04 08:13:07,3.3,0.3
2024-01-04 08:15:33,3.5,0.77
2024-01-04 08:18:01,1.3,0.22
2024-01-04 08:20:27,2.6,0.43
2024-01-04 08:22:53,2.5,0.45
2024-01-04 08:25:20,2.65,0.75
2024-01-04 08:27:46,1.75,0.35
2024-01-04 08:30:12,2.45,0.43
2024-01-04 08:32:39,1.58,0.35
2024-01-04 08:35:06,1.45,0.3
2024-01-04 08:37:32,5.93,1.5
2024-01-04 08:39:58,3.0,1.13
2024-01-04 08:42:24,1.05,0.15
2024-01-04 08:44:50,2.03,0.65
2024-01-04 08:47:16,4.8,1.92
2024-01-04 08:49:43,1.2,0.2
2024-01-04 08:52:09,2.75,0.45
2024-01-04 08:54:35,5.18,1.33
2024-01-04 08:57:01,1.77,0.4
2024-01-04 08:59:29,4.05,1.2
2024-01-04 09:01:55,4.1,0.95
2024-01-04 09:04:21,4.82,1.42
2024-01-04 09:06:47,5.32,1.67
2024-01-04 09:09:14,2.1,0.2
2024-01-04 09:11:40,2.38,0.35
2024-01-04 09:14:07,1.6,0.3
2024-01-04 09:16:43,4.25,0.5
2024-01-04 09:19:13,3.6,0.6
2024-01-04 09:21:39,1.73,0.3
2024-01-04 09:24:06,4.15,1.08
2024-01-04 09:26:32,1.67,0.28
2024-01-04 09:28:58,4.18,0.9
2024-01-04 09:31:24,5.2,1.2
2024-01-04 09:33:50,1.63,0.2
2024-01-04 09:36:18,2.0,0.43
2024-01-04 09:38:44,3.67,0.98
2024-01-04 09:41:14,2.25,0.3
2024-01-04 09:43:42,2.35,0.32
2024-01-04 09:46:08,2.9,0.75
2024-01-04 09:48:38,3.08,0.4
2024-01-04 09:51:07,3.63,0.65
2024-01-04 09:53:34,3.95,0.8
2024-01-04 09:56:01,2.95,0.52
2024-01-04 10:00:55,1.35,0.28
2024-01-04 10:03:22,1.73,0.5
2024-01-04 10:05:48,2.72,0.77
2024-01-04 10:08:22,1.65,0.32
2024-01-04 10:10:48,1.67,0.43
2024-01-04 10:13:15,1.95,0.82
2024-01-04 10:15:42,1.95,0.43
2024-01-04 10:18:13,1.7,0.22
2024-01-04 10:20:39,2.92,0.85
2024-01-04 10:23:05,1.38,0.3
2024-01-04 10:25:32,1.8,0.68
2024-01-04 10:27:58,1.42,0.2
2024-01-04 10:30:25,1.05,0.17
2024-01-04 10:32:51,1.13,0.2
2024-01-04 10:35:24,2.38,0.4
2024-01-04 10:37:55,2.05,0.85
2024-01-04 10:40:21,1.77,0.5
2024-01-04 10:42:51,1.65,0.57
2024-01-04 10:45:24,2.03,0.43
2024-01-04 10:47:52,1.58,0.32
2024-01-04 10:50:20,1.42,0.3
2024-01-04 10:52:49,1.13,0.2
2024-01-04 10:55:17,1.1,0.17
2024-01-04 11:00:11,1.5,0.32
2024-01-04 11:02:38,1.55,0.3
2024-01-04 11:05:05,1.58,0.57
2024-01-04 11:07:32,1.52,0.7
2024-01-04 11:09:59,1.2,0.3
2024-01-04 11:12:25,1.2,0.2
2024-01-04 11:14:52,1.45,0.43
2024-01-04 11:28:05,1.05,0.2
2024-01-04 11:30:33,1.3,0.22
2024-01-04 11:32:59,1.3,0.45
2024-01-04 11:35:25,1.65,0.8
2024-01-04 11:40:25,1.08,0.2
2024-01-04 11:42:51,1.2,0.2
2024-01-04 11:45:18,1.2,0.52
2024-01-04 11:47:45,1.05,0.2
2024-01-04 11:50:18,1.52,0.57
2024-01-04 11:52:48,1.23,0.3
2024-01-04 11:55:24,1.33,0.35
2024-01-04 11:58:02,1.0,0.17
2024-01-04 12:00:32,0.9,0.2
2024-01-04 12:02:59,1.52,0.63
2024-01-04 12:05:26,1.17,0.22
2024-01-04 12:07:53,1.2,0.2
2024-01-04 12:10:19,1.3,0.4
2024-01-04 12:12:48,1.25,0.6
2024-01-04 12:15:18,0.9,0.1
2024-01-04 12:17:45,1.08,0.2
2024-01-04 12:20:11,1.4,0.65
2024-01-04 12:22:38,1.15,0.22
2024-01-04 12:25:05,1.05,0.22
2024-01-04 12:27:32,0.93,0.28
2024-01-04 12:29:58,0.88,0.2
2024-01-04 12:32:25,1.25,0.38
2024-01-04 12:34:53,1.1,0.2
2024-01-04 12:37:19,1.3,0.4
2024-01-04 12:39:45,0.95,0.17
2024-01-04 12:42:11,1.3,0.55
2024-01-04 12:44:37,1.0,0.2
2024-01-04 12:47:04,1.5,0.3
2024-01-04 12:49:30,1.08,0.28
2024-01-04 12:51:56,1.25,0.43
2024-01-04 12:54:22,1.25,0.3
2024-01-04 12:56:48,1.23,0.3
2024-01-04 12:59:19,0.98,0.13
2024-01-04 13:01:45,1.23,0.45
2024-01-04 13:04:11,1.2,0.13
2024-01-04 13:06:37,1.4,0.2
2024-01-04 13:09:04,0.98,0.25
2024-01-04 13:11:30,1.1,0.22
2024-01-04 13:13:56,1.0,0.2
2024-01-04 13:16:22,1.6,0.45
2024-01-04 13:18:49,1.08,0.2
2024-01-04 13:21:15,1.45,0.4
2024-01-04 13:23:41,1.17,0.3
2024-01-04 13:26:07,1.27,0.2
2024-01-04 13:28:34,1.0,0.1
2024-01-04 13:31:00,1.27,0.2
2024-01-04 13:33:26,1.35,0.2
2024-01-04 13:35:52,1.17,0.32
2024-01-04 13:38:20,0.8,0.1
2024-01-04 13:40:47,1.13,0.22
2024-01-04 13:43:13,1.1,0.2
2024-01-04 13:45:40,1.08,0.2
2024-01-04 13:48:06,1.25,0.4
2024-01-04 13:50:32,1.17,0.35
2024-01-04 13:52:58,1.0,0.2
2024-01-04 13:55:26,1.0,0.1
2024-01-04 13:57:52,1.52,0.52
2024-01-04 14:00:19,1.15,0.25
2024-01-04 14:02:46,1.2,0.25
2024-01-04 14:05:16,1.05,0.28
2024-01-04 14:07:42,1.15,0.28
2024-01-04 14:10:08,1.13,0.2
2024-01-04 14:12:36,1.0,0.2
2024-01-04 14:15:03,1.2,0.22
2024-01-04 14:17:31,1.2,0.3
2024-01-04 14:19:57,1.05,0.32
2024-01-04 14:22:23,1.15,0.22
2024-01-04 14:24:49,0.82,0.1
2024-01-04 14:27:15,1.08,0.2
2024-01-04 14:29:42,1.0,0.17
2024-01-04 14:32:08,1.17,0.45
2024-01-04 14:34:34,1.0,0.1
2024-01-04 14:37:00,1.33,0.3
2024-01-04 14:39:26,1.02,0.25
2024-01-04 14:41:52,1.17,0.3
2024-01-04 14:44:18,1.17,0.22
2024-01-04 14:49:12,1.25,0.5
2024-01-04 14:51:38,1.27,0.65
2024-01-04 14:54:04,1.2,0.2
2024-01-04 14:56:30,1.35,0.5
2024-01-04 14:59:01,1.13,0.52
2024-01-04 15:01:28,0.9,0.15
2024-01-04 15:03:54,1.15,0.22
2024-01-04 15:06:21,0.8,0.1
2024-01-04 15:08:47,0.88,0.1
2024-01-04 15:11:14,1.02,0.22
2024-01-04 15:13:40,0.6,0.1
2024-01-04 15:16:06,0.85,0.1
2024-01-04 15:18:33,1.17,0.3
2024-01-04 15:20:59,1.02,0.28
2024-01-04 15:23:25,1.63,0.55
2024-01-04 15:25:51,0.95,0.25
2024-01-04 15:28:17,1.02,0.3
2024-01-04 15:30:44,1.0,0.2
2024-01-04 15:33:10,0.8,0.1
2024-01-04 15:35:36,1.52,0.47
2024-01-04 15:38:03,0.8,0.1
2024-01-04 15:40:29,0.65,0.1
2024-01-04 15:42:55,0.8,0.1
2024-01-04 15:45:21,1.23,0.3
2024-01-04 15:47:48,1.02,0.32
2024-01-04 15:50:16,1.05,0.52
2024-01-04 15:52:42,1.33,0.4
2024-01-04 15:55:08,1.15,0.35
2024-01-04 15:57:34,0.95,0.2
2024-01-04 16:00:01,0.88,0.15
2024-01-04 16:02:28,1.17,0.6
2024-01-04 16:04:54,1.05,0.25
2024-01-04 16:07:21,1.35,0.4
2024-01-04 16:09:47,0.82,0.13
2024-01-04 16:12:13,1.0,0.13
2024-01-04 16:14:39,1.42,0.75
2024-01-04 16:17:05,1.0,0.3
2024-01-04 16:19:31,0.93,0.25
2024-01-04 16:21:57,1.2,0.4
2024-01-04 16:24:23,1.0,0.28
2024-01-04 16:26:49,1.35,0.3
2024-01-04 16:29:15,1.1,0.2
2024-01-04 16:31:59,0.88,0.13
2024-01-04 16:34:48,1.0,0.38
2024-01-04 16:37:33,0.98,0.2
2024-01-04 16:39:59,1.17,0.2
2024-01-04 16:42:29,1.5,0.6
2024-01-04 16:45:07,0.95,0.22
2024-01-04 16:47:37,0.98,0.22
2024-01-04 16:50:03,1.0,0.28
2024-01-04 16:52:29,0.88,0.17
2024-01-04 16:54:56,0.9,0.2
2024-01-04 16:57:22,1.05,0.17
2024-01-04 16:59:48,0.9,0.1
2024-01-04 17:02:14,0.93,0.38
2024-01-04 17:04:41,0.75,0.1
2024-01-04 17:07:07,1.05,0.22
2024-01-04 17:09:33,0.9,0.1
2024-01-04 17:11:59,1.15,0.4
2024-01-04 17:14:29,1.38,0.63
2024-01-04 17:16:56,1.25,0.45
2024-01-04 17:19:25,1.33,0.5
2024-01-04 17:21:51,1.65,0.5
2024-01-04 17:24:17,1.02,0.2
2024-01-04 17:26:43,1.13,0.3
2024-01-04 17:29:12,0.8,0.1
2024-01-04 17:31:38,0.73,0.1
2024-01-04 17:34:04,1.0,0.13
2024-01-04 17:36:30,0.95,0.2
2024-01-04 17:38:56,1.1,0.2
2024-01-04 17:41:23,1.1,0.3
2024-01-04 17:43:49,0.8,0.1
2024-01-04 17:46:15,0.8,0.1
2024-01-04 17:48:42,1.35,0.32
2024-01-04 17:51:08,1.13,0.2
2024-01-04 17:53:34,1.35,0.3
2024-01-04 17:56:02,1.05,0.25
2024-01-04 17:58:28,1.73,0.7
2024-01-04 18:00:54,0.75,0.17
2024-01-04 18:03:20,1.1,0.3
2024-01-04 18:05:46,1.6,0.9
2024-01-04 18:08:12,0.8,0.1
2024-01-04 18:10:38,1.13,0.3
2024-01-04 18:13:04,0.85,0.13
2024-01-04 18:15:31,1.38,0.57
2024-01-04 18:17:57,1.1,0.3
2024-01-04 18:20:24,1.05,0.28
2024-01-04 18:22:50,1.17,0.2
2024-01-04 18:25:16,0.88,0.15
2024-01-04 18:27:42,1.1,0.13
2024-01-04 18:30:08,1.15,0.2
2024-01-04 18:32:34,1.17,0.4
2024-01-04 18:35:00,1.27,0.3
2024-01-04 18:37:28,1.33,0.4
2024-01-04 18:39:54,1.2,0.28
2024-01-04 18:42:21,1.08,0.22
2024-01-04 18:44:47,0.98,0.3
2024-01-04 18:47:13,1.17,0.2
2024-01-04 18:49:39,1.3,0.3
2024-01-04 18:52:05,1.27,0.43
2024-01-04 18:54:31,1.2,0.3
2024-01-04 18:56:57,1.02,0.25
2024-01-04 18:59:28,1.17,0.55
2024-01-04 19:01:54,1.15,0.65
2024-01-04 19:04:20,0.9,0.17
2024-01-04 19:06:47,1.05,0.2
2024-01-04 19:09:13,1.0,0.2
2024-01-04 19:11:39,0.85,0.15
2024-01-04 19:14:05,0.9,0.13
2024-01-04 19:16:31,1.38,0.5
2024-01-04 19:18:57,1.15,0.3
2024-01-04 19:21:23,1.27,0.38
2024-01-04 19:23:50,0.93,0.15
2024-01-04 19:26:16,0.95,0.2
2024-01-04 19:28:42,1.25,0.3
2024-01-04 19:31:08,1.45,0.75
2024-01-04 19:33:34,0.93,0.1
2024-01-04 19:36:00,1.6,0.63
2024-01-04 19:38:27,1.0,0.2
2024-01-04 19:40:53,1.2,0.3
2024-01-04 19:43:19,1.15,0.57
2024-01-04 19:45:45,1.13,0.2
2024-01-04 19:48:11,0.9,0.2
2024-01-04 19:50:37,1.27,0.28
2024-01-04 19:53:03,1.0,0.1
2024-01-04 19:55:29,1.27,0.57
2024-01-04 19:57:55,1.02,0.2
2024-01-04 20:00:21,1.42,0.45
2024-01-04 20:02:47,1.1,0.22
2024-01-04 20:05:13,1.4,0.2
2024-01-04 20:07:39,0.9,0.1
2024-01-04 20:10:06,1.05,0.28
2024-01-04 20:12:32,1.7,0.8
2024-01-04 20:14:58,1.33,0.3
2024-01-04 20:17:24,1.27,0.2
2024-01-04 20:19:51,0.95,0.17
2024-01-04 20:22:17,0.95,0.15
2024-01-04 20:24:43,1.52,0.63
2024-01-04 20:27:12,1.58,0.45
2024-01-04 20:29:38,1.17,0.38
2024-01-04 20:32:04,1.27,0.52
2024-01-04 20:34:30,1.77,0.57
2024-01-04 20:36:56,1.13,0.2
2024-01-04 20:39:22,1.05,0.2
2024-01-04 20:41:48,1.17,0.45
2024-01-04 20:44:15,1.65,0.68
2024-01-04 20:46:41,1.67,0.9
2024-01-04 20:49:07,1.2,0.2
2024-01-04 20:51:34,1.15,0.32
2024-01-04 20:56:28,1.65,0.6
2024-01-04 20:58:54,3.3,0.47
2024-01-04 21:01:22,0.93,0.15
2024-01-04 21:03:48,0.95,0.2
2024-01-04 21:06:14,1.25,0.22
2024-01-04 21:08:40,1.4,0.5
2024-01-04 21:11:06,1.33,0.35
2024-01-04 21:13:33,2.28,0.47
2024-01-04 21:15:59,3.6,0.2
2024-01-04 21:18:25,4.03,0.6
2024-01-04 21:20:51,3.38,0.52
2024-01-04 21:23:17,1.55,0.35
2024-01-04 21:25:44,1.08,0.22
2024-01-04 21:28:10,1.08,0.2
2024-01-04 21:30:36,1.15,0.22
2024-01-04 21:33:03,1.55,0.52
2024-01-04 21:35:30,1.33,0.2
2024-01-04 21:37:56,1.42,0.38
2024-01-04 21:40:24,1.52,0.8
2024-01-04 21:42:50,1.25,0.2
2024-01-04 21:45:16,1.1,0.22
2024-01-04 21:47:42,0.98,0.3
2024-01-04 21:50:09,1.7,0.47
2024-01-04 21:52:35,2.15,0.63
2024-01-04 21:55:02,1.38,0.4
2024-01-04 21:57:28,1.17,0.2
2024-01-04 21:59:54,1.92,0.47
2024-01-04 22:02:20,3.45,0.52
2024-01-04 22:04:46,1.0,0.15
2024-01-04 22:07:13,1.42,0.4
2024-01-04 22:09:40,0.8,0.1
2024-01-04 22:12:06,1.42,0.2
2024-01-04 22:14:32,3.33,0.45
2024-01-04 22:16:58,0.88,0.1
2024-01-04 22:19:24,2.0,0.2
2024-01-04 22:21:54,1.2,0.2
2024-01-04 22:24:20,1.33,0.32
2024-01-04 22:26:47,1.02,0.3
2024-01-04 22:29:13,1.48,0.95
2024-01-04 22:31:40,1.17,0.3
2024-01-04 22:34:06,1.67,0.4
2024-01-04 22:36:33,1.42,0.4
2024-01-04 22:38:59,1.25,0.28
2024-01-04 22:41:25,1.3,0.3
2024-01-04 22:43:52,1.38,0.4
2024-01-04 22:46:18,1.4,0.73
2024-01-04 22:48:44,1.1,0.1
2024-01-04 22:51:10,0.9,0.2
2024-01-04 22:53:36,0.88,0.1
2024-01-04 22:56:02,0.8,0.2
2024-01-04 22:58:28,1.8,0.3
2024-01-04 23:00:54,1.8,0.45
2024-01-04 23:03:21,0.7,0.1
2024-01-04 23:05:47,1.77,0.35
2024-01-04 23:08:13,0.9,0.1
2024-01-04 23:10:39,1.2,0.22
2024-01-04 23:13:05,0.9,0.2
2024-01-04 23:15:31,1.27,0.32
2024-01-04 23:17:57,2.6,0.5
2024-01-04 23:20:23,1.0,0.1
2024-01-04 23:22:49,0.65,0.1
2024-01-04 23:25:15,1.08,0.4
2024-01-04 23:27:42,1.0,0.17
2024-01-04 23:30:08,1.0,0.2
2024-01-04 23:32:35,1.05,0.2
2024-01-04 23:35:01,0.75,0.1
2024-01-04 23:37:27,1.08,0.2
2024-01-04 23:39:53,1.17,0.4
2024-01-04 23:42:20,1.4,0.45
2024-01-04 23:44:46,1.38,0.6
2024-01-04 23:47:12,1.17,0.2
2024-01-04 23:49:38,1.1,0.2
2024-01-04 23:52:04,1.08,0.3
2024-01-04 23:54:31,1.27,0.5
2024-01-04 23:56:57,1.25,0.32
2024-01-04 23:59:23,0.85,0.13
2024-01-05 00:01:49,1.1,0.3
2024-01-05 00:04:15,1.1,0.25
2024-01-05 00:06:41,1.38,0.3
2024-01-05 00:09:07,1.88,0.4
2024-01-05 00:11:33,1.15,0.22
2024-01-05 00:13:59,1.33,0.6
2024-01-05 00:16:25,1.2,0.4
2024-01-05 00:18:51,1.2,0.3
2024-01-05 00:21:18,1.17,0.25
2024-01-05 00:23:44,0.77,0.1
2024-01-05 00:26:10,1.1,0.2
2024-01-05 00:28:36,1.25,0.2
2024-01-05 00:31:02,1.33,0.5
2024-01-05 00:33:28,0.8,0.1
2024-01-05 00:35:55,0.82,0.1
2024-01-05 00:38:21,1.02,0.2
2024-01-05 00:40:47,1.38,0.4
2024-01-05 00:43:13,0.98,0.15
2024-01-05 00:45:39,1.4,0.55
2024-01-05 00:48:05,0.82,0.1
2024-01-05 00:50:31,1.48,0.57
2024-01-05 00:52:57,1.23,0.28
2024-01-05 00:55:23,0.93,0.2
2024-01-05 00:57:49,1.08,0.22
2024-01-05 01:00:16,0.98,0.2
2024-01-05 01:02:42,1.38,0.32
2024-01-05 01:05:08,1.3,0.3
2024-01-05 01:07:34,1.23,0.4
2024-01-05 01:10:00,2.38,0.8
2024-01-05 01:12:27,1.15,0.2
2024-01-05 01:14:53,0.8,0.1
2024-01-05 01:17:19,1.42,0.9
2024-01-05 01:19:47,0.95,0.13
2024-01-05 01:22:13,1.0,0.2
2024-01-05 01:24:39,0.98,0.38
2024-01-05 01:27:05,1.67,0.4
2024-01-05 01:29:31,1.15,0.35
2024-01-05 01:31:57,1.45,0.47
2024-01-05 01:34:23,1.25,0.43
2024-01-05 01:36:51,1.23,0.3
2024-01-05 01:39:17,1.35,0.3
2024-01-05 01:41:43,1.25,0.57
2024-01-05 01:44:09,1.23,0.35
2024-01-05 01:46:35,1.23,0.2
2024-01-05 01:49:02,1.08,0.2
2024-01-05 01:51:29,1.25,0.2
2024-01-05 01:53:57,1.05,0.25
2024-01-05 01:56:23,1.15,0.2
2024-01-05 01:58:49,1.23,0.3
2024-01-05 02:01:16,1.1,0.22
2024-01-05 02:03:42,1.13,0.2
2024-01-05 02:06:09,1.02,0.32
2024-01-05 02:08:35,1.38,0.5
2024-01-05 02:11:01,1.42,0.4
2024-01-05 02:13:27,1.15,0.22
2024-01-05 02:15:53,1.0,0.2
2024-01-05 02:18:20,1.38,0.43
2024-01-05 02:20:46,1.38,0.45
2024-01-05 02:25:51,0.85,0.1
2024-01-05 02:28:18,1.73,0.82
2024-01-05 02:30:44,1.17,0.28
2024-01-05 02:33:11,0.88,0.1
2024-01-05 02:35:37,0.9,0.1
2024-01-05 02:38:03,1.33,0.22
2024-01-05 02:40:29,2.85,0.3
2024-01-05 02:42:55,1.15,0.22
2024-01-05 02:45:21,0.85,0.1
2024-01-05 02:47:47,1.23,0.3
2024-01-05 02:50:14,0.73,0.1
2024-01-05 02:52:40,0.9,0.1
2024-01-05 02:55:07,1.2,0.2
2024-01-05 02:57:33,0.8,0.1
2024-01-05 02:59:59,1.27,0.32
2024-01-05 03:02:25,1.27,0.47
2024-01-05 03:04:51,1.13,0.2
2024-01-05 03:07:17,1.6,0.3
2024-01-05 03:09:44,1.52,0.3
2024-01-05 03:12:10,2.4,0.3
2024-01-05 03:14:36,7.3,0.8
2024-01-05 03:17:02,4.0,0.95
2024-01-05 03:19:28,0.8,0.22
2024-01-05 03:21:54,1.23,0.75
2024-01-05 03:24:20,1.17,0.32
2024-01-05 03:26:47,1.27,0.3
2024-01-05 03:29:13,1.0,0.2
2024-01-05 03:31:40,0.93,0.2
2024-01-05 03:34:08,2.78,0.47
2024-01-05 03:36:34,1.05,0.4
2024-01-05 03:39:00,0.85,0.15
2024-01-05 03:41:27,1.7,0.2
2024-01-05 03:43:53,2.85,0.47
2024-01-05 03:46:19,1.65,0.3
2024-01-05 03:48:45,2.3,0.35
2024-01-05 03:51:11,0.9,0.1
2024-01-05 03:53:37,1.15,0.3
2024-01-05 03:56:04,0.93,0.1
2024-01-05 03:58:30,1.05,0.2
2024-01-05 04:00:56,1.2,0.28
2024-01-05 04:03:22,1.48,0.52
2024-01-05 04:05:48,1.02,0.4
2024-01-05 04:08:14,0.73,0.1
2024-01-05 04:10:40,0.9,0.1
2024-01-05 04:13:06,1.15,0.22
2024-01-05 04:15:36,0.85,0.1
2024-01-05 04:18:02,0.77,0.13
2024-01-05 04:20:28,1.2,0.45
2024-01-05 04:22:54,0.8,0.1
2024-01-05 04:25:21,1.17,0.47
2024-01-05 04:27:47,0.9,0.2
2024-01-05 04:30:13,1.05,0.2
2024-01-05 04:32:39,1.13,0.17
2024-01-05 04:35:05,1.38,0.55
2024-01-05 04:37:31,1.1,0.2
2024-01-05 04:39:57,1.52,0.28
2024-01-05 04:42:23,1.58,0.43
2024-01-05 04:44:51,1.58,0.3
2024-01-05 04:47:17,1.1,0.5
2024-01-05 04:49:44,1.1,0.2
2024-01-05 04:52:10,1.17,0.22
2024-01-05 04:54:36,1.17,0.3
2024-01-05 04:57:02,0.9,0.1
2024-01-05 04:59:28,1.48,0.32
2024-01-05 05:01:54,1.88,0.32
2024-01-05 05:04:20,2.1,0.35
2024-01-05 05:06:46,1.92,0.4
2024-01-05 05:09:12,3.35,0.4
2024-01-05 05:11:38,1.92,0.52
2024-01-05 05:14:07,2.85,0.2
2024-01-05 05:16:33,1.9,0.2
2024-01-05 05:19:02,1.95,0.22
2024-01-05 05:21:29,1.92,0.43
2024-01-05 05:23:55,2.2,0.52
2024-01-05 05:26:21,2.4,0.4
2024-01-05 05:28:47,5.55,0.98
2024-01-05 05:31:13,2.47,0.4
2024-01-05 05:33:39,4.75,0.3
2024-01-05 05:36:06,2.88,0.3
2024-01-05 05:38:32,3.15,0.47
2024-01-05 05:40:58,4.13,0.2
2024-01-05 05:43:24,3.63,0.47
2024-01-05 05:45:50,2.33,0.2
2024-01-05 05:48:16,3.95,0.63
2024-01-05 05:50:42,1.1,0.2
2024-01-05 05:53:08,0.85,0.1
2024-01-05 05:55:35,1.67,0.32
2024-01-05 05:58:01,1.35,0.93
2024-01-05 06:00:27,1.02,0.2
2024-01-05 06:02:53,0.88,0.1
2024-01-05 06:05:19,0.88,0.1
2024-01-05 06:07:45,1.2,0.35
2024-01-05 06:10:11,0.8,0.1
2024-01-05 06:12:38,2.58,0.73
2024-01-05 06:15:04,3.15,0.3
2024-01-05 06:17:30,1.6,0.22
2024-01-05 06:19:56,5.78,0.6
2024-01-05 06:22:22,3.28,0.28
2024-01-05 06:24:48,4.53,0.35
2024-01-05 06:27:14,4.82,0.45
2024-01-05 06:29:40,4.6,0.2
2024-01-05 06:32:06,2.83,0.5
2024-01-05 06:34:33,4.5,0.52
2024-01-05 06:36:59,3.92,0.38
2024-01-05 06:39:25,4.38,0.55
2024-01-05 06:41:51,5.15,0.3
2024-01-05 06:44:17,2.45,0.4
2024-01-05 06:46:43,2.5,0.32
2024-01-05 06:49:09,2.88,0.17
2024-01-05 06:51:36,6.22,0.73
2024-01-05 06:54:02,5.2,0.77
2024-01-05 06:56:28,3.53,0.3
2024-01-05 06:58:57,4.85,0.4
2024-01-05 07:01:23,6.55,0.57
2024-01-05 07:03:49,5.38,0.47
2024-01-05 07:06:18,8.6,1.2
2024-01-05 07:08:44,8.02,0.95
2024-01-05 07:11:20,8.02,0.8
2024-01-05 07:13:47,7.82,0.9
2024-01-05 07:16:19,5.07,0.7
2024-01-05 07:18:46,4.43,0.57
2024-01-05 07:21:16,3.78,0.32
2024-01-05 07:23:42,3.5,0.5
2024-01-05 07:26:08,3.03,0.32
2024-01-05 07:28:41,2.5,0.5
2024-01-05 07:31:07,2.33,0.4
2024-01-05 07:33:34,3.88,0.38
2024-01-05 07:36:01,3.53,0.38
2024-01-05 07:38:29,2.7,0.2
2024-01-05 07:40:56,4.25,0.38
2024-01-05 07:43:22,4.68,0.68
2024-01-05 07:45:48,6.68,0.9
2024-01-05 07:48:14,4.93,0.38
2024-01-05 07:50:40,5.68,0.5
2024-01-05 07:53:06,4.22,0.4
2024-01-05 07:55:33,3.6,0.65
2024-01-05 07:57:59,4.03,0.5
2024-01-05 08:00:25,10.13,1.75
2024-01-05 08:02:51,6.05,0.43
2024-01-05 08:05:17,3.78,0.3
2024-01-05 08:07:43,6.93,0.4
2024-01-05 08:10:10,8.32,0.73
2024-01-05 08:12:36,5.95,0.63
2024-01-05 08:15:02,3.78,0.57
2024-01-05 08:17:29,2.85,0.82
2024-01-05 08:19:55,4.03,0.95
2024-01-05 08:22:21,2.6,0.2
2024-01-05 08:24:50,3.47,0.68
2024-01-05 08:27:16,3.22,0.4
2024-01-05 08:29:42,4.47,0.77
2024-01-05 08:32:08,5.28,1.17
2024-01-05 08:34:37,4.53,0.4
2024-01-05 08:37:03,2.1,0.3
2024-01-05 08:39:29,2.35,0.3
2024-01-05 08:41:55,6.2,0.93
2024-01-05 08:44:22,4.85,0.47
2024-01-05 08:46:48,3.92,0.32
2024-01-05 08:49:14,1.73,0.38
2024-01-05 08:51:41,2.83,0.5
2024-01-05 08:54:07,1.63,0.3
2024-01-05 08:56:35,3.22,0.43
2024-01-05 08:59:01,1.08,0.1
2024-01-05 09:01:29,0.93,0.2
2024-01-05 09:06:23,0.93,0.3
2024-01-05 09:08:49,4.0,0.82
2024-01-05 09:11:15,4.55,0.38
2024-01-05 09:13:41,1.75,0.22
2024-01-05 09:16:07,2.2,0.4
2024-01-05 09:18:33,1.38,0.3
2024-01-05 09:21:00,2.28,0.55
2024-01-05 09:23:27,4.75,0.85
2024-01-05 09:25:53,1.13,0.4
2024-01-05 09:28:19,4.03,0.4
2024-01-05 09:30:45,2.7,0.4
2024-01-05 09:33:13,3.47,0.43
2024-01-05 09:35:39,3.95,0.82
2024-01-05 09:38:05,1.75,0.2
2024-01-05 09:40:31,2.2,0.15
2024-01-05 09:42:59,2.13,0.9
2024-01-05 09:45:27,1.8,0.2
2024-01-05 09:47:53,1.5,0.3
2024-01-05 09:50:23,3.22,0.5
2024-01-05 09:52:49,3.0,0.45
2024-01-05 09:55:15,1.92,0.35
2024-01-05 09:57:42,1.45,0.52
2024-01-05 10:00:08,2.17,0.5
2024-01-05 10:02:41,1.65,0.5
2024-01-05 10:05:10,1.52,0.4
2024-01-05 10:07:42,1.27,0.3
2024-01-05 10:10:09,1.15,0.63
2024-01-05 10:12:42,1.52,0.77
2024-01-05 10:15:08,1.38,0.73
2024-01-05 10:17:36,2.63,0.55
2024-01-05 10:22:55,2.92,0.57
2024-01-05 10:25:28,1.67,0.5
2024-01-05 10:28:01,1.92,0.45
2024-01-05 10:30:27,2.28,0.47
2024-01-05 10:33:03,2.33,0.63
2024-01-05 10:35:30,2.58,1.2
2024-01-05 10:38:07,2.13,0.35
2024-01-05 10:40:33,1.95,0.45
2024-01-05 10:43:10,1.73,0.3
2024-01-05 10:45:37,3.03,0.5
2024-01-05 10:48:12,3.03,0.88
2024-01-05 10:50:41,2.38,0.4
2024-01-05 10:53:09,2.3,0.85
2024-01-05 10:55:35,3.13,0.52
2024-01-05 10:58:02,2.97,0.32
2024-01-05 11:00:29,2.4,0.5
2024-01-05 11:03:04,2.95,0.65
2024-01-05 11:05:33,5.25,0.95
2024-01-05 11:08:01,3.08,0.73
2024-01-05 11:16:08,2.6,0.4
2024-01-05 11:21:31,2.88,0.68
2024-01-05 11:24:00,2.05,0.32
2024-01-05 11:29:09,1.77,0.3
2024-01-05 11:36:59,2.53,0.55
2024-01-05 11:44:36,2.05,0.55
2024-01-05 11:47:02,1.85,0.55
2024-01-05 11:49:34,1.67,0.4
2024-01-05 11:52:01,1.6,0.35
2024-01-05 11:54:28,2.17,0.57
2024-01-05 11:56:57,2.67,0.52
2024-01-05 11:59:23,1.83,0.3
2024-01-05 12:01:52,2.03,0.45
2024-01-05 12:04:19,2.25,0.8
2024-01-05 12:06:54,2.13,0.7
2024-01-05 12:09:21,2.08,0.68
2024-01-05 12:11:47,1.58,0.22
2024-01-05 12:14:26,2.05,0.77
2024-01-05 12:16:52,2.55,1.15
2024-01-05 12:19:18,2.2,0.5
2024-01-05 12:21:45,1.6,0.47
2024-01-05 12:24:15,1.7,0.32
2024-01-05 12:26:41,1.88,0.43
2024-01-05 12:29:07,1.9,0.75
2024-01-05 12:31:34,1.67,0.5
2024-01-05 12:34:01,1.73,0.3
2024-01-05 12:36:28,2.28,0.63
2024-01-05 12:38:54,2.08,0.77
2024-01-05 12:41:20,1.4,0.2
2024-01-05 12:43:50,1.98,0.9
2024-01-05 12:46:17,1.65,0.3
2024-01-05 12:48:43,1.45,0.22
2024-01-05 12:51:11,1.6,0.3
2024-01-05 12:53:39,1.92,1.13
2024-01-05 12:56:06,1.52,0.3
2024-01-05 12:58:39,2.0,0.88
2024-01-05 13:01:08,1.85,0.4
2024-01-05 13:03:47,1.98,0.43
2024-01-05 13:06:14,1.35,0.2
2024-01-05 13:08:40,1.98,0.52
2024-01-05 13:11:06,1.65,0.6
2024-01-05 13:13:32,1.9,0.6
2024-01-05 13:15:58,2.22,1.4
2024-01-05 13:18:26,1.38,0.25
2024-01-05 13:20:53,2.13,1.23
2024-01-05 13:23:19,1.3,0.2
2024-01-05 13:25:46,1.65,0.4
2024-01-05 13:28:12,1.98,0.4
2024-01-05 13:30:39,1.55,0.52
2024-01-05 13:33:05,2.17,0.98
2024-01-05 13:35:31,1.48,0.3
2024-01-05 13:37:57,1.95,0.75
2024-01-05 13:40:23,1.52,0.45
2024-01-05 13:42:49,1.4,0.4
2024-01-05 13:45:15,1.75,0.88
2024-01-05 13:47:44,1.67,0.77
2024-01-05 13:50:10,1.85,0.52
2024-01-05 13:52:37,1.3,0.32
2024-01-05 13:55:03,1.65,0.63
2024-01-05 13:57:29,1.2,0.3
2024-01-05 13:59:55,1.1,0.2
2024-01-05 14:02:21,1.63,0.5
2024-01-05 14:04:47,1.8,1.38
2024-01-05 14:07:14,1.2,0.2
2024-01-05 14:09:40,1.52,0.32
2024-01-05 14:12:09,1.8,0.77
2024-01-05 14:14:37,1.77,0.5
2024-01-05 14:17:04,1.5,0.52
2024-01-05 14:19:30,1.8,0.7
2024-01-05 14:21:56,1.33,0.3
2024-01-05 14:24:25,1.2,0.2
2024-01-05 14:26:51,1.17,0.2
2024-01-05 14:29:18,1.7,0.63
2024-01-05 14:31:44,1.73,0.5
2024-01-05 14:34:10,1.1,0.2
2024-01-05 14:36:39,1.23,0.3
2024-01-05 14:39:05,1.95,0.73
2024-01-05 14:41:31,1.55,0.3
2024-01-05 14:43:58,1.25,0.2
2024-01-05 14:46:24,1.42,0.88
2024-01-05 14:48:51,1.65,0.3
2024-01-05 14:51:17,1.95,0.82
2024-01-05 14:53:43,1.95,0.5
2024-01-05 14:56:12,1.63,0.43
2024-01-05 14:58:44,1.35,0.25
2024-01-05 15:01:10,1.55,0.38
2024-01-05 15:03:37,2.15,0.88
2024-01-05 15:06:06,1.45,0.22
2024-01-05 15:08:32,1.27,0.2
2024-01-05 15:11:00,1.35,0.4
2024-01-05 15:13:28,1.42,0.32
2024-01-05 15:15:54,1.5,0.3
2024-01-05 15:18:20,1.17,0.2
2024-01-05 15:20:46,1.48,0.3
2024-01-05 15:23:12,1.75,0.52
2024-01-05 15:25:38,1.7,0.4
2024-01-05 15:28:05,1.48,0.4
2024-01-05 15:30:31,1.6,0.3
2024-01-05 15:32:57,1.83,0.7
2024-01-05 15:35:23,1.6,0.57
2024-01-05 15:37:49,1.75,0.43
2024-01-05 15:40:16,1.8,0.57
2024-01-05 15:42:43,1.75,0.43
2024-01-05 15:45:09,1.5,0.22
2024-01-05 15:47:35,1.98,0.6
2024-01-05 15:50:01,1.88,0.3
2024-01-05 15:52:27,1.5,0.3
2024-01-05 15:54:53,1.4,0.25
2024-01-05 15:57:19,1.42,0.32
2024-01-05 15:59:49,1.5,0.2
2024-01-05 16:02:15,1.67,0.57
2024-01-05 16:04:41,2.33,0.63
2024-01-05 16:07:07,1.73,0.32
2024-01-05 16:09:33,2.0,0.8
2024-01-05 16:11:59,1.5,0.3
2024-01-05 16:14:28,1.95,0.45
2024-01-05 16:16:55,2.08,0.73
2024-01-05 16:19:24,1.98,0.38
2024-01-05 16:21:50,1.98,0.82
2024-01-05 16:24:16,1.52,0.35
2024-01-05 16:26:42,1.6,0.3
2024-01-05 16:29:11,1.75,0.43
2024-01-05 16:31:37,2.1,0.43
2024-01-05 16:34:03,1.9,0.4
2024-01-05 16:36:30,1.83,0.63
2024-01-05 16:38:56,2.25,1.08
2024-01-05 16:41:22,1.92,0.5
2024-01-05 16:43:49,1.45,0.47
2024-01-05 16:46:15,1.75,0.4
2024-01-05 16:48:42,1.65,0.5
2024-01-05 16:51:12,1.6,0.3
2024-01-05 16:53:39,1.6,0.3
2024-01-05 16:56:05,2.05,0.63
2024-01-05 16:58:31,1.83,0.73
2024-01-05 17:00:57,2.08,0.9
2024-01-05 17:03:23,1.42,0.43
2024-01-05 17:05:51,1.4,0.22
2024-01-05 17:08:18,1.4,0.35
2024-01-05 17:10:44,1.5,0.32
2024-01-05 17:13:10,1.63,0.32
2024-01-05 17:15:36,1.55,0.3
2024-01-05 17:18:02,2.03,0.8
2024-01-05 17:20:29,1.83,0.4
2024-01-05 17:22:55,1.6,0.2
2024-01-05 17:25:22,2.1,0.75
2024-01-05 17:27:48,1.8,0.4
2024-01-05 17:30:14,1.6,0.38
2024-01-05 17:32:40,1.83,0.45
2024-01-05 17:35:08,1.65,0.3
2024-01-05 17:37:34,2.55,0.9
2024-01-05 17:40:00,2.13,0.55
2024-01-05 17:42:28,2.03,0.6
2024-01-05 17:44:54,2.22,0.45
2024-01-05 17:47:20,2.25,0.4
2024-01-05 17:49:47,2.53,0.77
2024-01-05 17:52:13,2.13,0.73
2024-01-05 17:54:39,1.63,0.3
2024-01-05 17:57:05,2.22,0.8
2024-01-05 17:59:32,2.83,0.55
2024-01-05 18:01:58,2.5,1.1
2024-01-05 18:04:24,2.45,0.73
2024-01-05 18:06:50,2.42,0.68
2024-01-05 18:09:16,3.47,1.23
2024-01-05 18:11:42,2.35,0.82
2024-01-05 18:14:10,2.63,0.65
2024-01-05 18:16:38,2.33,0.5
2024-01-05 18:19:05,2.47,0.95
2024-01-05 18:21:33,1.77,0.32
2024-01-05 18:23:59,1.88,0.82
2024-01-05 18:26:28,1.98,0.5
2024-01-05 18:29:02,1.95,0.47
2024-01-05 18:31:32,2.65,1.02
2024-01-05 18:33:59,2.33,1.0
2024-01-05 18:36:25,2.0,0.4
2024-01-05 18:38:52,2.72,1.2
2024-01-05 18:41:25,2.8,0.73
2024-01-05 18:43:53,2.83,0.95
2024-01-05 18:46:19,2.65,0.73
2024-01-05 18:48:46,2.08,0.43
2024-01-05 18:51:12,2.65,1.08
2024-01-05 18:53:38,2.6,0.4
2024-01-05 18:56:05,2.67,0.6
2024-01-05 18:58:31,2.58,0.68
2024-01-05 19:00:57,3.05,1.05
2024-01-05 19:03:24,2.88,1.1
2024-01-05 19:05:50,3.55,1.5
2024-01-05 19:08:17,4.88,1.3
2024-01-05 19:10:43,2.88,0.55
2024-01-05 19:13:09,3.5,0.75
2024-01-05 19:15:35,3.53,0.73
2024-01-05 19:18:02,4.15,1.58
2024-01-05 19:20:31,2.4,0.57
2024-01-05 19:22:57,4.13,2.35
2024-01-05 19:25:23,4.13,1.15
2024-01-05 19:27:49,5.18,2.88
2024-01-05 19:30:15,7.4,4.8
2024-01-05 19:32:42,3.03,0.95
2024-01-05 19:35:08,5.05,1.95
2024-01-05 19:37:35,3.17,0.8
2024-01-05 19:40:01,3.92,1.65
2024-01-05 19:42:30,4.68,2.58
2024-01-05 19:44:56,3.53,1.67
2024-01-05 19:47:24,4.2,1.98
2024-01-05 19:49:50,3.35,1.0
2024-01-05 19:52:17,5.75,2.17
2024-01-05 19:54:43,8.63,2.92
2024-01-05 19:57:11,7.35,2.47
2024-01-05 19:59:38,4.82,1.65
2024-01-05 20:02:04,6.13,1.35
2024-01-05 20:04:30,7.32,1.6
2024-01-05 20:06:56,4.25,0.98
2024-01-05 20:09:22,5.47,1.42
2024-01-05 20:11:48,7.1,1.9
2024-01-05 20:14:15,3.28,0.52
2024-01-05 20:16:42,8.6,2.72
2024-01-05 20:19:08,4.45,1.52
2024-01-05 20:21:34,4.88,1.65
2024-01-05 20:24:00,6.8,1.33
2024-01-05 20:26:27,9.3,1.83
2024-01-05 20:28:53,7.32,1.7
2024-01-05 20:31:20,6.72,1.25
2024-01-05 20:33:46,4.75,1.4
2024-01-05 20:36:13,8.18,1.7
2024-01-05 20:38:41,5.55,1.2
2024-01-05 20:41:07,9.32,1.77
2024-01-05 20:43:33,8.38,2.05
2024-01-05 20:45:59,6.07,1.27
2024-01-05 20:48:25,10.02,4.75
2024-01-05 20:50:51,12.68,7.13
2024-01-05 20:53:17,12.27,7.28
2024-01-05 20:55:45,5.05,1.45
2024-01-05 20:58:14,4.97,1.05
2024-01-05 21:00:40,12.98,6.55
2024-01-05 21:03:06,6.2,1.5
2024-01-05 21:05:32,12.75,6.4
2024-01-05 21:08:01,5.72,2.0
2024-01-05 21:10:31,2.47,0.7
2024-01-05 21:12:57,5.55,1.77
2024-01-05 21:15:23,3.63,0.8
2024-01-05 21:17:50,4.8,1.4
2024-01-05 21:20:16,4.4,1.1
2024-01-05 21:22:42,3.13,0.68
2024-01-05 21:25:09,3.88,0.82
2024-01-05 21:27:35,9.27,4.63
2024-01-05 21:30:02,2.72,0.4
2024-01-05 21:34:56,3.33,0.47
2024-01-05 21:37:22,4.5,0.7
2024-01-05 21:39:48,6.15,1.02
2024-01-05 21:42:15,7.4,1.92
2024-01-05 21:44:42,3.1,0.93
2024-01-05 21:47:08,6.57,2.1
2024-01-05 21:49:35,4.38,0.6
2024-01-05 21:52:04,18.65,10.27
2024-01-05 21:54:31,2.9,0.8
2024-01-05 21:56:57,2.9,0.4
2024-01-05 21:59:25,5.93,1.02
2024-01-05 22:01:51,3.42,0.6
2024-01-05 22:04:17,9.3,1.75
2024-01-05 22:06:43,4.15,0.85
2024-01-05 22:09:09,8.8,1.63
2024-01-05 22:11:40,9.77,3.1
2024-01-05 22:14:07,11.15,2.25
2024-01-05 22:16:33,9.25,1.92
2024-01-05 22:18:59,10.05,2.08
2024-01-05 22:21:25,8.82,2.2
2024-01-05 22:23:52,7.4,1.48
2024-01-05 22:26:19,7.4,1.13
2024-01-05 22:28:45,8.7,1.75
2024-01-05 22:31:11,9.55,1.8
2024-01-05 22:33:38,4.28,0.45
2024-01-05 22:36:09,7.1,0.82
2024-01-05 22:38:35,4.03,1.42
2024-01-05 22:41:07,6.03,1.23
2024-01-05 22:43:33,5.55,1.6
2024-01-05 22:46:06,4.88,0.47
2024-01-05 22:48:32,4.35,0.7
2024-01-05 22:50:58,3.2,0.8
2024-01-05 22:53:24,5.78,1.42
2024-01-05 22:55:51,4.3,0.6
2024-01-05 22:58:18,1.5,0.3
2024-01-05 23:00:44,2.22,0.75
2024-01-05 23:03:10,1.88,0.65
2024-01-05 23:05:36,1.35,0.45
2024-01-05 23:08:03,1.7,0.4
2024-01-05 23:10:29,1.05,0.25
2024-01-05 23:12:55,1.48,0.4
2024-01-05 23:15:22,1.27,0.43
2024-01-05 23:17:48,1.3,0.38
2024-01-05 23:20:14,1.33,0.4
2024-01-05 23:22:41,1.2,0.2
2024-01-05 23:25:07,1.27,0.32
2024-01-05 23:27:37,0.9,0.1
2024-01-05 23:30:03,1.33,0.28
2024-01-05 23:32:30,1.33,0.3
2024-01-05 23:34:56,1.45,0.3
2024-01-05 23:37:22,1.45,0.4
2024-01-05 23:39:48,1.1,0.2
2024-01-05 23:42:14,1.33,0.4
2024-01-05 23:44:41,1.35,0.3
2024-01-05 23:47:07,0.95,0.15
2024-01-05 23:49:33,1.3,0.28
2024-01-05 23:51:59,1.0,0.2
2024-01-05 23:54:25,1.13,0.2
2024-01-05 23:56:51,1.27,0.28
2024-01-05 23:59:17,1.45,0.3
2024-01-06 00:01:43,1.4,0.5
2024-01-06 00:04:09,1.25,0.25
2024-01-06 00:06:35,1.38,0.6
2024-01-06 00:09:02,1.05,0.2
2024-01-06 00:11:28,1.2,0.2
2024-01-06 00:13:54,1.38,0.32
2024-01-06 00:16:20,1.38,0.5
2024-01-06 00:18:46,1.27,0.4
2024-01-06 00:21:13,1.55,0.45
2024-01-06 00:23:42,2.67,0.43
2024-01-06 00:26:09,1.25,0.3
2024-01-06 00:28:35,1.13,0.2
2024-01-06 00:31:01,1.38,0.35
2024-01-06 00:33:27,0.93,0.15
2024-01-06 00:35:53,1.38,0.3
2024-01-06 00:38:20,1.2,0.28
2024-01-06 00:40:46,1.35,0.43
2024-01-06 00:43:13,3.13,1.0
2024-01-06 00:45:39,1.4,0.35
2024-01-06 00:48:05,1.25,0.38
2024-01-06 00:50:31,1.27,0.3
2024-01-06 00:52:57,1.88,0.55
2024-01-06 00:55:23,1.3,0.82
2024-01-06 00:57:50,1.67,0.9
2024-01-06 01:00:16,1.65,0.4
2024-01-06 01:02:42,5.8,0.93
2024-01-06 01:05:08,4.7,0.57
2024-01-06 01:07:35,1.2,0.2
2024-01-06 01:10:01,8.73,1.58
2024-01-06 01:12:27,3.95,0.57
2024-01-06 01:14:53,3.75,0.6
2024-01-06 01:17:19,4.95,0.6
2024-01-06 01:19:46,4.53,0.45
2024-01-06 01:22:12,4.03,0.63
2024-01-06 01:24:38,4.25,0.4
2024-01-06 01:27:04,5.13,0.65
2024-01-06 01:29:31,9.77,2.47
2024-01-06 01:31:57,9.2,1.95
2024-01-06 01:34:23,8.85,2.9
2024-01-06 01:36:49,9.5,3.83
2024-01-06 01:39:15,6.03,1.42
2024-01-06 01:41:41,5.68,0.93
2024-01-06 01:44:07,1.98,0.35
2024-01-06 01:46:33,3.67,0.7
2024-01-06 01:49:06,3.35,0.88
2024-01-06 01:51:34,2.33,0.93
2024-01-06 01:56:26,1.35,0.3
2024-01-06 01:58:53,11.1,2.65
2024-01-06 02:01:19,4.97,0.6
2024-01-06 02:03:45,4.3,0.77
2024-01-06 02:06:11,5.55,0.88
2024-01-06 02:08:38,5.05,1.13
2024-01-06 02:11:05,5.78,0.98
2024-01-06 02:13:34,5.57,0.7
2024-01-06 02:16:01,2.0,0.3
2024-01-06 02:18:27,6.47,0.73
2024-01-06 02:20:53,3.2,0.68
2024-01-06 02:23:21,3.5,1.2
2024-01-06 02:25:47,4.38,0.8
2024-01-06 02:28:13,2.22,0.63
2024-01-06 02:30:39,3.0,0.4
2024-01-06 02:33:05,3.9,0.82
2024-01-06 02:35:31,3.33,0.6
2024-01-06 02:37:57,1.45,0.32
2024-01-06 02:40:24,2.92,0.63
2024-01-06 02:42:50,3.7,0.5
2024-01-06 02:45:16,1.95,0.73
2024-01-06 02:47:42,2.47,0.4
2024-01-06 02:50:08,2.92,0.45
2024-01-06 02:52:34,2.4,0.45
2024-01-06 02:55:00,2.03,0.52
2024-01-06 02:57:29,1.92,0.43
2024-01-06 02:59:56,1.42,0.35
2024-01-06 03:02:22,2.22,0.45
2024-01-06 03:04:48,1.35,0.2
2024-01-06 03:07:14,1.58,0.75
2024-01-06 03:09:40,1.92,0.3
2024-01-06 03:12:06,2.97,0.43
2024-01-06 03:14:36,4.7,1.02
2024-01-06 03:17:02,1.85,0.5
2024-01-06 03:19:28,0.93,0.1
2024-01-06 03:21:54,1.73,0.68
2024-01-06 03:24:21,1.48,0.3
2024-01-06 03:26:47,1.6,0.2
2024-01-06 03:29:13,1.45,0.32
2024-01-06 03:31:43,1.13,0.28
2024-01-06 03:34:09,1.23,0.4
2024-01-06 03:36:38,1.42,0.9
2024-01-06 03:39:04,1.4,0.4
2024-01-06 03:41:30,1.55,0.5
2024-01-06 03:43:56,1.55,0.5
2024-01-06 03:46:23,1.05,0.2
2024-01-06 03:48:49,1.27,0.52
2024-01-06 03:51:15,1.02,0.25
2024-01-06 03:53:41,1.08,0.2
2024-01-06 03:56:07,1.27,0.52
2024-01-06 03:58:33,0.8,0.1
2024-01-06 04:01:00,1.13,0.2
2024-01-06 04:03:26,0.8,0.1
2024-01-06 04:05:52,1.05,0.2
2024-01-06 04:08:18,1.17,0.35
2024-01-06 04:10:44,1.2,0.2
2024-01-06 04:13:11,1.42,0.3
2024-01-06 04:15:37,1.08,0.25
2024-01-06 04:18:04,1.4,0.35
2024-01-06 04:20:33,1.15,0.3
2024-01-06 04:22:59,1.2,0.4
2024-01-06 04:25:25,1.13,0.2
2024-01-06 04:27:51,1.83,0.5
2024-01-06 04:30:17,1.38,0.5
2024-01-06 04:32:45,1.2,0.4
2024-01-06 04:35:13,1.08,0.2
2024-01-06 04:37:39,1.45,0.38
2024-01-06 04:40:05,1.42,0.35
2024-01-06 04:42:33,1.27,0.2
2024-01-06 04:44:59,1.2,0.2
2024-01-06 04:47:25,1.1,0.2
2024-01-06 04:49:52,1.2,0.3
2024-01-06 04:52:18,1.2,0.2
2024-01-06 04:54:45,1.48,0.47
2024-01-06 04:57:11,1.45,0.65
2024-01-06 04:59:37,1.45,0.63
2024-01-06 05:02:03,0.98,0.13
2024-01-06 05:04:29,0.93,0.2
2024-01-06 05:06:57,1.0,0.1
2024-01-06 05:09:23,1.35,0.2
2024-01-06 05:11:49,1.65,0.3
2024-01-06 05:14:15,1.55,0.43
2024-01-06 05:16:41,1.52,0.6
2024-01-06 05:19:07,1.55,0.52
2024-01-06 05:21:33,1.08,0.2
2024-01-06 05:24:00,1.0,0.1
2024-01-06 05:26:26,1.0,0.13
2024-01-06 05:28:52,1.08,0.2
2024-01-06 05:31:18,1.27,0.47
2024-01-06 05:33:44,1.13,0.2
2024-01-06 05:36:10,1.27,0.35
2024-01-06 05:38:36,1.08,0.3
2024-01-06 05:41:02,1.33,0.32
2024-01-06 05:43:28,1.13,0.2
2024-01-06 05:45:54,1.45,0.7
2024-01-06 05:48:20,1.2,0.2
2024-01-06 05:50:46,1.2,0.2
2024-01-06 05:53:12,1.08,0.3
2024-01-06 05:55:40,0.75,0.1
2024-01-06 05:58:06,1.23,0.2
2024-01-06 06:00:32,1.2,0.2
2024-01-06 06:02:58,1.2,0.25
2024-01-06 06:05:24,1.33,0.2
2024-01-06 06:07:51,1.1,0.28
2024-01-06 06:10:17,1.67,0.6
2024-01-06 06:12:44,1.55,0.32
2024-01-06 06:15:10,1.48,0.28
2024-01-06 06:17:36,1.1,0.2
2024-01-06 06:20:02,1.27,0.35
2024-01-06 06:22:29,1.23,0.32
2024-01-06 06:24:58,1.58,1.3
2024-01-06 06:27:25,1.27,0.32
2024-01-06 06:29:51,1.5,0.4
2024-01-06 06:32:18,1.42,0.45
2024-01-06 06:34:44,1.33,0.43
2024-01-06 06:37:10,1.35,0.3
2024-01-06 06:39:36,1.05,0.2
2024-01-06 06:42:02,1.2,0.2
2024-01-06 06:44:28,1.38,0.2
2024-01-06 06:46:55,1.42,0.2
2024-01-06 06:49:21,1.67,0.32
2024-01-06 06:51:47,1.4,0.3
2024-01-06 06:54:14,1.5,0.4
2024-01-06 06:56:43,1.0,0.17
2024-01-06 06:59:09,1.33,0.2
2024-01-06 07:01:36,1.73,0.75
2024-01-06 07:04:02,1.5,0.52
2024-01-06 07:06:29,1.48,0.3
2024-01-06 07:08:55,0.95,0.2
2024-01-06 07:11:21,1.52,0.32
2024-01-06 07:13:47,1.5,0.75
2024-01-06 07:16:13,1.3,0.4
2024-01-06 07:18:39,1.27,0.25
2024-01-06 07:21:06,1.2,0.5
2024-01-06 07:23:33,1.25,0.35
2024-01-06 07:25:59,1.15,0.2
2024-01-06 07:28:25,1.05,0.2
2024-01-06 07:30:51,1.2,0.2
2024-01-06 07:33:17,0.98,0.3
2024-01-06 07:35:43,1.48,0.88
2024-01-06 07:38:11,1.48,0.68
2024-01-06 07:40:37,1.0,0.17
2024-01-06 07:43:03,1.33,0.25
2024-01-06 07:45:29,1.4,0.43
2024-01-06 07:47:56,0.9,0.1
2024-01-06 07:50:22,1.35,0.47
2024-01-06 07:52:48,1.33,0.47
2024-01-06 07:55:14,1.27,0.3
2024-01-06 07:57:41,1.1,0.22
2024-01-06 08:00:07,1.35,0.68
2024-01-06 08:02:34,1.17,0.3
2024-01-06 08:05:00,1.08,0.2
2024-01-06 08:07:26,1.13,0.4
2024-01-06 08:09:52,1.3,0.3
2024-01-06 08:12:18,0.93,0.2
2024-01-06 08:14:44,1.38,0.55
2024-01-06 08:17:10,1.35,0.3
2024-01-06 08:19:36,0.77,0.1
2024-01-06 08:22:02,1.42,0.57
2024-01-06 08:24:28,1.23,0.35
2024-01-06 08:26:54,1.17,0.28
2024-01-06 08:29:20,1.0,0.2
2024-01-06 08:31:46,1.0,0.15
2024-01-06 08:34:15,1.38,0.45
2024-01-06 08:36:41,1.2,0.3
2024-01-06 08:39:07,1.1,0.2
2024-01-06 08:41:33,1.17,0.2
2024-01-06 08:43:59,1.25,0.38
2024-01-06 08:46:25,0.98,0.2
2024-01-06 08:48:51,0.95,0.17
2024-01-06 08:51:18,1.4,0.22
2024-01-06 08:53:45,1.52,0.47
2024-01-06 08:56:11,1.02,0.13
2024-01-06 08:58:38,0.9,0.1
2024-01-06 09:01:04,1.1,0.2
2024-01-06 09:03:30,1.4,0.32
2024-01-06 09:05:56,0.85,0.1
2024-01-06 09:08:25,1.05,0.15
2024-01-06 09:10:51,1.35,0.28
2024-01-06 09:13:20,0.9,0.1
2024-01-06 09:15:47,0.98,0.13
2024-01-06 09:18:13,1.0,0.2
2024-01-06 09:20:39,0.9,0.2
2024-01-06 09:23:05,1.0,0.1
2024-01-06 09:25:31,1.4,0.47
2024-01-06 09:27:57,1.15,0.32
2024-01-06 09:30:24,1.38,0.68
2024-01-06 09:32:51,1.05,0.2
2024-01-06 09:35:17,1.08,0.4
2024-01-06 09:37:43,0.85,0.1
2024-01-06 09:40:11,0.8,0.15
2024-01-06 09:42:40,0.85,0.1
2024-01-06 09:45:07,1.3,0.65
2024-01-06 09:47:36,1.08,0.2
2024-01-06 09:50:06,1.38,0.68
2024-01-06 09:52:38,1.3,0.52
2024-01-06 09:55:06,1.0,0.1
2024-01-06 09:57:35,1.38,0.43
2024-01-06 10:00:01,1.17,0.35
2024-01-06 10:02:27,0.73,0.17
2024-01-06 10:04:56,1.65,0.8
2024-01-06 10:07:22,1.25,0.28
2024-01-06 10:09:48,1.73,0.68
2024-01-06 10:12:14,1.33,0.38
2024-01-06 10:14:40,1.05,0.2
2024-01-06 10:17:06,0.6,0.1
2024-01-06 10:19:33,1.02,0.25
2024-01-06 10:21:59,0.8,0.1
2024-01-06 10:24:27,1.38,0.7
2024-01-06 10:26:53,1.17,0.22
2024-01-06 10:29:19,1.45,0.43
2024-01-06 10:31:45,1.0,0.2
2024-01-06 10:34:11,1.1,0.2
2024-01-06 10:36:37,1.25,0.35
2024-01-06 10:39:04,1.55,0.85
2024-01-06 10:41:32,1.4,0.43
2024-01-06 10:43:59,1.1,0.3
2024-01-06 10:46:26,1.05,0.2
2024-01-06 10:48:52,1.13,0.45
2024-01-06 10:51:21,1.25,0.35
2024-01-06 10:53:48,1.33,0.45
2024-01-06 10:56:14,1.33,0.63
2024-01-06 10:58:45,1.42,0.35
2024-01-06 11:01:12,1.3,0.45
2024-01-06 11:03:39,1.13,0.2
2024-01-06 11:06:05,1.55,0.43
2024-01-06 11:08:36,1.0,0.28
2024-01-06 11:11:10,1.0,0.2
2024-01-06 11:13:36,1.0,0.17
2024-01-06 11:16:03,1.17,0.3
2024-01-06 11:18:35,1.55,0.63
2024-01-06 11:23:38,1.45,0.43
2024-01-06 11:26:06,0.9,0.17
2024-01-06 11:28:38,1.13,0.32
2024-01-06 11:31:08,0.98,0.28
2024-01-06 11:33:40,1.08,0.2
2024-01-06 11:36:10,1.45,0.47
2024-01-06 11:38:37,1.05,0.2
2024-01-06 11:41:05,1.08,0.35
2024-01-06 11:43:31,0.95,0.13
2024-01-06 11:46:00,0.8,0.1
2024-01-06 11:48:29,1.65,0.5
2024-01-06 11:50:56,1.35,0.55
2024-01-06 11:53:23,1.08,0.3
2024-01-06 11:55:52,0.85,0.1
2024-01-06 11:58:19,1.17,0.38
2024-01-06 12:00:45,0.88,0.1
2024-01-06 12:03:20,1.23,0.35
2024-01-06 12:05:58,1.2,0.32
2024-01-06 12:08:24,0.7,0.1
2024-01-06 12:10:50,1.05,0.32
2024-01-06 12:13:16,1.42,0.4
2024-01-06 12:15:42,0.93,0.15
2024-01-06 12:18:08,0.9,0.15
2024-01-06 12:20:34,1.13,0.28
2024-01-06 12:23:01,1.23,0.6
2024-01-06 12:25:30,0.95,0.17
2024-01-06 12:28:00,0.9,0.1
2024-01-06 12:30:27,0.75,0.1
2024-01-06 12:32:55,0.93,0.32
2024-01-06 12:35:21,1.35,0.2
2024-01-06 12:37:47,1.2,0.43
2024-01-06 12:40:14,0.8,0.1
2024-01-06 12:42:42,0.95,0.15
2024-01-06 12:45:08,1.15,0.47
2024-01-06 12:47:35,1.48,0.4
2024-01-06 12:50:01,0.97,0.1
2024-01-06 12:52:29,1.67,0.47
2024-01-06 12:54:55,1.48,0.32
2024-01-06 12:57:21,0.9,0.1
2024-01-06 12:59:47,1.27,0.2
2024-01-06 13:02:13,1.38,0.3
2024-01-06 13:04:39,0.8,0.1
2024-01-06 13:07:06,1.2,0.38
2024-01-06 13:09:32,1.23,0.3
2024-01-06 13:11:58,1.2,0.2
2024-01-06 13:14:26,1.02,0.22
2024-01-06 13:16:52,1.38,0.4
2024-01-06 13:19:18,0.73,0.13
2024-01-06 13:21:45,1.2,0.1
2024-01-06 13:24:11,1.23,0.3
2024-01-06 13:26:37,1.48,0.43
2024-01-06 13:29:03,1.0,0.28
2024-01-06 13:31:30,1.08,0.2
2024-01-06 13:33:56,1.23,0.32
2024-01-06 13:36:22,1.27,0.6
2024-01-06 13:38:49,1.17,0.2
2024-01-06 13:41:15,0.93,0.2
2024-01-06 13:43:42,1.63,0.4
2024-01-06 13:46:08,0.9,0.2
2024-01-06 13:48:34,1.17,0.3
2024-01-06 13:51:01,1.25,0.3
2024-01-06 13:53:27,1.5,0.63
2024-01-06 13:55:54,1.2,0.2
2024-01-06 13:58:20,1.02,0.1
2024-01-06 14:00:46,1.0,0.2
2024-01-06 14:03:13,1.17,0.3
2024-01-06 14:05:40,0.85,0.15
2024-01-06 14:08:06,0.98,0.3
2024-01-06 14:10:32,1.13,0.28
2024-01-06 14:12:58,0.95,0.3
2024-01-06 14:17:52,1.17,0.3
2024-01-06 14:20:18,1.3,0.3
2024-01-06 14:22:45,1.13,0.17
2024-01-06 14:25:12,1.1,0.35
2024-01-06 14:27:38,1.2,0.2
2024-01-06 14:30:04,1.05,0.22
2024-01-06 14:32:34,1.5,0.4
2024-01-06 14:35:01,1.45,0.2
2024-01-06 14:37:27,1.25,0.2
2024-01-06 14:39:53,1.27,0.25
2024-01-06 14:42:19,0.98,0.2
2024-01-06 14:44:45,1.2,0.17
2024-01-06 14:47:11,1.45,0.3
2024-01-06 14:49:37,1.33,0.43
2024-01-06 14:52:04,1.33,0.17
2024-01-06 14:54:31,1.13,0.1
2024-01-06 14:56:58,1.23,0.32
2024-01-06 14:59:24,1.55,0.77
2024-01-06 15:01:50,1.2,0.3
2024-01-06 15:04:16,1.27,0.3
2024-01-06 15:06:43,1.23,0.2
2024-01-06 15:09:09,1.2,0.2
2024-01-06 15:11:36,0.9,0.1
2024-01-06 15:14:02,2.17,0.63
2024-01-06 15:16:30,2.58,0.4
2024-01-06 15:18:56,1.95,0.6
2024-01-06 15:21:24,1.27,0.3
2024-01-06 15:23:52,1.38,0.2
2024-01-06 15:26:22,1.42,0.2
2024-01-06 15:28:48,1.42,0.3
2024-01-06 15:31:14,1.4,0.2
2024-01-06 15:33:40,1.48,0.2
2024-01-06 15:36:12,2.5,0.55
2024-01-06 15:38:38,1.73,0.43
2024-01-06 15:41:04,2.13,0.6
2024-01-06 15:43:31,2.15,0.3
2024-01-06 15:45:58,2.0,0.32
2024-01-06 15:48:24,1.9,0.57
2024-01-06 15:50:50,1.35,0.7
2024-01-06 15:53:17,1.42,0.2
2024-01-06 15:55:43,1.98,0.55
2024-01-06 15:58:09,1.9,0.5
2024-01-06 16:00:35,1.48,0.4
2024-01-06 16:03:01,1.75,0.57
2024-01-06 16:05:28,1.75,0.35
2024-01-06 16:07:54,1.48,0.17
2024-01-06 16:10:20,1.42,0.77
2024-01-06 16:12:49,1.75,0.5
2024-01-06 16:15:18,1.25,0.3
2024-01-06 16:17:45,0.9,0.1
2024-01-06 16:20:11,1.48,0.47
2024-01-06 16:22:38,1.0,0.1
2024-01-06 16:25:04,1.25,0.25
2024-01-06 16:27:30,1.15,0.4
2024-01-06 16:29:56,1.3,0.4
2024-01-06 16:32:22,1.38,0.6
2024-01-06 16:34:48,1.13,0.2
2024-01-06 16:37:15,1.55,0.47
2024-01-06 16:39:42,1.4,0.63
2024-01-06 16:42:08,0.9,0.1
2024-01-06 16:44:34,1.42,0.32
2024-01-06 16:47:00,1.25,0.2
2024-01-06 16:49:27,1.05,0.2
2024-01-06 16:51:55,1.05,0.25
2024-01-06 16:54:21,0.9,0.15
2024-01-06 16:56:48,1.02,0.13
2024-01-06 16:59:14,1.38,0.32
2024-01-06 17:01:40,0.8,0.1
2024-01-06 17:04:06,1.0,0.25
2024-01-06 17:06:32,1.23,0.38
2024-01-06 17:08:59,0.85,0.1
2024-01-06 17:11:25,0.9,0.25
2024-01-06 17:13:51,1.1,0.3
2024-01-06 17:16:17,1.58,0.65
2024-01-06 17:18:43,0.95,0.13
2024-01-06 17:21:09,1.63,0.75
2024-01-06 17:23:40,1.48,0.5
2024-01-06 17:26:06,1.48,0.8
2024-01-06 17:28:32,0.95,0.17
2024-01-06 17:30:58,1.35,0.5
2024-01-06 17:33:25,1.3,0.43
2024-01-06 17:35:51,1.6,0.82
2024-01-06 17:38:19,1.02,0.2
2024-01-06 17:40:45,1.1,0.2
2024-01-06 17:43:12,0.82,0.1
2024-01-06 17:45:38,1.23,0.3
2024-01-06 17:48:05,1.42,0.55
2024-01-06 17:50:33,1.38,0.65
2024-01-06 17:52:59,1.25,0.4
2024-01-06 17:55:25,1.17,0.5
2024-01-06 17:57:51,1.08,0.4
2024-01-06 18:00:17,1.33,0.35
2024-01-06 18:02:43,1.02,0.22
2024-01-06 18:05:12,1.05,0.25
2024-01-06 18:07:38,1.35,0.55
2024-01-06 18:10:04,1.17,0.2
2024-01-06 18:12:30,1.52,0.43
2024-01-06 18:14:57,1.05,0.2
2024-01-06 18:17:23,1.02,0.2
2024-01-06 18:19:49,1.05,0.17
2024-01-06 18:22:15,1.63,1.45
2024-01-06 18:24:42,1.23,0.52
2024-01-06 18:27:08,1.2,0.3
2024-01-06 18:29:34,1.23,0.32
2024-01-06 18:32:02,1.38,0.63
2024-01-06 18:34:28,1.0,0.2
2024-01-06 18:36:54,1.05,0.25
2024-01-06 18:39:20,1.15,0.3
2024-01-06 18:41:48,1.17,0.47
2024-01-06 18:44:15,1.15,0.47
2024-01-06 18:46:41,1.0,0.1
2024-01-06 18:49:07,1.15,0.22
2024-01-06 18:51:34,0.7,0.1
2024-01-06 18:54:07,1.58,1.35
2024-01-06 18:56:33,1.0,0.2
2024-01-06 18:58:59,1.1,0.5
2024-01-06 19:01:26,1.23,0.6
2024-01-06 19:03:53,1.05,0.25
2024-01-06 19:06:19,1.15,0.25
2024-01-06 19:08:45,1.02,0.1
2024-01-06 19:11:11,0.8,0.1
2024-01-06 19:13:38,1.15,0.28
2024-01-06 19:16:04,0.75,0.15
2024-01-06 19:18:31,1.48,0.4
2024-01-06 19:20:57,0.85,0.22
2024-01-06 19:23:23,1.27,0.43
2024-01-06 19:25:49,0.95,0.2
2024-01-06 19:28:17,0.8,0.1
2024-01-06 19:30:43,1.1,0.2
2024-01-06 19:33:09,1.25,0.52
2024-01-06 19:35:35,1.65,0.85
2024-01-06 19:38:02,1.08,0.45
2024-01-06 19:40:29,1.25,0.4
2024-01-06 19:42:59,1.35,0.55
2024-01-06 19:45:26,1.0,0.1
2024-01-06 19:47:52,1.33,0.5
2024-01-06 19:50:18,0.9,0.1
2024-01-06 19:52:44,0.88,0.1
2024-01-06 19:55:10,0.82,0.1
2024-01-06 19:57:36,1.0,0.2
2024-01-06 20:00:03,0.85,0.15
2024-01-06 20:02:29,0.8,0.1
2024-01-06 20:04:56,1.08,0.22
2024-01-06 20:07:23,1.0,0.2
2024-01-06 20:09:53,1.05,0.2
2024-01-06 20:12:20,1.55,1.08
2024-01-06 20:14:47,1.05,0.25
2024-01-06 20:17:13,1.52,0.52
2024-01-06 20:19:39,1.17,0.28
2024-01-06 20:22:05,1.05,0.4
2024-01-06 20:24:32,1.25,0.32
2024-01-06 20:26:58,1.17,0.28
2024-01-06 20:29:24,1.35,0.3
2024-01-06 20:31:50,1.05,0.17
2024-01-06 20:34:16,1.45,0.9
2024-01-06 20:36:42,1.33,0.38
2024-01-06 20:39:08,1.25,0.3
2024-01-06 20:41:35,1.27,0.47
2024-01-06 20:44:01,0.85,0.17
2024-01-06 20:46:28,1.15,0.45
2024-01-06 20:48:54,1.35,0.4
2024-01-06 20:51:20,1.27,0.35
2024-01-06 20:53:47,1.02,0.25
2024-01-06 20:56:14,0.88,0.17
2024-01-06 20:58:41,1.33,0.3
2024-01-06 21:01:09,1.2,0.2
2024-01-06 21:03:35,0.85,0.15
2024-01-06 21:06:04,0.73,0.15
2024-01-06 21:08:30,1.1,0.2
2024-01-06 21:10:58,0.9,0.22
2024-01-06 21:13:24,1.02,0.22
2024-01-06 21:15:50,1.1,0.3
2024-01-06 21:18:16,1.3,0.68
2024-01-06 21:20:42,1.27,0.68
2024-01-06 21:23:09,0.88,0.1
2024-01-06 21:25:35,0.8,0.1
2024-01-06 21:28:01,1.33,0.5
2024-01-06 21:30:27,1.23,0.68
2024-01-06 21:32:53,1.0,0.17
2024-01-06 21:35:28,1.1,0.2
2024-01-06 21:37:58,1.33,0.6
2024-01-06 21:40:24,1.08,0.4
2024-01-06 21:42:52,1.15,0.22
2024-01-06 21:45:18,1.05,0.2
2024-01-06 21:47:45,1.23,0.2
2024-01-06 21:50:11,0.95,0.25
2024-01-06 21:52:43,1.0,0.15
2024-01-06 21:55:09,0.8,0.1
2024-01-06 21:57:36,1.17,0.68
2024-01-06 22:00:02,1.27,0.2
2024-01-06 22:02:33,0.98,0.1
2024-01-06 22:04:59,1.02,0.5
2024-01-06 22:07:25,1.2,0.4
2024-01-06 22:09:51,1.35,0.63
2024-01-06 22:12:17,0.8,0.2
2024-01-06 22:14:43,0.8,0.1
2024-01-06 22:17:11,0.9,0.2
2024-01-06 22:19:37,0.82,0.1
2024-01-06 22:22:04,1.05,0.25
2024-01-06 22:24:30,1.2,0.17
2024-01-06 22:26:56,1.13,0.38
2024-01-06 22:29:22,1.27,0.55
2024-01-06 22:31:48,1.33,0.3
2024-01-06 22:34:14,0.98,0.22
2024-01-06 22:36:42,1.02,0.2
2024-01-06 22:39:08,0.73,0.1
2024-01-06 22:41:34,1.4,0.47
2024-01-06 22:44:02,0.9,0.1
2024-01-06 22:46:29,1.05,0.28
2024-01-06 22:48:55,1.2,0.22
2024-01-06 22:51:21,1.13,0.3
2024-01-06 22:53:47,1.25,0.38
2024-01-06 22:56:14,1.0,0.2
2024-01-06 22:58:40,1.33,0.38
2024-01-06 23:01:06,1.25,0.35
2024-01-06 23:05:59,1.35,0.6
2024-01-06 23:08:25,1.23,0.55
2024-01-06 23:10:51,1.5,0.52
2024-01-06 23:13:17,1.08,0.2
2024-01-06 23:15:44,1.1,0.2
2024-01-06 23:18:10,1.05,0.2
2024-01-06 23:20:36,0.98,0.17
2024-01-06 23:23:02,0.82,0.1
2024-01-06 23:25:28,1.25,0.55
2024-01-06 23:27:54,1.27,0.47
2024-01-06 23:30:21,1.15,0.55
2024-01-06 23:32:47,0.93,0.2
2024-01-06 23:35:13,0.98,0.1
2024-01-06 23:37:39,1.2,0.22
2024-01-06 23:40:05,1.1,0.25
2024-01-06 23:42:32,1.3,0.38
2024-01-06 23:44:58,1.27,0.32
2024-01-06 23:47:24,1.1,0.45
2024-01-06 23:49:50,0.8,0.1
2024-01-06 23:52:16,1.2,0.3
2024-01-06 23:54:42,1.2,0.2
2024-01-06 23:57:08,1.1,0.2
2024-01-06 23:59:34,1.08,0.38
2024-01-07 00:02:05,1.08,0.2
2024-01-07 00:04:31,0.88,0.1
2024-01-07 00:06:59,1.05,0.43
2024-01-07 00:09:25,0.88,0.22
2024-01-07 00:11:51,1.27,0.17
2024-01-07 00:14:17,0.98,0.43
2024-01-07 00:16:43,1.27,0.5
2024-01-07 00:19:09,0.93,0.17
2024-01-07 00:21:35,1.0,0.1
2024-01-07 00:24:01,1.65,0.7
2024-01-07 00:26:27,0.9,0.1
2024-01-07 00:28:53,0.73,0.1
2024-01-07 00:31:19,1.17,0.25
2024-01-07 00:33:46,1.05,0.2
2024-01-07 00:36:12,1.05,0.5
2024-01-07 00:38:38,1.02,0.32
2024-01-07 00:41:04,1.33,0.28
2024-01-07 00:43:30,1.58,0.82
2024-01-07 00:45:56,1.08,0.35
2024-01-07 00:48:22,0.98,0.1
2024-01-07 00:50:48,1.08,0.35
2024-01-07 00:53:14,0.98,0.2
2024-01-07 00:55:40,1.4,0.43
2024-01-07 00:58:06,1.17,0.4
2024-01-07 01:00:32,0.9,0.1
2024-01-07 01:02:58,1.27,0.6
2024-01-07 01:05:25,0.7,0.1
2024-01-07 01:07:51,0.9,0.4
2024-01-07 01:10:17,1.27,0.57
2024-01-07 01:12:44,1.17,0.57
2024-01-07 01:15:10,1.08,0.35
2024-01-07 01:17:36,1.05,0.3
2024-01-07 01:20:02,0.9,0.1
2024-01-07 01:22:29,1.33,0.3
2024-01-07 01:24:55,0.85,0.2
2024-01-07 01:27:21,0.85,0.1
2024-01-07 01:29:47,1.2,0.22
2024-01-07 01:32:13,0.88,0.15
2024-01-07 01:34:42,1.48,0.5
2024-01-07 01:37:08,0.9,0.13
2024-01-07 01:39:35,1.02,0.25
2024-01-07 01:42:01,1.08,0.4
2024-01-07 01:44:27,0.57,0.1
2024-01-07 01:46:53,1.15,0.2
2024-01-07 01:49:20,0.8,0.1
2024-01-07 01:51:46,1.0,0.2
2024-01-07 01:54:12,1.3,0.3
2024-01-07 01:56:38,0.9,0.22
2024-01-07 01:59:05,1.33,0.52
2024-01-07 02:01:31,0.8,0.1
2024-01-07 02:03:57,0.93,0.17
2024-01-07 02:06:23,1.3,0.5
2024-01-07 02:08:49,0.95,0.15
2024-01-07 02:11:20,0.7,0.1
2024-01-07 02:13:47,1.13,0.25
2024-01-07 02:16:13,1.4,0.65
2024-01-07 02:18:43,0.88,0.2
2024-01-07 02:21:10,0.8,0.1
2024-01-07 02:23:36,1.38,0.82
2024-01-07 02:26:02,0.77,0.15
2024-01-07 02:28:29,1.33,0.65
2024-01-07 02:30:55,1.0,0.2
2024-01-07 02:33:21,1.27,0.28
2024-01-07 02:35:48,1.35,0.47
2024-01-07 02:38:14,0.85,0.1
2024-01-07 02:40:40,0.88,0.1
2024-01-07 02:43:06,1.25,0.38
2024-01-07 02:45:32,1.4,0.73
2024-01-07 02:47:58,0.73,0.1
2024-01-07 02:50:24,1.23,0.65
2024-01-07 02:52:50,0.95,0.2
2024-01-07 02:55:16,1.13,0.32
2024-01-07 02:57:42,1.4,0.52
2024-01-07 03:00:08,0.88,0.32
2024-01-07 03:02:35,0.65,0.1
2024-01-07 03:05:01,0.8,0.1
2024-01-07 03:07:27,1.08,0.45
2024-01-07 03:09:53,1.13,0.3
2024-01-07 03:12:19,0.88,0.1
2024-01-07 03:14:45,1.15,0.28
2024-01-07 03:17:11,0.8,0.1
2024-01-07 03:19:40,1.33,0.38
2024-01-07 03:22:06,1.27,0.22
2024-01-07 03:24:33,1.27,0.45
2024-01-07 03:26:59,1.52,0.68
2024-01-07 03:29:25,1.25,0.6
2024-01-07 03:31:51,0.6,0.1
2024-01-07 03:34:18,0.8,0.1
2024-01-07 03:36:44,1.08,0.55
2024-01-07 03:39:10,1.5,0.5
2024-01-07 03:41:36,1.13,0.2
2024-01-07 03:44:02,1.2,0.2
2024-01-07 03:46:28,1.05,0.35
2024-01-07 03:48:54,1.42,0.43
2024-01-07 03:51:20,1.1,0.32
2024-01-07 03:53:46,1.08,0.25
2024-01-07 03:56:13,0.95,0.17
2024-01-07 03:58:39,0.68,0.1
2024-01-07 04:01:05,1.42,0.47
2024-01-07 04:03:31,1.48,0.82
2024-01-07 04:05:57,1.0,0.2
2024-01-07 04:08:23,1.02,0.2
2024-01-07 04:10:49,1.3,0.3
2024-01-07 04:13:15,1.05,0.3
2024-01-07 04:15:41,0.93,0.2
2024-01-07 04:18:07,1.13,0.28
2024-01-07 04:20:33,1.3,0.38
2024-01-07 04:22:59,0.95,0.2
2024-01-07 04:25:25,1.02,0.13
2024-01-07 04:27:51,1.08,0.22
2024-01-07 04:30:17,1.05,0.3
2024-01-07 04:32:43,0.7,0.1
2024-01-07 04:35:09,1.27,0.52
2024-01-07 04:37:36,1.1,0.3
2024-01-07 04:40:03,1.1,0.2
2024-01-07 04:42:29,0.95,0.2
2024-01-07 04:44:55,0.8,0.1
2024-01-07 04:47:31,0.9,0.2
2024-01-07 04:49:59,1.3,0.38
2024-01-07 04:52:25,1.2,0.45
2024-01-07 04:54:52,0.9,0.2
2024-01-07 04:57:18,1.38,0.4
2024-01-07 04:59:44,0.77,0.17
2024-01-07 05:02:11,1.0,0.2
2024-01-07 05:04:37,0.77,0.25
2024-01-07 05:07:03,0.93,0.22
2024-01-07 05:09:29,1.2,0.3
2024-01-07 05:11:56,0.8,0.3
2024-01-07 05:14:22,0.95,0.2
2024-01-07 05:16:48,1.15,0.38
2024-01-07 05:19:14,1.55,0.4
2024-01-07 05:21:40,0.88,0.13
2024-01-07 05:24:06,1.17,0.7
2024-01-07 05:26:39,1.1,0.25
2024-01-07 05:29:05,1.38,0.43
2024-01-07 05:31:31,0.88,0.1
2024-01-07 05:33:57,1.1,0.3
2024-01-07 05:36:23,1.35,0.98
2024-01-07 05:38:49,1.08,0.32
2024-01-07 05:41:15,1.27,0.57
2024-01-07 05:43:42,0.8,0.1
2024-01-07 05:46:08,1.17,0.43
2024-01-07 05:48:47,0.8,0.1
2024-01-07 05:51:14,0.8,0.1
2024-01-07 05:53:41,1.3,0.57
2024-01-07 05:56:08,1.35,0.57
2024-01-07 05:58:34,0.93,0.1
2024-01-07 06:01:00,1.1,0.22
2024-01-07 06:03:26,1.05,0.35
2024-01-07 06:05:52,1.1,0.35
2024-01-07 06:08:18,0.9,0.1
2024-01-07 06:10:44,0.8,0.15
2024-01-07 06:13:11,1.45,0.6
2024-01-07 06:15:37,1.15,0.2
2024-01-07 06:18:03,1.2,0.3
2024-01-07 06:20:29,1.13,0.32
2024-01-07 06:22:55,0.9,0.1
2024-01-07 06:25:21,1.23,0.38
2024-01-07 06:27:48,1.13,0.43
2024-01-07 06:30:14,0.98,0.2
2024-01-07 06:32:42,1.23,0.6
2024-01-07 06:35:08,1.05,0.22
2024-01-07 06:37:34,0.93,0.2
2024-01-07 06:40:00,0.8,0.1
2024-01-07 06:42:26,1.7,0.82
2024-01-07 06:44:52,1.25,0.57
2024-01-07 06:47:18,0.95,0.2
2024-01-07 06:49:44,0.8,0.1
2024-01-07 06:52:10,0.9,0.13
2024-01-07 06:54:37,1.45,0.32
2024-01-07 06:57:04,1.13,0.3
2024-01-07 06:59:30,1.15,0.22
2024-01-07 07:01:56,1.35,0.4
2024-01-07 07:04:22,0.9,0.17
2024-01-07 07:06:48,0.9,0.1
2024-01-07 07:09:14,1.38,0.82
2024-01-07 07:11:41,0.73,0.1
2024-01-07 07:14:07,0.85,0.1
2024-01-07 07:16:33,0.88,0.2
2024-01-07 07:18:59,1.1,0.32
2024-01-07 07:21:25,0.9,0.22
2024-01-07 07:23:52,1.3,0.3
2024-01-07 07:26:18,1.25,0.3
2024-01-07 07:28:44,1.13,0.4
2024-01-07 07:31:11,1.45,0.45
2024-01-07 07:33:40,1.27,0.32
2024-01-07 07:36:06,0.8,0.1
2024-01-07 07:38:32,1.0,0.2
2024-01-07 07:41:02,1.25,0.45
2024-01-07 07:43:28,1.0,0.2
2024-01-07 07:45:54,1.33,0.57
2024-01-07 07:48:20,1.45,0.5
2024-01-07 07:50:47,0.95,0.2
2024-01-07 07:53:13,1.33,0.43
2024-01-07 07:55:39,1.4,0.35
2024-01-07 07:58:05,1.17,0.4
2024-01-07 08:00:31,1.2,0.4
2024-01-07 08:02:57,1.25,0.32
2024-01-07 08:05:23,1.42,0.4
2024-01-07 08:07:49,1.08,0.28
2024-01-07 08:10:15,0.9,0.1
2024-01-07 08:12:41,0.7,0.1
2024-01-07 08:15:07,1.17,0.63
2024-01-07 08:17:33,1.45,0.73
2024-01-07 08:20:00,1.02,0.2
2024-01-07 08:22:26,1.17,0.3
2024-01-07 08:24:52,1.08,0.28
2024-01-07 08:27:19,0.9,0.2
2024-01-07 08:29:45,1.3,0.47
2024-01-07 08:32:11,1.35,0.3
2024-01-07 08:34:38,0.7,0.1
2024-01-07 08:37:07,1.17,0.57
2024-01-07 08:39:36,0.82,0.1
2024-01-07 08:42:02,1.42,0.55
2024-01-07 08:44:29,1.55,1.13
2024-01-07 08:46:55,0.98,0.28
2024-01-07 08:49:21,1.0,0.2
2024-01-07 08:51:47,0.73,0.1
2024-01-07 08:54:13,0.77,0.17
2024-01-07 08:56:39,1.38,0.5
2024-01-07 08:59:05,1.1,0.3
2024-01-07 09:01:31,1.6,0.47
2024-01-07 09:03:57,0.9,0.17
2024-01-07 09:06:23,1.0,0.15
2024-01-07 09:08:49,1.0,0.2
2024-01-07 09:11:18,0.8,0.1
2024-01-07 09:13:44,1.2,0.3
2024-01-07 09:16:13,1.02,0.2
2024-01-07 09:18:39,0.95,0.15
2024-01-07 09:21:05,0.85,0.13
2024-01-07 09:23:31,1.02,0.2
2024-01-07 09:25:59,0.9,0.13
2024-01-07 09:28:25,0.63,0.1
2024-01-07 09:30:51,0.8,0.1
2024-01-07 09:33:17,1.2,0.25
2024-01-07 09:35:45,1.17,0.35
2024-01-07 09:38:11,1.0,0.2
2024-01-07 09:40:37,1.02,0.2
2024-01-07 09:45:31,1.23,0.43
2024-01-07 09:47:57,0.75,0.17
2024-01-07 09:50:23,1.08,0.25
2024-01-07 09:52:49,1.02,0.22
2024-01-07 09:55:27,0.82,0.13
2024-01-07 09:57:56,0.9,0.2
2024-01-07 10:00:22,0.98,0.22
2024-01-07 10:02:48,1.23,0.3
2024-01-07 10:05:14,0.88,0.1
2024-01-07 10:07:40,1.2,0.5
2024-01-07 10:10:10,0.8,0.1
2024-01-07 10:12:36,1.23,0.38
2024-01-07 10:15:02,1.08,0.45
2024-01-07 10:17:28,1.05,0.3
2024-01-07 10:19:55,0.98,0.2
2024-01-07 10:22:21,1.0,0.1
2024-01-07 10:24:48,1.33,0.32
2024-01-07 10:27:17,0.73,0.1
2024-01-07 10:29:43,1.05,0.25
2024-01-07 10:32:11,0.85,0.1
2024-01-07 10:34:37,0.85,0.1
2024-01-07 10:37:03,1.2,0.3
2024-01-07 10:39:30,0.93,0.3
2024-01-07 10:41:56,1.17,0.38
2024-01-07 10:44:30,1.3,0.5
2024-01-07 10:46:56,1.13,0.32
2024-01-07 10:49:26,1.0,0.1
2024-01-07 10:51:56,1.3,0.4
2024-01-07 10:56:51,0.9,0.32
2024-01-07 10:59:20,1.55,0.55
2024-01-07 11:01:46,0.9,0.22
2024-01-07 11:06:46,0.8,0.1
2024-01-07 11:09:24,1.3,0.4
2024-01-07 11:14:38,0.93,0.3
2024-01-07 11:17:06,1.38,0.63
2024-01-07 11:19:32,1.02,0.2
2024-01-07 11:24:43,0.6,0.1
2024-01-07 11:27:09,0.75,0.1
2024-01-07 11:29:35,0.95,0.15
2024-01-07 11:32:01,1.13,0.4
2024-01-07 11:34:40,1.35,0.35
2024-01-07 11:37:11,1.48,0.85
2024-01-07 11:39:38,1.42,0.4
2024-01-07 11:42:04,1.0,0.2
2024-01-07 11:44:33,1.13,0.4
2024-01-07 11:46:59,1.17,0.25
2024-01-07 11:49:25,1.1,0.3
2024-01-07 11:51:51,1.17,0.38
2024-01-07 11:54:17,1.4,0.55
2024-01-07 11:56:43,1.2,0.4
2024-01-07 11:59:10,1.25,0.5
2024-01-07 12:01:36,1.13,0.4
2024-01-07 12:04:02,0.98,0.2
2024-01-07 12:06:28,1.23,0.3
2024-01-07 12:08:54,1.15,0.3
2024-01-07 12:11:20,1.02,0.2
2024-01-07 12:13:46,0.77,0.1
2024-01-07 12:16:12,0.82,0.2
2024-01-07 12:18:39,0.85,0.1
2024-01-07 12:21:05,1.42,0.45
2024-01-07 12:23:35,1.15,0.4
2024-01-07 12:26:08,1.2,0.3
2024-01-07 12:28:34,0.9,0.2
2024-01-07 12:33:27,1.08,0.32
2024-01-07 12:36:00,0.68,0.1
2024-01-07 12:38:29,0.8,0.1
2024-01-07 12:40:55,1.3,0.43
2024-01-07 12:43:22,1.23,0.32
2024-01-07 12:45:48,1.33,0.65
2024-01-07 12:48:14,1.05,0.28
2024-01-07 12:50:40,1.27,0.63
2024-01-07 12:53:07,1.15,0.3
2024-01-07 12:55:33,0.95,0.2
2024-01-07 12:58:00,1.15,0.2
2024-01-07 13:00:26,1.08,0.22
2024-01-07 13:02:53,0.9,0.4
2024-01-07 13:05:20,1.15,0.2
2024-01-07 13:07:46,0.9,0.1
2024-01-07 13:10:12,0.8,0.1
2024-01-07 13:12:39,0.8,0.1
2024-01-07 13:15:05,1.65,1.15
2024-01-07 13:17:31,0.85,0.1
2024-01-07 13:19:58,0.85,0.25
2024-01-07 13:22:24,1.05,0.28
2024-01-07 13:24:50,0.93,0.4
2024-01-07 13:27:16,0.85,0.13
2024-01-07 13:29:43,1.17,0.28
2024-01-07 13:32:12,0.93,0.28
2024-01-07 13:34:42,0.8,0.1
2024-01-07 13:37:08,1.1,0.43
2024-01-07 13:39:35,0.85,0.1
2024-01-07 13:42:01,1.05,0.4
2024-01-07 13:44:27,0.9,0.17
2024-01-07 13:46:53,1.08,0.25
2024-01-07 13:49:19,1.08,0.2
2024-01-07 13:51:46,1.17,0.4
2024-01-07 13:54:12,1.33,0.35
2024-01-07 13:56:40,0.82,0.1
2024-01-07 13:59:10,1.05,0.2
2024-01-07 14:01:36,0.8,0.1
2024-01-07 14:04:03,1.02,0.2
2024-01-07 14:06:29,1.13,0.4
2024-01-07 14:08:55,1.15,0.43
2024-01-07 14:11:22,1.33,0.55
2024-01-07 14:13:48,1.05,0.55
2024-01-07 14:16:15,0.98,0.25
2024-01-07 14:18:41,1.17,0.35
2024-01-07 14:21:07,0.8,0.1
2024-01-07 14:23:34,0.9,0.1
2024-01-07 14:26:00,0.75,0.1
2024-01-07 14:28:27,1.52,0.7
2024-01-07 14:30:53,1.27,0.38
2024-01-07 14:33:19,0.93,0.17
2024-01-07 14:35:45,1.23,0.32
2024-01-07 14:38:11,1.08,0.3
2024-01-07 14:40:37,0.63,0.1
2024-01-07 14:43:06,1.42,0.45
2024-01-07 14:45:32,1.1,0.4
2024-01-07 14:47:58,0.88,0.22
2024-01-07 14:50:25,0.8,0.1
2024-01-07 14:52:51,1.02,0.25
2024-01-07 14:55:17,1.33,0.3
2024-01-07 14:57:44,1.02,0.2
2024-01-07 15:00:10,1.23,0.3
2024-01-07 15:02:36,1.2,0.73
2024-01-07 15:05:02,1.25,0.4
2024-01-07 15:07:28,1.0,0.2
2024-01-07 15:09:54,0.9,0.1
2024-01-07 15:12:20,0.8,0.1
2024-01-07 15:14:47,1.4,0.77
2024-01-07 15:17:14,1.38,0.47
2024-01-07 15:19:43,0.88,0.28
2024-01-07 15:22:10,1.3,0.3
2024-01-07 15:24:37,0.98,0.15
2024-01-07 15:27:03,1.25,0.38
2024-01-07 15:29:30,1.35,0.32
2024-01-07 15:31:56,1.25,0.35
2024-01-07 15:34:22,1.27,0.32
2024-01-07 15:36:48,0.93,0.13
2024-01-07 15:39:14,1.3,0.82
2024-01-07 15:41:40,1.25,0.35
2024-01-07 15:44:06,1.15,0.3
2024-01-07 15:46:32,1.42,0.82
2024-01-07 15:48:58,1.85,0.85
2024-01-07 15:51:24,1.45,0.38
2024-01-07 15:53:50,1.3,0.32
2024-01-07 15:56:16,1.05,0.2
2024-01-07 15:58:44,1.23,0.4
2024-01-07 16:01:10,1.38,0.2
2024-01-07 16:03:36,0.93,0.1
2024-01-07 16:06:02,1.38,0.52
2024-01-07 16:08:28,1.13,0.1
2024-01-07 16:10:55,1.55,0.47
2024-01-07 16:13:21,1.08,0.1
2024-01-07 16:15:47,1.13,0.2
2024-01-07 16:18:13,1.75,0.52
2024-01-07 16:20:41,1.0,0.13
2024-01-07 16:23:07,0.8,0.1
2024-01-07 16:25:33,1.2,0.4
2024-01-07 16:27:59,1.1,0.2
2024-01-07 16:30:26,1.55,0.6
2024-01-07 16:32:52,0.93,0.1
2024-01-07 16:35:18,1.48,0.32
2024-01-07 16:37:45,1.35,0.3
2024-01-07 16:40:11,0.9,0.1
2024-01-07 16:42:38,1.1,0.32
2024-01-07 16:45:04,1.13,0.2
2024-01-07 16:47:33,1.42,0.3
2024-01-07 16:49:59,1.25,0.2
2024-01-07 16:52:25,1.02,0.25
2024-01-07 16:54:51,1.13,0.3
2024-01-07 16:57:18,1.23,0.22
2024-01-07 16:59:44,1.23,0.35
2024-01-07 17:02:12,1.27,0.63
2024-01-07 17:04:38,1.2,0.2
2024-01-07 17:07:04,1.13,0.28
2024-01-07 17:09:30,1.25,0.4
2024-01-07 17:11:56,1.0,0.2
2024-01-07 17:14:22,1.7,0.52
2024-01-07 17:16:50,0.95,0.2
2024-01-07 17:19:17,1.0,0.2
2024-01-07 17:21:43,0.9,0.2
2024-01-07 17:24:09,0.98,0.1
2024-01-07 17:26:35,1.1,0.25
2024-01-07 17:29:03,1.08,0.2
2024-01-07 17:31:29,1.38,0.2
2024-01-07 17:33:55,1.17,0.15
2024-01-07 17:36:21,1.25,0.38
2024-01-07 17:38:47,1.15,0.2
2024-01-07 17:41:13,1.3,0.45
2024-01-07 17:43:39,1.23,0.22
2024-01-07 17:46:06,1.35,0.38
2024-01-07 17:48:32,1.0,0.1
2024-01-07 17:50:58,1.25,0.4
2024-01-07 17:53:31,1.25,0.5
2024-01-07 17:55:57,1.38,0.5
2024-01-07 17:58:23,0.9,0.25
2024-01-07 18:00:50,1.13,0.38
2024-01-07 18:03:16,1.0,0.35
2024-01-07 18:05:42,1.38,0.45
2024-01-07 18:08:08,1.08,0.2
2024-01-07 18:10:34,0.93,0.2
2024-01-07 18:13:00,1.75,1.08
2024-01-07 18:15:27,1.5,0.47
2024-01-07 18:17:53,1.08,0.3
2024-01-07 18:20:19,0.82,0.15
2024-01-07 18:22:45,1.4,0.5
2024-01-07 18:25:12,1.65,0.55
2024-01-07 18:27:38,1.1,0.3
2024-01-07 18:30:04,1.17,0.32
2024-01-07 18:32:30,1.38,0.65
2024-01-07 18:34:58,1.38,0.6
2024-01-07 18:37:24,1.23,0.22
2024-01-07 18:39:50,1.1,0.2
2024-01-07 18:42:16,1.35,0.45
2024-01-07 18:44:42,1.13,0.2
2024-01-07 18:47:08,1.27,0.4
2024-01-07 18:49:37,1.35,0.43
2024-01-07 18:52:04,1.27,0.3
2024-01-07 18:54:30,1.0,0.1
2024-01-07 18:56:56,1.13,0.22
2024-01-07 18:59:25,1.08,0.2
2024-01-07 19:01:51,0.93,0.2
2024-01-07 19:04:17,1.17,0.52
2024-01-07 19:06:44,1.38,0.63
2024-01-07 19:09:11,1.25,0.43
2024-01-07 19:11:37,0.93,0.2
2024-01-07 19:14:03,1.08,0.3
2024-01-07 19:16:29,1.48,0.52
2024-01-07 19:18:55,1.15,0.2
2024-01-07 19:21:21,1.0,0.2
2024-01-07 19:23:51,1.23,0.43
2024-01-07 19:26:17,1.13,0.45
2024-01-07 19:28:43,0.73,0.1
2024-01-07 19:31:09,0.9,0.13
2024-01-07 19:33:35,1.17,0.3
2024-01-07 19:36:06,1.33,0.43
2024-01-07 19:38:33,1.23,0.98
2024-01-07 19:40:59,1.52,0.73
2024-01-07 19:43:25,0.9,0.1
2024-01-07 19:45:51,1.2,0.4
2024-01-07 19:48:17,0.9,0.1
2024-01-07 19:50:43,0.95,0.2
2024-01-07 19:53:13,1.13,0.32
2024-01-07 19:55:39,0.93,0.22
2024-01-07 20:00:35,1.15,0.4
2024-01-07 20:03:02,0.95,0.2
2024-01-07 20:05:28,0.85,0.2
2024-01-07 20:07:56,1.13,0.43
2024-01-07 20:10:22,1.2,0.2
2024-01-07 20:12:48,1.0,0.32
2024-01-07 20:15:14,1.1,0.3
2024-01-07 20:17:41,1.0,0.1
2024-01-07 20:20:07,1.2,0.5
2024-01-07 20:22:35,1.1,0.28
2024-01-07 20:25:01,1.02,0.2
2024-01-07 20:27:30,0.82,0.2
2024-01-07 20:29:56,1.13,0.2
2024-01-07 20:32:22,1.02,0.2
2024-01-07 20:34:48,0.88,0.1
2024-01-07 20:37:16,0.9,0.1
2024-01-07 20:39:42,0.88,0.17
2024-01-07 20:42:08,1.08,0.2
2024-01-07 20:44:34,0.8,0.1
2024-01-07 20:47:00,1.02,0.22
2024-01-07 20:49:26,1.05,0.22
2024-01-07 20:51:52,0.95,0.2
2024-01-07 20:54:19,0.95,0.2
2024-01-07 20:56:45,1.1,0.32
2024-01-07 20:59:11,0.95,0.22
2024-01-07 21:01:38,0.9,0.1
2024-01-07 21:04:04,1.35,0.63
2024-01-07 21:08:57,1.05,0.3
2024-01-07 21:11:23,1.25,0.2
2024-01-07 21:13:49,1.35,0.38
2024-01-07 21:16:15,1.0,0.2
2024-01-07 21:18:41,1.25,0.55
2024-01-07 21:21:07,1.02,0.2
2024-01-07 21:23:33,1.38,0.6
2024-01-07 21:26:00,1.08,0.28
2024-01-07 21:28:26,1.13,0.32
2024-01-07 21:30:54,1.5,0.7
2024-01-07 21:33:23,0.8,0.1
2024-01-07 21:35:51,1.27,0.6
2024-01-07 21:38:23,1.1,0.2
2024-01-07 21:40:49,1.2,0.3
2024-01-07 21:43:21,1.1,0.2
2024-01-07 21:45:48,0.75,0.1
2024-01-07 21:48:14,0.98,0.3
2024-01-07 21:50:40,1.25,0.43
2024-01-07 21:53:06,0.82,0.2
2024-01-07 21:55:32,1.08,0.2
2024-01-07 21:58:02,0.95,0.17
2024-01-07 22:00:28,1.63,0.93
2024-01-07 22:02:54,1.27,0.68
2024-01-07 22:05:20,0.85,0.15
2024-01-07 22:07:46,1.2,0.52
2024-01-07 22:10:12,1.17,0.35
2024-01-07 22:12:38,1.15,0.2
2024-01-07 22:15:04,1.48,0.85
2024-01-07 22:17:31,1.23,0.38
2024-01-07 22:19:57,0.73,0.1
2024-01-07 22:22:23,1.1,0.22
2024-01-07 22:24:49,0.82,0.1
2024-01-07 22:27:15,1.17,0.4
2024-01-07 22:29:41,0.82,0.1
2024-01-07 22:32:07,1.05,0.15
2024-01-07 22:34:33,0.8,0.1
2024-01-07 22:36:59,1.38,0.35
2024-01-07 22:39:25,0.88,0.13
2024-01-07 22:41:52,1.2,0.28
2024-01-07 22:44:18,1.17,0.32
2024-01-07 22:46:45,1.3,0.35
2024-01-07 22:49:13,1.25,0.6
2024-01-07 22:51:41,0.9,0.15
2024-01-07 22:54:07,1.5,0.63
2024-01-07 22:56:33,1.3,0.32
2024-01-07 22:58:59,1.17,0.4
2024-01-07 23:01:26,0.8,0.1
2024-01-07 23:03:55,1.45,0.45
2024-01-07 23:06:22,0.8,0.1
2024-01-07 23:08:48,0.88,0.15
2024-01-07 23:11:14,1.15,0.2
2024-01-07 23:13:40,1.23,0.2
2024-01-07 23:16:06,0.88,0.17
2024-01-07 23:18:33,0.9,0.17
2024-01-07 23:20:59,0.8,0.1
2024-01-07 23:23:26,0.85,0.1
2024-01-07 23:25:52,1.63,0.63
2024-01-07 23:28:18,0.9,0.1
2024-01-07 23:30:44,1.05,0.25
2024-01-07 23:33:10,1.0,0.15
2024-01-07 23:35:36,1.1,0.3
2024-01-07 23:38:02,1.0,0.2
2024-01-07 23:40:28,0.82,0.1
2024-01-07 23:42:55,1.0,0.2
2024-01-07 23:45:21,0.9,0.2
2024-01-07 23:47:47,1.33,0.6
2024-01-07 23:50:13,1.05,0.4
2024-01-07 23:52:39,0.73,0.1
2024-01-07 23:55:06,0.95,0.2
2024-01-07 23:57:32,1.08,0.43
2024-01-07 23:59:58,1.45,0.65
2024-01-08 00:02:24,0.93,0.1
2024-01-08 00:04:50,0.82,0.2
2024-01-08 00:07:16,0.85,0.1
2024-01-08 00:09:42,1.2,0.3
2024-01-08 00:12:09,1.13,0.63
2024-01-08 00:14:35,1.02,0.22
2024-01-08 00:17:01,1.3,0.63
2024-01-08 00:19:27,1.02,0.35
2024-01-08 00:21:54,1.2,0.52
2024-01-08 00:24:20,1.15,0.35
2024-01-08 00:26:46,0.9,0.1
2024-01-08 00:29:12,1.25,0.2
2024-01-08 00:31:38,1.05,0.2
2024-01-08 00:34:04,1.45,0.47
2024-01-08 00:36:30,1.23,0.45
2024-01-08 00:38:57,0.98,0.2
2024-01-08 00:41:23,1.08,0.2
2024-01-08 00:43:49,1.02,0.2
2024-01-08 00:46:16,1.25,0.38
2024-01-08 00:48:42,0.9,0.15
2024-01-08 00:51:09,1.08,0.52
2024-01-08 00:53:35,0.9,0.1
2024-01-08 00:56:01,1.05,0.3
2024-01-08 00:58:27,1.23,0.47
2024-01-08 01:00:55,0.9,0.17
2024-01-08 01:03:22,1.35,0.38
2024-01-08 01:05:48,1.08,0.35
2024-01-08 01:08:14,1.35,0.32
2024-01-08 01:10:40,1.08,0.57
2024-01-08 01:13:07,0.88,0.1
2024-01-08 01:15:33,1.02,0.25
2024-01-08 01:17:59,0.9,0.13
2024-01-08 01:20:25,1.1,0.3
2024-01-08 01:22:51,0.7,0.1
2024-01-08 01:25:17,0.8,0.1
2024-01-08 01:27:43,1.3,0.35
2024-01-08 01:30:09,0.82,0.15
2024-01-08 01:32:35,1.33,0.52
2024-01-08 01:35:02,1.05,0.2
2024-01-08 01:37:28,1.15,0.35
2024-01-08 01:39:54,0.9,0.1
2024-01-08 01:42:20,1.02,0.25
2024-01-08 01:44:46,0.77,0.1
2024-01-08 01:47:12,1.13,0.4
2024-01-08 01:49:38,1.23,0.47
2024-01-08 01:52:05,1.23,0.32
2024-01-08 01:54:31,1.15,0.3
2024-01-08 01:56:58,0.93,0.17
2024-01-08 01:59:28,0.98,0.2
2024-01-08 02:01:55,1.1,0.3
2024-01-08 02:04:23,0.88,0.15
2024-01-08 02:06:50,0.93,0.2
2024-01-08 02:09:17,1.23,0.45
2024-01-08 02:11:43,0.98,0.3
2024-01-08 02:14:09,0.98,0.2
2024-01-08 02:16:36,1.17,0.4
2024-01-08 02:19:02,1.08,0.28
2024-01-08 02:21:28,1.3,0.32
2024-01-08 02:23:54,1.1,0.2
2024-01-08 02:26:20,1.2,0.32
2024-01-08 02:28:47,1.17,0.35
2024-01-08 02:31:13,1.02,0.2
2024-01-08 02:33:39,1.2,0.4
2024-01-08 02:36:05,0.93,0.17
2024-01-08 02:38:31,1.05,0.32
2024-01-08 02:40:57,1.25,0.4
2024-01-08 02:43:24,0.88,0.1
2024-01-08 02:45:50,0.73,0.1
2024-01-08 02:48:16,0.98,0.2
2024-01-08 02:50:42,1.23,0.3
2024-01-08 02:53:08,0.73,0.1
2024-01-08 02:55:34,1.4,0.45
2024-01-08 02:58:04,1.02,0.32
2024-01-08 03:00:30,0.98,0.2
2024-01-08 03:02:56,1.33,0.3
2024-01-08 03:05:22,1.15,0.28
2024-01-08 03:07:48,1.45,0.5
2024-01-08 03:10:14,0.95,0.2
2024-01-08 03:12:40,0.6,0.1
2024-01-08 03:15:07,0.98,0.2
2024-01-08 03:17:33,1.1,0.25
2024-01-08 03:20:01,0.8,0.15
2024-01-08 03:22:27,1.27,0.47
2024-01-08 03:24:53,1.0,0.2
2024-01-08 03:27:19,1.25,0.3
2024-01-08 03:29:45,0.82,0.1
2024-01-08 03:32:11,1.17,0.2
2024-01-08 03:34:37,0.9,0.2
2024-01-08 03:37:03,0.9,0.17
2024-01-08 03:39:29,0.85,0.25
2024-01-08 03:41:55,0.75,0.1
2024-01-08 03:44:21,1.15,0.43
2024-01-08 03:46:48,0.98,0.35
2024-01-08 03:49:14,0.57,0.1
2024-01-08 03:51:40,1.3,0.5
2024-01-08 03:54:07,1.1,0.35
2024-01-08 03:56:33,1.15,0.32
2024-01-08 03:58:59,0.82,0.1
2024-01-08 04:01:25,1.13,0.3
2024-01-08 04:03:51,1.35,0.4
2024-01-08 04:06:17,1.38,0.9
2024-01-08 04:08:43,1.1,0.2
2024-01-08 04:11:09,0.85,0.15
2024-01-08 04:13:38,0.88,0.2
2024-01-08 04:16:04,0.6,0.17
2024-01-08 04:18:31,1.23,0.47
2024-01-08 04:20:57,0.88,0.1
2024-01-08 04:23:23,0.88,0.1
2024-01-08 04:25:49,0.85,0.1
2024-01-08 04:28:15,1.1,0.3
2024-01-08 04:30:41,1.27,0.3
2024-01-08 04:33:07,0.88,0.13
2024-01-08 04:35:33,1.2,0.52
2024-01-08 04:37:59,1.1,0.4
2024-01-08 04:40:25,1.25,0.68
2024-01-08 04:42:51,1.23,0.5
2024-01-08 04:45:17,1.05,0.25
2024-01-08 04:47:43,1.33,0.73
2024-01-08 04:50:09,1.15,0.4
2024-01-08 04:52:36,1.58,0.93
2024-01-08 04:55:02,0.9,0.2
2024-01-08 04:57:29,1.17,0.22
2024-01-08 04:59:55,0.95,0.28
2024-01-08 05:02:21,1.2,0.38
2024-01-08 05:04:47,0.95,0.2
2024-01-08 05:07:13,1.42,0.4
2024-01-08 05:09:39,0.65,0.1
2024-01-08 05:12:05,1.4,0.4
2024-01-08 05:14:31,0.93,0.1
2024-01-08 05:16:57,0.98,0.2
2024-01-08 05:19:23,1.08,0.28
2024-01-08 05:21:50,0.9,0.1
2024-01-08 05:24:18,1.13,0.5
2024-01-08 05:26:44,0.95,0.15
2024-01-08 05:29:10,1.15,0.28
2024-01-08 05:31:36,1.23,0.52
2024-01-08 05:34:02,1.33,0.47
2024-01-08 05:36:28,1.02,0.2
2024-01-08 05:38:54,1.4,0.73
2024-01-08 05:41:24,0.95,0.3
2024-01-08 05:43:51,0.9,0.35
2024-01-08 05:46:17,1.02,0.22
2024-01-08 05:48:43,1.08,0.43
2024-01-08 05:51:09,1.23,0.25
2024-01-08 05:53:38,0.93,0.2
2024-01-08 05:56:04,0.8,0.1
2024-01-08 05:58:31,1.3,0.38
2024-01-08 06:00:59,1.1,0.25
2024-01-08 06:03:26,1.25,0.3
2024-01-08 06:05:52,1.27,0.32
2024-01-08 06:08:18,1.45,0.63
2024-01-08 06:10:44,1.33,0.22
2024-01-08 06:13:12,0.88,0.13
2024-01-08 06:15:38,1.25,0.4
2024-01-08 06:18:04,1.0,0.2
2024-01-08 06:20:30,1.1,0.5
2024-01-08 06:22:56,0.93,0.2
2024-01-08 06:25:22,1.45,0.6
2024-01-08 06:27:48,1.48,0.55
2024-01-08 06:30:15,1.27,0.4
2024-01-08 06:32:43,1.2,0.52
2024-01-08 06:35:09,1.08,0.15
2024-01-08 06:37:35,1.2,0.38
2024-01-08 06:40:02,1.0,0.2
2024-01-08 06:42:28,0.75,0.1
2024-01-08 06:44:54,1.33,0.8
2024-01-08 06:47:20,1.23,0.75
2024-01-08 06:49:46,0.8,0.1
2024-01-08 06:52:12,1.08,0.25
2024-01-08 06:54:38,1.23,0.4
2024-01-08 06:57:04,0.82,0.1
2024-01-08 06:59:30,1.23,0.45
2024-01-08 07:01:57,1.48,0.75
2024-01-08 07:04:23,1.15,0.22
2024-01-08 07:06:49,1.1,0.3
2024-01-08 07:09:15,1.38,0.15
2024-01-08 07:11:41,0.8,0.1
2024-01-08 07:14:07,1.02,0.43
2024-01-08 07:16:33,1.13,0.22
2024-01-08 07:18:59,1.13,0.52
2024-01-08 07:21:25,1.17,0.25
2024-01-08 07:26:19,0.85,0.1
2024-01-08 07:28:45,0.9,0.1
2024-01-08 07:31:12,0.95,0.2
2024-01-08 07:33:40,0.88,0.15
2024-01-08 07:36:06,1.42,0.5
2024-01-08 07:38:33,0.77,0.17
2024-01-08 07:40:59,0.85,0.1
2024-01-08 07:43:25,1.15,0.35
2024-01-08 07:45:51,1.23,0.38
2024-01-08 07:48:18,1.27,0.45
2024-01-08 07:50:44,1.17,0.25
2024-01-08 07:53:10,1.0,0.13
2024-01-08 07:55:36,1.1,0.25
2024-01-08 07:58:03,0.93,0.15
2024-01-08 08:00:29,0.98,0.2
2024-01-08 08:02:55,1.27,0.32
2024-01-08 08:05:21,0.8,0.1
2024-01-08 08:07:47,1.15,0.45
2024-01-08 08:10:14,1.05,0.25
2024-01-08 08:12:40,0.9,0.2
2024-01-08 08:15:07,0.9,0.22
2024-01-08 08:17:33,0.88,0.1
2024-01-08 08:19:59,0.95,0.2
2024-01-08 08:22:25,1.38,0.77
2024-01-08 08:24:51,0.82,0.1
2024-01-08 08:27:17,1.27,0.3
2024-01-08 08:29:44,0.77,0.1
2024-01-08 08:32:10,0.8,0.1
2024-01-08 08:34:37,1.05,0.3
2024-01-08 08:39:30,1.02,0.28
2024-01-08 08:41:56,0.95,0.2
2024-01-08 08:44:22,1.3,0.52
2024-01-08 08:46:48,0.98,0.35
2024-01-08 08:49:15,1.08,0.38
2024-01-08 08:51:42,1.27,0.43
2024-01-08 08:54:08,1.0,0.2
2024-01-08 08:56:34,1.2,0.22
2024-01-08 08:59:00,1.52,0.52
2024-01-08 09:01:26,0.77,0.1
2024-01-08 09:03:53,1.05,0.3
2024-01-08 09:06:19,1.2,0.35
2024-01-08 09:08:46,0.82,0.1
2024-01-08 09:11:12,0.85,0.1
2024-01-08 09:13:38,0.7,0.1
2024-01-08 09:16:04,0.73,0.13
2024-01-08 09:18:30,0.98,0.2
2024-01-08 09:20:56,1.2,0.32
2024-01-08 09:23:22,1.25,0.35
2024-01-08 09:25:48,1.17,0.3
2024-01-08 09:28:15,1.08,0.3
2024-01-08 09:30:41,0.9,0.17
2024-01-08 09:33:07,0.85,0.15
2024-01-08 09:35:33,1.2,0.22
2024-01-08 09:37:59,1.38,0.63
2024-01-08 09:40:25,0.8,0.1
2024-01-08 09:42:52,0.73,0.1
2024-01-08 09:45:24,0.8,0.3
2024-01-08 09:47:51,1.23,0.85
2024-01-08 09:50:18,0.95,0.25
2024-01-08 09:52:44,1.05,0.2
2024-01-08 09:55:10,0.95,0.22
2024-01-08 09:57:36,1.2,0.2
2024-01-08 10:00:03,1.42,0.3
2024-01-08 10:02:30,0.9,0.13
2024-01-08 10:04:56,1.05,0.2
2024-01-08 10:07:23,1.3,0.4
2024-01-08 10:09:51,0.9,0.1
2024-01-08 10:12:17,1.2,0.4
2024-01-08 10:14:43,0.9,0.13
2024-01-08 10:17:12,1.02,0.2
2024-01-08 10:19:41,1.0,0.43
2024-01-08 10:22:11,0.95,0.22
2024-01-08 10:24:38,0.77,0.1
2024-01-08 10:27:04,0.7,0.1
2024-01-08 10:29:34,1.02,0.3
2024-01-08 10:32:01,1.0,0.2
2024-01-08 10:34:27,1.3,0.65
2024-01-08 10:36:54,1.05,0.38
2024-01-08 10:39:21,1.42,0.7
2024-01-08 10:41:48,1.1,0.3
2024-01-08 10:44:14,1.38,0.32
2024-01-08 10:46:51,1.33,0.3
2024-01-08 10:49:19,1.23,0.45
2024-01-08 10:51:48,1.3,0.43
2024-01-08 10:54:16,0.7,0.1
2024-01-08 10:56:43,1.0,0.2
2024-01-08 10:59:12,1.0,0.2
2024-01-08 11:01:43,1.33,0.55
2024-01-08 11:04:10,1.1,0.25
2024-01-08 11:09:03,1.23,0.47
2024-01-08 11:11:33,1.23,0.2
2024-01-08 11:13:59,1.08,0.22
2024-01-08 11:16:29,0.98,0.2
2024-01-08 11:21:40,0.95,0.13
2024-01-08 11:24:07,1.23,0.25
2024-01-08 11:26:39,1.15,0.3
2024-01-08 11:29:06,1.17,0.35
2024-01-08 11:36:39,1.23,0.3
2024-01-08 11:39:10,1.33,0.45
2024-01-08 11:41:40,0.98,0.2
2024-01-08 11:44:06,0.93,0.2
2024-01-08 11:46:32,1.58,0.85
2024-01-08 11:49:00,1.1,0.3
2024-01-08 11:51:27,0.73,0.1
2024-01-08 11:53:53,0.8,0.1
2024-01-08 11:56:21,0.75,0.17
2024-01-08 11:58:47,0.8,0.13
2024-01-08 12:01:16,0.95,0.13
2024-01-08 12:03:43,0.73,0.1
2024-01-08 12:06:09,0.93,0.2
2024-01-08 12:08:35,0.77,0.1
2024-01-08 12:11:03,0.8,0.1
2024-01-08 12:13:30,1.05,0.2
2024-01-08 12:15:56,1.17,0.4
2024-01-08 12:18:22,1.17,0.3
2024-01-08 12:20:51,1.13,0.32
2024-01-08 12:23:17,1.63,1.17
2024-01-08 12:25:48,1.3,0.4
2024-01-08 12:28:14,1.3,0.3
2024-01-08 12:30:40,0.8,0.1
2024-01-08 12:33:07,0.8,0.1
2024-01-08 12:35:36,0.9,0.15
2024-01-08 12:38:03,0.98,0.25
2024-01-08 12:40:29,0.82,0.13
2024-01-08 12:42:55,1.23,0.43
2024-01-08 12:45:23,1.08,0.35
2024-01-08 12:47:49,1.17,0.45
2024-01-08 12:50:15,1.0,0.17
2024-01-08 12:52:41,0.7,0.1
2024-01-08 12:55:07,0.95,0.2
2024-01-08 12:57:33,0.9,0.3
2024-01-08 12:59:59,0.77,0.1
2024-01-08 13:02:25,1.02,0.2
2024-01-08 13:04:54,1.1,0.35
2024-01-08 13:07:20,1.25,0.4
2024-01-08 13:09:46,1.2,0.32
2024-01-08 13:12:13,1.02,0.2
2024-01-08 13:14:39,0.73,0.1
2024-01-08 13:17:05,0.85,0.17
2024-01-08 13:19:31,1.17,0.43
2024-01-08 13:22:00,1.08,0.28
2024-01-08 13:24:29,0.8,0.1
2024-01-08 13:26:57,0.98,0.15
2024-01-08 13:29:25,1.13,0.28
2024-01-08 13:31:51,0.95,0.15
2024-01-08 13:34:17,0.85,0.15
2024-01-08 13:36:44,0.95,0.2
2024-01-08 13:39:10,1.2,0.47
2024-01-08 13:41:36,1.0,0.2
2024-01-08 13:44:07,1.65,0.7
2024-01-08 13:46:35,1.52,0.6
2024-01-08 13:49:01,0.93,0.13
2024-01-08 13:51:27,1.05,0.28
2024-01-08 13:53:53,1.02,0.3
2024-01-08 13:56:19,1.0,0.35
2024-01-08 13:58:45,0.6,0.1
2024-01-08 14:01:13,0.9,0.17
2024-01-08 14:03:39,1.25,0.45
2024-01-08 14:06:07,1.17,0.47
2024-01-08 14:08:33,0.8,0.1
2024-01-08 14:10:59,0.93,0.22
2024-01-08 14:13:26,0.98,0.15
2024-01-08 14:15:52,1.25,0.32
2024-01-08 14:18:20,1.2,0.3
2024-01-08 14:20:46,0.93,0.2
2024-01-08 14:23:12,0.9,0.17
2024-01-08 14:25:38,0.98,0.17
2024-01-08 14:28:06,1.0,0.13
2024-01-08 14:30:32,1.33,0.43
2024-01-08 14:32:59,0.88,0.1
2024-01-08 14:35:25,1.42,0.65
2024-01-08 14:37:52,1.2,0.3
2024-01-08 14:40:18,1.17,0.3
2024-01-08 14:42:56,1.6,1.08
2024-01-08 14:45:25,0.85,0.3
2024-01-08 14:47:51,1.17,0.6
2024-01-08 14:50:17,1.27,0.55
2024-01-08 14:52:43,0.85,0.15
2024-01-08 14:55:09,1.27,0.52
2024-01-08 14:57:35,1.35,0.55
2024-01-08 15:00:02,0.75,0.15
2024-01-08 15:02:32,1.08,0.13
2024-01-08 15:04:58,1.05,0.3
2024-01-08 15:07:24,0.98,0.43
2024-01-08 15:09:50,0.8,0.13
2024-01-08 15:12:16,0.88,0.28
2024-01-08 15:14:42,1.35,0.43
2024-01-08 15:17:08,1.15,0.32
2024-01-08 15:19:35,0.9,0.1
2024-01-08 15:22:03,0.93,0.25
2024-01-08 15:24:29,0.7,0.1
2024-01-08 15:27:01,1.33,0.43
2024-01-08 15:29:27,0.95,0.15
2024-01-08 15:31:53,0.85,0.1
2024-01-08 15:34:19,1.1,0.65
2024-01-08 15:36:45,1.02,0.22
2024-01-08 15:39:11,0.82,0.1
2024-01-08 15:41:39,0.77,0.1
2024-01-08 15:44:05,0.9,0.2
2024-01-08 15:46:31,0.88,0.1
2024-01-08 15:49:02,1.35,0.77
2024-01-08 15:51:30,1.38,0.52
2024-01-08 15:53:56,0.82,0.15
2024-01-08 15:56:23,1.2,0.52
2024-01-08 15:58:49,0.8,0.22
2024-01-08 16:01:15,1.02,0.25
2024-01-08 16:03:41,1.25,0.38
2024-01-08 16:06:07,0.77,0.15
2024-01-08 16:11:02,0.98,0.2
2024-01-08 16:13:28,0.77,0.1
2024-01-08 16:15:54,1.2,0.45
2024-01-08 16:18:20,0.68,0.1
2024-01-08 16:20:46,1.23,0.47
2024-01-08 16:23:14,1.55,1.08
2024-01-08 16:25:40,1.3,0.3
2024-01-08 16:28:06,1.48,0.98
2024-01-08 16:30:33,0.75,0.1
2024-01-08 16:32:59,1.08,0.3
2024-01-08 16:35:25,1.02,0.22
2024-01-08 16:37:51,0.88,0.28
2024-01-08 16:40:17,0.93,0.25
2024-01-08 16:42:44,1.0,0.25
2024-01-08 16:45:10,0.95,0.2
2024-01-08 16:47:36,1.02,0.2
2024-01-08 16:50:02,1.13,0.32
2024-01-08 16:52:28,1.0,0.2
2024-01-08 16:54:55,0.73,0.1
2024-01-08 16:57:22,0.9,0.1
2024-01-08 16:59:48,0.8,0.1
2024-01-08 17:02:16,1.13,0.25
2024-01-08 17:04:44,1.05,0.2
2024-01-08 17:07:10,0.9,0.2
2024-01-08 17:09:40,1.23,0.5
2024-01-08 17:12:07,0.9,0.2
2024-01-08 17:14:38,1.08,0.45
2024-01-08 17:17:04,0.8,0.1
2024-01-08 17:19:31,1.5,0.7
2024-01-08 17:21:57,0.7,0.1
2024-01-08 17:24:23,0.8,0.1
2024-01-08 17:26:49,0.82,0.1
2024-01-08 17:29:15,0.7,0.1
2024-01-08 17:31:41,1.05,0.4
2024-01-08 17:34:07,1.23,0.25
2024-01-08 17:36:33,1.35,0.7
2024-01-08 17:38:59,0.9,0.22
2024-01-08 17:41:25,0.7,0.1
2024-01-08 17:43:53,1.45,0.88
2024-01-08 17:46:19,0.85,0.25
2024-01-08 17:48:45,1.15,0.4
2024-01-08 17:51:11,1.23,0.4
2024-01-08 17:53:37,0.7,0.1
2024-01-08 17:56:04,0.88,0.13
2024-01-08 17:58:31,0.8,0.1
2024-01-08 18:00:59,0.85,0.38
2024-01-08 18:03:26,0.6,0.1
2024-01-08 18:05:52,1.2,0.3
2024-01-08 18:08:19,1.1,0.25
2024-01-08 18:10:45,0.82,0.15
2024-01-08 18:13:11,0.98,0.38
2024-01-08 18:15:37,0.93,0.28
2024-01-08 18:18:04,1.17,0.4
2024-01-08 18:20:30,0.95,0.13
2024-01-08 18:22:56,0.85,0.13
2024-01-08 18:25:22,1.23,0.35
2024-01-08 18:27:48,1.1,0.88
2024-01-08 18:30:16,0.73,0.13
2024-01-08 18:32:43,1.17,0.5
2024-01-08 18:35:09,0.6,0.1
2024-01-08 18:37:35,1.08,0.2
2024-01-08 18:40:01,1.13,0.3
2024-01-08 18:42:29,0.95,0.2
2024-01-08 18:47:23,0.82,0.1
2024-01-08 18:49:53,0.7,0.1
2024-01-08 18:52:20,1.08,0.2
2024-01-08 18:54:46,0.95,0.2
2024-01-08 18:57:12,1.15,0.63
2024-01-08 18:59:38,1.02,0.3
2024-01-08 19:02:04,0.82,0.1
2024-01-08 19:04:30,0.9,0.2
2024-01-08 19:06:56,0.93,0.2
2024-01-08 19:09:23,1.15,0.3
2024-01-08 19:11:49,0.9,0.1
2024-01-08 19:14:17,1.48,0.47
2024-01-08 19:16:43,1.3,0.6
2024-01-08 19:19:09,0.82,0.1
2024-01-08 19:21:35,1.2,0.32
2024-01-08 19:24:02,1.2,0.75
2024-01-08 19:26:30,0.9,0.1
2024-01-08 19:28:57,1.1,0.45
2024-01-08 19:31:23,1.0,0.2
2024-01-08 19:33:49,0.57,0.1
2024-01-08 19:36:15,1.27,0.4
2024-01-08 19:38:43,1.58,0.7
2024-01-08 19:41:09,0.95,0.2
2024-01-08 19:43:35,1.35,0.5
2024-01-08 19:46:01,1.13,0.35
2024-01-08 19:48:27,1.5,0.45
2024-01-08 19:50:53,1.15,0.3
2024-01-08 19:53:19,1.5,0.4
2024-01-08 19:55:45,1.17,0.4
2024-01-08 19:58:12,1.05,0.3
2024-01-08 20:00:38,0.73,0.1
2024-01-08 20:03:04,1.38,0.68
2024-01-08 20:05:30,0.93,0.22
2024-01-08 20:07:56,1.08,0.3
2024-01-08 20:10:22,1.2,0.4
2024-01-08 20:12:49,1.0,0.2
2024-01-08 20:15:15,0.77,0.13
2024-01-08 20:17:42,0.8,0.1
2024-01-08 20:20:09,1.38,0.57
2024-01-08 20:22:35,1.2,0.2
2024-01-08 20:25:02,1.13,0.22
2024-01-08 20:27:28,0.8,0.1
2024-01-08 20:29:55,0.77,0.1
2024-01-08 20:32:21,1.13,0.2
2024-01-08 20:34:47,0.8,0.1
2024-01-08 20:37:13,1.4,0.5
2024-01-08 20:39:39,1.6,0.73
2024-01-08 20:42:05,0.8,0.13
2024-01-08 20:44:32,1.17,0.38
2024-01-08 20:46:58,1.4,0.73
2024-01-08 20:49:24,1.27,0.5
2024-01-08 20:54:18,1.02,0.3
2024-01-08 20:56:44,0.8,0.1
2024-01-08 20:59:10,1.0,0.28
2024-01-08 21:01:37,1.13,0.32
2024-01-08 21:04:03,0.9,0.1
2024-01-08 21:06:29,1.35,0.35
2024-01-08 21:08:55,0.8,0.2
2024-01-08 21:11:22,1.45,0.4
2024-01-08 21:13:48,0.8,0.1
2024-01-08 21:16:14,1.2,0.32
2024-01-08 21:18:40,1.27,0.52
2024-01-08 21:21:06,1.1,0.55
2024-01-08 21:23:34,1.08,0.2
2024-01-08 21:26:01,0.82,0.1
2024-01-08 21:28:27,0.7,0.1
2024-01-08 21:30:53,0.95,0.3
2024-01-08 21:33:20,1.23,0.43
2024-01-08 21:35:46,0.82,0.1
2024-01-08 21:38:12,0.88,0.2
2024-01-08 21:40:38,0.9,0.1
2024-01-08 21:43:04,0.65,0.1
2024-01-08 21:45:30,1.05,0.32
2024-01-08 21:47:56,0.7,0.1
2024-01-08 21:50:22,0.85,0.2
2024-01-08 21:52:48,0.88,0.2
2024-01-08 21:55:14,1.27,0.6
2024-01-08 21:57:40,1.1,0.32
2024-01-08 22:00:07,1.02,0.3
2024-01-08 22:02:33,1.15,0.3
2024-01-08 22:04:59,1.0,0.25
2024-01-08 22:07:25,1.33,0.3
2024-01-08 22:09:51,1.0,0.2
2024-01-08 22:12:18,0.98,0.2
2024-01-08 22:14:44,0.85,0.2
2024-01-08 22:17:11,1.1,0.28
2024-01-08 22:19:37,1.02,0.3
2024-01-08 22:22:03,0.9,0.2
2024-01-08 22:24:29,1.23,0.35
2024-01-08 22:29:22,0.77,0.1
2024-01-08 22:31:48,0.85,0.2
2024-01-08 22:34:14,1.13,0.2
2024-01-08 22:36:41,1.23,0.4
2024-01-08 22:39:07,1.15,0.3
2024-01-08 22:41:33,1.15,0.5
2024-01-08 22:43:59,0.95,0.3
2024-01-08 22:46:25,0.7,0.1
2024-01-08 22:48:51,1.0,0.28
2024-01-08 22:51:17,0.93,0.2
2024-01-08 22:53:43,1.17,0.3
2024-01-08 22:56:10,1.23,0.32
2024-01-08 22:58:36,0.9,0.1
2024-01-08 23:01:02,1.1,0.35
2024-01-08 23:03:29,1.08,0.2
2024-01-08 23:05:55,1.83,1.65
2024-01-08 23:08:21,1.33,0.32
2024-01-08 23:10:47,1.2,0.32
2024-01-08 23:13:13,1.35,0.5
2024-01-08 23:15:39,0.95,0.2
2024-01-08 23:18:05,1.17,0.47
2024-01-08 23:20:31,0.95,0.2
2024-01-08 23:22:58,0.9,0.17
2024-01-08 23:25:26,1.08,0.55
2024-01-08 23:27:52,0.88,0.13
2024-01-08 23:30:18,1.33,0.4
2024-01-08 23:32:44,1.13,0.43
2024-01-08 23:35:10,1.27,0.3
2024-01-08 23:37:36,0.95,0.22
2024-01-08 23:40:02,0.98,0.17
2024-01-08 23:42:29,1.25,0.4
2024-01-08 23:44:55,0.8,0.1
2024-01-08 23:47:21,0.98,0.22
2024-01-08 23:49:47,1.25,0.43
2024-01-08 23:52:17,1.05,0.52
2024-01-08 23:54:43,1.33,0.3
2024-01-08 23:57:09,1.17,0.22
2024-01-08 23:59:35,1.27,0.28
2024-01-09 00:02:01,0.77,0.1
2024-01-09 00:04:27,1.1,0.2
2024-01-09 00:06:53,1.17,0.3
2024-01-09 00:09:19,1.48,0.3
2024-01-09 00:11:45,1.25,0.4
2024-01-09 00:14:11,1.33,0.32
2024-01-09 00:16:38,1.1,0.25
2024-01-09 00:19:04,1.2,0.22
2024-01-09 00:21:30,1.15,0.43
2024-01-09 00:23:57,0.95,0.3
2024-01-09 00:26:23,1.17,0.32
2024-01-09 00:28:49,0.85,0.17
2024-01-09 00:31:15,0.93,0.15
2024-01-09 00:33:41,1.23,0.3
2024-01-09 00:36:07,1.2,0.3
2024-01-09 00:38:34,1.33,0.4
2024-01-09 00:41:00,0.5,0.1
2024-01-09 00:43:26,1.02,0.3
2024-01-09 00:45:53,1.0,0.25
2024-01-09 00:48:19,1.38,0.57
2024-01-09 00:50:45,0.98,0.2
2024-01-09 00:53:11,1.4,0.6
2024-01-09 00:55:37,1.0,0.32
2024-01-09 00:58:03,1.45,0.52
2024-01-09 01:00:29,0.85,0.1
2024-01-09 01:02:55,1.25,0.32
2024-01-09 01:05:21,1.08,0.3
2024-01-09 01:07:47,0.85,0.1
2024-01-09 01:10:13,1.67,1.1
2024-01-09 01:12:39,0.8,0.2
2024-01-09 01:15:06,0.9,0.2
2024-01-09 01:17:32,1.0,0.15
2024-01-09 01:19:58,1.1,0.2
2024-01-09 01:22:24,1.27,0.32
2024-01-09 01:24:50,0.98,0.28
2024-01-09 01:27:16,1.02,0.3
2024-01-09 01:29:42,0.75,0.1
2024-01-09 01:32:08,0.9,0.2
2024-01-09 01:34:38,0.75,0.1
2024-01-09 01:37:04,1.08,0.25
2024-01-09 01:39:30,1.25,0.3
2024-01-09 01:41:57,0.88,0.1
2024-01-09 01:44:23,1.23,0.7
2024-01-09 01:46:49,1.35,0.4
2024-01-09 01:49:17,1.15,0.43
2024-01-09 01:51:44,0.9,0.1
2024-01-09 01:54:13,0.82,0.1
2024-01-09 01:56:40,1.05,0.2
2024-01-09 01:59:08,0.6,0.1
2024-01-09 02:01:34,1.52,0.4
2024-01-09 02:04:00,1.1,0.2
2024-01-09 02:06:27,1.17,0.22
2024-01-09 02:08:53,0.82,0.2
2024-01-09 02:11:19,1.3,0.28
2024-01-09 02:13:46,0.95,0.22
2024-01-09 02:16:12,1.05,0.22
2024-01-09 02:18:38,1.0,0.25
2024-01-09 02:21:04,1.05,0.22
2024-01-09 02:23:30,0.9,0.2
2024-01-09 02:25:56,1.0,0.3
2024-01-09 02:28:23,1.05,0.3
2024-01-09 02:30:50,1.08,0.35
2024-01-09 02:33:19,0.95,0.15
2024-01-09 02:35:45,0.93,0.2
2024-01-09 02:38:11,1.17,0.3
2024-01-09 02:40:37,1.08,0.22
2024-01-09 02:43:04,1.3,0.45
2024-01-09 02:45:30,0.77,0.1
2024-01-09 02:47:56,0.9,0.2
2024-01-09 02:50:22,1.25,0.32
2024-01-09 02:52:48,1.02,0.2
2024-01-09 02:55:14,1.08,0.3
2024-01-09 02:57:40,1.65,0.6
2024-01-09 03:00:09,1.33,0.43
2024-01-09 03:02:35,0.82,0.2
2024-01-09 03:05:02,1.2,0.4
2024-01-09 03:07:30,0.85,0.15
2024-01-09 03:09:56,1.23,0.22
2024-01-09 03:12:22,1.17,0.38
2024-01-09 03:14:48,0.95,0.25
2024-01-09 03:17:14,0.8,0.1
2024-01-09 03:19:40,0.88,0.1
2024-01-09 03:22:09,0.95,0.3
2024-01-09 03:24:35,1.05,0.5
2024-01-09 03:27:01,1.23,0.38
2024-01-09 03:29:27,1.17,0.3
2024-01-09 03:31:53,0.68,0.1
2024-01-09 03:34:19,0.7,0.1
2024-01-09 03:36:45,1.2,0.35
2024-01-09 03:39:12,0.93,0.2
2024-01-09 03:41:41,0.9,0.2
2024-01-09 03:44:07,1.05,0.2
2024-01-09 03:46:34,1.2,0.3
2024-01-09 03:49:00,1.02,0.2
2024-01-09 03:51:26,1.23,0.45
2024-01-09 03:53:52,0.6,0.1
2024-01-09 03:56:18,1.17,0.63
2024-01-09 03:58:44,1.15,0.22
2024-01-09 04:01:10,0.8,0.1
2024-01-09 04:03:37,1.0,0.25
2024-01-09 04:06:03,0.82,0.1
2024-01-09 04:08:29,0.6,0.1
2024-01-09 04:10:55,1.08,0.22
2024-01-09 04:13:21,1.27,0.35
2024-01-09 04:15:48,0.77,0.1
2024-01-09 04:18:14,1.65,0.73
2024-01-09 04:20:41,1.33,0.3
2024-01-09 04:23:07,0.75,0.1
2024-01-09 04:25:34,1.25,0.3
2024-01-09 04:28:00,0.7,0.1
2024-01-09 04:30:26,1.23,0.4
2024-01-09 04:32:52,1.25,0.3
2024-01-09 04:35:18,0.98,0.2
2024-01-09 04:37:44,0.9,0.2
2024-01-09 04:40:11,1.38,0.82
2024-01-09 04:42:37,0.85,0.15
2024-01-09 04:45:03,0.88,0.1
2024-01-09 04:47:29,1.0,0.2
2024-01-09 04:49:55,1.17,0.45
2024-01-09 04:52:21,1.4,0.55
2024-01-09 04:54:47,0.9,0.1
2024-01-09 04:57:13,1.08,0.22
2024-01-09 04:59:40,0.8,0.1
2024-01-09 05:02:09,1.0,0.2
2024-01-09 05:04:35,1.17,0.3
2024-01-09 05:07:01,0.9,0.2
2024-01-09 05:09:27,1.08,0.63
2024-01-09 05:11:53,1.0,0.22
2024-01-09 05:14:19,1.23,0.6
2024-01-09 05:16:45,1.6,1.0
2024-01-09 05:19:11,0.8,0.1
2024-01-09 05:21:37,1.3,0.5
2024-01-09 05:24:04,1.2,0.38
2024-01-09 05:26:30,0.7,0.1
2024-01-09 05:28:56,0.9,0.28
2024-01-09 05:31:22,0.7,0.1
2024-01-09 05:33:48,1.05,0.32
2024-01-09 05:36:15,0.7,0.1
2024-01-09 05:38:49,0.93,0.2
2024-01-09 05:41:21,0.6,0.1
2024-01-09 05:43:48,1.63,0.85
2024-01-09 05:46:14,0.8,0.1
2024-01-09 05:48:40,1.4,0.32
2024-01-09 05:51:07,1.15,0.68
2024-01-09 05:53:34,0.85,0.15
2024-01-09 05:56:01,1.23,0.43
2024-01-09 05:58:27,1.02,0.22
2024-01-09 06:00:53,0.75,0.1
2024-01-09 06:03:19,1.23,0.4
2024-01-09 06:05:45,1.13,0.32
2024-01-09 06:08:11,0.98,0.38
2024-01-09 06:10:37,1.13,0.3
2024-01-09 06:13:03,1.02,0.32
2024-01-09 06:15:29,0.8,0.1
2024-01-09 06:17:55,0.75,0.13
2024-01-09 06:20:21,1.08,0.38
2024-01-09 06:22:47,1.15,0.45
2024-01-09 06:25:13,1.23,0.4
2024-01-09 06:27:39,1.35,0.38
2024-01-09 06:30:06,1.13,0.32
2024-01-09 06:32:32,1.2,0.3
2024-01-09 06:34:58,1.2,0.3
2024-01-09 06:37:24,0.93,0.2
2024-01-09 06:39:50,1.08,0.25
2024-01-09 06:42:16,1.1,0.3
2024-01-09 06:44:42,1.25,0.3
2024-01-09 06:47:09,0.82,0.2
2024-01-09 06:49:35,1.25,0.3
2024-01-09 06:52:01,0.93,0.13
2024-01-09 06:54:27,1.5,0.5
2024-01-09 06:56:53,0.77,0.1
2024-01-09 06:59:19,1.35,0.28
2024-01-09 07:01:45,0.95,0.2
2024-01-09 07:04:12,1.1,0.5
2024-01-09 07:06:38,0.98,0.2
2024-01-09 07:09:04,1.08,0.38
2024-01-09 07:11:30,0.85,0.1
2024-01-09 07:13:56,0.93,0.3
2024-01-09 07:16:22,1.33,0.38
2024-01-09 07:18:48,0.7,0.25
2024-01-09 07:21:14,1.25,0.38
2024-01-09 07:23:40,1.0,0.2
2024-01-09 07:26:06,1.42,0.52
2024-01-09 07:28:32,1.1,0.2
2024-01-09 07:30:59,0.88,0.2
2024-01-09 07:33:25,0.93,0.13
2024-01-09 07:35:51,1.17,0.52
2024-01-09 07:38:17,1.02,0.2
2024-01-09 07:40:49,1.15,0.4
2024-01-09 07:43:15,1.13,0.52
2024-01-09 07:45:41,0.7,0.1
2024-01-09 07:48:08,1.23,0.35
2024-01-09 07:50:34,0.8,0.1
2024-01-09 07:53:00,0.85,0.1
2024-01-09 07:55:26,1.08,0.28
2024-01-09 07:57:52,1.23,0.65
2024-01-09 08:00:18,1.52,0.8
2024-01-09 08:02:44,1.27,0.32
2024-01-09 08:05:10,1.27,0.98
2024-01-09 08:07:36,1.05,0.3
2024-01-09 08:10:03,1.05,0.3
2024-01-09 08:12:29,1.0,0.17
2024-01-09 08:14:55,0.82,0.1
2024-01-09 08:17:21,1.15,0.25
2024-01-09 08:19:47,1.13,0.52
2024-01-09 08:22:13,0.98,0.17
2024-01-09 08:24:39,0.9,0.2
2024-01-09 08:27:05,1.25,0.4
2024-01-09 08:29:31,0.82,0.1
2024-01-09 08:31:57,0.73,0.13
2024-01-09 08:34:23,1.02,0.2
2024-01-09 08:36:49,1.27,0.3
2024-01-09 08:39:15,1.0,0.32
2024-01-09 08:41:42,1.13,0.2
2024-01-09 08:44:08,1.33,0.57
2024-01-09 08:46:34,0.8,0.1
2024-01-09 08:49:00,1.23,0.4
2024-01-09 08:51:27,1.0,0.2
2024-01-09 08:53:53,0.95,0.3
2024-01-09 08:56:20,0.6,0.1
2024-01-09 08:58:46,1.25,0.47
2024-01-09 09:01:12,1.23,0.22
2024-01-09 09:03:38,1.02,0.2
2024-01-09 09:06:04,2.65,2.45
2024-01-09 09:08:30,1.48,0.75
2024-01-09 09:10:57,1.2,0.3
2024-01-09 09:13:23,1.1,0.22
2024-01-09 09:15:49,0.93,0.15
2024-01-09 09:18:15,1.25,0.38
2024-01-09 09:20:41,0.95,0.2
2024-01-09 09:23:08,1.13,0.4
2024-01-09 09:25:34,1.1,0.3
2024-01-09 09:28:00,0.8,0.1
2024-01-09 09:30:26,1.0,0.2
2024-01-09 09:32:53,1.0,0.2
2024-01-09 09:35:22,0.8,0.1
2024-01-09 09:37:48,0.95,0.22
2024-01-09 09:40:14,1.0,0.3
2024-01-09 09:42:41,0.65,0.1
2024-01-09 09:45:09,0.6,0.1
2024-01-09 09:47:39,0.8,0.1
2024-01-09 09:50:06,0.73,0.1
2024-01-09 09:52:34,0.93,0.2
2024-01-09 09:55:01,0.88,0.1
2024-01-09 09:57:28,0.88,0.15
2024-01-09 09:59:54,1.13,0.32
2024-01-09 10:02:22,1.17,0.45
2024-01-09 10:04:51,0.8,0.17
2024-01-09 10:07:21,1.23,0.4
2024-01-09 10:09:52,0.98,0.2
2024-01-09 10:12:19,1.1,0.3
2024-01-09 10:15:02,1.75,0.82
2024-01-09 10:17:28,0.6,0.1
2024-01-09 10:19:54,0.85,0.2
2024-01-09 10:22:20,1.1,0.2
2024-01-09 10:24:46,1.17,0.45
2024-01-09 10:27:12,0.77,0.1
2024-01-09 10:29:42,1.15,0.38
2024-01-09 10:32:09,1.1,0.52
2024-01-09 10:34:39,0.8,0.1
2024-01-09 10:37:08,0.93,0.2
2024-01-09 10:39:34,0.95,0.2
2024-01-09 10:42:07,1.05,0.2
2024-01-09 10:44:34,0.95,0.2
2024-01-09 10:47:00,1.33,0.88
2024-01-09 10:49:27,0.9,0.17
2024-01-09 10:51:54,1.4,0.4
2024-01-09 10:54:21,0.93,0.2
2024-01-09 10:56:47,1.05,0.43
2024-01-09 10:59:16,1.17,0.32
2024-01-09 11:01:42,1.17,0.35
2024-01-09 11:04:08,1.17,0.3
2024-01-09 11:06:38,0.98,0.2
2024-01-09 11:09:05,1.13,0.3
2024-01-09 11:11:33,0.73,0.1
2024-01-09 11:14:01,0.98,0.32
2024-01-09 11:16:33,1.08,0.3
2024-01-09 11:19:00,0.95,0.28
2024-01-09 11:21:27,0.65,0.1
2024-01-09 11:23:53,1.0,0.2
2024-01-09 11:26:27,1.35,0.4
2024-01-09 11:28:54,0.82,0.13
2024-01-09 11:31:21,1.08,0.3
2024-01-09 11:33:49,1.23,0.38
2024-01-09 11:38:42,1.02,0.2
2024-01-09 11:41:08,1.2,0.25
2024-01-09 11:44:08,1.17,0.28
2024-01-09 11:46:28,1.17,0.3
2024-01-09 11:48:54,0.95,0.1
2024-01-09 11:51:20,0.95,0.25
2024-01-09 11:53:47,0.82,0.17
2024-01-09 11:56:13,0.73,0.1
2024-01-09 11:58:45,1.42,0.73
2024-01-09 12:01:12,0.88,0.17
2024-01-09 12:03:38,0.88,0.15
2024-01-09 12:06:04,1.08,0.45
2024-01-09 12:08:31,1.08,0.52
2024-01-09 12:10:57,1.08,0.3
2024-01-09 12:13:23,1.3,0.45
2024-01-09 12:15:49,1.23,0.32
2024-01-09 12:18:15,1.0,0.2
2024-01-09 12:20:41,0.88,0.13
2024-01-09 12:23:08,0.73,0.1
2024-01-09 12:25:34,1.2,0.3
2024-01-09 12:28:01,0.98,0.2
2024-01-09 12:30:27,0.98,0.2
2024-01-09 12:32:54,0.98,0.32
2024-01-09 12:35:20,1.2,0.38
2024-01-09 12:37:46,1.13,0.3
2024-01-09 12:40:16,0.73,0.1
2024-01-09 12:42:44,0.77,0.13
2024-01-09 12:45:10,1.05,0.68
2024-01-09 12:47:36,0.9,0.17
2024-01-09 12:50:02,1.25,0.4
2024-01-09 12:52:32,1.02,0.15
2024-01-09 12:55:00,0.95,0.2
2024-01-09 12:57:26,0.95,0.2
2024-01-09 12:59:52,0.88,0.1
2024-01-09 13:02:18,0.93,0.2
2024-01-09 13:04:44,1.38,0.52
2024-01-09 13:07:13,1.15,0.35
2024-01-09 13:09:41,1.17,0.25
2024-01-09 13:12:08,1.38,0.8
2024-01-09 13:14:35,1.05,0.35
2024-01-09 13:17:02,1.3,0.75
2024-01-09 13:19:28,1.35,0.43
2024-01-09 13:21:55,1.23,0.55
2024-01-09 13:24:21,0.6,0.1
2024-01-09 13:26:47,0.88,0.2
2024-01-09 13:29:14,0.82,0.2
2024-01-09 13:34:09,1.27,0.35
2024-01-09 13:36:35,0.95,0.15
2024-01-09 13:39:02,0.95,0.3
2024-01-09 13:41:28,0.73,0.13
2024-01-09 13:43:55,0.93,0.2
2024-01-09 13:46:21,1.0,0.2
2024-01-09 13:48:47,1.15,0.38
2024-01-09 13:51:13,1.13,0.3
2024-01-09 13:53:39,1.08,0.3
2024-01-09 13:56:05,1.0,0.25
2024-01-09 13:58:31,1.35,0.63
2024-01-09 14:00:57,1.33,0.77
2024-01-09 14:03:24,0.5,0.1
2024-01-09 14:05:52,0.75,0.1
2024-01-09 14:08:19,1.35,0.5
2024-01-09 14:10:45,1.17,0.47
2024-01-09 14:13:11,1.05,0.2
2024-01-09 14:15:37,1.08,0.4
2024-01-09 14:18:03,0.73,0.1
2024-01-09 14:20:31,1.42,0.5
2024-01-09 14:23:00,1.08,0.35
2024-01-09 14:25:26,1.2,0.32
2024-01-09 14:27:52,0.9,0.15
2024-01-09 14:30:19,1.23,0.55
2024-01-09 14:32:46,0.98,0.2
2024-01-09 14:35:12,1.52,0.45
2024-01-09 14:37:38,0.9,0.2
2024-01-09 14:40:05,1.1,0.3
2024-01-09 14:42:34,0.7,0.1
2024-01-09 14:45:00,0.88,0.15
2024-01-09 14:47:26,0.82,0.13
2024-01-09 14:49:52,0.9,0.2
2024-01-09 14:52:18,0.98,0.35
2024-01-09 14:54:44,0.6,0.1
2024-01-09 14:57:12,0.88,0.13
2024-01-09 14:59:41,0.93,0.15
2024-01-09 15:02:08,0.68,0.1
2024-01-09 15:04:34,1.52,0.63
2024-01-09 15:07:00,0.9,0.1
2024-01-09 15:09:26,1.23,0.38
2024-01-09 15:11:52,0.73,0.1
2024-01-09 15:14:19,1.2,0.3
2024-01-09 15:16:45,1.4,0.3
2024-01-09 15:19:11,1.15,0.32
2024-01-09 15:21:37,0.85,0.2
2024-01-09 15:24:03,1.08,0.25
2024-01-09 15:26:30,1.02,0.25
2024-01-09 15:28:56,0.7,0.1
2024-01-09 15:31:22,1.13,0.43
2024-01-09 15:33:48,0.73,0.1
2024-01-09 15:36:14,0.88,0.1
2024-01-09 15:38:41,0.8,0.1
2024-01-09 15:41:07,0.93,0.2
2024-01-09 15:43:34,1.02,0.45
2024-01-09 15:46:01,0.88,0.1
2024-01-09 15:48:32,1.25,0.63
2024-01-09 15:50:58,0.6,0.1
2024-01-09 15:53:29,1.33,0.4
2024-01-09 15:55:55,0.8,0.1
2024-01-09 15:58:21,1.15,0.25
2024-01-09 16:00:47,1.08,0.2
2024-01-09 16:03:14,0.7,0.1
2024-01-09 16:05:40,0.95,0.22
2024-01-09 16:08:09,0.8,0.1
2024-01-09 16:10:36,1.05,0.2
2024-01-09 16:13:04,0.85,0.17
2024-01-09 16:15:31,0.8,0.1
2024-01-09 16:17:59,0.63,0.1
2024-01-09 16:20:26,0.82,0.1
2024-01-09 16:22:52,1.1,0.3
2024-01-09 16:25:18,1.13,0.4
2024-01-09 16:27:44,0.7,0.1
2024-01-09 16:30:11,1.17,0.5
2024-01-09 16:32:37,1.3,0.28
2024-01-09 16:35:03,1.05,0.2
2024-01-09 16:37:29,0.98,0.2
2024-01-09 16:39:55,1.05,0.3
2024-01-09 16:42:21,1.1,0.3
2024-01-09 16:44:47,0.9,0.2
2024-01-09 16:47:14,0.93,0.2
2024-01-09 16:49:40,0.7,0.1
2024-01-09 16:52:07,1.33,0.3
2024-01-09 16:54:36,1.08,0.2
2024-01-09 16:57:03,0.82,0.15
2024-01-09 16:59:30,0.8,0.15
2024-01-09 17:01:57,0.88,0.1
2024-01-09 17:04:23,0.77,0.1
2024-01-09 17:06:50,1.2,0.3
2024-01-09 17:09:17,0.93,0.3
2024-01-09 17:11:43,1.05,0.4
2024-01-09 17:14:09,0.7,0.1
2024-01-09 17:16:41,0.9,0.2
2024-01-09 17:19:08,0.8,0.2
2024-01-09 17:21:34,0.77,0.1
2024-01-09 17:24:00,0.85,0.2
2024-01-09 17:26:26,1.1,0.2
2024-01-09 17:28:54,0.6,0.1
2024-01-09 17:31:20,1.13,0.32
2024-01-09 17:33:46,0.8,0.1
2024-01-09 17:36:12,0.77,0.1
2024-01-09 17:38:39,1.02,0.2
2024-01-09 17:41:05,0.7,0.1
2024-01-09 17:43:31,1.25,0.2
2024-01-09 17:45:57,1.0,0.2
2024-01-09 17:48:24,1.05,0.32
2024-01-09 17:50:50,0.88,0.2
2024-01-09 17:53:16,1.1,0.2
2024-01-09 17:55:42,1.55,0.73
2024-01-09 17:58:08,0.9,0.1
2024-01-09 18:00:34,1.58,0.73
2024-01-09 18:03:01,1.0,0.2
2024-01-09 18:05:27,0.77,0.1
2024-01-09 18:07:53,1.05,0.28
2024-01-09 18:10:19,0.95,0.2
2024-01-09 18:12:46,0.77,0.1
2024-01-09 18:15:12,1.33,0.7
2024-01-09 18:17:38,1.05,0.25
2024-01-09 18:20:06,1.0,0.2
2024-01-09 18:22:33,1.23,0.5
2024-01-09 18:24:59,1.13,0.4
2024-01-09 18:27:25,1.13,0.3
2024-01-09 18:29:51,1.33,0.6
2024-01-09 18:32:18,1.08,0.32
2024-01-09 18:34:47,1.02,0.2
2024-01-09 18:37:14,1.23,0.28
2024-01-09 18:39:40,1.27,0.4
2024-01-09 18:42:07,1.25,0.4
2024-01-09 18:44:33,1.0,0.2
2024-01-09 18:46:59,0.95,0.4
2024-01-09 18:49:25,0.82,0.1
2024-01-09 18:51:51,0.8,0.1
2024-01-09 18:54:18,1.17,0.38
2024-01-09 18:56:46,1.25,0.4
2024-01-09 18:59:13,1.6,0.68
2024-01-09 19:01:39,1.02,0.2
2024-01-09 19:04:06,0.98,0.3
2024-01-09 19:06:32,0.85,0.1
2024-01-09 19:08:59,1.25,0.68
2024-01-09 19:11:25,1.2,0.32
2024-01-09 19:13:54,1.05,0.22
2024-01-09 19:16:21,1.13,0.25
2024-01-09 19:18:47,0.98,0.3
2024-01-09 19:21:13,0.63,0.1
2024-01-09 19:23:40,0.9,0.1
2024-01-09 19:26:07,0.8,0.1
2024-01-09 19:28:33,0.9,0.2
2024-01-09 19:30:59,1.38,0.52
2024-01-09 19:33:26,0.7,0.1
2024-01-09 19:35:52,0.85,0.25
2024-01-09 19:38:18,0.68,0.1
2024-01-09 19:40:44,0.73,0.1
2024-01-09 19:43:10,1.35,0.68
2024-01-09 19:45:37,0.9,0.22
2024-01-09 19:48:03,0.77,0.15
2024-01-09 19:50:29,1.08,0.25
2024-01-09 19:52:56,0.73,0.1
2024-01-09 19:55:22,1.27,0.4
2024-01-09 19:57:48,0.7,0.1
2024-01-09 20:00:15,0.85,0.2
2024-01-09 20:02:41,0.75,0.15
2024-01-09 20:05:07,0.93,0.2
2024-01-09 20:07:35,0.9,0.17
2024-01-09 20:10:02,0.98,0.15
2024-01-09 20:12:30,1.38,0.55
2024-01-09 20:15:02,1.05,0.22
2024-01-09 20:17:28,1.23,0.3
2024-01-09 20:19:54,1.13,0.4
2024-01-09 20:22:23,1.52,0.82
2024-01-09 20:24:49,1.27,0.3
2024-01-09 20:27:15,1.2,0.4
2024-01-09 20:29:42,0.88,0.17
2024-01-09 20:32:13,1.5,0.68
2024-01-09 20:34:39,1.27,0.4
2024-01-09 20:37:05,0.75,0.1
2024-01-09 20:39:31,1.08,0.3
2024-01-09 20:41:57,0.8,0.2
2024-01-09 20:44:24,0.9,0.2
2024-01-09 20:46:51,1.15,0.35
2024-01-09 20:49:17,1.25,0.3
2024-01-09 20:51:43,0.98,0.13
2024-01-09 20:54:09,1.0,0.2
2024-01-09 20:56:36,1.13,0.43
2024-01-09 20:59:04,0.98,0.2
2024-01-09 21:01:32,1.08,0.4
2024-01-09 21:03:59,0.88,0.1
2024-01-09 21:06:29,1.02,0.25
2024-01-09 21:08:55,0.95,0.2
2024-01-09 21:11:21,0.6,0.1
2024-01-09 21:13:47,1.35,0.68
2024-01-09 21:16:13,1.23,0.3
2024-01-09 21:18:39,0.8,0.1
2024-01-09 21:21:06,0.73,0.1
2024-01-09 21:23:33,0.7,0.1
2024-01-09 21:25:59,1.35,0.28
2024-01-09 21:28:25,0.8,0.2
2024-01-09 21:30:51,0.7,0.1
2024-01-09 21:33:17,0.8,0.1
2024-01-09 21:35:43,0.88,0.1
2024-01-09 21:38:09,0.93,0.13
2024-01-09 21:40:36,0.6,0.1
2024-01-09 21:43:02,1.02,0.2
2024-01-09 21:45:28,1.1,0.38
2024-01-09 21:47:54,0.8,0.1
2024-01-09 21:50:21,1.13,0.2
2024-01-09 21:52:47,1.25,0.4
2024-01-09 21:55:13,1.0,0.2
2024-01-09 21:57:40,1.45,0.45
2024-01-09 22:00:06,1.08,0.25
2024-01-09 22:04:59,0.98,0.28
2024-01-09 22:07:25,1.4,0.75
2024-01-09 22:09:51,0.9,0.2
2024-01-09 22:12:17,0.52,0.1
2024-01-09 22:14:43,0.95,0.25
2024-01-09 22:17:10,0.98,0.2
2024-01-09 22:19:36,0.98,0.28
2024-01-09 22:22:03,1.17,0.3
2024-01-09 22:24:29,1.3,0.35
2024-01-09 22:26:56,1.05,0.4
2024-01-09 22:29:22,0.98,0.22
2024-01-09 22:31:48,0.8,0.15
2024-01-09 22:34:14,0.93,0.2
2024-01-09 22:36:40,1.13,0.38
2024-01-09 22:39:07,0.9,0.28
2024-01-09 22:41:33,1.05,0.2
2024-01-09 22:43:59,1.02,0.4
2024-01-09 22:46:25,0.9,0.2
2024-01-09 22:48:51,0.85,0.2
2024-01-09 22:51:17,0.8,0.1
2024-01-09 22:53:43,0.93,0.43
2024-01-09 22:56:09,1.15,0.35
2024-01-09 22:58:36,0.73,0.1
2024-01-09 23:01:02,0.85,0.1
2024-01-09 23:03:29,1.1,0.2
2024-01-09 23:05:58,1.17,0.45
2024-01-09 23:08:24,0.73,0.1
2024-01-09 23:10:50,1.15,0.35
2024-01-09 23:13:17,0.95,0.2
2024-01-09 23:15:43,1.02,0.2
2024-01-09 23:18:09,0.7,0.1
2024-01-09 23:20:35,1.1,0.32
2024-01-09 23:23:01,1.45,0.52
2024-01-09 23:25:28,1.05,0.5
2024-01-09 23:27:54,0.77,0.1
2024-01-09 23:30:20,0.98,0.17
2024-01-09 23:32:46,1.25,0.3
2024-01-09 23:35:12,1.05,0.2
2024-01-09 23:37:38,1.1,0.7
2024-01-09 23:40:05,1.08,0.2
2024-01-09 23:42:32,1.52,0.77
2024-01-09 23:44:58,1.13,0.3
2024-01-09 23:47:24,0.75,0.15
2024-01-09 23:49:50,1.05,0.2
2024-01-09 23:52:16,0.63,0.1
2024-01-09 23:54:43,1.08,0.3
2024-01-09 23:57:09,0.82,0.13
2024-01-09 23:59:35,1.27,0.45
2024-01-10 00:02:01,0.85,0.1
2024-01-10 00:04:28,1.15,0.2
2024-01-10 00:06:54,1.23,0.4
2024-01-10 00:09:20,1.08,0.22
2024-01-10 00:11:46,0.9,0.2
2024-01-10 00:14:12,0.93,0.28
2024-01-10 00:16:38,0.93,0.2
2024-01-10 00:19:04,0.8,0.1
2024-01-10 00:21:30,0.85,0.1
2024-01-10 00:23:57,0.77,0.1
2024-01-10 00:26:23,0.8,0.1
2024-01-10 00:28:49,1.23,0.38
2024-01-10 00:31:15,0.77,0.1
2024-01-10 00:33:42,1.1,0.2
2024-01-10 00:36:08,1.13,0.35
2024-01-10 00:38:34,1.55,0.65
2024-01-10 00:41:00,0.8,0.1
2024-01-10 00:43:26,0.73,0.1
2024-01-10 00:45:52,0.98,0.43
2024-01-10 00:48:18,0.7,0.1
2024-01-10 00:50:44,0.7,0.1
2024-01-10 00:53:10,0.73,0.1
2024-01-10 00:55:36,0.9,0.1
2024-01-10 00:58:02,0.68,0.1
2024-01-10 01:00:28,0.93,0.2
2024-01-10 01:02:55,1.05,0.3
2024-01-10 01:05:21,0.8,0.1
2024-01-10 01:07:47,0.9,0.17
2024-01-10 01:10:13,1.0,0.2
2024-01-10 01:12:39,0.8,0.2
2024-01-10 01:15:05,1.02,0.2
2024-01-10 01:17:31,0.82,0.13
2024-01-10 01:19:57,0.73,0.1
2024-01-10 01:22:24,1.08,0.55
2024-01-10 01:24:50,1.25,0.43
2024-01-10 01:27:16,0.88,0.1
2024-01-10 01:29:42,1.45,0.6
2024-01-10 01:32:08,0.88,0.22
2024-01-10 01:34:34,0.73,0.1
2024-01-10 01:37:01,0.98,0.17
2024-01-10 01:39:27,0.95,0.25
2024-01-10 01:41:53,1.35,0.63
2024-01-10 01:44:19,0.7,0.1
2024-01-10 01:46:45,0.7,0.1
2024-01-10 01:49:12,0.65,0.1
2024-01-10 01:51:38,0.7,0.1
2024-01-10 01:54:05,0.95,0.35
2024-01-10 01:56:33,0.8,0.1
2024-01-10 01:58:59,1.38,0.38
2024-01-10 02:01:25,1.15,0.5
2024-01-10 02:03:51,0.9,0.1
2024-01-10 02:06:18,0.8,0.1
2024-01-10 02:08:44,1.0,0.3
2024-01-10 02:11:10,1.05,0.22
2024-01-10 02:13:36,0.98,0.25
2024-01-10 02:16:03,1.1,0.22
2024-01-10 02:18:30,1.13,0.2
2024-01-10 02:20:56,0.8,0.3
2024-01-10 02:23:23,1.27,0.3
2024-01-10 02:25:49,0.73,0.1
2024-01-10 02:28:15,1.15,0.32
2024-01-10 02:30:41,0.82,0.1
2024-01-10 02:33:07,0.77,0.2
2024-01-10 02:35:33,1.02,0.22
2024-01-10 02:37:59,0.75,0.1
2024-01-10 02:40:25,0.7,0.1
2024-01-10 02:42:52,0.7,0.1
2024-01-10 02:45:18,0.8,0.1
2024-01-10 02:47:44,1.0,0.2
2024-01-10 02:50:11,1.52,1.08
2024-01-10 02:52:37,0.82,0.13
2024-01-10 02:55:03,0.68,0.1
2024-01-10 02:57:29,1.13,0.28
2024-01-10 02:59:55,0.73,0.1
2024-01-10 03:02:21,0.7,0.1
2024-01-10 03:04:48,0.73,0.1
2024-01-10 03:07:14,0.88,0.22
2024-01-10 03:09:40,0.82,0.15
2024-01-10 03:12:07,0.93,0.2
2024-01-10 03:14:33,0.9,0.13
2024-01-10 03:16:59,1.42,0.63
2024-01-10 03:19:25,1.1,0.25
2024-01-10 03:21:54,0.88,0.2
2024-01-10 03:24:20,1.08,0.25
2024-01-10 03:26:49,0.5,0.1
2024-01-10 03:29:15,0.7,0.1
2024-01-10 03:31:41,0.9,0.3
2024-01-10 03:34:07,1.0,0.45
2024-01-10 03:36:33,0.93,0.2
2024-01-10 03:38:59,0.98,0.2
2024-01-10 03:41:25,0.73,0.1
2024-01-10 03:43:51,1.05,0.2
2024-01-10 03:46:18,0.85,0.17
2024-01-10 03:48:44,1.0,0.2
2024-01-10 03:51:16,1.5,0.5
2024-01-10 03:53:43,1.05,0.4
2024-01-10 03:56:09,0.8,0.1
2024-01-10 03:58:36,0.88,0.13
2024-01-10 04:01:05,0.65,0.1
2024-01-10 04:03:32,0.98,0.2
2024-01-10 04:05:58,1.08,0.3
2024-01-10 04:08:24,1.15,0.3
2024-01-10 04:10:50,0.77,0.1
2024-01-10 04:13:16,0.82,0.2
2024-01-10 04:15:42,1.25,0.2
2024-01-10 04:18:08,1.2,0.68
2024-01-10 04:20:34,1.25,0.45
2024-01-10 04:23:00,1.1,0.2
2024-01-10 04:25:26,0.73,0.1
2024-01-10 04:27:52,1.23,0.38
2024-01-10 04:30:18,0.68,0.1
2024-01-10 04:32:44,1.1,0.2
2024-01-10 04:35:11,1.15,0.5
2024-01-10 04:37:37,0.88,0.2
2024-01-10 04:40:03,0.9,0.2
2024-01-10 04:42:30,0.98,0.2
2024-01-10 04:44:56,1.2,0.6
2024-01-10 04:47:22,0.98,0.2
2024-01-10 04:49:48,1.25,0.52
2024-01-10 04:52:14,0.7,0.1
2024-01-10 04:54:40,0.7,0.1
2024-01-10 04:57:06,0.73,0.13
2024-01-10 04:59:35,0.9,0.2
2024-01-10 05:02:01,0.77,0.1
2024-01-10 05:04:27,0.85,0.1
2024-01-10 05:06:53,0.9,0.1
2024-01-10 05:09:19,1.1,0.32
2024-01-10 05:11:45,0.9,0.1
2024-01-10 05:14:13,1.35,0.35
2024-01-10 05:16:39,0.7,0.1
2024-01-10 05:19:05,1.02,0.15
2024-01-10 05:21:32,0.9,0.1
2024-01-10 05:23:58,1.23,0.35
2024-01-10 05:26:24,1.0,0.2
2024-01-10 05:28:50,0.82,0.1
2024-01-10 05:31:16,0.75,0.1
2024-01-10 05:33:42,0.98,0.2
2024-01-10 05:36:09,0.9,0.17
2024-01-10 05:38:38,1.02,0.25
2024-01-10 05:41:07,1.17,0.3
2024-01-10 05:43:33,0.85,0.1
2024-01-10 05:45:59,0.88,0.2
2024-01-10 05:48:26,1.4,0.43
2024-01-10 05:50:52,1.0,0.17
2024-01-10 05:53:18,0.93,0.22
2024-01-10 05:55:44,0.9,0.1
2024-01-10 05:58:10,0.93,0.15
2024-01-10 06:00:36,0.77,0.1
2024-01-10 06:03:03,0.93,0.15
2024-01-10 06:05:29,1.13,0.3
2024-01-10 06:07:56,1.0,0.2
2024-01-10 06:10:23,1.0,0.2
2024-01-10 06:12:49,0.8,0.13
2024-01-10 06:15:15,0.8,0.2
2024-01-10 06:17:41,1.38,0.9
2024-01-10 06:20:08,1.0,0.2
2024-01-10 06:22:34,0.98,0.1
2024-01-10 06:25:00,1.05,0.22
2024-01-10 06:27:27,0.82,0.1
2024-01-10 06:29:53,0.88,0.22
2024-01-10 06:32:19,1.0,0.3
2024-01-10 06:34:45,0.8,0.65
2024-01-10 06:37:11,0.95,0.2
2024-01-10 06:39:37,1.42,0.25
2024-01-10 06:42:03,1.25,0.13
2024-01-10 06:44:31,1.1,0.6
2024-01-10 06:46:57,1.05,0.28
2024-01-10 06:49:23,1.4,0.6
2024-01-10 06:51:49,0.95,0.2
2024-01-10 06:54:15,1.02,0.22
2024-01-10 06:56:43,0.85,0.1
2024-01-10 06:59:09,0.5,0.1
2024-01-10 07:01:35,1.0,0.2
2024-01-10 07:04:02,1.0,0.2
2024-01-10 07:06:29,0.82,0.13
2024-01-10 07:08:56,0.82,0.2
2024-01-10 07:11:23,1.15,0.4
2024-01-10 07:13:51,1.02,0.2
2024-01-10 07:16:17,1.13,0.38
2024-01-10 07:18:43,1.08,0.52
2024-01-10 07:21:11,0.85,0.1
2024-01-10 07:23:37,1.05,0.2
2024-01-10 07:26:05,1.0,0.25
2024-01-10 07:28:31,0.7,0.1
2024-01-10 07:30:58,0.9,0.1
2024-01-10 07:33:27,0.9,0.1
2024-01-10 07:35:55,0.82,0.1
2024-01-10 07:38:22,0.85,0.1
2024-01-10 07:40:48,1.33,0.68
2024-01-10 07:43:14,1.13,0.22
2024-01-10 07:45:40,0.9,0.1
2024-01-10 07:48:06,0.93,0.17
2024-01-10 07:50:32,1.42,0.63
2024-01-10 07:52:58,1.25,0.35
2024-01-10 07:57:54,1.08,0.3
2024-01-10 08:00:20,0.93,0.2
2024-01-10 08:02:47,0.9,0.1
2024-01-10 08:05:15,0.8,0.1
2024-01-10 08:07:41,0.93,0.1
2024-01-10 08:10:07,0.98,0.2
2024-01-10 08:12:38,0.9,0.13
2024-01-10 08:15:05,0.68,0.1
2024-01-10 08:17:31,1.13,0.3
2024-01-10 08:19:58,1.17,0.2
2024-01-10 08:22:25,0.85,0.15
2024-01-10 08:24:51,1.0,0.2
2024-01-10 08:27:17,0.85,0.1
2024-01-10 08:29:43,0.73,0.1
2024-01-10 08:32:10,0.98,0.22
2024-01-10 08:34:36,1.27,0.3
2024-01-10 08:37:05,0.95,0.15
2024-01-10 08:39:31,1.08,0.2
2024-01-10 08:41:57,1.3,0.45
2024-01-10 08:44:24,0.75,0.1
2024-01-10 08:46:50,1.35,0.4
2024-01-10 08:49:16,0.73,0.1
2024-01-10 08:51:42,0.85,0.2
2024-01-10 08:54:09,0.88,0.1
2024-01-10 08:56:37,0.85,0.1
2024-01-10 08:59:03,0.88,0.2
2024-01-10 09:01:30,1.27,0.1
2024-01-10 09:03:56,0.98,0.2
2024-01-10 09:06:22,1.2,0.3
2024-01-10 09:08:48,0.9,0.1
2024-01-10 09:11:14,0.93,0.3
2024-01-10 09:13:40,1.08,0.2
2024-01-10 09:16:06,1.0,0.22
2024-01-10 09:18:32,1.08,0.3
2024-01-10 09:20:58,1.45,0.68
2024-01-10 09:23:24,1.17,0.57
2024-01-10 09:25:52,1.08,0.38
2024-01-10 09:28:18,0.9,0.1
2024-01-10 09:30:44,0.93,0.17
2024-01-10 09:33:10,0.7,0.1
2024-01-10 09:35:37,1.17,0.32
2024-01-10 09:38:03,1.48,0.6
2024-01-10 09:40:29,0.93,0.2
2024-01-10 09:42:55,1.27,0.4
2024-01-10 09:45:21,0.9,0.22
2024-01-10 09:47:52,0.93,0.2
2024-01-10 09:50:20,1.48,0.5
2024-01-10 09:55:22,0.8,0.1
2024-01-10 09:57:48,1.13,0.2
2024-01-10 10:00:15,0.8,0.2
2024-01-10 10:02:41,1.38,0.75
2024-01-10 10:05:09,1.4,0.82
2024-01-10 10:07:48,0.93,0.22
2024-01-10 10:10:15,1.42,0.52
2024-01-10 10:12:44,1.17,0.4
2024-01-10 10:15:11,1.8,1.4
2024-01-10 10:17:38,1.08,0.22
2024-01-10 10:20:11,1.05,0.2
2024-01-10 10:25:04,1.48,0.55
2024-01-10 10:27:30,1.5,0.95
2024-01-10 10:29:57,0.85,0.1
2024-01-10 10:32:23,0.88,0.1
2024-01-10 10:34:49,1.13,0.2
2024-01-10 10:37:15,1.13,0.28
2024-01-10 10:39:41,1.13,0.38
2024-01-10 10:42:07,1.02,0.28
2024-01-10 10:44:33,1.25,0.3
2024-01-10 10:47:04,1.15,0.52
2024-01-10 10:49:31,0.88,0.2
2024-01-10 10:51:58,0.9,0.1
2024-01-10 10:54:27,1.27,0.43
2024-01-10 10:56:55,1.15,0.3
2024-01-10 10:59:24,1.05,0.2
2024-01-10 11:01:51,1.4,0.85
2024-01-10 11:04:17,1.33,0.4
2024-01-10 11:06:44,1.3,0.4
2024-01-10 11:09:10,1.13,0.3
2024-01-10 11:14:16,1.05,0.22
2024-01-10 11:16:49,0.85,0.15
2024-01-10 11:24:43,1.2,0.4
2024-01-10 11:27:13,1.27,0.3
2024-01-10 11:29:40,1.27,0.3
2024-01-10 11:32:16,1.08,0.22
2024-01-10 11:34:58,0.9,0.2
2024-01-10 11:37:43,1.1,0.22
2024-01-10 11:42:40,0.85,0.2
2024-01-10 11:45:07,1.02,0.2
2024-01-10 11:47:33,0.98,0.3
2024-01-10 11:50:01,1.05,0.38
2024-01-10 11:52:34,0.68,0.1
2024-01-10 11:55:00,1.25,0.47
2024-01-10 11:57:27,1.08,0.5
2024-01-10 11:59:54,1.0,0.3
2024-01-10 12:02:21,1.0,0.25
2024-01-10 12:04:48,0.82,0.1
2024-01-10 12:07:15,1.23,0.3
2024-01-10 12:09:41,1.33,0.55
2024-01-10 12:12:08,1.0,0.2
2024-01-10 12:14:36,1.25,0.2
2024-01-10 12:17:02,1.52,0.8
2024-01-10 12:19:29,1.2,0.57
2024-01-10 12:21:55,1.3,0.55
2024-01-10 12:24:21,0.98,0.17
2024-01-10 12:26:48,0.98,0.1
2024-01-10 12:29:19,1.1,0.55
2024-01-10 12:31:45,1.15,0.5
2024-01-10 12:34:11,1.17,0.52
2024-01-10 12:39:05,0.8,0.1
2024-01-10 12:41:32,1.13,0.28
2024-01-10 12:43:58,0.93,0.25
2024-01-10 12:46:27,0.77,0.1
2024-01-10 12:51:26,1.15,0.6
2024-01-10 12:53:53,0.98,0.2
2024-01-10 12:56:19,1.33,0.57
2024-01-10 12:58:45,1.27,0.82
2024-01-10 13:01:11,1.05,0.28
2024-01-10 13:03:37,0.73,0.17
2024-01-10 13:06:04,1.02,0.22
2024-01-10 13:08:30,0.8,0.1
2024-01-10 13:10:59,0.93,0.22
2024-01-10 13:13:25,0.85,0.17
2024-01-10 13:15:52,1.08,0.22
2024-01-10 13:18:18,1.1,0.28
2024-01-10 13:20:44,0.8,0.1
2024-01-10 13:23:11,1.1,0.38
2024-01-10 13:25:37,1.17,0.3
2024-01-10 13:28:06,1.05,0.3
2024-01-10 13:30:32,1.08,0.32
2024-01-10 13:32:58,1.17,0.3
2024-01-10 13:35:25,0.9,0.2
2024-01-10 13:37:51,1.45,0.5
2024-01-10 13:40:17,1.33,0.32
2024-01-10 13:42:45,0.82,0.13
2024-01-10 13:45:11,1.23,0.3
2024-01-10 13:47:37,1.13,0.3
2024-01-10 13:50:04,1.15,0.47
2024-01-10 13:52:31,1.17,0.3
2024-01-10 13:54:57,1.02,0.2
2024-01-10 13:57:23,1.33,0.57
2024-01-10 13:59:49,1.1,0.22
2024-01-10 14:02:15,0.98,0.2
2024-01-10 14:04:44,1.05,0.2
2024-01-10 14:07:10,1.3,0.32
2024-01-10 14:09:36,1.15,0.25
2024-01-10 14:12:02,1.05,0.2
2024-01-10 14:14:29,1.2,0.35
2024-01-10 14:16:57,1.4,0.75
2024-01-10 14:19:23,1.05,0.22
2024-01-10 14:21:50,0.88,0.15
2024-01-10 14:24:16,1.4,0.88
2024-01-10 14:26:42,1.08,0.25
2024-01-10 14:29:09,0.9,0.1
2024-01-10 14:31:35,1.1,0.3
2024-01-10 14:34:01,0.7,0.1
2024-01-10 14:36:28,1.17,0.25
2024-01-10 14:38:54,1.5,0.65
2024-01-10 14:41:20,0.98,0.22
2024-01-10 14:43:46,1.15,0.35
2024-01-10 14:46:12,0.93,0.2
2024-01-10 14:48:39,1.0,0.32
2024-01-10 14:51:05,1.33,0.32
2024-01-10 14:53:31,0.7,0.1
2024-01-10 14:55:57,1.02,0.22
2024-01-10 14:58:23,1.27,0.25
2024-01-10 15:00:49,0.73,0.15
2024-01-10 15:03:15,0.93,0.13
2024-01-10 15:05:41,1.45,0.4
2024-01-10 15:08:08,1.27,0.3
2024-01-10 15:10:36,1.63,0.3
2024-01-10 15:13:08,0.93,0.2
2024-01-10 15:15:34,1.13,0.22
2024-01-10 15:18:00,0.85,0.13
2024-01-10 15:20:26,0.8,0.1
2024-01-10 15:22:52,1.13,0.47
2024-01-10 15:25:18,1.75,0.57
2024-01-10 15:27:44,1.35,0.43
2024-01-10 15:30:10,1.08,0.25
2024-01-10 15:32:36,0.95,0.2
2024-01-10 15:35:03,1.3,0.52
2024-01-10 15:37:29,1.27,0.25
2024-01-10 15:39:55,1.2,0.4
2024-01-10 15:42:22,1.3,0.2
2024-01-10 15:44:48,0.9,0.1
2024-01-10 15:47:14,1.13,0.32
2024-01-10 15:49:41,1.13,0.25
2024-01-10 15:52:07,0.8,0.1
2024-01-10 15:54:33,1.05,0.1
2024-01-10 15:57:05,1.02,0.2
2024-01-10 15:59:31,0.88,0.13
2024-01-10 16:01:58,0.85,0.1
2024-01-10 16:04:24,1.3,0.43
2024-01-10 16:06:50,1.08,0.32
2024-01-10 16:09:16,1.2,0.25
2024-01-10 16:11:42,1.05,0.2
2024-01-10 16:14:09,0.95,0.13
2024-01-10 16:16:35,1.23,0.32
2024-01-10 16:19:02,1.33,0.4
2024-01-10 16:21:31,0.95,0.2
2024-01-10 16:23:57,0.98,0.1
2024-01-10 16:26:23,1.15,0.45
2024-01-10 16:28:49,0.9,0.2
2024-01-10 16:31:16,1.35,0.3
2024-01-10 16:33:42,1.17,0.28
2024-01-10 16:36:08,1.25,0.4
2024-01-10 16:38:34,1.0,0.3
2024-01-10 16:41:00,0.82,0.28
2024-01-10 16:43:26,1.13,0.3
2024-01-10 16:45:52,1.08,0.28
2024-01-10 16:48:19,1.7,0.4
2024-01-10 16:50:45,1.27,0.5
2024-01-10 16:53:11,1.52,0.68
2024-01-10 16:55:37,0.75,0.1
2024-01-10 16:58:03,1.3,0.47
2024-01-10 17:00:29,1.27,0.47
2024-01-10 17:02:55,1.0,0.15
2024-01-10 17:05:23,0.75,0.1
2024-01-10 17:07:49,1.42,0.52
2024-01-10 17:10:16,1.9,0.35
2024-01-10 17:12:42,1.45,0.3
2024-01-10 17:15:08,0.85,0.1
2024-01-10 17:17:34,1.23,0.3
2024-01-10 17:20:01,1.6,0.68
2024-01-10 17:22:28,1.45,0.45
2024-01-10 17:24:54,0.98,0.22
2024-01-10 17:27:20,0.82,0.1
2024-01-10 17:29:46,1.02,0.3
2024-01-10 17:32:12,1.1,0.1
2024-01-10 17:34:39,1.02,0.28
2024-01-10 17:37:05,1.1,0.2
2024-01-10 17:39:31,1.15,0.32
2024-01-10 17:41:57,0.88,0.13
2024-01-10 17:44:23,1.58,0.5
2024-01-10 17:46:49,0.6,0.1
2024-01-10 17:49:15,1.55,0.65
2024-01-10 17:51:42,1.27,0.2
2024-01-10 17:54:08,1.13,0.38
2024-01-10 17:56:34,0.9,0.2
2024-01-10 17:59:00,1.08,0.3
2024-01-10 18:01:27,1.05,0.32
2024-01-10 18:03:53,1.25,0.4
2024-01-10 18:06:19,1.42,0.3
2024-01-10 18:08:46,1.42,0.4
2024-01-10 18:11:12,1.55,0.3
2024-01-10 18:13:38,1.35,0.4
2024-01-10 18:16:04,1.38,0.4
2024-01-10 18:18:30,1.15,0.17
2024-01-10 18:20:59,1.23,0.38
2024-01-10 18:23:27,0.8,0.1
2024-01-10 18:25:55,1.27,0.22
2024-01-10 18:28:22,1.3,0.57
2024-01-10 18:30:48,0.85,0.1
2024-01-10 18:33:16,0.73,0.1
2024-01-10 18:35:43,1.1,0.32
2024-01-10 18:38:09,1.13,0.2
2024-01-10 18:40:37,3.0,0.93
2024-01-10 18:43:04,1.25,0.28
2024-01-10 18:45:30,1.1,0.2
2024-01-10 18:47:57,1.02,0.2
2024-01-10 18:50:23,1.15,0.38
2024-01-10 18:52:49,1.13,0.55
2024-01-10 18:55:15,0.8,0.1
2024-01-10 18:57:41,1.6,0.43
2024-01-10 19:00:08,0.82,0.2
2024-01-10 19:02:36,1.33,0.3
2024-01-10 19:05:03,1.2,0.2
2024-01-10 19:07:29,1.1,0.32
2024-01-10 19:09:55,1.48,0.55
2024-01-10 19:12:21,1.25,0.55
2024-01-10 19:14:47,1.13,0.3
2024-01-10 19:17:13,1.25,0.75
2024-01-10 19:19:39,0.95,0.2
2024-01-10 19:22:05,1.08,0.25
2024-01-10 19:24:32,1.67,0.4
2024-01-10 19:26:58,1.05,0.3
2024-01-10 19:29:24,1.2,0.47
2024-01-10 19:31:50,1.13,0.25
2024-01-10 19:34:16,1.2,0.25
2024-01-10 19:36:42,0.95,0.1
2024-01-10 19:39:09,1.7,0.28
2024-01-10 19:41:35,1.13,0.3
2024-01-10 19:44:01,1.23,0.22
2024-01-10 19:46:27,1.23,0.3
2024-01-10 19:48:53,0.98,0.2
2024-01-10 19:51:19,1.1,0.2
2024-01-10 19:53:45,0.98,0.2
2024-01-10 19:56:15,1.2,0.4
2024-01-10 19:58:41,0.88,0.1
2024-01-10 20:01:07,1.27,0.3
2024-01-10 20:03:34,1.35,0.25
2024-01-10 20:06:00,1.25,0.38
2024-01-10 20:08:26,1.17,0.25
2024-01-10 20:10:52,0.98,0.2
2024-01-10 20:13:18,1.1,0.2
2024-01-10 20:15:45,1.27,0.22
2024-01-10 20:18:11,1.15,0.32
2024-01-10 20:20:37,1.2,0.22
2024-01-10 20:23:03,1.4,0.73
2024-01-10 20:25:29,1.27,0.28
2024-01-10 20:27:56,1.35,0.4
2024-01-10 20:30:22,1.08,0.2
2024-01-10 20:32:48,0.98,0.22
2024-01-10 20:35:15,1.2,0.43
2024-01-10 20:37:41,1.27,0.65
2024-01-10 20:40:07,1.6,0.85
2024-01-10 20:42:34,1.08,0.3
2024-01-10 20:45:00,1.13,0.35
2024-01-10 20:47:28,0.95,0.2
2024-01-10 20:49:57,1.02,0.2
2024-01-10 20:52:26,1.08,0.3
2024-01-10 20:54:53,1.05,0.2
2024-01-10 20:57:19,1.0,0.1
2024-01-10 20:59:46,1.17,0.22
2024-01-10 21:02:13,1.4,0.65
2024-01-10 21:04:39,1.0,0.28
2024-01-10 21:07:05,0.9,0.15
2024-01-10 21:09:37,1.08,0.28
2024-01-10 21:12:06,1.3,0.4
2024-01-10 21:14:33,1.27,0.3
2024-01-10 21:16:59,0.82,0.13
2024-01-10 21:19:25,1.02,0.32
2024-01-10 21:21:52,0.9,0.13
2024-01-10 21:24:19,1.02,0.3
2024-01-10 21:26:50,1.0,0.2
2024-01-10 21:29:16,1.25,0.25
2024-01-10 21:31:42,1.2,0.47
2024-01-10 21:34:08,1.35,0.35
2024-01-10 21:36:34,1.2,0.5
2024-01-10 21:39:00,1.52,1.35
2024-01-10 21:41:26,0.75,0.1
2024-01-10 21:43:53,0.98,0.17
2024-01-10 21:46:25,1.27,0.2
2024-01-10 21:48:51,1.13,0.2
2024-01-10 21:51:18,1.13,0.3
2024-01-10 21:53:44,1.6,0.5
2024-01-10 21:56:11,1.08,0.2
2024-01-10 21:58:37,1.45,0.2
2024-01-10 22:01:03,1.38,0.65
2024-01-10 22:03:31,1.02,0.13
2024-01-10 22:05:57,1.23,0.38
2024-01-10 22:08:23,1.33,0.32
2024-01-10 22:10:49,1.27,0.6
2024-01-10 22:13:15,1.3,0.22
2024-01-10 22:15:41,0.93,0.13
2024-01-10 22:18:07,0.95,0.2
2024-01-10 22:20:34,1.38,0.45
2024-01-10 22:23:00,1.55,0.65
2024-01-10 22:25:26,1.13,0.5
2024-01-10 22:27:52,0.98,0.17
2024-01-10 22:30:18,1.2,0.3
2024-01-10 22:32:45,0.95,0.2
2024-01-10 22:35:12,1.2,0.3
2024-01-10 22:37:38,1.42,0.47
2024-01-10 22:40:04,0.82,0.1
2024-01-10 22:42:30,1.5,0.95
2024-01-10 22:44:56,1.27,0.3
2024-01-10 22:47:22,1.02,0.25
2024-01-10 22:49:48,1.38,0.43
2024-01-10 22:52:15,0.88,0.1
2024-01-10 22:54:41,0.82,0.1
2024-01-10 22:57:07,0.85,0.15
2024-01-10 22:59:33,0.85,0.1
2024-01-10 23:01:59,1.45,0.45
2024-01-10 23:04:26,1.23,0.4
2024-01-10 23:06:52,1.55,0.3
2024-01-10 23:09:18,0.85,0.1
2024-01-10 23:11:44,1.27,0.43
2024-01-10 23:14:13,1.25,0.35
2024-01-10 23:16:39,1.08,0.2
2024-01-10 23:19:05,1.02,0.1
2024-01-10 23:21:31,0.88,0.1
2024-01-10 23:23:59,1.2,0.63
2024-01-10 23:26:27,1.15,0.2
2024-01-10 23:28:53,0.82,0.13
2024-01-10 23:31:20,1.48,0.3
2024-01-10 23:33:46,1.0,0.2
2024-01-10 23:36:12,1.1,0.4
2024-01-10 23:38:38,1.08,0.55
2024-01-10 23:41:04,1.05,0.45
2024-01-10 23:43:31,1.25,0.45
2024-01-10 23:45:57,1.13,0.2
2024-01-10 23:48:23,1.15,0.28
2024-01-10 23:50:49,0.9,0.2
2024-01-10 23:53:15,1.13,0.3
2024-01-10 23:55:41,1.17,0.4
2024-01-10 23:58:07,0.77,0.1
2024-01-11 00:00:34,1.17,0.3
2024-01-11 00:03:00,1.17,0.22
2024-01-11 00:05:26,0.9,0.2
2024-01-11 00:07:52,1.1,0.2
2024-01-11 00:10:19,1.33,0.1
2024-01-11 00:12:45,1.73,0.3
2024-01-11 00:15:11,1.27,0.4
2024-01-11 00:17:37,0.9,0.1
2024-01-11 00:20:03,0.65,0.1
2024-01-11 00:22:30,1.33,0.2
2024-01-11 00:24:57,1.27,0.3
2024-01-11 00:27:23,0.95,0.2
2024-01-11 00:29:49,1.38,0.43
2024-01-11 00:32:17,1.0,0.2
2024-01-11 00:34:43,1.02,0.22
2024-01-11 00:37:09,0.98,0.22
2024-01-11 00:39:35,1.02,0.22
2024-01-11 00:42:01,0.85,0.1
2024-01-11 00:44:27,0.8,0.1
2024-01-11 00:46:53,0.73,0.1
2024-01-11 00:49:20,0.8,0.1
2024-01-11 00:51:46,1.0,0.2
2024-01-11 00:54:12,0.75,0.1
2024-01-11 00:56:38,1.08,0.2
2024-01-11 00:59:04,1.3,0.4
2024-01-11 01:01:30,1.05,0.25
2024-01-11 01:03:57,0.77,0.1
2024-01-11 01:06:23,0.8,0.1
2024-01-11 01:08:49,0.85,0.1
2024-01-11 01:11:15,1.2,0.3
2024-01-11 01:13:41,0.9,0.1
2024-01-11 01:16:07,0.95,0.17
2024-01-11 01:18:33,0.8,0.1
2024-01-11 01:20:59,1.08,0.28
2024-01-11 01:23:26,0.95,0.15
2024-01-11 01:25:52,0.7,0.1
2024-01-11 01:28:18,1.25,0.3
2024-01-11 01:30:44,1.3,0.75
2024-01-11 01:33:10,1.0,0.3
2024-01-11 01:35:36,1.2,0.2
2024-01-11 01:38:02,1.1,0.22
2024-01-11 01:40:29,1.1,0.38
2024-01-11 01:43:00,1.0,0.2
2024-01-11 01:45:26,1.1,0.2
2024-01-11 01:47:52,1.38,0.5
2024-01-11 01:50:19,1.23,0.43
2024-01-11 01:52:46,1.13,0.3
2024-01-11 01:55:12,0.95,0.2
2024-01-11 01:57:41,0.85,0.1
2024-01-11 02:00:08,1.3,0.47
2024-01-11 02:02:36,1.02,0.2
2024-01-11 02:05:03,1.05,0.25
2024-01-11 02:07:30,0.7,0.1
2024-01-11 02:09:56,1.27,0.38
2024-01-11 02:12:23,1.3,0.3
2024-01-11 02:14:49,1.05,0.35
2024-01-11 02:17:16,0.82,0.1
2024-01-11 02:19:42,1.0,0.2
2024-01-11 02:22:10,0.98,0.47
2024-01-11 02:24:38,0.95,0.15
2024-01-11 02:27:04,1.02,0.32
2024-01-11 02:29:30,1.2,0.73
2024-01-11 02:31:57,1.15,0.4
2024-01-11 02:34:24,1.15,0.28
2024-01-11 02:36:52,1.3,0.47
2024-01-11 02:39:18,1.35,0.45
2024-01-11 02:41:44,1.02,0.2
2024-01-11 02:44:11,1.17,0.4
2024-01-11 02:46:37,1.0,0.2
2024-01-11 02:49:03,0.98,0.17
2024-01-11 02:51:29,0.88,0.1
2024-01-11 02:53:55,0.75,0.2
2024-01-11 02:56:22,0.95,0.17
2024-01-11 02:58:49,0.82,0.1
2024-01-11 03:01:15,1.02,0.22
2024-01-11 03:03:41,0.85,0.2
2024-01-11 03:06:07,1.15,0.3
2024-01-11 03:08:33,1.1,0.3
2024-01-11 03:10:59,1.35,0.52
2024-01-11 03:13:25,1.25,0.25
2024-01-11 03:15:51,1.35,0.75
2024-01-11 03:18:17,1.0,0.2
2024-01-11 03:20:43,1.25,0.5
2024-01-11 03:23:09,1.08,0.2
2024-01-11 03:25:35,1.5,0.5
2024-01-11 03:28:01,1.08,0.22
2024-01-11 03:30:28,1.1,0.2
2024-01-11 03:32:54,1.33,0.35
2024-01-11 03:35:20,1.45,0.32
2024-01-11 03:37:46,1.15,0.32
2024-01-11 03:40:12,1.23,0.45
2024-01-11 03:42:39,1.0,0.2
2024-01-11 03:45:05,1.02,0.22
2024-01-11 03:47:31,0.98,0.3
2024-01-11 03:49:57,1.08,0.22
2024-01-11 03:52:23,1.0,0.28
2024-01-11 03:54:50,1.27,0.3
2024-01-11 03:57:16,1.38,0.45
2024-01-11 03:59:42,1.17,0.3
2024-01-11 04:02:09,0.93,0.13
2024-01-11 04:04:35,0.85,0.1
2024-01-11 04:07:01,1.1,0.3
2024-01-11 04:09:27,0.93,0.13
2024-01-11 04:11:53,1.17,0.22
2024-01-11 04:14:19,1.05,0.2
2024-01-11 04:16:45,0.9,0.13
2024-01-11 04:19:11,1.35,0.6
2024-01-11 04:21:37,1.33,0.38
2024-01-11 04:24:04,1.05,0.35
2024-01-11 04:26:34,1.17,0.5
2024-01-11 04:29:00,1.1,0.3
2024-01-11 04:31:26,0.95,0.15
2024-01-11 04:33:52,1.75,1.48
2024-01-11 04:36:18,1.17,0.3
2024-01-11 04:38:45,1.08,0.2
2024-01-11 04:41:11,0.98,0.13
2024-01-11 04:43:37,0.93,0.2
2024-01-11 04:46:16,1.27,0.3
2024-01-11 04:48:42,1.1,0.3
2024-01-11 04:51:09,1.27,0.28
2024-01-11 04:53:36,0.9,0.22
2024-01-11 04:56:03,0.93,0.13
2024-01-11 04:58:29,0.93,0.1
2024-01-11 05:00:55,0.95,0.2
2024-01-11 05:03:21,1.65,0.55
2024-01-11 05:05:47,1.4,0.4
2024-01-11 05:08:13,1.3,0.3
2024-01-11 05:10:39,0.98,0.2
2024-01-11 05:13:05,1.0,0.2
2024-01-11 05:15:31,0.93,0.22
2024-01-11 05:17:58,0.88,0.1
2024-01-11 05:20:24,1.13,0.2
2024-01-11 05:22:50,1.08,0.35
2024-01-11 05:25:16,0.7,0.1
2024-01-11 05:27:42,1.17,0.35
2024-01-11 05:30:08,0.95,0.15
2024-01-11 05:32:35,1.02,0.2
2024-01-11 05:35:01,0.98,0.17
2024-01-11 05:37:27,1.1,0.45
2024-01-11 05:39:53,1.13,0.3
2024-01-11 05:42:22,1.1,0.3
2024-01-11 05:44:48,0.9,0.1
2024-01-11 05:47:14,1.13,0.32
2024-01-11 05:49:40,0.68,0.1
2024-01-11 05:52:06,1.13,0.32
2024-01-11 05:54:33,1.15,0.25
2024-01-11 05:56:59,0.85,0.2
2024-01-11 05:59:25,0.98,0.2
2024-01-11 06:01:51,0.9,0.25
2024-01-11 06:04:17,1.15,0.3
2024-01-11 06:06:43,0.93,0.25
2024-01-11 06:09:09,1.13,0.3
2024-01-11 06:11:35,1.33,0.2
2024-01-11 06:14:02,0.93,0.13
2024-01-11 06:16:28,0.7,0.1
2024-01-11 06:18:54,1.05,0.2
2024-01-11 06:21:20,1.33,0.4
2024-01-11 06:23:46,1.55,0.7
2024-01-11 06:26:14,0.77,0.1
2024-01-11 06:28:40,1.15,0.3
2024-01-11 06:31:06,0.7,0.1
2024-01-11 06:33:32,1.63,1.08
2024-01-11 06:36:01,1.45,0.5
2024-01-11 06:38:28,0.9,0.1
2024-01-11 06:40:54,0.9,0.1
2024-01-11 06:43:20,1.15,0.32
2024-01-11 06:45:46,1.05,0.65
2024-01-11 06:48:12,1.15,0.2
2024-01-11 06:50:38,1.08,0.22
2024-01-11 06:53:04,1.13,0.3
2024-01-11 06:55:30,0.93,0.2
2024-01-11 06:57:56,0.68,0.1
2024-01-11 07:00:23,1.15,0.2
2024-01-11 07:02:49,0.8,0.2
2024-01-11 07:05:15,1.25,0.4
2024-01-11 07:07:41,0.9,0.1
2024-01-11 07:10:07,0.85,0.1
2024-01-11 07:12:33,1.27,0.47
2024-01-11 07:15:00,0.95,0.15
2024-01-11 07:17:26,0.93,0.3
2024-01-11 07:19:52,0.68,0.1
2024-01-11 07:22:18,0.85,0.13
2024-01-11 07:24:44,0.95,0.22
2024-01-11 07:27:10,1.02,0.22
2024-01-11 07:29:36,0.95,0.2
2024-01-11 07:32:02,1.05,0.2
2024-01-11 07:34:32,1.23,0.3
2024-01-11 07:36:58,1.05,0.2
2024-01-11 07:39:24,1.0,0.2
2024-01-11 07:41:50,1.0,0.2
2024-01-11 07:44:17,1.2,0.35
2024-01-11 07:46:44,1.1,0.2
2024-01-11 07:49:10,1.05,0.3
2024-01-11 07:51:36,1.23,0.35
2024-01-11 07:54:02,0.93,0.17
2024-01-11 07:56:28,0.9,0.2
2024-01-11 07:58:55,1.23,0.4
2024-01-11 08:01:21,1.0,0.15
2024-01-11 08:03:47,1.23,0.2
2024-01-11 08:06:16,0.7,0.1
2024-01-11 08:08:43,1.23,0.43
2024-01-11 08:11:09,1.02,0.35
2024-01-11 08:13:37,0.9,0.2
2024-01-11 08:16:03,0.82,0.13
2024-01-11 08:18:33,1.52,1.0
2024-01-11 08:20:59,1.13,0.32
2024-01-11 08:23:25,0.9,0.2
2024-01-11 08:25:51,0.9,0.2
2024-01-11 08:28:20,1.27,0.4
2024-01-11 08:30:47,1.27,0.38
2024-01-11 08:33:13,1.15,0.35
2024-01-11 08:35:39,1.27,0.45
2024-01-11 08:38:06,1.2,0.52
2024-01-11 08:40:32,1.17,0.3
2024-01-11 08:42:59,1.2,0.2
2024-01-11 08:45:25,0.9,0.22
2024-01-11 08:47:51,1.25,0.6
2024-01-11 08:50:17,1.13,0.3
2024-01-11 08:52:43,1.15,0.4
2024-01-11 08:55:09,1.35,0.82
2024-01-11 08:57:37,1.13,0.2
2024-01-11 09:00:04,1.33,0.35
2024-01-11 09:02:34,1.05,0.3
2024-01-11 09:05:00,0.98,0.2
2024-01-11 09:07:27,1.35,0.55
2024-01-11 09:09:53,1.0,0.13
2024-01-11 09:12:19,1.17,0.55
2024-01-11 09:14:46,1.17,0.2
2024-01-11 09:17:13,0.95,0.28
2024-01-11 09:19:39,1.25,0.4
2024-01-11 09:22:05,1.42,0.73
2024-01-11 09:24:35,0.9,0.1
2024-01-11 09:27:01,0.85,0.2
2024-01-11 09:29:29,1.0,0.2
2024-01-11 09:31:55,1.0,0.2
2024-01-11 09:34:21,1.25,0.2
2024-01-11 09:36:47,0.95,0.17
2024-01-11 09:39:13,1.05,0.22
2024-01-11 09:41:41,1.15,0.2
2024-01-11 09:44:11,1.05,0.3
2024-01-11 09:46:38,1.0,0.3
2024-01-11 09:49:04,1.38,0.43
2024-01-11 09:51:30,1.35,0.4
2024-01-11 09:53:58,1.08,0.25
2024-01-11 09:56:25,1.1,0.2
2024-01-11 09:58:52,1.5,0.57
2024-01-11 10:01:20,1.1,0.2
2024-01-11 10:03:47,0.95,0.25
2024-01-11 10:06:13,1.1,0.32
2024-01-11 10:08:40,1.15,0.38
2024-01-11 10:11:07,1.1,0.25
2024-01-11 10:13:33,1.17,0.35
2024-01-11 10:18:33,0.9,0.2
2024-01-11 10:20:59,1.0,0.25
2024-01-11 10:23:25,1.2,0.45
2024-01-11 10:25:54,0.95,0.2
2024-01-11 10:28:20,0.68,0.1
2024-01-11 10:30:47,1.3,0.22
2024-01-11 10:33:13,2.05,0.4
2024-01-11 10:35:39,1.0,0.2
2024-01-11 10:38:07,0.8,0.1
2024-01-11 10:40:35,0.75,0.2
2024-01-11 10:43:02,1.55,0.35
2024-01-11 10:45:28,1.13,0.3
2024-01-11 10:48:17,0.88,0.1
2024-01-11 10:50:46,1.3,0.17
2024-01-11 10:55:40,1.17,0.3
2024-01-11 10:58:07,0.98,0.25
2024-01-11 11:00:34,1.52,0.98
2024-01-11 11:03:00,0.85,0.1
2024-01-11 11:08:00,1.25,0.43
2024-01-11 11:10:27,1.17,0.43
2024-01-11 11:15:23,1.08,0.3
2024-01-11 11:17:49,1.33,0.32
2024-01-11 11:20:17,1.38,0.38
2024-01-11 11:22:47,1.13,0.3
2024-01-11 11:25:26,0.85,0.1
2024-01-11 11:27:53,1.02,0.2
2024-01-11 11:30:21,1.02,0.2
2024-01-11 11:32:47,1.2,0.3
2024-01-11 11:35:13,1.27,0.4
2024-01-11 11:37:39,1.27,0.3
2024-01-11 11:40:06,1.48,0.52
2024-01-11 11:42:33,0.9,0.25
2024-01-11 11:45:00,0.93,0.22
2024-01-11 11:47:32,0.73,0.1
2024-01-11 11:52:25,1.55,0.45
2024-01-11 11:54:51,1.7,0.65
2024-01-11 11:57:18,1.27,0.4
2024-01-11 11:59:45,1.33,0.3
2024-01-11 12:02:11,1.33,0.65
2024-01-11 12:04:46,1.17,0.3
2024-01-11 12:07:13,0.85,0.1
2024-01-11 12:09:40,0.88,0.13
2024-01-11 12:12:06,1.0,0.28
2024-01-11 12:14:33,0.98,0.35
2024-01-11 12:16:59,0.73,0.13
2024-01-11 12:19:25,0.98,0.35
2024-01-11 12:21:52,1.05,0.38
2024-01-11 12:24:20,1.08,0.25
2024-01-11 12:26:49,0.7,0.1
2024-01-11 12:29:19,1.25,0.38
2024-01-11 12:31:45,1.27,0.5
2024-01-11 12:34:11,0.95,0.15
2024-01-11 12:36:38,1.35,0.6
2024-01-11 12:39:04,0.88,0.1
2024-01-11 12:41:32,0.73,0.1
2024-01-11 12:43:58,1.15,0.2
2024-01-11 12:46:24,1.42,0.52
2024-01-11 12:48:50,0.77,0.1
2024-01-11 12:51:17,0.9,0.1
2024-01-11 12:53:51,0.77,0.1
2024-01-11 12:56:18,1.23,0.28
2024-01-11 12:58:46,0.98,0.13
2024-01-11 13:01:12,1.1,0.25
2024-01-11 13:03:40,0.98,0.22
2024-01-11 13:06:09,1.33,0.35
2024-01-11 13:11:05,1.08,0.28
2024-01-11 13:13:35,1.4,0.75
2024-01-11 13:16:01,1.15,0.2
2024-01-11 13:18:33,1.0,0.52
2024-01-11 13:20:59,1.52,0.5
2024-01-11 13:23:34,1.15,0.2
2024-01-11 13:26:02,1.17,0.3
2024-01-11 13:28:29,0.88,0.1
2024-01-11 13:30:55,1.0,0.2
2024-01-11 13:33:22,1.17,0.2
2024-01-11 13:35:48,1.25,0.35
2024-01-11 13:38:15,1.17,0.55
2024-01-11 13:40:41,1.23,0.3
2024-01-11 13:43:08,1.25,0.43
2024-01-11 13:45:35,1.1,0.35
2024-01-11 13:48:02,1.23,0.73
2024-01-11 13:50:28,0.8,0.1
2024-01-11 13:52:54,0.73,0.1
2024-01-11 13:55:20,1.2,0.3
2024-01-11 13:57:47,1.15,0.2
2024-01-11 14:00:13,0.68,0.1
2024-01-11 14:02:39,0.98,0.2
2024-01-11 14:05:10,0.98,0.1
2024-01-11 14:07:38,1.58,0.22
2024-01-11 14:10:05,1.27,0.22
2024-01-11 14:12:31,0.73,0.1
2024-01-11 14:14:58,1.35,0.3
2024-01-11 14:17:25,1.33,0.55
2024-01-11 14:19:51,1.0,0.2
2024-01-11 14:22:17,1.1,0.3
2024-01-11 14:24:43,1.02,0.22
2024-01-11 14:27:10,1.45,0.45
2024-01-11 14:29:36,0.95,0.2
2024-01-11 14:32:02,0.73,0.1
2024-01-11 14:34:28,0.9,0.1
2024-01-11 14:36:54,1.15,0.4
2024-01-11 14:39:20,1.35,0.28
2024-01-11 14:41:48,1.2,0.43
2024-01-11 14:44:14,0.88,0.1
2024-01-11 14:46:40,1.33,0.4
2024-01-11 14:49:07,0.82,0.1
2024-01-11 14:51:33,1.23,0.32
2024-01-11 14:54:02,1.1,0.2
2024-01-11 14:56:29,1.08,0.22
2024-01-11 14:58:55,1.1,0.3
2024-01-11 15:01:21,1.25,0.2
2024-01-11 15:03:48,1.1,0.3
2024-01-11 15:08:40,1.13,0.2
2024-01-11 15:11:07,1.02,0.43
2024-01-11 15:13:33,0.93,0.13
2024-01-11 15:16:00,0.95,0.3
2024-01-11 15:18:26,0.75,0.1
2024-01-11 15:20:52,1.13,0.32
2024-01-11 15:23:18,1.08,0.3
2024-01-11 15:25:44,1.23,0.32
2024-01-11 15:28:10,1.38,0.3
2024-01-11 15:30:36,0.9,0.1
2024-01-11 15:33:03,1.1,0.2
2024-01-11 15:35:29,1.2,0.2
2024-01-11 15:37:55,1.15,0.2
2024-01-11 15:40:21,1.35,0.45
2024-01-11 15:42:47,1.1,0.25
2024-01-11 15:45:14,1.35,0.7
2024-01-11 15:47:40,1.6,0.55
2024-01-11 15:50:07,0.75,0.1
2024-01-11 15:52:35,1.38,0.38
2024-01-11 15:55:01,0.88,0.1
2024-01-11 15:57:29,1.0,0.17
2024-01-11 15:59:55,0.88,0.2
2024-01-11 16:02:21,1.23,0.4
2024-01-11 16:04:47,1.35,0.43
2024-01-11 16:07:14,1.67,0.65
2024-01-11 16:09:41,1.13,0.32
2024-01-11 16:12:09,0.8,0.1
2024-01-11 16:14:35,1.33,0.63
2024-01-11 16:17:01,1.27,0.25
2024-01-11 16:19:28,1.5,1.08
2024-01-11 16:21:56,1.27,0.4
2024-01-11 16:24:22,0.85,0.28
2024-01-11 16:26:48,0.73,0.1
2024-01-11 16:29:14,1.05,0.15
2024-01-11 16:31:40,1.1,0.22
2024-01-11 16:34:06,1.15,0.28
2024-01-11 16:36:35,0.95,0.22
2024-01-11 16:39:02,1.4,0.52
2024-01-11 16:41:33,0.8,0.1
2024-01-11 16:43:59,1.4,0.35
2024-01-11 16:46:25,0.8,0.1
2024-01-11 16:48:52,1.17,0.3
2024-01-11 16:51:18,1.2,0.28
2024-01-11 16:53:44,1.3,0.57
2024-01-11 16:56:11,1.83,0.1
2024-01-11 16:58:37,0.9,0.1
2024-01-11 17:01:03,1.23,0.2
2024-01-11 17:03:29,1.17,0.32
2024-01-11 17:05:55,0.9,0.2
2024-01-11 17:08:21,1.25,0.43
2024-01-11 17:10:47,1.08,0.28
2024-01-11 17:13:14,1.05,0.2
2024-01-11 17:15:40,0.9,0.2
2024-01-11 17:18:07,0.93,0.25
2024-01-11 17:20:33,0.9,0.2
2024-01-11 17:22:59,0.8,0.1
2024-01-11 17:25:25,1.2,0.3
2024-01-11 17:27:51,1.23,0.32
2024-01-11 17:30:17,1.13,0.1
2024-01-11 17:32:43,1.15,0.3
2024-01-11 17:35:09,1.17,0.35
2024-01-11 17:40:04,0.77,0.1
2024-01-11 17:42:30,1.1,0.3
2024-01-11 17:44:56,1.13,0.3
2024-01-11 17:47:23,0.8,0.1
2024-01-11 17:49:49,1.38,0.43
2024-01-11 17:52:15,1.33,0.32
2024-01-11 17:54:41,0.65,0.1
2024-01-11 17:57:07,1.27,0.32
2024-01-11 17:59:33,1.35,0.47
2024-01-11 18:02:00,1.13,0.2
2024-01-11 18:04:26,0.95,0.1
2024-01-11 18:06:52,1.08,0.35
2024-01-11 18:09:18,0.98,0.2
2024-01-11 18:11:44,0.93,0.1
2024-01-11 18:14:11,1.25,0.43
2024-01-11 18:16:39,1.27,0.5
2024-01-11 18:19:05,1.27,0.57
2024-01-11 18:21:37,0.9,0.1
2024-01-11 18:24:03,0.9,0.17
2024-01-11 18:26:29,1.3,0.3
2024-01-11 18:28:55,1.13,0.2
2024-01-11 18:31:21,1.1,0.3
2024-01-11 18:33:47,0.95,0.2
2024-01-11 18:36:16,1.08,0.2
2024-01-11 18:38:44,0.7,0.1
2024-01-11 18:41:10,1.25,0.3
2024-01-11 18:43:37,0.95,0.17
2024-01-11 18:46:03,0.9,0.1
2024-01-11 18:48:29,1.1,0.45
2024-01-11 18:50:55,1.0,0.3
2024-01-11 18:53:21,1.38,0.43
2024-01-11 18:55:47,1.45,0.3
2024-01-11 18:58:14,1.15,0.3
2024-01-11 19:00:42,1.15,0.38
2024-01-11 19:03:08,1.33,0.3
2024-01-11 19:05:36,1.13,0.1
2024-01-11 19:08:04,0.73,0.1
2024-01-11 19:10:30,0.88,0.1
2024-01-11 19:12:57,1.0,0.2
2024-01-11 19:15:23,1.0,0.1
2024-01-11 19:17:49,0.88,0.1
2024-01-11 19:20:15,0.9,0.1
2024-01-11 19:22:41,1.42,0.52
2024-01-11 19:25:07,1.08,0.22
2024-01-11 19:27:33,1.48,0.17
2024-01-11 19:29:59,0.95,0.17
2024-01-11 19:32:32,1.0,0.35
2024-01-11 19:34:58,1.05,0.22
2024-01-11 19:37:24,0.9,0.1
2024-01-11 19:39:50,0.8,0.4
2024-01-11 19:42:16,1.0,0.3
2024-01-11 19:44:43,1.0,0.2
2024-01-11 19:47:09,0.68,0.1
2024-01-11 19:49:35,1.05,0.15
2024-01-11 19:52:01,1.15,0.3
2024-01-11 19:54:27,1.23,0.32
2024-01-11 19:56:54,0.8,0.1
2024-01-11 19:59:20,1.23,0.22
2024-01-11 20:01:46,1.15,0.3
2024-01-11 20:04:12,0.9,0.1
2024-01-11 20:06:38,1.58,0.52
2024-01-11 20:09:06,0.8,0.1
2024-01-11 20:11:32,1.02,0.2
2024-01-11 20:13:59,1.1,0.2
2024-01-11 20:16:25,0.63,0.1
2024-01-11 20:18:51,1.0,0.22
2024-01-11 20:21:17,0.93,0.13
2024-01-11 20:23:43,1.27,0.47
2024-01-11 20:26:10,0.8,0.1
2024-01-11 20:28:36,1.27,0.55
2024-01-11 20:31:02,1.63,1.1
2024-01-11 20:33:29,0.98,0.13
2024-01-11 20:35:55,0.9,0.1
2024-01-11 20:38:21,1.55,1.1
2024-01-11 20:40:47,0.8,0.1
2024-01-11 20:43:13,1.13,0.2
2024-01-11 20:45:39,0.98,0.13
2024-01-11 20:48:05,0.85,0.1
2024-01-11 20:50:32,1.3,0.45
2024-01-11 20:52:58,0.8,0.1
2024-01-11 20:55:25,1.08,0.32
2024-01-11 20:57:51,0.85,0.1
2024-01-11 21:00:17,0.98,0.3
2024-01-11 21:02:44,0.9,0.1
2024-01-11 21:05:10,0.75,0.13
2024-01-11 21:07:36,0.88,0.1
2024-01-11 21:10:02,0.6,0.1
2024-01-11 21:12:29,1.02,0.2
2024-01-11 21:14:55,1.33,0.38
2024-01-11 21:17:21,0.98,0.2
2024-01-11 21:19:47,0.93,0.13
2024-01-11 21:22:13,0.68,0.1
2024-01-11 21:24:39,1.35,0.32
2024-01-11 21:27:05,0.6,0.1
2024-01-11 21:29:31,0.77,0.1
2024-01-11 21:31:58,1.0,0.22
2024-01-11 21:34:24,0.6,0.1
2024-01-11 21:36:50,1.05,0.4
2024-01-11 21:39:16,1.05,0.3
2024-01-11 21:41:42,0.6,0.1
2024-01-11 21:44:08,0.88,0.17
2024-01-11 21:46:34,1.0,0.2
2024-01-11 21:49:01,1.33,0.4
2024-01-11 21:51:28,1.2,0.43
2024-01-11 21:53:54,0.82,0.2
2024-01-11 21:56:24,1.08,0.2
2024-01-11 21:58:50,1.05,0.3
2024-01-11 22:01:16,1.0,0.2
2024-01-11 22:03:42,1.25,0.45
2024-01-11 22:06:09,0.98,0.25
2024-01-11 22:08:35,0.8,0.1
2024-01-11 22:11:03,1.0,0.2
2024-01-11 22:13:29,0.7,0.1
2024-01-11 22:15:55,1.15,0.32
2024-01-11 22:18:21,1.02,0.22
2024-01-11 22:20:48,1.3,0.45
2024-01-11 22:23:14,1.27,0.57
2024-01-11 22:25:40,0.7,0.1
2024-01-11 22:28:06,0.8,0.15
2024-01-11 22:30:32,1.35,0.4
2024-01-11 22:32:58,1.17,0.22
2024-01-11 22:35:24,1.35,0.3
2024-01-11 22:37:50,1.02,0.25
2024-01-11 22:40:16,1.27,0.38
2024-01-11 22:42:42,0.9,0.1
2024-01-11 22:45:08,1.05,0.32
2024-01-11 22:47:34,0.75,0.1
2024-01-11 22:50:01,1.0,0.2
2024-01-11 22:52:27,1.2,0.28
2024-01-11 22:54:53,1.4,0.7
2024-01-11 22:57:19,1.13,0.3
2024-01-11 22:59:45,0.75,0.1
2024-01-11 23:02:11,1.15,0.32
2024-01-11 23:04:37,1.05,0.32
2024-01-11 23:07:03,1.3,0.2
2024-01-11 23:09:30,1.25,0.52
2024-01-11 23:11:56,1.05,0.22
2024-01-11 23:14:22,0.7,0.1
2024-01-11 23:16:51,0.85,0.2
2024-01-11 23:19:17,0.8,0.2
2024-01-11 23:21:43,1.2,0.2
2024-01-11 23:24:13,0.85,0.1
2024-01-11 23:26:39,1.13,0.25
2024-01-11 23:29:05,1.1,0.2
2024-01-11 23:31:31,1.02,0.22
2024-01-11 23:33:57,1.17,0.3
2024-01-11 23:36:24,1.02,0.2
2024-01-11 23:38:50,0.77,0.1
2024-01-11 23:41:19,0.8,0.1
2024-01-11 23:43:45,1.0,0.2
2024-01-11 23:46:12,1.02,0.32
2024-01-11 23:48:38,1.23,0.4
2024-01-11 23:51:04,1.23,0.3
2024-01-11 23:53:30,1.13,0.32
2024-01-11 23:55:56,1.35,0.35
2024-01-11 23:58:22,0.8,0.2
2024-01-12 00:00:48,1.17,0.3
2024-01-12 00:03:14,1.05,0.2
2024-01-12 00:05:40,0.77,0.17
2024-01-12 00:08:06,0.63,0.1
2024-01-12 00:10:34,1.2,0.3
2024-01-12 00:13:00,1.45,0.63
2024-01-12 00:15:26,1.33,0.47
2024-01-12 00:17:52,1.3,0.73
2024-01-12 00:20:18,1.05,0.25
2024-01-12 00:22:44,1.05,0.22
2024-01-12 00:25:10,1.15,0.32
2024-01-12 00:27:38,1.35,0.65
2024-01-12 00:30:04,1.35,0.75
2024-01-12 00:32:31,0.98,0.2
2024-01-12 00:34:59,0.6,0.1
2024-01-12 00:37:28,0.6,0.1
2024-01-12 00:39:56,0.75,0.15
2024-01-12 00:42:25,0.7,0.1
2024-01-12 00:44:54,1.48,0.32
2024-01-12 00:47:20,1.17,0.4
2024-01-12 00:49:46,0.9,0.15
2024-01-12 00:52:12,1.13,0.4
2024-01-12 00:54:38,0.7,0.1
2024-01-12 00:57:04,1.02,0.17
2024-01-12 00:59:30,1.15,0.3
2024-01-12 01:01:56,0.65,0.13
2024-01-12 01:04:24,0.85,0.1
2024-01-12 01:06:53,0.7,0.1
2024-01-12 01:09:19,1.0,0.22
2024-01-12 01:11:45,1.17,0.85
2024-01-12 01:14:11,0.93,0.13
2024-01-12 01:16:37,1.33,0.43
2024-01-12 01:19:03,1.15,0.68
2024-01-12 01:21:29,0.8,0.1
2024-01-12 01:23:55,0.95,0.22
2024-01-12 01:26:21,1.02,0.3
2024-01-12 01:28:48,1.23,0.25
2024-01-12 01:31:14,0.7,0.1
2024-01-12 01:33:40,1.08,0.2
2024-01-12 01:36:06,1.25,0.3
2024-01-12 01:38:32,0.93,0.2
2024-01-12 01:40:58,0.9,0.1
2024-01-12 01:43:24,1.05,0.22
2024-01-12 01:45:50,0.8,0.1
2024-01-12 01:48:16,1.15,0.35
2024-01-12 01:50:42,1.25,0.28
2024-01-12 01:53:08,1.42,0.5
2024-01-12 01:55:35,1.6,0.73
2024-01-12 01:58:01,1.15,0.38
2024-01-12 02:00:30,1.05,0.38
2024-01-12 02:02:57,0.68,0.15
2024-01-12 02:05:23,1.13,0.1
2024-01-12 02:07:49,0.98,0.2
2024-01-12 02:10:15,1.2,0.38
2024-01-12 02:12:41,0.77,0.1
2024-01-12 02:15:08,1.23,0.32
2024-01-12 02:17:35,1.15,0.5
2024-01-12 02:20:01,1.0,0.2
2024-01-12 02:22:28,0.85,0.2
2024-01-12 02:24:54,0.82,0.1
2024-01-12 02:27:20,1.25,0.47
2024-01-12 02:29:47,0.82,0.1
2024-01-12 02:32:13,0.9,0.2
2024-01-12 02:34:39,0.68,0.1
2024-01-12 02:37:06,0.8,0.15
2024-01-12 02:39:32,0.8,0.1
2024-01-12 02:41:58,1.2,0.43
2024-01-12 02:44:24,1.13,0.35
2024-01-12 02:46:50,1.02,0.3
2024-01-12 02:49:16,0.6,0.1
2024-01-12 02:51:42,1.3,0.7
2024-01-12 02:54:08,0.95,0.25
2024-01-12 02:56:35,1.17,0.3
2024-01-12 02:59:01,0.93,0.22
2024-01-12 03:01:27,0.95,0.32
2024-01-12 03:03:53,0.95,0.2
2024-01-12 03:06:20,0.7,0.1
2024-01-12 03:08:46,1.0,0.13
2024-01-12 03:11:12,1.1,0.25
2024-01-12 03:13:38,1.05,0.22
2024-01-12 03:16:04,0.93,0.15
2024-01-12 03:18:31,1.15,0.28
2024-01-12 03:20:57,1.02,0.15
2024-01-12 03:23:24,1.13,0.3
2024-01-12 03:25:50,0.8,0.1
2024-01-12 03:28:16,1.1,0.32
2024-01-12 03:30:42,0.73,0.1
2024-01-12 03:33:08,1.02,0.22
2024-01-12 03:35:34,1.15,0.35
2024-01-12 03:38:01,1.25,0.38
2024-01-12 03:40:27,0.82,0.15
2024-01-12 03:42:54,1.08,0.32
2024-01-12 03:45:20,0.9,0.1
2024-01-12 03:47:46,0.9,0.2
2024-01-12 03:50:12,0.9,0.1
2024-01-12 03:52:38,0.88,0.2
2024-01-12 03:55:05,1.17,0.43
2024-01-12 03:57:31,0.7,0.1
2024-01-12 03:59:57,0.9,0.2
2024-01-12 04:02:23,0.8,0.1
2024-01-12 04:04:49,0.88,0.1
2024-01-12 04:07:15,1.33,0.4
2024-01-12 04:09:41,0.85,0.2
2024-01-12 04:12:08,1.58,0.5
2024-01-12 04:14:35,0.7,0.1
2024-01-12 04:17:01,0.7,0.1
2024-01-12 04:19:27,1.23,0.4
2024-01-12 04:21:53,1.08,0.52
2024-01-12 04:24:19,1.23,0.3
2024-01-12 04:26:45,1.15,0.28
2024-01-12 04:29:11,0.95,0.2
2024-01-12 04:31:40,0.8,0.1
2024-01-12 04:34:06,1.15,0.3
2024-01-12 04:36:33,1.2,0.5
2024-01-12 04:38:59,0.9,0.2
2024-01-12 04:41:25,1.15,0.32
2024-01-12 04:43:51,1.73,0.85
2024-01-12 04:46:17,1.3,0.43
2024-01-12 04:48:43,0.77,0.1
2024-01-12 04:51:09,1.05,0.2
2024-01-12 04:53:35,1.55,0.5
2024-01-12 04:56:02,1.23,0.3
2024-01-12 04:58:28,0.73,0.1
2024-01-12 05:00:54,0.7,0.1
2024-01-12 05:03:20,1.45,0.5
2024-01-12 05:05:46,1.1,0.17
2024-01-12 05:08:12,1.25,0.25
2024-01-12 05:10:38,1.3,0.4
2024-01-12 05:13:05,1.75,1.33
2024-01-12 05:15:31,0.77,0.1
2024-01-12 05:17:57,1.17,0.28
2024-01-12 05:20:23,0.8,0.1
2024-01-12 05:22:50,1.42,0.45
2024-01-12 05:25:16,1.05,0.3
2024-01-12 05:27:42,0.95,0.3
2024-01-12 05:30:08,0.73,0.1
2024-01-12 05:32:34,1.17,0.5
2024-01-12 05:35:00,1.35,0.43
2024-01-12 05:37:26,0.88,0.1
2024-01-12 05:39:52,1.2,0.32
2024-01-12 05:42:18,0.93,0.2
2024-01-12 05:44:45,1.33,1.15
2024-01-12 05:47:11,0.8,0.1
2024-01-12 05:49:37,0.77,0.1
2024-01-12 05:52:04,1.05,0.2
2024-01-12 05:54:30,0.57,0.1
2024-01-12 05:56:56,1.08,0.17
2024-01-12 05:59:22,0.95,0.2
2024-01-12 06:01:48,1.0,0.2
2024-01-12 06:04:14,0.98,0.1
2024-01-12 06:06:41,1.15,0.4
2024-01-12 06:09:07,1.33,0.38
2024-01-12 06:11:33,0.9,0.17
2024-01-12 06:13:59,0.85,0.13
2024-01-12 06:16:26,1.27,0.25
2024-01-12 06:18:52,1.13,0.55
2024-01-12 06:21:18,0.85,0.1
2024-01-12 06:23:44,0.9,0.13
2024-01-12 06:26:11,1.17,0.28
2024-01-12 06:28:37,1.4,0.6
2024-01-12 06:31:03,1.1,0.25
2024-01-12 06:33:29,1.4,0.28
2024-01-12 06:35:56,1.15,0.2
2024-01-12 06:38:22,1.25,0.2
2024-01-12 06:40:48,1.15,0.2
2024-01-12 06:43:14,1.05,0.52
2024-01-12 06:45:41,1.45,0.45
2024-01-12 06:48:07,1.25,0.57
2024-01-12 06:50:34,0.82,0.13
2024-01-12 06:53:01,0.8,0.1
2024-01-12 06:55:33,1.05,0.28
2024-01-12 06:57:59,1.27,0.75
2024-01-12 07:00:25,1.17,0.4
2024-01-12 07:02:51,0.98,0.2
2024-01-12 07:05:17,1.08,0.3
2024-01-12 07:07:43,0.9,0.1
2024-01-12 07:10:10,1.08,0.25
2024-01-12 07:12:39,0.75,0.15
2024-01-12 07:15:05,0.95,0.22
2024-01-12 07:17:31,1.27,0.35
2024-01-12 07:19:57,1.23,0.3
2024-01-12 07:22:23,0.77,0.1
2024-01-12 07:24:49,0.63,0.1
2024-01-12 07:27:16,0.95,0.22
2024-01-12 07:29:42,0.85,0.1
2024-01-12 07:32:08,0.8,0.1
2024-01-12 07:34:34,1.08,0.4
2024-01-12 07:37:00,1.25,0.43
2024-01-12 07:39:26,1.23,0.55
2024-01-12 07:41:53,0.85,0.1
2024-01-12 07:44:21,1.27,0.3
2024-01-12 07:46:47,1.0,0.3
2024-01-12 07:49:14,1.13,0.3
2024-01-12 07:51:40,1.38,0.38
2024-01-12 07:54:06,1.42,0.82
2024-01-12 07:56:33,1.35,0.38
2024-01-12 07:58:59,0.98,0.3
2024-01-12 08:01:25,0.9,0.1
2024-01-12 08:03:51,0.95,0.15
2024-01-12 08:06:18,0.82,0.1
2024-01-12 08:08:45,0.82,0.2
2024-01-12 08:11:11,1.13,0.2
2024-01-12 08:13:43,1.15,0.25
2024-01-12 08:16:10,1.13,0.2
2024-01-12 08:18:36,1.27,0.4
2024-01-12 08:21:02,1.2,1.05
2024-01-12 08:23:28,0.88,0.1
2024-01-12 08:25:54,1.0,0.17
2024-01-12 08:28:20,1.25,0.32
2024-01-12 08:30:46,1.02,0.3
2024-01-12 08:33:12,0.82,0.1
2024-01-12 08:35:38,0.98,0.2
2024-01-12 08:38:04,0.9,0.25
2024-01-12 08:40:30,0.82,0.1
2024-01-12 08:42:56,0.9,0.2
2024-01-12 08:45:22,0.7,0.2
2024-01-12 08:47:49,1.02,0.2
2024-01-12 08:50:15,1.05,0.1
2024-01-12 08:52:41,0.9,0.1
2024-01-12 08:55:07,0.85,0.15
2024-01-12 08:57:35,1.1,0.4
2024-01-12 09:00:01,0.85,0.15
2024-01-12 09:04:54,1.02,0.3
2024-01-12 09:07:20,1.52,0.38
2024-01-12 09:09:47,1.3,0.38
2024-01-12 09:12:13,1.35,0.3
2024-01-12 09:14:40,1.5,0.3
2024-01-12 09:17:07,1.33,0.3
2024-01-12 09:19:33,0.95,0.2
2024-01-12 09:22:00,1.35,0.85
2024-01-12 09:24:29,1.25,0.35
2024-01-12 09:26:55,1.0,0.25
2024-01-12 09:29:21,0.8,0.1
2024-01-12 09:31:47,1.27,0.65
2024-01-12 09:34:13,1.15,0.28
2024-01-12 09:36:39,1.42,0.8
2024-01-12 09:39:05,0.75,0.1
2024-01-12 09:41:38,0.73,0.13
2024-01-12 09:44:06,1.55,0.9
2024-01-12 09:46:33,1.7,0.7
2024-01-12 09:49:02,1.38,0.4
2024-01-12 09:51:28,1.45,0.5
2024-01-12 09:53:54,0.73,0.1
2024-01-12 09:56:21,1.0,0.2
2024-01-12 09:58:47,1.4,0.43
2024-01-12 10:01:13,1.13,0.43
2024-01-12 10:03:40,1.23,0.3
2024-01-12 10:06:07,1.3,0.4
2024-01-12 10:08:36,1.13,0.2
2024-01-12 10:11:03,0.95,0.1
2024-01-12 10:13:35,1.13,0.38
2024-01-12 10:16:01,0.98,0.4
2024-01-12 10:18:27,0.98,0.25
2024-01-12 10:20:54,0.85,0.1
2024-01-12 10:23:20,0.93,0.35
2024-01-12 10:25:56,1.02,0.2
2024-01-12 10:28:22,1.33,0.32
2024-01-12 10:30:48,1.08,0.1
2024-01-12 10:33:16,0.85,0.15
2024-01-12 10:35:44,1.23,0.4
2024-01-12 10:38:14,1.52,0.45
2024-01-12 10:40:40,0.9,0.1
2024-01-12 10:43:07,1.1,0.2
2024-01-12 10:45:37,0.93,0.25
2024-01-12 10:48:05,1.13,0.2
2024-01-12 10:53:05,1.33,0.47
2024-01-12 10:55:34,1.23,0.3
2024-01-12 10:58:03,1.35,1.25
2024-01-12 11:00:29,0.88,0.2
2024-01-12 11:02:59,1.23,0.43
2024-01-12 11:05:26,0.9,0.1
2024-01-12 11:10:19,1.0,0.2
2024-01-12 11:12:45,1.23,0.73
2024-01-12 11:15:12,0.7,0.1
2024-01-12 11:17:39,0.85,0.15
2024-01-12 11:20:09,1.23,0.3
2024-01-12 11:22:39,1.02,0.47
2024-01-12 11:25:05,0.9,0.17
2024-01-12 11:27:32,1.23,0.4
2024-01-12 11:29:59,0.75,0.1
2024-01-12 11:32:26,1.2,0.22
2024-01-12 11:37:26,1.23,0.3
2024-01-12 11:39:53,1.08,0.2
2024-01-12 11:42:21,0.82,0.2
2024-01-12 11:44:47,1.17,0.3
2024-01-12 11:47:13,0.8,0.1
2024-01-12 11:49:39,1.02,0.43
2024-01-12 11:52:06,1.42,0.52
2024-01-12 11:54:32,0.8,0.1
2024-01-12 11:56:58,1.25,0.6
2024-01-12 11:59:26,1.23,0.35
2024-01-12 12:01:53,1.02,0.25
2024-01-12 12:04:19,0.98,0.2
2024-01-12 12:06:45,1.25,0.25
2024-01-12 12:09:12,0.9,0.13
2024-01-12 12:11:38,1.02,0.22
2024-01-12 12:14:04,1.27,0.65
2024-01-12 12:16:30,1.2,0.32
2024-01-12 12:18:56,1.17,0.3
2024-01-12 12:21:22,1.15,0.3
2024-01-12 12:23:49,0.93,0.22
2024-01-12 12:26:16,0.88,0.2
2024-01-12 12:28:44,1.05,0.13
2024-01-12 12:31:11,1.05,0.3
2024-01-12 12:33:37,1.45,0.4
2024-01-12 12:36:06,1.17,0.25
2024-01-12 12:38:33,0.9,0.25
2024-01-12 12:41:01,0.8,0.2
2024-01-12 12:43:27,1.0,0.2
2024-01-12 12:45:54,1.55,0.5
2024-01-12 12:48:26,1.17,0.3
2024-01-12 12:50:53,1.33,0.52
2024-01-12 12:53:19,1.2,0.3
2024-01-12 12:55:46,1.1,0.32
2024-01-12 12:58:12,1.1,0.25
2024-01-12 13:00:38,1.02,0.2
2024-01-12 13:03:04,1.08,0.22
2024-01-12 13:05:31,0.8,0.1
2024-01-12 13:08:06,1.25,0.3
2024-01-12 13:10:38,0.73,0.1
2024-01-12 13:13:04,1.27,0.4
2024-01-12 13:15:31,1.02,0.2
2024-01-12 13:17:59,1.27,0.55
2024-01-12 13:20:25,1.05,0.32
2024-01-12 13:22:54,1.2,0.45
2024-01-12 13:25:20,0.8,0.1
2024-01-12 13:27:46,1.17,0.3
2024-01-12 13:30:13,0.9,0.2
2024-01-12 13:32:39,1.02,0.32
2024-01-12 13:35:06,1.27,0.4
2024-01-12 13:37:32,1.15,0.3
2024-01-12 13:39:58,1.33,0.55
2024-01-12 13:42:24,1.75,1.25
2024-01-12 13:44:51,0.7,0.1
2024-01-12 13:47:17,0.9,0.1
2024-01-12 13:49:44,1.17,0.52
2024-01-12 13:52:11,1.13,0.3
2024-01-12 13:54:38,0.98,0.2
2024-01-12 13:57:04,1.02,0.2
2024-01-12 13:59:31,1.15,0.22
2024-01-12 14:01:57,1.48,0.65
2024-01-12 14:04:25,1.42,0.45
2024-01-12 14:06:51,0.7,0.1
2024-01-12 14:09:17,1.2,0.45
2024-01-12 14:11:44,0.82,0.2
2024-01-12 14:14:11,0.8,0.38
2024-01-12 14:16:37,0.8,0.2
2024-01-12 14:19:03,1.3,0.35
2024-01-12 14:21:29,1.3,0.55
2024-01-12 14:23:56,1.33,0.52
2024-01-12 14:26:22,0.93,0.2
2024-01-12 14:28:49,1.13,0.22
2024-01-12 14:31:16,0.7,0.1
2024-01-12 14:33:43,1.2,0.38
2024-01-12 14:36:10,0.9,0.1
2024-01-12 14:38:36,0.85,0.17
2024-01-12 14:41:03,1.42,0.6
2024-01-12 14:43:29,1.17,0.82
2024-01-12 14:45:55,0.8,0.1
2024-01-12 14:48:24,0.8,0.1
2024-01-12 14:50:50,0.9,0.2
2024-01-12 14:53:17,1.23,0.3
2024-01-12 14:55:43,0.7,0.1
2024-01-12 14:58:11,1.13,0.22
2024-01-12 15:03:03,0.9,0.1
2024-01-12 15:05:31,1.0,0.3
2024-01-12 15:07:59,1.08,0.28
2024-01-12 15:10:27,1.0,0.3
2024-01-12 15:12:53,1.15,0.2
2024-01-12 15:15:19,1.13,0.3
2024-01-12 15:17:45,0.82,0.13
2024-01-12 15:20:11,1.05,0.43
2024-01-12 15:22:37,1.17,0.45
2024-01-12 15:25:03,1.13,0.38
2024-01-12 15:27:31,0.75,0.1
2024-01-12 15:29:57,1.27,0.45
2024-01-12 15:32:23,1.23,0.2
2024-01-12 15:34:49,0.88,0.1
2024-01-12 15:37:15,1.13,0.2
2024-01-12 15:39:41,1.05,0.43
2024-01-12 15:42:08,0.95,0.2
2024-01-12 15:44:34,0.75,0.1
2024-01-12 15:47:00,0.8,0.13
2024-01-12 15:49:27,1.02,0.32
2024-01-12 15:51:53,1.15,0.4
2024-01-12 15:54:19,0.88,0.2
2024-01-12 15:56:45,1.23,0.75
2024-01-12 15:59:12,0.8,0.1
2024-01-12 16:01:38,1.15,0.38
2024-01-12 16:04:08,1.13,0.22
2024-01-12 16:06:36,1.1,0.3
2024-01-12 16:09:03,1.05,0.2
2024-01-12 16:11:29,1.08,0.1
2024-01-12 16:13:56,1.35,0.32
2024-01-12 16:16:22,0.93,0.2
2024-01-12 16:18:49,1.35,0.4
2024-01-12 16:21:29,1.35,0.38
2024-01-12 16:23:59,1.13,0.2
2024-01-12 16:26:25,0.93,0.17
2024-01-12 16:28:51,0.93,0.2
2024-01-12 16:31:17,0.95,0.2
2024-01-12 16:33:43,1.25,0.5
2024-01-12 16:36:09,0.75,0.1
2024-01-12 16:38:35,1.23,0.4
2024-01-12 16:41:01,1.23,0.43
2024-01-12 16:43:27,0.95,0.25
2024-01-12 16:45:53,0.85,0.1
2024-01-12 16:48:20,0.9,0.2
2024-01-12 16:50:46,0.9,0.1
2024-01-12 16:53:12,1.52,0.77
2024-01-12 16:55:39,1.02,0.25
2024-01-12 16:58:05,0.93,0.2
2024-01-12 17:00:31,0.8,0.2
2024-01-12 17:02:57,1.25,0.28
2024-01-12 17:05:24,0.82,0.1
2024-01-12 17:07:50,1.42,0.35
2024-01-12 17:10:16,1.08,0.2
2024-01-12 17:12:42,0.7,0.1
2024-01-12 17:15:08,0.8,0.13
2024-01-12 17:17:34,1.27,0.32
2024-01-12 17:20:00,1.0,0.2
2024-01-12 17:22:27,0.73,0.1
2024-01-12 17:24:53,1.27,0.43
2024-01-12 17:27:19,1.15,0.32
2024-01-12 17:29:45,1.02,0.2
2024-01-12 17:32:11,0.75,0.1
2024-01-12 17:34:37,0.98,0.1
2024-01-12 17:37:03,1.0,0.3
2024-01-12 17:39:31,1.13,0.2
2024-01-12 17:44:24,1.0,0.2
2024-01-12 17:46:50,0.8,0.1
2024-01-12 17:49:16,0.93,0.13
2024-01-12 17:51:42,0.88,0.2
2024-01-12 17:54:09,0.88,0.1
2024-01-12 17:56:37,0.7,0.1
2024-01-12 17:59:03,1.17,0.4
2024-01-12 18:01:29,0.85,0.1
2024-01-12 18:03:55,0.98,0.4
2024-01-12 18:06:21,1.0,0.2
2024-01-12 18:08:47,0.8,0.2
2024-01-12 18:11:13,1.33,0.73
2024-01-12 18:13:44,0.93,0.2
2024-01-12 18:16:11,1.25,0.55
2024-01-12 18:18:37,1.1,0.2
2024-01-12 18:21:03,0.85,0.17
2024-01-12 18:23:29,1.15,0.45
2024-01-12 18:25:55,0.93,0.22
2024-01-12 18:28:21,1.1,0.3
2024-01-12 18:30:47,1.35,0.4
2024-01-12 18:33:13,0.88,0.1
2024-01-12 18:35:40,1.27,0.65
2024-01-12 18:38:06,1.3,0.63
2024-01-12 18:40:32,0.9,0.2
2024-01-12 18:42:59,0.8,0.1
2024-01-12 18:45:25,1.08,0.2
2024-01-12 18:47:52,0.8,0.1
2024-01-12 18:50:18,0.88,0.13
2024-01-12 18:52:44,0.52,0.1
2024-01-12 18:55:10,1.15,0.43
2024-01-12 18:57:36,1.13,0.35
2024-01-12 19:00:03,0.7,0.1
2024-01-12 19:04:56,1.1,0.45
2024-01-12 19:07:22,0.88,0.25
2024-01-12 19:09:48,0.7,0.1
2024-01-12 19:12:14,1.05,0.2
2024-01-12 19:14:40,1.27,0.4
2024-01-12 19:17:06,0.7,0.1
2024-01-12 19:19:32,1.1,0.4
2024-01-12 19:21:58,1.02,0.25
2024-01-12 19:24:24,0.9,0.3
2024-01-12 19:26:50,0.9,0.2
2024-01-12 19:29:16,0.8,0.1
2024-01-12 19:31:42,0.8,0.1
2024-01-12 19:34:09,1.0,0.32
2024-01-12 19:36:38,1.0,0.2
2024-01-12 19:39:05,0.9,0.1
2024-01-12 19:41:31,1.08,0.2
2024-01-12 19:43:58,1.02,0.1
2024-01-12 19:46:25,0.8,0.1
2024-01-12 19:48:51,1.13,0.22
2024-01-12 19:51:17,0.77,0.1
2024-01-12 19:53:43,0.93,0.25
2024-01-12 19:56:09,0.9,0.1
2024-01-12 19:58:35,0.9,0.1
2024-01-12 20:01:04,0.8,0.1
2024-01-12 20:03:34,0.6,0.1
2024-01-12 20:06:01,0.8,0.1
2024-01-12 20:08:28,1.13,0.2
2024-01-12 20:10:54,0.98,0.22
2024-01-12 20:13:21,0.8,0.13
2024-01-12 20:15:49,0.8,0.13
2024-01-12 20:18:16,1.42,0.6
2024-01-12 20:20:43,0.98,0.3
2024-01-12 20:23:09,1.0,0.3
2024-01-12 20:25:35,0.8,0.1
2024-01-12 20:28:02,0.95,0.2
2024-01-12 20:30:28,0.82,0.1
2024-01-12 20:32:54,0.95,0.2
2024-01-12 20:35:20,0.82,0.1
2024-01-12 20:37:46,1.15,0.4
2024-01-12 20:40:13,0.98,0.2
2024-01-12 20:42:39,1.15,0.45
2024-01-12 20:45:05,0.77,0.1
2024-01-12 20:47:32,0.7,0.1
2024-01-12 20:49:58,0.8,0.1
2024-01-12 20:52:24,1.15,0.5
2024-01-12 20:54:51,1.1,0.38
2024-01-12 20:57:18,0.93,0.2
2024-01-12 20:59:45,1.02,0.2
2024-01-12 21:02:11,0.93,0.17
2024-01-12 21:04:37,1.17,0.25
2024-01-12 21:07:03,0.8,0.1
2024-01-12 21:09:29,0.65,0.1
2024-01-12 21:11:55,0.7,0.1
2024-01-12 21:14:21,0.65,0.1
2024-01-12 21:16:52,1.45,0.88
2024-01-12 21:19:19,0.85,0.15
2024-01-12 21:21:45,1.17,0.5
2024-01-12 21:24:11,0.6,0.1
2024-01-12 21:26:39,0.8,0.1
2024-01-12 21:29:05,0.77,0.1
2024-01-12 21:31:32,1.02,0.2
2024-01-12 21:33:58,1.1,0.25
2024-01-12 21:36:24,0.8,0.1
2024-01-12 21:38:50,1.13,0.28
2024-01-12 21:41:18,0.88,0.1
2024-01-12 21:43:44,1.0,0.2
2024-01-12 21:46:10,0.75,0.2
2024-01-12 21:48:37,0.63,0.1
2024-01-12 21:51:03,0.8,0.1
2024-01-12 21:53:29,1.08,0.3
2024-01-12 21:55:55,0.7,0.1
2024-01-12 21:58:21,0.93,0.1
2024-01-12 22:00:47,1.13,0.32
2024-01-12 22:03:13,0.75,0.3
2024-01-12 22:05:39,0.95,0.3
2024-01-12 22:08:05,0.8,0.1
2024-01-12 22:10:31,0.9,0.2
2024-01-12 22:12:58,0.98,0.17
2024-01-12 22:15:24,1.25,0.45
2024-01-12 22:17:50,0.9,0.17
2024-01-12 22:20:16,1.3,0.6
2024-01-12 22:22:42,1.0,0.3
2024-01-12 22:25:08,0.8,0.1
2024-01-12 22:27:35,1.1,0.63
2024-01-12 22:30:03,1.23,0.35
2024-01-12 22:32:29,1.13,0.22
2024-01-12 22:34:55,0.7,0.1
2024-01-12 22:37:21,0.85,0.17
2024-01-12 22:39:47,1.05,0.2
2024-01-12 22:42:13,0.9,0.17
2024-01-12 22:44:39,0.8,0.1
2024-01-12 22:47:05,1.0,0.32
2024-01-12 22:49:31,0.5,0.1
2024-01-12 22:51:57,1.05,0.52
2024-01-12 22:54:23,0.8,0.1
2024-01-12 22:56:49,0.8,0.1
2024-01-12 22:59:16,1.05,0.2
2024-01-12 23:01:42,0.68,0.1
2024-01-12 23:04:08,1.02,0.22
2024-01-12 23:06:34,0.9,0.1
2024-01-12 23:09:00,0.93,0.13
2024-01-12 23:11:26,0.9,0.2
2024-01-12 23:13:53,0.93,0.1
2024-01-12 23:16:19,0.8,0.1
2024-01-12 23:18:45,1.0,0.3
2024-01-12 23:21:11,0.57,0.1
2024-01-12 23:23:37,1.2,0.38
2024-01-12 23:26:03,0.7,0.1
2024-01-12 23:28:29,0.77,0.1
2024-01-12 23:30:55,0.98,0.2
2024-01-12 23:33:21,1.25,0.28
2024-01-12 23:35:48,1.1,0.3
2024-01-12 23:38:14,1.33,0.63
2024-01-12 23:40:40,1.23,0.3
2024-01-12 23:43:06,1.05,0.2
2024-01-12 23:45:32,0.65,0.1
2024-01-12 23:47:58,0.98,0.2
2024-01-12 23:50:28,0.95,0.1
2024-01-12 23:52:54,1.02,0.2
2024-01-12 23:55:20,0.82,0.1
2024-01-12 23:57:46,1.08,0.4
2024-01-13 00:00:12,1.02,0.3
2024-01-13 00:02:39,0.85,0.17
2024-01-13 00:05:05,1.08,0.2
2024-01-13 00:07:31,0.8,0.1
2024-01-13 00:09:57,1.02,0.3
2024-01-13 00:12:24,0.95,0.2
2024-01-13 00:14:50,1.02,0.22
2024-01-13 00:17:17,1.4,0.68
2024-01-13 00:19:43,0.88,0.2
2024-01-13 00:22:09,1.05,0.22
2024-01-13 00:24:35,0.7,0.1
2024-01-13 00:27:01,0.8,0.1
2024-01-13 00:29:27,1.2,0.52
2024-01-13 00:31:53,0.93,0.22
2024-01-13 00:34:19,1.13,0.3
2024-01-13 00:36:45,0.55,0.1
2024-01-13 00:39:11,0.7,0.13
2024-01-13 00:41:37,1.05,0.22
2024-01-13 00:44:03,0.95,0.2
2024-01-13 00:46:30,1.08,0.22
2024-01-13 00:48:56,0.6,0.1
2024-01-13 00:51:22,0.82,0.15
2024-01-13 00:53:48,0.7,0.2
2024-01-13 00:56:14,1.02,0.22
2024-01-13 00:58:40,1.08,0.3
2024-01-13 01:01:06,0.95,0.2
2024-01-13 01:03:32,0.93,0.22
2024-01-13 01:05:58,0.98,0.25
2024-01-13 01:08:24,1.65,0.88
2024-01-13 01:10:51,1.1,0.35
2024-01-13 01:13:17,0.75,0.1
2024-01-13 01:15:43,0.8,0.1
2024-01-13 01:18:09,1.15,0.55
2024-01-13 01:20:35,0.82,0.15
2024-01-13 01:23:01,1.08,0.47
2024-01-13 01:25:27,1.1,0.5
2024-01-13 01:27:53,0.95,0.1
2024-01-13 01:30:19,1.25,0.35
2024-01-13 01:32:45,1.25,0.3
2024-01-13 01:35:14,0.8,0.1
2024-01-13 01:37:40,1.17,0.2
2024-01-13 01:40:06,0.9,0.2
2024-01-13 01:42:33,0.82,0.13
2024-01-13 01:44:59,1.0,0.28
2024-01-13 01:47:25,0.93,0.2
2024-01-13 01:52:19,0.8,0.1
2024-01-13 01:54:45,1.2,0.3
2024-01-13 01:57:12,1.1,0.38
2024-01-13 01:59:39,0.7,0.1
2024-01-13 02:02:06,0.93,0.15
2024-01-13 02:04:32,1.0,0.2
2024-01-13 02:06:58,0.65,0.1
2024-01-13 02:09:25,0.45,0.05
2024-01-13 02:11:52,0.95,0.3
2024-01-13 02:14:18,0.85,0.2
2024-01-13 02:16:44,0.7,0.17
2024-01-13 02:19:10,1.08,0.32
2024-01-13 02:21:36,0.93,0.28
2024-01-13 02:24:02,0.88,0.2
2024-01-13 02:26:29,0.8,0.1
2024-01-13 02:28:56,1.23,0.4
2024-01-13 02:31:22,0.9,0.2
2024-01-13 02:33:48,0.98,0.17
2024-01-13 02:36:15,0.98,0.2
2024-01-13 02:38:41,0.7,0.1
2024-01-13 02:41:07,1.23,0.4
2024-01-13 02:43:33,1.13,0.45
2024-01-13 02:45:59,1.25,0.52
2024-01-13 02:48:27,1.38,0.38
2024-01-13 02:50:55,0.9,0.2
2024-01-13 02:53:21,1.05,0.35
2024-01-13 02:55:47,1.45,1.02
2024-01-13 02:58:13,0.77,0.1
2024-01-13 03:00:39,1.02,0.22
2024-01-13 03:03:06,1.0,0.45
2024-01-13 03:05:32,0.7,0.1
2024-01-13 03:07:58,0.98,0.2
2024-01-13 03:10:24,1.13,0.32
2024-01-13 03:12:50,1.0,0.2
2024-01-13 03:15:16,1.17,0.4
2024-01-13 03:17:42,0.85,0.2
2024-01-13 03:20:08,0.77,0.1
2024-01-13 03:22:35,1.02,0.22
2024-01-13 03:25:01,1.25,0.32
2024-01-13 03:27:27,0.85,0.1
2024-01-13 03:29:53,0.85,0.2
2024-01-13 03:32:19,0.6,0.1
2024-01-13 03:34:45,1.08,0.25
2024-01-13 03:37:11,0.7,0.1
2024-01-13 03:39:37,1.15,0.38
2024-01-13 03:42:04,1.3,0.55
2024-01-13 03:44:30,0.8,0.1
2024-01-13 03:46:56,0.8,0.15
2024-01-13 03:49:22,1.1,0.6
2024-01-13 03:51:48,1.15,0.3
2024-01-13 03:54:14,0.95,0.2
2024-01-13 03:56:40,0.7,0.1
2024-01-13 03:59:06,0.5,0.1
2024-01-13 04:01:32,0.73,0.1
2024-01-13 04:03:58,0.95,0.32
2024-01-13 04:06:24,1.08,0.55
2024-01-13 04:08:50,1.25,0.43
2024-01-13 04:11:16,1.3,0.4
2024-01-13 04:13:42,0.93,0.2
2024-01-13 04:16:08,1.4,0.38
2024-01-13 04:18:35,0.73,0.13
2024-01-13 04:21:02,0.93,0.2
2024-01-13 04:23:28,0.55,0.1
2024-01-13 04:25:54,0.85,0.1
2024-01-13 04:28:20,0.88,0.22
2024-01-13 04:30:46,0.85,0.1
2024-01-13 04:33:12,1.25,0.3
2024-01-13 04:35:38,1.2,0.6
2024-01-13 04:38:06,0.75,0.1
2024-01-13 04:40:32,1.42,0.75
2024-01-13 04:43:02,0.93,0.13
2024-01-13 04:45:28,1.15,0.32
2024-01-13 04:47:54,0.63,0.1
2024-01-13 04:50:20,1.23,0.4
2024-01-13 04:52:46,1.0,0.2
2024-01-13 04:55:12,0.55,0.1
2024-01-13 04:57:38,0.93,0.32
2024-01-13 05:00:04,0.8,0.1
2024-01-13 05:02:30,0.95,0.22
2024-01-13 05:04:57,0.95,0.35
2024-01-13 05:07:23,1.05,0.3
2024-01-13 05:09:49,0.93,0.15
2024-01-13 05:12:15,1.05,0.3
2024-01-13 05:14:41,0.9,0.13
2024-01-13 05:17:08,1.05,0.2
2024-01-13 05:19:34,0.9,0.3
2024-01-13 05:22:00,0.5,0.1
2024-01-13 05:24:26,0.9,0.1
2024-01-13 05:26:52,0.9,0.2
2024-01-13 05:29:19,0.68,0.1
2024-01-13 05:31:48,1.05,0.3
2024-01-13 05:34:14,0.6,0.1
2024-01-13 05:36:40,1.15,0.3
2024-01-13 05:39:06,0.85,0.1
2024-01-13 05:41:32,0.85,0.17
2024-01-13 05:43:58,0.98,0.22
2024-01-13 05:46:24,0.8,0.1
2024-01-13 05:48:50,1.15,0.57
2024-01-13 05:51:17,1.23,0.35
2024-01-13 05:53:43,1.17,0.4
2024-01-13 05:56:09,1.15,0.28
2024-01-13 05:58:35,0.7,0.1
2024-01-13 06:01:02,1.25,0.47
2024-01-13 06:03:28,0.95,0.63
2024-01-13 06:05:54,0.75,0.1
2024-01-13 06:08:20,0.6,0.1
2024-01-13 06:10:46,0.88,0.2
2024-01-13 06:13:13,0.82,0.2
2024-01-13 06:15:39,0.9,0.2
2024-01-13 06:18:05,0.8,0.1
2024-01-13 06:20:31,0.98,0.2
2024-01-13 06:22:57,0.95,0.13
2024-01-13 06:25:23,1.23,0.3
2024-01-13 06:27:49,0.7,0.1
2024-01-13 06:30:15,0.8,0.1
2024-01-13 06:32:41,1.38,0.32
2024-01-13 06:35:08,1.27,0.52
2024-01-13 06:37:34,1.05,0.35
2024-01-13 06:40:00,1.23,0.38
2024-01-13 06:42:26,1.08,0.3
2024-01-13 06:44:52,1.08,0.55
2024-01-13 06:47:19,1.1,0.2
2024-01-13 06:49:46,0.8,0.1
2024-01-13 06:52:13,1.25,0.35
2024-01-13 06:54:39,1.08,0.22
2024-01-13 06:57:06,0.85,0.15
2024-01-13 06:59:32,1.05,0.1
2024-01-13 07:01:59,1.02,0.43
2024-01-13 07:04:25,1.08,0.25
2024-01-13 07:06:53,1.15,0.3
2024-01-13 07:09:19,0.98,0.17
2024-01-13 07:11:48,0.7,0.1
2024-01-13 07:14:14,1.2,0.43
2024-01-13 07:16:40,0.63,0.1
2024-01-13 07:19:06,1.27,0.3
2024-01-13 07:21:32,0.9,0.25
2024-01-13 07:23:58,1.42,0.63
2024-01-13 07:26:25,1.48,0.52
2024-01-13 07:28:51,1.15,0.32
2024-01-13 07:31:17,1.48,0.5
2024-01-13 07:33:43,1.1,0.32
2024-01-13 07:36:09,1.27,0.2
2024-01-13 07:38:35,0.9,0.1
2024-01-13 07:41:01,0.98,0.17
2024-01-13 07:43:27,1.08,0.2
2024-01-13 07:45:53,0.7,0.1
2024-01-13 07:48:19,0.88,0.2
2024-01-13 07:50:45,1.02,0.2
2024-01-13 07:53:11,0.77,0.1
2024-01-13 07:55:37,1.08,0.2
2024-01-13 07:58:03,1.35,0.3
2024-01-13 08:00:31,2.05,0.22
2024-01-13 08:02:57,1.08,0.17
2024-01-13 08:05:24,1.3,0.38
2024-01-13 08:07:50,0.95,0.1
2024-01-13 08:10:16,1.23,0.4
2024-01-13 08:12:42,1.08,0.45
2024-01-13 08:15:08,0.95,0.2
2024-01-13 08:17:34,0.93,0.2
2024-01-13 08:20:00,1.08,0.2
2024-01-13 08:22:29,1.0,0.2
2024-01-13 08:24:55,0.9,0.13
2024-01-13 08:27:21,0.7,0.1
2024-01-13 08:29:48,1.38,0.4
2024-01-13 08:32:14,1.35,0.45
2024-01-13 08:34:40,0.9,0.2
2024-01-13 08:37:06,1.1,0.25
2024-01-13 08:39:32,1.08,0.22
2024-01-13 08:41:59,0.85,0.1
2024-01-13 08:44:25,0.7,0.1
2024-01-13 08:46:51,1.15,0.3
2024-01-13 08:49:17,0.8,0.17
2024-01-13 08:51:43,0.7,0.1
2024-01-13 08:54:09,1.27,0.32
2024-01-13 08:56:35,0.8,0.1
2024-01-13 08:59:02,1.0,0.2
2024-01-13 09:01:28,0.98,0.45
2024-01-13 09:03:54,1.25,0.43
2024-01-13 09:06:20,1.15,0.35
2024-01-13 09:08:46,0.9,0.1
2024-01-13 09:11:12,1.1,0.57
2024-01-13 09:13:38,1.13,0.25
2024-01-13 09:16:05,0.85,0.1
2024-01-13 09:18:31,0.7,0.1
2024-01-13 09:20:57,1.4,0.55
2024-01-13 09:23:23,1.4,0.55
2024-01-13 09:25:49,1.0,0.2
2024-01-13 09:28:15,1.25,0.32
2024-01-13 09:30:41,0.7,0.1
2024-01-13 09:33:07,1.17,0.32
2024-01-13 09:35:33,1.33,0.8
2024-01-13 09:37:59,1.35,0.4
2024-01-13 09:40:26,1.0,0.15
2024-01-13 09:42:56,1.1,0.25
2024-01-13 09:45:26,0.88,0.13
2024-01-13 09:47:53,1.25,0.35
2024-01-13 09:50:21,0.82,0.13
2024-01-13 09:52:47,1.17,0.2
2024-01-13 09:55:13,1.27,0.4
2024-01-13 09:57:40,1.1,0.2
2024-01-13 10:02:42,0.8,0.1
2024-01-13 10:05:09,1.25,0.35
2024-01-13 10:07:35,1.08,0.4
2024-01-13 10:10:01,1.85,1.55
2024-01-13 10:12:28,1.1,0.28
2024-01-13 10:14:54,1.08,0.2
2024-01-13 10:17:20,1.1,0.3
2024-01-13 10:19:46,1.1,0.35
2024-01-13 10:22:14,1.15,0.45
2024-01-13 10:24:40,1.13,0.3
2024-01-13 10:27:06,1.0,0.2
2024-01-13 10:29:36,1.15,0.2
2024-01-13 10:32:02,1.88,0.3
2024-01-13 10:34:28,1.35,0.2
2024-01-13 10:37:06,1.15,0.25
2024-01-13 10:39:33,1.15,0.25
2024-01-13 10:41:59,0.77,0.1
2024-01-13 10:44:26,1.13,0.3
2024-01-13 10:49:23,0.68,0.1
2024-01-13 10:51:57,1.6,0.22
2024-01-13 10:54:24,1.02,0.2
2024-01-13 10:56:52,0.98,0.2
2024-01-13 10:59:18,0.75,0.1
2024-01-13 11:01:45,0.82,0.2
2024-01-13 11:04:11,1.05,0.2
2024-01-13 11:06:39,1.0,0.22
2024-01-13 11:09:06,1.15,0.2
2024-01-13 11:11:36,1.13,0.3
2024-01-13 11:14:04,1.02,0.2
2024-01-13 11:16:32,0.65,0.1
2024-01-13 11:18:58,1.23,0.5
2024-01-13 11:21:30,1.13,0.35
2024-01-13 11:23:58,0.95,0.2
2024-01-13 11:26:34,1.15,0.2
2024-01-13 11:29:01,1.05,0.28
2024-01-13 11:31:37,0.82,0.1
2024-01-13 11:34:04,1.3,0.3
2024-01-13 11:36:34,1.13,0.3
2024-01-13 11:39:01,1.02,0.45
2024-01-13 11:44:10,1.0,0.2
2024-01-13 11:46:38,1.42,0.57
2024-01-13 11:49:04,1.05,0.45
2024-01-13 11:54:15,1.35,0.63
2024-01-13 11:56:42,1.23,0.3
2024-01-13 11:59:08,1.1,0.3
2024-01-13 12:01:35,1.13,0.2
2024-01-13 12:04:01,1.0,0.3
2024-01-13 12:06:27,0.85,0.1
2024-01-13 12:08:54,1.02,0.28
2024-01-13 12:11:21,0.75,0.1
2024-01-13 12:13:47,1.08,0.3
2024-01-13 12:16:13,1.02,0.28
2024-01-13 12:18:39,0.98,0.28
2024-01-13 12:21:10,1.0,0.2
2024-01-13 12:23:39,0.82,0.13
2024-01-13 12:26:05,1.33,0.28
2024-01-13 12:28:31,0.9,0.2
2024-01-13 12:30:57,1.0,0.28
2024-01-13 12:33:27,0.9,0.1
2024-01-13 12:36:00,0.75,0.1
2024-01-13 12:38:26,0.93,0.2
2024-01-13 12:40:53,1.08,0.3
2024-01-13 12:43:19,1.45,0.5
2024-01-13 12:45:47,1.08,0.35
2024-01-13 12:48:14,1.0,0.3
2024-01-13 12:50:44,1.1,0.3
2024-01-13 12:53:10,0.8,0.1
2024-01-13 12:55:37,0.88,0.1
2024-01-13 12:58:03,1.13,0.22
2024-01-13 13:00:30,1.4,0.32
2024-01-13 13:02:56,0.82,0.1
2024-01-13 13:05:22,0.88,0.2
2024-01-13 13:07:48,0.8,0.1
2024-01-13 13:10:15,0.9,0.2
2024-01-13 13:12:43,0.9,0.32
2024-01-13 13:15:09,1.17,0.3
2024-01-13 13:17:35,1.1,0.32
2024-01-13 13:20:02,0.82,0.13
2024-01-13 13:22:28,0.77,0.1
2024-01-13 13:24:54,1.2,0.3
2024-01-13 13:27:20,1.1,0.2
2024-01-13 13:29:47,0.8,0.13
2024-01-13 13:32:13,1.13,0.2
2024-01-13 13:34:42,1.35,0.5
2024-01-13 13:37:09,1.27,0.38
2024-01-13 13:39:35,1.7,0.25
2024-01-13 13:42:03,0.8,0.1
2024-01-13 13:44:29,0.98,0.13
2024-01-13 13:49:27,1.23,0.45
2024-01-13 13:52:02,1.42,0.68
2024-01-13 13:54:29,1.0,0.2
2024-01-13 13:56:56,0.88,0.2
2024-01-13 13:59:23,0.93,0.35
2024-01-13 14:01:49,1.08,0.65
2024-01-13 14:04:15,1.02,0.2
2024-01-13 14:06:41,0.82,0.1
2024-01-13 14:09:07,1.17,0.68
2024-01-13 14:11:34,1.0,0.3
2024-01-13 14:14:01,1.13,0.3
2024-01-13 14:16:28,0.8,0.13
2024-01-13 14:18:54,0.98,0.2
2024-01-13 14:21:21,1.02,0.2
2024-01-13 14:23:48,1.33,0.57
2024-01-13 14:26:14,0.85,0.15
2024-01-13 14:28:40,1.27,0.75
2024-01-13 14:31:06,1.27,0.28
2024-01-13 14:33:32,1.3,0.43
2024-01-13 14:35:59,1.0,0.2
2024-01-13 14:38:25,1.45,0.38
2024-01-13 14:40:53,0.88,0.15
2024-01-13 14:43:19,0.98,0.2
2024-01-13 14:45:45,1.27,0.65
2024-01-13 14:48:11,1.02,0.2
2024-01-13 14:50:37,1.55,0.52
2024-01-13 14:53:04,1.1,0.3
2024-01-13 14:55:30,1.0,0.1
2024-01-13 14:57:56,0.8,0.1
2024-01-13 15:00:22,1.5,0.4
2024-01-13 15:02:48,1.1,0.13
2024-01-13 15:05:14,1.05,0.17
2024-01-13 15:07:40,0.95,0.15
2024-01-13 15:10:07,1.08,0.82
2024-01-13 15:12:35,1.13,0.52
2024-01-13 15:15:01,0.9,0.2
2024-01-13 15:17:27,1.38,0.6
2024-01-13 15:19:53,1.0,0.2
2024-01-13 15:22:19,0.88,0.1
2024-01-13 15:24:45,2.0,0.32
2024-01-13 15:27:12,1.0,0.1
2024-01-13 15:29:38,1.02,0.25
2024-01-13 15:32:04,1.5,0.6
2024-01-13 15:34:30,1.23,0.3
2024-01-13 15:36:56,1.67,0.5
2024-01-13 15:39:23,0.63,0.1
2024-01-13 15:41:49,0.93,0.15
2024-01-13 15:44:15,1.35,0.63
2024-01-13 15:46:41,1.1,0.2
2024-01-13 15:49:07,1.27,0.4
2024-01-13 15:51:33,0.88,0.15
2024-01-13 15:53:59,1.27,0.5
2024-01-13 15:56:28,1.3,0.47
2024-01-13 15:58:54,0.9,0.2
2024-01-13 16:01:20,1.0,0.3
2024-01-13 16:03:47,0.93,0.13
2024-01-13 16:06:13,0.85,0.15
2024-01-13 16:08:39,1.02,0.3
2024-01-13 16:11:05,1.55,0.43
2024-01-13 16:13:31,1.02,0.3
2024-01-13 16:15:57,0.8,0.17
2024-01-13 16:18:24,1.38,0.3
2024-01-13 16:20:50,1.38,0.38
2024-01-13 16:23:16,1.0,0.2
2024-01-13 16:25:42,1.55,0.47
2024-01-13 16:28:09,1.02,0.15
2024-01-13 16:30:35,1.0,0.17
2024-01-13 16:33:02,0.65,0.1
2024-01-13 16:35:28,1.27,0.3
2024-01-13 16:37:55,1.35,0.4
2024-01-13 16:40:21,1.1,0.2
2024-01-13 16:42:54,0.88,0.15
2024-01-13 16:45:21,1.0,0.2
2024-01-13 16:47:47,1.02,0.13
2024-01-13 16:50:17,1.23,0.3
2024-01-13 16:52:44,0.85,0.2
2024-01-13 16:55:10,0.95,0.3
2024-01-13 16:57:36,0.73,0.1
2024-01-13 17:00:02,0.98,0.25
2024-01-13 17:02:30,1.08,0.2
2024-01-13 17:04:56,0.88,0.1
2024-01-13 17:07:22,1.08,0.2
2024-01-13 17:09:48,0.7,0.1
2024-01-13 17:12:14,0.8,0.2
2024-01-13 17:14:40,1.17,0.38
2024-01-13 17:17:06,1.13,0.4
2024-01-13 17:19:32,0.8,0.1
2024-01-13 17:21:58,1.58,0.6
2024-01-13 17:24:25,0.82,0.15
2024-01-13 17:26:51,1.13,0.2
2024-01-13 17:29:17,0.7,0.1
2024-01-13 17:31:43,1.08,0.2
2024-01-13 17:34:09,1.42,0.32
2024-01-13 17:36:36,1.0,0.17
2024-01-13 17:39:02,0.98,0.2
2024-01-13 17:41:28,1.33,0.55
2024-01-13 17:43:54,0.95,0.2
2024-01-13 17:46:21,0.82,0.2
2024-01-13 17:48:48,1.15,0.3
2024-01-13 17:51:15,1.52,0.45
2024-01-13 17:53:41,1.63,0.22
2024-01-13 17:56:07,0.95,0.13
2024-01-13 17:58:33,1.08,0.22
2024-01-13 18:01:01,0.6,0.1
2024-01-13 18:03:27,1.2,0.25
2024-01-13 18:05:53,1.23,0.3
2024-01-13 18:08:19,0.8,0.1
2024-01-13 18:10:45,1.08,0.3
2024-01-13 18:13:12,0.7,0.1
2024-01-13 18:15:38,0.82,0.1
2024-01-13 18:18:04,0.93,0.15
2024-01-13 18:20:30,0.85,0.1
2024-01-13 18:22:57,1.05,0.3
2024-01-13 18:25:23,0.85,0.13
2024-01-13 18:27:50,0.98,0.22
2024-01-13 18:30:16,1.25,0.25
2024-01-13 18:32:42,0.9,0.1
2024-01-13 18:35:11,1.13,0.3
2024-01-13 18:37:38,0.9,0.13
2024-01-13 18:40:04,1.42,0.57
2024-01-13 18:42:32,1.17,0.3
2024-01-13 18:44:58,1.13,0.2
2024-01-13 18:47:24,0.73,0.1
2024-01-13 18:49:50,1.33,0.32
2024-01-13 18:52:16,0.75,0.1
2024-01-13 18:54:43,0.82,0.2
2024-01-13 18:57:10,1.02,0.22
2024-01-13 18:59:36,0.9,0.1
2024-01-13 19:02:02,1.05,0.22
2024-01-13 19:04:28,1.0,0.3
2024-01-13 19:06:54,1.23,0.38
2024-01-13 19:09:20,1.2,0.25
2024-01-13 19:11:46,0.82,0.1
2024-01-13 19:14:13,1.2,0.38
2024-01-13 19:16:39,1.25,0.17
2024-01-13 19:19:09,0.8,0.1
2024-01-13 19:21:35,1.08,0.32
2024-01-13 19:24:05,0.82,0.2
2024-01-13 19:26:31,0.9,0.2
2024-01-13 19:28:57,0.93,0.2
2024-01-13 19:31:23,0.9,0.1
2024-01-13 19:33:49,0.68,0.17
2024-01-13 19:36:15,1.35,0.5
2024-01-13 19:38:41,0.9,0.1
2024-01-13 19:41:08,0.88,0.2
2024-01-13 19:43:34,1.08,0.2
2024-01-13 19:46:00,1.2,0.38
2024-01-13 19:48:30,0.7,0.1
2024-01-13 19:50:56,0.93,0.13
2024-01-13 19:53:24,0.8,0.1
2024-01-13 19:55:50,1.17,0.35
2024-01-13 19:58:16,1.15,0.3
2024-01-13 20:00:42,1.15,0.45
2024-01-13 20:03:08,0.95,0.15
2024-01-13 20:05:34,1.05,0.22
2024-01-13 20:08:00,1.0,0.17
2024-01-13 20:10:26,0.85,0.1
2024-01-13 20:12:53,1.13,0.4
2024-01-13 20:15:19,1.1,0.3
2024-01-13 20:17:45,1.0,0.2
2024-01-13 20:20:11,1.17,0.35
2024-01-13 20:22:39,1.23,0.25
2024-01-13 20:25:05,1.42,0.4
2024-01-13 20:27:31,1.33,0.43
2024-01-13 20:29:57,1.2,0.3
2024-01-13 20:32:26,0.68,0.1
2024-01-13 20:34:52,1.13,0.2
2024-01-13 20:37:19,1.13,0.3
2024-01-13 20:39:45,1.05,0.3
2024-01-13 20:42:12,0.88,0.1
2024-01-13 20:44:38,1.17,0.35
2024-01-13 20:47:04,1.6,0.98
2024-01-13 20:49:32,1.15,0.1
2024-01-13 20:52:01,0.7,0.1
2024-01-13 20:54:27,0.8,0.1
2024-01-13 20:56:53,0.8,0.1
2024-01-13 20:59:19,1.1,0.32
2024-01-13 21:01:46,0.9,0.13
2024-01-13 21:04:12,1.1,0.2
2024-01-13 21:06:39,1.13,0.35
2024-01-13 21:09:05,1.08,0.28
2024-01-13 21:11:32,1.08,0.1
2024-01-13 21:13:58,1.33,0.38
2024-01-13 21:16:25,0.68,0.1
2024-01-13 21:18:51,1.15,0.32
2024-01-13 21:21:17,0.7,0.1
2024-01-13 21:23:44,1.25,0.68
2024-01-13 21:26:10,0.9,0.15
2024-01-13 21:28:38,0.85,0.15
2024-01-13 21:31:04,0.98,0.3
2024-01-13 21:33:31,0.9,0.2
2024-01-13 21:36:00,0.88,0.1
2024-01-13 21:38:27,0.9,0.1
2024-01-13 21:40:53,1.13,0.22
2024-01-13 21:43:20,1.25,0.3
2024-01-13 21:45:46,1.33,0.38
2024-01-13 21:48:12,1.0,0.3
2024-01-13 21:50:38,1.0,0.2
2024-01-13 21:53:04,1.0,0.25
2024-01-13 21:55:31,0.88,0.1
2024-01-13 21:57:57,0.95,0.2
2024-01-13 22:00:23,1.27,0.57
2024-01-13 22:02:49,1.1,0.38
2024-01-13 22:05:15,0.73,0.1
2024-01-13 22:07:42,0.73,0.1
2024-01-13 22:10:08,1.33,0.65
2024-01-13 22:12:34,1.13,0.35
2024-01-13 22:15:01,0.85,0.13
2024-01-13 22:17:27,0.88,0.1
2024-01-13 22:19:53,0.95,0.2
2024-01-13 22:22:19,0.77,0.1
2024-01-13 22:24:45,1.38,0.52
2024-01-13 22:27:11,1.08,0.17
2024-01-13 22:29:37,1.23,0.35
2024-01-13 22:32:03,1.05,0.2
2024-01-13 22:34:29,0.8,0.1
2024-01-13 22:36:56,1.38,0.45
2024-01-13 22:39:22,1.38,0.55
2024-01-13 22:41:48,0.98,0.2
2024-01-13 22:44:16,1.02,0.22
2024-01-13 22:46:42,1.23,0.63
2024-01-13 22:49:08,0.73,0.1
2024-01-13 22:51:34,1.23,0.4
2024-01-13 22:54:02,1.42,0.6
2024-01-13 22:56:30,1.3,0.3
2024-01-13 22:58:58,1.65,0.6
2024-01-13 23:01:24,1.08,0.2
2024-01-13 23:03:50,1.05,0.3
2024-01-13 23:06:16,0.82,0.32
2024-01-13 23:08:43,1.3,0.65
2024-01-13 23:11:09,1.13,0.2
2024-01-13 23:13:35,1.05,0.25
2024-01-13 23:16:02,1.0,0.3
2024-01-13 23:18:28,1.15,0.2
2024-01-13 23:20:55,1.2,0.4
2024-01-13 23:23:21,0.8,0.1
2024-01-13 23:25:47,0.8,0.1
2024-01-13 23:28:13,1.9,1.58
2024-01-13 23:30:39,1.08,0.5
2024-01-13 23:33:07,0.9,0.2
2024-01-13 23:35:33,1.3,0.43
2024-01-13 23:37:59,1.08,0.22
2024-01-13 23:40:26,1.13,0.22
2024-01-13 23:42:52,1.25,0.3
2024-01-13 23:45:18,1.33,0.3
2024-01-13 23:47:44,1.48,0.52
2024-01-13 23:50:11,0.98,0.2
2024-01-13 23:52:37,0.85,0.1
2024-01-13 23:55:04,0.9,0.1
2024-01-13 23:57:30,0.98,0.2
2024-01-13 23:59:57,1.67,1.0
2024-01-14 00:02:23,0.75,0.1
2024-01-14 00:04:49,0.9,0.1
2024-01-14 00:07:15,1.23,0.45
2024-01-14 00:09:41,1.38,0.52
2024-01-14 00:12:10,1.17,0.25
2024-01-14 00:14:37,0.5,0.1
2024-01-14 00:17:03,0.8,0.1
2024-01-14 00:19:29,0.7,0.1
2024-01-14 00:21:55,1.25,0.47
2024-01-14 00:24:21,1.0,0.2
2024-01-14 00:26:47,1.13,0.3
2024-01-14 00:29:13,1.33,0.4
2024-01-14 00:31:40,1.2,0.5
2024-01-14 00:34:06,0.98,0.28
2024-01-14 00:36:37,1.05,0.28
2024-01-14 00:39:03,0.85,0.2
2024-01-14 00:41:29,1.1,0.38
2024-01-14 00:43:55,1.0,0.3
2024-01-14 00:46:21,1.02,0.2
2024-01-14 00:48:48,0.85,0.13
2024-01-14 00:51:15,1.2,0.3
2024-01-14 00:53:41,1.13,0.32
2024-01-14 00:56:07,0.8,0.13
2024-01-14 00:58:33,0.98,0.3
2024-01-14 01:00:59,1.42,0.63
2024-01-14 01:03:25,1.05,0.2
2024-01-14 01:05:51,0.85,0.2
2024-01-14 01:08:19,1.65,0.95
2024-01-14 01:10:45,0.7,0.2
2024-01-14 01:13:11,0.77,0.1
2024-01-14 01:15:37,1.48,0.4
2024-01-14 01:18:04,0.82,0.1
2024-01-14 01:20:30,1.02,0.2
2024-01-14 01:22:56,1.3,0.5
2024-01-14 01:25:22,0.8,0.1
2024-01-14 01:27:48,1.05,0.2
2024-01-14 01:30:14,0.7,0.1
2024-01-14 01:32:40,1.15,0.22
2024-01-14 01:35:07,0.8,0.1
2024-01-14 01:37:33,0.73,0.1
2024-01-14 01:39:59,1.35,0.43
2024-01-14 01:42:25,1.35,0.52
2024-01-14 01:44:51,1.02,0.45
2024-01-14 01:47:17,0.7,0.1
2024-01-14 01:49:43,0.93,0.2
2024-01-14 01:52:09,0.98,0.1
2024-01-14 01:54:36,0.95,0.2
2024-01-14 01:57:04,0.9,0.1
2024-01-14 01:59:30,1.0,0.2
2024-01-14 02:01:56,0.88,0.1
2024-01-14 02:04:24,1.02,0.2
2024-01-14 02:06:51,0.75,0.1
2024-01-14 02:09:17,0.77,0.1
2024-01-14 02:11:43,0.88,0.1
2024-01-14 02:14:09,1.13,0.22
2024-01-14 02:16:35,1.27,0.63
2024-01-14 02:19:01,2.05,0.8
2024-01-14 02:21:32,0.7,0.1
2024-01-14 02:24:41,0.8,0.1
2024-01-14 02:26:48,0.8,0.1
2024-01-14 02:29:14,0.9,0.1
2024-01-14 02:31:40,1.45,0.4
2024-01-14 02:34:07,0.75,0.1
2024-01-14 02:36:33,0.85,0.15
2024-01-14 02:38:59,0.85,0.22
2024-01-14 02:41:25,0.93,0.17
2024-01-14 02:43:51,1.3,0.65
2024-01-14 02:46:17,0.73,0.2
2024-01-14 02:48:43,0.82,0.2
2024-01-14 02:51:09,1.15,0.55
2024-01-14 02:53:35,1.05,0.38
2024-01-14 02:56:01,0.7,0.1
2024-01-14 02:58:27,1.15,0.4
2024-01-14 03:00:53,0.77,0.13
2024-01-14 03:03:20,0.65,0.1
2024-01-14 03:05:46,0.95,0.15
2024-01-14 03:08:12,0.9,0.17
2024-01-14 03:10:39,1.15,0.45
2024-01-14 03:13:05,1.1,0.32
2024-01-14 03:15:31,1.13,0.3
2024-01-14 03:17:57,0.7,0.1
2024-01-14 03:20:23,1.0,0.2
2024-01-14 03:22:49,0.82,0.2
2024-01-14 03:25:15,1.02,0.38
2024-01-14 03:27:41,1.08,0.22
2024-01-14 03:30:09,1.2,0.3
2024-01-14 03:32:35,1.08,0.28
2024-01-14 03:35:02,0.6,0.1
2024-01-14 03:37:28,1.05,0.25
2024-01-14 03:39:54,1.05,0.4
2024-01-14 03:42:20,0.8,0.1
2024-01-14 03:44:46,1.05,0.2
2024-01-14 03:47:12,1.35,0.3
2024-01-14 03:49:38,0.95,0.17
2024-01-14 03:52:04,0.93,0.17
2024-01-14 03:54:30,0.85,0.2
2024-01-14 03:56:56,0.8,0.1
2024-01-14 03:59:22,1.15,0.3
2024-01-14 04:01:48,0.88,0.13
2024-01-14 04:04:14,0.9,0.1
2024-01-14 04:06:42,0.63,0.1
2024-01-14 04:09:08,0.73,0.1
2024-01-14 04:11:36,1.08,0.3
2024-01-14 04:14:02,0.85,0.17
2024-01-14 04:16:37,1.08,0.3
2024-01-14 04:19:04,0.73,0.1
2024-01-14 04:21:30,0.98,0.2
2024-01-14 04:23:56,0.7,0.15
2024-01-14 04:26:24,0.8,0.1
2024-01-14 04:28:51,0.9,0.1
2024-01-14 04:31:17,1.1,0.2
2024-01-14 04:33:44,1.38,0.5
2024-01-14 04:36:10,0.73,0.1
2024-01-14 04:38:36,0.68,0.1
2024-01-14 04:41:02,0.88,0.2
2024-01-14 04:43:28,0.85,0.1
2024-01-14 04:45:54,1.23,0.5
2024-01-14 04:48:20,1.55,1.0
2024-01-14 04:50:46,0.8,0.13
2024-01-14 04:53:12,0.85,0.1
2024-01-14 04:55:38,0.65,0.1
2024-01-14 04:58:04,1.38,1.0
2024-01-14 05:00:31,1.0,0.2
2024-01-14 05:02:57,1.1,0.22
2024-01-14 05:05:23,1.23,0.63
2024-01-14 05:07:49,1.33,0.4
2024-01-14 05:10:15,1.63,0.6
2024-01-14 05:12:41,1.13,0.2
2024-01-14 05:15:07,0.8,0.1
2024-01-14 05:17:34,1.2,0.47
2024-01-14 05:20:00,1.05,0.28
2024-01-14 05:22:26,1.0,0.3
2024-01-14 05:24:54,0.98,0.25
2024-01-14 05:27:20,1.48,0.5
2024-01-14 05:29:46,0.8,0.1
2024-01-14 05:32:16,0.85,0.1
2024-01-14 05:34:42,1.5,0.55
2024-01-14 05:37:09,1.08,0.45
2024-01-14 05:39:35,1.05,0.28
2024-01-14 05:42:02,0.93,0.15
2024-01-14 05:44:28,0.85,0.2
2024-01-14 05:46:54,1.17,0.25
2024-01-14 05:49:20,0.98,0.3
2024-01-14 05:51:47,1.2,0.3
2024-01-14 05:54:14,1.08,0.2
2024-01-14 05:56:40,0.9,0.3
2024-01-14 05:59:06,1.13,0.5
2024-01-14 06:01:32,1.3,0.38
2024-01-14 06:03:58,1.1,0.2
2024-01-14 06:06:24,0.95,0.28
2024-01-14 06:08:50,0.73,0.1
2024-01-14 06:11:16,1.02,0.3
2024-01-14 06:13:42,1.63,1.0
2024-01-14 06:16:10,1.3,0.45
2024-01-14 06:18:36,0.7,0.1
2024-01-14 06:21:02,0.82,0.13
2024-01-14 06:23:29,1.3,0.6
2024-01-14 06:25:55,0.65,0.13
2024-01-14 06:28:21,1.0,0.2
2024-01-14 06:30:48,1.1,0.35
2024-01-14 06:33:17,0.98,0.2
2024-01-14 06:35:43,0.85,0.15
2024-01-14 06:38:09,1.1,0.3
2024-01-14 06:40:35,1.08,0.2
2024-01-14 06:43:02,1.08,0.2
2024-01-14 06:45:28,1.15,0.4
2024-01-14 06:47:54,1.38,0.68
2024-01-14 06:50:20,0.8,0.17
2024-01-14 06:52:46,0.9,0.2
2024-01-14 06:55:12,0.8,0.1
2024-01-14 06:57:39,1.33,0.3
2024-01-14 07:00:05,0.77,0.1
2024-01-14 07:02:33,0.95,0.1
2024-01-14 07:04:59,1.02,0.2
2024-01-14 07:07:25,1.2,0.5
2024-01-14 07:09:52,0.8,0.1
2024-01-14 07:12:18,0.8,0.1
2024-01-14 07:14:45,1.25,0.35
2024-01-14 07:17:11,1.33,0.4
2024-01-14 07:19:37,1.0,0.2
2024-01-14 07:22:03,0.95,0.35
2024-01-14 07:24:31,1.35,0.52
2024-01-14 07:26:58,0.7,0.1
2024-01-14 07:29:27,0.98,0.1
2024-01-14 07:31:53,0.82,0.1
2024-01-14 07:34:19,1.0,0.13
2024-01-14 07:36:45,0.65,0.1
2024-01-14 07:39:11,1.2,0.32
2024-01-14 07:41:37,0.8,0.2
2024-01-14 07:44:04,0.75,0.1
2024-01-14 07:46:30,1.25,0.35
2024-01-14 07:48:56,0.93,0.17
2024-01-14 07:51:22,1.3,0.4
2024-01-14 07:53:48,1.58,0.45
2024-01-14 07:56:14,1.0,0.3
2024-01-14 07:58:41,1.1,0.22
2024-01-14 08:01:08,1.3,0.45
2024-01-14 08:03:34,0.95,0.17
2024-01-14 08:06:01,0.85,0.28
2024-01-14 08:08:27,1.13,0.57
2024-01-14 08:10:53,1.0,0.17
2024-01-14 08:13:19,0.93,0.2
2024-01-14 08:15:45,0.7,0.1
2024-01-14 08:18:11,1.2,0.3
2024-01-14 08:20:37,0.98,0.25
2024-01-14 08:23:04,1.5,0.6
2024-01-14 08:25:30,1.15,0.35
2024-01-14 08:27:56,1.05,0.28
2024-01-14 08:30:22,1.0,0.2
2024-01-14 08:32:48,1.23,0.32
2024-01-14 08:35:14,1.0,0.1
2024-01-14 08:37:41,1.23,0.3
2024-01-14 08:40:11,1.35,0.3
2024-01-14 08:42:39,1.0,0.2
2024-01-14 08:45:09,1.35,0.55
2024-01-14 08:47:35,1.27,0.32
2024-01-14 08:50:01,1.13,0.2
2024-01-14 08:52:27,1.23,0.32
2024-01-14 08:54:53,1.25,0.38
2024-01-14 08:57:19,1.0,0.2
2024-01-14 08:59:45,1.13,0.35
2024-01-14 09:02:11,1.45,0.43
2024-01-14 09:04:37,1.1,0.3
2024-01-14 09:07:03,1.6,0.5
2024-01-14 09:09:29,1.45,0.85
2024-01-14 09:11:55,1.3,0.38
2024-01-14 09:14:21,1.17,0.3
2024-01-14 09:16:47,1.05,0.2
2024-01-14 09:19:14,1.1,0.32
2024-01-14 09:21:40,1.02,0.2
2024-01-14 09:24:06,0.8,0.1
2024-01-14 09:26:34,1.48,0.65
2024-01-14 09:29:00,1.0,0.2
2024-01-14 09:31:26,1.25,0.32
2024-01-14 09:33:52,1.25,0.52
2024-01-14 09:36:18,1.35,0.63
2024-01-14 09:38:48,1.08,0.2
2024-01-14 09:46:25,0.8,0.1
2024-01-14 09:48:51,1.4,0.63
2024-01-14 09:51:20,1.13,0.32
2024-01-14 09:53:51,1.1,0.32
2024-01-14 09:56:18,1.02,0.25
2024-01-14 09:58:45,1.17,0.43
2024-01-14 10:01:11,1.2,0.1
2024-01-14 10:03:39,1.38,0.63
2024-01-14 10:06:05,0.93,0.2
2024-01-14 10:08:32,1.17,0.25
2024-01-14 10:10:58,1.2,0.32
2024-01-14 10:13:28,1.23,0.2
2024-01-14 10:15:54,1.65,1.17
2024-01-14 10:18:20,1.33,0.3
2024-01-14 10:20:46,1.17,0.2
2024-01-14 10:23:12,1.25,0.3
2024-01-14 10:25:39,1.17,0.22
2024-01-14 10:28:05,1.2,0.1
2024-01-14 10:30:32,1.2,0.3
2024-01-14 10:33:00,1.02,0.17
2024-01-14 10:35:27,1.33,0.35
2024-01-14 10:37:53,0.8,0.2
2024-01-14 10:40:19,1.05,0.35
2024-01-14 10:42:45,0.98,0.2
2024-01-14 10:45:11,1.3,0.3
2024-01-14 10:47:37,1.1,0.4
2024-01-14 10:50:07,1.13,0.2
2024-01-14 10:52:36,0.88,0.1
2024-01-14 10:55:13,1.15,0.2
2024-01-14 10:57:45,0.9,0.2
2024-01-14 11:00:12,1.65,0.52
2024-01-14 11:02:40,0.93,0.1
2024-01-14 11:05:06,1.17,0.3
2024-01-14 11:07:34,1.17,0.63
2024-01-14 11:10:00,1.2,0.3
2024-01-14 11:12:29,0.95,0.2
2024-01-14 11:14:59,0.93,0.57
2024-01-14 11:17:40,1.02,0.25
2024-01-14 11:20:08,0.82,0.1
2024-01-14 11:22:37,1.1,0.3
2024-01-14 11:25:03,1.08,0.25
2024-01-14 11:27:30,0.85,0.1
2024-01-14 11:29:57,0.93,0.2
2024-01-14 11:32:23,0.6,0.1
2024-01-14 11:34:56,1.42,0.52
2024-01-14 11:39:48,0.98,0.15
2024-01-14 11:42:15,1.0,0.2
2024-01-14 11:44:41,1.48,0.43
2024-01-14 11:47:07,0.95,0.2
2024-01-14 11:49:33,1.25,0.32
2024-01-14 11:52:02,0.98,0.2
2024-01-14 11:54:31,1.17,0.32
2024-01-14 11:56:57,1.48,0.43
2024-01-14 11:59:26,1.2,0.35
2024-01-14 12:01:52,1.02,0.2
2024-01-14 12:04:18,1.25,0.38
2024-01-14 12:06:45,0.9,0.1
2024-01-14 12:09:12,1.52,0.55
2024-01-14 12:11:39,1.55,0.47
2024-01-14 12:14:06,1.15,0.25
2024-01-14 12:16:32,1.15,0.3
2024-01-14 12:18:59,1.33,0.28
2024-01-14 12:21:25,1.42,0.52
2024-01-14 12:23:52,1.0,0.3
2024-01-14 12:26:19,0.8,0.1
2024-01-14 12:28:45,1.95,0.43
2024-01-14 12:31:18,1.13,0.25
2024-01-14 12:33:45,1.1,0.28
2024-01-14 12:36:12,1.1,0.2
2024-01-14 12:38:39,1.17,0.28
2024-01-14 12:41:05,0.98,0.17
2024-01-14 12:43:31,1.3,0.4
2024-01-14 12:45:57,1.35,0.32
2024-01-14 12:48:25,1.13,0.3
2024-01-14 12:50:55,1.2,0.3
2024-01-14 12:53:21,1.25,0.63
2024-01-14 12:55:48,0.95,0.2
2024-01-14 12:58:14,0.95,0.2
2024-01-14 13:00:41,0.85,0.17
2024-01-14 13:03:07,1.25,0.38
2024-01-14 13:05:34,1.17,0.4
2024-01-14 13:08:00,0.65,0.1
2024-01-14 13:10:27,1.15,0.3
2024-01-14 13:12:54,1.27,0.4
2024-01-14 13:15:20,1.15,0.3
2024-01-14 13:17:46,0.95,0.1
2024-01-14 13:20:13,1.25,0.3
2024-01-14 13:22:39,1.17,0.35
2024-01-14 13:25:05,1.0,0.2
2024-01-14 13:27:32,1.08,0.15
2024-01-14 13:29:59,1.13,0.3
2024-01-14 13:32:26,1.4,0.4
2024-01-14 13:34:52,1.08,0.2
2024-01-14 13:37:18,2.05,0.55
2024-01-14 13:39:44,1.25,0.2
2024-01-14 13:42:11,1.1,0.28
2024-01-14 13:44:37,1.67,1.38
2024-01-14 13:47:04,1.25,0.3
2024-01-14 13:49:30,1.02,0.2
2024-01-14 13:51:56,1.02,0.38
2024-01-14 13:54:22,1.17,0.2
2024-01-14 13:56:48,1.0,0.2
2024-01-14 13:59:19,1.3,0.3
2024-01-14 14:01:45,1.38,0.38
2024-01-14 14:04:11,1.1,0.2
2024-01-14 14:06:37,1.02,0.25
2024-01-14 14:09:04,1.17,0.3
2024-01-14 14:11:31,0.88,0.2
2024-01-14 14:13:57,0.9,0.1
2024-01-14 14:16:24,1.0,0.3
2024-01-14 14:18:50,1.02,0.3
2024-01-14 14:21:16,1.1,0.4
2024-01-14 14:23:43,1.17,0.25
2024-01-14 14:26:09,1.25,0.3
2024-01-14 14:28:35,1.4,0.52
2024-01-14 14:31:01,1.1,0.2
2024-01-14 14:33:27,1.27,0.45
2024-01-14 14:35:53,1.45,0.82
2024-01-14 14:38:19,1.4,0.43
2024-01-14 14:40:46,1.15,0.22
2024-01-14 14:43:12,1.4,0.25
2024-01-14 14:45:38,1.35,0.32
2024-01-14 14:48:04,1.17,0.3
2024-01-14 14:50:30,1.83,0.6
2024-01-14 14:52:56,0.82,0.22
2024-01-14 14:55:23,1.27,0.32
2024-01-14 14:57:49,1.23,0.3
2024-01-14 15:00:15,1.2,0.2
2024-01-14 15:02:42,0.95,0.22
2024-01-14 15:05:08,1.05,0.22
2024-01-14 15:07:34,1.3,0.47
2024-01-14 15:10:00,1.15,0.52
2024-01-14 15:12:26,1.52,0.2
2024-01-14 15:14:52,1.23,0.4
2024-01-14 15:17:20,1.33,0.47
2024-01-14 15:19:46,1.35,0.32
2024-01-14 15:22:12,1.35,0.3
2024-01-14 15:24:40,0.95,0.2
2024-01-14 15:27:06,1.0,0.2
2024-01-14 15:29:33,0.93,0.17
2024-01-14 15:31:59,0.9,0.1
2024-01-14 15:34:25,0.93,0.2
2024-01-14 15:36:51,1.23,0.17
2024-01-14 15:39:17,0.7,0.1
2024-01-14 15:41:44,1.25,0.52
2024-01-14 15:44:11,0.85,0.2
2024-01-14 15:46:37,0.98,0.25
2024-01-14 15:49:03,1.25,0.32
2024-01-14 15:51:29,1.0,0.2
2024-01-14 15:53:56,1.23,0.3
2024-01-14 15:56:22,1.1,0.3
2024-01-14 15:58:48,1.48,0.4
2024-01-14 16:01:14,1.3,0.43
2024-01-14 16:03:44,1.2,0.35
2024-01-14 16:06:10,0.73,0.1
2024-01-14 16:08:36,1.05,0.32
2024-01-14 16:11:02,1.45,0.47
2024-01-14 16:13:29,1.05,0.2
2024-01-14 16:15:55,1.27,0.5
2024-01-14 16:18:21,1.17,0.3
2024-01-14 16:20:47,1.0,0.17
2024-01-14 16:23:13,1.13,0.22
2024-01-14 16:25:39,1.35,0.6
2024-01-14 16:28:06,1.13,0.3
2024-01-14 16:30:32,0.9,0.1
2024-01-14 16:32:58,0.9,0.4
2024-01-14 16:35:24,1.05,0.2
2024-01-14 16:37:50,1.2,0.2
2024-01-14 16:40:16,1.1,0.2
2024-01-14 16:42:43,1.95,0.47
2024-01-14 16:45:10,0.9,0.1
2024-01-14 16:47:36,1.25,0.38
2024-01-14 16:50:02,1.05,0.3
2024-01-14 16:52:30,0.98,0.2
2024-01-14 16:54:56,1.25,0.3
2024-01-14 16:57:22,1.0,0.2
2024-01-14 16:59:48,1.17,0.2
2024-01-14 17:02:14,0.95,0.15
2024-01-14 17:04:41,1.15,0.25
2024-01-14 17:07:07,1.3,0.13
2024-01-14 17:09:33,1.05,0.22
2024-01-14 17:11:59,0.8,0.1
2024-01-14 17:14:25,1.0,0.3
2024-01-14 17:16:52,1.35,0.43
2024-01-14 17:19:18,1.0,0.1
2024-01-14 17:21:44,0.85,0.15
2024-01-14 17:24:10,1.35,0.45
2024-01-14 17:26:37,1.4,0.68
2024-01-14 17:29:03,0.98,0.17
2024-01-14 17:31:29,0.85,0.1
2024-01-14 17:33:56,0.85,0.1
2024-01-14 17:36:22,0.8,0.1
2024-01-14 17:38:51,1.08,0.3
2024-01-14 17:41:17,0.7,0.1
2024-01-14 17:43:44,1.25,0.52
2024-01-14 17:46:10,1.08,0.32
2024-01-14 17:48:40,0.9,0.1
2024-01-14 17:51:07,0.8,0.1
2024-01-14 17:53:33,0.8,0.1
2024-01-14 17:55:59,1.38,0.47
2024-01-14 17:58:25,1.2,0.38
2024-01-14 18:00:51,1.08,0.22
2024-01-14 18:03:17,1.2,0.28
2024-01-14 18:05:44,1.35,0.35
2024-01-14 18:08:10,1.02,0.13
2024-01-14 18:10:40,1.0,0.2
2024-01-14 18:13:08,0.95,0.2
2024-01-14 18:15:34,1.38,0.73
2024-01-14 18:18:01,1.33,0.32
2024-01-14 18:20:31,0.9,0.1
2024-01-14 18:22:58,1.63,0.3
2024-01-14 18:25:24,1.5,0.82
2024-01-14 18:27:50,1.38,0.4
2024-01-14 18:30:16,1.4,0.55
2024-01-14 18:32:42,1.45,0.38
2024-01-14 18:35:08,1.25,0.3
2024-01-14 18:37:34,1.17,0.3
2024-01-14 18:40:00,1.0,0.15
2024-01-14 18:42:26,1.13,0.4
2024-01-14 18:44:55,1.1,0.2
2024-01-14 18:47:21,1.13,0.32
2024-01-14 18:49:47,0.9,0.1
2024-01-14 18:52:13,1.42,0.28
2024-01-14 18:54:40,0.98,0.1
2024-01-14 18:57:06,1.35,0.38
2024-01-14 18:59:32,1.35,0.25
2024-01-14 19:01:58,1.75,0.98
2024-01-14 19:04:24,0.93,0.25
2024-01-14 19:06:50,1.02,0.3
2024-01-14 19:09:16,0.9,0.1
2024-01-14 19:11:42,0.98,0.2
2024-01-14 19:14:08,1.3,0.2
2024-01-14 19:16:35,1.02,0.28
2024-01-14 19:19:01,1.33,0.47
2024-01-14 19:21:27,1.6,0.45
2024-01-14 19:23:54,1.05,0.2
2024-01-14 19:26:21,1.5,0.35
2024-01-14 19:28:50,1.08,0.1
2024-01-14 19:31:17,1.25,0.2
2024-01-14 19:33:43,1.13,0.2
2024-01-14 19:36:09,0.75,0.1
2024-01-14 19:38:36,1.0,0.1
2024-01-14 19:41:02,1.05,0.5
2024-01-14 19:43:29,1.08,0.3
2024-01-14 19:45:56,1.27,0.3
2024-01-14 19:48:24,0.85,0.1
2024-01-14 19:50:52,1.27,0.32
2024-01-14 19:53:18,1.13,0.22
2024-01-14 19:55:45,1.23,0.32
2024-01-14 19:58:11,1.35,0.5
2024-01-14 20:00:38,1.08,0.1
2024-01-14 20:03:06,1.23,0.3
2024-01-14 20:05:32,1.58,0.7
2024-01-14 20:07:58,1.33,0.63
2024-01-14 20:10:24,1.33,0.45
2024-01-14 20:12:50,1.55,0.98
2024-01-14 20:15:16,1.63,0.85
2024-01-14 20:17:42,1.23,0.68
2024-01-14 20:20:08,1.17,0.45
2024-01-14 20:22:35,1.45,0.43
2024-01-14 20:25:01,1.2,0.4
2024-01-14 20:27:29,1.5,0.55
2024-01-14 20:29:56,1.52,0.75
2024-01-14 20:32:22,1.15,0.28
2024-01-14 20:34:48,1.08,0.2
2024-01-14 20:37:17,1.3,0.45
2024-01-14 20:39:44,1.2,0.3
2024-01-14 20:42:10,1.23,0.3
2024-01-14 20:44:36,1.27,0.3
2024-01-14 20:47:03,1.15,0.3
2024-01-14 20:49:30,1.13,0.25
2024-01-14 20:51:56,1.42,0.45
2024-01-14 20:54:23,1.02,0.15
2024-01-14 20:56:49,0.82,0.1
2024-01-14 20:59:15,0.98,0.2
2024-01-14 21:01:41,1.23,0.38
2024-01-14 21:04:07,1.3,0.4
2024-01-14 21:06:33,1.55,0.4
2024-01-14 21:09:00,0.9,0.2
2024-01-14 21:11:27,1.2,0.2
2024-01-14 21:13:53,0.9,0.1
2024-01-14 21:16:20,1.2,0.22
2024-01-14 21:18:46,1.4,0.4
2024-01-14 21:21:12,1.65,0.82
2024-01-14 21:23:40,1.38,0.32
2024-01-14 21:26:08,1.1,0.3
2024-01-14 21:28:34,1.05,0.2
2024-01-14 21:31:00,0.9,0.5
2024-01-14 21:33:27,1.33,0.22
2024-01-14 21:35:53,0.95,0.2
2024-01-14 21:38:19,1.13,0.45
2024-01-14 21:40:45,1.4,0.8
2024-01-14 21:43:11,0.95,0.2
2024-01-14 21:45:37,0.85,0.1
2024-01-14 21:48:04,1.2,0.2
2024-01-14 21:50:30,1.35,0.4
2024-01-14 21:52:56,0.98,0.15
2024-01-14 21:55:39,0.98,0.17
2024-01-14 21:58:05,0.82,0.1
2024-01-14 22:00:31,0.68,0.1
2024-01-14 22:02:57,1.0,0.15
2024-01-14 22:05:23,1.42,0.43
2024-01-14 22:07:49,1.3,0.65
2024-01-14 22:10:15,1.58,0.35
2024-01-14 22:12:41,1.0,0.1
2024-01-14 22:15:07,1.58,0.95
2024-01-14 22:17:34,1.05,0.1
2024-01-14 22:20:00,1.38,0.6
2024-01-14 22:22:26,1.02,0.2
2024-01-14 22:24:52,1.45,0.4
2024-01-14 22:27:19,1.08,0.2
2024-01-14 22:29:45,0.73,0.1
2024-01-14 22:32:11,1.05,0.35
2024-01-14 22:34:38,1.2,0.3
2024-01-14 22:37:04,1.3,0.43
2024-01-14 22:39:30,1.17,0.32
2024-01-14 22:41:56,0.98,0.2
2024-01-14 22:44:22,1.38,0.43
2024-01-14 22:46:48,0.82,0.1
2024-01-14 22:49:15,1.13,0.2
2024-01-14 22:51:42,1.17,0.3
2024-01-14 22:54:08,1.02,0.1
2024-01-14 22:56:35,1.17,0.43
2024-01-14 22:59:01,1.05,0.2
2024-01-14 23:01:27,0.98,0.22
2024-01-14 23:03:53,0.9,0.2
2024-01-14 23:06:19,1.15,0.2
2024-01-14 23:08:45,1.15,0.2
2024-01-14 23:11:11,1.33,0.43
2024-01-14 23:13:37,0.8,0.1
2024-01-14 23:16:04,0.8,0.1
2024-01-14 23:18:30,1.25,0.4
2024-01-14 23:20:58,1.15,0.3
2024-01-14 23:23:24,1.23,0.3
2024-01-14 23:25:50,1.38,0.4
2024-01-14 23:28:16,0.88,0.17
2024-01-14 23:30:42,1.1,0.38
2024-01-14 23:33:08,0.9,0.1
2024-01-14 23:35:34,0.93,0.1
2024-01-14 23:38:01,1.2,0.3
2024-01-14 23:40:27,1.33,0.4
2024-01-14 23:42:53,0.8,0.1
2024-01-14 23:45:19,1.33,0.4
2024-01-14 23:47:45,1.17,0.28
2024-01-14 23:50:11,0.9,0.1
2024-01-14 23:52:37,0.8,0.1
2024-01-14 23:55:03,1.15,0.3
2024-01-14 23:57:29,1.25,0.4
2024-01-14 23:59:56,1.38,0.5
2024-01-15 00:02:22,1.25,0.3
2024-01-15 00:04:48,0.98,0.2
2024-01-15 00:07:14,1.38,0.57
2024-01-15 00:09:40,1.67,0.52
2024-01-15 00:12:06,0.73,0.1
2024-01-15 00:14:33,1.25,0.35
2024-01-15 00:16:59,0.98,0.2
2024-01-15 00:19:25,1.15,0.2
2024-01-15 00:21:52,0.8,0.1
2024-01-15 00:24:18,1.2,0.4
2024-01-15 00:26:44,1.0,0.2
2024-01-15 00:29:10,1.0,0.2
2024-01-15 00:31:36,1.42,0.32
2024-01-15 00:34:02,1.27,0.2
2024-01-15 00:36:28,1.0,0.22
2024-01-15 00:38:54,1.05,0.2
2024-01-15 00:41:20,0.9,0.1
2024-01-15 00:43:47,1.35,0.4
2024-01-15 00:46:14,1.0,0.3
2024-01-15 00:48:40,0.98,0.13
2024-01-15 00:51:06,1.2,0.43
2024-01-15 00:53:32,1.25,0.22
2024-01-15 00:55:59,0.95,0.1
2024-01-15 00:58:25,1.15,0.2
2024-01-15 01:00:52,1.3,0.3
2024-01-15 01:03:18,1.2,0.4
2024-01-15 01:05:44,1.17,0.3
2024-01-15 01:08:10,1.0,0.2
2024-01-15 01:10:37,1.0,0.25
2024-01-15 01:13:03,1.1,0.22
2024-01-15 01:15:29,1.0,0.2
2024-01-15 01:17:55,1.38,0.5
2024-01-15 01:20:21,1.23,0.4
2024-01-15 01:22:47,0.65,0.1
2024-01-15 01:25:13,1.25,0.3
2024-01-15 01:27:40,1.25,0.32
2024-01-15 01:30:06,1.05,0.3
2024-01-15 01:32:32,1.38,0.35
2024-01-15 01:34:58,1.0,0.2
2024-01-15 01:37:24,1.33,0.43
2024-01-15 01:39:50,1.23,0.4
2024-01-15 01:42:16,1.0,0.2
2024-01-15 01:44:42,1.05,0.2
2024-01-15 01:47:08,0.93,0.13
2024-01-15 01:49:35,1.33,0.4
2024-01-15 01:52:01,1.42,0.57
2024-01-15 01:54:28,1.23,0.3
2024-01-15 01:56:55,1.23,0.3
2024-01-15 01:59:21,1.35,0.38
2024-01-15 02:01:48,1.25,0.35
2024-01-15 02:04:15,1.52,0.38
2024-01-15 02:06:42,1.27,0.4
2024-01-15 02:09:08,1.13,0.3
2024-01-15 02:11:35,1.33,0.35
2024-01-15 02:14:01,1.67,0.63
2024-01-15 02:16:27,1.23,0.4
2024-01-15 02:18:53,0.9,0.2
2024-01-15 02:21:19,1.8,0.6
2024-01-15 02:23:46,1.35,0.5
2024-01-15 02:26:12,0.8,0.1
2024-01-15 02:28:38,1.23,0.3
2024-01-15 02:31:06,1.17,0.35
2024-01-15 02:33:32,1.0,0.3
2024-01-15 02:35:58,1.13,0.2
2024-01-15 02:38:24,1.0,0.2
2024-01-15 02:40:50,0.9,0.1
2024-01-15 02:43:16,1.4,0.3
2024-01-15 02:45:44,0.95,0.17
2024-01-15 02:48:11,1.08,0.2
2024-01-15 02:50:37,1.25,0.4
2024-01-15 02:53:03,1.08,0.3
2024-01-15 02:55:29,1.23,0.35
2024-01-15 02:57:55,1.25,0.28
2024-01-15 03:00:21,1.13,0.5
2024-01-15 03:02:47,1.05,0.22
2024-01-15 03:05:13,1.23,0.82
2024-01-15 03:07:39,1.05,0.32
2024-01-15 03:10:06,0.98,0.17
2024-01-15 03:12:32,1.33,0.35
2024-01-15 03:14:58,0.8,0.1
2024-01-15 03:17:24,1.1,0.35
2024-01-15 03:19:50,1.45,0.38
2024-01-15 03:22:16,0.9,0.13
2024-01-15 03:24:43,1.05,0.32
2024-01-15 03:27:09,0.9,0.1
2024-01-15 03:29:35,1.17,0.35
2024-01-15 03:32:01,1.05,0.2
2024-01-15 03:34:27,0.8,0.1
2024-01-15 03:36:53,0.8,0.1
2024-01-15 03:39:19,1.23,0.3
2024-01-15 03:41:45,1.23,0.35
2024-01-15 03:44:12,0.82,0.13
2024-01-15 03:46:38,0.9,0.2
2024-01-15 03:49:04,0.73,0.1
2024-01-15 03:51:30,0.98,0.2
2024-01-15 03:53:56,1.13,0.3
2024-01-15 03:56:22,0.8,0.1
2024-01-15 03:58:48,1.13,0.32
2024-01-15 04:01:14,1.02,0.22
2024-01-15 04:03:40,1.1,0.2
2024-01-15 04:06:06,0.8,0.1
2024-01-15 04:08:32,0.7,0.1
2024-01-15 04:10:58,1.0,0.2
2024-01-15 04:13:24,0.8,0.1
2024-01-15 04:15:50,1.08,0.28
2024-01-15 04:18:16,1.15,0.35
2024-01-15 04:20:43,1.0,0.2
2024-01-15 04:23:09,0.7,0.1
2024-01-15 04:25:35,1.05,0.2
2024-01-15 04:28:01,1.2,0.2
2024-01-15 04:30:27,0.9,0.17
2024-01-15 04:32:53,0.93,0.15
2024-01-15 04:35:19,1.33,0.55
2024-01-15 04:37:45,1.02,0.32
2024-01-15 04:40:11,1.08,0.3
2024-01-15 04:42:37,1.45,0.57
2024-01-15 04:45:03,1.08,0.4
2024-01-15 04:47:29,1.17,0.25
2024-01-15 04:49:55,1.27,0.45
2024-01-15 04:52:22,1.05,0.2
2024-01-15 04:54:48,1.25,0.3
2024-01-15 04:57:15,1.27,0.57
2024-01-15 04:59:41,1.1,0.2
2024-01-15 05:02:07,0.88,0.2
2024-01-15 05:04:33,0.9,0.2
2024-01-15 05:06:59,1.08,0.2
2024-01-15 05:09:25,0.95,0.1
2024-01-15 05:11:51,1.13,0.2
2024-01-15 05:14:17,1.3,0.38
2024-01-15 05:16:46,1.67,0.5
2024-01-15 05:19:13,0.77,0.1
2024-01-15 05:21:39,1.2,0.52
2024-01-15 05:24:05,1.55,0.55
2024-01-15 05:26:31,1.42,0.5
2024-01-15 05:28:57,0.9,0.1
2024-01-15 05:31:23,0.9,0.1
2024-01-15 05:33:49,1.13,0.2
2024-01-15 05:36:15,1.23,0.3
2024-01-15 05:38:41,1.27,0.5
2024-01-15 05:41:07,1.15,0.3
2024-01-15 05:43:33,1.02,0.2
2024-01-15 05:45:59,0.98,0.2
2024-01-15 05:48:25,0.95,0.15
2024-01-15 05:50:51,0.9,0.1
2024-01-15 05:53:17,1.25,0.35
2024-01-15 05:55:44,1.15,0.4
2024-01-15 05:58:10,1.2,0.28
2024-01-15 06:00:36,1.33,0.32
2024-01-15 06:03:03,1.23,0.6
2024-01-15 06:05:29,1.48,0.35
2024-01-15 06:07:55,0.9,0.2
2024-01-15 06:10:21,1.35,0.4
2024-01-15 06:12:47,1.27,0.32
2024-01-15 06:15:13,0.95,0.1
2024-01-15 06:17:39,0.7,0.1
2024-01-15 06:20:06,1.1,0.9
2024-01-15 06:22:32,1.33,0.63
2024-01-15 06:24:58,0.9,0.2
2024-01-15 06:27:24,1.5,0.4
2024-01-15 06:29:50,0.82,0.1
2024-01-15 06:32:16,1.13,0.2
2024-01-15 06:34:43,1.08,0.2
2024-01-15 06:37:09,1.15,0.47
2024-01-15 06:39:35,1.0,0.2
2024-01-15 06:42:01,1.25,0.3
2024-01-15 06:44:27,1.02,0.3
2024-01-15 06:46:53,0.98,0.13
2024-01-15 06:49:22,0.8,0.1
2024-01-15 06:51:48,1.25,0.65
2024-01-15 06:54:14,1.1,0.3
2024-01-15 06:56:40,1.0,0.1
2024-01-15 06:59:06,0.8,0.1
2024-01-15 07:01:32,0.75,0.1
2024-01-15 07:03:58,1.38,0.35
2024-01-15 07:06:24,1.02,0.3
2024-01-15 07:08:50,0.9,0.1
2024-01-15 07:11:17,0.9,0.2
2024-01-15 07:13:43,1.13,0.2
2024-01-15 07:16:09,1.25,0.2
2024-01-15 07:18:35,1.17,0.25
2024-01-15 07:21:01,1.42,0.43
2024-01-15 07:23:27,0.93,0.2
2024-01-15 07:25:54,1.48,0.47
2024-01-15 07:28:20,0.95,0.2
2024-01-15 07:30:46,1.02,0.3
2024-01-15 07:33:12,1.15,0.25
2024-01-15 07:35:38,1.27,0.22
2024-01-15 07:38:04,0.9,0.1
2024-01-15 07:40:30,1.38,0.3
2024-01-15 07:42:56,1.15,0.45
2024-01-15 07:45:22,0.85,0.1
2024-01-15 07:47:48,1.17,0.28
2024-01-15 07:50:14,0.93,0.2
2024-01-15 07:52:40,0.85,0.2
2024-01-15 07:55:07,0.98,0.17
2024-01-15 07:57:33,1.02,0.2
2024-01-15 08:02:27,0.85,0.2
2024-01-15 08:04:53,1.27,0.5
2024-01-15 08:07:19,0.9,0.13
2024-01-15 08:09:45,1.0,0.13
2024-01-15 08:12:12,0.98,0.2
2024-01-15 08:14:38,1.17,0.47
2024-01-15 08:17:05,1.13,0.2
2024-01-15 08:19:31,1.2,0.32
2024-01-15 08:21:57,1.13,0.25
2024-01-15 08:24:23,0.8,0.1
2024-01-15 08:26:49,1.25,0.3
2024-01-15 08:29:15,1.08,0.4
2024-01-15 08:31:43,1.38,0.63
2024-01-15 08:34:09,1.0,0.2
2024-01-15 08:36:35,1.05,0.17
2024-01-15 08:39:01,1.35,0.2
2024-01-15 08:41:29,1.2,0.3
2024-01-15 08:43:55,1.17,0.3
2024-01-15 08:46:21,1.33,0.82
2024-01-15 08:48:49,1.08,0.3
2024-01-15 08:51:16,0.93,0.2
2024-01-15 08:56:09,1.23,0.52
2024-01-15 08:58:35,1.08,0.3
2024-01-15 09:01:02,1.45,0.55
2024-01-15 09:03:28,1.38,0.25
2024-01-15 09:05:54,1.13,0.43
2024-01-15 09:08:20,1.27,0.38
2024-01-15 09:10:46,1.0,0.2
2024-01-15 09:13:12,1.15,0.3
2024-01-15 09:15:38,1.35,0.3
2024-01-15 09:18:05,1.33,0.38
2024-01-15 09:20:31,1.48,0.5
2024-01-15 09:22:57,1.7,0.5
2024-01-15 09:25:23,1.3,0.3
2024-01-15 09:27:49,1.05,0.3
2024-01-15 09:30:15,1.35,0.28
2024-01-15 09:32:41,1.13,0.3
2024-01-15 09:35:08,1.33,0.43
2024-01-15 09:37:35,0.9,0.1
2024-01-15 09:40:02,1.1,0.3
2024-01-15 09:42:28,1.05,0.2
2024-01-15 09:44:55,1.7,0.47
2024-01-15 09:47:21,1.23,0.3
2024-01-15 09:49:47,0.98,0.2
2024-01-15 09:52:14,1.55,0.35
2024-01-15 09:54:42,1.13,0.28
2024-01-15 09:57:09,1.4,0.5
2024-01-15 09:59:35,1.33,0.2
2024-01-15 10:02:02,1.77,1.08
2024-01-15 10:04:28,1.35,0.2
2024-01-15 10:06:55,1.05,0.15
2024-01-15 10:09:22,1.63,0.55
2024-01-15 10:11:48,1.67,0.7
2024-01-15 10:14:14,1.02,0.2
2024-01-15 10:16:40,1.23,0.3
2024-01-15 10:19:09,1.48,0.45
2024-01-15 10:21:36,0.88,0.1
2024-01-15 10:24:03,1.25,0.57
2024-01-15 10:26:29,1.1,0.2
2024-01-15 10:28:56,1.3,0.4
2024-01-15 10:31:22,0.93,0.2
2024-01-15 10:33:48,1.1,0.2
2024-01-15 10:36:15,1.67,0.68
2024-01-15 10:38:45,1.0,0.2
2024-01-15 10:41:12,1.4,0.4
2024-01-15 10:43:38,1.33,0.43
2024-01-15 10:46:07,0.98,0.2
2024-01-15 10:48:34,1.23,0.2
2024-01-15 10:51:01,1.25,0.3
2024-01-15 10:53:35,0.77,0.1
2024-01-15 10:56:02,0.8,0.1
2024-01-15 10:58:29,1.35,0.32
2024-01-15 11:03:23,0.95,0.22
2024-01-15 11:05:49,1.15,0.25
2024-01-15 11:08:16,1.13,0.2
2024-01-15 11:16:02,1.13,0.47
2024-01-15 11:18:30,0.98,0.25
2024-01-15 11:28:54,1.15,0.3
2024-01-15 11:31:26,1.23,0.2
2024-01-15 11:33:52,1.13,0.25
2024-01-15 11:36:18,0.95,0.1
2024-01-15 11:38:44,1.73,0.25
2024-01-15 11:41:14,1.27,0.3
2024-01-15 11:43:43,1.33,0.38
2024-01-15 11:46:12,1.23,0.57
2024-01-15 11:48:44,1.4,0.43
2024-01-15 11:51:11,1.27,0.35
2024-01-15 11:53:44,1.1,0.13
2024-01-15 11:56:15,1.35,0.32
2024-01-15 11:58:44,0.95,0.1
2024-01-15 12:01:11,1.17,0.3
2024-01-15 12:03:37,0.8,0.1
2024-01-15 12:06:06,0.68,0.1
2024-01-15 12:08:32,1.0,0.1
2024-01-15 12:10:59,1.02,0.2
2024-01-15 12:13:26,0.9,0.1
2024-01-15 12:15:54,1.3,0.38
2024-01-15 12:20:46,1.38,0.47
2024-01-15 12:23:12,0.85,0.1
2024-01-15 12:25:38,1.15,0.22
2024-01-15 12:28:05,0.9,0.3
2024-01-15 12:30:32,1.2,0.2
2024-01-15 12:35:24,1.15,0.28
2024-01-15 12:37:55,1.17,0.3
2024-01-15 12:40:21,1.08,0.2
2024-01-15 12:42:47,1.4,0.95
2024-01-15 12:45:13,1.33,0.45
2024-01-15 12:47:40,1.58,0.38
2024-01-15 12:50:07,1.13,0.3
2024-01-15 12:52:33,0.88,0.1
2024-01-15 12:54:59,1.52,0.32
2024-01-15 12:57:25,1.17,0.4
2024-01-15 12:59:54,1.25,0.25
2024-01-15 13:02:20,1.33,0.2
2024-01-15 13:04:46,1.02,0.1
2024-01-15 13:07:12,1.0,0.2
2024-01-15 13:09:38,1.2,0.22
2024-01-15 13:12:05,0.9,0.1
2024-01-15 13:14:31,0.98,0.2
2024-01-15 13:16:58,1.23,0.32
2024-01-15 13:19:24,0.9,0.22
2024-01-15 13:21:50,0.8,0.1
2024-01-15 13:24:20,1.13,0.3
2024-01-15 13:26:46,0.75,0.1
2024-01-15 13:29:12,1.55,0.5
2024-01-15 13:31:39,1.17,0.22
2024-01-15 13:34:05,1.0,0.13
2024-01-15 13:36:32,0.98,0.13
2024-01-15 13:38:58,1.08,0.13
2024-01-15 13:41:24,0.9,0.1
2024-01-15 13:43:52,0.85,0.1
2024-01-15 13:46:19,1.08,0.2
2024-01-15 13:48:45,0.8,0.1
2024-01-15 13:51:12,1.33,0.75
2024-01-15 13:53:38,0.75,0.1
2024-01-15 13:56:05,1.0,0.1
2024-01-15 13:58:32,1.48,0.88
2024-01-15 14:00:58,0.9,0.1
2024-01-15 14:03:24,0.8,0.1
2024-01-15 14:05:51,1.0,0.2
2024-01-15 14:08:17,1.38,0.38
2024-01-15 14:10:43,1.02,0.2
2024-01-15 14:13:10,1.1,0.2
2024-01-15 14:15:36,0.9,0.1
2024-01-15 14:18:02,1.6,0.7
2024-01-15 14:20:28,0.93,0.13
2024-01-15 14:22:54,1.2,0.5
2024-01-15 14:25:20,0.88,0.13
2024-01-15 14:27:47,0.75,0.1
2024-01-15 14:30:13,1.0,0.3
2024-01-15 14:32:41,0.98,0.2
2024-01-15 14:35:07,0.93,0.2
2024-01-15 14:37:35,1.55,0.25
2024-01-15 14:40:01,0.6,0.1
2024-01-15 14:42:29,1.38,0.3
2024-01-15 14:44:55,1.2,0.32
2024-01-15 14:47:21,1.02,0.2
2024-01-15 14:49:49,0.85,0.1
2024-01-15 14:52:15,1.08,0.2
2024-01-15 14:54:41,1.27,0.3
2024-01-15 14:57:07,1.3,0.4
2024-01-15 14:59:33,0.6,0.1
2024-01-15 15:01:59,1.52,0.6
2024-01-15 15:04:25,1.6,0.4
2024-01-15 15:06:53,1.38,0.4
2024-01-15 15:09:19,1.92,0.6
2024-01-15 15:11:45,1.52,0.88
2024-01-15 15:14:11,0.9,0.25
2024-01-15 15:16:38,1.1,0.4
2024-01-15 15:19:04,1.65,0.52
2024-01-15 15:21:30,1.52,0.2
2024-01-15 15:23:56,1.02,0.2
2024-01-15 15:26:22,1.3,0.47
2024-01-15 15:28:48,1.42,0.32
2024-01-15 15:31:14,1.35,0.3
2024-01-15 15:33:40,1.58,0.28
2024-01-15 15:36:06,1.08,0.2
2024-01-15 15:38:32,1.33,0.3
2024-01-15 15:40:58,0.98,0.1
2024-01-15 15:43:25,1.33,0.2
2024-01-15 15:45:51,1.27,0.35
2024-01-15 15:48:17,0.9,0.13
2024-01-15 15:50:44,0.85,0.1
2024-01-15 15:53:10,1.3,0.32
2024-01-15 15:55:36,0.85,0.1
2024-01-15 15:58:03,1.0,0.2
2024-01-15 16:00:30,1.52,0.4
2024-01-15 16:02:56,1.35,0.2
2024-01-15 16:05:22,1.2,0.3
2024-01-15 16:07:48,1.0,0.3
2024-01-15 16:10:14,1.1,0.2
2024-01-15 16:12:41,1.35,0.3
2024-01-15 16:15:28,1.1,0.2
2024-01-15 16:17:54,1.02,0.1
2024-01-15 16:20:20,0.98,0.15
2024-01-15 16:22:46,1.33,0.32
2024-01-15 16:25:12,0.9,0.1
2024-01-15 16:27:38,1.25,0.2
2024-01-15 16:30:07,0.93,0.1
2024-01-15 16:32:34,1.48,0.5
2024-01-15 16:35:00,1.23,0.47
2024-01-15 16:37:26,1.17,0.4
2024-01-15 16:39:52,1.02,0.28
2024-01-15 16:42:18,0.7,0.1
2024-01-15 16:44:44,0.7,0.1
2024-01-15 16:47:10,1.38,0.43
2024-01-15 16:49:36,0.82,0.1
2024-01-15 16:52:03,1.38,0.2
2024-01-15 16:54:33,1.33,0.4
2024-01-15 16:57:00,0.85,0.1
2024-01-15 16:59:26,1.42,0.43
2024-01-15 17:01:54,1.35,0.4
2024-01-15 17:04:20,1.15,0.47
2024-01-15 17:06:46,1.2,0.35
2024-01-15 17:09:12,0.98,0.2
2024-01-15 17:11:38,1.52,0.4
2024-01-15 17:14:04,1.13,0.32
2024-01-15 17:16:30,1.23,0.22
2024-01-15 17:18:56,1.52,0.22
2024-01-15 17:21:22,0.95,0.2
2024-01-15 17:23:48,1.38,0.52
2024-01-15 17:26:15,1.52,0.43
2024-01-15 17:28:41,1.42,0.47
2024-01-15 17:31:07,1.15,0.5
2024-01-15 17:33:34,1.25,0.2
2024-01-15 17:36:00,1.48,0.9
2024-01-15 17:38:27,1.2,0.3
2024-01-15 17:40:53,0.85,0.1
2024-01-15 17:43:19,1.25,0.28
2024-01-15 17:45:46,1.25,0.32
2024-01-15 17:48:13,1.33,0.47
2024-01-15 17:50:39,1.17,0.3
2024-01-15 17:53:06,1.1,0.35
2024-01-15 17:55:32,1.02,0.2
2024-01-15 17:57:58,1.42,0.45
2024-01-15 18:00:24,1.35,0.4
2024-01-15 18:02:50,1.27,0.2
2024-01-15 18:05:18,0.88,0.2
2024-01-15 18:07:44,1.5,0.2
2024-01-15 18:10:10,1.2,0.3
2024-01-15 18:12:37,0.95,0.1
2024-01-15 18:15:03,0.77,0.1
2024-01-15 18:17:29,1.23,0.3
2024-01-15 18:19:58,0.8,0.1
2024-01-15 18:22:24,1.33,0.2
2024-01-15 18:24:50,1.08,0.25
2024-01-15 18:27:16,1.35,0.47
2024-01-15 18:29:42,0.75,0.1
2024-01-15 18:32:08,1.02,0.28
2024-01-15 18:34:35,0.98,0.1
2024-01-15 18:37:01,0.7,0.1
2024-01-15 18:39:27,0.93,0.2
2024-01-15 18:41:54,1.25,0.3
2024-01-15 18:44:20,1.15,0.3
2024-01-15 18:46:47,1.13,0.2
2024-01-15 18:49:13,1.1,0.32
2024-01-15 18:51:39,1.08,0.1
2024-01-15 18:54:05,1.05,0.25
2024-01-15 18:56:32,1.0,0.2
2024-01-15 18:59:03,1.2,0.25
2024-01-15 19:01:29,1.0,0.2
2024-01-15 19:03:56,1.08,0.3
2024-01-15 19:06:23,0.88,0.3
2024-01-15 19:08:50,1.13,0.2
2024-01-15 19:11:16,1.02,0.2
2024-01-15 19:13:43,1.15,0.63
2024-01-15 19:16:09,1.0,0.2
2024-01-15 19:18:36,1.15,0.35
2024-01-15 19:21:02,1.05,0.28
2024-01-15 19:23:32,1.38,0.1
2024-01-15 19:25:58,1.35,0.5
2024-01-15 19:28:25,1.25,0.32
2024-01-15 19:30:51,0.8,0.13
2024-01-15 19:33:19,1.05,0.2
2024-01-15 19:35:45,1.0,0.22
2024-01-15 19:38:12,1.3,0.32
2024-01-15 19:40:38,1.45,0.47
2024-01-15 19:43:04,0.65,0.1
2024-01-15 19:45:30,0.82,0.2
2024-01-15 19:47:56,0.8,0.1
2024-01-15 19:50:22,0.6,0.1
2024-01-15 19:52:48,1.17,0.47
2024-01-15 19:55:15,1.08,0.2
2024-01-15 19:57:41,0.9,0.3
2024-01-15 20:00:07,1.1,0.2
2024-01-15 20:02:34,1.25,0.3
2024-01-15 20:05:00,1.33,0.5
2024-01-15 20:07:26,1.15,0.3
2024-01-15 20:09:52,1.17,0.32
2024-01-15 20:12:18,0.93,0.17
2024-01-15 20:14:46,0.9,0.1
2024-01-15 20:17:12,1.35,0.4
2024-01-15 20:19:38,1.2,0.25
2024-01-15 20:22:04,1.08,0.22
2024-01-15 20:24:30,1.08,0.2
2024-01-15 20:26:57,1.27,0.32
2024-01-15 20:29:23,1.15,0.3
2024-01-15 20:31:49,0.98,0.3
2024-01-15 20:34:15,1.13,0.3
2024-01-15 20:36:41,1.7,0.7
2024-01-15 20:39:08,0.93,0.1
2024-01-15 20:41:34,0.98,0.3
2024-01-15 20:44:00,1.38,0.32
2024-01-15 20:46:27,0.82,0.13
2024-01-15 20:48:53,0.98,0.2
2024-01-15 20:51:19,0.9,0.2
2024-01-15 20:53:45,0.8,0.1
2024-01-15 20:56:13,0.8,0.1
2024-01-15 20:58:39,0.88,0.1
2024-01-15 21:01:06,1.33,0.75
2024-01-15 21:03:32,0.77,0.1
2024-01-15 21:05:58,0.8,0.1
2024-01-15 21:08:26,1.2,0.13
2024-01-15 21:10:53,1.08,0.22
2024-01-15 21:13:19,1.05,0.2
2024-01-15 21:15:45,0.68,0.1
2024-01-15 21:18:12,0.95,0.2
2024-01-15 21:20:38,1.17,0.35
2024-01-15 21:23:04,0.8,0.1
2024-01-15 21:25:30,1.02,0.25
2024-01-15 21:27:56,0.82,0.22
2024-01-15 21:30:22,1.13,0.2
2024-01-15 21:32:48,1.52,0.73
2024-01-15 21:35:14,0.8,0.1
2024-01-15 21:37:41,1.38,0.47
2024-01-15 21:40:08,1.33,0.2
2024-01-15 21:42:38,0.6,0.1
2024-01-15 21:45:06,0.93,0.17
2024-01-15 21:47:32,1.05,0.15
2024-01-15 21:49:58,0.75,0.1
2024-01-15 21:52:24,0.88,0.1
2024-01-15 21:54:51,0.95,0.28
2024-01-15 21:57:17,1.65,0.52
2024-01-15 21:59:43,1.08,0.2
2024-01-15 22:02:10,1.2,0.4
2024-01-15 22:04:36,1.1,0.2
2024-01-15 22:07:05,1.52,0.45
2024-01-15 22:09:32,1.58,0.3
2024-01-15 22:11:58,1.3,0.2
2024-01-15 22:14:25,0.95,0.1
2024-01-15 22:16:53,0.93,0.2
2024-01-15 22:19:19,1.0,0.2
2024-01-15 22:21:46,1.17,0.32
2024-01-15 22:26:39,1.25,0.38
2024-01-15 22:29:05,1.38,0.2
2024-01-15 22:31:32,0.8,0.1
2024-01-15 22:33:58,1.3,0.73
2024-01-15 22:36:24,0.88,0.1
2024-01-15 22:38:50,1.13,0.2
2024-01-15 22:41:17,0.95,0.15
2024-01-15 22:43:44,1.42,0.2
2024-01-15 22:46:10,1.08,0.3
2024-01-15 22:48:37,1.08,0.3
2024-01-15 22:51:04,1.0,0.1
2024-01-15 22:53:30,0.95,0.13
2024-01-15 22:55:56,1.35,0.45
2024-01-15 22:58:22,1.15,0.3
2024-01-15 23:00:48,0.93,0.17
2024-01-15 23:03:14,1.27,0.32
2024-01-15 23:05:40,1.13,0.2
2024-01-15 23:08:06,0.88,0.2
2024-01-15 23:10:32,1.13,0.22
2024-01-15 23:12:58,0.93,0.1
2024-01-15 23:15:24,1.35,0.4
2024-01-15 23:17:53,0.82,0.1
2024-01-15 23:20:21,1.33,0.35
2024-01-15 23:22:47,1.35,0.4
2024-01-15 23:25:13,0.77,0.1
2024-01-15 23:27:39,1.1,0.2
2024-01-15 23:30:07,1.0,0.1
2024-01-15 23:32:34,0.93,0.15
2024-01-15 23:35:00,1.13,0.22
2024-01-15 23:37:27,1.45,0.4
2024-01-15 23:39:54,1.3,0.4
2024-01-15 23:42:20,0.88,0.17
2024-01-15 23:44:46,1.23,0.4
2024-01-15 23:47:14,0.9,0.1
2024-01-15 23:49:42,0.9,0.1
2024-01-15 23:52:08,1.05,0.22
2024-01-15 23:54:34,1.0,0.25
2024-01-15 23:57:02,0.8,0.1
2024-01-15 23:59:28,1.15,0.2
2024-01-16 00:01:55,1.08,0.4
2024-01-16 00:04:22,1.2,0.3
2024-01-16 00:06:48,1.15,0.28
2024-01-16 00:09:14,0.9,0.1
2024-01-16 00:11:40,0.82,0.13
2024-01-16 00:14:06,1.2,0.63
2024-01-16 00:16:34,1.35,0.47
2024-01-16 00:19:07,1.02,0.2
2024-01-16 00:21:37,0.93,0.1
2024-01-16 00:24:03,0.75,0.1
2024-01-16 00:26:29,1.27,0.4
2024-01-16 00:28:55,1.17,0.25
2024-01-16 00:31:21,1.42,0.63
2024-01-16 00:33:48,0.95,0.3
2024-01-16 00:36:14,1.0,0.2
2024-01-16 00:38:40,1.38,0.3
2024-01-16 00:41:07,0.82,0.1
2024-01-16 00:43:33,1.17,0.3
2024-01-16 00:46:00,1.02,0.13
2024-01-16 00:48:26,0.93,0.17
2024-01-16 00:50:52,0.8,0.1
2024-01-16 00:53:18,0.9,0.1
2024-01-16 00:55:44,1.33,0.4
2024-01-16 00:58:10,1.42,0.8
2024-01-16 01:00:37,1.17,0.52
2024-01-16 01:03:03,1.05,0.3
2024-01-16 01:05:30,1.38,0.5
2024-01-16 01:07:56,1.9,0.88
2024-01-16 01:10:22,0.9,0.2
2024-01-16 01:12:48,0.7,0.1
2024-01-16 01:15:14,0.8,0.3
2024-01-16 01:17:40,1.1,0.32
2024-01-16 01:20:07,1.02,0.2
2024-01-16 01:22:34,1.02,0.25
2024-01-16 01:25:00,0.9,0.1
2024-01-16 01:27:26,0.7,0.1
2024-01-16 01:29:52,1.33,0.4
2024-01-16 01:32:18,0.63,0.1
2024-01-16 01:34:44,1.02,0.13
2024-01-16 01:37:10,0.8,0.1
2024-01-16 01:39:36,1.38,0.77
2024-01-16 01:42:02,0.8,0.1
2024-01-16 01:44:29,1.23,0.2
2024-01-16 01:46:55,0.73,0.1
2024-01-16 01:49:21,0.85,0.17
2024-01-16 01:51:48,0.9,0.2
2024-01-16 01:54:14,1.35,0.63
2024-01-16 01:56:44,1.08,0.2
2024-01-16 01:59:10,1.33,0.4
2024-01-16 02:01:37,1.23,0.32
2024-01-16 02:04:03,1.08,0.3
2024-01-16 02:06:30,1.35,0.3
2024-01-16 02:08:56,1.08,0.55
2024-01-16 02:11:22,1.02,0.3
2024-01-16 02:13:48,1.0,0.13
2024-01-16 02:16:21,1.05,0.4
2024-01-16 02:18:47,1.3,0.43
2024-01-16 02:21:24,0.93,0.2
2024-01-16 02:23:51,1.17,0.4
2024-01-16 02:26:17,0.8,0.1
2024-01-16 02:28:44,0.95,0.3
2024-01-16 02:31:10,1.38,0.4
2024-01-16 02:33:36,1.0,0.2
2024-01-16 02:36:03,0.9,0.2
2024-01-16 02:38:29,1.02,0.32
2024-01-16 02:40:55,1.05,0.25
2024-01-16 02:43:21,0.85,0.1
2024-01-16 02:45:48,1.13,0.45
2024-01-16 02:48:14,1.42,0.4
2024-01-16 02:50:40,0.73,0.1
2024-01-16 02:53:06,0.88,0.45
2024-01-16 02:55:32,1.1,0.22
2024-01-16 02:57:58,0.93,0.2
2024-01-16 03:00:25,1.23,0.35
2024-01-16 03:02:51,0.8,0.1
2024-01-16 03:05:17,1.1,0.43
2024-01-16 03:07:43,0.77,0.1
2024-01-16 03:10:10,1.27,0.43
2024-01-16 03:12:36,1.0,0.2
2024-01-16 03:15:02,0.93,0.15
2024-01-16 03:17:28,1.08,0.22
2024-01-16 03:19:54,1.65,0.6
2024-01-16 03:22:20,1.05,0.2
2024-01-16 03:24:48,1.25,0.3
2024-01-16 03:27:14,1.02,0.3
2024-01-16 03:29:40,1.23,0.3
2024-01-16 03:32:06,1.42,0.3
2024-01-16 03:34:32,1.1,0.6
2024-01-16 03:36:58,0.95,0.2
2024-01-16 03:39:24,0.9,0.1
2024-01-16 03:41:50,1.13,0.1
2024-01-16 03:44:16,1.0,0.3
2024-01-16 03:46:42,0.7,0.1
2024-01-16 03:49:08,0.95,0.2
2024-01-16 03:51:34,1.27,0.3
2024-01-16 03:54:00,0.82,0.2
2024-01-16 03:56:26,0.82,0.1
2024-01-16 03:58:53,1.05,0.25
2024-01-16 04:01:29,0.7,0.1
2024-01-16 04:03:55,0.98,0.2
2024-01-16 04:06:21,1.2,0.4
2024-01-16 04:08:47,0.88,0.13
2024-01-16 04:11:13,0.73,0.1
2024-01-16 04:13:39,0.93,0.2
2024-01-16 04:16:06,0.8,0.1
2024-01-16 04:18:35,1.02,0.2
2024-01-16 04:21:04,0.93,0.2
2024-01-16 04:23:31,1.13,0.35
2024-01-16 04:25:57,1.02,0.2
2024-01-16 04:28:23,0.9,0.2
2024-01-16 04:30:49,1.0,0.2
2024-01-16 04:33:15,0.75,0.1
2024-01-16 04:35:42,0.98,0.17
2024-01-16 04:38:08,1.13,0.2
2024-01-16 04:40:34,1.05,0.25
2024-01-16 04:43:00,1.23,0.3
2024-01-16 04:45:26,0.6,0.1
2024-01-16 04:47:52,0.63,0.13
2024-01-16 04:50:18,1.05,0.2
2024-01-16 04:52:44,1.25,0.32
2024-01-16 04:55:10,1.05,0.2
2024-01-16 04:57:36,1.1,0.2
2024-01-16 05:00:03,1.35,0.3
2024-01-16 05:02:32,1.13,0.32
2024-01-16 05:04:59,1.35,0.38
2024-01-16 05:07:25,1.13,0.35
2024-01-16 05:09:51,1.08,0.28
2024-01-16 05:12:18,1.13,0.4
2024-01-16 05:14:45,1.48,0.43
2024-01-16 05:17:11,1.17,0.3
2024-01-16 05:19:37,1.52,0.55
2024-01-16 05:22:03,1.55,0.45
2024-01-16 05:24:29,1.42,0.32
2024-01-16 05:26:55,0.98,0.15
2024-01-16 05:29:22,1.17,0.22
2024-01-16 05:31:48,0.8,0.1
2024-01-16 05:34:14,1.2,0.3
2024-01-16 05:36:40,1.0,0.3
2024-01-16 05:39:06,1.25,0.3
2024-01-16 05:41:33,1.2,0.28
2024-01-16 05:44:00,1.02,0.3
2024-01-16 05:46:29,1.4,0.52
2024-01-16 05:48:56,1.38,0.52
2024-01-16 05:51:22,1.67,0.88
2024-01-16 05:53:48,1.5,0.4
2024-01-16 05:56:14,1.05,0.28
2024-01-16 05:58:40,1.45,0.6
2024-01-16 06:01:06,1.23,0.2
2024-01-16 06:03:32,1.2,0.47
2024-01-16 06:05:58,1.27,0.45
2024-01-16 06:08:24,1.35,0.63
2024-01-16 06:10:51,0.9,0.1
2024-01-16 06:13:18,0.95,0.13
2024-01-16 06:15:44,1.25,0.55
2024-01-16 06:18:10,1.33,0.2
2024-01-16 06:20:36,1.67,0.38
2024-01-16 06:23:02,0.9,0.1
2024-01-16 06:25:29,1.2,0.2
2024-01-16 06:27:55,1.48,0.45
2024-01-16 06:30:24,0.68,0.1
2024-01-16 06:32:50,1.33,0.3
2024-01-16 06:35:16,1.25,0.32
2024-01-16 06:37:43,1.05,0.25
2024-01-16 06:40:09,1.42,1.05
2024-01-16 06:42:35,1.0,0.2
2024-01-16 06:45:02,1.1,0.2
2024-01-16 06:47:28,1.05,0.2
2024-01-16 06:49:54,1.35,0.57
2024-01-16 06:52:20,1.35,0.57
2024-01-16 06:54:46,0.88,0.1
2024-01-16 06:57:12,1.38,0.47
2024-01-16 06:59:39,1.2,0.3
2024-01-16 07:02:05,0.9,0.2
2024-01-16 07:06:59,0.82,0.1
2024-01-16 07:09:25,1.0,0.2
2024-01-16 07:11:52,0.9,0.1
2024-01-16 07:14:18,0.77,0.1
2024-01-16 07:16:44,1.1,0.22
2024-01-16 07:19:10,0.9,0.2
2024-01-16 07:21:39,0.75,0.1
2024-01-16 07:24:05,0.95,0.2
2024-01-16 07:26:32,1.4,0.4
2024-01-16 07:28:59,0.88,0.1
2024-01-16 07:31:25,0.93,0.25
2024-01-16 07:33:51,1.2,0.32
2024-01-16 07:36:17,0.7,0.1
2024-01-16 07:38:43,0.8,0.1
2024-01-16 07:41:09,0.95,0.25
2024-01-16 07:43:35,0.77,0.15
2024-01-16 07:46:02,0.98,0.2
2024-01-16 07:48:28,1.38,0.47
2024-01-16 07:50:54,0.8,0.1
2024-01-16 07:53:20,0.7,0.1
2024-01-16 07:55:46,1.02,0.6
2024-01-16 07:58:13,0.73,0.13
2024-01-16 08:00:39,1.33,0.4
2024-01-16 08:03:09,0.7,0.1
2024-01-16 08:05:36,1.17,0.47
2024-01-16 08:08:02,0.98,0.2
2024-01-16 08:10:28,0.88,0.1
2024-01-16 08:12:54,0.68,0.1
2024-01-16 08:15:20,0.9,0.2
2024-01-16 08:17:47,0.75,0.1
2024-01-16 08:20:13,1.1,0.22
2024-01-16 08:22:39,0.85,0.2
2024-01-16 08:25:05,1.2,0.52
2024-01-16 08:27:32,0.8,0.1
2024-01-16 08:29:58,1.25,0.3
2024-01-16 08:32:24,1.1,0.3
2024-01-16 08:34:51,1.33,0.82
2024-01-16 08:37:17,1.1,0.32
2024-01-16 08:39:43,0.9,0.1
2024-01-16 08:42:09,1.2,0.5
2024-01-16 08:44:37,0.9,0.17
2024-01-16 08:47:04,0.95,0.2
2024-01-16 08:49:31,0.82,0.1
2024-01-16 08:51:58,0.9,0.1
2024-01-16 08:54:24,1.15,0.35
2024-01-16 08:56:51,0.85,0.13
2024-01-16 08:59:18,0.9,0.2
2024-01-16 09:01:44,1.3,0.43
2024-01-16 09:04:10,0.63,0.1
2024-01-16 09:06:36,1.2,0.4
2024-01-16 09:09:03,1.02,0.22
2024-01-16 09:11:30,1.1,0.3
2024-01-16 09:13:57,0.77,0.1
2024-01-16 09:16:23,0.88,0.1
2024-01-16 09:18:49,0.8,0.1
2024-01-16 09:21:15,0.55,0.1
2024-01-16 09:23:41,1.02,0.2
2024-01-16 09:26:07,1.63,1.23
2024-01-16 09:28:33,0.82,0.13
2024-01-16 09:30:59,1.08,0.38
2024-01-16 09:33:25,1.0,0.2
2024-01-16 09:35:52,0.95,0.4
2024-01-16 09:38:18,0.9,0.2
2024-01-16 09:40:44,0.8,0.1
2024-01-16 09:43:11,1.02,0.22
2024-01-16 09:45:37,0.95,0.15
2024-01-16 09:48:04,0.95,0.2
2024-01-16 09:50:31,0.93,0.1
2024-01-16 09:52:57,0.9,0.2
2024-01-16 09:55:23,1.02,0.68
2024-01-16 09:57:51,0.95,0.35
2024-01-16 10:00:21,1.42,0.65
2024-01-16 10:02:47,0.82,0.1
2024-01-16 10:05:13,0.77,0.13
2024-01-16 10:07:40,1.02,0.22
2024-01-16 10:10:09,1.73,1.45
2024-01-16 10:12:38,0.82,0.13
2024-01-16 10:15:05,1.13,0.25
2024-01-16 10:17:39,1.2,0.3
2024-01-16 10:20:06,0.88,0.2
2024-01-16 10:22:33,1.02,0.22
2024-01-16 10:27:32,1.25,0.38
2024-01-16 10:29:58,0.8,0.1
2024-01-16 10:32:28,0.8,0.13
2024-01-16 10:40:08,1.25,0.3
2024-01-16 10:42:34,1.13,0.2
2024-01-16 10:45:00,1.27,0.47
2024-01-16 10:47:27,1.58,0.9
2024-01-16 10:49:53,0.55,0.15
2024-01-16 10:52:19,0.77,0.15
2024-01-16 10:54:47,1.17,0.3
2024-01-16 10:57:15,1.3,0.32
2024-01-16 11:02:11,1.15,0.6
2024-01-16 11:04:39,0.63,0.1
2024-01-16 11:07:06,1.0,0.52
2024-01-16 11:09:33,1.15,0.43
2024-01-16 11:12:00,0.82,0.15
2024-01-16 11:14:26,1.17,0.3
2024-01-16 11:16:52,1.27,0.2
2024-01-16 11:19:19,1.02,0.43
2024-01-16 11:21:46,1.6,0.73
2024-01-16 11:24:12,1.33,0.5
2024-01-16 11:26:42,0.8,0.1
2024-01-16 11:31:53,1.23,0.4
2024-01-16 11:37:25,0.82,0.2
2024-01-16 11:40:35,1.08,0.2
2024-01-16 11:42:42,0.7,0.1
2024-01-16 11:48:11,0.85,0.17
2024-01-16 11:50:37,1.5,0.95
2024-01-16 11:53:04,0.95,0.15
2024-01-16 11:55:31,1.27,0.43
2024-01-16 12:00:29,1.02,0.2
2024-01-16 12:03:01,1.1,0.28
2024-01-16 12:05:31,1.3,0.4
2024-01-16 12:07:57,0.85,0.1
2024-01-16 12:10:24,0.73,0.1
2024-01-16 12:12:50,0.9,0.2
2024-01-16 12:15:17,1.0,0.2
2024-01-16 12:18:02,1.15,0.4
2024-01-16 12:20:31,1.0,0.2
2024-01-16 12:23:01,0.8,0.1
2024-01-16 12:25:29,1.58,0.5
2024-01-16 12:28:03,1.2,0.22
2024-01-16 12:30:30,1.23,0.63
2024-01-16 12:35:22,1.02,0.2
2024-01-16 12:37:57,0.98,0.2
2024-01-16 12:40:23,1.0,0.22
2024-01-16 12:42:50,0.95,0.2
2024-01-16 12:45:16,0.93,0.22
2024-01-16 12:47:43,1.2,0.3
2024-01-16 12:50:09,0.8,0.2
2024-01-16 12:52:36,0.65,0.1
2024-01-16 12:55:02,0.8,0.1
2024-01-16 12:57:32,0.85,0.38
2024-01-16 12:59:59,0.88,0.1
2024-01-16 13:02:29,0.88,0.17
2024-01-16 13:04:59,1.15,0.45
2024-01-16 13:07:27,0.77,0.1
2024-01-16 13:10:09,0.9,0.2
2024-01-16 13:12:36,1.23,0.3
2024-01-16 13:15:03,1.05,0.22
2024-01-16 13:17:31,0.7,0.1
2024-01-16 13:22:24,1.0,0.2
2024-01-16 13:24:50,1.02,0.2
2024-01-16 13:27:16,0.95,0.22
2024-01-16 13:29:42,1.05,0.25
2024-01-16 13:32:09,0.88,0.13
2024-01-16 13:34:36,0.95,0.1
2024-01-16 13:37:02,1.45,0.45
2024-01-16 13:39:29,1.05,0.38
2024-01-16 13:42:01,0.98,0.2
2024-01-16 13:44:30,0.8,0.1
2024-01-16 13:46:56,0.98,0.25
2024-01-16 13:49:23,1.25,0.3
2024-01-16 13:51:49,0.93,0.2
2024-01-16 13:54:15,0.9,0.1
2024-01-16 13:56:41,0.77,0.1
2024-01-16 13:59:08,1.08,0.2
2024-01-16 14:01:35,0.95,0.17
2024-01-16 14:04:01,1.2,0.4
2024-01-16 14:06:27,1.05,0.1
2024-01-16 14:08:53,1.35,0.35
2024-01-16 14:11:19,0.8,0.1
2024-01-16 14:13:45,1.25,0.3
2024-01-16 14:16:11,0.98,0.2
2024-01-16 14:18:37,1.25,0.5
2024-01-16 14:21:03,1.0,0.22
2024-01-16 14:23:30,0.98,0.2
2024-01-16 14:25:56,0.7,0.1
2024-01-16 14:28:23,1.2,0.32
2024-01-16 14:30:51,1.4,0.6
2024-01-16 14:33:17,0.93,0.13
2024-01-16 14:35:43,0.75,0.13
2024-01-16 14:38:10,0.93,0.47
2024-01-16 14:40:36,1.1,0.4
2024-01-16 14:43:02,1.27,0.6
2024-01-16 14:45:29,0.95,0.28
2024-01-16 14:47:56,1.02,0.3
2024-01-16 14:50:22,1.02,0.32
2024-01-16 14:52:49,0.93,0.15
2024-01-16 14:55:16,0.93,0.15
2024-01-16 14:57:42,1.0,0.2
2024-01-16 15:00:10,0.98,0.2
2024-01-16 15:02:48,1.02,0.38
2024-01-16 15:05:17,0.95,0.17
2024-01-16 15:07:47,1.17,0.4
2024-01-16 15:10:13,0.5,0.1
2024-01-16 15:12:42,1.42,0.2
2024-01-16 15:15:08,0.77,0.1
2024-01-16 15:17:37,1.3,0.2
2024-01-16 15:20:03,0.9,0.15
2024-01-16 15:22:33,0.98,0.1
2024-01-16 15:24:59,0.9,0.1
2024-01-16 15:27:26,0.9,0.13
2024-01-16 15:29:52,1.05,0.2
2024-01-16 15:32:20,1.38,0.38
2024-01-16 15:34:47,1.08,0.28
2024-01-16 15:37:13,0.73,0.28
2024-01-16 15:39:39,0.9,0.13
2024-01-16 15:42:05,0.75,0.1
2024-01-16 15:44:31,1.23,0.32
2024-01-16 15:46:58,1.05,0.1
2024-01-16 15:49:24,0.95,0.15
2024-01-16 15:51:51,1.15,0.32
2024-01-16 15:54:17,1.17,0.7
2024-01-16 15:56:43,1.35,0.65
2024-01-16 15:59:10,0.93,0.2
2024-01-16 16:01:42,0.93,0.2
2024-01-16 16:04:08,0.63,0.1
2024-01-16 16:06:39,0.77,0.1
2024-01-16 16:09:08,0.88,0.28
2024-01-16 16:11:36,1.7,0.5
2024-01-16 16:14:03,1.27,0.6
2024-01-16 16:16:32,0.85,0.15
2024-01-16 16:18:59,1.1,0.32
2024-01-16 16:21:25,0.95,0.2
2024-01-16 16:23:51,0.85,0.1
2024-01-16 16:26:35,0.7,0.1
2024-01-16 16:29:05,1.65,0.4
2024-01-16 16:31:32,0.6,0.1
2024-01-16 16:36:25,1.13,0.47
2024-01-16 16:38:52,0.85,0.15
2024-01-16 16:41:18,1.08,0.28
2024-01-16 16:43:45,1.55,0.4
2024-01-16 16:46:13,2.5,0.82
2024-01-16 16:48:40,0.98,0.55
2024-01-16 16:51:07,0.8,0.1
2024-01-16 16:53:33,1.23,0.25
2024-01-16 16:55:59,1.0,0.1
2024-01-16 16:58:25,0.88,0.22
2024-01-16 17:00:51,1.4,0.52
2024-01-16 17:03:17,0.88,0.2
2024-01-16 17:05:43,1.35,1.05
2024-01-16 17:08:09,1.33,0.2
2024-01-16 17:10:37,1.0,0.2
2024-01-16 17:13:04,1.42,0.43
2024-01-16 17:15:30,1.35,0.57
2024-01-16 17:17:56,1.05,0.22
2024-01-16 17:20:22,0.8,0.1
2024-01-16 17:22:49,1.25,0.47
2024-01-16 17:25:15,1.25,0.25
2024-01-16 17:27:41,1.75,0.52
2024-01-16 17:30:07,0.8,0.1
2024-01-16 17:32:34,0.77,0.1
2024-01-16 17:35:00,0.77,0.1
2024-01-16 17:37:26,0.95,0.1
2024-01-16 17:39:52,1.08,0.22
2024-01-16 17:42:18,1.0,0.3
2024-01-16 17:44:47,0.77,0.1
2024-01-16 17:47:14,1.08,0.3
2024-01-16 17:49:43,0.85,0.32
2024-01-16 17:52:10,0.73,0.1
2024-01-16 17:54:39,0.8,0.1
2024-01-16 17:57:05,1.1,0.2
2024-01-16 17:59:31,1.13,0.4
2024-01-16 18:04:25,1.17,0.4
2024-01-16 18:06:51,0.88,0.1
2024-01-16 18:09:17,1.0,0.2
2024-01-16 18:11:50,1.35,0.3
2024-01-16 18:14:17,1.08,0.22
2024-01-16 18:16:43,0.8,0.15
2024-01-16 18:19:09,1.08,0.2
2024-01-16 18:21:35,0.82,0.15
2024-01-16 18:24:03,1.0,0.1
2024-01-16 18:26:30,0.82,0.25
2024-01-16 18:28:56,1.25,0.4
2024-01-16 18:31:23,1.05,0.1
2024-01-16 18:33:50,0.82,0.17
2024-01-16 18:36:16,0.85,0.2
2024-01-16 18:38:45,0.6,0.1
2024-01-16 18:41:12,1.17,0.2
2024-01-16 18:43:39,0.9,0.2
2024-01-16 18:46:07,1.13,0.3
2024-01-16 18:48:34,1.08,0.2
2024-01-16 18:51:00,0.85,0.2
2024-01-16 18:53:26,1.42,0.63
2024-01-16 18:55:53,1.27,0.5
2024-01-16 18:58:20,1.05,0.2
2024-01-16 19:00:46,0.73,0.1
2024-01-16 19:03:15,1.1,0.3
2024-01-16 19:05:43,0.93,0.1
2024-01-16 19:08:09,0.8,0.1
2024-01-16 19:10:35,1.17,0.35
2024-01-16 19:13:01,1.35,0.1
2024-01-16 19:15:29,0.82,0.1
2024-01-16 19:17:56,0.95,0.2
2024-01-16 19:20:22,0.9,0.1
2024-01-16 19:22:49,1.0,0.13
2024-01-16 19:25:15,1.52,0.73
2024-01-16 19:27:44,0.98,0.15
2024-01-16 19:30:14,1.1,0.2
2024-01-16 19:32:43,0.6,0.1
2024-01-16 19:35:10,0.9,0.1
2024-01-16 19:37:36,0.9,0.3
2024-01-16 19:40:04,1.33,0.32
2024-01-16 19:42:35,1.38,0.22
2024-01-16 19:45:01,0.75,0.1
2024-01-16 19:47:27,1.08,0.2
2024-01-16 19:49:55,1.38,0.47
2024-01-16 19:52:21,1.17,0.3
2024-01-16 19:54:47,1.02,0.15
2024-01-16 19:57:13,1.0,0.1
2024-01-16 19:59:39,0.82,0.1
2024-01-16 20:02:05,0.95,0.17
2024-01-16 20:04:32,0.98,0.2
2024-01-16 20:06:58,0.9,0.1
2024-01-16 20:09:24,1.02,0.2
2024-01-16 20:11:51,1.23,0.75
2024-01-16 20:14:19,1.0,0.2
2024-01-16 20:16:45,0.77,0.1
2024-01-16 20:19:12,0.8,0.1
2024-01-16 20:21:38,1.38,0.25
2024-01-16 20:24:06,0.7,0.1
2024-01-16 20:26:32,0.77,0.2
2024-01-16 20:28:59,0.52,0.1
2024-01-16 20:31:25,1.0,0.9
2024-01-16 20:33:51,0.9,0.13
2024-01-16 20:36:18,1.25,0.22
2024-01-16 20:38:45,1.38,0.32
2024-01-16 20:41:11,0.77,0.1
2024-01-16 20:43:38,0.6,0.1
2024-01-16 20:46:04,1.2,0.22
2024-01-16 20:48:30,0.9,0.1
2024-01-16 20:50:57,1.0,0.2
2024-01-16 20:53:27,1.0,0.1
2024-01-16 20:55:54,1.23,0.2
2024-01-16 20:58:20,1.35,0.63
2024-01-16 21:00:46,1.27,0.43
2024-01-16 21:03:16,1.0,0.2
2024-01-16 21:05:48,0.63,0.1
2024-01-16 21:08:15,0.7,0.1
2024-01-16 21:10:41,0.9,0.1
2024-01-16 21:13:08,0.9,0.1
2024-01-16 21:15:34,1.15,0.22
2024-01-16 21:18:01,1.0,0.3
2024-01-16 21:20:28,0.6,0.1
2024-01-16 21:22:54,0.6,0.1
2024-01-16 21:25:21,1.15,0.43
2024-01-16 21:27:51,1.0,0.2
2024-01-16 21:30:17,0.88,0.1
2024-01-16 21:32:43,1.1,0.2
2024-01-16 21:35:10,1.02,0.28
2024-01-16 21:37:36,1.13,0.43
2024-01-16 21:40:03,1.1,0.43
2024-01-16 21:44:56,0.9,0.17
2024-01-16 21:47:22,0.88,0.1
2024-01-16 21:49:49,0.7,0.1
2024-01-16 21:52:15,0.82,0.1
2024-01-16 21:54:41,0.85,0.13
2024-01-16 21:57:07,0.98,0.2
2024-01-16 21:59:34,0.88,0.2
2024-01-16 22:02:00,1.63,0.45
2024-01-16 22:04:26,0.7,0.1
2024-01-16 22:06:52,0.82,0.13
2024-01-16 22:09:19,1.13,0.3
2024-01-16 22:11:46,0.65,0.1
2024-01-16 22:14:13,1.48,0.3
2024-01-16 22:16:39,0.98,0.1
2024-01-16 22:19:05,1.2,0.1
2024-01-16 22:21:31,0.98,0.13
2024-01-16 22:23:58,0.98,0.2
2024-01-16 22:26:24,1.08,0.2
2024-01-16 22:28:50,1.55,0.98
2024-01-16 22:31:16,0.8,0.1
2024-01-16 22:33:42,1.08,0.22
2024-01-16 22:36:09,1.35,0.32
2024-01-16 22:38:36,0.77,0.1
2024-01-16 22:41:02,1.08,0.3
2024-01-16 22:43:34,1.0,0.2
2024-01-16 22:46:00,1.42,0.3
2024-01-16 22:48:26,1.35,0.3
2024-01-16 22:50:54,1.02,0.2
2024-01-16 22:53:20,1.2,0.3
2024-01-16 22:55:47,1.35,0.4
2024-01-16 22:58:17,0.88,0.13
2024-01-16 23:00:44,1.05,0.22
2024-01-16 23:03:16,0.9,0.13
2024-01-16 23:05:45,0.82,0.13
2024-01-16 23:08:11,1.0,0.2
2024-01-16 23:10:38,1.2,0.35
2024-01-16 23:13:04,0.73,0.1
2024-01-16 23:15:31,1.1,0.2
2024-01-16 23:17:57,0.85,0.1
2024-01-16 23:20:23,1.52,0.5
2024-01-16 23:22:52,0.8,0.1
2024-01-16 23:25:21,0.77,0.17
2024-01-16 23:27:47,1.02,0.2
2024-01-16 23:30:17,1.27,0.95
2024-01-16 23:32:43,0.88,0.1
2024-01-16 23:35:09,0.9,0.1
2024-01-16 23:37:36,0.98,0.2
2024-01-16 23:40:05,1.08,0.1
2024-01-16 23:42:33,1.08,0.2
2024-01-16 23:45:02,1.05,0.55
2024-01-16 23:47:29,0.9,0.2
2024-01-16 23:49:55,1.0,0.2
2024-01-16 23:52:21,0.85,0.1
2024-01-16 23:54:47,1.5,0.5
2024-01-16 23:57:13,0.68,0.1
2024-01-16 23:59:39,1.27,0.38
2024-01-17 00:02:05,0.88,0.13
2024-01-17 00:04:31,1.13,0.3
2024-01-17 00:06:58,0.77,0.1
2024-01-17 00:09:24,1.08,0.32
2024-01-17 00:11:50,0.8,0.1
2024-01-17 00:14:16,1.1,0.32
2024-01-17 00:16:43,0.8,0.1
2024-01-17 00:19:09,0.63,0.1
2024-01-17 00:21:35,1.2,0.3
2024-01-17 00:24:02,1.08,0.2
2024-01-17 00:26:28,0.8,0.13
2024-01-17 00:28:54,1.27,0.47
2024-01-17 00:31:21,1.08,0.28
2024-01-17 00:33:48,0.8,0.1
2024-01-17 00:36:14,0.75,0.1
2024-01-17 00:38:40,1.27,0.45
2024-01-17 00:41:06,1.0,0.2
2024-01-17 00:43:32,0.9,0.2
2024-01-17 00:45:58,1.25,0.9
2024-01-17 00:48:24,1.15,0.25
2024-01-17 00:50:51,1.3,0.4
2024-01-17 00:53:17,1.17,0.32
2024-01-17 00:55:43,1.1,0.3
2024-01-17 00:58:09,0.68,0.1
2024-01-17 01:00:35,0.8,0.1
2024-01-17 01:03:01,0.7,0.1
2024-01-17 01:05:27,0.93,0.15
2024-01-17 01:07:53,1.1,0.3
2024-01-17 01:10:19,1.33,0.3
2024-01-17 01:12:45,0.8,0.1
2024-01-17 01:15:12,1.52,0.77
2024-01-17 01:17:38,1.0,0.22
2024-01-17 01:20:05,1.42,0.3
2024-01-17 01:22:32,0.82,0.1
2024-01-17 01:24:58,1.02,0.2
2024-01-17 01:27:24,0.6,0.1
2024-01-17 01:29:50,0.85,0.2
2024-01-17 01:32:16,1.15,0.3
2024-01-17 01:34:43,1.1,0.3
2024-01-17 01:37:09,1.02,0.3
2024-01-17 01:39:35,1.23,0.28
2024-01-17 01:42:01,0.9,0.1
2024-01-17 01:44:27,1.15,0.3
2024-01-17 01:46:55,0.8,0.1
2024-01-17 01:49:21,1.4,0.63
2024-01-17 01:51:48,0.95,0.2
2024-01-17 01:54:15,0.85,0.2
2024-01-17 01:59:08,0.85,0.1
2024-01-17 02:01:34,0.85,0.15
2024-01-17 02:04:01,1.1,0.3
2024-01-17 02:06:30,1.15,0.2
2024-01-17 02:08:57,0.95,0.25
2024-01-17 02:11:23,0.98,0.15
2024-01-17 02:13:49,0.95,0.17
2024-01-17 02:16:16,1.02,0.2
2024-01-17 02:18:43,1.08,0.25
2024-01-17 02:21:10,0.77,0.1
2024-01-17 02:26:02,0.75,0.1
2024-01-17 02:28:29,1.55,0.5
2024-01-17 02:30:56,1.13,0.2
2024-01-17 02:33:22,0.95,0.32
2024-01-17 02:35:48,1.05,0.38
2024-01-17 02:38:14,1.2,0.4
2024-01-17 02:40:40,0.77,0.1
2024-01-17 02:43:06,1.35,0.57
2024-01-17 02:45:32,1.1,0.25
2024-01-17 02:47:59,1.3,0.3
2024-01-17 02:50:26,1.2,0.4
2024-01-17 02:52:52,0.7,0.1
2024-01-17 02:55:18,0.9,0.2
2024-01-17 02:57:45,1.15,0.3
2024-01-17 03:00:11,1.23,0.4
2024-01-17 03:02:37,0.9,0.1
2024-01-17 03:05:04,0.88,0.1
2024-01-17 03:07:31,1.05,0.1
2024-01-17 03:09:57,1.25,0.3
2024-01-17 03:12:23,1.17,0.3
2024-01-17 03:14:49,1.0,0.25
2024-01-17 03:17:15,1.15,0.38
2024-01-17 03:19:45,1.3,0.45
2024-01-17 03:22:12,1.38,0.32
2024-01-17 03:24:38,0.7,0.1
2024-01-17 03:27:05,0.88,0.13
2024-01-17 03:29:31,1.42,0.55
2024-01-17 03:31:57,0.9,0.15
2024-01-17 03:34:23,0.93,0.15
2024-01-17 03:36:49,1.17,0.3
2024-01-17 03:39:15,0.9,0.1
2024-01-17 03:41:41,1.2,0.3
2024-01-17 03:44:07,0.68,0.1
2024-01-17 03:46:33,0.85,0.3
2024-01-17 03:48:59,1.05,0.32
2024-01-17 03:51:25,0.65,0.1
2024-01-17 03:53:52,0.95,0.15
2024-01-17 03:56:18,1.4,0.4
2024-01-17 03:58:44,0.98,0.25
2024-01-17 04:01:10,0.9,0.1
2024-01-17 04:03:38,0.6,0.1
2024-01-17 04:06:05,1.25,0.4
2024-01-17 04:08:31,1.27,0.52
2024-01-17 04:10:58,1.33,0.55
2024-01-17 04:13:24,0.8,0.2
2024-01-17 04:15:50,1.05,0.2
2024-01-17 04:18:16,1.1,0.3
2024-01-17 04:20:42,0.98,0.25
2024-01-17 04:23:08,1.08,0.28
2024-01-17 04:25:35,0.93,0.22
2024-01-17 04:28:05,1.05,0.3
2024-01-17 04:30:31,0.7,0.1
2024-01-17 04:32:57,1.38,0.45
2024-01-17 04:35:23,1.1,0.3
2024-01-17 04:37:49,0.68,0.1
2024-01-17 04:40:15,1.23,0.3
2024-01-17 04:42:42,0.95,0.2
2024-01-17 04:45:09,1.08,0.4
2024-01-17 04:47:36,0.93,0.2
2024-01-17 04:50:02,1.1,0.22
2024-01-17 04:52:28,0.9,0.1
2024-01-17 04:54:55,0.63,0.1
2024-01-17 04:57:21,0.95,0.22
2024-01-17 04:59:47,1.05,0.32
2024-01-17 05:02:13,0.7,0.1
2024-01-17 05:04:39,0.6,0.1
2024-01-17 05:07:05,1.0,0.2
2024-01-17 05:09:31,1.4,0.63
2024-01-17 05:11:57,1.27,0.3
2024-01-17 05:14:23,0.95,0.22
2024-01-17 05:16:50,1.0,0.22
2024-01-17 05:19:16,0.7,0.1
2024-01-17 05:21:42,0.8,0.2
2024-01-17 05:24:08,0.82,0.2
2024-01-17 05:26:34,0.7,0.1
2024-01-17 05:29:00,1.1,0.43
2024-01-17 05:31:27,0.93,0.2
2024-01-17 05:33:53,1.02,0.28
2024-01-17 05:36:19,0.85,0.1
2024-01-17 05:38:45,1.0,0.2
2024-01-17 05:41:11,1.27,0.4
2024-01-17 05:43:37,1.27,0.38
2024-01-17 05:46:03,1.0,0.22
2024-01-17 05:48:29,1.2,0.1
2024-01-17 05:50:55,0.93,0.2
2024-01-17 05:53:21,1.0,0.2
2024-01-17 05:55:47,1.13,0.28
2024-01-17 05:58:13,1.0,0.2
2024-01-17 06:00:39,1.2,0.32
2024-01-17 06:03:06,0.5,0.1
2024-01-17 06:05:32,0.98,0.2
2024-01-17 06:07:58,0.77,0.2
2024-01-17 06:10:24,1.0,0.3
2024-01-17 06:12:52,0.88,0.1
2024-01-17 06:15:18,1.27,0.6
2024-01-17 06:17:47,0.98,0.38
2024-01-17 06:20:13,0.6,0.1
2024-01-17 06:22:39,1.02,0.25
2024-01-17 06:25:06,1.15,0.3
2024-01-17 06:27:32,0.98,0.2
2024-01-17 06:29:58,0.9,0.1
2024-01-17 06:32:24,0.75,0.1
2024-01-17 06:34:50,1.4,0.52
2024-01-17 06:37:17,0.63,0.1
2024-01-17 06:39:43,1.0,0.25
2024-01-17 06:42:09,1.02,0.22
2024-01-17 06:44:35,0.9,0.2
2024-01-17 06:47:01,0.8,0.1
2024-01-17 06:49:29,1.55,0.5
2024-01-17 06:51:55,1.3,0.4
2024-01-17 06:54:21,1.27,0.3
2024-01-17 06:56:47,1.0,0.2
2024-01-17 06:59:13,1.7,0.32
2024-01-17 07:04:07,0.95,0.1
2024-01-17 07:06:34,0.6,0.1
2024-01-17 07:09:00,1.33,0.4
2024-01-17 07:11:26,0.93,0.17
2024-01-17 07:13:52,1.2,0.4
2024-01-17 07:16:18,1.15,0.2
2024-01-17 07:18:44,0.6,0.1
2024-01-17 07:21:10,0.93,0.25
2024-01-17 07:23:39,1.23,0.57
2024-01-17 07:26:07,0.98,0.32
2024-01-17 07:28:33,0.98,0.2
2024-01-17 07:30:59,1.38,0.43
2024-01-17 07:33:25,1.05,0.3
2024-01-17 07:35:51,1.15,0.28
2024-01-17 07:38:17,1.05,0.15
2024-01-17 07:40:43,0.7,0.1
2024-01-17 07:43:09,1.05,0.3
2024-01-17 07:45:36,1.1,0.3
2024-01-17 07:48:02,0.93,0.17
2024-01-17 07:50:28,1.0,0.2
2024-01-17 07:52:54,0.95,0.1
2024-01-17 07:55:20,1.08,0.25
2024-01-17 07:57:46,1.33,0.43
2024-01-17 08:00:12,1.1,0.35
2024-01-17 08:02:39,1.0,0.2
2024-01-17 08:05:05,1.08,0.2
2024-01-17 08:07:32,0.9,0.15
2024-01-17 08:09:58,0.73,0.1
2024-01-17 08:12:24,1.2,0.32
2024-01-17 08:14:50,0.9,0.1
2024-01-17 08:17:16,1.52,0.45
2024-01-17 08:19:42,0.82,0.15
2024-01-17 08:22:08,0.93,0.2
2024-01-17 08:24:35,0.98,0.2
2024-01-17 08:27:01,1.02,0.25
2024-01-17 08:29:28,0.98,0.25
2024-01-17 08:31:54,0.85,0.17
2024-01-17 08:34:20,1.35,0.55
2024-01-17 08:36:46,0.73,0.13
2024-01-17 08:39:12,0.88,0.1
2024-01-17 08:44:10,1.17,0.3
2024-01-17 08:46:46,1.02,0.2
2024-01-17 08:49:13,1.05,0.25
2024-01-17 08:51:39,0.85,0.1
2024-01-17 08:54:06,1.17,0.3
2024-01-17 08:56:32,1.58,0.32
2024-01-17 08:58:58,1.58,0.75
2024-01-17 09:01:27,1.55,0.5
2024-01-17 09:03:53,0.9,0.1
2024-01-17 09:06:19,1.3,0.35
2024-01-17 09:08:45,1.3,0.43
2024-01-17 09:11:11,0.93,0.17
2024-01-17 09:13:37,1.13,0.2
2024-01-17 09:16:04,1.05,0.22
2024-01-17 09:18:30,1.25,0.28
2024-01-17 09:20:56,1.33,0.45
2024-01-17 09:23:22,0.7,0.1
2024-01-17 09:25:48,1.42,0.4
2024-01-17 09:28:14,1.67,0.4
2024-01-17 09:30:40,0.93,0.2
2024-01-17 09:33:06,0.9,0.3
2024-01-17 09:35:33,1.1,0.3
2024-01-17 09:38:01,1.08,0.2
2024-01-17 09:40:28,1.15,0.1
2024-01-17 09:42:54,1.6,0.82
2024-01-17 09:45:20,1.1,0.3
2024-01-17 09:47:48,1.0,0.1
2024-01-17 09:50:14,1.25,0.2
2024-01-17 09:52:40,1.4,0.5
2024-01-17 09:55:08,1.17,0.22
2024-01-17 09:57:36,1.17,0.5
2024-01-17 10:00:06,0.82,0.15
2024-01-17 10:02:37,0.8,0.1
2024-01-17 10:05:07,1.33,0.57
2024-01-17 10:07:37,1.6,1.08
2024-01-17 10:10:04,1.0,0.3
2024-01-17 10:12:30,0.85,0.13
2024-01-17 10:14:56,0.93,0.1
2024-01-17 10:17:22,0.95,0.22
2024-01-17 10:19:48,1.27,0.4
2024-01-17 10:22:14,1.35,0.3
2024-01-17 10:24:40,1.05,0.3
2024-01-17 10:27:07,1.73,0.75
2024-01-17 10:29:36,1.0,0.2
2024-01-17 10:32:03,1.0,0.25
2024-01-17 10:34:30,0.82,0.15
2024-01-17 10:36:56,0.9,0.2
2024-01-17 10:39:23,1.08,0.2
2024-01-17 10:41:53,0.93,0.2
2024-01-17 10:44:24,1.3,0.35
2024-01-17 10:46:51,1.27,0.4
2024-01-17 10:49:17,0.82,0.15
2024-01-17 10:52:03,1.52,0.68
2024-01-17 10:57:14,0.7,0.1
2024-01-17 10:59:47,1.25,0.4
2024-01-17 11:02:20,1.6,0.2
2024-01-17 11:04:48,0.95,0.45
2024-01-17 11:07:17,0.7,0.1
2024-01-17 11:09:44,0.95,0.3
2024-01-17 11:12:11,1.17,0.35
2024-01-17 11:14:41,1.2,0.3
2024-01-17 11:17:08,1.08,0.5
2024-01-17 11:19:35,1.05,0.3
2024-01-17 11:22:01,0.73,0.1
2024-01-17 11:29:39,1.0,0.2
2024-01-17 11:32:18,1.02,0.32
2024-01-17 11:34:49,0.93,0.2
2024-01-17 11:37:31,1.0,0.2
2024-01-17 11:40:03,1.25,0.35
2024-01-17 11:42:33,0.98,0.2
2024-01-17 11:45:01,1.02,0.17
2024-01-17 11:47:28,2.83,0.35
2024-01-17 11:49:54,1.4,0.55
2024-01-17 11:54:52,0.8,0.1
2024-01-17 11:57:19,1.23,0.98
2024-01-17 11:59:49,0.8,0.1
2024-01-17 12:02:33,1.38,0.4
2024-01-17 12:05:00,1.23,0.3
2024-01-17 12:07:27,1.27,0.2
2024-01-17 12:09:55,1.33,0.3
2024-01-17 12:12:21,0.8,0.1
2024-01-17 12:14:47,0.73,0.1
2024-01-17 12:17:13,1.08,0.3
2024-01-17 12:19:39,0.98,0.2
2024-01-17 12:22:05,1.42,0.35
2024-01-17 12:24:33,1.1,0.15
2024-01-17 12:27:04,1.15,0.32
2024-01-17 12:29:31,1.25,0.32
2024-01-17 12:31:58,0.88,0.1
2024-01-17 12:34:24,1.33,0.3
2024-01-17 12:36:50,0.7,0.1
2024-01-17 12:39:16,0.93,0.22
2024-01-17 12:41:42,0.95,0.1
2024-01-17 12:44:09,1.15,0.2
2024-01-17 12:46:35,1.3,0.43
2024-01-17 12:49:02,1.0,0.15
2024-01-17 12:51:28,1.52,0.32
2024-01-17 12:53:58,1.15,0.2
2024-01-17 12:56:25,0.9,0.2
2024-01-17 13:01:18,1.27,0.43
2024-01-17 13:03:52,1.0,0.2
2024-01-17 13:06:23,1.23,0.17
2024-01-17 13:08:50,1.48,0.32
2024-01-17 13:11:16,0.93,0.2
2024-01-17 13:13:43,1.27,0.32
2024-01-17 13:16:09,1.05,0.2
2024-01-17 13:18:39,1.6,0.4
2024-01-17 13:21:09,1.17,0.5
2024-01-17 13:23:38,1.2,0.35
2024-01-17 13:26:05,1.27,0.43
2024-01-17 13:28:32,0.85,0.13
2024-01-17 13:30:58,1.0,0.1
2024-01-17 13:33:24,1.15,0.3
2024-01-17 13:35:50,1.13,0.2
2024-01-17 13:38:19,0.93,0.1
2024-01-17 13:40:50,1.25,0.45
2024-01-17 13:43:17,1.17,0.2
2024-01-17 13:45:43,1.25,0.43
2024-01-17 13:48:09,0.75,0.15
2024-01-17 13:50:35,0.8,0.1
2024-01-17 13:53:02,1.05,0.35
2024-01-17 13:55:46,1.48,0.57
2024-01-17 13:58:12,1.02,0.22
2024-01-17 14:00:38,1.6,0.52
2024-01-17 14:03:05,0.75,0.1
2024-01-17 14:05:34,0.8,0.1
2024-01-17 14:08:00,1.33,0.38
2024-01-17 14:10:26,1.2,0.4
2024-01-17 14:12:52,1.33,0.43
2024-01-17 14:15:18,1.13,0.2
2024-01-17 14:17:44,0.77,0.1
2024-01-17 14:20:11,0.93,0.17
2024-01-17 14:22:45,1.35,0.2
2024-01-17 14:25:11,1.25,0.35
2024-01-17 14:27:40,1.1,0.22
2024-01-17 14:30:06,1.08,0.2
2024-01-17 14:32:36,0.95,0.22
2024-01-17 14:35:02,1.27,0.32
2024-01-17 14:37:28,0.77,0.1
2024-01-17 14:39:54,1.42,0.3
2024-01-17 14:42:20,1.73,0.5
2024-01-17 14:44:48,0.9,0.2
2024-01-17 14:47:14,1.4,0.2
2024-01-17 14:49:40,1.25,0.2
2024-01-17 14:52:06,1.2,0.4
2024-01-17 14:54:33,0.73,0.1
2024-01-17 14:56:59,0.98,0.13
2024-01-17 14:59:25,1.58,0.32
2024-01-17 15:01:51,1.0,0.2
2024-01-17 15:04:17,1.17,0.2
2024-01-17 15:06:44,1.08,0.32
2024-01-17 15:09:10,1.25,0.22
2024-01-17 15:11:45,0.8,0.1
2024-01-17 15:14:14,0.93,0.13
2024-01-17 15:16:40,1.15,0.2
2024-01-17 15:19:06,1.08,0.22
2024-01-17 15:21:35,1.58,0.85
2024-01-17 15:24:01,1.25,0.43
2024-01-17 15:26:28,1.0,0.13
2024-01-17 15:28:55,1.48,0.65
2024-01-17 15:31:21,0.95,0.2
2024-01-17 15:33:47,0.95,0.2
2024-01-17 15:36:13,1.1,0.25
2024-01-17 15:38:40,1.17,0.3
2024-01-17 15:41:11,1.3,0.45
2024-01-17 15:43:40,1.25,0.4
2024-01-17 15:46:06,0.95,0.2
2024-01-17 15:48:32,0.85,0.15
2024-01-17 15:51:02,1.15,0.28
2024-01-17 15:53:29,1.38,0.45
2024-01-17 15:55:58,1.0,0.15
2024-01-17 15:58:24,1.27,0.32
2024-01-17 16:00:51,1.5,0.43
2024-01-17 16:03:17,0.9,0.1
2024-01-17 16:05:43,0.9,0.25
2024-01-17 16:08:09,0.8,0.1
2024-01-17 16:10:35,0.98,0.17
2024-01-17 16:13:02,1.25,0.3
2024-01-17 16:15:28,0.7,0.1
2024-01-17 16:17:55,1.23,0.6
2024-01-17 16:20:21,1.35,0.68
2024-01-17 16:22:48,1.35,0.6
2024-01-17 16:25:14,1.3,0.43
2024-01-17 16:27:40,1.2,0.2
2024-01-17 16:30:09,1.65,0.57
2024-01-17 16:32:36,1.98,0.6
2024-01-17 16:35:03,1.15,0.55
2024-01-17 16:37:29,1.0,0.2
2024-01-17 16:39:55,1.15,0.25
2024-01-17 16:42:25,1.2,0.45
2024-01-17 16:44:51,1.25,0.57
2024-01-17 16:47:17,0.95,0.1
2024-01-17 16:49:44,1.45,0.52
2024-01-17 16:52:10,1.05,0.2
2024-01-17 16:54:36,0.75,0.08
2024-01-17 16:57:03,1.15,0.35
2024-01-17 16:59:29,1.02,0.22
2024-01-17 17:01:55,0.98,0.17
2024-01-17 17:04:21,1.15,0.68
2024-01-17 17:06:47,0.8,0.1
2024-01-17 17:09:13,0.98,0.17
2024-01-17 17:11:39,1.1,0.2
2024-01-17 17:14:05,0.95,0.1
2024-01-17 17:16:31,1.05,0.25
2024-01-17 17:18:57,1.05,0.17
2024-01-17 17:21:24,1.05,0.1
2024-01-17 17:23:50,1.0,0.2
2024-01-17 17:26:17,0.88,0.2
2024-01-17 17:28:43,1.13,0.22
2024-01-17 17:31:09,1.25,0.25
2024-01-17 17:33:37,1.25,0.3
2024-01-17 17:36:04,1.13,0.28
2024-01-17 17:38:30,1.0,0.13
2024-01-17 17:40:56,1.23,0.3
2024-01-17 17:43:22,1.65,1.48
2024-01-17 17:45:48,1.1,0.4
2024-01-17 17:48:14,1.52,0.43
2024-01-17 17:50:45,0.82,0.1
2024-01-17 17:53:15,0.82,0.1
2024-01-17 17:55:41,0.98,0.17
2024-01-17 17:58:08,1.1,0.3
2024-01-17 18:00:37,1.38,0.1
2024-01-17 18:03:03,1.7,0.52
2024-01-17 18:05:30,1.27,0.35
2024-01-17 18:07:57,1.2,0.4
2024-01-17 18:10:25,1.5,0.63
2024-01-17 18:12:51,0.77,0.13
2024-01-17 18:15:17,1.35,0.3
2024-01-17 18:17:44,1.0,0.1
2024-01-17 18:20:10,0.95,0.15
2024-01-17 18:22:36,1.1,0.22
2024-01-17 18:25:02,1.02,0.2
2024-01-17 18:27:28,1.25,0.4
2024-01-17 18:29:54,1.33,0.3
2024-01-17 18:32:21,1.23,0.28
2024-01-17 18:34:47,1.02,0.22
2024-01-17 18:37:13,1.35,0.43
2024-01-17 18:39:39,1.15,0.32
2024-01-17 18:42:05,1.48,0.43
2024-01-17 18:44:32,0.93,0.2
2024-01-17 18:46:59,0.95,0.1
2024-01-17 18:49:25,1.02,0.28
2024-01-17 18:51:53,1.1,0.17
2024-01-17 18:54:20,1.05,0.1
2024-01-17 18:56:46,1.45,0.3
2024-01-17 18:59:12,1.5,0.3
2024-01-17 19:01:38,1.1,0.2
2024-01-17 19:04:04,1.08,0.22
2024-01-17 19:06:34,1.27,0.8
2024-01-17 19:09:00,1.27,0.3
2024-01-17 19:11:28,0.85,0.17
2024-01-17 19:13:54,1.52,0.8
2024-01-17 19:16:21,1.63,0.47
2024-01-17 19:18:47,1.0,0.13
2024-01-17 19:21:13,1.15,0.13
2024-01-17 19:23:40,1.02,0.15
2024-01-17 19:26:07,1.42,0.3
2024-01-17 19:28:33,1.58,0.77
2024-01-17 19:30:59,1.42,0.43
2024-01-17 19:33:25,0.93,0.1
2024-01-17 19:35:51,1.05,0.2
2024-01-17 19:38:17,1.5,0.65
2024-01-17 19:40:44,1.35,0.38
2024-01-17 19:43:10,0.8,0.1
2024-01-17 19:45:36,1.2,0.1
2024-01-17 19:48:03,1.35,0.4
2024-01-17 19:50:30,1.17,0.47
2024-01-17 19:52:56,1.08,0.35
2024-01-17 19:55:22,1.83,1.5
2024-01-17 19:57:48,0.93,0.1
2024-01-17 20:00:26,1.0,0.17
2024-01-17 20:02:53,1.35,1.02
2024-01-17 20:05:19,1.75,0.57
2024-01-17 20:07:45,0.98,0.1
2024-01-17 20:10:11,1.48,0.4
2024-01-17 20:12:37,0.8,0.1
2024-01-17 20:15:04,1.05,0.2
2024-01-17 20:17:32,1.23,0.1
2024-01-17 20:19:58,1.23,0.2
2024-01-17 20:22:24,1.4,0.15
2024-01-17 20:24:50,1.27,0.3
2024-01-17 20:27:16,1.27,0.38
2024-01-17 20:29:44,1.38,0.52
2024-01-17 20:32:11,0.93,0.1
2024-01-17 20:34:38,1.48,0.4
2024-01-17 20:37:04,1.27,0.32
2024-01-17 20:39:30,1.2,0.3
2024-01-17 20:41:57,1.23,0.52
2024-01-17 20:44:24,1.08,0.1
2024-01-17 20:46:50,1.4,0.43
2024-01-17 20:49:18,0.85,0.1
2024-01-17 20:51:44,1.2,0.1
2024-01-17 20:54:10,1.25,0.65
2024-01-17 20:56:42,1.35,0.47
2024-01-17 20:59:08,1.25,0.3
2024-01-17 21:01:34,1.55,0.28
2024-01-17 21:04:05,1.15,0.22
2024-01-17 21:06:32,1.05,0.2
2024-01-17 21:08:58,0.8,0.1
2024-01-17 21:11:24,1.15,0.22
2024-01-17 21:13:51,1.35,0.1
2024-01-17 21:16:17,1.58,0.2
2024-01-17 21:18:43,1.6,0.55
2024-01-17 21:21:10,1.3,0.63
2024-01-17 21:23:36,1.42,0.68
2024-01-17 21:26:02,1.05,0.52
2024-01-17 21:28:28,1.42,0.13
2024-01-17 21:30:54,1.3,0.32
2024-01-17 21:33:20,1.23,0.3
2024-01-17 21:35:48,1.75,1.08
2024-01-17 21:38:14,1.67,0.4
2024-01-17 21:40:41,1.1,0.1
2024-01-17 21:43:07,1.3,0.3
2024-01-17 21:45:33,1.1,0.2
2024-01-17 21:47:59,1.08,0.2
2024-01-17 21:50:25,1.17,0.65
2024-01-17 21:52:51,0.95,0.17
2024-01-17 21:55:17,0.93,0.1
2024-01-17 21:57:43,1.42,0.43
2024-01-17 22:00:09,1.05,0.2
2024-01-17 22:02:35,1.13,0.22
2024-01-17 22:05:01,1.02,0.22
2024-01-17 22:07:28,1.3,0.2
2024-01-17 22:09:54,1.3,0.3
2024-01-17 22:12:20,1.1,0.52
2024-01-17 22:14:46,0.88,0.1
2024-01-17 22:17:12,1.42,0.4
2024-01-17 22:19:39,1.35,0.2
2024-01-17 22:22:06,1.02,0.2
2024-01-17 22:24:32,1.9,0.65
2024-01-17 22:29:25,1.15,0.98
2024-01-17 22:31:51,1.15,0.45
2024-01-17 22:34:17,1.02,0.15
2024-01-17 22:36:43,1.0,0.13
2024-01-17 22:39:09,0.95,0.28
2024-01-17 22:41:43,1.83,0.57
2024-01-17 22:44:09,0.95,0.2
2024-01-17 22:46:37,1.55,0.68
2024-01-17 22:49:03,1.58,0.63
2024-01-17 22:51:30,0.85,0.1
2024-01-17 22:53:56,1.08,0.1
2024-01-17 22:56:22,1.4,0.57
2024-01-17 22:58:48,0.88,0.1
2024-01-17 23:01:14,0.8,0.1
2024-01-17 23:03:41,0.9,0.13
2024-01-17 23:06:09,1.25,0.47
2024-01-17 23:08:35,1.3,0.3
2024-01-17 23:11:01,0.7,0.1
2024-01-17 23:13:27,1.35,0.22
2024-01-17 23:15:54,0.85,0.1
2024-01-17 23:18:20,1.35,0.38
2024-01-17 23:20:46,1.25,0.35
2024-01-17 23:23:12,1.17,0.22
2024-01-17 23:25:38,1.05,0.15
2024-01-17 23:28:04,1.13,0.5
2024-01-17 23:30:30,1.38,0.57
2024-01-17 23:32:56,1.7,1.17
2024-01-17 23:35:23,1.35,0.6
2024-01-17 23:37:49,1.3,0.52
2024-01-17 23:40:15,1.2,0.2
2024-01-17 23:42:41,1.15,0.1
2024-01-17 23:45:07,0.95,0.1
2024-01-17 23:47:34,1.15,0.57
2024-01-17 23:50:00,1.25,0.77
2024-01-17 23:52:26,1.38,0.68
2024-01-17 23:54:52,1.35,0.28
2024-01-17 23:57:18,1.15,0.13
2024-01-17 23:59:44,1.1,0.1
2024-01-18 00:02:10,1.17,0.4
2024-01-18 00:04:36,0.93,0.25
2024-01-18 00:07:03,0.9,0.2
2024-01-18 00:09:29,1.1,0.1
2024-01-18 00:11:55,1.27,0.47
2024-01-18 00:14:21,0.98,0.25
2024-01-18 00:16:49,1.4,0.3
2024-01-18 00:19:15,1.15,0.35
2024-01-18 00:21:41,0.65,0.1
2024-01-18 00:24:07,0.8,0.1
2024-01-18 00:26:33,0.7,0.1
2024-01-18 00:28:59,0.73,0.1
2024-01-18 00:31:25,1.13,0.47
2024-01-18 00:33:52,1.1,0.35
2024-01-18 00:36:22,0.9,0.13
2024-01-18 00:38:49,0.9,0.1
2024-01-18 00:41:15,0.9,0.2
2024-01-18 00:43:41,1.2,0.35
2024-01-18 00:46:07,1.35,0.77
2024-01-18 00:48:33,1.42,0.6
2024-01-18 00:50:59,1.58,0.77
2024-01-18 00:53:25,1.0,0.2
2024-01-18 00:55:51,0.9,0.1
2024-01-18 00:58:17,1.13,0.32
2024-01-18 01:00:43,1.27,0.47
2024-01-18 01:03:09,1.13,0.28
2024-01-18 01:05:35,0.9,0.1
2024-01-18 01:08:01,1.02,0.2
2024-01-18 01:10:27,0.9,0.2
2024-01-18 01:12:53,0.88,0.1
2024-01-18 01:15:19,0.85,0.1
2024-01-18 01:17:45,0.93,0.1
2024-01-18 01:20:12,1.27,0.3
2024-01-18 01:22:38,1.15,0.3
2024-01-18 01:25:04,1.0,0.15
2024-01-18 01:27:31,1.08,0.22
2024-01-18 01:29:57,1.08,0.2
2024-01-18 01:32:23,0.8,0.1
2024-01-18 01:34:49,1.05,0.15
2024-01-18 01:37:15,0.73,0.1
2024-01-18 01:39:41,0.98,0.2
2024-01-18 01:42:08,0.9,0.13
2024-01-18 01:44:34,0.98,0.13
2024-01-18 01:47:00,1.0,0.2
2024-01-18 01:49:26,0.93,0.2
2024-01-18 01:51:53,1.5,0.5
2024-01-18 01:54:19,1.1,0.2
2024-01-18 01:56:46,1.1,0.15
2024-01-18 01:59:13,0.93,0.15
2024-01-18 02:01:41,0.98,0.32
2024-01-18 02:04:07,1.35,0.3
2024-01-18 02:06:34,1.38,0.4
2024-01-18 02:09:01,0.8,0.15
2024-01-18 02:11:28,0.77,0.1
2024-01-18 02:13:54,1.5,0.4
2024-01-18 02:16:21,1.3,0.32
2024-01-18 02:18:47,1.15,0.2
2024-01-18 02:21:13,1.23,0.32
2024-01-18 02:23:40,0.6,0.1
2024-01-18 02:26:07,0.65,0.1
2024-01-18 02:28:33,0.6,0.1
2024-01-18 02:30:59,0.73,0.1
2024-01-18 02:33:25,1.38,0.3
2024-01-18 02:35:51,0.9,0.1
2024-01-18 02:38:17,1.58,0.9
2024-01-18 02:40:43,0.8,0.1
2024-01-18 02:43:09,1.23,0.2
2024-01-18 02:45:35,0.9,0.2
2024-01-18 02:48:02,1.15,0.25
2024-01-18 02:50:28,1.17,0.22
2024-01-18 02:52:54,0.98,0.17
2024-01-18 02:55:20,1.3,0.3
2024-01-18 02:57:47,1.08,0.2
2024-01-18 03:00:13,1.17,0.32
2024-01-18 03:02:39,1.23,0.4
2024-01-18 03:05:05,0.93,0.25
2024-01-18 03:07:31,0.9,0.1
2024-01-18 03:09:58,1.0,0.1
2024-01-18 03:12:24,0.88,0.17
2024-01-18 03:14:50,0.93,0.22
2024-01-18 03:17:16,0.95,0.15
2024-01-18 03:19:43,0.77,0.1
2024-01-18 03:22:09,0.8,0.1
2024-01-18 03:24:35,0.75,0.1
2024-01-18 03:27:01,0.7,0.1
2024-01-18 03:29:27,0.9,0.13
2024-01-18 03:31:53,0.8,0.1
2024-01-18 03:34:19,1.0,0.2
2024-01-18 03:36:45,1.3,0.5
2024-01-18 03:39:11,1.25,0.68
2024-01-18 03:41:37,0.73,0.1
2024-01-18 03:44:03,0.93,0.25
2024-01-18 03:46:29,0.8,0.1
2024-01-18 03:48:55,1.33,0.3
2024-01-18 03:51:22,1.1,0.98
2024-01-18 03:53:48,0.9,0.2
2024-01-18 03:58:41,1.35,0.77
2024-01-18 04:01:08,1.52,0.57
2024-01-18 04:03:34,1.3,0.63
2024-01-18 04:06:00,0.77,0.1
2024-01-18 04:08:26,1.27,0.45
2024-01-18 04:10:52,1.13,0.3
2024-01-18 04:13:18,0.93,0.15
2024-01-18 04:15:44,1.25,0.35
2024-01-18 04:18:10,0.88,0.1
2024-01-18 04:20:36,1.27,0.3
2024-01-18 04:23:03,1.02,0.35
2024-01-18 04:25:29,1.15,0.38
2024-01-18 04:27:55,0.95,0.1
2024-01-18 04:30:21,1.33,0.55
2024-01-18 04:32:47,0.7,0.1
2024-01-18 04:35:13,1.3,0.52
2024-01-18 04:37:39,1.48,0.65
2024-01-18 04:40:05,0.93,0.1
2024-01-18 04:42:32,1.1,0.2
2024-01-18 04:44:58,0.77,0.1
2024-01-18 04:47:24,1.27,0.2
2024-01-18 04:49:51,0.77,0.1
2024-01-18 04:52:17,0.73,0.1
2024-01-18 04:54:43,1.23,0.5
2024-01-18 04:57:09,1.13,0.25
2024-01-18 04:59:35,1.27,0.5
2024-01-18 05:02:01,0.8,0.1
2024-01-18 05:04:27,1.3,0.28
2024-01-18 05:06:54,1.17,0.32
2024-01-18 05:09:20,1.0,0.2
2024-01-18 05:11:46,1.5,0.32
2024-01-18 05:14:13,0.9,0.2
2024-01-18 05:16:39,1.25,0.5
2024-01-18 05:19:08,1.4,0.5
2024-01-18 05:21:34,1.02,0.32
2024-01-18 05:24:00,1.17,0.3
2024-01-18 05:26:26,0.9,0.1
2024-01-18 05:28:52,1.0,0.17
2024-01-18 05:31:18,1.4,0.5
2024-01-18 05:33:44,0.8,0.2
2024-01-18 05:36:10,1.3,0.35
2024-01-18 05:38:36,0.93,0.1
2024-01-18 05:41:02,0.85,0.13
2024-01-18 05:43:28,1.02,0.13
2024-01-18 05:45:54,0.8,0.1
2024-01-18 05:48:21,1.05,0.1
2024-01-18 05:50:47,0.8,0.1
2024-01-18 05:53:13,0.77,0.1
2024-01-18 05:55:39,1.0,0.2
2024-01-18 05:58:05,1.35,0.47
2024-01-18 06:00:31,1.05,0.25
2024-01-18 06:02:57,1.27,0.4
2024-01-18 06:05:23,0.85,0.13
2024-01-18 06:07:50,0.9,0.2
2024-01-18 06:10:17,0.9,0.1
2024-01-18 06:12:43,0.88,0.2
2024-01-18 06:15:09,1.0,0.2
2024-01-18 06:17:36,0.93,0.2
2024-01-18 06:20:02,1.4,0.32
2024-01-18 06:22:28,1.1,0.2
2024-01-18 06:24:54,1.13,0.2
2024-01-18 06:27:20,1.08,0.47
2024-01-18 06:29:47,1.23,0.45
2024-01-18 06:32:13,0.88,0.13
2024-01-18 06:34:39,1.08,0.2
2024-01-18 06:37:05,0.82,0.13
2024-01-18 06:39:31,1.4,0.4
2024-01-18 06:41:57,1.45,0.8
2024-01-18 06:44:23,1.2,0.3
2024-01-18 06:46:49,1.35,0.38
2024-01-18 06:49:16,1.02,0.43
2024-01-18 06:51:42,1.48,0.45
2024-01-18 06:54:08,1.05,0.2
2024-01-18 06:56:34,1.23,0.32
2024-01-18 06:59:00,1.1,0.3
2024-01-18 07:01:27,0.93,0.1
2024-01-18 07:03:53,1.6,0.57
2024-01-18 07:06:19,1.02,0.3
2024-01-18 07:08:45,1.35,0.45
2024-01-18 07:11:11,1.2,0.43
2024-01-18 07:13:37,1.4,0.63
2024-01-18 07:16:03,1.27,0.47
2024-01-18 07:18:32,1.1,0.32
2024-01-18 07:20:58,1.58,0.77
2024-01-18 07:23:24,1.05,0.22
2024-01-18 07:25:50,0.98,0.2
2024-01-18 07:28:16,1.05,0.1
2024-01-18 07:30:44,1.52,0.52
2024-01-18 07:33:10,0.82,0.13
2024-01-18 07:35:36,1.3,0.2
2024-01-18 07:38:03,1.55,0.52
2024-01-18 07:40:29,0.9,0.1
2024-01-18 07:42:55,1.1,0.2
2024-01-18 07:45:21,1.2,0.3
2024-01-18 07:47:47,1.2,0.6
2024-01-18 07:50:13,1.3,0.47
2024-01-18 07:52:39,0.88,0.1
2024-01-18 07:55:06,1.2,0.2
2024-01-18 07:57:32,0.88,0.13
2024-01-18 07:59:59,1.23,0.28
2024-01-18 08:02:25,1.15,0.22
2024-01-18 08:04:52,1.08,0.32
2024-01-18 08:07:18,1.4,0.52
2024-01-18 08:09:44,0.93,0.2
2024-01-18 08:12:10,1.23,0.38
2024-01-18 08:14:40,1.08,0.22
2024-01-18 08:17:06,1.52,0.32
2024-01-18 08:19:33,1.3,0.4
2024-01-18 08:21:59,1.52,0.2
2024-01-18 08:24:25,1.13,0.22
2024-01-18 08:26:51,1.42,0.43
2024-01-18 08:29:17,1.05,0.28
2024-01-18 08:31:43,1.13,0.22
2024-01-18 08:34:09,1.1,0.2
2024-01-18 08:36:36,1.15,0.2
2024-01-18 08:39:02,1.13,0.3
2024-01-18 08:41:28,1.05,0.2
2024-01-18 08:43:54,1.35,0.52
2024-01-18 08:46:20,1.05,0.1
2024-01-18 08:48:46,1.23,0.25
2024-01-18 08:51:12,1.48,0.4
2024-01-18 08:53:39,1.45,1.2
2024-01-18 08:56:09,1.17,0.4
2024-01-18 08:58:37,1.02,0.2
2024-01-18 09:01:03,1.58,0.52
2024-01-18 09:03:30,1.38,0.38
2024-01-18 09:05:56,1.05,0.2
2024-01-18 09:08:22,0.9,0.17
2024-01-18 09:10:49,1.5,0.35
2024-01-18 09:13:15,1.38,0.35
2024-01-18 09:15:41,1.27,0.32
2024-01-18 09:18:07,1.5,0.32
2024-01-18 09:20:33,0.95,0.2
2024-01-18 09:22:59,1.5,0.85
2024-01-18 09:25:25,1.33,0.3
2024-01-18 09:27:51,1.3,0.65
2024-01-18 09:30:18,1.1,0.2
2024-01-18 09:32:44,1.35,0.28
2024-01-18 09:35:10,1.4,0.5
2024-01-18 09:37:37,0.82,0.1
2024-01-18 09:40:03,1.48,0.4
2024-01-18 09:42:31,1.2,0.25
2024-01-18 09:45:00,1.23,0.32
2024-01-18 09:47:28,0.7,0.1
2024-01-18 09:49:54,1.0,0.2
2024-01-18 09:52:23,1.33,0.4
2024-01-18 09:54:49,0.93,0.13
2024-01-18 09:57:16,0.95,0.2
2024-01-18 09:59:44,1.02,0.15
2024-01-18 10:02:12,1.33,0.35
2024-01-18 10:04:38,0.9,0.2
2024-01-18 10:07:05,1.15,0.3
2024-01-18 10:09:31,1.58,0.77
2024-01-18 10:11:57,1.15,0.3
2024-01-18 10:14:37,1.0,0.2
2024-01-18 10:17:05,1.3,0.85
2024-01-18 10:19:32,1.3,0.22
2024-01-18 10:21:59,1.42,0.4
2024-01-18 10:24:25,1.05,0.2
2024-01-18 10:27:01,1.08,0.22
2024-01-18 10:29:31,1.17,0.4
2024-01-18 10:32:00,0.88,0.1
2024-01-18 10:34:26,1.1,0.2
2024-01-18 10:36:52,0.8,0.1
2024-01-18 10:39:19,0.93,0.13
2024-01-18 10:41:46,1.23,0.5
2024-01-18 10:44:13,1.02,0.2
2024-01-18 10:46:40,0.8,0.1
2024-01-18 10:49:07,1.3,0.38
2024-01-18 10:51:35,1.17,0.4
2024-01-18 10:54:02,1.33,0.38
2024-01-18 10:56:28,0.85,0.1
2024-01-18 10:58:55,1.38,0.57
2024-01-18 11:01:21,0.8,0.1
2024-01-18 11:03:47,1.42,0.4
2024-01-18 11:06:14,1.05,0.2
2024-01-18 11:08:40,1.08,0.2
2024-01-18 11:11:07,1.2,0.2
2024-01-18 11:13:34,1.33,0.35
2024-01-18 11:16:00,0.7,0.1
2024-01-18 11:18:26,1.1,0.3
2024-01-18 11:23:25,0.98,0.2
2024-01-18 11:25:51,0.85,0.1
2024-01-18 11:28:24,1.05,0.3
2024-01-18 11:30:53,1.42,0.4
2024-01-18 11:33:20,1.17,0.38
2024-01-18 11:35:47,0.9,0.1
2024-01-18 11:38:20,1.2,0.3
2024-01-18 11:40:49,1.0,0.28
2024-01-18 11:43:16,1.02,0.25
2024-01-18 11:45:43,1.13,0.32
2024-01-18 11:48:10,1.08,0.3
2024-01-18 11:53:02,1.33,0.45
2024-01-18 11:55:32,1.23,0.32
2024-01-18 11:58:00,0.9,0.2
2024-01-18 12:00:26,1.27,0.3
2024-01-18 12:02:54,0.9,0.1
2024-01-18 12:05:20,0.95,0.32
2024-01-18 12:07:47,0.75,0.13
2024-01-18 12:10:13,1.0,0.2
2024-01-18 12:12:39,1.2,0.32
2024-01-18 12:15:07,1.38,0.7
2024-01-18 12:17:33,1.05,0.2
2024-01-18 12:19:59,1.0,0.2
2024-01-18 12:22:27,1.27,0.5
2024-01-18 12:24:53,1.38,0.4
2024-01-18 12:27:19,0.95,0.2
2024-01-18 12:29:46,1.02,0.2
2024-01-18 12:32:15,1.55,1.35
2024-01-18 12:34:44,0.88,0.13
2024-01-18 12:37:11,0.95,0.22
2024-01-18 12:39:37,1.33,0.3
2024-01-18 12:42:03,1.2,0.3
2024-01-18 12:44:30,1.2,0.35
2024-01-18 12:46:56,1.17,0.3
2024-01-18 12:49:25,1.58,0.32
2024-01-18 12:51:52,1.42,0.25
2024-01-18 12:54:18,0.98,0.15
2024-01-18 12:56:45,1.38,0.35
2024-01-18 12:59:13,1.1,0.3
2024-01-18 13:01:39,1.13,0.2
2024-01-18 13:06:38,0.9,0.25
2024-01-18 13:09:04,1.15,0.15
2024-01-18 13:11:31,0.8,0.17
2024-01-18 13:13:58,1.67,0.5
2024-01-18 13:16:26,0.73,0.1
2024-01-18 13:18:58,0.95,0.15
2024-01-18 13:21:24,1.17,0.7
2024-01-18 13:23:50,1.1,0.13
2024-01-18 13:26:16,1.67,0.2
2024-01-18 13:28:42,0.9,0.13
2024-01-18 13:31:08,0.98,0.15
2024-01-18 13:33:34,0.93,0.15
2024-01-18 13:36:01,0.65,0.1
2024-01-18 13:38:28,0.93,0.13
2024-01-18 13:40:55,1.0,0.17
2024-01-18 13:43:21,0.77,0.1
2024-01-18 13:45:47,1.1,0.32
2024-01-18 13:48:13,1.17,0.25
2024-01-18 13:50:39,0.98,0.1
2024-01-18 13:53:05,1.02,0.25
2024-01-18 13:55:31,0.93,0.1
2024-01-18 13:57:58,1.4,0.6
2024-01-18 14:00:24,0.95,0.45
2024-01-18 14:02:50,1.05,0.2
2024-01-18 14:05:16,0.93,0.17
2024-01-18 14:07:42,1.38,0.3
2024-01-18 14:10:08,0.93,0.1
2024-01-18 14:12:35,0.9,0.1
2024-01-18 14:15:01,0.7,0.1
2024-01-18 14:17:27,1.3,0.68
2024-01-18 14:19:53,1.08,0.2
2024-01-18 14:22:19,1.0,0.15
2024-01-18 14:24:45,1.17,0.3
2024-01-18 14:27:11,0.98,0.35
2024-01-18 14:29:37,0.8,0.1
2024-01-18 14:32:04,0.68,0.1
2024-01-18 14:34:30,1.48,0.55
2024-01-18 14:36:56,1.0,0.22
2024-01-18 14:39:22,1.38,0.32
2024-01-18 14:41:48,1.25,0.32
2024-01-18 14:44:15,1.17,0.35
2024-01-18 14:46:41,1.15,0.2
2024-01-18 14:49:07,1.4,0.4
2024-01-18 14:51:33,1.02,0.22
2024-01-18 14:53:59,1.17,0.3
2024-01-18 14:56:25,1.2,0.2
2024-01-18 14:58:52,0.93,0.1
2024-01-18 15:01:18,0.82,0.2
2024-01-18 15:03:44,0.77,0.1
2024-01-18 15:06:11,1.02,0.32
2024-01-18 15:08:40,1.15,0.3
2024-01-18 15:11:06,1.05,0.3
2024-01-18 15:13:33,1.35,0.43
2024-01-18 15:15:59,1.08,0.17
2024-01-18 15:18:25,1.15,0.4
2024-01-18 15:20:51,1.63,0.4
2024-01-18 15:23:17,1.0,0.13
2024-01-18 15:25:43,1.2,0.2
2024-01-18 15:28:09,1.42,0.35
2024-01-18 15:30:36,1.13,0.2
2024-01-18 15:33:02,1.05,0.2
2024-01-18 15:35:30,1.55,0.68
2024-01-18 15:37:56,1.0,0.15
2024-01-18 15:40:22,1.35,0.35
2024-01-18 15:42:48,1.02,0.13
2024-01-18 15:45:15,1.23,0.2
2024-01-18 15:47:41,1.4,0.45
2024-01-18 15:50:10,0.73,0.1
2024-01-18 15:52:36,1.08,0.25
2024-01-18 15:55:05,1.23,0.22
2024-01-18 15:57:33,1.13,0.2
2024-01-18 15:59:59,1.15,0.52
2024-01-18 16:02:25,1.15,0.5
2024-01-18 16:04:53,1.13,0.2
2024-01-18 16:07:19,1.1,0.2
2024-01-18 16:09:45,1.33,0.3
2024-01-18 16:12:11,1.2,0.22
2024-01-18 16:14:37,1.08,0.22
2024-01-18 16:17:11,1.3,0.73
2024-01-18 16:19:37,0.77,0.1
2024-01-18 16:22:03,0.9,0.1
2024-01-18 16:24:29,0.93,0.1
2024-01-18 16:26:56,0.85,0.1
2024-01-18 16:29:24,1.17,0.17
2024-01-18 16:31:50,0.77,0.1
2024-01-18 16:34:16,0.98,0.3
2024-01-18 16:36:42,1.45,0.4
2024-01-18 16:39:08,0.98,0.3
2024-01-18 16:41:36,1.02,0.13
2024-01-18 16:44:02,1.02,0.22
2024-01-18 16:46:32,1.4,0.25
2024-01-18 16:48:58,1.42,0.5
2024-01-18 16:51:26,1.35,0.43
2024-01-18 16:53:52,1.3,0.5
2024-01-18 16:56:18,1.1,0.1
2024-01-18 16:58:44,1.55,0.45
2024-01-18 17:01:10,1.42,0.3
2024-01-18 17:03:36,1.35,0.4
2024-01-18 17:06:03,1.02,0.1
2024-01-18 17:08:29,1.42,0.32
2024-01-18 17:10:55,0.98,0.32
2024-01-18 17:13:21,0.8,0.1
2024-01-18 17:15:47,0.8,0.15
2024-01-18 17:18:13,0.68,0.1
2024-01-18 17:20:39,0.9,0.1
2024-01-18 17:23:06,1.27,0.2
2024-01-18 17:25:32,1.05,0.22
2024-01-18 17:27:58,1.1,0.22
2024-01-18 17:30:24,1.27,0.43
2024-01-18 17:32:50,0.9,0.15
2024-01-18 17:35:16,0.98,0.2
2024-01-18 17:37:42,1.0,0.15
2024-01-18 17:40:10,1.5,0.32
2024-01-18 17:42:36,1.38,0.35
2024-01-18 17:45:03,1.1,0.2
2024-01-18 17:47:31,1.5,0.75
2024-01-18 17:49:57,0.98,0.1
2024-01-18 17:52:24,1.0,0.2
2024-01-18 17:54:50,1.3,0.4
2024-01-18 17:57:21,1.0,0.13
2024-01-18 17:59:47,1.63,0.32
2024-01-18 18:02:13,1.0,0.2
2024-01-18 18:04:39,1.23,0.2
2024-01-18 18:07:05,0.82,0.1
2024-01-18 18:09:32,0.93,0.15
2024-01-18 18:11:58,1.48,0.32
2024-01-18 18:14:24,1.2,0.2
2024-01-18 18:16:55,1.13,0.2
2024-01-18 18:19:21,1.05,0.1
2024-01-18 18:21:47,1.23,0.52
2024-01-18 18:24:14,1.0,0.2
2024-01-18 18:26:41,1.33,0.45
2024-01-18 18:29:07,1.0,0.3
2024-01-18 18:31:36,1.17,0.3
2024-01-18 18:34:02,1.23,0.3
2024-01-18 18:36:28,0.98,0.22
2024-01-18 18:38:55,1.17,0.2
2024-01-18 18:41:21,1.0,0.1
2024-01-18 18:43:47,1.1,0.4
2024-01-18 18:46:13,0.93,0.1
2024-01-18 18:48:40,1.02,0.2
2024-01-18 18:51:06,1.35,0.57
2024-01-18 18:53:34,1.05,0.68
2024-01-18 18:56:00,1.4,1.08
2024-01-18 18:58:26,1.08,0.17
2024-01-18 19:00:53,1.0,0.2
2024-01-18 19:03:19,1.25,0.38
2024-01-18 19:05:47,1.1,0.3
2024-01-18 19:08:15,0.9,0.28
2024-01-18 19:10:41,1.13,0.2
2024-01-18 19:13:08,1.27,0.45
2024-01-18 19:15:34,1.33,0.3
2024-01-18 19:18:00,0.8,0.1
2024-01-18 19:20:27,1.25,0.25
2024-01-18 19:22:53,1.2,0.4
2024-01-18 19:25:19,1.3,0.5
2024-01-18 19:27:45,1.58,0.47
2024-01-18 19:30:11,1.15,0.2
2024-01-18 19:32:38,0.95,0.2
2024-01-18 19:35:04,1.17,0.3
2024-01-18 19:37:30,1.08,0.2
2024-01-18 19:39:57,1.3,0.2
2024-01-18 19:42:23,0.95,0.3
2024-01-18 19:44:49,1.0,0.2
2024-01-18 19:47:15,1.02,0.1
2024-01-18 19:49:41,0.8,0.1
2024-01-18 19:52:08,1.45,0.43
2024-01-18 19:54:35,1.35,0.3
2024-01-18 19:57:01,1.0,0.25
2024-01-18 19:59:27,1.05,0.2
2024-01-18 20:01:54,1.0,0.2
2024-01-18 20:04:31,0.95,0.1
2024-01-18 20:07:01,1.08,0.3
2024-01-18 20:09:27,1.17,0.38
2024-01-18 20:11:53,1.23,0.2
2024-01-18 20:14:20,1.1,0.45
2024-01-18 20:16:46,0.77,0.1
2024-01-18 20:19:13,1.0,0.2
2024-01-18 20:24:05,1.0,0.1
2024-01-18 20:26:31,4.07,1.15
2024-01-18 20:28:57,1.55,0.47
2024-01-18 20:31:23,0.93,0.1
2024-01-18 20:33:49,1.08,0.1
2024-01-18 20:36:15,1.13,0.2
2024-01-18 20:38:42,1.2,0.32
2024-01-18 20:41:08,0.88,0.1
2024-01-18 20:43:35,1.35,0.3
2024-01-18 20:46:01,0.98,0.2
2024-01-18 20:48:27,1.65,0.47
2024-01-18 20:50:54,1.58,0.2
2024-01-18 20:53:20,1.4,0.5
2024-01-18 20:55:46,1.0,0.35
2024-01-18 20:58:12,1.3,0.5
2024-01-18 21:00:38,1.23,0.2
2024-01-18 21:03:04,1.2,0.25
2024-01-18 21:05:36,1.35,0.32
2024-01-18 21:08:03,1.48,0.45
2024-01-18 21:10:29,1.02,0.2
2024-01-18 21:12:55,1.17,0.2
2024-01-18 21:15:22,1.48,0.3
2024-01-18 21:17:48,1.33,0.2
2024-01-18 21:20:14,2.7,0.8
2024-01-18 21:22:41,1.38,0.45
2024-01-18 21:25:07,1.05,0.2
2024-01-18 21:27:33,2.72,0.45
2024-01-18 21:29:59,3.22,0.4
2024-01-18 21:32:25,1.75,0.32
2024-01-18 21:34:51,1.55,0.2
2024-01-18 21:37:18,1.33,0.2
2024-01-18 21:39:44,0.95,0.1
2024-01-18 21:42:10,1.58,0.63
2024-01-18 21:44:36,4.18,2.13
2024-01-18 21:47:03,1.55,0.38
2024-01-18 21:49:29,1.2,0.35
2024-01-18 21:51:56,1.17,0.28
2024-01-18 21:54:22,1.15,0.3
2024-01-18 21:56:48,1.58,0.75
2024-01-18 21:59:14,1.25,0.3
2024-01-18 22:01:40,1.33,0.2
2024-01-18 22:04:06,2.6,1.05
2024-01-18 22:06:33,1.13,0.2
2024-01-18 22:08:59,1.6,0.4
2024-01-18 22:11:25,1.58,0.55
2024-01-18 22:13:51,1.1,0.4
2024-01-18 22:16:17,1.35,0.43
2024-01-18 22:18:44,1.23,0.32
2024-01-18 22:21:12,1.27,0.35
2024-01-18 22:23:38,1.33,0.65
2024-01-18 22:26:05,1.1,0.3
2024-01-18 22:28:31,1.42,0.57
2024-01-18 22:30:57,0.95,0.2
2024-01-18 22:33:23,1.33,0.63
2024-01-18 22:35:49,1.55,0.65
2024-01-18 22:38:15,1.35,0.4
2024-01-18 22:40:41,0.85,0.1
2024-01-18 22:43:07,0.93,0.2
2024-01-18 22:45:33,0.93,0.15
2024-01-18 22:47:59,1.02,0.22
2024-01-18 22:50:30,1.23,0.25
2024-01-18 22:52:59,0.88,0.1
2024-01-18 22:55:26,1.4,0.3
2024-01-18 22:57:52,1.38,0.45
2024-01-18 23:00:18,6.95,3.78
2024-01-18 23:02:44,1.13,0.5
2024-01-18 23:05:10,0.93,0.1
2024-01-18 23:07:36,0.93,0.2
2024-01-18 23:10:03,1.17,0.2
2024-01-18 23:12:30,1.48,0.55
2024-01-18 23:14:56,1.38,0.4
2024-01-18 23:17:22,1.08,0.2
2024-01-18 23:19:48,0.85,0.1
2024-01-18 23:22:14,1.02,0.2
2024-01-18 23:24:40,1.02,0.2
2024-01-18 23:27:06,0.85,0.1
2024-01-18 23:29:32,1.0,0.2
2024-01-18 23:31:58,0.93,0.15
2024-01-18 23:34:24,1.02,0.2
2024-01-18 23:36:50,1.05,0.2
2024-01-18 23:39:16,1.95,0.57
2024-01-18 23:41:43,1.67,0.38
2024-01-18 23:44:10,1.3,0.2
2024-01-18 23:46:36,1.27,0.3
2024-01-18 23:49:03,0.93,0.2
2024-01-18 23:51:30,1.65,0.4
2024-01-18 23:53:56,1.3,0.3
2024-01-18 23:56:22,1.6,0.45
2024-01-18 23:58:48,1.17,0.2
2024-01-19 00:01:14,1.2,0.5
2024-01-19 00:03:40,1.48,0.47
2024-01-19 00:06:06,1.08,0.2
2024-01-19 00:08:32,1.48,0.43
2024-01-19 00:10:58,1.08,0.3
2024-01-19 00:13:25,1.42,0.3
2024-01-19 00:15:51,1.08,0.5
2024-01-19 00:18:19,0.8,0.1
2024-01-19 00:20:45,1.63,1.27
2024-01-19 00:23:11,2.75,0.7
2024-01-19 00:25:37,1.15,0.45
2024-01-19 00:28:04,0.9,0.2
2024-01-19 00:30:30,1.08,0.25
2024-01-19 00:32:56,1.8,0.5
2024-01-19 00:35:22,1.27,0.32
2024-01-19 00:37:48,1.0,0.3
2024-01-19 00:40:15,1.0,0.15
2024-01-19 00:42:41,1.5,0.25
2024-01-19 00:45:08,3.65,1.0
2024-01-19 00:47:37,1.0,0.2
2024-01-19 00:50:04,1.23,0.25
2024-01-19 00:52:30,1.38,0.6
2024-01-19 00:54:56,1.02,0.3
2024-01-19 00:57:23,1.42,0.43
2024-01-19 00:59:49,1.15,0.38
2024-01-19 01:02:15,1.13,0.3
2024-01-19 01:04:41,1.02,0.2
2024-01-19 01:07:07,1.48,0.3
2024-01-19 01:09:34,1.45,0.55
2024-01-19 01:12:01,1.05,0.35
2024-01-19 01:14:27,0.77,0.1
2024-01-19 01:16:53,1.33,0.38
2024-01-19 01:19:19,1.42,0.4
2024-01-19 01:21:45,1.38,0.35
2024-01-19 01:24:11,1.67,0.47
2024-01-19 01:26:37,1.4,0.4
2024-01-19 01:29:03,1.52,0.5
2024-01-19 01:31:29,0.88,0.13
2024-01-19 01:33:55,1.23,0.2
2024-01-19 01:36:21,0.85,0.2
2024-01-19 01:38:47,1.23,0.32
2024-01-19 01:41:13,0.7,0.1
2024-01-19 01:43:39,0.88,0.2
2024-01-19 01:46:05,0.82,0.1
2024-01-19 01:48:32,1.27,0.3
2024-01-19 01:50:58,1.15,0.3
2024-01-19 01:53:24,0.95,0.3
2024-01-19 01:55:50,1.08,0.2
2024-01-19 01:58:17,0.95,0.17
2024-01-19 02:00:43,1.15,0.1
2024-01-19 02:03:11,1.15,0.2
2024-01-19 02:05:37,0.95,0.15
2024-01-19 02:08:03,0.63,0.1
2024-01-19 02:10:29,1.1,0.2
2024-01-19 02:12:55,1.08,0.13
2024-01-19 02:15:22,1.0,0.2
2024-01-19 02:17:49,1.67,0.8
2024-01-19 02:20:16,0.9,0.1
2024-01-19 02:22:42,0.85,0.1
2024-01-19 02:25:09,1.13,0.73
2024-01-19 02:27:35,1.02,0.3
2024-01-19 02:30:01,1.3,0.32
2024-01-19 02:32:27,1.42,0.3
2024-01-19 02:34:53,1.15,0.3
2024-01-19 02:37:19,1.17,0.32
2024-01-19 02:39:46,0.88,0.1
2024-01-19 02:42:12,1.27,0.32
2024-01-19 02:44:38,1.38,0.32
2024-01-19 02:47:04,1.0,0.2
2024-01-19 02:49:30,1.3,0.32
2024-01-19 02:51:56,1.25,0.35
2024-01-19 02:54:22,1.27,0.35
2024-01-19 02:56:48,1.02,0.2
2024-01-19 02:59:14,1.38,0.4
2024-01-19 03:01:40,1.08,0.2
2024-01-19 03:04:07,1.05,0.28
2024-01-19 03:06:33,0.7,0.1
2024-01-19 03:08:59,0.9,0.2
2024-01-19 03:11:25,1.27,0.4
2024-01-19 03:13:51,1.5,0.52
2024-01-19 03:16:18,1.35,0.35
2024-01-19 03:18:44,1.58,0.85
2024-01-19 03:21:11,1.45,0.52
2024-01-19 03:23:37,1.38,0.3
2024-01-19 03:26:03,1.52,0.43
2024-01-19 03:28:30,1.05,0.25
2024-01-19 03:30:56,1.0,0.2
2024-01-19 03:33:22,1.4,0.4
2024-01-19 03:35:48,0.9,0.1
2024-01-19 03:38:14,1.05,0.2
2024-01-19 03:40:41,1.1,0.35
2024-01-19 03:43:07,0.9,0.1
2024-01-19 03:45:33,0.8,0.1
2024-01-19 03:47:59,1.02,0.2
2024-01-19 03:50:25,1.13,0.4
2024-01-19 03:52:51,1.63,0.28
2024-01-19 03:55:17,1.85,0.5
2024-01-19 03:57:43,0.7,0.1
2024-01-19 04:00:09,1.08,0.22
2024-01-19 04:02:36,1.23,0.2
2024-01-19 04:05:02,1.13,0.32
2024-01-19 04:07:28,1.0,0.2
2024-01-19 04:09:54,1.3,0.2
2024-01-19 04:12:20,0.98,0.3
2024-01-19 04:14:46,0.75,0.1
2024-01-19 04:17:12,1.08,0.25
2024-01-19 04:19:39,2.0,0.52
2024-01-19 04:22:05,1.5,0.63
2024-01-19 04:24:31,1.1,0.2
2024-01-19 04:26:58,1.23,0.2
2024-01-19 04:29:24,1.25,0.2
2024-01-19 04:31:50,1.4,0.5
2024-01-19 04:34:17,1.23,0.25
2024-01-19 04:36:43,0.88,0.1
2024-01-19 04:39:11,1.25,0.43
2024-01-19 04:41:37,1.73,0.38
2024-01-19 04:44:03,1.17,0.2
2024-01-19 04:46:29,1.42,0.25
2024-01-19 04:48:55,0.88,0.1
2024-01-19 04:51:21,1.2,0.3
2024-01-19 04:53:47,0.93,0.2
2024-01-19 04:56:13,0.95,0.13
2024-01-19 04:58:39,0.88,0.1
2024-01-19 05:01:05,1.13,0.2
2024-01-19 05:03:31,1.23,0.4
2024-01-19 05:05:57,1.05,0.2
2024-01-19 05:08:24,0.82,0.1
2024-01-19 05:10:50,1.25,0.8
2024-01-19 05:13:16,1.33,0.45
2024-01-19 05:15:42,0.95,0.2
2024-01-19 05:18:08,1.1,0.3
2024-01-19 05:20:34,2.3,0.95
2024-01-19 05:23:03,1.33,0.7
2024-01-19 05:25:30,1.1,0.2
2024-01-19 05:27:56,1.5,0.47
2024-01-19 05:30:25,1.02,0.22
2024-01-19 05:32:51,1.2,0.47
2024-01-19 05:35:17,1.3,0.35
2024-01-19 05:37:43,1.17,0.2
2024-01-19 05:40:09,1.5,0.4
2024-01-19 05:42:35,1.4,0.22
2024-01-19 05:45:02,1.0,0.2
2024-01-19 05:47:29,1.3,0.2
2024-01-19 05:49:55,1.58,0.88
2024-01-19 05:52:21,1.25,0.3
2024-01-19 05:54:48,1.35,0.52
2024-01-19 05:57:14,0.98,0.17
2024-01-19 05:59:40,1.67,0.35
2024-01-19 06:02:06,1.3,0.22
2024-01-19 06:04:32,1.02,0.2
2024-01-19 06:06:59,1.65,0.6
2024-01-19 06:09:25,1.17,0.4
2024-01-19 06:11:51,1.3,0.32
2024-01-19 06:14:17,1.33,0.38
2024-01-19 06:16:43,1.38,0.28
2024-01-19 06:19:10,1.1,0.2
2024-01-19 06:21:36,0.82,0.13
2024-01-19 06:24:02,1.0,0.2
2024-01-19 06:26:28,1.3,0.47
2024-01-19 06:29:00,1.33,0.4
2024-01-19 06:31:27,1.08,0.3
2024-01-19 06:33:53,0.95,0.1
2024-01-19 06:36:19,1.23,0.32
2024-01-19 06:38:45,1.35,0.4
2024-01-19 06:41:11,1.42,0.68
2024-01-19 06:43:37,1.13,0.2
2024-01-19 06:46:04,1.42,0.3
2024-01-19 06:50:57,1.05,0.22
2024-01-19 06:53:23,1.25,0.43
2024-01-19 06:55:49,0.95,0.28
2024-01-19 06:58:15,1.13,0.2
2024-01-19 07:00:41,0.85,0.1
2024-01-19 07:03:08,0.8,0.1
2024-01-19 07:05:34,0.8,0.1
2024-01-19 07:08:00,1.38,0.45
2024-01-19 07:10:26,1.27,0.3
2024-01-19 07:12:53,1.45,0.68
2024-01-19 07:15:19,1.52,0.5
2024-01-19 07:17:45,1.67,0.63
2024-01-19 07:20:11,1.4,0.43
2024-01-19 07:22:37,1.33,0.3
2024-01-19 07:25:04,1.15,0.2
2024-01-19 07:27:30,1.4,0.45
2024-01-19 07:29:56,1.67,0.5
2024-01-19 07:32:22,1.02,0.1
2024-01-19 07:34:50,0.98,0.22
2024-01-19 07:37:16,1.25,0.28
2024-01-19 07:39:42,1.52,0.52
2024-01-19 07:42:08,1.2,0.15
2024-01-19 07:44:34,1.08,0.1
2024-01-19 07:47:00,1.42,0.3
2024-01-19 07:49:26,1.42,0.5
2024-01-19 07:51:52,1.33,0.3
2024-01-19 07:54:18,1.33,0.4
2024-01-19 07:56:46,1.23,0.28
2024-01-19 07:59:12,1.08,0.2
2024-01-19 08:01:38,1.73,0.55
2024-01-19 08:04:04,1.33,0.35
2024-01-19 08:06:30,1.55,0.43
2024-01-19 08:08:56,1.0,0.2
2024-01-19 08:11:22,0.88,0.1
2024-01-19 08:13:48,1.2,0.3
2024-01-19 08:16:14,1.48,0.43
2024-01-19 08:18:40,1.05,0.3
2024-01-19 08:21:06,1.1,0.22
2024-01-19 08:23:33,1.0,0.1
2024-01-19 08:25:59,1.02,0.1
2024-01-19 08:28:25,1.42,0.4
2024-01-19 08:30:51,1.0,0.2
2024-01-19 08:33:17,0.73,0.13
2024-01-19 08:35:43,1.2,0.2
2024-01-19 08:38:11,1.52,0.5
2024-01-19 08:40:38,1.73,1.05
2024-01-19 08:43:04,1.85,0.93
2024-01-19 08:45:30,1.17,0.22
2024-01-19 08:47:56,0.9,0.1
2024-01-19 08:50:23,1.0,0.2
2024-01-19 08:52:49,0.98,0.1
2024-01-19 08:55:15,1.35,0.4
2024-01-19 08:57:42,0.9,0.2
2024-01-19 09:00:08,1.27,0.4
2024-01-19 09:02:34,1.15,0.22
2024-01-19 09:05:00,1.38,0.63
2024-01-19 09:07:26,0.98,0.2
2024-01-19 09:09:52,1.15,0.25
2024-01-19 09:12:18,1.23,0.4
2024-01-19 09:14:44,1.35,0.4
2024-01-19 09:17:11,0.88,0.1
2024-01-19 09:19:37,1.45,0.5
2024-01-19 09:22:03,1.0,0.3
2024-01-19 09:24:29,1.2,0.2
2024-01-19 09:26:56,1.13,0.38
2024-01-19 09:29:22,1.15,0.4
2024-01-19 09:31:48,1.1,0.2
2024-01-19 09:34:14,1.15,0.2
2024-01-19 09:36:40,1.2,0.2
2024-01-19 09:39:06,1.17,0.3
2024-01-19 09:41:40,1.15,0.32
2024-01-19 09:44:11,1.1,0.2
2024-01-19 09:47:04,1.2,0.2
2024-01-19 09:54:20,0.9,0.15
2024-01-19 09:56:48,1.17,0.35
2024-01-19 09:59:15,1.52,0.65
2024-01-19 10:01:41,1.2,0.3
2024-01-19 10:04:08,0.93,0.13
2024-01-19 10:06:38,1.35,0.4
2024-01-19 10:09:04,1.23,0.3
2024-01-19 10:11:30,1.27,0.3
2024-01-19 10:13:56,1.0,0.15
2024-01-19 10:16:23,0.77,0.1
2024-01-19 10:18:49,1.65,0.6
2024-01-19 10:21:25,1.45,0.43
2024-01-19 10:24:10,1.23,0.43
2024-01-19 10:26:39,0.9,0.1
2024-01-19 10:29:23,1.25,0.4
2024-01-19 10:31:50,1.0,0.2
2024-01-19 10:34:18,0.7,0.1
2024-01-19 10:36:45,0.9,0.1
2024-01-19 10:41:43,1.23,0.32
2024-01-19 10:44:10,1.05,0.2
2024-01-19 10:46:36,1.33,0.38
2024-01-19 10:49:06,1.63,1.0
2024-01-19 10:51:37,0.88,0.1
2024-01-19 10:54:04,1.38,0.52
2024-01-19 10:56:30,1.17,0.32
2024-01-19 10:59:09,1.02,0.13
2024-01-19 11:01:35,1.0,0.1
2024-01-19 11:04:02,1.42,0.5
2024-01-19 11:06:29,0.9,0.1
2024-01-19 11:08:55,1.1,0.2
2024-01-19 11:11:21,0.95,0.13
2024-01-19 11:13:51,1.17,0.3
2024-01-19 11:16:20,1.02,0.2
2024-01-19 11:18:48,1.02,0.2
2024-01-19 11:21:14,1.17,0.2
2024-01-19 11:23:40,0.93,0.1
2024-01-19 11:26:28,1.2,0.3
2024-01-19 11:29:01,1.1,0.43
2024-01-19 11:31:30,1.42,0.4
2024-01-19 11:33:57,1.05,0.45
2024-01-19 11:39:03,0.85,0.1
2024-01-19 11:44:00,1.63,0.7
2024-01-19 11:52:01,1.08,0.3
2024-01-19 11:54:29,1.42,0.35
2024-01-19 11:59:40,1.1,0.65
2024-01-19 12:02:06,1.1,0.43
2024-01-19 12:04:33,1.25,0.32
2024-01-19 12:07:03,1.15,0.4
2024-01-19 12:09:31,0.8,0.1
2024-01-19 12:11:58,0.9,0.13
2024-01-19 12:14:24,1.42,0.47
2024-01-19 12:16:50,1.25,0.2
2024-01-19 12:19:16,1.23,0.43
2024-01-19 12:21:46,0.9,0.22
2024-01-19 12:24:13,1.08,0.38
2024-01-19 12:26:50,1.3,0.43
2024-01-19 12:29:26,1.4,0.57
2024-01-19 12:32:07,1.1,0.2
2024-01-19 12:34:33,0.8,0.2
2024-01-19 12:36:59,1.38,0.4
2024-01-19 12:39:25,1.33,0.4
2024-01-19 12:44:21,0.9,0.1
2024-01-19 12:46:48,0.7,0.1
2024-01-19 12:49:15,1.17,0.32
2024-01-19 12:51:41,1.15,0.55
2024-01-19 12:54:08,0.9,0.1
2024-01-19 12:56:34,1.15,0.4
2024-01-19 12:59:10,1.17,0.32
2024-01-19 13:01:41,0.8,0.1
2024-01-19 13:04:07,1.02,0.15
2024-01-19 13:06:40,1.05,0.22
2024-01-19 13:11:34,1.15,0.25
2024-01-19 13:14:03,1.0,0.15
2024-01-19 13:16:30,1.0,0.1
2024-01-19 13:19:00,1.0,0.15
2024-01-19 13:21:26,0.93,0.2
2024-01-19 13:23:52,1.45,0.3
2024-01-19 13:26:18,0.95,0.2
2024-01-19 13:28:45,1.02,0.2
2024-01-19 13:31:12,0.77,0.1
2024-01-19 13:33:40,0.8,0.15
2024-01-19 13:36:08,1.02,0.2
2024-01-19 13:41:00,1.38,0.32
2024-01-19 13:43:26,1.0,0.2
2024-01-19 13:45:52,0.95,0.15
2024-01-19 13:48:21,0.93,0.1
2024-01-19 13:50:48,0.9,0.1
2024-01-19 13:53:14,1.1,0.3
2024-01-19 13:55:41,0.98,0.1
2024-01-19 13:58:07,1.55,0.7
2024-01-19 14:00:34,1.0,0.2
2024-01-19 14:03:01,1.0,0.22
2024-01-19 14:05:27,1.1,0.2
2024-01-19 14:07:55,1.0,0.13
2024-01-19 14:10:21,0.82,0.1
2024-01-19 14:12:47,1.17,0.28
2024-01-19 14:15:14,1.63,0.4
2024-01-19 14:20:07,1.08,0.3
2024-01-19 14:22:33,1.2,0.2
2024-01-19 14:24:59,0.9,0.1
2024-01-19 14:27:25,0.93,0.1
2024-01-19 14:29:54,1.0,0.13
2024-01-19 14:32:24,0.75,0.1
2024-01-19 14:34:51,0.6,0.1
2024-01-19 14:37:17,1.3,0.32
2024-01-19 14:39:43,1.05,0.2
2024-01-19 14:42:09,1.17,0.1
2024-01-19 14:44:35,0.77,0.1
2024-01-19 14:47:02,1.42,0.5
2024-01-19 14:49:33,1.0,0.22
2024-01-19 14:52:00,1.2,0.2
2024-01-19 14:54:27,1.2,0.47
2024-01-19 14:56:54,1.63,0.7
2024-01-19 14:59:20,1.63,0.4
2024-01-19 15:01:46,1.08,0.2
2024-01-19 15:04:14,1.23,0.3
2024-01-19 15:06:40,1.1,0.2
2024-01-19 15:09:06,0.93,0.17
2024-01-19 15:11:33,1.02,0.2
2024-01-19 15:13:59,0.8,0.1
2024-01-19 15:16:26,0.88,0.1
2024-01-19 15:18:52,1.17,0.3
2024-01-19 15:21:18,0.88,0.1
2024-01-19 15:23:44,0.9,0.1
2024-01-19 15:26:16,1.23,0.22
2024-01-19 15:28:43,1.1,0.25
2024-01-19 15:31:09,1.1,0.3
2024-01-19 15:33:35,0.9,0.15
2024-01-19 15:36:05,1.25,0.43
2024-01-19 15:38:32,1.15,0.2
2024-01-19 15:40:58,1.35,0.22
2024-01-19 15:43:24,1.45,0.35
2024-01-19 15:45:50,1.27,0.2
2024-01-19 15:48:16,0.9,0.1
2024-01-19 15:50:43,1.42,0.4
2024-01-19 15:53:09,0.8,0.1
2024-01-19 15:55:35,1.02,0.13
2024-01-19 15:58:01,1.13,0.3
2024-01-19 16:00:27,1.4,0.2
2024-01-19 16:02:53,1.4,0.4
2024-01-19 16:05:19,1.73,0.55
2024-01-19 16:07:45,1.25,0.3
2024-01-19 16:10:11,1.05,0.15
2024-01-19 16:12:38,1.23,0.3
2024-01-19 16:15:04,1.4,0.4
2024-01-19 16:17:30,1.33,0.47
2024-01-19 16:19:59,1.45,0.65
2024-01-19 16:22:25,1.13,0.15
2024-01-19 16:24:52,1.0,0.3
2024-01-19 16:27:19,1.23,0.22
2024-01-19 16:29:45,1.0,0.1
2024-01-19 16:32:11,1.35,0.4
2024-01-19 16:34:37,1.02,0.17
2024-01-19 16:37:03,1.0,0.2
2024-01-19 16:39:29,1.3,0.28
2024-01-19 16:41:55,1.0,0.2
2024-01-19 16:44:21,0.88,0.22
2024-01-19 16:46:47,1.0,0.1
2024-01-19 16:49:13,0.98,0.13
2024-01-19 16:51:39,1.55,0.7
2024-01-19 16:54:06,1.13,0.3
2024-01-19 16:56:38,1.27,0.32
2024-01-19 16:59:04,1.2,0.73
2024-01-19 17:01:30,0.9,0.2
2024-01-19 17:03:56,1.13,0.2
2024-01-19 17:06:23,1.33,0.4
2024-01-19 17:08:50,0.88,0.17
2024-01-19 17:11:16,0.55,0.03
2024-01-19 17:13:42,0.95,0.15
2024-01-19 17:16:08,1.05,0.2
2024-01-19 17:18:34,1.52,0.35
2024-01-19 17:21:00,1.15,0.3
2024-01-19 17:23:26,1.1,0.3
2024-01-19 17:25:52,1.35,0.32
2024-01-19 17:28:20,1.4,0.5
2024-01-19 17:30:46,0.8,0.1
2024-01-19 17:33:12,1.0,0.2
2024-01-19 17:35:38,1.3,0.25
2024-01-19 17:38:04,1.15,0.2
2024-01-19 17:40:31,0.98,0.13
2024-01-19 17:42:57,1.0,0.1
2024-01-19 17:45:23,1.0,0.2
2024-01-19 17:47:49,1.55,0.47
2024-01-19 17:50:15,1.1,0.25
2024-01-19 17:52:41,1.33,0.3
2024-01-19 17:55:08,1.2,0.3
2024-01-19 17:57:34,1.4,0.4
2024-01-19 18:00:04,1.17,0.25
2024-01-19 18:02:30,1.17,0.25
2024-01-19 18:04:57,1.25,0.3
2024-01-19 18:07:23,1.0,0.1
2024-01-19 18:09:49,1.3,0.4
2024-01-19 18:12:15,0.9,0.1
2024-01-19 18:14:43,1.05,0.43
2024-01-19 18:17:09,0.93,0.13
2024-01-19 18:19:36,1.4,0.4
2024-01-19 18:22:02,1.4,0.35
2024-01-19 18:24:29,1.27,0.57
2024-01-19 18:26:56,1.08,0.2
2024-01-19 18:29:22,1.75,1.5
2024-01-19 18:31:48,1.25,0.2
2024-01-19 18:34:15,1.13,0.2
2024-01-19 18:36:41,0.93,0.1
2024-01-19 18:39:07,1.5,0.5
2024-01-19 18:41:33,1.6,0.5
2024-01-19 18:43:59,1.33,0.4
2024-01-19 18:46:25,1.23,0.2
2024-01-19 18:48:51,1.55,0.32
2024-01-19 18:51:20,1.65,0.35
2024-01-19 18:53:46,1.35,0.6
2024-01-19 18:56:12,1.0,0.15
2024-01-19 18:58:39,1.42,0.35
2024-01-19 19:01:05,1.0,0.17
2024-01-19 19:03:31,1.23,0.2
2024-01-19 19:05:57,1.15,0.2
2024-01-19 19:08:23,1.5,0.47
2024-01-19 19:10:51,0.9,0.17
2024-01-19 19:13:17,1.17,0.2
2024-01-19 19:15:43,1.65,0.7
2024-01-19 19:18:09,1.08,0.2
2024-01-19 19:20:36,1.15,0.25
2024-01-19 19:23:02,1.25,0.2
2024-01-19 19:25:28,1.48,0.75
2024-01-19 19:27:55,1.23,0.3
2024-01-19 19:30:21,1.15,0.4
2024-01-19 19:32:47,1.42,0.32
2024-01-19 19:35:14,1.2,0.2
2024-01-19 19:37:40,1.17,0.38
2024-01-19 19:40:06,1.45,0.4
2024-01-19 19:42:34,1.23,0.3
2024-01-19 19:45:00,1.38,0.4
2024-01-19 19:47:26,1.25,0.2
2024-01-19 19:49:52,1.15,0.2
2024-01-19 19:52:19,1.88,0.82
2024-01-19 19:54:45,1.52,0.5
2024-01-19 19:57:11,1.4,0.3
2024-01-19 19:59:37,1.63,0.55
2024-01-19 20:02:03,1.4,0.25
2024-01-19 20:04:29,1.4,0.3
2024-01-19 20:06:55,1.1,0.3
2024-01-19 20:09:21,1.0,0.2
2024-01-19 20:11:47,0.9,0.2
2024-01-19 20:14:14,1.27,0.4
2024-01-19 20:16:40,1.2,0.22
2024-01-19 20:19:06,0.93,0.1
2024-01-19 20:21:32,0.82,0.1
2024-01-19 20:23:58,0.7,0.1
2024-01-19 20:26:24,0.95,0.17
2024-01-19 20:28:50,0.73,0.1
2024-01-19 20:31:21,1.0,0.3
2024-01-19 20:33:47,1.08,0.32
2024-01-19 20:36:13,1.05,0.2
2024-01-19 20:38:39,1.2,0.2
2024-01-19 20:41:05,0.88,0.2
2024-01-19 20:43:34,1.25,0.3
2024-01-19 20:46:01,1.35,0.75
2024-01-19 20:48:27,0.82,0.1
2024-01-19 20:50:53,1.23,0.3
2024-01-19 20:53:19,1.13,0.22
2024-01-19 20:55:45,1.13,0.43
2024-01-19 20:58:11,0.9,0.1
2024-01-19 21:00:37,1.65,0.43
2024-01-19 21:03:04,1.45,0.4
2024-01-19 21:05:30,1.27,0.22
2024-01-19 21:07:56,1.4,0.52
2024-01-19 21:10:22,1.27,0.3
2024-01-19 21:12:48,1.35,0.57
2024-01-19 21:15:14,1.38,0.47
2024-01-19 21:17:42,1.05,0.2
2024-01-19 21:20:08,0.93,0.2
2024-01-19 21:22:34,1.35,0.57
2024-01-19 21:25:00,1.23,0.3
2024-01-19 21:27:26,1.25,0.4
2024-01-19 21:29:54,1.02,0.2
2024-01-19 21:32:23,0.88,0.1
2024-01-19 21:34:49,0.9,0.13
2024-01-19 21:37:15,0.73,0.1
2024-01-19 21:39:41,1.08,0.22
2024-01-19 21:42:07,1.1,0.2
2024-01-19 21:44:33,0.8,0.1
2024-01-19 21:47:00,1.0,0.3
2024-01-19 21:49:29,1.08,0.35
2024-01-19 21:51:56,1.05,0.3
2024-01-19 21:54:22,0.7,0.1
2024-01-19 21:56:48,1.42,0.68
2024-01-19 21:59:14,1.33,0.63
2024-01-19 22:01:44,1.42,0.52
2024-01-19 22:04:11,0.8,0.32
2024-01-19 22:06:37,1.23,0.3
2024-01-19 22:09:03,1.1,0.32
2024-01-19 22:11:30,1.3,0.52
2024-01-19 22:13:57,1.13,0.3
2024-01-19 22:16:24,0.85,0.1
2024-01-19 22:18:52,0.9,0.1
2024-01-19 22:21:18,1.05,0.28
2024-01-19 22:23:44,0.95,0.22
2024-01-19 22:26:10,1.02,0.3
2024-01-19 22:28:36,1.05,0.2
2024-01-19 22:31:02,1.2,0.3
2024-01-19 22:33:28,1.15,0.4
2024-01-19 22:35:54,1.1,0.3
2024-01-19 22:38:21,1.17,0.32
2024-01-19 22:40:47,0.65,0.1
2024-01-19 22:43:13,0.73,0.1
2024-01-19 22:45:43,0.73,0.1
2024-01-19 22:48:09,0.8,0.1
2024-01-19 22:50:35,1.13,0.47
2024-01-19 22:53:01,1.0,0.3
2024-01-19 22:55:27,0.73,0.1
2024-01-19 22:57:53,0.95,0.15
2024-01-19 23:00:19,1.13,0.43
2024-01-19 23:02:48,0.8,0.17
2024-01-19 23:05:14,1.05,0.3
2024-01-19 23:07:40,0.85,0.2
2024-01-19 23:10:07,0.98,0.3
2024-01-19 23:12:33,0.82,0.17
2024-01-19 23:15:03,1.13,0.55
2024-01-19 23:17:30,1.45,0.7
2024-01-19 23:19:57,0.75,0.1
2024-01-19 23:22:23,0.75,0.1
2024-01-19 23:24:52,0.95,0.3
2024-01-19 23:27:18,0.7,0.28
2024-01-19 23:29:44,0.9,0.2
2024-01-19 23:32:11,1.0,0.2
2024-01-19 23:34:38,0.98,0.28
2024-01-19 23:37:04,0.73,0.13
2024-01-19 23:39:30,1.0,0.3
2024-01-19 23:41:56,0.68,0.1
2024-01-19 23:44:22,0.8,0.1
2024-01-19 23:46:48,0.77,0.1
2024-01-19 23:49:14,0.77,0.1
2024-01-19 23:51:40,0.98,0.4
2024-01-19 23:54:06,0.73,0.15
2024-01-19 23:56:32,1.15,0.57
2024-01-19 23:58:58,1.25,0.5
2024-01-20 00:01:25,0.7,0.1
2024-01-20 00:03:51,1.08,0.45
2024-01-20 00:06:17,0.93,0.15
2024-01-20 00:08:44,1.0,0.2
2024-01-20 00:11:11,0.9,0.2
2024-01-20 00:13:37,0.8,0.1
2024-01-20 00:16:03,0.8,0.13
2024-01-20 00:20:56,0.6,0.1
2024-01-20 00:23:22,0.93,0.17
2024-01-20 00:25:48,1.0,0.25
2024-01-20 00:28:14,0.9,0.1
2024-01-20 00:30:42,1.25,0.3
2024-01-20 00:33:08,0.82,0.13
2024-01-20 00:35:34,1.08,0.3
2024-01-20 00:38:01,0.9,0.1
2024-01-20 00:40:27,0.75,0.1
2024-01-20 00:42:54,0.68,0.1
2024-01-20 00:45:20,0.93,0.15
2024-01-20 00:47:46,0.7,0.1
2024-01-20 00:50:12,0.85,0.13
2024-01-20 00:52:38,0.88,0.17
2024-01-20 00:55:04,1.38,0.63
2024-01-20 00:57:31,0.93,0.2
2024-01-20 00:59:57,0.95,0.32
2024-01-20 01:02:24,0.9,0.1
2024-01-20 01:07:16,1.0,0.3
2024-01-20 01:09:42,1.08,0.3
2024-01-20 01:12:08,0.77,0.1
2024-01-20 01:14:34,1.02,0.2
2024-01-20 01:17:03,0.75,0.15
2024-01-20 01:19:30,0.88,0.1
2024-01-20 01:21:56,1.23,0.5
2024-01-20 01:24:22,1.02,0.2
2024-01-20 01:26:48,0.68,0.1
2024-01-20 01:29:14,0.9,0.2
2024-01-20 01:31:40,0.68,0.1
2024-01-20 01:34:07,1.0,0.1
2024-01-20 01:36:33,0.93,0.43
2024-01-20 01:38:59,0.95,0.17
2024-01-20 01:41:25,1.17,0.63
2024-01-20 01:43:51,0.85,0.1
2024-01-20 01:46:17,0.82,0.35
2024-01-20 01:48:43,0.9,0.2
2024-01-20 01:51:10,0.93,0.1
2024-01-20 01:53:39,1.4,0.4
2024-01-20 01:56:06,0.68,0.1
2024-01-20 01:58:33,0.57,0.1
2024-01-20 02:00:59,1.2,0.45
2024-01-20 02:03:25,1.08,0.32
2024-01-20 02:05:51,0.98,0.3
2024-01-20 02:08:19,0.65,0.1
2024-01-20 02:13:11,1.33,0.4
2024-01-20 02:15:38,1.13,0.3
2024-01-20 02:18:05,0.73,0.1
2024-01-20 02:20:31,1.17,0.38
2024-01-20 02:22:57,0.77,0.28
2024-01-20 02:25:23,0.9,0.25
2024-01-20 02:27:49,0.8,0.1
2024-01-20 02:30:15,1.1,0.28
2024-01-20 02:32:41,0.9,0.22
2024-01-20 02:35:08,0.98,0.2
2024-01-20 02:37:34,1.33,0.43
2024-01-20 02:40:00,0.8,0.13
2024-01-20 02:42:27,0.7,0.1
2024-01-20 02:44:53,1.2,0.3
2024-01-20 02:47:19,1.1,0.3
2024-01-20 02:49:45,1.23,0.43
2024-01-20 02:52:11,0.63,0.1
2024-01-20 02:54:37,1.1,0.3
2024-01-20 02:57:03,1.13,0.4
2024-01-20 02:59:29,1.25,0.22
2024-01-20 03:01:55,1.15,0.22
2024-01-20 03:04:23,1.1,0.22
2024-01-20 03:06:49,1.2,0.28
2024-01-20 03:09:15,0.77,0.1
2024-01-20 03:11:41,1.02,0.2
2024-01-20 03:14:08,1.0,0.4
2024-01-20 03:16:34,0.75,0.2
2024-01-20 03:19:00,1.15,0.55
2024-01-20 03:21:26,1.08,0.32
2024-01-20 03:23:52,1.1,0.35
2024-01-20 03:26:19,1.27,0.38
2024-01-20 03:28:45,0.88,0.1
2024-01-20 03:31:11,1.45,1.13
2024-01-20 03:33:37,1.17,0.32
2024-01-20 03:36:03,0.8,0.2
2024-01-20 03:38:29,0.98,0.22
2024-01-20 03:40:55,1.08,0.3
2024-01-20 03:43:22,1.17,0.32
2024-01-20 03:45:48,1.05,0.5
2024-01-20 03:48:14,1.45,0.63
2024-01-20 03:50:40,1.25,0.4
2024-01-20 03:53:07,0.98,0.2
2024-01-20 03:55:33,1.17,0.38
2024-01-20 03:57:59,0.93,0.1
2024-01-20 04:00:26,0.95,0.1
2024-01-20 04:02:52,0.8,0.1
2024-01-20 04:05:18,1.08,0.25
2024-01-20 04:07:44,0.85,0.1
2024-01-20 04:10:10,1.02,0.32
2024-01-20 04:12:37,0.8,0.1
2024-01-20 04:15:04,0.8,0.1
2024-01-20 04:17:30,1.05,0.2
2024-01-20 04:19:56,1.35,0.5
2024-01-20 04:22:22,1.08,0.28
2024-01-20 04:24:48,1.17,0.32
2024-01-20 04:27:14,0.88,0.15
2024-01-20 04:29:40,1.13,0.3
2024-01-20 04:32:06,1.15,0.32
2024-01-20 04:34:32,1.08,0.4
2024-01-20 04:36:58,1.2,0.25
2024-01-20 04:39:24,1.27,0.3
2024-01-20 04:41:50,1.05,0.3
2024-01-20 04:44:17,1.25,0.5
2024-01-20 04:46:43,1.13,0.35
2024-01-20 04:49:09,1.08,0.6
2024-01-20 04:51:35,0.9,0.1
2024-01-20 04:54:01,1.02,0.22
2024-01-20 04:56:27,1.1,0.4
2024-01-20 04:58:53,0.8,0.1
2024-01-20 05:01:20,0.98,0.35
2024-01-20 05:03:46,1.05,0.52
2024-01-20 05:06:13,0.73,0.1
2024-01-20 05:08:39,0.93,0.2
2024-01-20 05:11:05,0.9,0.22
2024-01-20 05:13:31,0.7,0.1
2024-01-20 05:15:57,1.15,0.32
2024-01-20 05:18:23,0.63,0.1
2024-01-20 05:20:50,0.82,0.13
2024-01-20 05:23:16,1.17,0.57
2024-01-20 05:25:43,1.13,0.22
2024-01-20 05:28:09,1.0,0.3
2024-01-20 05:30:35,0.88,0.13
2024-01-20 05:33:01,0.9,0.17
2024-01-20 05:35:27,1.33,0.4
2024-01-20 05:37:53,1.33,0.47
2024-01-20 05:40:20,1.25,0.25
2024-01-20 05:42:46,0.95,0.4
2024-01-20 05:45:12,0.7,0.1
2024-01-20 05:47:40,0.9,0.32
2024-01-20 05:50:06,0.88,0.22
2024-01-20 05:52:33,0.82,0.1
2024-01-20 05:54:59,0.82,0.1
2024-01-20 05:57:25,0.7,0.1
2024-01-20 05:59:51,0.95,0.3
2024-01-20 06:02:18,1.02,0.22
2024-01-20 06:04:44,1.27,0.4
2024-01-20 06:07:10,0.8,0.1
2024-01-20 06:09:36,0.85,0.2
2024-01-20 06:12:02,1.08,0.3
2024-01-20 06:14:28,0.7,0.1
2024-01-20 06:16:54,1.4,0.52
2024-01-20 06:19:20,1.27,0.55
2024-01-20 06:21:47,1.38,0.4
2024-01-20 06:24:13,1.65,1.2
2024-01-20 06:26:39,0.77,0.1
2024-01-20 06:29:05,0.8,0.1
2024-01-20 06:31:31,0.9,0.1
2024-01-20 06:33:57,1.3,0.3
2024-01-20 06:36:23,1.08,0.22
2024-01-20 06:38:52,0.9,0.3
2024-01-20 06:41:18,0.8,0.1
2024-01-20 06:43:44,1.17,0.3
2024-01-20 06:46:10,0.95,0.2
2024-01-20 06:48:36,0.7,0.1
2024-01-20 06:51:03,1.23,0.45
2024-01-20 06:53:30,0.73,0.1
2024-01-20 06:58:23,0.82,0.1
2024-01-20 07:00:49,0.7,0.1
2024-01-20 07:03:16,1.13,0.3
2024-01-20 07:05:42,0.93,0.2
2024-01-20 07:08:08,1.27,0.5
2024-01-20 07:10:35,0.95,0.2
2024-01-20 07:13:01,1.1,0.3
2024-01-20 07:15:27,0.82,0.2
2024-01-20 07:17:56,1.05,0.2
2024-01-20 07:20:22,0.85,0.3
2024-01-20 07:22:48,0.8,0.17
2024-01-20 07:25:15,1.02,0.3
2024-01-20 07:27:41,1.05,0.73
2024-01-20 07:30:08,1.0,0.57
2024-01-20 07:32:34,0.73,0.1
2024-01-20 07:35:01,0.88,0.1
2024-01-20 07:37:28,1.23,0.3
2024-01-20 07:39:54,1.2,0.55
2024-01-20 07:42:20,0.82,0.2
2024-01-20 07:44:46,0.88,0.2
2024-01-20 07:47:12,1.1,0.3
2024-01-20 07:49:40,0.8,0.1
2024-01-20 07:52:06,0.7,0.1
2024-01-20 07:54:32,1.3,0.63
2024-01-20 07:56:58,0.43,0.0
2024-01-20 07:59:24,0.88,0.3
2024-01-20 08:01:50,0.9,0.2
2024-01-20 08:04:16,0.85,0.1
2024-01-20 08:06:42,1.0,0.3
2024-01-20 08:09:09,0.68,0.2
2024-01-20 08:11:35,0.98,0.3
2024-01-20 08:14:01,0.8,0.2
2024-01-20 08:16:48,0.77,0.1
2024-01-20 08:19:14,0.98,0.2
2024-01-20 08:21:40,0.9,0.1
2024-01-20 08:24:06,1.1,0.3
2024-01-20 08:26:32,1.02,0.32
2024-01-20 08:28:58,0.8,0.1
2024-01-20 08:31:24,1.13,0.2
2024-01-20 08:33:50,0.65,0.1
2024-01-20 08:36:16,1.17,0.3
2024-01-20 08:38:42,0.85,0.1
2024-01-20 08:41:09,1.08,0.3
2024-01-20 08:43:43,0.77,0.1
2024-01-20 08:46:09,0.8,0.1
2024-01-20 08:48:35,0.68,0.1
2024-01-20 08:51:01,1.1,0.28
2024-01-20 08:53:28,0.98,0.43
2024-01-20 08:55:55,0.9,0.2
2024-01-20 08:58:21,0.6,0.1
2024-01-20 09:00:47,1.25,0.55
2024-01-20 09:03:13,1.15,0.45
2024-01-20 09:08:07,1.33,0.52
2024-01-20 09:10:35,0.82,0.1
2024-01-20 09:13:02,0.8,0.1
2024-01-20 09:15:28,1.05,0.2
2024-01-20 09:17:54,1.0,0.2
2024-01-20 09:20:20,0.9,0.1
2024-01-20 09:22:46,0.8,0.1
2024-01-20 09:25:12,1.13,0.2
2024-01-20 09:27:38,0.98,0.2
2024-01-20 09:30:05,0.93,0.17
2024-01-20 09:32:32,0.68,0.1
2024-01-20 09:35:02,1.3,0.77
2024-01-20 09:37:28,1.55,1.4
2024-01-20 09:39:55,0.7,0.1
2024-01-20 09:42:21,0.95,0.3
2024-01-20 09:44:47,2.13,0.2
2024-01-20 09:47:14,0.63,0.1
2024-01-20 09:49:40,1.02,0.32
2024-01-20 09:52:13,0.8,0.1
2024-01-20 09:57:36,1.05,0.22
2024-01-20 10:00:02,1.25,0.68
2024-01-20 10:04:56,0.95,0.25
2024-01-20 10:07:30,1.2,0.32
2024-01-20 10:09:57,0.9,0.1
2024-01-20 10:12:23,0.93,0.2
2024-01-20 10:14:50,0.93,0.2
2024-01-20 10:17:16,1.02,0.43
2024-01-20 10:19:42,1.0,0.3
2024-01-20 10:22:08,1.15,0.38
2024-01-20 10:24:34,0.88,0.2
2024-01-20 10:27:13,0.6,0.1
2024-01-20 10:29:39,1.1,0.2
2024-01-20 10:32:05,0.7,0.2
2024-01-20 10:34:31,1.05,0.35
2024-01-20 10:36:57,0.77,0.1
2024-01-20 10:39:25,0.82,0.1
2024-01-20 10:41:53,1.0,0.2
2024-01-20 10:44:20,0.8,0.13
2024-01-20 10:46:46,0.73,0.1
2024-01-20 10:49:18,0.5,0.03
2024-01-20 10:51:45,0.77,0.1
2024-01-20 10:54:12,1.25,0.7
2024-01-20 10:56:38,1.15,0.38
2024-01-20 11:01:34,1.05,0.4
2024-01-20 11:04:00,1.4,0.75
2024-01-20 11:06:27,1.0,0.22
2024-01-20 11:08:53,0.98,0.17
2024-01-20 11:11:19,0.9,0.15
2024-01-20 11:13:45,1.02,0.28
2024-01-20 11:16:18,1.38,0.4
2024-01-20 11:18:48,1.42,0.52
2024-01-20 11:21:14,1.0,0.2
2024-01-20 11:23:43,0.9,0.4
2024-01-20 11:26:11,0.88,0.1
2024-01-20 11:28:40,1.08,0.35
2024-01-20 11:31:17,0.77,0.13
2024-01-20 11:33:43,1.0,0.52
2024-01-20 11:36:09,0.93,0.13
2024-01-20 11:38:36,0.8,0.2
2024-01-20 11:41:02,1.02,0.32
2024-01-20 11:43:28,0.98,0.25
2024-01-20 11:45:54,0.88,0.13
2024-01-20 11:48:21,1.15,0.3
2024-01-20 11:50:47,0.75,0.1
2024-01-20 11:53:13,1.17,0.32
2024-01-20 11:55:40,0.93,0.15
2024-01-20 11:58:06,1.23,0.32
2024-01-20 12:00:32,1.13,0.55
2024-01-20 12:02:58,0.95,0.2
2024-01-20 12:05:24,0.75,0.1
2024-01-20 12:07:51,0.98,0.2
2024-01-20 12:10:17,0.85,0.13
2024-01-20 12:12:43,1.13,0.4
2024-01-20 12:15:09,1.05,0.28
2024-01-20 12:17:36,1.0,0.2
2024-01-20 12:20:02,1.0,0.2
2024-01-20 12:22:29,0.65,0.1
2024-01-20 12:24:57,1.17,0.4
2024-01-20 12:27:24,0.82,0.1
2024-01-20 12:29:50,1.13,0.2
2024-01-20 12:32:17,0.77,0.1
2024-01-20 12:34:46,1.02,0.35
2024-01-20 12:37:12,0.95,0.2
2024-01-20 12:39:38,1.35,0.57
2024-01-20 12:42:05,1.0,0.15
2024-01-20 12:44:31,1.1,0.4
2024-01-20 12:46:58,1.08,0.4
2024-01-20 12:49:24,1.15,0.45
2024-01-20 12:51:50,0.9,0.2
2024-01-20 12:54:16,0.68,0.1
2024-01-20 12:56:42,0.63,0.1
2024-01-20 13:01:35,0.9,0.1
2024-01-20 13:04:01,0.8,0.1
2024-01-20 13:06:28,0.65,0.15
2024-01-20 13:08:55,1.08,0.2
2024-01-20 13:11:21,0.95,0.25
2024-01-20 13:13:48,1.3,0.45
2024-01-20 13:16:14,0.98,0.1
2024-01-20 13:18:40,0.98,0.2
2024-01-20 13:21:07,0.8,0.1
2024-01-20 13:23:33,0.93,0.2
2024-01-20 13:25:59,1.25,0.32
2024-01-20 13:28:26,0.68,0.1
2024-01-20 13:30:53,1.15,0.28
2024-01-20 13:33:19,1.27,0.6
2024-01-20 13:35:47,1.0,0.2
2024-01-20 13:38:13,0.77,0.1
2024-01-20 13:40:40,1.45,0.52
2024-01-20 13:43:06,1.8,1.4
2024-01-20 13:45:32,0.7,0.13
2024-01-20 13:47:59,0.9,0.1
2024-01-20 13:50:25,0.82,0.2
2024-01-20 13:52:51,0.95,0.2
2024-01-20 13:55:17,1.25,0.3
2024-01-20 13:57:44,0.68,0.1
2024-01-20 14:00:10,0.7,0.1
2024-01-20 14:02:37,1.0,0.2
2024-01-20 14:05:03,1.35,0.28
2024-01-20 14:07:30,1.1,0.2
2024-01-20 14:09:56,1.0,0.22
2024-01-20 14:12:22,0.7,0.1
2024-01-20 14:14:48,1.17,0.4
2024-01-20 14:17:14,0.9,0.1
2024-01-20 14:19:40,0.9,0.2
2024-01-20 14:22:07,0.93,0.2
2024-01-20 14:24:33,1.3,0.4
2024-01-20 14:26:59,0.9,0.2
2024-01-20 14:29:25,0.88,0.1
2024-01-20 14:31:51,1.2,0.68
2024-01-20 14:34:18,1.45,0.77
2024-01-20 14:36:45,0.7,0.1
2024-01-20 14:39:12,1.4,0.43
2024-01-20 14:41:38,1.15,0.3
2024-01-20 14:44:04,0.8,0.1
2024-01-20 14:46:31,0.8,0.1
2024-01-20 14:48:59,0.77,0.13
2024-01-20 14:51:26,1.25,0.47
2024-01-20 14:53:53,0.88,0.1
2024-01-20 14:56:19,0.68,0.1
2024-01-20 14:58:46,1.02,0.25
2024-01-20 15:01:12,1.3,0.43
2024-01-20 15:03:38,0.9,0.1
2024-01-20 15:06:04,1.17,0.32
2024-01-20 15:08:33,0.75,0.1
2024-01-20 15:10:59,1.67,1.38
2024-01-20 15:13:25,0.82,0.15
2024-01-20 15:15:51,0.7,0.1
2024-01-20 15:18:17,1.0,0.22
2024-01-20 15:20:43,0.8,0.1
2024-01-20 15:23:09,0.7,0.1
2024-01-20 15:25:35,0.77,0.1
2024-01-20 15:28:04,1.1,0.4
2024-01-20 15:30:31,1.13,0.2
2024-01-20 15:32:57,0.88,0.1
2024-01-20 15:35:23,1.13,0.25
2024-01-20 15:37:49,0.9,0.1
2024-01-20 15:40:15,1.0,0.2
2024-01-20 15:42:41,0.8,0.1
2024-01-20 15:45:07,0.75,0.1
2024-01-20 15:47:34,0.7,0.1
2024-01-20 15:50:00,0.93,0.13
2024-01-20 15:52:26,0.77,0.15
2024-01-20 15:54:53,1.45,0.35
2024-01-20 15:57:19,1.25,0.57
2024-01-20 15:59:45,0.63,0.1
2024-01-20 16:02:11,0.98,0.28
2024-01-20 16:04:37,0.98,0.32
2024-01-20 16:07:03,1.0,0.2
2024-01-20 16:09:29,1.13,0.22
2024-01-20 16:11:55,0.7,0.1
2024-01-20 16:14:23,0.9,0.15
2024-01-20 16:16:49,0.75,0.1
2024-01-20 16:19:16,1.1,0.2
2024-01-20 16:21:42,1.2,0.4
2024-01-20 16:24:08,0.6,0.1
2024-01-20 16:26:34,0.8,0.1
2024-01-20 16:29:00,0.95,0.17
2024-01-20 16:31:27,0.93,0.28
2024-01-20 16:33:53,0.8,0.1
2024-01-20 16:36:20,0.73,0.1
2024-01-20 16:38:47,1.15,0.3
2024-01-20 16:41:13,1.02,0.22
2024-01-20 16:43:39,0.8,0.2
2024-01-20 16:46:05,1.48,0.43
2024-01-20 16:48:32,0.63,0.1
2024-01-20 16:50:58,1.0,0.55
2024-01-20 16:53:25,0.7,0.1
2024-01-20 16:55:51,1.0,0.2
2024-01-20 16:58:17,0.73,0.1
2024-01-20 17:00:43,1.25,0.3
2024-01-20 17:03:09,0.88,0.2
2024-01-20 17:05:36,0.8,0.15
2024-01-20 17:08:04,0.68,0.1
2024-01-20 17:10:30,1.5,0.68
2024-01-20 17:12:56,1.05,0.3
2024-01-20 17:15:22,0.6,0.1
2024-01-20 17:17:49,0.8,0.1
2024-01-20 17:20:15,1.05,0.25
2024-01-20 17:22:41,1.05,0.2
2024-01-20 17:25:08,1.05,0.2
2024-01-20 17:27:38,1.08,0.22
2024-01-20 17:30:04,1.05,0.2
2024-01-20 17:32:31,0.6,0.1
2024-01-20 17:34:57,0.73,0.1
2024-01-20 17:37:23,0.85,0.22
2024-01-20 17:39:49,0.95,0.5
2024-01-20 17:42:16,0.8,0.1
2024-01-20 17:44:42,1.05,0.22
2024-01-20 17:47:08,0.98,0.22
2024-01-20 17:49:35,1.1,0.3
2024-01-20 17:52:02,0.88,0.22
2024-01-20 17:54:28,1.08,0.3
2024-01-20 17:57:01,0.9,0.2
2024-01-20 17:59:27,1.2,0.47
2024-01-20 18:01:53,0.8,0.1
2024-01-20 18:04:20,0.98,0.25
2024-01-20 18:06:46,1.0,0.2
2024-01-20 18:09:12,0.95,0.2
2024-01-20 18:11:38,1.25,0.45
2024-01-20 18:14:08,0.82,0.1
2024-01-20 18:16:36,0.8,0.1
2024-01-20 18:19:02,0.8,0.1
2024-01-20 18:21:28,0.98,0.2
2024-01-20 18:23:55,0.9,0.2
2024-01-20 18:26:21,0.9,0.13
2024-01-20 18:28:47,1.17,0.32
2024-01-20 18:31:13,0.82,0.2
2024-01-20 18:33:39,0.8,0.1
2024-01-20 18:36:05,0.85,0.43
2024-01-20 18:38:34,1.35,0.45
2024-01-20 18:41:01,1.0,0.2
2024-01-20 18:43:27,0.75,0.1
2024-01-20 18:45:53,0.9,0.2
2024-01-20 18:48:20,1.08,0.25
2024-01-20 18:50:46,0.8,0.1
2024-01-20 18:53:12,1.33,0.73
2024-01-20 18:55:39,1.17,0.43
2024-01-20 18:58:05,1.0,0.2
2024-01-20 19:00:31,0.85,0.15
2024-01-20 19:02:57,0.9,0.1
2024-01-20 19:05:23,0.82,0.13
2024-01-20 19:07:49,1.0,0.32
2024-01-20 19:10:15,1.48,0.4
2024-01-20 19:12:41,1.13,0.3
2024-01-20 19:15:07,1.13,0.4
2024-01-20 19:17:33,0.65,0.1
2024-01-20 19:20:00,1.15,0.55
2024-01-20 19:22:26,1.3,0.4
2024-01-20 19:24:52,1.08,0.38
2024-01-20 19:27:19,1.27,0.45
2024-01-20 19:29:45,0.82,0.22
2024-01-20 19:32:11,1.08,0.22
2024-01-20 19:34:37,0.8,0.2
2024-01-20 19:37:04,0.93,0.2
2024-01-20 19:39:30,0.93,0.2
2024-01-20 19:44:23,0.73,0.1
2024-01-20 19:46:49,0.95,0.2
2024-01-20 19:49:15,0.8,0.1
2024-01-20 19:51:46,1.02,0.2
2024-01-20 19:54:12,1.1,0.28
2024-01-20 19:56:42,0.9,0.1
2024-01-20 19:59:08,0.5,0.1
2024-01-20 20:01:39,1.05,0.2
2024-01-20 20:04:06,0.93,0.13
2024-01-20 20:06:32,1.02,0.3
2024-01-20 20:08:58,1.15,0.3
2024-01-20 20:11:25,1.15,0.25
2024-01-20 20:13:51,0.73,0.1
2024-01-20 20:16:17,1.35,0.55
2024-01-20 20:18:43,0.9,0.13
2024-01-20 20:21:13,1.4,0.65
2024-01-20 20:23:39,0.75,0.1
2024-01-20 20:26:05,1.15,0.32
2024-01-20 20:28:33,1.17,0.3
2024-01-20 20:33:25,0.98,0.2
2024-01-20 20:35:51,0.9,0.15
2024-01-20 20:38:17,1.15,0.57
2024-01-20 20:40:43,1.05,0.22
2024-01-20 20:43:09,0.93,0.2
2024-01-20 20:45:36,0.7,0.1
2024-01-20 20:48:02,0.73,0.1
2024-01-20 20:50:28,1.4,0.6
2024-01-20 20:52:54,1.13,0.4
2024-01-20 20:55:20,0.98,0.2
2024-01-20 20:57:46,1.13,0.3
2024-01-20 21:00:12,0.7,0.1
2024-01-20 21:02:42,0.7,0.1
2024-01-20 21:05:09,0.95,0.13
2024-01-20 21:07:44,0.73,0.1
2024-01-20 21:10:13,1.17,0.4
2024-01-20 21:12:43,1.02,0.2
2024-01-20 21:15:10,1.25,0.4
2024-01-20 21:17:36,1.15,0.65
2024-01-20 21:20:02,1.02,0.43
2024-01-20 21:22:28,0.7,0.1
2024-01-20 21:24:54,0.73,0.1
2024-01-20 21:27:20,0.82,0.1
2024-01-20 21:29:47,1.15,0.47
2024-01-20 21:32:13,0.85,0.17
2024-01-20 21:34:41,1.15,0.1
2024-01-20 21:37:07,0.65,0.1
2024-01-20 21:39:33,1.05,0.28
2024-01-20 21:41:59,0.73,0.1
2024-01-20 21:44:26,1.35,0.7
2024-01-20 21:46:52,0.85,0.15
2024-01-20 21:49:19,0.8,0.1
2024-01-20 21:51:45,0.8,0.1
2024-01-20 21:54:11,0.7,0.1
2024-01-20 21:59:07,0.82,0.1
2024-01-20 22:01:34,1.23,0.43
2024-01-20 22:04:00,0.9,0.2
2024-01-20 22:06:26,1.0,0.22
2024-01-20 22:08:52,0.95,0.3
2024-01-20 22:11:18,1.45,0.63
2024-01-20 22:13:44,0.93,0.2
2024-01-20 22:16:10,0.85,0.2
2024-01-20 22:18:36,0.75,0.1
2024-01-20 22:21:03,1.25,0.35
2024-01-20 22:23:30,0.98,0.2
2024-01-20 22:25:56,0.55,0.1
2024-01-20 22:28:22,0.7,0.1
2024-01-20 22:30:48,0.9,0.25
2024-01-20 22:33:15,0.9,0.2
2024-01-20 22:35:41,0.9,0.1
2024-01-20 22:38:07,1.05,0.22
2024-01-20 22:40:33,0.82,0.13
2024-01-20 22:43:03,1.0,0.4
2024-01-20 22:45:29,1.0,0.2
2024-01-20 22:47:55,0.85,0.13
2024-01-20 22:50:21,1.35,0.38
2024-01-20 22:52:47,1.15,0.38
2024-01-20 22:55:13,1.02,0.65
2024-01-20 22:57:41,1.13,0.3
2024-01-20 23:00:07,1.0,0.3
2024-01-20 23:02:49,0.6,0.1
2024-01-20 23:05:15,0.77,0.1
2024-01-20 23:07:42,0.52,0.1
2024-01-20 23:10:08,1.02,0.43
2024-01-20 23:12:35,1.05,0.3
2024-01-20 23:15:01,1.0,0.43
2024-01-20 23:17:27,1.1,0.32
2024-01-20 23:19:53,1.08,0.22
2024-01-20 23:22:20,1.0,0.2
2024-01-20 23:24:46,1.1,0.2
2024-01-20 23:27:13,1.2,0.3
2024-01-20 23:29:42,0.9,0.43
2024-01-20 23:32:08,1.05,0.3
2024-01-20 23:34:35,0.8,0.1
2024-01-20 23:37:01,0.9,0.2
2024-01-20 23:39:27,1.05,0.25
2024-01-20 23:41:54,1.13,0.3
2024-01-20 23:44:20,1.0,0.22
2024-01-20 23:46:46,1.02,0.32
2024-01-20 23:51:40,0.6,0.1
2024-01-20 23:54:06,1.05,0.57
2024-01-20 23:56:32,0.9,0.1
2024-01-20 23:58:58,0.9,0.4
2024-01-21 00:01:24,1.08,0.2
2024-01-21 00:03:50,1.13,0.4
2024-01-21 00:06:16,1.17,0.32
2024-01-21 00:08:42,1.27,0.3
2024-01-21 00:11:08,1.1,0.35
2024-01-21 00:13:34,1.13,0.32
2024-01-21 00:16:00,1.45,0.4
2024-01-21 00:18:26,1.15,0.55
2024-01-21 00:20:54,1.08,0.35
2024-01-21 00:23:20,1.02,0.2
2024-01-21 00:25:46,0.9,0.2
2024-01-21 00:28:12,0.8,0.2
2024-01-21 00:30:38,0.6,0.1
2024-01-21 00:33:04,1.17,0.4
2024-01-21 00:35:30,1.25,0.5
2024-01-21 00:37:57,1.13,0.35
2024-01-21 00:40:23,1.25,0.55
2024-01-21 00:42:49,0.77,0.1
2024-01-21 00:45:15,0.93,0.15
2024-01-21 00:47:41,0.9,0.13
2024-01-21 00:50:07,1.0,0.2
2024-01-21 00:52:34,1.05,0.3
2024-01-21 00:55:00,1.13,0.3
2024-01-21 00:57:26,0.93,0.13
2024-01-21 00:59:52,1.02,0.3
2024-01-21 01:02:18,0.8,0.15
2024-01-21 01:04:44,0.98,0.22
2024-01-21 01:07:10,1.23,0.45
2024-01-21 01:09:36,0.98,0.2
2024-01-21 01:12:02,0.88,0.13
2024-01-21 01:14:28,0.88,0.1
2024-01-21 01:16:54,1.08,0.47
2024-01-21 01:19:20,0.8,0.1
2024-01-21 01:21:46,0.8,0.1
2024-01-21 01:24:13,1.0,0.3
2024-01-21 01:26:39,0.8,0.1
2024-01-21 01:29:05,0.93,0.2
2024-01-21 01:31:31,0.95,0.2
2024-01-21 01:33:57,0.93,0.17
2024-01-21 01:36:23,0.75,0.1
2024-01-21 01:38:49,0.7,0.1
2024-01-21 01:41:15,1.1,0.32
2024-01-21 01:43:41,0.95,0.17
2024-01-21 01:46:07,0.85,0.15
2024-01-21 01:48:34,1.23,0.5
2024-01-21 01:51:00,1.13,0.47
2024-01-21 01:53:29,1.08,0.2
2024-01-21 01:55:56,0.98,0.2
2024-01-21 01:58:23,0.8,0.13
2024-01-21 02:00:50,1.05,0.3
2024-01-21 02:03:17,1.23,0.32
2024-01-21 02:05:43,0.63,0.1
2024-01-21 02:08:09,1.23,0.3
2024-01-21 02:10:35,1.08,0.52
2024-01-21 02:13:01,0.8,0.1
2024-01-21 02:15:27,0.8,0.1
2024-01-21 02:17:53,0.85,0.1
2024-01-21 02:20:19,0.77,0.1
2024-01-21 02:22:45,1.0,0.3
2024-01-21 02:25:12,1.27,0.55
2024-01-21 02:27:38,1.33,0.63
2024-01-21 02:30:04,1.1,0.25
2024-01-21 02:32:31,1.3,0.6
2024-01-21 02:34:57,0.77,0.1
2024-01-21 02:37:23,0.8,0.1
2024-01-21 02:39:49,0.7,0.1
2024-01-21 02:42:15,0.95,0.63
2024-01-21 02:44:41,0.93,0.2
2024-01-21 02:47:07,0.85,0.2
2024-01-21 02:49:33,1.0,0.2
2024-01-21 02:51:59,1.02,0.3
2024-01-21 02:54:25,1.1,0.2
2024-01-21 02:56:51,1.02,0.2
2024-01-21 02:59:17,0.77,0.1
2024-01-21 03:01:44,0.6,0.1
2024-01-21 03:04:10,1.05,0.2
2024-01-21 03:06:37,0.68,0.1
2024-01-21 03:09:03,1.25,0.43
2024-01-21 03:11:30,1.05,0.65
2024-01-21 03:13:56,0.98,0.3
2024-01-21 03:16:22,0.85,0.1
2024-01-21 03:18:49,1.1,0.47
2024-01-21 03:21:15,1.08,0.32
2024-01-21 03:23:41,0.8,0.1
2024-01-21 03:26:07,0.8,0.1
2024-01-21 03:28:33,1.13,0.43
2024-01-21 03:30:59,1.05,0.2
2024-01-21 03:33:25,1.02,0.45
2024-01-21 03:35:51,1.05,0.47
2024-01-21 03:38:18,0.68,0.1
2024-01-21 03:40:44,1.25,0.3
2024-01-21 03:43:10,0.65,0.1
2024-01-21 03:45:36,1.0,0.2
2024-01-21 03:48:02,1.55,0.65
2024-01-21 03:50:28,0.9,0.15
2024-01-21 03:52:54,1.15,0.45
2024-01-21 03:55:20,1.08,0.2
2024-01-21 03:57:47,1.02,0.3
2024-01-21 04:00:13,0.9,0.1
2024-01-21 04:02:40,0.6,0.1
2024-01-21 04:05:06,0.8,0.1
2024-01-21 04:07:32,0.8,0.1
2024-01-21 04:09:58,0.82,0.2
2024-01-21 04:12:25,0.7,0.1
2024-01-21 04:14:51,0.7,0.1
2024-01-21 04:17:18,1.17,0.43
2024-01-21 04:19:44,1.27,0.5
2024-01-21 04:22:11,1.0,0.22
2024-01-21 04:24:37,1.17,0.2
2024-01-21 04:27:03,0.9,0.3
2024-01-21 04:29:29,0.93,0.13
2024-01-21 04:31:55,0.7,0.1
2024-01-21 04:34:22,1.02,0.2
2024-01-21 04:36:48,1.67,1.02
2024-01-21 04:39:15,0.85,0.1
2024-01-21 04:41:44,0.93,0.32
2024-01-21 04:44:10,0.85,0.1
2024-01-21 04:46:36,0.7,0.1
2024-01-21 04:49:02,0.9,0.15
2024-01-21 04:51:28,0.98,0.32
2024-01-21 04:53:54,0.82,0.1
2024-01-21 04:56:21,0.82,0.2
2024-01-21 04:58:47,0.8,0.3
2024-01-21 05:01:15,1.17,0.43
2024-01-21 05:03:41,1.63,0.6
2024-01-21 05:06:07,1.23,0.3
2024-01-21 05:08:33,0.8,0.1
2024-01-21 05:10:59,0.85,0.13
2024-01-21 05:13:25,0.82,0.13
2024-01-21 05:15:51,0.88,0.3
2024-01-21 05:18:18,1.05,0.3
2024-01-21 05:20:45,1.3,0.47
2024-01-21 05:23:11,0.77,0.1
2024-01-21 05:25:37,1.17,0.32
2024-01-21 05:28:03,0.8,0.15
2024-01-21 05:30:29,1.1,0.43
2024-01-21 05:32:55,0.98,0.2
2024-01-21 05:35:22,1.25,0.4
2024-01-21 05:37:48,0.9,0.5
2024-01-21 05:40:14,1.2,0.25
2024-01-21 05:42:40,1.35,0.6
2024-01-21 05:45:07,1.33,0.4
2024-01-21 05:47:33,1.45,0.57
2024-01-21 05:49:59,0.95,0.55
2024-01-21 05:52:25,0.93,0.2
2024-01-21 05:54:51,0.98,0.2
2024-01-21 05:57:17,1.45,0.43
2024-01-21 05:59:43,1.15,0.45
2024-01-21 06:02:09,1.0,0.22
2024-01-21 06:04:36,0.98,0.2
2024-01-21 06:07:02,1.05,0.5
2024-01-21 06:09:28,0.95,0.15
2024-01-21 06:11:54,0.85,0.1
2024-01-21 06:14:20,0.9,0.1
2024-01-21 06:16:46,0.8,0.1
2024-01-21 06:19:13,1.0,0.3
2024-01-21 06:21:42,0.8,0.1
2024-01-21 06:24:08,0.73,0.1
2024-01-21 06:26:35,0.93,0.28
2024-01-21 06:29:03,0.8,0.1
2024-01-21 06:31:29,1.08,0.32
2024-01-21 06:33:55,0.9,0.2
2024-01-21 06:36:21,1.17,0.32
2024-01-21 06:38:48,1.02,0.2
2024-01-21 06:41:14,1.05,0.3
2024-01-21 06:43:41,1.2,0.25
2024-01-21 06:46:07,0.9,0.17
2024-01-21 06:48:34,1.6,0.85
2024-01-21 06:51:00,1.08,0.28
2024-01-21 06:53:29,0.88,0.2
2024-01-21 06:55:55,1.02,0.3
2024-01-21 06:58:21,0.8,0.1
2024-01-21 07:00:48,0.8,0.1
2024-01-21 07:03:17,1.17,0.45
2024-01-21 07:05:44,0.85,0.1
2024-01-21 07:08:10,1.05,0.3
2024-01-21 07:10:36,0.68,0.1
2024-01-21 07:13:02,0.8,0.1
2024-01-21 07:15:29,1.15,0.32
2024-01-21 07:17:55,1.0,0.2
2024-01-21 07:20:21,1.05,0.73
2024-01-21 07:22:47,1.1,0.22
2024-01-21 07:25:13,0.82,0.1
2024-01-21 07:27:39,1.1,0.22
2024-01-21 07:30:07,1.13,0.22
2024-01-21 07:32:33,0.93,0.1
2024-01-21 07:34:59,1.08,0.2
2024-01-21 07:37:25,0.93,0.22
2024-01-21 07:39:51,1.27,0.47
2024-01-21 07:42:17,1.17,0.35
2024-01-21 07:44:44,1.38,0.55
2024-01-21 07:47:10,1.38,0.4
2024-01-21 07:49:36,0.7,0.1
2024-01-21 07:52:02,1.33,0.38
2024-01-21 07:54:28,0.85,0.1
2024-01-21 07:56:54,1.08,0.22
2024-01-21 07:59:20,0.9,0.1
2024-01-21 08:01:46,1.13,0.3
2024-01-21 08:04:12,0.93,0.3
2024-01-21 08:06:38,1.17,0.4
2024-01-21 08:09:06,0.98,0.32
2024-01-21 08:11:33,1.2,0.32
2024-01-21 08:13:59,1.08,0.2
2024-01-21 08:16:25,0.95,0.3
2024-01-21 08:18:51,0.77,0.13
2024-01-21 08:21:17,1.27,0.57
2024-01-21 08:23:43,1.35,0.43
2024-01-21 08:26:09,1.38,0.45
2024-01-21 08:28:36,1.27,0.38
2024-01-21 08:33:29,0.9,0.2
2024-01-21 08:35:55,0.85,0.17
2024-01-21 08:38:21,1.1,0.25
2024-01-21 08:40:47,0.88,0.15
2024-01-21 08:43:13,1.17,0.3
2024-01-21 08:45:39,0.95,0.28
2024-01-21 08:48:08,1.13,0.2
2024-01-21 08:50:34,1.0,0.2
2024-01-21 08:53:00,1.25,0.43
2024-01-21 08:55:26,1.17,0.25
2024-01-21 08:57:52,1.15,0.35
2024-01-21 09:00:18,1.0,0.3
2024-01-21 09:02:45,0.8,0.1
2024-01-21 09:05:11,1.38,0.43
2024-01-21 09:07:38,1.17,0.28
2024-01-21 09:10:05,1.85,1.15
2024-01-21 09:12:32,1.1,0.5
2024-01-21 09:14:59,1.35,0.9
2024-01-21 09:17:25,1.25,0.38
2024-01-21 09:19:51,0.7,0.1
2024-01-21 09:22:17,1.38,0.63
2024-01-21 09:24:43,1.17,0.3
2024-01-21 09:27:09,1.23,0.35
2024-01-21 09:29:35,0.8,0.1
2024-01-21 09:32:01,1.08,0.65
2024-01-21 09:34:27,1.67,0.9
2024-01-21 09:36:53,0.9,0.17
2024-01-21 09:39:19,1.05,0.25
2024-01-21 09:41:49,1.33,0.32
2024-01-21 09:44:19,1.33,0.5
2024-01-21 09:46:52,1.23,0.28
2024-01-21 09:49:19,0.85,0.1
2024-01-21 09:51:49,1.55,0.5
2024-01-21 09:54:16,1.15,0.3
2024-01-21 09:56:42,1.42,0.38
2024-01-21 09:59:09,0.95,0.32
2024-01-21 10:01:44,1.0,0.17
2024-01-21 10:04:11,1.08,0.3
2024-01-21 10:06:39,1.05,0.22
2024-01-21 10:11:37,0.8,0.1
2024-01-21 10:14:04,1.23,0.52
2024-01-21 10:16:30,1.33,0.35
2024-01-21 10:18:56,1.42,0.8
2024-01-21 10:21:23,1.33,0.52
2024-01-21 10:23:49,1.05,0.2
2024-01-21 10:26:15,1.02,0.2
2024-01-21 10:28:41,1.15,0.28
2024-01-21 10:31:07,0.98,0.1
2024-01-21 10:33:34,1.27,0.4
2024-01-21 10:36:00,1.35,0.55
2024-01-21 10:38:32,1.13,0.25
2024-01-21 10:41:00,0.9,0.17
2024-01-21 10:43:27,0.8,0.1
2024-01-21 10:45:53,0.85,0.1
2024-01-21 10:48:20,0.7,0.1
2024-01-21 10:50:46,0.73,0.1
2024-01-21 10:53:12,1.17,0.2
2024-01-21 10:55:41,1.4,0.55
2024-01-21 10:58:07,1.02,0.25
2024-01-21 11:00:34,1.15,0.2
2024-01-21 11:05:46,1.45,0.75
2024-01-21 11:08:13,0.77,0.1
2024-01-21 11:10:39,1.27,0.95
2024-01-21 11:13:06,1.15,0.43
2024-01-21 11:15:32,1.13,0.38
2024-01-21 11:18:08,0.98,0.2
2024-01-21 11:20:34,0.98,0.32
2024-01-21 11:23:00,1.17,0.65
2024-01-21 11:25:33,0.88,0.22
2024-01-21 11:28:00,1.17,0.45
2024-01-21 11:30:29,0.77,0.4
2024-01-21 11:32:55,1.1,0.2
2024-01-21 11:35:26,0.8,0.1
2024-01-21 11:37:53,1.1,0.2
2024-01-21 11:40:19,0.9,0.2
2024-01-21 11:42:46,1.13,0.2
2024-01-21 11:45:15,1.02,0.15
2024-01-21 11:47:41,0.9,0.15
2024-01-21 11:50:08,0.82,0.1
2024-01-21 11:55:02,1.23,0.32
2024-01-21 11:57:28,1.27,0.3
2024-01-21 11:59:54,0.88,0.2
2024-01-21 12:02:20,0.95,0.2
2024-01-21 12:04:46,1.2,0.3
2024-01-21 12:07:12,0.85,0.1
2024-01-21 12:09:39,1.35,0.47
2024-01-21 12:12:06,0.6,0.1
2024-01-21 12:14:33,1.0,0.55
2024-01-21 12:17:02,1.13,0.55
2024-01-21 12:19:28,0.95,0.17
2024-01-21 12:21:54,1.3,0.4
2024-01-21 12:24:20,0.82,0.2
2024-01-21 12:26:47,0.75,0.1
2024-01-21 12:29:13,0.95,0.22
2024-01-21 12:31:40,1.15,0.32
2024-01-21 12:34:07,1.17,0.47
2024-01-21 12:36:34,0.77,0.1
2024-01-21 12:39:00,0.85,0.15
2024-01-21 12:41:26,0.93,0.3
2024-01-21 12:43:52,1.08,0.28
2024-01-21 12:46:19,1.13,0.28
2024-01-21 12:48:46,1.05,0.2
2024-01-21 12:51:12,1.33,0.55
2024-01-21 12:53:45,0.9,0.1
2024-01-21 12:56:11,1.15,0.55
2024-01-21 12:58:38,1.35,0.57
2024-01-21 13:01:04,0.6,0.1
2024-01-21 13:03:30,0.9,0.17
2024-01-21 13:05:57,1.45,0.55
2024-01-21 13:08:26,0.95,0.15
2024-01-21 13:10:53,1.4,1.3
2024-01-21 13:13:20,1.42,0.5
2024-01-21 13:15:46,0.95,0.2
2024-01-21 13:18:12,1.05,0.2
2024-01-21 13:20:38,1.08,0.35
2024-01-21 13:23:05,0.63,0.1
2024-01-21 13:25:31,0.6,0.1
2024-01-21 13:27:59,1.2,0.38
2024-01-21 13:30:38,0.9,0.1
2024-01-21 13:33:08,1.3,0.6
2024-01-21 13:35:34,1.15,0.2
2024-01-21 13:38:01,0.63,0.1
2024-01-21 13:40:27,0.82,0.2
2024-01-21 13:42:53,1.02,0.1
2024-01-21 13:45:20,0.82,0.15
2024-01-21 13:47:46,1.35,0.57
2024-01-21 13:50:12,1.2,0.1
2024-01-21 13:52:38,0.93,0.13
2024-01-21 13:55:04,0.88,0.2
2024-01-21 13:57:33,0.75,0.13
2024-01-21 13:59:59,0.7,0.1
2024-01-21 14:02:25,1.5,0.88
2024-01-21 14:04:52,1.27,0.2
2024-01-21 14:07:18,0.7,0.1
2024-01-21 14:09:44,1.58,0.9
2024-01-21 14:12:10,1.27,0.38
2024-01-21 14:14:41,1.2,0.32
2024-01-21 14:17:08,1.73,1.05
2024-01-21 14:19:34,0.65,0.1
2024-01-21 14:22:00,1.15,0.25
2024-01-21 14:24:26,0.77,0.1
2024-01-21 14:26:52,1.1,0.28
2024-01-21 14:29:34,0.8,0.15
2024-01-21 14:32:01,0.75,0.1
2024-01-21 14:34:27,0.98,0.28
2024-01-21 14:36:53,1.15,0.4
2024-01-21 14:39:19,0.8,0.1
2024-01-21 14:41:45,0.8,0.1
2024-01-21 14:44:12,1.0,0.2
2024-01-21 14:46:38,1.3,0.52
2024-01-21 14:49:04,1.38,0.85
2024-01-21 14:51:30,1.3,0.47
2024-01-21 14:53:56,1.0,0.2
2024-01-21 14:56:22,0.95,0.15
2024-01-21 14:58:49,1.38,0.65
2024-01-21 15:01:15,0.73,0.1
2024-01-21 15:03:42,0.85,0.1
2024-01-21 15:06:08,0.8,0.1
2024-01-21 15:08:34,0.82,0.28
2024-01-21 15:11:01,1.25,0.4
2024-01-21 15:13:27,0.75,0.1
2024-01-21 15:15:55,1.17,0.32
2024-01-21 15:18:21,0.85,0.2
2024-01-21 15:20:50,1.42,0.43
2024-01-21 15:23:16,1.0,0.2
2024-01-21 15:25:45,0.8,0.1
2024-01-21 15:28:11,1.15,0.3
2024-01-21 15:30:37,1.25,0.4
2024-01-21 15:33:09,1.48,0.68
2024-01-21 15:35:35,1.27,0.5
2024-01-21 15:38:01,1.02,0.32
2024-01-21 15:40:27,0.9,0.28
2024-01-21 15:42:54,1.0,0.1
2024-01-21 15:45:20,1.1,0.32
2024-01-21 15:47:46,1.15,0.3
2024-01-21 15:50:12,0.9,0.1
2024-01-21 15:52:38,0.85,0.2
2024-01-21 15:55:05,1.3,0.47
2024-01-21 15:57:31,1.35,0.57
2024-01-21 15:59:57,1.05,0.25
2024-01-21 16:02:24,1.05,0.32
2024-01-21 16:04:50,0.95,0.3
2024-01-21 16:07:16,1.0,0.1
2024-01-21 16:09:50,1.88,0.77
2024-01-21 16:12:20,1.25,0.25
2024-01-21 16:14:46,0.88,0.3
2024-01-21 16:17:12,1.35,0.57
2024-01-21 16:19:38,1.13,0.35
2024-01-21 16:22:05,0.93,0.2
2024-01-21 16:24:34,1.42,0.73
2024-01-21 16:27:00,1.17,0.32
2024-01-21 16:29:27,1.08,0.2
2024-01-21 16:31:53,0.9,0.1
2024-01-21 16:34:19,1.23,0.3
2024-01-21 16:36:45,1.2,0.2
2024-01-21 16:39:11,1.15,0.55
2024-01-21 16:41:38,0.88,0.13
2024-01-21 16:44:04,0.93,0.1
2024-01-21 16:46:30,0.77,0.2
2024-01-21 16:48:56,1.2,0.3
2024-01-21 16:51:23,1.25,0.3
2024-01-21 16:53:51,0.9,0.1
2024-01-21 16:56:18,1.48,0.4
2024-01-21 16:58:44,1.33,0.43
2024-01-21 17:01:10,1.4,0.57
2024-01-21 17:03:37,0.93,0.17
2024-01-21 17:06:04,1.52,0.68
2024-01-21 17:08:30,0.75,0.1
2024-01-21 17:11:09,0.93,0.17
2024-01-21 17:13:36,0.95,0.1
2024-01-21 17:16:02,0.9,0.15
2024-01-21 17:18:33,1.38,0.32
2024-01-21 17:21:05,1.02,0.2
2024-01-21 17:23:31,1.02,0.22
2024-01-21 17:25:57,0.85,0.13
2024-01-21 17:28:23,0.82,0.1
2024-01-21 17:30:49,1.1,0.2
2024-01-21 17:33:15,1.55,0.55
2024-01-21 17:35:41,1.0,0.13
2024-01-21 17:38:07,0.63,0.1
2024-01-21 17:40:34,1.0,0.35
2024-01-21 17:43:00,0.7,0.1
2024-01-21 17:45:27,1.0,0.22
2024-01-21 17:47:54,1.2,0.45
2024-01-21 17:50:20,1.15,0.3
2024-01-21 17:52:46,0.85,0.2
2024-01-21 17:55:13,0.9,0.2
2024-01-21 17:57:39,1.58,0.4
2024-01-21 18:00:05,0.82,0.1
2024-01-21 18:02:32,1.17,0.3
2024-01-21 18:04:58,1.33,0.4
2024-01-21 18:07:26,0.88,0.1
2024-01-21 18:09:52,1.3,0.38
2024-01-21 18:12:18,0.77,0.1
2024-01-21 18:14:44,0.77,0.1
2024-01-21 18:17:10,0.82,0.2
2024-01-21 18:19:36,1.1,0.65
2024-01-21 18:22:03,0.9,0.1
2024-01-21 18:24:32,0.93,0.13
2024-01-21 18:26:58,0.85,0.1
2024-01-21 18:29:24,0.7,0.1
2024-01-21 18:31:50,1.02,0.2
2024-01-21 18:34:16,1.2,0.63
2024-01-21 18:36:46,1.27,0.63
2024-01-21 18:39:13,0.7,0.1
2024-01-21 18:41:39,0.9,0.13
2024-01-21 18:44:05,0.82,0.1
2024-01-21 18:46:31,0.9,0.13
2024-01-21 18:48:57,0.85,0.22
2024-01-21 18:51:23,1.1,0.3
2024-01-21 18:53:50,0.98,0.2
2024-01-21 18:56:21,0.6,0.1
2024-01-21 18:58:48,1.23,0.35
2024-01-21 19:01:14,1.1,0.2
2024-01-21 19:03:40,0.82,0.1
2024-01-21 19:06:06,0.8,0.1
2024-01-21 19:08:32,1.23,0.43
2024-01-21 19:10:58,1.0,0.2
2024-01-21 19:13:26,1.23,0.43
2024-01-21 19:15:52,1.0,0.2
2024-01-21 19:18:18,0.77,0.1
2024-01-21 19:20:44,0.8,0.1
2024-01-21 19:23:11,1.02,0.25
2024-01-21 19:25:38,0.88,0.15
2024-01-21 19:28:04,1.02,0.1
2024-01-21 19:30:34,1.25,0.47
2024-01-21 19:33:00,1.02,0.2
2024-01-21 19:35:26,0.88,0.1
2024-01-21 19:37:52,1.1,0.3
2024-01-21 19:40:18,0.8,0.1
2024-01-21 19:42:44,1.05,0.2
2024-01-21 19:45:10,1.1,0.2
2024-01-21 19:47:36,1.4,0.3
2024-01-21 19:50:02,1.33,0.47
2024-01-21 19:52:29,1.2,0.47
2024-01-21 19:54:55,1.5,1.4
2024-01-21 19:57:21,1.0,0.17
2024-01-21 19:59:47,0.93,0.2
2024-01-21 20:02:13,1.5,0.4
2024-01-21 20:07:07,0.9,0.28
2024-01-21 20:09:33,0.85,0.1
2024-01-21 20:11:59,1.0,0.2
2024-01-21 20:14:25,0.77,0.1
2024-01-21 20:16:51,0.77,0.28
2024-01-21 20:19:17,1.0,0.43
2024-01-21 20:21:46,1.05,0.22
2024-01-21 20:24:12,1.23,0.3
2024-01-21 20:26:39,1.02,0.22
2024-01-21 20:29:05,0.8,0.1
2024-01-21 20:31:31,0.73,0.1
2024-01-21 20:33:57,0.8,0.2
2024-01-21 20:36:23,1.02,0.32
2024-01-21 20:38:50,0.8,0.1
2024-01-21 20:41:16,0.7,0.1
2024-01-21 20:43:43,1.1,0.38
2024-01-21 20:46:11,0.9,0.1
2024-01-21 20:48:41,0.65,0.1
2024-01-21 20:51:08,0.8,0.1
2024-01-21 20:53:34,0.95,0.25
2024-01-21 20:58:27,0.8,0.1
2024-01-21 21:00:53,1.48,0.77
2024-01-21 21:03:19,1.05,0.38
2024-01-21 21:05:45,1.1,0.3
2024-01-21 21:08:11,1.17,0.3
2024-01-21 21:10:38,1.08,0.38
2024-01-21 21:13:04,0.7,0.1
2024-01-21 21:15:30,0.95,0.17
2024-01-21 21:17:56,1.08,0.1
2024-01-21 21:20:22,1.58,1.17
2024-01-21 21:22:48,0.8,0.1
2024-01-21 21:25:14,1.15,0.28
2024-01-21 21:27:40,0.88,0.15
2024-01-21 21:30:07,0.6,0.1
2024-01-21 21:32:34,1.1,0.3
2024-01-21 21:35:00,1.38,0.5
2024-01-21 21:37:26,1.3,0.3
2024-01-21 21:39:53,1.13,0.2
2024-01-21 21:42:19,1.2,0.2
2024-01-21 21:44:45,0.93,0.22
2024-01-21 21:47:11,1.5,1.05
2024-01-21 21:49:37,0.85,0.1
2024-01-21 21:52:05,1.13,0.32
2024-01-21 21:54:31,0.77,0.22
2024-01-21 21:56:57,1.17,0.43
2024-01-21 21:59:23,0.82,0.13
2024-01-21 22:01:50,0.75,0.17
2024-01-21 22:04:16,0.85,0.1
2024-01-21 22:06:42,1.38,0.47
2024-01-21 22:09:08,1.25,0.3
2024-01-21 22:11:34,0.73,0.1
2024-01-21 22:14:01,0.7,0.13
2024-01-21 22:16:27,1.0,0.25
2024-01-21 22:18:53,1.15,0.43
2024-01-21 22:21:19,1.02,0.2
2024-01-21 22:23:49,1.05,0.52
2024-01-21 22:26:15,1.38,0.6
2024-01-21 22:28:45,0.8,0.1
2024-01-21 22:31:11,1.0,0.2
2024-01-21 22:33:38,1.25,0.65
2024-01-21 22:36:04,1.42,0.4
2024-01-21 22:38:30,0.9,0.2
2024-01-21 22:40:56,1.15,0.55
2024-01-21 22:43:22,0.7,0.1
2024-01-21 22:45:48,1.08,0.22
2024-01-21 22:48:14,1.05,0.2
2024-01-21 22:50:41,0.93,0.22
2024-01-21 22:53:07,0.9,0.13
2024-01-21 22:55:34,0.75,0.1
2024-01-21 22:58:00,0.98,0.57
2024-01-21 23:00:26,1.25,0.2
2024-01-21 23:02:55,1.08,0.28
2024-01-21 23:05:21,1.0,0.2
2024-01-21 23:07:47,1.02,0.25
2024-01-21 23:10:14,1.0,0.2
2024-01-21 23:12:40,0.73,0.1
2024-01-21 23:15:07,0.9,0.2
2024-01-21 23:17:33,1.17,0.2
2024-01-21 23:19:59,0.98,0.17
2024-01-21 23:22:28,0.9,0.15
2024-01-21 23:24:54,1.0,0.25
2024-01-21 23:27:20,0.8,0.1
2024-01-21 23:29:46,0.9,0.1
2024-01-21 23:32:13,0.93,0.17
2024-01-21 23:34:39,0.85,0.1
2024-01-21 23:37:05,0.8,0.2
2024-01-21 23:39:31,1.2,0.55
2024-01-21 23:41:57,0.9,0.13
2024-01-21 23:44:25,1.05,0.28
2024-01-21 23:46:51,1.48,0.65
2024-01-21 23:49:17,1.0,0.2
2024-01-21 23:51:43,0.77,0.1
2024-01-21 23:54:10,1.38,0.32
2024-01-21 23:56:43,0.98,0.15
2024-01-21 23:59:09,0.7,0.1
2024-01-22 00:01:35,0.65,0.1
2024-01-22 00:04:01,0.8,0.1
2024-01-22 00:06:27,0.75,0.13
2024-01-22 00:08:53,1.33,0.5
2024-01-22 00:11:19,0.98,0.2
2024-01-22 00:13:45,1.27,0.63
2024-01-22 00:16:11,1.5,0.9
2024-01-22 00:18:38,0.77,0.1
2024-01-22 00:21:04,0.93,0.2
2024-01-22 00:23:30,1.1,0.2
2024-01-22 00:25:56,0.8,0.1
2024-01-22 00:28:22,0.93,0.1
2024-01-22 00:30:48,1.08,0.17
2024-01-22 00:33:14,1.02,0.28
2024-01-22 00:35:40,0.93,0.2
2024-01-22 00:38:06,1.23,0.32
2024-01-22 00:40:32,1.23,0.45
2024-01-22 00:42:59,1.02,0.22
2024-01-22 00:45:25,1.1,0.3
2024-01-22 00:47:51,1.3,0.47
2024-01-22 00:50:17,0.8,0.2
2024-01-22 00:52:43,0.9,0.13
2024-01-22 00:55:09,1.17,0.3
2024-01-22 00:57:36,0.8,0.1
2024-01-22 01:00:03,0.75,0.1
2024-01-22 01:02:30,0.73,0.1
2024-01-22 01:04:56,1.25,0.2
2024-01-22 01:07:22,0.9,0.13
2024-01-22 01:09:48,0.8,0.1
2024-01-22 01:12:15,0.7,0.1
2024-01-22 01:14:41,1.05,0.3
2024-01-22 01:17:07,1.45,0.45
2024-01-22 01:19:33,0.9,0.25
2024-01-22 01:22:00,1.15,0.22
2024-01-22 01:24:27,0.85,0.15
2024-01-22 01:26:53,1.17,0.25
2024-01-22 01:29:19,0.95,0.3
2024-01-22 01:31:45,1.45,0.45
2024-01-22 01:34:11,0.98,0.22
2024-01-22 01:36:37,0.68,0.1
2024-01-22 01:39:03,0.8,0.1
2024-01-22 01:41:30,0.88,0.2
2024-01-22 01:43:56,1.0,0.2
2024-01-22 01:46:22,1.05,0.2
2024-01-22 01:48:48,0.9,0.17
2024-01-22 01:51:15,1.02,0.43
2024-01-22 01:53:41,1.25,0.45
2024-01-22 01:56:08,1.02,0.4
2024-01-22 01:58:34,1.17,0.35
2024-01-22 02:01:01,0.95,0.22
2024-01-22 02:03:27,1.25,0.32
2024-01-22 02:05:53,1.2,0.3
2024-01-22 02:08:19,0.95,0.2
2024-01-22 02:10:48,1.55,0.5
2024-01-22 02:13:14,0.9,0.13
2024-01-22 02:15:41,1.75,0.9
2024-01-22 02:18:07,0.77,0.1
2024-01-22 02:20:33,0.88,0.1
2024-01-22 02:23:03,1.38,0.47
2024-01-22 02:25:29,1.1,0.32
2024-01-22 02:27:56,1.0,0.25
2024-01-22 02:30:22,0.9,0.25
2024-01-22 02:32:48,0.9,0.1
2024-01-22 02:35:14,1.45,0.3
2024-01-22 02:37:40,1.0,0.3
2024-01-22 02:40:06,1.4,0.6
2024-01-22 02:42:33,0.8,0.1
2024-01-22 02:44:59,0.7,0.1
2024-01-22 02:47:25,0.73,0.1
2024-01-22 02:49:52,0.8,0.1
2024-01-22 02:52:18,0.9,0.1
2024-01-22 02:54:44,0.6,0.1
2024-01-22 02:57:10,1.23,0.4
2024-01-22 02:59:36,1.08,0.2
2024-01-22 03:02:03,0.9,0.1
2024-01-22 03:04:29,1.1,0.38
2024-01-22 03:06:55,0.9,0.15
2024-01-22 03:09:21,1.05,0.38
2024-01-22 03:11:48,0.8,0.1
2024-01-22 03:14:14,1.33,0.73
2024-01-22 03:16:40,1.17,0.88
2024-01-22 03:19:06,1.17,0.43
2024-01-22 03:21:32,1.13,0.32
2024-01-22 03:23:59,1.33,0.4
2024-01-22 03:26:25,0.8,0.1
2024-01-22 03:28:51,1.52,1.02
2024-01-22 03:31:24,1.08,0.22
2024-01-22 03:33:51,0.8,0.1
2024-01-22 03:36:17,1.88,1.7
2024-01-22 03:38:43,0.9,0.1
2024-01-22 03:41:09,1.2,0.52
2024-01-22 03:43:36,0.82,0.1
2024-01-22 03:46:02,0.95,0.3
2024-01-22 03:48:28,1.48,0.57
2024-01-22 03:50:54,1.0,0.25
2024-01-22 03:53:20,0.75,0.1
2024-01-22 03:55:46,0.98,0.2
2024-01-22 03:58:12,0.75,0.1
2024-01-22 04:00:38,1.38,0.9
2024-01-22 04:03:05,0.98,0.4
2024-01-22 04:05:31,1.2,0.2
2024-01-22 04:07:57,1.13,0.3
2024-01-22 04:10:24,0.7,0.1
2024-01-22 04:12:52,1.38,0.75
2024-01-22 04:15:19,1.17,0.47
2024-01-22 04:17:45,1.0,0.35
2024-01-22 04:20:11,0.7,0.1
2024-01-22 04:22:37,1.15,0.5
2024-01-22 04:25:03,0.7,0.1
2024-01-22 04:27:29,0.65,0.17
2024-01-22 04:29:55,1.02,0.3
2024-01-22 04:32:21,1.08,0.45
2024-01-22 04:34:48,0.65,0.1
2024-01-22 04:37:15,1.1,0.3
2024-01-22 04:39:41,0.9,0.17
2024-01-22 04:42:08,0.95,0.13
2024-01-22 04:44:34,0.9,0.22
2024-01-22 04:47:00,0.9,0.25
2024-01-22 04:49:27,1.33,0.4
2024-01-22 04:51:54,0.63,0.1
2024-01-22 04:54:20,0.98,0.2
2024-01-22 04:56:46,1.1,0.32
2024-01-22 04:59:13,0.82,0.2
2024-01-22 05:01:39,0.8,0.1
2024-01-22 05:04:05,0.98,0.1
2024-01-22 05:06:32,0.82,0.1
2024-01-22 05:08:58,0.9,0.1
2024-01-22 05:11:24,1.5,0.5
2024-01-22 05:13:50,1.0,0.2
2024-01-22 05:16:17,1.17,0.4
2024-01-22 05:18:43,1.42,1.33
2024-01-22 05:21:10,0.73,0.1
2024-01-22 05:23:36,0.73,0.1
2024-01-22 05:26:02,1.02,0.4
2024-01-22 05:28:28,0.7,0.1
2024-01-22 05:30:54,0.77,0.1
2024-01-22 05:33:20,1.05,0.35
2024-01-22 05:35:47,1.13,0.32
2024-01-22 05:38:13,0.7,0.1
2024-01-22 05:40:39,1.0,0.2
2024-01-22 05:43:06,0.7,0.1
2024-01-22 05:45:32,1.38,0.4
2024-01-22 05:47:58,0.9,0.15
2024-01-22 05:50:24,0.75,0.1
2024-01-22 05:52:50,1.25,0.55
2024-01-22 05:55:16,1.08,0.25
2024-01-22 05:57:42,1.0,0.25
2024-01-22 06:00:08,1.45,0.5
2024-01-22 06:02:38,0.75,0.15
2024-01-22 06:05:04,0.75,0.1
2024-01-22 06:07:31,0.85,0.3
2024-01-22 06:09:57,1.05,0.38
2024-01-22 06:12:23,0.9,0.1
2024-01-22 06:14:50,0.98,0.2
2024-01-22 06:17:16,1.1,0.4
2024-01-22 06:19:43,1.35,0.3
2024-01-22 06:22:09,1.38,0.45
2024-01-22 06:24:37,0.82,0.13
2024-01-22 06:27:03,0.93,0.2
2024-01-22 06:29:30,0.9,0.1
2024-01-22 06:31:56,1.13,0.22
2024-01-22 06:34:23,1.52,0.65
2024-01-22 06:36:49,0.93,0.2
2024-01-22 06:39:15,1.25,0.3
2024-01-22 06:41:41,1.55,0.7
2024-01-22 06:44:07,1.2,0.3
2024-01-22 06:46:33,0.75,0.1
2024-01-22 06:48:59,0.8,0.1
2024-01-22 06:51:25,1.17,0.25
2024-01-22 06:53:54,1.52,0.9
2024-01-22 06:56:21,1.5,0.65
2024-01-22 06:58:47,0.77,0.1
2024-01-22 07:01:14,0.9,0.2
2024-01-22 07:03:40,0.9,0.1
2024-01-22 07:06:06,1.1,0.3
2024-01-22 07:08:32,0.85,0.17
2024-01-22 07:10:58,0.82,0.13
2024-01-22 07:13:24,1.13,0.32
2024-01-22 07:15:50,0.82,0.1
2024-01-22 07:18:16,1.23,0.32
2024-01-22 07:20:42,0.77,0.1
2024-01-22 07:23:09,1.55,1.33
2024-01-22 07:25:35,1.0,0.3
2024-01-22 07:28:05,1.42,0.57
2024-01-22 07:30:31,1.4,0.6
2024-01-22 07:32:57,1.08,0.28
2024-01-22 07:35:23,0.9,0.2
2024-01-22 07:37:49,0.9,0.1
2024-01-22 07:40:16,1.45,0.4
2024-01-22 07:42:43,0.8,0.1
2024-01-22 07:45:09,1.13,0.3
2024-01-22 07:47:36,1.0,0.2
2024-01-22 07:50:03,0.9,0.1
2024-01-22 07:52:35,1.2,0.15
2024-01-22 07:55:02,0.98,0.2
2024-01-22 07:57:29,1.0,0.1
2024-01-22 07:59:55,0.8,0.1
2024-01-22 08:02:21,0.85,0.2
2024-01-22 08:04:48,1.05,0.25
2024-01-22 08:07:15,0.85,0.2
2024-01-22 08:09:41,0.9,0.1
2024-01-22 08:12:07,0.93,0.13
2024-01-22 08:14:33,0.8,0.1
2024-01-22 08:17:00,1.38,0.57
2024-01-22 08:19:29,1.45,0.73
2024-01-22 08:21:57,1.1,0.2
2024-01-22 08:24:24,1.13,0.1
2024-01-22 08:26:52,1.2,0.25
2024-01-22 08:29:18,1.1,0.2
2024-01-22 08:31:44,1.0,0.15
2024-01-22 08:34:10,1.88,0.4
2024-01-22 08:36:36,0.98,0.1
2024-01-22 08:39:02,1.1,0.3
2024-01-22 08:41:28,1.17,0.28
2024-01-22 08:43:55,1.1,0.2
2024-01-22 08:46:21,1.63,0.82
2024-01-22 08:48:48,1.2,0.3
2024-01-22 08:51:15,1.02,0.2
2024-01-22 08:53:41,1.3,0.38
2024-01-22 08:56:08,1.13,0.3
2024-01-22 08:58:34,1.55,0.68
2024-01-22 09:01:00,0.9,0.1
2024-01-22 09:03:30,1.3,0.3
2024-01-22 09:05:56,1.13,0.3
2024-01-22 09:08:22,1.17,0.3
2024-01-22 09:10:48,1.1,0.25
2024-01-22 09:13:14,0.93,0.17
2024-01-22 09:15:40,1.5,0.9
2024-01-22 09:18:06,1.75,0.9
2024-01-22 09:20:32,1.15,0.28
2024-01-22 09:22:59,1.13,0.2
2024-01-22 09:27:52,1.35,0.55
2024-01-22 09:30:18,1.8,0.82
2024-01-22 09:32:44,1.17,0.63
2024-01-22 09:35:10,1.23,0.6
2024-01-22 09:37:38,0.95,0.2
2024-01-22 09:40:04,1.52,0.68
2024-01-22 09:42:31,0.95,0.2
2024-01-22 09:44:58,1.55,0.45
2024-01-22 09:47:24,0.8,0.1
2024-01-22 09:49:50,0.88,0.1
2024-01-22 09:52:17,1.02,0.25
2024-01-22 09:54:43,1.95,0.8
2024-01-22 09:57:17,1.6,0.32
2024-01-22 09:59:43,1.45,1.2
2024-01-22 10:02:14,0.85,0.2
2024-01-22 10:04:44,1.05,0.2
2024-01-22 10:07:14,1.2,0.57
2024-01-22 10:09:41,1.48,0.7
2024-01-22 10:12:07,1.15,0.38
2024-01-22 10:14:33,1.17,0.32
2024-01-22 10:19:42,1.42,0.43
2024-01-22 10:24:36,1.15,0.2
2024-01-22 10:27:14,1.33,0.55
2024-01-22 10:29:43,0.8,0.1
2024-01-22 10:32:09,1.17,0.22
2024-01-22 10:34:42,1.25,0.75
2024-01-22 10:37:12,0.8,0.1
2024-01-22 10:39:39,0.98,0.17
2024-01-22 10:42:10,1.23,0.45
2024-01-22 10:44:37,1.15,0.3
2024-01-22 10:47:03,1.27,0.22
2024-01-22 10:49:30,1.38,0.38
2024-01-22 10:52:00,1.05,0.3
2024-01-22 10:54:26,1.35,0.35
2024-01-22 10:59:25,1.48,0.82
2024-01-22 11:01:52,1.45,0.7
2024-01-22 11:04:21,1.3,0.25
2024-01-22 11:06:48,1.3,0.2
2024-01-22 11:09:17,1.05,0.22
2024-01-22 11:11:43,1.52,0.45
2024-01-22 11:14:12,1.45,0.3
2024-01-22 11:16:38,1.15,0.3
2024-01-22 11:19:05,1.13,0.3
2024-01-22 11:21:36,1.2,0.3
2024-01-22 11:24:09,1.33,0.38
2024-01-22 11:29:08,0.95,0.2
2024-01-22 11:31:35,1.0,0.2
2024-01-22 11:34:02,0.73,0.1
2024-01-22 11:37:02,1.33,0.28
2024-01-22 11:44:43,0.88,0.1
2024-01-22 11:47:11,1.1,0.2
2024-01-22 11:49:37,1.55,0.5
2024-01-22 11:52:13,1.13,0.3
2024-01-22 11:54:53,0.93,0.15
2024-01-22 11:57:20,1.15,0.47
2024-01-22 12:02:32,0.73,0.1
2024-01-22 12:05:01,1.33,0.3
2024-01-22 12:07:34,1.25,0.2
2024-01-22 12:12:27,1.42,0.4
2024-01-22 12:14:57,1.4,0.4
2024-01-22 12:17:23,1.5,0.5
2024-01-22 12:19:53,0.95,0.17
2024-01-22 12:22:23,1.25,0.4
2024-01-22 12:25:05,0.93,0.13
2024-01-22 12:27:35,1.08,0.2
2024-01-22 12:30:04,1.17,0.3
2024-01-22 12:32:31,1.15,0.22
2024-01-22 12:34:58,2.05,0.8
2024-01-22 12:37:27,1.55,0.52
2024-01-22 12:42:31,1.0,0.2
2024-01-22 12:45:01,0.98,0.2
2024-01-22 12:47:27,1.08,0.28
2024-01-22 12:49:54,1.55,0.35
2024-01-22 12:52:21,0.8,0.1
2024-01-22 12:54:48,1.38,0.52
2024-01-22 12:57:14,1.0,0.28
2024-01-22 12:59:41,1.17,0.3
2024-01-22 13:02:11,1.13,0.28
2024-01-22 13:04:37,0.85,0.2
2024-01-22 13:07:03,1.1,0.2
2024-01-22 13:09:30,1.7,0.57
2024-01-22 13:11:56,0.95,0.13
2024-01-22 13:14:22,0.98,0.2
2024-01-22 13:16:49,1.2,0.3
2024-01-22 13:19:15,1.2,0.2
2024-01-22 13:21:41,1.85,0.5
2024-01-22 13:24:07,1.0,0.2
2024-01-22 13:26:33,1.35,0.35
2024-01-22 13:28:59,1.27,0.32
2024-01-22 13:31:25,1.08,0.2
2024-01-22 13:33:51,0.93,0.2
2024-01-22 13:36:18,0.8,0.1
2024-01-22 13:38:44,0.73,0.1
2024-01-22 13:41:10,0.8,0.1
2024-01-22 13:43:36,1.65,1.4
2024-01-22 13:46:02,2.08,0.7
2024-01-22 13:48:32,1.52,0.4
2024-01-22 13:50:58,1.27,0.35
2024-01-22 13:53:24,0.85,0.2
2024-01-22 13:55:50,1.3,0.4
2024-01-22 13:58:16,1.2,0.3
2024-01-22 14:00:42,1.15,0.3
2024-01-22 14:03:08,0.98,0.2
2024-01-22 14:05:35,0.75,0.17
2024-01-22 14:08:01,0.73,0.1
2024-01-22 14:10:27,1.33,0.52
2024-01-22 14:12:53,1.45,0.43
2024-01-22 14:15:19,1.13,0.22
2024-01-22 14:17:46,0.93,0.2
2024-01-22 14:20:12,1.08,0.38
2024-01-22 14:22:38,1.55,0.52
2024-01-22 14:25:05,1.3,0.4
2024-01-22 14:27:35,1.25,0.3
2024-01-22 14:30:02,0.77,0.2
2024-01-22 14:32:29,0.82,0.1
2024-01-22 14:34:56,0.8,0.1
2024-01-22 14:37:22,1.63,0.32
2024-01-22 14:39:48,1.3,0.32
2024-01-22 14:42:14,1.08,0.2
2024-01-22 14:44:40,0.82,0.1
2024-01-22 14:47:06,1.27,0.2
2024-01-22 14:49:32,1.3,0.43
2024-01-22 14:51:58,1.55,0.6
2024-01-22 14:54:24,0.9,0.1
2024-01-22 14:56:50,1.0,0.3
2024-01-22 14:59:17,1.17,0.3
2024-01-22 15:01:44,1.0,0.32
2024-01-22 15:04:10,1.15,0.22
2024-01-22 15:06:36,0.88,0.1
2024-01-22 15:09:05,0.73,0.1
2024-01-22 15:11:31,1.23,0.4
2024-01-22 15:13:57,1.05,0.3
2024-01-22 15:16:24,1.17,0.38
2024-01-22 15:18:50,0.98,0.4
2024-01-22 15:21:16,1.6,0.8
2024-01-22 15:23:42,1.75,0.32
2024-01-22 15:26:08,1.13,0.2
2024-01-22 15:28:34,1.77,1.5
2024-01-22 15:31:03,1.35,0.55
2024-01-22 15:33:30,1.33,0.4
2024-01-22 15:35:56,0.93,0.22
2024-01-22 15:38:22,1.08,0.2
2024-01-22 15:40:50,1.27,0.3
2024-01-22 15:43:16,0.7,0.1
2024-01-22 15:45:42,1.15,0.3
2024-01-22 15:48:08,1.0,0.2
2024-01-22 15:50:34,1.0,0.25
2024-01-22 15:53:00,0.82,0.1
2024-01-22 15:55:27,0.88,0.1
2024-01-22 15:57:53,0.98,0.2
2024-01-22 16:00:19,1.88,1.73
2024-01-22 16:02:45,1.0,0.3
2024-01-22 16:05:11,0.9,0.1
2024-01-22 16:07:38,1.1,0.4
2024-01-22 16:10:04,1.4,0.73
2024-01-22 16:12:31,1.48,0.4
2024-01-22 16:14:57,0.82,0.13
2024-01-22 16:17:23,1.17,0.4
2024-01-22 16:19:49,0.77,0.1
2024-01-22 16:22:16,0.88,0.15
2024-01-22 16:24:42,1.0,0.1
2024-01-22 16:27:08,0.85,0.22
2024-01-22 16:29:34,1.13,0.4
2024-01-22 16:32:00,0.9,0.2
2024-01-22 16:34:27,1.17,0.28
2024-01-22 16:36:54,0.82,0.1
2024-01-22 16:39:20,0.9,0.3
2024-01-22 16:41:47,1.2,0.3
2024-01-22 16:44:13,0.98,0.22
2024-01-22 16:46:40,1.27,0.3
2024-01-22 16:49:06,0.95,0.13
2024-01-22 16:51:32,0.85,0.1
2024-01-22 16:53:58,0.95,0.17
2024-01-22 16:56:24,0.8,0.15
2024-01-22 16:58:52,1.33,0.45
2024-01-22 17:01:18,0.88,0.13
2024-01-22 17:03:44,1.58,0.88
2024-01-22 17:06:10,1.15,0.4
2024-01-22 17:08:38,0.82,0.1
2024-01-22 17:11:05,0.65,0.1
2024-01-22 17:15:59,0.88,0.1
2024-01-22 17:18:29,1.0,0.2
2024-01-22 17:20:55,0.8,0.4
2024-01-22 17:23:21,1.23,0.4
2024-01-22 17:25:47,0.85,0.1
2024-01-22 17:28:13,1.45,0.43
2024-01-22 17:30:39,0.8,0.1
2024-01-22 17:33:05,0.98,0.3
2024-01-22 17:35:31,1.33,0.52
2024-01-22 17:37:58,1.25,0.3
2024-01-22 17:40:24,1.13,0.43
2024-01-22 17:42:50,0.93,0.2
2024-01-22 17:45:16,0.82,0.1
2024-01-22 17:47:42,1.38,0.35
2024-01-22 17:50:08,1.02,0.3
2024-01-22 17:52:34,0.75,0.13
2024-01-22 17:55:00,0.8,0.1
2024-01-22 17:57:28,1.02,0.32
2024-01-22 17:59:54,1.0,0.55
2024-01-22 18:02:20,1.17,0.5
2024-01-22 18:04:46,1.05,0.38
2024-01-22 18:07:12,1.02,0.3
2024-01-22 18:09:38,1.23,0.2
2024-01-22 18:12:04,1.25,0.52
2024-01-22 18:14:30,1.15,0.25
2024-01-22 18:16:56,0.6,0.1
2024-01-22 18:19:23,0.65,0.1
2024-01-22 18:21:49,1.2,0.3
2024-01-22 18:24:15,0.7,0.1
2024-01-22 18:26:41,1.35,0.52
2024-01-22 18:29:09,0.88,0.2
2024-01-22 18:31:35,1.05,0.2
2024-01-22 18:34:01,0.82,0.1
2024-01-22 18:36:28,0.9,0.15
2024-01-22 18:38:54,1.1,0.17
2024-01-22 18:41:29,0.6,0.1
2024-01-22 18:43:55,1.48,0.73
2024-01-22 18:46:21,0.95,0.3
2024-01-22 18:48:48,0.85,0.15
2024-01-22 18:51:14,1.45,0.32
2024-01-22 18:53:40,0.82,0.1
2024-01-22 18:56:06,0.8,0.2
2024-01-22 18:58:32,0.73,0.1
2024-01-22 19:01:02,1.05,0.43
2024-01-22 19:03:28,0.95,0.2
2024-01-22 19:05:56,1.15,0.43
2024-01-22 19:08:27,0.9,0.1
2024-01-22 19:10:53,0.85,0.1
2024-01-22 19:13:19,1.17,0.4
2024-01-22 19:15:45,1.27,0.47
2024-01-22 19:18:11,1.38,0.77
2024-01-22 19:20:37,1.1,0.6
2024-01-22 19:23:04,1.42,0.35
2024-01-22 19:25:30,1.05,0.32
2024-01-22 19:27:57,1.25,0.45
2024-01-22 19:30:24,0.8,0.1
2024-01-22 19:32:50,0.9,0.2
2024-01-22 19:35:16,1.4,0.6
2024-01-22 19:37:43,1.05,0.2
2024-01-22 19:40:10,0.95,0.13
2024-01-22 19:42:37,0.82,0.13
2024-01-22 19:45:04,0.98,0.25
2024-01-22 19:47:30,0.6,0.1
2024-01-22 19:49:56,1.0,0.3
2024-01-22 19:52:22,0.5,0.1
2024-01-22 19:54:49,0.8,0.1
2024-01-22 19:57:15,1.52,0.68
2024-01-22 19:59:41,0.73,0.1
2024-01-22 20:02:07,0.98,0.2
2024-01-22 20:04:33,0.7,0.1
2024-01-22 20:06:59,1.23,0.25
2024-01-22 20:09:26,0.63,0.1
2024-01-22 20:11:52,0.9,0.1
2024-01-22 20:14:18,1.4,0.7
2024-01-22 20:16:44,0.75,0.1
2024-01-22 20:19:10,0.8,0.1
2024-01-22 20:21:40,1.1,0.2
2024-01-22 20:24:06,0.88,0.15
2024-01-22 20:26:33,0.8,0.1
2024-01-22 20:29:00,1.48,0.47
2024-01-22 20:31:26,0.85,0.15
2024-01-22 20:33:52,1.0,0.3
2024-01-22 20:36:22,1.02,0.15
2024-01-22 20:38:48,0.77,0.1
2024-01-22 20:41:14,1.38,0.47
2024-01-22 20:43:40,1.05,0.2
2024-01-22 20:46:06,1.2,0.25
2024-01-22 20:48:33,1.1,0.3
2024-01-22 20:50:59,1.13,0.2
2024-01-22 20:53:25,1.33,0.52
2024-01-22 20:55:51,1.23,0.32
2024-01-22 20:58:17,1.0,0.28
2024-01-22 21:00:48,1.17,0.22
2024-01-22 21:03:15,1.0,0.4
2024-01-22 21:05:41,0.68,0.1
2024-01-22 21:08:07,0.9,0.1
2024-01-22 21:10:34,0.95,0.13
2024-01-22 21:13:00,1.6,0.45
2024-01-22 21:15:26,1.23,0.4
2024-01-22 21:17:53,1.1,0.2
2024-01-22 21:20:19,1.45,0.82
2024-01-22 21:22:47,0.7,0.13
2024-01-22 21:25:15,1.0,0.38
2024-01-22 21:27:49,0.95,0.17
2024-01-22 21:30:15,0.73,0.1
2024-01-22 21:32:41,0.8,0.1
2024-01-22 21:35:07,1.27,0.3
2024-01-22 21:37:33,1.05,0.2
2024-01-22 21:39:59,1.15,0.35
2024-01-22 21:42:25,1.0,0.2
2024-01-22 21:44:51,0.98,0.3
2024-01-22 21:47:17,0.85,0.1
2024-01-22 21:49:43,1.0,0.28
2024-01-22 21:52:09,1.0,0.2
2024-01-22 21:54:37,0.93,0.2
2024-01-22 21:57:03,1.08,0.2
2024-01-22 21:59:29,1.25,0.45
2024-01-22 22:01:56,0.9,0.1
2024-01-22 22:04:22,1.4,0.95
2024-01-22 22:06:48,0.98,0.35
2024-01-22 22:09:14,1.23,0.57
2024-01-22 22:11:42,1.2,0.43
2024-01-22 22:14:09,1.4,1.0
2024-01-22 22:16:36,1.27,0.38
2024-01-22 22:19:02,0.8,0.1
2024-01-22 22:21:28,0.93,0.2
2024-01-22 22:23:57,1.3,0.35
2024-01-22 22:26:24,1.27,0.8
2024-01-22 22:28:50,1.1,0.2
2024-01-22 22:31:17,0.9,0.1
2024-01-22 22:33:43,0.9,0.2
2024-01-22 22:36:13,1.05,0.3
2024-01-22 22:38:40,0.98,0.22
2024-01-22 22:41:06,0.85,0.2
2024-01-22 22:43:34,1.3,0.52
2024-01-22 22:46:00,1.0,0.2
2024-01-22 22:48:26,1.35,0.35
2024-01-22 22:50:52,1.1,0.3
2024-01-22 22:53:18,0.85,0.1
2024-01-22 22:55:44,0.95,0.45
2024-01-22 22:58:10,0.77,0.1
2024-01-22 23:00:36,1.23,0.43
2024-01-22 23:03:03,1.0,0.2
2024-01-22 23:05:29,1.08,0.2
2024-01-22 23:07:55,0.7,0.1
2024-01-22 23:10:22,1.2,0.2
2024-01-22 23:12:48,0.93,0.2
2024-01-22 23:15:14,1.48,0.65
2024-01-22 23:17:42,1.02,0.45
2024-01-22 23:20:08,1.23,0.3
2024-01-22 23:22:35,1.05,0.22
2024-01-22 23:25:02,0.8,0.1
2024-01-22 23:27:28,1.27,0.5
2024-01-22 23:29:55,1.13,0.5
2024-01-22 23:32:22,0.88,0.2
2024-01-22 23:34:48,1.33,0.57
2024-01-22 23:37:14,0.7,0.1
2024-01-22 23:39:40,1.2,0.47
2024-01-22 23:42:06,1.38,0.4
2024-01-22 23:44:33,0.6,0.1
2024-01-22 23:46:59,0.85,0.2
2024-01-22 23:49:25,1.17,0.5
2024-01-22 23:51:53,0.63,0.1
2024-01-22 23:54:19,1.0,0.2
2024-01-22 23:56:45,1.38,0.63
2024-01-22 23:59:11,1.05,0.22
2024-01-23 00:01:42,0.95,0.25
2024-01-23 00:04:08,1.25,0.32
2024-01-23 00:06:34,0.93,0.2
2024-01-23 00:09:00,0.88,0.13
2024-01-23 00:11:26,0.77,0.15
2024-01-23 00:13:52,1.27,0.45
2024-01-23 00:16:18,1.0,0.2
2024-01-23 00:18:44,0.7,0.1
2024-01-23 00:21:10,0.63,0.1
2024-01-23 00:23:36,0.88,0.17
2024-01-23 00:26:02,1.6,0.5
2024-01-23 00:28:28,1.0,0.2
2024-01-23 00:30:55,1.1,0.6
2024-01-23 00:33:21,1.3,0.65
2024-01-23 00:35:47,1.3,0.3
2024-01-23 00:38:13,1.63,1.08
2024-01-23 00:40:39,1.05,0.3
2024-01-23 00:43:05,1.25,0.3
2024-01-23 00:45:31,1.05,0.35
2024-01-23 00:47:57,0.93,0.2
2024-01-23 00:50:23,0.8,0.1
2024-01-23 00:52:51,1.65,0.73
2024-01-23 00:55:17,1.05,0.63
2024-01-23 00:57:43,0.93,0.1
2024-01-23 01:00:09,1.17,0.3
2024-01-23 01:02:35,1.1,0.2
2024-01-23 01:05:01,1.15,0.63
2024-01-23 01:07:28,1.25,0.3
2024-01-23 01:09:54,1.25,0.38
2024-01-23 01:12:20,0.7,0.1
2024-01-23 01:14:46,0.8,0.1
2024-01-23 01:17:12,1.02,0.2
2024-01-23 01:19:38,1.0,0.2
2024-01-23 01:22:05,0.8,0.1
2024-01-23 01:24:31,1.17,0.43
2024-01-23 01:26:57,0.95,0.2
2024-01-23 01:29:23,1.2,0.2
2024-01-23 01:31:49,0.8,0.1
2024-01-23 01:34:15,0.98,0.15
2024-01-23 01:36:41,0.73,0.1
2024-01-23 01:39:07,1.05,0.2
2024-01-23 01:41:37,0.82,0.15
2024-01-23 01:44:03,1.0,0.25
2024-01-23 01:46:30,1.05,0.2
2024-01-23 01:48:56,0.98,0.28
2024-01-23 01:51:23,1.02,0.2
2024-01-23 01:53:50,0.95,0.2
2024-01-23 01:56:20,1.45,0.85
2024-01-23 01:58:48,1.2,0.43
2024-01-23 02:01:14,1.42,0.63
2024-01-23 02:03:40,1.2,0.45
2024-01-23 02:06:07,1.15,0.3
2024-01-23 02:08:34,1.02,0.22
2024-01-23 02:11:02,1.05,0.32
2024-01-23 02:13:28,0.93,0.2
2024-01-23 02:15:54,0.75,0.1
2024-01-23 02:18:20,0.82,0.1
2024-01-23 02:20:46,1.13,0.22
2024-01-23 02:23:16,0.7,0.1
2024-01-23 02:25:42,0.95,0.2
2024-01-23 02:28:09,1.17,0.43
2024-01-23 02:30:35,1.23,0.57
2024-01-23 02:33:02,1.3,0.3
2024-01-23 02:35:31,0.68,0.1
2024-01-23 02:37:57,0.98,0.3
2024-01-23 02:40:24,1.05,0.4
2024-01-23 02:42:50,0.98,0.2
2024-01-23 02:45:16,1.23,0.52
2024-01-23 02:47:42,0.7,0.1
2024-01-23 02:50:08,1.15,0.45
2024-01-23 02:52:34,0.9,0.1
2024-01-23 02:55:01,0.9,0.1
2024-01-23 02:57:27,0.9,0.13
2024-01-23 02:59:53,1.0,0.2
2024-01-23 03:02:20,1.38,0.3
2024-01-23 03:04:46,1.2,0.4
2024-01-23 03:07:12,1.17,0.45
2024-01-23 03:09:38,1.13,0.38
2024-01-23 03:12:21,1.2,0.43
2024-01-23 03:14:48,1.4,0.52
2024-01-23 03:17:15,0.73,0.1
2024-01-23 03:19:41,0.7,0.1
2024-01-23 03:22:08,0.98,0.2
2024-01-23 03:24:37,0.85,0.17
2024-01-23 03:27:03,1.02,0.3
2024-01-23 03:29:39,1.48,0.47
2024-01-23 03:32:06,0.8,0.1
2024-01-23 03:34:33,1.25,0.43
2024-01-23 03:36:59,1.35,0.47
2024-01-23 03:39:26,0.88,0.13
2024-01-23 03:41:52,0.98,0.2
2024-01-23 03:44:18,1.23,0.28
2024-01-23 03:46:46,1.23,0.35
2024-01-23 03:49:12,1.05,0.22
2024-01-23 03:51:38,0.75,0.1
2024-01-23 03:54:05,0.75,0.1
2024-01-23 03:56:31,1.0,0.2
2024-01-23 03:58:57,0.88,0.1
2024-01-23 04:01:23,1.23,0.38
2024-01-23 04:03:49,0.93,0.13
2024-01-23 04:06:15,1.1,0.2
2024-01-23 04:08:41,0.73,0.1
2024-01-23 04:11:07,0.98,0.3
2024-01-23 04:13:33,0.98,0.2
2024-01-23 04:15:59,0.82,0.15
2024-01-23 04:18:25,1.3,0.4
2024-01-23 04:20:51,1.05,0.7
2024-01-23 04:23:17,1.08,0.32
2024-01-23 04:25:43,0.9,0.1
2024-01-23 04:28:10,1.35,0.88
2024-01-23 04:30:36,0.7,0.1
2024-01-23 04:33:02,1.15,0.3
2024-01-23 04:35:28,1.4,0.4
2024-01-23 04:37:54,0.63,0.1
2024-01-23 04:40:20,0.95,0.2
2024-01-23 04:42:47,0.73,0.1
2024-01-23 04:45:13,1.1,0.3
2024-01-23 04:47:42,0.77,0.1
2024-01-23 04:50:08,0.98,0.3
2024-01-23 04:52:35,0.9,0.2
2024-01-23 04:55:01,0.82,0.1
2024-01-23 04:57:27,1.35,0.43
2024-01-23 04:59:59,0.6,0.1
2024-01-23 05:02:25,1.15,0.3
2024-01-23 05:04:51,0.7,0.1
2024-01-23 05:07:17,1.27,0.32
2024-01-23 05:09:44,1.33,0.38
2024-01-23 05:12:10,1.15,0.45
2024-01-23 05:14:36,1.2,0.35
2024-01-23 05:17:02,0.95,0.2
2024-01-23 05:19:29,1.33,0.93
2024-01-23 05:21:55,0.77,0.1
2024-01-23 05:24:21,1.0,0.2
2024-01-23 05:26:49,0.8,0.1
2024-01-23 05:29:15,0.98,0.22
2024-01-23 05:31:41,1.1,0.4
2024-01-23 05:34:07,1.35,0.4
2024-01-23 05:36:33,1.08,0.32
2024-01-23 05:38:59,0.9,0.1
2024-01-23 05:41:25,0.75,0.1
2024-01-23 05:43:51,0.95,0.25
2024-01-23 05:46:20,1.55,0.9
2024-01-23 05:48:46,1.27,0.65
2024-01-23 05:51:12,1.33,0.4
2024-01-23 05:53:38,0.9,0.1
2024-01-23 05:56:04,1.63,0.4
2024-01-23 05:58:30,1.27,0.3
2024-01-23 06:00:56,0.93,0.17
2024-01-23 06:03:23,0.63,0.1
2024-01-23 06:05:49,0.77,0.1
2024-01-23 06:08:15,1.08,0.28
2024-01-23 06:10:41,1.3,0.93
2024-01-23 06:13:07,0.8,0.1
2024-01-23 06:15:33,1.38,0.5
2024-01-23 06:17:59,1.02,0.4
2024-01-23 06:20:25,0.7,0.1
2024-01-23 06:22:51,1.38,0.4
2024-01-23 06:25:17,1.0,0.2
2024-01-23 06:27:43,1.27,0.3
2024-01-23 06:30:10,0.95,0.2
2024-01-23 06:32:38,1.42,1.08
2024-01-23 06:35:05,0.95,0.2
2024-01-23 06:37:31,0.98,0.2
2024-01-23 06:39:57,1.3,0.6
2024-01-23 06:42:23,1.25,0.35
2024-01-23 06:44:49,1.42,0.5
2024-01-23 06:47:15,1.23,0.38
2024-01-23 06:49:44,1.23,0.25
2024-01-23 06:52:10,0.88,0.1
2024-01-23 06:54:36,1.02,0.38
2024-01-23 06:57:02,1.0,0.2
2024-01-23 06:59:28,0.88,0.1
2024-01-23 07:01:54,1.05,0.3
2024-01-23 07:04:20,1.0,0.22
2024-01-23 07:06:47,1.42,0.65
2024-01-23 07:09:13,1.3,0.4
2024-01-23 07:11:39,0.93,0.15
2024-01-23 07:14:05,1.58,0.75
2024-01-23 07:16:31,1.38,0.45
2024-01-23 07:18:57,1.38,1.23
2024-01-23 07:21:23,1.15,0.3
2024-01-23 07:23:50,0.95,0.17
2024-01-23 07:26:16,0.9,0.17
2024-01-23 07:28:42,1.02,0.2
2024-01-23 07:31:08,1.0,0.22
2024-01-23 07:36:02,1.15,0.4
2024-01-23 07:38:28,1.4,0.4
2024-01-23 07:40:54,1.25,0.28
2024-01-23 07:43:26,0.9,0.1
2024-01-23 07:45:53,1.2,0.4
2024-01-23 07:48:19,1.17,0.35
2024-01-23 07:50:45,1.02,0.3
2024-01-23 07:53:12,1.0,0.17
2024-01-23 07:55:38,1.5,0.73
2024-01-23 07:58:04,0.98,0.32
2024-01-23 08:00:30,1.58,0.6
2024-01-23 08:02:56,0.8,0.1
2024-01-23 08:05:42,1.2,0.32
2024-01-23 08:08:08,0.88,0.1
2024-01-23 08:10:34,1.42,0.85
2024-01-23 08:13:01,0.88,0.2
2024-01-23 08:15:27,1.02,0.2
2024-01-23 08:17:53,1.0,0.2
2024-01-23 08:20:20,1.48,0.6
2024-01-23 08:22:46,1.5,0.47
2024-01-23 08:25:12,1.25,0.35
2024-01-23 08:27:38,1.3,0.43
2024-01-23 08:30:05,0.85,0.1
2024-01-23 08:32:31,1.2,0.3
2024-01-23 08:34:57,1.15,0.35
2024-01-23 08:37:26,1.35,0.6
2024-01-23 08:39:52,0.95,0.1
2024-01-23 08:42:19,1.1,0.3
2024-01-23 08:44:45,1.33,0.32
2024-01-23 08:47:17,1.52,0.63
2024-01-23 08:49:43,1.08,0.4
2024-01-23 08:52:12,1.23,0.3
2024-01-23 08:54:38,1.35,0.32
2024-01-23 08:57:05,0.98,0.2
2024-01-23 08:59:31,1.1,0.2
2024-01-23 09:01:57,1.15,0.3
2024-01-23 09:04:23,1.48,0.47
2024-01-23 09:06:49,1.1,0.3
2024-01-23 09:09:15,1.0,0.2
2024-01-23 09:11:41,1.02,0.2
2024-01-23 09:14:07,1.3,0.47
2024-01-23 09:16:33,1.4,0.28
2024-01-23 09:18:59,1.52,0.77
2024-01-23 09:21:25,1.45,1.05
2024-01-23 09:23:51,1.1,0.3
2024-01-23 09:26:17,1.05,0.28
2024-01-23 09:28:43,0.85,0.17
2024-01-23 09:31:09,1.88,0.2
2024-01-23 09:33:36,1.45,0.52
2024-01-23 09:36:02,1.35,0.2
2024-01-23 09:38:28,1.52,0.63
2024-01-23 09:43:22,1.02,0.2
2024-01-23 09:45:50,1.2,0.3
2024-01-23 09:48:16,0.8,0.1
2024-01-23 09:50:44,1.23,0.2
2024-01-23 09:53:11,1.17,0.3
2024-01-23 09:55:38,1.65,0.95
2024-01-23 09:58:04,1.48,0.63
2024-01-23 10:00:32,1.17,0.2
2024-01-23 10:02:59,0.65,0.1
2024-01-23 10:05:25,0.9,0.2
2024-01-23 10:07:51,0.98,0.25
2024-01-23 10:10:19,0.93,0.15
2024-01-23 10:12:45,1.42,0.85
2024-01-23 10:15:15,1.25,0.3
2024-01-23 10:17:43,1.02,0.2
2024-01-23 10:20:10,1.15,0.55
2024-01-23 10:22:36,1.08,0.2
2024-01-23 10:25:05,1.02,0.2
2024-01-23 10:27:32,1.17,0.17
2024-01-23 10:29:58,1.38,0.38
2024-01-23 10:32:25,1.42,0.65
2024-01-23 10:34:54,1.1,0.25
2024-01-23 10:37:20,0.95,0.15
2024-01-23 10:39:49,0.93,0.13
2024-01-23 10:42:16,1.08,0.2
2024-01-23 10:44:44,0.77,0.15
2024-01-23 10:47:10,1.27,0.3
2024-01-23 10:49:38,1.17,0.6
2024-01-23 10:52:04,0.95,0.2
2024-01-23 10:54:31,1.08,0.35
2024-01-23 10:56:58,1.15,0.47
2024-01-23 10:59:27,1.13,0.2
2024-01-23 11:02:04,0.93,0.2
2024-01-23 11:04:33,0.9,0.1
2024-01-23 11:07:03,1.05,0.32
2024-01-23 11:09:44,1.33,0.43
2024-01-23 11:12:19,1.08,0.3
2024-01-23 11:14:58,0.82,0.1
2024-01-23 11:17:25,0.95,0.28
2024-01-23 11:20:04,1.13,0.28
2024-01-23 11:22:32,1.2,0.3
2024-01-23 11:24:58,1.15,0.3
2024-01-23 11:27:25,1.25,0.47
2024-01-23 11:29:51,1.08,0.35
2024-01-23 11:34:44,1.33,0.77
2024-01-23 11:37:45,0.95,0.15
2024-01-23 11:40:03,0.98,0.52
2024-01-23 11:42:36,0.82,0.13
2024-01-23 11:50:13,1.38,0.4
2024-01-23 11:52:40,1.13,0.22
2024-01-23 11:55:09,0.82,0.17
2024-01-23 11:57:35,1.2,0.55
2024-01-23 12:00:01,1.2,0.3
2024-01-23 12:02:27,1.02,0.35
2024-01-23 12:04:55,1.25,0.45
2024-01-23 12:07:21,1.05,0.2
2024-01-23 12:09:47,1.38,0.55
2024-01-23 12:12:14,0.9,0.22
2024-01-23 12:14:40,1.05,0.35
2024-01-23 12:17:07,1.05,0.2
2024-01-23 12:19:44,1.33,0.2
2024-01-23 12:22:11,0.93,0.13
2024-01-23 12:24:38,1.25,0.5
2024-01-23 12:27:04,1.17,0.17
2024-01-23 12:29:30,1.15,0.22
2024-01-23 12:31:56,0.8,0.1
2024-01-23 12:34:22,1.15,0.28
2024-01-23 12:36:51,0.7,0.1
2024-01-23 12:39:17,1.38,0.57
2024-01-23 12:41:44,0.88,0.35
2024-01-23 12:44:10,1.58,0.43
2024-01-23 12:46:36,1.05,0.38
2024-01-23 12:49:06,1.02,0.2
2024-01-23 12:51:34,1.27,0.15
2024-01-23 12:54:00,0.93,0.17
2024-01-23 12:56:26,0.8,0.1
2024-01-23 12:58:52,1.17,0.57
2024-01-23 13:01:18,1.65,0.52
2024-01-23 13:03:45,1.45,0.77
2024-01-23 13:08:38,0.8,0.1
2024-01-23 13:11:07,1.02,0.15
2024-01-23 13:13:33,0.6,0.1
2024-01-23 13:15:59,0.98,0.1
2024-01-23 13:18:25,1.13,0.38
2024-01-23 13:20:52,1.38,0.85
2024-01-23 13:23:18,0.8,0.1
2024-01-23 13:25:44,1.13,0.15
2024-01-23 13:28:10,1.58,0.45
2024-01-23 13:30:36,0.9,0.2
2024-01-23 13:33:02,1.45,0.2
2024-01-23 13:35:29,1.05,0.15
2024-01-23 13:37:55,1.27,0.45
2024-01-23 13:40:21,1.45,0.38
2024-01-23 13:42:47,1.2,0.68
2024-01-23 13:45:15,1.25,0.55
2024-01-23 13:47:42,0.98,0.2
2024-01-23 13:52:35,1.55,0.93
2024-01-23 13:55:01,1.17,0.2
2024-01-23 13:57:30,1.25,0.2
2024-01-23 13:59:58,1.25,0.63
2024-01-23 14:02:24,1.25,0.28
2024-01-23 14:04:50,1.0,0.2
2024-01-23 14:07:16,0.8,0.1
2024-01-23 14:09:42,1.27,0.38
2024-01-23 14:12:09,1.38,0.55
2024-01-23 14:14:36,1.38,0.57
2024-01-23 14:17:02,1.05,0.25
2024-01-23 14:19:29,1.23,0.35
2024-01-23 14:21:55,1.27,0.32
2024-01-23 14:24:21,1.2,0.3
2024-01-23 14:26:47,1.73,1.33
2024-01-23 14:29:13,1.17,0.38
2024-01-23 14:31:39,0.98,0.13
2024-01-23 14:34:06,1.02,0.2
2024-01-23 14:36:32,1.2,0.45
2024-01-23 14:38:58,1.27,0.55
2024-01-23 14:41:24,1.05,0.1
2024-01-23 14:43:50,1.45,0.45
2024-01-23 14:46:16,1.1,0.25
2024-01-23 14:48:42,1.55,0.52
2024-01-23 14:51:08,0.88,0.38
2024-01-23 14:53:34,1.0,0.2
2024-01-23 14:56:00,1.0,0.52
2024-01-23 14:58:27,1.13,0.15
2024-01-23 15:00:53,1.08,0.2
2024-01-23 15:03:19,1.3,0.28
2024-01-23 15:05:45,1.05,0.2
2024-01-23 15:08:11,0.88,0.1
2024-01-23 15:10:37,0.9,0.1
2024-01-23 15:13:03,0.9,0.2
2024-01-23 15:15:30,1.73,0.2
2024-01-23 15:17:56,0.9,0.2
2024-01-23 15:20:22,0.9,0.1
2024-01-23 15:22:48,1.23,0.4
2024-01-23 15:25:14,1.08,0.28
2024-01-23 15:27:41,1.13,0.2
2024-01-23 15:30:07,0.93,0.1
2024-01-23 15:32:33,1.3,0.4
2024-01-23 15:34:59,1.25,0.25
2024-01-23 15:37:25,0.9,0.1
2024-01-23 15:39:52,0.98,0.22
2024-01-23 15:42:18,0.73,0.1
2024-01-23 15:44:44,1.05,0.2
2024-01-23 15:47:11,1.08,0.25
2024-01-23 15:49:37,0.6,0.1
2024-01-23 15:52:03,0.88,0.1
2024-01-23 15:54:29,0.6,0.1
2024-01-23 15:56:55,1.0,0.2
2024-01-23 15:59:21,0.7,0.1
2024-01-23 16:01:47,1.42,0.5
2024-01-23 16:04:15,1.1,0.2
2024-01-23 16:09:08,1.33,0.43
2024-01-23 16:11:35,0.68,0.1
2024-01-23 16:14:01,1.33,0.47
2024-01-23 16:16:27,0.88,0.1
2024-01-23 16:18:53,1.5,0.5
2024-01-23 16:21:19,1.35,0.55
2024-01-23 16:23:45,0.9,0.22
2024-01-23 16:26:13,1.33,0.75
2024-01-23 16:28:40,1.73,0.65
2024-01-23 16:31:06,1.02,0.2
2024-01-23 16:33:32,1.45,0.75
2024-01-23 16:35:58,1.2,0.2
2024-01-23 16:38:24,0.98,0.1
2024-01-23 16:40:50,1.02,0.17
2024-01-23 16:43:16,1.15,0.4
2024-01-23 16:45:42,1.25,0.28
2024-01-23 16:48:08,1.25,0.55
2024-01-23 16:50:34,0.77,0.1
2024-01-23 16:53:01,1.08,0.25
2024-01-23 16:55:27,1.42,0.17
2024-01-23 16:57:53,1.17,0.3
2024-01-23 17:00:19,1.15,0.2
2024-01-23 17:02:46,0.9,0.1
2024-01-23 17:05:15,1.1,0.17
2024-01-23 17:07:41,1.05,0.35
2024-01-23 17:10:07,1.48,0.63
2024-01-23 17:12:33,1.17,0.17
2024-01-23 17:14:59,1.13,0.17
2024-01-23 17:17:25,0.85,0.2
2024-01-23 17:19:51,1.1,0.25
2024-01-23 17:22:17,1.25,0.3
2024-01-23 17:24:44,1.6,0.7
2024-01-23 17:27:10,1.52,0.43
2024-01-23 17:29:37,1.13,0.3
2024-01-23 17:32:04,1.3,0.82
2024-01-23 17:34:31,1.45,0.4
2024-01-23 17:36:57,1.25,0.35
2024-01-23 17:39:23,1.13,0.25
2024-01-23 17:41:49,1.3,0.45
2024-01-23 17:44:15,1.35,0.43
2024-01-23 17:46:41,1.6,0.55
2024-01-23 17:49:09,0.95,0.17
2024-01-23 17:51:35,0.93,0.15
2024-01-23 17:54:02,1.15,0.22
2024-01-23 17:56:30,1.25,0.7
2024-01-23 17:59:02,0.95,0.17
2024-01-23 18:01:29,0.7,0.1
2024-01-23 18:03:55,1.8,0.22
2024-01-23 18:06:23,0.8,0.17
2024-01-23 18:08:49,1.02,0.17
2024-01-23 18:11:15,1.02,0.2
2024-01-23 18:13:41,1.05,0.28
2024-01-23 18:16:07,0.95,0.17
2024-01-23 18:18:34,1.13,0.25
2024-01-23 18:21:00,1.4,0.43
2024-01-23 18:23:26,1.27,0.47
2024-01-23 18:25:52,1.13,0.22
2024-01-23 18:28:18,1.25,0.43
2024-01-23 18:30:44,1.3,0.2
2024-01-23 18:33:10,1.15,0.25
2024-01-23 18:35:36,0.98,0.17
2024-01-23 18:38:02,0.85,0.1
2024-01-23 18:40:29,0.98,0.1
2024-01-23 18:42:55,1.23,0.38
2024-01-23 18:45:21,2.38,0.57
2024-01-23 18:47:47,1.02,0.22
2024-01-23 18:50:13,1.05,0.35
2024-01-23 18:52:39,0.85,0.13
2024-01-23 18:55:06,1.3,0.28
2024-01-23 18:57:32,1.0,0.28
2024-01-23 19:00:01,0.9,0.15
2024-01-23 19:02:27,0.75,0.1
2024-01-23 19:04:53,1.08,0.3
2024-01-23 19:07:19,0.88,0.32
2024-01-23 19:09:45,0.98,0.4
2024-01-23 19:12:11,1.6,0.52
2024-01-23 19:14:41,0.8,0.1
2024-01-23 19:17:07,1.0,0.3
2024-01-23 19:19:33,1.2,0.63
2024-01-23 19:21:59,1.38,0.55
2024-01-23 19:24:25,1.08,0.22
2024-01-23 19:26:51,1.17,0.4
2024-01-23 19:29:18,0.8,0.1
2024-01-23 19:31:44,0.98,0.2
2024-01-23 19:34:11,0.93,0.22
2024-01-23 19:36:37,0.82,0.3
2024-01-23 19:39:03,1.45,0.57
2024-01-23 19:41:30,1.08,0.2
2024-01-23 19:43:56,1.05,0.2
2024-01-23 19:46:22,0.68,0.2
2024-01-23 19:48:49,0.95,0.15
2024-01-23 19:51:15,1.08,0.32
2024-01-23 19:53:42,1.42,0.65
2024-01-23 19:56:11,1.05,0.22
2024-01-23 19:58:38,0.82,0.17
2024-01-23 20:01:04,1.65,1.08
2024-01-23 20:03:30,0.85,0.15
2024-01-23 20:05:56,1.38,0.68
2024-01-23 20:08:22,0.9,0.2
2024-01-23 20:10:48,1.0,0.2
2024-01-23 20:13:14,1.25,0.43
2024-01-23 20:15:43,1.2,0.3
2024-01-23 20:18:09,1.1,0.3
2024-01-23 20:20:35,0.77,0.1
2024-01-23 20:23:01,0.82,0.1
2024-01-23 20:25:27,0.9,0.1
2024-01-23 20:27:53,1.0,0.2
2024-01-23 20:30:19,1.0,0.2
2024-01-23 20:32:46,0.7,0.1
2024-01-23 20:35:12,0.9,0.1
2024-01-23 20:37:38,0.8,0.1
2024-01-23 20:40:04,1.0,0.1
2024-01-23 20:42:30,1.05,0.28
2024-01-23 20:44:56,0.9,0.13
2024-01-23 20:47:23,1.02,0.2
2024-01-23 20:49:49,1.2,0.2
2024-01-23 20:52:18,0.8,0.1
2024-01-23 20:54:45,1.1,0.43
2024-01-23 20:57:11,0.93,0.2
2024-01-23 20:59:37,0.95,0.17
2024-01-23 21:02:03,0.8,0.1
2024-01-23 21:04:29,1.23,0.38
2024-01-23 21:06:56,1.27,0.47
2024-01-23 21:09:22,1.27,0.38
2024-01-23 21:11:48,1.2,0.32
2024-01-23 21:14:14,1.15,0.28
2024-01-23 21:16:47,1.15,0.38
2024-01-23 21:19:13,1.02,0.2
2024-01-23 21:21:40,1.08,0.38
2024-01-23 21:24:06,1.25,0.4
2024-01-23 21:26:32,0.9,0.1
2024-01-23 21:28:59,1.3,0.4
2024-01-23 21:31:26,1.35,0.55
2024-01-23 21:33:52,1.08,0.32
2024-01-23 21:36:18,1.2,0.68
2024-01-23 21:38:44,1.05,0.2
2024-01-23 21:41:10,1.08,0.2
2024-01-23 21:43:37,1.08,0.5
2024-01-23 21:46:03,1.25,0.88
2024-01-23 21:48:29,0.95,0.15
2024-01-23 21:50:57,0.7,0.1
2024-01-23 21:53:23,1.48,0.4
2024-01-23 21:55:49,1.17,0.2
2024-01-23 21:58:15,0.93,0.2
2024-01-23 22:00:41,0.9,0.2
2024-01-23 22:03:08,0.68,0.13
2024-01-23 22:05:34,0.85,0.17
2024-01-23 22:08:01,0.82,0.1
2024-01-23 22:10:27,0.88,0.1
2024-01-23 22:12:54,1.13,0.3
2024-01-23 22:15:20,0.9,0.13
2024-01-23 22:17:48,1.08,0.2
2024-01-23 22:20:15,0.75,0.1
2024-01-23 22:22:41,1.2,0.22
2024-01-23 22:25:07,1.02,0.28
2024-01-23 22:27:33,1.2,0.55
2024-01-23 22:29:59,1.38,0.43
2024-01-23 22:32:26,0.65,0.13
2024-01-23 22:34:52,1.27,0.35
2024-01-23 22:37:18,0.8,0.1
2024-01-23 22:39:44,1.25,0.52
2024-01-23 22:42:10,1.0,0.1
2024-01-23 22:44:36,0.88,0.1
2024-01-23 22:47:04,1.2,0.4
2024-01-23 22:49:30,1.15,0.22
2024-01-23 22:51:56,1.17,0.38
2024-01-23 22:54:22,1.13,0.4
2024-01-23 22:56:48,0.85,0.25
2024-01-23 22:59:14,0.9,0.15
2024-01-23 23:01:42,0.93,0.32
2024-01-23 23:04:08,0.8,0.1
2024-01-23 23:06:34,1.4,0.52
2024-01-23 23:09:00,1.4,0.4
2024-01-23 23:11:28,0.8,0.1
2024-01-23 23:13:54,1.15,0.5
2024-01-23 23:16:20,1.55,1.35
2024-01-23 23:18:46,1.02,0.25
2024-01-23 23:21:13,1.0,0.1
2024-01-23 23:23:39,1.17,0.5
2024-01-23 23:26:05,1.1,0.35
2024-01-23 23:28:31,1.3,0.4
2024-01-23 23:30:57,0.98,0.17
2024-01-23 23:33:25,0.95,0.2
2024-01-23 23:35:52,0.75,0.1
2024-01-23 23:38:18,0.95,0.2
2024-01-23 23:40:44,0.85,0.1
2024-01-23 23:43:10,0.95,0.57
2024-01-23 23:45:36,1.15,0.3
2024-01-23 23:48:02,1.2,0.4
2024-01-23 23:50:28,1.13,0.35
2024-01-23 23:52:54,0.98,0.22
2024-01-23 23:55:20,0.95,0.28
2024-01-23 23:57:46,1.23,0.3
2024-01-24 00:00:13,0.82,0.1
2024-01-24 00:02:39,0.9,0.1
2024-01-24 00:05:05,0.9,0.2
2024-01-24 00:07:31,0.9,0.1
2024-01-24 00:09:57,0.95,0.2
2024-01-24 00:12:23,1.1,0.28
2024-01-24 00:14:49,0.95,0.2
2024-01-24 00:17:16,0.73,0.1
2024-01-24 00:19:42,0.8,0.1
2024-01-24 00:22:08,1.13,0.43
2024-01-24 00:24:36,0.88,0.1
2024-01-24 00:27:02,0.9,0.1
2024-01-24 00:29:28,1.38,0.88
2024-01-24 00:31:55,1.0,0.2
2024-01-24 00:34:21,1.42,0.6
2024-01-24 00:36:47,1.15,0.45
2024-01-24 00:39:16,1.25,0.7
2024-01-24 00:41:43,1.05,0.2
2024-01-24 00:44:09,1.33,0.73
2024-01-24 00:46:35,0.98,0.17
2024-01-24 00:49:08,1.0,0.2
2024-01-24 00:51:34,1.25,0.22
2024-01-24 00:54:00,0.7,0.1
2024-01-24 00:56:26,0.9,0.22
2024-01-24 00:58:52,0.95,0.17
2024-01-24 01:01:19,0.85,0.15
2024-01-24 01:03:45,1.42,0.45
2024-01-24 01:06:11,0.9,0.2
2024-01-24 01:08:37,1.25,0.43
2024-01-24 01:11:03,0.9,0.17
2024-01-24 01:13:30,0.95,0.15
2024-01-24 01:15:58,0.93,0.13
2024-01-24 01:18:24,1.42,0.65
2024-01-24 01:20:50,0.8,0.1
2024-01-24 01:23:16,1.02,0.15
2024-01-24 01:25:43,0.95,0.17
2024-01-24 01:28:09,1.0,0.2
2024-01-24 01:30:35,1.13,0.43
2024-01-24 01:33:01,1.25,0.52
2024-01-24 01:35:27,0.98,0.2
2024-01-24 01:37:53,0.75,0.1
2024-01-24 01:40:19,0.88,0.17
2024-01-24 01:42:45,0.77,0.1
2024-01-24 01:45:12,1.3,0.3
2024-01-24 01:47:38,1.08,0.2
2024-01-24 01:50:08,0.93,0.22
2024-01-24 01:52:39,1.42,0.65
2024-01-24 01:55:06,1.13,0.28
2024-01-24 01:57:33,1.2,0.65
2024-01-24 01:59:59,1.17,0.68
2024-01-24 02:02:25,0.8,0.1
2024-01-24 02:04:52,1.1,0.52
2024-01-24 02:07:18,1.17,0.38
2024-01-24 02:09:44,1.08,0.32
2024-01-24 02:12:10,0.95,0.28
2024-01-24 02:14:36,1.2,0.28
2024-01-24 02:17:02,1.42,0.7
2024-01-24 02:19:28,1.13,0.45
2024-01-24 02:21:54,1.25,0.4
2024-01-24 02:24:20,1.1,0.2
2024-01-24 02:26:47,1.0,0.2
2024-01-24 02:29:13,1.42,0.4
2024-01-24 02:31:39,0.77,0.2
2024-01-24 02:34:06,0.8,0.1
2024-01-24 02:36:32,1.6,1.5
2024-01-24 02:38:58,1.13,0.4
2024-01-24 02:41:24,1.33,0.32
2024-01-24 02:43:50,0.82,0.2
2024-01-24 02:46:16,1.25,0.88
2024-01-24 02:48:42,1.3,0.73
2024-01-24 02:51:08,1.55,0.47
2024-01-24 02:53:34,0.95,0.2
2024-01-24 02:56:00,0.9,0.2
2024-01-24 02:58:27,0.77,0.15
2024-01-24 03:00:53,1.1,0.22
2024-01-24 03:03:19,1.05,0.4
2024-01-24 03:05:46,1.05,0.25
2024-01-24 03:08:12,0.7,0.1
2024-01-24 03:10:38,0.7,0.1
2024-01-24 03:13:04,0.95,0.13
2024-01-24 03:15:30,0.73,0.1
2024-01-24 03:17:56,0.88,0.22
2024-01-24 03:20:22,2.25,2.15
2024-01-24 03:22:48,1.27,0.32
2024-01-24 03:25:14,0.85,0.3
2024-01-24 03:27:43,0.88,0.15
2024-01-24 03:30:10,1.05,0.4
2024-01-24 03:32:36,0.8,0.1
2024-01-24 03:35:02,0.75,0.1
2024-01-24 03:37:28,0.8,0.15
2024-01-24 03:39:54,0.8,0.1
2024-01-24 03:42:20,1.23,0.45
2024-01-24 03:44:46,0.8,0.1
2024-01-24 03:47:12,1.5,0.45
2024-01-24 03:49:38,0.95,0.2
2024-01-24 03:52:05,0.85,0.2
2024-01-24 03:54:31,1.2,0.6
2024-01-24 03:56:57,0.75,0.1
2024-01-24 03:59:23,0.95,0.25
2024-01-24 04:01:49,0.75,0.1
2024-01-24 04:04:15,1.15,0.52
2024-01-24 04:06:41,1.45,0.63
2024-01-24 04:09:07,0.9,0.43
2024-01-24 04:11:33,0.8,0.1
2024-01-24 04:13:59,1.27,0.35
2024-01-24 04:16:26,0.75,0.1
2024-01-24 04:18:53,0.8,0.22
2024-01-24 04:21:19,1.05,0.43
2024-01-24 04:23:45,1.2,0.55
2024-01-24 04:26:11,1.13,0.28
2024-01-24 04:28:37,0.75,0.1
2024-01-24 04:31:04,1.02,0.2
2024-01-24 04:33:30,1.02,0.2
2024-01-24 04:35:56,1.3,0.4
2024-01-24 04:38:22,0.93,0.2
2024-01-24 04:40:49,1.08,0.55
2024-01-24 04:43:15,1.02,0.4
2024-01-24 04:45:41,1.15,0.43
2024-01-24 04:48:07,1.27,0.2
2024-01-24 04:50:33,1.13,0.1
2024-01-24 04:52:59,1.4,0.98
2024-01-24 04:55:25,0.98,0.5
2024-01-24 04:57:51,1.08,0.32
2024-01-24 05:00:17,1.2,0.43
2024-01-24 05:02:44,0.82,0.13
2024-01-24 05:05:10,0.75,0.15
2024-01-24 05:07:36,0.93,0.2
2024-01-24 05:10:02,0.93,0.22
2024-01-24 05:12:29,1.45,0.2
2024-01-24 05:14:56,0.93,0.2
2024-01-24 05:17:22,1.13,0.5
2024-01-24 05:19:48,1.27,0.4
2024-01-24 05:22:14,1.08,0.2
2024-01-24 05:24:45,1.25,0.22
2024-01-24 05:27:11,1.48,0.88
2024-01-24 05:29:37,0.9,0.3
2024-01-24 05:32:04,1.2,0.6
2024-01-24 05:34:30,0.88,0.17
2024-01-24 05:36:56,1.05,0.1
2024-01-24 05:39:23,1.0,0.2
2024-01-24 05:41:49,0.85,0.15
2024-01-24 05:44:16,1.0,0.25
2024-01-24 05:46:42,0.63,0.1
2024-01-24 05:49:08,1.13,0.2
2024-01-24 05:51:34,1.38,0.43
2024-01-24 05:54:00,1.3,0.3
2024-01-24 05:56:26,1.05,0.2
2024-01-24 05:58:52,1.55,0.3
2024-01-24 06:01:18,0.9,0.1
2024-01-24 06:03:44,1.05,0.28
2024-01-24 06:06:10,1.65,0.43
2024-01-24 06:08:36,0.85,0.1
2024-01-24 06:11:02,1.0,0.2
2024-01-24 06:13:29,1.0,0.2
2024-01-24 06:15:56,0.9,0.22
2024-01-24 06:18:22,1.23,0.35
2024-01-24 06:20:48,1.25,0.63
2024-01-24 06:23:14,0.77,0.1
2024-01-24 06:25:40,0.95,0.2
2024-01-24 06:28:07,1.27,0.43
2024-01-24 06:30:33,0.93,0.1
2024-01-24 06:32:59,0.88,0.1
2024-01-24 06:35:26,1.65,0.4
2024-01-24 06:37:52,0.8,0.1
2024-01-24 06:40:18,0.88,0.1
2024-01-24 06:42:45,1.27,0.28
2024-01-24 06:45:11,1.65,0.17
2024-01-24 06:47:37,1.23,0.32
2024-01-24 06:50:04,1.4,0.3
2024-01-24 06:52:32,0.95,0.2
2024-01-24 06:54:58,1.15,0.3
2024-01-24 06:57:24,0.7,0.1
2024-01-24 06:59:51,0.9,0.2
2024-01-24 07:02:18,1.48,0.47
2024-01-24 07:04:44,1.3,0.4
2024-01-24 07:07:10,1.25,0.43
2024-01-24 07:09:36,1.15,0.4
2024-01-24 07:12:02,1.05,0.3
2024-01-24 07:14:29,1.35,0.3
2024-01-24 07:16:55,0.8,0.1
2024-01-24 07:19:21,1.02,0.3
2024-01-24 07:21:47,0.93,0.2
2024-01-24 07:24:13,1.35,0.6
2024-01-24 07:26:39,0.73,0.13
2024-01-24 07:29:06,0.95,0.15
2024-01-24 07:31:32,0.68,0.1
2024-01-24 07:33:58,0.7,0.1
2024-01-24 07:36:24,1.05,0.25
2024-01-24 07:38:51,1.1,0.47
2024-01-24 07:41:18,1.42,0.52
2024-01-24 07:43:44,1.2,0.3
2024-01-24 07:46:10,1.27,0.5
2024-01-24 07:48:36,0.68,0.1
2024-01-24 07:51:03,0.9,0.3
2024-01-24 07:53:29,0.8,0.1
2024-01-24 07:55:55,1.1,0.43
2024-01-24 07:58:22,1.08,0.2
2024-01-24 08:00:48,0.77,0.1
2024-01-24 08:03:14,1.02,0.32
2024-01-24 08:05:41,0.7,0.1
2024-01-24 08:08:08,1.35,0.45
2024-01-24 08:10:34,0.9,0.1
2024-01-24 08:13:00,1.08,0.38
2024-01-24 08:15:26,1.3,0.45
2024-01-24 08:17:52,1.17,0.3
2024-01-24 08:20:18,0.75,0.1
2024-01-24 08:22:46,1.08,0.3
2024-01-24 08:25:13,0.98,0.2
2024-01-24 08:27:39,1.27,0.5
2024-01-24 08:30:05,0.9,0.1
2024-01-24 08:32:32,0.9,0.2
2024-01-24 08:34:58,1.48,0.7
2024-01-24 08:37:24,1.2,0.3
2024-01-24 08:39:50,1.35,0.43
2024-01-24 08:42:16,1.42,0.4
2024-01-24 08:44:42,0.9,0.2
2024-01-24 08:47:08,0.82,0.35
2024-01-24 08:49:34,1.13,0.2
2024-01-24 08:52:00,0.9,0.1
2024-01-24 08:54:27,1.1,0.32
2024-01-24 08:56:53,1.5,0.5
2024-01-24 08:59:19,1.05,0.3
2024-01-24 09:01:45,1.27,0.45
2024-01-24 09:04:11,1.1,0.2
2024-01-24 09:06:37,1.0,0.2
2024-01-24 09:09:04,0.9,0.13
2024-01-24 09:11:31,1.05,0.3
2024-01-24 09:13:57,1.2,0.3
2024-01-24 09:16:24,1.23,0.38
2024-01-24 09:18:50,1.85,0.2
2024-01-24 09:21:16,1.0,0.2
2024-01-24 09:23:42,1.3,0.52
2024-01-24 09:26:08,1.13,0.4
2024-01-24 09:28:34,1.3,0.38
2024-01-24 09:31:00,1.23,0.22
2024-01-24 09:33:26,1.1,0.35
2024-01-24 09:35:52,1.35,0.28
2024-01-24 09:38:18,1.08,0.2
2024-01-24 09:40:44,1.23,0.45
2024-01-24 09:43:10,1.13,0.3
2024-01-24 09:45:38,0.93,0.22
2024-01-24 09:48:06,1.1,0.2
2024-01-24 09:50:35,1.2,0.2
2024-01-24 09:53:04,0.9,0.1
2024-01-24 09:55:32,0.9,0.2
2024-01-24 09:57:59,1.38,0.5
2024-01-24 10:00:25,1.15,0.45
2024-01-24 10:02:51,1.52,0.95
2024-01-24 10:05:18,0.8,0.1
2024-01-24 10:07:44,1.02,0.22
2024-01-24 10:10:11,1.13,0.28
2024-01-24 10:12:40,0.85,0.17
2024-01-24 10:15:07,1.25,0.3
2024-01-24 10:17:33,0.82,0.17
2024-01-24 10:19:59,0.7,0.1
2024-01-24 10:22:26,1.35,0.73
2024-01-24 10:24:55,1.35,0.5
2024-01-24 10:27:21,1.42,0.43
2024-01-24 10:29:47,1.25,0.45
2024-01-24 10:32:13,1.1,0.2
2024-01-24 10:34:39,1.1,0.3
2024-01-24 10:37:05,1.1,0.2
2024-01-24 10:39:33,1.35,0.63
2024-01-24 10:42:01,0.95,0.5
2024-01-24 10:44:29,1.08,0.28
2024-01-24 10:46:57,1.3,0.43
2024-01-24 10:49:23,1.23,0.55
2024-01-24 10:51:50,0.88,0.1
2024-01-24 10:54:16,1.17,0.2
2024-01-24 10:56:45,0.9,0.1
2024-01-24 10:59:15,1.23,0.22
2024-01-24 11:01:41,1.33,0.45
2024-01-24 11:04:07,0.98,0.2
2024-01-24 11:09:34,1.23,0.38
2024-01-24 11:11:53,0.82,0.1
2024-01-24 11:14:31,1.4,0.43
2024-01-24 11:16:58,1.08,0.2
2024-01-24 11:19:24,1.27,0.38
2024-01-24 11:21:55,0.85,0.15
2024-01-24 11:27:26,0.8,0.1
2024-01-24 11:29:53,0.82,0.1
2024-01-24 11:37:49,0.9,0.2
2024-01-24 11:40:15,1.08,0.4
2024-01-24 11:42:52,0.95,0.17
2024-01-24 11:45:18,2.25,0.17
2024-01-24 11:47:49,1.25,0.63
2024-01-24 11:50:15,1.0,0.25
2024-01-24 11:52:41,1.33,0.4
2024-01-24 11:55:09,1.45,0.6
2024-01-24 11:57:36,1.13,0.25
2024-01-24 12:00:02,1.15,0.2
2024-01-24 12:02:31,1.35,0.35
2024-01-24 12:04:57,1.02,0.2
2024-01-24 12:07:23,1.13,0.3
2024-01-24 12:09:49,1.38,0.43
2024-01-24 12:12:15,1.23,0.52
2024-01-24 12:14:42,1.45,0.2
2024-01-24 12:17:09,1.02,0.43
2024-01-24 12:19:35,1.25,0.38
2024-01-24 12:22:04,1.15,0.28
2024-01-24 12:24:36,1.0,0.2
2024-01-24 12:27:02,1.13,0.3
2024-01-24 12:29:28,1.3,0.55
2024-01-24 12:31:58,0.88,0.1
2024-01-24 12:34:27,1.2,0.3
2024-01-24 12:36:53,1.25,0.3
2024-01-24 12:39:32,1.35,0.4
2024-01-24 12:41:59,1.0,0.47
2024-01-24 12:44:26,0.73,0.13
2024-01-24 12:46:55,0.8,0.1
2024-01-24 12:49:25,1.1,0.22
2024-01-24 12:51:52,1.15,0.35
2024-01-24 12:54:18,1.77,0.35
2024-01-24 12:56:48,1.55,0.2
2024-01-24 12:59:14,0.85,0.2
2024-01-24 13:01:41,1.08,0.2
2024-01-24 13:04:07,1.33,0.45
2024-01-24 13:06:33,1.15,0.22
2024-01-24 13:09:01,1.08,0.3
2024-01-24 13:11:30,1.0,0.2
2024-01-24 13:13:56,1.25,0.3
2024-01-24 13:16:22,1.05,0.3
2024-01-24 13:18:48,1.23,0.3
2024-01-24 13:21:14,1.08,0.2
2024-01-24 13:23:40,1.0,0.2
2024-01-24 13:26:07,1.02,0.22
2024-01-24 13:28:33,1.3,0.47
2024-01-24 13:30:59,1.3,0.75
2024-01-24 13:33:25,0.8,0.1
2024-01-24 13:35:52,1.4,0.4
2024-01-24 13:38:18,1.6,0.22
2024-01-24 13:40:44,1.92,0.28
2024-01-24 13:43:10,1.08,0.2
2024-01-24 13:45:36,1.13,0.2
2024-01-24 13:48:02,0.85,0.1
2024-01-24 13:50:29,1.23,0.32
2024-01-24 13:52:55,0.88,0.17
2024-01-24 13:55:21,1.02,0.2
2024-01-24 13:57:47,1.15,0.38
2024-01-24 14:00:15,1.52,0.2
2024-01-24 14:02:41,0.85,0.1
2024-01-24 14:05:08,0.8,0.1
2024-01-24 14:07:36,0.77,0.1
2024-01-24 14:10:03,0.6,0.1
2024-01-24 14:12:30,1.1,0.4
2024-01-24 14:14:56,1.02,0.2
2024-01-24 14:17:22,1.33,0.38
2024-01-24 14:19:48,1.25,0.28
2024-01-24 14:22:14,1.33,0.73
2024-01-24 14:24:40,1.42,0.73
2024-01-24 14:27:07,1.27,0.38
2024-01-24 14:29:33,1.0,0.15
2024-01-24 14:31:59,1.3,0.52
2024-01-24 14:34:25,0.85,0.13
2024-01-24 14:36:51,1.23,0.2
2024-01-24 14:39:17,1.33,0.3
2024-01-24 14:41:43,0.9,0.1
2024-01-24 14:44:09,1.65,0.6
2024-01-24 14:46:35,0.9,0.22
2024-01-24 14:49:01,0.95,0.15
2024-01-24 14:51:27,1.15,0.3
2024-01-24 14:53:53,0.93,0.2
2024-01-24 14:56:19,1.33,0.5
2024-01-24 14:58:45,1.2,0.28
2024-01-24 15:01:11,1.2,0.2
2024-01-24 15:03:37,1.08,0.2
2024-01-24 15:06:04,1.08,0.22
2024-01-24 15:08:30,1.08,0.28
2024-01-24 15:10:56,1.1,0.35
2024-01-24 15:13:22,0.95,0.22
2024-01-24 15:15:48,1.25,0.32
2024-01-24 15:18:14,1.0,0.32
2024-01-24 15:20:40,0.98,0.2
2024-01-24 15:23:10,1.35,0.45
2024-01-24 15:25:37,1.17,0.3
2024-01-24 15:28:03,1.25,0.32
2024-01-24 15:30:29,1.1,0.2
2024-01-24 15:32:55,1.25,0.3
2024-01-24 15:35:21,1.5,0.2
2024-01-24 15:37:47,0.65,0.1
2024-01-24 15:40:13,1.2,0.1
2024-01-24 15:42:42,1.3,0.1
2024-01-24 15:45:08,1.13,0.2
2024-01-24 15:47:35,1.45,0.63
2024-01-24 15:50:01,1.15,0.2
2024-01-24 15:52:28,1.27,0.47
2024-01-24 15:54:54,1.48,0.2
2024-01-24 15:57:20,1.45,0.35
2024-01-24 15:59:46,0.82,0.1
2024-01-24 16:02:12,1.5,0.45
2024-01-24 16:04:40,0.6,0.1
2024-01-24 16:07:06,1.0,0.1
2024-01-24 16:09:32,1.42,0.73
2024-01-24 16:11:58,1.17,0.2
2024-01-24 16:14:24,1.65,0.75
2024-01-24 16:16:51,1.45,0.3
2024-01-24 16:19:19,0.98,0.2
2024-01-24 16:21:45,1.08,0.2
2024-01-24 16:24:17,1.45,0.55
2024-01-24 16:26:44,0.8,0.1
2024-01-24 16:29:10,0.82,0.3
2024-01-24 16:31:36,1.25,0.2
2024-01-24 16:34:02,1.2,0.28
2024-01-24 16:36:29,1.42,0.57
2024-01-24 16:38:55,1.13,0.22
2024-01-24 16:41:22,0.98,0.1
2024-01-24 16:43:48,1.25,0.4
2024-01-24 16:48:42,1.3,0.4
2024-01-24 16:51:11,1.1,0.2
2024-01-24 16:53:37,1.38,0.32
2024-01-24 16:56:05,1.27,0.22
2024-01-24 16:58:33,0.85,0.1
2024-01-24 17:00:59,1.1,0.2
2024-01-24 17:03:25,1.2,0.3
2024-01-24 17:05:52,1.25,0.55
2024-01-24 17:08:18,1.52,0.47
2024-01-24 17:10:45,1.4,0.5
2024-01-24 17:13:11,1.02,0.13
2024-01-24 17:15:37,1.15,0.3
2024-01-24 17:18:03,1.2,0.1
2024-01-24 17:20:29,0.73,0.1
2024-01-24 17:22:55,1.15,0.47
2024-01-24 17:25:24,1.65,0.55
2024-01-24 17:27:50,0.95,0.15
2024-01-24 17:30:16,0.93,0.1
2024-01-24 17:32:43,0.82,0.1
2024-01-24 17:35:09,1.17,0.2
2024-01-24 17:37:35,1.0,0.2
2024-01-24 17:40:02,1.35,0.28
2024-01-24 17:42:28,1.0,0.2
2024-01-24 17:44:54,1.0,0.17
2024-01-24 17:47:20,1.23,0.3
2024-01-24 17:49:48,1.08,0.25
2024-01-24 17:52:14,1.45,0.5
2024-01-24 17:54:40,1.27,0.35
2024-01-24 17:57:06,0.6,0.1
2024-01-24 17:59:32,1.45,0.25
2024-01-24 18:01:58,1.17,0.3
2024-01-24 18:04:24,1.17,0.22
2024-01-24 18:06:50,1.1,0.22
2024-01-24 18:09:16,2.78,1.27
2024-01-24 18:11:43,0.85,0.1
2024-01-24 18:14:09,0.85,0.1
2024-01-24 18:16:35,1.75,0.7
2024-01-24 18:19:01,1.35,0.45
2024-01-24 18:21:27,1.45,0.25
2024-01-24 18:23:54,1.3,0.43
2024-01-24 18:26:21,1.27,0.38
2024-01-24 18:28:47,1.15,0.25
2024-01-24 18:31:15,1.27,0.28
2024-01-24 18:33:41,1.15,0.35
2024-01-24 18:36:07,1.13,0.2
2024-01-24 18:38:36,0.93,0.2
2024-01-24 18:41:06,0.9,0.1
2024-01-24 18:43:32,1.13,0.25
2024-01-24 18:46:01,1.35,0.45
2024-01-24 18:48:27,1.4,0.77
2024-01-24 18:50:53,1.05,0.1
2024-01-24 18:53:19,1.23,0.73
2024-01-24 18:55:45,0.9,0.1
2024-01-24 18:58:11,1.05,0.22
2024-01-24 19:00:37,0.82,0.1
2024-01-24 19:03:04,1.2,0.52
2024-01-24 19:05:31,0.9,0.1
2024-01-24 19:07:57,1.23,0.22
2024-01-24 19:10:23,1.1,0.2
2024-01-24 19:12:49,1.15,0.4
2024-01-24 19:15:15,1.3,0.2
2024-01-24 19:17:41,1.08,0.22
2024-01-24 19:20:07,0.95,0.2
2024-01-24 19:22:33,1.13,0.22
2024-01-24 19:24:59,1.27,0.32
2024-01-24 19:27:26,0.9,0.13
2024-01-24 19:29:52,0.93,0.13
2024-01-24 19:32:18,1.15,0.28
2024-01-24 19:34:51,0.8,0.22
2024-01-24 19:37:17,1.2,0.32
2024-01-24 19:39:43,0.8,0.1
2024-01-24 19:42:09,1.42,0.47
2024-01-24 19:44:36,1.33,0.45
2024-01-24 19:47:02,1.25,0.32
2024-01-24 19:49:28,1.0,0.35
2024-01-24 19:51:54,0.8,0.1
2024-01-24 19:54:20,0.93,0.13
2024-01-24 19:56:46,1.17,0.65
2024-01-24 19:59:12,0.82,0.1
2024-01-24 20:01:38,0.8,0.1
2024-01-24 20:04:04,1.42,0.35
2024-01-24 20:06:30,1.33,0.32
2024-01-24 20:08:58,1.05,0.4
2024-01-24 20:11:24,0.88,0.1
2024-01-24 20:13:50,1.27,0.28
2024-01-24 20:16:16,0.75,0.1
2024-01-24 20:18:43,1.33,0.32
2024-01-24 20:21:09,1.23,0.2
2024-01-24 20:23:35,1.02,0.2
2024-01-24 20:26:01,1.35,0.47
2024-01-24 20:28:29,0.93,0.15
2024-01-24 20:30:56,0.9,0.1
2024-01-24 20:33:25,1.1,0.2
2024-01-24 20:35:51,1.45,0.43
2024-01-24 20:38:17,1.27,0.65
2024-01-24 20:40:44,1.02,0.2
2024-01-24 20:43:10,1.13,0.3
2024-01-24 20:45:36,1.25,0.43
2024-01-24 20:48:02,1.2,0.2
2024-01-24 20:50:29,1.08,0.1
2024-01-24 20:52:55,1.2,0.1
2024-01-24 20:55:21,1.17,0.25
2024-01-24 20:57:47,1.42,0.4
2024-01-24 21:00:13,1.0,0.15
2024-01-24 21:02:39,1.02,0.2
2024-01-24 21:05:05,1.08,0.22
2024-01-24 21:07:32,0.93,0.1
2024-01-24 21:09:58,1.3,0.3
2024-01-24 21:12:26,1.3,0.4
2024-01-24 21:15:01,1.38,0.5
2024-01-24 21:17:27,1.0,0.2
2024-01-24 21:19:53,1.83,0.68
2024-01-24 21:22:21,1.02,0.32
2024-01-24 21:24:47,0.8,0.1
2024-01-24 21:27:13,1.17,0.28
2024-01-24 21:29:39,0.8,0.1
2024-01-24 21:32:05,1.02,0.22
2024-01-24 21:34:31,1.38,0.3
2024-01-24 21:36:58,1.17,0.2
2024-01-24 21:39:25,1.3,0.3
2024-01-24 21:41:51,1.1,0.28
2024-01-24 21:44:17,1.33,0.6
2024-01-24 21:46:43,1.63,0.43
2024-01-24 21:49:09,1.35,0.3
2024-01-24 21:51:35,1.13,0.2
2024-01-24 21:54:01,1.02,0.2
2024-01-24 21:56:27,1.4,0.43
2024-01-24 21:58:53,1.02,0.25
2024-01-24 22:01:21,1.08,0.17
2024-01-24 22:03:47,1.27,0.28
2024-01-24 22:06:13,1.4,0.52
2024-01-24 22:08:39,1.27,0.2
2024-01-24 22:11:05,0.8,0.1
2024-01-24 22:13:31,1.23,0.32
2024-01-24 22:15:57,1.13,0.2
2024-01-24 22:18:24,0.98,0.2
2024-01-24 22:20:50,1.1,0.63
2024-01-24 22:23:16,1.25,0.4
2024-01-24 22:25:42,1.08,0.2
2024-01-24 22:28:08,1.15,0.35
2024-01-24 22:30:34,1.38,0.57
2024-01-24 22:33:00,1.0,0.2
2024-01-24 22:35:26,1.0,0.2
2024-01-24 22:37:52,1.15,0.3
2024-01-24 22:40:18,1.08,0.2
2024-01-24 22:42:44,1.17,0.47
2024-01-24 22:45:10,0.8,0.1
2024-01-24 22:47:38,0.93,0.1
2024-01-24 22:50:05,1.48,0.32
2024-01-24 22:52:31,1.58,0.43
2024-01-24 22:54:57,1.13,0.2
2024-01-24 22:57:23,1.02,0.2
2024-01-24 22:59:51,0.93,0.1
2024-01-24 23:02:17,0.8,0.1
2024-01-24 23:04:43,1.08,0.28
2024-01-24 23:07:09,1.05,0.2
2024-01-24 23:09:36,1.45,0.82
2024-01-24 23:12:02,1.3,0.38
2024-01-24 23:14:28,1.27,0.4
2024-01-24 23:16:54,1.08,0.2
2024-01-24 23:19:20,1.3,0.5
2024-01-24 23:21:47,1.02,0.25
2024-01-24 23:24:13,1.0,0.3
2024-01-24 23:26:39,1.2,0.3
2024-01-24 23:29:05,1.4,0.4
2024-01-24 23:31:31,1.13,0.43
2024-01-24 23:33:57,0.65,0.1
2024-01-24 23:36:23,1.02,0.2
2024-01-24 23:38:50,0.9,0.1
2024-01-24 23:41:16,0.8,0.1
2024-01-24 23:43:42,1.4,0.2
2024-01-24 23:46:09,1.05,0.2
2024-01-24 23:48:35,0.9,0.2
2024-01-24 23:51:01,1.25,0.2
2024-01-24 23:53:27,1.15,0.2
2024-01-24 23:55:53,1.52,0.7
2024-01-24 23:58:19,1.13,0.3
2024-01-25 00:00:46,1.17,0.32
2024-01-25 00:03:12,1.05,0.13
2024-01-25 00:05:38,1.4,0.45
2024-01-25 00:08:04,1.4,0.68
2024-01-25 00:10:30,0.77,0.1
2024-01-25 00:12:56,1.27,0.3
2024-01-25 00:15:22,1.15,0.3
2024-01-25 00:17:48,1.27,0.6
2024-01-25 00:20:14,0.75,0.17
2024-01-25 00:22:41,1.3,0.3
2024-01-25 00:25:07,1.35,0.98
2024-01-25 00:27:33,0.98,0.47
2024-01-25 00:29:59,0.82,0.1
2024-01-25 00:32:25,1.2,0.28
2024-01-25 00:34:51,0.8,0.13
2024-01-25 00:37:17,1.35,0.52
2024-01-25 00:39:44,1.25,0.32
2024-01-25 00:42:11,1.0,0.25
2024-01-25 00:44:39,1.33,0.3
2024-01-25 00:47:05,1.17,0.35
2024-01-25 00:49:32,1.05,0.17
2024-01-25 00:51:58,0.85,0.22
2024-01-25 00:54:27,0.93,0.2
2024-01-25 00:56:54,1.23,0.38
2024-01-25 00:59:20,0.98,0.2
2024-01-25 01:01:47,1.08,0.3
2024-01-25 01:04:14,0.85,0.2
2024-01-25 01:06:40,1.23,0.38
2024-01-25 01:09:06,1.0,0.35
2024-01-25 01:11:33,0.88,0.13
2024-01-25 01:13:59,1.05,0.28
2024-01-25 01:16:25,1.08,0.2
2024-01-25 01:18:51,1.45,0.43
2024-01-25 01:21:17,1.15,0.3
2024-01-25 01:23:43,1.13,0.3
2024-01-25 01:26:12,1.48,0.63
2024-01-25 01:28:44,1.05,0.2
2024-01-25 01:31:11,0.73,0.1
2024-01-25 01:33:40,1.02,0.2
2024-01-25 01:36:06,1.23,0.25
2024-01-25 01:38:32,1.13,0.3
2024-01-25 01:40:58,1.25,0.38
2024-01-25 01:43:24,1.33,0.3
2024-01-25 01:45:50,1.2,0.3
2024-01-25 01:48:16,1.3,0.85
2024-01-25 01:50:43,1.25,0.43
2024-01-25 01:53:10,0.85,0.15
2024-01-25 01:55:36,1.2,0.43
2024-01-25 01:58:03,1.38,0.35
2024-01-25 02:00:30,1.25,0.3
2024-01-25 02:02:57,1.25,0.3
2024-01-25 02:05:23,1.1,0.38
2024-01-25 02:07:49,0.98,0.13
2024-01-25 02:12:43,1.05,0.2
2024-01-25 02:15:09,1.42,0.6
2024-01-25 02:17:35,0.8,0.1
2024-01-25 02:20:01,1.4,0.47
2024-01-25 02:22:28,1.13,0.2
2024-01-25 02:24:54,0.88,0.13
2024-01-25 02:27:20,1.67,1.25
2024-01-25 02:29:46,1.17,0.32
2024-01-25 02:32:12,1.05,0.22
2024-01-25 02:34:38,1.05,0.43
2024-01-25 02:37:04,1.02,0.38
2024-01-25 02:39:30,0.98,0.32
2024-01-25 02:41:57,1.17,0.38
2024-01-25 02:44:23,1.42,0.38
2024-01-25 02:46:49,0.93,0.17
2024-01-25 02:49:15,1.0,0.2
2024-01-25 02:51:41,1.45,0.4
2024-01-25 02:54:07,0.9,0.2
2024-01-25 02:56:33,0.6,0.1
2024-01-25 02:59:00,1.13,0.35
2024-01-25 03:01:27,1.17,0.35
2024-01-25 03:03:53,0.9,0.17
2024-01-25 03:06:19,0.73,0.1
2024-01-25 03:08:45,0.98,0.2
2024-01-25 03:11:11,1.23,0.5
2024-01-25 03:13:37,1.38,0.4
2024-01-25 03:16:03,0.95,0.2
2024-01-25 03:18:30,1.3,0.5
2024-01-25 03:20:56,0.82,0.13
2024-01-25 03:23:22,0.82,0.25
2024-01-25 03:25:48,0.98,0.22
2024-01-25 03:28:14,1.05,0.32
2024-01-25 03:30:41,1.42,0.55
2024-01-25 03:33:07,0.8,0.2
2024-01-25 03:35:33,1.13,0.3
2024-01-25 03:37:59,0.75,0.13
2024-01-25 03:40:25,1.0,0.1
2024-01-25 03:42:51,1.2,0.4
2024-01-25 03:45:17,1.15,0.2
2024-01-25 03:47:43,1.05,0.1
2024-01-25 03:50:09,1.33,0.85
2024-01-25 03:52:36,1.38,0.5
2024-01-25 03:55:02,1.1,0.2
2024-01-25 03:57:28,1.3,0.4
2024-01-25 03:59:54,0.73,0.1
2024-01-25 04:02:20,0.98,0.25
2024-01-25 04:04:46,1.25,0.32
2024-01-25 04:07:12,1.23,0.63
2024-01-25 04:09:38,1.13,0.3
2024-01-25 04:12:05,1.13,0.22
2024-01-25 04:14:31,0.88,0.13
2024-01-25 04:16:57,1.05,0.28
2024-01-25 04:19:24,1.02,0.22
2024-01-25 04:21:50,1.0,0.2
2024-01-25 04:24:16,1.08,0.25
2024-01-25 04:26:42,1.33,0.22
2024-01-25 04:29:08,1.27,0.52
2024-01-25 04:31:34,0.88,0.2
2024-01-25 04:34:00,1.0,0.2
2024-01-25 04:36:26,1.23,0.3
2024-01-25 04:38:52,1.05,0.35
2024-01-25 04:41:18,1.27,0.43
2024-01-25 04:43:44,0.98,0.32
2024-01-25 04:46:12,0.95,0.15
2024-01-25 04:48:38,0.8,0.1
2024-01-25 04:51:04,0.82,0.1
2024-01-25 04:53:30,1.23,0.35
2024-01-25 04:55:56,1.17,0.35
2024-01-25 04:58:24,1.1,0.2
2024-01-25 05:00:50,0.88,0.1
2024-01-25 05:03:17,0.88,0.3
2024-01-25 05:05:44,1.13,0.25
2024-01-25 05:08:10,0.8,0.1
2024-01-25 05:10:36,0.95,0.2
2024-01-25 05:13:02,0.6,0.1
2024-01-25 05:15:29,0.95,0.25
2024-01-25 05:17:55,0.82,0.1
2024-01-25 05:20:21,1.27,0.4
2024-01-25 05:22:47,1.08,0.2
2024-01-25 05:25:13,1.05,0.3
2024-01-25 05:27:39,1.13,0.3
2024-01-25 05:30:05,1.17,0.4
2024-01-25 05:32:32,1.13,0.3
2024-01-25 05:34:58,1.17,0.3
2024-01-25 05:37:25,1.35,0.4
2024-01-25 05:39:51,1.45,0.73
2024-01-25 05:42:17,0.7,0.1
2024-01-25 05:44:43,1.1,0.4
2024-01-25 05:47:09,1.35,0.35
2024-01-25 05:49:35,0.75,0.13
2024-01-25 05:52:01,0.9,0.15
2024-01-25 05:54:28,1.33,0.3
2024-01-25 05:56:54,1.08,0.28
2024-01-25 05:59:20,0.9,0.2
2024-01-25 06:01:46,1.1,0.2
2024-01-25 06:04:12,0.6,0.1
2024-01-25 06:06:38,0.8,0.13
2024-01-25 06:09:04,1.13,0.3
2024-01-25 06:11:31,1.17,0.2
2024-01-25 06:13:58,1.52,0.47
2024-01-25 06:16:24,1.15,0.43
2024-01-25 06:18:50,0.6,0.1
2024-01-25 06:21:16,0.95,0.28
2024-01-25 06:23:42,1.3,0.3
2024-01-25 06:26:08,0.73,0.1
2024-01-25 06:28:34,0.8,0.1
2024-01-25 06:31:01,0.73,0.1
2024-01-25 06:33:27,1.05,0.2
2024-01-25 06:35:53,1.02,0.2
2024-01-25 06:38:20,1.02,0.43
2024-01-25 06:40:46,1.05,0.32
2024-01-25 06:43:12,1.48,0.63
2024-01-25 06:45:38,0.73,0.1
2024-01-25 06:48:07,0.82,0.13
2024-01-25 06:50:36,1.42,0.73
2024-01-25 06:53:02,0.8,0.1
2024-01-25 06:55:28,0.82,0.1
2024-01-25 06:57:54,1.05,0.2
2024-01-25 07:00:20,1.17,0.3
2024-01-25 07:02:47,1.27,0.28
2024-01-25 07:05:14,0.9,0.2
2024-01-25 07:07:40,1.0,0.2
2024-01-25 07:10:06,1.13,0.2
2024-01-25 07:12:33,0.9,0.1
2024-01-25 07:14:59,1.73,0.7
2024-01-25 07:17:25,1.23,0.35
2024-01-25 07:19:51,0.7,0.1
2024-01-25 07:22:17,0.82,0.2
2024-01-25 07:24:43,1.05,0.3
2024-01-25 07:27:10,1.23,0.6
2024-01-25 07:29:36,1.4,0.4
2024-01-25 07:32:02,1.55,0.68
2024-01-25 07:34:28,1.0,0.1
2024-01-25 07:36:54,1.38,0.3
2024-01-25 07:39:21,1.05,0.38
2024-01-25 07:41:47,1.25,0.2
2024-01-25 07:44:13,0.9,0.17
2024-01-25 07:46:39,0.7,0.1
2024-01-25 07:49:05,1.58,0.32
2024-01-25 07:51:32,1.0,0.17
2024-01-25 07:53:58,0.9,0.15
2024-01-25 07:56:24,1.1,0.25
2024-01-25 07:58:50,0.9,0.2
2024-01-25 08:01:19,0.9,0.1
2024-01-25 08:03:46,1.08,0.45
2024-01-25 08:06:12,0.88,0.1
2024-01-25 08:08:38,0.88,0.1
2024-01-25 08:11:04,0.8,0.1
2024-01-25 08:13:31,1.05,0.32
2024-01-25 08:15:57,1.0,0.15
2024-01-25 08:18:23,0.85,0.1
2024-01-25 08:20:50,0.75,0.15
2024-01-25 08:23:16,1.35,0.5
2024-01-25 08:25:43,0.75,0.1
2024-01-25 08:28:09,1.4,0.2
2024-01-25 08:30:36,1.2,0.3
2024-01-25 08:33:02,0.98,0.1
2024-01-25 08:35:28,1.55,0.52
2024-01-25 08:37:57,0.9,0.13
2024-01-25 08:40:23,0.82,0.1
2024-01-25 08:42:49,1.45,0.43
2024-01-25 08:45:15,1.52,0.73
2024-01-25 08:47:42,1.08,0.3
2024-01-25 08:50:11,1.17,0.3
2024-01-25 08:52:37,1.1,0.28
2024-01-25 08:55:06,1.38,0.2
2024-01-25 08:57:32,1.1,0.2
2024-01-25 08:59:58,1.0,0.2
2024-01-25 09:04:55,1.23,0.43
2024-01-25 09:07:21,0.8,0.1
2024-01-25 09:09:48,1.23,0.28
2024-01-25 09:12:14,1.27,0.63
2024-01-25 09:17:10,1.15,0.55
2024-01-25 09:19:36,1.45,0.4
2024-01-25 09:22:02,1.1,0.2
2024-01-25 09:24:32,0.85,0.13
2024-01-25 09:27:01,1.08,0.38
2024-01-25 09:29:27,1.2,0.2
2024-01-25 09:31:53,1.05,0.2
2024-01-25 09:34:20,1.2,0.3
2024-01-25 09:36:46,1.25,0.28
2024-01-25 09:39:12,1.27,0.17
2024-01-25 09:41:44,1.25,0.2
2024-01-25 09:44:11,0.68,0.1
2024-01-25 09:46:37,1.0,0.15
2024-01-25 09:49:03,1.17,0.4
2024-01-25 09:51:42,0.85,0.1
2024-01-25 09:54:08,1.1,0.2
2024-01-25 09:56:38,1.02,0.22
2024-01-25 09:59:07,0.7,0.1
2024-01-25 10:01:37,1.6,0.52
2024-01-25 10:04:05,1.33,0.63
2024-01-25 10:06:32,1.05,0.2
2024-01-25 10:08:58,1.08,0.2
2024-01-25 10:11:24,0.8,0.17
2024-01-25 10:13:53,1.73,1.33
2024-01-25 10:16:21,1.13,0.22
2024-01-25 10:18:48,0.9,0.3
2024-01-25 10:21:16,0.7,0.1
2024-01-25 10:23:45,1.13,0.28
2024-01-25 10:26:12,1.35,0.45
2024-01-25 10:28:39,1.5,0.2
2024-01-25 10:31:05,1.2,0.2
2024-01-25 10:33:32,1.35,0.52
2024-01-25 10:38:32,0.93,0.1
2024-01-25 10:41:00,1.27,0.2
2024-01-25 10:43:26,1.73,0.5
2024-01-25 10:45:53,1.48,0.7
2024-01-25 10:48:22,0.85,0.1
2024-01-25 10:50:48,1.05,0.3
2024-01-25 10:53:15,1.42,0.3
2024-01-25 10:55:41,1.0,0.3
2024-01-25 10:58:08,1.45,0.52
2024-01-25 11:00:34,1.33,0.52
2024-01-25 11:03:00,1.02,0.22
2024-01-25 11:05:27,1.2,0.2
2024-01-25 11:07:53,1.13,0.45
2024-01-25 11:10:21,1.23,0.35
2024-01-25 11:12:51,1.2,0.3
2024-01-25 11:15:21,1.25,0.3
2024-01-25 11:17:51,1.65,0.5
2024-01-25 11:20:19,1.23,0.32
2024-01-25 11:22:45,0.82,0.1
2024-01-25 11:25:21,1.35,0.3
2024-01-25 11:27:50,1.3,0.38
2024-01-25 11:30:17,1.35,0.43
2024-01-25 11:32:47,0.68,0.1
2024-01-25 11:35:14,0.85,0.1
2024-01-25 11:37:46,1.08,0.3
2024-01-25 11:40:12,1.33,0.4
2024-01-25 11:42:41,0.82,0.17
2024-01-25 11:45:08,0.65,0.1
2024-01-25 11:47:34,0.85,0.2
2024-01-25 11:50:01,1.0,0.1
2024-01-25 11:52:27,1.15,0.25
2024-01-25 11:54:54,1.17,0.32
2024-01-25 11:57:20,0.98,0.2
2024-01-25 11:59:46,0.8,0.1
2024-01-25 12:02:14,1.27,0.47
2024-01-25 12:04:40,1.13,0.3
2024-01-25 12:07:06,0.93,0.13
2024-01-25 12:09:33,1.25,0.47
2024-01-25 12:12:02,1.35,0.65
2024-01-25 12:14:28,0.9,0.2
2024-01-25 12:16:57,1.2,0.32
2024-01-25 12:19:23,1.17,0.3
2024-01-25 12:21:49,1.15,0.35
2024-01-25 12:24:19,0.68,0.1
2024-01-25 12:26:45,0.93,0.32
2024-01-25 12:29:12,1.02,0.28
2024-01-25 12:31:39,0.7,0.1
2024-01-25 12:34:10,1.23,0.3
2024-01-25 12:36:56,1.38,0.65
2024-01-25 12:39:22,0.8,0.1
2024-01-25 12:41:48,1.13,0.35
2024-01-25 12:44:14,1.02,0.22
2024-01-25 12:46:40,1.0,0.17
2024-01-25 12:49:06,0.7,0.1
2024-01-25 12:51:33,0.85,0.1
2024-01-25 12:53:59,1.15,0.3
2024-01-25 12:56:25,0.88,0.3
2024-01-25 12:58:51,0.7,0.1
2024-01-25 13:01:17,1.25,0.55
2024-01-25 13:03:43,1.33,0.43
2024-01-25 13:06:12,1.0,0.22
2024-01-25 13:08:38,1.0,0.3
2024-01-25 13:11:04,1.08,0.2
2024-01-25 13:13:31,1.17,0.68
2024-01-25 13:15:57,0.88,0.2
2024-01-25 13:18:23,0.75,0.1
2024-01-25 13:20:49,1.1,0.52
2024-01-25 13:23:15,1.02,0.2
2024-01-25 13:25:41,0.82,0.1
2024-01-25 13:28:07,1.17,0.32
2024-01-25 13:30:33,0.88,0.25
2024-01-25 13:32:59,1.45,0.47
2024-01-25 13:35:25,1.23,0.22
2024-01-25 13:37:51,0.7,0.1
2024-01-25 13:40:18,1.02,0.2
2024-01-25 13:42:44,0.73,0.1
2024-01-25 13:45:10,1.48,0.57
2024-01-25 13:47:36,0.7,0.1
2024-01-25 13:50:02,0.98,0.2
2024-01-25 13:52:29,1.0,0.2
2024-01-25 13:54:55,0.9,0.3
2024-01-25 13:57:21,0.82,0.13
2024-01-25 13:59:49,0.93,0.3
2024-01-25 14:02:16,0.8,0.1
2024-01-25 14:04:42,0.75,0.1
2024-01-25 14:07:08,0.9,0.2
2024-01-25 14:09:34,1.1,0.3
2024-01-25 14:12:02,1.0,0.3
2024-01-25 14:14:29,0.8,0.1
2024-01-25 14:16:55,1.05,0.2
2024-01-25 14:19:21,0.8,0.13
2024-01-25 14:21:47,0.95,0.15
2024-01-25 14:24:15,1.33,0.3
2024-01-25 14:26:41,0.85,0.1
2024-01-25 14:29:07,0.95,0.2
2024-01-25 14:31:33,1.3,0.5
2024-01-25 14:33:59,0.9,0.1
2024-01-25 14:36:25,1.0,0.2
2024-01-25 14:38:51,1.17,0.22
2024-01-25 14:41:17,1.27,0.5
2024-01-25 14:43:44,0.6,0.1
2024-01-25 14:46:10,0.73,0.1
2024-01-25 14:48:36,0.9,0.2
2024-01-25 14:51:02,1.2,0.3
2024-01-25 14:53:28,0.77,0.1
2024-01-25 14:55:54,0.75,0.1
2024-01-25 14:58:20,1.23,0.55
2024-01-25 15:00:50,0.85,0.1
2024-01-25 15:03:16,1.23,0.4
2024-01-25 15:05:42,1.25,0.4
2024-01-25 15:08:08,0.9,0.17
2024-01-25 15:10:34,0.9,0.1
2024-01-25 15:13:00,0.85,0.2
2024-01-25 15:15:27,1.25,0.3
2024-01-25 15:17:56,1.17,0.35
2024-01-25 15:20:22,0.98,0.55
2024-01-25 15:22:51,1.0,0.2
2024-01-25 15:25:20,0.73,0.1
2024-01-25 15:30:13,0.93,0.25
2024-01-25 15:32:39,0.93,0.2
2024-01-25 15:35:07,1.35,0.22
2024-01-25 15:37:33,1.33,0.5
2024-01-25 15:40:02,0.98,0.17
2024-01-25 15:42:35,0.95,0.2
2024-01-25 15:45:02,0.7,0.1
2024-01-25 15:47:28,0.88,0.13
2024-01-25 15:49:54,1.17,0.28
2024-01-25 15:52:20,1.25,0.3
2024-01-25 15:54:47,1.2,0.4
2024-01-25 15:57:13,0.82,0.13
2024-01-25 15:59:39,1.02,0.1
2024-01-25 16:02:07,1.38,0.68
2024-01-25 16:04:33,1.08,0.2
2024-01-25 16:06:59,0.7,0.1
2024-01-25 16:09:25,0.65,0.1
2024-01-25 16:11:54,1.15,0.17
2024-01-25 16:14:20,1.45,0.43
2024-01-25 16:16:46,0.73,0.1
2024-01-25 16:19:12,1.6,1.2
2024-01-25 16:21:39,0.7,0.1
2024-01-25 16:24:05,1.08,0.2
2024-01-25 16:26:31,1.23,0.8
2024-01-25 16:28:57,0.9,0.1
2024-01-25 16:31:23,1.38,0.7
2024-01-25 16:33:49,0.82,0.1
2024-01-25 16:36:15,1.13,0.3
2024-01-25 16:38:42,0.85,0.1
2024-01-25 16:41:08,1.1,0.28
2024-01-25 16:43:34,1.2,0.47
2024-01-25 16:46:00,1.42,0.28
2024-01-25 16:48:27,1.0,0.15
2024-01-25 16:50:53,1.17,0.28
2024-01-25 16:53:19,1.75,0.2
2024-01-25 16:55:45,1.17,0.22
2024-01-25 16:58:11,1.15,0.2
2024-01-25 17:00:37,0.73,0.1
2024-01-25 17:03:03,1.13,0.1
2024-01-25 17:05:29,1.35,1.2
2024-01-25 17:07:55,0.95,0.17
2024-01-25 17:10:21,1.75,0.98
2024-01-25 17:12:47,0.77,0.1
2024-01-25 17:15:14,1.17,0.45
2024-01-25 17:17:43,1.27,0.2
2024-01-25 17:20:09,1.17,0.5
2024-01-25 17:22:37,0.57,0.1
2024-01-25 17:25:03,0.68,0.1
2024-01-25 17:27:31,1.17,0.45
2024-01-25 17:29:57,1.45,0.45
2024-01-25 17:32:23,1.08,0.2
2024-01-25 17:34:49,1.2,0.5
2024-01-25 17:37:16,1.35,0.3
2024-01-25 17:39:42,0.9,0.1
2024-01-25 17:42:09,1.1,0.22
2024-01-25 17:44:35,0.9,0.1
2024-01-25 17:47:01,0.8,0.1
2024-01-25 17:49:27,1.4,0.3
2024-01-25 17:51:53,0.88,0.15
2024-01-25 17:54:19,0.9,0.2
2024-01-25 17:56:45,0.88,0.1
2024-01-25 17:59:11,1.42,0.4
2024-01-25 18:01:37,1.0,0.15
2024-01-25 18:04:03,0.95,0.2
2024-01-25 18:06:29,0.98,0.35
2024-01-25 18:08:56,1.65,0.68
2024-01-25 18:11:22,0.9,0.1
2024-01-25 18:13:48,1.3,0.2
2024-01-25 18:16:14,1.23,0.3
2024-01-25 18:18:41,1.55,0.3
2024-01-25 18:21:07,0.85,0.17
2024-01-25 18:23:33,1.0,0.2
2024-01-25 18:26:00,1.45,0.45
2024-01-25 18:28:26,1.0,0.22
2024-01-25 18:30:53,0.85,0.28
2024-01-25 18:33:19,0.93,0.13
2024-01-25 18:35:45,1.4,0.45
2024-01-25 18:38:11,1.1,0.4
2024-01-25 18:40:37,0.93,0.1
2024-01-25 18:43:03,1.08,0.2
2024-01-25 18:45:29,1.45,1.02
2024-01-25 18:47:55,0.73,0.17
2024-01-25 18:50:21,1.4,0.63
2024-01-25 18:52:48,0.77,0.1
2024-01-25 18:55:14,0.9,0.2
2024-01-25 18:57:40,0.98,0.15
2024-01-25 19:00:06,1.08,0.2
2024-01-25 19:02:36,0.7,0.1
2024-01-25 19:05:02,1.1,0.32
2024-01-25 19:07:29,0.8,0.1
2024-01-25 19:09:55,1.02,0.4
2024-01-25 19:12:21,1.33,0.65
2024-01-25 19:14:47,1.13,0.5
2024-01-25 19:17:13,0.9,0.1
2024-01-25 19:19:39,1.5,0.57
2024-01-25 19:22:06,1.0,0.2
2024-01-25 19:24:32,1.23,0.63
2024-01-25 19:26:58,0.85,0.1
2024-01-25 19:29:24,0.88,0.1
2024-01-25 19:31:51,1.33,0.4
2024-01-25 19:34:17,0.85,0.15
2024-01-25 19:36:45,1.27,0.25
2024-01-25 19:39:13,1.25,0.4
2024-01-25 19:41:39,1.5,1.02
2024-01-25 19:44:05,0.82,0.1
2024-01-25 19:46:31,0.9,0.15
2024-01-25 19:48:57,0.88,0.1
2024-01-25 19:51:23,0.88,0.3
2024-01-25 19:53:49,0.82,0.1
2024-01-25 19:56:15,0.8,0.1
2024-01-25 19:58:45,1.4,0.73
2024-01-25 20:01:11,0.85,0.1
2024-01-25 20:03:39,1.23,0.3
2024-01-25 20:06:07,0.88,0.15
2024-01-25 20:08:36,0.88,0.2
2024-01-25 20:11:02,1.42,0.63
2024-01-25 20:13:28,1.27,1.15
2024-01-25 20:15:55,1.52,0.75
2024-01-25 20:18:21,0.9,0.1
2024-01-25 20:20:48,1.02,0.2
2024-01-25 20:23:14,0.7,0.1
2024-01-25 20:25:40,0.8,0.2
2024-01-25 20:28:06,0.95,0.2
2024-01-25 20:30:32,0.98,0.15
2024-01-25 20:33:00,0.95,0.17
2024-01-25 20:35:26,1.33,0.5
2024-01-25 20:37:52,1.05,0.5
2024-01-25 20:40:19,1.0,0.55
2024-01-25 20:42:45,1.1,0.2
2024-01-25 20:45:11,1.08,0.13
2024-01-25 20:47:37,0.93,0.2
2024-01-25 20:50:03,1.15,0.4
2024-01-25 20:52:30,1.13,0.35
2024-01-25 20:54:56,1.45,0.63
2024-01-25 20:57:23,0.95,0.17
2024-01-25 20:59:50,0.93,0.1
2024-01-25 21:02:16,0.82,0.1
2024-01-25 21:04:42,1.0,0.2
2024-01-25 21:07:08,0.95,0.15
2024-01-25 21:09:35,0.6,0.1
2024-01-25 21:12:01,1.0,0.2
2024-01-25 21:14:27,1.38,0.57
2024-01-25 21:16:53,0.82,0.2
2024-01-25 21:19:20,0.7,0.1
2024-01-25 21:21:46,0.82,0.13
2024-01-25 21:24:12,1.17,0.3
2024-01-25 21:26:38,0.85,0.3
2024-01-25 21:29:04,1.55,0.65
2024-01-25 21:31:30,0.77,0.15
2024-01-25 21:33:56,1.38,0.47
2024-01-25 21:36:22,1.17,0.35
2024-01-25 21:38:48,1.33,0.4
2024-01-25 21:41:14,0.75,0.1
2024-01-25 21:43:40,0.95,0.25
2024-01-25 21:46:09,1.13,0.47
2024-01-25 21:48:35,1.38,0.43
2024-01-25 21:51:01,1.0,0.2
2024-01-25 21:53:27,0.73,0.1
2024-01-25 21:55:53,1.0,0.28
2024-01-25 21:58:19,0.68,0.1
2024-01-25 22:00:46,1.0,0.38
2024-01-25 22:03:12,0.68,0.13
2024-01-25 22:05:38,1.1,0.2
2024-01-25 22:08:04,0.82,0.1
2024-01-25 22:10:30,0.73,0.1
2024-01-25 22:12:56,1.38,0.6
2024-01-25 22:15:22,1.55,0.75
2024-01-25 22:17:48,0.95,0.15
2024-01-25 22:20:14,0.6,0.1
2024-01-25 22:22:40,1.17,0.38
2024-01-25 22:25:07,1.2,0.22
2024-01-25 22:27:33,1.15,0.35
2024-01-25 22:29:59,1.02,0.2
2024-01-25 22:32:25,1.05,0.38
2024-01-25 22:34:51,0.6,0.1
2024-01-25 22:37:17,1.17,0.45
2024-01-25 22:39:43,0.95,0.2
2024-01-25 22:42:09,1.08,0.22
2024-01-25 22:44:36,0.75,0.15
2024-01-25 22:47:02,1.08,0.2
2024-01-25 22:49:31,0.65,0.1
2024-01-25 22:52:00,0.6,0.1
2024-01-25 22:54:26,1.52,0.57
2024-01-25 22:56:52,0.93,0.25
2024-01-25 22:59:18,0.8,0.1
2024-01-25 23:01:44,0.88,0.1
2024-01-25 23:04:10,0.65,0.1
2024-01-25 23:06:37,1.1,0.2
2024-01-25 23:09:03,0.8,0.1
2024-01-25 23:11:29,1.0,0.2
2024-01-25 23:13:55,0.98,0.2
2024-01-25 23:16:23,1.1,0.32
2024-01-25 23:18:49,1.1,0.2
2024-01-25 23:21:16,1.3,0.63
2024-01-25 23:23:42,1.55,0.57
2024-01-25 23:26:08,0.9,0.1
2024-01-25 23:28:34,1.2,0.43
2024-01-25 23:31:00,1.25,0.3
2024-01-25 23:33:26,1.15,0.52
2024-01-25 23:35:52,0.85,0.1
2024-01-25 23:38:18,1.05,0.43
2024-01-25 23:40:44,0.85,0.17
2024-01-25 23:43:10,1.13,0.32
2024-01-25 23:45:36,1.2,0.3
2024-01-25 23:48:03,1.02,0.22
2024-01-25 23:50:29,1.15,0.3
2024-01-25 23:52:55,0.9,0.1
2024-01-25 23:55:21,1.08,0.55
2024-01-25 23:57:47,0.85,0.1
2024-01-26 00:00:13,0.88,0.1
2024-01-26 00:02:39,1.08,0.38
2024-01-26 00:05:06,0.7,0.1
2024-01-26 00:07:32,1.02,0.2
2024-01-26 00:09:58,0.85,0.1
2024-01-26 00:12:24,0.88,0.5
2024-01-26 00:14:50,0.93,0.17
2024-01-26 00:17:16,1.45,0.4
2024-01-26 00:19:42,0.88,0.1
2024-01-26 00:22:08,1.27,0.8
2024-01-26 00:24:34,1.45,0.57
2024-01-26 00:27:00,0.88,0.2
2024-01-26 00:29:27,0.9,0.1
2024-01-26 00:31:53,1.35,0.52
2024-01-26 00:34:19,1.08,0.35
2024-01-26 00:36:45,1.15,0.75
2024-01-26 00:39:11,0.95,0.2
2024-01-26 00:41:38,1.0,0.4
2024-01-26 00:44:04,1.2,0.3
2024-01-26 00:46:30,0.82,0.1
2024-01-26 00:48:56,0.82,0.1
2024-01-26 00:51:22,0.9,0.1
2024-01-26 00:53:48,1.33,0.32
2024-01-26 00:56:14,1.1,0.32
2024-01-26 00:58:40,0.82,0.1
2024-01-26 01:01:06,1.15,0.3
2024-01-26 01:03:33,1.65,1.05
2024-01-26 01:05:59,1.35,0.47
2024-01-26 01:08:25,0.65,0.1
2024-01-26 01:10:51,0.8,0.2
2024-01-26 01:13:17,0.8,0.15
2024-01-26 01:15:43,1.3,0.43
2024-01-26 01:18:10,1.4,0.45
2024-01-26 01:20:36,1.08,0.2
2024-01-26 01:23:02,1.1,0.2
2024-01-26 01:25:28,0.88,0.2
2024-01-26 01:27:54,1.15,0.4
2024-01-26 01:30:20,1.38,0.7
2024-01-26 01:32:46,1.08,0.43
2024-01-26 01:35:12,0.8,0.1
2024-01-26 01:37:38,0.9,0.3
2024-01-26 01:40:04,1.02,0.2
2024-01-26 01:42:31,1.0,0.2
2024-01-26 01:44:57,0.8,0.1
2024-01-26 01:47:23,1.15,0.3
2024-01-26 01:49:49,1.1,0.3
2024-01-26 01:52:16,1.13,0.22
2024-01-26 01:57:12,1.17,0.4
2024-01-26 01:59:38,1.15,0.3
2024-01-26 02:02:06,0.77,0.25
2024-01-26 02:04:32,1.02,0.22
2024-01-26 02:07:02,0.95,0.15
2024-01-26 02:09:29,0.8,0.1
2024-01-26 02:11:55,1.27,0.63
2024-01-26 02:14:22,1.2,0.3
2024-01-26 02:17:06,0.85,0.15
2024-01-26 02:19:32,0.85,0.13
2024-01-26 02:21:58,0.6,0.1
2024-01-26 02:24:24,0.88,0.2
2024-01-26 02:26:50,1.33,0.4
2024-01-26 02:29:17,0.88,0.1
2024-01-26 02:31:43,1.02,0.22
2024-01-26 02:34:09,1.15,0.2
2024-01-26 02:36:38,0.73,0.1
2024-01-26 02:39:04,0.77,0.1
2024-01-26 02:41:31,0.88,0.13
2024-01-26 02:43:57,0.85,0.2
2024-01-26 02:46:24,1.15,0.35
2024-01-26 02:48:50,0.85,0.1
2024-01-26 02:51:16,0.8,0.1
2024-01-26 02:53:42,0.93,0.15
2024-01-26 02:56:08,0.82,0.1
2024-01-26 02:58:34,1.5,0.8
2024-01-26 03:01:00,1.08,0.6
2024-01-26 03:03:27,1.1,0.4
2024-01-26 03:05:53,1.3,0.45
2024-01-26 03:08:19,1.15,0.35
2024-01-26 03:10:45,1.15,0.25
2024-01-26 03:13:11,1.23,0.57
2024-01-26 03:15:37,0.88,0.1
2024-01-26 03:18:03,0.73,0.1
2024-01-26 03:20:30,1.02,0.32
2024-01-26 03:22:56,1.23,0.55
2024-01-26 03:25:22,0.88,0.25
2024-01-26 03:27:49,0.93,0.13
2024-01-26 03:30:16,0.82,0.15
2024-01-26 03:32:42,0.95,0.17
2024-01-26 03:35:09,1.05,0.35
2024-01-26 03:37:36,0.75,0.1
2024-01-26 03:40:03,0.9,0.13
2024-01-26 03:42:30,0.93,0.17
2024-01-26 03:44:56,0.9,0.2
2024-01-26 03:47:22,0.93,0.15
2024-01-26 03:49:48,0.7,0.1
2024-01-26 03:52:15,0.82,0.1
2024-01-26 03:54:41,1.15,0.55
2024-01-26 03:57:07,0.88,0.17
2024-01-26 03:59:33,0.95,0.28
2024-01-26 04:01:59,0.95,0.2
2024-01-26 04:04:25,0.98,0.28
2024-01-26 04:06:51,1.05,0.52
2024-01-26 04:09:17,1.58,1.45
2024-01-26 04:11:43,1.13,0.2
2024-01-26 04:14:09,1.1,0.32
2024-01-26 04:16:35,1.2,0.57
2024-01-26 04:19:01,1.0,0.2
2024-01-26 04:21:28,1.23,0.6
2024-01-26 04:23:54,1.25,0.45
2024-01-26 04:26:20,0.7,0.1
2024-01-26 04:28:46,0.93,0.22
2024-01-26 04:31:12,1.1,0.2
2024-01-26 04:33:42,1.17,0.7
2024-01-26 04:36:08,0.77,0.1
2024-01-26 04:38:37,1.25,0.32
2024-01-26 04:41:03,1.25,0.43
2024-01-26 04:43:30,0.95,0.15
2024-01-26 04:45:56,0.88,0.13
2024-01-26 04:48:22,0.82,0.3
2024-01-26 04:50:48,1.0,0.5
2024-01-26 04:53:14,0.75,0.1
2024-01-26 04:55:43,0.8,0.1
2024-01-26 04:58:09,0.93,0.32
2024-01-26 05:00:35,0.93,0.6
2024-01-26 05:03:01,1.2,0.32
2024-01-26 05:05:27,1.1,0.2
2024-01-26 05:07:53,0.95,0.22
2024-01-26 05:10:20,1.65,0.7
2024-01-26 05:12:46,1.13,0.38
2024-01-26 05:15:12,0.93,0.2
2024-01-26 05:17:38,0.68,0.1
2024-01-26 05:20:04,1.05,0.2
2024-01-26 05:22:31,0.65,0.1
2024-01-26 05:24:57,1.13,0.32
2024-01-26 05:27:23,1.38,0.35
2024-01-26 05:29:49,1.08,0.43
2024-01-26 05:32:15,0.98,0.15
2024-01-26 05:34:41,0.5,0.1
2024-01-26 05:37:07,0.95,0.2
2024-01-26 05:39:33,0.95,0.25
2024-01-26 05:41:59,0.93,0.2
2024-01-26 05:44:26,0.8,0.1
2024-01-26 05:46:52,1.0,0.2
2024-01-26 05:49:18,0.95,0.2
2024-01-26 05:51:44,0.95,0.38
2024-01-26 05:54:11,0.8,0.1
2024-01-26 05:56:40,0.93,0.2
2024-01-26 05:59:06,1.35,0.4
2024-01-26 06:01:33,1.2,0.4
2024-01-26 06:03:59,1.17,0.35
2024-01-26 06:06:25,0.73,0.1
2024-01-26 06:08:51,1.1,0.45
2024-01-26 06:11:18,0.6,0.1
2024-01-26 06:13:44,0.73,0.1
2024-01-26 06:16:13,1.33,0.82
2024-01-26 06:18:41,0.77,0.1
2024-01-26 06:21:09,0.98,0.22
2024-01-26 06:23:35,0.77,0.1
2024-01-26 06:26:01,0.77,0.1
2024-01-26 06:28:27,1.35,0.52
2024-01-26 06:30:53,1.1,0.22
2024-01-26 06:33:19,0.7,0.1
2024-01-26 06:35:45,1.1,0.2
2024-01-26 06:38:11,1.08,0.22
2024-01-26 06:40:38,0.8,0.1
2024-01-26 06:43:04,0.9,0.32
2024-01-26 06:45:32,0.93,0.2
2024-01-26 06:47:59,0.82,0.13
2024-01-26 06:50:25,0.85,0.1
2024-01-26 06:52:51,1.08,0.3
2024-01-26 06:55:17,0.85,0.13
2024-01-26 06:57:43,1.08,0.28
2024-01-26 07:00:10,1.23,0.45
2024-01-26 07:02:36,0.73,0.1
2024-01-26 07:05:02,0.73,0.1
2024-01-26 07:07:28,0.9,0.1
2024-01-26 07:09:54,0.8,0.1
2024-01-26 07:12:21,1.02,0.28
2024-01-26 07:14:47,1.08,0.3
2024-01-26 07:17:13,0.95,0.2
2024-01-26 07:19:39,0.77,0.1
2024-01-26 07:22:05,1.4,0.38
2024-01-26 07:24:31,1.2,0.3
2024-01-26 07:26:57,1.05,0.55
2024-01-26 07:29:23,0.98,0.3
2024-01-26 07:31:49,1.05,0.17
2024-01-26 07:34:15,0.8,0.17
2024-01-26 07:36:42,1.13,0.35
2024-01-26 07:39:08,0.5,0.1
2024-01-26 07:41:35,0.9,0.3
2024-01-26 07:44:01,1.15,0.38
2024-01-26 07:46:27,0.9,0.2
2024-01-26 07:48:53,1.05,0.2
2024-01-26 07:51:19,0.98,0.2
2024-01-26 07:53:45,1.33,0.52
2024-01-26 07:56:11,1.25,0.32
2024-01-26 07:58:37,0.8,0.1
2024-01-26 08:01:06,0.88,0.2
2024-01-26 08:03:34,2.17,0.2
2024-01-26 08:06:00,1.15,0.3
2024-01-26 08:08:26,0.73,0.2
2024-01-26 08:10:52,0.73,0.1
2024-01-26 08:13:19,1.42,0.47
2024-01-26 08:15:45,1.08,0.3
2024-01-26 08:18:11,0.9,0.1
2024-01-26 08:20:37,1.13,0.38
2024-01-26 08:23:03,1.48,0.68
2024-01-26 08:25:29,0.77,0.1
2024-01-26 08:27:55,0.7,0.1
2024-01-26 08:30:21,1.55,0.5
2024-01-26 08:32:48,1.25,0.28
2024-01-26 08:35:15,0.85,0.1
2024-01-26 08:37:41,0.9,0.3
2024-01-26 08:40:07,1.27,0.3
2024-01-26 08:42:34,1.25,0.32
2024-01-26 08:45:01,0.7,0.15
2024-01-26 08:47:28,0.88,0.22
2024-01-26 08:49:54,1.4,0.5
2024-01-26 08:52:20,1.1,0.2
2024-01-26 08:54:47,0.95,0.2
2024-01-26 08:57:13,1.35,0.65
2024-01-26 08:59:39,1.13,0.3
2024-01-26 09:02:08,0.98,0.1
2024-01-26 09:04:34,0.93,0.2
2024-01-26 09:07:00,1.0,0.2
2024-01-26 09:09:26,1.17,0.22
2024-01-26 09:11:53,1.17,0.3
2024-01-26 09:14:19,1.4,0.47
2024-01-26 09:16:51,1.5,1.05
2024-01-26 09:19:20,1.55,0.68
2024-01-26 09:21:47,0.9,0.2
2024-01-26 09:24:13,0.95,0.15
2024-01-26 09:26:39,1.0,0.2
2024-01-26 09:29:06,1.25,0.4
2024-01-26 09:31:32,1.3,0.5
2024-01-26 09:33:59,1.17,0.2
2024-01-26 09:36:25,1.02,0.2
2024-01-26 09:38:51,1.1,0.2
2024-01-26 09:41:18,1.2,0.52
2024-01-26 09:43:44,1.15,0.22
2024-01-26 09:46:11,1.63,1.1
2024-01-26 09:48:37,0.98,0.28
2024-01-26 09:51:05,0.85,0.1
2024-01-26 09:53:32,1.05,0.2
2024-01-26 09:55:58,1.05,0.3
2024-01-26 09:58:25,0.7,0.1
2024-01-26 10:00:53,1.33,0.43
2024-01-26 10:03:23,1.08,0.35
2024-01-26 10:05:49,0.93,0.17
2024-01-26 10:08:15,1.17,0.4
2024-01-26 10:10:41,1.65,1.23
2024-01-26 10:13:07,1.2,0.45
2024-01-26 10:18:01,1.3,0.28
2024-01-26 10:20:27,1.08,0.3
2024-01-26 10:22:53,0.8,0.1
2024-01-26 10:25:20,0.8,0.1
2024-01-26 10:27:46,0.93,0.2
2024-01-26 10:30:12,0.9,0.2
2024-01-26 10:32:39,1.17,0.3
2024-01-26 10:35:05,2.8,0.6
2024-01-26 10:37:35,0.93,0.2
2024-01-26 10:40:02,1.4,0.65
2024-01-26 10:42:34,0.7,0.1
2024-01-26 10:45:02,0.73,0.2
2024-01-26 10:47:29,0.9,0.1
2024-01-26 10:49:58,1.25,0.22
2024-01-26 10:52:30,1.0,0.2
2024-01-26 10:55:00,1.02,0.1
2024-01-26 10:57:26,1.25,0.25
2024-01-26 10:59:52,0.8,0.1
2024-01-26 11:02:22,1.0,0.2
2024-01-26 11:04:52,1.33,0.4
2024-01-26 11:07:19,1.13,0.32
2024-01-26 11:12:21,0.85,0.1
2024-01-26 11:15:06,1.17,0.2
2024-01-26 11:17:52,0.9,0.17
2024-01-26 11:20:22,1.1,0.28
2024-01-26 11:25:25,0.95,0.2
2024-01-26 11:27:58,1.0,0.22
2024-01-26 11:30:24,1.25,0.5
2024-01-26 11:32:50,0.68,0.1
2024-01-26 11:35:17,0.82,0.22
2024-01-26 11:37:44,1.05,0.38
2024-01-26 11:40:11,1.05,0.3
2024-01-26 11:42:37,0.95,0.28
2024-01-26 11:47:41,1.0,0.2
2024-01-26 11:50:08,0.85,0.3
2024-01-26 11:52:35,2.92,0.45
2024-01-26 11:55:01,0.4,0.0
2024-01-26 11:57:31,1.5,0.65
2024-01-26 12:00:04,0.9,0.17
2024-01-26 12:02:31,1.0,0.2
2024-01-26 12:04:57,2.1,0.2
2024-01-26 12:07:24,1.35,0.2
2024-01-26 12:09:50,1.85,0.22
2024-01-26 12:12:16,1.17,0.1
2024-01-26 12:14:43,0.75,0.15
2024-01-26 12:17:09,0.8,0.1
2024-01-26 12:19:35,1.42,0.2
2024-01-26 12:22:06,0.9,0.3
2024-01-26 12:24:36,1.05,0.2
2024-01-26 12:27:02,1.0,0.2
2024-01-26 12:29:28,1.4,0.68
2024-01-26 12:32:04,0.88,0.1
2024-01-26 12:34:30,0.6,0.1
2024-01-26 12:37:00,1.35,0.32
2024-01-26 12:39:26,0.93,0.15
2024-01-26 12:41:56,0.8,0.1
2024-01-26 12:44:26,0.77,0.1
2024-01-26 12:46:54,0.8,0.1
2024-01-26 12:49:20,0.68,0.1
2024-01-26 12:51:46,0.6,0.1
2024-01-26 12:54:12,0.85,0.1
2024-01-26 12:56:38,2.17,0.63
2024-01-26 12:59:04,1.13,0.2
2024-01-26 13:01:30,1.05,0.32
2024-01-26 13:03:57,1.35,0.6
2024-01-26 13:06:23,1.08,0.77
2024-01-26 13:08:50,1.0,0.17
2024-01-26 13:11:16,1.05,0.1
2024-01-26 13:13:43,1.02,0.2
2024-01-26 13:16:09,0.7,0.1
2024-01-26 13:18:35,0.93,0.28
2024-01-26 13:21:03,1.25,0.5
2024-01-26 13:23:29,1.13,0.3
2024-01-26 13:25:55,1.08,0.32
2024-01-26 13:28:22,1.05,0.22
2024-01-26 13:30:51,1.25,0.1
2024-01-26 13:33:20,0.93,0.15
2024-01-26 13:35:47,0.9,0.15
2024-01-26 13:38:13,0.88,0.1
2024-01-26 13:40:39,1.13,0.52
2024-01-26 13:43:06,1.05,0.2
2024-01-26 13:45:32,0.8,0.2
2024-01-26 13:47:58,1.0,0.2
2024-01-26 13:50:30,1.08,0.3
2024-01-26 13:52:56,0.82,0.1
2024-01-26 13:55:22,0.98,0.1
2024-01-26 13:57:49,1.0,0.2
2024-01-26 14:00:15,1.35,0.7
2024-01-26 14:02:41,1.08,0.2
2024-01-26 14:05:08,1.05,0.2
2024-01-26 14:07:34,0.73,0.1
2024-01-26 14:10:00,0.9,0.1
2024-01-26 14:12:26,1.27,0.77
2024-01-26 14:14:53,1.17,0.38
2024-01-26 14:17:20,1.27,0.47
2024-01-26 14:19:47,1.08,0.35
2024-01-26 14:22:14,0.7,0.1
2024-01-26 14:24:40,0.88,0.2
2024-01-26 14:27:08,0.7,0.1
2024-01-26 14:29:37,0.9,0.13
2024-01-26 14:32:03,0.7,0.1
2024-01-26 14:34:30,0.9,0.1
2024-01-26 14:36:59,1.15,0.55
2024-01-26 14:39:26,1.08,0.32
2024-01-26 14:41:52,0.82,0.1
2024-01-26 14:44:19,1.13,0.3
2024-01-26 14:46:45,1.02,0.32
2024-01-26 14:49:12,1.02,0.2
2024-01-26 14:51:38,0.9,0.2
2024-01-26 14:54:08,1.95,0.3
2024-01-26 14:56:35,0.98,0.25
2024-01-26 14:59:04,0.63,0.1
2024-01-26 15:01:30,1.15,0.3
2024-01-26 15:03:56,0.82,0.1
2024-01-26 15:06:22,0.93,0.2
2024-01-26 15:08:48,0.88,0.15
2024-01-26 15:11:14,0.98,0.1
2024-01-26 15:13:42,1.0,0.3
2024-01-26 15:16:12,0.85,0.1
2024-01-26 15:18:39,0.95,0.13
2024-01-26 15:21:05,0.8,0.1
2024-01-26 15:23:31,0.73,0.1
2024-01-26 15:25:58,1.05,0.25
2024-01-26 15:28:24,1.13,0.25
2024-01-26 15:30:50,1.17,0.3
2024-01-26 15:33:16,1.13,0.4
2024-01-26 15:35:43,0.75,0.1
2024-01-26 15:40:35,0.8,0.1
2024-01-26 15:43:01,1.0,0.2
2024-01-26 15:45:27,1.13,0.3
2024-01-26 15:47:53,0.73,0.1
2024-01-26 15:50:20,0.82,0.1
2024-01-26 15:52:47,0.47,0.03
2024-01-26 15:55:14,1.8,1.48
2024-01-26 15:57:40,1.2,0.4
2024-01-26 16:00:06,1.08,0.28
2024-01-26 16:02:33,1.15,0.17
2024-01-26 16:04:59,1.23,0.38
2024-01-26 16:07:25,1.1,0.22
2024-01-26 16:09:51,0.7,0.1
2024-01-26 16:12:19,1.48,0.38
2024-01-26 16:14:45,1.0,0.25
2024-01-26 16:17:11,0.9,0.1
2024-01-26 16:19:42,1.02,0.2
2024-01-26 16:22:08,1.0,0.2
2024-01-26 16:24:34,1.1,0.2
2024-01-26 16:27:00,1.4,0.2
2024-01-26 16:29:26,1.83,0.4
2024-01-26 16:31:52,1.6,0.3
2024-01-26 16:34:18,1.15,0.45
2024-01-26 16:36:44,1.23,0.3
2024-01-26 16:39:10,0.9,0.15
2024-01-26 16:41:36,1.15,0.3
2024-01-26 16:44:02,0.95,0.17
2024-01-26 16:46:29,0.52,0.1
2024-01-26 16:48:55,0.98,0.15
2024-01-26 16:51:23,0.68,0.1
2024-01-26 16:53:49,1.25,0.32
2024-01-26 16:56:15,0.8,0.1
2024-01-26 16:58:41,0.8,0.1
2024-01-26 17:01:14,1.08,0.22
2024-01-26 17:03:40,1.02,0.2
2024-01-26 17:06:07,0.88,0.4
2024-01-26 17:08:33,0.82,0.1
2024-01-26 17:10:59,1.13,0.3
2024-01-26 17:13:26,0.9,0.1
2024-01-26 17:15:54,1.0,0.15
2024-01-26 17:18:20,1.05,0.17
2024-01-26 17:20:46,1.05,0.3
2024-01-26 17:23:12,1.25,0.2
2024-01-26 17:25:38,1.17,0.2
2024-01-26 17:28:04,0.85,0.13
2024-01-26 17:30:30,0.75,0.1
2024-01-26 17:32:56,0.8,0.1
2024-01-26 17:35:22,0.8,0.1
2024-01-26 17:37:48,0.77,0.1
2024-01-26 17:40:15,1.5,0.32
2024-01-26 17:42:41,1.3,0.4
2024-01-26 17:45:07,1.17,0.4
2024-01-26 17:47:33,1.2,0.1
2024-01-26 17:49:59,0.9,0.2
2024-01-26 17:52:26,0.8,0.17
2024-01-26 17:54:53,0.88,0.13
2024-01-26 17:57:19,1.17,0.3
2024-01-26 17:59:45,0.8,0.1
2024-01-26 18:02:11,0.75,0.17
2024-01-26 18:04:38,1.35,0.43
2024-01-26 18:07:04,0.85,0.1
2024-01-26 18:09:31,1.08,0.47
2024-01-26 18:12:00,0.7,0.1
2024-01-26 18:14:26,0.63,0.1
2024-01-26 18:16:52,1.55,0.55
2024-01-26 18:19:18,1.15,0.5
2024-01-26 18:21:44,0.9,0.15
2024-01-26 18:24:10,1.15,0.65
2024-01-26 18:26:36,0.85,0.1
2024-01-26 18:29:03,1.05,0.3
2024-01-26 18:31:29,1.08,0.43
2024-01-26 18:33:55,0.88,0.1
2024-01-26 18:36:21,1.45,0.57
2024-01-26 18:38:47,1.42,0.45
2024-01-26 18:41:26,1.27,0.3
2024-01-26 18:43:53,0.85,0.2
2024-01-26 18:46:19,0.95,0.47
2024-01-26 18:48:45,1.02,0.2
2024-01-26 18:51:11,1.05,0.3
2024-01-26 18:53:38,0.95,0.1
2024-01-26 18:56:04,1.1,0.47
2024-01-26 18:58:30,1.23,0.35
2024-01-26 19:00:56,0.8,0.1
2024-01-26 19:03:25,0.95,0.17
2024-01-26 19:05:51,1.13,0.32
2024-01-26 19:08:17,0.82,0.1
2024-01-26 19:10:43,0.82,0.1
2024-01-26 19:13:09,1.02,0.3
2024-01-26 19:15:36,1.08,0.22
2024-01-26 19:18:03,1.05,0.25
2024-01-26 19:20:30,1.13,0.2
2024-01-26 19:22:56,0.95,0.2
2024-01-26 19:25:22,1.23,0.35
2024-01-26 19:27:48,1.15,0.77
2024-01-26 19:30:14,1.13,0.25
2024-01-26 19:32:40,1.35,0.43
2024-01-26 19:35:07,1.2,0.25
2024-01-26 19:37:33,1.1,0.2
2024-01-26 19:40:00,1.23,0.5
2024-01-26 19:42:26,0.98,0.22
2024-01-26 19:44:52,1.05,0.4
2024-01-26 19:47:18,0.9,0.2
2024-01-26 19:49:45,1.35,0.4
2024-01-26 19:52:11,0.93,0.1
2024-01-26 19:54:37,0.82,0.1
2024-01-26 19:57:04,1.42,0.32
2024-01-26 19:59:30,0.65,0.15
2024-01-26 20:01:57,0.95,0.15
2024-01-26 20:04:23,0.7,0.1
2024-01-26 20:06:49,1.05,0.45
2024-01-26 20:09:15,1.2,0.45
2024-01-26 20:11:41,1.13,0.3
2024-01-26 20:14:07,0.88,0.63
2024-01-26 20:16:34,1.05,0.25
2024-01-26 20:19:00,0.93,0.3
2024-01-26 20:21:27,1.08,0.2
2024-01-26 20:23:53,1.2,0.63
2024-01-26 20:26:19,0.7,0.1
2024-01-26 20:28:45,0.95,0.4
2024-01-26 20:31:12,0.8,0.1
2024-01-26 20:33:38,1.48,0.98
2024-01-26 20:36:06,0.7,0.1
2024-01-26 20:38:32,0.88,0.17
2024-01-26 20:41:00,1.05,0.15
2024-01-26 20:43:27,1.0,0.2
2024-01-26 20:45:53,1.0,0.1
2024-01-26 20:48:19,1.25,0.3
2024-01-26 20:50:45,1.55,0.47
2024-01-26 20:53:12,1.13,0.17
2024-01-26 20:55:38,1.1,0.22
2024-01-26 20:58:04,1.2,0.38
2024-01-26 21:00:30,0.7,0.1
2024-01-26 21:02:56,1.45,0.57
2024-01-26 21:05:23,0.85,0.13
2024-01-26 21:07:56,0.88,0.1
2024-01-26 21:10:22,1.1,0.22
2024-01-26 21:12:48,1.0,0.2
2024-01-26 21:15:17,1.0,0.2
2024-01-26 21:17:44,1.38,0.63
2024-01-26 21:20:10,1.23,0.2
2024-01-26 21:22:36,0.8,0.2
2024-01-26 21:25:02,1.17,0.28
2024-01-26 21:27:29,1.45,0.5
2024-01-26 21:29:55,1.05,0.45
2024-01-26 21:32:21,1.13,0.22
2024-01-26 21:34:47,1.0,0.1
2024-01-26 21:37:17,1.3,0.2
2024-01-26 21:39:43,1.25,0.32
2024-01-26 21:42:09,1.15,0.2
2024-01-26 21:44:35,1.08,0.2
2024-01-26 21:47:01,1.15,0.45
2024-01-26 21:49:27,0.7,0.1
2024-01-26 21:51:54,0.75,0.1
2024-01-26 21:54:20,0.95,0.2
2024-01-26 21:56:46,1.13,0.32
2024-01-26 21:59:12,1.02,0.2
2024-01-26 22:01:38,1.08,0.2
2024-01-26 22:04:04,0.9,0.15
2024-01-26 22:06:31,1.02,0.17
2024-01-26 22:09:00,1.25,0.3
2024-01-26 22:13:53,1.0,0.13
2024-01-26 22:16:25,1.13,0.2
2024-01-26 22:18:51,0.98,0.2
2024-01-26 22:21:17,0.82,0.13
2024-01-26 22:23:47,1.35,0.3
2024-01-26 22:26:17,0.93,0.3
2024-01-26 22:28:43,0.98,0.15
2024-01-26 22:31:09,1.0,0.1
2024-01-26 22:33:35,1.3,0.22
2024-01-26 22:36:01,1.02,0.22
2024-01-26 22:38:27,0.93,0.2
2024-01-26 22:40:53,1.17,0.4
2024-01-26 22:43:19,0.8,0.1
2024-01-26 22:45:45,1.17,0.32
2024-01-26 22:48:12,0.8,0.1
2024-01-26 22:50:38,1.27,0.68
2024-01-26 22:53:05,1.15,0.22
2024-01-26 22:55:31,1.02,0.3
2024-01-26 22:57:57,0.85,0.1
2024-01-26 23:00:23,1.27,0.3
2024-01-26 23:02:55,1.17,0.2
2024-01-26 23:05:22,0.9,0.1
2024-01-26 23:07:49,1.08,0.22
2024-01-26 23:10:15,1.17,0.43
2024-01-26 23:12:44,1.27,0.32
2024-01-26 23:15:11,1.17,0.3
2024-01-26 23:17:38,0.8,0.1
2024-01-26 23:20:04,0.9,0.1
2024-01-26 23:22:31,0.9,0.2
2024-01-26 23:24:57,0.82,0.2
2024-01-26 23:27:24,1.08,0.3
2024-01-26 23:29:50,1.2,0.4
2024-01-26 23:32:16,1.05,0.28
2024-01-26 23:34:42,0.9,0.13
2024-01-26 23:37:08,1.0,0.3
2024-01-26 23:39:35,0.82,0.1
2024-01-26 23:42:01,1.02,0.35
2024-01-26 23:44:27,1.08,0.28
2024-01-26 23:46:53,1.05,0.2
2024-01-26 23:49:19,1.33,0.2
2024-01-26 23:51:45,1.2,0.52
2024-01-26 23:54:12,1.42,0.45
2024-01-26 23:56:40,0.95,0.2
2024-01-26 23:59:06,1.35,0.43
2024-01-27 00:01:32,0.77,0.1
2024-01-27 00:03:58,0.98,0.2
2024-01-27 00:06:24,0.95,0.22
2024-01-27 00:08:50,1.23,0.77
2024-01-27 00:11:17,1.35,0.3
2024-01-27 00:13:43,1.08,0.2
2024-01-27 00:16:09,0.6,0.1
2024-01-27 00:18:38,1.23,0.5
2024-01-27 00:21:05,1.08,0.38
2024-01-27 00:23:32,1.45,0.52
2024-01-27 00:25:59,1.33,0.43
2024-01-27 00:28:25,1.15,0.3
2024-01-27 00:30:51,0.8,0.1
2024-01-27 00:33:17,1.02,0.2
2024-01-27 00:35:43,1.42,0.22
2024-01-27 00:38:09,0.5,0.05
2024-01-27 00:40:35,0.98,0.2
2024-01-27 00:43:02,0.88,0.2
2024-01-27 00:45:28,0.9,0.13
2024-01-27 00:47:55,1.27,0.4
2024-01-27 00:50:21,1.23,0.25
2024-01-27 00:52:47,0.7,0.1
2024-01-27 00:55:14,0.95,0.1
2024-01-27 00:57:40,1.17,0.35
2024-01-27 01:00:06,1.02,0.2
2024-01-27 01:02:33,0.93,0.22
2024-01-27 01:04:59,0.8,0.1
2024-01-27 01:07:25,1.05,0.22
2024-01-27 01:09:51,1.1,0.32
2024-01-27 01:12:17,0.8,0.17
2024-01-27 01:14:43,0.8,0.2
2024-01-27 01:17:10,0.93,0.28
2024-01-27 01:19:36,0.93,0.17
2024-01-27 01:22:03,0.8,0.1
2024-01-27 01:24:29,0.93,0.13
2024-01-27 01:26:55,0.9,0.13
2024-01-27 01:29:21,0.73,0.1
2024-01-27 01:31:48,0.95,0.17
2024-01-27 01:34:14,1.2,0.38
2024-01-27 01:36:40,0.98,0.38
2024-01-27 01:39:10,1.13,0.2
2024-01-27 01:41:37,0.73,0.1
2024-01-27 01:44:03,1.45,1.13
2024-01-27 01:46:29,0.82,0.45
2024-01-27 01:48:56,0.77,0.1
2024-01-27 01:51:22,0.6,0.1
2024-01-27 01:53:48,0.95,0.1
2024-01-27 01:56:15,0.9,0.22
2024-01-27 01:58:41,1.25,0.43
2024-01-27 02:01:08,1.25,0.4
2024-01-27 02:03:34,1.2,0.2
2024-01-27 02:06:00,1.23,0.43
2024-01-27 02:08:26,0.9,0.2
2024-01-27 02:10:52,1.1,0.5
2024-01-27 02:13:19,0.82,0.1
2024-01-27 02:15:46,0.95,0.28
2024-01-27 02:18:12,1.52,0.65
2024-01-27 02:20:38,0.98,0.15
2024-01-27 02:23:04,1.0,0.45
2024-01-27 02:25:34,1.05,0.22
2024-01-27 02:28:01,0.8,0.1
2024-01-27 02:30:30,1.05,0.2
2024-01-27 02:32:56,1.27,0.32
2024-01-27 02:35:25,0.85,0.1
2024-01-27 02:37:51,1.13,0.4
2024-01-27 02:40:17,1.0,0.3
2024-01-27 02:42:43,1.13,0.3
2024-01-27 02:45:10,0.93,0.2
2024-01-27 02:47:36,1.05,0.43
2024-01-27 02:50:03,1.02,0.2
2024-01-27 02:52:31,0.7,0.1
2024-01-27 02:54:57,0.95,0.3
2024-01-27 02:57:23,1.0,0.2
2024-01-27 02:59:49,1.23,0.32
2024-01-27 03:02:15,1.2,0.25
2024-01-27 03:04:41,0.95,0.3
2024-01-27 03:07:07,0.93,0.2
2024-01-27 03:09:33,1.0,0.2
2024-01-27 03:12:00,1.1,0.4
2024-01-27 03:14:26,1.1,0.3
2024-01-27 03:16:52,0.93,0.3
2024-01-27 03:19:18,0.95,0.2
2024-01-27 03:21:45,1.52,1.1
2024-01-27 03:24:11,1.35,1.08
2024-01-27 03:26:37,1.38,0.4
2024-01-27 03:29:03,1.02,0.22
2024-01-27 03:31:29,1.5,0.82
2024-01-27 03:33:56,1.02,0.2
2024-01-27 03:36:22,0.95,0.2
2024-01-27 03:38:48,1.1,0.2
2024-01-27 03:41:14,1.35,0.3
2024-01-27 03:43:40,0.85,0.1
2024-01-27 03:46:06,0.7,0.1
2024-01-27 03:48:32,0.9,0.2
2024-01-27 03:51:00,1.38,0.43
2024-01-27 03:53:26,1.17,0.3
2024-01-27 03:55:52,1.2,0.4
2024-01-27 03:58:18,0.68,0.2
2024-01-27 04:00:44,1.2,0.4
2024-01-27 04:03:11,0.8,0.2
2024-01-27 04:05:37,1.25,0.5
2024-01-27 04:08:04,1.45,0.52
2024-01-27 04:10:31,0.82,0.13
2024-01-27 04:12:57,0.9,0.1
2024-01-27 04:15:23,1.08,0.3
2024-01-27 04:17:49,0.88,0.2
2024-01-27 04:20:15,1.13,0.3
2024-01-27 04:22:42,1.1,0.3
2024-01-27 04:25:08,1.5,0.57
2024-01-27 04:27:37,0.93,0.38
2024-01-27 04:30:05,1.05,0.28
2024-01-27 04:32:32,0.8,0.1
2024-01-27 04:34:58,1.08,0.35
2024-01-27 04:37:24,0.9,0.1
2024-01-27 04:39:50,0.95,0.22
2024-01-27 04:42:16,0.88,0.1
2024-01-27 04:44:42,1.08,0.22
2024-01-27 04:47:08,1.23,0.3
2024-01-27 04:49:34,1.13,0.32
2024-01-27 04:52:01,0.88,0.28
2024-01-27 04:54:27,0.88,0.25
2024-01-27 04:56:53,1.38,0.7
2024-01-27 04:59:19,1.52,0.4
2024-01-27 05:01:45,1.13,0.68
2024-01-27 05:04:11,1.4,0.98
2024-01-27 05:06:37,1.02,0.22
2024-01-27 05:09:07,1.35,0.25
2024-01-27 05:11:33,1.1,0.2
2024-01-27 05:13:59,1.0,0.1
2024-01-27 05:16:26,0.9,0.17
2024-01-27 05:18:52,0.93,0.2
2024-01-27 05:21:18,1.02,0.17
2024-01-27 05:23:44,1.42,0.43
2024-01-27 05:26:10,0.93,0.17
2024-01-27 05:28:37,0.8,0.2
2024-01-27 05:31:06,0.8,0.15
2024-01-27 05:33:33,1.23,0.28
2024-01-27 05:35:59,1.25,0.45
2024-01-27 05:38:25,0.95,0.35
2024-01-27 05:40:53,1.23,0.25
2024-01-27 05:43:19,0.82,0.15
2024-01-27 05:45:46,1.0,0.22
2024-01-27 05:48:12,0.7,0.1
2024-01-27 05:50:41,0.8,0.1
2024-01-27 05:53:08,1.08,0.32
2024-01-27 05:55:34,1.05,0.2
2024-01-27 05:58:00,1.0,0.3
2024-01-27 06:00:26,1.17,0.3
2024-01-27 06:02:52,1.13,0.22
2024-01-27 06:05:19,1.0,0.2
2024-01-27 06:07:45,1.0,0.2
2024-01-27 06:10:13,1.13,0.28
2024-01-27 06:12:39,1.1,0.22
2024-01-27 06:15:05,0.88,0.1
2024-01-27 06:17:33,0.8,0.1
2024-01-27 06:20:00,0.8,0.1
2024-01-27 06:22:26,1.08,0.22
2024-01-27 06:24:52,1.25,0.3
2024-01-27 06:27:18,0.8,0.15
2024-01-27 06:29:44,0.9,0.2
2024-01-27 06:32:10,0.98,0.55
2024-01-27 06:34:36,1.17,0.38
2024-01-27 06:37:02,0.98,0.2
2024-01-27 06:39:30,1.08,0.32
2024-01-27 06:41:56,0.7,0.1
2024-01-27 06:44:22,1.23,0.32
2024-01-27 06:46:48,0.8,0.1
2024-01-27 06:49:15,0.9,0.13
2024-01-27 06:51:42,1.1,0.2
2024-01-27 06:54:09,1.35,0.4
2024-01-27 06:56:35,1.23,0.5
2024-01-27 06:59:01,1.2,0.35
2024-01-27 07:01:28,0.8,0.2
2024-01-27 07:03:54,1.2,0.32
2024-01-27 07:06:20,1.55,0.4
2024-01-27 07:08:46,1.1,0.43
2024-01-27 07:11:12,1.35,0.55
2024-01-27 07:13:38,0.85,0.1
2024-01-27 07:16:04,1.1,0.28
2024-01-27 07:18:30,0.8,0.13
2024-01-27 07:20:56,1.2,0.3
2024-01-27 07:23:24,1.08,0.2
2024-01-27 07:25:50,0.7,0.1
2024-01-27 07:28:16,1.38,0.4
2024-01-27 07:30:43,0.9,0.2
2024-01-27 07:33:10,1.17,0.2
2024-01-27 07:35:36,0.82,0.17
2024-01-27 07:38:02,1.35,0.3
2024-01-27 07:40:28,1.23,0.4
2024-01-27 07:42:54,1.05,0.45
2024-01-27 07:45:20,1.25,0.38
2024-01-27 07:47:46,1.13,0.4
2024-01-27 07:50:12,0.7,0.1
2024-01-27 07:52:38,1.08,0.43
2024-01-27 07:55:04,1.25,0.45
2024-01-27 07:57:31,1.2,0.32
2024-01-27 07:59:57,1.17,0.3
2024-01-27 08:02:23,0.75,0.17
2024-01-27 08:04:51,0.88,0.17
2024-01-27 08:07:17,1.35,0.45
2024-01-27 08:09:43,1.08,0.2
2024-01-27 08:12:09,1.27,0.4
2024-01-27 08:14:36,1.1,0.5
2024-01-27 08:17:03,1.05,0.15
2024-01-27 08:19:29,0.95,0.25
2024-01-27 08:21:55,0.88,0.1
2024-01-27 08:24:22,1.27,0.4
2024-01-27 08:26:49,1.1,0.45
2024-01-27 08:29:15,0.93,0.15
2024-01-27 08:31:41,1.23,0.3
2024-01-27 08:34:08,0.8,0.1
2024-01-27 08:36:37,0.9,0.1
2024-01-27 08:39:03,0.82,0.1
2024-01-27 08:41:32,1.13,0.3
2024-01-27 08:43:58,1.48,0.52
2024-01-27 08:46:24,0.9,0.3
2024-01-27 08:48:50,0.9,0.2
2024-01-27 08:51:16,1.0,0.2
2024-01-27 08:53:46,0.93,0.1
2024-01-27 08:56:16,1.05,0.2
2024-01-27 08:58:43,1.23,0.3
2024-01-27 09:01:10,0.63,0.1
2024-01-27 09:03:38,1.1,0.4
2024-01-27 09:06:05,0.7,0.1
2024-01-27 09:10:58,1.17,0.3
2024-01-27 09:13:24,1.15,0.2
2024-01-27 09:15:50,1.52,0.73
2024-01-27 09:18:16,0.88,0.1
2024-01-27 09:20:43,1.02,0.22
2024-01-27 09:23:09,0.95,0.2
2024-01-27 09:25:35,1.02,0.2
2024-01-27 09:28:01,0.88,0.13
2024-01-27 09:30:28,1.05,0.3
2024-01-27 09:32:54,0.82,0.1
2024-01-27 09:35:20,1.17,0.38
2024-01-27 09:37:46,0.98,0.28
2024-01-27 09:40:12,1.05,0.22
2024-01-27 09:42:38,1.42,0.45
2024-01-27 09:45:05,1.02,0.25
2024-01-27 09:47:31,1.1,0.17
2024-01-27 09:49:59,1.1,0.38
2024-01-27 09:52:26,1.13,0.3
2024-01-27 09:54:52,0.8,0.1
2024-01-27 09:57:18,0.93,0.2
2024-01-27 09:59:46,1.45,0.45
2024-01-27 10:02:13,1.27,0.4
2024-01-27 10:04:40,0.77,0.1
2024-01-27 10:07:07,0.95,0.15
2024-01-27 10:09:33,0.9,0.3
2024-01-27 10:12:00,0.98,0.2
2024-01-27 10:14:42,1.1,0.2
2024-01-27 10:17:20,1.25,0.52
2024-01-27 10:19:47,1.23,0.3
2024-01-27 10:22:13,0.82,0.1
2024-01-27 10:24:39,0.9,0.13
2024-01-27 10:27:05,0.55,0.1
2024-01-27 10:29:31,0.75,0.1
2024-01-27 10:32:10,0.85,0.25
2024-01-27 10:34:36,0.9,0.15
2024-01-27 10:37:02,1.08,0.5
2024-01-27 10:39:28,0.8,0.1
2024-01-27 10:41:54,1.1,0.2
2024-01-27 10:44:21,1.1,0.2
2024-01-27 10:46:47,1.08,0.22
2024-01-27 10:49:15,0.82,0.1
2024-01-27 10:54:18,0.7,0.1
2024-01-27 10:56:48,0.82,0.13
2024-01-27 10:59:14,1.23,0.3
2024-01-27 11:01:41,1.35,0.5
2024-01-27 11:04:08,1.05,0.2
2024-01-27 11:06:38,0.85,0.1
2024-01-27 11:09:05,1.08,0.28
2024-01-27 11:11:33,1.27,0.45
2024-01-27 11:14:00,1.17,0.47
2024-01-27 11:16:26,1.02,0.3
2024-01-27 11:18:53,0.93,0.25
2024-01-27 11:21:19,1.2,0.17
2024-01-27 11:23:45,0.95,0.13
2024-01-27 11:26:17,1.33,0.7
2024-01-27 11:28:43,0.95,0.28
2024-01-27 11:31:09,0.9,0.1
2024-01-27 11:33:40,1.05,0.25
2024-01-27 11:36:08,0.95,0.2
2024-01-27 11:38:34,0.75,0.1
2024-01-27 11:41:01,1.25,0.2
2024-01-27 11:43:27,1.1,0.3
2024-01-27 11:45:56,1.0,0.2
2024-01-27 11:48:23,1.08,0.22
2024-01-27 11:50:59,1.5,0.35
2024-01-27 11:53:26,0.93,0.25
2024-01-27 11:55:55,1.13,0.3
2024-01-27 11:58:21,0.82,0.1
2024-01-27 12:00:47,0.88,0.1
2024-01-27 12:03:13,0.9,0.22
2024-01-27 12:05:39,0.8,0.1
2024-01-27 12:08:07,1.55,0.4
2024-01-27 12:10:33,0.82,0.13
2024-01-27 12:13:00,0.85,0.17
2024-01-27 12:15:26,0.98,0.17
2024-01-27 12:17:52,1.7,0.3
2024-01-27 12:20:18,0.7,0.1
2024-01-27 12:22:45,0.9,0.15
2024-01-27 12:25:11,1.13,0.7
2024-01-27 12:27:40,1.17,0.25
2024-01-27 12:30:07,0.95,0.15
2024-01-27 12:32:34,0.75,0.2
2024-01-27 12:35:06,1.23,0.3
2024-01-27 12:37:33,2.28,0.17
2024-01-27 12:42:26,0.9,0.3
2024-01-27 12:44:52,0.8,0.1
2024-01-27 12:47:18,0.85,0.2
2024-01-27 12:49:45,1.1,0.2
2024-01-27 12:52:11,0.95,0.2
2024-01-27 12:54:38,0.7,0.1
2024-01-27 12:57:04,0.88,0.2
2024-01-27 12:59:32,1.55,0.2
2024-01-27 13:01:58,0.95,0.15
2024-01-27 13:04:24,0.8,0.2
2024-01-27 13:06:51,0.73,0.1
2024-01-27 13:09:19,0.85,0.1
2024-01-27 13:11:45,1.23,0.3
2024-01-27 13:16:39,1.0,0.2
2024-01-27 13:19:05,0.85,0.1
2024-01-27 13:21:31,1.15,0.32
2024-01-27 13:23:57,0.98,0.3
2024-01-27 13:26:23,1.25,0.4
2024-01-27 13:28:50,1.25,0.45
2024-01-27 13:31:16,0.88,0.2
2024-01-27 13:33:43,0.8,0.2
2024-01-27 13:36:09,1.0,0.2
2024-01-27 13:38:35,0.98,0.17
2024-01-27 13:41:02,0.7,0.1
2024-01-27 13:43:29,1.23,0.3
2024-01-27 13:45:55,1.17,0.35
2024-01-27 13:48:21,1.05,0.35
2024-01-27 13:50:47,1.25,0.4
2024-01-27 13:53:13,1.33,0.55
2024-01-27 13:55:39,0.95,0.2
2024-01-27 13:58:07,0.7,0.1
2024-01-27 14:00:33,1.27,0.52
2024-01-27 14:03:00,1.2,0.4
2024-01-27 14:05:26,1.27,0.43
2024-01-27 14:07:52,0.82,0.1
2024-01-27 14:10:18,1.05,0.35
2024-01-27 14:12:44,1.13,0.43
2024-01-27 14:15:11,1.05,0.32
2024-01-27 14:17:37,0.9,0.1
2024-01-27 14:20:03,1.15,0.1
2024-01-27 14:22:30,1.13,0.3
2024-01-27 14:24:56,1.13,0.32
2024-01-27 14:27:22,1.35,0.28
2024-01-27 14:29:54,1.1,0.2
2024-01-27 14:32:21,0.88,0.1
2024-01-27 14:34:47,0.9,0.17
2024-01-27 14:37:14,1.3,0.4
2024-01-27 14:39:42,0.8,0.1
2024-01-27 14:42:10,1.55,0.32
2024-01-27 14:44:36,1.05,0.25
2024-01-27 14:47:02,1.05,0.1
2024-01-27 14:49:29,1.17,0.2
2024-01-27 14:51:55,1.15,0.2
2024-01-27 14:54:21,0.8,0.15
2024-01-27 14:56:47,0.88,0.2
2024-01-27 14:59:13,1.0,0.2
2024-01-27 15:01:39,0.73,0.1
2024-01-27 15:04:05,0.85,0.1
2024-01-27 15:06:32,2.42,0.2
2024-01-27 15:08:58,0.82,0.1
2024-01-27 15:11:25,1.17,0.3
2024-01-27 15:13:51,0.6,0.1
2024-01-27 15:16:17,0.98,0.15
2024-01-27 15:18:43,1.0,0.3
2024-01-27 15:21:10,0.75,0.1
2024-01-27 15:23:36,0.7,0.1
2024-01-27 15:26:03,0.7,0.1
2024-01-27 15:28:31,1.3,0.3
2024-01-27 15:30:57,0.75,0.1
2024-01-27 15:33:23,1.05,0.22
2024-01-27 15:35:49,1.17,0.3
2024-01-27 15:38:16,1.1,0.2
2024-01-27 15:40:42,0.95,0.17
2024-01-27 15:43:09,0.85,0.3
2024-01-27 15:45:35,1.65,0.57
2024-01-27 15:48:01,1.17,0.5
2024-01-27 15:50:28,0.63,0.1
2024-01-27 15:52:55,1.25,0.55
2024-01-27 15:55:22,1.08,0.3
2024-01-27 15:57:48,1.15,0.25
2024-01-27 16:00:15,1.02,0.22
2024-01-27 16:02:41,1.35,0.3
2024-01-27 16:05:08,1.35,0.3
2024-01-27 16:07:34,1.45,0.47
2024-01-27 16:10:00,0.75,0.1
2024-01-27 16:12:27,1.05,0.1
2024-01-27 16:14:53,1.33,0.3
2024-01-27 16:17:19,1.25,0.3
2024-01-27 16:19:45,1.52,0.82
2024-01-27 16:22:11,1.02,0.1
2024-01-27 16:24:38,1.25,0.32
2024-01-27 16:27:05,1.1,0.2
2024-01-27 16:29:31,0.82,0.1
2024-01-27 16:31:57,1.17,0.25
2024-01-27 16:34:23,1.15,0.22
2024-01-27 16:36:49,1.08,0.22
2024-01-27 16:39:16,1.15,0.32
2024-01-27 16:41:42,0.98,0.3
2024-01-27 16:44:08,1.02,0.22
2024-01-27 16:46:34,0.88,0.17
2024-01-27 16:49:00,1.58,0.68
2024-01-27 16:51:26,1.05,0.3
2024-01-27 16:53:53,1.5,0.45
2024-01-27 16:56:19,0.7,0.1
2024-01-27 16:58:45,0.85,0.15
2024-01-27 17:01:15,0.8,0.1
2024-01-27 17:03:41,0.65,0.1
2024-01-27 17:06:07,1.33,0.55
2024-01-27 17:08:33,1.17,0.32
2024-01-27 17:10:59,1.08,0.35
2024-01-27 17:13:25,0.88,0.17
2024-01-27 17:15:52,0.9,0.1
2024-01-27 17:18:19,1.38,0.3
2024-01-27 17:20:45,1.2,0.3
2024-01-27 17:23:11,0.9,0.13
2024-01-27 17:25:37,1.25,0.32
2024-01-27 17:28:04,0.6,0.1
2024-01-27 17:30:30,0.85,0.15
2024-01-27 17:32:56,1.45,0.3
2024-01-27 17:35:23,1.73,0.3
2024-01-27 17:37:49,1.1,0.22
2024-01-27 17:40:15,0.9,0.1
2024-01-27 17:42:42,1.13,0.1
2024-01-27 17:45:08,0.6,0.1
2024-01-27 17:47:34,1.08,0.17
2024-01-27 17:50:01,1.15,0.2
2024-01-27 17:52:28,1.05,0.2
2024-01-27 17:54:54,1.05,0.22
2024-01-27 17:57:20,0.8,0.1
2024-01-27 17:59:46,0.82,0.1
2024-01-27 18:02:13,1.13,0.22
2024-01-27 18:04:39,1.23,0.3
2024-01-27 18:07:05,0.98,0.3
2024-01-27 18:09:31,0.8,0.1
2024-01-27 18:11:57,1.0,0.2
2024-01-27 18:14:26,0.9,0.2
2024-01-27 18:16:52,0.6,0.1
2024-01-27 18:19:18,1.05,0.32
2024-01-27 18:21:44,0.8,0.17
2024-01-27 18:24:10,0.85,0.3
2024-01-27 18:26:36,0.73,0.17
2024-01-27 18:29:02,1.33,0.4
2024-01-27 18:31:28,1.08,0.32
2024-01-27 18:33:54,0.73,0.1
2024-01-27 18:36:20,0.77,0.15
2024-01-27 18:38:47,0.73,0.1
2024-01-27 18:41:13,1.05,0.25
2024-01-27 18:43:39,1.58,0.57
2024-01-27 18:46:06,1.35,0.43
2024-01-27 18:48:35,0.85,0.1
2024-01-27 18:51:02,0.88,0.17
2024-01-27 18:53:30,0.95,0.2
2024-01-27 18:55:58,0.6,0.1
2024-01-27 18:58:24,0.7,0.1
2024-01-27 19:00:50,1.0,0.2
2024-01-27 19:03:17,1.05,0.3
2024-01-27 19:05:43,1.02,0.47
2024-01-27 19:08:09,0.8,0.1
2024-01-27 19:10:35,1.13,0.43
2024-01-27 19:13:01,0.88,0.1
2024-01-27 19:15:27,0.9,0.13
2024-01-27 19:17:54,1.3,0.47
2024-01-27 19:20:20,0.9,0.1
2024-01-27 19:22:46,0.7,0.1
2024-01-27 19:25:15,0.6,0.1
2024-01-27 19:27:41,1.13,0.4
2024-01-27 19:30:07,1.05,0.28
2024-01-27 19:32:33,0.77,0.2
2024-01-27 19:34:59,1.0,0.2
2024-01-27 19:37:26,1.15,0.35
2024-01-27 19:39:52,0.85,0.15
2024-01-27 19:42:18,0.8,0.1
2024-01-27 19:44:45,0.82,0.1
2024-01-27 19:47:11,1.0,0.2
2024-01-27 19:49:37,0.9,0.15
2024-01-27 19:52:04,1.0,0.2
2024-01-27 19:54:32,1.15,0.32
2024-01-27 19:56:58,1.4,0.75
2024-01-27 19:59:24,1.13,0.32
2024-01-27 20:01:50,1.02,0.2
2024-01-27 20:04:16,0.9,0.17
2024-01-27 20:06:42,0.73,0.13
2024-01-27 20:09:08,0.7,0.1
2024-01-27 20:11:35,1.1,0.45
2024-01-27 20:14:01,0.7,0.1
2024-01-27 20:16:28,0.88,0.28
2024-01-27 20:18:54,0.98,0.57
2024-01-27 20:21:21,1.2,0.4
2024-01-27 20:26:13,0.9,0.2
2024-01-27 20:28:39,0.95,0.2
2024-01-27 20:31:05,0.85,0.28
2024-01-27 20:33:32,0.9,0.32
2024-01-27 20:35:59,0.75,0.1
2024-01-27 20:38:25,0.75,0.15
2024-01-27 20:40:51,1.4,0.57
2024-01-27 20:43:18,0.93,0.43
2024-01-27 20:45:44,0.93,0.2
2024-01-27 20:48:10,1.1,0.65
2024-01-27 20:50:39,0.7,0.1
2024-01-27 20:53:05,1.08,0.38
2024-01-27 20:55:32,1.08,0.4
2024-01-27 20:57:58,0.95,0.17
2024-01-27 21:00:24,1.02,0.3
2024-01-27 21:02:50,0.55,0.1
2024-01-27 21:05:16,0.65,0.1
2024-01-27 21:07:43,1.0,0.47
2024-01-27 21:10:09,0.88,0.17
2024-01-27 21:12:35,1.38,0.73
2024-01-27 21:15:02,1.17,0.35
2024-01-27 21:17:28,0.88,0.2
2024-01-27 21:19:54,0.7,0.1
2024-01-27 21:22:21,1.1,0.32
2024-01-27 21:24:47,1.08,0.4
2024-01-27 21:27:13,2.0,1.7
2024-01-27 21:29:39,0.95,0.2
2024-01-27 21:32:05,0.9,0.1
2024-01-27 21:34:31,0.9,0.1
2024-01-27 21:36:58,0.77,0.1
2024-01-27 21:39:24,0.63,0.1
2024-01-27 21:41:51,0.77,0.17
2024-01-27 21:44:17,0.82,0.1
2024-01-27 21:46:43,1.3,0.55
2024-01-27 21:49:09,1.15,0.43
2024-01-27 21:51:36,1.17,0.32
2024-01-27 21:54:02,1.17,0.52
2024-01-27 21:58:58,0.95,0.35
2024-01-27 22:01:24,0.95,0.4
2024-01-27 22:03:51,1.08,0.73
2024-01-27 22:06:17,1.08,0.52
2024-01-27 22:08:43,0.98,0.2
2024-01-27 22:11:10,0.98,0.22
2024-01-27 22:13:36,1.02,0.43
2024-01-27 22:16:02,0.85,0.15
2024-01-27 22:18:28,1.1,0.22
2024-01-27 22:20:55,1.05,0.43
2024-01-27 22:23:22,1.17,0.43
2024-01-27 22:25:49,1.1,0.4
2024-01-27 22:28:15,1.38,0.57
2024-01-27 22:30:41,0.93,0.25
2024-01-27 22:33:08,1.33,0.45
2024-01-27 22:35:38,0.88,0.2
2024-01-27 22:38:08,1.13,0.55
2024-01-27 22:40:37,1.48,0.65
2024-01-27 22:43:03,1.2,0.2
2024-01-27 22:45:30,1.33,0.4
2024-01-27 22:47:56,1.02,0.17
2024-01-27 22:50:22,0.75,0.1
2024-01-27 22:52:48,1.15,0.4
2024-01-27 22:55:14,0.6,0.1
2024-01-27 22:57:40,0.98,0.2
2024-01-27 23:00:06,0.77,0.13
2024-01-27 23:02:47,0.82,0.15
2024-01-27 23:05:14,1.13,0.22
2024-01-27 23:07:40,0.77,0.13
2024-01-27 23:10:06,0.52,0.1
2024-01-27 23:12:32,1.15,0.6
2024-01-27 23:14:58,0.7,0.1
2024-01-27 23:17:24,1.25,0.55
2024-01-27 23:19:50,0.95,0.28
2024-01-27 23:22:16,1.17,0.55
2024-01-27 23:24:42,1.05,0.22
2024-01-27 23:27:09,0.98,0.2
2024-01-27 23:29:35,0.77,0.1
2024-01-27 23:32:03,0.85,0.15
2024-01-27 23:36:55,1.4,0.8
2024-01-27 23:39:21,0.6,0.1
2024-01-27 23:41:48,0.63,0.1
2024-01-27 23:44:14,1.42,0.52
2024-01-27 23:46:40,0.85,0.2
2024-01-27 23:49:06,1.2,0.43
2024-01-27 23:51:32,0.98,0.35
2024-01-27 23:54:00,0.63,0.1
2024-01-27 23:56:26,1.05,0.25
2024-01-27 23:58:52,0.88,0.15
2024-01-28 00:01:18,0.88,0.17
2024-01-28 00:03:44,0.98,0.3
2024-01-28 00:06:10,1.05,0.55
2024-01-28 00:08:36,1.08,0.43
2024-01-28 00:11:03,0.73,0.1
2024-01-28 00:13:29,0.9,0.2
2024-01-28 00:15:59,1.0,0.32
2024-01-28 00:18:25,1.35,0.3
2024-01-28 00:20:52,1.25,0.5
2024-01-28 00:23:18,1.13,0.43
2024-01-28 00:28:11,1.3,0.5
2024-01-28 00:30:37,0.9,0.2
2024-01-28 00:33:03,1.15,0.35
2024-01-28 00:35:29,0.8,0.1
2024-01-28 00:37:55,0.9,0.3
2024-01-28 00:40:23,0.73,0.1
2024-01-28 00:42:49,1.33,0.63
2024-01-28 00:45:15,0.8,0.1
2024-01-28 00:47:41,1.15,0.43
2024-01-28 00:50:08,1.0,0.28
2024-01-28 00:52:34,0.75,0.1
2024-01-28 00:55:00,0.75,0.17
2024-01-28 00:57:26,1.05,0.32
2024-01-28 00:59:52,0.6,0.1
2024-01-28 01:02:18,0.65,0.13
2024-01-28 01:04:44,0.9,0.13
2024-01-28 01:07:11,0.9,0.25
2024-01-28 01:09:37,0.88,0.3
2024-01-28 01:12:03,0.77,0.1
2024-01-28 01:14:30,0.82,0.13
2024-01-28 01:17:01,0.98,0.2
2024-01-28 01:19:27,0.8,0.1
2024-01-28 01:21:53,1.05,0.25
2024-01-28 01:24:19,1.08,0.25
2024-01-28 01:26:45,0.73,0.1
2024-01-28 01:29:11,1.3,0.73
2024-01-28 01:31:37,1.17,0.35
2024-01-28 01:34:03,0.95,0.3
2024-01-28 01:36:30,1.23,0.55
2024-01-28 01:38:56,1.02,0.32
2024-01-28 01:41:22,1.23,0.52
2024-01-28 01:43:50,1.23,0.43
2024-01-28 01:46:16,0.9,0.4
2024-01-28 01:48:43,0.77,0.15
2024-01-28 01:51:09,0.85,0.25
2024-01-28 01:53:36,1.2,0.47
2024-01-28 01:56:03,1.38,0.55
2024-01-28 01:58:29,0.75,0.1
2024-01-28 02:00:55,0.95,0.2
2024-01-28 02:03:22,0.77,0.1
2024-01-28 02:05:48,0.98,0.2
2024-01-28 02:08:14,0.8,0.1
2024-01-28 02:10:40,1.38,0.68
2024-01-28 02:13:06,1.4,0.43
2024-01-28 02:15:35,1.23,0.52
2024-01-28 02:18:03,0.8,0.1
2024-01-28 02:20:29,1.17,0.32
2024-01-28 02:22:56,1.15,0.57
2024-01-28 02:25:22,0.95,0.35
2024-01-28 02:27:48,1.27,0.5
2024-01-28 02:30:14,1.17,0.47
2024-01-28 02:32:47,0.8,0.1
2024-01-28 02:35:14,1.05,0.35
2024-01-28 02:37:40,0.88,0.17
2024-01-28 02:40:06,0.7,0.1
2024-01-28 02:44:59,0.75,0.15
2024-01-28 02:47:25,0.98,0.32
2024-01-28 02:49:51,1.17,0.4
2024-01-28 02:52:17,0.8,0.1
2024-01-28 02:54:44,0.9,0.1
2024-01-28 02:57:10,0.95,0.35
2024-01-28 02:59:36,1.08,0.55
2024-01-28 03:02:02,1.02,0.22
2024-01-28 03:04:28,0.93,0.2
2024-01-28 03:06:55,0.7,0.1
2024-01-28 03:09:21,1.4,0.8
2024-01-28 03:11:47,0.98,0.2
2024-01-28 03:14:13,1.0,0.32
2024-01-28 03:16:39,0.98,0.2
2024-01-28 03:19:05,0.82,0.13
2024-01-28 03:21:31,0.82,0.17
2024-01-28 03:23:57,1.08,0.2
2024-01-28 03:26:23,1.2,0.4
2024-01-28 03:28:49,1.17,0.45
2024-01-28 03:31:18,0.85,0.2
2024-01-28 03:33:44,1.08,0.25
2024-01-28 03:36:11,1.13,0.2
2024-01-28 03:38:37,0.98,0.2
2024-01-28 03:41:04,0.7,0.1
2024-01-28 03:43:30,0.95,0.3
2024-01-28 03:45:56,0.82,0.1
2024-01-28 03:48:23,0.98,0.2
2024-01-28 03:50:49,0.9,0.15
2024-01-28 03:53:15,0.68,0.13
2024-01-28 03:55:41,0.68,0.1
2024-01-28 03:58:09,1.4,0.63
2024-01-28 04:00:38,0.8,0.1
2024-01-28 04:03:04,0.77,0.1
2024-01-28 04:05:30,1.35,0.43
2024-01-28 04:07:58,0.95,0.2
2024-01-28 04:10:24,1.15,0.5
2024-01-28 04:12:50,0.77,0.22
2024-01-28 04:15:16,1.08,0.47
2024-01-28 04:17:42,0.88,0.13
2024-01-28 04:20:08,0.88,0.1
2024-01-28 04:22:34,1.25,0.5
2024-01-28 04:25:00,0.77,0.13
2024-01-28 04:27:27,1.1,0.43
2024-01-28 04:29:53,1.23,0.22
2024-01-28 04:32:19,1.02,0.25
2024-01-28 04:34:45,0.63,0.1
2024-01-28 04:37:11,0.82,0.13
2024-01-28 04:39:37,0.77,0.15
2024-01-28 04:42:03,1.13,0.3
2024-01-28 04:44:29,0.73,0.1
2024-01-28 04:46:55,1.0,0.13
2024-01-28 04:49:22,1.0,0.2
2024-01-28 04:51:49,0.7,0.1
2024-01-28 04:54:15,1.13,0.55
2024-01-28 04:56:42,0.7,0.1
2024-01-28 04:59:08,0.82,0.15
2024-01-28 05:01:34,0.9,0.15
2024-01-28 05:04:00,0.9,0.1
2024-01-28 05:06:28,1.08,0.32
2024-01-28 05:09:03,0.98,0.85
2024-01-28 05:11:29,0.77,0.13
2024-01-28 05:13:59,1.45,0.4
2024-01-28 05:16:25,1.17,0.43
2024-01-28 05:18:52,0.95,0.25
2024-01-28 05:21:18,0.73,0.1
2024-01-28 05:23:47,1.17,0.2
2024-01-28 05:26:14,1.1,0.45
2024-01-28 05:28:40,1.17,0.43
2024-01-28 05:31:07,0.95,0.1
2024-01-28 05:33:34,1.33,0.47
2024-01-28 05:36:11,0.85,0.15
2024-01-28 05:38:38,0.93,0.13
2024-01-28 05:41:05,0.82,0.2
2024-01-28 05:43:31,0.7,0.1
2024-01-28 05:45:58,0.93,0.35
2024-01-28 05:48:24,1.1,0.25
2024-01-28 05:50:50,0.68,0.1
2024-01-28 05:53:16,1.02,0.45
2024-01-28 05:55:42,1.27,0.38
2024-01-28 05:58:08,1.05,0.22
2024-01-28 06:00:34,1.05,0.22
2024-01-28 06:03:00,0.98,0.25
2024-01-28 06:05:26,1.17,0.45
2024-01-28 06:07:52,1.0,0.15
2024-01-28 06:10:18,0.8,0.2
2024-01-28 06:12:45,0.7,0.1
2024-01-28 06:15:11,0.7,0.1
2024-01-28 06:17:37,0.8,0.1
2024-01-28 06:20:04,0.93,0.2
2024-01-28 06:22:30,1.33,0.43
2024-01-28 06:25:00,1.15,0.35
2024-01-28 06:27:26,0.73,0.2
2024-01-28 06:29:52,0.75,0.17
2024-01-28 06:32:18,1.17,0.35
2024-01-28 06:34:47,0.75,0.2
2024-01-28 06:37:13,1.5,1.25
2024-01-28 06:39:39,1.08,0.2
2024-01-28 06:42:05,1.02,0.43
2024-01-28 06:44:31,1.13,0.3
2024-01-28 06:46:58,1.1,0.25
2024-01-28 06:49:24,1.25,0.35
2024-01-28 06:51:50,1.38,0.4
2024-01-28 06:54:17,1.02,0.4
2024-01-28 06:59:10,0.95,0.15
2024-01-28 07:01:36,1.02,0.22
2024-01-28 07:04:02,1.08,0.2
2024-01-28 07:06:29,0.75,0.17
2024-01-28 07:08:55,1.35,0.43
2024-01-28 07:11:22,1.25,0.52
2024-01-28 07:13:48,1.38,0.43
2024-01-28 07:16:14,1.1,0.25
2024-01-28 07:18:40,1.13,0.55
2024-01-28 07:21:06,1.15,0.32
2024-01-28 07:23:32,1.42,0.3
2024-01-28 07:25:58,1.08,0.52
2024-01-28 07:28:25,0.82,0.13
2024-01-28 07:30:51,0.8,0.1
2024-01-28 07:33:17,0.8,0.1
2024-01-28 07:35:43,0.88,0.2
2024-01-28 07:38:09,0.85,0.1
2024-01-28 07:40:35,0.6,0.1
2024-01-28 07:43:02,1.08,0.35
2024-01-28 07:45:28,1.13,0.4
2024-01-28 07:47:54,1.1,0.3
2024-01-28 07:50:21,0.88,0.1
2024-01-28 07:52:47,1.13,0.73
2024-01-28 07:55:13,0.9,0.1
2024-01-28 07:57:39,1.02,0.15
2024-01-28 08:00:05,1.13,0.2
2024-01-28 08:02:32,0.88,0.1
2024-01-28 08:04:58,0.8,0.1
2024-01-28 08:07:25,1.52,1.08
2024-01-28 08:09:51,1.35,0.45
2024-01-28 08:12:17,0.8,0.1
2024-01-28 08:14:43,1.05,0.5
2024-01-28 08:17:09,1.35,0.8
2024-01-28 08:19:35,1.1,0.32
2024-01-28 08:22:03,0.85,0.2
2024-01-28 08:24:30,0.85,0.15
2024-01-28 08:26:56,0.75,0.1
2024-01-28 08:29:23,0.65,0.13
2024-01-28 08:31:50,0.9,0.2
2024-01-28 08:34:16,0.95,0.2
2024-01-28 08:36:42,1.0,0.2
2024-01-28 08:39:09,0.85,0.15
2024-01-28 08:41:37,0.77,0.1
2024-01-28 08:44:06,0.85,0.17
2024-01-28 08:46:32,0.73,0.1
2024-01-28 08:49:04,1.35,0.47
2024-01-28 08:51:30,1.4,0.88
2024-01-28 08:53:56,1.1,0.3
2024-01-28 08:56:22,0.75,0.13
2024-01-28 08:58:48,0.98,0.2
2024-01-28 09:01:14,0.63,0.17
2024-01-28 09:03:40,1.23,0.25
2024-01-28 09:06:06,1.15,0.35
2024-01-28 09:08:36,0.85,0.1
2024-01-28 09:11:02,1.05,0.25
2024-01-28 09:13:28,0.8,0.1
2024-01-28 09:15:54,0.95,0.2
2024-01-28 09:18:20,1.45,0.8
2024-01-28 09:20:47,1.02,0.3
2024-01-28 09:23:13,0.75,0.13
2024-01-28 09:25:39,0.82,0.1
2024-01-28 09:28:05,1.25,0.93
2024-01-28 09:32:58,0.8,0.2
2024-01-28 09:35:24,0.98,0.2
2024-01-28 09:37:50,0.9,0.13
2024-01-28 09:40:19,0.98,0.3
2024-01-28 09:45:24,1.17,0.55
2024-01-28 09:47:52,0.9,0.1
2024-01-28 09:50:19,1.25,0.57
2024-01-28 09:52:45,0.8,0.1
2024-01-28 09:55:11,1.2,0.2
2024-01-28 09:57:38,0.75,0.1
2024-01-28 10:00:05,1.33,0.2
2024-01-28 10:02:32,0.98,0.4
2024-01-28 10:05:01,0.9,0.1
2024-01-28 10:07:27,0.85,0.15
2024-01-28 10:09:53,1.0,0.2
2024-01-28 10:12:19,1.27,0.35
2024-01-28 10:14:49,0.9,0.2
2024-01-28 10:17:15,1.42,0.63
2024-01-28 10:19:41,1.02,0.17
2024-01-28 10:22:08,0.85,0.1
2024-01-28 10:24:34,0.9,0.2
2024-01-28 10:27:02,0.85,0.13
2024-01-28 10:29:29,1.63,1.25
2024-01-28 10:32:01,0.85,0.1
2024-01-28 10:34:27,0.85,0.2
2024-01-28 10:36:54,1.05,0.2
2024-01-28 10:39:21,1.02,0.2
2024-01-28 10:44:14,0.98,0.22
2024-01-28 10:46:41,0.9,0.1
2024-01-28 10:49:09,0.8,0.1
2024-01-28 10:51:37,0.75,0.1
2024-01-28 10:54:04,1.1,0.47
2024-01-28 10:56:32,1.1,0.32
2024-01-28 10:58:58,1.27,0.57
2024-01-28 11:01:25,1.35,0.43
2024-01-28 11:03:52,1.17,0.68
2024-01-28 11:06:19,1.35,0.63
2024-01-28 11:08:45,1.13,0.17
2024-01-28 11:11:12,1.1,0.25
2024-01-28 11:13:38,1.17,0.35
2024-01-28 11:16:09,0.93,0.2
2024-01-28 11:18:36,1.08,0.43
2024-01-28 11:21:09,1.27,0.52
2024-01-28 11:23:40,0.85,0.17
2024-01-28 11:26:11,1.25,0.3
2024-01-28 11:28:37,1.02,0.3
2024-01-28 11:31:03,1.15,0.25
2024-01-28 11:33:33,0.65,0.13
2024-01-28 11:36:00,0.93,0.25
2024-01-28 11:38:27,0.93,0.17
2024-01-28 11:40:57,0.9,0.1
2024-01-28 11:43:27,0.93,0.13
2024-01-28 11:45:54,0.73,0.1
2024-01-28 11:48:22,0.95,0.2
2024-01-28 11:50:48,1.05,0.25
2024-01-28 11:53:15,1.3,0.88
2024-01-28 11:55:41,1.3,0.3
2024-01-28 11:58:07,1.08,0.32
2024-01-28 12:00:33,1.1,0.2
2024-01-28 12:02:59,1.33,0.5
2024-01-28 12:05:25,0.75,0.1
2024-01-28 12:07:53,1.08,0.17
2024-01-28 12:10:20,1.02,0.3
2024-01-28 12:12:47,1.23,0.45
2024-01-28 12:15:13,1.75,0.98
2024-01-28 12:17:40,1.08,0.28
2024-01-28 12:20:06,0.73,0.1
2024-01-28 12:25:05,1.2,0.5
2024-01-28 12:27:31,1.23,0.32
2024-01-28 12:29:58,1.05,0.3
2024-01-28 12:32:24,1.15,0.22
2024-01-28 12:34:50,0.98,0.3
2024-01-28 12:37:16,1.08,0.25
2024-01-28 12:39:44,1.38,0.6
2024-01-28 12:42:10,1.17,0.13
2024-01-28 12:44:39,1.15,0.55
2024-01-28 12:47:05,1.23,0.43
2024-01-28 12:49:31,1.33,0.4
2024-01-28 12:51:57,1.08,0.28
2024-01-28 12:54:23,0.57,0.1
2024-01-28 12:56:49,0.98,0.2
2024-01-28 12:59:15,1.33,0.43
2024-01-28 13:01:42,0.88,0.1
2024-01-28 13:04:08,0.68,0.1
2024-01-28 13:06:35,0.9,0.1
2024-01-28 13:09:01,0.98,0.2
2024-01-28 13:11:27,1.08,0.2
2024-01-28 13:13:53,1.1,0.1
2024-01-28 13:16:20,0.7,0.1
2024-01-28 13:18:46,0.9,0.2
2024-01-28 13:21:12,1.23,0.45
2024-01-28 13:23:39,1.35,0.45
2024-01-28 13:26:05,1.02,0.32
2024-01-28 13:28:31,0.88,0.32
2024-01-28 13:30:58,1.15,0.22
2024-01-28 13:33:24,1.05,0.2
2024-01-28 13:35:50,0.65,0.13
2024-01-28 13:38:16,1.15,0.5
2024-01-28 13:40:42,1.1,0.3
2024-01-28 13:43:08,1.0,0.2
2024-01-28 13:45:34,0.8,0.1
2024-01-28 13:48:00,0.9,0.2
2024-01-28 13:50:26,1.02,0.2
2024-01-28 13:52:53,0.9,0.22
2024-01-28 13:55:19,0.85,0.13
2024-01-28 13:57:45,0.88,0.1
2024-01-28 14:00:11,0.63,0.1
2024-01-28 14:02:37,1.08,0.22
2024-01-28 14:05:05,0.93,0.13
2024-01-28 14:07:41,0.73,0.2
2024-01-28 14:10:07,0.8,0.1
2024-01-28 14:12:33,1.2,0.1
2024-01-28 14:14:59,1.27,0.4
2024-01-28 14:17:25,0.7,0.1
2024-01-28 14:19:52,0.95,0.17
2024-01-28 14:22:18,1.1,0.2
2024-01-28 14:24:44,1.05,0.2
2024-01-28 14:27:11,1.05,0.2
2024-01-28 14:29:37,1.3,0.55
2024-01-28 14:32:04,0.98,0.15
2024-01-28 14:34:31,1.1,0.2
2024-01-28 14:36:57,0.93,0.15
2024-01-28 14:39:23,1.3,0.55
2024-01-28 14:41:53,1.17,0.3
2024-01-28 14:44:19,0.9,0.3
2024-01-28 14:46:45,1.27,0.25
2024-01-28 14:49:11,0.88,0.22
2024-01-28 14:51:37,0.7,0.1
2024-01-28 14:54:07,0.8,0.2
2024-01-28 14:56:33,1.02,0.32
2024-01-28 14:59:00,0.88,0.1
2024-01-28 15:01:26,0.9,0.13
2024-01-28 15:03:52,1.27,0.35
2024-01-28 15:06:18,1.0,0.35
2024-01-28 15:08:44,0.93,0.15
2024-01-28 15:11:10,0.68,0.1
2024-01-28 15:13:36,0.98,0.25
2024-01-28 15:16:02,1.3,0.22
2024-01-28 15:18:28,1.2,0.4
2024-01-28 15:20:54,1.38,0.5
2024-01-28 15:23:20,1.33,0.32
2024-01-28 15:25:47,1.23,0.35
2024-01-28 15:28:13,0.9,0.3
2024-01-28 15:30:39,1.17,0.6
2024-01-28 15:33:05,0.9,0.13
2024-01-28 15:35:31,1.33,0.68
2024-01-28 15:37:57,1.08,0.5
2024-01-28 15:40:23,0.6,0.1
2024-01-28 15:42:49,1.42,0.5
2024-01-28 15:45:15,1.1,0.28
2024-01-28 15:47:41,1.38,0.35
2024-01-28 15:50:08,1.1,0.3
2024-01-28 15:52:34,1.27,0.47
2024-01-28 15:55:00,1.63,1.52
2024-01-28 15:57:27,0.93,0.15
2024-01-28 15:59:53,1.0,0.22
2024-01-28 16:02:22,1.25,0.15
2024-01-28 16:04:48,0.8,0.1
2024-01-28 16:07:14,0.7,0.1
2024-01-28 16:09:41,0.7,0.1
2024-01-28 16:12:07,0.9,0.2
2024-01-28 16:14:33,0.7,0.1
2024-01-28 16:16:59,0.9,0.2
2024-01-28 16:19:25,0.82,0.2
2024-01-28 16:21:51,1.15,0.4
2024-01-28 16:24:17,1.25,0.3
2024-01-28 16:26:43,0.82,0.13
2024-01-28 16:29:09,0.8,0.1
2024-01-28 16:31:36,1.2,0.32
2024-01-28 16:36:32,1.25,0.55
2024-01-28 16:38:58,1.15,0.85
2024-01-28 16:41:24,1.02,0.22
2024-01-28 16:43:50,0.93,0.25
2024-01-28 16:46:16,1.15,0.3
2024-01-28 16:48:42,0.7,0.1
2024-01-28 16:51:08,1.42,0.5
2024-01-28 16:53:34,1.15,0.38
2024-01-28 16:56:00,0.88,0.17
2024-01-28 16:58:26,1.1,0.25
2024-01-28 17:00:53,0.75,0.1
2024-01-28 17:03:19,1.05,0.35
2024-01-28 17:05:45,1.0,0.2
2024-01-28 17:08:12,1.13,0.38
2024-01-28 17:10:38,1.27,0.68
2024-01-28 17:13:08,1.45,0.57
2024-01-28 17:15:34,1.27,0.43
2024-01-28 17:18:00,0.93,0.2
2024-01-28 17:20:26,1.3,0.3
2024-01-28 17:22:52,0.8,0.1
2024-01-28 17:25:18,0.98,0.2
2024-01-28 17:27:44,0.77,0.1
2024-01-28 17:30:10,0.85,0.13
2024-01-28 17:32:37,0.7,0.1
2024-01-28 17:35:03,0.98,0.2
2024-01-28 17:37:30,0.95,0.15
2024-01-28 17:39:57,0.7,0.1
2024-01-28 17:42:24,0.68,0.1
2024-01-28 17:44:50,1.25,0.55
2024-01-28 17:47:16,1.1,0.32
2024-01-28 17:49:42,1.88,0.8
2024-01-28 17:52:08,0.85,0.1
2024-01-28 17:54:37,0.8,0.1
2024-01-28 17:57:03,1.05,0.25
2024-01-28 17:59:29,1.27,0.75
2024-01-28 18:01:55,1.55,0.57
2024-01-28 18:04:21,1.33,0.3
2024-01-28 18:06:47,0.85,0.15
2024-01-28 18:09:13,1.77,0.2
2024-01-28 18:11:39,1.38,0.5
2024-01-28 18:14:06,0.8,0.13
2024-01-28 18:16:32,0.82,0.28
2024-01-28 18:18:59,0.7,0.1
2024-01-28 18:21:25,0.88,0.1
2024-01-28 18:23:51,0.82,0.13
2024-01-28 18:26:17,1.27,0.3
2024-01-28 18:28:43,1.67,0.6
2024-01-28 18:31:12,1.13,0.13
2024-01-28 18:33:38,2.0,1.15
2024-01-28 18:36:04,1.02,0.1
2024-01-28 18:38:30,1.35,0.4
2024-01-28 18:40:58,0.9,0.1
2024-01-28 18:43:25,1.08,0.32
2024-01-28 18:45:52,1.08,0.2
2024-01-28 18:48:18,1.05,0.2
2024-01-28 18:50:44,1.1,0.35
2024-01-28 18:53:11,1.27,0.38
2024-01-28 18:55:41,0.73,0.13
2024-01-28 18:58:07,0.9,0.25
2024-01-28 19:00:34,1.13,0.22
2024-01-28 19:03:00,0.7,0.1
2024-01-28 19:05:28,1.13,0.3
2024-01-28 19:07:54,1.45,0.47
2024-01-28 19:10:20,0.82,0.2
2024-01-28 19:12:46,1.38,0.32
2024-01-28 19:15:12,0.8,0.28
2024-01-28 19:17:38,1.25,0.2
2024-01-28 19:20:04,1.08,0.32
2024-01-28 19:22:30,0.77,0.1
2024-01-28 19:24:56,1.35,0.5
2024-01-28 19:27:22,1.2,0.55
2024-01-28 19:29:50,1.05,0.25
2024-01-28 19:32:17,1.27,0.43
2024-01-28 19:34:43,0.95,0.2
2024-01-28 19:37:09,0.88,0.1
2024-01-28 19:39:35,0.7,0.1
2024-01-28 19:42:02,1.4,0.4
2024-01-28 19:44:28,0.93,0.2
2024-01-28 19:46:55,0.77,0.1
2024-01-28 19:49:21,0.8,0.1
2024-01-28 19:51:47,0.7,0.1
2024-01-28 19:54:13,1.25,0.3
2024-01-28 19:56:42,1.5,0.52
2024-01-28 19:59:08,0.9,0.15
2024-01-28 20:01:34,1.48,0.55
2024-01-28 20:04:00,1.0,0.17
2024-01-28 20:06:26,0.73,0.1
2024-01-28 20:08:52,1.3,0.45
2024-01-28 20:11:18,0.9,0.2
2024-01-28 20:13:44,1.58,0.28
2024-01-28 20:16:11,1.27,0.55
2024-01-28 20:18:37,1.15,0.2
2024-01-28 20:21:03,1.17,0.43
2024-01-28 20:23:29,1.65,0.6
2024-01-28 20:25:56,1.05,0.2
2024-01-28 20:28:23,1.0,0.28
2024-01-28 20:30:52,0.93,0.2
2024-01-28 20:33:18,1.3,0.47
2024-01-28 20:35:44,1.25,0.4
2024-01-28 20:38:10,0.88,0.1
2024-01-28 20:40:36,1.33,0.4
2024-01-28 20:43:02,0.65,0.13
2024-01-28 20:45:28,1.55,0.8
2024-01-28 20:47:54,1.17,0.3
2024-01-28 20:50:20,1.38,0.47
2024-01-28 20:52:46,1.17,0.4
2024-01-28 20:55:12,1.25,0.4
2024-01-28 20:57:39,1.35,0.43
2024-01-28 21:00:05,1.25,0.28
2024-01-28 21:02:31,1.23,0.43
2024-01-28 21:04:57,0.8,0.1
2024-01-28 21:07:23,1.3,0.45
2024-01-28 21:09:49,0.8,0.1
2024-01-28 21:12:15,0.77,0.1
2024-01-28 21:14:41,1.15,0.32
2024-01-28 21:17:07,1.2,0.3
2024-01-28 21:19:33,0.8,0.1
2024-01-28 21:22:00,1.3,0.3
2024-01-28 21:24:26,0.7,0.1
2024-01-28 21:26:52,1.48,0.28
2024-01-28 21:29:18,1.1,0.43
2024-01-28 21:31:45,1.02,0.15
2024-01-28 21:34:11,0.88,0.1
2024-01-28 21:36:37,1.17,0.32
2024-01-28 21:39:03,1.02,0.2
2024-01-28 21:41:30,1.33,0.32
2024-01-28 21:43:56,1.4,0.4
2024-01-28 21:46:22,0.8,0.2
2024-01-28 21:48:48,0.82,0.1
2024-01-28 21:51:14,0.8,0.1
2024-01-28 21:53:40,1.0,0.3
2024-01-28 21:56:07,0.95,0.22
2024-01-28 21:58:33,1.13,0.3
2024-01-28 22:01:01,1.0,0.2
2024-01-28 22:03:27,0.98,0.13
2024-01-28 22:05:53,1.15,0.4
2024-01-28 22:08:19,0.8,0.1
2024-01-28 22:10:45,1.17,0.22
2024-01-28 22:13:11,0.85,0.1
2024-01-28 22:15:38,1.2,0.32
2024-01-28 22:18:04,1.3,0.4
2024-01-28 22:20:30,0.95,0.2
2024-01-28 22:22:56,0.93,0.22
2024-01-28 22:25:22,1.3,0.35
2024-01-28 22:27:48,1.05,0.22
2024-01-28 22:30:14,1.33,0.32
2024-01-28 22:32:40,0.75,0.1
2024-01-28 22:35:07,0.98,0.2
2024-01-28 22:37:33,0.9,0.2
2024-01-28 22:40:06,0.77,0.13
2024-01-28 22:42:39,0.95,0.2
2024-01-28 22:45:06,1.25,0.47
2024-01-28 22:47:32,1.2,0.6
2024-01-28 22:49:59,0.95,0.25
2024-01-28 22:52:26,0.8,0.1
2024-01-28 22:54:52,1.0,0.2
2024-01-28 22:57:19,0.8,0.1
2024-01-28 22:59:45,1.27,0.57
2024-01-28 23:02:20,1.15,0.2
2024-01-28 23:04:48,1.25,0.43
2024-01-28 23:07:14,0.9,0.2
2024-01-28 23:09:40,0.93,0.28
2024-01-28 23:12:06,0.7,0.1
2024-01-28 23:14:32,1.08,0.2
2024-01-28 23:16:58,0.75,0.1
2024-01-28 23:19:24,0.88,0.1
2024-01-28 23:21:50,0.7,0.1
2024-01-28 23:24:16,1.08,0.3
2024-01-28 23:26:42,1.2,0.38
2024-01-28 23:29:09,0.65,0.1
2024-01-28 23:31:35,0.85,0.1
2024-01-28 23:34:01,0.8,0.1
2024-01-28 23:36:28,0.8,0.1
2024-01-28 23:38:54,1.0,0.35
2024-01-28 23:41:21,1.42,0.55
2024-01-28 23:43:47,0.85,0.15
2024-01-28 23:46:13,0.63,0.1
2024-01-28 23:48:39,0.8,0.1
2024-01-28 23:51:05,1.13,0.5
2024-01-28 23:53:32,1.1,0.3
2024-01-28 23:55:58,1.15,0.3
2024-01-28 23:58:24,1.25,0.4
2024-01-29 00:00:50,1.0,0.3
2024-01-29 00:03:17,0.75,0.1
2024-01-29 00:05:43,1.13,0.35
2024-01-29 00:08:10,1.33,0.47
2024-01-29 00:10:36,0.95,0.17
2024-01-29 00:13:02,0.7,0.1
2024-01-29 00:15:28,1.27,0.3
2024-01-29 00:17:54,0.9,0.22
2024-01-29 00:20:20,1.17,0.2
2024-01-29 00:22:46,0.82,0.3
2024-01-29 00:25:13,1.55,0.93
2024-01-29 00:27:39,0.95,0.15
2024-01-29 00:30:05,1.0,0.35
2024-01-29 00:32:33,1.02,0.3
2024-01-29 00:34:59,1.1,0.4
2024-01-29 00:37:25,1.1,0.22
2024-01-29 00:39:51,0.93,0.1
2024-01-29 00:42:18,0.93,0.28
2024-01-29 00:44:44,1.0,0.2
2024-01-29 00:47:12,1.45,0.5
2024-01-29 00:49:38,0.8,0.1
2024-01-29 00:52:05,0.95,0.22
2024-01-29 00:54:31,0.9,0.1
2024-01-29 00:56:58,1.15,0.2
2024-01-29 00:59:24,1.17,0.47
2024-01-29 01:01:50,0.7,0.1
2024-01-29 01:04:16,1.0,0.2
2024-01-29 01:06:42,1.1,0.3
2024-01-29 01:09:10,0.85,0.1
2024-01-29 01:11:36,0.9,0.2
2024-01-29 01:14:02,0.8,0.1
2024-01-29 01:16:28,0.8,0.1
2024-01-29 01:18:54,0.9,0.1
2024-01-29 01:21:20,0.73,0.1
2024-01-29 01:23:46,1.1,0.28
2024-01-29 01:26:13,1.08,0.4
2024-01-29 01:28:39,1.33,0.3
2024-01-29 01:31:05,1.05,0.28
2024-01-29 01:33:31,0.75,0.1
2024-01-29 01:35:57,1.08,0.22
2024-01-29 01:38:23,1.08,0.38
2024-01-29 01:40:49,0.8,0.1
2024-01-29 01:43:16,1.08,0.38
2024-01-29 01:45:42,1.17,0.45
2024-01-29 01:48:08,0.75,0.1
2024-01-29 01:50:35,1.55,0.7
2024-01-29 01:53:01,1.25,0.55
2024-01-29 01:55:27,1.23,0.3
2024-01-29 01:57:54,0.93,0.28
2024-01-29 02:00:21,0.8,0.2
2024-01-29 02:02:47,0.68,0.1
2024-01-29 02:05:13,0.6,0.1
2024-01-29 02:07:39,0.9,0.17
2024-01-29 02:10:06,0.9,0.1
2024-01-29 02:12:32,1.4,0.43
2024-01-29 02:14:58,1.17,0.32
2024-01-29 02:17:24,0.73,0.1
2024-01-29 02:19:50,0.9,0.3
2024-01-29 02:22:16,1.35,0.57
2024-01-29 02:24:42,1.33,0.68
2024-01-29 02:27:09,0.95,0.2
2024-01-29 02:29:35,0.7,0.1
2024-01-29 02:32:01,1.15,0.32
2024-01-29 02:34:27,1.23,0.3
2024-01-29 02:36:54,0.8,0.1
2024-01-29 02:39:20,1.02,0.2
2024-01-29 02:41:46,1.52,0.43
2024-01-29 02:44:12,0.88,0.1
2024-01-29 02:46:39,0.9,0.15
2024-01-29 02:49:05,1.27,0.45
2024-01-29 02:51:31,1.33,0.2
2024-01-29 02:53:57,0.98,0.2
2024-01-29 02:56:23,1.23,0.38
2024-01-29 02:58:49,0.82,0.1
2024-01-29 03:01:18,1.33,0.4
2024-01-29 03:03:45,0.73,0.1
2024-01-29 03:06:11,1.33,0.4
2024-01-29 03:08:37,0.95,0.2
2024-01-29 03:11:04,1.35,0.38
2024-01-29 03:13:30,1.17,0.38
2024-01-29 03:15:56,1.05,0.2
2024-01-29 03:18:22,1.0,0.3
2024-01-29 03:20:48,1.0,0.5
2024-01-29 03:23:14,1.15,0.4
2024-01-29 03:25:40,0.88,0.2
2024-01-29 03:28:06,1.02,0.2
2024-01-29 03:30:32,1.08,0.43
2024-01-29 03:32:58,1.2,0.3
2024-01-29 03:35:24,1.17,0.43
2024-01-29 03:37:50,1.08,0.2
2024-01-29 03:40:16,0.8,0.13
2024-01-29 03:42:43,0.98,0.2
2024-01-29 03:45:09,1.0,0.2
2024-01-29 03:47:35,0.98,0.35
2024-01-29 03:50:03,0.7,0.1
2024-01-29 03:52:29,0.73,0.1
2024-01-29 03:54:55,0.8,0.1
2024-01-29 03:57:21,0.57,0.1
2024-01-29 03:59:47,1.02,0.65
2024-01-29 04:02:14,1.02,0.22
2024-01-29 04:04:40,0.75,0.1
2024-01-29 04:07:09,0.7,0.1
2024-01-29 04:09:35,0.88,0.1
2024-01-29 04:12:01,1.2,0.52
2024-01-29 04:14:27,0.9,0.3
2024-01-29 04:16:54,0.73,0.1
2024-01-29 04:19:20,1.0,0.28
2024-01-29 04:21:46,1.27,0.38
2024-01-29 04:24:13,1.3,0.4
2024-01-29 04:26:40,0.98,0.3
2024-01-29 04:29:07,1.1,0.3
2024-01-29 04:31:36,1.2,0.3
2024-01-29 04:34:02,1.02,0.25
2024-01-29 04:36:28,1.05,0.35
2024-01-29 04:38:54,0.8,0.1
2024-01-29 04:41:21,0.82,0.1
2024-01-29 04:43:47,1.15,0.3
2024-01-29 04:46:14,1.05,0.2
2024-01-29 04:48:40,1.0,0.2
2024-01-29 04:51:06,0.65,0.1
2024-01-29 04:53:32,0.98,0.2
2024-01-29 04:55:59,0.9,0.2
2024-01-29 04:58:26,1.13,0.3
2024-01-29 05:00:52,1.25,0.45
2024-01-29 05:03:18,0.98,0.17
2024-01-29 05:05:44,1.2,0.55
2024-01-29 05:08:10,1.02,0.2
2024-01-29 05:13:04,0.7,0.1
2024-01-29 05:15:30,0.95,0.2
2024-01-29 05:17:56,0.85,0.1
2024-01-29 05:20:22,0.95,0.3
2024-01-29 05:22:49,0.95,0.2
2024-01-29 05:25:15,0.7,0.1
2024-01-29 05:27:41,1.13,0.5
2024-01-29 05:30:07,1.33,0.3
2024-01-29 05:32:33,1.35,0.38
2024-01-29 05:35:00,0.85,0.17
2024-01-29 05:37:29,0.98,0.3
2024-01-29 05:40:02,1.23,0.68
2024-01-29 05:42:29,1.02,0.17
2024-01-29 05:44:56,1.1,0.3
2024-01-29 05:47:22,0.95,0.38
2024-01-29 05:49:48,1.2,0.63
2024-01-29 05:52:14,1.27,0.45
2024-01-29 05:54:40,1.08,0.43
2024-01-29 05:57:09,1.08,0.47
2024-01-29 05:59:35,1.17,0.38
2024-01-29 06:02:01,0.98,0.2
2024-01-29 06:04:27,0.98,0.3
2024-01-29 06:06:53,1.17,0.32
2024-01-29 06:09:19,0.77,0.15
2024-01-29 06:11:47,1.2,0.35
2024-01-29 06:14:15,1.27,0.3
2024-01-29 06:16:41,1.27,0.43
2024-01-29 06:19:11,1.35,0.65
2024-01-29 06:21:44,1.38,0.68
2024-01-29 06:24:10,1.15,0.32
2024-01-29 06:26:36,1.25,0.43
2024-01-29 06:29:03,1.05,0.38
2024-01-29 06:31:29,0.93,0.15
2024-01-29 06:33:55,0.85,0.15
2024-01-29 06:36:22,1.27,0.45
2024-01-29 06:38:48,1.02,0.15
2024-01-29 06:41:21,1.08,0.4
2024-01-29 06:43:47,0.88,0.22
2024-01-29 06:46:13,1.38,0.4
2024-01-29 06:48:39,1.23,0.55
2024-01-29 06:51:06,1.17,0.25
2024-01-29 06:53:32,1.3,0.32
2024-01-29 06:55:59,0.98,0.2
2024-01-29 06:58:27,1.05,0.3
2024-01-29 07:00:53,0.95,0.22
2024-01-29 07:03:20,0.88,0.22
2024-01-29 07:05:49,1.13,0.65
2024-01-29 07:08:15,0.85,0.15
2024-01-29 07:10:42,1.33,0.55
2024-01-29 07:13:08,1.13,0.43
2024-01-29 07:15:34,1.27,0.38
2024-01-29 07:18:00,1.05,0.35
2024-01-29 07:20:27,1.1,0.2
2024-01-29 07:25:20,0.93,0.2
2024-01-29 07:27:47,0.93,0.15
2024-01-29 07:30:13,1.15,0.3
2024-01-29 07:32:39,0.88,0.1
2024-01-29 07:35:06,0.98,0.25
2024-01-29 07:37:32,1.1,0.13
2024-01-29 07:39:58,1.27,0.55
2024-01-29 07:42:24,1.05,0.22
2024-01-29 07:44:50,0.77,0.1
2024-01-29 07:47:17,1.27,0.43
2024-01-29 07:49:43,0.85,0.15
2024-01-29 07:52:09,0.93,0.2
2024-01-29 07:54:35,1.38,0.55
2024-01-29 07:57:01,1.38,0.43
2024-01-29 07:59:28,1.05,0.2
2024-01-29 08:01:54,1.1,0.2
2024-01-29 08:04:20,1.15,0.35
2024-01-29 08:06:46,1.2,0.3
2024-01-29 08:09:12,0.93,0.2
2024-01-29 08:11:38,0.95,0.2
2024-01-29 08:14:05,1.0,0.3
2024-01-29 08:16:31,1.0,0.2
2024-01-29 08:18:57,0.9,0.1
2024-01-29 08:21:24,1.02,0.32
2024-01-29 08:23:50,1.13,0.35
2024-01-29 08:26:16,1.08,0.25
2024-01-29 08:28:42,1.02,0.22
2024-01-29 08:31:08,0.65,0.13
2024-01-29 08:33:35,1.17,0.35
2024-01-29 08:36:01,0.8,0.1
2024-01-29 08:38:27,0.85,0.15
2024-01-29 08:40:54,1.02,0.28
2024-01-29 08:43:20,1.23,0.63
2024-01-29 08:45:46,1.8,0.4
2024-01-29 08:48:12,0.85,0.1
2024-01-29 08:50:38,0.9,0.13
2024-01-29 08:53:04,1.05,0.25
2024-01-29 08:55:31,0.85,0.25
2024-01-29 08:57:57,1.27,0.35
2024-01-29 09:00:23,0.95,0.25
2024-01-29 09:02:49,0.8,0.1
2024-01-29 09:05:15,0.93,0.2
2024-01-29 09:07:41,1.15,0.38
2024-01-29 09:10:07,0.95,0.2
2024-01-29 09:12:34,1.25,0.45
2024-01-29 09:15:00,1.33,0.55
2024-01-29 09:17:29,1.23,0.32
2024-01-29 09:19:55,1.1,0.4
2024-01-29 09:22:21,1.0,0.2
2024-01-29 09:24:47,1.02,0.2
2024-01-29 09:27:13,1.0,0.2
2024-01-29 09:29:39,1.15,0.7
2024-01-29 09:32:07,1.05,0.7
2024-01-29 09:34:33,0.93,0.2
2024-01-29 09:37:03,0.82,0.2
2024-01-29 09:39:29,1.05,0.17
2024-01-29 09:41:57,0.93,0.15
2024-01-29 09:44:25,1.05,0.2
2024-01-29 09:46:53,0.7,0.1
2024-01-29 09:49:19,0.8,0.1
2024-01-29 09:51:47,1.33,0.63
2024-01-29 09:54:14,1.05,0.25
2024-01-29 09:56:40,0.82,0.1
2024-01-29 09:59:06,0.8,0.1
2024-01-29 10:01:32,0.8,0.15
2024-01-29 10:03:59,1.13,0.43
2024-01-29 10:06:25,0.7,0.1
2024-01-29 10:08:51,1.27,0.4
2024-01-29 10:11:17,1.1,0.43
2024-01-29 10:13:46,1.45,0.4
2024-01-29 10:16:13,1.08,0.3
2024-01-29 10:18:39,0.73,0.1
2024-01-29 10:21:05,0.85,0.2
2024-01-29 10:23:32,1.2,0.43
2024-01-29 10:25:58,1.13,0.32
2024-01-29 10:28:28,1.02,0.22
2024-01-29 10:30:54,1.17,0.2
2024-01-29 10:33:20,1.02,0.2
2024-01-29 10:35:50,1.05,0.25
2024-01-29 10:38:22,1.08,0.25
2024-01-29 10:40:48,0.9,0.17
2024-01-29 10:43:18,1.15,0.4
2024-01-29 10:45:49,1.35,0.32
2024-01-29 10:50:42,1.08,0.2
2024-01-29 10:53:09,1.13,0.2
2024-01-29 10:55:38,1.23,0.28
2024-01-29 10:58:04,1.05,0.3
2024-01-29 11:00:31,1.0,0.2
2024-01-29 11:03:00,0.63,0.1
2024-01-29 11:07:53,0.73,0.1
2024-01-29 11:10:23,0.75,0.1
2024-01-29 11:12:52,1.0,0.2
2024-01-29 11:15:19,0.9,0.22
2024-01-29 11:17:45,1.17,0.38
2024-01-29 11:20:15,0.85,0.1
2024-01-29 11:22:47,1.08,0.28
2024-01-29 11:25:17,0.95,0.2
2024-01-29 11:27:44,0.88,0.15
2024-01-29 11:30:32,1.0,0.2
2024-01-29 11:33:11,0.98,0.25
2024-01-29 11:35:40,1.1,0.3
2024-01-29 11:38:07,1.08,0.2
2024-01-29 11:40:40,1.45,0.65
2024-01-29 11:43:16,1.48,0.43
2024-01-29 11:46:05,0.65,0.1
2024-01-29 11:48:29,1.15,0.6
2024-01-29 11:50:55,1.05,0.17
2024-01-29 11:53:22,1.25,0.52
2024-01-29 11:55:50,1.13,0.47
2024-01-29 11:58:18,1.4,0.4
2024-01-29 12:00:44,1.0,0.22
2024-01-29 12:03:12,0.63,0.1
2024-01-29 12:05:39,0.82,0.15
2024-01-29 12:08:13,0.95,0.2
2024-01-29 12:13:10,1.1,0.38
2024-01-29 12:15:36,1.08,0.2
2024-01-29 12:18:02,0.82,0.1
2024-01-29 12:20:33,1.15,0.3
2024-01-29 12:23:00,0.95,0.2
2024-01-29 12:25:26,0.8,0.17
2024-01-29 12:28:00,0.93,0.25
2024-01-29 12:30:27,0.75,0.1
2024-01-29 12:32:53,1.0,0.32
2024-01-29 12:35:26,1.05,0.38
2024-01-29 12:37:53,0.98,0.2
2024-01-29 12:40:29,1.27,0.52
2024-01-29 12:42:59,1.3,0.4
2024-01-29 12:45:25,1.02,0.25
2024-01-29 12:48:01,1.15,0.2
2024-01-29 12:50:27,0.85,0.13
2024-01-29 12:52:53,0.8,0.1
2024-01-29 12:55:19,0.9,0.1
2024-01-29 12:57:45,0.8,0.1
2024-01-29 13:00:11,1.23,0.38
2024-01-29 13:02:37,0.95,0.1
2024-01-29 13:05:03,1.13,0.52
2024-01-29 13:07:30,1.02,0.2
2024-01-29 13:09:57,1.23,0.57
2024-01-29 13:12:24,0.88,0.2
2024-01-29 13:14:50,0.93,0.2
2024-01-29 13:17:16,1.27,0.38
2024-01-29 13:19:42,0.75,0.1
2024-01-29 13:22:08,1.3,0.4
2024-01-29 13:24:34,0.82,0.1
2024-01-29 13:27:00,0.8,0.1
2024-01-29 13:29:27,1.02,0.25
2024-01-29 13:31:54,0.85,0.1
2024-01-29 13:34:20,1.02,0.3
2024-01-29 13:36:46,0.75,0.2
2024-01-29 13:39:15,1.23,0.25
2024-01-29 13:41:42,1.08,0.2
2024-01-29 13:44:10,2.08,0.3
2024-01-29 13:46:36,1.02,0.2
2024-01-29 13:49:02,1.0,0.2
2024-01-29 13:51:28,1.08,0.22
2024-01-29 13:53:54,1.25,0.8
2024-01-29 13:56:20,1.0,0.4
2024-01-29 13:58:46,1.02,0.22
2024-01-29 14:01:12,0.75,0.1
2024-01-29 14:03:39,1.02,0.13
2024-01-29 14:06:05,1.08,0.38
2024-01-29 14:08:33,1.0,0.2
2024-01-29 14:10:59,0.95,0.22
2024-01-29 14:15:52,1.02,0.2
2024-01-29 14:18:19,0.8,0.1
2024-01-29 14:20:46,0.88,0.1
2024-01-29 14:23:13,1.15,0.22
2024-01-29 14:25:39,1.02,0.28
2024-01-29 14:28:06,1.25,0.25
2024-01-29 14:30:32,0.8,0.2
2024-01-29 14:32:58,1.17,0.38
2024-01-29 14:35:24,0.98,0.17
2024-01-29 14:37:51,1.13,0.32
2024-01-29 14:40:17,1.27,0.45
2024-01-29 14:42:43,1.23,0.35
2024-01-29 14:45:09,1.25,0.5
2024-01-29 14:47:35,1.08,0.3
2024-01-29 14:50:02,1.33,0.4
2024-01-29 14:52:28,1.35,0.43
2024-01-29 14:54:55,0.8,0.1
2024-01-29 14:57:21,1.08,0.47
2024-01-29 14:59:47,0.98,0.2
2024-01-29 15:02:13,0.75,0.1
2024-01-29 15:04:39,0.98,0.2
2024-01-29 15:07:05,0.8,0.1
2024-01-29 15:09:31,1.2,0.3
2024-01-29 15:11:57,0.85,0.1
2024-01-29 15:14:24,0.75,0.1
2024-01-29 15:16:57,1.23,0.28
2024-01-29 15:19:24,1.2,0.1
2024-01-29 15:21:50,1.25,0.38
2024-01-29 15:24:16,1.2,0.3
2024-01-29 15:26:42,1.02,0.32
2024-01-29 15:29:08,1.23,0.3
2024-01-29 15:31:35,1.17,0.2
2024-01-29 15:34:01,1.27,0.5
2024-01-29 15:36:27,1.13,0.22
2024-01-29 15:38:53,1.02,0.28
2024-01-29 15:41:19,1.0,0.2
2024-01-29 15:43:46,0.88,0.2
2024-01-29 15:46:12,0.93,0.2
2024-01-29 15:48:38,0.95,0.2
2024-01-29 15:51:04,1.13,0.2
2024-01-29 15:53:30,1.73,0.4
2024-01-29 15:55:56,1.3,0.4
2024-01-29 15:58:23,1.02,0.5
2024-01-29 16:00:49,1.33,0.43
2024-01-29 16:03:15,1.05,0.3
2024-01-29 16:05:41,0.8,0.1
2024-01-29 16:08:07,0.75,0.1
2024-01-29 16:10:36,1.27,0.22
2024-01-29 16:13:02,1.0,0.2
2024-01-29 16:15:28,1.08,0.17
2024-01-29 16:17:55,0.95,0.1
2024-01-29 16:20:21,1.0,0.2
2024-01-29 16:22:47,1.13,0.2
2024-01-29 16:25:13,1.45,0.32
2024-01-29 16:27:40,1.1,0.45
2024-01-29 16:30:06,1.1,0.3
2024-01-29 16:32:33,0.75,0.1
2024-01-29 16:34:59,1.2,0.3
2024-01-29 16:37:26,1.05,0.2
2024-01-29 16:42:19,0.8,0.1
2024-01-29 16:44:45,0.75,0.1
2024-01-29 16:47:15,1.35,0.63
2024-01-29 16:49:41,1.0,0.28
2024-01-29 16:52:07,0.7,0.1
2024-01-29 16:54:34,1.0,0.3
2024-01-29 16:57:03,1.1,0.22
2024-01-29 16:59:30,0.6,0.1
2024-01-29 17:01:57,1.15,0.35
2024-01-29 17:04:24,1.0,0.15
2024-01-29 17:06:50,1.13,0.3
2024-01-29 17:09:16,1.23,0.4
2024-01-29 17:11:42,0.8,0.1
2024-01-29 17:14:08,0.77,0.1
2024-01-29 17:16:35,1.2,0.2
2024-01-29 17:19:02,0.8,0.13
2024-01-29 17:21:29,0.8,0.1
2024-01-29 17:23:55,0.9,0.2
2024-01-29 17:26:21,0.98,0.25
2024-01-29 17:28:47,1.02,0.22
2024-01-29 17:31:13,0.93,0.15
2024-01-29 17:33:39,1.1,0.32
2024-01-29 17:36:05,0.85,0.2
2024-01-29 17:38:33,1.05,0.32
2024-01-29 17:41:00,0.9,0.13
2024-01-29 17:43:26,1.0,0.2
2024-01-29 17:45:52,1.45,0.38
2024-01-29 17:48:18,1.13,0.47
2024-01-29 17:50:44,0.93,0.2
2024-01-29 17:53:10,0.98,0.1
2024-01-29 17:55:36,0.73,0.1
2024-01-29 17:58:02,0.8,0.1
2024-01-29 18:00:29,0.7,0.1
2024-01-29 18:02:55,0.77,0.1
2024-01-29 18:05:21,1.23,0.9
2024-01-29 18:07:48,0.75,0.1
2024-01-29 18:10:14,1.42,0.32
2024-01-29 18:12:40,0.8,0.1
2024-01-29 18:15:06,1.05,0.2
2024-01-29 18:17:32,1.13,0.52
2024-01-29 18:19:59,0.8,0.1
2024-01-29 18:22:25,0.7,0.1
2024-01-29 18:24:51,1.13,0.3
2024-01-29 18:27:17,0.8,0.1
2024-01-29 18:29:43,1.27,0.2
2024-01-29 18:32:10,0.68,0.1
2024-01-29 18:34:36,1.23,0.3
2024-01-29 18:37:02,0.8,0.1
2024-01-29 18:39:28,0.85,0.15
2024-01-29 18:41:55,0.8,0.1
2024-01-29 18:44:24,0.9,0.3
2024-01-29 18:46:52,1.02,0.3
2024-01-29 18:51:45,1.15,0.3
2024-01-29 18:54:11,1.23,0.3
2024-01-29 18:56:37,0.82,0.15
2024-01-29 18:59:03,0.85,0.1
2024-01-29 19:01:30,0.95,0.1
2024-01-29 19:03:56,0.9,0.1
2024-01-29 19:06:27,1.23,0.65
2024-01-29 19:08:53,0.85,0.2
2024-01-29 19:11:19,1.02,0.32
2024-01-29 19:13:45,1.25,0.5
2024-01-29 19:16:11,0.85,0.17
2024-01-29 19:18:37,1.48,0.2
2024-01-29 19:21:04,1.38,0.38
2024-01-29 19:23:31,0.98,0.1
2024-01-29 19:25:58,0.9,0.1
2024-01-29 19:28:24,0.68,0.1
2024-01-29 19:30:51,1.08,0.28
2024-01-29 19:33:18,1.17,0.2
2024-01-29 19:35:44,1.17,0.47
2024-01-29 19:38:10,1.17,0.43
2024-01-29 19:40:37,0.77,0.15
2024-01-29 19:43:03,1.38,0.43
2024-01-29 19:45:29,0.9,0.2
2024-01-29 19:47:56,1.15,0.3
2024-01-29 19:50:22,1.15,0.35
2024-01-29 19:52:48,1.0,0.2
2024-01-29 19:55:14,0.93,0.2
2024-01-29 19:57:41,1.27,0.57
2024-01-29 20:00:07,0.9,0.1
2024-01-29 20:02:34,1.23,0.13
2024-01-29 20:05:00,0.88,0.1
2024-01-29 20:07:26,1.25,0.3
2024-01-29 20:09:53,1.02,0.32
2024-01-29 20:12:19,0.93,0.22
2024-01-29 20:14:45,1.15,0.3
2024-01-29 20:17:11,0.8,0.1
2024-01-29 20:19:38,1.05,0.2
2024-01-29 20:22:05,0.7,0.1
2024-01-29 20:24:31,1.17,0.28
2024-01-29 20:26:58,1.1,0.22
2024-01-29 20:29:24,1.0,0.32
2024-01-29 20:31:51,1.3,0.3
2024-01-29 20:34:17,1.0,0.2
2024-01-29 20:36:43,1.13,0.35
2024-01-29 20:39:12,1.55,0.47
2024-01-29 20:41:40,1.4,0.5
2024-01-29 20:44:06,0.9,0.2
2024-01-29 20:46:33,0.75,0.17
2024-01-29 20:48:59,1.02,0.15
2024-01-29 20:51:29,0.9,0.2
2024-01-29 20:53:55,0.8,0.1
2024-01-29 20:56:21,1.08,0.32
2024-01-29 20:58:47,1.33,0.38
2024-01-29 21:01:13,0.85,0.1
2024-01-29 21:03:39,0.75,0.1
2024-01-29 21:06:06,0.98,0.45
2024-01-29 21:08:32,0.7,0.1
2024-01-29 21:10:58,1.08,0.3
2024-01-29 21:13:24,0.95,0.17
2024-01-29 21:15:50,1.1,0.3
2024-01-29 21:18:16,1.05,0.2
2024-01-29 21:20:43,1.1,0.3
2024-01-29 21:23:10,1.15,0.55
2024-01-29 21:25:36,0.93,0.2
2024-01-29 21:28:02,1.35,0.43
2024-01-29 21:30:29,1.15,0.35
2024-01-29 21:32:55,0.82,0.1
2024-01-29 21:35:21,0.8,0.1
2024-01-29 21:37:48,0.9,0.1
2024-01-29 21:40:14,1.2,0.4
2024-01-29 21:42:40,0.88,0.1
2024-01-29 21:45:06,0.98,0.2
2024-01-29 21:47:32,1.0,0.13
2024-01-29 21:49:58,1.33,0.6
2024-01-29 21:52:27,1.25,0.4
2024-01-29 21:54:53,0.85,0.1
2024-01-29 21:57:19,0.93,0.17
2024-01-29 21:59:45,0.95,0.2
2024-01-29 22:02:11,1.15,0.3
2024-01-29 22:04:37,1.35,0.3
2024-01-29 22:07:03,1.08,0.28
2024-01-29 22:09:29,1.1,0.28
2024-01-29 22:11:55,0.85,0.17
2024-01-29 22:14:22,1.05,0.28
2024-01-29 22:16:48,1.0,0.28
2024-01-29 22:19:14,1.35,0.25
2024-01-29 22:21:50,1.05,0.2
2024-01-29 22:24:16,1.02,0.1
2024-01-29 22:26:43,1.13,0.35
2024-01-29 22:29:09,1.0,0.2
2024-01-29 22:31:35,1.17,0.4
2024-01-29 22:34:01,1.08,0.2
2024-01-29 22:36:27,1.33,0.35
2024-01-29 22:38:53,1.35,0.28
2024-01-29 22:41:20,0.8,0.1
2024-01-29 22:43:46,0.7,0.1
2024-01-29 22:48:42,0.93,0.2
2024-01-29 22:51:09,0.9,0.2
2024-01-29 22:53:35,0.9,0.2
2024-01-29 22:56:01,0.8,0.1
2024-01-29 22:58:27,0.95,0.1
2024-01-29 23:00:53,0.95,0.2
2024-01-29 23:03:20,0.6,0.1
2024-01-29 23:05:46,1.13,0.22
2024-01-29 23:08:12,1.0,0.2
2024-01-29 23:10:39,1.0,0.2
2024-01-29 23:13:05,0.98,0.22
2024-01-29 23:15:31,0.65,0.1
2024-01-29 23:17:57,1.05,0.2
2024-01-29 23:20:23,1.17,0.35
2024-01-29 23:22:49,0.98,0.2
2024-01-29 23:25:17,0.88,0.25
2024-01-29 23:27:43,1.23,0.3
2024-01-29 23:30:09,0.75,0.1
2024-01-29 23:32:35,1.08,0.35
2024-01-29 23:35:02,0.95,0.1
2024-01-29 23:39:55,0.98,0.1
2024-01-29 23:42:21,1.02,0.5
2024-01-29 23:44:47,1.05,0.3
2024-01-29 23:47:13,1.1,0.35
2024-01-29 23:49:39,1.0,0.2
2024-01-29 23:52:05,1.23,0.3
2024-01-29 23:54:32,1.02,0.4
2024-01-29 23:56:58,0.82,0.1
2024-01-29 23:59:24,1.2,0.3
2024-01-30 00:01:50,1.27,0.3
2024-01-30 00:04:16,1.13,0.43
2024-01-30 00:06:43,1.02,0.2
2024-01-30 00:09:09,1.15,0.22
2024-01-30 00:11:36,1.08,0.2
2024-01-30 00:14:02,1.17,0.3
2024-01-30 00:16:28,1.2,0.3
2024-01-30 00:18:54,1.0,0.2
2024-01-30 00:21:20,0.8,0.2
2024-01-30 00:23:47,1.05,0.2
2024-01-30 00:26:13,0.95,0.28
2024-01-30 00:28:42,0.93,0.2
2024-01-30 00:31:12,1.25,0.25
2024-01-30 00:33:49,0.82,0.1
2024-01-30 00:36:15,0.95,0.15
2024-01-30 00:38:41,2.4,1.27
2024-01-30 00:41:08,0.9,0.1
2024-01-30 00:43:34,1.38,0.45
2024-01-30 00:46:00,1.15,0.38
2024-01-30 00:48:26,1.17,0.32
2024-01-30 00:50:53,1.02,0.35
2024-01-30 00:53:19,0.98,0.2
2024-01-30 00:55:45,1.35,0.32
2024-01-30 00:58:11,0.93,0.25
2024-01-30 01:00:38,1.2,0.22
2024-01-30 01:03:04,1.25,0.3
2024-01-30 01:05:30,1.25,0.43
2024-01-30 01:07:56,1.02,0.22
2024-01-30 01:10:22,0.85,0.25
2024-01-30 01:12:49,1.2,0.43
2024-01-30 01:15:15,1.05,0.22
2024-01-30 01:17:41,1.4,0.57
2024-01-30 01:20:07,1.08,0.32
2024-01-30 01:22:33,1.58,1.17
2024-01-30 01:25:00,1.05,0.28
2024-01-30 01:27:26,1.15,0.25
2024-01-30 01:29:52,1.25,0.6
2024-01-30 01:32:18,0.88,0.15
2024-01-30 01:34:45,1.13,0.22
2024-01-30 01:37:11,1.3,0.77
2024-01-30 01:39:37,1.33,0.55
2024-01-30 01:42:03,0.93,0.2
2024-01-30 01:44:29,1.55,0.9
2024-01-30 01:46:55,2.5,1.13
2024-01-30 01:49:23,0.98,0.2
2024-01-30 01:51:50,1.02,0.2
2024-01-30 01:54:17,1.23,0.5
2024-01-30 01:56:43,0.98,0.1
2024-01-30 01:59:09,1.23,0.32
2024-01-30 02:01:38,0.95,0.15
2024-01-30 02:04:06,1.17,0.63
2024-01-30 02:06:33,1.02,0.32
2024-01-30 02:08:59,0.95,0.2
2024-01-30 02:11:25,1.1,0.2
2024-01-30 02:13:52,1.25,0.4
2024-01-30 02:16:18,1.02,0.3
2024-01-30 02:18:44,1.2,0.22
2024-01-30 02:21:16,0.95,0.25
2024-01-30 02:23:46,1.1,0.4
2024-01-30 02:26:12,0.82,0.17
2024-01-30 02:28:39,1.15,0.3
2024-01-30 02:31:05,1.3,0.4
2024-01-30 02:33:31,1.52,0.47
2024-01-30 02:35:57,1.2,0.55
2024-01-30 02:38:23,1.58,0.52
2024-01-30 02:40:50,1.27,0.45
2024-01-30 02:43:16,1.13,0.57
2024-01-30 02:45:42,0.88,0.15
2024-01-30 02:48:08,0.65,0.17
2024-01-30 02:50:34,1.13,0.45
2024-01-30 02:53:00,0.98,0.22
2024-01-30 02:55:27,0.95,0.2
2024-01-30 02:57:53,0.85,0.15
2024-01-30 03:00:19,1.05,0.3
2024-01-30 03:02:45,0.88,0.1
2024-01-30 03:05:12,0.93,0.17
2024-01-30 03:07:38,1.13,0.5
2024-01-30 03:10:04,1.1,0.22
2024-01-30 03:12:31,1.08,0.57
2024-01-30 03:14:57,1.13,0.43
2024-01-30 03:17:23,1.02,0.2
2024-01-30 03:19:49,1.02,0.3
2024-01-30 03:22:15,1.15,0.28
2024-01-30 03:24:41,1.05,0.25
2024-01-30 03:27:08,1.02,0.22
2024-01-30 03:29:34,1.05,0.35
2024-01-30 03:32:00,0.98,0.3
2024-01-30 03:34:26,1.13,0.4
2024-01-30 03:36:52,1.0,0.25
2024-01-30 03:39:18,0.93,0.2
2024-01-30 03:41:44,0.95,0.2
2024-01-30 03:44:10,1.27,0.43
2024-01-30 03:46:37,1.35,0.77
2024-01-30 03:49:03,0.88,0.15
2024-01-30 03:51:29,0.9,0.2
2024-01-30 03:53:55,0.98,0.3
2024-01-30 03:56:21,1.35,0.6
2024-01-30 03:58:47,0.75,0.1
2024-01-30 04:01:13,1.15,0.35
2024-01-30 04:03:40,0.93,0.43
2024-01-30 04:06:06,1.13,0.38
2024-01-30 04:08:32,1.17,0.3
2024-01-30 04:10:58,1.02,0.3
2024-01-30 04:13:24,0.98,0.38
2024-01-30 04:15:50,1.13,0.2
2024-01-30 04:21:20,0.98,0.3
2024-01-30 04:23:47,1.35,0.73
2024-01-30 04:26:13,0.95,0.17
2024-01-30 04:28:46,0.8,0.2
2024-01-30 04:31:12,0.8,0.15
2024-01-30 04:33:38,1.15,0.63
2024-01-30 04:36:04,0.77,0.17
2024-01-30 04:38:31,1.2,0.4
2024-01-30 04:40:57,0.85,0.15
2024-01-30 04:43:23,1.02,0.2
2024-01-30 04:45:51,1.17,0.5
2024-01-30 04:48:17,1.27,0.68
2024-01-30 04:50:43,1.52,0.63
2024-01-30 04:53:09,0.8,0.1
2024-01-30 04:55:35,1.35,0.47
2024-01-30 04:58:01,0.9,0.1
2024-01-30 05:00:27,1.1,0.35
2024-01-30 05:02:56,1.13,0.43
2024-01-30 05:05:22,0.93,0.1
2024-01-30 05:07:49,0.95,0.22
2024-01-30 05:10:15,1.13,0.32
2024-01-30 05:12:41,1.3,0.57
2024-01-30 05:15:07,1.0,0.2
2024-01-30 05:17:33,1.38,0.45
2024-01-30 05:19:59,1.05,0.25
2024-01-30 05:22:25,1.33,0.5
2024-01-30 05:24:51,1.15,0.3
2024-01-30 05:27:17,0.8,0.1
2024-01-30 05:29:43,1.08,0.3
2024-01-30 05:32:10,0.98,0.2
2024-01-30 05:34:37,1.13,0.32
2024-01-30 05:37:03,0.85,0.2
2024-01-30 05:39:29,0.93,0.3
2024-01-30 05:41:57,1.17,0.32
2024-01-30 05:44:24,1.25,0.43
2024-01-30 05:46:50,1.42,0.68
2024-01-30 05:49:16,1.58,0.77
2024-01-30 05:51:42,1.4,0.75
2024-01-30 05:54:08,1.27,0.32
2024-01-30 05:56:34,1.13,0.38
2024-01-30 05:59:00,0.82,0.17
2024-01-30 06:01:26,0.93,0.2
2024-01-30 06:03:52,0.77,0.1
2024-01-30 06:06:18,0.95,0.2
2024-01-30 06:08:44,0.82,0.2
2024-01-30 06:11:10,0.82,0.1
2024-01-30 06:13:37,1.0,0.2
2024-01-30 06:16:03,0.82,0.3
2024-01-30 06:18:30,1.17,0.3
2024-01-30 06:20:56,1.38,0.45
2024-01-30 06:23:22,1.0,0.38
2024-01-30 06:25:48,1.13,0.22
2024-01-30 06:28:14,1.02,0.22
2024-01-30 06:30:41,1.45,1.25
2024-01-30 06:33:07,1.35,0.47
2024-01-30 06:35:33,1.05,0.25
2024-01-30 06:38:01,1.02,0.2
2024-01-30 06:40:27,1.2,0.4
2024-01-30 06:42:53,0.98,0.17
2024-01-30 06:45:19,1.13,0.3
2024-01-30 06:47:45,1.2,0.3
2024-01-30 06:50:11,1.15,0.38
2024-01-30 06:52:37,1.15,0.57
2024-01-30 06:55:03,1.0,0.22
2024-01-30 06:57:29,0.88,0.17
2024-01-30 06:59:55,1.08,0.2
2024-01-30 07:02:21,0.75,0.2
2024-01-30 07:04:47,1.13,0.28
2024-01-30 07:07:14,0.98,0.13
2024-01-30 07:09:40,0.95,0.2
2024-01-30 07:12:07,0.88,0.15
2024-01-30 07:14:33,1.15,0.2
2024-01-30 07:16:59,1.13,0.65
2024-01-30 07:19:25,0.8,0.1
2024-01-30 07:21:51,1.05,0.22
2024-01-30 07:24:17,0.93,0.22
2024-01-30 07:26:43,0.8,0.1
2024-01-30 07:29:09,1.42,0.43
2024-01-30 07:31:36,0.88,0.15
2024-01-30 07:34:02,1.02,0.38
2024-01-30 07:36:28,1.1,0.43
2024-01-30 07:38:54,0.98,0.2
2024-01-30 07:41:20,1.15,0.5
2024-01-30 07:43:46,1.25,0.4
2024-01-30 07:46:12,0.95,0.2
2024-01-30 07:48:38,1.25,0.35
2024-01-30 07:51:05,1.15,0.35
2024-01-30 07:53:31,1.23,0.3
2024-01-30 07:55:57,1.23,0.4
2024-01-30 07:58:23,1.02,0.13
2024-01-30 08:00:49,0.65,0.1
2024-01-30 08:03:16,1.08,0.22
2024-01-30 08:05:43,1.08,0.3
2024-01-30 08:08:09,1.17,0.25
2024-01-30 08:10:35,1.17,0.22
2024-01-30 08:13:02,0.88,0.1
2024-01-30 08:15:28,1.0,0.3
2024-01-30 08:17:54,0.85,0.15
2024-01-30 08:20:23,0.9,0.2
2024-01-30 08:22:49,1.33,0.5
2024-01-30 08:25:15,1.17,0.25
2024-01-30 08:27:41,1.23,0.3
2024-01-30 08:30:07,1.27,0.73
2024-01-30 08:32:34,1.15,0.3
2024-01-30 08:35:00,1.13,0.3
2024-01-30 08:37:29,1.17,0.47
2024-01-30 08:39:55,1.25,0.7
2024-01-30 08:42:21,1.17,0.32
2024-01-30 08:44:48,1.3,0.35
2024-01-30 08:47:16,1.4,0.47
2024-01-30 08:49:43,1.17,0.4
2024-01-30 08:52:12,1.2,0.32
2024-01-30 08:54:38,1.2,0.52
2024-01-30 08:57:05,1.23,0.45
2024-01-30 08:59:31,0.95,0.28
2024-01-30 09:01:57,1.17,0.25
2024-01-30 09:04:24,1.63,0.65
2024-01-30 09:06:50,1.25,0.4
2024-01-30 09:09:16,1.33,0.52
2024-01-30 09:11:43,0.95,0.25
2024-01-30 09:14:09,1.15,0.3
2024-01-30 09:19:02,1.27,0.7
2024-01-30 09:21:28,1.35,0.4
2024-01-30 09:23:54,0.85,0.17
2024-01-30 09:26:27,1.27,0.57
2024-01-30 09:28:53,1.25,0.52
2024-01-30 09:31:19,0.88,0.17
2024-01-30 09:33:45,1.27,0.5
2024-01-30 09:36:13,1.27,0.4
2024-01-30 09:38:43,1.05,0.22
2024-01-30 09:41:09,1.48,0.5
2024-01-30 09:43:39,1.45,0.4
2024-01-30 09:46:05,1.25,0.63
2024-01-30 09:48:33,1.83,0.2
2024-01-30 09:51:00,1.15,0.25
2024-01-30 09:53:26,1.08,0.3
2024-01-30 09:55:52,1.2,0.47
2024-01-30 09:58:18,0.9,0.1
2024-01-30 10:00:44,1.23,0.43
2024-01-30 10:03:10,1.27,0.5
2024-01-30 10:05:39,1.08,0.5
2024-01-30 10:08:06,1.08,0.68
2024-01-30 10:10:35,1.45,0.85
2024-01-30 10:13:01,0.7,0.1
2024-01-30 10:15:28,1.45,0.73
2024-01-30 10:17:54,1.42,0.6
2024-01-30 10:20:20,1.17,0.32
2024-01-30 10:22:47,1.17,0.4
2024-01-30 10:25:14,0.88,0.15
2024-01-30 10:30:07,1.08,0.5
2024-01-30 10:32:33,1.2,0.32
2024-01-30 10:34:59,1.33,0.43
2024-01-30 10:37:25,1.02,0.15
2024-01-30 10:39:52,1.02,0.32
2024-01-30 10:42:21,1.23,0.38
2024-01-30 10:45:01,1.05,0.22
2024-01-30 10:47:29,0.82,0.15
2024-01-30 10:49:56,1.25,0.85
2024-01-30 10:52:22,0.7,0.1
2024-01-30 10:54:51,1.0,0.28
2024-01-30 10:57:17,1.55,0.68
2024-01-30 10:59:44,1.35,0.43
2024-01-30 11:02:10,1.05,0.32
2024-01-30 11:04:37,0.95,0.25
2024-01-30 11:09:52,1.33,0.52
2024-01-30 11:12:25,1.45,0.98
2024-01-30 11:17:43,2.38,0.32
2024-01-30 11:22:35,1.05,0.32
2024-01-30 11:25:01,1.08,0.55
2024-01-30 11:27:28,1.1,0.45
2024-01-30 11:29:55,1.08,0.47
2024-01-30 11:32:26,1.38,0.45
2024-01-30 11:34:52,1.35,1.13
2024-01-30 11:37:19,0.75,0.17
2024-01-30 11:39:46,1.25,0.63
2024-01-30 11:42:12,1.1,0.38
2024-01-30 11:44:38,1.15,0.38
2024-01-30 11:47:04,1.15,0.2
2024-01-30 11:49:30,0.7,0.1
2024-01-30 11:51:56,1.05,0.3
2024-01-30 11:54:22,0.88,0.2
2024-01-30 11:56:48,1.27,0.52
2024-01-30 11:59:14,1.08,0.2
2024-01-30 12:01:40,1.52,0.45
2024-01-30 12:04:07,1.15,0.22
2024-01-30 12:09:01,1.02,0.32
2024-01-30 12:11:30,0.98,0.28
2024-01-30 12:13:56,1.6,0.85
2024-01-30 12:16:22,1.1,0.28
2024-01-30 12:18:48,1.02,0.2
2024-01-30 12:21:18,1.0,0.22
2024-01-30 12:23:44,1.23,0.3
2024-01-30 12:26:10,0.8,0.1
2024-01-30 12:28:37,0.95,0.35
2024-01-30 12:31:03,0.98,0.35
2024-01-30 12:33:29,1.13,0.38
2024-01-30 12:35:56,0.9,0.2
2024-01-30 12:38:23,0.93,0.32
2024-01-30 12:40:53,1.35,0.55
2024-01-30 12:43:21,1.05,0.43
2024-01-30 12:45:47,0.95,0.45
2024-01-30 12:48:13,0.98,0.3
2024-01-30 12:53:06,1.38,0.45
2024-01-30 12:55:34,1.33,0.28
2024-01-30 12:58:00,0.93,0.2
2024-01-30 13:00:26,1.02,0.4
2024-01-30 13:02:52,0.63,0.1
2024-01-30 13:05:18,1.15,0.52
2024-01-30 13:07:45,1.25,0.77
2024-01-30 13:10:11,1.17,0.3
2024-01-30 13:12:37,0.63,0.15
2024-01-30 13:15:03,1.0,0.2
2024-01-30 13:17:30,1.13,0.3
2024-01-30 13:19:56,0.8,0.1
2024-01-30 13:22:23,0.82,0.2
2024-01-30 13:24:49,1.02,0.22
2024-01-30 13:27:16,1.15,0.43
2024-01-30 13:29:42,1.15,0.4
2024-01-30 13:32:08,1.23,0.5
2024-01-30 13:34:34,1.17,0.38
2024-01-30 13:37:00,1.05,0.38
2024-01-30 13:39:26,0.82,0.13
2024-01-30 13:41:54,0.63,0.1
2024-01-30 13:44:20,1.1,0.2
2024-01-30 13:46:46,1.4,0.7
2024-01-30 13:49:12,1.08,0.2
2024-01-30 13:51:38,1.13,0.4
2024-01-30 13:54:04,1.13,0.25
2024-01-30 13:56:30,1.05,0.2
2024-01-30 13:58:56,0.98,0.35
2024-01-30 14:01:23,1.13,0.3
2024-01-30 14:03:49,1.1,0.22
2024-01-30 14:06:15,0.8,0.1
2024-01-30 14:11:08,1.2,0.22
2024-01-30 14:13:34,1.52,0.73
2024-01-30 14:16:00,0.77,0.2
2024-01-30 14:18:27,1.13,0.3
2024-01-30 14:20:53,1.15,0.3
2024-01-30 14:23:19,0.82,0.13
2024-01-30 14:25:46,1.0,0.32
2024-01-30 14:28:12,1.05,0.3
2024-01-30 14:30:38,0.8,0.22
2024-01-30 14:33:04,1.13,0.52
2024-01-30 14:35:32,1.38,0.55
2024-01-30 14:37:58,1.85,0.47
2024-01-30 14:40:24,1.65,1.3
2024-01-30 14:42:51,0.95,0.32
2024-01-30 14:45:17,1.0,0.38
2024-01-30 14:47:43,1.05,0.28
2024-01-30 14:50:09,1.0,0.2
2024-01-30 14:52:35,0.93,0.22
2024-01-30 14:55:02,1.25,0.6
2024-01-30 14:57:28,1.17,0.22
2024-01-30 14:59:54,1.25,0.63
2024-01-30 15:02:20,1.05,0.38
2024-01-30 15:04:46,0.82,0.15
2024-01-30 15:07:12,0.85,0.17
2024-01-30 15:09:38,0.95,0.2
2024-01-30 15:12:04,0.98,0.22
2024-01-30 15:14:30,1.1,0.82
2024-01-30 15:16:56,1.17,0.32
2024-01-30 15:19:22,0.93,0.2
2024-01-30 15:21:48,1.75,0.22
2024-01-30 15:24:14,1.33,0.4
2024-01-30 15:26:43,0.57,0.17
2024-01-30 15:29:09,1.02,0.4
2024-01-30 15:31:35,0.85,0.17
2024-01-30 15:34:01,1.13,0.28
2024-01-30 15:36:28,1.1,0.43
2024-01-30 15:38:55,1.58,0.75
2024-01-30 15:41:21,0.93,0.22
2024-01-30 15:43:47,0.77,0.1
2024-01-30 15:46:13,1.42,0.63
2024-01-30 15:48:39,1.13,0.32
2024-01-30 15:51:05,1.0,0.2
2024-01-30 15:53:31,1.13,0.32
2024-01-30 15:55:58,1.17,0.38
2024-01-30 15:58:24,0.93,0.1
2024-01-30 16:00:50,0.65,0.1
2024-01-30 16:03:16,1.1,0.22
2024-01-30 16:05:42,1.08,0.43
2024-01-30 16:08:08,0.85,0.1
2024-01-30 16:10:34,1.3,0.2
2024-01-30 16:13:01,0.93,0.1
2024-01-30 16:15:27,1.08,0.1
2024-01-30 16:17:53,0.5,0.0
2024-01-30 16:20:19,0.7,0.1
2024-01-30 16:22:46,0.8,0.1
2024-01-30 16:25:13,0.8,0.1
2024-01-30 16:27:42,1.0,0.2
2024-01-30 16:30:08,1.25,0.35
2024-01-30 16:32:35,0.77,0.1
2024-01-30 16:35:01,1.1,0.28
2024-01-30 16:37:27,0.88,0.2
2024-01-30 16:39:53,0.98,0.32
2024-01-30 16:42:19,0.98,0.45
2024-01-30 16:44:45,1.17,0.4
2024-01-30 16:47:12,1.33,0.45
2024-01-30 16:49:38,0.73,0.1
2024-01-30 16:52:04,0.98,0.3
2024-01-30 16:54:31,2.15,0.77
2024-01-30 16:56:57,1.52,0.43
2024-01-30 16:59:23,0.85,0.2
2024-01-30 17:01:49,1.05,0.22
2024-01-30 17:04:18,0.93,0.22
2024-01-30 17:06:47,1.08,0.2
2024-01-30 17:09:13,1.05,0.2
2024-01-30 17:11:40,1.2,0.4
2024-01-30 17:14:06,1.17,0.4
2024-01-30 17:16:32,1.15,0.25
2024-01-30 17:18:58,1.08,0.22
2024-01-30 17:21:24,1.13,0.55
2024-01-30 17:23:50,1.17,0.45
2024-01-30 17:26:17,0.98,0.28
2024-01-30 17:28:43,1.33,0.43
2024-01-30 17:31:09,1.15,0.4
2024-01-30 17:33:35,1.05,0.25
2024-01-30 17:36:03,1.08,0.28
2024-01-30 17:38:29,1.05,0.2
2024-01-30 17:40:55,1.35,1.08
2024-01-30 17:43:21,1.35,0.47
2024-01-30 17:45:47,0.82,0.17
2024-01-30 17:48:13,1.05,0.2
2024-01-30 17:50:40,1.25,0.82
2024-01-30 17:53:06,1.1,0.5
2024-01-30 17:55:32,0.7,0.13
2024-01-30 17:57:58,0.88,0.17
2024-01-30 18:00:24,0.73,0.1
2024-01-30 18:02:50,0.93,0.3
2024-01-30 18:07:43,0.95,0.2
2024-01-30 18:10:09,0.63,0.1
2024-01-30 18:12:38,0.8,0.2
2024-01-30 18:15:04,1.4,0.65
2024-01-30 18:17:33,1.05,0.6
2024-01-30 18:19:59,1.05,0.2
2024-01-30 18:22:25,1.15,0.38
2024-01-30 18:24:51,1.13,0.2
2024-01-30 18:27:17,1.35,0.52
2024-01-30 18:29:43,1.45,0.73
2024-01-30 18:32:09,0.82,0.17
2024-01-30 18:34:35,1.02,0.17
2024-01-30 18:37:01,0.73,0.22
2024-01-30 18:39:28,1.05,0.28
2024-01-30 18:41:54,0.88,0.28
2024-01-30 18:44:20,1.35,0.63
2024-01-30 18:46:46,0.88,0.22
2024-01-30 18:49:13,1.1,0.4
2024-01-30 18:51:40,0.82,0.17
2024-01-30 18:54:06,1.2,0.68
2024-01-30 18:56:32,1.08,0.35
2024-01-30 18:58:58,1.02,0.32
2024-01-30 19:01:24,1.25,0.4
2024-01-30 19:03:50,1.35,0.75
2024-01-30 19:06:16,1.3,0.43
2024-01-30 19:08:43,1.35,0.47
2024-01-30 19:11:19,0.93,0.15
2024-01-30 19:13:45,1.05,0.25
2024-01-30 19:16:11,1.1,0.4
2024-01-30 19:18:37,1.13,0.4
2024-01-30 19:21:03,1.17,0.3
2024-01-30 19:23:29,1.33,0.4
2024-01-30 19:25:56,1.08,0.63
2024-01-30 19:28:22,1.23,0.45
2024-01-30 19:30:48,0.93,0.3
2024-01-30 19:33:15,1.15,0.3
2024-01-30 19:35:42,0.93,0.13
2024-01-30 19:38:08,1.23,0.5
2024-01-30 19:40:36,1.1,0.4
2024-01-30 19:43:03,1.2,0.57
2024-01-30 19:45:29,0.98,0.22
2024-01-30 19:47:55,0.8,0.1
2024-01-30 19:50:21,0.95,0.17
2024-01-30 19:52:48,0.93,0.25
2024-01-30 19:55:14,1.08,0.22
2024-01-30 19:57:40,0.6,0.1
2024-01-30 20:00:06,0.93,0.2
2024-01-30 20:02:35,1.13,0.43
2024-01-30 20:05:01,0.73,0.1
2024-01-30 20:07:27,1.25,0.55
2024-01-30 20:09:53,1.27,0.45
2024-01-30 20:12:19,0.82,0.15
2024-01-30 20:14:45,0.9,0.2
2024-01-30 20:17:11,1.3,0.3
2024-01-30 20:19:39,0.82,0.2
2024-01-30 20:22:05,1.1,0.25
2024-01-30 20:24:32,0.63,0.1
2024-01-30 20:26:58,1.15,0.45
2024-01-30 20:29:25,1.17,0.52
2024-01-30 20:31:51,0.95,0.15
2024-01-30 20:34:17,0.95,0.17
2024-01-30 20:36:43,1.58,1.45
2024-01-30 20:39:12,1.2,0.43
2024-01-30 20:41:41,0.98,0.22
2024-01-30 20:44:09,0.75,0.15
2024-01-30 20:46:35,1.25,0.32
2024-01-30 20:49:02,1.15,0.45
2024-01-30 20:51:28,1.02,0.2
2024-01-30 20:53:55,0.93,0.28
2024-01-30 20:56:21,0.6,0.17
2024-01-30 20:58:47,0.95,0.2
2024-01-30 21:01:13,1.42,0.35
2024-01-30 21:03:40,0.93,0.1
2024-01-30 21:06:07,1.17,0.55
2024-01-30 21:08:34,1.08,0.3
2024-01-30 21:11:01,0.88,0.17
2024-01-30 21:13:31,1.1,0.3
2024-01-30 21:15:57,1.13,0.57
2024-01-30 21:18:23,1.15,0.6
2024-01-30 21:20:49,1.17,0.65
2024-01-30 21:23:21,2.28,0.55
2024-01-30 21:25:47,1.02,0.3
2024-01-30 21:28:13,0.7,0.17
2024-01-30 21:30:39,1.1,0.3
2024-01-30 21:33:06,1.02,0.4
2024-01-30 21:35:32,1.27,0.32
2024-01-30 21:37:59,1.0,0.2
2024-01-30 21:40:25,0.95,0.2
2024-01-30 21:42:51,1.17,0.43
2024-01-30 21:45:17,1.17,0.35
2024-01-30 21:47:47,0.88,0.15
2024-01-30 21:50:13,1.13,0.32
2024-01-30 21:52:39,1.25,0.25
2024-01-30 21:55:06,0.82,0.1
2024-01-30 21:59:58,0.9,0.15
2024-01-30 22:02:24,1.65,0.52
2024-01-30 22:04:50,1.13,0.22
2024-01-30 22:07:17,0.75,0.13
2024-01-30 22:09:43,1.17,0.3
2024-01-30 22:12:09,0.93,0.2
2024-01-30 22:14:35,0.8,0.2
2024-01-30 22:17:01,0.93,0.17
2024-01-30 22:19:28,1.17,0.22
2024-01-30 22:21:54,1.2,0.45
2024-01-30 22:24:20,0.95,0.2
2024-01-30 22:26:46,1.23,0.55
2024-01-30 22:29:12,0.93,0.2
2024-01-30 22:31:38,0.77,0.1
2024-01-30 22:34:04,1.25,0.45
2024-01-30 22:36:30,1.35,0.57
2024-01-30 22:38:56,0.93,0.13
2024-01-30 22:41:23,0.98,0.28
2024-01-30 22:43:50,0.95,0.25
2024-01-30 22:46:16,1.2,0.32
2024-01-30 22:48:42,1.15,0.57
2024-01-30 22:51:08,0.95,0.22
2024-01-30 22:53:34,0.82,0.15
2024-01-30 22:56:00,1.0,0.3
2024-01-30 22:58:26,1.42,1.17
2024-01-30 23:00:52,1.13,0.45
2024-01-30 23:03:19,1.2,0.47
2024-01-30 23:05:45,1.25,0.3
2024-01-30 23:08:11,1.1,0.38
2024-01-30 23:10:39,0.88,0.15
2024-01-30 23:13:05,1.08,0.43
2024-01-30 23:15:31,0.95,0.2
2024-01-30 23:17:59,0.85,0.17
2024-01-30 23:20:25,0.75,0.15
2024-01-30 23:22:51,1.13,0.28
2024-01-30 23:25:17,0.93,0.2
2024-01-30 23:27:44,1.15,0.4
2024-01-30 23:30:10,0.95,0.3
2024-01-30 23:32:36,1.0,0.2
2024-01-30 23:35:03,0.82,0.1
2024-01-30 23:37:29,1.02,0.25
2024-01-30 23:39:55,0.93,0.2
2024-01-30 23:42:21,1.23,0.52
2024-01-30 23:44:47,0.95,0.43
2024-01-30 23:47:13,0.85,0.2
2024-01-30 23:49:39,1.13,0.3
2024-01-30 23:52:06,1.13,0.55
2024-01-30 23:54:32,0.9,0.17
2024-01-30 23:56:58,0.8,0.2
2024-01-30 23:59:24,1.0,0.2
2024-01-31 00:01:50,0.82,0.2
2024-01-31 00:04:17,0.6,0.1
2024-01-31 00:06:47,0.63,0.17
2024-01-31 00:09:13,1.35,0.4
2024-01-31 00:11:39,0.93,0.2
2024-01-31 00:14:05,0.8,0.1
2024-01-31 00:16:33,1.02,0.57
2024-01-31 00:18:59,1.15,0.2
2024-01-31 00:21:25,1.0,0.3
2024-01-31 00:23:51,0.82,0.22
2024-01-31 00:26:17,0.98,0.35
2024-01-31 00:28:43,0.65,0.15
2024-01-31 00:31:09,1.15,0.22
2024-01-31 00:33:36,1.0,0.25
2024-01-31 00:36:03,1.1,0.25
2024-01-31 00:38:29,1.13,0.3
2024-01-31 00:40:55,0.93,0.28
2024-01-31 00:43:21,1.08,0.2
2024-01-31 00:45:47,1.4,0.5
2024-01-31 00:48:14,0.6,0.1
2024-01-31 00:50:40,0.82,0.2
2024-01-31 00:53:06,0.77,0.1
2024-01-31 00:55:32,1.25,0.55
2024-01-31 00:57:58,0.85,0.13
2024-01-31 01:00:24,1.05,0.45
2024-01-31 01:02:51,0.77,0.15
2024-01-31 01:05:17,1.15,0.32
2024-01-31 01:07:45,0.98,0.3
2024-01-31 01:10:12,1.08,0.43
2024-01-31 01:12:38,0.95,0.2
2024-01-31 01:15:05,1.38,0.9
2024-01-31 01:17:31,0.9,0.28
2024-01-31 01:19:57,1.23,0.65
2024-01-31 01:22:23,0.95,0.3
2024-01-31 01:24:49,1.05,0.3
2024-01-31 01:27:16,1.17,0.68
2024-01-31 01:29:42,0.9,0.2
2024-01-31 01:32:08,1.3,0.45
2024-01-31 01:34:34,0.85,0.15
2024-01-31 01:37:00,1.0,0.22
2024-01-31 01:39:26,0.98,0.52
2024-01-31 01:41:52,1.1,0.22
2024-01-31 01:44:18,0.98,0.28
2024-01-31 01:46:44,0.93,0.2
2024-01-31 01:49:11,0.9,0.2
2024-01-31 01:51:38,0.93,0.3
2024-01-31 01:54:05,1.3,0.9
2024-01-31 01:56:32,0.82,0.13
2024-01-31 01:58:59,0.95,0.38
2024-01-31 02:01:26,1.23,0.43
2024-01-31 02:03:56,1.05,0.32
2024-01-31 02:06:22,1.15,0.32
2024-01-31 02:08:49,1.2,0.38
2024-01-31 02:11:16,0.93,0.22
2024-01-31 02:13:42,0.85,0.17
2024-01-31 02:16:08,0.9,0.22
2024-01-31 02:18:34,1.15,0.22
2024-01-31 02:21:00,0.8,0.2
2024-01-31 02:23:26,1.02,0.32
2024-01-31 02:25:52,0.6,0.1
2024-01-31 02:28:18,0.9,0.2
2024-01-31 02:30:44,0.9,0.25
2024-01-31 02:33:10,1.1,0.32
2024-01-31 02:35:36,0.77,0.13
2024-01-31 02:38:03,1.05,0.43
2024-01-31 02:40:29,0.75,0.1
2024-01-31 02:42:55,1.13,0.35
2024-01-31 02:45:22,1.15,0.65
2024-01-31 02:47:48,0.63,0.13
2024-01-31 02:50:15,0.6,0.1
2024-01-31 02:52:41,0.88,0.22
2024-01-31 02:55:07,0.95,0.28
2024-01-31 02:57:33,1.17,0.52
2024-01-31 03:00:00,1.17,0.57
2024-01-31 03:02:26,0.68,0.1
2024-01-31 03:04:52,0.82,0.2
2024-01-31 03:07:18,0.8,0.17
2024-01-31 03:09:44,0.85,0.2
2024-01-31 03:12:10,0.98,0.43
2024-01-31 03:14:36,1.4,0.85
2024-01-31 03:17:02,0.82,0.13
2024-01-31 03:19:29,0.88,0.3
2024-01-31 03:21:55,1.15,0.35
2024-01-31 03:24:21,0.6,0.1
2024-01-31 03:26:48,1.13,0.4
2024-01-31 03:29:14,0.88,0.2
2024-01-31 03:31:40,1.1,0.35
2024-01-31 03:34:06,1.17,0.32
2024-01-31 03:36:32,1.02,0.4
2024-01-31 03:38:59,0.85,0.1
2024-01-31 03:41:26,0.85,0.13
2024-01-31 03:43:53,1.05,0.4
2024-01-31 03:46:19,0.7,0.1
2024-01-31 03:48:45,0.95,0.2
2024-01-31 03:51:21,0.95,0.3
2024-01-31 03:53:48,1.02,0.2
2024-01-31 03:56:14,0.85,0.17
2024-01-31 03:58:40,1.15,0.28
2024-01-31 04:01:07,0.6,0.1
2024-01-31 04:03:33,1.08,0.38
2024-01-31 04:05:59,0.73,0.1
2024-01-31 04:08:25,0.8,0.2
2024-01-31 04:10:51,0.75,0.1
2024-01-31 04:13:18,1.1,0.5
2024-01-31 04:15:44,0.8,0.15
2024-01-31 04:18:10,1.3,0.5
2024-01-31 04:20:40,0.98,0.3
2024-01-31 04:23:06,1.15,0.38
2024-01-31 04:25:33,0.93,0.2
2024-01-31 04:27:59,1.08,0.45
2024-01-31 04:30:25,1.08,0.45
2024-01-31 04:32:51,1.02,0.22
2024-01-31 04:35:17,1.38,0.6
2024-01-31 04:37:43,0.85,0.17
2024-01-31 04:40:10,0.77,0.1
2024-01-31 04:42:36,0.85,0.1
2024-01-31 04:45:02,1.35,0.77
2024-01-31 04:47:29,1.02,0.43
2024-01-31 04:49:55,1.15,0.52
2024-01-31 04:52:22,0.85,0.13
2024-01-31 04:54:48,0.95,0.32
2024-01-31 04:57:18,1.15,0.3
2024-01-31 04:59:47,0.6,0.1
2024-01-31 05:02:13,0.85,0.1
2024-01-31 05:04:39,0.93,0.2
2024-01-31 05:07:05,1.0,0.43
2024-01-31 05:09:31,1.08,0.22
2024-01-31 05:11:58,0.98,0.2
2024-01-31 05:14:24,0.93,0.22
2024-01-31 05:16:50,0.77,0.1
2024-01-31 05:19:16,1.0,0.52
2024-01-31 05:21:49,1.08,0.2
2024-01-31 05:24:15,1.08,0.25
2024-01-31 05:26:42,1.23,0.3
2024-01-31 05:29:08,0.85,0.17
2024-01-31 05:31:35,0.77,0.1
2024-01-31 05:34:01,0.82,0.1
2024-01-31 05:36:27,1.08,0.3
2024-01-31 05:38:53,1.2,0.82
2024-01-31 05:41:19,1.0,0.2
2024-01-31 05:43:45,0.85,0.28
2024-01-31 05:46:11,0.9,0.2
2024-01-31 05:48:47,0.8,0.1
2024-01-31 05:51:13,1.05,0.2
2024-01-31 05:53:40,0.95,0.38
2024-01-31 05:56:06,0.77,0.1
2024-01-31 05:58:32,0.85,0.17
2024-01-31 06:00:59,1.23,0.52
2024-01-31 06:03:25,1.02,0.2
2024-01-31 06:08:19,0.93,0.3
2024-01-31 06:10:48,0.98,0.45
2024-01-31 06:13:18,0.85,0.17
2024-01-31 06:15:44,1.02,0.32
2024-01-31 06:18:10,1.23,0.2
2024-01-31 06:20:39,0.88,0.15
2024-01-31 06:23:06,1.17,0.25
2024-01-31 06:25:35,1.27,0.68
2024-01-31 06:28:01,0.88,0.28
2024-01-31 06:30:27,1.02,0.22
2024-01-31 06:32:59,1.33,0.22
2024-01-31 06:35:31,1.3,0.63
2024-01-31 06:37:57,1.15,0.55
2024-01-31 06:40:23,0.88,0.13
2024-01-31 06:42:49,0.98,0.2
2024-01-31 06:45:16,1.08,0.3
2024-01-31 06:47:43,0.88,0.22
2024-01-31 06:50:09,1.2,0.47
2024-01-31 06:52:35,0.95,0.35
2024-01-31 06:55:01,1.33,0.5
2024-01-31 06:57:27,0.9,0.2
2024-01-31 06:59:54,1.15,0.38
2024-01-31 07:02:20,1.05,0.55
2024-01-31 07:04:46,1.15,0.68
2024-01-31 07:07:12,1.38,0.73
2024-01-31 07:09:38,0.77,0.22
2024-01-31 07:12:05,0.95,0.28
2024-01-31 07:14:31,0.7,0.1
2024-01-31 07:16:57,0.95,0.3
2024-01-31 07:19:23,0.98,0.28
2024-01-31 07:21:49,1.3,0.4
2024-01-31 07:24:15,1.15,0.45
2024-01-31 07:26:42,0.82,0.17
2024-01-31 07:29:08,1.05,0.38
2024-01-31 07:31:35,0.77,0.17
2024-01-31 07:34:01,0.95,0.25
2024-01-31 07:36:27,1.02,0.22
2024-01-31 07:38:53,1.45,0.98
2024-01-31 07:41:20,0.95,0.2
2024-01-31 07:43:46,1.65,0.5
2024-01-31 07:46:12,1.0,0.25
2024-01-31 07:48:38,1.1,0.25
2024-01-31 07:51:04,1.1,0.22
2024-01-31 07:53:34,0.95,0.28
2024-01-31 07:56:02,0.95,0.2
2024-01-31 07:58:29,1.17,0.45
2024-01-31 08:00:55,0.77,0.1
2024-01-31 08:03:22,1.13,0.55
2024-01-31 08:05:48,1.15,0.4
2024-01-31 08:08:15,1.0,0.22
2024-01-31 08:10:41,1.23,0.45
2024-01-31 08:13:07,1.15,0.35
2024-01-31 08:15:34,1.25,0.4
2024-01-31 08:18:01,1.35,0.52
2024-01-31 08:20:27,1.25,0.52
2024-01-31 08:22:53,1.25,0.3
2024-01-31 08:25:19,1.02,0.35
2024-01-31 08:27:45,1.48,0.52
2024-01-31 08:30:14,0.85,0.1
2024-01-31 08:32:40,0.68,0.1
2024-01-31 08:35:06,1.1,0.4
2024-01-31 08:37:33,0.98,0.2
2024-01-31 08:39:59,0.8,0.1
2024-01-31 08:42:25,1.0,0.25
2024-01-31 08:44:54,0.95,0.15
2024-01-31 08:47:20,1.35,0.52
2024-01-31 08:49:47,1.17,0.3
2024-01-31 08:52:16,1.17,0.32
2024-01-31 08:54:42,1.1,0.2
2024-01-31 08:57:09,1.15,0.2
2024-01-31 08:59:36,1.15,0.3
2024-01-31 09:02:02,1.02,0.2
2024-01-31 09:04:28,0.9,0.17
2024-01-31 09:06:54,1.15,0.32
2024-01-31 09:09:20,1.23,0.3
2024-01-31 09:11:46,1.1,0.5
2024-01-31 09:14:12,0.93,0.15
2024-01-31 09:16:38,0.95,0.3
2024-01-31 09:19:05,0.95,0.17
2024-01-31 09:21:31,0.93,0.25
2024-01-31 09:23:57,1.05,0.3
2024-01-31 09:26:23,1.45,0.82
2024-01-31 09:28:49,1.15,0.63
2024-01-31 09:31:19,0.88,0.15
2024-01-31 09:33:46,1.92,0.52
2024-01-31 09:36:12,1.05,0.2
2024-01-31 09:38:38,1.02,0.2
2024-01-31 09:41:04,1.17,0.47
2024-01-31 09:43:30,1.4,0.3
2024-01-31 09:45:57,1.15,0.3
2024-01-31 09:48:25,1.08,0.22
2024-01-31 09:50:51,0.8,0.15
2024-01-31 09:53:18,1.2,0.43
2024-01-31 09:55:45,1.17,0.4
2024-01-31 09:58:12,1.02,0.25
2024-01-31 10:00:38,0.8,0.1
2024-01-31 10:03:04,0.98,0.28
2024-01-31 10:05:31,0.95,0.38
2024-01-31 10:08:01,0.9,0.22
2024-01-31 10:10:27,0.95,0.3
2024-01-31 10:12:54,1.25,0.3
2024-01-31 10:15:20,1.02,0.2
2024-01-31 10:17:46,1.02,0.22
2024-01-31 10:20:13,1.13,0.38
2024-01-31 10:22:40,1.0,0.2
2024-01-31 10:25:07,1.38,0.38
2024-01-31 10:27:35,1.08,0.3
2024-01-31 10:30:07,1.33,0.5
2024-01-31 10:32:36,1.08,0.22
2024-01-31 10:35:04,0.9,0.13
2024-01-31 10:37:30,0.8,0.15
2024-01-31 10:39:58,1.05,0.22
2024-01-31 10:42:29,1.35,0.77
2024-01-31 10:44:55,0.98,0.22
2024-01-31 10:47:22,0.7,0.1
2024-01-31 10:49:48,1.1,0.2
2024-01-31 10:52:14,1.2,0.32
2024-01-31 10:54:46,1.25,0.3
2024-01-31 10:57:14,1.52,0.32
2024-01-31 10:59:41,1.02,0.22
2024-01-31 11:02:16,1.0,0.2
2024-01-31 11:04:47,0.82,0.2
2024-01-31 11:07:19,1.15,0.98
2024-01-31 11:12:56,1.17,0.38
2024-01-31 11:15:32,0.82,0.13
2024-01-31 11:20:44,1.1,0.3
2024-01-31 11:23:21,1.0,0.22
2024-01-31 11:25:48,0.95,0.2
2024-01-31 11:28:16,1.0,0.2
2024-01-31 11:30:42,1.2,0.3
2024-01-31 11:33:08,1.38,0.55
2024-01-31 11:35:34,0.68,0.2
2024-01-31 11:38:01,1.0,0.3
2024-01-31 11:40:27,1.05,0.3
2024-01-31 11:42:54,1.3,0.55
2024-01-31 11:45:22,1.15,0.25
2024-01-31 11:47:48,0.9,0.25
2024-01-31 11:50:15,0.93,0.2
2024-01-31 11:52:41,1.2,0.6
2024-01-31 11:55:07,1.2,0.52
2024-01-31 11:57:36,1.55,1.4
2024-01-31 12:00:02,0.85,0.3
2024-01-31 12:02:32,0.75,0.15
2024-01-31 12:04:58,1.15,0.57
2024-01-31 12:07:24,0.6,0.1
2024-01-31 12:09:50,1.1,0.43
2024-01-31 12:12:17,1.13,0.3
2024-01-31 12:14:43,1.3,0.77
2024-01-31 12:17:19,1.27,0.5
2024-01-31 12:19:46,1.17,0.28
2024-01-31 12:22:12,1.05,0.43
2024-01-31 12:24:38,0.95,0.3
2024-01-31 12:27:04,1.42,0.52
2024-01-31 12:29:31,1.05,0.3
2024-01-31 12:31:57,1.05,0.5
2024-01-31 12:34:23,0.68,0.15
2024-01-31 12:36:49,0.95,0.25
2024-01-31 12:39:15,1.33,0.63
2024-01-31 12:41:47,1.02,0.35
2024-01-31 12:44:15,0.88,0.2
2024-01-31 12:46:41,1.1,0.32
2024-01-31 12:49:08,0.57,0.13
2024-01-31 12:51:34,0.8,0.1
2024-01-31 12:54:00,1.0,0.3
2024-01-31 12:56:27,0.8,0.1
2024-01-31 13:01:22,0.88,0.2
2024-01-31 13:03:48,0.65,0.15
2024-01-31 13:06:14,1.2,0.6
2024-01-31 13:08:40,0.95,0.6
2024-01-31 13:11:06,0.95,0.35
2024-01-31 13:13:40,0.65,0.1
2024-01-31 13:16:08,0.95,0.38
2024-01-31 13:18:35,1.08,0.22
2024-01-31 13:21:01,1.25,0.43
2024-01-31 13:23:27,1.5,0.55
2024-01-31 13:25:53,1.25,0.77
2024-01-31 13:28:19,0.9,0.32
2024-01-31 13:30:45,0.93,0.32
2024-01-31 13:33:11,1.17,0.38
2024-01-31 13:35:37,1.15,0.3
2024-01-31 13:38:04,1.05,0.3
2024-01-31 13:40:30,0.77,0.22
2024-01-31 13:42:56,0.98,0.17
2024-01-31 13:45:22,0.95,0.17
2024-01-31 13:47:48,1.27,0.5
2024-01-31 13:50:14,1.08,0.63
2024-01-31 13:52:40,0.98,0.22
2024-01-31 13:55:07,0.82,0.25
2024-01-31 13:57:33,1.23,0.32
2024-01-31 13:59:59,1.0,0.2
2024-01-31 14:02:27,0.88,0.2
2024-01-31 14:04:53,0.68,0.13
2024-01-31 14:07:20,1.0,0.38
2024-01-31 14:09:47,0.95,0.2
2024-01-31 14:12:13,0.82,0.1
2024-01-31 14:14:39,1.08,0.15
2024-01-31 14:17:05,0.95,0.28
2024-01-31 14:19:31,1.33,0.22
2024-01-31 14:21:57,1.13,0.25
2024-01-31 14:24:25,1.0,0.2
2024-01-31 14:26:51,2.1,0.3
2024-01-31 14:29:17,1.17,0.5
2024-01-31 14:31:44,0.95,0.28
2024-01-31 14:34:11,1.02,0.13
2024-01-31 14:36:40,0.98,0.3
2024-01-31 14:39:07,1.17,0.65
2024-01-31 14:41:33,0.93,0.22
2024-01-31 14:43:59,1.27,0.4
2024-01-31 14:46:25,0.98,0.22
2024-01-31 14:48:51,0.9,0.15
2024-01-31 14:51:17,1.05,0.2
2024-01-31 14:53:44,0.9,0.13
2024-01-31 14:56:10,1.48,0.13
2024-01-31 14:58:36,1.0,0.38
2024-01-31 15:01:02,1.02,0.13
2024-01-31 15:03:29,1.92,0.38
2024-01-31 15:05:55,1.73,0.32
2024-01-31 15:08:21,1.75,0.43
2024-01-31 15:10:47,1.6,0.43
2024-01-31 15:13:13,1.08,0.32
2024-01-31 15:15:39,1.1,0.28
2024-01-31 15:18:06,0.77,0.1
2024-01-31 15:20:32,0.82,0.17
2024-01-31 15:22:58,1.1,0.2
2024-01-31 15:25:26,1.02,0.28
2024-01-31 15:27:52,0.82,0.13
2024-01-31 15:30:18,0.98,0.2
2024-01-31 15:32:44,1.35,0.4
2024-01-31 15:35:10,0.98,0.17
2024-01-31 15:37:37,1.3,0.73
2024-01-31 15:40:03,0.95,0.2
2024-01-31 15:42:30,1.25,0.43
2024-01-31 15:44:56,1.0,0.3
2024-01-31 15:47:22,1.05,0.3
2024-01-31 15:49:49,0.8,0.17
2024-01-31 15:52:15,0.77,0.2
2024-01-31 15:54:41,1.2,0.43
2024-01-31 15:57:08,1.15,0.4
2024-01-31 15:59:34,0.9,0.1
2024-01-31 16:02:00,1.13,0.15
2024-01-31 16:04:26,1.2,0.4
2024-01-31 16:06:53,0.9,0.2
2024-01-31 16:09:20,0.9,0.1
2024-01-31 16:11:47,1.3,0.32
2024-01-31 16:14:13,2.13,0.88
2024-01-31 16:16:43,1.08,0.17
2024-01-31 16:19:10,1.35,0.38
2024-01-31 16:21:41,1.55,0.25
2024-01-31 16:24:07,0.75,0.1
2024-01-31 16:26:33,0.73,0.1
2024-01-31 16:29:01,1.0,0.1
2024-01-31 16:31:27,0.77,0.1
2024-01-31 16:33:53,0.95,0.13
2024-01-31 16:36:19,0.8,0.1
2024-01-31 16:38:46,0.82,0.1
2024-01-31 16:41:22,0.93,0.13
2024-01-31 16:43:49,1.05,0.25
2024-01-31 16:46:15,1.17,0.43
2024-01-31 16:48:42,0.73,0.1
2024-01-31 16:51:11,1.1,0.3
2024-01-31 16:53:38,1.15,0.22
2024-01-31 16:56:04,0.88,0.1
2024-01-31 16:58:30,1.1,0.3
2024-01-31 17:00:56,1.13,0.57
2024-01-31 17:03:22,1.38,0.35
2024-01-31 17:05:48,1.02,0.32
2024-01-31 17:08:14,0.8,0.1
2024-01-31 17:10:43,1.15,0.25
2024-01-31 17:13:11,0.65,0.13
2024-01-31 17:15:45,1.02,0.2
2024-01-31 17:18:12,1.3,0.5
2024-01-31 17:20:42,1.1,0.1
2024-01-31 17:23:09,0.9,0.13
2024-01-31 17:25:35,0.95,0.3
2024-01-31 17:30:28,0.73,0.15
2024-01-31 17:32:54,0.8,0.1
2024-01-31 17:35:20,0.8,0.22
2024-01-31 17:37:46,1.33,0.2
2024-01-31 17:40:13,1.45,0.45
2024-01-31 17:42:39,1.27,0.45
2024-01-31 17:45:08,1.17,0.55
2024-01-31 17:47:38,1.17,0.5
2024-01-31 17:50:04,1.27,0.52
2024-01-31 17:52:33,0.77,0.13
2024-01-31 17:54:59,1.2,0.57
2024-01-31 17:57:25,1.38,0.38
2024-01-31 17:59:51,1.23,0.6
2024-01-31 18:02:17,0.88,0.22
2024-01-31 18:04:46,1.25,0.35
2024-01-31 18:07:12,0.95,0.17
2024-01-31 18:09:38,1.15,0.32
2024-01-31 18:12:04,1.27,0.38
2024-01-31 18:14:31,0.95,0.13
2024-01-31 18:16:57,1.35,0.43
2024-01-31 18:19:23,1.13,0.5
2024-01-31 18:21:49,0.8,0.1
2024-01-31 18:24:15,1.17,0.17
2024-01-31 18:26:42,1.33,0.52
2024-01-31 18:29:08,1.35,0.47
2024-01-31 18:31:39,1.15,0.43
2024-01-31 18:34:05,0.85,0.13
2024-01-31 18:36:31,1.45,0.32
2024-01-31 18:38:57,1.27,0.32
2024-01-31 18:41:23,0.75,0.1
2024-01-31 18:43:50,0.98,0.28
2024-01-31 18:46:16,0.9,0.13
2024-01-31 18:48:42,1.13,0.32
2024-01-31 18:51:09,1.02,0.25
2024-01-31 18:53:35,1.27,0.32
2024-01-31 18:56:06,1.35,0.5
2024-01-31 18:58:33,0.9,0.1
2024-01-31 19:00:59,1.23,0.32
2024-01-31 19:03:27,0.88,0.1
2024-01-31 19:05:53,0.95,0.32
2024-01-31 19:08:20,0.7,0.15
2024-01-31 19:10:46,1.08,0.25
2024-01-31 19:13:12,1.23,0.38
2024-01-31 19:15:38,1.5,0.43
2024-01-31 19:18:07,1.02,0.2
2024-01-31 19:20:34,1.1,0.3
2024-01-31 19:23:01,0.6,0.1
2024-01-31 19:25:27,1.1,0.2
2024-01-31 19:27:53,1.2,0.65
2024-01-31 19:30:22,1.0,0.43
2024-01-31 19:32:48,0.95,0.2
2024-01-31 19:35:15,1.17,0.45
2024-01-31 19:37:42,0.9,0.1
2024-01-31 19:40:08,1.05,0.3
2024-01-31 19:42:34,1.52,0.73
2024-01-31 19:45:01,0.6,0.1
2024-01-31 19:47:27,1.55,0.4
2024-01-31 19:49:53,1.33,0.3
2024-01-31 19:52:19,0.98,0.15
2024-01-31 19:54:45,1.17,0.43
2024-01-31 19:57:11,0.68,0.17
2024-01-31 19:59:37,1.2,0.38
2024-01-31 20:02:07,0.82,0.2
2024-01-31 20:04:36,1.1,0.35
2024-01-31 20:07:02,0.82,0.15
2024-01-31 20:09:28,1.08,0.55
2024-01-31 20:14:22,1.13,0.3
2024-01-31 20:16:49,1.1,0.25
2024-01-31 20:19:15,0.65,0.1
2024-01-31 20:21:41,1.35,0.6
2024-01-31 20:24:08,0.75,0.15
2024-01-31 20:26:34,1.1,0.35
2024-01-31 20:29:01,1.05,0.45
2024-01-31 20:31:28,1.1,0.17
2024-01-31 20:33:54,0.93,0.15
2024-01-31 20:36:20,1.05,0.38
2024-01-31 20:38:47,0.88,0.13
2024-01-31 20:41:14,1.3,0.2
2024-01-31 20:43:40,1.35,0.35
2024-01-31 20:46:07,0.6,0.1
2024-01-31 20:48:33,0.93,0.17
2024-01-31 20:51:02,1.05,0.3
2024-01-31 20:53:28,1.1,0.3
2024-01-31 20:55:54,1.05,0.2
2024-01-31 20:58:20,1.15,0.43
2024-01-31 21:00:47,1.1,0.22
2024-01-31 21:03:13,0.57,0.1
2024-01-31 21:05:40,1.1,0.52
2024-01-31 21:08:06,1.13,0.4
2024-01-31 21:10:32,1.23,0.47
2024-01-31 21:12:58,0.93,0.1
2024-01-31 21:15:24,1.38,0.3
2024-01-31 21:17:50,1.0,0.35
2024-01-31 21:20:17,1.17,0.4
2024-01-31 21:22:43,0.77,0.13
2024-01-31 21:25:09,0.75,0.17
2024-01-31 21:27:35,0.9,0.2
2024-01-31 21:30:01,0.9,0.2
2024-01-31 21:32:27,0.82,0.15
2024-01-31 21:34:53,1.5,0.28
2024-01-31 21:37:19,1.0,0.43
2024-01-31 21:39:45,0.88,0.35
2024-01-31 21:42:12,1.23,0.22
2024-01-31 21:44:38,0.65,0.1
2024-01-31 21:47:04,1.02,0.3
2024-01-31 21:49:31,0.95,0.25
2024-01-31 21:51:57,1.15,0.17
2024-01-31 21:54:23,0.93,0.2
2024-01-31 21:56:49,1.02,0.2
2024-01-31 21:59:15,0.77,0.2
2024-01-31 22:01:42,1.1,0.4
2024-01-31 22:04:08,1.27,0.57
2024-01-31 22:06:34,1.25,0.3
2024-01-31 22:09:00,1.33,0.22
2024-01-31 22:11:27,1.2,0.43
2024-01-31 22:13:53,1.17,0.57
2024-01-31 22:16:19,0.9,0.17
2024-01-31 22:18:45,1.02,0.2
2024-01-31 22:21:12,1.17,0.43
2024-01-31 22:23:38,1.08,0.3
2024-01-31 22:26:04,1.63,0.32
2024-01-31 22:28:30,1.23,0.22
2024-01-31 22:30:56,0.93,0.35
2024-01-31 22:33:22,1.25,0.38
2024-01-31 22:35:48,1.63,0.32
2024-01-31 22:38:14,0.75,0.17
2024-01-31 22:40:41,1.08,0.28
2024-01-31 22:43:07,1.33,0.43
2024-01-31 22:45:33,1.05,0.17
2024-01-31 22:48:00,1.17,0.35
2024-01-31 22:50:30,0.95,0.2
2024-01-31 22:52:56,1.05,0.3
2024-01-31 22:55:22,1.2,0.73
2024-01-31 22:57:48,1.05,0.4
2024-01-31 23:00:14,1.17,0.28
2024-01-31 23:02:41,0.9,0.22
2024-01-31 23:05:07,1.05,0.2
2024-01-31 23:07:34,1.0,0.25
2024-01-31 23:10:00,1.45,0.35
2024-01-31 23:12:26,1.08,0.35
2024-01-31 23:14:53,1.27,0.4
2024-01-31 23:17:19,1.15,0.45
2024-01-31 23:19:45,1.5,0.6
2024-01-31 23:22:11,1.38,0.57
2024-01-31 23:24:37,0.93,0.15
2024-01-31 23:27:04,0.98,0.35
2024-01-31 23:29:30,1.25,0.35
2024-01-31 23:31:56,1.27,0.52
2024-01-31 23:34:22,0.98,0.38
2024-01-31 23:36:48,0.75,0.1
2024-01-31 23:39:14,1.05,0.15
2024-01-31 23:41:40,1.45,0.47
2024-01-31 23:44:07,1.38,0.68
2024-01-31 23:46:33,0.93,0.38
2024-01-31 23:48:59,1.13,0.25
2024-01-31 23:51:25,1.2,0.4
2024-01-31 23:53:51,1.25,0.55
2024-01-31 23:56:20,0.75,0.2
2024-01-31 23:58:47,0.95,0.22
