timestamp,pm10,pm25
2024-01-01 00:01:59,11.9,2.13
2024-01-01 00:04:24,12.65,2.1
2024-01-01 00:06:57,9.68,2.17
2024-01-01 00:09:24,11.65,2.65
2024-01-01 00:11:52,10.35,3.67
2024-01-01 00:14:20,10.48,2.6
2024-01-01 00:16:45,12.4,3.2
2024-01-01 00:19:11,12.57,2.83
2024-01-01 00:21:37,14.95,2.7
2024-01-01 00:24:05,10.63,2.45
2024-01-01 00:26:33,12.57,2.75
2024-01-01 00:28:58,7.97,2.97
2024-01-01 00:31:28,14.15,2.53
2024-01-01 00:33:55,14.2,3.1
2024-01-01 00:36:21,10.32,2.72
2024-01-01 00:38:46,7.68,2.13
2024-01-01 00:41:15,14.88,2.22
2024-01-01 00:43:41,15.63,2.7
2024-01-01 00:46:10,13.48,3.05
2024-01-01 00:48:38,11.15,3.2
2024-01-01 00:51:08,8.35,2.5
2024-01-01 00:53:34,6.72,1.7
2024-01-01 00:55:59,14.98,2.78
2024-01-01 00:58:24,11.18,3.2
2024-01-01 01:00:50,12.02,2.97
2024-01-01 01:03:15,11.93,2.88
2024-01-01 01:05:41,12.38,2.63
2024-01-01 01:08:06,10.65,2.1
2024-01-01 01:10:37,13.65,2.8
2024-01-01 01:13:03,11.2,2.6
2024-01-01 01:15:29,9.3,2.08
2024-01-01 01:17:57,13.52,3.0
2024-01-01 01:20:22,11.25,2.4
2024-01-01 01:22:48,11.18,3.1
2024-01-01 01:25:13,8.32,2.4
2024-01-01 01:27:44,11.15,2.85
2024-01-01 01:30:10,10.13,2.85
2024-01-01 01:32:36,14.75,3.88
2024-01-01 01:35:02,14.93,2.1
2024-01-01 01:37:28,11.23,2.4
2024-01-01 01:39:56,13.9,2.72
2024-01-01 01:42:26,11.75,2.63
2024-01-01 01:44:51,11.05,2.83
2024-01-01 01:47:17,11.77,2.8
2024-01-01 01:49:44,11.25,2.6
2024-01-01 01:52:10,9.32,2.8
2024-01-01 01:54:43,9.38,2.13
2024-01-01 01:57:12,11.63,3.7
2024-01-01 01:59:41,7.72,2.25
2024-01-01 02:02:08,13.0,2.4
2024-01-01 02:04:37,10.7,1.98
2024-01-01 02:07:04,13.23,2.25
2024-01-01 02:11:58,6.53,1.6
2024-01-01 02:14:26,5.75,1.4
2024-01-01 02:16:51,6.88,1.63
2024-01-01 02:21:51,7.72,1.3
2024-01-01 02:24:17,5.57,1.75
2024-01-01 02:26:43,6.13,1.42
2024-01-01 02:29:10,7.88,1.33
2024-01-01 02:31:40,12.35,2.05
2024-01-01 02:34:06,9.05,2.88
2024-01-01 02:36:34,11.43,1.7
2024-01-01 02:39:01,10.73,2.33
2024-01-01 02:41:26,7.7,1.65
2024-01-01 02:43:55,11.82,2.08
2024-01-01 02:46:20,9.35,1.92
2024-01-01 02:48:46,7.68,1.85
2024-01-01 02:51:11,6.8,1.77
2024-01-01 02:53:39,11.73,2.15
2024-01-01 02:56:04,7.72,1.67
2024-01-01 02:58:30,8.3,1.7
2024-01-01 03:00:55,9.82,2.13
2024-01-01 03:03:20,6.07,2.05
2024-01-01 03:05:46,8.05,2.03
2024-01-01 03:08:11,7.5,1.65
2024-01-01 03:10:37,7.0,1.65
2024-01-01 03:13:02,11.5,2.1
2024-01-01 03:15:28,7.15,1.52
2024-01-01 03:17:54,3.6,1.4
2024-01-01 03:20:19,12.45,2.35
2024-01-01 03:22:50,7.9,2.28
2024-01-01 03:25:16,7.93,2.05
2024-01-01 03:27:44,7.45,1.4
2024-01-01 03:30:09,7.53,1.8
2024-01-01 03:32:35,6.47,1.42
2024-01-01 03:35:01,6.53,1.75
2024-01-01 03:37:27,7.22,1.98
2024-01-01 03:39:52,12.65,2.65
2024-01-01 03:42:17,6.78,1.9
2024-01-01 03:44:43,9.18,2.33
2024-01-01 03:47:11,12.88,2.22
2024-01-01 03:49:36,6.47,1.7
2024-01-01 03:52:02,8.25,1.9
2024-01-01 03:54:27,9.85,1.8
2024-01-01 03:56:58,7.85,1.52
2024-01-01 03:59:25,8.43,1.63
2024-01-01 04:01:58,5.88,2.03
2024-01-01 04:04:25,4.03,1.48
2024-01-01 04:06:53,9.43,1.8
2024-01-01 04:09:21,8.02,1.75
2024-01-01 04:11:48,9.57,1.63
2024-01-01 04:14:16,15.73,2.75
2024-01-01 04:16:41,9.07,2.17
2024-01-01 04:19:07,11.77,2.4
2024-01-01 04:21:34,7.68,1.5
2024-01-01 04:24:03,8.95,1.7
2024-01-01 04:26:33,7.43,1.52
2024-01-01 04:28:58,8.35,1.8
2024-01-01 04:31:24,8.25,2.05
2024-01-01 04:33:52,5.6,1.55
2024-01-01 04:36:17,7.0,2.22
2024-01-01 04:38:45,7.2,2.0
2024-01-01 04:41:10,7.5,1.7
2024-01-01 04:43:38,11.8,2.28
2024-01-01 04:46:07,9.45,2.75
2024-01-01 04:48:33,12.43,2.1
2024-01-01 04:51:01,9.23,1.48
2024-01-01 04:53:26,12.7,2.2
2024-01-01 04:55:52,7.7,1.63
2024-01-01 04:58:20,5.25,2.0
2024-01-01 05:00:45,9.18,2.4
2024-01-01 05:03:13,9.57,2.0
2024-01-01 05:05:40,8.98,1.52
2024-01-01 05:08:08,3.33,1.4
2024-01-01 05:10:36,10.55,1.92
2024-01-01 05:13:03,8.6,1.1
2024-01-01 05:15:28,6.65,1.75
2024-01-01 05:17:56,9.8,2.22
2024-01-01 05:20:27,8.75,2.33
2024-01-01 05:22:52,6.85,1.88
2024-01-01 05:25:18,7.22,1.92
2024-01-01 05:27:43,4.9,1.5
2024-01-01 05:30:13,7.4,1.5
2024-01-01 05:32:39,5.35,1.33
2024-01-01 05:35:04,7.0,1.52
2024-01-01 05:37:33,6.9,1.58
2024-01-01 05:40:01,6.43,1.23
2024-01-01 05:42:26,5.45,1.5
2024-01-01 05:44:56,5.13,1.8
2024-01-01 05:47:25,6.57,1.6
2024-01-01 05:49:52,5.15,1.23
2024-01-01 05:52:18,3.83,1.33
2024-01-01 05:54:46,7.22,1.45
2024-01-01 05:57:12,5.25,1.42
2024-01-01 05:59:38,5.6,1.1
2024-01-01 06:02:06,4.7,1.23
2024-01-01 06:04:33,6.72,1.88
2024-01-01 06:06:58,8.95,2.0
2024-01-01 06:09:23,8.23,1.7
2024-01-01 06:11:51,7.05,1.2
2024-01-01 06:14:21,4.8,1.42
2024-01-01 06:16:52,5.38,1.6
2024-01-01 06:19:22,5.13,1.05
2024-01-01 06:21:50,5.88,1.13
2024-01-01 06:24:18,5.75,1.35
2024-01-01 06:26:46,5.4,1.5
2024-01-01 06:29:12,3.42,0.9
2024-01-01 06:34:03,5.77,1.23
2024-01-01 06:36:29,1.75,0.9
2024-01-01 06:38:54,6.57,1.67
2024-01-01 06:41:22,5.13,1.52
2024-01-01 06:43:47,2.67,1.15
2024-01-01 06:46:15,5.6,1.1
2024-01-01 06:48:40,4.25,1.1
2024-01-01 06:51:08,4.85,2.1
2024-01-01 06:53:35,5.15,1.67
2024-01-01 06:56:00,6.38,1.35
2024-01-01 06:58:33,4.75,1.52
2024-01-01 07:01:00,8.65,1.6
2024-01-01 07:03:27,4.9,1.42
2024-01-01 07:05:53,6.82,1.35
2024-01-01 07:08:23,2.97,0.8
2024-01-01 07:10:48,7.28,2.0
2024-01-01 07:13:18,6.18,1.55
2024-01-01 07:15:46,8.38,1.45
2024-01-01 07:18:17,2.45,1.2
2024-01-01 07:20:43,4.68,1.27
2024-01-01 07:23:09,8.2,1.95
2024-01-01 07:25:35,5.8,1.8
2024-01-01 07:28:01,10.9,1.58
2024-01-01 07:30:35,5.7,1.65
2024-01-01 07:33:05,8.5,2.0
2024-01-01 07:35:32,6.0,1.48
2024-01-01 07:37:58,11.43,1.67
2024-01-01 07:40:26,4.28,1.45
2024-01-01 07:42:54,6.72,1.67
2024-01-01 07:45:22,8.5,1.9
2024-01-01 07:47:52,8.2,1.5
2024-01-01 07:50:20,8.65,1.88
2024-01-01 07:52:45,6.22,1.98
2024-01-01 07:55:13,9.18,2.58
2024-01-01 07:57:38,6.13,2.05
2024-01-01 08:00:05,9.07,2.75
2024-01-01 08:02:34,7.75,3.03
2024-01-01 08:05:00,15.25,2.85
2024-01-01 08:07:25,4.35,1.3
2024-01-01 08:09:53,7.9,2.08
2024-01-01 08:12:21,9.35,2.35
2024-01-01 08:14:46,5.55,1.95
2024-01-01 08:17:12,5.95,1.63
2024-01-01 08:19:40,11.7,2.17
2024-01-01 08:22:05,9.57,2.0
2024-01-01 08:24:33,7.03,1.73
2024-01-01 08:26:58,10.73,2.3
2024-01-01 08:29:26,14.6,2.22
2024-01-01 08:31:56,3.9,1.88
2024-01-01 08:34:22,7.3,2.22
2024-01-01 08:36:53,9.2,1.58
2024-01-01 08:39:18,9.27,2.78
2024-01-01 08:41:46,8.8,1.8
2024-01-01 08:44:16,5.78,2.08
2024-01-01 08:46:41,8.8,2.25
2024-01-01 08:49:08,7.68,1.83
2024-01-01 08:51:36,7.75,2.1
2024-01-01 08:54:03,8.75,1.88
2024-01-01 08:56:37,10.9,1.8
2024-01-01 08:59:08,10.43,2.28
2024-01-01 09:01:35,5.47,1.48
2024-01-01 09:04:05,6.63,2.22
2024-01-01 09:06:30,11.23,3.15
2024-01-01 09:08:58,10.02,2.6
2024-01-01 09:11:24,10.0,2.08
2024-01-01 09:13:49,13.73,2.75
2024-01-01 09:16:17,7.07,2.03
2024-01-01 09:18:42,6.38,1.77
2024-01-01 09:21:17,8.27,2.8
2024-01-01 09:23:47,8.1,2.03
2024-01-01 09:26:12,9.32,2.25
2024-01-01 09:28:39,11.18,2.3
2024-01-01 09:31:05,12.18,2.4
2024-01-01 09:33:37,6.68,1.9
2024-01-01 09:36:11,6.43,1.55
2024-01-01 09:38:39,12.9,2.85
2024-01-01 09:41:05,9.55,2.55
2024-01-01 09:43:37,8.7,3.0
2024-01-01 09:46:03,13.25,2.72
2024-01-01 09:48:29,8.8,2.35
2024-01-01 09:50:55,13.32,2.4
2024-01-01 09:53:20,6.85,1.77
2024-01-01 09:55:51,10.6,2.6
2024-01-01 09:58:19,9.98,2.0
2024-01-01 10:00:47,8.3,2.05
2024-01-01 10:03:15,13.1,3.05
2024-01-01 10:05:43,11.63,2.9
2024-01-01 10:08:14,9.63,2.65
2024-01-01 10:10:45,6.38,1.63
2024-01-01 10:13:13,9.2,2.13
2024-01-01 10:15:42,10.8,2.72
2024-01-01 10:18:09,9.6,2.35
2024-01-01 10:20:36,9.52,2.17
2024-01-01 10:25:47,8.57,2.25
2024-01-01 10:28:15,11.68,2.33
2024-01-01 10:30:49,9.32,2.3
2024-01-01 10:33:15,10.05,2.38
2024-01-01 10:35:46,7.38,1.7
2024-01-01 10:38:11,7.07,2.95
2024-01-01 10:40:42,9.0,2.17
2024-01-01 10:43:09,12.3,2.4
2024-01-01 10:45:36,11.3,3.0
2024-01-01 10:48:04,11.3,2.95
2024-01-01 10:50:32,8.68,2.33
2024-01-01 10:56:07,8.27,1.83
2024-01-01 11:04:05,13.38,2.97
2024-01-01 11:06:38,9.73,3.3
2024-01-01 11:11:48,13.32,3.0
2024-01-01 11:14:24,10.1,2.72
2024-01-01 11:16:50,15.82,2.85
2024-01-01 11:24:48,12.32,3.03
2024-01-01 11:27:28,11.2,3.0
2024-01-01 11:32:32,11.48,2.85
2024-01-01 11:35:10,5.68,2.42
2024-01-01 11:37:40,12.95,2.8
2024-01-01 11:40:08,9.6,2.42
2024-01-01 11:42:35,17.27,3.17
2024-01-01 11:45:06,10.23,2.45
2024-01-01 11:47:34,14.0,2.78
2024-01-01 11:50:03,14.27,3.17
2024-01-01 11:52:29,12.4,2.85
2024-01-01 11:54:57,8.25,3.1
2024-01-01 11:57:22,13.48,2.9
2024-01-01 11:59:48,13.0,3.58
2024-01-01 12:02:15,10.23,2.95
2024-01-01 12:04:45,12.18,2.67
2024-01-01 12:07:29,7.97,2.13
2024-01-01 12:10:00,8.3,3.17
2024-01-01 12:12:25,11.25,2.38
2024-01-01 12:17:44,8.75,2.78
2024-01-01 12:20:17,7.07,2.88
2024-01-01 12:22:44,6.1,1.8
2024-01-01 12:25:17,11.95,2.22
2024-01-01 12:28:06,7.0,2.22
2024-01-01 12:30:34,11.43,2.3
2024-01-01 12:33:04,14.35,4.18
2024-01-01 12:35:29,11.57,1.95
2024-01-01 12:37:55,8.82,2.13
2024-01-01 12:40:20,7.38,1.92
2024-01-01 12:42:46,11.3,2.2
2024-01-01 12:45:14,6.85,2.22
2024-01-01 12:47:41,10.38,2.2
2024-01-01 12:50:09,9.93,2.4
2024-01-01 12:52:35,5.9,1.48
2024-01-01 12:55:03,7.07,1.8
2024-01-01 12:57:29,8.18,2.63
2024-01-01 12:59:57,12.5,2.38
2024-01-01 13:02:22,6.5,2.42
2024-01-01 13:04:52,14.77,2.1
2024-01-01 13:07:18,5.53,1.77
2024-01-01 13:09:43,6.47,1.7
2024-01-01 13:12:09,5.72,1.58
2024-01-01 13:14:39,7.55,1.85
2024-01-01 13:17:05,6.35,1.58
2024-01-01 13:19:33,10.98,2.45
2024-01-01 13:22:05,7.7,2.15
2024-01-01 13:24:37,9.43,1.85
2024-01-01 13:27:04,6.85,2.95
2024-01-01 13:29:29,7.53,2.0
2024-01-01 13:31:57,13.07,2.5
2024-01-01 13:34:25,8.35,1.88
2024-01-01 13:36:50,9.93,1.88
2024-01-01 13:39:16,5.82,1.9
2024-01-01 13:41:44,13.5,5.6
2024-01-01 13:44:11,9.48,2.17
2024-01-01 13:46:39,6.3,2.0
2024-01-01 13:49:04,7.8,2.13
2024-01-01 13:51:32,8.73,2.4
2024-01-01 13:54:01,7.63,2.25
2024-01-01 13:56:28,13.77,2.28
2024-01-01 13:58:56,7.35,1.95
2024-01-01 14:01:22,6.13,1.8
2024-01-01 14:03:50,7.2,1.85
2024-01-01 14:06:18,6.9,2.08
2024-01-01 14:08:49,9.63,1.95
2024-01-01 14:11:14,5.25,1.75
2024-01-01 14:13:40,3.72,1.15
2024-01-01 14:16:05,10.07,1.8
2024-01-01 14:18:31,4.65,1.42
2024-01-01 14:20:59,1.9,1.05
2024-01-01 14:23:24,4.5,1.2
2024-01-01 14:25:52,4.22,1.3
2024-01-01 14:28:22,5.35,1.2
2024-01-01 14:30:47,2.08,0.75
2024-01-01 14:33:18,4.55,0.95
2024-01-01 14:35:44,4.6,1.23
2024-01-01 14:38:10,2.67,0.65
2024-01-01 14:40:36,2.72,0.8
2024-01-01 14:43:01,2.9,0.63
2024-01-01 14:45:33,2.2,0.52
2024-01-01 14:47:59,0.82,0.63
2024-01-01 14:50:24,1.45,0.47
2024-01-01 14:52:50,2.38,0.7
2024-01-01 14:55:18,3.0,0.95
2024-01-01 14:57:43,3.35,1.17
2024-01-01 15:00:09,4.47,1.1
2024-01-01 15:02:36,2.78,1.2
2024-01-01 15:05:06,6.47,1.3
2024-01-01 15:07:34,2.08,1.0
2024-01-01 15:10:02,3.4,1.1
2024-01-01 15:12:30,4.7,1.52
2024-01-01 15:14:55,5.1,1.3
2024-01-01 15:17:21,4.35,1.7
2024-01-01 15:19:48,4.6,1.27
2024-01-01 15:22:19,2.45,1.17
2024-01-01 15:24:46,2.9,1.55
2024-01-01 15:27:12,6.68,2.1
2024-01-01 15:29:40,3.9,1.58
2024-01-01 15:32:06,4.05,1.8
2024-01-01 15:34:34,5.43,2.6
2024-01-01 15:37:07,7.43,2.8
2024-01-01 15:39:39,4.55,1.98
2024-01-01 15:42:07,5.93,1.73
2024-01-01 15:44:38,3.25,1.55
2024-01-01 15:47:03,3.65,1.85
2024-01-01 15:49:31,3.08,1.4
2024-01-01 15:51:59,2.83,0.95
2024-01-01 15:54:31,2.33,1.15
2024-01-01 15:56:56,2.85,1.15
2024-01-01 15:59:24,2.33,1.38
2024-01-01 16:01:50,3.22,1.38
2024-01-01 16:04:15,2.75,1.3
2024-01-01 16:06:41,4.13,1.6
2024-01-01 16:09:07,1.42,0.9
2024-01-01 16:11:35,3.9,1.42
2024-01-01 16:14:00,2.33,1.4
2024-01-01 16:16:28,4.18,1.5
2024-01-01 16:18:58,2.13,1.13
2024-01-01 16:21:27,2.08,1.3
2024-01-01 16:23:55,2.78,1.52
2024-01-01 16:26:23,5.65,1.73
2024-01-01 16:28:51,4.93,1.67
2024-01-01 16:31:19,3.63,1.48
2024-01-01 16:33:45,2.78,1.1
2024-01-01 16:36:13,3.35,1.33
2024-01-01 16:38:45,4.97,2.0
2024-01-01 16:41:13,4.45,1.67
2024-01-01 16:43:39,2.65,1.5
2024-01-01 16:46:05,4.32,1.77
2024-01-01 16:48:32,3.6,1.4
2024-01-01 16:51:00,6.15,2.65
2024-01-01 16:53:28,4.8,2.0
2024-01-01 16:58:22,3.9,1.8
2024-01-01 17:00:47,6.53,1.88
2024-01-01 17:03:12,3.35,1.88
2024-01-01 17:05:41,3.65,1.42
2024-01-01 17:08:08,3.58,1.65
2024-01-01 17:10:33,2.45,1.35
2024-01-01 17:13:01,5.28,1.63
2024-01-01 17:15:28,3.0,1.77
2024-01-01 17:17:54,4.22,1.6
2024-01-01 17:20:22,4.15,2.1
2024-01-01 17:22:50,4.68,2.2
2024-01-01 17:25:15,3.83,2.08
2024-01-01 17:27:43,5.03,3.08
2024-01-01 17:30:11,4.2,2.3
2024-01-01 17:32:41,4.6,2.75
2024-01-01 17:35:09,5.3,2.63
2024-01-01 17:37:36,4.5,2.4
2024-01-01 17:40:04,6.43,2.6
2024-01-01 17:42:30,6.75,2.78
2024-01-01 17:44:55,3.17,2.25
2024-01-01 17:47:26,6.13,2.4
2024-01-01 17:49:52,4.0,2.1
2024-01-01 17:52:18,6.97,2.1
2024-01-01 17:54:44,4.72,2.0
2024-01-01 17:57:11,6.5,2.33
2024-01-01 17:59:39,5.8,2.22
2024-01-01 18:02:05,5.88,3.4
2024-01-01 18:04:33,7.7,3.4
2024-01-01 18:07:01,8.13,3.1
2024-01-01 18:09:26,9.73,3.85
2024-01-01 18:11:57,6.65,4.07
2024-01-01 18:14:22,9.57,4.3
2024-01-01 18:16:52,5.28,3.33
2024-01-01 18:19:18,11.85,3.72
2024-01-01 18:21:45,9.68,3.7
2024-01-01 18:24:11,9.05,3.85
2024-01-01 18:26:39,8.43,3.78
2024-01-01 18:29:10,11.45,3.45
2024-01-01 18:31:38,7.85,3.5
2024-01-01 18:34:11,11.77,3.38
2024-01-01 18:36:41,11.27,3.97
2024-01-01 18:39:10,6.05,3.22
2024-01-01 18:41:38,8.57,3.65
2024-01-01 18:44:05,9.85,4.65
2024-01-01 18:46:33,8.75,3.38
2024-01-01 18:48:58,7.63,2.95
2024-01-01 18:51:23,10.65,2.95
2024-01-01 18:53:49,7.72,2.95
2024-01-01 18:56:19,9.52,2.92
2024-01-01 18:58:49,9.43,2.83
2024-01-01 19:01:17,8.7,2.7
2024-01-01 19:03:45,8.52,2.97
2024-01-01 19:08:42,10.15,2.58
2024-01-01 19:11:08,7.82,2.58
2024-01-01 19:13:34,9.45,3.17
2024-01-01 19:16:02,4.72,2.83
2024-01-01 19:18:28,9.38,2.83
2024-01-01 19:20:56,6.47,2.6
2024-01-01 19:23:23,7.13,3.9
2024-01-01 19:25:49,7.97,2.85
2024-01-01 19:28:14,6.85,2.45
2024-01-01 19:30:42,8.0,3.03
2024-01-01 19:33:07,5.82,2.1
2024-01-01 19:35:40,6.3,2.2
2024-01-01 19:38:08,4.95,2.0
2024-01-01 19:40:36,4.65,2.05
2024-01-01 19:43:06,8.23,1.83
2024-01-01 19:45:34,5.63,1.75
2024-01-01 19:48:02,5.5,2.1
2024-01-01 19:50:32,6.3,2.05
2024-01-01 19:52:58,11.77,2.17
2024-01-01 19:55:24,7.57,2.33
2024-01-01 19:57:52,6.18,2.08
2024-01-01 20:00:18,3.67,1.63
2024-01-01 20:02:43,7.68,2.25
2024-01-01 20:05:15,5.32,1.77
2024-01-01 20:07:40,5.32,1.7
2024-01-01 20:10:05,6.6,1.92
2024-01-01 20:12:31,4.63,1.83
2024-01-01 20:14:59,6.78,1.88
2024-01-01 20:17:27,6.97,1.88
2024-01-01 20:19:53,5.05,1.83
2024-01-01 20:22:20,4.47,1.95
2024-01-01 20:24:48,4.5,1.75
2024-01-01 20:27:13,6.43,1.83
2024-01-01 20:29:39,7.35,1.77
2024-01-01 20:32:04,3.97,1.6
2024-01-01 20:34:30,8.4,1.75
2024-01-01 20:36:57,2.33,1.25
2024-01-01 20:39:25,7.4,2.15
2024-01-01 20:41:53,8.43,1.85
2024-01-01 20:44:23,2.9,1.75
2024-01-01 20:46:49,7.53,1.92
2024-01-01 20:49:15,3.9,1.55
2024-01-01 20:51:40,5.47,2.17
2024-01-01 20:54:05,3.6,1.27
2024-01-01 20:56:36,4.82,1.65
2024-01-01 20:59:04,6.82,2.28
2024-01-01 21:01:38,4.38,1.35
2024-01-01 21:04:08,5.2,1.7
2024-01-01 21:06:41,3.85,1.42
2024-01-01 21:09:09,5.03,1.33
2024-01-01 21:11:34,5.1,1.6
2024-01-01 21:14:02,5.0,1.52
2024-01-01 21:16:30,4.82,1.73
2024-01-01 21:19:00,5.45,1.95
2024-01-01 21:21:28,5.03,1.6
2024-01-01 21:23:56,4.38,1.88
2024-01-01 21:26:24,3.85,1.83
2024-01-01 21:28:49,5.9,1.9
2024-01-01 21:31:17,4.6,1.27
2024-01-01 21:33:45,4.65,1.6
2024-01-01 21:36:13,4.68,1.7
2024-01-01 21:38:38,5.85,1.95
2024-01-01 21:41:06,5.7,1.67
2024-01-01 21:43:32,3.85,2.15
2024-01-01 21:45:57,4.72,2.0
2024-01-01 21:48:25,7.28,1.58
2024-01-01 21:50:50,6.6,1.55
2024-01-01 21:53:15,5.75,1.83
2024-01-01 21:55:44,5.68,1.77
2024-01-01 21:58:14,3.4,1.88
2024-01-01 22:00:45,4.82,1.83
2024-01-01 22:03:10,3.6,1.8
2024-01-01 22:05:38,2.6,1.33
2024-01-01 22:08:06,5.93,1.9
2024-01-01 22:10:33,5.1,1.75
2024-01-01 22:13:01,5.22,1.98
2024-01-01 22:15:27,4.22,1.6
2024-01-01 22:17:56,5.72,1.4
2024-01-01 22:20:24,7.65,1.95
2024-01-01 22:22:49,2.5,1.55
2024-01-01 22:25:15,2.1,1.45
2024-01-01 22:27:40,5.2,2.0
2024-01-01 22:30:08,3.5,1.63
2024-01-01 22:32:34,3.03,1.52
2024-01-01 22:35:00,3.25,1.45
2024-01-01 22:37:30,3.65,1.83
2024-01-01 22:39:57,3.4,1.63
2024-01-01 22:42:23,4.28,1.7
2024-01-01 22:44:48,2.38,1.52
2024-01-01 22:47:14,5.03,2.13
2024-01-01 22:49:39,2.97,1.6
2024-01-01 22:52:05,4.3,1.58
2024-01-01 22:54:32,3.15,1.77
2024-01-01 22:56:58,6.68,1.6
2024-01-01 22:59:28,3.6,1.73
2024-01-01 23:01:56,6.1,1.8
2024-01-01 23:04:23,2.03,1.52
2024-01-01 23:06:49,2.78,1.5
2024-01-01 23:09:15,3.3,1.45
2024-01-01 23:11:42,2.4,1.33
2024-01-01 23:14:07,2.92,1.58
2024-01-01 23:16:33,3.88,1.48
2024-01-01 23:19:00,2.95,1.6
2024-01-01 23:21:28,2.67,1.6
2024-01-01 23:23:55,2.25,1.23
2024-01-01 23:26:25,2.85,1.38
2024-01-01 23:28:52,1.9,1.25
2024-01-01 23:31:21,2.28,1.3
2024-01-01 23:33:48,1.33,1.08
2024-01-01 23:36:17,2.58,1.05
2024-01-01 23:38:42,1.85,0.93
2024-01-01 23:41:08,2.17,1.3
2024-01-01 23:43:38,0.95,0.75
2024-01-01 23:46:06,0.88,0.85
2024-01-01 23:48:34,1.67,0.7
2024-01-01 23:51:02,1.15,0.82
2024-01-01 23:53:28,2.15,1.25
2024-01-01 23:55:53,1.05,0.75
2024-01-01 23:58:21,1.4,0.9
2024-01-02 00:00:52,1.73,0.8
2024-01-02 00:03:20,1.58,0.8
2024-01-02 00:05:49,1.98,1.0
2024-01-02 00:08:14,3.33,0.95
2024-01-02 00:10:44,1.17,0.85
2024-01-02 00:13:14,1.2,0.88
2024-01-02 00:15:42,2.05,0.8
2024-01-02 00:18:08,1.6,0.93
2024-01-02 00:20:38,3.15,1.0
2024-01-02 00:23:03,1.8,0.77
2024-01-02 00:25:28,0.8,0.6
2024-01-02 00:27:57,1.45,0.65
2024-01-02 00:30:32,0.63,0.52
2024-01-02 00:32:59,0.7,0.38
2024-01-02 00:35:28,0.22,0.22
2024-01-02 00:37:55,1.42,0.57
2024-01-02 00:40:20,0.65,0.52
2024-01-02 00:42:47,2.42,0.6
2024-01-02 00:45:15,1.83,0.4
2024-01-02 00:47:41,0.85,0.47
2024-01-02 00:50:09,0.52,0.35
2024-01-02 00:52:39,1.3,0.4
2024-01-02 00:55:05,0.3,0.3
2024-01-02 00:57:36,0.77,0.52
2024-01-02 01:00:03,1.85,0.5
2024-01-02 01:02:32,0.93,0.6
2024-01-02 01:04:59,1.63,0.3
2024-01-02 01:07:27,0.85,0.4
2024-01-02 01:09:57,0.63,0.2
2024-01-02 01:12:28,0.32,0.3
2024-01-02 01:14:56,0.98,0.6
2024-01-02 01:17:24,0.93,0.25
2024-01-02 01:19:49,0.75,0.35
2024-01-02 01:22:14,0.3,0.3
2024-01-02 01:24:44,0.63,0.63
2024-01-02 01:27:10,0.65,0.17
2024-01-02 01:29:35,0.2,0.2
2024-01-02 01:32:03,0.43,0.22
2024-01-02 01:34:28,0.13,0.13
2024-01-02 01:36:56,0.68,0.6
2024-01-02 01:39:21,0.3,0.28
2024-01-02 01:41:47,0.35,0.35
2024-01-02 01:44:12,0.22,0.2
2024-01-02 01:46:42,0.3,0.3
2024-01-02 01:49:10,0.68,0.3
2024-01-02 01:51:39,0.32,0.2
2024-01-02 01:54:11,0.5,0.3
2024-01-02 01:56:38,0.9,0.3
2024-01-02 02:01:32,0.52,0.4
2024-01-02 02:04:02,0.25,0.2
2024-01-02 02:06:29,1.02,0.3
2024-01-02 02:08:59,0.63,0.3
2024-01-02 02:11:25,0.77,0.4
2024-01-02 02:13:51,0.2,0.2
2024-01-02 02:16:16,0.47,0.3
2024-01-02 02:18:44,0.35,0.3
2024-01-02 02:21:13,0.32,0.22
2024-01-02 02:23:38,0.22,0.22
2024-01-02 02:26:03,0.32,0.22
2024-01-02 02:28:31,0.15,0.15
2024-01-02 02:30:56,0.2,0.2
2024-01-02 02:33:22,0.17,0.17
2024-01-02 02:35:47,0.13,0.13
2024-01-02 02:38:12,0.28,0.2
2024-01-02 02:40:40,0.1,0.1
2024-01-02 02:43:06,0.1,0.1
2024-01-02 02:45:33,0.2,0.2
2024-01-02 02:48:01,0.38,0.3
2024-01-02 02:50:27,0.68,0.1
2024-01-02 02:52:55,0.13,0.1
2024-01-02 02:55:23,0.32,0.2
2024-01-02 02:57:48,0.2,0.1
2024-01-02 03:00:14,0.08,0.08
2024-01-02 03:02:39,0.43,0.1
2024-01-02 03:05:05,0.22,0.22
2024-01-02 03:07:31,0.6,0.32
2024-01-02 03:09:58,0.3,0.3
2024-01-02 03:12:26,0.25,0.2
2024-01-02 03:14:54,0.2,0.2
2024-01-02 03:17:19,0.15,0.08
2024-01-02 03:19:47,0.35,0.22
2024-01-02 03:22:17,0.3,0.2
2024-01-02 03:24:45,1.08,0.47
2024-01-02 03:27:12,1.85,0.3
2024-01-02 03:29:40,0.8,0.4
2024-01-02 03:32:07,0.85,0.2
2024-01-02 03:34:35,1.48,0.4
2024-01-02 03:37:04,0.2,0.2
2024-01-02 03:39:30,0.4,0.3
2024-01-02 03:41:57,1.95,0.65
2024-01-02 03:44:25,0.65,0.3
2024-01-02 03:46:55,2.17,0.4
2024-01-02 03:49:22,1.85,0.52
2024-01-02 03:51:50,1.4,0.6
2024-01-02 03:54:15,0.8,0.6
2024-01-02 03:56:43,1.48,0.47
2024-01-02 03:59:11,1.02,0.65
2024-01-02 04:01:45,2.6,0.5
2024-01-02 04:04:13,1.67,0.55
2024-01-02 04:06:40,1.35,0.4
2024-01-02 04:09:06,0.68,0.3
2024-01-02 04:11:33,0.47,0.38
2024-01-02 04:13:59,3.85,0.82
2024-01-02 04:16:24,2.47,0.63
2024-01-02 04:18:51,2.95,0.73
2024-01-02 04:21:20,1.38,0.75
2024-01-02 04:23:45,1.48,0.57
2024-01-02 04:26:11,1.63,0.6
2024-01-02 04:28:38,2.8,0.8
2024-01-02 04:31:04,1.92,1.08
2024-01-02 04:33:31,0.68,0.32
2024-01-02 04:35:59,3.6,0.85
2024-01-02 04:38:25,0.98,0.35
2024-01-02 04:40:50,1.13,0.6
2024-01-02 04:45:45,0.3,0.3
2024-01-02 04:48:10,2.42,0.75
2024-01-02 04:50:38,2.83,0.6
2024-01-02 04:53:04,2.8,0.7
2024-01-02 04:55:29,4.2,0.98
2024-01-02 04:57:55,5.28,1.13
2024-01-02 05:00:20,6.0,0.7
2024-01-02 05:02:48,4.63,0.8
2024-01-02 05:05:13,2.65,0.65
2024-01-02 05:07:38,3.1,0.82
2024-01-02 05:10:04,1.42,0.63
2024-01-02 05:12:32,2.83,1.25
2024-01-02 05:15:00,4.15,0.9
2024-01-02 05:17:26,4.05,0.82
2024-01-02 05:19:51,4.57,1.23
2024-01-02 05:22:19,2.28,0.6
2024-01-02 05:24:47,1.7,0.7
2024-01-02 05:27:15,2.4,1.02
2024-01-02 05:29:45,2.45,0.85
2024-01-02 05:32:10,2.45,0.77
2024-01-02 05:34:38,3.05,0.7
2024-01-02 05:37:06,4.28,1.13
2024-01-02 05:39:36,3.08,0.63
2024-01-02 05:42:02,1.9,0.85
2024-01-02 05:44:32,1.77,0.4
2024-01-02 05:46:57,0.52,0.4
2024-01-02 05:49:22,1.85,0.52
2024-01-02 05:51:48,2.15,0.6
2024-01-02 05:54:16,1.65,0.77
2024-01-02 05:56:43,0.38,0.35
2024-01-02 05:59:12,1.15,0.5
2024-01-02 06:01:40,1.63,0.47
2024-01-02 06:04:06,0.98,0.4
2024-01-02 06:06:34,3.2,0.68
2024-01-02 06:09:01,3.33,0.95
2024-01-02 06:11:30,2.58,0.57
2024-01-02 06:13:58,2.3,0.8
2024-01-02 06:16:28,5.2,0.9
2024-01-02 06:18:54,2.13,0.57
2024-01-02 06:21:19,2.65,0.82
2024-01-02 06:23:47,2.63,0.6
2024-01-02 06:26:15,1.92,0.6
2024-01-02 06:28:41,2.92,0.75
2024-01-02 06:33:32,2.38,0.52
2024-01-02 06:36:01,2.3,0.7
2024-01-02 06:38:29,0.85,0.3
2024-01-02 06:40:56,1.0,0.45
2024-01-02 06:43:25,0.98,0.3
2024-01-02 06:45:50,0.57,0.5
2024-01-02 06:48:18,0.9,0.28
2024-01-02 06:50:43,0.57,0.32
2024-01-02 06:53:11,0.38,0.25
2024-01-02 06:55:36,1.15,0.2
2024-01-02 06:58:07,0.52,0.3
2024-01-02 07:00:34,0.43,0.2
2024-01-02 07:03:02,0.52,0.43
2024-01-02 07:05:31,0.55,0.3
2024-01-02 07:07:56,0.25,0.25
2024-01-02 07:10:24,0.93,0.5
2024-01-02 07:12:52,0.65,0.65
2024-01-02 07:15:17,0.47,0.4
2024-01-02 07:17:48,0.52,0.4
2024-01-02 07:20:13,0.65,0.57
2024-01-02 07:25:11,0.38,0.38
2024-01-02 07:27:37,0.57,0.38
2024-01-02 07:30:03,0.73,0.22
2024-01-02 07:32:29,0.65,0.4
2024-01-02 07:34:55,0.98,0.57
2024-01-02 07:37:22,0.7,0.6
2024-01-02 07:39:53,2.42,0.7
2024-01-02 07:42:19,0.6,0.47
2024-01-02 07:44:47,0.6,0.5
2024-01-02 07:47:13,0.32,0.2
2024-01-02 07:49:41,0.43,0.4
2024-01-02 07:54:35,0.83,0.4
2024-01-02 07:57:08,2.33,0.73
2024-01-02 07:59:33,2.13,0.77
2024-01-02 08:01:59,0.75,0.45
2024-01-02 08:06:49,2.63,0.77
2024-01-02 08:09:17,2.0,1.1
2024-01-02 08:11:42,0.75,0.7
2024-01-02 08:16:39,1.35,0.52
2024-01-02 08:19:06,0.95,0.88
2024-01-02 08:21:34,0.88,0.88
2024-01-02 08:24:02,1.3,1.0
2024-01-02 08:26:30,1.05,0.8
2024-01-02 08:31:25,1.65,1.1
2024-01-02 08:33:50,2.08,1.3
2024-01-02 08:36:15,1.85,1.38
2024-01-02 08:38:43,2.9,1.7
2024-01-02 08:41:09,2.2,1.38
2024-01-02 08:43:37,2.83,1.73
2024-01-02 08:46:04,1.8,1.67
2024-01-02 08:48:30,2.83,1.23
2024-01-02 08:50:59,1.58,1.2
2024-01-02 08:53:27,2.4,1.42
2024-01-02 08:55:52,1.33,1.23
2024-01-02 08:58:20,2.4,1.63
2024-01-02 09:00:45,1.9,1.27
2024-01-02 09:03:11,2.28,1.2
2024-01-02 09:05:39,1.6,1.02
2024-01-02 09:08:05,1.4,1.1
2024-01-02 09:10:33,1.55,0.9
2024-01-02 09:13:01,1.77,1.25
2024-01-02 09:15:29,1.0,0.8
2024-01-02 09:18:00,0.82,0.8
2024-01-02 09:20:26,0.75,0.65
2024-01-02 09:25:18,1.6,0.82
2024-01-02 09:27:53,1.0,0.7
2024-01-02 09:30:22,0.7,0.7
2024-01-02 09:32:48,0.6,0.6
2024-01-02 09:35:18,0.63,0.45
2024-01-02 09:37:51,1.17,0.52
2024-01-02 09:51:12,1.1,0.7
2024-01-02 09:53:51,0.73,0.7
2024-01-02 09:56:38,0.7,0.5
2024-01-02 10:11:12,0.57,0.4
2024-01-02 10:13:46,0.85,0.68
2024-01-02 10:27:24,1.3,0.7
2024-01-02 10:29:58,0.73,0.6
2024-01-02 10:35:18,1.15,0.38
2024-01-02 10:37:53,2.3,0.77
2024-01-02 10:40:30,1.2,0.38
2024-01-02 10:43:01,1.83,0.52
2024-01-02 10:45:40,0.25,0.25
2024-01-02 10:50:58,1.55,0.8
2024-01-02 10:53:47,1.88,0.55
2024-01-02 10:56:35,0.25,0.25
2024-01-02 10:59:12,0.9,0.47
2024-01-02 11:01:38,1.2,0.5
2024-01-02 11:04:18,1.05,0.52
2024-01-02 11:07:09,0.57,0.45
2024-01-02 11:12:27,1.92,0.7
2024-01-02 11:15:01,2.17,0.68
2024-01-02 11:17:33,1.27,0.28
2024-01-02 11:20:03,1.02,0.45
2024-01-02 11:22:39,0.55,0.3
2024-01-02 11:25:12,0.68,0.52
2024-01-02 11:27:42,0.75,0.63
2024-01-02 11:30:14,1.38,0.7
2024-01-02 11:32:47,0.7,0.68
2024-01-02 11:35:47,0.63,0.63
2024-01-02 11:38:26,1.0,0.7
2024-01-02 11:46:29,0.8,0.6
2024-01-02 11:49:05,0.85,0.6
2024-01-02 11:51:48,1.85,0.73
2024-01-02 11:57:14,1.58,0.55
2024-01-02 11:59:54,0.82,0.6
2024-01-02 12:02:37,1.1,0.7
2024-01-02 12:05:20,0.47,0.38
2024-01-02 12:07:58,0.35,0.32
2024-01-02 12:10:32,0.43,0.43
2024-01-02 12:13:39,0.9,0.7
2024-01-02 12:15:55,2.0,0.63
2024-01-02 12:18:27,2.53,0.82
2024-01-02 12:20:56,0.9,0.57
2024-01-02 12:23:28,0.52,0.5
2024-01-02 12:26:01,1.38,0.77
2024-01-02 12:28:28,0.52,0.5
2024-01-02 12:31:04,1.1,0.6
2024-01-02 12:36:46,0.5,0.5
2024-01-02 12:39:14,1.08,0.6
2024-01-02 12:41:42,0.75,0.52
2024-01-02 12:44:16,0.93,0.45
2024-01-02 12:49:27,3.2,1.85
2024-01-02 12:52:05,1.5,0.8
2024-01-02 12:54:38,0.73,0.6
2024-01-02 12:57:11,0.47,0.4
2024-01-02 12:59:40,0.52,0.4
2024-01-02 13:02:11,1.0,0.38
2024-01-02 13:04:41,0.68,0.57
2024-01-02 13:07:10,1.45,0.73
2024-01-02 13:09:41,1.23,0.5
2024-01-02 13:12:09,0.88,0.57
2024-01-02 13:14:38,1.13,0.6
2024-01-02 13:17:06,0.6,0.4
2024-01-02 13:19:34,0.75,0.6
2024-01-02 13:22:02,1.4,0.6
2024-01-02 13:24:43,0.73,0.7
2024-01-02 13:27:12,1.77,0.7
2024-01-02 13:29:50,0.55,0.4
2024-01-02 13:32:21,1.35,1.0
2024-01-02 13:34:49,2.78,1.5
2024-01-02 13:37:22,2.0,0.75
2024-01-02 13:39:51,1.45,0.82
2024-01-02 13:42:30,1.4,0.6
2024-01-02 13:45:01,1.15,0.6
2024-01-02 13:47:30,1.92,0.5
2024-01-02 13:49:58,0.63,0.47
2024-01-02 13:52:28,1.08,0.88
2024-01-02 13:54:58,0.55,0.5
2024-01-02 13:57:28,0.6,0.43
2024-01-02 13:59:55,0.93,0.8
2024-01-02 14:02:25,0.47,0.43
2024-01-02 14:05:00,0.57,0.5
2024-01-02 14:07:27,1.02,0.43
2024-01-02 14:09:59,0.8,0.45
2024-01-02 14:12:34,0.52,0.28
2024-01-02 14:17:43,2.1,0.5
2024-01-02 14:20:14,0.63,0.57
2024-01-02 14:28:18,0.65,0.35
2024-01-02 14:52:22,0.32,0.3
2024-01-02 15:00:51,1.38,0.5
2024-01-02 15:06:28,3.13,0.45
2024-01-02 15:09:03,0.75,0.4
2024-01-02 15:17:18,0.95,0.55
2024-01-02 15:20:10,1.35,0.88
2024-01-02 15:25:22,3.6,1.67
2024-01-02 15:30:32,1.98,1.2
2024-01-02 15:36:31,1.83,1.2
2024-01-02 15:49:58,2.97,0.95
2024-01-02 15:52:26,4.57,1.33
2024-01-02 15:55:04,7.78,1.75
2024-01-02 15:57:39,7.25,1.58
2024-01-02 16:00:11,8.38,1.63
2024-01-02 16:13:58,7.68,1.8
2024-01-02 16:22:31,9.85,2.83
2024-01-02 16:25:38,12.4,2.65
2024-01-02 16:28:25,8.9,2.6
2024-01-02 16:39:39,17.48,3.13
2024-01-02 16:42:05,7.6,2.6
2024-01-02 16:44:33,12.6,2.88
2024-01-02 16:47:04,13.65,2.5
2024-01-02 16:49:41,12.5,4.03
2024-01-02 16:54:48,15.25,2.6
2024-01-02 16:57:17,11.95,2.78
2024-01-02 16:59:45,10.55,2.3
2024-01-02 17:02:20,11.85,2.88
2024-01-02 17:04:49,7.47,2.53
2024-01-02 17:07:18,9.23,3.4
2024-01-02 17:09:48,23.13,3.7
2024-01-02 17:12:19,16.83,3.08
2024-01-02 17:14:51,6.63,2.9
2024-01-02 17:17:19,17.05,2.7
2024-01-02 17:19:48,13.1,3.08
2024-01-02 17:22:16,14.57,4.03
2024-01-02 17:24:47,14.35,2.47
2024-01-02 17:27:13,9.6,2.95
2024-01-02 17:29:41,14.73,3.9
2024-01-02 17:32:10,11.07,2.95
2024-01-02 17:34:38,15.0,2.95
2024-01-02 17:37:04,10.25,2.72
2024-01-02 17:39:35,13.95,3.08
2024-01-02 17:42:03,14.55,2.83
2024-01-02 17:44:28,12.6,3.25
2024-01-02 17:46:54,13.32,2.2
2024-01-02 17:49:22,13.0,2.67
2024-01-02 17:51:50,10.38,2.15
2024-01-02 17:54:18,11.13,2.83
2024-01-02 17:57:03,11.52,2.63
2024-01-02 17:59:57,8.1,2.15
2024-01-02 18:07:39,15.75,3.2
2024-01-02 18:10:18,18.27,5.53
2024-01-02 18:23:50,14.4,2.73
2024-01-02 18:37:18,14.68,2.17
2024-01-02 18:40:06,11.25,2.33
2024-01-02 18:43:07,8.48,2.22
2024-01-02 18:45:32,8.73,2.1
2024-01-02 18:53:33,13.45,2.85
2024-01-02 18:56:40,6.15,2.5
2024-01-02 18:59:08,11.52,2.22
2024-01-02 19:01:57,8.15,2.6
2024-01-02 19:04:24,6.18,1.85
2024-01-02 19:06:50,15.18,2.63
2024-01-02 19:09:34,7.32,2.1
2024-01-02 19:12:05,11.02,2.72
2024-01-02 19:14:34,10.1,2.42
2024-01-02 19:17:03,7.05,1.8
2024-01-02 19:19:38,8.13,1.8
2024-01-02 19:22:05,6.13,1.35
2024-01-02 19:24:34,5.38,1.48
2024-01-02 19:27:06,9.9,1.98
2024-01-02 19:29:32,8.9,1.98
2024-01-02 19:31:59,7.28,1.88
2024-01-02 19:34:30,10.02,2.58
2024-01-02 19:36:55,9.13,2.55
2024-01-02 19:39:28,11.55,2.6
2024-01-02 19:41:56,10.48,2.85
2024-01-02 19:44:22,14.93,3.4
2024-01-02 19:46:50,11.63,2.97
2024-01-02 19:49:17,15.32,2.63
2024-01-02 19:51:43,21.27,3.25
2024-01-02 19:54:11,16.17,4.93
2024-01-02 19:56:36,15.85,3.2
2024-01-02 19:59:04,16.2,5.18
2024-01-02 20:01:31,19.2,3.17
2024-01-02 20:03:59,14.95,3.0
2024-01-02 20:06:39,14.18,3.25
2024-01-02 20:12:05,12.25,2.88
2024-01-02 20:14:53,15.38,3.6
2024-01-02 20:17:24,14.55,2.9
2024-01-02 20:19:51,11.9,3.3
2024-01-02 20:24:50,17.83,3.0
2024-01-02 20:29:56,8.75,2.53
2024-01-02 20:32:27,15.55,2.65
2024-01-02 20:35:04,15.55,3.22
2024-01-02 20:37:46,16.98,4.25
2024-01-02 20:46:19,19.55,2.78
2024-01-02 20:49:03,10.23,2.88
2024-01-02 20:51:37,13.48,2.88
2024-01-02 20:54:09,10.9,2.63
2024-01-02 20:59:21,12.4,2.7
2024-01-02 21:01:59,14.48,2.9
2024-01-02 21:04:43,14.98,3.05
2024-01-02 21:09:45,12.7,2.75
2024-01-02 21:15:01,10.02,2.72
2024-01-02 21:17:39,9.82,2.55
2024-01-02 21:20:38,11.15,2.63
2024-01-02 21:22:59,13.5,2.85
2024-01-02 21:25:46,17.38,2.95
2024-01-02 21:28:14,13.18,3.1
2024-01-02 21:30:45,14.23,2.88
2024-01-02 21:33:10,12.85,3.2
2024-01-02 21:35:38,10.27,2.9
2024-01-02 21:38:05,17.63,3.3
2024-01-02 21:43:00,17.7,3.58
2024-01-02 21:48:06,16.17,2.8
2024-01-02 21:51:15,14.52,3.05
2024-01-02 21:53:24,14.9,2.7
2024-01-02 21:55:52,16.23,3.7
2024-01-02 21:58:29,15.0,3.05
2024-01-02 22:09:09,15.1,3.22
2024-01-02 22:14:15,19.2,4.1
2024-01-02 22:17:51,15.27,2.63
2024-01-02 22:20:00,14.2,3.03
2024-01-02 22:22:33,8.93,2.53
2024-01-02 22:25:00,14.98,2.8
2024-01-02 22:27:49,13.65,3.08
2024-01-02 22:32:45,14.65,3.45
2024-01-02 22:37:48,13.02,3.28
2024-01-02 22:40:51,19.58,4.47
2024-01-02 22:43:10,21.83,4.18
2024-01-02 22:45:35,11.98,2.83
2024-01-02 22:48:01,18.13,3.75
2024-01-02 22:50:29,22.1,3.25
2024-01-02 22:52:59,9.35,3.13
2024-01-02 22:55:24,20.88,4.0
2024-01-02 22:57:52,15.75,3.28
2024-01-02 23:00:18,21.73,4.25
2024-01-02 23:02:43,18.17,3.9
2024-01-02 23:05:09,13.5,3.38
2024-01-02 23:12:30,17.63,4.9
2024-01-02 23:17:46,15.7,4.25
2024-01-02 23:22:41,17.48,3.2
2024-01-02 23:25:09,20.1,3.63
2024-01-02 23:27:55,15.32,3.15
2024-01-02 23:32:47,11.32,2.75
2024-01-02 23:35:14,17.45,3.17
2024-01-02 23:37:42,9.05,2.45
2024-01-02 23:43:02,15.02,3.17
2024-01-02 23:45:34,19.9,4.1
2024-01-02 23:48:03,16.98,3.28
2024-01-02 23:53:24,12.52,2.55
2024-01-02 23:55:50,17.95,3.33
2024-01-02 23:58:22,14.48,2.58
2024-01-03 00:00:52,15.13,2.67
2024-01-03 00:03:18,10.07,2.4
2024-01-03 00:05:47,17.75,4.03
2024-01-03 00:08:20,21.05,4.38
2024-01-03 00:10:57,15.52,3.13
2024-01-03 00:18:39,19.7,5.03
2024-01-03 00:21:14,13.9,3.4
2024-01-03 00:26:13,10.5,2.72
2024-01-03 00:28:39,10.5,2.9
2024-01-03 00:31:05,12.02,2.9
2024-01-03 00:33:32,15.23,3.6
2024-01-03 00:35:59,14.4,3.78
2024-01-03 00:38:27,13.27,3.8
2024-01-03 00:40:59,15.3,3.63
2024-01-03 00:43:24,14.38,3.45
2024-01-03 00:45:50,11.55,3.0
2024-01-03 00:48:18,15.23,4.22
2024-01-03 00:50:46,12.57,3.7
2024-01-03 00:53:12,20.55,3.25
2024-01-03 00:55:41,17.5,4.28
2024-01-03 00:58:12,21.65,3.1
2024-01-03 01:00:37,21.15,3.92
2024-01-03 01:03:03,17.63,3.75
2024-01-03 01:05:32,21.75,4.2
2024-01-03 01:08:00,21.3,3.35
2024-01-03 01:10:33,16.08,3.95
2024-01-03 01:13:01,22.77,4.35
2024-01-03 01:15:28,16.17,3.8
2024-01-03 01:17:58,14.73,3.03
2024-01-03 01:20:23,21.67,4.18
2024-01-03 01:22:51,20.3,4.0
2024-01-03 01:25:17,19.38,3.05
2024-01-03 01:27:42,20.98,3.83
2024-01-03 01:30:10,21.7,4.43
2024-01-03 01:32:36,16.7,4.32
2024-01-03 01:35:08,17.8,4.57
2024-01-03 01:37:36,10.63,3.63
2024-01-03 01:40:01,14.43,4.93
2024-01-03 01:42:27,11.55,2.9
2024-01-03 01:44:55,18.0,4.72
2024-01-03 01:47:23,13.63,3.35
2024-01-03 01:49:52,13.68,4.1
2024-01-03 01:52:20,13.93,3.6
2024-01-03 01:59:45,15.27,3.83
2024-01-03 02:02:11,18.95,4.82
2024-01-03 02:04:38,12.93,3.9
2024-01-03 02:07:08,15.73,2.8
2024-01-03 02:09:40,12.93,3.5
2024-01-03 02:12:11,11.18,1.83
2024-01-03 02:14:38,9.85,2.42
2024-01-03 02:17:08,8.73,2.1
2024-01-03 02:19:37,9.4,1.95
2024-01-03 02:22:04,7.2,1.8
2024-01-03 02:24:32,8.8,1.83
2024-01-03 02:26:58,8.07,1.85
2024-01-03 02:29:25,5.28,1.05
2024-01-03 02:31:53,8.48,1.8
2024-01-03 02:34:19,4.63,0.9
2024-01-03 02:36:46,5.03,1.7
2024-01-03 02:39:13,5.85,1.5
2024-01-03 02:41:41,1.85,0.68
2024-01-03 02:44:06,5.45,0.8
2024-01-03 02:46:32,7.15,1.15
2024-01-03 02:48:57,6.63,1.3
2024-01-03 02:51:25,4.1,1.1
2024-01-03 02:53:50,5.55,1.6
2024-01-03 02:56:16,4.5,1.5
2024-01-03 02:58:46,6.65,1.23
2024-01-03 03:01:12,4.97,1.48
2024-01-03 03:03:37,6.65,1.42
2024-01-03 03:06:07,6.97,1.63
2024-01-03 03:08:35,9.1,1.88
2024-01-03 03:11:00,14.48,2.92
2024-01-03 03:13:28,9.7,2.05
2024-01-03 03:15:55,13.95,2.28
2024-01-03 03:18:23,14.1,1.98
2024-01-03 03:20:54,9.0,1.55
2024-01-03 03:23:22,14.93,2.42
2024-01-03 03:25:50,11.2,2.13
2024-01-03 03:28:15,11.77,2.25
2024-01-03 03:30:43,10.32,2.15
2024-01-03 03:33:11,13.02,2.55
2024-01-03 03:35:36,7.72,1.98
2024-01-03 03:38:04,6.47,1.6
2024-01-03 03:40:32,7.88,1.73
2024-01-03 03:42:57,7.82,1.73
2024-01-03 03:45:23,6.6,1.6
2024-01-03 03:47:48,5.03,1.48
2024-01-03 03:50:16,3.28,1.17
2024-01-03 03:52:41,2.95,1.02
2024-01-03 03:55:07,5.03,1.2
2024-01-03 03:57:33,4.88,1.13
2024-01-03 03:59:59,3.28,1.27
2024-01-03 04:02:28,6.38,1.42
2024-01-03 04:04:54,6.4,1.2
2024-01-03 04:07:19,5.97,1.33
2024-01-03 04:09:45,10.98,1.7
2024-01-03 04:12:10,4.97,1.5
2024-01-03 04:14:39,6.2,1.48
2024-01-03 04:17:04,10.7,2.1
2024-01-03 04:19:32,11.45,2.05
2024-01-03 04:21:58,11.1,2.58
2024-01-03 04:24:23,5.93,1.48
2024-01-03 04:26:53,8.65,2.0
2024-01-03 04:29:19,10.85,2.33
2024-01-03 04:31:44,4.68,1.4
2024-01-03 04:34:12,3.8,0.8
2024-01-03 04:36:39,1.23,0.57
2024-01-03 04:39:04,2.17,0.38
2024-01-03 04:41:32,1.88,0.4
2024-01-03 04:43:58,0.93,0.4
2024-01-03 04:46:25,1.73,0.5
2024-01-03 04:48:51,3.13,0.68
2024-01-03 04:51:17,2.92,0.3
2024-01-03 04:53:44,1.7,0.47
2024-01-03 04:56:10,1.38,0.32
2024-01-03 04:58:35,2.0,0.38
2024-01-03 05:01:00,1.95,0.4
2024-01-03 05:03:26,3.25,0.3
2024-01-03 05:05:53,0.8,0.4
2024-01-03 05:08:19,1.83,0.5
2024-01-03 05:10:47,1.38,0.5
2024-01-03 05:13:16,2.53,0.5
2024-01-03 05:15:41,2.85,0.7
2024-01-03 05:18:07,2.6,0.82
2024-01-03 05:20:32,4.38,0.82
2024-01-03 05:23:00,3.2,0.57
2024-01-03 05:25:28,2.17,0.77
2024-01-03 05:27:55,5.93,1.08
2024-01-03 05:30:24,5.43,1.3
2024-01-03 05:32:54,2.83,1.1
2024-01-03 05:35:24,3.92,0.95
2024-01-03 05:37:52,9.15,1.58
2024-01-03 05:40:17,11.9,1.77
2024-01-03 05:42:49,8.6,1.38
2024-01-03 05:45:17,7.45,1.9
2024-01-03 05:47:45,8.07,1.4
2024-01-03 05:50:13,6.07,1.65
2024-01-03 05:52:40,8.75,1.55
2024-01-03 05:55:06,4.43,1.85
2024-01-03 05:57:34,10.4,2.1
2024-01-03 06:00:00,12.25,2.03
2024-01-03 06:02:25,4.55,1.05
2024-01-03 06:04:51,10.18,1.92
2024-01-03 06:07:19,10.05,1.7
2024-01-03 06:09:44,10.55,1.88
2024-01-03 06:12:12,5.35,1.55
2024-01-03 06:14:39,6.7,1.5
2024-01-03 06:17:07,6.53,1.75
2024-01-03 06:19:35,9.93,1.8
2024-01-03 06:22:05,11.63,1.83
2024-01-03 06:24:30,8.27,2.35
2024-01-03 06:26:58,10.9,3.17
2024-01-03 06:29:24,12.05,2.63
2024-01-03 06:31:49,14.5,2.38
2024-01-03 06:34:14,14.0,2.42
2024-01-03 06:36:49,10.5,3.15
2024-01-03 06:39:15,12.95,3.2
2024-01-03 06:41:42,10.82,2.53
2024-01-03 06:44:08,11.88,3.55
2024-01-03 06:46:33,12.32,3.42
2024-01-03 06:49:01,14.9,3.28
2024-01-03 06:51:29,10.43,2.63
2024-01-03 06:53:56,20.38,3.92
2024-01-03 06:56:24,15.32,2.9
2024-01-03 06:58:50,18.23,3.3
2024-01-03 07:01:24,12.63,2.4
2024-01-03 07:03:49,13.15,3.2
2024-01-03 07:06:14,12.9,2.35
2024-01-03 07:08:40,5.65,2.03
2024-01-03 07:11:13,12.4,2.13
2024-01-03 07:13:39,12.57,3.0
2024-01-03 07:16:07,9.3,3.08
2024-01-03 07:18:32,13.1,3.22
2024-01-03 07:20:57,11.23,2.78
2024-01-03 07:23:23,12.75,3.08
2024-01-03 07:25:53,14.25,2.95
2024-01-03 07:28:20,11.25,2.75
2024-01-03 07:30:46,7.72,2.3
2024-01-03 07:33:14,11.7,3.67
2024-01-03 07:35:39,12.98,3.72
2024-01-03 07:38:05,14.32,2.88
2024-01-03 07:40:34,13.75,3.05
2024-01-03 07:42:59,10.25,2.85
2024-01-03 07:45:27,10.23,2.7
2024-01-03 07:47:53,14.18,3.33
2024-01-03 07:50:18,12.35,3.8
2024-01-03 07:52:44,12.55,3.58
2024-01-03 07:55:09,13.98,3.58
2024-01-03 07:57:38,17.08,3.05
2024-01-03 08:00:03,15.25,3.65
2024-01-03 08:02:31,15.27,3.22
2024-01-03 08:04:57,21.92,4.07
2024-01-03 08:07:25,11.48,2.3
2024-01-03 08:09:52,8.6,3.25
2024-01-03 08:12:18,8.48,2.6
2024-01-03 08:14:45,15.75,2.45
2024-01-03 08:17:11,13.1,2.45
2024-01-03 08:19:39,12.38,2.78
2024-01-03 08:22:07,17.17,2.6
2024-01-03 08:24:33,10.57,2.1
2024-01-03 08:26:58,13.55,2.92
2024-01-03 08:29:24,14.95,3.03
2024-01-03 08:31:49,12.0,2.6
2024-01-03 08:34:17,18.83,2.97
2024-01-03 08:36:44,10.82,2.4
2024-01-03 08:39:10,17.85,3.88
2024-01-03 08:41:38,9.4,2.8
2024-01-03 08:44:04,17.02,2.58
2024-01-03 08:46:51,13.65,2.85
2024-01-03 08:49:18,12.57,2.83
2024-01-03 08:51:47,15.93,3.13
2024-01-03 08:54:14,17.13,3.22
2024-01-03 08:56:39,15.0,4.75
2024-01-03 08:59:05,17.55,3.67
2024-01-03 09:01:31,14.43,3.42
2024-01-03 09:03:59,14.0,4.1
2024-01-03 09:06:25,11.93,2.88
2024-01-03 09:08:53,10.07,2.83
2024-01-03 09:11:23,11.95,2.58
2024-01-03 09:13:54,13.43,3.38
2024-01-03 09:16:22,13.1,2.85
2024-01-03 09:18:48,10.9,2.3
2024-01-03 09:21:14,17.27,3.1
2024-01-03 09:23:40,18.23,3.33
2024-01-03 09:26:06,10.6,3.05
2024-01-03 09:28:33,17.88,3.25
2024-01-03 09:31:05,16.13,2.63
2024-01-03 09:33:31,11.77,2.88
2024-01-03 09:35:56,14.88,3.0
2024-01-03 09:38:22,11.27,2.88
2024-01-03 09:40:52,13.2,2.97
2024-01-03 09:43:20,14.55,3.1
2024-01-03 09:45:46,12.27,3.8
2024-01-03 09:48:11,8.35,2.8
2024-01-03 09:50:37,14.05,3.45
2024-01-03 09:53:03,16.35,3.15
2024-01-03 09:55:30,11.0,3.25
2024-01-03 09:57:57,10.48,2.97
2024-01-03 10:00:23,15.2,3.03
2024-01-03 10:02:59,13.1,2.17
2024-01-03 10:05:32,13.75,2.88
2024-01-03 10:07:57,12.1,3.2
2024-01-03 10:10:31,14.13,3.47
2024-01-03 10:15:53,13.35,3.53
2024-01-03 10:18:22,16.92,3.92
2024-01-03 10:20:47,12.98,3.25
2024-01-03 10:23:13,16.45,5.0
2024-01-03 10:25:43,12.27,3.03
2024-01-03 10:28:12,10.68,2.88
2024-01-03 10:30:51,15.9,3.55
2024-01-03 10:33:19,13.52,2.75
2024-01-03 10:35:45,14.02,3.13
2024-01-03 10:38:11,11.93,2.28
2024-01-03 10:40:38,9.07,2.78
2024-01-03 10:43:07,13.32,2.63
2024-01-03 10:45:36,10.73,2.45
2024-01-03 10:48:04,10.35,2.67
2024-01-03 10:50:30,15.0,3.72
2024-01-03 10:52:56,15.02,3.65
2024-01-03 10:57:57,19.23,3.9
2024-01-03 11:06:36,12.05,2.55
2024-01-03 11:09:10,12.4,2.2
2024-01-03 11:11:39,10.48,3.22
2024-01-03 11:16:42,12.2,5.03
2024-01-03 11:19:08,9.95,2.2
2024-01-03 11:32:04,5.28,1.9
2024-01-03 11:34:37,5.1,2.08
2024-01-03 11:37:51,10.23,2.78
2024-01-03 11:39:51,8.35,1.85
2024-01-03 11:45:06,9.98,2.55
2024-01-03 11:47:46,10.15,2.88
2024-01-03 11:50:13,11.75,2.8
2024-01-03 11:52:43,9.4,2.85
2024-01-03 11:55:17,16.13,3.17
2024-01-03 11:57:43,12.68,3.2
2024-01-03 12:00:19,12.13,3.42
2024-01-03 12:05:18,10.23,1.88
2024-01-03 12:07:48,7.7,2.55
2024-01-03 12:10:15,7.32,1.8
2024-01-03 12:12:44,9.38,2.3
2024-01-03 12:15:21,8.27,2.33
2024-01-03 12:17:51,8.82,3.28
2024-01-03 12:20:19,5.57,2.2
2024-01-03 12:22:46,9.32,2.65
2024-01-03 12:25:18,8.2,3.0
2024-01-03 12:27:54,11.8,3.88
2024-01-03 12:30:22,8.98,3.33
2024-01-03 12:32:49,13.2,3.08
2024-01-03 12:35:31,17.0,3.15
2024-01-03 12:37:56,6.32,2.1
2024-01-03 12:40:24,15.1,2.67
2024-01-03 12:42:49,14.27,3.22
2024-01-03 12:45:15,14.2,3.17
2024-01-03 12:47:40,9.25,2.38
2024-01-03 12:50:08,17.35,2.8
2024-01-03 12:52:34,9.85,2.35
2024-01-03 12:55:00,11.82,2.83
2024-01-03 12:57:28,11.93,3.05
2024-01-03 12:59:56,10.63,2.8
2024-01-03 13:02:24,9.27,2.58
2024-01-03 13:04:52,10.45,2.42
2024-01-03 13:07:20,11.7,3.08
2024-01-03 13:09:45,19.08,3.35
2024-01-03 13:12:11,16.17,2.85
2024-01-03 13:14:39,5.95,2.45
2024-01-03 13:17:07,10.65,2.3
2024-01-03 13:19:34,12.63,2.2
2024-01-03 13:22:01,13.73,2.4
2024-01-03 13:24:28,10.93,2.38
2024-01-03 13:26:55,8.85,2.53
2024-01-03 13:29:21,12.25,2.5
2024-01-03 13:31:48,15.07,2.58
2024-01-03 13:34:16,9.4,3.15
2024-01-03 13:36:41,13.9,3.53
2024-01-03 13:39:07,16.1,2.75
2024-01-03 13:41:33,12.43,3.28
2024-01-03 13:44:00,14.63,3.53
2024-01-03 13:46:27,12.45,3.47
2024-01-03 13:48:53,10.95,2.72
2024-01-03 13:51:24,8.45,2.03
2024-01-03 13:53:49,8.48,2.13
2024-01-03 13:56:18,6.55,1.92
2024-01-03 13:58:45,9.57,2.38
2024-01-03 14:01:12,11.5,3.2
2024-01-03 14:03:37,10.15,2.08
2024-01-03 14:06:05,9.27,2.3
2024-01-03 14:08:33,9.75,2.08
2024-01-03 14:11:01,6.9,2.33
2024-01-03 14:13:30,6.88,2.55
2024-01-03 14:15:57,9.98,3.05
2024-01-03 14:18:23,13.4,2.3
2024-01-03 14:20:48,6.1,1.9
2024-01-03 14:23:14,10.15,2.08
2024-01-03 14:25:44,10.93,2.33
2024-01-03 14:28:10,8.2,1.83
2024-01-03 14:30:35,8.02,2.6
2024-01-03 14:33:04,13.25,2.0
2024-01-03 14:35:29,9.25,2.42
2024-01-03 14:37:56,10.1,1.83
2024-01-03 14:40:21,10.15,2.8
2024-01-03 14:42:51,5.07,2.35
2024-01-03 14:45:16,5.65,1.45
2024-01-03 14:47:45,4.88,1.3
2024-01-03 14:50:12,4.07,1.8
2024-01-03 14:52:39,7.3,1.73
2024-01-03 14:55:08,3.7,1.25
2024-01-03 14:57:33,6.25,1.9
2024-01-03 15:00:04,8.02,1.85
2024-01-03 15:02:30,5.03,2.17
2024-01-03 15:04:59,6.4,1.42
2024-01-03 15:07:24,3.42,1.3
2024-01-03 15:09:50,2.53,1.05
2024-01-03 15:12:18,5.35,1.63
2024-01-03 15:14:43,3.3,0.77
2024-01-03 15:17:09,4.65,1.27
2024-01-03 15:19:35,3.42,1.2
2024-01-03 15:22:07,7.13,1.9
2024-01-03 15:24:44,3.7,1.27
2024-01-03 15:27:10,3.38,1.23
2024-01-03 15:29:36,5.5,1.15
2024-01-03 15:32:04,4.95,0.93
2024-01-03 15:34:30,3.05,1.3
2024-01-03 15:36:55,1.95,0.73
2024-01-03 15:39:21,11.02,3.5
2024-01-03 15:41:52,3.88,1.35
2024-01-03 15:44:21,12.02,3.25
2024-01-03 15:46:46,19.95,10.52
2024-01-03 15:49:12,10.85,6.03
2024-01-03 15:54:38,8.8,3.17
2024-01-03 15:57:07,8.57,2.1
2024-01-03 15:59:32,5.95,1.7
2024-01-03 16:02:00,6.78,1.8
2024-01-03 16:04:25,4.63,1.45
2024-01-03 16:06:54,6.8,2.08
2024-01-03 16:09:19,5.3,1.65
2024-01-03 16:11:50,3.17,1.6
2024-01-03 16:14:18,9.07,2.3
2024-01-03 16:16:48,8.95,2.33
2024-01-03 16:19:15,6.35,1.65
2024-01-03 16:21:42,5.57,2.1
2024-01-03 16:24:10,5.45,2.22
2024-01-03 16:26:35,9.88,2.0
2024-01-03 16:29:01,4.8,1.6
2024-01-03 16:31:26,7.35,1.75
2024-01-03 16:33:53,7.43,1.9
2024-01-03 16:36:21,4.97,1.9
2024-01-03 16:41:16,5.3,1.48
2024-01-03 16:43:43,6.38,1.67
2024-01-03 16:46:09,6.45,1.6
2024-01-03 16:48:37,8.15,2.0
2024-01-03 16:53:35,7.0,2.28
2024-01-03 16:56:00,5.47,1.73
2024-01-03 16:58:27,8.95,1.8
2024-01-03 17:00:52,15.55,2.22
2024-01-03 17:03:20,10.85,2.03
2024-01-03 17:05:47,10.65,2.08
2024-01-03 17:08:13,8.77,2.4
2024-01-03 17:10:38,9.48,2.1
2024-01-03 17:13:07,12.57,2.5
2024-01-03 17:15:32,11.6,2.67
2024-01-03 17:18:00,10.85,2.63
2024-01-03 17:20:25,10.35,2.15
2024-01-03 17:22:53,13.13,3.22
2024-01-03 17:25:19,12.75,2.47
2024-01-03 17:27:45,13.4,2.83
2024-01-03 17:30:11,17.73,4.1
2024-01-03 17:32:36,20.88,3.97
2024-01-03 17:35:01,14.23,3.3
2024-01-03 17:37:27,11.38,3.6
2024-01-03 17:39:55,8.77,3.2
2024-01-03 17:42:20,10.5,3.65
2024-01-03 17:44:50,16.3,5.15
2024-01-03 17:47:15,11.73,4.63
2024-01-03 17:49:41,12.07,3.58
2024-01-03 17:52:12,13.52,4.03
2024-01-03 17:54:38,13.5,3.2
2024-01-03 17:57:04,7.03,2.17
2024-01-03 17:59:31,11.8,2.38
2024-01-03 18:01:58,10.57,2.2
2024-01-03 18:04:24,10.88,4.7
2024-01-03 18:06:49,15.2,4.22
2024-01-03 18:09:18,9.43,3.4
2024-01-03 18:11:43,17.0,4.5
2024-01-03 18:14:08,10.13,2.72
2024-01-03 18:16:36,10.63,3.15
2024-01-03 18:19:02,17.33,3.03
2024-01-03 18:21:28,11.75,3.42
2024-01-03 18:23:54,13.6,3.53
2024-01-03 18:28:50,11.52,2.97
2024-01-03 18:31:16,9.82,2.35
2024-01-03 18:33:42,9.18,2.7
2024-01-03 18:36:08,8.82,2.45
2024-01-03 18:38:37,11.63,2.58
2024-01-03 18:41:03,9.7,2.78
2024-01-03 18:43:30,9.3,1.98
2024-01-03 18:45:56,16.58,2.75
2024-01-03 18:48:23,7.07,2.5
2024-01-03 18:50:51,12.43,2.58
2024-01-03 18:53:22,8.18,2.2
2024-01-03 18:55:53,7.6,3.25
2024-01-03 18:58:20,5.97,1.95
2024-01-03 19:00:47,8.1,2.25
2024-01-03 19:03:14,9.07,2.5
2024-01-03 19:05:39,9.55,2.3
2024-01-03 19:08:05,13.48,2.67
2024-01-03 19:10:30,10.57,2.9
2024-01-03 19:12:56,10.93,3.35
2024-01-03 19:15:21,9.6,2.38
2024-01-03 19:17:51,7.0,2.1
2024-01-03 19:20:17,9.57,2.53
2024-01-03 19:22:42,9.4,2.2
2024-01-03 19:25:09,8.32,2.15
2024-01-03 19:27:34,10.73,2.42
2024-01-03 19:30:00,7.97,2.0
2024-01-03 19:32:27,5.85,2.03
2024-01-03 19:34:56,8.88,2.2
2024-01-03 19:37:24,10.77,3.6
2024-01-03 19:39:50,12.5,3.22
2024-01-03 19:42:16,9.52,3.7
2024-01-03 19:44:41,13.2,5.07
2024-01-03 19:47:12,17.17,5.07
2024-01-03 19:49:38,12.13,3.95
2024-01-03 19:52:03,11.07,2.6
2024-01-03 19:54:31,10.43,3.05
2024-01-03 19:56:59,11.5,2.63
2024-01-03 19:59:24,11.15,3.15
2024-01-03 20:01:50,13.43,2.8
2024-01-03 20:04:15,8.52,2.3
2024-01-03 20:06:41,11.18,3.63
2024-01-03 20:09:09,8.75,2.08
2024-01-03 20:11:39,10.02,2.67
2024-01-03 20:14:07,8.73,2.35
2024-01-03 20:16:37,14.98,3.03
2024-01-03 20:19:05,9.93,2.2
2024-01-03 20:21:30,18.35,2.28
2024-01-03 20:23:58,13.68,2.2
2024-01-03 20:26:26,10.38,2.85
2024-01-03 20:28:51,8.38,3.0
2024-01-03 20:31:17,10.63,2.2
2024-01-03 20:33:42,14.0,3.1
2024-01-03 20:36:08,9.77,2.85
2024-01-03 20:38:34,9.2,2.55
2024-01-03 20:41:01,8.35,2.4
2024-01-03 20:43:27,14.43,2.75
2024-01-03 20:45:52,12.5,2.6
2024-01-03 20:48:17,10.05,2.65
2024-01-03 20:50:43,12.63,2.25
2024-01-03 20:53:08,7.9,2.13
2024-01-03 20:55:36,7.78,1.95
2024-01-03 20:58:02,6.47,1.67
2024-01-03 21:00:27,7.93,2.2
2024-01-03 21:02:53,7.97,1.98
2024-01-03 21:05:18,14.0,2.33
2024-01-03 21:07:44,9.1,2.45
2024-01-03 21:10:10,11.85,2.38
2024-01-03 21:12:35,10.13,2.3
2024-01-03 21:15:03,8.32,2.03
2024-01-03 21:17:29,11.63,2.7
2024-01-03 21:19:54,6.95,2.35
2024-01-03 21:22:19,10.23,2.35
2024-01-03 21:24:45,6.55,1.73
2024-01-03 21:27:10,13.43,2.1
2024-01-03 21:29:38,7.35,2.13
2024-01-03 21:32:03,7.7,2.0
2024-01-03 21:34:33,8.45,1.95
2024-01-03 21:37:01,12.45,2.13
2024-01-03 21:39:29,10.85,2.95
2024-01-03 21:41:56,10.3,2.2
2024-01-03 21:44:22,7.38,2.0
2024-01-03 21:46:47,6.25,2.4
2024-01-03 21:49:13,5.5,1.83
2024-01-03 21:51:41,8.68,1.83
2024-01-03 21:54:07,6.45,1.95
2024-01-03 21:56:37,7.7,1.8
2024-01-03 21:59:03,10.2,2.25
2024-01-03 22:01:29,7.28,1.85
2024-01-03 22:03:56,7.6,2.6
2024-01-03 22:06:24,8.8,2.13
2024-01-03 22:08:51,8.43,1.88
2024-01-03 22:11:17,5.2,1.92
2024-01-03 22:13:45,6.63,1.55
2024-01-03 22:16:10,13.82,2.35
2024-01-03 22:18:36,4.57,1.55
2024-01-03 22:21:05,10.0,2.8
2024-01-03 22:23:30,8.7,2.2
2024-01-03 22:25:56,8.57,1.8
2024-01-03 22:28:21,8.93,1.8
2024-01-03 22:30:52,4.53,1.8
2024-01-03 22:33:17,7.32,1.92
2024-01-03 22:35:44,5.32,1.42
2024-01-03 22:38:09,7.38,1.6
2024-01-03 22:40:35,7.85,2.3
2024-01-03 22:43:00,9.6,2.03
2024-01-03 22:45:28,6.82,1.9
2024-01-03 22:47:55,10.05,2.55
2024-01-03 22:50:21,4.95,1.5
2024-01-03 22:52:46,11.48,2.0
2024-01-03 22:55:12,5.25,1.6
2024-01-03 22:57:37,9.88,2.0
2024-01-03 23:00:05,6.5,2.35
2024-01-03 23:02:40,10.2,1.7
2024-01-03 23:05:06,5.3,1.65
2024-01-03 23:07:32,6.75,2.1
2024-01-03 23:09:57,6.3,1.58
2024-01-03 23:12:23,4.93,1.75
2024-01-03 23:14:48,6.2,1.95
2024-01-03 23:17:14,15.25,2.03
2024-01-03 23:19:39,6.9,2.42
2024-01-03 23:22:08,6.35,1.2
2024-01-03 23:24:33,7.35,1.55
2024-01-03 23:27:01,6.82,1.85
2024-01-03 23:29:26,6.25,1.67
2024-01-03 23:31:54,7.95,1.6
2024-01-03 23:34:20,3.7,1.6
2024-01-03 23:36:45,5.38,1.4
2024-01-03 23:39:10,6.5,1.48
2024-01-03 23:41:39,4.72,1.8
2024-01-03 23:44:05,4.68,2.17
2024-01-03 23:46:32,4.63,1.58
2024-01-03 23:48:58,6.63,1.9
2024-01-03 23:51:23,5.2,1.6
2024-01-03 23:53:51,8.05,2.65
2024-01-03 23:56:17,6.55,1.7
2024-01-03 23:58:43,5.47,1.38
2024-01-04 00:01:10,7.15,1.8
2024-01-04 00:03:39,3.7,1.45
2024-01-04 00:06:05,7.1,1.92
2024-01-04 00:08:31,3.83,1.75
2024-01-04 00:11:00,5.9,1.45
2024-01-04 00:13:28,3.2,1.1
2024-01-04 00:15:53,5.15,1.67
2024-01-04 00:18:18,3.67,1.4
2024-01-04 00:20:44,6.13,1.8
2024-01-04 00:23:09,5.1,1.7
2024-01-04 00:25:35,4.2,1.35
2024-01-04 00:28:02,4.2,1.45
2024-01-04 00:30:28,2.92,1.42
2024-01-04 00:32:56,8.13,1.7
2024-01-04 00:35:21,7.95,2.03
2024-01-04 00:37:47,4.4,1.33
2024-01-04 00:42:43,3.85,1.08
2024-01-04 00:45:09,4.7,1.65
2024-01-04 00:47:35,5.18,1.7
2024-01-04 00:50:00,2.4,1.5
2024-01-04 00:52:25,5.03,2.15
2024-01-04 00:54:51,3.78,1.67
2024-01-04 00:57:16,4.97,1.42
2024-01-04 00:59:42,4.9,1.5
2024-01-04 01:02:09,4.6,1.33
2024-01-04 01:04:34,5.3,1.52
2024-01-04 01:07:02,4.43,1.2
2024-01-04 01:09:28,3.25,1.75
2024-01-04 01:11:53,2.88,1.17
2024-01-04 01:14:18,4.38,1.67
2024-01-04 01:16:44,5.28,1.67
2024-01-04 01:19:11,5.85,1.27
2024-01-04 01:21:37,4.32,1.25
2024-01-04 01:24:02,3.7,1.35
2024-01-04 01:26:28,5.2,1.5
2024-01-04 01:28:56,4.5,1.92
2024-01-04 01:31:24,3.58,1.75
2024-01-04 01:33:49,3.88,1.33
2024-01-04 01:36:14,2.9,1.4
2024-01-04 01:38:40,3.2,1.1
2024-01-04 01:41:08,7.05,1.6
2024-01-04 01:43:35,7.1,1.48
2024-01-04 01:46:01,2.38,1.08
2024-01-04 01:48:29,3.42,1.27
2024-01-04 01:50:57,4.4,1.48
2024-01-04 01:53:23,4.28,1.08
2024-01-04 01:55:54,2.85,1.1
2024-01-04 01:58:23,6.78,1.7
2024-01-04 02:00:48,4.32,1.42
2024-01-04 02:03:16,2.88,1.2
2024-01-04 02:05:42,2.7,1.3
2024-01-04 02:08:09,2.1,1.13
2024-01-04 02:10:37,6.1,1.75
2024-01-04 02:13:03,2.33,0.88
2024-01-04 02:15:33,3.0,1.3
2024-01-04 02:18:01,6.0,1.75
2024-01-04 02:20:29,4.9,1.52
2024-01-04 02:22:55,3.4,1.33
2024-01-04 02:25:20,3.72,1.55
2024-01-04 02:27:46,4.13,1.38
2024-01-04 02:30:11,3.5,1.05
2024-01-04 02:32:37,6.72,1.02
2024-01-04 02:35:03,6.75,1.67
2024-01-04 02:37:29,2.83,1.23
2024-01-04 02:39:54,2.6,1.73
2024-01-04 02:42:20,4.2,0.9
2024-01-04 02:44:47,7.65,1.4
2024-01-04 02:47:15,4.53,1.27
2024-01-04 02:49:41,5.2,1.35
2024-01-04 02:52:06,3.97,1.1
2024-01-04 02:54:32,10.25,1.58
2024-01-04 02:56:59,5.35,1.4
2024-01-04 02:59:27,6.57,1.73
2024-01-04 03:01:52,4.13,1.17
2024-01-04 03:04:18,3.83,1.2
2024-01-04 03:06:43,6.32,1.42
2024-01-04 03:09:09,5.53,2.0
2024-01-04 03:11:34,4.53,1.33
2024-01-04 03:14:00,4.95,1.75
2024-01-04 03:16:25,8.9,1.83
2024-01-04 03:18:50,3.1,1.13
2024-01-04 03:21:16,3.63,1.1
2024-01-04 03:23:44,2.78,1.2
2024-01-04 03:26:09,4.38,1.13
2024-01-04 03:28:35,4.82,1.75
2024-01-04 03:31:00,6.13,1.5
2024-01-04 03:33:28,6.6,1.42
2024-01-04 03:35:53,3.97,1.4
2024-01-04 03:38:19,2.65,1.2
2024-01-04 03:40:44,3.38,1.8
2024-01-04 03:43:14,5.9,1.65
2024-01-04 03:45:40,4.35,1.3
2024-01-04 03:48:06,4.8,1.17
2024-01-04 03:50:31,5.78,1.2
2024-01-04 03:52:59,3.97,1.13
2024-01-04 03:55:24,3.83,1.33
2024-01-04 03:57:49,5.07,1.58
2024-01-04 04:00:17,3.3,1.1
2024-01-04 04:02:43,3.0,1.15
2024-01-04 04:05:09,6.43,1.73
2024-01-04 04:07:34,3.63,0.93
2024-01-04 04:10:00,3.88,1.0
2024-01-04 04:12:29,8.85,1.58
2024-01-04 04:14:54,3.2,1.5
2024-01-04 04:17:20,4.68,1.0
2024-01-04 04:19:49,3.58,1.25
2024-01-04 04:22:17,4.32,1.13
2024-01-04 04:24:43,5.8,1.33
2024-01-04 04:27:11,6.45,1.2
2024-01-04 04:29:41,4.7,1.27
2024-01-04 04:32:06,4.57,1.4
2024-01-04 04:34:33,4.88,1.25
2024-01-04 04:36:59,5.43,1.45
2024-01-04 04:39:30,3.38,1.45
2024-01-04 04:41:55,6.47,1.08
2024-01-04 04:44:22,3.88,1.25
2024-01-04 04:46:47,3.38,1.42
2024-01-04 04:49:13,4.82,1.33
2024-01-04 04:51:40,3.08,1.45
2024-01-04 04:54:06,3.78,0.93
2024-01-04 04:56:31,4.28,1.0
2024-01-04 04:58:56,8.38,1.0
2024-01-04 05:01:24,4.53,1.73
2024-01-04 05:03:50,5.6,1.55
2024-01-04 05:06:15,4.8,1.4
2024-01-04 05:08:45,4.38,1.27
2024-01-04 05:11:13,6.7,1.58
2024-01-04 05:13:38,3.35,0.82
2024-01-04 05:16:04,3.1,1.08
2024-01-04 05:18:31,4.63,0.9
2024-01-04 05:20:57,7.2,1.58
2024-01-04 05:23:23,7.28,1.6
2024-01-04 05:25:51,7.72,1.15
2024-01-04 05:28:16,6.13,2.17
2024-01-04 05:30:42,5.32,1.3
2024-01-04 05:33:09,7.45,1.88
2024-01-04 05:35:37,7.82,2.28
2024-01-04 05:38:06,2.83,1.33
2024-01-04 05:40:31,6.8,1.5
2024-01-04 05:42:59,6.32,1.35
2024-01-04 05:45:26,6.32,1.3
2024-01-04 05:47:52,5.3,1.4
2024-01-04 05:50:20,4.43,1.6
2024-01-04 05:52:45,9.2,1.45
2024-01-04 05:55:10,7.5,1.85
2024-01-04 05:57:36,10.65,1.95
2024-01-04 06:00:04,10.9,1.7
2024-01-04 06:02:30,9.3,1.88
2024-01-04 06:04:57,8.88,2.0
2024-01-04 06:07:23,10.0,2.25
2024-01-04 06:09:48,6.93,1.98
2024-01-04 06:12:14,6.05,1.88
2024-01-04 06:14:39,9.68,2.33
2024-01-04 06:17:05,12.27,2.65
2024-01-04 06:19:32,12.3,2.22
2024-01-04 06:21:58,12.6,2.42
2024-01-04 06:24:26,12.73,2.05
2024-01-04 06:26:51,8.73,1.9
2024-01-04 06:29:17,8.48,2.55
2024-01-04 06:31:43,10.38,2.4
2024-01-04 06:34:09,10.43,2.6
2024-01-04 06:36:37,8.8,2.1
2024-01-04 06:39:05,9.73,2.3
2024-01-04 06:41:30,11.38,1.75
2024-01-04 06:43:58,10.18,2.6
2024-01-04 06:46:25,13.52,2.45
2024-01-04 06:48:50,11.38,2.5
2024-01-04 06:51:15,13.65,2.65
2024-01-04 06:53:41,8.1,2.25
2024-01-04 06:56:06,8.65,2.3
2024-01-04 06:58:32,13.43,2.6
2024-01-04 07:01:00,14.57,2.55
2024-01-04 07:03:25,11.93,2.45
2024-01-04 07:05:52,10.0,2.05
2024-01-04 07:08:19,14.6,2.47
2024-01-04 07:10:45,8.23,2.42
2024-01-04 07:13:12,8.27,2.35
2024-01-04 07:15:38,12.23,2.4
2024-01-04 07:18:06,12.02,2.55
2024-01-04 07:20:32,8.48,2.45
2024-01-04 07:25:23,7.6,1.88
2024-01-04 07:27:52,10.55,2.22
2024-01-04 07:30:17,8.5,2.95
2024-01-04 07:32:43,9.18,2.58
2024-01-04 07:37:37,9.88,2.72
2024-01-04 07:40:05,13.2,2.53
2024-01-04 07:42:31,10.95,2.25
2024-01-04 07:44:58,13.7,2.33
2024-01-04 07:47:26,8.77,2.9
2024-01-04 07:49:52,10.15,2.08
2024-01-04 07:52:17,10.52,2.65
2024-01-04 07:54:45,13.0,2.5
2024-01-04 07:57:12,15.52,3.58
2024-01-04 07:59:39,10.75,2.58
2024-01-04 08:02:04,8.4,2.6
2024-01-04 08:04:30,16.33,2.78
2024-01-04 08:06:58,10.18,2.97
2024-01-04 08:09:23,11.43,2.4
2024-01-04 08:11:53,9.4,2.45
2024-01-04 08:14:19,6.35,2.15
2024-01-04 08:16:44,9.35,1.9
2024-01-04 08:19:09,7.63,2.3
2024-01-04 08:21:35,13.98,3.1
2024-01-04 08:24:00,10.15,2.2
2024-01-04 08:26:28,11.2,2.72
2024-01-04 08:28:56,10.13,2.2
2024-01-04 08:31:22,12.48,1.95
2024-01-04 08:33:50,11.3,2.47
2024-01-04 08:36:15,9.57,3.15
2024-01-04 08:38:40,13.2,2.28
2024-01-04 08:41:08,14.55,2.4
2024-01-04 08:43:33,11.45,2.42
2024-01-04 08:45:59,12.43,2.8
2024-01-04 08:48:24,7.4,2.22
2024-01-04 08:50:50,11.38,1.95
2024-01-04 08:53:15,6.85,1.95
2024-01-04 08:55:45,7.22,2.05
2024-01-04 08:58:12,13.82,2.85
2024-01-04 09:00:38,13.4,2.55
2024-01-04 09:03:04,10.05,2.6
2024-01-04 09:05:32,11.48,2.72
2024-01-04 09:07:57,13.6,3.28
2024-01-04 09:10:25,7.68,1.92
2024-01-04 09:12:50,7.53,2.03
2024-01-04 09:15:19,7.38,2.55
2024-01-04 09:17:44,7.93,2.33
2024-01-04 09:20:15,7.18,1.7
2024-01-04 09:22:42,10.57,2.13
2024-01-04 09:25:08,9.18,1.83
2024-01-04 09:27:33,11.8,2.08
2024-01-04 09:29:59,9.13,2.7
2024-01-04 09:32:29,9.07,2.5
2024-01-04 09:34:54,9.52,2.1
2024-01-04 09:37:20,6.3,2.05
2024-01-04 09:39:48,10.27,2.78
2024-01-04 09:42:16,15.2,3.03
2024-01-04 09:44:42,10.52,2.13
2024-01-04 09:47:10,10.68,3.0
2024-01-04 09:49:41,11.63,2.2
2024-01-04 09:52:08,11.02,2.97
2024-01-04 09:54:37,9.1,2.17
2024-01-04 09:57:04,10.57,2.65
2024-01-04 09:59:33,9.23,3.0
2024-01-04 10:01:59,6.97,2.17
2024-01-04 10:04:28,5.75,1.9
2024-01-04 10:06:56,12.3,2.2
2024-01-04 10:09:32,11.45,2.92
2024-01-04 10:12:06,11.5,2.33
2024-01-04 10:14:36,8.77,2.35
2024-01-04 10:17:05,7.47,2.13
2024-01-04 10:19:31,9.65,2.5
2024-01-04 10:22:04,8.48,2.25
2024-01-04 10:24:32,6.78,1.8
2024-01-04 10:27:02,8.2,1.98
2024-01-04 10:29:28,10.5,2.38
2024-01-04 10:32:07,10.35,2.2
2024-01-04 10:34:36,8.52,2.63
2024-01-04 10:39:54,10.4,2.95
2024-01-04 10:42:23,14.25,2.25
2024-01-04 10:44:54,9.02,2.85
2024-01-04 10:47:20,12.8,3.65
2024-01-04 10:49:47,9.85,2.33
2024-01-04 10:52:17,11.77,2.2
2024-01-04 10:54:46,11.25,3.1
2024-01-04 10:57:16,12.18,2.35
2024-01-04 10:59:43,12.15,2.53
2024-01-04 11:02:11,8.05,2.2
2024-01-04 11:04:39,9.57,2.85
2024-01-04 11:07:06,8.85,2.5
2024-01-04 11:09:32,8.3,2.28
2024-01-04 11:11:59,6.9,2.22
2024-01-04 11:14:27,11.7,2.6
2024-01-04 11:27:38,12.95,2.83
2024-01-04 11:30:06,6.1,2.15
2024-01-04 11:32:33,7.68,2.15
2024-01-04 11:34:59,7.18,2.15
2024-01-04 11:37:26,8.95,2.42
2024-01-04 11:40:00,10.15,3.08
2024-01-04 11:42:32,12.93,2.58
2024-01-04 11:45:02,10.77,2.8
2024-01-04 11:47:41,11.13,2.4
2024-01-04 11:52:39,16.35,2.55
2024-01-04 11:55:05,12.6,2.6
2024-01-04 11:59:56,10.4,2.03
2024-01-04 12:02:22,9.15,2.6
2024-01-04 12:04:49,11.07,3.3
2024-01-04 12:07:17,19.73,3.3
2024-01-04 12:09:54,12.4,2.75
2024-01-04 12:12:22,8.7,2.03
2024-01-04 12:14:50,14.43,2.28
2024-01-04 12:17:18,9.98,1.95
2024-01-04 12:19:46,9.45,2.3
2024-01-04 12:22:13,11.25,2.9
2024-01-04 12:24:42,5.57,1.9
2024-01-04 12:27:13,13.35,2.53
2024-01-04 12:29:40,8.7,2.03
2024-01-04 12:32:07,7.8,1.9
2024-01-04 12:34:33,7.47,2.45
2024-01-04 12:37:05,6.57,1.6
2024-01-04 12:39:32,6.88,1.92
2024-01-04 12:41:57,7.5,1.67
2024-01-04 12:44:23,11.15,1.92
2024-01-04 12:46:49,10.18,2.15
2024-01-04 12:49:16,8.1,2.22
2024-01-04 12:51:42,8.45,2.5
2024-01-04 12:56:36,8.43,1.9
2024-01-04 12:59:03,7.68,2.13
2024-01-04 13:01:30,8.75,1.75
2024-01-04 13:03:58,10.23,2.47
2024-01-04 13:06:29,6.2,2.33
2024-01-04 13:08:57,10.23,2.63
2024-01-04 13:11:23,9.07,2.33
2024-01-04 13:13:51,9.6,2.5
2024-01-04 13:16:17,11.13,2.33
2024-01-04 13:18:42,10.73,2.65
2024-01-04 13:21:10,7.5,2.63
2024-01-04 13:23:36,5.82,2.4
2024-01-04 13:26:03,7.65,2.28
2024-01-04 13:28:31,8.43,2.3
2024-01-04 13:30:57,8.52,3.47
2024-01-04 13:33:22,5.75,1.7
2024-01-04 13:35:51,8.43,2.38
2024-01-04 13:38:20,8.6,2.22
2024-01-04 13:40:50,8.82,2.67
2024-01-04 13:43:17,8.05,2.4
2024-01-04 13:45:43,9.55,3.1
2024-01-04 13:48:08,8.85,3.03
2024-01-04 13:50:36,7.13,1.88
2024-01-04 13:53:01,9.68,2.9
2024-01-04 13:55:34,7.85,3.17
2024-01-04 13:58:02,10.1,3.03
2024-01-04 14:00:28,13.43,3.65
2024-01-04 14:02:53,7.22,2.7
2024-01-04 14:05:18,11.0,2.47
2024-01-04 14:07:46,7.88,2.4
2024-01-04 14:10:11,9.05,3.42
2024-01-04 14:12:37,9.0,2.33
2024-01-04 14:15:02,11.5,3.05
2024-01-04 14:17:31,9.0,2.7
2024-01-04 14:19:57,10.7,3.33
2024-01-04 14:22:25,12.95,4.22
2024-01-04 14:24:51,8.32,3.25
2024-01-04 14:29:44,7.43,3.4
2024-01-04 14:32:13,8.1,2.53
2024-01-04 14:34:38,11.4,3.53
2024-01-04 14:37:06,12.85,3.9
2024-01-04 14:39:34,10.15,3.7
2024-01-04 14:42:02,13.45,3.97
2024-01-04 14:44:30,11.8,4.53
2024-01-04 14:46:56,14.48,4.7
2024-01-04 14:49:25,8.23,3.75
2024-01-04 14:51:50,11.43,3.7
2024-01-04 14:54:16,11.18,3.42
2024-01-04 14:56:41,10.85,4.35
2024-01-04 14:59:07,12.25,4.32
2024-01-04 15:01:38,14.82,4.72
2024-01-04 15:04:05,7.5,3.08
2024-01-04 15:06:30,8.5,2.38
2024-01-04 15:08:57,11.52,2.63
2024-01-04 15:11:23,7.97,2.6
2024-01-04 15:13:48,6.22,2.28
2024-01-04 15:16:16,7.1,2.5
2024-01-04 15:18:45,14.18,2.4
2024-01-04 15:21:11,8.02,2.65
2024-01-04 15:23:37,6.65,2.03
2024-01-04 15:26:04,6.35,1.92
2024-01-04 15:28:32,5.82,2.15
2024-01-04 15:30:57,9.73,2.17
2024-01-04 15:33:23,13.1,3.25
2024-01-04 15:35:48,12.25,3.0
2024-01-04 15:38:15,6.35,2.5
2024-01-04 15:43:09,9.85,3.15
2024-01-04 15:45:34,9.88,3.25
2024-01-04 15:48:00,9.43,4.0
2024-01-04 15:50:25,8.38,2.9
2024-01-04 15:52:51,9.7,3.03
2024-01-04 15:55:16,11.52,2.75
2024-01-04 15:57:41,8.1,2.75
2024-01-04 16:00:10,8.8,3.35
2024-01-04 16:02:38,8.45,2.95
2024-01-04 16:05:04,10.93,3.4
2024-01-04 16:07:34,14.63,4.35
2024-01-04 16:10:02,6.85,3.08
2024-01-04 16:12:29,10.23,2.8
2024-01-04 16:14:59,7.72,2.92
2024-01-04 16:17:27,9.45,3.3
2024-01-04 16:19:54,11.3,3.17
2024-01-04 16:22:19,9.02,2.97
2024-01-04 16:24:44,7.6,2.3
2024-01-04 16:27:10,12.38,2.83
2024-01-04 16:29:35,12.95,2.6
2024-01-04 16:32:01,11.07,2.85
2024-01-04 16:34:28,7.13,2.17
2024-01-04 16:36:56,10.27,3.35
2024-01-04 16:39:21,6.72,2.65
2024-01-04 16:41:46,6.07,2.42
2024-01-04 16:46:39,14.43,3.1
2024-01-04 16:49:10,7.53,2.65
2024-01-04 16:51:36,9.55,3.25
2024-01-04 16:54:05,8.88,2.8
2024-01-04 16:56:33,8.6,3.22
2024-01-04 16:58:59,7.15,2.67
2024-01-04 17:01:27,11.55,3.05
2024-01-04 17:03:52,9.95,3.2
2024-01-04 17:06:20,8.05,2.5
2024-01-04 17:08:48,10.8,3.05
2024-01-04 17:11:13,9.13,3.65
2024-01-04 17:13:41,7.25,2.65
2024-01-04 17:16:06,7.07,2.9
2024-01-04 17:18:32,11.15,3.33
2024-01-04 17:20:57,12.38,3.75
2024-01-04 17:23:25,13.27,3.35
2024-01-04 17:25:54,13.98,3.97
2024-01-04 17:28:20,12.63,4.03
2024-01-04 17:30:49,11.1,3.95
2024-01-04 17:33:20,13.63,4.07
2024-01-04 17:35:45,11.8,3.83
2024-01-04 17:38:13,12.18,3.22
2024-01-04 17:40:41,11.05,4.07
2024-01-04 17:43:07,10.23,3.53
2024-01-04 17:45:32,10.68,3.53
2024-01-04 17:47:58,11.4,3.38
2024-01-04 17:50:23,19.08,3.63
2024-01-04 17:52:55,19.17,5.15
2024-01-04 17:55:20,14.6,3.78
2024-01-04 17:57:46,12.0,3.92
2024-01-04 18:00:11,12.18,3.97
2024-01-04 18:02:39,9.23,3.35
2024-01-04 18:05:05,13.02,3.45
2024-01-04 18:07:33,11.48,4.7
2024-01-04 18:09:58,9.25,3.42
2024-01-04 18:12:26,12.38,3.92
2024-01-04 18:14:54,11.8,5.0
2024-01-04 18:17:24,12.15,3.42
2024-01-04 18:19:55,13.93,4.72
2024-01-04 18:22:21,15.73,3.58
2024-01-04 18:24:46,8.48,3.35
2024-01-04 18:27:16,13.43,5.38
2024-01-04 18:29:42,13.7,3.7
2024-01-04 18:32:07,14.82,3.75
2024-01-04 18:34:33,15.32,4.32
2024-01-04 18:37:01,11.7,4.65
2024-01-04 18:39:34,16.42,4.47
2024-01-04 18:42:02,10.88,3.72
2024-01-04 18:44:30,8.77,4.18
2024-01-04 18:46:58,14.88,4.47
2024-01-04 18:49:25,14.57,4.32
2024-01-04 18:51:55,14.43,4.35
2024-01-04 18:54:26,8.63,3.55
2024-01-04 18:56:51,11.05,3.1
2024-01-04 18:59:19,14.55,3.65
2024-01-04 19:01:47,14.55,5.9
2024-01-04 19:04:13,11.23,3.5
2024-01-04 19:06:41,9.4,3.53
2024-01-04 19:09:08,11.82,4.35
2024-01-04 19:11:39,9.4,4.0
2024-01-04 19:14:04,12.93,4.07
2024-01-04 19:16:32,12.4,4.13
2024-01-04 19:18:58,12.32,5.8
2024-01-04 19:21:23,12.7,3.4
2024-01-04 19:26:17,12.7,3.03
2024-01-04 19:28:42,10.7,3.92
2024-01-04 19:31:08,10.18,3.08
2024-01-04 19:33:33,11.43,3.4
2024-01-04 19:35:59,10.25,3.9
2024-01-04 19:38:25,11.4,3.88
2024-01-04 19:40:51,11.35,3.58
2024-01-04 19:43:16,12.25,3.4
2024-01-04 19:45:41,14.85,4.53
2024-01-04 19:48:07,12.52,4.22
2024-01-04 19:50:32,10.68,3.1
2024-01-04 19:52:58,11.5,2.72
2024-01-04 19:55:23,13.27,2.72
2024-01-04 19:57:51,7.43,3.5
2024-01-04 20:00:16,7.9,3.6
2024-01-04 20:02:42,10.2,3.5
2024-01-04 20:05:10,11.32,4.2
2024-01-04 20:07:35,12.15,2.85
2024-01-04 20:10:02,10.35,3.63
2024-01-04 20:12:31,9.8,3.63
2024-01-04 20:14:56,13.85,3.42
2024-01-04 20:17:26,15.65,4.0
2024-01-04 20:19:54,12.32,3.35
2024-01-04 20:22:20,10.48,3.35
2024-01-04 20:24:45,11.52,2.83
2024-01-04 20:27:14,8.3,2.85
2024-01-04 20:29:42,13.7,3.47
2024-01-04 20:32:07,8.48,3.88
2024-01-04 20:34:34,10.75,3.1
2024-01-04 20:37:01,10.8,3.38
2024-01-04 20:39:31,10.15,3.85
2024-01-04 20:41:58,12.07,3.1
2024-01-04 20:44:26,8.3,2.92
2024-01-04 20:46:54,10.15,2.55
2024-01-04 20:49:23,8.27,2.8
2024-01-04 20:51:49,6.18,2.17
2024-01-04 20:54:14,7.95,2.5
2024-01-04 20:56:42,8.38,3.45
2024-01-04 20:59:10,8.43,2.6
2024-01-04 21:01:40,8.02,3.13
2024-01-04 21:04:07,11.18,3.05
2024-01-04 21:06:33,7.25,3.03
2024-01-04 21:08:58,8.1,2.85
2024-01-04 21:11:24,5.28,1.83
2024-01-04 21:13:50,12.63,2.6
2024-01-04 21:16:20,8.18,2.47
2024-01-04 21:18:46,7.63,2.25
2024-01-04 21:21:14,9.52,2.3
2024-01-04 21:23:39,6.57,2.2
2024-01-04 21:26:05,7.82,2.7
2024-01-04 21:28:33,4.93,1.85
2024-01-04 21:30:58,5.38,2.2
2024-01-04 21:33:26,6.22,1.85
2024-01-04 21:35:57,7.63,1.75
2024-01-04 21:38:23,6.1,2.22
2024-01-04 21:40:49,3.17,1.73
2024-01-04 21:43:15,5.63,2.0
2024-01-04 21:45:41,5.03,2.0
2024-01-04 21:48:08,7.6,1.77
2024-01-04 21:50:37,3.95,1.75
2024-01-04 21:53:04,7.13,1.85
2024-01-04 21:55:29,10.98,2.47
2024-01-04 21:57:55,8.15,2.17
2024-01-04 22:00:24,3.67,1.63
2024-01-04 22:02:49,6.7,1.6
2024-01-04 22:05:17,5.85,2.0
2024-01-04 22:07:43,3.75,1.48
2024-01-04 22:10:10,4.38,1.8
2024-01-04 22:12:41,5.1,1.58
2024-01-04 22:15:06,5.9,2.13
2024-01-04 22:17:32,5.7,1.77
2024-01-04 22:20:00,7.82,1.92
2024-01-04 22:22:25,6.55,1.92
2024-01-04 22:24:53,9.05,2.45
2024-01-04 22:27:21,4.95,1.52
2024-01-04 22:29:46,8.25,1.65
2024-01-04 22:32:14,6.95,2.22
2024-01-04 22:34:39,8.3,1.8
2024-01-04 22:37:04,3.45,2.0
2024-01-04 22:39:30,6.38,1.9
2024-01-04 22:41:55,7.07,1.8
2024-01-04 22:44:23,6.0,1.6
2024-01-04 22:46:50,4.68,1.48
2024-01-04 22:49:18,4.72,1.6
2024-01-04 22:51:44,5.35,1.52
2024-01-04 22:54:12,6.63,1.58
2024-01-04 22:56:38,2.67,1.3
2024-01-04 22:59:08,4.8,2.3
2024-01-04 23:01:36,4.9,1.8
2024-01-04 23:04:01,5.82,1.8
2024-01-04 23:06:29,6.32,2.03
2024-01-04 23:08:57,6.93,1.38
2024-01-04 23:11:25,7.47,1.77
2024-01-04 23:13:51,6.93,1.23
2024-01-04 23:16:16,6.47,1.58
2024-01-04 23:18:42,4.45,1.5
2024-01-04 23:21:13,6.3,1.67
2024-01-04 23:23:41,5.85,1.83
2024-01-04 23:26:07,8.52,2.15
2024-01-04 23:28:34,5.38,1.38
2024-01-04 23:31:00,6.38,1.85
2024-01-04 23:33:28,7.07,1.7
2024-01-04 23:35:53,2.05,1.67
2024-01-04 23:38:18,4.85,1.9
2024-01-04 23:40:49,2.9,1.13
2024-01-04 23:43:19,6.07,1.8
2024-01-04 23:45:46,5.0,1.3
2024-01-04 23:48:17,3.97,1.35
2024-01-04 23:50:50,3.9,1.75
2024-01-04 23:53:15,8.73,2.03
2024-01-04 23:55:43,4.63,1.55
2024-01-04 23:58:08,4.82,1.48
2024-01-05 00:00:34,4.25,1.7
2024-01-05 00:02:59,4.95,1.52
2024-01-05 00:05:27,9.05,1.6
2024-01-05 00:07:54,4.97,1.3
2024-01-05 00:10:22,3.28,1.67
2024-01-05 00:12:47,4.63,2.1
2024-01-05 00:15:13,5.15,1.3
2024-01-05 00:17:39,2.8,1.13
2024-01-05 00:20:05,6.7,1.7
2024-01-05 00:22:32,5.68,1.42
2024-01-05 00:24:58,6.22,1.3
2024-01-05 00:27:26,5.35,1.4
2024-01-05 00:29:53,2.63,1.1
2024-01-05 00:32:21,7.45,1.55
2024-01-05 00:34:48,3.5,0.9
2024-01-05 00:37:14,6.07,1.63
2024-01-05 00:39:41,3.92,1.17
2024-01-05 00:42:07,3.1,0.95
2024-01-05 00:44:33,4.57,1.13
2024-01-05 00:46:58,3.53,1.05
2024-01-05 00:49:26,5.22,1.5
2024-01-05 00:51:51,2.75,1.1
2024-01-05 00:54:17,4.72,1.35
2024-01-05 00:56:42,1.73,1.02
2024-01-05 00:59:07,5.07,1.25
2024-01-05 01:01:33,3.65,1.1
2024-01-05 01:03:58,2.33,1.02
2024-01-05 01:06:24,3.6,0.9
2024-01-05 01:08:49,2.92,1.02
2024-01-05 01:11:15,1.73,0.95
2024-01-05 01:13:41,3.08,1.1
2024-01-05 01:16:10,5.4,1.05
2024-01-05 01:18:36,4.05,1.3
2024-01-05 01:21:06,1.63,0.5
2024-01-05 01:23:32,3.88,1.67
2024-01-05 01:25:59,4.28,0.63
2024-01-05 01:28:27,2.53,0.5
2024-01-05 01:30:53,1.8,1.05
2024-01-05 01:33:21,3.45,1.0
2024-01-05 01:35:49,2.92,0.52
2024-01-05 01:38:14,2.8,0.9
2024-01-05 01:40:44,2.63,0.93
2024-01-05 01:43:18,1.2,0.7
2024-01-05 01:45:50,3.92,0.8
2024-01-05 01:48:18,1.98,0.85
2024-01-05 01:50:47,1.2,0.4
2024-01-05 01:53:15,3.85,0.7
2024-01-05 01:55:43,2.3,0.7
2024-01-05 01:58:10,1.35,0.5
2024-01-05 02:00:39,1.38,0.45
2024-01-05 02:03:09,0.47,0.3
2024-01-05 02:05:38,2.65,1.05
2024-01-05 02:08:08,1.35,0.3
2024-01-05 02:10:33,2.05,0.63
2024-01-05 02:13:01,0.88,0.22
2024-01-05 02:15:27,1.65,0.35
2024-01-05 02:17:52,0.32,0.28
2024-01-05 02:20:17,0.77,0.3
2024-01-05 02:22:50,1.58,0.32
2024-01-05 02:25:24,1.65,0.45
2024-01-05 02:27:49,0.77,0.43
2024-01-05 02:30:18,1.73,0.65
2024-01-05 02:32:47,2.03,0.4
2024-01-05 02:35:14,1.13,0.3
2024-01-05 02:37:43,0.63,0.38
2024-01-05 02:40:11,1.98,0.4
2024-01-05 02:42:36,0.77,0.4
2024-01-05 02:45:05,1.75,0.5
2024-01-05 02:47:30,1.83,0.6
2024-01-05 02:49:56,1.6,0.6
2024-01-05 02:52:23,1.88,0.57
2024-01-05 02:54:52,1.02,0.6
2024-01-05 02:57:17,1.5,0.47
2024-01-05 02:59:42,1.15,0.47
2024-01-05 03:02:08,4.53,0.7
2024-01-05 03:04:40,2.53,0.38
2024-01-05 03:07:06,1.8,0.68
2024-01-05 03:09:34,1.2,0.38
2024-01-05 03:11:59,2.75,0.7
2024-01-05 03:14:24,1.15,0.7
2024-01-05 03:16:50,3.47,0.7
2024-01-05 03:19:16,5.05,0.65
2024-01-05 03:21:43,1.2,0.52
2024-01-05 03:24:09,1.35,0.65
2024-01-05 03:29:01,1.15,0.6
2024-01-05 03:31:26,1.3,0.47
2024-01-05 03:33:51,3.9,0.57
2024-01-05 03:36:19,2.78,0.8
2024-01-05 03:38:47,3.38,0.7
2024-01-05 03:41:13,3.72,0.77
2024-01-05 03:43:41,2.45,0.73
2024-01-05 03:46:09,3.3,0.98
2024-01-05 03:48:36,1.77,0.55
2024-01-05 03:51:01,3.88,1.1
2024-01-05 03:53:27,3.0,0.73
2024-01-05 03:55:53,0.4,0.2
2024-01-05 03:58:18,2.03,0.7
2024-01-05 04:00:46,3.03,0.7
2024-01-05 04:03:13,2.05,0.6
2024-01-05 04:05:39,2.3,0.8
2024-01-05 04:08:04,4.68,0.93
2024-01-05 04:10:38,2.3,0.82
2024-01-05 04:13:06,7.88,1.02
2024-01-05 04:15:35,1.48,0.68
2024-01-05 04:18:05,0.8,0.4
2024-01-05 04:20:31,4.85,0.98
2024-01-05 04:22:59,2.97,0.95
2024-01-05 04:25:27,0.52,0.45
2024-01-05 04:27:55,2.05,0.8
2024-01-05 04:30:22,1.33,0.63
2024-01-05 04:32:50,1.7,0.9
2024-01-05 04:35:16,4.5,1.67
2024-01-05 04:37:43,2.42,0.75
2024-01-05 04:40:11,1.95,0.57
2024-01-05 04:42:45,4.25,1.52
2024-01-05 04:45:13,3.1,0.63
2024-01-05 04:47:38,2.65,0.85
2024-01-05 04:50:11,3.63,0.75
2024-01-05 04:52:36,3.58,1.15
2024-01-05 04:55:02,1.35,0.6
2024-01-05 04:57:28,5.07,1.0
2024-01-05 04:59:54,3.28,1.15
2024-01-05 05:02:21,2.42,1.0
2024-01-05 05:04:49,3.65,0.8
2024-01-05 05:07:15,4.15,0.95
2024-01-05 05:09:40,3.38,1.38
2024-01-05 05:12:07,1.77,0.7
2024-01-05 05:14:33,2.33,0.73
2024-01-05 05:16:59,5.78,0.9
2024-01-05 05:19:26,1.55,0.5
2024-01-05 05:21:52,2.38,0.55
2024-01-05 05:24:17,2.47,0.6
2024-01-05 05:26:45,0.77,0.6
2024-01-05 05:29:10,0.8,0.38
2024-01-05 05:31:35,0.88,0.2
2024-01-05 05:34:04,0.1,0.1
2024-01-05 05:36:29,0.5,0.3
2024-01-05 05:38:54,1.1,0.4
2024-01-05 05:41:22,0.8,0.2
2024-01-05 05:43:50,0.13,0.13
2024-01-05 05:46:19,0.55,0.45
2024-01-05 05:48:44,1.7,0.4
2024-01-05 05:51:10,0.3,0.28
2024-01-05 05:53:36,0.17,0.17
2024-01-05 05:56:04,0.35,0.3
2024-01-05 05:58:29,0.15,0.08
2024-01-05 06:00:55,0.57,0.3
2024-01-05 06:03:20,1.38,0.38
2024-01-05 06:05:51,0.77,0.3
2024-01-05 06:08:19,1.38,0.4
2024-01-05 06:10:44,0.6,0.4
2024-01-05 06:13:10,0.4,0.3
2024-01-05 06:15:35,0.65,0.47
2024-01-05 06:18:04,3.22,0.5
2024-01-05 06:20:32,0.55,0.38
2024-01-05 06:22:57,0.13,0.13
2024-01-05 06:25:22,0.1,0.1
2024-01-05 06:27:48,1.2,0.22
2024-01-05 06:30:16,0.55,0.35
2024-01-05 06:32:41,0.4,0.2
2024-01-05 06:35:07,2.78,0.6
2024-01-05 06:37:32,1.13,0.2
2024-01-05 06:39:58,1.17,0.55
2024-01-05 06:42:23,1.1,0.38
2024-01-05 06:44:51,0.47,0.38
2024-01-05 06:47:18,1.17,0.45
2024-01-05 06:49:49,0.63,0.3
2024-01-05 06:52:15,0.68,0.4
2024-01-05 06:54:42,2.78,0.5
2024-01-05 06:57:08,1.13,0.43
2024-01-05 06:59:33,1.0,0.6
2024-01-05 07:02:03,0.5,0.43
2024-01-05 07:04:29,1.88,0.68
2024-01-05 07:06:59,1.3,0.38
2024-01-05 07:09:24,0.57,0.5
2024-01-05 07:11:51,1.92,0.7
2024-01-05 07:14:19,2.72,1.0
2024-01-05 07:16:47,1.67,0.6
2024-01-05 07:19:13,1.05,0.5
2024-01-05 07:21:41,1.95,0.52
2024-01-05 07:24:12,2.42,0.5
2024-01-05 07:26:39,0.77,0.5
2024-01-05 07:29:04,2.03,0.57
2024-01-05 07:31:32,1.4,0.65
2024-01-05 07:33:59,0.85,0.6
2024-01-05 07:36:27,1.0,0.6
2024-01-05 07:38:56,0.73,0.55
2024-01-05 07:41:24,1.1,0.8
2024-01-05 07:43:51,2.35,0.73
2024-01-05 07:46:16,0.68,0.5
2024-01-05 07:48:42,1.35,0.65
2024-01-05 07:51:10,1.25,0.65
2024-01-05 07:53:38,1.77,0.75
2024-01-05 07:56:04,1.48,0.9
2024-01-05 07:58:30,2.8,0.7
2024-01-05 08:00:58,1.2,1.1
2024-01-05 08:03:28,1.23,0.8
2024-01-05 08:05:59,2.45,0.88
2024-01-05 08:08:26,2.6,1.0
2024-01-05 08:10:54,2.47,1.0
2024-01-05 08:13:20,1.2,1.02
2024-01-05 08:15:51,2.17,1.4
2024-01-05 08:18:16,1.73,1.13
2024-01-05 08:20:44,2.53,1.55
2024-01-05 08:23:10,3.4,1.3
2024-01-05 08:25:42,4.68,1.7
2024-01-05 08:28:07,1.9,1.27
2024-01-05 08:30:32,2.13,1.4
2024-01-05 08:33:00,1.7,1.35
2024-01-05 08:35:28,2.58,1.3
2024-01-05 08:37:56,3.95,1.75
2024-01-05 08:40:21,3.15,1.63
2024-01-05 08:42:53,2.45,1.58
2024-01-05 08:45:19,3.3,1.75
2024-01-05 08:47:51,4.1,1.7
2024-01-05 08:50:17,4.18,2.1
2024-01-05 08:52:48,3.13,1.63
2024-01-05 08:55:14,5.0,2.1
2024-01-05 08:57:45,2.95,2.17
2024-01-05 09:00:14,3.85,1.88
2024-01-05 09:05:11,2.75,1.77
2024-01-05 09:07:36,3.25,1.92
2024-01-05 09:10:04,3.55,1.9
2024-01-05 09:12:30,4.88,2.13
2024-01-05 09:14:55,3.92,2.08
2024-01-05 09:17:20,2.92,2.1
2024-01-05 09:19:48,5.28,2.63
2024-01-05 09:22:13,5.07,2.25
2024-01-05 09:24:39,6.65,3.13
2024-01-05 09:27:09,6.47,2.75
2024-01-05 09:29:37,6.22,3.15
2024-01-05 09:32:05,4.95,3.0
2024-01-05 09:34:33,5.25,2.97
2024-01-05 09:36:58,5.28,3.05
2024-01-05 09:39:23,8.82,4.18
2024-01-05 09:41:49,4.18,3.15
2024-01-05 09:44:20,6.68,3.83
2024-01-05 09:49:14,7.3,3.33
2024-01-05 09:51:42,5.6,3.25
2024-01-05 09:54:08,8.2,3.5
2024-01-05 09:56:33,6.4,3.33
2024-01-05 09:59:04,4.3,3.03
2024-01-05 10:01:29,6.05,3.17
2024-01-05 10:04:00,6.7,3.55
2024-01-05 10:06:29,9.25,3.83
2024-01-05 10:08:56,8.5,3.35
2024-01-05 10:14:06,6.6,4.13
2024-01-05 10:16:37,6.55,3.88
2024-01-05 10:21:47,8.2,4.0
2024-01-05 10:24:25,6.5,3.33
2024-01-05 10:29:29,7.0,3.8
2024-01-05 10:32:17,8.4,3.72
2024-01-05 10:34:49,7.68,3.6
2024-01-05 10:37:15,5.18,3.58
2024-01-05 10:39:44,9.15,4.2
2024-01-05 10:42:16,6.75,3.53
2024-01-05 10:44:42,6.28,3.83
2024-01-05 10:47:11,7.78,3.78
2024-01-05 10:49:48,5.1,3.67
2024-01-05 10:52:19,6.07,3.63
2024-01-05 10:54:46,4.82,2.72
2024-01-05 10:57:13,5.4,3.15
2024-01-05 10:59:48,6.78,3.4
2024-01-05 11:04:44,7.18,3.13
2024-01-05 11:07:12,7.07,3.97
2024-01-05 11:18:01,6.9,3.25
2024-01-05 11:20:38,8.25,4.47
2024-01-05 11:23:32,5.88,3.0
2024-01-05 11:25:59,4.72,3.22
2024-01-05 11:28:34,7.55,3.8
2024-01-05 11:31:01,6.25,3.45
2024-01-05 11:33:49,7.5,3.47
2024-01-05 11:42:04,7.13,3.08
2024-01-05 11:44:35,7.03,3.58
2024-01-05 11:47:04,6.57,3.1
2024-01-05 11:49:38,7.78,3.38
2024-01-05 11:52:06,8.85,3.85
2024-01-05 11:54:33,7.97,3.33
2024-01-05 11:57:01,8.5,4.15
2024-01-05 11:59:31,7.5,3.45
2024-01-05 12:02:00,6.93,3.75
2024-01-05 12:04:25,6.03,3.5
2024-01-05 12:06:54,8.18,3.78
2024-01-05 12:09:20,5.93,3.53
2024-01-05 12:14:26,8.88,3.72
2024-01-05 12:16:52,9.38,3.55
2024-01-05 12:19:23,9.77,3.92
2024-01-05 12:21:51,11.35,3.97
2024-01-05 12:24:17,5.65,3.63
2024-01-05 12:26:43,5.63,3.5
2024-01-05 12:29:11,6.82,4.05
2024-01-05 12:31:39,7.57,3.67
2024-01-05 12:34:08,10.38,4.63
2024-01-05 12:36:38,8.35,3.55
2024-01-05 12:39:07,6.28,3.75
2024-01-05 12:41:36,6.5,3.83
2024-01-05 12:44:06,7.47,3.9
2024-01-05 12:46:41,7.4,4.15
2024-01-05 12:49:44,8.1,4.07
2024-01-05 12:52:04,7.55,3.8
2024-01-05 12:54:42,7.78,3.72
2024-01-05 12:57:10,9.0,4.95
2024-01-05 12:59:38,9.65,4.4
2024-01-05 13:02:03,6.8,3.72
2024-01-05 13:04:33,6.9,3.45
2024-01-05 13:07:02,6.65,3.85
2024-01-05 13:09:32,6.22,3.2
2024-01-05 13:12:00,7.15,3.67
2024-01-05 13:14:25,6.97,3.25
2024-01-05 13:16:55,6.0,3.13
2024-01-05 13:19:20,6.1,2.83
2024-01-05 13:21:48,4.53,2.55
2024-01-05 13:24:18,3.85,2.28
2024-01-05 13:26:46,4.03,2.28
2024-01-05 13:29:11,4.15,1.92
2024-01-05 13:31:37,4.18,2.28
2024-01-05 13:34:02,3.75,2.15
2024-01-05 13:36:30,5.45,2.0
2024-01-05 13:38:58,4.78,2.03
2024-01-05 13:41:30,3.0,1.95
2024-01-05 13:43:58,4.28,2.2
2024-01-05 13:46:24,3.55,1.88
2024-01-05 13:48:52,3.0,1.8
2024-01-05 13:51:20,3.53,1.83
2024-01-05 13:53:45,5.55,2.17
2024-01-05 13:56:10,3.33,1.8
2024-01-05 13:58:38,3.92,1.95
2024-01-05 14:01:04,3.2,1.58
2024-01-05 14:03:35,3.5,2.1
2024-01-05 14:06:00,4.0,1.9
2024-01-05 14:08:29,2.78,1.33
2024-01-05 14:10:55,3.95,1.77
2024-01-05 14:13:25,4.0,1.83
2024-01-05 14:15:51,2.47,1.6
2024-01-05 14:18:16,2.25,1.95
2024-01-05 14:20:44,4.13,1.63
2024-01-05 14:23:09,3.42,1.65
2024-01-05 14:25:39,3.63,1.85
2024-01-05 14:28:07,5.5,1.98
2024-01-05 14:30:32,3.45,2.15
2024-01-05 14:33:00,5.28,1.88
2024-01-05 14:35:28,3.42,2.05
2024-01-05 14:37:56,7.28,2.75
2024-01-05 14:40:21,3.95,2.4
2024-01-05 14:42:46,6.68,2.8
2024-01-05 14:45:12,6.5,2.83
2024-01-05 14:47:37,4.7,2.58
2024-01-05 14:50:03,4.82,2.67
2024-01-05 14:52:30,5.5,2.58
2024-01-05 14:54:55,7.4,3.03
2024-01-05 14:57:24,4.78,2.55
2024-01-05 14:59:52,5.25,2.4
2024-01-05 15:02:18,5.1,2.6
2024-01-05 15:04:46,5.35,2.42
2024-01-05 15:07:14,4.8,2.47
2024-01-05 15:09:39,7.28,2.1
2024-01-05 15:12:04,6.82,2.33
2024-01-05 15:14:33,4.95,2.3
2024-01-05 15:16:58,3.45,1.9
2024-01-05 15:19:24,4.88,1.67
2024-01-05 15:21:50,4.55,1.65
2024-01-05 15:24:16,2.7,1.7
2024-01-05 15:26:44,4.05,1.85
2024-01-05 15:29:10,5.18,1.83
2024-01-05 15:31:38,3.42,1.65
2024-01-05 15:34:06,7.13,2.47
2024-01-05 15:36:34,2.35,1.4
2024-01-05 15:39:01,2.72,1.6
2024-01-05 15:41:27,3.08,1.58
2024-01-05 15:43:52,2.03,1.3
2024-01-05 15:46:20,3.8,1.42
2024-01-05 15:48:46,5.4,2.78
2024-01-05 15:51:11,4.22,1.67
2024-01-05 15:53:40,5.95,1.42
2024-01-05 15:56:10,3.38,1.23
2024-01-05 15:58:35,3.85,1.5
2024-01-05 16:01:00,6.57,1.17
2024-01-05 16:03:28,2.35,1.2
2024-01-05 16:05:53,3.88,1.13
2024-01-05 16:08:19,4.35,1.5
2024-01-05 16:10:44,5.35,1.33
2024-01-05 16:13:10,6.05,3.17
2024-01-05 16:15:37,6.03,3.75
2024-01-05 16:18:03,2.85,1.85
2024-01-05 16:20:34,8.95,1.3
2024-01-05 16:23:03,3.63,1.6
2024-01-05 16:25:31,5.6,1.98
2024-01-05 16:27:57,6.88,1.8
2024-01-05 16:30:24,5.28,2.05
2024-01-05 16:32:54,4.0,1.25
2024-01-05 16:35:21,5.25,1.4
2024-01-05 16:37:47,5.1,2.33
2024-01-05 16:40:17,10.25,8.93
2024-01-05 16:42:44,8.82,5.47
2024-01-05 16:45:12,4.97,2.4
2024-01-05 16:47:45,3.78,1.63
2024-01-05 16:50:11,4.82,1.1
2024-01-05 16:52:36,4.68,1.35
2024-01-05 16:55:02,6.88,1.63
2024-01-05 16:57:30,1.63,1.02
2024-01-05 16:59:55,5.8,1.45
2024-01-05 17:02:21,4.7,1.67
2024-01-05 17:04:48,6.85,2.17
2024-01-05 17:07:14,5.63,1.45
2024-01-05 17:09:40,4.45,1.55
2024-01-05 17:12:10,3.8,1.42
2024-01-05 17:14:40,5.78,1.6
2024-01-05 17:17:05,3.17,1.52
2024-01-05 17:19:33,6.03,3.1
2024-01-05 17:21:58,7.97,4.7
2024-01-05 17:24:29,4.85,1.63
2024-01-05 17:26:56,6.25,1.88
2024-01-05 17:29:22,6.5,2.22
2024-01-05 17:31:47,3.33,1.73
2024-01-05 17:34:13,1.83,1.58
2024-01-05 17:36:38,6.47,3.4
2024-01-05 17:39:07,3.28,1.33
2024-01-05 17:41:34,4.18,2.63
2024-01-05 17:44:04,5.15,1.33
2024-01-05 17:46:29,3.55,1.35
2024-01-05 17:48:54,6.97,1.42
2024-01-05 17:51:23,3.85,2.22
2024-01-05 17:53:50,2.38,0.8
2024-01-05 17:56:20,3.2,1.1
2024-01-05 17:58:46,3.72,1.15
2024-01-05 18:01:13,5.0,1.2
2024-01-05 18:03:41,5.75,1.08
2024-01-05 18:06:12,6.9,1.3
2024-01-05 18:08:38,6.88,1.4
2024-01-05 18:11:03,3.95,1.13
2024-01-05 18:13:28,4.78,1.23
2024-01-05 18:15:56,4.95,1.17
2024-01-05 18:18:21,3.95,2.55
2024-01-05 18:20:49,4.3,1.1
2024-01-05 18:23:18,3.5,1.7
2024-01-05 18:25:48,2.6,1.6
2024-01-05 18:28:13,5.28,1.6
2024-01-05 18:30:43,4.65,1.88
2024-01-05 18:33:16,4.15,1.27
2024-01-05 18:35:43,3.08,1.15
2024-01-05 18:38:11,3.53,1.15
2024-01-05 18:40:39,4.53,1.63
2024-01-05 18:43:04,2.4,1.5
2024-01-05 18:45:38,3.38,1.1
2024-01-05 18:48:03,3.17,0.9
2024-01-05 18:50:29,3.92,0.8
2024-01-05 18:52:57,2.15,1.0
2024-01-05 18:55:22,2.5,0.95
2024-01-05 18:57:48,3.85,1.0
2024-01-05 19:00:13,4.1,1.35
2024-01-05 19:02:39,3.25,1.2
2024-01-05 19:05:05,4.22,1.6
2024-01-05 19:07:30,4.4,1.65
2024-01-05 19:09:56,5.7,1.1
2024-01-05 19:12:23,2.8,1.2
2024-01-05 19:14:51,5.57,1.15
2024-01-05 19:17:21,6.75,1.2
2024-01-05 19:19:46,8.02,1.6
2024-01-05 19:22:17,4.63,1.5
2024-01-05 19:24:44,1.1,0.88
2024-01-05 19:27:11,3.0,1.15
2024-01-05 19:29:42,4.9,1.15
2024-01-05 19:32:10,3.47,1.42
2024-01-05 19:34:40,5.95,1.15
2024-01-05 19:37:08,6.72,1.52
2024-01-05 19:39:33,4.45,1.25
2024-01-05 19:42:01,2.22,1.1
2024-01-05 19:44:29,5.85,1.15
2024-01-05 19:46:58,5.03,1.0
2024-01-05 19:49:23,9.32,1.42
2024-01-05 19:51:48,3.75,1.25
2024-01-05 19:54:14,5.4,1.42
2024-01-05 19:56:44,2.95,1.0
2024-01-05 19:59:13,4.6,1.6
2024-01-05 20:01:38,4.38,1.2
2024-01-05 20:04:09,4.05,1.48
2024-01-05 20:06:36,3.95,1.08
2024-01-05 20:09:04,6.9,1.55
2024-01-05 20:11:30,4.97,1.2
2024-01-05 20:14:01,2.92,1.0
2024-01-05 20:16:28,4.1,1.23
2024-01-05 20:18:54,4.65,1.17
2024-01-05 20:21:20,2.58,1.0
2024-01-05 20:23:45,3.45,1.05
2024-01-05 20:26:16,2.67,0.9
2024-01-05 20:28:43,1.58,0.75
2024-01-05 20:31:08,2.38,1.13
2024-01-05 20:33:33,4.7,1.4
2024-01-05 20:35:59,6.57,1.33
2024-01-05 20:38:26,2.75,1.13
2024-01-05 20:40:52,5.85,1.4
2024-01-05 20:43:17,3.03,0.95
2024-01-05 20:45:43,5.95,2.08
2024-01-05 20:48:09,4.45,0.88
2024-01-05 20:50:35,3.17,0.9
2024-01-05 20:53:00,3.08,0.9
2024-01-05 20:57:54,2.92,0.8
2024-01-05 21:00:19,3.03,0.95
2024-01-05 21:02:45,2.6,1.0
2024-01-05 21:05:10,2.63,1.1
2024-01-05 21:07:36,3.83,1.35
2024-01-05 21:10:05,4.9,1.33
2024-01-05 21:12:33,2.33,1.3
2024-01-05 21:15:01,2.13,1.15
2024-01-05 21:17:30,4.38,1.77
2024-01-05 21:19:58,5.43,1.33
2024-01-05 21:22:23,2.55,1.13
2024-01-05 21:24:49,8.45,1.5
2024-01-05 21:27:18,2.35,1.4
2024-01-05 21:29:44,2.13,1.2
2024-01-05 21:32:13,5.8,1.2
2024-01-05 21:34:40,3.33,1.35
2024-01-05 21:37:07,1.2,0.8
2024-01-05 21:39:35,3.78,0.8
2024-01-05 21:42:00,1.65,1.02
2024-01-05 21:44:26,4.3,1.25
2024-01-05 21:49:23,3.0,1.3
2024-01-05 21:51:50,1.27,0.73
2024-01-05 21:56:41,2.05,0.68
2024-01-05 21:59:07,1.7,0.82
2024-01-05 22:01:35,1.83,0.8
2024-01-05 22:04:01,0.8,0.6
2024-01-05 22:06:30,2.55,0.8
2024-01-05 22:08:58,2.85,0.73
2024-01-05 22:11:28,2.47,0.7
2024-01-05 22:13:56,2.92,1.2
2024-01-05 22:16:22,4.78,1.1
2024-01-05 22:18:48,2.17,0.7
2024-01-05 22:23:42,2.03,0.9
2024-01-05 22:26:16,1.67,0.9
2024-01-05 22:28:44,1.7,1.0
2024-01-05 22:31:12,1.58,0.8
2024-01-05 22:33:43,2.92,0.82
2024-01-05 22:36:12,2.13,1.13
2024-01-05 22:38:40,3.33,0.88
2024-01-05 22:41:06,1.83,1.0
2024-01-05 22:43:32,4.38,1.35
2024-01-05 22:48:30,3.28,1.02
2024-01-05 22:50:57,4.1,0.9
2024-01-05 22:53:23,6.25,1.2
2024-01-05 22:55:51,1.92,0.9
2024-01-05 22:58:21,1.77,0.9
2024-01-05 23:00:46,2.65,1.17
2024-01-05 23:03:19,1.48,1.0
2024-01-05 23:05:45,3.45,1.2
2024-01-05 23:08:11,4.1,1.42
2024-01-05 23:10:39,3.1,1.1
2024-01-05 23:13:04,2.6,0.7
2024-01-05 23:15:35,2.72,1.33
2024-01-05 23:18:00,3.38,1.0
2024-01-05 23:20:26,1.83,1.33
2024-01-05 23:22:52,1.02,0.88
2024-01-05 23:25:24,5.6,0.93
2024-01-05 23:27:50,1.88,0.73
2024-01-05 23:30:17,2.53,0.8
2024-01-05 23:32:43,1.52,0.85
2024-01-05 23:35:11,2.88,0.85
2024-01-05 23:37:37,1.95,1.0
2024-01-05 23:40:05,1.1,0.68
2024-01-05 23:42:31,8.07,1.23
2024-01-05 23:44:58,1.7,0.98
2024-01-05 23:47:26,2.03,0.9
2024-01-05 23:49:51,5.13,1.15
2024-01-05 23:52:20,1.85,0.82
2024-01-05 23:54:50,1.67,0.65
2024-01-05 23:57:16,1.27,0.6
2024-01-05 23:59:41,3.3,0.9
2024-01-06 00:02:07,3.83,1.1
2024-01-06 00:04:32,1.85,0.85
2024-01-06 00:06:58,3.58,1.08
2024-01-06 00:09:23,5.53,0.82
2024-01-06 00:11:51,3.42,1.1
2024-01-06 00:14:18,1.92,0.93
2024-01-06 00:16:44,6.47,0.98
2024-01-06 00:19:10,2.0,0.98
2024-01-06 00:21:35,7.47,1.2
2024-01-06 00:24:03,3.17,0.88
2024-01-06 00:26:29,1.88,1.1
2024-01-06 00:28:54,3.9,0.7
2024-01-06 00:31:20,2.58,1.13
2024-01-06 00:33:45,3.17,0.7
2024-01-06 00:36:13,5.28,1.02
2024-01-06 00:38:40,2.88,0.98
2024-01-06 00:41:06,2.9,1.0
2024-01-06 00:43:31,3.78,0.9
2024-01-06 00:45:57,1.6,0.7
2024-01-06 00:48:24,2.63,1.13
2024-01-06 00:50:52,4.47,0.93
2024-01-06 00:53:17,3.05,0.82
2024-01-06 00:55:42,3.9,1.02
2024-01-06 00:58:10,3.22,0.8
2024-01-06 01:00:38,2.92,0.8
2024-01-06 01:03:04,4.25,1.1
2024-01-06 01:05:30,1.08,0.63
2024-01-06 01:08:00,3.0,0.85
2024-01-06 01:10:27,2.1,0.68
2024-01-06 01:12:53,3.72,1.02
2024-01-06 01:15:18,3.5,1.08
2024-01-06 01:17:48,9.18,1.3
2024-01-06 01:20:14,4.07,1.0
2024-01-06 01:22:41,1.02,0.9
2024-01-06 01:25:09,0.8,0.68
2024-01-06 01:27:34,1.35,0.73
2024-01-06 01:30:02,4.55,1.15
2024-01-06 01:32:31,3.67,1.75
2024-01-06 01:35:02,1.67,0.93
2024-01-06 01:37:28,3.63,1.15
2024-01-06 01:39:53,2.0,0.8
2024-01-06 01:42:21,3.5,0.9
2024-01-06 01:44:46,4.97,1.0
2024-01-06 01:47:12,4.0,1.1
2024-01-06 01:49:37,9.2,1.77
2024-01-06 01:52:03,2.8,1.13
2024-01-06 01:54:29,3.2,1.42
2024-01-06 01:56:54,2.42,1.1
2024-01-06 01:59:20,4.45,1.35
2024-01-06 02:01:48,4.53,1.4
2024-01-06 02:04:14,3.78,1.73
2024-01-06 02:06:42,2.85,1.3
2024-01-06 02:09:10,3.13,1.5
2024-01-06 02:11:36,4.85,1.5
2024-01-06 02:14:06,4.65,1.7
2024-01-06 02:16:33,2.95,1.27
2024-01-06 02:19:04,3.65,1.25
2024-01-06 02:21:34,6.68,2.2
2024-01-06 02:24:04,5.82,1.7
2024-01-06 02:26:29,4.4,1.98
2024-01-06 02:28:55,2.38,1.4
2024-01-06 02:31:22,5.78,1.67
2024-01-06 02:33:48,6.03,1.58
2024-01-06 02:36:13,6.65,1.8
2024-01-06 02:38:41,3.97,1.9
2024-01-06 02:41:06,3.8,1.52
2024-01-06 02:43:32,3.67,1.67
2024-01-06 02:46:02,5.75,1.7
2024-01-06 02:48:30,4.4,1.63
2024-01-06 02:50:56,4.88,1.75
2024-01-06 02:53:21,3.13,1.33
2024-01-06 02:55:47,2.45,1.4
2024-01-06 02:58:14,2.58,1.17
2024-01-06 03:00:40,4.32,1.38
2024-01-06 03:03:08,4.47,1.4
2024-01-06 03:05:36,3.45,1.5
2024-01-06 03:08:06,4.18,1.83
2024-01-06 03:10:34,4.05,1.77
2024-01-06 03:13:01,3.97,1.8
2024-01-06 03:15:26,4.13,1.75
2024-01-06 03:17:52,4.68,2.17
2024-01-06 03:20:17,6.05,1.95
2024-01-06 03:22:45,3.75,2.0
2024-01-06 03:25:14,4.65,2.22
2024-01-06 03:27:42,4.35,2.3
2024-01-06 03:32:36,6.55,2.55
2024-01-06 03:35:05,5.75,2.28
2024-01-06 03:37:33,6.55,1.9
2024-01-06 03:40:00,9.25,2.42
2024-01-06 03:42:26,4.05,1.73
2024-01-06 03:44:56,4.6,1.52
2024-01-06 03:47:23,5.07,1.42
2024-01-06 03:49:49,5.47,2.0
2024-01-06 03:52:19,3.35,1.73
2024-01-06 03:54:44,8.9,2.35
2024-01-06 03:57:12,4.78,1.73
2024-01-06 03:59:41,11.18,2.28
2024-01-06 04:02:07,4.05,1.45
2024-01-06 04:04:32,6.05,1.52
2024-01-06 04:06:58,3.0,1.0
2024-01-06 04:09:23,3.42,0.95
2024-01-06 04:11:48,3.55,0.9
2024-01-06 04:14:14,4.38,1.3
2024-01-06 04:16:39,3.9,0.73
2024-01-06 04:19:07,3.7,0.5
2024-01-06 04:21:36,3.53,0.6
2024-01-06 04:24:05,3.4,1.0
2024-01-06 04:26:30,2.55,1.08
2024-01-06 04:28:58,1.6,0.7
2024-01-06 04:31:23,3.8,1.1
2024-01-06 04:33:52,5.07,1.08
2024-01-06 04:36:21,4.13,0.85
2024-01-06 04:38:49,4.03,1.2
2024-01-06 04:46:15,5.03,0.77
2024-01-06 04:48:40,3.47,0.95
2024-01-06 04:51:06,3.0,0.95
2024-01-06 04:53:35,3.6,0.8
2024-01-06 04:56:03,2.97,1.3
2024-01-06 04:58:28,4.55,0.98
2024-01-06 05:00:57,2.83,0.9
2024-01-06 05:03:24,6.05,1.45
2024-01-06 05:05:50,1.7,0.9
2024-01-06 05:08:15,2.3,0.5
2024-01-06 05:10:44,5.13,0.8
2024-01-06 05:15:35,2.3,0.9
2024-01-06 05:18:00,2.8,0.47
2024-01-06 05:20:25,1.3,0.73
2024-01-06 05:22:55,2.28,0.7
2024-01-06 05:25:21,4.25,1.45
2024-01-06 05:27:46,1.6,0.65
2024-01-06 05:30:17,4.4,0.95
2024-01-06 05:32:44,1.3,0.68
2024-01-06 05:35:13,4.1,1.3
2024-01-06 05:37:38,2.53,0.65
2024-01-06 05:40:04,4.7,1.1
2024-01-06 05:42:34,3.6,0.75
2024-01-06 05:45:02,2.9,0.73
2024-01-06 05:47:30,5.68,0.93
2024-01-06 05:49:56,4.63,1.23
2024-01-06 05:52:26,2.67,0.7
2024-01-06 05:54:51,3.3,1.2
2024-01-06 05:57:16,4.32,0.93
2024-01-06 05:59:44,3.05,1.3
2024-01-06 06:02:10,6.55,1.42
2024-01-06 06:04:35,2.53,0.88
2024-01-06 06:07:00,6.28,1.25
2024-01-06 06:09:28,5.5,1.27
2024-01-06 06:11:54,3.83,1.1
2024-01-06 06:14:22,5.25,1.02
2024-01-06 06:16:50,2.65,1.0
2024-01-06 06:19:17,4.03,1.9
2024-01-06 06:21:43,4.97,1.75
2024-01-06 06:24:13,2.72,0.9
2024-01-06 06:26:41,4.05,1.5
2024-01-06 06:29:06,1.58,0.75
2024-01-06 06:31:34,6.2,1.3
2024-01-06 06:33:59,6.5,1.2
2024-01-06 06:36:25,3.05,0.8
2024-01-06 06:38:55,6.05,1.1
2024-01-06 06:41:23,3.72,1.38
2024-01-06 06:43:48,4.7,1.13
2024-01-06 06:46:16,3.83,0.7
2024-01-06 06:48:42,2.53,1.42
2024-01-06 06:51:10,1.6,0.9
2024-01-06 06:53:38,4.05,0.9
2024-01-06 06:56:04,3.72,0.7
2024-01-06 06:58:29,2.28,0.8
2024-01-06 07:00:57,3.9,0.82
2024-01-06 07:03:24,0.77,0.6
2024-01-06 07:05:54,1.0,0.55
2024-01-06 07:08:22,2.45,1.6
2024-01-06 07:10:47,4.47,1.02
2024-01-06 07:13:15,2.83,0.93
2024-01-06 07:15:43,3.53,1.02
2024-01-06 07:18:08,4.0,1.3
2024-01-06 07:20:36,3.42,1.33
2024-01-06 07:23:03,2.78,1.0
2024-01-06 07:25:29,0.82,0.47
2024-01-06 07:27:57,3.2,0.6
2024-01-06 07:30:25,1.3,0.4
2024-01-06 07:32:50,2.35,0.6
2024-01-06 07:35:21,2.55,0.6
2024-01-06 07:37:48,3.92,1.02
2024-01-06 07:40:16,2.08,0.8
2024-01-06 07:42:44,1.02,0.63
2024-01-06 07:45:12,3.53,1.3
2024-01-06 07:47:38,2.58,1.23
2024-01-06 07:50:06,2.28,1.0
2024-01-06 07:52:37,1.35,0.75
2024-01-06 07:55:02,2.78,1.1
2024-01-06 07:57:28,1.25,0.82
2024-01-06 07:59:56,5.28,1.8
2024-01-06 08:02:21,6.05,2.13
2024-01-06 08:04:47,4.57,1.3
2024-01-06 08:07:12,3.17,1.48
2024-01-06 08:09:38,4.82,1.65
2024-01-06 08:12:04,4.03,1.63
2024-01-06 08:14:30,1.75,0.7
2024-01-06 08:16:57,1.8,0.68
2024-01-06 08:19:23,3.53,1.05
2024-01-06 08:21:48,1.6,1.0
2024-01-06 08:24:21,4.32,1.1
2024-01-06 08:26:49,4.32,1.2
2024-01-06 08:29:15,4.22,1.75
2024-01-06 08:31:44,1.9,1.23
2024-01-06 08:34:12,2.17,1.25
2024-01-06 08:36:43,2.67,1.27
2024-01-06 08:39:10,1.95,1.1
2024-01-06 08:41:36,4.0,1.65
2024-01-06 08:44:04,4.18,1.1
2024-01-06 08:46:29,4.05,1.63
2024-01-06 08:48:55,3.1,1.5
2024-01-06 08:51:21,1.52,1.0
2024-01-06 08:53:51,2.63,1.27
2024-01-06 08:56:16,4.03,1.35
2024-01-06 08:58:44,7.5,2.08
2024-01-06 09:01:09,5.2,1.4
2024-01-06 09:03:35,3.5,1.55
2024-01-06 09:06:03,5.4,1.73
2024-01-06 09:08:29,2.42,1.2
2024-01-06 09:10:54,3.83,1.4
2024-01-06 09:13:26,3.2,1.35
2024-01-06 09:15:51,2.78,1.67
2024-01-06 09:18:17,2.2,1.38
2024-01-06 09:20:43,3.75,1.5
2024-01-06 09:23:12,8.32,2.13
2024-01-06 09:25:40,4.43,2.03
2024-01-06 09:28:05,3.22,1.8
2024-01-06 09:30:34,5.68,2.1
2024-01-06 09:33:02,3.58,1.55
2024-01-06 09:35:28,3.05,1.63
2024-01-06 09:37:55,3.05,1.67
2024-01-06 09:40:22,8.77,2.67
2024-01-06 09:42:54,7.03,2.08
2024-01-06 09:45:19,6.8,1.8
2024-01-06 09:47:49,3.35,1.98
2024-01-06 09:50:17,5.15,2.13
2024-01-06 09:52:48,6.82,2.1
2024-01-06 09:55:25,8.0,2.5
2024-01-06 09:57:56,6.43,2.05
2024-01-06 10:00:24,6.8,1.67
2024-01-06 10:02:49,8.35,3.22
2024-01-06 10:05:21,5.5,2.6
2024-01-06 10:07:47,6.2,2.42
2024-01-06 10:10:24,4.3,2.22
2024-01-06 10:12:52,3.58,1.9
2024-01-06 10:15:21,4.7,1.73
2024-01-06 10:17:53,2.6,1.55
2024-01-06 10:20:19,6.03,2.25
2024-01-06 10:22:50,3.88,1.77
2024-01-06 10:25:18,3.78,2.03
2024-01-06 10:27:43,3.55,2.08
2024-01-06 10:30:09,4.15,1.65
2024-01-06 10:32:46,5.22,1.73
2024-01-06 10:35:12,5.88,1.95
2024-01-06 10:37:37,4.25,2.0
2024-01-06 10:40:10,6.95,2.0
2024-01-06 10:42:38,5.2,2.1
2024-01-06 10:45:07,5.68,2.3
2024-01-06 10:47:37,3.85,2.2
2024-01-06 10:50:04,6.63,2.2
2024-01-06 10:52:39,4.78,2.1
2024-01-06 10:55:08,5.65,2.1
2024-01-06 10:57:34,3.97,2.3
2024-01-06 11:00:02,4.2,2.3
2024-01-06 11:02:31,4.45,2.05
2024-01-06 11:05:01,3.45,1.73
2024-01-06 11:07:32,4.78,2.05
2024-01-06 11:10:07,3.78,1.58
2024-01-06 11:12:43,4.1,1.83
2024-01-06 11:15:31,4.15,1.75
2024-01-06 11:23:43,4.15,1.6
2024-01-06 11:26:09,5.13,1.23
2024-01-06 11:28:44,6.97,1.4
2024-01-06 11:31:11,1.5,0.98
2024-01-06 11:33:42,2.3,1.05
2024-01-06 11:36:09,2.58,1.2
2024-01-06 11:38:40,3.7,1.13
2024-01-06 11:41:13,6.35,1.35
2024-01-06 11:44:20,5.45,1.2
2024-01-06 11:46:45,3.65,1.45
2024-01-06 11:49:18,2.22,1.4
2024-01-06 11:51:51,5.55,1.9
2024-01-06 11:54:20,3.6,1.77
2024-01-06 11:56:52,2.4,1.65
2024-01-06 11:59:19,4.18,1.52
2024-01-06 12:01:45,3.72,1.5
2024-01-06 12:04:11,6.32,2.5
2024-01-06 12:06:39,5.03,2.2
2024-01-06 12:09:04,3.0,1.75
2024-01-06 12:11:30,3.6,1.83
2024-01-06 12:13:56,4.13,2.0
2024-01-06 12:16:25,8.43,2.25
2024-01-06 12:18:55,4.05,1.8
2024-01-06 12:21:25,7.32,3.2
2024-01-06 12:23:54,10.1,2.47
2024-01-06 12:26:40,7.6,2.55
2024-01-06 12:29:09,6.22,2.28
2024-01-06 12:31:34,7.28,2.33
2024-01-06 12:34:07,7.25,2.5
2024-01-06 12:36:37,4.75,2.17
2024-01-06 12:39:09,6.88,2.42
2024-01-06 12:41:38,8.1,3.9
2024-01-06 12:44:06,5.55,2.9
2024-01-06 12:46:36,6.2,2.75
2024-01-06 12:49:03,7.72,2.88
2024-01-06 12:51:34,5.53,2.58
2024-01-06 12:54:04,6.85,2.45
2024-01-06 12:56:31,6.07,2.4
2024-01-06 12:58:57,6.45,2.88
2024-01-06 13:01:23,5.1,2.6
2024-01-06 13:03:48,7.7,2.55
2024-01-06 13:06:18,5.03,2.75
2024-01-06 13:08:44,6.57,2.8
2024-01-06 13:11:09,4.75,2.47
2024-01-06 13:13:38,5.7,2.8
2024-01-06 13:16:03,6.53,2.92
2024-01-06 13:18:31,7.32,2.8
2024-01-06 13:21:01,6.2,2.85
2024-01-06 13:23:27,6.1,3.1
2024-01-06 13:25:55,6.22,2.58
2024-01-06 13:28:23,4.9,1.85
2024-01-06 13:30:51,5.22,1.8
2024-01-06 13:33:19,3.15,1.5
2024-01-06 13:35:45,5.7,1.55
2024-01-06 13:38:15,2.45,1.23
2024-01-06 13:40:41,2.28,1.17
2024-01-06 13:43:09,2.85,1.05
2024-01-06 13:45:43,2.95,1.65
2024-01-06 13:48:12,3.75,1.13
2024-01-06 13:50:41,2.03,1.25
2024-01-06 13:53:06,3.63,1.4
2024-01-06 13:55:32,3.4,1.23
2024-01-06 13:57:59,3.45,1.4
2024-01-06 14:00:24,3.97,2.55
2024-01-06 14:02:50,4.15,2.4
2024-01-06 14:05:19,6.9,3.55
2024-01-06 14:07:46,4.43,2.3
2024-01-06 14:10:17,3.42,2.7
2024-01-06 14:12:46,4.47,2.1
2024-01-06 14:15:11,5.85,2.2
2024-01-06 14:17:37,4.75,2.28
2024-01-06 14:22:34,3.55,1.73
2024-01-06 14:25:02,3.25,1.55
2024-01-06 14:27:31,2.22,1.2
2024-01-06 14:29:56,2.88,1.4
2024-01-06 14:32:24,2.3,1.33
2024-01-06 14:34:55,2.13,1.35
2024-01-06 14:37:23,2.3,1.52
2024-01-06 14:39:49,3.03,2.2
2024-01-06 14:42:14,2.8,1.77
2024-01-06 14:44:44,4.0,1.45
2024-01-06 14:47:09,3.35,2.0
2024-01-06 14:49:35,7.15,2.05
2024-01-06 14:52:01,2.92,1.55
2024-01-06 14:56:56,4.45,1.65
2024-01-06 14:59:23,2.72,1.7
2024-01-06 15:01:49,7.78,1.92
2024-01-06 15:04:14,4.2,2.45
2024-01-06 15:06:43,3.38,1.8
2024-01-06 15:09:11,6.47,2.13
2024-01-06 15:11:39,4.18,1.9
2024-01-06 15:14:07,3.42,1.92
2024-01-06 15:16:33,6.53,2.3
2024-01-06 15:19:04,8.3,2.47
2024-01-06 15:21:29,2.65,1.7
2024-01-06 15:24:00,5.93,2.4
2024-01-06 15:26:26,4.55,2.05
2024-01-06 15:28:51,5.88,2.15
2024-01-06 15:31:17,7.7,2.3
2024-01-06 15:33:42,3.5,2.22
2024-01-06 15:36:10,3.88,2.05
2024-01-06 15:38:36,2.97,1.7
2024-01-06 15:41:02,2.65,1.52
2024-01-06 15:43:27,2.47,1.48
2024-01-06 15:45:53,3.45,1.5
2024-01-06 15:48:19,3.7,1.88
2024-01-06 15:50:45,5.6,2.22
2024-01-06 15:53:13,6.6,3.15
2024-01-06 15:55:39,4.9,2.85
2024-01-06 15:58:05,7.85,4.07
2024-01-06 16:00:31,8.25,3.47
2024-01-06 16:02:57,8.43,3.65
2024-01-06 16:05:24,6.38,2.72
2024-01-06 16:07:50,5.07,2.45
2024-01-06 16:10:21,3.4,1.88
2024-01-06 16:12:47,5.97,1.9
2024-01-06 16:15:13,5.75,1.88
2024-01-06 16:17:38,5.07,2.3
2024-01-06 16:20:05,3.8,2.47
2024-01-06 16:22:34,3.3,2.3
2024-01-06 16:25:00,5.43,2.63
2024-01-06 16:27:25,7.3,2.53
2024-01-06 16:29:51,4.07,2.08
2024-01-06 16:32:19,4.25,2.33
2024-01-06 16:34:46,6.03,2.5
2024-01-06 16:37:12,3.72,2.7
2024-01-06 16:39:38,3.97,2.4
2024-01-06 16:42:04,5.85,2.8
2024-01-06 16:44:30,6.28,2.28
2024-01-06 16:46:55,5.07,2.38
2024-01-06 16:49:23,4.18,2.45
2024-01-06 16:51:51,5.72,2.58
2024-01-06 16:54:19,3.08,2.28
2024-01-06 16:56:46,4.3,2.22
2024-01-06 16:59:12,2.72,1.85
2024-01-06 17:01:38,4.45,2.1
2024-01-06 17:04:03,5.55,2.5
2024-01-06 17:06:31,8.43,1.9
2024-01-06 17:08:57,3.8,1.8
2024-01-06 17:11:25,3.72,2.28
2024-01-06 17:13:53,3.95,2.33
2024-01-06 17:16:20,3.85,1.92
2024-01-06 17:18:46,3.88,2.25
2024-01-06 17:21:11,3.72,2.15
2024-01-06 17:23:41,3.85,1.9
2024-01-06 17:26:07,3.53,1.67
2024-01-06 17:28:32,4.47,2.3
2024-01-06 17:30:58,7.43,2.08
2024-01-06 17:35:50,3.6,1.8
2024-01-06 17:38:16,5.47,2.08
2024-01-06 17:40:42,5.2,2.6
2024-01-06 17:43:07,4.15,1.67
2024-01-06 17:45:37,5.75,1.83
2024-01-06 17:48:06,3.92,1.7
2024-01-06 17:50:32,3.47,1.9
2024-01-06 17:52:58,6.38,2.5
2024-01-06 17:55:26,3.08,1.83
2024-01-06 17:57:54,4.13,2.5
2024-01-06 18:00:19,4.32,1.88
2024-01-06 18:02:45,3.2,2.0
2024-01-06 18:05:14,5.78,1.88
2024-01-06 18:07:40,2.58,1.45
2024-01-06 18:10:06,3.8,1.4
2024-01-06 18:12:34,4.72,1.8
2024-01-06 18:14:59,5.85,1.7
2024-01-06 18:17:27,5.1,1.6
2024-01-06 18:19:56,3.25,1.33
2024-01-06 18:22:23,1.67,1.27
2024-01-06 18:24:49,2.58,1.27
2024-01-06 18:27:17,4.4,1.73
2024-01-06 18:29:43,5.07,1.8
2024-01-06 18:32:11,2.92,1.75
2024-01-06 18:34:36,2.6,1.5
2024-01-06 18:37:02,3.0,1.83
2024-01-06 18:39:28,4.22,2.0
2024-01-06 18:41:53,3.15,1.92
2024-01-06 18:44:20,3.33,1.85
2024-01-06 18:46:45,2.3,1.58
2024-01-06 18:49:11,4.35,1.92
2024-01-06 18:51:36,6.22,2.72
2024-01-06 18:54:03,2.45,1.85
2024-01-06 18:56:30,4.13,1.63
2024-01-06 18:58:55,3.92,1.83
2024-01-06 19:01:21,3.97,1.55
2024-01-06 19:03:46,4.47,1.6
2024-01-06 19:06:11,6.22,1.8
2024-01-06 19:08:37,5.97,2.0
2024-01-06 19:11:02,5.3,1.58
2024-01-06 19:13:28,4.35,1.8
2024-01-06 19:16:00,11.07,2.15
2024-01-06 19:18:26,4.88,1.7
2024-01-06 19:20:51,4.95,2.22
2024-01-06 19:23:16,3.1,2.08
2024-01-06 19:25:42,4.7,2.03
2024-01-06 19:28:07,5.03,1.88
2024-01-06 19:30:33,6.35,1.88
2024-01-06 19:32:59,4.1,1.9
2024-01-06 19:35:25,5.45,1.95
2024-01-06 19:37:50,4.07,2.1
2024-01-06 19:40:16,3.92,2.38
2024-01-06 19:42:43,3.65,1.9
2024-01-06 19:45:14,4.28,2.33
2024-01-06 19:47:40,2.75,1.88
2024-01-06 19:50:05,6.32,2.08
2024-01-06 19:52:33,2.78,1.73
2024-01-06 19:54:59,5.28,1.98
2024-01-06 19:57:31,3.6,2.0
2024-01-06 19:59:56,7.1,2.15
2024-01-06 20:02:23,2.47,1.3
2024-01-06 20:04:51,2.83,1.4
2024-01-06 20:07:19,2.42,1.4
2024-01-06 20:09:45,6.18,1.75
2024-01-06 20:12:12,5.6,1.88
2024-01-06 20:14:38,6.45,1.95
2024-01-06 20:17:06,8.23,2.25
2024-01-06 20:19:37,1.55,1.23
2024-01-06 20:22:03,3.33,1.75
2024-01-06 20:24:31,3.8,1.5
2024-01-06 20:26:59,6.78,1.83
2024-01-06 20:29:25,3.95,1.88
2024-01-06 20:31:50,2.6,1.8
2024-01-06 20:34:19,2.42,1.67
2024-01-06 20:36:44,2.78,1.35
2024-01-06 20:39:09,5.05,1.7
2024-01-06 20:41:37,3.55,1.95
2024-01-06 20:44:05,2.65,1.73
2024-01-06 20:46:30,4.3,1.63
2024-01-06 20:48:56,4.65,2.2
2024-01-06 20:51:21,3.4,2.5
2024-01-06 20:53:50,4.72,2.45
2024-01-06 20:56:15,4.03,2.4
2024-01-06 20:58:43,4.3,1.92
2024-01-06 21:01:09,5.3,2.25
2024-01-06 21:03:35,8.98,2.35
2024-01-06 21:06:03,5.47,2.15
2024-01-06 21:08:29,4.65,2.5
2024-01-06 21:10:55,4.88,2.2
2024-01-06 21:13:22,5.15,2.47
2024-01-06 21:15:48,4.32,2.13
2024-01-06 21:18:15,5.32,2.8
2024-01-06 21:20:41,7.15,2.83
2024-01-06 21:23:09,7.0,2.33
2024-01-06 21:25:36,4.55,2.1
2024-01-06 21:28:02,5.82,1.77
2024-01-06 21:30:30,4.65,1.5
2024-01-06 21:32:59,3.08,1.63
2024-01-06 21:35:27,4.6,1.52
2024-01-06 21:37:55,5.0,2.0
2024-01-06 21:40:22,3.67,1.65
2024-01-06 21:42:49,2.22,1.52
2024-01-06 21:45:15,6.03,2.03
2024-01-06 21:47:40,4.85,1.88
2024-01-06 21:50:06,3.63,2.5
2024-01-06 21:52:33,4.95,2.08
2024-01-06 21:54:58,6.15,2.17
2024-01-06 21:57:24,5.82,2.22
2024-01-06 21:59:49,6.8,2.38
2024-01-06 22:02:14,8.82,2.1
2024-01-06 22:04:45,4.8,2.2
2024-01-06 22:07:10,4.32,2.08
2024-01-06 22:09:35,3.2,2.08
2024-01-06 22:12:03,4.28,2.03
2024-01-06 22:14:29,5.5,2.3
2024-01-06 22:16:56,3.63,2.28
2024-01-06 22:19:22,4.53,1.83
2024-01-06 22:21:47,3.5,1.67
2024-01-06 22:24:13,3.17,1.6
2024-01-06 22:26:38,2.83,1.67
2024-01-06 22:29:03,3.38,1.8
2024-01-06 22:31:32,2.53,1.48
2024-01-06 22:33:57,3.08,1.2
2024-01-06 22:36:23,2.92,1.52
2024-01-06 22:38:49,2.55,1.23
2024-01-06 22:41:14,4.6,1.33
2024-01-06 22:43:40,2.7,1.48
2024-01-06 22:46:06,4.88,1.45
2024-01-06 22:48:34,5.75,1.63
2024-01-06 22:51:00,1.73,1.1
2024-01-06 22:53:31,4.75,1.77
2024-01-06 22:55:56,3.15,1.77
2024-01-06 22:58:26,2.3,1.38
2024-01-06 23:00:52,2.22,1.05
2024-01-06 23:03:17,5.1,1.7
2024-01-06 23:05:45,8.6,1.98
2024-01-06 23:08:13,3.47,1.67
2024-01-06 23:10:39,3.13,1.5
2024-01-06 23:13:04,2.15,1.7
2024-01-06 23:15:30,2.92,1.45
2024-01-06 23:17:55,5.05,1.9
2024-01-06 23:20:23,3.3,1.73
2024-01-06 23:22:51,4.55,1.63
2024-01-06 23:25:19,5.4,1.35
2024-01-06 23:27:45,3.08,1.4
2024-01-06 23:30:10,4.13,1.2
2024-01-06 23:32:39,3.15,0.95
2024-01-06 23:35:04,3.13,1.33
2024-01-06 23:37:32,1.58,0.98
2024-01-06 23:39:58,3.25,1.2
2024-01-06 23:42:23,2.42,1.15
2024-01-06 23:44:53,3.5,1.2
2024-01-06 23:47:22,2.92,1.25
2024-01-06 23:49:49,5.2,1.52
2024-01-06 23:52:15,4.47,1.7
2024-01-06 23:54:40,3.45,1.8
2024-01-06 23:57:06,3.83,1.5
2024-01-06 23:59:34,2.9,1.1
2024-01-07 00:02:03,3.47,1.25
2024-01-07 00:04:28,4.13,1.65
2024-01-07 00:06:54,2.17,1.3
2024-01-07 00:09:19,3.13,1.2
2024-01-07 00:11:45,3.22,1.23
2024-01-07 00:14:12,6.53,1.65
2024-01-07 00:16:40,2.63,1.4
2024-01-07 00:19:08,3.17,1.58
2024-01-07 00:21:33,3.75,1.4
2024-01-07 00:23:59,4.22,1.55
2024-01-07 00:26:25,5.0,2.0
2024-01-07 00:28:50,3.45,1.83
2024-01-07 00:31:16,3.0,1.48
2024-01-07 00:33:41,2.78,1.63
2024-01-07 00:36:07,3.17,1.6
2024-01-07 00:38:32,4.8,2.17
2024-01-07 00:40:57,4.0,2.0
2024-01-07 00:43:23,2.97,1.67
2024-01-07 00:45:48,3.22,1.9
2024-01-07 00:48:14,2.8,1.77
2024-01-07 00:50:40,4.9,2.1
2024-01-07 00:53:08,7.45,3.13
2024-01-07 00:55:33,4.35,2.5
2024-01-07 00:58:00,5.68,2.6
2024-01-07 01:00:26,5.68,2.6
2024-01-07 01:02:53,7.5,3.13
2024-01-07 01:05:21,7.4,2.7
2024-01-07 01:07:47,5.63,2.67
2024-01-07 01:10:15,4.28,2.85
2024-01-07 01:12:42,6.2,3.5
2024-01-07 01:15:08,5.15,3.1
2024-01-07 01:17:36,5.4,3.05
2024-01-07 01:20:04,6.18,3.2
2024-01-07 01:22:30,6.57,2.95
2024-01-07 01:24:55,6.88,3.15
2024-01-07 01:27:21,5.7,3.22
2024-01-07 01:29:47,6.4,2.85
2024-01-07 01:32:14,4.13,3.08
2024-01-07 01:34:40,7.7,3.65
2024-01-07 01:37:07,5.57,2.95
2024-01-07 01:39:33,6.22,3.8
2024-01-07 01:41:59,5.68,3.28
2024-01-07 01:44:24,6.18,3.65
2024-01-07 01:46:52,10.3,4.05
2024-01-07 01:49:17,7.2,4.0
2024-01-07 01:51:43,6.25,3.33
2024-01-07 01:54:09,7.2,4.1
2024-01-07 01:56:35,6.4,3.67
2024-01-07 01:59:02,7.57,3.72
2024-01-07 02:01:28,7.5,3.8
2024-01-07 02:03:59,5.78,3.2
2024-01-07 02:06:24,7.1,3.17
2024-01-07 02:08:51,5.68,3.3
2024-01-07 02:11:17,9.23,4.0
2024-01-07 02:13:44,6.63,3.9
2024-01-07 02:16:09,9.02,4.13
2024-01-07 02:18:35,8.5,4.82
2024-01-07 02:21:02,10.02,4.75
2024-01-07 02:23:28,9.05,4.28
2024-01-07 02:26:00,6.38,3.9
2024-01-07 02:28:26,6.22,3.88
2024-01-07 02:30:54,7.28,3.9
2024-01-07 02:33:22,7.68,3.88
2024-01-07 02:35:50,8.52,4.93
2024-01-07 02:38:18,8.07,3.72
2024-01-07 02:40:43,8.02,4.0
2024-01-07 02:43:09,7.97,3.92
2024-01-07 02:45:39,10.02,4.13
2024-01-07 02:48:07,8.3,4.1
2024-01-07 02:50:32,8.73,4.5
2024-01-07 02:52:58,9.13,4.18
2024-01-07 02:55:23,7.0,4.2
2024-01-07 02:57:49,6.05,3.22
2024-01-07 03:00:14,8.82,3.45
2024-01-07 03:02:40,8.82,3.7
2024-01-07 03:05:05,5.0,3.08
2024-01-07 03:07:31,6.57,3.75
2024-01-07 03:09:56,8.1,3.42
2024-01-07 03:12:22,6.3,4.0
2024-01-07 03:14:47,4.28,3.17
2024-01-07 03:17:13,5.18,2.95
2024-01-07 03:19:40,6.53,2.9
2024-01-07 03:22:06,4.8,3.1
2024-01-07 03:24:32,7.63,3.97
2024-01-07 03:27:00,5.07,2.95
2024-01-07 03:29:25,6.93,3.33
2024-01-07 03:31:50,9.63,3.53
2024-01-07 03:34:17,7.55,3.33
2024-01-07 03:36:43,6.0,3.1
2024-01-07 03:39:08,5.0,3.1
2024-01-07 03:41:34,7.9,3.17
2024-01-07 03:43:59,6.28,2.38
2024-01-07 03:46:33,7.28,3.63
2024-01-07 03:48:59,7.78,3.58
2024-01-07 03:51:24,5.1,3.1
2024-01-07 03:53:49,6.72,3.35
2024-01-07 03:56:15,8.0,2.75
2024-01-07 03:58:45,7.45,3.67
2024-01-07 04:01:15,7.55,3.95
2024-01-07 04:06:10,6.57,3.4
2024-01-07 04:08:38,5.65,3.5
2024-01-07 04:11:08,6.1,3.03
2024-01-07 04:13:33,8.38,4.2
2024-01-07 04:16:01,5.45,3.35
2024-01-07 04:18:31,8.88,4.2
2024-01-07 04:21:00,7.13,4.1
2024-01-07 04:23:27,6.63,3.75
2024-01-07 04:25:55,9.75,4.03
2024-01-07 04:28:25,6.97,4.6
2024-01-07 04:30:50,7.13,4.18
2024-01-07 04:33:16,9.55,4.45
2024-01-07 04:35:41,7.9,4.05
2024-01-07 04:38:06,8.75,4.65
2024-01-07 04:40:33,5.43,3.25
2024-01-07 04:42:58,7.97,3.78
2024-01-07 04:45:27,10.18,4.18
2024-01-07 04:47:53,7.2,3.5
2024-01-07 04:50:18,5.75,3.53
2024-01-07 04:52:45,6.25,3.45
2024-01-07 04:57:39,5.22,3.3
2024-01-07 05:00:07,6.82,3.72
2024-01-07 05:02:33,5.28,3.25
2024-01-07 05:04:58,5.75,3.58
2024-01-07 05:07:23,4.8,2.5
2024-01-07 05:09:49,6.8,3.8
2024-01-07 05:12:17,8.35,3.22
2024-01-07 05:14:45,7.53,3.3
2024-01-07 05:17:11,8.23,3.25
2024-01-07 05:19:39,8.0,3.53
2024-01-07 05:22:08,5.8,3.0
2024-01-07 05:24:33,7.25,3.9
2024-01-07 05:26:58,9.8,4.2
2024-01-07 05:29:27,12.7,3.92
2024-01-07 05:31:52,11.4,6.22
2024-01-07 05:34:20,9.73,6.57
2024-01-07 05:36:45,12.35,5.68
2024-01-07 05:39:13,11.63,7.65
2024-01-07 05:41:40,12.63,7.3
2024-01-07 05:44:06,10.68,6.72
2024-01-07 05:46:35,11.25,8.1
2024-01-07 05:49:08,12.18,8.52
2024-01-07 05:51:38,14.05,7.4
2024-01-07 05:54:06,12.63,8.3
2024-01-07 05:56:40,14.1,10.3
2024-01-07 05:59:06,13.15,8.45
2024-01-07 06:01:36,15.3,9.45
2024-01-07 06:04:02,12.75,9.27
2024-01-07 06:06:27,15.15,10.32
2024-01-07 06:08:55,13.52,8.45
2024-01-07 06:11:23,14.48,9.02
2024-01-07 06:13:53,14.63,7.97
2024-01-07 06:16:18,14.0,8.63
2024-01-07 06:18:46,11.77,7.1
2024-01-07 06:21:11,16.5,11.07
2024-01-07 06:23:37,13.3,7.93
2024-01-07 06:26:05,16.95,10.45
2024-01-07 06:28:31,14.55,10.18
2024-01-07 06:31:02,13.1,8.57
2024-01-07 06:33:28,16.77,10.77
2024-01-07 06:35:53,15.7,10.77
2024-01-07 06:38:18,16.35,10.0
2024-01-07 06:40:44,25.55,9.68
2024-01-07 06:43:09,15.93,10.05
2024-01-07 06:45:35,15.73,10.25
2024-01-07 06:48:03,14.15,10.7
2024-01-07 06:50:29,15.2,9.82
2024-01-07 06:52:54,16.23,10.52
2024-01-07 06:55:22,16.0,9.95
2024-01-07 06:57:47,18.48,12.15
2024-01-07 07:00:12,17.0,11.57
2024-01-07 07:02:39,17.42,11.05
2024-01-07 07:05:04,19.77,10.65
2024-01-07 07:07:32,16.85,10.3
2024-01-07 07:09:57,18.55,10.9
2024-01-07 07:12:23,16.15,9.85
2024-01-07 07:14:48,16.1,10.93
2024-01-07 07:17:14,15.8,10.55
2024-01-07 07:19:42,19.13,11.55
2024-01-07 07:22:08,18.02,11.45
2024-01-07 07:24:33,17.95,11.95
2024-01-07 07:26:58,18.08,10.75
2024-01-07 07:29:24,17.73,12.77
2024-01-07 07:31:49,15.8,10.82
2024-01-07 07:34:15,16.85,11.48
2024-01-07 07:36:40,18.25,10.05
2024-01-07 07:39:08,24.05,14.13
2024-01-07 07:41:39,22.52,11.5
2024-01-07 07:44:07,18.0,11.43
2024-01-07 07:46:35,20.08,11.85
2024-01-07 07:49:01,19.15,11.05
2024-01-07 07:51:26,17.98,10.43
2024-01-07 07:53:52,22.63,15.1
2024-01-07 07:56:21,22.4,13.3
2024-01-07 07:58:49,21.65,13.38
2024-01-07 08:01:14,23.42,12.2
2024-01-07 08:03:42,22.85,14.4
2024-01-07 08:06:15,24.4,14.05
2024-01-07 08:08:40,22.65,13.55
2024-01-07 08:11:08,19.4,11.75
2024-01-07 08:13:34,21.4,12.2
2024-01-07 08:18:28,25.47,14.17
2024-01-07 08:20:53,24.27,14.98
2024-01-07 08:23:21,21.27,15.23
2024-01-07 08:25:50,24.77,14.52
2024-01-07 08:28:16,25.2,16.9
2024-01-07 08:30:42,26.42,15.88
2024-01-07 08:33:10,25.0,15.73
2024-01-07 08:35:38,27.95,16.73
2024-01-07 08:38:06,23.9,16.27
2024-01-07 08:40:31,23.5,14.45
2024-01-07 08:42:57,24.0,14.2
2024-01-07 08:45:22,24.27,14.18
2024-01-07 08:47:50,21.45,13.5
2024-01-07 08:50:15,23.88,14.13
2024-01-07 08:52:41,22.4,13.3
2024-01-07 08:55:06,26.42,14.75
2024-01-07 08:57:37,21.5,13.45
2024-01-07 09:00:03,24.7,14.48
2024-01-07 09:02:30,23.02,14.0
2024-01-07 09:04:57,24.95,15.7
2024-01-07 09:07:23,25.75,15.18
2024-01-07 09:09:48,21.75,12.18
2024-01-07 09:12:14,21.02,12.7
2024-01-07 09:14:42,21.7,13.68
2024-01-07 09:17:07,19.98,13.6
2024-01-07 09:19:35,23.63,15.15
2024-01-07 09:22:01,23.0,14.48
2024-01-07 09:24:27,21.75,13.05
2024-01-07 09:26:52,19.75,11.95
2024-01-07 09:29:18,20.6,13.13
2024-01-07 09:31:43,21.15,15.6
2024-01-07 09:34:08,18.83,11.77
2024-01-07 09:36:34,24.73,15.48
2024-01-07 09:41:26,22.75,14.07
2024-01-07 09:43:54,25.27,14.0
2024-01-07 09:46:25,23.88,13.88
2024-01-07 09:48:57,27.65,17.05
2024-01-07 09:51:22,22.8,13.75
2024-01-07 09:53:51,21.95,13.27
2024-01-07 09:56:27,23.02,12.88
2024-01-07 09:59:00,22.73,12.8
2024-01-07 10:01:26,21.88,14.15
2024-01-07 10:03:52,21.88,13.85
2024-01-07 10:06:18,20.15,11.75
2024-01-07 10:08:44,21.13,13.05
2024-01-07 10:11:09,23.3,14.95
2024-01-07 10:13:35,21.08,14.27
2024-01-07 10:16:00,22.77,14.73
2024-01-07 10:18:26,22.23,13.68
2024-01-07 10:20:52,24.23,14.73
2024-01-07 10:23:20,24.98,14.35
2024-01-07 10:25:48,22.52,15.25
2024-01-07 10:28:16,21.1,12.32
2024-01-07 10:30:46,22.2,13.4
2024-01-07 10:33:13,23.73,14.38
2024-01-07 10:35:42,23.15,13.13
2024-01-07 10:38:19,22.08,12.7
2024-01-07 10:40:49,22.92,13.85
2024-01-07 10:43:17,22.45,13.45
2024-01-07 10:45:44,21.58,14.5
2024-01-07 10:48:18,20.88,14.27
2024-01-07 10:50:45,19.88,12.77
2024-01-07 10:53:17,22.2,14.3
2024-01-07 10:55:52,20.35,12.82
2024-01-07 10:58:24,20.95,12.77
2024-01-07 11:06:08,29.58,18.52
2024-01-07 11:08:36,29.15,16.4
2024-01-07 11:11:07,25.65,16.7
2024-01-07 11:13:39,30.63,18.3
2024-01-07 11:16:05,27.88,14.25
2024-01-07 11:18:37,29.85,18.38
2024-01-07 11:21:11,29.4,18.33
2024-01-07 11:23:45,28.4,16.75
2024-01-07 11:26:13,26.42,14.8
2024-01-07 11:28:42,30.13,18.05
2024-01-07 11:31:10,31.48,18.55
2024-01-07 11:33:36,29.15,17.1
2024-01-07 11:36:06,29.75,17.55
2024-01-07 11:38:34,31.05,18.25
2024-01-07 11:41:02,27.2,15.65
2024-01-07 11:43:35,24.25,13.07
2024-01-07 11:46:00,24.1,13.27
2024-01-07 11:48:26,25.15,13.98
2024-01-07 11:50:52,26.65,15.15
2024-01-07 11:53:17,26.15,15.6
2024-01-07 11:55:46,22.67,13.88
2024-01-07 11:58:12,24.65,17.38
2024-01-07 12:00:37,21.33,12.35
2024-01-07 12:03:10,24.77,13.55
2024-01-07 12:05:37,23.6,15.23
2024-01-07 12:08:02,24.0,14.68
2024-01-07 12:10:28,25.6,15.2
2024-01-07 12:12:54,27.6,15.48
2024-01-07 12:15:19,25.1,15.13
2024-01-07 12:17:56,30.15,17.5
2024-01-07 12:20:26,25.67,14.18
2024-01-07 12:22:57,27.25,14.93
2024-01-07 12:27:57,32.0,16.33
2024-01-07 12:30:26,29.38,18.33
2024-01-07 12:32:52,27.63,16.15
2024-01-07 12:35:18,33.13,18.15
2024-01-07 12:37:43,30.1,18.77
2024-01-07 12:40:09,31.75,19.5
2024-01-07 12:42:37,27.48,15.48
2024-01-07 12:45:05,27.92,16.9
2024-01-07 12:47:31,19.63,11.57
2024-01-07 12:49:57,21.92,11.68
2024-01-07 12:52:26,19.2,12.32
2024-01-07 12:54:54,21.92,12.63
2024-01-07 12:57:21,20.05,13.95
2024-01-07 12:59:49,21.7,12.8
2024-01-07 13:02:15,21.92,12.32
2024-01-07 13:04:40,23.2,15.52
2024-01-07 13:07:05,25.6,13.6
2024-01-07 13:09:33,24.85,15.45
2024-01-07 13:11:58,26.55,13.73
2024-01-07 13:14:24,23.35,13.98
2024-01-07 13:16:50,28.58,16.5
2024-01-07 13:19:15,25.42,16.5
2024-01-07 13:21:43,28.63,15.32
2024-01-07 13:24:10,20.35,12.15
2024-01-07 13:26:35,25.5,15.52
2024-01-07 13:29:00,29.6,14.73
2024-01-07 13:31:26,23.25,14.93
2024-01-07 13:33:54,23.35,14.13
2024-01-07 13:36:19,23.98,13.8
2024-01-07 13:38:47,21.85,11.45
2024-01-07 13:41:15,22.0,13.65
2024-01-07 13:43:48,20.25,13.38
2024-01-07 13:46:16,19.77,14.77
2024-01-07 13:48:44,24.3,15.8
2024-01-07 13:51:09,24.4,14.07
2024-01-07 13:53:35,32.15,18.5
2024-01-07 13:56:00,29.38,20.05
2024-01-07 13:58:28,34.72,23.23
2024-01-07 14:00:54,50.4,26.0
2024-01-07 14:03:19,57.25,32.15
2024-01-07 14:05:45,22.35,13.85
2024-01-07 14:08:11,25.65,18.2
2024-01-07 14:10:36,24.63,14.82
2024-01-07 14:13:02,22.35,14.75
2024-01-07 14:15:27,22.13,13.02
2024-01-07 14:17:53,23.77,14.3
2024-01-07 14:20:21,20.0,12.93
2024-01-07 14:22:49,22.27,13.9
2024-01-07 14:25:14,25.15,16.48
2024-01-07 14:27:45,21.38,12.45
2024-01-07 14:30:10,22.6,16.7
2024-01-07 14:32:38,22.6,13.3
2024-01-07 14:35:04,23.48,15.07
2024-01-07 14:37:30,23.5,15.15
2024-01-07 14:39:55,25.7,13.45
2024-01-07 14:42:21,25.02,16.27
2024-01-07 14:44:48,22.65,14.15
2024-01-07 14:47:15,25.08,14.9
2024-01-07 14:49:40,24.63,14.4
2024-01-07 14:52:06,24.2,13.25
2024-01-07 14:54:34,23.05,12.68
2024-01-07 14:59:26,23.67,14.47
2024-01-07 15:01:51,22.73,16.4
2024-01-07 15:04:19,22.13,13.9
2024-01-07 15:06:47,21.52,12.93
2024-01-07 15:09:14,24.67,17.88
2024-01-07 15:11:44,19.7,11.65
2024-01-07 15:14:13,21.45,13.48
2024-01-07 15:16:41,20.33,13.15
2024-01-07 15:19:07,23.13,13.68
2024-01-07 15:21:33,20.67,12.68
2024-01-07 15:23:58,17.3,11.2
2024-01-07 15:26:24,19.73,13.4
2024-01-07 15:28:51,20.02,14.85
2024-01-07 15:31:19,22.45,16.02
2024-01-07 15:33:48,21.5,13.5
2024-01-07 15:36:13,19.88,12.88
2024-01-07 15:38:39,17.08,11.07
2024-01-07 15:41:04,21.0,12.8
2024-01-07 15:43:32,19.67,13.25
2024-01-07 15:46:00,18.23,11.98
2024-01-07 15:48:27,18.55,12.95
2024-01-07 15:50:52,18.7,12.9
2024-01-07 15:53:17,20.08,11.02
2024-01-07 15:55:45,17.98,10.45
2024-01-07 15:58:14,20.4,12.52
2024-01-07 16:00:40,22.15,11.63
2024-01-07 16:03:05,21.23,14.32
2024-01-07 16:05:33,24.58,15.32
2024-01-07 16:07:59,20.83,12.68
2024-01-07 16:10:24,22.17,13.77
2024-01-07 16:12:50,23.05,13.77
2024-01-07 16:15:15,27.52,16.98
2024-01-07 16:17:40,24.92,14.38
2024-01-07 16:20:07,26.3,15.77
2024-01-07 16:22:41,22.92,11.85
2024-01-07 16:25:09,26.98,14.1
2024-01-07 16:27:37,26.42,14.98
2024-01-07 16:30:02,31.55,16.15
2024-01-07 16:32:29,27.27,14.13
2024-01-07 16:34:54,22.08,14.05
2024-01-07 16:37:20,24.6,15.02
2024-01-07 16:39:46,25.23,14.05
2024-01-07 16:42:11,21.88,13.3
2024-01-07 16:44:37,18.67,11.68
2024-01-07 16:47:04,21.8,12.43
2024-01-07 16:49:33,19.48,12.05
2024-01-07 16:52:02,18.0,10.7
2024-01-07 16:54:28,18.52,11.25
2024-01-07 16:56:53,21.3,13.2
2024-01-07 16:59:25,17.45,11.85
2024-01-07 17:01:50,15.32,10.57
2024-01-07 17:04:16,19.45,11.5
2024-01-07 17:06:41,19.33,9.65
2024-01-07 17:09:07,17.05,11.7
2024-01-07 17:11:34,14.32,11.63
2024-01-07 17:13:59,18.33,11.38
2024-01-07 17:16:25,14.23,8.9
2024-01-07 17:18:53,15.48,9.85
2024-01-07 17:21:21,13.0,7.03
2024-01-07 17:23:46,12.45,5.38
2024-01-07 17:26:17,9.32,6.1
2024-01-07 17:28:43,9.68,6.25
2024-01-07 17:31:09,12.4,8.05
2024-01-07 17:33:35,12.23,7.8
2024-01-07 17:36:01,10.23,6.22
2024-01-07 17:38:31,13.88,9.02
2024-01-07 17:40:59,14.7,6.4
2024-01-07 17:43:25,14.25,9.27
2024-01-07 17:45:52,11.48,8.13
2024-01-07 17:48:23,13.6,8.07
2024-01-07 17:50:48,12.8,7.38
2024-01-07 17:53:24,8.77,6.53
2024-01-07 17:55:50,7.75,5.35
2024-01-07 17:58:15,12.65,5.5
2024-01-07 18:00:43,7.15,4.45
2024-01-07 18:03:09,5.95,4.57
2024-01-07 18:05:37,11.15,7.82
2024-01-07 18:08:03,10.25,8.18
2024-01-07 18:10:29,11.18,9.7
2024-01-07 18:12:54,15.85,12.55
2024-01-07 18:15:22,6.07,4.53
2024-01-07 18:17:48,6.43,4.57
2024-01-07 18:20:17,8.05,5.53
2024-01-07 18:22:45,8.5,5.28
2024-01-07 18:25:11,6.32,5.07
2024-01-07 18:27:36,7.75,5.75
2024-01-07 18:30:02,6.18,4.57
2024-01-07 18:32:28,4.75,4.2
2024-01-07 18:34:53,4.32,3.2
2024-01-07 18:37:19,5.35,3.97
2024-01-07 18:39:48,5.9,4.25
2024-01-07 18:42:13,6.82,5.13
2024-01-07 18:44:39,5.13,4.13
2024-01-07 18:47:04,6.88,4.45
2024-01-07 18:49:30,5.45,3.78
2024-01-07 18:51:57,7.82,4.15
2024-01-07 18:54:23,8.32,4.82
2024-01-07 18:56:48,5.97,4.07
2024-01-07 18:59:16,5.97,4.07
2024-01-07 19:01:43,4.9,3.25
2024-01-07 19:04:08,4.65,4.03
2024-01-07 19:06:34,5.75,3.63
2024-01-07 19:09:05,5.18,3.92
2024-01-07 19:11:31,5.93,3.22
2024-01-07 19:14:01,4.32,2.6
2024-01-07 19:16:29,5.6,4.13
2024-01-07 19:18:57,12.4,7.2
2024-01-07 19:21:25,4.95,3.8
2024-01-07 19:23:54,6.57,4.22
2024-01-07 19:26:25,5.9,3.8
2024-01-07 19:28:53,6.13,3.2
2024-01-07 19:31:19,5.0,3.22
2024-01-07 19:33:47,5.9,3.45
2024-01-07 19:36:12,3.67,2.53
2024-01-07 19:38:37,3.1,2.72
2024-01-07 19:41:08,7.13,3.2
2024-01-07 19:43:33,4.57,3.35
2024-01-07 19:46:00,5.28,3.35
2024-01-07 19:48:26,4.88,3.2
2024-01-07 19:50:54,6.1,3.17
2024-01-07 19:53:20,5.63,2.6
2024-01-07 19:55:48,3.67,2.83
2024-01-07 19:58:16,5.03,3.1
2024-01-07 20:00:46,3.75,2.72
2024-01-07 20:03:13,5.32,3.7
2024-01-07 20:05:41,5.43,2.97
2024-01-07 20:08:11,6.28,3.85
2024-01-07 20:10:36,5.22,3.53
2024-01-07 20:13:01,3.45,2.95
2024-01-07 20:15:27,5.15,3.67
2024-01-07 20:17:53,5.72,3.53
2024-01-07 20:20:18,4.82,2.67
2024-01-07 20:22:44,3.9,3.1
2024-01-07 20:25:09,5.32,2.95
2024-01-07 20:27:35,3.75,2.55
2024-01-07 20:30:03,5.82,2.4
2024-01-07 20:32:38,4.38,2.88
2024-01-07 20:35:08,5.25,3.28
2024-01-07 20:37:40,4.5,3.05
2024-01-07 20:40:09,6.68,3.92
2024-01-07 20:42:36,4.7,3.28
2024-01-07 20:45:09,5.78,3.75
2024-01-07 20:47:35,6.22,4.1
2024-01-07 20:50:02,5.85,3.67
2024-01-07 20:52:28,5.97,3.67
2024-01-07 20:54:56,5.07,3.63
2024-01-07 20:57:21,5.22,3.97
2024-01-07 20:59:47,7.18,4.0
2024-01-07 21:02:12,9.43,3.65
2024-01-07 21:04:43,6.9,3.88
2024-01-07 21:07:09,5.1,3.2
2024-01-07 21:09:35,6.32,3.63
2024-01-07 21:12:00,4.43,3.22
2024-01-07 21:14:26,4.8,2.85
2024-01-07 21:16:51,4.82,2.88
2024-01-07 21:19:16,6.03,3.13
2024-01-07 21:21:42,6.38,3.4
2024-01-07 21:24:07,8.1,4.18
2024-01-07 21:26:33,5.93,3.47
2024-01-07 21:29:02,4.65,2.83
2024-01-07 21:31:28,6.43,3.75
2024-01-07 21:33:56,6.5,3.2
2024-01-07 21:36:21,4.95,3.4
2024-01-07 21:38:49,5.15,3.63
2024-01-07 21:41:14,10.8,5.82
2024-01-07 21:43:40,6.6,3.8
2024-01-07 21:46:05,7.7,3.38
2024-01-07 21:48:35,8.07,4.03
2024-01-07 21:51:05,6.03,3.08
2024-01-07 21:53:32,5.88,4.1
2024-01-07 21:56:00,6.85,3.7
2024-01-07 21:58:29,5.22,3.58
2024-01-07 22:00:56,10.23,3.63
2024-01-07 22:03:21,7.47,3.85
2024-01-07 22:05:49,4.25,3.1
2024-01-07 22:08:14,7.13,3.33
2024-01-07 22:10:40,7.03,4.57
2024-01-07 22:13:06,10.38,4.8
2024-01-07 22:15:34,6.3,4.13
2024-01-07 22:17:59,6.05,4.15
2024-01-07 22:20:25,9.4,4.13
2024-01-07 22:22:50,10.13,4.97
2024-01-07 22:25:22,7.43,4.28
2024-01-07 22:27:47,7.8,5.07
2024-01-07 22:30:13,7.32,4.65
2024-01-07 22:32:38,7.32,4.82
2024-01-07 22:35:04,8.05,4.32
2024-01-07 22:37:32,5.88,4.2
2024-01-07 22:39:58,9.32,5.57
2024-01-07 22:42:28,9.5,4.93
2024-01-07 22:44:53,9.65,5.22
2024-01-07 22:47:19,11.45,5.43
2024-01-07 22:49:44,6.68,4.45
2024-01-07 22:52:10,9.73,5.1
2024-01-07 22:54:38,8.18,5.53
2024-01-07 22:57:04,9.63,6.13
2024-01-07 22:59:31,9.98,5.25
2024-01-07 23:01:57,10.7,5.95
2024-01-07 23:04:25,7.32,4.65
2024-01-07 23:06:52,13.8,6.03
2024-01-07 23:09:20,8.52,5.28
2024-01-07 23:11:46,9.13,4.95
2024-01-07 23:14:14,8.4,5.6
2024-01-07 23:16:39,8.77,5.15
2024-01-07 23:19:05,7.53,4.9
2024-01-07 23:21:33,9.68,5.47
2024-01-07 23:23:58,8.57,4.88
2024-01-07 23:26:23,10.68,6.63
2024-01-07 23:28:51,7.6,4.5
2024-01-07 23:31:17,8.1,4.82
2024-01-07 23:33:45,11.82,6.38
2024-01-07 23:36:10,13.65,6.4
2024-01-07 23:38:36,9.52,5.63
2024-01-07 23:41:07,8.27,5.32
2024-01-07 23:43:33,9.0,4.93
2024-01-07 23:45:58,8.25,4.7
2024-01-07 23:48:24,10.18,5.78
2024-01-07 23:50:52,9.45,4.95
2024-01-07 23:53:20,10.38,5.68
2024-01-07 23:55:45,8.8,4.38
2024-01-07 23:58:16,9.68,5.22
2024-01-08 00:00:41,6.3,4.4
2024-01-08 00:03:07,7.9,4.45
2024-01-08 00:05:36,8.57,4.1
2024-01-08 00:10:34,7.85,4.55
2024-01-08 00:13:01,8.68,5.07
2024-01-08 00:15:27,6.97,4.13
2024-01-08 00:17:54,10.32,4.63
2024-01-08 00:20:20,8.0,3.83
2024-01-08 00:22:48,6.47,3.88
2024-01-08 00:25:13,8.13,4.2
2024-01-08 00:27:39,6.45,3.8
2024-01-08 00:30:04,6.6,3.9
2024-01-08 00:32:30,7.78,3.5
2024-01-08 00:34:55,7.45,2.88
2024-01-08 00:37:21,6.1,2.97
2024-01-08 00:39:48,5.88,3.45
2024-01-08 00:42:14,7.2,3.38
2024-01-08 00:44:42,6.53,3.65
2024-01-08 00:47:07,3.72,2.58
2024-01-08 00:49:32,6.57,3.75
2024-01-08 00:52:00,5.53,2.83
2024-01-08 00:54:25,5.88,3.33
2024-01-08 00:56:55,4.9,2.95
2024-01-08 00:59:21,4.2,2.95
2024-01-08 01:01:46,4.97,3.5
2024-01-08 01:04:12,4.9,2.38
2024-01-08 01:06:37,3.8,2.85
2024-01-08 01:09:02,5.78,3.45
2024-01-08 01:11:33,4.75,3.2
2024-01-08 01:13:58,6.22,3.7
2024-01-08 01:16:24,5.18,2.42
2024-01-08 01:18:54,6.93,2.63
2024-01-08 01:21:20,5.82,3.75
2024-01-08 01:23:49,3.85,2.42
2024-01-08 01:26:20,5.63,2.92
2024-01-08 01:28:46,6.3,3.5
2024-01-08 01:31:12,4.97,2.85
2024-01-08 01:33:38,6.75,3.4
2024-01-08 01:36:04,6.6,3.53
2024-01-08 01:40:56,6.85,3.4
2024-01-08 01:43:26,5.97,3.53
2024-01-08 01:45:55,6.55,4.03
2024-01-08 01:48:29,7.88,3.8
2024-01-08 01:50:55,7.3,3.95
2024-01-08 01:53:21,7.32,3.55
2024-01-08 01:55:47,6.6,3.65
2024-01-08 01:58:13,7.43,4.5
2024-01-08 02:03:08,6.7,3.67
2024-01-08 02:08:03,7.68,4.68
2024-01-08 02:10:29,7.45,4.4
2024-01-08 02:12:55,8.8,4.25
2024-01-08 02:15:24,7.1,4.18
2024-01-08 02:17:52,7.13,3.7
2024-01-08 02:20:17,7.63,4.75
2024-01-08 02:22:45,5.93,4.43
2024-01-08 02:25:10,9.38,5.0
2024-01-08 02:27:37,6.97,4.38
2024-01-08 02:30:10,9.35,5.5
2024-01-08 02:32:35,8.63,4.72
2024-01-08 02:35:01,6.47,4.63
2024-01-08 02:37:26,9.93,4.9
2024-01-08 02:39:51,6.65,4.68
2024-01-08 02:42:17,8.23,4.72
2024-01-08 02:44:43,8.02,4.78
2024-01-08 02:47:09,8.88,4.68
2024-01-08 02:49:34,6.03,4.43
2024-01-08 02:52:00,6.7,3.83
2024-01-08 02:54:25,7.0,4.3
2024-01-08 02:56:51,6.25,4.03
2024-01-08 02:59:17,7.63,3.67
2024-01-08 03:01:44,9.32,4.82
2024-01-08 03:04:10,7.13,4.28
2024-01-08 03:06:37,5.6,4.05
2024-01-08 03:09:02,6.18,3.83
2024-01-08 03:11:27,6.07,4.32
2024-01-08 03:13:54,5.0,3.55
2024-01-08 03:16:19,4.15,2.2
2024-01-08 03:18:44,4.82,3.15
2024-01-08 03:21:12,5.15,3.2
2024-01-08 03:23:38,5.97,3.55
2024-01-08 03:26:04,7.4,4.72
2024-01-08 03:28:33,5.82,3.85
2024-01-08 03:30:59,7.35,4.18
2024-01-08 03:33:25,9.2,4.45
2024-01-08 03:35:55,6.45,4.4
2024-01-08 03:38:23,5.95,4.4
2024-01-08 03:40:51,5.18,3.0
2024-01-08 03:43:16,6.4,4.05
2024-01-08 03:45:41,13.1,3.95
2024-01-08 03:48:09,6.9,4.45
2024-01-08 03:50:34,5.25,3.72
2024-01-08 03:53:00,4.78,3.33
2024-01-08 03:55:28,6.63,4.72
2024-01-08 03:57:55,4.68,3.25
2024-01-08 04:00:21,6.75,3.03
2024-01-08 04:02:46,4.25,2.63
2024-01-08 04:05:11,4.57,3.75
2024-01-08 04:07:37,6.6,4.2
2024-01-08 04:10:03,7.7,4.0
2024-01-08 04:14:55,6.05,2.92
2024-01-08 04:17:23,4.03,3.03
2024-01-08 04:19:50,4.6,3.05
2024-01-08 04:22:15,7.38,3.8
2024-01-08 04:24:41,5.4,3.2
2024-01-08 04:27:07,7.1,3.95
2024-01-08 04:29:32,5.9,3.4
2024-01-08 04:31:57,6.03,3.83
2024-01-08 04:34:26,5.38,3.55
2024-01-08 04:36:52,6.43,4.45
2024-01-08 04:39:20,8.23,5.13
2024-01-08 04:41:45,6.75,4.07
2024-01-08 04:44:10,6.9,4.32
2024-01-08 04:46:36,8.9,4.95
2024-01-08 04:49:04,6.57,5.03
2024-01-08 04:51:30,5.7,4.6
2024-01-08 04:53:55,7.38,5.25
2024-01-08 04:56:24,5.65,3.3
2024-01-08 04:58:53,7.13,4.45
2024-01-08 05:01:20,5.0,3.83
2024-01-08 05:03:45,4.93,4.03
2024-01-08 05:06:13,5.78,3.67
2024-01-08 05:08:39,5.35,4.47
2024-01-08 05:11:05,7.07,3.97
2024-01-08 05:13:35,5.97,4.82
2024-01-08 05:16:01,6.65,5.2
2024-01-08 05:18:27,5.18,4.0
2024-01-08 05:20:53,6.22,4.03
2024-01-08 05:23:18,6.82,4.9
2024-01-08 05:25:44,7.32,4.95
2024-01-08 05:28:09,5.63,3.5
2024-01-08 05:30:37,5.7,4.75
2024-01-08 05:33:03,7.88,4.93
2024-01-08 05:35:30,6.47,5.1
2024-01-08 05:37:56,6.25,4.05
2024-01-08 05:40:24,6.45,5.07
2024-01-08 05:42:49,7.72,4.8
2024-01-08 05:45:14,6.78,4.45
2024-01-08 05:47:40,8.82,5.2
2024-01-08 05:50:09,7.28,3.75
2024-01-08 05:52:37,6.75,5.07
2024-01-08 05:55:03,10.23,5.7
2024-01-08 05:57:29,9.88,6.3
2024-01-08 05:59:54,8.25,5.07
2024-01-08 06:02:20,8.57,5.55
2024-01-08 06:04:48,7.22,3.78
2024-01-08 06:07:13,7.95,6.2
2024-01-08 06:09:38,6.75,4.3
2024-01-08 06:12:04,8.2,5.4
2024-01-08 06:14:31,6.88,4.3
2024-01-08 06:16:57,5.97,3.6
2024-01-08 06:19:25,8.38,4.72
2024-01-08 06:21:50,8.4,3.85
2024-01-08 06:24:18,6.13,4.3
2024-01-08 06:26:45,7.35,4.6
2024-01-08 06:29:14,7.88,5.25
2024-01-08 06:31:41,7.32,4.95
2024-01-08 06:34:07,8.45,5.7
2024-01-08 06:36:37,7.63,4.6
2024-01-08 06:39:04,7.88,5.3
2024-01-08 06:41:29,6.88,5.1
2024-01-08 06:43:55,7.6,4.68
2024-01-08 06:46:21,6.63,4.78
2024-01-08 06:48:47,7.82,5.2
2024-01-08 06:51:12,8.27,4.15
2024-01-08 06:53:37,7.1,4.22
2024-01-08 06:56:03,7.15,5.85
2024-01-08 06:58:29,7.95,5.53
2024-01-08 07:00:54,8.45,5.15
2024-01-08 07:03:20,10.68,5.6
2024-01-08 07:05:50,8.1,4.53
2024-01-08 07:08:18,7.8,4.93
2024-01-08 07:10:43,10.38,5.38
2024-01-08 07:13:12,5.97,3.55
2024-01-08 07:15:40,7.43,4.0
2024-01-08 07:18:11,6.53,3.2
2024-01-08 07:20:40,7.6,4.88
2024-01-08 07:23:09,7.32,4.95
2024-01-08 07:25:41,6.88,4.82
2024-01-08 07:28:10,7.32,4.57
2024-01-08 07:30:39,7.22,4.18
2024-01-08 07:33:06,6.2,3.5
2024-01-08 07:35:32,6.53,3.7
2024-01-08 07:38:00,6.2,3.7
2024-01-08 07:40:30,6.68,3.67
2024-01-08 07:42:56,5.78,3.8
2024-01-08 07:45:22,6.38,3.78
2024-01-08 07:47:51,6.47,3.75
2024-01-08 07:50:17,6.97,4.38
2024-01-08 07:52:43,7.13,4.43
2024-01-08 07:55:09,8.0,4.25
2024-01-08 07:57:34,6.4,3.22
2024-01-08 08:00:00,7.82,4.8
2024-01-08 08:04:56,7.82,3.67
2024-01-08 08:07:22,5.38,3.78
2024-01-08 08:09:47,7.15,3.72
2024-01-08 08:12:13,6.38,3.28
2024-01-08 08:14:43,7.93,4.2
2024-01-08 08:17:09,5.97,3.45
2024-01-08 08:19:37,6.05,3.7
2024-01-08 08:22:10,7.45,3.78
2024-01-08 08:24:39,6.9,3.72
2024-01-08 08:27:09,6.38,3.6
2024-01-08 08:29:38,6.13,3.92
2024-01-08 08:32:04,6.22,3.6
2024-01-08 08:34:30,7.32,3.65
2024-01-08 08:36:58,8.07,4.75
2024-01-08 08:39:28,5.25,3.67
2024-01-08 08:41:56,4.9,2.92
2024-01-08 08:44:21,6.25,3.35
2024-01-08 08:46:49,7.75,3.3
2024-01-08 08:49:15,5.8,3.28
2024-01-08 08:54:10,6.07,3.22
2024-01-08 08:56:38,5.1,3.3
2024-01-08 08:59:05,3.92,2.78
2024-01-08 09:01:31,5.32,3.0
2024-01-08 09:03:59,7.25,3.85
2024-01-08 09:06:24,6.05,3.9
2024-01-08 09:08:50,6.53,3.8
2024-01-08 09:11:19,6.2,3.47
2024-01-08 09:13:46,4.53,3.33
2024-01-08 09:16:12,8.77,4.0
2024-01-08 09:18:39,8.18,4.2
2024-01-08 09:21:10,5.7,2.83
2024-01-08 09:23:39,6.43,3.88
2024-01-08 09:26:10,7.65,3.83
2024-01-08 09:28:38,8.43,4.22
2024-01-08 09:31:04,8.73,4.03
2024-01-08 09:33:34,9.98,4.9
2024-01-08 09:36:01,8.23,3.83
2024-01-08 09:38:27,7.25,4.65
2024-01-08 09:40:55,6.95,3.92
2024-01-08 09:43:23,8.98,4.88
2024-01-08 09:45:55,8.52,4.9
2024-01-08 09:48:29,7.78,4.3
2024-01-08 09:51:01,8.73,4.68
2024-01-08 09:53:28,7.9,4.5
2024-01-08 09:55:55,9.63,5.32
2024-01-08 09:58:21,8.3,4.95
2024-01-08 10:00:50,11.1,5.1
2024-01-08 10:03:18,9.07,6.18
2024-01-08 10:05:46,9.8,5.53
2024-01-08 10:08:11,8.65,5.63
2024-01-08 10:10:39,9.07,4.6
2024-01-08 10:13:07,13.82,5.7
2024-01-08 10:15:35,8.3,5.45
2024-01-08 10:18:03,7.72,5.7
2024-01-08 10:20:33,10.55,6.03
2024-01-08 10:23:06,10.45,5.07
2024-01-08 10:25:33,9.93,5.03
2024-01-08 10:28:02,10.4,5.55
2024-01-08 10:30:30,9.65,5.15
2024-01-08 10:32:58,12.45,6.15
2024-01-08 10:35:30,8.88,5.68
2024-01-08 10:37:57,11.1,6.57
2024-01-08 10:40:24,9.68,4.9
2024-01-08 10:42:55,10.95,5.5
2024-01-08 10:45:26,7.82,5.3
2024-01-08 10:48:10,8.65,5.0
2024-01-08 10:50:41,8.45,4.93
2024-01-08 10:53:23,9.32,5.97
2024-01-08 10:55:56,8.77,5.0
2024-01-08 10:58:24,10.15,5.95
2024-01-08 11:00:56,14.1,5.3
2024-01-08 11:03:22,10.35,6.5
2024-01-08 11:05:49,8.77,5.9
2024-01-08 11:08:20,11.18,6.45
2024-01-08 11:10:46,11.5,5.9
2024-01-08 11:13:12,11.2,5.57
2024-01-08 11:15:39,10.6,6.43
2024-01-08 11:18:08,9.15,6.1
2024-01-08 11:20:48,10.73,5.95
2024-01-08 11:23:31,8.5,4.97
2024-01-08 11:26:20,10.98,5.45
2024-01-08 11:29:06,7.55,5.75
2024-01-08 11:39:11,8.82,5.68
2024-01-08 11:41:41,10.45,5.28
2024-01-08 11:44:07,8.9,5.8
2024-01-08 11:46:32,13.0,6.07
2024-01-08 11:49:00,7.28,4.6
2024-01-08 11:51:25,8.23,4.57
2024-01-08 11:53:51,7.75,4.7
2024-01-08 11:58:44,5.0,3.57
2024-01-08 12:01:16,6.78,3.4
2024-01-08 12:03:42,6.6,5.05
2024-01-08 12:06:08,7.07,3.53
2024-01-08 12:08:33,5.8,4.4
2024-01-08 12:13:28,7.63,4.22
2024-01-08 12:15:53,9.48,3.97
2024-01-08 12:18:22,7.2,3.2
2024-01-08 12:20:49,5.35,3.25
2024-01-08 12:23:15,4.72,3.28
2024-01-08 12:25:41,5.9,3.13
2024-01-08 12:28:07,4.32,3.15
2024-01-08 12:30:32,5.3,3.03
2024-01-08 12:32:58,5.5,3.53
2024-01-08 12:35:26,4.55,2.78
2024-01-08 12:37:54,5.28,2.9
2024-01-08 12:40:20,3.88,2.55
2024-01-08 12:42:45,5.57,2.9
2024-01-08 12:45:14,2.5,1.85
2024-01-08 12:47:40,3.8,2.7
2024-01-08 12:50:05,3.58,2.47
2024-01-08 12:52:31,4.78,3.35
2024-01-08 12:54:59,4.88,3.17
2024-01-08 12:57:24,4.2,3.7
2024-01-08 12:59:55,4.5,2.72
2024-01-08 13:02:25,4.32,2.72
2024-01-08 13:04:54,6.25,3.7
2024-01-08 13:07:22,5.7,3.53
2024-01-08 13:09:52,6.32,3.8
2024-01-08 13:12:17,5.95,3.2
2024-01-08 13:14:45,7.03,3.4
2024-01-08 13:17:11,4.78,3.47
2024-01-08 13:19:36,7.18,4.13
2024-01-08 13:22:04,5.6,4.07
2024-01-08 13:24:32,7.2,3.9
2024-01-08 13:27:00,7.47,3.83
2024-01-08 13:29:25,6.43,3.5
2024-01-08 13:31:51,4.95,3.6
2024-01-08 13:34:21,5.43,3.47
2024-01-08 13:36:46,5.8,3.97
2024-01-08 13:39:12,6.3,4.1
2024-01-08 13:41:37,6.9,4.0
2024-01-08 13:44:03,6.38,3.85
2024-01-08 13:46:30,6.13,4.1
2024-01-08 13:48:55,9.4,4.25
2024-01-08 13:51:23,7.93,4.28
2024-01-08 13:53:48,11.7,5.63
2024-01-08 13:56:18,10.23,5.1
2024-01-08 13:58:46,6.47,4.07
2024-01-08 14:01:13,6.13,4.13
2024-01-08 14:03:40,6.1,3.58
2024-01-08 14:06:10,5.35,3.55
2024-01-08 14:08:37,7.43,4.05
2024-01-08 14:11:05,7.55,4.13
2024-01-08 14:13:33,6.25,4.03
2024-01-08 14:16:00,5.97,4.4
2024-01-08 14:18:26,6.93,3.92
2024-01-08 14:20:51,6.5,3.92
2024-01-08 14:23:17,6.95,4.38
2024-01-08 14:25:42,7.1,4.38
2024-01-08 14:28:10,7.9,3.85
2024-01-08 14:30:37,6.63,4.6
2024-01-08 14:33:03,7.53,4.28
2024-01-08 14:35:31,6.88,4.2
2024-01-08 14:37:56,6.65,4.25
2024-01-08 14:40:24,6.7,3.78
2024-01-08 14:42:56,7.75,4.53
2024-01-08 14:45:25,6.85,4.78
2024-01-08 14:47:50,7.57,4.43
2024-01-08 14:50:16,10.7,4.8
2024-01-08 14:52:41,8.52,4.45
2024-01-08 14:55:07,6.47,4.9
2024-01-08 14:57:32,8.75,4.72
2024-01-08 15:00:00,8.93,5.13
2024-01-08 15:02:32,8.8,5.03
2024-01-08 15:04:57,7.38,4.47
2024-01-08 15:07:25,7.05,4.63
2024-01-08 15:09:50,8.13,5.18
2024-01-08 15:12:15,8.73,5.2
2024-01-08 15:14:41,7.43,4.68
2024-01-08 15:17:06,7.93,4.7
2024-01-08 15:19:32,9.93,5.15
2024-01-08 15:21:57,10.5,5.0
2024-01-08 15:24:23,8.27,4.9
2024-01-08 15:26:50,6.93,4.45
2024-01-08 15:29:18,6.7,4.53
2024-01-08 15:31:43,7.07,4.4
2024-01-08 15:34:11,6.35,4.3
2024-01-08 15:36:40,10.3,5.38
2024-01-08 15:39:08,9.68,4.68
2024-01-08 15:41:33,7.85,4.95
2024-01-08 15:44:01,7.28,5.68
2024-01-08 15:46:28,7.8,5.35
2024-01-08 15:48:54,6.75,4.5
2024-01-08 15:51:20,13.1,5.7
2024-01-08 15:53:49,8.63,5.78
2024-01-08 15:56:15,12.93,7.03
2024-01-08 15:58:40,6.9,4.57
2024-01-08 16:01:06,13.07,6.72
2024-01-08 16:03:31,9.0,5.13
2024-01-08 16:05:57,10.43,5.4
2024-01-08 16:08:24,7.43,4.35
2024-01-08 16:10:50,9.27,5.38
2024-01-08 16:13:15,8.35,4.3
2024-01-08 16:15:40,7.22,4.72
2024-01-08 16:18:08,10.25,4.95
2024-01-08 16:20:34,8.98,5.7
2024-01-08 16:23:03,11.0,6.38
2024-01-08 16:25:29,7.2,5.38
2024-01-08 16:27:55,10.1,5.55
2024-01-08 16:30:22,7.3,5.0
2024-01-08 16:32:48,7.78,4.78
2024-01-08 16:35:16,6.0,4.8
2024-01-08 16:37:44,8.15,5.3
2024-01-08 16:42:39,6.68,4.03
2024-01-08 16:45:05,4.22,3.3
2024-01-08 16:47:30,6.4,4.13
2024-01-08 16:49:56,6.88,4.6
2024-01-08 16:52:21,7.2,4.8
2024-01-08 16:54:47,8.07,4.38
2024-01-08 16:57:12,7.53,4.95
2024-01-08 16:59:41,9.0,4.88
2024-01-08 17:02:06,7.22,4.45
2024-01-08 17:04:32,8.3,4.47
2024-01-08 17:06:57,10.1,3.65
2024-01-08 17:09:23,7.15,4.68
2024-01-08 17:11:49,7.13,4.63
2024-01-08 17:14:16,5.15,4.07
2024-01-08 17:16:42,7.0,4.25
2024-01-08 17:19:07,7.07,4.45
2024-01-08 17:21:33,8.75,4.93
2024-01-08 17:23:59,6.8,4.6
2024-01-08 17:26:25,8.05,5.2
2024-01-08 17:28:50,9.05,4.43
2024-01-08 17:31:20,6.57,4.2
2024-01-08 17:33:45,7.03,5.0
2024-01-08 17:36:14,7.85,4.65
2024-01-08 17:38:39,8.1,3.9
2024-01-08 17:41:05,8.3,4.88
2024-01-08 17:43:30,7.8,5.4
2024-01-08 17:45:58,7.43,4.43
2024-01-08 17:48:24,8.57,4.75
2024-01-08 17:50:50,8.13,3.85
2024-01-08 17:53:15,8.8,5.13
2024-01-08 17:55:42,6.75,3.8
2024-01-08 17:58:07,4.95,2.53
2024-01-08 18:00:39,4.1,2.58
2024-01-08 18:03:04,4.63,2.6
2024-01-08 18:05:30,4.15,2.9
2024-01-08 18:07:56,4.65,3.03
2024-01-08 18:10:24,3.25,2.4
2024-01-08 18:12:50,3.55,2.58
2024-01-08 18:15:15,5.1,2.5
2024-01-08 18:17:41,3.9,2.4
2024-01-08 18:20:08,4.65,2.9
2024-01-08 18:22:33,4.1,2.7
2024-01-08 18:24:59,4.3,2.42
2024-01-08 18:27:26,9.25,3.42
2024-01-08 18:29:52,3.9,2.7
2024-01-08 18:32:19,3.25,2.4
2024-01-08 18:34:44,4.47,2.97
2024-01-08 18:37:12,4.15,2.42
2024-01-08 18:39:40,4.15,2.38
2024-01-08 18:42:08,4.18,2.08
2024-01-08 18:44:36,5.8,2.83
2024-01-08 18:47:03,3.65,2.42
2024-01-08 18:49:28,4.85,2.22
2024-01-08 18:51:54,4.93,2.88
2024-01-08 18:54:19,5.03,3.08
2024-01-08 18:56:45,3.03,2.13
2024-01-08 18:59:10,5.47,2.47
2024-01-08 19:01:36,3.8,2.45
2024-01-08 19:04:01,5.03,3.28
2024-01-08 19:06:28,5.45,3.0
2024-01-08 19:08:56,4.72,2.63
2024-01-08 19:11:24,5.43,2.65
2024-01-08 19:13:52,5.13,3.05
2024-01-08 19:16:18,5.6,2.88
2024-01-08 19:18:45,6.32,4.22
2024-01-08 19:21:10,5.22,3.22
2024-01-08 19:23:36,5.0,3.35
2024-01-08 19:26:02,4.75,3.67
2024-01-08 19:28:29,6.25,3.42
2024-01-08 19:30:55,6.7,4.43
2024-01-08 19:33:21,4.95,3.03
2024-01-08 19:35:46,5.6,2.72
2024-01-08 19:38:12,6.53,3.58
2024-01-08 19:40:37,3.88,2.7
2024-01-08 19:43:05,3.92,2.5
2024-01-08 19:45:31,9.38,3.25
2024-01-08 19:47:56,3.3,2.4
2024-01-08 19:50:22,5.03,2.45
2024-01-08 19:52:47,4.18,2.5
2024-01-08 19:55:15,3.35,2.35
2024-01-08 19:57:41,4.72,2.35
2024-01-08 20:00:07,4.3,2.63
2024-01-08 20:02:36,4.25,2.97
2024-01-08 20:05:01,3.95,2.67
2024-01-08 20:07:29,4.22,2.55
2024-01-08 20:09:54,3.33,2.25
2024-01-08 20:12:22,4.78,3.13
2024-01-08 20:14:50,5.4,3.13
2024-01-08 20:17:16,3.78,2.45
2024-01-08 20:19:43,5.55,3.13
2024-01-08 20:22:10,5.13,3.08
2024-01-08 20:24:40,3.92,2.53
2024-01-08 20:27:06,3.2,2.3
2024-01-08 20:29:35,4.6,2.85
2024-01-08 20:32:00,5.1,2.7
2024-01-08 20:34:31,5.25,2.5
2024-01-08 20:36:56,4.68,2.6
2024-01-08 20:39:24,3.63,2.22
2024-01-08 20:41:52,5.63,2.35
2024-01-08 20:44:18,5.3,2.7
2024-01-08 20:46:44,4.88,2.72
2024-01-08 20:49:10,5.0,3.08
2024-01-08 20:51:35,5.38,2.72
2024-01-08 20:54:01,5.9,2.97
2024-01-08 20:56:26,6.2,2.95
2024-01-08 20:58:51,6.05,2.47
2024-01-08 21:01:17,6.03,3.28
2024-01-08 21:03:48,4.1,2.5
2024-01-08 21:06:13,4.75,2.72
2024-01-08 21:08:39,4.5,3.03
2024-01-08 21:11:07,5.93,2.58
2024-01-08 21:13:36,7.3,3.08
2024-01-08 21:16:02,5.4,2.97
2024-01-08 21:18:27,5.85,2.67
2024-01-08 21:20:53,4.85,2.7
2024-01-08 21:23:18,7.43,3.03
2024-01-08 21:25:43,5.0,2.13
2024-01-08 21:28:09,3.53,2.4
2024-01-08 21:30:34,5.38,2.6
2024-01-08 21:33:00,5.97,2.55
2024-01-08 21:35:25,5.43,3.0
2024-01-08 21:37:50,5.38,3.05
2024-01-08 21:40:16,6.93,2.75
2024-01-08 21:42:41,5.1,3.08
2024-01-08 21:45:08,5.2,2.95
2024-01-08 21:47:36,5.22,2.3
2024-01-08 21:50:01,6.15,3.72
2024-01-08 21:52:29,4.1,2.47
2024-01-08 21:54:56,4.68,3.3
2024-01-08 21:57:22,4.3,2.65
2024-01-08 21:59:50,4.3,2.97
2024-01-08 22:02:16,5.1,2.58
2024-01-08 22:04:41,5.6,3.05
2024-01-08 22:07:06,6.63,2.9
2024-01-08 22:09:34,3.78,2.7
2024-01-08 22:12:00,3.8,2.33
2024-01-08 22:14:25,8.68,3.63
2024-01-08 22:16:51,4.18,2.25
2024-01-08 22:19:20,5.28,2.83
2024-01-08 22:21:46,5.15,2.9
2024-01-08 22:24:13,3.65,2.22
2024-01-08 22:26:41,3.88,2.4
2024-01-08 22:29:06,5.07,3.0
2024-01-08 22:31:32,5.43,2.65
2024-01-08 22:33:59,6.57,2.78
2024-01-08 22:36:25,5.22,3.03
2024-01-08 22:38:50,4.22,2.55
2024-01-08 22:41:16,5.3,2.92
2024-01-08 22:43:41,5.55,2.67
2024-01-08 22:46:06,5.38,2.95
2024-01-08 22:48:33,5.1,3.55
2024-01-08 22:50:59,5.22,3.1
2024-01-08 22:53:24,6.63,2.65
2024-01-08 22:55:49,5.97,3.33
2024-01-08 22:58:17,8.23,2.83
2024-01-08 23:00:45,5.53,3.17
2024-01-08 23:03:11,4.78,2.58
2024-01-08 23:05:36,5.07,2.67
2024-01-08 23:08:01,3.78,2.53
2024-01-08 23:10:27,5.28,2.45
2024-01-08 23:12:52,6.15,2.78
2024-01-08 23:15:18,4.72,2.47
2024-01-08 23:17:45,3.63,2.4
2024-01-08 23:20:13,5.25,2.85
2024-01-08 23:22:41,4.5,2.85
2024-01-08 23:25:07,6.88,2.65
2024-01-08 23:27:34,7.25,3.78
2024-01-08 23:30:02,6.78,3.38
2024-01-08 23:32:28,5.45,2.85
2024-01-08 23:34:53,5.43,2.85
2024-01-08 23:37:19,4.13,2.5
2024-01-08 23:39:47,5.5,2.85
2024-01-08 23:42:15,4.68,2.55
2024-01-08 23:44:42,4.88,2.65
2024-01-08 23:47:08,6.8,2.83
2024-01-08 23:49:36,6.2,3.33
2024-01-08 23:52:01,3.95,2.35
2024-01-08 23:54:27,5.38,3.5
2024-01-08 23:56:52,5.18,2.8
2024-01-08 23:59:18,6.3,2.47
2024-01-09 00:01:43,4.43,2.5
2024-01-09 00:04:09,4.3,2.42
2024-01-09 00:06:37,4.43,2.78
2024-01-09 00:09:06,7.1,2.7
2024-01-09 00:11:31,3.58,2.58
2024-01-09 00:13:57,5.72,3.7
2024-01-09 00:16:22,5.38,2.88
2024-01-09 00:18:47,4.38,3.35
2024-01-09 00:21:21,5.82,2.53
2024-01-09 00:23:47,5.55,3.38
2024-01-09 00:26:12,4.85,2.5
2024-01-09 00:28:38,5.9,3.38
2024-01-09 00:31:03,3.28,2.4
2024-01-09 00:33:29,5.03,2.47
2024-01-09 00:35:54,3.83,2.6
2024-01-09 00:38:22,4.72,2.42
2024-01-09 00:40:47,3.8,2.17
2024-01-09 00:43:13,3.65,2.33
2024-01-09 00:45:40,5.03,2.45
2024-01-09 00:48:06,5.82,2.83
2024-01-09 00:50:32,5.35,2.65
2024-01-09 00:52:58,3.92,2.85
2024-01-09 00:55:25,6.75,3.0
2024-01-09 00:57:51,5.3,2.45
2024-01-09 01:00:16,7.28,2.97
2024-01-09 01:02:42,3.75,2.63
2024-01-09 01:05:07,3.25,2.17
2024-01-09 01:07:33,6.53,3.08
2024-01-09 01:09:58,4.45,2.38
2024-01-09 01:12:25,4.1,2.38
2024-01-09 01:14:52,5.32,2.6
2024-01-09 01:17:18,5.45,3.0
2024-01-09 01:19:43,7.9,2.92
2024-01-09 01:22:08,4.18,2.5
2024-01-09 01:24:34,5.25,2.72
2024-01-09 01:26:59,4.88,2.8
2024-01-09 01:29:27,4.47,2.65
2024-01-09 01:31:52,6.28,3.05
2024-01-09 01:34:18,6.28,2.8
2024-01-09 01:36:46,5.95,3.58
2024-01-09 01:39:11,7.13,2.95
2024-01-09 01:41:36,6.2,3.05
2024-01-09 01:44:02,4.68,2.72
2024-01-09 01:46:39,4.43,2.0
2024-01-09 01:49:05,2.72,2.3
2024-01-09 01:51:30,5.1,2.92
2024-01-09 01:53:56,3.95,2.47
2024-01-09 01:56:23,5.95,2.67
2024-01-09 01:58:49,6.82,2.65
2024-01-09 02:01:14,4.28,2.75
2024-01-09 02:03:42,4.25,2.8
2024-01-09 02:06:10,6.0,3.2
2024-01-09 02:08:39,4.03,2.45
2024-01-09 02:11:06,4.1,2.8
2024-01-09 02:13:31,5.9,3.05
2024-01-09 02:15:57,4.38,2.35
2024-01-09 02:18:22,5.4,2.75
2024-01-09 02:20:48,5.75,2.42
2024-01-09 02:23:13,4.43,2.17
2024-01-09 02:25:41,7.2,3.25
2024-01-09 02:28:10,5.85,3.28
2024-01-09 02:30:49,4.85,2.7
2024-01-09 02:33:20,3.2,2.05
2024-01-09 02:35:46,3.47,2.15
2024-01-09 02:38:14,4.85,2.38
2024-01-09 02:40:40,3.88,2.6
2024-01-09 02:43:05,4.07,2.47
2024-01-09 02:45:33,6.1,2.5
2024-01-09 02:47:58,8.2,3.22
2024-01-09 02:50:24,6.25,2.92
2024-01-09 02:52:49,5.3,2.9
2024-01-09 02:55:15,3.78,2.6
2024-01-09 02:57:40,4.95,2.72
2024-01-09 03:00:07,4.3,2.6
2024-01-09 03:02:33,6.43,3.1
2024-01-09 03:04:59,4.68,2.65
2024-01-09 03:07:27,5.3,2.92
2024-01-09 03:09:52,4.03,2.13
2024-01-09 03:12:18,4.88,2.47
2024-01-09 03:14:46,6.8,3.25
2024-01-09 03:17:11,7.03,2.72
2024-01-09 03:19:37,4.22,2.75
2024-01-09 03:22:02,4.95,2.63
2024-01-09 03:24:28,4.35,2.9
2024-01-09 03:26:54,4.38,2.85
2024-01-09 03:29:21,6.35,3.4
2024-01-09 03:31:49,5.53,2.95
2024-01-09 03:34:15,3.97,2.35
2024-01-09 03:36:42,5.35,3.28
2024-01-09 03:39:08,4.63,2.58
2024-01-09 03:41:35,5.15,2.22
2024-01-09 03:44:03,4.5,2.6
2024-01-09 03:46:29,5.5,3.3
2024-01-09 03:48:54,5.07,2.28
2024-01-09 03:53:48,4.8,2.72
2024-01-09 03:56:17,6.28,2.55
2024-01-09 03:58:43,5.15,2.53
2024-01-09 04:01:11,7.5,3.22
2024-01-09 04:03:37,3.53,2.3
2024-01-09 04:06:03,5.65,2.97
2024-01-09 04:08:28,6.45,3.67
2024-01-09 04:10:54,4.68,2.55
2024-01-09 04:13:19,4.9,3.17
2024-01-09 04:15:45,3.9,2.65
2024-01-09 04:18:13,4.15,2.8
2024-01-09 04:20:39,6.2,3.17
2024-01-09 04:23:04,5.07,2.58
2024-01-09 04:25:30,5.53,3.15
2024-01-09 04:27:55,5.13,2.45
2024-01-09 04:30:26,6.43,2.83
2024-01-09 04:32:52,8.15,3.45
2024-01-09 04:35:17,3.72,2.9
2024-01-09 04:37:46,5.15,2.58
2024-01-09 04:40:13,5.65,3.0
2024-01-09 04:42:39,7.0,3.38
2024-01-09 04:45:04,4.15,2.63
2024-01-09 04:47:32,5.15,2.83
2024-01-09 04:49:58,6.5,2.88
2024-01-09 04:52:23,3.92,2.7
2024-01-09 04:54:49,4.4,2.17
2024-01-09 04:57:14,6.78,2.85
2024-01-09 04:59:40,6.07,3.67
2024-01-09 05:02:11,4.18,2.53
2024-01-09 05:04:37,5.63,2.53
2024-01-09 05:07:03,4.35,2.65
2024-01-09 05:09:28,2.47,2.0
2024-01-09 05:11:54,4.88,2.3
2024-01-09 05:14:19,5.93,2.58
2024-01-09 05:16:50,6.55,3.92
2024-01-09 05:19:15,6.32,3.22
2024-01-09 05:21:41,6.35,2.22
2024-01-09 05:24:06,4.9,2.28
2024-01-09 05:26:32,4.5,2.65
2024-01-09 05:28:57,7.03,3.33
2024-01-09 05:31:22,5.05,3.25
2024-01-09 05:33:51,4.53,3.03
2024-01-09 05:36:16,5.9,2.8
2024-01-09 05:38:47,3.47,2.42
2024-01-09 05:41:22,5.8,3.03
2024-01-09 05:43:48,4.82,2.63
2024-01-09 05:46:14,3.35,2.03
2024-01-09 05:48:45,6.28,2.47
2024-01-09 05:51:10,4.15,2.1
2024-01-09 05:53:38,7.35,2.8
2024-01-09 05:56:04,6.97,3.53
2024-01-09 05:58:31,5.47,2.72
2024-01-09 06:00:59,5.2,2.75
2024-01-09 06:03:25,4.3,2.4
2024-01-09 06:05:51,5.43,2.33
2024-01-09 06:08:19,5.03,2.78
2024-01-09 06:10:44,5.88,3.22
2024-01-09 06:13:12,5.9,3.33
2024-01-09 06:15:42,5.7,2.72
2024-01-09 06:18:09,4.2,2.58
2024-01-09 06:20:35,5.0,3.2
2024-01-09 06:23:00,4.15,2.6
2024-01-09 06:25:26,9.2,2.22
2024-01-09 06:27:51,4.65,2.83
2024-01-09 06:30:17,5.68,3.33
2024-01-09 06:32:42,5.05,2.7
2024-01-09 06:35:08,4.57,3.08
2024-01-09 06:37:33,3.5,2.25
2024-01-09 06:39:59,7.8,2.97
2024-01-09 06:42:24,6.88,2.72
2024-01-09 06:44:50,5.38,2.75
2024-01-09 06:47:18,6.72,3.58
2024-01-09 06:49:43,7.13,2.53
2024-01-09 06:52:09,6.05,2.75
2024-01-09 06:54:34,5.38,2.53
2024-01-09 06:57:00,8.23,2.83
2024-01-09 06:59:25,5.47,2.58
2024-01-09 07:01:53,4.53,2.6
2024-01-09 07:04:18,5.8,3.17
2024-01-09 07:06:44,6.2,2.78
2024-01-09 07:09:14,5.0,2.9
2024-01-09 07:11:40,6.93,2.97
2024-01-09 07:14:05,6.25,2.4
2024-01-09 07:16:32,4.65,2.55
2024-01-09 07:18:57,6.4,3.28
2024-01-09 07:21:25,6.28,3.05
2024-01-09 07:23:51,4.63,2.75
2024-01-09 07:26:16,6.7,3.4
2024-01-09 07:28:42,7.57,2.47
2024-01-09 07:31:08,5.22,2.88
2024-01-09 07:35:59,5.03,2.8
2024-01-09 07:38:27,4.38,2.25
2024-01-09 07:40:55,6.63,3.63
2024-01-09 07:43:23,5.1,3.15
2024-01-09 07:45:51,5.25,2.33
2024-01-09 07:48:21,6.43,3.1
2024-01-09 07:50:49,2.85,2.17
2024-01-09 07:53:14,4.43,2.53
2024-01-09 07:55:42,6.43,3.0
2024-01-09 07:58:08,6.8,3.5
2024-01-09 08:00:33,4.9,2.42
2024-01-09 08:02:59,4.25,2.65
2024-01-09 08:05:26,5.68,3.13
2024-01-09 08:07:52,3.3,2.78
2024-01-09 08:10:19,6.82,4.03
2024-01-09 08:12:45,7.8,3.72
2024-01-09 08:15:13,8.02,3.38
2024-01-09 08:17:38,4.3,3.05
2024-01-09 08:20:06,5.35,2.78
2024-01-09 08:22:32,6.85,3.47
2024-01-09 08:24:59,5.13,2.85
2024-01-09 08:27:25,6.8,3.3
2024-01-09 08:29:51,3.55,2.53
2024-01-09 08:32:16,4.43,2.88
2024-01-09 08:34:46,4.32,2.88
2024-01-09 08:37:12,5.32,3.08
2024-01-09 08:39:37,4.95,2.4
2024-01-09 08:42:03,7.5,2.97
2024-01-09 08:44:31,8.88,3.45
2024-01-09 08:46:56,5.72,3.58
2024-01-09 08:49:21,5.13,2.95
2024-01-09 08:51:47,4.22,2.3
2024-01-09 08:54:13,5.32,3.13
2024-01-09 08:56:39,5.82,3.17
2024-01-09 08:59:10,6.47,3.7
2024-01-09 09:01:36,5.2,2.97
2024-01-09 09:04:01,7.93,3.6
2024-01-09 09:06:27,4.18,2.63
2024-01-09 09:08:55,7.1,3.03
2024-01-09 09:11:21,6.45,3.45
2024-01-09 09:13:51,4.2,1.92
2024-01-09 09:16:16,4.5,2.88
2024-01-09 09:18:42,4.2,2.53
2024-01-09 09:21:09,5.93,3.3
2024-01-09 09:23:38,4.63,2.5
2024-01-09 09:26:04,6.35,3.47
2024-01-09 09:28:30,4.65,2.95
2024-01-09 09:30:55,6.07,2.9
2024-01-09 09:33:21,8.75,3.7
2024-01-09 09:35:46,6.72,3.33
2024-01-09 09:38:14,6.5,3.45
2024-01-09 09:40:44,5.65,3.33
2024-01-09 09:43:14,4.45,2.4
2024-01-09 09:45:41,7.13,2.83
2024-01-09 09:48:08,7.05,3.55
2024-01-09 09:50:35,5.2,3.13
2024-01-09 09:53:01,4.93,3.4
2024-01-09 09:55:29,5.4,3.3
2024-01-09 09:57:55,6.25,3.2
2024-01-09 10:00:23,6.6,3.35
2024-01-09 10:02:51,3.97,2.08
2024-01-09 10:05:25,4.25,2.67
2024-01-09 10:07:52,6.2,3.1
2024-01-09 10:10:18,5.35,2.53
2024-01-09 10:12:46,8.23,3.83
2024-01-09 10:15:13,5.0,2.92
2024-01-09 10:17:41,6.22,3.55
2024-01-09 10:20:08,5.43,2.7
2024-01-09 10:22:36,6.78,3.03
2024-01-09 10:25:04,4.68,2.65
2024-01-09 10:27:30,6.35,3.65
2024-01-09 10:29:57,7.22,3.42
2024-01-09 10:32:22,4.82,3.03
2024-01-09 10:34:48,5.25,3.35
2024-01-09 10:37:18,6.4,3.28
2024-01-09 10:39:46,7.35,3.28
2024-01-09 10:42:12,5.13,3.25
2024-01-09 10:44:46,6.95,3.5
2024-01-09 10:47:15,5.97,3.55
2024-01-09 10:49:46,6.32,3.63
2024-01-09 10:52:12,5.18,2.3
2024-01-09 10:54:42,6.8,3.75
2024-01-09 10:57:12,6.45,3.65
2024-01-09 10:59:44,10.1,4.13
2024-01-09 11:02:19,4.68,2.65
2024-01-09 11:04:50,6.97,3.63
2024-01-09 11:07:18,4.8,2.78
2024-01-09 11:09:46,7.3,3.83
2024-01-09 11:12:16,7.15,3.78
2024-01-09 11:14:52,5.65,2.9
2024-01-09 11:17:28,4.47,2.85
2024-01-09 11:19:56,6.43,3.88
2024-01-09 11:22:27,8.82,4.32
2024-01-09 11:25:01,8.23,4.6
2024-01-09 11:27:44,8.68,3.45
2024-01-09 11:30:14,7.65,4.47
2024-01-09 11:32:40,8.2,4.15
2024-01-09 11:35:13,5.43,3.15
2024-01-09 11:37:43,6.57,4.03
2024-01-09 11:40:11,9.45,4.75
2024-01-09 11:42:44,8.23,4.65
2024-01-09 11:45:11,5.68,3.53
2024-01-09 11:47:42,4.47,3.25
2024-01-09 11:50:10,7.88,4.2
2024-01-09 11:52:39,5.22,3.45
2024-01-09 11:55:08,8.27,3.4
2024-01-09 11:57:35,5.32,3.13
2024-01-09 12:00:02,5.68,3.47
2024-01-09 12:02:31,4.28,2.75
2024-01-09 12:05:07,4.55,2.65
2024-01-09 12:07:36,7.35,3.97
2024-01-09 12:10:05,7.1,3.4
2024-01-09 12:12:33,4.8,2.6
2024-01-09 12:15:00,7.07,3.5
2024-01-09 12:17:27,7.1,3.78
2024-01-09 12:19:58,5.85,2.95
2024-01-09 12:22:27,5.28,2.97
2024-01-09 12:24:54,6.1,3.17
2024-01-09 12:27:21,3.9,2.97
2024-01-09 12:29:48,6.57,3.28
2024-01-09 12:32:21,4.95,2.72
2024-01-09 12:34:49,7.22,3.4
2024-01-09 12:37:17,7.85,3.67
2024-01-09 12:39:45,8.88,4.25
2024-01-09 12:42:21,8.93,3.78
2024-01-09 12:44:49,4.35,2.5
2024-01-09 12:47:15,8.27,5.32
2024-01-09 12:49:43,4.72,3.03
2024-01-09 12:52:14,7.07,3.83
2024-01-09 12:54:40,5.9,4.07
2024-01-09 12:57:08,6.45,3.45
2024-01-09 12:59:37,4.45,2.5
2024-01-09 13:02:06,5.82,3.45
2024-01-09 13:04:34,8.27,3.17
2024-01-09 13:07:02,6.38,3.45
2024-01-09 13:09:33,5.2,2.95
2024-01-09 13:11:58,4.53,3.15
2024-01-09 13:14:23,6.03,2.72
2024-01-09 13:16:52,6.68,3.6
2024-01-09 13:19:22,6.47,3.7
2024-01-09 13:21:47,7.1,3.4
2024-01-09 13:24:13,5.72,3.6
2024-01-09 13:26:39,7.95,3.47
2024-01-09 13:29:06,6.03,3.38
2024-01-09 13:31:32,9.48,3.88
2024-01-09 13:34:00,7.55,3.75
2024-01-09 13:36:25,7.68,3.9
2024-01-09 13:38:51,7.65,3.72
2024-01-09 13:41:22,4.03,2.95
2024-01-09 13:43:50,8.5,3.33
2024-01-09 13:46:15,7.25,3.9
2024-01-09 13:48:41,6.9,3.5
2024-01-09 13:51:08,5.25,3.53
2024-01-09 13:55:59,6.1,2.67
2024-01-09 13:58:30,3.58,2.47
2024-01-09 14:00:56,5.88,3.75
2024-01-09 14:03:25,6.0,2.83
2024-01-09 14:05:52,9.3,3.85
2024-01-09 14:08:23,8.23,3.2
2024-01-09 14:10:51,8.32,4.03
2024-01-09 14:13:18,5.55,3.1
2024-01-09 14:15:44,8.65,3.4
2024-01-09 14:18:09,7.47,3.7
2024-01-09 14:20:35,5.45,3.08
2024-01-09 14:23:02,6.75,3.8
2024-01-09 14:25:30,9.07,2.55
2024-01-09 14:27:56,6.63,4.15
2024-01-09 14:33:03,6.35,4.32
2024-01-09 14:35:29,7.25,3.6
2024-01-09 14:37:54,7.93,3.8
2024-01-09 14:40:22,7.03,4.2
2024-01-09 14:42:53,5.97,3.63
2024-01-09 14:45:23,11.98,4.72
2024-01-09 14:47:48,6.1,3.58
2024-01-09 14:50:14,9.23,3.63
2024-01-09 14:52:39,5.57,3.35
2024-01-09 14:55:08,8.3,3.22
2024-01-09 14:57:34,5.15,2.92
2024-01-09 14:59:59,6.25,3.78
2024-01-09 15:02:29,6.28,3.97
2024-01-09 15:05:00,5.82,3.33
2024-01-09 15:07:25,5.18,3.35
2024-01-09 15:09:51,4.45,3.38
2024-01-09 15:12:16,4.9,3.35
2024-01-09 15:14:42,5.28,3.55
2024-01-09 15:17:07,5.6,3.1
2024-01-09 15:19:33,6.03,3.38
2024-01-09 15:21:59,6.1,3.08
2024-01-09 15:24:25,6.13,3.6
2024-01-09 15:26:52,6.72,2.85
2024-01-09 15:29:18,7.35,3.22
2024-01-09 15:31:45,5.65,3.2
2024-01-09 15:34:11,6.03,4.07
2024-01-09 15:36:38,8.05,4.05
2024-01-09 15:39:05,5.95,3.1
2024-01-09 15:41:36,7.07,4.2
2024-01-09 15:44:04,6.7,3.92
2024-01-09 15:46:32,8.27,4.32
2024-01-09 15:49:00,7.97,4.32
2024-01-09 15:51:29,13.73,4.68
2024-01-09 15:53:58,6.15,3.45
2024-01-09 15:56:24,6.4,3.6
2024-01-09 15:58:51,8.15,3.5
2024-01-09 16:03:47,5.93,3.45
2024-01-09 16:06:18,8.6,4.45
2024-01-09 16:08:44,6.2,3.72
2024-01-09 16:11:10,7.1,3.78
2024-01-09 16:13:36,6.25,2.95
2024-01-09 16:16:03,6.6,4.05
2024-01-09 16:18:31,6.13,2.92
2024-01-09 16:21:00,5.28,3.33
2024-01-09 16:23:28,9.35,3.95
2024-01-09 16:25:54,5.97,3.5
2024-01-09 16:28:19,5.75,3.25
2024-01-09 16:30:47,7.6,4.0
2024-01-09 16:33:14,5.13,3.13
2024-01-09 16:35:40,8.15,3.45
2024-01-09 16:38:05,7.32,3.45
2024-01-09 16:40:33,5.1,3.5
2024-01-09 16:43:00,8.82,4.2
2024-01-09 16:45:25,6.6,3.63
2024-01-09 16:47:51,9.07,4.15
2024-01-09 16:50:17,9.85,3.65
2024-01-09 16:52:42,7.07,3.9
2024-01-09 16:55:13,9.43,4.68
2024-01-09 16:57:43,12.2,5.53
2024-01-09 17:00:10,9.52,4.75
2024-01-09 17:02:39,9.98,4.22
2024-01-09 17:05:05,7.7,4.0
2024-01-09 17:07:34,7.6,3.97
2024-01-09 17:09:59,8.73,4.05
2024-01-09 17:12:27,9.0,4.05
2024-01-09 17:14:53,7.0,3.17
2024-01-09 17:17:19,11.0,4.1
2024-01-09 17:19:44,8.88,4.65
2024-01-09 17:22:09,9.88,4.45
2024-01-09 17:24:36,7.65,4.15
2024-01-09 17:27:04,8.32,4.2
2024-01-09 17:29:29,9.93,4.43
2024-01-09 17:31:55,10.5,4.35
2024-01-09 17:34:21,8.43,4.53
2024-01-09 17:36:46,8.88,4.07
2024-01-09 17:39:14,7.47,4.6
2024-01-09 17:41:40,6.38,3.4
2024-01-09 17:44:06,7.03,4.0
2024-01-09 17:46:32,10.93,4.7
2024-01-09 17:49:00,8.32,3.63
2024-01-09 17:51:26,8.05,4.47
2024-01-09 17:53:54,6.55,4.4
2024-01-09 17:56:19,6.55,3.4
2024-01-09 17:58:46,7.07,3.83
2024-01-09 18:01:16,7.0,4.13
2024-01-09 18:03:42,9.07,5.18
2024-01-09 18:06:07,7.53,3.75
2024-01-09 18:08:36,5.85,3.58
2024-01-09 18:11:04,7.57,3.53
2024-01-09 18:13:33,8.68,5.1
2024-01-09 18:15:58,5.53,3.75
2024-01-09 18:18:25,7.38,3.9
2024-01-09 18:20:54,9.27,3.92
2024-01-09 18:23:21,5.9,3.53
2024-01-09 18:25:48,7.35,4.1
2024-01-09 18:28:14,4.82,2.83
2024-01-09 18:30:42,5.75,3.2
2024-01-09 18:33:10,7.1,4.18
2024-01-09 18:35:35,5.6,3.42
2024-01-09 18:38:01,4.32,2.97
2024-01-09 18:40:26,6.72,3.35
2024-01-09 18:42:52,10.82,4.25
2024-01-09 18:45:17,9.07,4.28
2024-01-09 18:47:42,8.6,3.33
2024-01-09 18:50:08,6.2,3.28
2024-01-09 18:52:35,5.5,2.6
2024-01-09 18:55:03,9.5,4.38
2024-01-09 18:57:34,6.55,3.6
2024-01-09 18:59:59,8.68,4.2
2024-01-09 19:02:27,8.27,4.03
2024-01-09 19:04:55,14.6,6.43
2024-01-09 19:07:25,8.07,3.25
2024-01-09 19:09:53,5.78,2.5
2024-01-09 19:12:19,9.85,3.2
2024-01-09 19:14:45,9.25,3.7
2024-01-09 19:17:10,6.5,3.17
2024-01-09 19:19:38,5.6,2.97
2024-01-09 19:22:03,7.28,4.55
2024-01-09 19:24:29,8.57,2.85
2024-01-09 19:26:56,5.18,3.22
2024-01-09 19:29:22,5.47,3.05
2024-01-09 19:31:48,7.8,3.25
2024-01-09 19:34:15,5.38,3.3
2024-01-09 19:36:44,6.32,3.38
2024-01-09 19:39:10,4.68,3.1
2024-01-09 19:41:36,6.3,3.1
2024-01-09 19:44:01,5.88,3.47
2024-01-09 19:46:26,6.53,3.5
2024-01-09 19:48:52,7.35,3.55
2024-01-09 19:51:17,6.07,2.88
2024-01-09 19:56:12,5.63,3.15
2024-01-09 19:58:38,5.93,2.92
2024-01-09 20:01:05,7.07,3.03
2024-01-09 20:03:31,5.38,3.53
2024-01-09 20:05:56,5.35,2.45
2024-01-09 20:08:24,7.65,3.03
2024-01-09 20:10:52,5.95,3.5
2024-01-09 20:13:17,6.55,3.38
2024-01-09 20:15:43,4.9,2.83
2024-01-09 20:18:12,6.6,3.15
2024-01-09 20:20:37,5.9,3.03
2024-01-09 20:23:03,6.18,3.47
2024-01-09 20:25:31,5.32,3.22
2024-01-09 20:27:56,7.07,2.8
2024-01-09 20:30:22,7.9,3.0
2024-01-09 20:32:47,9.45,3.35
2024-01-09 20:35:13,5.5,3.22
2024-01-09 20:37:38,6.1,2.8
2024-01-09 20:40:08,5.82,3.28
2024-01-09 20:42:35,5.95,3.78
2024-01-09 20:45:03,6.72,4.55
2024-01-09 20:47:29,6.85,3.47
2024-01-09 20:49:56,7.4,4.78
2024-01-09 20:52:25,11.73,6.1
2024-01-09 20:54:53,10.85,6.35
2024-01-09 20:57:19,11.68,5.43
2024-01-09 20:59:44,7.6,4.2
2024-01-09 21:02:10,6.6,4.47
2024-01-09 21:04:37,5.82,3.28
2024-01-09 21:07:03,5.28,3.03
2024-01-09 21:09:33,5.53,3.1
2024-01-09 21:12:02,8.15,3.72
2024-01-09 21:14:28,7.95,2.95
2024-01-09 21:16:53,5.43,3.17
2024-01-09 21:19:18,6.28,3.5
2024-01-09 21:21:44,6.22,3.2
2024-01-09 21:24:09,6.05,3.45
2024-01-09 21:26:38,5.53,3.05
2024-01-09 21:29:03,5.22,3.35
2024-01-09 21:31:29,11.65,3.42
2024-01-09 21:33:55,4.55,3.2
2024-01-09 21:36:20,4.63,2.78
2024-01-09 21:38:46,7.7,3.22
2024-01-09 21:41:14,6.57,3.03
2024-01-09 21:43:39,8.07,3.5
2024-01-09 21:46:05,8.63,3.58
2024-01-09 21:48:31,6.35,3.53
2024-01-09 21:50:58,6.72,3.05
2024-01-09 21:53:24,4.1,2.83
2024-01-09 21:55:49,6.53,3.83
2024-01-09 21:58:15,5.68,2.7
2024-01-09 22:00:40,6.15,2.72
2024-01-09 22:03:05,4.53,3.25
2024-01-09 22:05:31,9.7,3.75
2024-01-09 22:07:59,5.3,3.05
2024-01-09 22:10:27,6.7,3.17
2024-01-09 22:12:53,6.57,4.05
2024-01-09 22:15:21,4.47,2.9
2024-01-09 22:17:46,7.68,3.9
2024-01-09 22:20:12,11.45,4.28
2024-01-09 22:22:40,7.72,2.9
2024-01-09 22:25:06,5.97,3.85
2024-01-09 22:27:34,8.1,3.4
2024-01-09 22:30:02,5.18,2.8
2024-01-09 22:32:29,8.98,4.05
2024-01-09 22:34:54,4.43,2.97
2024-01-09 22:37:20,6.38,3.83
2024-01-09 22:39:49,5.97,3.3
2024-01-09 22:42:20,5.9,3.0
2024-01-09 22:44:45,7.25,3.47
2024-01-09 22:47:10,6.97,3.92
2024-01-09 22:49:36,6.4,3.63
2024-01-09 22:52:03,5.97,3.6
2024-01-09 22:54:32,7.03,2.65
2024-01-09 22:56:57,4.8,3.1
2024-01-09 22:59:23,9.13,3.42
2024-01-09 23:01:53,8.57,3.17
2024-01-09 23:04:18,5.32,2.78
2024-01-09 23:06:46,5.07,3.35
2024-01-09 23:09:11,6.28,3.33
2024-01-09 23:11:37,6.38,3.13
2024-01-09 23:14:05,7.6,3.92
2024-01-09 23:16:33,9.93,3.88
2024-01-09 23:18:59,4.75,2.97
2024-01-09 23:21:24,5.8,2.55
2024-01-09 23:23:52,6.03,3.58
2024-01-09 23:26:18,7.55,3.25
2024-01-09 23:28:43,6.45,3.83
2024-01-09 23:31:09,3.63,2.55
2024-01-09 23:33:34,6.05,3.58
2024-01-09 23:36:00,8.35,3.4
2024-01-09 23:38:25,5.55,2.6
2024-01-09 23:40:51,5.82,3.53
2024-01-09 23:43:18,5.6,3.3
2024-01-09 23:45:46,5.85,3.6
2024-01-09 23:48:11,5.45,3.25
2024-01-09 23:50:37,6.82,2.85
2024-01-09 23:53:03,8.02,2.92
2024-01-09 23:55:29,5.9,3.63
2024-01-09 23:57:54,3.72,2.75
2024-01-10 00:00:22,5.57,3.53
2024-01-10 00:02:47,4.65,2.63
2024-01-10 00:05:15,3.67,2.13
2024-01-10 00:07:41,4.13,3.28
2024-01-10 00:10:06,5.32,2.72
2024-01-10 00:12:32,4.95,3.3
2024-01-10 00:15:02,7.28,3.72
2024-01-10 00:17:28,5.0,2.97
2024-01-10 00:19:54,7.35,3.0
2024-01-10 00:22:21,4.32,2.85
2024-01-10 00:24:47,3.67,2.85
2024-01-10 00:27:12,7.5,3.58
2024-01-10 00:29:40,7.28,3.4
2024-01-10 00:32:05,3.8,2.65
2024-01-10 00:34:31,5.5,2.9
2024-01-10 00:36:56,4.53,2.53
2024-01-10 00:39:22,6.75,3.55
2024-01-10 00:41:47,5.53,2.72
2024-01-10 00:44:13,6.57,2.97
2024-01-10 00:46:38,8.35,3.5
2024-01-10 00:49:06,6.78,3.63
2024-01-10 00:51:31,7.8,3.15
2024-01-10 00:53:56,6.65,3.22
2024-01-10 00:56:22,7.2,3.9
2024-01-10 00:58:49,5.85,3.05
2024-01-10 01:01:15,5.82,2.4
2024-01-10 01:03:40,3.72,2.85
2024-01-10 01:06:05,6.85,2.83
2024-01-10 01:08:33,5.95,2.83
2024-01-10 01:10:59,6.57,2.75
2024-01-10 01:13:24,4.6,3.38
2024-01-10 01:15:54,6.43,3.53
2024-01-10 01:18:20,8.25,3.75
2024-01-10 01:20:45,5.7,3.05
2024-01-10 01:23:13,6.32,3.25
2024-01-10 01:25:41,5.2,2.92
2024-01-10 01:28:07,9.2,3.53
2024-01-10 01:30:33,5.03,3.22
2024-01-10 01:33:01,4.03,2.63
2024-01-10 01:35:29,7.15,3.58
2024-01-10 01:37:59,5.53,3.03
2024-01-10 01:40:25,4.85,2.75
2024-01-10 01:42:50,5.9,2.6
2024-01-10 01:45:16,4.45,2.97
2024-01-10 01:47:41,8.73,3.3
2024-01-10 01:50:07,8.4,3.7
2024-01-10 01:52:33,5.05,3.33
2024-01-10 01:55:01,6.9,3.55
2024-01-10 01:57:29,5.78,2.42
2024-01-10 01:59:56,5.7,3.05
2024-01-10 02:02:22,5.1,2.83
2024-01-10 02:04:49,6.7,2.8
2024-01-10 02:07:14,8.73,3.63
2024-01-10 02:09:40,6.45,3.53
2024-01-10 02:12:05,9.13,3.58
2024-01-10 02:14:33,8.7,4.13
2024-01-10 02:17:01,5.1,3.25
2024-01-10 02:19:26,11.13,3.35
2024-01-10 02:21:54,9.3,4.4
2024-01-10 02:24:21,13.07,3.9
2024-01-10 02:26:47,8.4,3.35
2024-01-10 02:29:15,7.38,4.38
2024-01-10 02:31:43,7.72,4.03
2024-01-10 02:34:12,5.55,3.95
2024-01-10 02:36:40,6.88,3.67
2024-01-10 02:39:10,9.25,4.7
2024-01-10 02:41:38,7.07,4.03
2024-01-10 02:44:03,5.8,3.67
2024-01-10 02:46:29,11.02,4.75
2024-01-10 02:48:56,8.73,4.53
2024-01-10 02:51:23,8.02,3.65
2024-01-10 02:53:51,7.25,4.18
2024-01-10 02:56:19,6.18,3.28
2024-01-10 02:58:44,7.45,3.85
2024-01-10 03:01:10,8.55,3.75
2024-01-10 03:03:35,5.7,3.67
2024-01-10 03:06:08,7.1,3.9
2024-01-10 03:08:33,6.4,3.92
2024-01-10 03:10:59,6.4,3.9
2024-01-10 03:13:24,8.32,4.97
2024-01-10 03:15:52,7.93,4.32
2024-01-10 03:18:22,12.02,4.7
2024-01-10 03:20:48,8.63,3.7
2024-01-10 03:23:13,13.43,5.03
2024-01-10 03:25:41,6.8,4.38
2024-01-10 03:28:09,7.45,4.13
2024-01-10 03:30:35,8.43,3.95
2024-01-10 03:33:01,9.45,4.88
2024-01-10 03:35:29,6.95,3.97
2024-01-10 03:37:56,6.13,3.67
2024-01-10 03:40:22,7.15,3.75
2024-01-10 03:42:49,6.07,3.97
2024-01-10 03:45:15,7.15,4.25
2024-01-10 03:47:44,8.77,3.95
2024-01-10 03:50:09,7.4,4.25
2024-01-10 03:52:35,8.98,4.3
2024-01-10 03:55:00,6.45,4.15
2024-01-10 03:57:26,9.63,3.65
2024-01-10 03:59:51,9.0,4.55
2024-01-10 04:02:16,10.13,3.95
2024-01-10 04:04:44,8.7,3.53
2024-01-10 04:07:12,8.55,3.83
2024-01-10 04:09:37,9.07,3.88
2024-01-10 04:12:03,8.63,3.95
2024-01-10 04:14:31,4.88,3.3
2024-01-10 04:16:56,6.82,3.47
2024-01-10 04:19:22,5.97,4.15
2024-01-10 04:21:47,8.3,3.67
2024-01-10 04:24:12,5.15,3.33
2024-01-10 04:26:38,8.75,4.47
2024-01-10 04:29:03,5.8,3.2
2024-01-10 04:31:29,7.4,3.63
2024-01-10 04:33:54,6.35,3.55
2024-01-10 04:36:20,6.78,3.67
2024-01-10 04:38:45,9.05,3.55
2024-01-10 04:41:13,9.25,4.07
2024-01-10 04:43:38,5.53,3.35
2024-01-10 04:46:04,8.45,3.7
2024-01-10 04:48:31,7.3,3.33
2024-01-10 04:50:57,7.47,3.95
2024-01-10 04:53:27,6.15,3.35
2024-01-10 04:55:52,6.3,2.8
2024-01-10 04:58:17,7.68,3.75
2024-01-10 05:00:43,8.82,4.45
2024-01-10 05:03:08,8.2,3.42
2024-01-10 05:05:36,8.02,3.55
2024-01-10 05:08:01,9.93,3.85
2024-01-10 05:10:27,6.35,4.05
2024-01-10 05:12:52,8.77,3.17
2024-01-10 05:15:18,4.72,3.17
2024-01-10 05:17:45,6.9,3.88
2024-01-10 05:20:14,15.3,4.6
2024-01-10 05:22:42,9.1,4.53
2024-01-10 05:25:10,6.15,3.97
2024-01-10 05:27:35,7.38,4.8
2024-01-10 05:30:06,8.02,3.9
2024-01-10 05:32:32,7.03,4.22
2024-01-10 05:34:59,7.03,3.72
2024-01-10 05:37:25,6.32,3.92
2024-01-10 05:39:52,5.0,3.53
2024-01-10 05:42:18,9.55,4.78
2024-01-10 05:44:44,7.3,3.47
2024-01-10 05:47:09,5.88,3.65
2024-01-10 05:49:35,7.65,3.85
2024-01-10 05:52:02,8.68,4.4
2024-01-10 05:54:31,6.15,3.22
2024-01-10 05:56:56,7.47,3.58
2024-01-10 05:59:24,5.35,2.97
2024-01-10 06:01:50,10.45,3.78
2024-01-10 06:04:15,8.07,3.45
2024-01-10 06:06:42,4.18,3.05
2024-01-10 06:09:07,6.22,3.72
2024-01-10 06:11:40,6.82,3.83
2024-01-10 06:14:10,9.0,4.22
2024-01-10 06:16:38,9.15,4.03
2024-01-10 06:19:06,9.68,4.13
2024-01-10 06:21:32,6.4,3.6
2024-01-10 06:24:02,7.88,3.83
2024-01-10 06:26:32,5.9,3.42
2024-01-10 06:28:57,7.0,4.35
2024-01-10 06:31:27,9.68,4.5
2024-01-10 06:33:53,8.05,4.63
2024-01-10 06:36:20,9.77,4.78
2024-01-10 06:38:51,12.98,4.03
2024-01-10 06:41:20,8.18,4.03
2024-01-10 06:43:52,7.88,4.07
2024-01-10 06:46:18,8.07,3.55
2024-01-10 06:48:46,10.25,5.13
2024-01-10 06:51:15,7.35,4.07
2024-01-10 06:53:40,8.88,4.22
2024-01-10 06:56:09,5.28,3.88
2024-01-10 06:58:35,8.3,3.55
2024-01-10 07:01:10,6.8,3.85
2024-01-10 07:03:38,6.18,3.47
2024-01-10 07:06:04,8.63,4.57
2024-01-10 07:08:30,8.77,3.97
2024-01-10 07:10:56,7.05,3.4
2024-01-10 07:13:26,8.82,4.63
2024-01-10 07:15:52,6.72,3.45
2024-01-10 07:18:20,10.13,3.8
2024-01-10 07:20:50,6.63,4.28
2024-01-10 07:23:16,9.55,5.2
2024-01-10 07:25:43,7.7,4.72
2024-01-10 07:28:11,9.27,4.63
2024-01-10 07:30:45,8.3,3.78
2024-01-10 07:33:13,9.43,4.78
2024-01-10 07:38:11,8.38,4.5
2024-01-10 07:40:37,12.6,4.63
2024-01-10 07:43:02,7.0,3.25
2024-01-10 07:45:30,7.72,4.6
2024-01-10 07:47:55,7.55,4.68
2024-01-10 07:50:23,10.52,5.0
2024-01-10 07:52:52,6.35,3.88
2024-01-10 07:55:17,9.1,4.13
2024-01-10 07:57:45,12.1,4.5
2024-01-10 08:00:10,10.7,4.85
2024-01-10 08:02:36,7.4,3.65
2024-01-10 08:05:02,5.43,2.53
2024-01-10 08:07:35,9.15,4.25
2024-01-10 08:10:04,11.02,4.72
2024-01-10 08:12:36,6.93,3.85
2024-01-10 08:15:03,7.32,3.63
2024-01-10 08:17:32,9.15,4.45
2024-01-10 08:19:58,7.03,4.25
2024-01-10 08:22:25,11.1,4.7
2024-01-10 08:24:50,9.77,4.82
2024-01-10 08:27:15,6.88,3.35
2024-01-10 08:29:42,8.75,4.68
2024-01-10 08:32:09,5.57,3.55
2024-01-10 08:34:35,6.05,3.92
2024-01-10 08:37:01,9.43,4.5
2024-01-10 08:39:26,12.82,4.45
2024-01-10 08:41:53,8.0,4.47
2024-01-10 08:44:18,6.88,3.95
2024-01-10 08:46:44,7.5,3.45
2024-01-10 08:49:16,9.02,4.63
2024-01-10 08:51:42,7.53,4.28
2024-01-10 08:54:11,9.0,5.28
2024-01-10 08:56:41,10.4,5.3
2024-01-10 08:59:13,5.63,3.8
2024-01-10 09:01:41,9.48,4.95
2024-01-10 09:04:07,6.4,4.32
2024-01-10 09:06:33,8.3,4.75
2024-01-10 09:09:01,9.7,5.15
2024-01-10 09:11:27,12.75,4.78
2024-01-10 09:13:53,7.8,4.78
2024-01-10 09:16:20,6.3,3.47
2024-01-10 09:18:46,8.95,4.28
2024-01-10 09:21:11,12.48,5.3
2024-01-10 09:23:40,11.1,4.2
2024-01-10 09:26:05,14.15,5.1
2024-01-10 09:28:33,5.43,3.4
2024-01-10 09:30:59,4.43,3.25
2024-01-10 09:33:24,6.72,3.85
2024-01-10 09:35:50,8.1,4.18
2024-01-10 09:38:21,8.6,4.9
2024-01-10 09:40:46,9.18,4.38
2024-01-10 09:43:11,9.75,4.1
2024-01-10 09:45:43,6.0,3.65
2024-01-10 09:48:13,12.4,5.03
2024-01-10 09:50:40,4.9,3.8
2024-01-10 09:53:06,5.75,4.0
2024-01-10 09:55:36,6.2,4.15
2024-01-10 09:58:07,5.97,3.42
2024-01-10 10:00:39,9.1,5.1
2024-01-10 10:03:08,8.7,3.78
2024-01-10 10:05:42,11.1,4.9
2024-01-10 10:08:07,5.57,3.63
2024-01-10 10:10:35,6.2,3.42
2024-01-10 10:13:01,7.15,4.0
2024-01-10 10:15:27,8.75,3.78
2024-01-10 10:17:53,8.38,3.72
2024-01-10 10:23:01,6.97,3.95
2024-01-10 10:25:27,8.57,4.5
2024-01-10 10:27:55,6.35,3.8
2024-01-10 10:30:20,9.9,4.25
2024-01-10 10:32:47,9.3,4.6
2024-01-10 10:35:12,6.25,4.13
2024-01-10 10:37:38,7.4,4.15
2024-01-10 10:40:03,7.43,4.2
2024-01-10 10:42:34,7.72,3.85
2024-01-10 10:45:04,7.78,4.22
2024-01-10 10:47:30,10.2,3.88
2024-01-10 10:50:02,10.98,5.05
2024-01-10 10:52:28,6.55,3.75
2024-01-10 10:54:55,8.82,4.47
2024-01-10 10:59:55,6.4,3.38
2024-01-10 11:02:22,8.27,4.57
2024-01-10 11:04:52,12.27,3.53
2024-01-10 11:07:19,5.25,3.22
2024-01-10 11:09:47,7.22,4.13
2024-01-10 11:14:57,8.23,4.25
2024-01-10 11:20:38,8.95,3.83
2024-01-10 11:25:57,7.82,5.4
2024-01-10 11:28:30,13.5,9.35
2024-01-10 11:30:56,8.35,4.78
2024-01-10 11:33:25,9.02,5.28
2024-01-10 11:38:42,8.13,5.15
2024-01-10 11:41:38,13.9,5.13
2024-01-10 11:46:46,8.2,4.25
2024-01-10 11:49:14,10.7,4.38
2024-01-10 11:51:45,8.57,4.6
2024-01-10 11:57:08,8.7,4.53
2024-01-10 11:59:39,6.47,3.65
2024-01-10 12:02:07,8.75,4.2
2024-01-10 12:04:33,6.5,3.85
2024-01-10 12:06:59,7.47,4.78
2024-01-10 12:09:27,11.13,4.47
2024-01-10 12:11:52,6.8,3.9
2024-01-10 12:14:20,8.3,4.18
2024-01-10 12:16:46,7.03,4.75
2024-01-10 12:19:15,10.63,3.92
2024-01-10 12:21:43,9.23,4.75
2024-01-10 12:24:11,11.52,4.57
2024-01-10 12:26:47,8.77,4.88
2024-01-10 12:29:19,8.8,4.82
2024-01-10 12:31:47,8.82,4.57
2024-01-10 12:34:18,9.95,5.38
2024-01-10 12:36:48,9.32,5.15
2024-01-10 12:39:14,7.5,4.07
2024-01-10 12:41:42,8.65,4.65
2024-01-10 12:44:08,9.07,4.72
2024-01-10 12:46:35,10.88,5.75
2024-01-10 12:49:06,9.07,4.57
2024-01-10 12:51:32,9.57,4.82
2024-01-10 12:54:01,11.2,5.18
2024-01-10 12:56:30,8.5,4.0
2024-01-10 12:58:56,8.75,4.63
2024-01-10 13:03:47,10.1,3.92
2024-01-10 13:06:16,9.6,4.47
2024-01-10 13:08:46,9.32,5.0
2024-01-10 13:11:11,10.05,4.5
2024-01-10 13:13:44,9.88,5.32
2024-01-10 13:16:10,7.2,4.35
2024-01-10 13:18:38,8.32,4.88
2024-01-10 13:21:03,8.15,4.7
2024-01-10 13:23:32,9.73,5.22
2024-01-10 13:25:58,8.02,4.82
2024-01-10 13:28:31,12.57,5.68
2024-01-10 13:30:58,11.1,5.85
2024-01-10 13:33:30,8.6,4.57
2024-01-10 13:35:56,12.25,4.63
2024-01-10 13:38:24,9.18,4.8
2024-01-10 13:40:54,11.2,5.1
2024-01-10 13:43:21,10.77,4.8
2024-01-10 13:45:47,9.93,5.4
2024-01-10 13:48:18,10.52,5.38
2024-01-10 13:50:44,10.18,4.45
2024-01-10 13:53:11,10.07,5.47
2024-01-10 13:55:38,6.43,4.22
2024-01-10 13:58:06,12.05,5.5
2024-01-10 14:00:36,10.18,5.15
2024-01-10 14:05:28,9.95,5.1
2024-01-10 14:07:57,9.88,4.63
2024-01-10 14:10:25,10.43,4.8
2024-01-10 14:12:52,10.6,6.53
2024-01-10 14:15:18,11.4,6.0
2024-01-10 14:17:45,8.27,4.55
2024-01-10 14:20:11,9.0,5.4
2024-01-10 14:25:06,8.85,4.45
2024-01-10 14:27:37,6.07,3.83
2024-01-10 14:30:04,11.48,5.78
2024-01-10 14:32:30,11.43,5.4
2024-01-10 14:34:58,9.4,4.55
2024-01-10 14:37:24,11.95,4.65
2024-01-10 14:39:52,11.65,6.45
2024-01-10 14:42:20,8.93,4.97
2024-01-10 14:44:50,9.68,5.82
2024-01-10 14:47:17,7.1,5.43
2024-01-10 14:49:43,13.68,5.63
2024-01-10 14:52:09,13.75,6.05
2024-01-10 14:54:34,9.93,6.53
2024-01-10 14:57:00,9.82,5.4
2024-01-10 14:59:27,10.32,5.55
2024-01-10 15:01:55,10.85,6.3
2024-01-10 15:04:21,10.02,5.38
2024-01-10 15:06:49,12.55,6.5
2024-01-10 15:09:16,11.35,5.75
2024-01-10 15:11:42,8.73,4.97
2024-01-10 15:14:07,10.7,5.95
2024-01-10 15:16:36,11.2,6.07
2024-01-10 15:19:06,12.82,4.75
2024-01-10 15:21:32,9.63,5.8
2024-01-10 15:24:02,12.3,5.68
2024-01-10 15:26:28,10.9,5.8
2024-01-10 15:28:54,14.25,6.03
2024-01-10 15:31:19,9.23,5.5
2024-01-10 15:33:48,9.65,5.45
2024-01-10 15:36:18,11.05,5.2
2024-01-10 15:38:44,12.75,6.28
2024-01-10 15:41:11,9.7,6.2
2024-01-10 15:43:37,8.35,5.3
2024-01-10 15:46:03,7.38,4.88
2024-01-10 15:48:29,10.2,5.82
2024-01-10 15:50:55,10.35,5.57
2024-01-10 15:53:22,10.57,6.9
2024-01-10 15:55:47,14.15,6.38
2024-01-10 15:58:16,13.5,6.72
2024-01-10 16:00:45,11.38,6.13
2024-01-10 16:03:13,13.05,6.15
2024-01-10 16:05:40,10.55,6.13
2024-01-10 16:08:08,14.27,6.72
2024-01-10 16:10:34,10.0,6.1
2024-01-10 16:12:59,12.57,6.45
2024-01-10 16:15:28,13.25,6.25
2024-01-10 16:17:55,12.85,6.5
2024-01-10 16:20:23,11.35,6.38
2024-01-10 16:22:51,11.8,6.1
2024-01-10 16:25:20,10.82,6.63
2024-01-10 16:27:48,12.35,6.38
2024-01-10 16:30:16,13.3,7.22
2024-01-10 16:32:43,11.0,6.5
2024-01-10 16:35:09,15.23,7.4
2024-01-10 16:37:35,13.57,7.07
2024-01-10 16:40:00,13.6,7.2
2024-01-10 16:42:25,13.25,7.22
2024-01-10 16:44:54,13.88,7.15
2024-01-10 16:47:19,12.7,7.32
2024-01-10 16:49:49,15.4,8.1
2024-01-10 16:52:15,14.43,7.32
2024-01-10 16:54:40,18.98,7.25
2024-01-10 16:59:37,13.85,7.63
2024-01-10 17:02:02,13.5,7.15
2024-01-10 17:04:28,13.5,8.23
2024-01-10 17:06:56,14.52,8.15
2024-01-10 17:09:21,14.57,7.63
2024-01-10 17:11:49,14.75,7.88
2024-01-10 17:14:14,16.4,7.97
2024-01-10 17:16:43,16.3,7.7
2024-01-10 17:19:11,14.45,8.3
2024-01-10 17:21:42,13.07,7.1
2024-01-10 17:24:09,15.48,7.68
2024-01-10 17:26:36,15.6,7.53
2024-01-10 17:29:02,16.42,8.23
2024-01-10 17:31:29,13.45,7.65
2024-01-10 17:33:55,13.52,7.7
2024-01-10 17:36:20,12.6,7.88
2024-01-10 17:38:47,17.8,9.2
2024-01-10 17:41:12,16.23,9.65
2024-01-10 17:43:38,14.73,8.7
2024-01-10 17:46:07,20.6,9.45
2024-01-10 17:48:32,16.1,9.07
2024-01-10 17:51:03,19.42,7.13
2024-01-10 17:53:33,15.88,8.02
2024-01-10 17:56:03,16.85,8.35
2024-01-10 17:58:29,22.38,10.2
2024-01-10 18:00:54,57.97,17.9
2024-01-10 18:03:20,43.1,19.75
2024-01-10 18:05:45,18.55,11.6
2024-01-10 18:08:11,18.02,10.65
2024-01-10 18:10:36,21.05,11.25
2024-01-10 18:13:04,33.05,26.45
2024-01-10 18:15:34,29.23,21.33
2024-01-10 18:18:02,23.05,16.5
2024-01-10 18:20:31,16.0,9.3
2024-01-10 18:22:56,17.13,9.85
2024-01-10 18:25:24,18.1,8.35
2024-01-10 18:27:50,18.33,10.3
2024-01-10 18:30:15,19.33,9.82
2024-01-10 18:32:40,15.57,8.8
2024-01-10 18:35:06,14.38,8.93
2024-01-10 18:37:34,20.9,8.73
2024-01-10 18:39:59,17.8,8.5
2024-01-10 18:42:27,18.27,7.65
2024-01-10 18:44:52,14.82,7.5
2024-01-10 18:47:18,12.5,6.45
2024-01-10 18:49:45,14.88,7.28
2024-01-10 18:52:11,12.82,9.13
2024-01-10 18:54:39,15.88,9.0
2024-01-10 18:57:05,17.0,8.57
2024-01-10 18:59:37,14.98,8.9
2024-01-10 19:02:06,17.25,9.6
2024-01-10 19:04:31,14.45,9.38
2024-01-10 19:06:56,16.5,10.2
2024-01-10 19:09:24,17.65,9.0
2024-01-10 19:11:50,19.77,8.43
2024-01-10 19:14:15,13.27,8.35
2024-01-10 19:16:41,16.35,9.48
2024-01-10 19:19:10,15.77,9.6
2024-01-10 19:21:36,16.05,10.05
2024-01-10 19:24:01,17.88,9.63
2024-01-10 19:26:30,15.75,9.25
2024-01-10 19:28:57,16.8,9.5
2024-01-10 19:31:28,16.33,8.43
2024-01-10 19:33:58,18.52,9.63
2024-01-10 19:36:28,18.17,8.68
2024-01-10 19:38:53,19.23,9.6
2024-01-10 19:41:22,15.85,8.65
2024-01-10 19:43:49,20.77,10.27
2024-01-10 19:46:17,21.05,11.15
2024-01-10 19:48:44,24.75,11.45
2024-01-10 19:51:15,19.42,10.02
2024-01-10 19:53:40,19.08,9.05
2024-01-10 19:56:13,22.17,9.65
2024-01-10 19:58:40,17.15,9.88
2024-01-10 20:01:05,20.8,9.77
2024-01-10 20:03:33,21.92,9.27
2024-01-10 20:06:01,18.13,8.4
2024-01-10 20:08:29,20.42,9.2
2024-01-10 20:10:54,15.05,7.03
2024-01-10 20:13:22,17.52,9.77
2024-01-10 20:15:47,17.4,9.32
2024-01-10 20:18:15,21.77,9.25
2024-01-10 20:20:42,15.68,7.5
2024-01-10 20:23:08,14.85,8.4
2024-01-10 20:25:33,16.45,8.23
2024-01-10 20:28:03,18.58,8.82
2024-01-10 20:30:31,16.23,8.35
2024-01-10 20:32:56,14.82,8.88
2024-01-10 20:35:25,14.05,7.82
2024-01-10 20:37:50,17.08,8.23
2024-01-10 20:40:16,12.9,7.65
2024-01-10 20:42:45,20.0,9.3
2024-01-10 20:45:13,19.17,9.27
2024-01-10 20:47:41,18.0,8.13
2024-01-10 20:52:34,19.5,8.1
2024-01-10 20:54:59,17.77,7.75
2024-01-10 20:57:27,14.55,9.02
2024-01-10 20:59:53,18.83,8.95
2024-01-10 21:02:23,18.4,8.7
2024-01-10 21:04:52,17.05,8.15
2024-01-10 21:07:17,16.48,8.25
2024-01-10 21:09:45,19.52,8.07
2024-01-10 21:12:10,16.5,8.43
2024-01-10 21:14:36,13.25,7.88
2024-01-10 21:17:10,18.48,8.75
2024-01-10 21:19:41,17.48,8.6
2024-01-10 21:22:07,19.02,8.55
2024-01-10 21:24:38,16.83,8.13
2024-01-10 21:27:06,19.02,8.2
2024-01-10 21:29:31,16.7,7.57
2024-01-10 21:31:56,17.05,8.82
2024-01-10 21:34:22,15.05,8.0
2024-01-10 21:36:50,17.6,8.57
2024-01-10 21:39:15,15.5,8.0
2024-01-10 21:41:43,15.07,8.5
2024-01-10 21:44:08,16.95,8.52
2024-01-10 21:46:34,12.82,7.35
2024-01-10 21:49:01,16.23,7.63
2024-01-10 21:51:29,18.8,9.27
2024-01-10 21:53:55,18.38,8.77
2024-01-10 21:56:22,12.85,7.65
2024-01-10 21:58:48,15.45,8.93
2024-01-10 22:01:14,17.05,9.25
2024-01-10 22:03:39,15.32,7.4
2024-01-10 22:06:07,17.2,7.22
2024-01-10 22:08:33,16.5,8.38
2024-01-10 22:11:04,14.35,7.47
2024-01-10 22:13:30,16.42,8.32
2024-01-10 22:15:55,12.68,7.72
2024-01-10 22:18:21,16.15,8.88
2024-01-10 22:20:48,14.0,7.75
2024-01-10 22:23:20,19.33,9.3
2024-01-10 22:25:46,18.48,9.45
2024-01-10 22:28:16,15.9,8.1
2024-01-10 22:30:42,15.57,8.5
2024-01-10 22:33:07,19.1,8.6
2024-01-10 22:35:32,18.77,8.75
2024-01-10 22:38:00,14.95,8.5
2024-01-10 22:40:26,16.2,7.63
2024-01-10 22:42:51,21.1,8.38
2024-01-10 22:45:19,14.88,7.8
2024-01-10 22:47:44,15.7,8.75
2024-01-10 22:50:12,13.63,8.3
2024-01-10 22:52:43,12.73,8.1
2024-01-10 22:55:08,13.8,8.57
2024-01-10 22:57:36,17.88,9.2
2024-01-10 23:00:02,17.52,9.32
2024-01-10 23:02:35,18.35,8.88
2024-01-10 23:05:01,15.38,7.95
2024-01-10 23:07:26,15.5,7.93
2024-01-10 23:09:52,19.45,8.4
2024-01-10 23:12:19,16.73,9.32
2024-01-10 23:14:45,14.05,7.95
2024-01-10 23:17:10,20.65,9.27
2024-01-10 23:19:40,21.1,10.55
2024-01-10 23:22:06,19.77,9.27
2024-01-10 23:24:34,17.45,9.13
2024-01-10 23:27:01,18.67,9.35
2024-01-10 23:29:28,19.67,9.73
2024-01-10 23:31:53,18.73,8.85
2024-01-10 23:34:18,14.45,9.13
2024-01-10 23:36:44,15.0,7.85
2024-01-10 23:39:09,21.15,9.73
2024-01-10 23:41:38,22.3,9.77
2024-01-10 23:44:10,21.2,8.63
2024-01-10 23:46:38,18.5,9.18
2024-01-10 23:49:05,14.8,7.15
2024-01-10 23:51:32,16.33,8.35
2024-01-10 23:53:58,18.98,9.25
2024-01-10 23:56:23,17.08,8.43
2024-01-10 23:58:51,18.52,9.1
2024-01-11 00:01:17,16.7,8.5
2024-01-11 00:03:43,18.77,9.2
2024-01-11 00:06:11,13.8,8.45
2024-01-11 00:08:39,14.3,9.32
2024-01-11 00:11:04,15.7,8.52
2024-01-11 00:13:29,17.15,7.97
2024-01-11 00:15:55,18.08,7.63
2024-01-11 00:18:23,15.52,8.4
2024-01-11 00:20:48,19.8,8.57
2024-01-11 00:23:14,15.6,8.68
2024-01-11 00:25:39,18.7,8.43
2024-01-11 00:28:07,17.73,8.27
2024-01-11 00:30:32,21.45,9.27
2024-01-11 00:33:02,18.55,9.05
2024-01-11 00:35:31,16.58,8.57
2024-01-11 00:37:59,19.0,9.38
2024-01-11 00:40:25,17.13,8.73
2024-01-11 00:42:55,18.95,9.02
2024-01-11 00:45:20,15.25,7.53
2024-01-11 00:47:45,17.17,9.32
2024-01-11 00:50:11,20.42,9.8
2024-01-11 00:52:43,15.73,7.97
2024-01-11 00:55:11,16.77,9.45
2024-01-11 00:57:37,16.1,8.77
2024-01-11 01:00:02,17.92,8.57
2024-01-11 01:02:28,17.58,8.7
2024-01-11 01:04:53,20.0,8.93
2024-01-11 01:07:25,18.55,9.32
2024-01-11 01:09:51,15.32,9.05
2024-01-11 01:12:18,16.75,8.23
2024-01-11 01:14:44,16.73,8.3
2024-01-11 01:17:09,19.6,8.27
2024-01-11 01:19:34,17.02,7.93
2024-01-11 01:22:00,20.85,9.45
2024-01-11 01:24:25,18.48,8.23
2024-01-11 01:26:55,15.77,8.68
2024-01-11 01:29:21,17.58,8.1
2024-01-11 01:31:49,14.73,8.45
2024-01-11 01:34:16,16.02,8.3
2024-01-11 01:36:42,14.88,8.15
2024-01-11 01:39:07,18.88,9.15
2024-01-11 01:41:35,15.52,8.7
2024-01-11 01:44:00,14.9,8.48
2024-01-11 01:46:25,16.42,8.32
2024-01-11 01:48:56,18.4,8.9
2024-01-11 01:51:23,19.2,8.68
2024-01-11 01:53:51,16.48,8.4
2024-01-11 01:56:18,16.88,9.32
2024-01-11 01:58:47,16.58,8.6
2024-01-11 02:01:21,20.15,9.1
2024-01-11 02:03:51,19.45,9.05
2024-01-11 02:06:19,16.33,8.13
2024-01-11 02:08:51,13.2,7.6
2024-01-11 02:11:19,16.67,8.93
2024-01-11 02:13:49,14.65,8.32
2024-01-11 02:16:15,17.63,8.95
2024-01-11 02:18:41,19.2,9.15
2024-01-11 02:21:07,17.63,9.2
2024-01-11 02:23:35,21.3,9.38
2024-01-11 02:26:04,21.42,9.3
2024-01-11 02:28:30,13.43,7.93
2024-01-11 02:30:57,18.27,8.43
2024-01-11 02:33:25,18.85,9.2
2024-01-11 02:35:51,15.82,7.93
2024-01-11 02:38:16,15.65,8.57
2024-01-11 02:40:42,19.92,8.07
2024-01-11 02:43:09,15.57,7.6
2024-01-11 02:45:37,19.55,8.3
2024-01-11 02:48:03,16.1,8.55
2024-01-11 02:50:31,17.33,8.43
2024-01-11 02:52:58,19.42,9.95
2024-01-11 02:55:23,16.52,8.52
2024-01-11 02:57:54,16.73,7.55
2024-01-11 03:00:19,15.18,8.38
2024-01-11 03:02:44,15.18,7.9
2024-01-11 03:05:10,17.95,8.43
2024-01-11 03:07:35,15.95,7.43
2024-01-11 03:10:01,15.68,8.73
2024-01-11 03:12:28,17.63,9.32
2024-01-11 03:14:54,16.13,8.7
2024-01-11 03:17:21,20.75,9.18
2024-01-11 03:19:47,16.38,7.95
2024-01-11 03:22:12,20.33,9.4
2024-01-11 03:24:38,15.02,7.1
2024-01-11 03:27:08,13.35,7.88
2024-01-11 03:29:37,19.77,8.1
2024-01-11 03:32:02,18.23,8.23
2024-01-11 03:34:28,18.13,8.02
2024-01-11 03:36:53,16.55,8.18
2024-01-11 03:39:18,19.05,9.2
2024-01-11 03:41:44,18.0,8.27
2024-01-11 03:44:10,15.02,7.6
2024-01-11 03:46:35,21.9,9.45
2024-01-11 03:49:01,21.42,10.07
2024-01-11 03:51:28,15.82,7.57
2024-01-11 03:53:54,18.8,8.73
2024-01-11 03:56:19,14.32,7.5
2024-01-11 03:58:47,18.3,8.02
2024-01-11 04:01:14,14.85,7.53
2024-01-11 04:03:41,18.85,8.68
2024-01-11 04:06:08,16.8,9.13
2024-01-11 04:08:46,20.63,8.13
2024-01-11 04:11:11,17.25,8.45
2024-01-11 04:13:37,19.08,10.0
2024-01-11 04:16:06,16.83,9.23
2024-01-11 04:18:32,19.08,10.32
2024-01-11 04:20:58,20.55,11.1
2024-01-11 04:23:23,19.55,10.45
2024-01-11 04:25:49,21.55,9.98
2024-01-11 04:28:16,20.33,11.07
2024-01-11 04:30:44,18.05,10.02
2024-01-11 04:33:09,18.25,9.4
2024-01-11 04:35:35,19.63,10.68
2024-01-11 04:38:01,15.57,10.3
2024-01-11 04:40:29,19.6,9.8
2024-01-11 04:42:54,14.8,7.75
2024-01-11 04:45:20,17.95,9.1
2024-01-11 04:47:45,23.25,9.7
2024-01-11 04:50:10,16.52,9.98
2024-01-11 04:52:36,21.67,9.75
2024-01-11 04:55:04,18.27,10.38
2024-01-11 04:57:34,18.25,10.13
2024-01-11 05:00:00,20.0,9.7
2024-01-11 05:02:28,18.33,9.95
2024-01-11 05:04:53,16.73,8.48
2024-01-11 05:07:18,17.17,8.88
2024-01-11 05:09:46,17.45,8.77
2024-01-11 05:12:14,16.95,9.7
2024-01-11 05:14:41,18.08,10.98
2024-01-11 05:17:07,26.08,11.4
2024-01-11 05:19:32,21.2,8.93
2024-01-11 05:21:58,20.7,9.7
2024-01-11 05:24:23,19.52,10.15
2024-01-11 05:26:49,24.33,9.9
2024-01-11 05:29:14,18.6,8.23
2024-01-11 05:31:40,16.48,9.23
2024-01-11 05:34:05,19.1,9.7
2024-01-11 05:36:30,19.73,10.15
2024-01-11 05:38:56,21.88,10.55
2024-01-11 05:41:24,20.38,9.8
2024-01-11 05:43:49,20.23,8.77
2024-01-11 05:46:19,19.02,10.43
2024-01-11 05:48:47,22.52,11.48
2024-01-11 05:51:12,21.33,10.85
2024-01-11 05:53:40,18.88,10.0
2024-01-11 05:56:10,15.88,8.43
2024-01-11 05:58:36,18.7,9.23
2024-01-11 06:01:04,27.27,10.35
2024-01-11 06:03:29,23.85,10.3
2024-01-11 06:05:58,19.6,9.9
2024-01-11 06:08:25,23.2,10.77
2024-01-11 06:10:50,20.2,10.18
2024-01-11 06:13:18,24.45,10.6
2024-01-11 06:15:43,22.7,10.85
2024-01-11 06:18:09,15.95,9.35
2024-01-11 06:20:34,19.52,9.88
2024-01-11 06:23:02,21.02,9.05
2024-01-11 06:25:30,18.48,9.43
2024-01-11 06:27:55,20.85,9.9
2024-01-11 06:30:21,16.4,9.75
2024-01-11 06:32:46,14.85,8.23
2024-01-11 06:35:16,17.92,9.2
2024-01-11 06:37:41,18.6,9.1
2024-01-11 06:40:07,19.83,9.57
2024-01-11 06:42:33,18.45,8.95
2024-01-11 06:44:59,18.58,9.3
2024-01-11 06:47:28,19.52,10.65
2024-01-11 06:49:55,19.5,10.98
2024-01-11 06:52:24,18.0,9.5
2024-01-11 06:54:50,19.9,10.5
2024-01-11 06:57:17,18.38,10.27
2024-01-11 06:59:45,19.63,9.57
2024-01-11 07:02:14,19.2,10.2
2024-01-11 07:04:43,18.88,9.45
2024-01-11 07:07:10,19.9,8.95
2024-01-11 07:09:38,18.63,10.15
2024-01-11 07:12:04,20.5,10.07
2024-01-11 07:14:30,17.77,10.65
2024-01-11 07:16:58,16.05,8.8
2024-01-11 07:19:23,20.73,10.07
2024-01-11 07:21:51,20.5,9.3
2024-01-11 07:24:19,67.78,40.7
2024-01-11 07:26:47,17.95,10.52
2024-01-11 07:29:14,21.67,11.07
2024-01-11 07:31:42,23.58,10.9
2024-01-11 07:34:09,29.52,11.43
2024-01-11 07:36:36,21.05,9.57
2024-01-11 07:39:01,18.92,10.57
2024-01-11 07:41:26,20.88,9.88
2024-01-11 07:43:52,17.0,9.43
2024-01-11 07:46:23,17.95,9.35
2024-01-11 07:48:48,17.83,9.0
2024-01-11 07:51:14,16.35,9.3
2024-01-11 07:53:39,18.02,9.73
2024-01-11 07:56:06,21.08,10.1
2024-01-11 07:58:32,17.38,9.48
2024-01-11 08:00:57,22.38,10.18
2024-01-11 08:03:22,17.52,10.68
2024-01-11 08:05:48,22.3,9.98
2024-01-11 08:08:15,25.73,10.48
2024-01-11 08:10:41,20.67,10.63
2024-01-11 08:13:06,16.15,9.07
2024-01-11 08:15:34,23.13,9.93
2024-01-11 08:18:03,24.63,11.52
2024-01-11 08:20:29,21.67,10.18
2024-01-11 08:22:55,19.4,10.18
2024-01-11 08:25:21,20.38,11.2
2024-01-11 08:27:49,20.92,10.82
2024-01-11 08:30:14,24.42,9.65
2024-01-11 08:32:40,27.4,11.55
2024-01-11 08:35:08,23.88,11.73
2024-01-11 08:37:36,23.48,12.15
2024-01-11 08:40:05,21.7,10.8
2024-01-11 08:42:33,20.05,11.07
2024-01-11 08:45:01,17.95,10.8
2024-01-11 08:47:31,15.9,9.18
2024-01-11 08:49:57,19.3,10.6
2024-01-11 08:52:22,26.2,10.4
2024-01-11 08:54:48,22.25,11.55
2024-01-11 08:57:14,20.27,12.07
2024-01-11 08:59:40,25.95,12.25
2024-01-11 09:02:06,22.73,12.52
2024-01-11 09:04:35,25.08,13.88
2024-01-11 09:07:03,22.52,11.82
2024-01-11 09:09:28,22.83,11.68
2024-01-11 09:11:54,22.15,11.93
2024-01-11 09:14:19,23.83,12.93
2024-01-11 09:16:47,21.38,10.88
2024-01-11 09:19:14,22.33,11.55
2024-01-11 09:21:39,19.42,10.77
2024-01-11 09:24:04,26.15,12.35
2024-01-11 09:26:30,23.85,13.8
2024-01-11 09:28:55,26.5,12.85
2024-01-11 09:31:20,22.42,11.27
2024-01-11 09:33:46,28.05,13.48
2024-01-11 09:36:14,22.02,12.4
2024-01-11 09:38:42,28.38,13.35
2024-01-11 09:41:19,21.75,11.5
2024-01-11 09:43:44,23.63,11.9
2024-01-11 09:46:15,26.6,12.23
2024-01-11 09:48:48,27.4,12.23
2024-01-11 09:51:17,19.77,12.18
2024-01-11 09:53:47,22.3,13.68
2024-01-11 09:56:16,21.77,10.82
2024-01-11 09:58:43,22.92,11.82
2024-01-11 10:01:16,21.95,12.7
2024-01-11 10:03:43,19.98,10.75
2024-01-11 10:06:09,22.2,11.73
2024-01-11 10:08:35,24.38,11.82
2024-01-11 10:11:03,19.52,11.07
2024-01-11 10:13:30,18.52,10.88
2024-01-11 10:16:10,19.7,10.32
2024-01-11 10:18:40,15.2,10.4
2024-01-11 10:21:09,17.58,10.27
2024-01-11 10:23:37,24.13,11.9
2024-01-11 10:26:05,19.58,10.35
2024-01-11 10:28:32,19.65,10.1
2024-01-11 10:31:03,20.45,10.88
2024-01-11 10:33:29,21.48,11.1
2024-01-11 10:35:54,22.92,10.85
2024-01-11 10:38:20,19.08,10.1
2024-01-11 10:40:47,20.45,11.43
2024-01-11 10:43:17,21.67,11.23
2024-01-11 10:45:47,23.5,11.15
2024-01-11 10:48:14,20.2,11.8
2024-01-11 10:50:44,17.92,9.77
2024-01-11 10:56:10,18.52,11.77
2024-01-11 10:58:41,24.42,10.95
2024-01-11 11:01:13,20.08,10.18
2024-01-11 11:03:42,18.8,9.77
2024-01-11 11:06:11,22.2,11.65
2024-01-11 11:08:39,22.8,10.7
2024-01-11 11:11:08,18.63,9.7
2024-01-11 11:13:35,20.48,10.15
2024-01-11 11:16:04,19.27,10.0
2024-01-11 11:18:30,19.52,11.27
2024-01-11 11:20:58,17.25,10.57
2024-01-11 11:23:26,20.35,10.07
2024-01-11 11:25:53,18.45,9.88
2024-01-11 11:28:20,19.83,8.82
2024-01-11 11:30:47,19.65,9.43
2024-01-11 11:33:24,17.98,9.8
2024-01-11 11:35:53,20.0,10.3
2024-01-11 11:38:27,19.55,10.52
2024-01-11 11:40:58,19.4,10.48
2024-01-11 11:43:27,17.2,9.95
2024-01-11 11:45:58,18.2,10.73
2024-01-11 11:53:39,18.75,9.5
2024-01-11 11:56:10,18.55,8.88
2024-01-11 11:58:40,14.7,8.7
2024-01-11 12:01:07,16.2,8.07
2024-01-11 12:03:37,19.17,9.1
2024-01-11 12:06:14,15.48,9.02
2024-01-11 12:08:41,18.67,9.6
2024-01-11 12:11:17,20.83,9.75
2024-01-11 12:13:46,17.25,8.95
2024-01-11 12:16:13,16.05,9.27
2024-01-11 12:18:41,18.13,8.35
2024-01-11 12:21:09,20.98,9.95
2024-01-11 12:23:36,19.52,9.45
2024-01-11 12:26:06,18.08,9.48
2024-01-11 12:28:40,19.67,10.48
2024-01-11 12:31:08,17.58,8.65
2024-01-11 12:33:36,13.6,8.4
2024-01-11 12:36:06,17.33,9.57
2024-01-11 12:38:35,18.05,10.55
2024-01-11 12:41:00,19.45,9.68
2024-01-11 12:43:28,19.23,10.13
2024-01-11 12:45:59,16.02,8.3
2024-01-11 12:48:27,14.73,8.6
2024-01-11 12:50:53,16.85,8.68
2024-01-11 12:53:24,18.6,8.75
2024-01-11 12:56:10,18.52,8.82
2024-01-11 12:58:40,16.63,8.7
2024-01-11 13:01:11,17.88,9.0
2024-01-11 13:03:39,13.77,9.82
2024-01-11 13:06:10,17.23,9.32
2024-01-11 13:08:39,14.35,8.38
2024-01-11 13:11:07,16.58,8.25
2024-01-11 13:13:38,14.75,7.22
2024-01-11 13:16:04,18.1,7.88
2024-01-11 13:18:39,18.6,9.48
2024-01-11 13:21:04,16.75,8.25
2024-01-11 13:23:32,18.25,8.15
2024-01-11 13:25:57,17.73,9.4
2024-01-11 13:28:25,18.0,8.57
2024-01-11 13:33:20,19.25,8.48
2024-01-11 13:35:47,16.02,9.07
2024-01-11 13:38:13,16.42,8.1
2024-01-11 13:40:38,16.2,8.27
2024-01-11 13:43:08,11.77,7.53
2024-01-11 13:45:34,13.13,7.47
2024-01-11 13:48:01,11.2,6.03
2024-01-11 13:50:28,14.68,7.72
2024-01-11 13:52:53,12.3,6.25
2024-01-11 13:55:21,10.82,6.05
2024-01-11 13:57:51,9.85,5.28
2024-01-11 14:00:20,9.05,4.32
2024-01-11 14:02:46,11.18,5.25
2024-01-11 14:05:12,10.43,5.2
2024-01-11 14:07:42,7.72,4.97
2024-01-11 14:10:12,10.05,6.35
2024-01-11 14:12:40,8.65,5.15
2024-01-11 14:15:09,9.48,5.63
2024-01-11 14:17:41,13.02,6.03
2024-01-11 14:20:08,12.65,6.07
2024-01-11 14:22:37,10.13,5.72
2024-01-11 14:25:07,9.25,5.13
2024-01-11 14:27:36,10.88,6.28
2024-01-11 14:30:01,9.85,6.38
2024-01-11 14:32:30,10.63,6.35
2024-01-11 14:34:55,12.65,6.38
2024-01-11 14:37:28,10.7,6.4
2024-01-11 14:39:55,12.15,6.28
2024-01-11 14:42:23,12.15,7.05
2024-01-11 14:44:49,12.85,7.93
2024-01-11 14:47:14,10.57,6.07
2024-01-11 14:49:40,13.32,7.47
2024-01-11 14:52:06,11.5,7.5
2024-01-11 14:54:33,14.8,7.3
2024-01-11 14:56:59,12.55,8.05
2024-01-11 14:59:24,15.23,6.97
2024-01-11 15:01:50,12.32,7.5
2024-01-11 15:04:15,11.73,6.53
2024-01-11 15:06:41,15.1,8.75
2024-01-11 15:09:09,14.68,8.38
2024-01-11 15:11:37,19.45,9.4
2024-01-11 15:14:05,19.27,8.48
2024-01-11 15:16:34,13.5,7.47
2024-01-11 15:19:02,13.27,6.97
2024-01-11 15:21:28,16.02,8.1
2024-01-11 15:23:57,15.98,8.07
2024-01-11 15:26:25,15.4,8.65
2024-01-11 15:28:54,14.05,8.75
2024-01-11 15:31:19,15.82,9.18
2024-01-11 15:33:45,35.55,18.33
2024-01-11 15:36:11,21.65,12.35
2024-01-11 15:38:36,14.93,9.65
2024-01-11 15:41:01,14.2,10.55
2024-01-11 15:43:28,15.27,8.68
2024-01-11 15:45:53,19.38,10.98
2024-01-11 15:48:21,18.58,11.02
2024-01-11 15:50:49,18.73,10.43
2024-01-11 15:53:15,17.3,9.65
2024-01-11 15:55:41,20.27,11.0
2024-01-11 15:58:11,17.05,9.77
2024-01-11 16:00:36,19.42,12.2
2024-01-11 16:03:02,19.35,10.07
2024-01-11 16:05:28,19.52,11.52
2024-01-11 16:07:53,19.27,10.38
2024-01-11 16:10:18,18.25,11.3
2024-01-11 16:12:44,16.42,11.35
2024-01-11 16:15:12,18.35,10.88
2024-01-11 16:17:37,17.35,10.07
2024-01-11 16:20:02,19.38,10.05
2024-01-11 16:22:29,17.2,10.38
2024-01-11 16:24:55,15.2,9.25
2024-01-11 16:27:24,16.5,10.32
2024-01-11 16:29:51,19.15,10.75
2024-01-11 16:32:17,15.02,9.85
2024-01-11 16:34:47,20.67,10.93
2024-01-11 16:37:15,18.9,10.38
2024-01-11 16:39:47,18.35,10.15
2024-01-11 16:42:16,16.83,11.25
2024-01-11 16:44:45,20.42,10.52
2024-01-11 16:47:12,17.52,11.25
2024-01-11 16:49:41,16.45,10.85
2024-01-11 16:52:08,18.27,9.25
2024-01-11 16:54:34,18.65,10.55
2024-01-11 16:57:02,16.2,8.88
2024-01-11 16:59:35,16.98,10.32
2024-01-11 17:02:00,19.38,10.38
2024-01-11 17:04:31,17.67,9.48
2024-01-11 17:06:59,18.1,9.32
2024-01-11 17:09:25,18.95,11.13
2024-01-11 17:11:50,16.3,9.43
2024-01-11 17:14:18,17.88,10.65
2024-01-11 17:16:43,19.63,11.1
2024-01-11 17:19:09,19.58,9.85
2024-01-11 17:21:36,20.33,10.73
2024-01-11 17:24:05,18.1,10.02
2024-01-11 17:26:32,16.88,10.38
2024-01-11 17:28:59,15.32,9.3
2024-01-11 17:31:24,17.9,9.8
2024-01-11 17:33:52,18.05,10.1
2024-01-11 17:36:19,18.92,11.07
2024-01-11 17:38:47,22.33,14.0
2024-01-11 17:41:13,19.3,12.02
2024-01-11 17:43:41,18.25,11.57
2024-01-11 17:46:06,17.92,11.65
2024-01-11 17:48:34,16.92,10.35
2024-01-11 17:51:03,17.0,10.77
2024-01-11 17:53:29,20.85,11.35
2024-01-11 17:55:58,21.17,10.9
2024-01-11 17:58:29,18.75,10.45
2024-01-11 18:00:55,18.98,10.75
2024-01-11 18:03:28,18.27,10.45
2024-01-11 18:05:53,24.55,11.35
2024-01-11 18:08:18,16.85,11.3
2024-01-11 18:10:46,15.48,10.57
2024-01-11 18:13:14,20.83,11.93
2024-01-11 18:15:43,17.35,13.25
2024-01-11 18:18:11,22.8,14.98
2024-01-11 18:20:36,21.4,12.13
2024-01-11 18:23:05,25.17,12.27
2024-01-11 18:25:38,23.58,13.4
2024-01-11 18:28:06,24.13,12.55
2024-01-11 18:30:36,20.0,11.35
2024-01-11 18:33:03,18.35,12.23
2024-01-11 18:35:31,17.25,11.05
2024-01-11 18:37:56,17.95,11.07
2024-01-11 18:40:22,20.6,11.82
2024-01-11 18:42:49,18.2,10.45
2024-01-11 18:45:15,20.42,12.2
2024-01-11 18:47:41,19.27,11.4
2024-01-11 18:50:13,18.05,11.0
2024-01-11 18:52:38,18.25,11.48
2024-01-11 18:55:04,28.4,14.77
2024-01-11 18:57:30,37.6,17.52
2024-01-11 18:59:55,29.52,15.57
2024-01-11 19:02:21,24.1,13.27
2024-01-11 19:04:50,24.2,12.73
2024-01-11 19:07:18,31.63,17.13
2024-01-11 19:09:46,29.7,14.65
2024-01-11 19:12:12,21.08,12.4
2024-01-11 19:14:40,18.3,11.65
2024-01-11 19:17:05,19.73,11.48
2024-01-11 19:19:31,17.52,11.02
2024-01-11 19:21:57,19.65,10.85
2024-01-11 19:24:25,21.58,12.15
2024-01-11 19:26:57,17.9,11.02
2024-01-11 19:29:23,20.3,10.8
2024-01-11 19:31:51,20.08,11.95
2024-01-11 19:34:19,21.17,12.13
2024-01-11 19:36:44,18.1,10.77
2024-01-11 19:39:12,16.05,10.65
2024-01-11 19:41:38,19.85,10.9
2024-01-11 19:44:04,21.3,11.75
2024-01-11 19:46:32,21.9,12.18
2024-01-11 19:48:58,21.48,12.93
2024-01-11 19:51:24,24.25,13.13
2024-01-11 19:53:49,24.9,14.27
2024-01-11 19:56:17,25.02,14.23
2024-01-11 19:58:46,22.15,13.3
2024-01-11 20:01:13,27.35,15.15
2024-01-11 20:03:41,22.33,13.65
2024-01-11 20:06:07,25.23,15.32
2024-01-11 20:08:37,23.63,14.3
2024-01-11 20:11:06,25.7,14.52
2024-01-11 20:13:34,22.67,13.7
2024-01-11 20:16:00,29.33,14.6
2024-01-11 20:18:25,26.55,14.73
2024-01-11 20:20:57,26.3,15.9
2024-01-11 20:23:25,22.38,13.98
2024-01-11 20:25:50,22.05,13.48
2024-01-11 20:28:16,30.15,14.88
2024-01-11 20:30:47,22.45,13.7
2024-01-11 20:33:16,22.0,13.98
2024-01-11 20:35:44,28.4,14.2
2024-01-11 20:38:11,22.95,13.52
2024-01-11 20:40:37,20.63,13.8
2024-01-11 20:43:02,25.58,13.32
2024-01-11 20:45:31,22.85,13.32
2024-01-11 20:47:56,24.08,14.18
2024-01-11 20:50:25,24.2,13.9
2024-01-11 20:52:50,26.25,13.63
2024-01-11 20:55:18,24.08,13.75
2024-01-11 20:57:44,34.5,21.1
2024-01-11 21:00:12,28.83,14.85
2024-01-11 21:02:38,26.33,14.75
2024-01-11 21:05:04,25.13,16.42
2024-01-11 21:07:30,25.38,14.57
2024-01-11 21:09:58,23.33,14.9
2024-01-11 21:12:23,27.7,15.48
2024-01-11 21:14:51,23.3,14.57
2024-01-11 21:17:17,29.65,14.68
2024-01-11 21:19:47,23.15,15.23
2024-01-11 21:22:12,30.42,16.33
2024-01-11 21:24:38,27.55,14.8
2024-01-11 21:27:08,23.45,14.1
2024-01-11 21:29:36,27.88,17.0
2024-01-11 21:32:01,25.6,15.77
2024-01-11 21:34:27,27.45,15.95
2024-01-11 21:36:53,29.42,15.95
2024-01-11 21:39:19,29.55,15.4
2024-01-11 21:41:47,26.45,16.25
2024-01-11 21:44:16,26.27,15.02
2024-01-11 21:46:42,26.38,15.0
2024-01-11 21:49:07,25.38,15.77
2024-01-11 21:51:43,29.98,15.7
2024-01-11 21:54:08,26.95,15.75
2024-01-11 21:56:36,27.55,16.73
2024-01-11 21:59:01,31.4,17.52
2024-01-11 22:01:32,25.67,14.85
2024-01-11 22:04:00,24.17,15.82
2024-01-11 22:06:28,28.98,17.58
2024-01-11 22:08:58,28.9,17.8
2024-01-11 22:11:26,29.25,16.65
2024-01-11 22:13:54,27.98,17.48
2024-01-11 22:16:19,32.67,17.8
2024-01-11 22:18:45,27.65,17.27
2024-01-11 22:21:10,27.63,18.0
2024-01-11 22:23:36,30.75,18.65
2024-01-11 22:26:04,33.15,18.4
2024-01-11 22:28:29,32.42,18.63
2024-01-11 22:30:55,32.85,17.3
2024-01-11 22:33:20,30.75,16.67
2024-01-11 22:35:48,29.52,18.38
2024-01-11 22:38:13,35.7,17.77
2024-01-11 22:40:39,29.1,18.1
2024-01-11 22:43:04,30.48,17.63
2024-01-11 22:45:32,28.52,17.2
2024-01-11 22:48:01,26.45,16.6
2024-01-11 22:50:26,33.17,16.6
2024-01-11 22:52:52,24.83,15.57
2024-01-11 22:55:17,28.65,16.6
2024-01-11 22:57:43,27.3,15.0
2024-01-11 23:00:08,27.4,16.17
2024-01-11 23:02:49,27.23,16.8
2024-01-11 23:05:15,30.6,16.75
2024-01-11 23:07:45,27.3,16.75
2024-01-11 23:10:11,28.85,16.27
2024-01-11 23:12:40,26.9,16.67
2024-01-11 23:15:11,29.92,15.68
2024-01-11 23:17:36,33.55,16.4
2024-01-11 23:20:07,26.55,15.65
2024-01-11 23:22:35,27.3,15.57
2024-01-11 23:25:05,28.35,16.52
2024-01-11 23:27:34,29.9,15.75
2024-01-11 23:29:59,29.5,16.52
2024-01-11 23:32:28,30.15,15.52
2024-01-11 23:34:57,28.52,17.0
2024-01-11 23:37:28,25.05,15.73
2024-01-11 23:39:56,29.58,16.6
2024-01-11 23:42:24,27.17,17.42
2024-01-11 23:44:49,24.0,14.55
2024-01-11 23:47:19,27.8,15.9
2024-01-11 23:49:47,26.83,14.77
2024-01-11 23:52:15,26.0,15.3
2024-01-11 23:54:43,27.27,15.52
2024-01-11 23:57:11,24.88,14.55
2024-01-11 23:59:36,23.1,13.52
2024-01-12 00:02:01,26.58,15.13
2024-01-12 00:04:29,24.15,13.63
2024-01-12 00:06:57,23.4,14.35
2024-01-12 00:09:22,26.1,14.4
2024-01-12 00:11:48,32.15,16.1
2024-01-12 00:14:16,22.48,13.93
2024-01-12 00:16:42,26.92,15.77
2024-01-12 00:19:13,22.42,12.7
2024-01-12 00:21:38,21.35,13.27
2024-01-12 00:24:12,27.75,14.82
2024-01-12 00:26:37,27.88,14.48
2024-01-12 00:29:02,25.75,13.38
2024-01-12 00:31:30,23.92,13.52
2024-01-12 00:34:00,25.6,14.18
2024-01-12 00:36:25,24.5,13.8
2024-01-12 00:38:57,24.58,12.98
2024-01-12 00:41:25,21.4,13.02
2024-01-12 00:43:51,25.27,14.02
2024-01-12 00:46:18,22.95,13.48
2024-01-12 00:48:46,26.58,12.9
2024-01-12 00:51:13,26.77,14.23
2024-01-12 00:53:41,27.48,13.65
2024-01-12 00:56:06,25.48,14.15
2024-01-12 00:58:35,25.88,13.35
2024-01-12 01:01:00,22.92,13.25
2024-01-12 01:03:25,20.98,11.75
2024-01-12 01:05:53,19.38,12.95
2024-01-12 01:08:18,22.13,11.4
2024-01-12 01:10:44,22.1,12.52
2024-01-12 01:13:12,22.38,13.15
2024-01-12 01:15:38,23.48,13.32
2024-01-12 01:18:03,22.13,11.77
2024-01-12 01:20:29,26.17,12.65
2024-01-12 01:23:00,25.4,12.93
2024-01-12 01:25:25,26.77,13.23
2024-01-12 01:27:51,23.13,11.93
2024-01-12 01:30:18,24.4,11.02
2024-01-12 01:32:52,16.58,9.98
2024-01-12 01:35:20,20.1,10.6
2024-01-12 01:37:46,17.8,9.98
2024-01-12 01:40:12,18.35,9.65
2024-01-12 01:42:37,14.45,8.23
2024-01-12 01:45:04,17.77,8.93
2024-01-12 01:47:29,16.45,9.2
2024-01-12 01:50:00,15.77,8.52
2024-01-12 01:52:25,15.98,9.43
2024-01-12 01:54:56,16.75,8.9
2024-01-12 01:57:23,16.25,8.48
2024-01-12 01:59:50,13.63,8.13
2024-01-12 02:02:16,17.55,9.23
2024-01-12 02:04:44,14.93,7.55
2024-01-12 02:07:09,15.63,7.85
2024-01-12 02:09:35,16.58,8.2
2024-01-12 02:12:01,15.2,8.07
2024-01-12 02:14:30,16.1,7.72
2024-01-12 02:16:57,14.35,7.55
2024-01-12 02:19:22,13.38,8.13
2024-01-12 02:21:47,18.27,9.5
2024-01-12 02:24:16,11.3,7.32
2024-01-12 02:26:44,14.45,8.95
2024-01-12 02:29:09,19.13,8.98
2024-01-12 02:31:37,13.95,8.13
2024-01-12 02:34:04,15.7,9.4
2024-01-12 02:36:31,12.68,8.1
2024-01-12 02:38:57,14.75,8.23
2024-01-12 02:41:27,18.05,8.2
2024-01-12 02:43:52,19.7,8.25
2024-01-12 02:46:20,14.23,6.93
2024-01-12 02:48:48,14.85,7.0
2024-01-12 02:51:13,13.82,7.57
2024-01-12 02:53:41,11.88,6.15
2024-01-12 02:56:06,11.4,7.55
2024-01-12 02:58:34,11.27,5.75
2024-01-12 03:01:02,14.55,6.45
2024-01-12 03:03:27,16.23,7.38
2024-01-12 03:05:58,16.1,6.97
2024-01-12 03:08:23,14.27,6.32
2024-01-12 03:10:51,12.15,5.8
2024-01-12 03:13:21,12.23,6.3
2024-01-12 03:15:49,18.6,6.35
2024-01-12 03:18:14,12.3,5.35
2024-01-12 03:20:39,14.4,5.78
2024-01-12 03:23:05,9.57,4.95
2024-01-12 03:25:33,14.6,5.68
2024-01-12 03:27:58,11.38,5.65
2024-01-12 03:30:24,12.0,5.35
2024-01-12 03:32:52,14.27,5.95
2024-01-12 03:35:17,10.25,5.7
2024-01-12 03:37:47,14.85,5.47
2024-01-12 03:40:12,11.07,4.72
2024-01-12 03:42:45,11.8,5.03
2024-01-12 03:45:13,14.13,5.75
2024-01-12 03:47:40,13.82,5.03
2024-01-12 03:50:06,12.82,5.0
2024-01-12 03:52:34,17.8,5.28
2024-01-12 03:55:00,11.55,4.88
2024-01-12 03:57:26,11.57,4.47
2024-01-12 03:59:51,13.93,4.63
2024-01-12 04:02:19,8.3,3.4
2024-01-12 04:04:46,9.68,4.13
2024-01-12 04:07:12,10.35,3.42
2024-01-12 04:09:37,9.7,4.07
2024-01-12 04:12:09,13.27,3.63
2024-01-12 04:14:36,13.82,4.43
2024-01-12 04:17:02,9.63,3.5
2024-01-12 04:19:30,7.18,3.17
2024-01-12 04:22:00,12.98,3.7
2024-01-12 04:24:28,9.68,3.67
2024-01-12 04:26:53,10.25,3.8
2024-01-12 04:29:19,15.9,4.9
2024-01-12 04:31:45,12.43,3.33
2024-01-12 04:34:14,7.03,2.67
2024-01-12 04:36:40,12.82,3.9
2024-01-12 04:39:09,13.5,3.67
2024-01-12 04:41:37,8.45,2.75
2024-01-12 04:44:02,12.23,2.9
2024-01-12 04:46:30,15.18,4.32
2024-01-12 04:48:55,16.52,3.0
2024-01-12 04:51:21,15.1,3.83
2024-01-12 04:53:49,13.15,2.72
2024-01-12 04:56:15,9.88,3.55
2024-01-12 04:58:41,8.68,2.1
2024-01-12 05:01:09,9.77,2.7
2024-01-12 05:03:34,9.23,2.67
2024-01-12 05:06:02,11.3,2.67
2024-01-12 05:08:27,8.75,3.0
2024-01-12 05:10:53,14.52,3.35
2024-01-12 05:13:19,7.78,2.67
2024-01-12 05:15:45,10.82,3.0
2024-01-12 05:18:10,9.95,3.47
2024-01-12 05:20:35,12.7,3.4
2024-01-12 05:23:01,10.15,3.17
2024-01-12 05:25:28,19.88,4.5
2024-01-12 05:27:59,7.85,2.78
2024-01-12 05:30:30,10.32,3.0
2024-01-12 05:32:56,11.82,2.72
2024-01-12 05:35:23,10.6,2.33
2024-01-12 05:37:49,7.85,2.63
2024-01-12 05:40:14,13.75,2.92
2024-01-12 05:42:40,7.13,2.85
2024-01-12 05:45:05,8.63,2.72
2024-01-12 05:47:31,9.45,3.2
2024-01-12 05:49:59,11.8,2.88
2024-01-12 05:52:28,13.38,3.92
2024-01-12 05:54:53,9.98,3.03
2024-01-12 05:57:21,10.0,3.4
2024-01-12 05:59:46,11.4,2.63
2024-01-12 06:02:14,18.35,4.82
2024-01-12 06:04:42,14.63,4.4
2024-01-12 06:07:10,11.2,4.13
2024-01-12 06:09:41,14.13,4.5
2024-01-12 06:12:06,10.05,3.7
2024-01-12 06:14:37,13.57,3.5
2024-01-12 06:17:03,10.77,3.17
2024-01-12 06:19:31,10.32,3.45
2024-01-12 06:21:57,10.23,3.47
2024-01-12 06:24:22,13.57,4.6
2024-01-12 06:26:47,11.85,2.92
2024-01-12 06:29:15,8.88,2.65
2024-01-12 06:31:43,9.35,2.95
2024-01-12 06:34:11,11.0,3.85
2024-01-12 06:36:41,8.48,2.78
2024-01-12 06:39:12,13.2,3.53
2024-01-12 06:41:46,13.18,3.97
2024-01-12 06:44:12,11.23,3.72
2024-01-12 06:46:44,19.2,5.35
2024-01-12 06:49:10,10.9,4.47
2024-01-12 06:51:38,14.27,4.97
2024-01-12 06:54:05,19.35,5.38
2024-01-12 06:56:31,10.27,3.63
2024-01-12 06:59:02,10.27,3.4
2024-01-12 07:01:31,19.02,4.78
2024-01-12 07:03:56,14.65,4.57
2024-01-12 07:06:22,15.3,4.22
2024-01-12 07:08:47,21.48,5.93
2024-01-12 07:11:17,14.43,4.05
2024-01-12 07:13:48,9.55,4.03
2024-01-12 07:16:16,12.75,4.65
2024-01-12 07:18:41,19.77,4.15
2024-01-12 07:21:10,17.9,4.07
2024-01-12 07:23:37,14.63,4.43
2024-01-12 07:26:03,13.7,3.5
2024-01-12 07:28:28,16.0,4.6
2024-01-12 07:30:56,15.55,4.4
2024-01-12 07:33:21,16.15,5.25
2024-01-12 07:35:47,10.98,3.92
2024-01-12 07:38:12,16.08,5.25
2024-01-12 07:40:40,17.02,5.35
2024-01-12 07:43:08,19.98,6.55
2024-01-12 07:45:35,18.45,5.1
2024-01-12 07:48:03,15.4,5.75
2024-01-12 07:50:31,17.75,5.6
2024-01-12 07:52:56,13.93,4.22
2024-01-12 07:55:21,16.38,5.63
2024-01-12 07:57:49,11.7,5.18
2024-01-12 08:00:15,15.57,5.65
2024-01-12 08:02:40,15.93,6.3
2024-01-12 08:05:06,22.5,5.65
2024-01-12 08:09:57,14.07,5.13
2024-01-12 08:12:27,23.88,6.7
2024-01-12 08:14:53,22.23,5.55
2024-01-12 08:17:20,15.73,5.6
2024-01-12 08:19:46,15.1,5.38
2024-01-12 08:22:14,19.63,6.22
2024-01-12 08:24:42,16.17,5.88
2024-01-12 08:27:09,20.88,6.22
2024-01-12 08:29:37,19.55,7.25
2024-01-12 08:32:03,21.23,7.0
2024-01-12 08:34:33,25.08,6.78
2024-01-12 08:37:00,19.27,6.68
2024-01-12 08:39:29,22.0,7.75
2024-01-12 08:41:54,15.65,6.18
2024-01-12 08:44:27,22.3,7.25
2024-01-12 08:46:52,19.27,6.8
2024-01-12 08:49:18,22.6,6.93
2024-01-12 08:51:47,20.7,6.07
2024-01-12 08:54:13,21.4,7.68
2024-01-12 08:56:39,19.0,7.57
2024-01-12 08:59:07,20.48,8.9
2024-01-12 09:01:33,17.5,7.97
2024-01-12 09:03:59,22.33,7.45
2024-01-12 09:06:26,22.27,7.32
2024-01-12 09:08:51,19.33,7.22
2024-01-12 09:11:19,29.05,7.78
2024-01-12 09:13:44,18.67,7.75
2024-01-12 09:16:10,18.92,7.1
2024-01-12 09:18:41,25.92,8.15
2024-01-12 09:21:13,21.08,7.3
2024-01-12 09:23:43,20.85,7.85
2024-01-12 09:26:11,16.5,7.82
2024-01-12 09:28:41,25.95,7.88
2024-01-12 09:31:06,25.0,7.45
2024-01-12 09:33:34,18.0,7.22
2024-01-12 09:35:59,17.3,7.15
2024-01-12 09:38:28,19.05,7.13
2024-01-12 09:40:54,23.52,8.02
2024-01-12 09:43:21,17.42,8.02
2024-01-12 09:45:49,15.93,7.72
2024-01-12 09:48:16,21.67,7.25
2024-01-12 09:50:46,22.75,7.57
2024-01-12 09:53:13,22.3,7.3
2024-01-12 09:55:41,18.1,7.2
2024-01-12 09:58:11,24.38,8.07
2024-01-12 10:00:38,16.3,7.4
2024-01-12 10:03:08,19.15,6.65
2024-01-12 10:05:35,18.23,7.22
2024-01-12 10:08:03,13.45,6.6
2024-01-12 10:10:32,19.88,8.5
2024-01-12 10:12:57,16.6,6.78
2024-01-12 10:15:22,20.15,7.75
2024-01-12 10:20:15,18.38,6.93
2024-01-12 10:22:40,15.88,6.88
2024-01-12 10:25:06,16.85,7.15
2024-01-12 10:27:32,18.13,7.1
2024-01-12 10:29:57,23.48,7.93
2024-01-12 10:32:23,19.85,8.0
2024-01-12 10:34:49,15.6,6.28
2024-01-12 10:37:19,16.98,7.9
2024-01-12 10:39:46,20.7,8.07
2024-01-12 10:42:13,20.85,7.3
2024-01-12 10:44:39,19.27,6.82
2024-01-12 10:47:10,18.5,7.1
2024-01-12 10:55:21,17.7,8.1
2024-01-12 10:57:54,16.88,7.13
2024-01-12 11:00:21,23.65,7.65
2024-01-12 11:02:47,15.9,6.2
2024-01-12 11:05:14,18.5,7.13
2024-01-12 11:07:46,16.0,7.15
2024-01-12 11:12:39,13.0,6.25
2024-01-12 11:15:06,16.98,7.18
2024-01-12 11:17:36,17.98,7.2
2024-01-12 11:22:41,15.25,7.2
2024-01-12 11:25:10,16.25,7.3
2024-01-12 11:27:40,10.65,5.6
2024-01-12 11:30:07,13.02,6.28
2024-01-12 11:32:34,18.8,7.4
2024-01-12 11:35:16,16.88,6.8
2024-01-12 11:37:58,15.73,5.88
2024-01-12 11:40:27,21.08,7.6
2024-01-12 11:42:53,16.1,7.4
2024-01-12 11:45:19,21.23,7.28
2024-01-12 11:47:45,15.82,6.63
2024-01-12 11:50:11,13.77,5.75
2024-01-12 11:52:54,16.5,6.22
2024-01-12 11:55:21,19.25,7.18
2024-01-12 11:57:47,15.02,8.2
2024-01-12 12:00:12,12.75,5.9
2024-01-12 12:02:38,14.55,6.45
2024-01-12 12:05:07,15.18,6.2
2024-01-12 12:07:36,13.48,6.35
2024-01-12 12:10:08,17.55,7.1
2024-01-12 12:12:36,17.55,6.6
2024-01-12 12:17:34,17.05,7.05
2024-01-12 12:20:02,21.38,7.43
2024-01-12 12:22:29,18.38,6.53
2024-01-12 12:24:55,15.9,5.55
2024-01-12 12:27:23,12.95,6.6
2024-01-12 12:29:49,16.38,6.63
2024-01-12 12:32:15,19.45,7.38
2024-01-12 12:34:41,16.33,6.05
2024-01-12 12:37:13,13.05,6.4
2024-01-12 12:39:39,14.75,6.13
2024-01-12 12:42:08,15.18,6.35
2024-01-12 12:44:34,11.93,6.57
2024-01-12 12:47:03,22.88,7.2
2024-01-12 12:52:00,17.38,7.22
2024-01-12 12:54:25,16.3,5.97
2024-01-12 12:56:53,20.2,7.68
2024-01-12 12:59:23,17.25,7.0
2024-01-12 13:01:49,20.7,7.22
2024-01-12 13:04:15,17.58,7.32
2024-01-12 13:06:43,18.33,6.95
2024-01-12 13:09:08,18.05,6.3
2024-01-12 13:11:38,13.07,6.78
2024-01-12 13:14:06,12.02,6.1
2024-01-12 13:16:33,15.93,6.5
2024-01-12 13:19:00,12.35,6.2
2024-01-12 13:21:28,14.35,6.65
2024-01-12 13:23:54,16.8,6.38
2024-01-12 13:26:22,14.88,6.8
2024-01-12 13:28:48,12.65,6.63
2024-01-12 13:31:17,17.45,5.93
2024-01-12 13:33:42,12.7,6.5
2024-01-12 13:36:08,17.4,6.7
2024-01-12 13:38:33,17.17,6.05
2024-01-12 13:40:59,16.85,6.65
2024-01-12 13:43:27,14.3,6.15
2024-01-12 13:45:52,23.88,7.4
2024-01-12 13:48:20,14.88,6.32
2024-01-12 13:50:55,11.77,6.05
2024-01-12 13:53:26,13.98,6.43
2024-01-12 13:55:52,12.65,6.2
2024-01-12 13:58:18,22.77,7.55
2024-01-12 14:00:43,17.17,6.72
2024-01-12 14:03:09,14.0,5.32
2024-01-12 14:05:36,14.82,6.2
2024-01-12 14:08:03,12.98,5.8
2024-01-12 14:10:29,15.4,6.7
2024-01-12 14:12:55,16.02,5.72
2024-01-12 14:15:20,11.75,5.82
2024-01-12 14:17:46,18.48,6.93
2024-01-12 14:20:11,15.98,6.03
2024-01-12 14:25:05,13.1,6.1
2024-01-12 14:27:33,13.05,5.75
2024-01-12 14:29:59,16.77,5.72
2024-01-12 14:32:27,12.93,6.68
2024-01-12 14:34:53,13.68,6.32
2024-01-12 14:37:18,15.25,6.18
2024-01-12 14:39:44,18.45,5.93
2024-01-12 14:42:09,17.33,6.2
2024-01-12 14:44:35,15.63,7.2
2024-01-12 14:47:00,12.7,5.35
2024-01-12 14:49:26,15.15,6.38
2024-01-12 14:51:51,17.42,6.28
2024-01-12 14:54:17,16.1,7.2
2024-01-12 14:56:43,19.2,7.28
2024-01-12 14:59:09,13.7,5.95
2024-01-12 15:04:01,11.57,5.57
2024-01-12 15:06:26,11.1,5.2
2024-01-12 15:08:52,15.0,5.88
2024-01-12 15:11:18,12.23,6.18
2024-01-12 15:13:47,22.63,8.1
2024-01-12 15:16:13,13.73,5.95
2024-01-12 15:18:40,16.23,7.15
2024-01-12 15:21:08,14.85,6.43
2024-01-12 15:23:33,14.65,6.35
2024-01-12 15:25:59,16.75,6.55
2024-01-12 15:28:29,13.32,6.05
2024-01-12 15:30:55,17.35,6.97
2024-01-12 15:33:22,14.1,6.18
2024-01-12 15:35:48,14.1,5.93
2024-01-12 15:38:14,16.9,5.88
2024-01-12 15:40:39,12.88,5.88
2024-01-12 15:43:05,17.15,5.75
2024-01-12 15:45:30,15.07,6.3
2024-01-12 15:47:55,14.32,6.53
2024-01-12 15:50:21,11.95,5.97
2024-01-12 15:52:49,12.77,5.7
2024-01-12 15:55:14,16.08,6.38
2024-01-12 15:57:40,14.23,6.15
2024-01-12 16:00:08,17.77,6.97
2024-01-12 16:02:39,9.43,4.72
2024-01-12 16:05:07,15.55,6.7
2024-01-12 16:07:33,15.75,6.18
2024-01-12 16:09:58,12.77,6.38
2024-01-12 16:12:27,15.95,7.28
2024-01-12 16:14:55,14.8,6.6
2024-01-12 16:17:20,14.1,5.5
2024-01-12 16:19:48,17.85,5.78
2024-01-12 16:22:16,14.45,5.95
2024-01-12 16:24:42,21.92,7.95
2024-01-12 16:27:10,22.05,9.13
2024-01-12 16:29:41,10.13,5.88
2024-01-12 16:32:07,20.27,9.5
2024-01-12 16:34:32,18.88,8.6
2024-01-12 16:36:58,16.15,8.5
2024-01-12 16:39:23,16.88,6.72
2024-01-12 16:41:52,20.63,7.95
2024-01-12 16:44:23,13.98,6.28
2024-01-12 16:46:53,11.85,4.78
2024-01-12 16:49:21,11.65,4.28
2024-01-12 16:51:46,10.95,5.03
2024-01-12 16:54:12,11.68,5.3
2024-01-12 16:56:38,10.93,4.07
2024-01-12 16:59:07,13.43,5.2
2024-01-12 17:01:35,10.98,4.72
2024-01-12 17:04:01,10.68,4.03
2024-01-12 17:06:26,44.72,15.1
2024-01-12 17:08:54,15.43,8.0
2024-01-12 17:11:19,27.42,9.52
2024-01-12 17:13:45,15.73,5.18
2024-01-12 17:16:10,14.4,6.45
2024-01-12 17:18:39,9.98,5.1
2024-01-12 17:23:32,11.37,5.0
2024-01-12 17:26:07,10.45,5.6
2024-01-12 17:28:33,11.77,5.68
2024-01-12 17:31:02,11.38,5.85
2024-01-12 17:33:28,10.43,6.1
2024-01-12 17:35:56,12.8,6.07
2024-01-12 17:38:22,13.25,5.88
2024-01-12 17:40:47,9.77,6.13
2024-01-12 17:43:13,10.75,4.57
2024-01-12 17:45:40,11.07,4.3
2024-01-12 17:48:06,8.02,3.8
2024-01-12 17:50:31,12.27,4.03
2024-01-12 17:52:57,6.0,3.35
2024-01-12 17:55:24,9.63,4.03
2024-01-12 17:57:49,6.95,3.4
2024-01-12 18:00:15,9.15,3.13
2024-01-12 18:02:41,8.4,4.32
2024-01-12 18:05:06,9.15,4.55
2024-01-12 18:07:32,9.63,4.3
2024-01-12 18:09:57,9.9,5.3
2024-01-12 18:12:25,12.27,6.1
2024-01-12 18:14:51,7.35,5.8
2024-01-12 18:17:16,10.95,6.6
2024-01-12 18:19:44,11.1,6.45
2024-01-12 18:22:09,11.43,6.22
2024-01-12 18:24:35,11.8,6.2
2024-01-12 18:27:00,10.9,6.0
2024-01-12 18:29:29,9.05,5.0
2024-01-12 18:31:56,8.45,4.47
2024-01-12 18:34:24,12.38,4.47
2024-01-12 18:36:50,9.93,5.13
2024-01-12 18:39:15,11.13,4.5
2024-01-12 18:41:40,7.2,3.8
2024-01-12 18:44:06,6.82,3.38
2024-01-12 18:46:31,6.53,3.13
2024-01-12 18:48:59,6.1,3.03
2024-01-12 18:51:25,5.57,3.15
2024-01-12 18:53:51,5.53,2.97
2024-01-12 18:56:16,7.7,2.92
2024-01-12 18:58:41,4.78,2.83
2024-01-12 19:01:07,6.68,3.15
2024-01-12 19:03:33,6.78,3.72
2024-01-12 19:05:59,9.75,4.18
2024-01-12 19:08:25,10.35,5.53
2024-01-12 19:10:50,8.5,5.2
2024-01-12 19:13:16,9.25,6.0
2024-01-12 19:15:41,38.38,17.83
2024-01-12 19:18:07,33.17,17.92
2024-01-12 19:20:35,22.3,13.85
2024-01-12 19:23:00,16.45,10.2
2024-01-12 19:25:31,17.55,8.4
2024-01-12 19:27:56,15.65,8.55
2024-01-12 19:30:22,15.07,9.4
2024-01-12 19:32:49,15.7,9.1
2024-01-12 19:35:15,17.2,10.52
2024-01-12 19:37:41,10.63,6.43
2024-01-12 19:40:06,11.75,5.75
2024-01-12 19:42:32,9.68,4.45
2024-01-12 19:44:58,11.48,5.63
2024-01-12 19:47:25,5.43,4.35
2024-01-12 19:49:50,12.05,8.3
2024-01-12 19:52:16,17.48,9.77
2024-01-12 19:54:42,18.83,10.6
2024-01-12 19:57:07,11.25,7.95
2024-01-12 20:01:59,14.77,8.63
2024-01-12 20:04:24,10.35,6.03
2024-01-12 20:06:50,8.8,4.78
2024-01-12 20:09:15,6.35,4.55
2024-01-12 20:11:40,8.48,4.7
2024-01-12 20:14:06,6.47,4.0
2024-01-12 20:16:32,17.3,9.05
2024-01-12 20:18:57,15.38,8.95
2024-01-12 20:21:23,13.2,8.05
2024-01-12 20:23:52,8.8,5.22
2024-01-12 20:26:20,7.18,4.9
2024-01-12 20:28:55,8.23,3.65
2024-01-12 20:31:20,8.13,4.18
2024-01-12 20:33:47,13.75,5.18
2024-01-12 20:36:13,7.4,5.43
2024-01-12 20:38:42,15.38,8.07
2024-01-12 20:41:11,9.45,5.57
2024-01-12 20:43:38,9.52,6.72
2024-01-12 20:46:03,16.0,8.3
2024-01-12 20:48:29,19.25,10.98
2024-01-12 20:50:54,16.85,9.4
2024-01-12 20:53:22,12.52,7.7
2024-01-12 20:55:50,9.82,7.28
2024-01-12 20:58:16,10.98,7.4
2024-01-12 21:00:42,15.18,9.02
2024-01-12 21:03:07,12.77,8.32
2024-01-12 21:05:33,9.23,6.13
2024-01-12 21:07:58,8.45,5.57
2024-01-12 21:10:23,13.98,7.2
2024-01-12 21:12:49,10.15,5.85
2024-01-12 21:15:14,10.23,5.95
2024-01-12 21:17:40,8.82,4.68
2024-01-12 21:20:06,11.35,5.07
2024-01-12 21:22:31,11.2,6.32
2024-01-12 21:24:59,9.85,6.6
2024-01-12 21:27:29,11.73,5.13
2024-01-12 21:29:56,8.07,4.68
2024-01-12 21:32:25,10.02,5.53
2024-01-12 21:34:50,7.63,5.15
2024-01-12 21:37:19,12.18,5.78
2024-01-12 21:39:44,13.93,5.68
2024-01-12 21:42:10,6.95,4.07
2024-01-12 21:44:35,7.53,4.8
2024-01-12 21:47:03,6.78,4.57
2024-01-12 21:49:28,11.43,6.03
2024-01-12 21:51:54,10.82,6.38
2024-01-12 21:54:21,11.0,6.32
2024-01-12 21:56:49,11.8,5.18
2024-01-12 21:59:14,8.05,5.2
2024-01-12 22:01:42,15.32,4.63
2024-01-12 22:04:08,7.4,4.6
2024-01-12 22:06:33,6.13,4.1
2024-01-12 22:08:58,7.88,4.45
2024-01-12 22:11:24,8.6,4.7
2024-01-12 22:13:49,13.85,5.88
2024-01-12 22:16:17,12.77,5.88
2024-01-12 22:18:42,9.55,5.38
2024-01-12 22:21:08,8.8,4.78
2024-01-12 22:23:36,9.4,5.65
2024-01-12 22:26:02,13.25,5.5
2024-01-12 22:28:33,11.52,5.4
2024-01-12 22:31:00,16.3,7.45
2024-01-12 22:33:27,10.9,5.85
2024-01-12 22:35:53,9.02,4.85
2024-01-12 22:38:18,5.47,4.25
2024-01-12 22:40:46,8.38,4.78
2024-01-12 22:43:12,11.2,6.47
2024-01-12 22:45:40,11.0,5.35
2024-01-12 22:48:08,11.5,6.65
2024-01-12 22:50:36,7.57,5.38
2024-01-12 22:53:01,8.0,5.38
2024-01-12 22:55:27,10.7,5.2
2024-01-12 22:57:56,7.25,4.6
2024-01-12 23:00:21,8.9,5.7
2024-01-12 23:03:05,7.95,5.1
2024-01-12 23:05:34,10.0,5.05
2024-01-12 23:08:03,8.45,5.22
2024-01-12 23:10:29,9.13,4.8
2024-01-12 23:12:54,8.93,5.65
2024-01-12 23:15:21,10.8,5.68
2024-01-12 23:17:51,9.8,5.75
2024-01-12 23:20:16,9.27,5.85
2024-01-12 23:22:45,10.95,6.2
2024-01-12 23:25:10,8.95,5.55
2024-01-12 23:27:36,10.27,5.5
2024-01-12 23:30:05,11.1,6.47
2024-01-12 23:32:34,12.35,6.78
2024-01-12 23:35:00,10.13,6.28
2024-01-12 23:37:25,12.5,6.47
2024-01-12 23:39:51,8.35,5.75
2024-01-12 23:42:19,9.32,5.5
2024-01-12 23:44:47,10.43,6.15
2024-01-12 23:47:15,8.13,5.22
2024-01-12 23:49:42,9.65,5.85
2024-01-12 23:52:10,15.45,8.05
2024-01-12 23:54:35,10.07,6.7
2024-01-12 23:57:01,17.33,8.88
2024-01-12 23:59:27,13.38,8.45
2024-01-13 00:01:53,10.75,7.22
2024-01-13 00:04:20,12.88,7.18
2024-01-13 00:06:46,16.0,8.48
2024-01-13 00:09:14,14.43,8.88
2024-01-13 00:11:39,14.45,8.98
2024-01-13 00:14:07,9.68,5.57
2024-01-13 00:16:32,8.55,5.25
2024-01-13 00:18:58,7.6,6.0
2024-01-13 00:21:25,9.48,6.05
2024-01-13 00:23:51,7.97,5.85
2024-01-13 00:26:23,9.35,5.82
2024-01-13 00:28:52,10.1,5.15
2024-01-13 00:31:18,11.38,5.32
2024-01-13 00:33:43,7.35,4.85
2024-01-13 00:36:09,7.82,5.53
2024-01-13 00:38:35,6.4,4.57
2024-01-13 00:41:01,6.25,4.5
2024-01-13 00:43:29,7.25,4.93
2024-01-13 00:45:54,7.82,5.2
2024-01-13 00:48:20,6.5,4.07
2024-01-13 00:50:50,5.5,4.13
2024-01-13 00:53:16,6.8,4.2
2024-01-13 00:55:44,7.63,4.4
2024-01-13 00:58:09,7.2,4.7
2024-01-13 01:00:35,5.9,4.4
2024-01-13 01:03:02,5.82,4.35
2024-01-13 01:05:30,6.4,3.83
2024-01-13 01:07:58,5.57,3.9
2024-01-13 01:10:23,4.13,3.35
2024-01-13 01:12:49,5.63,3.8
2024-01-13 01:15:14,6.9,3.83
2024-01-13 01:17:40,4.2,3.17
2024-01-13 01:20:07,6.2,3.63
2024-01-13 01:22:36,7.15,3.38
2024-01-13 01:25:01,6.0,3.3
2024-01-13 01:27:27,4.55,3.03
2024-01-13 01:29:55,5.05,2.97
2024-01-13 01:32:20,4.1,3.03
2024-01-13 01:34:46,5.45,3.33
2024-01-13 01:37:14,3.55,3.0
2024-01-13 01:39:42,4.18,2.53
2024-01-13 01:42:10,5.55,2.97
2024-01-13 01:44:35,4.2,3.17
2024-01-13 01:47:01,4.22,3.15
2024-01-13 01:49:29,4.07,2.8
2024-01-13 01:51:55,4.68,2.67
2024-01-13 01:54:22,4.53,3.03
2024-01-13 01:56:51,4.82,3.5
2024-01-13 01:59:19,5.2,2.85
2024-01-13 02:01:46,4.03,2.78
2024-01-13 02:04:13,3.9,2.5
2024-01-13 02:06:39,5.07,2.67
2024-01-13 02:09:05,3.72,2.58
2024-01-13 02:11:30,4.85,2.3
2024-01-13 02:13:56,3.63,2.25
2024-01-13 02:16:26,2.6,2.35
2024-01-13 02:18:55,3.83,2.0
2024-01-13 02:21:20,4.03,2.38
2024-01-13 02:23:45,3.05,2.03
2024-01-13 02:26:11,3.13,1.9
2024-01-13 02:28:36,3.0,2.08
2024-01-13 02:31:02,3.58,2.15
2024-01-13 02:33:29,2.1,1.45
2024-01-13 02:35:55,2.28,1.8
2024-01-13 02:38:22,1.7,1.4
2024-01-13 02:40:48,3.25,1.75
2024-01-13 02:43:18,3.8,1.98
2024-01-13 02:45:43,2.13,1.6
2024-01-13 02:48:14,2.92,1.65
2024-01-13 02:50:48,1.92,1.55
2024-01-13 02:53:19,2.6,1.67
2024-01-13 02:55:44,2.4,1.7
2024-01-13 02:58:10,2.67,1.8
2024-01-13 03:00:35,2.85,1.5
2024-01-13 03:03:03,2.7,1.8
2024-01-13 03:05:28,2.8,1.75
2024-01-13 03:07:54,3.15,2.0
2024-01-13 03:10:24,2.3,1.7
2024-01-13 03:12:52,4.15,2.55
2024-01-13 03:15:22,2.42,1.7
2024-01-13 03:17:47,2.88,2.15
2024-01-13 03:20:13,3.6,2.15
2024-01-13 03:22:38,4.38,2.0
2024-01-13 03:25:03,2.8,2.0
2024-01-13 03:27:29,2.9,2.1
2024-01-13 03:29:55,2.83,2.05
2024-01-13 03:32:20,3.2,2.25
2024-01-13 03:34:45,4.53,2.6
2024-01-13 03:37:11,3.78,2.67
2024-01-13 03:39:41,3.17,2.38
2024-01-13 03:42:12,3.5,2.53
2024-01-13 03:44:37,3.55,2.47
2024-01-13 03:47:02,3.53,2.63
2024-01-13 03:49:28,3.17,2.3
2024-01-13 03:51:53,3.45,2.35
2024-01-13 03:54:19,2.72,2.03
2024-01-13 03:56:44,4.2,2.33
2024-01-13 03:59:11,4.7,2.0
2024-01-13 04:01:40,3.9,2.47
2024-01-13 04:04:05,3.17,2.0
2024-01-13 04:06:30,2.58,1.85
2024-01-13 04:08:56,2.55,2.13
2024-01-13 04:11:21,3.3,2.33
2024-01-13 04:13:47,2.6,2.05
2024-01-13 04:16:12,3.9,2.85
2024-01-13 04:18:40,3.35,2.5
2024-01-13 04:21:05,5.03,2.88
2024-01-13 04:23:33,3.95,3.03
2024-01-13 04:25:59,4.47,2.53
2024-01-13 04:28:27,4.57,2.9
2024-01-13 04:30:52,4.18,2.8
2024-01-13 04:33:20,4.53,3.1
2024-01-13 04:35:45,7.8,3.95
2024-01-13 04:38:10,6.0,4.28
2024-01-13 04:40:36,7.07,4.8
2024-01-13 04:43:04,7.43,4.78
2024-01-13 04:45:32,7.2,4.7
2024-01-13 04:47:57,7.63,5.47
2024-01-13 04:50:23,7.3,5.4
2024-01-13 04:52:49,15.07,5.5
2024-01-13 04:55:14,9.8,5.93
2024-01-13 04:57:42,9.15,5.65
2024-01-13 05:00:07,9.3,6.1
2024-01-13 05:02:33,9.3,5.68
2024-01-13 05:04:58,7.28,5.78
2024-01-13 05:07:24,7.72,4.82
2024-01-13 05:09:51,8.18,4.72
2024-01-13 05:12:22,7.1,4.88
2024-01-13 05:14:47,7.13,4.78
2024-01-13 05:17:13,6.45,3.9
2024-01-13 05:19:38,6.45,4.07
2024-01-13 05:22:06,6.25,4.68
2024-01-13 05:24:36,4.9,3.47
2024-01-13 05:27:04,5.05,3.67
2024-01-13 05:29:30,5.07,3.85
2024-01-13 05:31:55,6.3,3.65
2024-01-13 05:34:21,5.18,3.78
2024-01-13 05:36:49,5.85,3.97
2024-01-13 05:39:14,5.95,4.43
2024-01-13 05:41:42,6.25,3.88
2024-01-13 05:44:07,5.72,4.3
2024-01-13 05:46:32,5.57,4.2
2024-01-13 05:48:59,6.3,4.47
2024-01-13 05:51:26,6.5,4.7
2024-01-13 05:53:54,6.95,4.45
2024-01-13 05:56:19,4.47,3.9
2024-01-13 05:58:45,6.6,4.35
2024-01-13 06:01:10,6.68,4.85
2024-01-13 06:03:35,6.88,4.5
2024-01-13 06:06:01,7.68,4.43
2024-01-13 06:08:27,6.18,4.65
2024-01-13 06:10:53,6.68,4.93
2024-01-13 06:13:23,6.7,4.2
2024-01-13 06:15:48,6.7,4.5
2024-01-13 06:18:14,8.38,5.03
2024-01-13 06:20:39,8.85,5.38
2024-01-13 06:23:05,8.57,5.18
2024-01-13 06:25:31,6.95,3.92
2024-01-13 06:27:57,7.18,5.05
2024-01-13 06:30:25,8.75,5.3
2024-01-13 06:32:50,7.93,4.97
2024-01-13 06:35:18,9.43,5.47
2024-01-13 06:37:43,7.38,5.2
2024-01-13 06:40:09,9.63,5.75
2024-01-13 06:42:35,8.75,5.63
2024-01-13 06:45:00,8.23,5.63
2024-01-13 06:47:28,9.02,5.65
2024-01-13 06:49:54,8.63,6.13
2024-01-13 06:52:22,12.9,6.32
2024-01-13 06:54:50,8.38,5.47
2024-01-13 06:57:15,10.55,5.93
2024-01-13 06:59:45,9.63,5.95
2024-01-13 07:02:10,10.1,6.97
2024-01-13 07:04:40,10.2,6.6
2024-01-13 07:07:09,11.25,6.28
2024-01-13 07:09:34,8.82,5.7
2024-01-13 07:12:02,10.55,6.53
2024-01-13 07:14:29,11.45,6.55
2024-01-13 07:16:58,11.5,6.38
2024-01-13 07:19:24,10.25,6.07
2024-01-13 07:21:51,9.73,6.35
2024-01-13 07:24:19,8.3,6.07
2024-01-13 07:26:45,10.23,5.93
2024-01-13 07:29:13,9.57,6.05
2024-01-13 07:31:38,11.57,6.38
2024-01-13 07:34:06,9.55,6.4
2024-01-13 07:36:31,12.38,6.38
2024-01-13 07:38:57,11.13,6.9
2024-01-13 07:41:22,11.85,6.97
2024-01-13 07:43:47,9.45,6.43
2024-01-13 07:46:13,9.5,6.32
2024-01-13 07:48:41,9.3,6.35
2024-01-13 07:51:06,11.18,7.0
2024-01-13 07:53:39,14.38,7.53
2024-01-13 07:56:07,8.98,5.95
2024-01-13 07:58:32,13.25,7.47
2024-01-13 08:00:58,12.9,7.2
2024-01-13 08:03:23,9.3,6.15
2024-01-13 08:05:49,10.3,6.68
2024-01-13 08:08:15,11.38,6.9
2024-01-13 08:10:43,12.75,6.53
2024-01-13 08:13:08,12.35,7.2
2024-01-13 08:15:37,11.55,7.38
2024-01-13 08:18:05,11.25,7.6
2024-01-13 08:20:31,11.6,6.82
2024-01-13 08:22:56,12.63,7.55
2024-01-13 08:25:22,11.5,7.28
2024-01-13 08:27:47,12.5,7.63
2024-01-13 08:30:14,10.15,6.57
2024-01-13 08:32:39,13.5,8.27
2024-01-13 08:35:07,11.38,7.35
2024-01-13 08:37:35,12.98,7.63
2024-01-13 08:40:00,13.1,8.32
2024-01-13 08:42:26,12.8,8.75
2024-01-13 08:44:52,11.27,7.57
2024-01-13 08:47:17,16.08,8.27
2024-01-13 08:49:42,13.68,8.2
2024-01-13 08:52:10,15.0,8.43
2024-01-13 08:54:36,13.95,7.9
2024-01-13 08:57:02,14.63,8.1
2024-01-13 08:59:28,14.32,8.3
2024-01-13 09:01:54,12.73,7.93
2024-01-13 09:04:19,14.27,7.22
2024-01-13 09:06:45,13.7,8.1
2024-01-13 09:09:10,12.52,8.77
2024-01-13 09:11:39,14.43,8.45
2024-01-13 09:14:07,14.7,8.6
2024-01-13 09:16:32,15.48,8.98
2024-01-13 09:19:00,17.17,9.52
2024-01-13 09:21:25,15.68,9.1
2024-01-13 09:23:51,16.65,9.55
2024-01-13 09:26:16,13.55,8.3
2024-01-13 09:28:42,14.77,8.23
2024-01-13 09:31:08,14.18,7.6
2024-01-13 09:33:35,11.93,7.38
2024-01-13 09:36:01,12.25,7.47
2024-01-13 09:38:27,12.65,8.57
2024-01-13 09:40:55,13.35,7.38
2024-01-13 09:44:08,15.02,7.5
2024-01-13 09:46:32,15.05,7.57
2024-01-13 09:48:59,13.52,7.65
2024-01-13 09:51:38,12.15,7.93
2024-01-13 09:54:08,14.32,8.93
2024-01-13 09:56:45,10.82,7.25
2024-01-13 09:59:11,13.57,8.7
2024-01-13 10:01:37,13.6,9.13
2024-01-13 10:04:03,16.48,8.77
2024-01-13 10:06:31,17.02,9.1
2024-01-13 10:08:59,14.0,8.15
2024-01-13 10:11:28,16.0,8.1
2024-01-13 10:14:04,12.7,8.07
2024-01-13 10:16:31,15.98,8.23
2024-01-13 10:18:58,13.02,7.0
2024-01-13 10:21:25,15.27,8.13
2024-01-13 10:23:54,16.13,8.45
2024-01-13 10:26:25,12.4,7.18
2024-01-13 10:28:52,14.57,8.82
2024-01-13 10:31:17,17.42,9.93
2024-01-13 10:36:15,12.6,7.5
2024-01-13 10:38:41,12.88,7.28
2024-01-13 10:41:10,16.3,8.18
2024-01-13 10:43:42,19.2,8.7
2024-01-13 10:46:12,13.13,7.9
2024-01-13 10:48:42,14.77,8.52
2024-01-13 10:51:22,14.95,8.52
2024-01-13 10:53:53,14.52,9.23
2024-01-13 10:56:20,16.77,8.55
2024-01-13 10:58:48,12.6,7.72
2024-01-13 11:01:17,14.8,8.85
2024-01-13 11:03:45,12.77,7.85
2024-01-13 11:06:13,14.7,8.45
2024-01-13 11:08:40,11.95,7.97
2024-01-13 11:11:10,19.85,10.35
2024-01-13 11:13:46,14.9,8.9
2024-01-13 11:16:22,17.45,9.05
2024-01-13 11:18:54,12.85,8.55
2024-01-13 11:21:20,14.93,8.57
2024-01-13 11:23:57,16.83,10.1
2024-01-13 11:29:16,17.27,9.73
2024-01-13 11:31:53,16.88,10.27
2024-01-13 11:34:23,18.7,9.55
2024-01-13 11:36:49,17.48,10.55
2024-01-13 11:39:18,20.3,10.35
2024-01-13 11:49:31,19.98,9.63
2024-01-13 11:52:08,16.58,10.02
2024-01-13 11:54:41,17.13,10.48
2024-01-13 11:57:11,16.95,10.45
2024-01-13 11:59:39,23.02,11.63
2024-01-13 12:02:05,19.7,11.38
2024-01-13 12:04:34,15.85,10.65
2024-01-13 12:07:10,20.15,11.25
2024-01-13 12:09:39,19.33,11.75
2024-01-13 12:12:08,18.77,9.82
2024-01-13 12:14:36,20.7,11.63
2024-01-13 12:17:04,24.7,12.02
2024-01-13 12:19:34,21.4,11.77
2024-01-13 12:22:04,20.45,11.13
2024-01-13 12:24:31,20.1,11.77
2024-01-13 12:26:59,22.9,11.45
2024-01-13 12:29:30,22.6,10.77
2024-01-13 12:31:57,22.33,11.38
2024-01-13 12:34:29,21.3,11.5
2024-01-13 12:36:56,24.48,11.88
2024-01-13 12:39:22,19.52,10.4
2024-01-13 12:41:48,20.42,12.3
2024-01-13 12:44:16,19.08,11.3
2024-01-13 12:46:48,22.05,11.85
2024-01-13 12:49:23,21.58,11.82
2024-01-13 12:51:52,20.05,11.35
2024-01-13 12:54:18,33.33,18.95
2024-01-13 12:56:46,23.83,13.13
2024-01-13 12:59:14,22.3,11.73
2024-01-13 13:01:43,25.25,12.85
2024-01-13 13:04:11,22.65,13.2
2024-01-13 13:06:37,22.5,12.02
2024-01-13 13:09:03,19.58,11.07
2024-01-13 13:11:35,19.9,11.7
2024-01-13 13:14:04,21.2,12.0
2024-01-13 13:16:34,25.33,11.93
2024-01-13 13:19:02,25.83,12.38
2024-01-13 13:21:28,22.77,11.52
2024-01-13 13:23:54,45.15,27.75
2024-01-13 13:26:22,28.63,14.23
2024-01-13 13:28:50,23.58,13.93
2024-01-13 13:31:15,24.2,12.88
2024-01-13 13:33:42,21.13,12.05
2024-01-13 13:36:07,22.17,12.13
2024-01-13 13:38:35,28.2,13.85
2024-01-13 13:41:04,23.38,14.2
2024-01-13 13:43:32,21.3,11.82
2024-01-13 13:45:57,25.35,12.3
2024-01-13 13:48:25,24.3,14.25
2024-01-13 13:50:53,26.1,12.98
2024-01-13 13:53:21,27.65,14.8
2024-01-13 13:55:49,25.63,14.55
2024-01-13 13:58:17,28.92,13.32
2024-01-13 14:00:42,24.42,14.15
2024-01-13 14:03:10,24.25,12.38
2024-01-13 14:05:38,25.55,14.27
2024-01-13 14:08:10,25.67,13.13
2024-01-13 14:10:36,26.38,13.95
2024-01-13 14:13:02,28.1,13.5
2024-01-13 14:15:31,28.8,14.43
2024-01-13 14:17:59,29.95,14.75
2024-01-13 14:20:27,26.8,14.07
2024-01-13 14:22:57,32.08,14.9
2024-01-13 14:25:22,28.77,14.13
2024-01-13 14:27:47,27.1,15.25
2024-01-13 14:30:15,25.23,13.88
2024-01-13 14:32:41,29.0,13.95
2024-01-13 14:35:06,28.2,13.95
2024-01-13 14:39:58,29.08,13.38
2024-01-13 14:42:26,25.75,13.68
2024-01-13 14:44:56,31.42,15.57
2024-01-13 14:47:21,30.35,14.68
2024-01-13 14:49:49,27.58,14.43
2024-01-13 14:52:18,31.5,14.45
2024-01-13 14:54:46,29.6,15.25
2024-01-13 14:57:11,29.98,15.48
2024-01-13 14:59:36,34.88,16.6
2024-01-13 15:02:04,29.42,15.32
2024-01-13 15:04:30,32.67,16.9
2024-01-13 15:06:58,29.7,15.7
2024-01-13 15:09:28,26.23,15.57
2024-01-13 15:11:53,32.38,16.13
2024-01-13 15:14:23,31.02,15.02
2024-01-13 15:16:48,33.67,16.55
2024-01-13 15:19:14,29.5,16.0
2024-01-13 15:21:39,28.33,14.68
2024-01-13 15:24:07,35.0,16.77
2024-01-13 15:26:37,31.75,14.68
2024-01-13 15:29:03,26.55,14.73
2024-01-13 15:31:28,33.5,15.7
2024-01-13 15:33:54,30.92,15.7
2024-01-13 15:36:22,32.1,15.88
2024-01-13 15:38:47,31.88,15.5
2024-01-13 15:41:15,32.4,15.77
2024-01-13 15:43:43,31.38,16.0
2024-01-13 15:46:11,32.05,15.75
2024-01-13 15:48:36,33.35,16.08
2024-01-13 15:51:02,32.3,16.45
2024-01-13 15:53:27,28.45,14.93
2024-01-13 15:55:53,30.7,16.92
2024-01-13 15:58:18,31.88,16.95
2024-01-13 16:00:48,29.1,15.98
2024-01-13 16:03:13,33.67,17.73
2024-01-13 16:05:41,41.8,18.9
2024-01-13 16:08:07,31.7,17.9
2024-01-13 16:10:32,31.77,16.75
2024-01-13 16:12:58,30.9,15.98
2024-01-13 16:15:26,31.48,16.77
2024-01-13 16:17:52,33.83,16.55
2024-01-13 16:20:21,32.45,15.7
2024-01-13 16:22:49,33.83,17.45
2024-01-13 16:25:15,33.5,18.88
2024-01-13 16:27:40,34.1,15.95
2024-01-13 16:30:07,42.28,18.6
2024-01-13 16:32:35,35.65,17.5
2024-01-13 16:35:06,29.8,16.73
2024-01-13 16:37:31,35.7,17.77
2024-01-13 16:42:23,30.6,15.3
2024-01-13 16:44:51,30.98,15.38
2024-01-13 16:47:16,32.8,15.63
2024-01-13 16:49:44,30.83,15.7
2024-01-13 16:52:14,31.5,16.4
2024-01-13 16:54:41,32.15,16.33
2024-01-13 16:57:08,30.8,16.17
2024-01-13 16:59:36,31.55,16.1
2024-01-13 17:02:02,31.92,16.73
2024-01-13 17:04:27,33.88,17.73
2024-01-13 17:06:53,31.45,16.08
2024-01-13 17:09:20,32.88,17.42
2024-01-13 17:11:48,30.2,17.25
2024-01-13 17:14:14,32.22,16.33
2024-01-13 17:16:39,29.2,16.4
2024-01-13 17:19:05,30.3,15.95
2024-01-13 17:21:30,31.33,15.68
2024-01-13 17:23:55,33.05,16.52
2024-01-13 17:26:26,29.65,16.52
2024-01-13 17:28:51,33.97,17.5
2024-01-13 17:31:19,35.95,16.52
2024-01-13 17:33:44,33.0,17.92
2024-01-13 17:36:12,28.42,16.2
2024-01-13 17:38:38,31.63,16.38
2024-01-13 17:41:03,38.13,17.98
2024-01-13 17:43:29,39.25,17.15
2024-01-13 17:45:57,33.58,16.27
2024-01-13 17:48:25,34.78,17.08
2024-01-13 17:50:51,33.88,17.13
2024-01-13 17:53:18,31.92,16.88
2024-01-13 17:55:48,32.22,16.52
2024-01-13 17:58:15,32.2,17.13
2024-01-13 18:00:40,33.6,16.95
2024-01-13 18:03:08,36.95,17.58
2024-01-13 18:05:38,33.4,18.35
2024-01-13 18:08:08,37.9,17.2
2024-01-13 18:10:34,39.17,17.65
2024-01-13 18:12:59,39.6,17.25
2024-01-13 18:15:25,38.95,18.15
2024-01-13 18:17:52,43.47,18.38
2024-01-13 18:20:20,41.9,18.48
2024-01-13 18:22:45,37.92,18.55
2024-01-13 18:25:13,41.4,17.83
2024-01-13 18:27:43,37.65,17.4
2024-01-13 18:30:11,36.03,18.42
2024-01-13 18:32:37,36.25,17.55
2024-01-13 18:35:05,42.6,19.67
2024-01-13 18:37:30,42.0,17.5
2024-01-13 18:39:56,40.15,17.0
2024-01-13 18:42:21,36.4,18.67
2024-01-13 18:44:47,36.58,17.85
2024-01-13 18:47:14,39.35,18.17
2024-01-13 18:49:40,36.92,18.38
2024-01-13 18:52:05,39.05,18.48
2024-01-13 18:54:33,39.92,19.4
2024-01-13 18:57:03,35.72,17.58
2024-01-13 18:59:31,45.6,20.55
2024-01-13 19:01:58,48.28,22.58
2024-01-13 19:04:23,47.83,23.25
2024-01-13 19:06:49,41.7,21.0
2024-01-13 19:09:14,39.4,22.38
2024-01-13 19:11:46,53.5,21.7
2024-01-13 19:14:17,43.75,21.52
2024-01-13 19:16:42,55.67,22.2
2024-01-13 19:19:11,57.17,25.6
2024-01-13 19:21:41,44.17,22.95
2024-01-13 19:24:09,48.75,21.52
2024-01-13 19:26:35,37.28,20.58
2024-01-13 19:29:01,43.17,22.67
2024-01-13 19:31:26,49.83,23.27
2024-01-13 19:33:56,45.25,23.15
2024-01-13 19:36:21,44.25,21.73
2024-01-13 19:38:49,47.65,20.42
2024-01-13 19:41:16,48.65,21.08
2024-01-13 19:43:42,37.88,19.75
2024-01-13 19:46:07,40.55,21.33
2024-01-13 19:48:35,45.08,21.02
2024-01-13 19:51:00,40.42,18.7
2024-01-13 19:53:26,44.3,20.23
2024-01-13 19:55:53,50.53,21.88
2024-01-13 19:58:22,56.45,25.13
2024-01-13 20:00:49,52.97,25.95
2024-01-13 20:03:15,46.33,20.27
2024-01-13 20:05:40,46.72,18.52
2024-01-13 20:08:06,41.8,18.73
2024-01-13 20:10:34,41.42,19.05
2024-01-13 20:13:02,46.55,19.6
2024-01-13 20:15:29,41.75,19.05
2024-01-13 20:17:54,40.78,19.23
2024-01-13 20:20:19,40.7,19.0
2024-01-13 20:22:46,37.05,18.42
2024-01-13 20:25:12,43.42,18.1
2024-01-13 20:27:40,38.38,16.73
2024-01-13 20:30:08,41.45,18.65
2024-01-13 20:32:34,38.75,18.08
2024-01-13 20:35:01,42.6,18.2
2024-01-13 20:37:32,38.33,17.17
2024-01-13 20:40:00,40.7,17.8
2024-01-13 20:42:27,40.7,18.17
2024-01-13 20:44:58,40.25,21.83
2024-01-13 20:47:24,44.7,19.92
2024-01-13 20:49:53,44.78,18.15
2024-01-13 20:52:21,41.45,18.33
2024-01-13 20:54:49,38.45,17.35
2024-01-13 20:57:17,41.22,18.02
2024-01-13 20:59:45,42.63,21.08
2024-01-13 21:02:13,42.15,18.67
2024-01-13 21:04:38,40.88,20.17
2024-01-13 21:07:09,41.42,18.98
2024-01-13 21:09:37,37.75,18.15
2024-01-13 21:12:04,37.72,17.25
2024-01-13 21:14:32,42.45,16.9
2024-01-13 21:17:00,35.9,16.42
2024-01-13 21:19:29,45.05,18.63
2024-01-13 21:21:59,33.78,17.05
2024-01-13 21:24:27,49.0,19.02
2024-01-13 21:26:56,38.63,18.23
2024-01-13 21:29:23,39.97,18.4
2024-01-13 21:31:52,40.15,18.38
2024-01-13 21:34:20,35.22,16.48
2024-01-13 21:36:45,36.38,16.77
2024-01-13 21:39:14,34.42,16.4
2024-01-13 21:41:42,35.95,16.52
2024-01-13 21:44:09,40.0,17.7
2024-01-13 21:46:35,43.38,17.27
2024-01-13 21:49:01,37.5,18.63
2024-01-13 21:53:56,41.47,16.0
2024-01-13 21:56:24,40.6,15.93
2024-01-13 21:58:50,38.28,16.9
2024-01-13 22:01:15,47.13,18.6
2024-01-13 22:03:45,42.95,18.23
2024-01-13 22:06:11,40.47,17.02
2024-01-13 22:08:38,42.55,17.58
2024-01-13 22:11:09,40.2,17.92
2024-01-13 22:13:35,43.85,17.75
2024-01-13 22:16:03,35.08,16.73
2024-01-13 22:18:34,39.38,16.58
2024-01-13 22:21:03,39.75,17.35
2024-01-13 22:23:34,39.17,17.5
2024-01-13 22:26:01,42.25,17.1
2024-01-13 22:28:29,40.03,17.3
2024-01-13 22:30:57,39.17,17.02
2024-01-13 22:33:25,37.92,16.8
2024-01-13 22:35:52,40.42,17.27
2024-01-13 22:38:22,36.45,17.65
2024-01-13 22:40:50,40.33,16.23
2024-01-13 22:43:16,38.22,17.98
2024-01-13 22:45:41,40.22,15.63
2024-01-13 22:48:09,39.35,16.1
2024-01-13 22:50:37,38.95,16.8
2024-01-13 22:53:04,45.72,17.95
2024-01-13 22:55:30,42.13,17.05
2024-01-13 22:57:55,39.47,17.55
2024-01-13 23:00:21,43.67,17.67
2024-01-13 23:02:56,45.47,19.15
2024-01-13 23:05:22,35.17,15.93
2024-01-13 23:07:48,39.97,17.3
2024-01-13 23:10:15,39.55,16.38
2024-01-13 23:12:43,37.95,17.88
2024-01-13 23:15:09,39.3,17.27
2024-01-13 23:17:39,38.33,17.85
2024-01-13 23:20:06,39.88,17.1
2024-01-13 23:22:33,48.5,18.55
2024-01-13 23:24:59,40.6,16.55
2024-01-13 23:27:24,39.78,16.95
2024-01-13 23:29:52,37.47,17.02
2024-01-13 23:32:22,37.17,17.45
2024-01-13 23:34:50,33.78,15.63
2024-01-13 23:37:15,38.67,16.7
2024-01-13 23:39:44,44.22,16.27
2024-01-13 23:42:13,45.3,17.7
2024-01-13 23:44:44,42.7,17.52
2024-01-13 23:47:09,35.92,16.08
2024-01-13 23:49:35,39.88,16.75
2024-01-13 23:52:00,39.72,17.48
2024-01-13 23:54:26,43.97,16.33
2024-01-13 23:56:51,40.75,17.9
2024-01-13 23:59:19,50.55,20.27
2024-01-14 00:01:51,38.55,17.15
2024-01-14 00:04:17,43.55,17.4
2024-01-14 00:06:43,39.15,16.83
2024-01-14 00:09:08,35.92,16.65
2024-01-14 00:11:33,36.42,16.55
2024-01-14 00:14:01,47.65,16.65
2024-01-14 00:16:27,41.55,16.35
2024-01-14 00:18:54,36.17,16.85
2024-01-14 00:21:22,37.8,16.08
2024-01-14 00:23:50,42.75,17.55
2024-01-14 00:26:15,34.75,15.63
2024-01-14 00:28:41,44.92,16.65
2024-01-14 00:31:08,43.8,17.88
2024-01-14 00:33:37,33.2,15.45
2024-01-14 00:36:06,43.17,16.92
2024-01-14 00:38:32,37.92,17.15
2024-01-14 00:40:57,39.63,14.88
2024-01-14 00:43:26,42.08,16.48
2024-01-14 00:45:52,46.5,18.33
2024-01-14 00:48:20,42.63,17.25
2024-01-14 00:50:45,42.35,16.92
2024-01-14 00:53:13,38.38,16.25
2024-01-14 00:55:38,45.75,17.17
2024-01-14 00:58:06,34.05,14.13
2024-01-14 01:00:31,36.28,15.57
2024-01-14 01:02:59,35.75,16.13
2024-01-14 01:05:24,39.45,15.8
2024-01-14 01:07:50,42.2,17.0
2024-01-14 01:10:18,41.1,16.88
2024-01-14 01:12:45,36.95,16.67
2024-01-14 01:15:13,34.28,15.48
2024-01-14 01:17:43,39.08,16.2
2024-01-14 01:20:09,39.38,18.33
2024-01-14 01:22:37,39.45,17.83
2024-01-14 01:25:07,35.2,16.25
2024-01-14 01:27:35,39.9,15.75
2024-01-14 01:30:06,37.03,16.55
2024-01-14 01:32:31,38.7,18.13
2024-01-14 01:34:59,39.58,14.65
2024-01-14 01:37:25,34.67,14.93
2024-01-14 01:39:52,40.08,15.68
2024-01-14 01:42:18,34.35,15.27
2024-01-14 01:44:43,37.35,15.15
2024-01-14 01:47:14,34.38,16.98
2024-01-14 01:49:42,39.63,15.4
2024-01-14 01:52:11,33.03,15.9
2024-01-14 01:54:37,31.48,15.4
2024-01-14 01:57:06,32.9,14.23
2024-01-14 01:59:34,41.6,15.23
2024-01-14 02:02:04,33.0,15.6
2024-01-14 02:04:32,37.33,15.07
2024-01-14 02:06:57,36.7,15.07
2024-01-14 02:09:23,35.42,15.68
2024-01-14 02:11:51,35.9,15.5
2024-01-14 02:14:17,40.42,17.8
2024-01-14 02:16:42,38.22,15.43
2024-01-14 02:19:07,33.1,15.35
2024-01-14 02:21:35,33.83,13.77
2024-01-14 02:26:52,38.38,14.13
2024-01-14 02:29:18,33.85,13.73
2024-01-14 02:31:45,34.47,14.0
2024-01-14 02:34:10,30.98,14.6
2024-01-14 02:36:36,30.52,13.68
2024-01-14 02:39:01,28.83,14.5
2024-01-14 02:41:27,28.98,13.23
2024-01-14 02:43:55,33.92,15.02
2024-01-14 02:46:20,34.6,17.1
2024-01-14 02:48:46,34.45,15.38
2024-01-14 02:51:11,28.85,14.05
2024-01-14 02:53:36,29.48,13.07
2024-01-14 02:56:02,32.75,12.88
2024-01-14 02:58:29,28.7,13.35
2024-01-14 03:00:54,32.2,15.43
2024-01-14 03:03:20,35.3,14.13
2024-01-14 03:08:14,33.22,12.95
2024-01-14 03:10:43,31.3,13.0
2024-01-14 03:13:14,28.55,12.27
2024-01-14 03:15:45,36.17,15.75
2024-01-14 03:18:13,31.95,13.63
2024-01-14 03:20:41,29.98,14.43
2024-01-14 03:23:06,25.55,12.65
2024-01-14 03:25:32,31.8,15.27
2024-01-14 03:28:00,26.3,13.88
2024-01-14 03:30:26,29.05,13.38
2024-01-14 03:32:54,30.92,13.95
2024-01-14 03:35:21,29.88,13.77
2024-01-14 03:37:47,33.7,15.8
2024-01-14 03:40:16,29.27,12.85
2024-01-14 03:42:45,36.5,14.63
2024-01-14 03:45:13,31.1,13.57
2024-01-14 03:47:42,33.3,14.13
2024-01-14 03:50:10,31.48,14.6
2024-01-14 03:52:38,31.25,14.73
2024-01-14 03:55:06,31.9,14.82
2024-01-14 03:57:32,27.98,13.27
2024-01-14 03:59:57,32.0,13.9
2024-01-14 04:02:23,26.75,12.73
2024-01-14 04:04:48,27.88,12.48
2024-01-14 04:07:14,33.58,13.32
2024-01-14 04:09:39,32.22,13.65
2024-01-14 04:12:07,34.42,14.18
2024-01-14 04:14:35,29.6,13.73
2024-01-14 04:17:02,30.23,12.43
2024-01-14 04:19:29,30.35,13.43
2024-01-14 04:21:54,32.38,13.98
2024-01-14 04:24:20,31.95,12.35
2024-01-14 04:26:45,26.05,11.63
2024-01-14 04:29:15,27.0,13.32
2024-01-14 04:31:43,29.65,14.02
2024-01-14 04:34:08,27.8,13.45
2024-01-14 04:36:34,32.3,14.0
2024-01-14 04:39:02,30.05,12.77
2024-01-14 04:41:28,28.0,12.57
2024-01-14 04:43:53,33.03,13.27
2024-01-14 04:46:21,32.4,14.85
2024-01-14 04:48:49,29.77,13.4
2024-01-14 04:51:14,31.67,13.02
2024-01-14 04:53:40,32.55,13.9
2024-01-14 04:56:08,32.05,13.65
2024-01-14 04:58:36,32.97,14.18
2024-01-14 05:01:04,28.58,12.77
2024-01-14 05:03:29,30.4,15.27
2024-01-14 05:05:57,37.13,15.02
2024-01-14 05:08:25,28.33,13.73
2024-01-14 05:10:50,29.25,14.85
2024-01-14 05:13:16,27.42,12.73
2024-01-14 05:15:42,36.25,15.13
2024-01-14 05:18:07,32.58,13.85
2024-01-14 05:20:32,27.83,11.77
2024-01-14 05:23:03,26.45,12.23
2024-01-14 05:25:29,33.47,14.68
2024-01-14 05:27:54,26.42,13.93
2024-01-14 05:30:22,33.88,13.1
2024-01-14 05:32:47,32.13,14.23
2024-01-14 05:35:15,30.55,13.25
2024-01-14 05:37:41,32.8,12.35
2024-01-14 05:40:10,35.03,14.77
2024-01-14 05:42:38,30.88,13.65
2024-01-14 05:45:06,30.1,13.57
2024-01-14 05:47:32,32.58,13.8
2024-01-14 05:49:58,33.63,14.55
2024-01-14 05:52:23,29.55,13.27
2024-01-14 05:54:51,31.42,13.27
2024-01-14 05:57:19,32.83,13.48
2024-01-14 05:59:47,31.5,13.73
2024-01-14 06:02:12,33.63,12.85
2024-01-14 06:04:41,30.08,13.13
2024-01-14 06:07:08,29.48,12.2
2024-01-14 06:09:35,30.42,14.0
2024-01-14 06:12:00,30.55,14.18
2024-01-14 06:14:26,28.95,11.32
2024-01-14 06:16:51,31.7,13.07
2024-01-14 06:19:19,28.3,11.1
2024-01-14 06:21:47,29.27,12.8
2024-01-14 06:24:12,28.95,13.0
2024-01-14 06:26:38,30.33,12.57
2024-01-14 06:29:04,30.48,12.57
2024-01-14 06:31:29,28.48,11.95
2024-01-14 06:33:55,31.42,12.73
2024-01-14 06:36:20,28.83,12.43
2024-01-14 06:38:46,26.13,11.85
2024-01-14 06:41:20,27.45,12.82
2024-01-14 06:43:48,26.25,12.43
2024-01-14 06:46:16,29.58,12.8
2024-01-14 06:48:44,27.27,11.55
2024-01-14 06:51:09,24.67,11.3
2024-01-14 06:53:35,24.65,11.48
2024-01-14 06:56:02,27.7,11.77
2024-01-14 06:58:29,27.02,10.77
2024-01-14 07:00:54,24.23,11.77
2024-01-14 07:03:20,31.1,12.65
2024-01-14 07:05:45,27.88,13.48
2024-01-14 07:08:14,22.75,11.05
2024-01-14 07:10:39,24.65,11.63
2024-01-14 07:13:07,29.8,11.63
2024-01-14 07:15:34,23.6,12.73
2024-01-14 07:18:02,29.48,13.13
2024-01-14 07:20:30,24.4,10.88
2024-01-14 07:22:56,24.6,11.52
2024-01-14 07:25:21,23.73,10.9
2024-01-14 07:27:47,23.42,10.55
2024-01-14 07:30:15,25.55,12.0
2024-01-14 07:32:43,25.75,11.75
2024-01-14 07:35:10,24.42,11.73
2024-01-14 07:37:38,30.42,11.48
2024-01-14 07:40:03,24.3,11.15
2024-01-14 07:42:31,23.85,10.35
2024-01-14 07:44:57,23.98,10.75
2024-01-14 07:47:22,24.65,11.57
2024-01-14 07:49:48,24.33,11.38
2024-01-14 07:52:17,21.63,10.1
2024-01-14 07:54:43,23.45,12.07
2024-01-14 07:57:09,29.75,11.93
2024-01-14 08:02:01,22.03,9.1
2024-01-14 08:04:26,25.33,11.98
2024-01-14 08:06:52,26.95,10.65
2024-01-14 08:09:19,27.25,12.32
2024-01-14 08:11:47,24.05,10.2
2024-01-14 08:14:12,25.58,11.27
2024-01-14 08:16:40,26.38,11.4
2024-01-14 08:19:05,27.13,10.73
2024-01-14 08:21:31,22.83,10.65
2024-01-14 08:23:56,21.35,9.98
2024-01-14 08:28:51,26.6,9.9
2024-01-14 08:31:16,22.25,9.82
2024-01-14 08:33:42,28.13,11.65
2024-01-14 08:36:09,23.77,9.48
2024-01-14 08:38:37,23.88,11.23
2024-01-14 08:41:03,25.38,10.57
2024-01-14 08:43:30,23.52,10.25
2024-01-14 08:45:58,17.65,9.23
2024-01-14 08:48:26,20.7,10.0
2024-01-14 08:50:51,27.0,11.63
2024-01-14 08:53:19,23.0,10.25
2024-01-14 08:55:44,24.73,11.45
2024-01-14 08:58:09,23.92,9.35
2024-01-14 09:00:35,26.48,9.93
2024-01-14 09:03:00,24.4,9.6
2024-01-14 09:05:26,23.05,10.2
2024-01-14 09:07:51,23.58,9.95
2024-01-14 09:10:16,27.42,11.52
2024-01-14 09:12:42,23.5,9.95
2024-01-14 09:15:09,22.7,10.43
2024-01-14 09:17:35,27.85,10.65
2024-01-14 09:20:02,24.65,9.9
2024-01-14 09:22:30,21.15,8.7
2024-01-14 09:24:55,24.2,11.43
2024-01-14 09:27:20,22.38,10.4
2024-01-14 09:29:46,26.67,12.43
2024-01-14 09:32:11,24.48,11.6
2024-01-14 09:34:39,26.58,10.43
2024-01-14 09:37:05,25.9,11.35
2024-01-14 09:39:30,25.17,9.88
2024-01-14 09:42:11,21.38,10.7
2024-01-14 09:44:53,22.9,10.4
2024-01-14 09:47:24,28.73,10.57
2024-01-14 09:49:50,23.4,10.55
2024-01-14 09:52:21,22.5,9.73
2024-01-14 09:54:47,27.27,10.9
2024-01-14 09:57:13,19.25,9.57
2024-01-14 09:59:42,25.38,10.7
2024-01-14 10:02:11,20.9,9.57
2024-01-14 10:04:38,22.25,9.8
2024-01-14 10:07:08,29.77,10.7
2024-01-14 10:09:34,23.83,11.52
2024-01-14 10:12:07,22.1,9.7
2024-01-14 10:14:36,22.02,10.75
2024-01-14 10:17:02,26.42,10.6
2024-01-14 10:19:30,25.8,11.57
2024-01-14 10:24:26,20.33,9.7
2024-01-14 10:26:54,26.8,12.32
2024-01-14 10:29:23,32.0,11.98
2024-01-14 10:31:51,26.33,11.68
2024-01-14 10:34:17,30.6,12.4
2024-01-14 10:36:45,33.4,12.73
2024-01-14 10:39:13,34.05,13.38
2024-01-14 10:41:41,26.48,11.4
2024-01-14 10:44:07,31.27,13.55
2024-01-14 10:46:33,30.15,13.55
2024-01-14 10:49:07,32.25,13.77
2024-01-14 10:51:40,30.17,11.7
2024-01-14 10:54:10,27.6,12.55
2024-01-14 10:56:42,27.95,12.35
2024-01-14 11:01:41,28.05,11.8
2024-01-14 11:04:19,27.02,11.55
2024-01-14 11:06:46,25.92,11.65
2024-01-14 11:09:12,25.67,12.82
2024-01-14 11:11:40,35.78,13.65
2024-01-14 11:14:21,29.77,12.57
2024-01-14 11:17:01,26.88,11.43
2024-01-14 11:19:36,28.45,12.52
2024-01-14 11:24:42,29.35,12.07
2024-01-14 11:27:12,31.35,12.52
2024-01-14 11:29:38,27.8,13.5
2024-01-14 11:32:14,30.27,13.18
2024-01-14 11:37:35,28.27,12.48
2024-01-14 11:40:15,33.08,13.0
2024-01-14 11:43:04,28.25,12.4
2024-01-14 11:47:58,29.23,13.15
2024-01-14 11:50:26,26.02,11.5
2024-01-14 11:52:54,29.77,13.25
2024-01-14 11:55:25,27.73,12.15
2024-01-14 11:57:51,30.5,12.7
2024-01-14 12:00:22,30.9,13.15
2024-01-14 12:05:34,28.88,12.15
2024-01-14 12:08:00,28.67,14.32
2024-01-14 12:10:28,32.8,14.63
2024-01-14 12:12:57,26.25,12.13
2024-01-14 12:15:26,28.63,12.2
2024-01-14 12:17:58,28.05,11.7
2024-01-14 12:20:25,29.35,11.73
2024-01-14 12:22:58,29.5,13.0
2024-01-14 12:25:24,28.73,12.1
2024-01-14 12:27:50,33.25,13.52
2024-01-14 12:32:52,32.13,12.57
2024-01-14 12:35:23,31.45,12.82
2024-01-14 12:37:50,26.38,12.38
2024-01-14 12:40:16,30.6,12.57
2024-01-14 12:42:52,27.45,13.43
2024-01-14 12:45:18,34.2,12.52
2024-01-14 12:47:43,28.4,13.68
2024-01-14 12:50:21,28.83,13.2
2024-01-14 12:52:55,28.48,13.4
2024-01-14 12:55:21,23.6,11.55
2024-01-14 12:57:54,31.2,12.48
2024-01-14 13:00:20,29.73,12.48
2024-01-14 13:02:47,26.73,11.7
2024-01-14 13:05:15,21.77,10.3
2024-01-14 13:07:40,24.55,12.38
2024-01-14 13:10:06,27.92,12.15
2024-01-14 13:12:33,28.85,12.38
2024-01-14 13:14:59,27.75,11.93
2024-01-14 13:17:24,30.42,12.7
2024-01-14 13:19:50,28.0,12.18
2024-01-14 13:22:17,28.2,12.48
2024-01-14 13:24:43,23.17,11.95
2024-01-14 13:27:11,29.1,11.9
2024-01-14 13:29:39,22.08,11.13
2024-01-14 13:32:05,27.48,12.57
2024-01-14 13:34:31,23.5,10.82
2024-01-14 13:36:56,23.27,10.65
2024-01-14 13:39:21,25.9,12.02
2024-01-14 13:41:49,22.95,10.88
2024-01-14 13:44:15,24.6,10.65
2024-01-14 13:46:43,24.95,10.7
2024-01-14 13:49:09,23.0,10.93
2024-01-14 13:51:37,23.27,10.98
2024-01-14 13:54:06,19.95,10.55
2024-01-14 13:56:31,27.23,13.27
2024-01-14 13:58:59,22.55,9.95
2024-01-14 14:01:25,22.88,11.07
2024-01-14 14:03:56,25.85,11.75
2024-01-14 14:06:25,20.92,9.73
2024-01-14 14:08:55,25.3,10.32
2024-01-14 14:11:20,21.63,9.68
2024-01-14 14:13:50,25.45,10.9
2024-01-14 14:16:15,27.55,10.57
2024-01-14 14:18:41,28.08,10.35
2024-01-14 14:21:06,21.95,10.05
2024-01-14 14:23:36,22.3,9.82
2024-01-14 14:26:03,23.1,10.75
2024-01-14 14:28:28,25.42,10.02
2024-01-14 14:30:56,19.63,9.5
2024-01-14 14:33:24,17.58,8.55
2024-01-14 14:35:50,19.98,10.82
2024-01-14 14:38:15,20.52,9.2
2024-01-14 14:40:40,20.8,10.2
2024-01-14 14:43:06,23.67,11.1
2024-01-14 14:45:34,21.42,9.57
2024-01-14 14:48:01,22.42,9.88
2024-01-14 14:50:27,21.35,10.05
2024-01-14 14:52:52,20.27,9.27
2024-01-14 14:55:18,18.23,8.68
2024-01-14 14:57:43,23.58,9.95
2024-01-14 15:00:09,21.02,9.35
2024-01-14 15:02:37,19.17,8.7
2024-01-14 15:05:05,20.67,10.05
2024-01-14 15:07:30,25.25,13.82
2024-01-14 15:09:55,22.7,10.57
2024-01-14 15:12:23,25.48,10.8
2024-01-14 15:14:50,22.73,10.3
2024-01-14 15:17:19,20.48,9.9
2024-01-14 15:19:44,19.48,10.15
2024-01-14 15:22:12,21.95,10.27
2024-01-14 15:24:37,26.3,11.52
2024-01-14 15:27:03,22.92,10.1
2024-01-14 15:29:33,19.83,9.55
2024-01-14 15:32:03,18.8,10.32
2024-01-14 15:34:28,19.92,10.57
2024-01-14 15:36:56,26.38,12.75
2024-01-14 15:39:24,21.98,11.48
2024-01-14 15:41:54,21.35,11.15
2024-01-14 15:44:19,22.25,10.73
2024-01-14 15:46:47,22.0,10.13
2024-01-14 15:49:13,24.23,9.23
2024-01-14 15:51:41,27.5,10.1
2024-01-14 15:54:06,21.52,10.43
2024-01-14 15:56:34,23.17,12.0
2024-01-14 15:58:59,22.77,10.32
2024-01-14 16:01:25,20.45,10.55
2024-01-14 16:03:53,22.7,10.07
2024-01-14 16:06:18,20.23,10.48
2024-01-14 16:08:44,25.0,11.7
2024-01-14 16:11:10,22.8,11.18
2024-01-14 16:13:40,19.33,10.15
2024-01-14 16:16:05,23.02,9.93
2024-01-14 16:18:32,21.05,10.05
2024-01-14 16:21:00,23.4,10.5
2024-01-14 16:23:34,18.05,9.88
2024-01-14 16:26:01,23.58,9.88
2024-01-14 16:28:27,21.33,9.75
2024-01-14 16:30:52,22.63,11.05
2024-01-14 16:33:17,23.5,10.32
2024-01-14 16:35:46,24.92,10.7
2024-01-14 16:38:11,24.0,10.5
2024-01-14 16:40:37,18.23,9.88
2024-01-14 16:43:02,21.83,10.2
2024-01-14 16:45:28,22.4,11.3
2024-01-14 16:47:53,23.67,11.48
2024-01-14 16:50:20,22.85,10.7
2024-01-14 16:52:46,26.33,11.68
2024-01-14 16:55:14,21.33,10.57
2024-01-14 16:57:40,19.52,11.25
2024-01-14 17:00:05,21.35,11.5
2024-01-14 17:02:32,27.45,11.9
2024-01-14 17:04:57,25.8,13.55
2024-01-14 17:07:28,26.35,12.57
2024-01-14 17:09:56,22.5,11.5
2024-01-14 17:12:22,24.17,11.6
2024-01-14 17:14:50,25.88,12.98
2024-01-14 17:17:15,21.1,11.7
2024-01-14 17:19:44,24.05,10.82
2024-01-14 17:22:12,24.33,10.55
2024-01-14 17:24:38,20.13,10.27
2024-01-14 17:27:03,19.2,9.93
2024-01-14 17:31:57,21.63,10.23
2024-01-14 17:34:26,16.6,9.38
2024-01-14 17:36:51,19.33,9.6
2024-01-14 17:39:17,22.13,10.13
2024-01-14 17:41:42,18.38,9.43
2024-01-14 17:44:13,22.0,11.0
2024-01-14 17:46:39,22.45,11.2
2024-01-14 17:49:06,20.2,9.52
2024-01-14 17:51:33,20.42,11.57
2024-01-14 17:53:59,18.8,9.32
2024-01-14 17:56:24,19.25,8.63
2024-01-14 17:58:54,14.88,7.97
2024-01-14 18:01:22,18.4,8.73
2024-01-14 18:03:48,16.7,8.13
2024-01-14 18:06:14,17.23,7.6
2024-01-14 18:08:42,11.85,6.1
2024-01-14 18:11:08,13.18,7.0
2024-01-14 18:13:33,12.38,6.22
2024-01-14 18:15:58,12.18,6.5
2024-01-14 18:18:27,14.48,7.0
2024-01-14 18:20:52,12.32,6.18
2024-01-14 18:23:17,11.5,6.05
2024-01-14 18:25:43,12.98,6.72
2024-01-14 18:28:09,13.48,7.0
2024-01-14 18:30:34,10.25,5.07
2024-01-14 18:33:00,13.18,6.95
2024-01-14 18:35:25,12.5,5.88
2024-01-14 18:37:51,11.38,5.55
2024-01-14 18:40:16,8.65,5.88
2024-01-14 18:42:42,11.65,5.2
2024-01-14 18:45:09,10.3,5.5
2024-01-14 18:47:37,13.38,5.5
2024-01-14 18:50:03,10.77,5.88
2024-01-14 18:52:34,9.23,5.32
2024-01-14 18:55:00,10.8,5.82
2024-01-14 18:57:31,8.15,5.0
2024-01-14 18:59:58,11.0,5.55
2024-01-14 19:02:24,8.85,5.93
2024-01-14 19:04:49,7.43,5.0
2024-01-14 19:07:15,11.73,5.57
2024-01-14 19:09:40,8.68,5.0
2024-01-14 19:12:06,13.48,5.47
2024-01-14 19:14:33,9.75,5.2
2024-01-14 19:16:58,9.85,4.97
2024-01-14 19:19:24,8.65,4.82
2024-01-14 19:21:49,9.02,5.4
2024-01-14 19:24:16,7.72,3.97
2024-01-14 19:26:43,10.0,4.45
2024-01-14 19:29:09,7.68,4.2
2024-01-14 19:31:38,6.13,3.53
2024-01-14 19:34:04,5.97,3.25
2024-01-14 19:36:30,4.18,3.03
2024-01-14 19:38:55,7.13,3.13
2024-01-14 19:41:20,7.38,3.4
2024-01-14 19:43:46,4.75,3.47
2024-01-14 19:46:14,4.75,2.83
2024-01-14 19:48:39,5.32,2.97
2024-01-14 19:51:05,5.72,2.85
2024-01-14 19:53:32,3.92,2.65
2024-01-14 19:55:58,4.8,2.67
2024-01-14 19:58:23,4.63,3.17
2024-01-14 20:00:51,7.18,3.17
2024-01-14 20:03:16,5.6,3.3
2024-01-14 20:05:42,4.85,3.0
2024-01-14 20:08:08,4.6,3.03
2024-01-14 20:10:33,4.8,3.05
2024-01-14 20:13:01,8.0,3.5
2024-01-14 20:15:27,3.97,3.0
2024-01-14 20:17:52,5.15,3.08
2024-01-14 20:20:22,5.43,3.1
2024-01-14 20:22:48,6.03,3.42
2024-01-14 20:25:16,4.2,2.95
2024-01-14 20:27:44,5.55,2.85
2024-01-14 20:30:10,4.53,2.72
2024-01-14 20:32:39,4.8,2.7
2024-01-14 20:35:07,4.65,2.72
2024-01-14 20:37:39,5.78,2.97
2024-01-14 20:40:05,5.45,3.1
2024-01-14 20:44:59,4.28,2.22
2024-01-14 20:47:24,5.75,3.33
2024-01-14 20:49:53,6.03,2.88
2024-01-14 20:52:19,4.53,2.63
2024-01-14 20:54:47,8.45,3.1
2024-01-14 20:57:12,5.95,2.75
2024-01-14 20:59:38,4.18,2.85
2024-01-14 21:02:04,4.95,2.7
2024-01-14 21:04:30,3.13,2.7
2024-01-14 21:06:56,4.07,2.78
2024-01-14 21:09:23,5.68,2.95
2024-01-14 21:11:49,6.18,2.97
2024-01-14 21:14:16,3.28,2.4
2024-01-14 21:16:45,3.92,2.33
2024-01-14 21:19:11,5.63,2.15
2024-01-14 21:21:39,2.83,2.03
2024-01-14 21:24:04,5.45,1.58
2024-01-14 21:26:32,3.45,1.98
2024-01-14 21:29:00,4.55,1.92
2024-01-14 21:31:32,4.93,1.7
2024-01-14 21:33:57,3.03,1.9
2024-01-14 21:36:23,2.0,1.58
2024-01-14 21:38:48,2.0,1.7
2024-01-14 21:41:16,4.05,2.3
2024-01-14 21:43:44,5.6,2.25
2024-01-14 21:46:09,2.42,1.67
2024-01-14 21:48:37,4.35,1.48
2024-01-14 21:51:03,2.0,1.4
2024-01-14 21:53:29,2.63,1.63
2024-01-14 21:55:57,3.0,1.63
2024-01-14 21:58:23,3.6,1.67
2024-01-14 22:00:49,6.05,2.03
2024-01-14 22:03:14,3.47,1.88
2024-01-14 22:05:42,3.42,1.85
2024-01-14 22:08:08,2.13,1.6
2024-01-14 22:10:33,2.9,1.6
2024-01-14 22:13:01,3.83,1.58
2024-01-14 22:15:26,2.03,1.33
2024-01-14 22:17:52,2.13,1.3
2024-01-14 22:20:17,1.7,1.23
2024-01-14 22:22:48,2.7,1.88
2024-01-14 22:25:13,4.95,1.75
2024-01-14 22:27:41,2.9,1.85
2024-01-14 22:30:06,3.38,2.05
2024-01-14 22:32:37,2.67,2.13
2024-01-14 22:35:02,3.0,2.4
2024-01-14 22:37:29,3.53,1.83
2024-01-14 22:39:54,2.78,2.1
2024-01-14 22:42:20,4.43,2.5
2024-01-14 22:44:45,3.33,2.15
2024-01-14 22:47:13,4.4,2.4
2024-01-14 22:49:43,2.45,1.92
2024-01-14 22:52:15,3.22,2.2
2024-01-14 22:54:43,3.72,2.33
2024-01-14 22:57:13,3.8,2.17
2024-01-14 22:59:39,3.75,2.8
2024-01-14 23:02:05,6.0,2.42
2024-01-14 23:04:36,4.03,2.58
2024-01-14 23:07:02,4.7,2.97
2024-01-14 23:09:28,4.15,2.33
2024-01-14 23:11:53,3.97,2.42
2024-01-14 23:14:19,4.82,2.83
2024-01-14 23:16:44,6.97,2.88
2024-01-14 23:19:12,5.68,2.8
2024-01-14 23:21:41,3.4,2.28
2024-01-14 23:24:11,7.15,2.47
2024-01-14 23:26:37,7.55,2.85
2024-01-14 23:29:03,4.07,2.63
2024-01-14 23:31:29,6.4,2.58
2024-01-14 23:33:54,6.07,3.2
2024-01-14 23:36:21,4.53,2.4
2024-01-14 23:38:47,4.95,2.17
2024-01-14 23:41:13,4.75,3.1
2024-01-14 23:43:38,2.95,2.35
2024-01-14 23:46:04,3.88,2.5
2024-01-14 23:48:30,5.63,2.92
2024-01-14 23:50:57,4.0,2.53
2024-01-14 23:53:23,4.82,2.72
2024-01-14 23:55:51,4.35,2.6
2024-01-14 23:58:16,4.47,2.6
2024-01-15 00:00:43,5.95,2.88
2024-01-15 00:03:11,5.07,2.58
2024-01-15 00:05:36,4.5,2.7
2024-01-15 00:08:02,3.35,2.03
2024-01-15 00:10:27,4.13,2.13
2024-01-15 00:12:55,4.82,2.53
2024-01-15 00:15:23,3.55,2.22
2024-01-15 00:17:48,7.0,2.25
2024-01-15 00:20:14,4.3,2.58
2024-01-15 00:22:44,3.75,2.47
2024-01-15 00:25:09,2.88,1.8
2024-01-15 00:27:35,4.28,2.1
2024-01-15 00:30:02,2.7,1.8
2024-01-15 00:32:31,6.05,2.1
2024-01-15 00:34:59,3.2,2.05
2024-01-15 00:37:24,3.95,2.55
2024-01-15 00:39:50,3.7,2.3
2024-01-15 00:42:17,3.05,1.7
2024-01-15 00:44:45,5.13,2.05
2024-01-15 00:47:10,3.4,2.22
2024-01-15 00:49:36,3.65,1.8
2024-01-15 00:52:01,2.45,1.75
2024-01-15 00:54:27,3.45,1.88
2024-01-15 00:56:52,5.68,2.1
2024-01-15 00:59:17,2.33,1.5
2024-01-15 01:01:43,3.33,1.7
2024-01-15 01:04:09,3.3,1.92
2024-01-15 01:06:38,3.75,2.0
2024-01-15 01:09:05,4.35,2.0
2024-01-15 01:11:34,3.08,1.85
2024-01-15 01:13:59,4.32,2.3
2024-01-15 01:16:26,3.95,2.03
2024-01-15 01:18:51,5.25,2.28
2024-01-15 01:21:17,3.83,1.98
2024-01-15 01:23:42,5.43,2.25
2024-01-15 01:26:07,3.35,2.03
2024-01-15 01:28:33,2.97,2.1
2024-01-15 01:30:59,2.88,1.98
2024-01-15 01:35:50,8.4,2.0
2024-01-15 01:38:15,4.03,2.15
2024-01-15 01:40:41,3.22,1.98
2024-01-15 01:43:08,3.3,2.1
2024-01-15 01:45:35,3.1,1.6
2024-01-15 01:48:00,4.43,2.22
2024-01-15 01:50:27,6.05,2.25
2024-01-15 01:52:54,4.07,1.95
2024-01-15 01:55:26,4.03,2.1
2024-01-15 01:57:54,4.15,2.53
2024-01-15 02:00:23,5.18,3.22
2024-01-15 02:02:49,4.57,3.6
2024-01-15 02:05:14,4.65,2.58
2024-01-15 02:07:45,5.28,2.8
2024-01-15 02:10:10,5.57,3.05
2024-01-15 02:12:35,3.58,2.65
2024-01-15 02:15:03,5.95,3.67
2024-01-15 02:17:29,6.55,2.85
2024-01-15 02:19:54,4.78,2.6
2024-01-15 02:22:20,4.95,2.67
2024-01-15 02:24:47,4.03,2.5
2024-01-15 02:27:13,4.65,2.78
2024-01-15 02:29:39,5.82,3.15
2024-01-15 02:32:09,4.0,2.63
2024-01-15 02:34:37,4.13,2.65
2024-01-15 02:37:02,4.78,2.58
2024-01-15 02:39:31,5.05,2.7
2024-01-15 02:41:56,7.13,2.72
2024-01-15 02:44:22,3.75,2.6
2024-01-15 02:46:50,3.8,2.58
2024-01-15 02:49:16,2.78,1.77
2024-01-15 02:51:43,3.22,2.45
2024-01-15 02:54:11,3.88,2.3
2024-01-15 02:56:36,5.45,2.3
2024-01-15 02:59:02,4.75,2.3
2024-01-15 03:01:27,3.4,1.92
2024-01-15 03:03:52,3.33,2.1
2024-01-15 03:06:20,3.13,2.05
2024-01-15 03:08:45,6.28,2.25
2024-01-15 03:11:13,4.6,2.05
2024-01-15 03:13:38,6.95,1.8
2024-01-15 03:16:06,4.03,1.73
2024-01-15 03:18:31,3.7,1.88
2024-01-15 03:20:57,5.5,2.08
2024-01-15 03:23:22,3.33,1.98
2024-01-15 03:25:48,3.63,1.83
2024-01-15 03:28:14,2.58,1.6
2024-01-15 03:30:39,4.3,2.1
2024-01-15 03:33:04,3.08,1.63
2024-01-15 03:35:30,2.88,1.4
2024-01-15 03:37:56,4.97,1.23
2024-01-15 03:40:24,3.95,1.17
2024-01-15 03:42:53,2.58,1.3
2024-01-15 03:45:23,3.47,1.38
2024-01-15 03:47:48,3.47,1.5
2024-01-15 03:50:16,4.13,1.0
2024-01-15 03:52:42,2.53,1.5
2024-01-15 03:55:07,4.6,1.35
2024-01-15 03:57:35,7.25,1.8
2024-01-15 04:00:00,2.67,1.2
2024-01-15 04:02:26,3.05,1.5
2024-01-15 04:04:58,2.53,1.45
2024-01-15 04:07:26,2.5,1.23
2024-01-15 04:09:51,5.55,1.6
2024-01-15 04:12:17,2.97,1.25
2024-01-15 04:14:44,2.28,1.48
2024-01-15 04:17:12,3.25,1.15
2024-01-15 04:19:43,3.65,1.1
2024-01-15 04:22:09,2.47,1.05
2024-01-15 04:24:36,2.58,1.25
2024-01-15 04:27:04,2.28,0.95
2024-01-15 04:29:33,2.15,1.45
2024-01-15 04:31:58,2.33,1.2
2024-01-15 04:34:23,1.95,1.13
2024-01-15 04:36:49,3.63,1.42
2024-01-15 04:39:19,5.07,1.4
2024-01-15 04:41:44,3.17,1.17
2024-01-15 04:44:09,2.67,1.2
2024-01-15 04:46:35,1.5,0.93
2024-01-15 04:49:00,3.63,1.88
2024-01-15 04:51:28,3.88,1.23
2024-01-15 04:53:53,3.22,1.48
2024-01-15 04:56:18,2.1,1.4
2024-01-15 04:58:47,3.72,1.2
2024-01-15 05:01:12,4.25,2.2
2024-01-15 05:03:37,3.25,1.98
2024-01-15 05:06:05,5.35,1.67
2024-01-15 05:08:34,2.5,1.52
2024-01-15 05:11:01,3.35,1.55
2024-01-15 05:13:27,3.8,1.33
2024-01-15 05:15:55,2.55,1.2
2024-01-15 05:18:20,3.35,1.52
2024-01-15 05:20:46,4.22,1.6
2024-01-15 05:23:11,3.25,1.55
2024-01-15 05:25:37,4.88,1.5
2024-01-15 05:28:05,5.5,1.8
2024-01-15 05:30:30,2.83,1.3
2024-01-15 05:32:56,3.08,1.38
2024-01-15 05:35:22,3.58,1.65
2024-01-15 05:37:48,4.88,1.33
2024-01-15 05:40:13,5.0,1.45
2024-01-15 05:42:39,4.03,1.65
2024-01-15 05:45:06,7.35,1.75
2024-01-15 05:47:36,7.95,1.48
2024-01-15 05:50:07,2.03,1.42
2024-01-15 05:52:33,7.6,1.67
2024-01-15 05:54:59,3.72,1.45
2024-01-15 05:57:24,2.15,1.38
2024-01-15 05:59:50,3.5,1.2
2024-01-15 06:02:17,6.63,1.55
2024-01-15 06:04:45,5.35,1.65
2024-01-15 06:07:11,5.9,1.67
2024-01-15 06:09:36,3.3,1.55
2024-01-15 06:12:03,3.55,1.42
2024-01-15 06:14:29,5.38,1.8
2024-01-15 06:16:57,5.07,1.65
2024-01-15 06:19:22,5.82,1.8
2024-01-15 06:21:50,2.9,1.15
2024-01-15 06:24:19,6.13,2.05
2024-01-15 06:26:47,4.47,1.4
2024-01-15 06:29:13,3.08,1.48
2024-01-15 06:31:41,4.0,1.83
2024-01-15 06:34:06,2.45,1.42
2024-01-15 06:36:31,3.17,1.2
2024-01-15 06:38:57,2.08,1.3
2024-01-15 06:41:22,4.35,1.08
2024-01-15 06:43:48,4.45,1.83
2024-01-15 06:46:20,4.75,1.6
2024-01-15 06:48:48,3.85,1.1
2024-01-15 06:51:15,3.2,1.05
2024-01-15 06:53:41,4.38,1.02
2024-01-15 06:56:07,1.88,1.38
2024-01-15 06:58:32,2.13,1.2
2024-01-15 07:00:58,1.73,1.02
2024-01-15 07:03:23,4.93,1.48
2024-01-15 07:05:49,6.22,1.52
2024-01-15 07:08:16,5.45,1.9
2024-01-15 07:10:42,2.38,1.2
2024-01-15 07:13:13,2.28,1.1
2024-01-15 07:15:41,3.5,1.6
2024-01-15 07:18:06,5.15,1.45
2024-01-15 07:20:32,4.35,1.75
2024-01-15 07:22:57,3.58,1.2
2024-01-15 07:25:25,2.35,1.4
2024-01-15 07:27:53,3.75,1.65
2024-01-15 07:30:21,2.22,1.3
2024-01-15 07:32:47,4.7,1.8
2024-01-15 07:35:15,2.63,1.5
2024-01-15 07:37:43,3.35,1.5
2024-01-15 07:40:09,3.8,1.7
2024-01-15 07:42:35,6.25,2.4
2024-01-15 07:45:04,2.95,1.55
2024-01-15 07:49:57,5.93,1.83
2024-01-15 07:52:22,2.7,1.55
2024-01-15 07:54:48,4.35,1.65
2024-01-15 07:57:13,3.67,1.8
2024-01-15 07:59:38,3.22,1.6
2024-01-15 08:04:30,3.05,1.77
2024-01-15 08:06:58,3.17,1.75
2024-01-15 08:09:23,4.55,2.0
2024-01-15 08:11:51,3.25,1.8
2024-01-15 08:14:17,3.83,2.1
2024-01-15 08:19:10,5.9,2.45
2024-01-15 08:21:35,4.88,2.15
2024-01-15 08:24:01,2.88,1.52
2024-01-15 08:26:30,4.45,1.9
2024-01-15 08:28:57,4.65,1.83
2024-01-15 08:31:22,5.13,1.92
2024-01-15 08:33:51,7.05,1.95
2024-01-15 08:36:16,3.13,1.73
2024-01-15 08:38:41,3.97,1.8
2024-01-15 08:41:09,4.13,1.98
2024-01-15 08:43:35,6.9,2.22
2024-01-15 08:46:00,3.55,1.6
2024-01-15 08:48:28,4.78,1.75
2024-01-15 08:50:54,5.65,1.88
2024-01-15 08:53:21,4.32,1.88
2024-01-15 08:55:47,3.95,1.4
2024-01-15 08:58:13,4.55,1.85
2024-01-15 09:00:38,3.78,1.38
2024-01-15 09:03:04,5.75,1.83
2024-01-15 09:05:29,5.0,2.25
2024-01-15 09:07:55,3.17,1.65
2024-01-15 09:10:21,4.78,2.3
2024-01-15 09:12:46,3.25,1.83
2024-01-15 09:15:12,4.72,2.13
2024-01-15 09:17:38,5.13,1.5
2024-01-15 09:20:03,5.55,1.9
2024-01-15 09:22:30,3.22,1.0
2024-01-15 09:25:01,3.38,0.7
2024-01-15 09:27:29,2.3,0.7
2024-01-15 09:29:54,5.82,0.73
2024-01-15 09:32:22,2.38,0.7
2024-01-15 09:34:48,2.88,0.5
2024-01-15 09:37:14,5.28,0.85
2024-01-15 09:39:40,1.0,0.5
2024-01-15 09:42:08,2.95,1.1
2024-01-15 09:44:35,1.23,0.7
2024-01-15 09:47:04,3.25,1.23
2024-01-15 09:49:30,1.7,0.6
2024-01-15 09:51:56,2.53,0.8
2024-01-15 09:54:23,8.15,1.08
2024-01-15 09:56:51,4.25,1.13
2024-01-15 09:59:16,3.7,0.95
2024-01-15 10:01:44,3.3,0.8
2024-01-15 10:04:13,4.7,0.98
2024-01-15 10:06:41,4.78,1.13
2024-01-15 10:11:42,4.7,1.13
2024-01-15 10:14:09,6.0,1.25
2024-01-15 10:16:39,1.9,1.1
2024-01-15 10:19:05,6.07,0.95
2024-01-15 10:21:34,1.88,0.68
2024-01-15 10:24:01,3.97,0.88
2024-01-15 10:26:27,3.33,0.9
2024-01-15 10:28:53,2.2,0.77
2024-01-15 10:31:21,3.17,0.98
2024-01-15 10:33:49,3.17,0.9
2024-01-15 10:36:15,1.6,0.7
2024-01-15 10:38:45,1.0,0.73
2024-01-15 10:41:11,3.83,0.73
2024-01-15 10:43:37,1.88,0.9
2024-01-15 10:46:03,5.05,0.93
2024-01-15 10:48:29,3.3,0.9
2024-01-15 10:50:59,0.8,0.5
2024-01-15 10:53:25,3.15,0.82
2024-01-15 10:55:52,3.67,1.25
2024-01-15 10:58:18,3.13,0.5
2024-01-15 11:00:47,2.45,0.7
2024-01-15 11:03:12,1.77,0.68
2024-01-15 11:05:40,3.9,1.08
2024-01-15 11:08:07,2.53,1.05
2024-01-15 11:10:40,4.38,1.1
2024-01-15 11:13:13,2.95,0.5
2024-01-15 11:16:10,2.3,1.17
2024-01-15 11:23:45,5.35,1.4
2024-01-15 11:34:21,2.73,0.8
2024-01-15 11:37:06,1.92,0.77
2024-01-15 11:42:01,2.97,1.08
2024-01-15 11:44:32,7.85,1.75
2024-01-15 11:47:01,3.75,0.98
2024-01-15 11:52:11,4.65,1.05
2024-01-15 11:54:39,3.13,1.42
2024-01-15 11:57:51,4.13,0.98
2024-01-15 12:00:16,4.25,1.13
2024-01-15 12:02:42,3.58,1.0
2024-01-15 12:05:12,5.95,1.2
2024-01-15 12:07:43,3.4,0.7
2024-01-15 12:10:14,7.65,1.52
2024-01-15 12:13:04,3.25,0.8
2024-01-15 12:15:33,3.78,1.25
2024-01-15 12:17:59,4.1,1.23
2024-01-15 12:20:29,5.82,1.15
2024-01-15 12:23:01,3.92,1.0
2024-01-15 12:25:31,6.4,1.38
2024-01-15 12:27:59,6.97,1.92
2024-01-15 12:30:26,4.25,1.48
2024-01-15 12:32:56,2.97,0.93
2024-01-15 12:35:28,2.5,1.0
2024-01-15 12:37:56,4.63,1.08
2024-01-15 12:40:22,0.95,0.7
2024-01-15 12:42:48,4.03,1.23
2024-01-15 12:45:18,2.08,1.42
2024-01-15 12:47:43,2.05,1.0
2024-01-15 12:50:09,3.45,0.85
2024-01-15 12:52:35,2.65,1.1
2024-01-15 12:55:03,7.05,1.52
2024-01-15 12:57:32,2.3,1.17
2024-01-15 12:59:59,5.8,1.2
2024-01-15 13:02:24,6.6,1.5
2024-01-15 13:04:50,2.28,0.9
2024-01-15 13:07:16,2.63,0.9
2024-01-15 13:09:41,7.85,1.1
2024-01-15 13:12:08,2.6,1.4
2024-01-15 13:14:36,4.38,1.67
2024-01-15 13:17:01,2.33,1.27
2024-01-15 13:19:29,3.45,1.5
2024-01-15 13:21:59,4.97,1.1
2024-01-15 13:24:27,6.22,1.4
2024-01-15 13:26:53,5.68,1.52
2024-01-15 13:29:18,2.05,0.95
2024-01-15 13:31:46,4.93,0.95
2024-01-15 13:34:11,3.15,1.08
2024-01-15 13:36:37,6.38,1.27
2024-01-15 13:39:06,3.9,1.02
2024-01-15 13:41:34,6.9,1.42
2024-01-15 13:44:02,4.35,1.27
2024-01-15 13:46:28,3.88,0.8
2024-01-15 13:48:54,4.78,0.82
2024-01-15 13:51:22,1.9,1.1
2024-01-15 13:53:50,2.8,0.93
2024-01-15 13:56:18,6.32,1.63
2024-01-15 13:58:44,9.57,1.3
2024-01-15 14:01:15,5.47,1.3
2024-01-15 14:03:42,3.38,1.1
2024-01-15 14:06:08,2.42,1.0
2024-01-15 14:08:34,4.82,0.93
2024-01-15 14:11:06,3.67,1.1
2024-01-15 14:13:32,3.88,1.27
2024-01-15 14:16:00,3.03,1.33
2024-01-15 14:18:26,5.15,1.08
2024-01-15 14:20:56,6.72,1.48
2024-01-15 14:23:24,1.9,1.17
2024-01-15 14:25:49,3.47,0.9
2024-01-15 14:28:17,3.38,0.9
2024-01-15 14:30:45,4.75,1.63
2024-01-15 14:33:15,5.97,1.65
2024-01-15 14:35:41,2.83,1.27
2024-01-15 14:38:06,5.57,1.27
2024-01-15 14:40:34,2.8,1.17
2024-01-15 14:43:02,3.83,1.73
2024-01-15 14:45:28,4.4,1.35
2024-01-15 14:47:55,6.28,1.63
2024-01-15 14:50:24,3.88,1.45
2024-01-15 14:52:52,5.68,1.1
2024-01-15 14:55:22,4.55,1.3
2024-01-15 14:57:50,3.1,1.0
2024-01-15 15:00:23,3.75,1.65
2024-01-15 15:02:50,5.5,1.3
2024-01-15 15:05:16,3.3,1.1
2024-01-15 15:07:45,8.25,1.9
2024-01-15 15:10:10,3.78,0.95
2024-01-15 15:12:38,4.13,1.08
2024-01-15 15:15:04,3.85,1.48
2024-01-15 15:17:29,3.8,1.15
2024-01-15 15:19:55,4.72,1.23
2024-01-15 15:22:20,1.5,0.95
2024-01-15 15:24:49,4.4,1.38
2024-01-15 15:27:17,5.28,1.92
2024-01-15 15:29:42,3.88,1.1
2024-01-15 15:32:08,6.2,5.45
2024-01-15 15:34:37,16.4,10.73
2024-01-15 15:37:05,21.2,11.35
2024-01-15 15:39:30,4.88,2.25
2024-01-15 15:41:56,4.25,1.42
2024-01-15 15:44:22,3.42,1.23
2024-01-15 15:46:49,4.22,1.0
2024-01-15 15:49:17,1.92,1.13
2024-01-15 15:51:42,3.13,1.6
2024-01-15 15:54:08,3.72,1.45
2024-01-15 15:56:36,6.43,1.55
2024-01-15 15:59:05,6.7,1.33
2024-01-15 16:03:56,6.45,1.3
2024-01-15 16:06:28,2.05,1.1
2024-01-15 16:08:56,3.03,1.2
2024-01-15 16:11:24,1.42,1.02
2024-01-15 16:13:49,6.2,1.4
2024-01-15 16:16:15,4.65,2.03
2024-01-15 16:18:40,5.43,1.77
2024-01-15 16:21:06,1.45,1.08
2024-01-15 16:23:34,4.35,1.38
2024-01-15 16:26:04,9.0,1.73
2024-01-15 16:28:29,2.1,1.2
2024-01-15 16:30:57,3.65,1.38
2024-01-15 16:33:27,3.0,1.02
2024-01-15 16:35:53,21.63,7.68
2024-01-15 16:38:20,9.88,4.72
2024-01-15 16:40:51,4.78,2.53
2024-01-15 16:43:19,9.05,2.75
2024-01-15 16:45:45,3.15,2.0
2024-01-15 16:48:10,4.78,1.9
2024-01-15 16:50:38,6.65,2.45
2024-01-15 16:53:06,4.57,2.1
2024-01-15 16:55:31,4.0,1.98
2024-01-15 16:57:57,2.95,1.55
2024-01-15 17:00:22,9.0,1.88
2024-01-15 17:02:48,5.38,1.6
2024-01-15 17:05:14,3.85,1.63
2024-01-15 17:07:40,4.68,2.22
2024-01-15 17:10:06,7.75,3.0
2024-01-15 17:12:34,6.35,2.8
2024-01-15 17:14:59,4.75,2.72
2024-01-15 17:17:27,3.75,2.5
2024-01-15 17:19:53,4.97,2.03
2024-01-15 17:22:19,7.45,3.0
2024-01-15 17:24:47,5.3,2.33
2024-01-15 17:27:12,4.2,1.8
2024-01-15 17:29:38,5.15,1.58
2024-01-15 17:32:03,4.25,2.05
2024-01-15 17:34:28,5.3,1.58
2024-01-15 17:36:56,3.97,1.75
2024-01-15 17:39:22,3.85,2.1
2024-01-15 17:41:50,6.15,1.4
2024-01-15 17:44:15,5.43,2.53
2024-01-15 17:46:40,4.47,1.77
2024-01-15 17:49:11,6.65,2.0
2024-01-15 17:51:36,5.65,2.35
2024-01-15 17:54:04,8.1,4.72
2024-01-15 17:56:33,6.5,4.25
2024-01-15 17:58:59,3.38,1.98
2024-01-15 18:01:25,4.72,2.13
2024-01-15 18:03:53,3.33,2.03
2024-01-15 18:06:19,6.28,2.35
2024-01-15 18:08:45,7.45,2.28
2024-01-15 18:11:17,4.0,2.0
2024-01-15 18:13:43,6.28,2.13
2024-01-15 18:16:08,5.45,2.33
2024-01-15 18:18:34,3.63,2.05
2024-01-15 18:21:00,4.3,2.33
2024-01-15 18:23:25,7.9,2.5
2024-01-15 18:25:51,6.05,2.72
2024-01-15 18:28:18,4.47,2.17
2024-01-15 18:30:44,7.07,3.1
2024-01-15 18:33:11,3.97,2.08
2024-01-15 18:35:38,4.72,2.45
2024-01-15 18:38:04,4.15,2.92
2024-01-15 18:40:30,5.28,2.6
2024-01-15 18:43:02,6.35,2.63
2024-01-15 18:45:27,4.7,2.4
2024-01-15 18:47:53,5.32,2.35
2024-01-15 18:50:18,5.4,2.95
2024-01-15 18:52:44,7.93,3.13
2024-01-15 18:55:09,5.9,2.8
2024-01-15 18:57:38,6.88,3.28
2024-01-15 19:00:07,9.65,3.0
2024-01-15 19:02:36,6.8,2.72
2024-01-15 19:05:06,6.22,3.97
2024-01-15 19:07:34,9.13,5.88
2024-01-15 19:10:02,7.35,3.33
2024-01-15 19:12:27,9.52,4.2
2024-01-15 19:14:52,11.35,4.05
2024-01-15 19:17:18,7.35,3.1
2024-01-15 19:19:44,5.72,2.9
2024-01-15 19:22:14,7.95,2.92
2024-01-15 19:24:39,6.15,2.9
2024-01-15 19:27:07,4.85,2.85
2024-01-15 19:29:32,4.43,3.17
2024-01-15 19:32:03,7.85,3.22
2024-01-15 19:34:29,5.9,3.95
2024-01-15 19:36:55,7.0,3.5
2024-01-15 19:39:20,7.97,2.83
2024-01-15 19:41:47,6.25,3.22
2024-01-15 19:44:12,6.97,3.35
2024-01-15 19:46:38,6.75,3.03
2024-01-15 19:49:06,4.82,2.95
2024-01-15 19:51:34,8.48,3.38
2024-01-15 19:54:07,8.9,3.7
2024-01-15 19:56:32,5.9,3.42
2024-01-15 19:58:59,5.03,3.33
2024-01-15 20:01:25,5.95,2.9
2024-01-15 20:03:55,8.68,2.55
2024-01-15 20:06:22,8.88,3.25
2024-01-15 20:11:16,5.3,2.35
2024-01-15 20:13:42,6.93,3.22
2024-01-15 20:16:08,5.95,3.78
2024-01-15 20:18:34,8.13,2.95
2024-01-15 20:21:00,5.32,2.97
2024-01-15 20:23:28,8.5,2.83
2024-01-15 20:25:56,9.2,2.58
2024-01-15 20:28:21,5.88,2.28
2024-01-15 20:30:49,8.15,2.9
2024-01-15 20:33:14,6.6,2.45
2024-01-15 20:35:40,6.1,2.1
2024-01-15 20:38:05,3.05,1.92
2024-01-15 20:40:31,4.45,2.38
2024-01-15 20:42:56,8.23,2.7
2024-01-15 20:45:21,15.15,6.0
2024-01-15 20:47:47,9.93,4.9
2024-01-15 20:50:12,6.45,2.7
2024-01-15 20:52:38,7.85,3.42
2024-01-15 20:55:06,12.9,4.57
2024-01-15 20:57:35,10.88,3.92
2024-01-15 21:00:03,14.85,6.25
2024-01-15 21:02:32,8.68,4.25
2024-01-15 21:05:00,8.45,2.7
2024-01-15 21:09:53,5.97,2.5
2024-01-15 21:12:21,8.18,3.95
2024-01-15 21:14:47,14.3,7.95
2024-01-15 21:17:17,11.02,5.9
2024-01-15 21:19:45,7.65,4.03
2024-01-15 21:22:12,4.43,2.72
2024-01-15 21:24:38,7.1,2.72
2024-01-15 21:27:04,4.75,2.4
2024-01-15 21:29:29,4.25,2.25
2024-01-15 21:31:55,4.93,2.08
2024-01-15 21:34:20,5.22,2.05
2024-01-15 21:36:48,6.3,2.42
2024-01-15 21:41:41,6.82,2.67
2024-01-15 21:44:10,4.5,2.2
2024-01-15 21:46:38,7.7,2.5
2024-01-15 21:49:09,3.92,2.35
2024-01-15 21:51:35,4.53,2.9
2024-01-15 21:54:00,5.1,2.13
2024-01-15 21:56:31,6.1,2.42
2024-01-15 21:58:58,3.58,1.9
2024-01-15 22:01:25,4.9,1.52
2024-01-15 22:03:51,2.72,1.5
2024-01-15 22:06:17,9.52,2.0
2024-01-15 22:08:43,6.28,2.67
2024-01-15 22:11:10,6.38,1.8
2024-01-15 22:13:35,7.03,1.85
2024-01-15 22:16:01,7.22,2.5
2024-01-15 22:18:27,4.85,1.6
2024-01-15 22:20:52,4.9,1.92
2024-01-15 22:23:21,4.4,1.88
2024-01-15 22:25:47,3.9,1.9
2024-01-15 22:28:12,4.95,2.42
2024-01-15 22:30:40,3.03,1.9
2024-01-15 22:33:08,4.1,1.83
2024-01-15 22:35:34,4.32,1.8
2024-01-15 22:38:01,4.07,1.88
2024-01-15 22:40:27,5.63,2.22
2024-01-15 22:42:52,5.68,1.58
2024-01-15 22:45:18,7.13,2.1
2024-01-15 22:47:46,5.18,2.28
2024-01-15 22:50:14,6.32,2.0
2024-01-15 22:52:41,5.38,2.0
2024-01-15 22:55:07,4.45,1.9
2024-01-15 22:57:35,5.55,2.63
2024-01-15 23:00:01,5.35,1.7
2024-01-15 23:02:27,4.6,2.0
2024-01-15 23:04:52,4.72,2.33
2024-01-15 23:07:21,2.75,1.63
2024-01-15 23:09:46,4.65,2.05
2024-01-15 23:12:14,4.6,2.08
2024-01-15 23:14:44,4.5,2.03
2024-01-15 23:17:10,6.2,2.1
2024-01-15 23:19:35,6.6,2.6
2024-01-15 23:22:05,6.25,2.15
2024-01-15 23:24:32,5.78,2.35
2024-01-15 23:26:58,5.72,1.92
2024-01-15 23:29:26,5.65,2.0
2024-01-15 23:31:52,6.82,2.03
2024-01-15 23:34:17,4.35,1.77
2024-01-15 23:36:47,3.0,1.8
2024-01-15 23:39:12,4.53,2.08
2024-01-15 23:41:40,4.1,2.0
2024-01-15 23:44:06,4.22,2.22
2024-01-15 23:46:31,4.65,2.38
2024-01-15 23:48:57,3.53,1.75
2024-01-15 23:51:23,3.5,2.17
2024-01-15 23:53:49,4.13,1.95
2024-01-15 23:56:14,7.25,1.98
2024-01-15 23:58:40,3.67,2.0
2024-01-16 00:01:05,6.15,2.35
2024-01-16 00:03:31,3.85,1.52
2024-01-16 00:05:57,4.93,1.83
2024-01-16 00:08:23,5.03,1.75
2024-01-16 00:10:50,3.78,1.85
2024-01-16 00:13:18,8.13,1.98
2024-01-16 00:15:43,6.75,2.28
2024-01-16 00:18:09,7.43,2.3
2024-01-16 00:44:54,5.97,2.47
2024-01-16 00:47:19,2.8,1.83
2024-01-16 00:49:45,3.3,1.9
2024-01-16 00:52:10,7.38,2.1
2024-01-16 00:54:35,3.05,2.03
2024-01-16 00:57:06,3.78,1.7
2024-01-16 00:59:32,2.6,1.58
2024-01-16 01:01:57,6.13,2.17
2024-01-16 01:04:23,4.43,1.7
2024-01-16 01:06:48,2.45,1.6
2024-01-16 01:09:14,4.65,2.1
2024-01-16 01:11:41,4.4,1.73
2024-01-16 01:14:10,5.1,1.9
2024-01-16 01:16:35,4.15,1.77
2024-01-16 01:19:00,3.95,1.77
2024-01-16 01:21:29,5.05,1.6
2024-01-16 01:26:22,3.95,1.6
2024-01-16 01:28:47,3.4,1.5
2024-01-16 01:31:13,4.03,1.77
2024-01-16 01:33:41,3.92,1.8
2024-01-16 01:36:07,4.88,2.25
2024-01-16 01:38:33,3.22,1.67
2024-01-16 01:40:58,3.78,1.63
2024-01-16 01:43:25,7.07,2.2
2024-01-16 01:46:10,3.72,2.38
2024-01-16 01:48:41,3.53,1.9
2024-01-16 01:51:07,3.6,1.67
2024-01-16 01:53:34,5.43,2.4
2024-01-16 01:56:03,3.38,1.6
2024-01-16 01:58:33,3.4,1.48
2024-01-16 02:03:26,4.53,1.6
2024-01-16 02:06:04,4.2,2.05
2024-01-16 02:08:30,3.05,1.42
2024-01-16 02:10:56,2.88,1.73
2024-01-16 02:13:22,6.32,1.8
2024-01-16 02:15:50,2.63,1.52
2024-01-16 02:18:16,3.88,1.73
2024-01-16 02:20:42,3.25,2.13
2024-01-16 02:23:08,3.05,1.4
2024-01-16 02:25:38,2.9,1.3
2024-01-16 02:28:08,2.42,1.7
2024-01-16 02:30:33,5.95,1.7
2024-01-16 02:32:59,4.97,1.9
2024-01-16 02:35:31,3.03,1.7
2024-01-16 02:37:56,2.85,1.65
2024-01-16 02:40:26,4.75,1.98
2024-01-16 02:42:52,6.68,1.65
2024-01-16 02:45:17,5.28,1.6
2024-01-16 02:47:43,3.88,1.33
2024-01-16 02:50:10,3.42,1.5
2024-01-16 02:52:38,5.0,1.63
2024-01-16 02:55:06,4.75,1.52
2024-01-16 02:57:34,3.58,1.7
2024-01-16 03:00:00,6.5,2.0
2024-01-16 03:02:25,3.58,1.5
2024-01-16 03:04:51,2.13,1.25
2024-01-16 03:07:16,2.47,1.45
2024-01-16 03:09:41,2.13,1.48
2024-01-16 03:12:07,8.32,2.13
2024-01-16 03:14:32,4.63,1.67
2024-01-16 03:17:04,2.95,1.52
2024-01-16 03:19:30,3.83,1.6
2024-01-16 03:21:55,3.13,1.5
2024-01-16 03:24:23,7.3,2.35
2024-01-16 03:26:48,3.5,1.98
2024-01-16 03:29:14,5.93,2.0
2024-01-16 03:31:40,3.45,1.83
2024-01-16 03:34:05,3.0,1.5
2024-01-16 03:36:33,6.55,2.03
2024-01-16 03:38:59,4.88,1.6
2024-01-16 03:41:27,5.32,2.0
2024-01-16 03:43:54,4.35,1.48
2024-01-16 03:46:24,2.97,1.63
2024-01-16 03:48:50,2.4,1.5
2024-01-16 03:51:18,4.18,1.88
2024-01-16 03:53:44,3.97,2.1
2024-01-16 03:56:10,5.32,1.67
2024-01-16 03:58:35,5.38,1.95
2024-01-16 04:01:01,3.2,1.83
2024-01-16 04:03:26,4.63,1.95
2024-01-16 04:05:52,4.53,2.03
2024-01-16 04:08:19,5.97,1.7
2024-01-16 04:10:45,4.85,1.95
2024-01-16 04:13:10,3.67,1.73
2024-01-16 04:15:39,7.32,1.98
2024-01-16 04:18:05,5.13,1.92
2024-01-16 04:20:31,3.03,1.63
2024-01-16 04:22:57,3.95,1.92
2024-01-16 04:25:23,4.75,1.92
2024-01-16 04:27:51,8.55,2.05
2024-01-16 04:30:16,4.18,1.7
2024-01-16 04:32:41,4.85,1.6
2024-01-16 04:35:09,7.32,2.03
2024-01-16 04:37:35,4.82,2.2
2024-01-16 04:40:01,3.97,1.67
2024-01-16 04:42:27,4.18,1.45
2024-01-16 04:44:52,2.65,1.27
2024-01-16 04:47:19,1.55,1.05
2024-01-16 04:49:44,3.47,1.58
2024-01-16 04:52:10,4.5,1.85
2024-01-16 04:54:35,1.5,1.13
2024-01-16 04:57:01,2.6,1.58
2024-01-16 04:59:26,3.2,1.4
2024-01-16 05:01:55,2.83,1.2
2024-01-16 05:04:23,4.03,1.6
2024-01-16 05:06:52,5.07,1.92
2024-01-16 05:09:17,3.38,1.5
2024-01-16 05:11:45,4.72,1.7
2024-01-16 05:14:11,3.33,1.6
2024-01-16 05:16:39,3.95,1.23
2024-01-16 05:19:07,5.2,1.8
2024-01-16 05:21:32,2.35,1.48
2024-01-16 05:23:58,1.65,1.1
2024-01-16 05:26:23,4.25,1.52
2024-01-16 05:28:49,2.85,1.67
2024-01-16 05:31:14,5.85,1.73
2024-01-16 05:33:42,4.75,1.4
2024-01-16 05:36:08,4.4,2.05
2024-01-16 05:38:34,4.35,1.58
2024-01-16 05:41:00,3.1,1.9
2024-01-16 05:43:25,4.18,1.85
2024-01-16 05:45:53,3.78,2.17
2024-01-16 05:48:18,5.65,2.17
2024-01-16 05:50:44,6.5,1.88
2024-01-16 05:53:09,5.6,1.8
2024-01-16 05:55:35,5.53,2.53
2024-01-16 05:58:02,3.3,1.63
2024-01-16 06:00:28,6.5,1.98
2024-01-16 06:02:56,5.65,2.5
2024-01-16 06:05:21,5.15,2.15
2024-01-16 06:07:46,4.15,2.13
2024-01-16 06:10:17,3.72,1.77
2024-01-16 06:12:42,3.97,1.95
2024-01-16 06:15:10,5.0,1.5
2024-01-16 06:17:41,4.97,1.9
2024-01-16 06:20:06,6.03,2.3
2024-01-16 06:22:32,5.43,2.03
2024-01-16 06:24:57,4.4,1.88
2024-01-16 06:27:25,4.18,1.8
2024-01-16 06:29:50,2.58,1.9
2024-01-16 06:32:16,5.75,2.0
2024-01-16 06:34:41,4.9,2.0
2024-01-16 06:37:09,8.23,2.42
2024-01-16 06:39:37,5.2,1.98
2024-01-16 06:42:04,6.63,2.25
2024-01-16 06:44:30,7.1,2.45
2024-01-16 06:46:57,6.82,3.33
2024-01-16 06:49:26,9.15,3.6
2024-01-16 06:51:52,3.8,2.7
2024-01-16 06:54:19,6.28,2.58
2024-01-16 06:56:46,7.43,2.88
2024-01-16 06:59:14,4.35,2.5
2024-01-16 07:01:40,5.75,2.15
2024-01-16 07:04:05,5.78,2.9
2024-01-16 07:06:30,4.25,2.13
2024-01-16 07:08:56,5.05,1.77
2024-01-16 07:11:21,5.85,2.3
2024-01-16 07:13:46,4.88,1.73
2024-01-16 07:16:12,4.68,2.38
2024-01-16 07:18:39,5.3,2.3
2024-01-16 07:21:15,5.35,2.4
2024-01-16 07:23:41,6.68,2.63
2024-01-16 07:26:09,5.47,2.85
2024-01-16 07:28:37,6.15,2.38
2024-01-16 07:31:05,6.6,2.3
2024-01-16 07:33:31,7.45,2.65
2024-01-16 07:35:57,4.4,2.38
2024-01-16 07:38:22,4.63,2.47
2024-01-16 07:40:47,5.13,2.0
2024-01-16 07:43:13,5.28,2.38
2024-01-16 07:45:38,4.55,2.7
2024-01-16 07:48:06,6.55,2.9
2024-01-16 07:50:35,4.45,2.78
2024-01-16 07:53:00,4.97,3.03
2024-01-16 07:55:28,3.5,2.08
2024-01-16 07:57:54,3.72,2.2
2024-01-16 08:00:19,5.9,2.8
2024-01-16 08:02:47,5.13,2.95
2024-01-16 08:05:12,5.05,2.78
2024-01-16 08:07:38,4.15,2.95
2024-01-16 08:10:06,5.22,2.9
2024-01-16 08:12:33,6.43,2.92
2024-01-16 08:15:02,4.18,2.58
2024-01-16 08:17:32,7.1,3.28
2024-01-16 08:19:58,4.95,3.3
2024-01-16 08:22:23,9.05,3.05
2024-01-16 08:24:48,6.4,2.9
2024-01-16 08:27:14,10.38,3.22
2024-01-16 08:29:43,3.58,2.47
2024-01-16 08:32:08,5.07,2.58
2024-01-16 08:34:34,7.0,2.5
2024-01-16 08:36:59,4.72,2.8
2024-01-16 08:39:25,5.38,2.95
2024-01-16 08:41:50,8.15,3.28
2024-01-16 08:44:19,4.8,2.7
2024-01-16 08:46:47,6.15,2.75
2024-01-16 08:49:12,3.58,2.0
2024-01-16 08:51:38,6.18,3.38
2024-01-16 08:54:06,6.15,2.72
2024-01-16 08:56:31,9.43,3.0
2024-01-16 08:58:57,7.45,3.55
2024-01-16 09:01:22,9.15,4.7
2024-01-16 09:03:48,6.32,3.8
2024-01-16 09:06:17,6.75,3.97
2024-01-16 09:08:42,8.18,3.28
2024-01-16 09:11:09,4.6,2.9
2024-01-16 09:13:36,4.97,2.78
2024-01-16 09:16:02,4.18,2.63
2024-01-16 09:18:28,4.7,3.35
2024-01-16 09:20:53,7.0,3.6
2024-01-16 09:23:20,5.2,3.33
2024-01-16 09:25:45,10.65,3.1
2024-01-16 09:28:13,4.88,3.28
2024-01-16 09:30:39,7.22,3.42
2024-01-16 09:33:06,5.4,3.33
2024-01-16 09:35:32,5.63,2.47
2024-01-16 09:38:00,5.53,2.95
2024-01-16 09:40:29,5.3,3.38
2024-01-16 09:42:55,10.9,3.3
2024-01-16 09:45:20,6.2,3.4
2024-01-16 09:47:47,5.22,3.35
2024-01-16 09:50:15,5.4,3.0
2024-01-16 09:52:45,6.75,3.1
2024-01-16 09:55:14,6.53,3.53
2024-01-16 09:57:44,8.15,3.0
2024-01-16 10:00:13,4.6,3.13
2024-01-16 10:02:40,6.88,3.15
2024-01-16 10:07:33,5.8,2.85
2024-01-16 10:10:06,4.5,2.8
2024-01-16 10:12:35,8.15,3.42
2024-01-16 10:15:02,5.03,3.28
2024-01-16 10:17:40,4.2,3.0
2024-01-16 10:20:09,8.85,3.45
2024-01-16 10:22:39,3.42,2.83
2024-01-16 10:27:43,9.32,3.5
2024-01-16 10:30:11,6.63,3.3
2024-01-16 10:32:41,5.45,2.8
2024-01-16 10:35:09,4.22,2.3
2024-01-16 10:37:49,6.75,2.8
2024-01-16 10:42:45,5.55,2.45
2024-01-16 10:45:17,6.2,2.97
2024-01-16 10:47:47,5.35,2.75
2024-01-16 10:50:13,7.53,2.85
2024-01-16 10:52:48,4.88,2.75
2024-01-16 10:55:22,8.18,3.13
2024-01-16 10:57:50,7.22,2.8
2024-01-16 11:00:19,5.8,2.6
2024-01-16 11:02:59,5.75,2.38
2024-01-16 11:05:41,4.38,2.55
2024-01-16 11:08:08,5.45,2.67
2024-01-16 11:10:33,6.4,2.58
2024-01-16 11:15:28,6.43,2.6
2024-01-16 11:17:58,6.97,2.4
2024-01-16 11:20:27,5.45,2.6
2024-01-16 11:22:58,3.47,2.5
2024-01-16 11:25:32,5.43,2.88
2024-01-16 11:28:12,3.72,2.2
2024-01-16 11:30:38,4.28,2.33
2024-01-16 11:33:05,3.97,1.83
2024-01-16 11:35:50,6.18,2.15
2024-01-16 11:38:18,4.22,2.33
2024-01-16 11:40:46,5.72,2.53
2024-01-16 11:45:59,3.85,2.67
2024-01-16 11:48:25,8.9,3.13
2024-01-16 11:50:51,5.95,3.53
2024-01-16 11:58:32,5.03,2.85
2024-01-16 12:01:19,4.93,4.43
2024-01-16 12:03:46,6.35,3.53
2024-01-16 12:06:15,4.35,2.72
2024-01-16 12:08:43,14.88,10.98
2024-01-16 12:11:09,13.2,6.7
2024-01-16 12:13:34,6.57,4.78
2024-01-16 12:16:03,4.8,3.53
2024-01-16 12:18:29,5.07,2.6
2024-01-16 12:20:55,5.43,2.47
2024-01-16 12:23:20,3.8,2.63
2024-01-16 12:25:47,6.3,2.13
2024-01-16 12:28:19,5.35,2.15
2024-01-16 12:30:49,5.3,2.95
2024-01-16 12:33:16,5.63,2.72
2024-01-16 12:35:48,4.25,2.17
2024-01-16 12:38:14,3.55,2.63
2024-01-16 12:40:59,2.92,2.1
2024-01-16 12:43:31,5.32,2.55
2024-01-16 12:45:57,4.47,2.3
2024-01-16 12:48:23,5.43,2.28
2024-01-16 12:50:58,5.07,2.75
2024-01-16 12:53:27,4.0,2.45
2024-01-16 12:56:00,5.18,1.8
2024-01-16 12:58:31,5.57,2.35
2024-01-16 13:01:24,5.82,2.35
2024-01-16 13:03:57,4.0,2.47
2024-01-16 13:06:24,3.92,2.38
2024-01-16 13:09:03,3.85,1.98
2024-01-16 13:11:44,3.58,2.05
2024-01-16 13:14:24,4.05,2.05
2024-01-16 13:16:52,6.1,2.47
2024-01-16 13:19:21,4.97,2.28
2024-01-16 13:21:52,5.05,2.3
2024-01-16 13:24:18,2.65,1.65
2024-01-16 13:26:48,3.2,2.17
2024-01-16 13:29:14,3.3,2.28
2024-01-16 13:31:42,5.63,2.33
2024-01-16 13:34:10,5.93,2.28
2024-01-16 13:36:41,3.88,2.25
2024-01-16 13:39:08,3.75,2.1
2024-01-16 13:41:37,5.6,3.03
2024-01-16 13:44:03,4.93,2.65
2024-01-16 13:46:29,4.93,2.4
2024-01-16 13:48:55,5.68,2.3
2024-01-16 13:51:23,3.97,2.67
2024-01-16 13:53:48,3.15,2.13
2024-01-16 13:56:14,3.35,1.98
2024-01-16 13:58:39,3.35,2.05
2024-01-16 14:01:04,3.55,2.15
2024-01-16 14:03:30,5.35,2.1
2024-01-16 14:05:55,4.85,1.9
2024-01-16 14:08:20,4.78,2.1
2024-01-16 14:10:46,3.85,2.2
2024-01-16 14:13:12,5.9,2.28
2024-01-16 14:15:38,3.53,1.9
2024-01-16 14:20:29,5.9,1.6
2024-01-16 14:22:57,4.5,2.1
2024-01-16 14:25:24,4.28,2.15
2024-01-16 14:30:24,5.5,2.08
2024-01-16 14:32:51,2.5,1.35
2024-01-16 14:35:17,4.93,1.75
2024-01-16 14:37:43,4.7,1.67
2024-01-16 14:40:09,4.78,2.15
2024-01-16 14:42:40,6.3,1.6
2024-01-16 14:45:07,4.13,1.83
2024-01-16 14:50:10,3.35,1.58
2024-01-16 14:52:37,2.7,1.7
2024-01-16 14:55:03,5.55,1.73
2024-01-16 14:57:30,3.3,1.45
2024-01-16 14:59:56,3.88,1.9
2024-01-16 15:02:30,5.63,2.17
2024-01-16 15:04:55,2.63,1.73
2024-01-16 15:07:21,3.65,1.58
2024-01-16 15:09:46,2.63,1.4
2024-01-16 15:12:12,2.88,1.95
2024-01-16 15:14:38,4.1,1.73
2024-01-16 15:17:06,4.18,1.7
2024-01-16 15:19:36,4.18,1.73
2024-01-16 15:22:02,6.8,2.88
2024-01-16 15:24:27,11.18,3.9
2024-01-16 15:26:53,6.95,3.42
2024-01-16 15:29:19,6.38,3.67
2024-01-16 15:31:45,6.55,3.5
2024-01-16 15:34:11,5.45,3.0
2024-01-16 15:36:39,3.83,2.33
2024-01-16 15:39:07,3.67,2.67
2024-01-16 15:41:33,6.85,2.5
2024-01-16 15:44:01,5.1,2.2
2024-01-16 15:46:26,3.92,2.17
2024-01-16 15:48:52,4.85,2.9
2024-01-16 15:51:17,5.3,2.17
2024-01-16 15:53:44,4.13,2.6
2024-01-16 15:56:11,5.95,3.2
2024-01-16 15:58:36,4.78,2.88
2024-01-16 16:01:01,5.53,2.97
2024-01-16 16:03:29,13.32,4.47
2024-01-16 16:05:57,22.58,9.05
2024-01-16 16:08:24,31.67,13.07
2024-01-16 16:10:50,19.77,9.63
2024-01-16 16:13:17,13.98,7.75
2024-01-16 16:15:43,13.52,6.13
2024-01-16 16:18:10,12.2,5.43
2024-01-16 16:20:36,8.95,3.97
2024-01-16 16:23:08,8.07,3.45
2024-01-16 16:25:33,5.68,3.13
2024-01-16 16:28:09,4.53,3.15
2024-01-16 16:30:34,6.47,3.3
2024-01-16 16:33:00,4.7,2.85
2024-01-16 16:35:28,5.32,3.1
2024-01-16 16:37:53,5.78,3.08
2024-01-16 16:40:19,6.25,3.25
2024-01-16 16:42:44,7.38,3.53
2024-01-16 16:45:12,8.68,3.67
2024-01-16 16:47:37,6.35,3.4
2024-01-16 16:50:05,7.45,3.7
2024-01-16 16:52:31,5.63,3.2
2024-01-16 16:54:56,6.88,3.45
2024-01-16 16:57:22,6.28,3.45
2024-01-16 16:59:50,5.03,2.95
2024-01-16 17:02:15,3.78,3.05
2024-01-16 17:04:43,5.57,2.83
2024-01-16 17:07:13,5.22,2.92
2024-01-16 17:09:38,5.57,2.9
2024-01-16 17:12:06,6.7,2.8
2024-01-16 17:14:32,5.7,3.05
2024-01-16 17:16:58,6.82,3.53
2024-01-16 17:19:27,6.85,3.3
2024-01-16 17:21:52,4.72,3.2
2024-01-16 17:24:18,5.38,3.58
2024-01-16 17:26:48,5.78,3.58
2024-01-16 17:29:15,6.88,4.0
2024-01-16 17:31:41,8.02,3.5
2024-01-16 17:34:06,6.75,4.3
2024-01-16 17:36:32,7.47,4.45
2024-01-16 17:38:57,9.75,4.72
2024-01-16 17:41:28,6.45,4.15
2024-01-16 17:43:56,9.8,4.35
2024-01-16 17:46:22,13.05,5.03
2024-01-16 17:48:51,8.13,5.63
2024-01-16 17:51:19,7.7,4.82
2024-01-16 17:53:45,8.5,4.7
2024-01-16 17:56:13,8.6,4.13
2024-01-16 17:58:40,7.55,4.38
2024-01-16 18:01:07,10.07,4.28
2024-01-16 18:03:36,17.42,4.22
2024-01-16 18:06:06,10.73,4.35
2024-01-16 18:11:06,7.0,3.58
2024-01-16 18:13:37,7.4,3.92
2024-01-16 18:16:02,6.07,4.57
2024-01-16 18:18:30,9.38,4.53
2024-01-16 18:20:56,8.88,3.97
2024-01-16 18:23:22,7.07,3.92
2024-01-16 18:25:47,7.25,4.97
2024-01-16 18:28:13,15.27,6.18
2024-01-16 18:30:39,20.3,10.07
2024-01-16 18:33:04,15.25,7.95
2024-01-16 18:35:30,8.95,6.3
2024-01-16 18:37:58,9.13,6.82
2024-01-16 18:40:25,8.27,5.5
2024-01-16 18:42:51,8.38,5.8
2024-01-16 18:45:19,8.35,5.4
2024-01-16 18:47:47,6.22,4.18
2024-01-16 18:50:15,14.68,6.75
2024-01-16 18:52:42,11.5,8.6
2024-01-16 18:55:08,9.15,7.93
2024-01-16 18:57:39,11.4,8.13
2024-01-16 19:00:09,6.8,5.7
2024-01-16 19:02:43,9.82,5.35
2024-01-16 19:05:09,6.53,5.35
2024-01-16 19:07:41,8.75,5.97
2024-01-16 19:10:11,9.07,6.63
2024-01-16 19:17:47,5.4,4.18
2024-01-16 19:20:15,10.35,6.0
2024-01-16 19:22:49,12.38,5.5
2024-01-16 19:25:15,7.93,5.0
2024-01-16 19:27:41,12.52,6.1
2024-01-16 19:30:14,9.85,6.57
2024-01-16 19:32:45,12.88,7.88
2024-01-16 19:35:12,12.75,7.32
2024-01-16 19:37:38,11.95,5.18
2024-01-16 19:40:05,12.43,6.1
2024-01-16 19:42:34,10.32,5.8
2024-01-16 19:45:06,8.75,5.85
2024-01-16 19:50:08,10.8,5.72
2024-01-16 19:52:44,10.2,6.78
2024-01-16 19:55:12,11.43,6.57
2024-01-16 19:57:40,9.15,6.45
2024-01-16 20:00:06,11.15,7.6
2024-01-16 20:02:36,14.45,6.13
2024-01-16 20:05:04,12.75,6.13
2024-01-16 20:07:30,10.57,6.38
2024-01-16 20:09:55,11.2,7.13
2024-01-16 20:12:21,11.65,6.15
2024-01-16 20:14:46,9.55,6.22
2024-01-16 20:17:15,13.15,6.22
2024-01-16 20:19:40,10.05,6.9
2024-01-16 20:22:08,12.93,7.5
2024-01-16 20:24:36,14.18,9.23
2024-01-16 20:27:02,12.63,10.07
2024-01-16 20:29:28,13.25,8.32
2024-01-16 20:31:53,11.25,7.97
2024-01-16 20:34:21,11.77,7.57
2024-01-16 20:36:47,13.3,6.53
2024-01-16 20:39:19,10.63,7.88
2024-01-16 20:41:45,13.05,8.5
2024-01-16 20:44:11,12.63,9.07
2024-01-16 20:46:40,10.93,7.38
2024-01-16 20:49:07,14.98,7.82
2024-01-16 20:51:33,11.95,7.82
2024-01-16 20:53:59,10.98,7.45
2024-01-16 20:56:24,10.13,6.72
2024-01-16 20:58:49,9.2,7.15
2024-01-16 21:01:15,11.6,6.7
2024-01-16 21:03:40,10.3,6.4
2024-01-16 21:06:08,12.13,7.32
2024-01-16 21:08:34,11.15,7.1
2024-01-16 21:10:59,13.63,7.88
2024-01-16 21:13:24,10.98,7.07
2024-01-16 21:15:51,14.45,7.93
2024-01-16 21:18:18,13.8,7.32
2024-01-16 21:20:43,9.65,6.78
2024-01-16 21:23:09,10.25,6.6
2024-01-16 21:25:34,13.02,7.35
2024-01-16 21:28:02,13.2,6.97
2024-01-16 21:30:28,14.0,8.1
2024-01-16 21:32:53,8.88,7.1
2024-01-16 21:35:19,9.8,6.6
2024-01-16 21:37:45,13.77,7.25
2024-01-16 21:40:13,10.57,6.57
2024-01-16 21:42:39,12.65,6.63
2024-01-16 21:45:04,11.75,6.95
2024-01-16 21:47:30,10.07,6.93
2024-01-16 21:49:58,10.8,6.95
2024-01-16 21:52:24,14.02,7.47
2024-01-16 21:54:51,16.85,7.9
2024-01-16 21:57:17,12.82,7.0
2024-01-16 21:59:43,15.18,7.32
2024-01-16 22:02:09,17.88,8.0
2024-01-16 22:04:40,12.9,7.2
2024-01-16 22:07:08,12.88,6.5
2024-01-16 22:09:35,10.23,5.78
2024-01-16 22:12:00,10.73,6.5
2024-01-16 22:14:26,9.6,6.05
2024-01-16 22:16:51,11.07,5.97
2024-01-16 22:19:17,9.5,5.53
2024-01-16 22:21:45,9.9,5.85
2024-01-16 22:24:11,10.9,5.8
2024-01-16 22:26:39,9.2,6.03
2024-01-16 22:29:05,8.68,5.75
2024-01-16 22:31:33,9.48,5.85
2024-01-16 22:33:58,10.8,6.4
2024-01-16 22:36:24,14.0,6.82
2024-01-16 22:38:50,9.65,6.53
2024-01-16 22:41:16,9.35,5.6
2024-01-16 22:43:43,13.0,5.75
2024-01-16 22:46:14,10.6,6.85
2024-01-16 22:48:39,11.38,6.15
2024-01-16 22:51:05,8.0,5.68
2024-01-16 22:53:34,9.93,6.65
2024-01-16 22:56:02,10.23,6.82
2024-01-16 22:58:30,9.02,6.2
2024-01-16 23:00:57,11.2,6.65
2024-01-16 23:03:26,11.43,6.53
2024-01-16 23:05:53,9.82,6.78
2024-01-16 23:08:21,11.0,7.13
2024-01-16 23:10:48,10.57,6.8
2024-01-16 23:13:14,12.6,7.1
2024-01-16 23:15:42,11.98,7.0
2024-01-16 23:18:10,9.3,6.53
2024-01-16 23:20:35,10.38,6.22
2024-01-16 23:23:03,10.6,6.53
2024-01-16 23:25:36,9.55,6.53
2024-01-16 23:28:05,11.77,6.4
2024-01-16 23:30:30,9.07,6.55
2024-01-16 23:33:01,9.82,6.53
2024-01-16 23:35:26,10.57,6.97
2024-01-16 23:37:52,9.65,6.55
2024-01-16 23:40:19,12.27,7.4
2024-01-16 23:42:47,13.43,7.88
2024-01-16 23:45:12,13.85,7.7
2024-01-16 23:47:39,11.0,6.78
2024-01-16 23:50:06,10.52,6.55
2024-01-16 23:52:34,12.77,7.6
2024-01-16 23:55:02,10.6,6.5
2024-01-16 23:57:27,10.7,6.13
2024-01-16 23:59:53,12.82,7.35
2024-01-17 00:02:20,10.82,7.15
2024-01-17 00:04:48,11.4,7.5
2024-01-17 00:07:15,11.52,7.13
2024-01-17 00:09:41,14.82,7.05
2024-01-17 00:12:06,8.9,6.88
2024-01-17 00:14:32,10.9,6.63
2024-01-17 00:17:07,12.23,7.78
2024-01-17 00:19:33,13.05,8.4
2024-01-17 00:22:00,13.6,7.43
2024-01-17 00:24:28,11.57,7.13
2024-01-17 00:26:55,12.98,8.02
2024-01-17 00:29:21,12.93,7.05
2024-01-17 00:31:49,11.65,7.38
2024-01-17 00:34:17,10.77,8.0
2024-01-17 00:36:42,11.23,7.43
2024-01-17 00:39:10,11.93,7.32
2024-01-17 00:41:40,11.2,7.43
2024-01-17 00:44:05,11.07,7.18
2024-01-17 00:46:31,17.98,8.63
2024-01-17 00:48:56,13.9,8.15
2024-01-17 00:51:22,13.2,8.32
2024-01-17 00:53:54,11.0,7.8
2024-01-17 00:56:21,13.75,8.32
2024-01-17 00:58:49,13.3,7.3
2024-01-17 01:01:15,9.5,7.57
2024-01-17 01:03:40,8.18,6.5
2024-01-17 01:06:08,14.75,7.03
2024-01-17 01:08:34,14.73,8.0
2024-01-17 01:10:59,12.65,7.1
2024-01-17 01:13:27,13.1,8.65
2024-01-17 01:15:54,11.23,7.53
2024-01-17 01:18:20,12.1,7.43
2024-01-17 01:20:45,10.45,7.4
2024-01-17 01:23:11,12.7,8.15
2024-01-17 01:25:37,12.23,8.13
2024-01-17 01:28:02,11.15,7.6
2024-01-17 01:30:28,10.88,6.95
2024-01-17 01:32:53,15.48,8.25
2024-01-17 01:35:21,11.2,6.88
2024-01-17 01:37:49,10.95,7.65
2024-01-17 01:40:17,10.88,7.53
2024-01-17 01:42:45,9.88,7.05
2024-01-17 01:45:11,13.77,6.93
2024-01-17 01:47:36,12.88,7.93
2024-01-17 01:50:02,12.8,7.38
2024-01-17 01:52:30,10.93,6.4
2024-01-17 01:54:58,11.02,6.1
2024-01-17 01:57:26,10.48,6.82
2024-01-17 01:59:55,11.15,6.85
2024-01-17 02:02:22,9.15,5.53
2024-01-17 02:04:48,13.52,6.7
2024-01-17 02:07:17,11.1,6.35
2024-01-17 02:09:44,9.13,5.7
2024-01-17 02:12:10,12.4,7.18
2024-01-17 02:14:39,12.8,7.13
2024-01-17 02:17:05,8.95,5.3
2024-01-17 02:19:32,10.15,5.8
2024-01-17 02:21:57,10.48,6.15
2024-01-17 02:24:23,10.73,6.2
2024-01-17 02:26:48,10.3,6.6
2024-01-17 02:29:14,12.13,6.53
2024-01-17 02:31:40,8.07,6.05
2024-01-17 02:36:32,8.63,5.27
2024-01-17 02:38:57,7.63,5.3
2024-01-17 02:41:23,9.7,5.95
2024-01-17 02:43:48,10.23,6.2
2024-01-17 02:46:13,9.32,5.07
2024-01-17 02:48:41,9.13,5.72
2024-01-17 02:51:06,12.23,5.88
2024-01-17 02:53:32,10.7,5.7
2024-01-17 02:55:59,9.5,5.22
2024-01-17 02:58:25,10.9,5.65
2024-01-17 03:00:50,7.2,5.4
2024-01-17 03:03:18,9.65,5.32
2024-01-17 03:05:43,11.32,6.57
2024-01-17 03:08:12,11.75,5.68
2024-01-17 03:10:37,8.82,5.97
2024-01-17 03:13:03,10.95,5.4
2024-01-17 03:15:33,10.52,6.1
2024-01-17 03:18:00,8.9,6.35
2024-01-17 03:20:28,11.52,5.78
2024-01-17 03:22:56,11.8,6.07
2024-01-17 03:25:21,11.1,6.3
2024-01-17 03:27:46,8.88,5.38
2024-01-17 03:30:12,13.18,6.7
2024-01-17 03:32:38,9.4,5.32
2024-01-17 03:35:03,11.1,6.03
2024-01-17 03:37:29,6.78,5.32
2024-01-17 03:39:57,7.3,5.35
2024-01-17 03:42:22,9.93,5.8
2024-01-17 03:44:50,10.6,5.88
2024-01-17 03:47:15,10.75,6.57
2024-01-17 03:49:41,8.7,6.13
2024-01-17 03:52:06,12.02,6.53
2024-01-17 03:54:34,12.7,6.72
2024-01-17 03:57:01,12.45,7.07
2024-01-17 03:59:27,11.57,6.45
2024-01-17 04:01:52,11.23,7.55
2024-01-17 04:04:18,10.32,6.8
2024-01-17 04:06:43,12.75,7.03
2024-01-17 04:09:09,11.25,6.93
2024-01-17 04:11:35,12.85,7.68
2024-01-17 04:14:00,12.95,6.15
2024-01-17 04:16:29,11.0,6.85
2024-01-17 04:18:54,10.4,6.7
2024-01-17 04:21:20,14.13,7.13
2024-01-17 04:23:48,13.6,7.22
2024-01-17 04:26:21,10.9,6.07
2024-01-17 04:28:57,10.98,6.4
2024-01-17 04:31:32,9.38,6.22
2024-01-17 04:33:58,13.82,7.0
2024-01-17 04:36:27,11.73,6.4
2024-01-17 04:38:55,8.65,5.65
2024-01-17 04:41:21,12.48,6.25
2024-01-17 04:43:47,8.4,5.53
2024-01-17 04:46:13,12.23,6.13
2024-01-17 04:48:44,13.35,5.53
2024-01-17 04:51:10,11.5,5.5
2024-01-17 04:53:37,10.55,5.38
2024-01-17 04:56:06,8.07,5.88
2024-01-17 04:58:34,8.63,5.2
2024-01-17 05:01:02,9.98,5.78
2024-01-17 05:03:31,9.23,5.5
2024-01-17 05:06:00,8.07,5.65
2024-01-17 05:08:26,9.77,5.47
2024-01-17 05:10:54,11.68,6.05
2024-01-17 05:13:22,9.0,5.78
2024-01-17 05:15:48,11.82,5.28
2024-01-17 05:18:13,7.22,5.38
2024-01-17 05:20:39,7.95,4.75
2024-01-17 05:23:04,8.65,5.18
2024-01-17 05:25:30,12.82,5.65
2024-01-17 05:27:55,9.55,5.15
2024-01-17 05:30:25,6.05,4.5
2024-01-17 05:32:53,9.63,4.75
2024-01-17 05:35:22,7.95,5.18
2024-01-17 05:37:53,9.07,5.05
2024-01-17 05:40:24,11.3,5.22
2024-01-17 05:42:50,7.57,5.03
2024-01-17 05:45:15,9.4,5.35
2024-01-17 05:47:41,8.27,4.57
2024-01-17 05:50:09,7.82,4.28
2024-01-17 05:52:38,6.97,4.85
2024-01-17 05:55:10,8.3,4.95
2024-01-17 05:57:36,8.13,4.72
2024-01-17 06:00:05,8.43,4.6
2024-01-17 06:02:41,7.35,4.72
2024-01-17 06:05:09,9.18,5.1
2024-01-17 06:07:38,7.22,5.1
2024-01-17 06:10:05,10.55,5.53
2024-01-17 06:12:36,7.53,4.4
2024-01-17 06:15:02,9.07,5.05
2024-01-17 06:17:30,8.25,4.15
2024-01-17 06:20:03,8.85,4.9
2024-01-17 06:22:29,9.25,4.55
2024-01-17 06:24:55,8.0,5.5
2024-01-17 06:27:20,7.45,4.38
2024-01-17 06:29:48,9.32,5.5
2024-01-17 06:32:13,7.45,5.22
2024-01-17 06:34:39,7.75,4.6
2024-01-17 06:37:08,9.07,5.25
2024-01-17 06:39:34,8.48,5.1
2024-01-17 06:42:02,8.3,5.15
2024-01-17 06:44:30,9.4,5.0
2024-01-17 06:46:56,6.7,4.47
2024-01-17 06:51:48,10.98,4.78
2024-01-17 06:54:15,10.57,5.1
2024-01-17 06:56:41,9.75,5.47
2024-01-17 06:59:06,10.85,5.15
2024-01-17 07:01:35,10.32,4.7
2024-01-17 07:04:01,9.3,5.7
2024-01-17 07:06:27,9.25,4.22
2024-01-17 07:08:55,8.5,5.03
2024-01-17 07:11:26,13.45,5.47
2024-01-17 07:13:54,12.55,5.65
2024-01-17 07:16:21,7.8,4.2
2024-01-17 07:18:49,7.97,4.53
2024-01-17 07:21:15,9.1,5.45
2024-01-17 07:23:40,9.07,4.75
2024-01-17 07:26:11,11.77,5.53
2024-01-17 07:28:37,10.6,6.0
2024-01-17 07:31:02,9.45,4.6
2024-01-17 07:33:28,8.7,4.9
2024-01-17 07:35:53,9.52,5.2
2024-01-17 07:38:19,12.02,5.35
2024-01-17 07:40:47,11.65,5.72
2024-01-17 07:43:13,10.9,6.2
2024-01-17 07:45:39,10.5,6.38
2024-01-17 07:48:07,17.85,6.3
2024-01-17 07:50:33,10.98,6.43
2024-01-17 07:52:59,10.65,6.5
2024-01-17 07:55:27,10.63,5.0
2024-01-17 07:57:53,8.7,5.15
2024-01-17 08:00:23,7.55,5.65
2024-01-17 08:02:54,8.95,4.8
2024-01-17 08:05:19,10.95,5.8
2024-01-17 08:07:44,9.5,4.8
2024-01-17 08:10:12,11.52,5.15
2024-01-17 08:12:40,10.57,5.47
2024-01-17 08:15:09,8.18,5.47
2024-01-17 08:17:35,10.85,4.9
2024-01-17 08:20:00,12.73,5.57
2024-01-17 08:22:26,10.93,5.15
2024-01-17 08:24:51,8.38,4.97
2024-01-17 08:27:17,10.82,5.75
2024-01-17 08:29:42,9.32,5.5
2024-01-17 08:32:10,12.5,5.4
2024-01-17 08:34:36,11.82,5.63
2024-01-17 08:37:04,12.05,5.6
2024-01-17 08:39:31,12.25,6.1
2024-01-17 08:41:57,9.4,5.47
2024-01-17 08:44:25,13.68,5.32
2024-01-17 08:46:50,10.82,5.6
2024-01-17 08:49:17,9.7,5.85
2024-01-17 08:51:45,10.35,6.22
2024-01-17 08:54:11,11.32,6.63
2024-01-17 08:56:37,15.35,6.03
2024-01-17 08:59:02,13.35,7.13
2024-01-17 09:01:30,12.77,6.68
2024-01-17 09:03:55,14.57,7.25
2024-01-17 09:06:21,12.85,6.8
2024-01-17 09:08:46,12.38,6.2
2024-01-17 09:11:12,16.42,7.2
2024-01-17 09:13:37,14.7,7.35
2024-01-17 09:16:03,12.75,7.38
2024-01-17 09:18:30,15.88,8.9
2024-01-17 09:20:56,12.45,6.55
2024-01-17 09:23:21,14.65,7.68
2024-01-17 09:25:47,15.6,8.43
2024-01-17 09:28:14,12.65,7.15
2024-01-17 09:30:42,16.3,8.57
2024-01-17 09:33:08,16.9,7.25
2024-01-17 09:35:33,10.15,6.45
2024-01-17 09:38:03,12.55,7.4
2024-01-17 09:40:31,11.13,6.28
2024-01-17 09:42:56,10.35,6.53
2024-01-17 09:45:22,12.27,5.95
2024-01-17 09:47:48,10.93,5.97
2024-01-17 09:50:16,11.75,6.63
2024-01-17 09:52:42,13.55,6.38
2024-01-17 09:55:10,9.93,5.85
2024-01-17 09:57:45,11.3,5.53
2024-01-17 10:00:16,15.32,6.5
2024-01-17 10:02:42,13.7,5.55
2024-01-17 10:05:08,11.13,6.38
2024-01-17 10:07:36,14.07,5.82
2024-01-17 10:10:02,11.98,6.18
2024-01-17 10:12:29,13.35,5.88
2024-01-17 10:14:55,11.43,5.78
2024-01-17 10:17:20,12.45,5.82
2024-01-17 10:19:50,13.52,6.22
2024-01-17 10:22:15,10.18,6.4
2024-01-17 10:27:07,12.1,5.38
2024-01-17 10:29:44,8.75,5.2
2024-01-17 10:32:12,14.35,6.5
2024-01-17 10:34:40,11.1,6.07
2024-01-17 10:37:08,13.07,6.7
2024-01-17 10:39:36,19.83,8.32
2024-01-17 10:42:02,13.57,7.7
2024-01-17 10:44:31,15.77,8.77
2024-01-17 10:46:56,19.42,8.88
2024-01-17 10:49:24,19.05,9.48
2024-01-17 10:54:22,13.15,7.9
2024-01-17 10:56:57,17.73,10.02
2024-01-17 10:59:29,15.8,8.75
2024-01-17 11:01:54,19.55,7.68
2024-01-17 11:04:23,17.0,8.55
2024-01-17 11:06:56,13.73,7.85
2024-01-17 11:09:23,15.13,9.05
2024-01-17 11:11:51,24.5,11.1
2024-01-17 11:14:19,25.73,13.0
2024-01-17 11:16:49,15.75,8.68
2024-01-17 11:19:18,22.05,10.25
2024-01-17 11:21:47,22.13,10.38
2024-01-17 11:24:38,27.8,11.43
2024-01-17 11:34:53,30.6,13.4
2024-01-17 11:37:31,18.42,10.98
2024-01-17 11:40:02,21.4,9.43
2024-01-17 11:42:29,19.8,8.5
2024-01-17 11:44:55,19.33,10.55
2024-01-17 11:47:23,16.17,9.18
2024-01-17 11:49:53,22.08,10.13
2024-01-17 11:54:52,23.35,11.65
2024-01-17 11:57:22,32.67,13.98
2024-01-17 12:00:08,23.98,10.38
2024-01-17 12:02:40,25.13,12.93
2024-01-17 12:05:07,31.52,13.8
2024-01-17 12:07:38,29.1,15.4
2024-01-17 12:10:11,29.13,14.55
2024-01-17 12:12:40,18.95,12.48
2024-01-17 12:15:10,25.58,14.18
2024-01-17 12:17:39,25.88,13.1
2024-01-17 12:20:06,25.2,13.8
2024-01-17 12:22:39,27.45,12.85
2024-01-17 12:25:04,27.27,12.13
2024-01-17 12:27:31,28.52,13.6
2024-01-17 12:30:01,30.92,15.7
2024-01-17 12:32:27,26.55,13.52
2024-01-17 12:34:57,27.17,14.25
2024-01-17 12:37:23,23.85,13.68
2024-01-17 12:39:57,56.83,24.27
2024-01-17 12:42:25,27.13,13.93
2024-01-17 12:44:51,25.92,13.4
2024-01-17 12:47:19,26.95,14.18
2024-01-17 12:49:47,27.02,17.23
2024-01-17 12:52:13,24.38,15.15
2024-01-17 12:54:39,29.55,13.07
2024-01-17 12:57:07,30.42,15.1
2024-01-17 12:59:39,27.6,12.45
2024-01-17 13:02:09,30.67,13.05
2024-01-17 13:04:39,21.75,10.8
2024-01-17 13:07:05,21.05,11.6
2024-01-17 13:09:31,25.9,12.48
2024-01-17 13:11:57,24.98,12.82
2024-01-17 13:14:25,21.27,9.43
2024-01-17 13:16:58,25.05,11.1
2024-01-17 13:19:26,31.23,13.32
2024-01-17 13:21:58,23.0,13.0
2024-01-17 13:24:24,21.35,11.1
2024-01-17 13:26:52,29.05,13.7
2024-01-17 13:29:17,20.9,10.73
2024-01-17 13:31:48,19.9,10.1
2024-01-17 13:34:13,22.88,12.18
2024-01-17 13:36:39,30.13,14.5
2024-01-17 13:39:05,25.08,13.0
2024-01-17 13:41:34,32.35,14.93
2024-01-17 13:44:09,24.95,12.57
2024-01-17 13:46:36,23.48,11.05
2024-01-17 13:49:02,18.45,9.6
2024-01-17 13:51:28,22.1,11.6
2024-01-17 13:53:55,14.38,9.77
2024-01-17 13:56:21,23.67,11.57
2024-01-17 13:58:49,25.83,14.73
2024-01-17 14:01:14,20.75,11.25
2024-01-17 14:03:43,28.08,13.13
2024-01-17 14:06:08,37.05,15.88
2024-01-17 14:08:34,20.52,11.73
2024-01-17 14:10:59,24.9,11.5
2024-01-17 14:13:25,20.75,11.02
2024-01-17 14:15:50,24.05,12.05
2024-01-17 14:18:15,21.25,10.02
2024-01-17 14:20:41,20.4,11.25
2024-01-17 14:23:07,21.42,10.93
2024-01-17 14:25:33,20.8,10.93
2024-01-17 14:28:01,22.63,11.77
2024-01-17 14:30:33,19.95,11.2
2024-01-17 14:32:58,18.88,9.23
2024-01-17 14:35:27,20.98,10.3
2024-01-17 14:37:54,18.77,9.82
2024-01-17 14:40:20,18.9,11.3
2024-01-17 14:42:48,17.13,9.0
2024-01-17 14:45:17,19.15,9.13
2024-01-17 14:47:46,16.55,9.35
2024-01-17 14:50:14,16.45,8.05
2024-01-17 14:52:45,20.3,9.63
2024-01-17 14:55:13,13.32,8.0
2024-01-17 14:57:44,18.38,9.27
2024-01-17 15:00:10,13.45,7.8
2024-01-17 15:05:09,11.0,6.4
2024-01-17 15:07:37,13.5,8.52
2024-01-17 15:10:03,12.7,7.4
2024-01-17 15:12:32,20.05,8.93
2024-01-17 15:14:58,18.5,10.0
2024-01-17 15:17:29,16.75,8.32
2024-01-17 15:19:54,15.0,7.57
2024-01-17 15:22:20,15.95,8.68
2024-01-17 15:24:50,22.08,11.1
2024-01-17 15:27:15,21.55,9.18
2024-01-17 15:29:41,25.55,11.52
2024-01-17 15:32:09,30.83,15.9
2024-01-17 15:34:35,15.9,10.35
2024-01-17 15:37:01,20.0,10.38
2024-01-17 15:39:26,17.17,9.23
2024-01-17 15:41:52,21.33,11.3
2024-01-17 15:44:17,14.32,8.75
2024-01-17 15:46:43,19.9,8.93
2024-01-17 15:49:08,13.45,8.07
2024-01-17 15:51:34,18.5,10.52
2024-01-17 15:53:59,19.67,10.35
2024-01-17 15:56:25,16.92,9.27
2024-01-17 15:58:50,17.27,9.5
2024-01-17 16:01:16,15.4,9.1
2024-01-17 16:03:42,34.42,13.98
2024-01-17 16:06:07,20.85,10.73
2024-01-17 16:08:33,19.88,9.73
2024-01-17 16:10:58,18.23,9.85
2024-01-17 16:13:27,23.15,11.45
2024-01-17 16:15:53,28.8,12.07
2024-01-17 16:18:19,44.5,17.05
2024-01-17 16:20:47,73.8,22.58
2024-01-17 16:23:13,30.02,13.4
2024-01-17 16:25:41,27.25,11.6
2024-01-17 16:28:06,20.92,10.32
2024-01-17 16:30:31,16.2,8.82
2024-01-17 16:32:57,24.88,12.9
2024-01-17 16:35:24,25.8,12.93
2024-01-17 16:40:17,19.4,9.27
2024-01-17 16:42:43,15.27,8.05
2024-01-17 16:45:08,27.73,12.48
2024-01-17 16:47:35,21.67,10.65
2024-01-17 16:50:07,23.6,12.68
2024-01-17 16:52:32,18.02,9.13
2024-01-17 16:55:00,18.02,9.57
2024-01-17 16:57:25,17.9,9.88
2024-01-17 16:59:56,18.65,8.07
2024-01-17 17:02:30,15.73,8.98
2024-01-17 17:04:59,22.4,14.5
2024-01-17 17:07:25,16.17,8.95
2024-01-17 17:09:52,16.58,9.32
2024-01-17 17:12:23,16.7,10.07
2024-01-17 17:14:49,22.1,9.38
2024-01-17 17:17:17,11.98,9.13
2024-01-17 17:19:43,18.15,9.63
2024-01-17 17:22:08,13.23,8.27
2024-01-17 17:24:34,16.6,10.77
2024-01-17 17:27:00,14.57,10.0
2024-01-17 17:29:25,19.52,11.0
2024-01-17 17:31:50,15.73,9.52
2024-01-17 17:34:18,19.58,10.45
2024-01-17 17:36:46,18.15,9.18
2024-01-17 17:39:11,17.35,8.98
2024-01-17 17:41:38,16.85,9.25
2024-01-17 17:44:06,15.15,8.0
2024-01-17 17:46:31,16.3,9.23
2024-01-17 17:49:00,14.93,9.2
2024-01-17 17:51:26,15.35,9.23
2024-01-17 17:53:54,18.58,9.45
2024-01-17 17:56:19,17.5,8.9
2024-01-17 17:58:49,16.15,9.35
2024-01-17 18:01:15,16.15,9.3
2024-01-17 18:03:43,15.8,8.7
2024-01-17 18:06:08,14.45,8.45
2024-01-17 18:08:34,14.05,8.55
2024-01-17 18:11:05,16.2,9.27
2024-01-17 18:13:31,16.27,9.13
2024-01-17 18:15:57,16.23,7.95
2024-01-17 18:18:26,14.7,8.98
2024-01-17 18:23:20,21.9,10.27
2024-01-17 18:25:48,15.75,9.0
2024-01-17 18:28:16,37.85,18.17
2024-01-17 18:30:41,32.05,16.52
2024-01-17 18:33:09,31.35,14.18
2024-01-17 18:35:39,24.23,14.13
2024-01-17 18:38:04,19.9,10.93
2024-01-17 18:40:30,16.45,9.4
2024-01-17 18:42:55,18.65,9.02
2024-01-17 18:45:21,16.6,8.48
2024-01-17 18:47:46,25.92,14.68
2024-01-17 18:50:11,20.1,10.2
2024-01-17 18:52:37,20.3,10.75
2024-01-17 18:55:02,14.7,8.82
2024-01-17 18:57:28,13.95,9.1
2024-01-17 18:59:54,21.45,9.3
2024-01-17 19:02:20,14.68,8.25
2024-01-17 19:04:47,15.0,7.8
2024-01-17 19:07:15,14.0,8.75
2024-01-17 19:09:42,17.58,10.4
2024-01-17 19:12:09,14.82,8.25
2024-01-17 19:14:42,14.7,8.93
2024-01-17 19:17:07,28.75,14.38
2024-01-17 19:19:32,26.35,14.48
2024-01-17 19:21:58,29.13,16.2
2024-01-17 19:24:26,21.4,11.85
2024-01-17 19:26:53,21.23,11.65
2024-01-17 19:29:21,18.23,12.35
2024-01-17 19:31:47,13.93,9.38
2024-01-17 19:34:17,20.38,10.55
2024-01-17 19:36:43,15.85,10.43
2024-01-17 19:39:11,18.33,9.73
2024-01-17 19:41:36,17.25,9.05
2024-01-17 19:44:03,18.35,9.8
2024-01-17 19:46:28,17.42,9.7
2024-01-17 19:48:56,17.83,10.27
2024-01-17 19:51:21,19.55,11.48
2024-01-17 19:53:53,22.25,11.63
2024-01-17 19:56:21,21.1,10.63
2024-01-17 19:58:47,20.98,12.1
2024-01-17 20:01:13,24.95,12.48
2024-01-17 20:03:41,20.63,10.88
2024-01-17 20:06:10,23.17,12.57
2024-01-17 20:08:35,24.48,12.82
2024-01-17 20:11:01,19.9,11.48
2024-01-17 20:13:31,21.27,12.0
2024-01-17 20:15:58,19.77,11.35
2024-01-17 20:18:26,21.58,11.73
2024-01-17 20:20:51,19.27,12.27
2024-01-17 20:23:16,20.98,12.23
2024-01-17 20:25:42,20.17,13.85
2024-01-17 20:28:07,25.08,15.18
2024-01-17 20:30:37,28.58,15.02
2024-01-17 20:33:03,25.48,15.98
2024-01-17 20:35:31,30.25,16.0
2024-01-17 20:37:58,23.6,14.6
2024-01-17 20:40:26,29.42,15.7
2024-01-17 20:42:54,25.42,15.18
2024-01-17 20:45:19,25.88,15.82
2024-01-17 20:47:45,32.05,17.75
2024-01-17 20:50:13,41.72,18.77
2024-01-17 20:52:44,36.28,19.23
2024-01-17 20:55:11,27.13,16.35
2024-01-17 20:57:39,33.42,16.13
2024-01-17 21:00:05,18.83,12.65
2024-01-17 21:02:35,21.73,12.38
2024-01-17 21:05:05,17.75,10.48
2024-01-17 21:07:32,18.1,10.2
2024-01-17 21:10:02,17.9,10.0
2024-01-17 21:12:28,15.63,9.07
2024-01-17 21:14:53,19.3,10.0
2024-01-17 21:17:21,17.6,7.7
2024-01-17 21:19:51,12.57,8.5
2024-01-17 21:22:18,12.23,7.57
2024-01-17 21:24:46,11.45,7.55
2024-01-17 21:27:11,13.57,8.02
2024-01-17 21:29:37,14.23,8.35
2024-01-17 21:32:04,15.23,8.5
2024-01-17 21:34:32,11.7,7.85
2024-01-17 21:36:58,14.9,9.32
2024-01-17 21:41:50,17.07,9.43
2024-01-17 21:44:18,17.58,9.4
2024-01-17 21:46:46,15.98,8.23
2024-01-17 21:49:12,12.27,8.32
2024-01-17 21:51:37,20.08,9.9
2024-01-17 21:54:03,17.65,9.52
2024-01-17 21:56:29,16.9,9.07
2024-01-17 22:01:23,12.9,7.97
2024-01-17 22:03:48,13.63,8.48
2024-01-17 22:06:14,17.02,10.85
2024-01-17 22:08:40,17.83,10.57
2024-01-17 22:11:06,19.27,10.1
2024-01-17 22:13:31,17.8,9.5
2024-01-17 22:15:56,17.6,10.82
2024-01-17 22:18:22,18.05,9.52
2024-01-17 22:20:47,15.05,9.13
2024-01-17 22:23:12,17.88,9.05
2024-01-17 22:25:40,17.6,11.1
2024-01-17 22:28:06,17.77,8.9
2024-01-17 22:30:31,13.18,8.95
2024-01-17 22:33:01,12.25,8.77
2024-01-17 22:35:26,18.05,8.23
2024-01-17 22:37:55,16.08,9.43
2024-01-17 22:40:22,15.48,9.05
2024-01-17 22:42:49,16.75,10.27
2024-01-17 22:45:14,14.73,8.73
2024-01-17 22:47:40,15.8,9.8
2024-01-17 22:50:05,12.07,8.88
2024-01-17 22:52:34,18.9,10.18
2024-01-17 22:55:02,17.92,9.45
2024-01-17 22:57:28,20.55,11.05
2024-01-17 22:59:53,18.1,9.88
2024-01-17 23:02:21,14.43,8.88
2024-01-17 23:04:49,16.38,8.95
2024-01-17 23:07:14,14.93,9.15
2024-01-17 23:09:42,15.18,8.73
2024-01-17 23:12:07,12.88,8.95
2024-01-17 23:14:36,17.42,9.2
2024-01-17 23:17:01,12.52,8.55
2024-01-17 23:19:27,15.77,9.35
2024-01-17 23:21:53,14.5,10.0
2024-01-17 23:24:18,14.18,9.07
2024-01-17 23:26:46,15.9,9.1
2024-01-17 23:29:12,15.32,9.43
2024-01-17 23:31:40,15.25,8.75
2024-01-17 23:34:05,16.13,8.52
2024-01-17 23:36:35,12.8,8.18
2024-01-17 23:39:01,16.15,8.55
2024-01-17 23:41:29,13.93,9.13
2024-01-17 23:43:59,16.3,9.35
2024-01-17 23:46:24,16.85,9.2
2024-01-17 23:48:49,17.55,9.9
2024-01-17 23:51:15,17.7,9.7
2024-01-17 23:53:43,17.7,9.85
2024-01-17 23:56:11,14.52,9.27
2024-01-17 23:58:36,16.8,9.38
2024-01-18 00:01:02,21.27,9.9
2024-01-18 00:03:27,18.3,8.82
2024-01-18 00:05:53,15.18,9.48
2024-01-18 00:08:18,16.98,9.8
2024-01-18 00:10:43,17.3,9.45
2024-01-18 00:13:09,12.57,9.23
2024-01-18 00:15:34,16.95,10.18
2024-01-18 00:18:00,17.02,10.1
2024-01-18 00:20:25,21.35,10.35
2024-01-18 00:22:52,15.75,9.38
2024-01-18 00:25:18,15.13,9.55
2024-01-18 00:30:12,17.77,9.33
2024-01-18 00:32:38,16.9,9.2
2024-01-18 00:35:05,14.35,9.75
2024-01-18 00:37:31,17.9,10.4
2024-01-18 00:39:56,18.48,9.93
2024-01-18 00:42:24,17.1,10.6
2024-01-18 00:44:49,16.48,9.65
2024-01-18 00:47:17,19.27,9.88
2024-01-18 00:49:43,16.65,9.85
2024-01-18 00:52:11,17.17,8.25
2024-01-18 00:54:36,16.0,9.02
2024-01-18 00:57:06,15.6,9.9
2024-01-18 00:59:34,15.82,9.82
2024-01-18 01:02:01,17.85,10.23
2024-01-18 01:04:31,14.05,9.43
2024-01-18 01:06:58,16.55,9.8
2024-01-18 01:09:24,15.3,9.15
2024-01-18 01:11:49,16.05,8.95
2024-01-18 01:14:17,19.52,9.32
2024-01-18 01:16:47,17.0,8.95
2024-01-18 01:19:13,14.75,9.35
2024-01-18 01:21:41,17.98,9.23
2024-01-18 01:24:06,17.55,9.55
2024-01-18 01:26:31,14.82,9.02
2024-01-18 01:28:57,15.63,9.15
2024-01-18 01:31:27,18.83,9.23
2024-01-18 01:33:52,15.75,8.95
2024-01-18 01:36:19,15.0,9.3
2024-01-18 01:38:47,13.35,9.25
2024-01-18 01:41:15,13.88,8.77
2024-01-18 01:43:59,16.3,9.7
2024-01-18 01:46:28,18.2,9.63
2024-01-18 01:48:55,14.6,8.63
2024-01-18 01:51:28,15.5,9.32
2024-01-18 01:54:13,12.65,8.2
2024-01-18 01:56:40,16.45,8.45
2024-01-18 01:59:09,11.88,7.8
2024-01-18 02:01:36,14.93,7.8
2024-01-18 02:04:04,16.42,9.25
2024-01-18 02:06:30,15.8,9.07
2024-01-18 02:08:58,16.0,8.68
2024-01-18 02:11:23,13.55,9.48
2024-01-18 02:13:51,13.77,8.07
2024-01-18 02:16:17,16.15,8.82
2024-01-18 02:18:43,15.3,8.88
2024-01-18 02:21:08,16.05,8.82
2024-01-18 02:23:36,12.52,8.6
2024-01-18 02:26:06,14.27,9.0
2024-01-18 02:28:33,15.73,8.93
2024-01-18 02:30:59,12.15,9.02
2024-01-18 02:33:24,12.85,8.35
2024-01-18 02:35:49,14.2,8.4
2024-01-18 02:38:18,12.25,8.52
2024-01-18 02:40:44,12.73,8.3
2024-01-18 02:43:09,11.63,8.32
2024-01-18 02:45:35,13.9,8.3
2024-01-18 02:48:01,13.35,8.32
2024-01-18 02:50:28,12.63,7.25
2024-01-18 02:52:56,10.75,7.45
2024-01-18 02:55:24,12.27,7.53
2024-01-18 02:57:49,15.93,8.57
2024-01-18 03:00:15,14.88,7.7
2024-01-18 03:02:41,16.13,8.88
2024-01-18 03:05:06,13.68,8.77
2024-01-18 03:07:33,13.65,8.57
2024-01-18 03:09:59,13.7,8.05
2024-01-18 03:12:24,15.73,8.9
2024-01-18 03:14:54,15.65,8.48
2024-01-18 03:17:20,13.38,8.27
2024-01-18 03:19:45,13.27,7.7
2024-01-18 03:22:11,14.25,7.7
2024-01-18 03:24:36,14.98,8.48
2024-01-18 03:27:04,13.52,8.82
2024-01-18 03:29:29,11.82,8.07
2024-01-18 03:31:54,12.93,8.35
2024-01-18 03:34:22,11.98,8.2
2024-01-18 03:36:48,14.68,8.25
2024-01-18 03:39:13,14.15,9.38
2024-01-18 03:41:41,15.3,8.27
2024-01-18 03:44:08,12.68,9.13
2024-01-18 03:46:34,12.45,8.6
2024-01-18 03:48:59,12.82,8.23
2024-01-18 03:51:27,11.5,7.43
2024-01-18 03:53:54,13.77,7.82
2024-01-18 03:56:20,11.93,8.0
2024-01-18 03:58:45,13.77,8.85
2024-01-18 04:01:11,11.32,7.15
2024-01-18 04:03:36,12.15,7.43
2024-01-18 04:06:02,11.93,7.38
2024-01-18 04:08:27,10.13,6.65
2024-01-18 04:10:53,10.13,7.25
2024-01-18 04:13:18,10.85,8.05
2024-01-18 04:15:43,9.68,7.0
2024-01-18 04:18:09,12.02,7.25
2024-01-18 04:20:36,9.55,7.43
2024-01-18 04:23:02,10.82,6.57
2024-01-18 04:25:27,14.38,8.18
2024-01-18 04:27:53,14.4,7.45
2024-01-18 04:30:18,13.45,8.15
2024-01-18 04:32:44,12.07,8.05
2024-01-18 04:35:10,12.18,8.6
2024-01-18 04:37:35,11.52,7.88
2024-01-18 04:40:03,17.35,9.4
2024-01-18 04:42:29,14.1,8.85
2024-01-18 04:44:57,13.4,8.15
2024-01-18 04:47:23,9.4,7.85
2024-01-18 04:49:48,17.52,9.02
2024-01-18 04:52:14,13.88,7.68
2024-01-18 04:54:41,14.4,8.8
2024-01-18 04:57:09,12.38,7.2
2024-01-18 04:59:35,12.45,7.75
2024-01-18 05:02:00,13.43,8.18
2024-01-18 05:04:26,13.55,8.93
2024-01-18 05:06:54,10.98,7.18
2024-01-18 05:09:22,14.23,8.05
2024-01-18 05:11:47,14.27,8.18
2024-01-18 05:14:12,12.63,8.93
2024-01-18 05:16:38,15.85,9.23
2024-01-18 05:19:08,15.68,9.23
2024-01-18 05:21:38,11.93,7.22
2024-01-18 05:24:03,12.82,7.72
2024-01-18 05:26:30,11.73,7.5
2024-01-18 05:28:58,10.77,7.2
2024-01-18 05:31:23,10.93,7.15
2024-01-18 05:33:49,10.02,6.9
2024-01-18 05:36:15,9.7,6.5
2024-01-18 05:38:40,11.02,6.65
2024-01-18 05:41:05,10.27,6.75
2024-01-18 05:43:31,9.15,7.6
2024-01-18 05:45:59,8.75,6.6
2024-01-18 05:48:24,8.2,5.85
2024-01-18 05:50:50,6.9,5.8
2024-01-18 05:53:15,8.6,6.25
2024-01-18 05:55:41,7.7,5.28
2024-01-18 05:58:06,9.15,5.65
2024-01-18 06:00:37,10.4,5.97
2024-01-18 06:03:05,9.3,5.9
2024-01-18 06:05:33,10.32,5.72
2024-01-18 06:07:59,8.02,4.95
2024-01-18 06:10:26,6.8,4.47
2024-01-18 06:12:56,11.98,5.88
2024-01-18 06:15:21,5.9,4.75
2024-01-18 06:17:47,8.18,4.95
2024-01-18 06:20:15,6.18,3.92
2024-01-18 06:22:40,6.82,3.55
2024-01-18 06:25:10,6.47,4.2
2024-01-18 06:27:38,8.68,3.97
2024-01-18 06:30:08,5.15,3.3
2024-01-18 06:32:35,8.38,3.65
2024-01-18 06:35:04,4.53,3.28
2024-01-18 06:37:32,6.3,2.9
2024-01-18 06:39:57,4.72,2.92
2024-01-18 06:42:22,7.13,2.67
2024-01-18 06:44:50,4.2,2.88
2024-01-18 06:47:16,6.1,3.03
2024-01-18 06:49:41,5.07,3.05
2024-01-18 06:52:09,5.5,3.0
2024-01-18 06:54:34,5.43,3.5
2024-01-18 06:57:03,7.88,3.83
2024-01-18 06:59:28,5.78,4.07
2024-01-18 07:01:55,6.13,3.22
2024-01-18 07:04:20,4.4,3.5
2024-01-18 07:06:49,7.15,3.67
2024-01-18 07:09:14,7.7,4.05
2024-01-18 07:11:40,6.1,3.42
2024-01-18 07:14:05,5.85,4.32
2024-01-18 07:16:33,6.15,4.13
2024-01-18 07:19:01,6.25,4.88
2024-01-18 07:21:29,6.7,5.0
2024-01-18 07:23:55,10.4,4.72
2024-01-18 07:26:23,9.82,5.32
2024-01-18 07:28:51,5.32,4.05
2024-01-18 07:31:16,8.27,3.95
2024-01-18 07:33:42,5.57,2.67
2024-01-18 07:36:08,3.7,1.98
2024-01-18 07:38:33,3.25,1.6
2024-01-18 07:41:01,7.18,1.7
2024-01-18 07:43:27,1.7,1.4
2024-01-18 07:45:52,3.05,1.15
2024-01-18 07:48:18,4.47,2.2
2024-01-18 07:50:43,1.98,0.82
2024-01-18 07:53:11,0.88,0.63
2024-01-18 07:55:41,2.22,1.08
2024-01-18 07:58:08,2.03,0.7
2024-01-18 08:00:41,0.8,0.73
2024-01-18 08:03:09,3.47,0.6
2024-01-18 08:05:34,2.03,0.7
2024-01-18 08:08:02,0.65,0.43
2024-01-18 08:10:27,0.77,0.22
2024-01-18 08:12:56,2.6,0.57
2024-01-18 08:15:24,0.45,0.45
2024-01-18 08:17:51,2.55,0.75
2024-01-18 08:20:17,0.98,0.43
2024-01-18 08:22:42,1.1,0.65
2024-01-18 08:25:08,5.38,1.45
2024-01-18 08:27:41,2.88,1.3
2024-01-18 08:30:09,1.23,1.0
2024-01-18 08:32:37,2.4,1.4
2024-01-18 08:35:03,3.03,1.17
2024-01-18 08:37:32,2.03,1.4
2024-01-18 08:42:24,2.1,1.35
2024-01-18 08:44:50,2.5,1.17
2024-01-18 08:47:15,1.23,0.82
2024-01-18 08:49:41,4.88,1.5
2024-01-18 08:52:06,2.45,1.35
2024-01-18 08:54:34,4.25,1.88
2024-01-18 08:57:02,3.53,1.4
2024-01-18 08:59:28,6.13,1.88
2024-01-18 09:01:56,3.97,2.75
2024-01-18 09:04:23,5.68,1.48
2024-01-18 09:06:55,6.7,1.35
2024-01-18 09:09:23,2.28,0.9
2024-01-18 09:11:48,1.65,0.95
2024-01-18 09:14:17,4.15,1.33
2024-01-18 09:16:44,2.42,1.35
2024-01-18 09:19:10,4.38,2.58
2024-01-18 09:21:42,9.18,5.85
2024-01-18 09:24:09,6.78,4.8
2024-01-18 09:26:37,4.72,3.0
2024-01-18 09:29:07,3.47,1.88
2024-01-18 09:31:35,2.65,1.9
2024-01-18 09:34:00,4.18,1.3
2024-01-18 09:36:29,8.1,1.8
2024-01-18 09:38:54,3.9,1.35
2024-01-18 09:41:19,1.13,1.0
2024-01-18 09:43:47,2.13,1.38
2024-01-18 09:46:19,3.2,1.5
2024-01-18 09:48:50,5.7,1.9
2024-01-18 09:51:18,1.73,1.6
2024-01-18 09:53:46,3.6,1.4
2024-01-18 09:56:22,3.3,1.48
2024-01-18 09:58:50,3.38,1.45
2024-01-18 10:01:20,1.9,1.27
2024-01-18 10:03:47,2.47,1.3
2024-01-18 10:06:14,2.5,1.55
2024-01-18 10:08:43,2.17,1.2
2024-01-18 10:11:12,1.88,1.23
2024-01-18 10:13:53,2.33,1.33
2024-01-18 10:18:55,3.05,1.48
2024-01-18 10:21:31,1.77,1.0
2024-01-18 10:24:00,3.72,1.85
2024-01-18 10:26:36,3.5,1.67
2024-01-18 10:29:01,2.65,1.33
2024-01-18 10:31:30,2.85,1.73
2024-01-18 10:33:58,5.03,2.13
2024-01-18 10:36:24,3.2,1.8
2024-01-18 10:38:52,2.4,1.42
2024-01-18 10:41:18,5.18,1.63
2024-01-18 10:43:46,4.55,1.9
2024-01-18 10:46:13,3.35,1.55
2024-01-18 10:48:39,3.08,1.3
2024-01-18 10:51:09,1.75,1.4
2024-01-18 10:53:37,2.05,1.55
2024-01-18 10:56:03,4.25,1.98
2024-01-18 10:58:32,3.28,1.38
2024-01-18 11:01:00,4.63,1.52
2024-01-18 11:03:26,2.88,1.4
2024-01-18 11:05:56,4.9,1.65
2024-01-18 11:08:24,5.8,2.13
2024-01-18 11:10:55,3.97,2.75
2024-01-18 11:13:21,5.3,3.13
2024-01-18 11:15:50,5.43,2.03
2024-01-18 11:18:17,5.22,2.25
2024-01-18 11:21:00,5.47,2.28
2024-01-18 11:23:36,3.55,1.92
2024-01-18 11:26:17,3.92,1.7
2024-01-18 11:28:48,2.97,1.63
2024-01-18 11:31:14,5.93,1.92
2024-01-18 11:33:44,3.78,1.55
2024-01-18 11:36:12,4.05,1.77
2024-01-18 11:38:44,3.83,1.8
2024-01-18 11:41:18,3.95,1.55
2024-01-18 11:43:59,3.2,1.8
2024-01-18 11:46:34,5.38,1.77
2024-01-18 11:49:03,4.1,1.8
2024-01-18 11:51:34,5.68,1.75
2024-01-18 11:54:03,4.1,1.8
2024-01-18 11:56:29,3.28,1.8
2024-01-18 11:59:03,2.75,2.1
2024-01-18 12:01:30,3.38,1.5
2024-01-18 12:03:58,5.3,1.52
2024-01-18 12:06:23,3.13,1.7
2024-01-18 12:08:52,2.2,1.4
2024-01-18 12:11:17,1.85,1.23
2024-01-18 12:13:43,2.4,1.42
2024-01-18 12:16:08,2.55,1.35
2024-01-18 12:18:40,1.5,1.2
2024-01-18 12:21:10,2.45,1.33
2024-01-18 12:23:36,3.92,1.2
2024-01-18 12:26:05,5.5,1.42
2024-01-18 12:28:30,1.8,1.1
2024-01-18 12:30:56,2.22,1.1
2024-01-18 12:33:29,2.88,1.6
2024-01-18 12:35:55,2.1,1.0
2024-01-18 12:38:23,2.58,1.1
2024-01-18 12:40:49,1.2,0.8
2024-01-18 12:43:17,2.0,1.02
2024-01-18 12:45:54,2.5,1.02
2024-01-18 12:48:20,1.83,0.93
2024-01-18 12:50:49,2.72,1.0
2024-01-18 12:53:15,1.52,0.98
2024-01-18 12:55:40,3.17,1.1
2024-01-18 12:58:09,2.88,1.23
2024-01-18 13:00:37,1.45,0.95
2024-01-18 13:03:11,4.75,1.27
2024-01-18 13:05:46,2.1,0.85
2024-01-18 13:08:16,1.67,0.9
2024-01-18 13:10:41,4.07,1.0
2024-01-18 13:13:07,2.88,1.0
2024-01-18 13:15:38,2.1,1.2
2024-01-18 13:18:07,2.95,1.45
2024-01-18 13:20:38,2.38,1.15
2024-01-18 13:23:05,5.15,1.27
2024-01-18 13:25:34,3.42,1.6
2024-01-18 13:28:02,4.3,1.6
2024-01-18 13:30:27,1.92,1.5
2024-01-18 13:32:55,5.3,2.1
2024-01-18 13:35:20,2.83,1.6
2024-01-18 13:37:46,5.28,1.95
2024-01-18 13:40:11,4.07,2.1
2024-01-18 13:42:37,5.13,2.03
2024-01-18 13:45:05,5.32,2.2
2024-01-18 13:47:30,4.63,2.03
2024-01-18 13:49:56,4.35,1.9
2024-01-18 13:52:21,5.45,2.0
2024-01-18 13:54:47,6.63,2.88
2024-01-18 13:57:12,6.13,2.33
2024-01-18 13:59:40,5.1,1.95
2024-01-18 14:02:06,4.38,1.7
2024-01-18 14:04:31,5.07,2.38
2024-01-18 14:06:56,5.55,2.72
2024-01-18 14:09:22,6.65,2.45
2024-01-18 14:11:50,4.82,2.03
2024-01-18 14:14:16,5.63,2.55
2024-01-18 14:16:41,5.32,2.03
2024-01-18 14:19:06,4.35,2.3
2024-01-18 14:21:36,4.43,2.3
2024-01-18 14:24:02,4.2,2.17
2024-01-18 14:26:30,7.43,2.65
2024-01-18 14:28:55,6.97,2.3
2024-01-18 14:31:23,6.03,2.42
2024-01-18 14:33:51,4.93,2.4
2024-01-18 14:36:16,4.43,2.08
2024-01-18 14:38:44,5.2,2.17
2024-01-18 14:41:12,3.53,2.3
2024-01-18 14:43:37,3.42,2.25
2024-01-18 14:46:03,4.28,2.8
2024-01-18 14:48:29,5.72,2.5
2024-01-18 14:50:54,3.35,1.92
2024-01-18 14:53:20,6.32,2.5
2024-01-18 14:55:46,2.78,2.17
2024-01-18 14:58:11,4.18,2.45
2024-01-18 15:00:36,3.85,2.15
2024-01-18 15:03:04,6.4,2.4
2024-01-18 15:05:35,4.07,2.08
2024-01-18 15:08:02,2.78,2.05
2024-01-18 15:10:28,4.45,3.05
2024-01-18 15:12:59,6.5,3.5
2024-01-18 15:15:24,3.75,2.85
2024-01-18 15:17:52,6.18,3.15
2024-01-18 15:20:18,5.35,3.8
2024-01-18 15:22:43,2.67,2.3
2024-01-18 15:25:09,5.3,2.22
2024-01-18 15:27:35,6.75,3.63
2024-01-18 15:30:02,3.33,2.75
2024-01-18 15:32:29,4.3,2.7
2024-01-18 15:34:58,3.88,2.2
2024-01-18 15:37:24,6.68,2.33
2024-01-18 15:39:52,7.6,2.97
2024-01-18 15:42:21,4.4,2.25
2024-01-18 15:44:46,8.27,2.65
2024-01-18 15:47:12,3.75,2.2
2024-01-18 15:49:42,3.67,2.2
2024-01-18 15:52:08,7.15,2.55
2024-01-18 15:54:34,4.32,2.92
2024-01-18 15:57:00,3.67,3.05
2024-01-18 15:59:25,6.65,5.9
2024-01-18 16:01:51,6.1,3.95
2024-01-18 16:04:18,3.58,2.3
2024-01-18 16:06:46,4.6,2.25
2024-01-18 16:09:12,4.5,2.8
2024-01-18 16:11:37,6.95,4.15
2024-01-18 16:14:05,3.35,2.5
2024-01-18 16:16:33,5.68,2.2
2024-01-18 16:18:58,2.8,1.17
2024-01-18 16:21:24,5.03,0.75
2024-01-18 16:23:49,0.8,0.77
2024-01-18 16:26:17,1.73,1.02
2024-01-18 16:28:46,1.0,0.82
2024-01-18 16:31:11,2.63,1.08
2024-01-18 16:33:37,8.15,6.63
2024-01-18 16:36:04,1.7,1.3
2024-01-18 16:38:30,1.83,1.1
2024-01-18 16:40:56,1.63,1.1
2024-01-18 16:43:23,4.05,2.35
2024-01-18 16:45:49,5.18,4.68
2024-01-18 16:48:14,4.63,1.4
2024-01-18 16:50:40,3.17,0.88
2024-01-18 16:53:06,1.38,0.88
2024-01-18 16:55:31,0.88,0.68
2024-01-18 16:57:59,1.98,0.73
2024-01-18 17:00:24,1.73,1.35
2024-01-18 17:02:50,4.65,4.15
2024-01-18 17:05:16,3.97,2.3
2024-01-18 17:07:43,9.23,8.32
2024-01-18 17:10:11,3.88,2.5
2024-01-18 17:12:40,3.15,1.5
2024-01-18 17:15:05,3.58,1.1
2024-01-18 17:17:31,1.17,0.8
2024-01-18 17:19:56,1.4,0.9
2024-01-18 17:22:22,0.85,0.8
2024-01-18 17:24:50,1.3,0.9
2024-01-18 17:27:15,1.75,0.65
2024-01-18 17:29:47,1.4,0.65
2024-01-18 17:32:17,1.08,0.93
2024-01-18 17:34:45,3.72,1.05
2024-01-18 17:37:14,1.27,0.8
2024-01-18 17:39:39,1.05,0.7
2024-01-18 17:42:05,1.2,1.0
2024-01-18 17:44:31,1.35,0.57
2024-01-18 17:46:56,2.2,0.82
2024-01-18 17:49:24,0.82,0.4
2024-01-18 17:51:50,0.88,0.82
2024-01-18 17:54:16,4.2,1.7
2024-01-18 17:56:43,1.77,1.08
2024-01-18 17:59:09,5.88,2.25
2024-01-18 18:01:37,5.82,2.35
2024-01-18 18:04:02,17.25,6.32
2024-01-18 18:06:29,19.0,7.68
2024-01-18 18:08:56,20.5,5.95
2024-01-18 18:11:22,17.75,7.68
2024-01-18 18:13:48,24.2,8.3
2024-01-18 18:16:16,30.55,8.9
2024-01-18 18:18:42,16.4,6.3
2024-01-18 18:21:13,17.48,6.63
2024-01-18 18:23:39,11.82,5.63
2024-01-18 18:26:09,6.85,2.6
2024-01-18 18:28:35,4.63,2.6
2024-01-18 18:31:05,5.32,2.13
2024-01-18 18:33:31,2.95,1.4
2024-01-18 18:35:56,1.92,1.3
2024-01-18 18:38:21,5.8,2.58
2024-01-18 18:40:49,5.55,2.65
2024-01-18 18:43:17,3.83,2.4
2024-01-18 18:45:44,4.03,2.22
2024-01-18 18:48:12,3.97,1.6
2024-01-18 18:50:40,5.28,2.6
2024-01-18 18:53:07,3.15,2.85
2024-01-18 18:55:33,4.38,2.0
2024-01-18 18:58:00,5.78,1.63
2024-01-18 19:00:28,1.7,1.2
2024-01-18 19:02:53,7.45,3.42
2024-01-18 19:05:19,11.18,5.13
2024-01-18 19:07:46,6.78,3.25
2024-01-18 19:10:12,6.45,3.78
2024-01-18 19:12:43,8.55,4.1
2024-01-18 19:15:10,4.95,2.28
2024-01-18 19:17:38,1.75,1.15
2024-01-18 19:20:04,2.45,1.52
2024-01-18 19:22:30,2.05,1.42
2024-01-18 19:24:56,2.72,2.1
2024-01-18 19:27:24,5.88,4.55
2024-01-18 19:29:50,7.57,5.1
2024-01-18 19:32:18,22.3,11.05
2024-01-18 19:34:44,15.4,7.7
2024-01-18 19:37:12,8.32,4.8
2024-01-18 19:39:37,12.52,7.5
2024-01-18 19:42:03,9.2,5.07
2024-01-18 19:44:28,7.1,4.93
2024-01-18 19:46:59,6.35,3.95
2024-01-18 19:49:29,3.28,2.35
2024-01-18 19:51:57,2.03,1.7
2024-01-18 19:54:26,2.47,1.9
2024-01-18 19:56:53,2.7,1.77
2024-01-18 19:59:19,4.25,1.95
2024-01-18 20:01:44,5.6,1.8
2024-01-18 20:04:15,3.65,1.9
2024-01-18 20:06:41,5.45,2.0
2024-01-18 20:09:07,4.38,2.25
2024-01-18 20:11:35,6.38,2.65
2024-01-18 20:14:05,3.6,2.1
2024-01-18 20:16:33,4.9,2.6
2024-01-18 20:18:58,5.93,2.8
2024-01-18 20:21:26,3.15,2.05
2024-01-18 20:23:54,7.85,4.22
2024-01-18 20:26:19,7.68,3.8
2024-01-18 20:28:45,11.75,6.0
2024-01-18 20:31:15,9.63,4.6
2024-01-18 20:33:43,6.57,3.72
2024-01-18 20:36:08,4.85,2.58
2024-01-18 20:38:34,5.3,2.78
2024-01-18 20:40:59,4.3,2.92
2024-01-18 20:43:24,5.72,2.8
2024-01-18 20:45:50,3.8,2.4
2024-01-18 20:48:20,3.78,2.47
2024-01-18 20:50:47,3.4,2.28
2024-01-18 20:53:13,4.35,2.7
2024-01-18 20:55:38,3.4,2.3
2024-01-18 20:58:04,4.63,2.08
2024-01-18 21:00:33,2.92,2.05
2024-01-18 21:03:01,3.45,2.78
2024-01-18 21:05:27,3.85,2.8
2024-01-18 21:07:54,3.7,2.72
2024-01-18 21:10:20,4.53,2.42
2024-01-18 21:12:45,5.3,2.33
2024-01-18 21:15:14,4.6,2.9
2024-01-18 21:17:40,2.72,2.1
2024-01-18 21:20:05,4.25,2.4
2024-01-18 21:22:31,4.68,2.28
2024-01-18 21:24:56,3.53,2.47
2024-01-18 21:27:22,6.28,2.85
2024-01-18 21:29:51,3.33,2.55
2024-01-18 21:32:16,4.8,2.97
2024-01-18 21:34:42,3.65,2.67
2024-01-18 21:37:07,4.6,2.78
2024-01-18 21:39:37,3.55,2.67
2024-01-18 21:42:02,4.4,3.05
2024-01-18 21:44:28,3.9,2.63
2024-01-18 21:46:53,7.18,3.0
2024-01-18 21:49:22,11.1,3.1
2024-01-18 21:51:48,4.8,2.2
2024-01-18 21:54:13,3.75,2.63
2024-01-18 21:56:38,4.6,2.9
2024-01-18 21:59:04,3.33,2.58
2024-01-18 22:01:31,5.75,3.33
2024-01-18 22:03:57,3.8,2.67
2024-01-18 22:06:22,3.6,2.85
2024-01-18 22:08:50,3.88,2.63
2024-01-18 22:11:15,4.22,2.75
2024-01-18 22:13:41,6.95,2.8
2024-01-18 22:16:06,4.18,2.9
2024-01-18 22:18:35,4.5,3.0
2024-01-18 22:21:04,4.5,3.13
2024-01-18 22:23:30,5.65,3.38
2024-01-18 22:25:56,6.75,3.03
2024-01-18 22:28:21,4.9,3.47
2024-01-18 22:30:46,6.72,3.75
2024-01-18 22:33:12,4.55,3.5
2024-01-18 22:35:39,5.47,3.22
2024-01-18 22:38:07,6.22,3.7
2024-01-18 22:40:33,4.82,3.38
2024-01-18 22:42:58,6.35,3.42
2024-01-18 22:45:23,4.97,3.2
2024-01-18 22:47:49,6.63,3.15
2024-01-18 22:50:17,5.6,2.92
2024-01-18 22:52:45,5.25,3.45
2024-01-18 22:55:10,4.03,2.85
2024-01-18 22:57:35,6.22,3.38
2024-01-18 23:00:01,5.1,3.22
2024-01-18 23:02:30,5.1,3.22
2024-01-18 23:05:00,6.35,3.33
2024-01-18 23:07:26,5.63,3.25
2024-01-18 23:09:51,4.78,3.28
2024-01-18 23:12:17,5.68,3.47
2024-01-18 23:14:42,6.88,3.4
2024-01-18 23:17:07,7.28,3.88
2024-01-18 23:19:35,5.15,3.4
2024-01-18 23:22:01,4.13,3.35
2024-01-18 23:24:26,5.3,3.63
2024-01-18 23:26:52,7.45,3.7
2024-01-18 23:29:17,4.97,3.3
2024-01-18 23:31:43,7.07,3.35
2024-01-18 23:34:11,5.8,3.22
2024-01-18 23:36:39,6.05,3.65
2024-01-18 23:39:08,7.15,3.92
2024-01-18 23:41:35,8.23,3.7
2024-01-18 23:44:01,6.53,3.75
2024-01-18 23:46:27,7.68,3.78
2024-01-18 23:48:55,7.3,3.45
2024-01-18 23:51:23,7.85,3.85
2024-01-18 23:53:49,6.32,3.42
2024-01-18 23:56:19,5.55,4.15
2024-01-18 23:58:44,7.35,4.15
2024-01-19 00:01:10,6.2,3.7
2024-01-19 00:03:40,5.18,3.15
2024-01-19 00:06:06,7.35,3.6
2024-01-19 00:08:33,7.53,4.32
2024-01-19 00:10:59,6.15,3.7
2024-01-19 00:13:30,5.93,3.53
2024-01-19 00:15:55,6.6,4.88
2024-01-19 00:18:23,7.2,3.75
2024-01-19 00:20:51,10.18,3.9
2024-01-19 00:23:16,6.9,3.9
2024-01-19 00:25:44,6.43,4.75
2024-01-19 00:28:12,6.95,4.35
2024-01-19 00:30:40,6.18,3.92
2024-01-19 00:33:05,5.43,3.8
2024-01-19 00:35:31,6.7,4.32
2024-01-19 00:37:56,6.38,3.92
2024-01-19 00:40:24,8.73,4.13
2024-01-19 00:42:49,5.47,3.3
2024-01-19 00:45:15,6.78,3.63
2024-01-19 00:47:42,6.65,3.8
2024-01-19 00:50:08,6.25,4.18
2024-01-19 00:52:34,6.68,4.38
2024-01-19 00:55:00,7.68,3.88
2024-01-19 00:57:26,4.68,3.25
2024-01-19 00:59:51,4.4,3.47
2024-01-19 01:02:17,8.13,4.7
2024-01-19 01:04:42,8.35,4.35
2024-01-19 01:07:07,9.55,4.97
2024-01-19 01:09:33,9.73,4.53
2024-01-19 01:12:00,7.18,3.6
2024-01-19 01:16:54,7.5,4.23
2024-01-19 01:19:19,5.35,4.25
2024-01-19 01:21:47,8.13,3.88
2024-01-19 01:24:12,9.55,4.97
2024-01-19 01:26:40,8.18,4.35
2024-01-19 01:29:06,8.07,5.15
2024-01-19 01:31:31,7.5,4.1
2024-01-19 01:33:59,7.53,4.68
2024-01-19 01:36:26,7.3,4.65
2024-01-19 01:38:54,10.05,4.82
2024-01-19 01:41:20,10.6,4.95
2024-01-19 01:43:45,7.4,4.8
2024-01-19 01:46:13,8.98,4.82
2024-01-19 01:48:38,10.77,4.72
2024-01-19 01:51:04,7.2,3.83
2024-01-19 01:53:33,7.75,4.88
2024-01-19 01:55:59,9.2,4.3
2024-01-19 01:58:25,6.43,3.55
2024-01-19 02:00:53,10.15,4.22
2024-01-19 02:03:21,7.85,4.28
2024-01-19 02:05:51,6.3,4.32
2024-01-19 02:08:19,7.25,4.35
2024-01-19 02:10:46,7.38,4.18
2024-01-19 02:13:12,8.68,4.63
2024-01-19 02:15:38,6.1,4.28
2024-01-19 02:18:06,6.55,3.97
2024-01-19 02:20:31,7.28,4.07
2024-01-19 02:23:02,8.2,4.47
2024-01-19 02:25:28,6.18,4.03
2024-01-19 02:27:56,7.18,3.38
2024-01-19 02:30:22,8.3,4.2
2024-01-19 02:32:48,7.1,4.57
2024-01-19 02:35:13,6.57,4.78
2024-01-19 02:37:38,8.27,4.85
2024-01-19 02:40:04,6.28,4.5
2024-01-19 02:42:33,8.27,4.57
2024-01-19 02:44:58,8.4,4.4
2024-01-19 02:47:27,7.4,4.53
2024-01-19 02:49:53,8.27,4.82
2024-01-19 02:52:18,8.57,4.8
2024-01-19 02:54:46,7.85,4.55
2024-01-19 02:57:12,9.07,5.0
2024-01-19 02:59:37,6.15,4.8
2024-01-19 03:02:03,7.18,4.45
2024-01-19 03:04:28,8.27,4.75
2024-01-19 03:06:56,12.3,5.15
2024-01-19 03:09:24,8.45,5.18
2024-01-19 03:11:52,7.32,5.05
2024-01-19 03:14:17,8.13,4.8
2024-01-19 03:16:43,11.3,6.18
2024-01-19 03:19:11,7.68,4.9
2024-01-19 03:21:36,8.85,5.55
2024-01-19 03:24:02,7.25,4.7
2024-01-19 03:26:27,7.68,5.45
2024-01-19 03:28:53,7.75,4.53
2024-01-19 03:31:18,8.77,4.85
2024-01-19 03:33:44,9.8,5.22
2024-01-19 03:36:09,9.18,5.95
2024-01-19 03:38:35,9.75,5.22
2024-01-19 03:41:01,9.38,5.5
2024-01-19 03:43:31,10.13,5.3
2024-01-19 03:45:56,7.97,5.32
2024-01-19 03:48:22,9.6,5.63
2024-01-19 03:50:47,8.07,5.25
2024-01-19 03:53:12,8.18,4.65
2024-01-19 03:55:40,9.18,5.9
2024-01-19 03:58:08,8.93,5.55
2024-01-19 04:00:33,10.5,5.57
2024-01-19 04:03:01,11.13,5.45
2024-01-19 04:05:26,10.18,5.88
2024-01-19 04:07:52,8.98,6.07
2024-01-19 04:10:17,10.1,6.07
2024-01-19 04:12:42,10.45,5.7
2024-01-19 04:15:08,8.57,5.95
2024-01-19 04:17:36,10.48,6.05
2024-01-19 04:20:03,10.5,6.43
2024-01-19 04:22:29,9.88,6.28
2024-01-19 04:24:55,9.25,5.57
2024-01-19 04:27:22,9.52,5.8
2024-01-19 04:29:50,12.65,5.72
2024-01-19 04:32:15,8.98,5.28
2024-01-19 04:34:41,10.93,5.78
2024-01-19 04:37:06,8.23,5.55
2024-01-19 04:39:32,11.4,6.3
2024-01-19 04:41:57,9.32,6.07
2024-01-19 04:44:23,10.3,6.43
2024-01-19 04:46:48,10.23,5.4
2024-01-19 04:49:16,10.3,5.85
2024-01-19 04:51:41,9.68,5.93
2024-01-19 04:54:07,11.5,5.93
2024-01-19 04:56:33,8.48,5.13
2024-01-19 04:59:01,10.73,5.0
2024-01-19 05:01:27,9.5,6.0
2024-01-19 05:03:55,10.45,5.75
2024-01-19 05:06:20,11.73,5.88
2024-01-19 05:08:46,7.5,5.25
2024-01-19 05:11:11,9.8,5.03
2024-01-19 05:13:40,10.3,5.32
2024-01-19 05:16:06,9.8,6.15
2024-01-19 05:18:33,11.63,5.88
2024-01-19 05:20:58,9.55,5.75
2024-01-19 05:23:26,15.5,6.38
2024-01-19 05:25:51,10.0,5.22
2024-01-19 05:28:17,9.3,4.95
2024-01-19 05:30:47,11.6,5.57
2024-01-19 05:33:13,9.4,5.3
2024-01-19 05:35:39,11.02,4.72
2024-01-19 05:38:07,9.48,4.97
2024-01-19 05:40:35,8.5,4.68
2024-01-19 05:43:00,7.43,4.25
2024-01-19 05:45:26,12.02,5.22
2024-01-19 05:47:51,8.85,5.22
2024-01-19 05:50:17,8.7,4.8
2024-01-19 05:52:42,8.18,4.38
2024-01-19 05:55:09,10.13,4.18
2024-01-19 05:57:35,8.25,4.8
2024-01-19 06:00:00,8.25,4.47
2024-01-19 06:02:28,8.27,4.6
2024-01-19 06:04:53,9.55,4.07
2024-01-19 06:07:19,6.82,3.9
2024-01-19 06:09:44,6.78,4.07
2024-01-19 06:12:10,9.1,4.75
2024-01-19 06:14:35,6.5,3.15
2024-01-19 06:17:01,5.97,3.35
2024-01-19 06:19:28,5.72,4.05
2024-01-19 06:21:56,7.32,3.9
2024-01-19 06:24:24,4.88,3.55
2024-01-19 06:26:51,6.07,3.7
2024-01-19 06:29:17,6.68,3.67
2024-01-19 06:31:43,8.02,3.8
2024-01-19 06:34:12,5.82,3.85
2024-01-19 06:36:38,7.18,4.28
2024-01-19 06:39:04,6.95,3.53
2024-01-19 06:41:32,7.72,3.85
2024-01-19 06:43:57,7.18,3.85
2024-01-19 06:46:25,7.2,4.03
2024-01-19 06:48:50,6.5,3.85
2024-01-19 06:51:16,8.13,3.72
2024-01-19 06:53:48,6.5,4.13
2024-01-19 06:56:14,6.57,3.08
2024-01-19 06:58:39,5.03,3.08
2024-01-19 07:01:07,5.1,3.05
2024-01-19 07:03:32,6.95,3.33
2024-01-19 07:06:00,5.3,3.1
2024-01-19 07:08:25,9.32,4.43
2024-01-19 07:10:56,4.53,3.38
2024-01-19 07:13:23,5.03,3.28
2024-01-19 07:15:49,11.65,4.28
2024-01-19 07:18:14,6.32,3.33
2024-01-19 07:20:39,6.63,3.65
2024-01-19 07:23:05,5.43,3.35
2024-01-19 07:25:30,7.78,4.7
2024-01-19 07:27:56,8.32,4.22
2024-01-19 07:30:24,6.8,4.28
2024-01-19 07:32:52,5.57,3.6
2024-01-19 07:35:17,5.9,4.05
2024-01-19 07:37:44,7.97,5.38
2024-01-19 07:40:10,7.45,4.9
2024-01-19 07:42:36,8.07,5.18
2024-01-19 07:45:04,8.68,5.0
2024-01-19 07:47:32,7.18,4.88
2024-01-19 07:50:01,8.07,4.35
2024-01-19 07:52:29,7.13,4.55
2024-01-19 07:54:59,12.05,5.32
2024-01-19 07:57:27,7.5,4.2
2024-01-19 07:59:55,6.4,4.2
2024-01-19 08:02:20,8.5,4.47
2024-01-19 08:04:46,7.82,4.3
2024-01-19 08:07:12,8.27,4.43
2024-01-19 08:09:37,6.82,4.57
2024-01-19 08:12:03,10.02,4.72
2024-01-19 08:14:28,8.0,4.47
2024-01-19 08:16:54,8.0,4.4
2024-01-19 08:19:19,10.32,4.93
2024-01-19 08:21:45,8.27,4.1
2024-01-19 08:24:10,7.65,3.9
2024-01-19 08:26:37,9.9,5.07
2024-01-19 08:29:03,6.38,4.03
2024-01-19 08:31:28,8.05,4.38
2024-01-19 08:33:57,10.3,4.65
2024-01-19 08:36:23,8.4,4.6
2024-01-19 08:38:51,11.23,5.03
2024-01-19 08:41:17,8.98,4.05
2024-01-19 08:43:43,7.68,4.32
2024-01-19 08:46:08,6.95,3.72
2024-01-19 08:48:34,6.03,3.7
2024-01-19 08:50:59,8.7,4.0
2024-01-19 08:53:26,10.0,4.57
2024-01-19 08:55:52,6.13,3.9
2024-01-19 08:58:18,9.52,4.47
2024-01-19 09:00:47,9.27,4.1
2024-01-19 09:03:15,8.35,4.1
2024-01-19 09:05:41,7.25,4.22
2024-01-19 09:08:06,6.4,4.05
2024-01-19 09:10:36,6.97,3.83
2024-01-19 09:13:02,7.4,4.25
2024-01-19 09:15:27,5.22,3.55
2024-01-19 09:17:53,7.07,4.1
2024-01-19 09:20:18,8.45,4.05
2024-01-19 09:22:43,6.65,3.85
2024-01-19 09:25:11,9.52,3.75
2024-01-19 09:27:38,8.0,3.5
2024-01-19 09:30:06,5.97,3.7
2024-01-19 09:32:34,11.4,4.78
2024-01-19 09:35:02,9.57,4.15
2024-01-19 09:37:30,8.07,4.3
2024-01-19 09:39:55,9.07,4.45
2024-01-19 09:42:23,6.68,4.38
2024-01-19 09:44:58,12.2,4.63
2024-01-19 09:47:27,8.63,5.0
2024-01-19 09:50:06,9.68,5.22
2024-01-19 09:55:10,13.43,4.75
2024-01-19 09:57:46,6.45,3.85
2024-01-19 10:00:13,6.8,4.2
2024-01-19 10:02:46,8.02,4.32
2024-01-19 10:05:18,6.97,3.42
2024-01-19 10:07:48,5.8,4.1
2024-01-19 10:10:22,5.47,3.33
2024-01-19 10:12:51,6.75,3.7
2024-01-19 10:15:18,7.05,3.67
2024-01-19 10:17:46,6.28,4.07
2024-01-19 10:20:13,4.78,3.03
2024-01-19 10:22:39,8.85,4.0
2024-01-19 10:25:06,7.05,3.38
2024-01-19 10:27:42,6.18,3.65
2024-01-19 10:32:40,7.0,3.33
2024-01-19 10:35:18,6.82,3.95
2024-01-19 10:37:48,7.15,3.47
2024-01-19 10:40:16,9.93,3.1
2024-01-19 10:42:47,7.4,3.53
2024-01-19 10:47:43,5.35,3.4
2024-01-19 10:50:12,7.13,3.53
2024-01-19 10:52:39,5.47,3.28
2024-01-19 10:55:08,3.9,2.9
2024-01-19 10:57:43,6.25,3.17
2024-01-19 11:02:52,4.97,3.05
2024-01-19 11:05:22,5.85,3.45
2024-01-19 11:07:53,5.82,3.85
2024-01-19 11:10:19,5.9,3.38
2024-01-19 11:12:47,6.3,3.38
2024-01-19 11:17:54,5.68,3.35
2024-01-19 11:20:22,7.32,3.3
2024-01-19 11:22:51,7.97,3.22
2024-01-19 11:25:18,5.6,3.6
2024-01-19 11:27:53,8.05,3.58
2024-01-19 11:30:51,5.72,3.45
2024-01-19 11:33:25,6.65,3.83
2024-01-19 11:35:56,6.43,3.3
2024-01-19 11:41:09,5.15,3.33
2024-01-19 11:43:39,5.55,3.75
2024-01-19 11:46:08,6.25,3.4
2024-01-19 11:48:39,5.53,3.3
2024-01-19 11:51:09,5.93,3.08
2024-01-19 11:54:04,8.4,3.5
2024-01-19 11:56:29,5.57,3.53
2024-01-19 11:58:56,5.97,3.67
2024-01-19 12:03:56,7.38,3.0
2024-01-19 12:06:21,6.2,3.38
2024-01-19 12:09:00,5.8,3.08
2024-01-19 12:11:28,5.5,3.28
2024-01-19 12:13:54,4.57,3.47
2024-01-19 12:16:20,5.8,3.03
2024-01-19 12:18:46,4.43,2.83
2024-01-19 12:21:14,4.78,2.95
2024-01-19 12:23:42,4.68,2.9
2024-01-19 12:26:07,9.15,3.13
2024-01-19 12:28:33,4.63,3.33
2024-01-19 12:31:01,6.97,3.0
2024-01-19 12:33:27,3.9,2.67
2024-01-19 12:36:04,4.18,3.0
2024-01-19 12:38:39,9.48,3.25
2024-01-19 12:41:17,6.63,3.0
2024-01-19 12:43:43,8.6,3.83
2024-01-19 12:46:09,4.97,3.42
2024-01-19 12:48:35,6.57,2.8
2024-01-19 12:51:06,7.9,3.2
2024-01-19 12:53:35,4.97,3.0
2024-01-19 12:56:01,5.1,2.97
2024-01-19 12:58:46,4.78,2.85
2024-01-19 13:01:14,5.7,2.42
2024-01-19 13:03:45,3.58,2.42
2024-01-19 13:06:13,5.22,2.7
2024-01-19 13:08:39,6.93,2.97
2024-01-19 13:11:05,6.57,3.22
2024-01-19 13:13:34,7.05,2.95
2024-01-19 13:16:03,4.85,3.42
2024-01-19 13:18:33,7.4,3.33
2024-01-19 13:21:10,6.03,3.2
2024-01-19 13:26:18,5.4,2.83
2024-01-19 13:28:44,5.72,3.55
2024-01-19 13:31:11,6.93,4.0
2024-01-19 13:33:36,4.88,3.58
2024-01-19 13:36:04,7.65,4.2
2024-01-19 13:38:30,7.28,4.03
2024-01-19 13:40:55,6.68,4.13
2024-01-19 13:45:49,5.82,3.88
2024-01-19 13:48:15,9.57,4.43
2024-01-19 13:50:46,7.97,4.15
2024-01-19 13:53:11,5.97,4.03
2024-01-19 13:55:36,6.45,3.58
2024-01-19 13:58:04,7.3,3.88
2024-01-19 14:00:37,6.93,3.9
2024-01-19 14:03:03,6.28,3.45
2024-01-19 14:05:29,7.2,4.15
2024-01-19 14:07:55,4.65,4.13
2024-01-19 14:10:24,6.0,3.92
2024-01-19 14:12:49,5.75,3.75
2024-01-19 14:15:15,7.18,4.35
2024-01-19 14:17:43,5.1,3.35
2024-01-19 14:20:08,6.72,3.7
2024-01-19 14:22:37,5.63,3.78
2024-01-19 14:25:04,6.03,3.72
2024-01-19 14:27:32,8.95,4.88
2024-01-19 14:29:57,8.4,3.8
2024-01-19 14:32:26,7.45,4.18
2024-01-19 14:34:54,9.05,4.55
2024-01-19 14:37:24,7.85,4.63
2024-01-19 14:39:55,8.25,4.68
2024-01-19 14:42:20,5.9,4.25
2024-01-19 14:44:46,8.43,4.78
2024-01-19 14:47:13,8.73,4.85
2024-01-19 14:49:39,5.28,3.9
2024-01-19 14:52:08,8.27,4.65
2024-01-19 14:54:34,7.97,4.28
2024-01-19 14:57:00,10.27,4.85
2024-01-19 14:59:28,9.07,5.05
2024-01-19 15:01:53,9.65,5.95
2024-01-19 15:04:23,12.75,8.07
2024-01-19 15:06:51,13.45,8.05
2024-01-19 15:09:16,14.77,8.8
2024-01-19 15:11:42,11.35,8.25
2024-01-19 15:14:07,11.73,7.32
2024-01-19 15:16:33,14.4,7.75
2024-01-19 15:19:01,11.25,6.2
2024-01-19 15:21:26,12.05,6.57
2024-01-19 15:23:52,10.43,6.68
2024-01-19 15:26:22,12.82,5.68
2024-01-19 15:28:51,8.15,5.28
2024-01-19 15:31:20,11.18,6.0
2024-01-19 15:33:49,13.8,6.53
2024-01-19 15:36:17,14.02,7.07
2024-01-19 15:38:46,9.43,5.68
2024-01-19 15:41:11,8.15,5.9
2024-01-19 15:43:36,10.68,6.38
2024-01-19 15:46:04,11.43,7.0
2024-01-19 15:48:32,11.8,5.4
2024-01-19 15:50:57,7.4,5.72
2024-01-19 15:53:25,9.73,6.4
2024-01-19 15:55:50,12.9,7.35
2024-01-19 15:58:16,11.18,6.9
2024-01-19 16:00:41,10.1,6.4
2024-01-19 16:03:07,11.13,6.7
2024-01-19 16:05:32,11.2,7.28
2024-01-19 16:07:58,11.65,7.15
2024-01-19 16:10:23,13.18,8.88
2024-01-19 16:12:48,19.8,10.9
2024-01-19 16:15:19,16.17,10.35
2024-01-19 16:17:45,11.73,7.85
2024-01-19 16:20:10,9.98,6.55
2024-01-19 16:22:36,11.95,6.13
2024-01-19 16:25:01,8.9,5.75
2024-01-19 16:27:32,9.9,5.85
2024-01-19 16:29:58,10.27,6.4
2024-01-19 16:32:24,10.2,5.68
2024-01-19 16:34:49,8.35,6.25
2024-01-19 16:37:15,10.27,6.43
2024-01-19 16:39:42,8.48,5.97
2024-01-19 16:42:08,12.9,8.02
2024-01-19 16:47:00,7.38,5.35
2024-01-19 16:49:25,8.75,5.5
2024-01-19 16:51:51,6.32,5.15
2024-01-19 16:54:16,9.18,5.5
2024-01-19 16:56:42,9.55,5.4
2024-01-19 16:59:10,8.73,5.5
2024-01-19 17:01:39,8.25,5.82
2024-01-19 17:04:05,8.05,5.43
2024-01-19 17:06:34,10.55,5.93
2024-01-19 17:09:01,10.13,6.68
2024-01-19 17:11:28,8.25,5.82
2024-01-19 17:13:56,12.15,7.53
2024-01-19 17:16:23,12.88,6.93
2024-01-19 17:18:49,12.93,8.1
2024-01-19 17:21:14,15.27,8.88
2024-01-19 17:23:40,14.75,9.0
2024-01-19 17:26:05,16.85,10.5
2024-01-19 17:28:35,20.05,9.73
2024-01-19 17:31:04,15.05,9.1
2024-01-19 17:33:32,17.0,9.32
2024-01-19 17:35:57,17.0,9.93
2024-01-19 17:38:23,14.57,8.85
2024-01-19 17:40:53,12.23,8.3
2024-01-19 17:43:18,12.88,8.73
2024-01-19 17:45:48,18.2,9.77
2024-01-19 17:48:16,14.7,9.27
2024-01-19 17:50:44,15.18,9.18
2024-01-19 17:53:09,10.9,8.05
2024-01-19 17:55:37,15.5,8.95
2024-01-19 17:58:04,17.67,9.98
2024-01-19 18:00:30,12.27,8.7
2024-01-19 18:02:58,14.55,8.0
2024-01-19 18:05:25,12.85,8.07
2024-01-19 18:07:52,13.38,8.73
2024-01-19 18:10:21,13.18,7.5
2024-01-19 18:12:46,13.9,8.18
2024-01-19 18:15:14,14.9,8.3
2024-01-19 18:17:42,12.77,8.4
2024-01-19 18:20:07,11.6,8.1
2024-01-19 18:22:33,11.02,7.97
2024-01-19 18:24:59,14.6,8.48
2024-01-19 18:27:24,16.2,9.55
2024-01-19 18:29:55,19.02,10.0
2024-01-19 18:32:21,15.88,9.6
2024-01-19 18:34:47,14.63,8.7
2024-01-19 18:37:12,13.88,9.07
2024-01-19 18:39:40,15.8,9.48
2024-01-19 18:42:10,13.4,9.45
2024-01-19 18:44:35,14.65,10.07
2024-01-19 18:47:01,13.3,9.38
2024-01-19 18:49:29,14.77,9.77
2024-01-19 18:51:57,14.68,9.9
2024-01-19 18:54:25,15.52,10.38
2024-01-19 18:56:50,17.2,11.38
2024-01-19 18:59:16,26.23,13.52
2024-01-19 19:01:48,23.55,15.68
2024-01-19 19:04:13,26.38,14.32
2024-01-19 19:06:41,22.95,13.38
2024-01-19 19:09:06,20.48,12.25
2024-01-19 19:11:34,22.08,13.6
2024-01-19 19:13:59,18.73,13.52
2024-01-19 19:16:25,19.0,12.18
2024-01-19 19:18:54,17.3,10.18
2024-01-19 19:21:22,13.6,11.02
2024-01-19 19:23:52,21.95,11.77
2024-01-19 19:26:21,20.63,12.35
2024-01-19 19:28:47,19.38,13.1
2024-01-19 19:31:12,22.67,12.8
2024-01-19 19:33:38,20.9,12.63
2024-01-19 19:36:08,19.0,11.8
2024-01-19 19:38:37,18.63,11.25
2024-01-19 19:41:03,18.17,11.57
2024-01-19 19:43:30,18.92,11.52
2024-01-19 19:45:56,18.75,11.55
2024-01-19 19:48:24,18.48,11.98
2024-01-19 19:50:50,24.13,12.93
2024-01-19 19:53:18,17.38,12.13
2024-01-19 19:55:44,18.83,11.98
2024-01-19 19:58:12,18.88,13.35
2024-01-19 20:00:41,19.73,12.35
2024-01-19 20:03:06,22.23,13.02
2024-01-19 20:05:34,22.98,13.75
2024-01-19 20:07:59,21.17,13.05
2024-01-19 20:10:27,23.13,13.77
2024-01-19 20:12:54,21.45,12.5
2024-01-19 20:15:22,19.25,12.15
2024-01-19 20:17:47,21.17,12.65
2024-01-19 20:20:15,23.05,14.2
2024-01-19 20:22:43,21.42,12.95
2024-01-19 20:25:11,18.88,11.93
2024-01-19 20:27:37,19.33,15.48
2024-01-19 20:30:03,25.95,18.23
2024-01-19 20:32:29,26.02,17.27
2024-01-19 20:34:57,21.75,14.3
2024-01-19 20:37:23,24.4,15.32
2024-01-19 20:39:49,21.17,14.23
2024-01-19 20:42:17,24.05,15.45
2024-01-19 20:44:42,20.38,12.98
2024-01-19 20:47:10,22.73,13.9
2024-01-19 20:49:38,21.9,14.63
2024-01-19 20:52:04,25.2,14.98
2024-01-19 20:54:29,27.17,16.58
2024-01-19 20:56:59,23.88,15.3
2024-01-19 20:59:25,22.4,13.9
2024-01-19 21:01:53,24.25,13.55
2024-01-19 21:04:19,36.78,19.17
2024-01-19 21:06:46,39.6,20.2
2024-01-19 21:09:12,37.95,21.77
2024-01-19 21:11:40,31.9,17.6
2024-01-19 21:14:05,22.98,15.1
2024-01-19 21:16:33,24.7,14.63
2024-01-19 21:18:58,21.05,13.7
2024-01-19 21:21:24,21.6,12.63
2024-01-19 21:23:51,20.25,12.68
2024-01-19 21:26:24,19.58,13.0
2024-01-19 21:28:51,22.0,13.93
2024-01-19 21:31:18,22.15,13.52
2024-01-19 21:33:44,20.75,14.38
2024-01-19 21:36:15,22.15,13.82
2024-01-19 21:38:43,17.48,12.3
2024-01-19 21:41:09,17.98,12.02
2024-01-19 21:43:35,19.85,12.9
2024-01-19 21:46:04,20.25,12.55
2024-01-19 21:48:30,19.6,12.2
2024-01-19 21:50:55,23.35,12.0
2024-01-19 21:53:21,25.65,13.45
2024-01-19 21:55:48,20.95,13.52
2024-01-19 21:58:14,19.75,12.0
2024-01-19 22:00:39,18.98,11.82
2024-01-19 22:03:10,19.45,12.18
2024-01-19 22:05:36,19.63,13.18
2024-01-19 22:08:06,23.77,13.9
2024-01-19 22:10:34,22.73,13.48
2024-01-19 22:12:59,23.05,12.85
2024-01-19 22:15:28,20.83,12.68
2024-01-19 22:17:57,21.77,14.45
2024-01-19 22:20:23,22.17,13.6
2024-01-19 22:22:53,24.5,13.65
2024-01-19 22:25:18,22.48,13.3
2024-01-19 22:27:43,26.9,14.8
2024-01-19 22:30:11,22.3,14.35
2024-01-19 22:32:37,29.75,15.48
2024-01-19 22:35:03,27.9,16.5
2024-01-19 22:37:33,20.58,15.02
2024-01-19 22:40:01,24.88,15.65
2024-01-19 22:42:32,25.45,16.05
2024-01-19 22:44:59,23.83,15.18
2024-01-19 22:47:30,22.63,14.7
2024-01-19 22:49:56,27.38,16.15
2024-01-19 22:52:23,22.23,14.32
2024-01-19 22:54:49,23.48,15.95
2024-01-19 22:57:18,22.0,14.68
2024-01-19 22:59:46,26.05,15.4
2024-01-19 23:02:12,22.45,14.6
2024-01-19 23:04:37,24.8,14.48
2024-01-19 23:07:02,24.95,13.4
2024-01-19 23:09:28,27.1,14.93
2024-01-19 23:11:54,24.95,14.7
2024-01-19 23:14:19,20.05,14.35
2024-01-19 23:16:45,22.08,14.6
2024-01-19 23:19:12,26.75,15.63
2024-01-19 23:21:38,26.1,14.13
2024-01-19 23:24:06,25.92,14.98
2024-01-19 23:26:34,22.2,13.68
2024-01-19 23:29:01,25.5,14.55
2024-01-19 23:31:29,24.73,15.82
2024-01-19 23:33:59,24.58,15.32
2024-01-19 23:36:25,24.17,13.82
2024-01-19 23:38:50,22.65,13.95
2024-01-19 23:41:19,22.45,13.88
2024-01-19 23:43:49,24.6,13.9
2024-01-19 23:46:17,22.98,13.27
2024-01-19 23:48:42,24.38,14.2
2024-01-19 23:51:07,25.3,13.02
2024-01-19 23:53:33,20.6,12.6
2024-01-19 23:55:58,28.67,14.2
2024-01-19 23:58:24,25.17,13.73
2024-01-20 00:00:49,26.63,14.57
2024-01-20 00:03:17,26.65,14.3
2024-01-20 00:05:45,26.0,13.93
2024-01-20 00:08:10,21.88,12.75
2024-01-20 00:10:36,25.6,13.73
2024-01-20 00:13:04,26.48,13.07
2024-01-20 00:15:29,24.15,12.55
2024-01-20 00:17:57,21.48,13.38
2024-01-20 00:20:25,21.63,13.18
2024-01-20 00:22:53,23.25,13.1
2024-01-20 00:25:19,24.77,13.48
2024-01-20 00:27:46,21.27,11.77
2024-01-20 00:30:14,24.83,13.4
2024-01-20 00:32:43,23.83,13.5
2024-01-20 00:35:14,19.75,11.65
2024-01-20 00:37:39,27.3,13.52
2024-01-20 00:40:07,22.8,12.1
2024-01-20 00:42:33,18.95,10.55
2024-01-20 00:45:01,20.5,12.43
2024-01-20 00:47:27,20.4,11.85
2024-01-20 00:49:55,22.4,12.25
2024-01-20 00:52:21,25.65,12.05
2024-01-20 00:54:46,21.15,11.38
2024-01-20 00:57:11,18.8,10.88
2024-01-20 00:59:39,24.92,13.13
2024-01-20 01:02:07,25.63,11.55
2024-01-20 01:04:33,21.23,13.02
2024-01-20 01:07:02,21.65,11.68
2024-01-20 01:09:30,21.6,11.68
2024-01-20 01:12:00,22.58,12.35
2024-01-20 01:14:26,21.95,11.23
2024-01-20 01:16:53,22.27,11.48
2024-01-20 01:19:19,29.83,11.82
2024-01-20 01:21:44,21.13,11.88
2024-01-20 01:24:10,30.33,13.02
2024-01-20 01:26:38,24.6,11.43
2024-01-20 01:29:06,24.42,11.9
2024-01-20 01:31:34,19.95,11.45
2024-01-20 01:36:29,24.23,10.33
2024-01-20 01:38:57,26.83,10.95
2024-01-20 01:41:27,19.38,10.55
2024-01-20 01:43:55,24.27,11.25
2024-01-20 01:46:20,26.38,11.48
2024-01-20 01:48:46,23.25,11.05
2024-01-20 01:51:12,19.05,10.13
2024-01-20 01:53:37,21.42,11.4
2024-01-20 01:56:04,20.88,10.63
2024-01-20 01:58:30,23.88,12.07
2024-01-20 02:00:58,21.0,11.3
2024-01-20 02:03:27,21.9,9.85
2024-01-20 02:05:52,21.17,9.98
2024-01-20 02:08:19,21.25,10.32
2024-01-20 02:10:48,18.98,10.13
2024-01-20 02:13:13,21.58,10.25
2024-01-20 02:15:39,23.75,9.85
2024-01-20 02:18:05,21.58,10.7
2024-01-20 02:20:30,22.25,9.27
2024-01-20 02:22:58,20.75,9.52
2024-01-20 02:25:26,25.17,11.02
2024-01-20 02:27:54,22.33,9.5
2024-01-20 02:30:20,22.27,12.0
2024-01-20 02:32:45,27.98,11.45
2024-01-20 02:35:16,18.55,9.13
2024-01-20 02:37:47,21.85,9.6
2024-01-20 02:40:12,28.85,10.48
2024-01-20 02:42:38,19.1,9.55
2024-01-20 02:45:06,22.4,10.15
2024-01-20 02:47:33,20.73,8.45
2024-01-20 02:49:59,22.9,11.27
2024-01-20 02:52:24,20.6,9.45
2024-01-20 02:54:49,22.58,9.35
2024-01-20 02:57:17,22.58,10.88
2024-01-20 02:59:43,20.15,9.48
2024-01-20 03:02:11,21.88,9.57
2024-01-20 03:04:38,20.45,10.95
2024-01-20 03:07:04,24.33,10.35
2024-01-20 03:09:31,18.98,8.65
2024-01-20 03:11:57,19.63,8.95
2024-01-20 03:14:23,21.45,9.55
2024-01-20 03:16:49,18.33,9.2
2024-01-20 03:19:17,18.8,9.82
2024-01-20 03:21:42,22.38,9.25
2024-01-20 03:24:07,25.35,8.8
2024-01-20 03:26:35,18.05,9.6
2024-01-20 03:29:00,15.6,8.3
2024-01-20 03:31:25,17.55,8.52
2024-01-20 03:33:51,15.05,7.7
2024-01-20 03:36:21,18.58,9.25
2024-01-20 03:38:48,23.6,9.05
2024-01-20 03:41:16,16.27,7.78
2024-01-20 03:43:44,19.98,7.63
2024-01-20 03:46:09,21.15,8.35
2024-01-20 03:48:34,18.92,8.5
2024-01-20 03:51:00,17.55,7.47
2024-01-20 03:53:27,18.33,8.27
2024-01-20 03:55:53,17.1,8.45
2024-01-20 03:58:21,20.05,9.2
2024-01-20 04:00:46,17.73,7.5
2024-01-20 04:03:12,20.92,9.82
2024-01-20 04:05:39,18.98,7.65
2024-01-20 04:08:07,18.6,8.2
2024-01-20 04:10:32,18.2,7.53
2024-01-20 04:12:58,20.23,7.28
2024-01-20 04:15:23,15.45,7.5
2024-01-20 04:17:51,16.05,7.72
2024-01-20 04:20:21,15.6,6.9
2024-01-20 04:22:49,19.25,7.15
2024-01-20 04:25:15,12.73,6.2
2024-01-20 04:27:41,16.1,6.63
2024-01-20 04:30:10,15.0,7.1
2024-01-20 04:32:36,15.57,6.3
2024-01-20 04:35:07,13.27,5.4
2024-01-20 04:37:32,15.32,6.38
2024-01-20 04:40:00,17.73,7.78
2024-01-20 04:42:26,17.67,7.35
2024-01-20 04:44:54,18.9,6.8
2024-01-20 04:47:21,17.35,7.3
2024-01-20 04:49:47,19.65,7.3
2024-01-20 04:52:16,20.15,7.88
2024-01-20 04:54:42,15.95,7.07
2024-01-20 04:57:12,14.82,6.22
2024-01-20 04:59:40,20.25,8.45
2024-01-20 05:02:08,16.73,7.9
2024-01-20 05:04:33,19.35,7.32
2024-01-20 05:07:01,13.77,6.4
2024-01-20 05:09:32,17.02,7.43
2024-01-20 05:11:57,19.6,7.53
2024-01-20 05:14:22,15.43,7.82
2024-01-20 05:16:48,15.55,7.4
2024-01-20 05:19:13,17.3,7.15
2024-01-20 05:21:41,17.73,7.72
2024-01-20 05:24:09,20.65,8.35
2024-01-20 05:26:35,17.98,7.32
2024-01-20 05:29:03,18.92,7.88
2024-01-20 05:31:28,19.08,8.1
2024-01-20 05:33:59,14.73,6.68
2024-01-20 05:36:24,19.05,7.65
2024-01-20 05:38:50,17.85,7.8
2024-01-20 05:41:15,16.88,6.4
2024-01-20 05:43:43,18.58,7.05
2024-01-20 05:46:09,15.5,6.55
2024-01-20 05:48:36,18.13,6.3
2024-01-20 05:51:02,17.5,6.5
2024-01-20 05:53:28,23.38,7.68
2024-01-20 05:55:54,13.77,6.63
2024-01-20 05:58:24,15.43,6.95
2024-01-20 06:00:49,20.13,8.6
2024-01-20 06:03:22,14.05,7.1
2024-01-20 06:05:50,14.48,6.28
2024-01-20 06:08:15,13.85,5.88
2024-01-20 06:10:43,11.1,5.68
2024-01-20 06:13:10,14.57,6.75
2024-01-20 06:15:38,16.17,6.68
2024-01-20 06:18:05,15.77,6.3
2024-01-20 06:20:31,15.25,6.1
2024-01-20 06:22:56,15.32,7.13
2024-01-20 06:25:22,15.6,6.75
2024-01-20 06:27:49,14.32,5.68
2024-01-20 06:30:15,11.1,5.03
2024-01-20 06:32:40,10.18,4.93
2024-01-20 06:35:06,13.82,6.6
2024-01-20 06:37:34,11.48,5.57
2024-01-20 06:40:02,11.82,6.2
2024-01-20 06:42:30,14.5,5.9
2024-01-20 06:44:57,12.73,5.4
2024-01-20 06:47:28,13.2,5.88
2024-01-20 06:49:57,15.07,6.65
2024-01-20 06:52:22,12.35,4.78
2024-01-20 06:54:48,13.63,5.25
2024-01-20 06:57:16,13.38,6.78
2024-01-20 06:59:41,14.9,6.25
2024-01-20 07:02:09,8.77,4.9
2024-01-20 07:04:35,11.65,5.55
2024-01-20 07:07:00,10.45,5.4
2024-01-20 07:09:26,9.45,5.22
2024-01-20 07:11:51,13.65,6.35
2024-01-20 07:14:20,14.4,5.72
2024-01-20 07:16:45,14.32,5.53
2024-01-20 07:19:11,10.95,4.97
2024-01-20 07:21:38,12.8,5.72
2024-01-20 07:24:06,14.57,5.2
2024-01-20 07:26:32,11.18,5.0
2024-01-20 07:28:57,13.25,5.85
2024-01-20 07:31:23,15.7,6.32
2024-01-20 07:33:51,13.07,5.32
2024-01-20 07:36:16,15.48,6.28
2024-01-20 07:38:41,16.98,5.85
2024-01-20 07:41:07,12.32,5.72
2024-01-20 07:43:34,15.13,6.0
2024-01-20 07:46:00,11.5,5.65
2024-01-20 07:48:31,14.25,5.13
2024-01-20 07:50:59,19.6,6.32
2024-01-20 07:53:25,15.1,6.35
2024-01-20 07:55:50,10.82,5.85
2024-01-20 07:58:15,12.52,6.1
2024-01-20 08:00:41,12.25,5.38
2024-01-20 08:03:06,16.45,5.97
2024-01-20 08:05:36,13.98,5.78
2024-01-20 08:08:02,12.38,5.13
2024-01-20 08:10:29,14.3,5.5
2024-01-20 08:12:57,13.9,5.47
2024-01-20 08:15:23,11.93,5.35
2024-01-20 08:17:53,12.25,5.3
2024-01-20 08:20:18,11.7,4.68
2024-01-20 08:22:46,10.48,5.4
2024-01-20 08:25:11,10.18,5.65
2024-01-20 08:27:38,12.25,5.57
2024-01-20 08:30:04,11.85,5.57
2024-01-20 08:32:32,11.1,5.43
2024-01-20 08:34:59,15.8,6.0
2024-01-20 08:37:25,14.25,5.65
2024-01-20 08:39:53,15.75,6.22
2024-01-20 08:42:18,13.02,5.72
2024-01-20 08:44:44,13.55,6.18
2024-01-20 08:47:12,9.02,4.68
2024-01-20 08:49:38,12.63,5.18
2024-01-20 08:52:03,15.15,6.03
2024-01-20 08:54:29,13.18,5.35
2024-01-20 08:56:54,16.77,6.75
2024-01-20 08:59:20,15.0,4.5
2024-01-20 09:01:48,12.15,6.35
2024-01-20 09:04:15,14.1,5.63
2024-01-20 09:06:41,13.52,5.53
2024-01-20 09:09:06,12.13,4.75
2024-01-20 09:11:32,12.5,5.6
2024-01-20 09:14:00,10.3,4.78
2024-01-20 09:16:25,12.93,4.97
2024-01-20 09:18:50,10.85,5.8
2024-01-20 09:21:18,10.68,5.35
2024-01-20 09:23:44,13.2,6.07
2024-01-20 09:26:11,12.6,5.03
2024-01-20 09:28:39,11.3,5.15
2024-01-20 09:31:05,12.9,6.22
2024-01-20 09:33:32,14.63,6.2
2024-01-20 09:35:58,11.73,6.15
2024-01-20 09:38:23,14.95,5.95
2024-01-20 09:40:54,11.35,7.15
2024-01-20 09:43:23,11.3,5.28
2024-01-20 09:45:52,12.48,6.43
2024-01-20 09:48:18,15.6,6.35
2024-01-20 09:50:47,16.95,7.18
2024-01-20 09:53:15,12.1,5.93
2024-01-20 09:55:42,12.8,6.45
2024-01-20 09:58:12,12.77,6.53
2024-01-20 10:00:39,13.2,6.32
2024-01-20 10:03:08,15.73,7.7
2024-01-20 10:05:37,14.8,7.22
2024-01-20 10:08:07,12.0,6.65
2024-01-20 10:10:33,15.13,6.53
2024-01-20 10:12:59,14.88,6.95
2024-01-20 10:15:28,13.55,7.68
2024-01-20 10:17:57,13.15,7.07
2024-01-20 10:20:28,17.98,8.23
2024-01-20 10:23:03,12.27,7.22
2024-01-20 10:25:30,18.98,8.07
2024-01-20 10:27:56,14.0,7.32
2024-01-20 10:30:22,18.15,8.0
2024-01-20 10:32:48,13.05,7.03
2024-01-20 10:35:14,13.95,6.63
2024-01-20 10:37:41,12.52,7.22
2024-01-20 10:40:11,11.65,6.9
2024-01-20 10:50:23,16.67,6.97
2024-01-20 10:52:50,15.43,7.07
2024-01-20 10:55:19,13.9,6.65
2024-01-20 10:57:45,12.77,7.03
2024-01-20 11:00:12,14.63,6.5
2024-01-20 11:02:38,12.05,6.68
2024-01-20 11:05:26,13.5,7.28
2024-01-20 11:07:56,14.05,6.93
2024-01-20 11:10:38,15.52,7.2
2024-01-20 11:13:10,13.65,6.05
2024-01-20 11:15:38,14.07,6.7
2024-01-20 11:23:23,22.9,15.35
2024-01-20 11:25:51,35.6,22.4
2024-01-20 11:28:29,19.77,9.98
2024-01-20 11:30:56,16.48,7.7
2024-01-20 11:33:23,13.15,7.22
2024-01-20 11:35:48,12.27,6.93
2024-01-20 11:38:17,12.3,6.0
2024-01-20 11:40:45,13.25,6.7
2024-01-20 11:43:22,15.98,6.7
2024-01-20 11:45:47,15.77,7.18
2024-01-20 11:50:42,10.48,5.4
2024-01-20 11:53:13,11.65,6.32
2024-01-20 11:55:49,13.2,6.43
2024-01-20 11:58:17,15.27,7.18
2024-01-20 12:00:42,11.43,6.35
2024-01-20 12:03:08,15.07,7.63
2024-01-20 12:05:33,13.15,6.3
2024-01-20 12:08:01,13.75,5.8
2024-01-20 12:10:32,12.98,6.57
2024-01-20 12:12:59,12.27,6.05
2024-01-20 12:15:36,16.05,7.05
2024-01-20 12:18:02,12.55,5.97
2024-01-20 12:20:28,10.23,6.2
2024-01-20 12:22:56,13.0,6.63
2024-01-20 12:25:25,12.95,7.13
2024-01-20 12:27:50,13.73,6.43
2024-01-20 12:30:16,13.65,6.75
2024-01-20 12:32:41,12.07,6.65
2024-01-20 12:35:09,12.77,7.32
2024-01-20 12:37:38,13.23,6.5
2024-01-20 12:40:06,11.3,6.32
2024-01-20 12:42:32,11.4,6.13
2024-01-20 12:44:58,16.1,7.63
2024-01-20 12:47:24,13.3,6.6
2024-01-20 12:49:51,11.55,6.63
2024-01-20 12:52:17,11.82,7.2
2024-01-20 12:54:43,11.9,6.88
2024-01-20 12:57:09,12.05,6.22
2024-01-20 12:59:37,14.9,7.1
2024-01-20 13:02:05,12.8,7.13
2024-01-20 13:04:30,13.0,6.97
2024-01-20 13:06:56,12.88,7.18
2024-01-20 13:09:24,15.63,7.63
2024-01-20 13:11:52,15.75,8.13
2024-01-20 13:14:19,13.07,6.9
2024-01-20 13:16:47,12.38,5.8
2024-01-20 13:19:12,13.77,7.03
2024-01-20 13:21:38,13.15,6.95
2024-01-20 13:24:03,14.38,7.72
2024-01-20 13:26:31,14.1,7.43
2024-01-20 13:28:57,12.27,6.53
2024-01-20 13:31:23,13.5,7.2
2024-01-20 13:33:48,14.5,7.13
2024-01-20 13:36:14,14.4,7.4
2024-01-20 13:38:42,14.85,8.0
2024-01-20 13:41:08,12.75,6.88
2024-01-20 13:43:36,13.27,7.15
2024-01-20 13:46:02,14.18,6.5
2024-01-20 13:48:28,16.05,7.07
2024-01-20 13:50:58,13.55,5.88
2024-01-20 13:53:23,13.88,7.03
2024-01-20 13:55:54,13.05,7.13
2024-01-20 13:58:20,16.92,7.72
2024-01-20 14:00:45,12.77,6.3
2024-01-20 14:03:13,14.73,7.63
2024-01-20 14:05:38,16.3,7.22
2024-01-20 14:08:04,13.18,7.43
2024-01-20 14:10:29,14.35,7.25
2024-01-20 14:12:59,13.82,7.03
2024-01-20 14:15:24,14.05,7.43
2024-01-20 14:17:53,14.25,7.63
2024-01-20 14:20:19,16.23,7.97
2024-01-20 14:22:46,14.93,7.03
2024-01-20 14:25:12,14.18,7.6
2024-01-20 14:27:39,14.02,6.43
2024-01-20 14:30:08,13.32,7.72
2024-01-20 14:32:36,12.8,7.13
2024-01-20 14:35:01,14.73,6.72
2024-01-20 14:37:27,13.73,7.03
2024-01-20 14:39:52,15.55,8.32
2024-01-20 14:42:18,14.88,7.65
2024-01-20 14:44:48,16.58,7.97
2024-01-20 14:47:16,13.7,7.45
2024-01-20 14:49:44,16.0,8.43
2024-01-20 14:52:09,17.13,7.45
2024-01-20 14:54:37,15.52,7.57
2024-01-20 14:57:03,14.93,8.15
2024-01-20 14:59:34,15.35,8.05
2024-01-20 15:01:59,16.25,8.15
2024-01-20 15:04:25,14.38,8.45
2024-01-20 15:06:54,13.63,7.57
2024-01-20 15:09:20,13.48,6.72
2024-01-20 15:11:45,15.18,6.97
2024-01-20 15:14:13,14.1,7.95
2024-01-20 15:16:41,16.38,7.15
2024-01-20 15:19:08,15.75,7.4
2024-01-20 15:21:34,13.9,6.97
2024-01-20 15:24:02,15.35,7.4
2024-01-20 15:26:31,14.27,7.85
2024-01-20 15:28:56,14.43,7.88
2024-01-20 15:31:22,12.57,7.47
2024-01-20 15:33:50,13.05,7.15
2024-01-20 15:36:20,13.2,6.68
2024-01-20 15:38:46,11.77,6.22
2024-01-20 15:41:11,13.45,7.38
2024-01-20 15:43:36,12.25,6.32
2024-01-20 15:46:02,19.8,7.3
2024-01-20 15:48:31,15.13,6.15
2024-01-20 15:51:14,14.75,6.8
2024-01-20 15:53:39,16.02,7.38
2024-01-20 15:56:09,15.13,7.63
2024-01-20 15:58:40,13.7,7.3
2024-01-20 16:01:05,13.4,8.02
2024-01-20 16:03:31,12.5,6.9
2024-01-20 16:05:59,13.98,7.72
2024-01-20 16:08:24,13.73,7.72
2024-01-20 16:10:50,16.4,7.28
2024-01-20 16:13:15,13.63,7.95
2024-01-20 16:15:43,13.98,8.2
2024-01-20 16:18:09,14.4,7.55
2024-01-20 16:20:38,11.85,6.32
2024-01-20 16:23:04,15.85,7.68
2024-01-20 16:25:32,12.57,7.43
2024-01-20 16:28:00,15.57,8.02
2024-01-20 16:30:25,12.3,7.1
2024-01-20 16:32:55,14.85,6.95
2024-01-20 16:35:21,15.68,8.32
2024-01-20 16:37:46,17.55,8.55
2024-01-20 16:40:14,13.55,8.4
2024-01-20 16:42:39,13.0,6.9
2024-01-20 16:45:05,14.43,7.3
2024-01-20 16:47:31,16.27,7.35
2024-01-20 16:49:59,14.35,7.03
2024-01-20 16:52:27,11.98,6.7
2024-01-20 16:54:56,14.93,7.53
2024-01-20 16:57:23,13.95,7.32
2024-01-20 16:59:48,19.65,7.35
2024-01-20 17:02:17,11.88,6.97
2024-01-20 17:04:43,13.95,7.25
2024-01-20 17:07:09,16.65,7.57
2024-01-20 17:09:36,15.35,7.82
2024-01-20 17:12:04,18.67,8.23
2024-01-20 17:14:30,15.25,8.13
2024-01-20 17:17:01,14.57,7.63
2024-01-20 17:19:26,16.23,8.73
2024-01-20 17:21:55,20.1,8.38
2024-01-20 17:24:21,17.08,9.07
2024-01-20 17:26:50,14.43,7.72
2024-01-20 17:29:18,18.73,8.88
2024-01-20 17:31:44,16.75,8.88
2024-01-20 17:34:09,18.23,8.5
2024-01-20 17:36:40,18.77,8.77
2024-01-20 17:39:09,19.5,8.4
2024-01-20 17:41:34,19.83,9.63
2024-01-20 17:44:03,18.05,8.15
2024-01-20 17:46:28,16.27,8.32
2024-01-20 17:48:56,17.3,8.07
2024-01-20 17:51:21,15.02,8.52
2024-01-20 17:53:47,17.88,8.57
2024-01-20 17:56:17,18.05,9.07
2024-01-20 17:58:42,21.4,9.05
2024-01-20 18:01:10,17.42,9.07
2024-01-20 18:03:35,16.85,9.6
2024-01-20 18:06:01,22.17,8.7
2024-01-20 18:08:28,18.55,8.98
2024-01-20 18:10:56,16.25,9.07
2024-01-20 18:13:22,22.73,10.5
2024-01-20 18:15:47,19.1,8.9
2024-01-20 18:18:16,21.23,9.45
2024-01-20 18:20:41,17.35,8.88
2024-01-20 18:23:09,16.52,8.5
2024-01-20 18:25:36,17.67,7.85
2024-01-20 18:28:03,19.08,8.7
2024-01-20 18:30:31,20.13,8.82
2024-01-20 18:32:57,16.75,8.32
2024-01-20 18:35:25,18.5,8.38
2024-01-20 18:37:50,15.55,8.13
2024-01-20 18:40:20,19.25,8.63
2024-01-20 18:42:48,18.42,9.6
2024-01-20 18:45:15,17.83,8.7
2024-01-20 18:47:40,15.57,8.75
2024-01-20 18:50:07,18.58,8.4
2024-01-20 18:52:32,16.85,7.9
2024-01-20 18:54:58,17.35,9.3
2024-01-20 18:57:25,20.23,9.15
2024-01-20 18:59:51,14.3,8.9
2024-01-20 19:02:18,18.25,9.05
2024-01-20 19:04:47,18.23,8.73
2024-01-20 19:07:15,18.9,8.98
2024-01-20 19:09:40,18.23,9.02
2024-01-20 19:12:06,20.1,9.75
2024-01-20 19:14:34,18.83,10.07
2024-01-20 19:16:59,17.4,9.73
2024-01-20 19:19:27,19.38,9.82
2024-01-20 19:21:53,20.75,10.65
2024-01-20 19:24:19,21.4,10.93
2024-01-20 19:26:49,21.05,9.55
2024-01-20 19:29:17,21.58,9.7
2024-01-20 19:31:42,20.17,9.7
2024-01-20 19:34:10,16.6,9.07
2024-01-20 19:36:35,20.52,9.55
2024-01-20 19:39:02,20.58,10.38
2024-01-20 19:41:33,19.75,10.6
2024-01-20 19:43:58,20.85,9.93
2024-01-20 19:46:26,21.17,10.75
2024-01-20 19:48:51,16.1,9.07
2024-01-20 19:51:17,21.95,10.5
2024-01-20 19:53:43,24.7,10.23
2024-01-20 19:56:10,17.17,9.95
2024-01-20 19:58:36,22.88,11.1
2024-01-20 20:01:04,17.67,9.38
2024-01-20 20:03:34,19.55,10.27
2024-01-20 20:05:59,21.45,11.2
2024-01-20 20:08:27,18.1,9.38
2024-01-20 20:10:53,17.95,9.48
2024-01-20 20:13:25,14.9,8.48
2024-01-20 20:15:51,17.42,10.0
2024-01-20 20:18:19,18.52,9.38
2024-01-20 20:20:44,17.23,8.63
2024-01-20 20:23:10,16.33,9.65
2024-01-20 20:25:42,14.95,9.1
2024-01-20 20:28:12,17.65,9.1
2024-01-20 20:30:40,16.58,8.38
2024-01-20 20:33:06,13.68,8.43
2024-01-20 20:35:31,14.8,8.13
2024-01-20 20:38:00,16.85,9.55
2024-01-20 20:40:25,17.67,8.05
2024-01-20 20:42:53,17.52,8.32
2024-01-20 20:45:21,17.85,9.63
2024-01-20 20:47:47,17.08,8.93
2024-01-20 20:50:17,16.77,8.65
2024-01-20 20:52:43,15.05,8.6
2024-01-20 20:55:11,16.08,9.38
2024-01-20 20:57:37,17.73,7.65
2024-01-20 21:00:07,16.25,8.48
2024-01-20 21:02:39,14.0,7.43
2024-01-20 21:05:09,15.4,8.5
2024-01-20 21:07:41,17.23,7.68
2024-01-20 21:10:07,13.9,7.75
2024-01-20 21:12:35,18.45,9.9
2024-01-20 21:15:01,19.63,9.07
2024-01-20 21:17:26,16.05,7.85
2024-01-20 21:19:54,13.52,8.57
2024-01-20 21:22:21,15.57,7.1
2024-01-20 21:24:49,18.4,7.9
2024-01-20 21:27:14,12.13,7.07
2024-01-20 21:29:44,15.2,7.93
2024-01-20 21:32:14,14.32,6.9
2024-01-20 21:34:39,10.63,5.95
2024-01-20 21:37:07,10.75,6.97
2024-01-20 21:39:33,11.05,7.75
2024-01-20 21:41:58,14.75,7.22
2024-01-20 21:44:26,15.25,7.4
2024-01-20 21:46:56,10.7,6.22
2024-01-20 21:49:22,14.9,7.2
2024-01-20 21:51:52,13.57,7.03
2024-01-20 21:54:20,14.73,7.25
2024-01-20 21:56:50,11.32,7.07
2024-01-20 21:59:18,12.2,5.5
2024-01-20 22:01:44,11.57,7.1
2024-01-20 22:06:35,11.63,6.53
2024-01-20 22:09:01,10.4,6.28
2024-01-20 22:11:30,11.35,6.22
2024-01-20 22:13:58,11.55,6.35
2024-01-20 22:16:24,14.68,7.4
2024-01-20 22:18:51,11.57,6.63
2024-01-20 22:21:19,11.32,7.3
2024-01-20 22:23:45,11.25,6.55
2024-01-20 22:26:19,12.05,6.6
2024-01-20 22:28:47,11.8,6.38
2024-01-20 22:31:13,13.32,7.3
2024-01-20 22:33:39,15.07,8.0
2024-01-20 22:36:05,12.35,7.03
2024-01-20 22:38:34,16.45,7.3
2024-01-20 22:41:03,11.23,6.35
2024-01-20 22:43:32,12.18,6.68
2024-01-20 22:45:57,11.48,6.55
2024-01-20 22:48:30,11.6,6.72
2024-01-20 22:51:02,11.88,7.3
2024-01-20 22:53:28,11.93,6.55
2024-01-20 22:55:55,10.6,6.63
2024-01-20 22:58:26,13.73,6.57
2024-01-20 23:00:56,11.77,6.47
2024-01-20 23:03:23,12.45,6.7
2024-01-20 23:05:52,10.23,6.78
2024-01-20 23:08:21,13.0,6.35
2024-01-20 23:10:47,12.7,6.82
2024-01-20 23:13:17,14.05,8.23
2024-01-20 23:15:42,13.0,7.1
2024-01-20 23:18:07,11.75,6.43
2024-01-20 23:20:35,9.15,6.18
2024-01-20 23:23:01,13.07,6.35
2024-01-20 23:27:57,8.55,5.43
2024-01-20 23:30:24,11.98,5.7
2024-01-20 23:32:54,12.3,6.28
2024-01-20 23:35:22,10.5,6.45
2024-01-20 23:37:49,14.2,5.93
2024-01-20 23:40:18,13.98,6.3
2024-01-20 23:42:46,12.6,6.0
2024-01-20 23:45:11,11.27,6.65
2024-01-20 23:47:40,10.0,6.57
2024-01-20 23:50:10,10.3,6.25
2024-01-20 23:52:36,11.85,6.13
2024-01-20 23:55:05,12.0,6.85
2024-01-20 23:57:30,11.23,6.68
2024-01-20 23:59:57,10.8,6.3
2024-01-21 00:02:25,17.23,5.82
2024-01-21 00:04:52,11.6,6.03
2024-01-21 00:07:20,11.25,5.47
2024-01-21 00:09:45,12.32,5.68
2024-01-21 00:12:16,11.98,6.18
2024-01-21 00:14:46,11.13,5.57
2024-01-21 00:17:18,9.85,5.57
2024-01-21 00:19:44,12.23,5.93
2024-01-21 00:22:12,9.88,6.3
2024-01-21 00:24:37,10.13,6.1
2024-01-21 00:27:10,11.27,5.68
2024-01-21 00:29:35,9.88,6.1
2024-01-21 00:32:00,12.25,5.2
2024-01-21 00:34:26,11.02,6.35
2024-01-21 00:36:51,11.07,6.2
2024-01-21 00:39:17,9.18,5.4
2024-01-21 00:41:42,12.65,6.15
2024-01-21 00:44:10,12.45,6.05
2024-01-21 00:46:38,14.0,6.35
2024-01-21 00:49:06,13.7,5.72
2024-01-21 00:51:32,11.77,6.43
2024-01-21 00:53:57,11.6,5.9
2024-01-21 00:56:23,10.23,5.8
2024-01-21 00:58:50,8.43,6.13
2024-01-21 01:01:19,8.15,5.18
2024-01-21 01:03:44,11.23,5.6
2024-01-21 01:06:12,9.88,6.15
2024-01-21 01:08:37,11.15,5.63
2024-01-21 01:11:03,12.0,6.07
2024-01-21 01:13:30,11.63,5.88
2024-01-21 01:15:58,11.55,5.93
2024-01-21 01:18:24,10.48,5.57
2024-01-21 01:20:49,11.07,5.78
2024-01-21 01:23:18,13.13,5.8
2024-01-21 01:25:43,10.18,5.8
2024-01-21 01:28:09,10.88,6.15
2024-01-21 01:30:34,8.25,5.2
2024-01-21 01:33:02,9.35,4.85
2024-01-21 01:35:27,10.27,5.57
2024-01-21 01:37:53,13.85,6.18
2024-01-21 01:40:21,7.95,4.72
2024-01-21 01:42:58,9.1,5.15
2024-01-21 01:45:24,11.0,5.72
2024-01-21 01:47:50,10.02,5.47
2024-01-21 01:50:15,13.57,6.7
2024-01-21 01:52:42,13.73,6.22
2024-01-21 01:55:08,10.1,5.75
2024-01-21 01:57:46,8.3,5.1
2024-01-21 02:00:12,12.27,6.07
2024-01-21 02:02:41,10.15,5.7
2024-01-21 02:05:07,10.3,5.88
2024-01-21 02:07:33,10.02,5.45
2024-01-21 02:09:59,7.28,4.82
2024-01-21 02:12:28,10.75,5.45
2024-01-21 02:14:56,10.95,5.53
2024-01-21 02:17:23,10.18,5.75
2024-01-21 02:19:49,11.52,5.5
2024-01-21 02:22:16,10.7,5.22
2024-01-21 02:24:42,10.75,5.85
2024-01-21 02:27:08,11.3,5.82
2024-01-21 02:29:33,15.02,5.7
2024-01-21 02:31:58,12.25,6.03
2024-01-21 02:34:24,10.52,5.38
2024-01-21 02:36:51,11.45,5.32
2024-01-21 02:39:20,10.05,5.93
2024-01-21 02:41:45,10.43,5.53
2024-01-21 02:44:13,10.0,5.05
2024-01-21 02:46:41,10.5,5.8
2024-01-21 02:49:08,11.1,5.07
2024-01-21 02:51:33,11.57,5.68
2024-01-21 02:53:58,13.15,6.85
2024-01-21 02:56:24,9.3,5.85
2024-01-21 02:58:51,14.52,6.63
2024-01-21 03:01:20,11.9,5.6
2024-01-21 03:03:45,11.27,5.97
2024-01-21 03:06:11,12.43,6.22
2024-01-21 03:08:37,8.45,5.47
2024-01-21 03:11:05,10.2,5.4
2024-01-21 03:13:30,11.52,5.93
2024-01-21 03:15:56,14.68,5.93
2024-01-21 03:18:21,10.68,7.03
2024-01-21 03:20:47,11.38,6.13
2024-01-21 03:23:13,9.82,5.9
2024-01-21 03:25:43,10.77,5.57
2024-01-21 03:28:08,11.18,5.9
2024-01-21 03:30:37,10.07,5.6
2024-01-21 03:33:04,10.05,5.9
2024-01-21 03:35:30,10.9,6.35
2024-01-21 03:37:55,8.25,5.15
2024-01-21 03:40:23,12.6,6.6
2024-01-21 03:42:53,12.73,6.25
2024-01-21 03:45:21,13.48,6.43
2024-01-21 03:47:47,12.98,6.13
2024-01-21 03:50:15,12.43,6.05
2024-01-21 03:52:45,11.25,5.72
2024-01-21 03:55:14,8.7,5.68
2024-01-21 03:57:40,13.05,5.93
2024-01-21 04:00:09,10.85,6.8
2024-01-21 04:02:38,10.65,6.0
2024-01-21 04:05:07,8.63,5.72
2024-01-21 04:07:34,11.15,6.05
2024-01-21 04:10:02,11.7,5.85
2024-01-21 04:12:28,12.65,6.57
2024-01-21 04:14:53,10.38,5.63
2024-01-21 04:17:22,10.13,5.5
2024-01-21 04:19:48,8.32,5.53
2024-01-21 04:22:13,9.8,5.68
2024-01-21 04:24:39,10.35,6.0
2024-01-21 04:27:06,11.93,5.95
2024-01-21 04:29:34,12.32,5.45
2024-01-21 04:31:59,7.65,4.47
2024-01-21 04:34:25,11.0,5.22
2024-01-21 04:36:55,9.95,6.0
2024-01-21 04:39:20,11.0,5.8
2024-01-21 04:41:50,13.95,6.5
2024-01-21 04:44:15,8.8,5.5
2024-01-21 04:46:45,10.75,5.93
2024-01-21 04:49:11,13.2,6.32
2024-01-21 04:51:36,8.95,5.6
2024-01-21 04:56:28,8.7,4.93
2024-01-21 04:58:53,9.57,5.38
2024-01-21 05:01:20,10.95,6.0
2024-01-21 05:03:47,10.55,5.97
2024-01-21 05:06:15,9.45,5.15
2024-01-21 05:08:41,10.43,5.95
2024-01-21 05:11:07,10.07,5.63
2024-01-21 05:13:33,10.32,6.43
2024-01-21 05:15:59,8.6,5.3
2024-01-21 05:18:24,8.48,5.2
2024-01-21 05:20:50,8.55,5.63
2024-01-21 05:23:15,8.98,5.6
2024-01-21 05:25:40,10.77,6.07
2024-01-21 05:28:06,12.57,6.43
2024-01-21 05:30:31,11.2,6.07
2024-01-21 05:32:57,11.77,6.5
2024-01-21 05:35:27,11.8,5.82
2024-01-21 05:37:52,8.27,5.25
2024-01-21 05:40:20,10.38,5.8
2024-01-21 05:42:47,12.3,5.72
2024-01-21 05:45:13,11.88,6.63
2024-01-21 05:47:38,9.18,5.47
2024-01-21 05:50:04,9.82,5.82
2024-01-21 05:52:29,10.48,5.93
2024-01-21 05:54:55,9.25,5.63
2024-01-21 05:57:22,11.0,5.9
2024-01-21 05:59:50,8.8,5.07
2024-01-21 06:02:15,11.13,5.72
2024-01-21 06:04:41,10.77,5.9
2024-01-21 06:07:07,8.55,5.65
2024-01-21 06:09:32,9.57,5.3
2024-01-21 06:11:57,11.0,6.0
2024-01-21 06:14:23,9.1,5.03
2024-01-21 06:16:53,10.05,5.55
2024-01-21 06:19:18,8.4,6.2
2024-01-21 06:21:44,9.1,4.93
2024-01-21 06:24:12,8.95,5.35
2024-01-21 06:26:38,10.32,5.75
2024-01-21 06:29:09,9.3,5.45
2024-01-21 06:31:35,8.1,5.18
2024-01-21 06:34:00,8.73,4.93
2024-01-21 06:36:26,10.35,5.45
2024-01-21 06:38:53,8.7,5.13
2024-01-21 06:41:21,11.57,5.28
2024-01-21 06:43:47,9.8,5.2
2024-01-21 06:46:12,9.65,4.82
2024-01-21 06:48:39,11.52,5.43
2024-01-21 06:51:04,9.15,5.13
2024-01-21 06:53:35,7.9,4.72
2024-01-21 06:56:05,8.05,5.0
2024-01-21 06:58:33,8.93,5.0
2024-01-21 07:00:59,7.18,4.45
2024-01-21 07:03:25,8.23,5.32
2024-01-21 07:05:50,8.73,5.25
2024-01-21 07:08:16,6.82,4.65
2024-01-21 07:10:42,9.5,4.75
2024-01-21 07:13:08,9.6,6.0
2024-01-21 07:15:35,9.15,5.4
2024-01-21 07:18:02,8.13,4.95
2024-01-21 07:20:28,11.38,5.28
2024-01-21 07:22:54,9.05,5.15
2024-01-21 07:25:20,11.23,4.95
2024-01-21 07:27:46,7.5,5.03
2024-01-21 07:30:14,7.57,4.78
2024-01-21 07:32:40,10.85,5.28
2024-01-21 07:35:06,9.7,5.07
2024-01-21 07:37:34,10.25,4.72
2024-01-21 07:40:00,7.57,5.15
2024-01-21 07:42:27,9.88,5.85
2024-01-21 07:44:56,10.55,6.1
2024-01-21 07:47:21,9.52,4.85
2024-01-21 07:49:47,10.02,5.15
2024-01-21 07:52:12,9.18,4.9
2024-01-21 07:54:38,8.55,5.15
2024-01-21 07:57:03,8.1,4.63
2024-01-21 07:59:29,9.7,5.32
2024-01-21 08:01:54,11.18,4.9
2024-01-21 08:04:19,7.63,4.53
2024-01-21 08:06:45,10.02,5.25
2024-01-21 08:09:10,7.5,4.8
2024-01-21 08:11:38,7.85,4.5
2024-01-21 08:14:06,8.82,4.97
2024-01-21 08:16:34,8.6,4.7
2024-01-21 08:19:00,7.7,4.6
2024-01-21 08:21:25,8.2,5.35
2024-01-21 08:23:55,9.05,4.6
2024-01-21 08:26:20,6.88,4.25
2024-01-21 08:28:48,6.03,3.97
2024-01-21 08:31:14,6.5,4.25
2024-01-21 08:33:40,9.35,4.63
2024-01-21 08:36:05,6.15,3.5
2024-01-21 08:38:31,8.63,4.9
2024-01-21 08:40:57,9.52,4.6
2024-01-21 08:43:33,10.93,4.82
2024-01-21 08:45:59,7.93,4.65
2024-01-21 08:48:24,9.18,3.88
2024-01-21 08:50:49,8.32,4.78
2024-01-21 08:53:15,7.1,4.55
2024-01-21 08:55:40,6.82,3.67
2024-01-21 08:58:08,5.68,3.85
2024-01-21 09:00:36,6.35,4.13
2024-01-21 09:03:02,6.07,4.1
2024-01-21 09:05:30,8.75,5.2
2024-01-21 09:07:55,5.9,3.5
2024-01-21 09:10:21,6.82,3.9
2024-01-21 09:12:51,6.1,3.5
2024-01-21 09:15:16,8.23,4.25
2024-01-21 09:17:46,6.82,3.85
2024-01-21 09:20:12,7.63,4.35
2024-01-21 09:22:38,8.18,4.1
2024-01-21 09:25:03,6.45,4.25
2024-01-21 09:27:29,6.28,3.95
2024-01-21 09:29:55,7.2,4.07
2024-01-21 09:32:22,6.22,3.9
2024-01-21 09:34:48,6.55,3.8
2024-01-21 09:37:13,7.28,3.8
2024-01-21 09:39:38,6.22,3.55
2024-01-21 09:42:05,5.13,3.4
2024-01-21 09:44:34,6.2,3.45
2024-01-21 09:47:01,7.63,3.95
2024-01-21 09:49:29,5.43,3.63
2024-01-21 09:51:57,6.9,3.45
2024-01-21 09:56:51,5.75,3.5
2024-01-21 09:59:17,5.15,3.67
2024-01-21 10:01:44,7.8,4.47
2024-01-21 10:04:13,6.03,3.67
2024-01-21 10:06:41,6.55,3.65
2024-01-21 10:09:10,5.9,3.83
2024-01-21 10:11:37,6.0,3.72
2024-01-21 10:14:02,7.53,4.47
2024-01-21 10:16:30,6.65,4.0
2024-01-21 10:18:56,7.5,3.88
2024-01-21 10:21:21,4.78,3.4
2024-01-21 10:23:47,6.57,4.32
2024-01-21 10:26:13,8.57,3.83
2024-01-21 10:28:41,6.85,4.2
2024-01-21 10:31:07,6.4,3.6
2024-01-21 10:33:33,5.78,3.7
2024-01-21 10:36:02,6.93,3.67
2024-01-21 10:38:29,5.38,3.65
2024-01-21 10:40:59,7.1,3.72
2024-01-21 10:43:25,7.0,3.88
2024-01-21 10:45:56,10.05,3.97
2024-01-21 10:48:25,7.88,4.15
2024-01-21 10:50:54,5.57,3.58
2024-01-21 10:53:21,8.25,3.42
2024-01-21 10:55:48,6.3,3.6
2024-01-21 10:58:16,4.72,3.15
2024-01-21 11:00:42,6.38,3.2
2024-01-21 11:05:57,8.55,3.33
2024-01-21 11:08:30,6.88,3.58
2024-01-21 11:11:15,7.38,3.78
2024-01-21 11:16:13,4.88,3.22
2024-01-21 11:19:03,5.38,3.08
2024-01-21 11:21:30,4.43,2.97
2024-01-21 11:24:01,6.47,3.47
2024-01-21 11:26:30,7.15,3.47
2024-01-21 11:29:22,7.22,3.15
2024-01-21 11:31:51,4.4,3.13
2024-01-21 11:34:21,6.45,3.25
2024-01-21 11:36:47,5.78,3.2
2024-01-21 11:39:15,5.28,3.35
2024-01-21 11:41:45,7.93,3.65
2024-01-21 11:46:37,6.9,4.18
2024-01-21 11:49:04,8.48,4.47
2024-01-21 11:51:35,5.78,3.67
2024-01-21 11:54:03,5.68,3.47
2024-01-21 11:58:55,7.45,3.9
2024-01-21 12:01:22,7.4,3.78
2024-01-21 12:06:15,6.13,3.33
2024-01-21 12:08:44,4.82,3.4
2024-01-21 12:11:13,6.55,3.6
2024-01-21 12:13:41,7.22,4.18
2024-01-21 12:16:09,5.43,3.78
2024-01-21 12:21:07,6.28,3.0
2024-01-21 12:23:35,4.45,3.75
2024-01-21 12:26:00,5.9,3.67
2024-01-21 12:28:29,6.0,3.53
2024-01-21 12:30:54,7.85,3.85
2024-01-21 12:33:20,5.93,3.47
2024-01-21 12:35:51,6.82,3.83
2024-01-21 12:38:17,4.95,3.47
2024-01-21 12:40:43,5.07,3.65
2024-01-21 12:43:09,5.97,3.1
2024-01-21 12:45:41,5.68,3.2
2024-01-21 12:48:06,7.18,3.8
2024-01-21 12:50:35,6.9,3.1
2024-01-21 12:53:06,7.5,4.07
2024-01-21 12:55:34,6.68,3.35
2024-01-21 12:57:59,6.6,3.42
2024-01-21 13:00:27,4.93,3.25
2024-01-21 13:02:52,5.4,2.55
2024-01-21 13:05:22,5.2,2.92
2024-01-21 13:07:47,6.5,3.13
2024-01-21 13:10:13,6.97,3.25
2024-01-21 13:12:38,6.35,3.42
2024-01-21 13:15:04,8.5,4.5
2024-01-21 13:17:32,7.1,3.65
2024-01-21 13:19:57,8.75,3.72
2024-01-21 13:22:25,7.22,3.92
2024-01-21 13:24:51,5.97,3.78
2024-01-21 13:27:18,4.75,3.28
2024-01-21 13:29:52,8.18,3.7
2024-01-21 13:32:39,6.15,3.25
2024-01-21 13:35:07,6.57,3.42
2024-01-21 13:37:35,5.68,3.88
2024-01-21 13:42:27,5.1,2.53
2024-01-21 13:44:54,4.18,3.15
2024-01-21 13:47:22,6.97,3.35
2024-01-21 13:49:47,5.75,2.97
2024-01-21 13:52:15,6.1,3.63
2024-01-21 13:54:41,5.88,3.7
2024-01-21 13:57:07,5.13,3.1
2024-01-21 13:59:33,5.53,3.6
2024-01-21 14:01:58,6.63,3.6
2024-01-21 14:04:26,6.18,3.97
2024-01-21 14:06:54,6.68,3.5
2024-01-21 14:09:20,6.4,3.92
2024-01-21 14:11:45,8.38,4.3
2024-01-21 14:14:13,9.25,4.18
2024-01-21 14:16:44,5.75,3.78
2024-01-21 14:19:09,5.57,3.72
2024-01-21 14:21:37,8.05,4.25
2024-01-21 14:24:03,6.4,4.2
2024-01-21 14:26:34,4.8,3.7
2024-01-21 14:29:04,8.88,4.45
2024-01-21 14:31:48,6.0,3.75
2024-01-21 14:34:15,7.68,3.8
2024-01-21 14:36:41,7.07,3.38
2024-01-21 14:39:07,7.7,3.9
2024-01-21 14:41:37,7.3,3.85
2024-01-21 14:44:07,9.0,4.55
2024-01-21 14:46:32,7.13,3.6
2024-01-21 14:49:00,8.68,4.05
2024-01-21 14:51:28,10.95,5.07
2024-01-21 14:53:54,5.28,3.58
2024-01-21 14:56:19,9.0,4.53
2024-01-21 14:58:45,9.5,4.38
2024-01-21 15:01:15,7.57,3.7
2024-01-21 15:03:40,7.05,4.82
2024-01-21 15:06:11,7.9,4.2
2024-01-21 15:08:39,8.3,4.2
2024-01-21 15:11:05,8.52,3.97
2024-01-21 15:13:32,9.15,4.68
2024-01-21 15:15:59,6.47,4.95
2024-01-21 15:18:25,7.72,4.55
2024-01-21 15:20:56,7.28,4.65
2024-01-21 15:23:23,11.3,4.88
2024-01-21 15:25:49,8.52,4.68
2024-01-21 15:28:14,10.38,5.2
2024-01-21 15:30:42,9.52,4.97
2024-01-21 15:33:11,12.65,6.4
2024-01-21 15:35:37,12.63,5.3
2024-01-21 15:38:06,6.53,4.32
2024-01-21 15:40:32,11.65,4.65
2024-01-21 15:42:58,9.88,4.95
2024-01-21 15:45:29,9.1,5.13
2024-01-21 15:47:55,9.15,4.82
2024-01-21 15:50:23,7.38,5.13
2024-01-21 15:52:48,11.38,5.35
2024-01-21 15:55:16,9.48,5.43
2024-01-21 15:57:42,10.63,4.93
2024-01-21 16:00:07,10.65,5.05
2024-01-21 16:02:38,10.88,6.03
2024-01-21 16:05:04,7.4,4.82
2024-01-21 16:07:29,13.88,6.28
2024-01-21 16:09:57,13.98,4.88
2024-01-21 16:12:27,11.77,5.68
2024-01-21 16:14:54,9.02,4.4
2024-01-21 16:17:19,10.13,5.35
2024-01-21 16:19:45,9.32,5.15
2024-01-21 16:22:10,10.68,5.38
2024-01-21 16:24:39,8.85,4.63
2024-01-21 16:27:05,6.57,4.35
2024-01-21 16:29:32,8.68,4.95
2024-01-21 16:31:58,11.35,5.32
2024-01-21 16:34:24,8.02,4.4
2024-01-21 16:36:50,13.13,5.2
2024-01-21 16:39:16,9.57,5.8
2024-01-21 16:41:44,9.07,5.2
2024-01-21 16:44:10,8.9,5.15
2024-01-21 16:46:38,17.55,6.5
2024-01-21 16:49:06,14.9,6.22
2024-01-21 16:51:36,11.23,6.45
2024-01-21 16:54:03,15.7,5.35
2024-01-21 16:56:29,11.5,6.05
2024-01-21 16:58:59,12.48,6.53
2024-01-21 17:01:25,12.13,5.82
2024-01-21 17:03:51,11.4,5.43
2024-01-21 17:06:17,11.0,5.72
2024-01-21 17:08:44,11.4,5.55
2024-01-21 17:11:11,7.95,5.05
2024-01-21 17:13:45,11.52,6.07
2024-01-21 17:16:11,11.05,6.13
2024-01-21 17:21:05,11.13,5.43
2024-01-21 17:23:36,7.15,5.03
2024-01-21 17:26:02,7.8,4.53
2024-01-21 17:28:28,10.52,5.4
2024-01-21 17:30:53,8.43,5.0
2024-01-21 17:33:19,9.68,5.13
2024-01-21 17:35:44,7.78,5.65
2024-01-21 17:38:10,8.2,5.43
2024-01-21 17:40:35,8.43,5.22
2024-01-21 17:43:01,10.5,5.28
2024-01-21 17:45:27,10.8,5.25
2024-01-21 17:47:54,7.0,4.18
2024-01-21 17:50:19,9.57,4.9
2024-01-21 17:52:45,6.32,3.55
2024-01-21 17:55:10,9.9,5.18
2024-01-21 17:57:36,14.2,6.45
2024-01-21 18:00:06,13.23,7.25
2024-01-21 18:02:34,17.48,9.05
2024-01-21 18:05:02,16.9,8.57
2024-01-21 18:07:28,13.6,8.75
2024-01-21 18:09:56,7.78,6.25
2024-01-21 18:12:24,10.75,5.18
2024-01-21 18:14:50,12.15,5.22
2024-01-21 18:17:15,10.43,6.2
2024-01-21 18:19:42,9.38,5.45
2024-01-21 18:22:07,12.3,5.43
2024-01-21 18:24:37,10.4,5.68
2024-01-21 18:27:04,10.77,6.32
2024-01-21 18:29:29,11.5,6.78
2024-01-21 18:31:55,13.23,7.22
2024-01-21 18:34:20,12.35,6.28
2024-01-21 18:36:49,14.9,6.2
2024-01-21 18:39:14,10.98,5.82
2024-01-21 18:41:43,16.58,7.05
2024-01-21 18:44:08,9.13,5.6
2024-01-21 18:46:34,10.38,6.2
2024-01-21 18:48:59,12.52,5.47
2024-01-21 18:51:27,11.52,5.75
2024-01-21 18:53:52,10.73,6.25
2024-01-21 18:56:21,9.73,6.45
2024-01-21 18:58:48,9.77,5.75
2024-01-21 19:01:14,8.5,6.25
2024-01-21 19:03:42,10.73,5.82
2024-01-21 19:06:10,8.75,5.32
2024-01-21 19:08:40,11.48,5.72
2024-01-21 19:11:05,13.57,5.85
2024-01-21 19:13:30,9.57,4.03
2024-01-21 19:15:56,7.9,4.32
2024-01-21 19:18:21,7.03,4.18
2024-01-21 19:20:47,8.02,4.1
2024-01-21 19:23:13,10.55,5.05
2024-01-21 19:25:39,8.32,4.1
2024-01-21 19:28:07,11.48,5.5
2024-01-21 19:30:34,9.93,4.9
2024-01-21 19:32:59,10.98,4.9
2024-01-21 19:35:27,9.27,5.45
2024-01-21 19:37:52,8.02,4.85
2024-01-21 19:40:18,7.97,4.7
2024-01-21 19:42:43,8.8,4.7
2024-01-21 19:45:08,11.3,5.38
2024-01-21 19:47:36,9.95,4.38
2024-01-21 19:50:06,8.07,4.07
2024-01-21 19:52:33,9.85,4.8
2024-01-21 19:55:00,9.88,4.28
2024-01-21 19:57:26,20.45,6.35
2024-01-21 19:59:53,11.65,4.88
2024-01-21 20:02:19,8.68,4.7
2024-01-21 20:04:47,11.68,6.13
2024-01-21 20:07:14,14.65,5.6
2024-01-21 20:09:44,8.48,5.1
2024-01-21 20:12:15,9.52,5.1
2024-01-21 20:14:40,7.95,4.82
2024-01-21 20:17:08,8.55,4.88
2024-01-21 20:19:36,9.48,4.6
2024-01-21 20:22:04,10.7,4.75
2024-01-21 20:24:32,9.6,4.78
2024-01-21 20:27:00,10.05,5.47
2024-01-21 20:29:26,10.82,5.88
2024-01-21 20:31:55,8.13,4.85
2024-01-21 20:34:23,10.5,5.07
2024-01-21 20:36:48,9.63,4.68
2024-01-21 20:39:16,12.2,5.2
2024-01-21 20:41:46,9.57,4.55
2024-01-21 20:44:14,11.6,4.88
2024-01-21 20:46:40,9.48,4.28
2024-01-21 20:49:07,7.72,4.5
2024-01-21 20:51:33,13.02,5.3
2024-01-21 20:54:02,5.75,4.03
2024-01-21 20:56:27,7.6,3.72
2024-01-21 20:58:53,8.9,4.32
2024-01-21 21:01:18,8.93,4.3
2024-01-21 21:03:51,9.05,4.88
2024-01-21 21:06:20,10.13,4.22
2024-01-21 21:08:46,7.93,4.05
2024-01-21 21:11:11,7.85,3.53
2024-01-21 21:13:37,7.82,4.07
2024-01-21 21:16:06,7.32,3.45
2024-01-21 21:18:35,10.5,4.3
2024-01-21 21:21:01,6.9,3.5
2024-01-21 21:23:27,7.95,4.07
2024-01-21 21:25:53,8.3,3.55
2024-01-21 21:28:18,8.43,3.88
2024-01-21 21:30:46,8.57,3.67
2024-01-21 21:33:12,6.7,3.53
2024-01-21 21:35:39,6.35,3.33
2024-01-21 21:38:06,4.32,3.47
2024-01-21 21:40:33,6.0,3.5
2024-01-21 21:43:01,9.23,3.55
2024-01-21 21:45:29,7.5,3.65
2024-01-21 21:47:54,7.25,3.17
2024-01-21 21:50:22,5.95,3.3
2024-01-21 21:52:47,6.97,3.67
2024-01-21 21:55:15,5.32,3.28
2024-01-21 21:57:40,5.93,3.38
2024-01-21 22:00:06,4.68,2.92
2024-01-21 22:02:32,7.65,4.38
2024-01-21 22:04:57,7.13,3.2
2024-01-21 22:07:23,9.2,3.8
2024-01-21 22:09:55,4.7,3.22
2024-01-21 22:12:23,4.82,3.08
2024-01-21 22:14:48,7.0,3.22
2024-01-21 22:17:19,4.85,2.7
2024-01-21 22:19:49,9.45,3.25
2024-01-21 22:22:16,8.23,3.67
2024-01-21 22:24:47,5.5,2.55
2024-01-21 22:27:15,5.93,2.85
2024-01-21 22:29:44,5.97,2.8
2024-01-21 22:32:09,6.97,2.78
2024-01-21 22:34:35,7.47,3.13
2024-01-21 22:37:03,7.78,3.38
2024-01-21 22:39:33,5.65,3.0
2024-01-21 22:42:01,6.3,3.35
2024-01-21 22:44:28,6.03,3.22
2024-01-21 22:46:56,7.35,3.08
2024-01-21 22:49:24,4.68,2.5
2024-01-21 22:51:54,5.57,2.97
2024-01-21 22:54:25,8.5,3.53
2024-01-21 22:56:55,6.55,3.33
2024-01-21 22:59:23,4.13,2.92
2024-01-21 23:01:49,6.25,3.5
2024-01-21 23:04:16,6.93,3.38
2024-01-21 23:06:44,4.82,2.83
2024-01-21 23:09:12,6.55,3.17
2024-01-21 23:11:39,4.35,3.1
2024-01-21 23:14:09,7.38,3.4
2024-01-21 23:16:35,5.22,3.72
2024-01-21 23:19:00,6.57,2.67
2024-01-21 23:21:28,6.43,2.8
2024-01-21 23:23:53,8.52,2.92
2024-01-21 23:26:22,7.8,3.13
2024-01-21 23:28:47,5.95,2.78
2024-01-21 23:31:15,4.22,2.85
2024-01-21 23:33:40,6.22,3.28
2024-01-21 23:36:10,6.57,3.65
2024-01-21 23:38:37,6.25,3.25
2024-01-21 23:41:07,4.93,2.7
2024-01-21 23:43:33,5.78,2.83
2024-01-21 23:46:01,4.68,2.78
2024-01-21 23:48:27,5.15,2.7
2024-01-21 23:50:52,5.6,2.42
2024-01-21 23:53:20,3.88,2.35
2024-01-21 23:55:45,7.0,3.1
2024-01-21 23:58:13,6.65,2.78
2024-01-22 00:00:38,7.65,2.67
2024-01-22 00:03:11,7.18,2.85
2024-01-22 00:05:39,4.35,2.45
2024-01-22 00:08:09,4.28,2.65
2024-01-22 00:10:37,4.0,2.42
2024-01-22 00:13:04,5.6,2.4
2024-01-22 00:17:58,4.0,1.95
2024-01-22 00:20:23,3.38,2.22
2024-01-22 00:22:51,4.82,2.22
2024-01-22 00:25:18,4.9,2.15
2024-01-22 00:27:48,4.18,1.9
2024-01-22 00:30:16,4.47,2.03
2024-01-22 00:32:41,5.1,2.0
2024-01-22 00:35:07,1.83,1.42
2024-01-22 00:37:35,4.38,2.08
2024-01-22 00:40:01,3.72,1.65
2024-01-22 00:42:26,3.85,2.13
2024-01-22 00:44:51,4.05,2.0
2024-01-22 00:47:17,3.3,1.92
2024-01-22 00:49:42,3.8,1.9
2024-01-22 00:52:12,3.28,1.83
2024-01-22 00:54:40,3.5,1.67
2024-01-22 00:57:10,3.0,1.7
2024-01-22 00:59:38,5.25,1.7
2024-01-22 01:02:06,3.92,1.58
2024-01-22 01:04:34,3.45,1.42
2024-01-22 01:07:02,2.2,1.3
2024-01-22 01:09:27,1.9,1.33
2024-01-22 01:11:55,4.05,1.77
2024-01-22 01:14:21,2.4,1.6
2024-01-22 01:16:50,2.53,1.3
2024-01-22 01:19:21,3.0,1.4
2024-01-22 01:21:48,4.28,1.2
2024-01-22 01:24:16,1.13,0.85
2024-01-22 01:26:47,3.9,1.3
2024-01-22 01:29:12,1.95,1.25
2024-01-22 01:31:38,2.3,1.42
2024-01-22 01:34:03,1.85,1.05
2024-01-22 01:36:31,4.25,1.17
2024-01-22 01:39:01,0.93,0.8
2024-01-22 01:41:29,2.67,1.23
2024-01-22 01:43:55,1.42,1.05
2024-01-22 01:46:23,1.63,1.02
2024-01-22 01:48:54,1.35,1.0
2024-01-22 01:51:25,1.95,1.05
2024-01-22 01:53:50,2.0,1.33
2024-01-22 01:56:17,1.33,0.8
2024-01-22 01:58:47,1.42,0.8
2024-01-22 02:01:14,0.98,0.9
2024-01-22 02:03:43,1.17,0.88
2024-01-22 02:06:11,2.58,1.02
2024-01-22 02:08:37,2.1,0.68
2024-01-22 02:11:04,1.4,0.95
2024-01-22 02:13:33,2.83,0.98
2024-01-22 02:15:58,1.92,0.7
2024-01-22 02:18:23,2.33,0.82
2024-01-22 02:20:49,3.85,1.17
2024-01-22 02:23:14,1.23,0.5
2024-01-22 02:25:42,1.23,0.6
2024-01-22 02:28:08,1.25,0.5
2024-01-22 02:30:38,0.65,0.5
2024-01-22 02:33:03,2.4,0.73
2024-01-22 02:35:31,1.8,0.9
2024-01-22 02:37:58,1.83,0.88
2024-01-22 02:40:26,1.3,0.7
2024-01-22 02:42:54,1.02,0.7
2024-01-22 02:45:21,4.93,1.08
2024-01-22 02:47:49,1.08,0.8
2024-01-22 02:50:19,1.3,0.9
2024-01-22 02:52:47,2.22,1.0
2024-01-22 02:55:12,6.68,3.6
2024-01-22 02:57:38,7.15,4.4
2024-01-22 03:00:06,7.53,5.18
2024-01-22 03:02:31,12.0,8.38
2024-01-22 03:04:59,10.68,6.88
2024-01-22 03:07:24,11.43,7.15
2024-01-22 03:09:50,8.48,5.7
2024-01-22 03:12:20,8.3,5.25
2024-01-22 03:14:45,7.82,4.88
2024-01-22 03:17:13,11.57,7.4
2024-01-22 03:19:43,10.15,6.55
2024-01-22 03:22:14,8.57,4.72
2024-01-22 03:24:39,5.5,3.58
2024-01-22 03:27:09,3.83,2.9
2024-01-22 03:29:37,5.45,2.35
2024-01-22 03:32:02,3.42,1.75
2024-01-22 03:34:30,2.22,1.63
2024-01-22 03:36:58,3.8,1.33
2024-01-22 03:39:25,1.9,1.2
2024-01-22 03:41:51,1.63,0.95
2024-01-22 03:44:17,2.2,0.95
2024-01-22 03:46:45,3.05,0.82
2024-01-22 03:49:10,2.72,1.0
2024-01-22 03:51:35,1.98,0.8
2024-01-22 03:54:03,2.8,1.27
2024-01-22 03:56:31,3.22,0.6
2024-01-22 03:58:59,3.72,0.65
2024-01-22 04:01:29,2.13,0.6
2024-01-22 04:03:54,1.7,0.5
2024-01-22 04:06:22,1.23,0.6
2024-01-22 04:08:50,1.17,0.65
2024-01-22 04:11:17,1.17,0.43
2024-01-22 04:13:47,1.23,0.6
2024-01-22 04:16:13,1.05,0.6
2024-01-22 04:18:39,0.88,0.5
2024-01-22 04:21:07,0.93,0.52
2024-01-22 04:23:36,0.45,0.4
2024-01-22 04:26:02,0.93,0.4
2024-01-22 04:28:28,1.3,0.65
2024-01-22 04:30:56,4.25,0.77
2024-01-22 04:33:21,0.5,0.4
2024-01-22 04:35:47,1.9,0.52
2024-01-22 04:38:18,2.05,0.6
2024-01-22 04:40:45,3.35,0.65
2024-01-22 04:43:15,1.8,0.47
2024-01-22 04:45:41,1.02,0.52
2024-01-22 04:48:07,1.25,0.57
2024-01-22 04:50:32,0.85,0.45
2024-01-22 04:52:58,0.47,0.45
2024-01-22 04:55:23,2.4,0.3
2024-01-22 04:57:48,1.17,0.38
2024-01-22 05:00:16,2.95,1.17
2024-01-22 05:02:47,1.83,0.55
2024-01-22 05:05:14,5.2,1.15
2024-01-22 05:07:40,8.77,1.4
2024-01-22 05:10:06,6.15,1.5
2024-01-22 05:12:37,11.77,2.05
2024-01-22 05:15:04,5.47,1.95
2024-01-22 05:17:33,8.23,1.7
2024-01-22 05:19:58,4.95,1.58
2024-01-22 05:22:24,4.13,1.2
2024-01-22 05:24:52,6.75,0.95
2024-01-22 05:27:23,4.6,1.25
2024-01-22 05:29:51,5.57,1.38
2024-01-22 05:32:16,6.47,1.42
2024-01-22 05:34:43,7.63,1.58
2024-01-22 05:37:11,11.52,2.28
2024-01-22 05:39:39,7.55,1.98
2024-01-22 05:42:09,9.02,2.3
2024-01-22 05:44:35,10.35,2.33
2024-01-22 05:47:04,18.92,3.97
2024-01-22 05:49:30,11.23,2.9
2024-01-22 05:51:55,14.0,3.17
2024-01-22 05:54:23,13.13,3.47
2024-01-22 05:56:49,13.75,2.78
2024-01-22 05:59:14,7.95,2.47
2024-01-22 06:01:40,10.63,2.78
2024-01-22 06:04:07,16.02,3.92
2024-01-22 06:06:33,16.15,3.15
2024-01-22 06:09:00,9.13,2.17
2024-01-22 06:11:26,16.7,3.3
2024-01-22 06:13:55,14.18,3.45
2024-01-22 06:16:21,12.4,3.1
2024-01-22 06:18:46,16.63,4.07
2024-01-22 06:21:17,16.45,4.18
2024-01-22 06:23:44,19.2,4.38
2024-01-22 06:26:12,18.08,4.03
2024-01-22 06:28:38,19.52,3.85
2024-01-22 06:31:04,16.3,3.75
2024-01-22 06:33:34,19.05,3.58
2024-01-22 06:36:00,21.7,4.43
2024-01-22 06:38:28,14.98,3.38
2024-01-22 06:40:56,14.18,3.55
2024-01-22 06:43:26,13.7,3.13
2024-01-22 06:45:52,16.08,3.75
2024-01-22 06:48:18,14.6,3.38
2024-01-22 06:50:43,21.45,5.1
2024-01-22 06:53:09,17.67,4.97
2024-01-22 06:55:39,23.52,5.13
2024-01-22 06:58:05,19.55,4.1
2024-01-22 07:00:32,14.52,4.55
2024-01-22 07:03:01,25.4,5.55
2024-01-22 07:05:30,19.4,4.88
2024-01-22 07:07:58,27.2,6.2
2024-01-22 07:10:23,22.85,4.72
2024-01-22 07:12:49,30.6,6.65
2024-01-22 07:15:16,27.35,6.18
2024-01-22 07:17:42,22.6,5.03
2024-01-22 07:20:08,23.73,4.6
2024-01-22 07:22:38,15.15,3.97
2024-01-22 07:25:05,23.1,5.47
2024-01-22 07:27:31,18.52,4.2
2024-01-22 07:29:57,16.25,3.9
2024-01-22 07:32:33,16.85,3.33
2024-01-22 07:35:04,18.4,5.38
2024-01-22 07:37:34,23.15,6.7
2024-01-22 07:40:06,17.5,4.97
2024-01-22 07:42:34,28.23,4.9
2024-01-22 07:45:03,23.13,4.28
2024-01-22 07:47:32,19.45,3.95
2024-01-22 07:50:01,21.25,4.93
2024-01-22 07:52:30,30.23,5.15
2024-01-22 07:55:01,19.02,4.15
2024-01-22 07:57:32,21.25,4.4
2024-01-22 07:59:58,27.25,5.63
2024-01-22 08:02:24,17.8,4.6
2024-01-22 08:07:17,28.6,4.78
2024-01-22 08:09:46,22.5,4.5
2024-01-22 08:12:11,20.92,5.68
2024-01-22 08:14:37,28.83,6.03
2024-01-22 08:17:07,21.67,5.1
2024-01-22 08:19:33,19.17,5.7
2024-01-22 08:21:59,16.5,4.28
2024-01-22 08:24:32,21.88,5.0
2024-01-22 08:26:58,21.77,4.65
2024-01-22 08:29:26,24.58,4.32
2024-01-22 08:31:52,17.98,4.88
2024-01-22 08:34:18,21.23,4.4
2024-01-22 08:36:46,14.18,3.97
2024-01-22 08:39:11,25.9,5.45
2024-01-22 08:41:37,24.63,5.0
2024-01-22 08:44:06,19.45,4.65
2024-01-22 08:46:33,23.1,5.15
2024-01-22 08:49:02,21.85,4.47
2024-01-22 08:51:27,20.65,4.6
2024-01-22 08:53:55,23.75,4.75
2024-01-22 08:56:22,21.48,4.8
2024-01-22 08:58:51,24.5,5.47
2024-01-22 09:01:18,22.17,4.2
2024-01-22 09:03:46,22.55,4.78
2024-01-22 09:06:12,13.05,3.95
2024-01-22 09:08:40,21.75,3.9
2024-01-22 09:11:10,17.63,4.7
2024-01-22 09:13:36,21.5,4.2
2024-01-22 09:16:03,14.15,3.55
2024-01-22 09:18:29,19.38,4.88
2024-01-22 09:20:54,19.0,3.53
2024-01-22 09:23:20,18.3,4.32
2024-01-22 09:25:46,20.65,4.65
2024-01-22 09:28:15,15.5,4.93
2024-01-22 09:30:43,23.75,4.78
2024-01-22 09:33:11,22.25,5.28
2024-01-22 09:35:39,22.02,3.78
2024-01-22 09:38:07,21.6,5.07
2024-01-22 09:40:36,19.77,4.38
2024-01-22 09:43:04,19.75,4.4
2024-01-22 09:45:32,29.45,4.63
2024-01-22 09:47:59,19.55,4.18
2024-01-22 09:52:51,10.27,2.9
2024-01-22 09:55:23,19.73,3.63
2024-01-22 09:57:51,11.15,3.08
2024-01-22 10:00:20,15.13,3.92
2024-01-22 10:02:52,6.72,2.88
2024-01-22 10:05:18,18.2,4.18
2024-01-22 10:07:44,19.38,3.28
2024-01-22 10:10:12,19.23,4.25
2024-01-22 10:15:22,12.57,3.05
2024-01-22 10:17:50,13.52,3.1
2024-01-22 10:20:16,14.32,3.53
2024-01-22 10:22:46,12.98,2.8
2024-01-22 10:25:16,7.47,2.4
2024-01-22 10:27:42,13.73,2.7
2024-01-22 10:30:10,13.63,3.22
2024-01-22 10:32:37,18.95,3.53
2024-01-22 10:35:07,16.7,2.6
2024-01-22 10:40:31,20.65,3.83
2024-01-22 10:42:57,14.7,2.3
2024-01-22 10:45:22,19.42,4.3
2024-01-22 10:47:53,13.73,3.72
2024-01-22 10:52:53,11.1,2.4
2024-01-22 10:55:22,7.0,3.63
2024-01-22 10:57:49,12.13,3.25
2024-01-22 11:00:21,9.25,2.63
2024-01-22 11:02:47,14.68,3.22
2024-01-22 11:05:19,11.95,2.55
2024-01-22 11:07:46,16.13,3.65
2024-01-22 11:10:17,21.15,3.5
2024-01-22 11:12:46,12.63,2.17
2024-01-22 11:15:14,12.6,4.13
2024-01-22 11:17:40,9.35,3.03
2024-01-22 11:20:19,11.82,2.4
2024-01-22 11:22:58,16.33,3.58
2024-01-22 11:28:03,16.1,3.72
2024-01-22 11:30:43,10.98,3.28
2024-01-22 11:33:33,13.55,3.47
2024-01-22 11:36:02,18.08,2.83
2024-01-22 11:38:49,10.57,3.28
2024-01-22 11:43:53,11.57,3.0
2024-01-22 11:46:24,10.75,2.42
2024-01-22 11:48:52,19.13,3.15
2024-01-22 11:51:24,15.0,3.17
2024-01-22 11:53:51,15.93,3.4
2024-01-22 11:58:50,17.58,3.4
2024-01-22 12:01:24,16.25,2.7
2024-01-22 12:03:49,19.7,3.03
2024-01-22 12:06:14,18.73,3.72
2024-01-22 12:08:42,11.98,3.4
2024-01-22 12:11:20,16.27,3.22
2024-01-22 12:13:48,16.38,3.55
2024-01-22 12:16:16,15.25,4.13
2024-01-22 12:18:43,13.52,3.58
2024-01-22 12:21:09,9.23,3.0
2024-01-22 12:23:36,13.65,2.6
2024-01-22 12:26:19,16.42,3.58
2024-01-22 12:28:50,12.77,3.42
2024-01-22 12:31:18,13.07,2.53
2024-01-22 12:33:47,21.17,3.33
2024-01-22 12:36:13,12.15,2.65
2024-01-22 12:41:16,13.52,3.1
2024-01-22 12:43:43,17.7,3.08
2024-01-22 12:46:09,15.57,2.72
2024-01-22 12:48:38,10.55,2.65
2024-01-22 12:51:06,11.07,2.63
2024-01-22 12:53:34,11.2,3.08
2024-01-22 12:56:00,11.6,3.28
2024-01-22 12:58:30,15.18,3.83
2024-01-22 13:00:58,12.6,2.95
2024-01-22 13:03:24,18.4,3.4
2024-01-22 13:05:49,12.98,2.9
2024-01-22 13:08:15,11.25,3.05
2024-01-22 13:10:43,17.27,2.78
2024-01-22 13:13:13,14.6,2.9
2024-01-22 13:15:42,12.93,2.97
2024-01-22 13:18:08,9.8,2.65
2024-01-22 13:20:36,12.77,2.88
2024-01-22 13:23:01,9.43,2.05
2024-01-22 13:25:29,5.2,1.92
2024-01-22 13:27:57,10.02,2.13
2024-01-22 13:30:25,7.3,1.52
2024-01-22 13:35:16,6.03,1.67
2024-01-22 13:37:44,8.93,1.63
2024-01-22 13:40:12,8.18,1.9
2024-01-22 13:42:40,5.4,1.8
2024-01-22 13:45:05,8.07,1.65
2024-01-22 13:47:34,4.63,1.38
2024-01-22 13:49:59,7.15,1.92
2024-01-22 13:52:30,7.1,1.85
2024-01-22 13:54:56,6.65,1.42
2024-01-22 13:57:23,7.2,2.53
2024-01-22 13:59:51,7.3,1.4
2024-01-22 14:02:17,11.25,2.08
2024-01-22 14:04:42,5.22,1.75
2024-01-22 14:07:12,15.23,3.25
2024-01-22 14:09:37,9.7,1.77
2024-01-22 14:12:03,8.73,1.55
2024-01-22 14:16:54,5.43,1.4
2024-01-22 14:19:22,9.85,2.47
2024-01-22 14:21:47,7.88,2.88
2024-01-22 14:24:13,6.47,1.92
2024-01-22 14:26:38,9.63,2.38
2024-01-22 14:29:03,9.5,2.9
2024-01-22 14:31:29,10.07,2.2
2024-01-22 14:33:57,16.52,2.3
2024-01-22 14:36:25,11.88,1.92
2024-01-22 14:38:53,9.85,1.7
2024-01-22 14:41:18,12.13,2.15
2024-01-22 14:43:46,6.8,2.2
2024-01-22 14:46:16,14.43,2.67
2024-01-22 14:48:42,12.52,2.53
2024-01-22 14:51:12,8.15,2.45
2024-01-22 14:53:41,11.73,2.25
2024-01-22 14:56:07,10.55,3.17
2024-01-22 14:58:33,13.88,2.5
2024-01-22 15:00:59,15.0,2.92
2024-01-22 15:03:24,11.65,3.17
2024-01-22 15:05:50,11.68,2.67
2024-01-22 15:08:15,9.43,2.55
2024-01-22 15:10:43,15.1,2.5
2024-01-22 15:13:11,19.5,2.8
2024-01-22 15:15:39,11.4,2.53
2024-01-22 15:18:04,18.5,4.47
2024-01-22 15:20:30,12.15,2.55
2024-01-22 15:22:55,13.15,2.85
2024-01-22 15:25:21,18.35,3.17
2024-01-22 15:27:50,22.6,3.92
2024-01-22 15:30:16,12.38,2.85
2024-01-22 15:32:41,11.13,3.03
2024-01-22 15:35:07,12.23,2.95
2024-01-22 15:37:33,21.23,3.9
2024-01-22 15:40:00,16.13,3.53
2024-01-22 15:42:30,12.98,3.33
2024-01-22 15:45:01,15.6,3.47
2024-01-22 15:47:28,10.4,2.42
2024-01-22 15:49:53,18.05,3.45
2024-01-22 15:52:18,14.85,2.85
2024-01-22 15:54:48,14.88,3.88
2024-01-22 15:57:14,12.77,2.83
2024-01-22 15:59:39,20.17,4.28
2024-01-22 16:02:06,13.07,3.08
2024-01-22 16:04:34,18.55,3.78
2024-01-22 16:07:03,14.75,2.6
2024-01-22 16:09:28,11.18,2.28
2024-01-22 16:11:58,13.55,2.45
2024-01-22 16:14:26,9.55,3.05
2024-01-22 16:16:52,12.45,4.03
2024-01-22 16:19:17,13.98,2.78
2024-01-22 16:21:43,12.6,2.6
2024-01-22 16:24:11,10.73,3.22
2024-01-22 16:26:38,14.9,2.83
2024-01-22 16:29:07,20.45,3.5
2024-01-22 16:31:33,11.43,2.45
2024-01-22 16:34:00,16.85,2.63
2024-01-22 16:36:31,12.15,2.65
2024-01-22 16:38:56,7.8,2.55
2024-01-22 16:41:25,14.0,3.92
2024-01-22 16:43:50,11.32,2.83
2024-01-22 16:46:23,7.55,2.15
2024-01-22 16:48:50,5.68,1.88
2024-01-22 16:51:19,7.88,2.0
2024-01-22 16:53:51,8.73,1.67
2024-01-22 16:56:17,4.85,1.83
2024-01-22 16:58:42,8.93,2.0
2024-01-22 17:01:08,3.28,1.45
2024-01-22 17:03:33,7.28,1.7
2024-01-22 17:05:59,13.13,1.95
2024-01-22 17:08:25,6.9,1.63
2024-01-22 17:10:53,6.53,2.65
2024-01-22 17:13:23,10.65,2.2
2024-01-22 17:15:48,9.9,1.6
2024-01-22 17:18:16,10.15,2.25
2024-01-22 17:20:41,7.57,2.03
2024-01-22 17:23:09,8.35,2.08
2024-01-22 17:25:35,10.23,2.5
2024-01-22 17:28:00,13.63,3.47
2024-01-22 17:30:28,9.68,1.85
2024-01-22 17:32:54,12.3,2.83
2024-01-22 17:35:22,8.07,2.15
2024-01-22 17:37:47,15.38,2.63
2024-01-22 17:40:12,12.77,3.05
2024-01-22 17:42:38,10.45,2.33
2024-01-22 17:45:03,7.5,3.13
2024-01-22 17:47:29,8.85,2.25
2024-01-22 17:49:58,15.48,3.53
2024-01-22 17:52:25,9.68,2.83
2024-01-22 17:54:53,12.3,2.75
2024-01-22 17:57:18,12.32,2.72
2024-01-22 17:59:46,15.63,2.67
2024-01-22 18:02:12,14.88,3.88
2024-01-22 18:07:03,14.7,2.6
2024-01-22 18:09:31,10.43,2.2
2024-01-22 18:11:57,11.95,3.4
2024-01-22 18:14:25,7.7,2.58
2024-01-22 18:16:53,8.32,2.38
2024-01-22 18:19:20,10.9,2.3
2024-01-22 18:21:47,13.9,3.4
2024-01-22 18:24:12,15.9,3.33
2024-01-22 18:26:38,19.88,3.25
2024-01-22 18:29:03,13.93,3.4
2024-01-22 18:31:31,16.5,3.67
2024-01-22 18:33:58,14.25,3.28
2024-01-22 18:36:24,11.05,3.0
2024-01-22 18:38:49,18.77,3.45
2024-01-22 18:41:21,16.65,3.45
2024-01-22 18:43:47,18.17,3.38
2024-01-22 18:46:15,8.23,2.22
2024-01-22 18:48:43,16.77,3.03
2024-01-22 18:51:09,15.2,4.13
2024-01-22 18:53:36,8.7,2.67
2024-01-22 18:56:07,12.18,2.9
2024-01-22 18:58:32,17.52,3.4
2024-01-22 19:00:59,13.98,2.8
2024-01-22 19:03:24,8.07,2.8
2024-01-22 19:05:51,25.77,3.58
2024-01-22 19:08:16,12.98,2.72
2024-01-22 19:10:44,10.02,3.1
2024-01-22 19:13:11,14.43,3.8
2024-01-22 19:15:39,12.63,3.3
2024-01-22 19:18:07,17.77,3.97
2024-01-22 19:20:32,13.95,4.82
2024-01-22 19:23:01,15.9,5.38
2024-01-22 19:25:26,15.15,3.63
2024-01-22 19:27:52,12.13,3.15
2024-01-22 19:30:17,16.85,3.17
2024-01-22 19:32:43,17.02,3.1
2024-01-22 19:35:08,11.35,4.07
2024-01-22 19:37:40,15.32,4.03
2024-01-22 19:40:08,11.3,3.13
2024-01-22 19:42:34,22.33,4.03
2024-01-22 19:45:04,8.05,3.83
2024-01-22 19:47:30,16.13,3.13
2024-01-22 19:49:56,14.02,3.13
2024-01-22 19:52:21,17.2,4.47
2024-01-22 19:54:47,13.2,4.18
2024-01-22 19:57:15,14.07,3.88
2024-01-22 19:59:43,7.95,3.2
2024-01-22 20:02:11,7.88,3.08
2024-01-22 20:04:37,17.27,3.65
2024-01-22 20:07:04,12.1,3.42
2024-01-22 20:09:32,8.95,2.72
2024-01-22 20:12:00,13.07,3.17
2024-01-22 20:14:26,9.73,2.6
2024-01-22 20:16:54,8.77,2.33
2024-01-22 20:19:22,7.4,2.67
2024-01-22 20:21:52,9.4,2.47
2024-01-22 20:24:19,6.88,1.9
2024-01-22 20:26:45,5.05,1.75
2024-01-22 20:29:11,10.75,2.67
2024-01-22 20:31:36,7.07,2.15
2024-01-22 20:34:02,4.0,1.33
2024-01-22 20:36:28,10.0,2.15
2024-01-22 20:38:57,11.25,2.25
2024-01-22 20:41:23,8.98,2.1
2024-01-22 20:43:49,10.65,2.9
2024-01-22 20:46:16,9.73,3.28
2024-01-22 20:48:42,9.35,2.17
2024-01-22 20:51:10,9.73,2.28
2024-01-22 20:53:35,7.93,2.83
2024-01-22 20:56:06,10.77,2.6
2024-01-22 21:00:59,12.2,3.5
2024-01-22 21:03:33,16.85,3.67
2024-01-22 21:06:03,14.98,3.6
2024-01-22 21:08:29,11.4,3.05
2024-01-22 21:10:54,7.18,3.28
2024-01-22 21:13:20,12.95,2.5
2024-01-22 21:15:46,11.27,2.63
2024-01-22 21:18:13,18.35,2.7
2024-01-22 21:20:39,13.95,3.53
2024-01-22 21:23:09,12.9,3.38
2024-01-22 21:25:35,9.52,2.2
2024-01-22 21:28:00,15.7,3.65
2024-01-22 21:30:28,14.38,3.08
2024-01-22 21:32:54,8.4,1.95
2024-01-22 21:35:23,9.48,2.9
2024-01-22 21:37:51,12.23,3.6
2024-01-22 21:40:19,6.32,2.47
2024-01-22 21:42:47,8.9,2.6
2024-01-22 21:45:15,12.85,2.92
2024-01-22 21:50:07,8.75,2.13
2024-01-22 21:52:32,11.77,3.28
2024-01-22 21:54:58,13.25,2.03
2024-01-22 21:57:24,10.13,2.97
2024-01-22 21:59:50,12.88,4.0
2024-01-22 22:02:15,9.23,2.13
2024-01-22 22:04:44,7.53,2.45
2024-01-22 22:07:09,8.75,2.33
2024-01-22 22:09:37,9.48,2.83
2024-01-22 22:12:05,9.77,3.08
2024-01-22 22:14:30,6.25,1.7
2024-01-22 22:16:58,9.27,2.1
2024-01-22 22:19:26,10.18,2.8
2024-01-22 22:21:52,6.6,2.03
2024-01-22 22:24:18,12.38,2.47
2024-01-22 22:29:10,6.93,1.6
2024-01-22 22:31:38,9.75,1.95
2024-01-22 22:34:06,10.32,2.35
2024-01-22 22:36:36,9.35,2.67
2024-01-22 22:39:04,10.48,2.42
2024-01-22 22:41:32,18.33,2.47
2024-01-22 22:43:57,9.93,2.35
2024-01-22 22:46:25,13.88,2.58
2024-01-22 22:48:53,19.42,3.9
2024-01-22 22:51:18,9.43,2.67
2024-01-22 22:53:46,8.48,2.4
2024-01-22 22:56:12,14.85,2.9
2024-01-22 22:58:37,11.15,2.17
2024-01-22 23:01:03,10.4,2.53
2024-01-22 23:03:28,9.18,1.95
2024-01-22 23:05:56,13.95,2.53
2024-01-22 23:08:22,9.6,2.35
2024-01-22 23:10:48,12.55,2.55
2024-01-22 23:15:40,12.65,3.25
2024-01-22 23:18:05,10.45,2.33
2024-01-22 23:20:30,10.57,2.85
2024-01-22 23:22:58,14.45,2.7
2024-01-22 23:25:23,13.1,2.75
2024-01-22 23:27:52,9.6,2.63
2024-01-22 23:30:17,11.85,2.38
2024-01-22 23:32:45,9.15,2.4
2024-01-22 23:35:11,18.92,2.97
2024-01-22 23:37:36,5.9,2.13
2024-01-22 23:40:02,12.0,2.15
2024-01-22 23:42:30,8.57,2.67
2024-01-22 23:44:55,11.6,2.8
2024-01-22 23:47:21,8.25,1.63
2024-01-22 23:49:47,8.93,2.65
2024-01-22 23:52:15,14.93,2.9
2024-01-22 23:54:43,7.22,2.3
2024-01-22 23:57:09,9.7,2.55
2024-01-22 23:59:35,7.25,1.85
2024-01-23 00:02:03,11.8,2.5
2024-01-23 00:04:29,11.02,2.6
2024-01-23 00:06:54,8.8,2.05
2024-01-23 00:09:22,14.6,3.2
2024-01-23 00:11:48,9.85,2.0
2024-01-23 00:14:16,9.7,2.5
2024-01-23 00:16:43,7.32,2.2
2024-01-23 00:19:14,7.1,1.9
2024-01-23 00:21:42,10.1,2.42
2024-01-23 00:24:10,9.77,2.53
2024-01-23 00:26:35,12.35,2.78
2024-01-23 00:29:03,14.52,2.63
2024-01-23 00:31:30,14.38,2.75
2024-01-23 00:34:00,7.1,1.42
2024-01-23 00:36:25,4.55,1.4
2024-01-23 00:38:53,8.6,2.8
2024-01-23 00:41:18,10.95,2.08
2024-01-23 00:43:46,12.18,2.72
2024-01-23 00:46:11,9.1,2.67
2024-01-23 00:48:37,15.9,2.2
2024-01-23 00:51:02,9.77,3.28
2024-01-23 00:53:30,7.93,1.85
2024-01-23 00:58:30,6.6,2.25
2024-01-23 01:00:55,5.3,1.9
2024-01-23 01:03:23,7.1,2.15
2024-01-23 01:05:48,9.68,2.0
2024-01-23 01:08:21,13.32,2.3
2024-01-23 01:10:48,5.45,1.92
2024-01-23 01:13:14,7.82,2.0
2024-01-23 01:15:40,11.2,2.7
2024-01-23 01:18:05,4.22,1.7
2024-01-23 01:20:32,10.7,2.3
2024-01-23 01:23:00,10.57,2.67
2024-01-23 01:25:28,10.68,1.35
2024-01-23 01:27:54,9.3,2.58
2024-01-23 01:30:20,6.93,1.9
2024-01-23 01:32:49,7.88,2.45
2024-01-23 01:35:14,8.38,2.85
2024-01-23 01:37:42,8.5,1.58
2024-01-23 01:40:10,10.38,1.73
2024-01-23 01:42:36,9.45,2.0
2024-01-23 01:45:02,6.68,1.7
2024-01-23 01:47:28,6.4,1.67
2024-01-23 01:52:22,9.27,2.0
2024-01-23 01:54:48,8.0,1.63
2024-01-23 01:57:16,8.98,2.08
2024-01-23 01:59:48,10.38,2.42
2024-01-23 02:02:14,11.4,2.38
2024-01-23 02:07:05,8.5,2.25
2024-01-23 02:09:31,10.6,2.5
2024-01-23 02:12:00,10.48,2.83
2024-01-23 02:14:26,8.52,2.1
2024-01-23 02:16:54,11.85,2.47
2024-01-23 02:19:19,8.75,1.67
2024-01-23 02:21:45,8.75,1.83
2024-01-23 02:24:10,7.75,2.0
2024-01-23 02:26:36,8.77,1.45
2024-01-23 02:29:01,6.28,1.6
2024-01-23 02:31:26,10.27,2.17
2024-01-23 02:33:55,10.63,1.9
2024-01-23 02:36:20,3.67,1.7
2024-01-23 02:38:48,7.32,1.83
2024-01-23 02:41:13,6.55,1.25
2024-01-23 02:43:41,6.78,2.0
2024-01-23 02:46:11,6.65,1.63
2024-01-23 02:48:38,10.02,1.77
2024-01-23 02:51:06,7.03,1.75
2024-01-23 02:53:31,16.63,3.2
2024-01-23 02:56:04,6.35,1.75
2024-01-23 02:58:34,5.8,2.13
2024-01-23 03:01:01,6.1,1.2
2024-01-23 03:03:29,9.1,2.2
2024-01-23 03:05:57,7.88,1.63
2024-01-23 03:08:22,8.9,2.08
2024-01-23 03:10:48,6.28,1.73
2024-01-23 03:13:14,7.6,2.05
2024-01-23 03:15:44,10.9,2.2
2024-01-23 03:20:39,8.2,1.43
2024-01-23 03:23:05,6.6,1.52
2024-01-23 03:25:30,4.88,1.42
2024-01-23 03:27:55,8.68,2.22
2024-01-23 03:30:28,10.75,1.9
2024-01-23 03:32:57,9.25,1.77
2024-01-23 03:35:23,14.18,2.2
2024-01-23 03:40:15,2.97,1.25
2024-01-23 03:42:41,8.5,2.0
2024-01-23 03:45:06,9.02,1.63
2024-01-23 03:47:36,10.02,2.15
2024-01-23 03:50:03,6.4,1.6
2024-01-23 03:52:29,7.5,2.1
2024-01-23 03:54:55,9.57,3.53
2024-01-23 03:57:20,8.63,2.08
2024-01-23 03:59:49,4.75,1.1
2024-01-23 04:02:15,4.53,1.52
2024-01-23 04:04:43,5.4,1.83
2024-01-23 04:07:08,10.05,2.08
2024-01-23 04:09:33,7.65,1.9
2024-01-23 04:12:01,9.5,2.17
2024-01-23 04:14:26,6.2,1.92
2024-01-23 04:16:54,6.85,2.03
2024-01-23 04:19:20,9.48,2.33
2024-01-23 04:21:45,7.35,2.1
2024-01-23 04:24:11,6.0,2.45
2024-01-23 04:26:37,3.72,1.63
2024-01-23 04:29:09,7.97,2.5
2024-01-23 04:31:37,9.02,2.15
2024-01-23 04:34:02,5.57,1.9
2024-01-23 04:36:28,10.8,2.35
2024-01-23 04:38:53,4.15,1.0
2024-01-23 04:41:21,8.63,2.15
2024-01-23 04:43:49,7.22,2.22
2024-01-23 04:46:15,9.18,2.42
2024-01-23 04:48:40,8.43,1.95
2024-01-23 04:51:12,9.15,2.4
2024-01-23 04:53:37,8.45,2.4
2024-01-23 04:56:03,6.93,2.0
2024-01-23 04:58:28,5.47,1.7
2024-01-23 05:00:54,10.18,2.3
2024-01-23 05:03:20,10.6,2.7
2024-01-23 05:05:48,9.5,2.22
2024-01-23 05:08:14,11.68,3.3
2024-01-23 05:10:41,9.48,2.67
2024-01-23 05:13:08,15.82,2.7
2024-01-23 05:15:36,4.13,1.8
2024-01-23 05:18:02,6.38,1.85
2024-01-23 05:20:34,10.1,3.05
2024-01-23 05:23:03,5.43,2.05
2024-01-23 05:25:34,10.7,2.05
2024-01-23 05:28:00,9.82,1.8
2024-01-23 05:30:28,9.45,2.0
2024-01-23 05:32:53,7.22,2.63
2024-01-23 05:35:19,13.1,2.67
2024-01-23 05:37:44,10.15,2.42
2024-01-23 05:40:12,13.48,2.4
2024-01-23 05:42:40,13.23,2.55
2024-01-23 05:45:06,9.13,2.2
2024-01-23 05:47:31,8.85,2.5
2024-01-23 05:49:57,5.32,1.4
2024-01-23 05:52:24,6.03,2.2
2024-01-23 05:54:50,9.43,2.0
2024-01-23 05:57:18,10.0,2.17
2024-01-23 05:59:44,9.98,2.28
2024-01-23 06:02:09,6.38,2.05
2024-01-23 06:04:34,7.97,2.0
2024-01-23 06:07:06,8.95,2.38
2024-01-23 06:09:32,7.7,1.95
2024-01-23 06:11:58,10.0,1.98
2024-01-23 06:14:25,14.23,2.63
2024-01-23 06:16:51,18.05,3.8
2024-01-23 06:19:17,16.48,3.03
2024-01-23 06:21:43,7.05,1.6
2024-01-23 06:24:08,9.23,1.95
2024-01-23 06:26:37,6.47,2.22
2024-01-23 06:29:05,6.53,2.38
2024-01-23 06:31:30,7.55,1.5
2024-01-23 06:33:58,7.78,2.13
2024-01-23 06:36:23,8.25,1.92
2024-01-23 06:38:49,14.02,2.47
2024-01-23 06:41:14,11.88,2.0
2024-01-23 06:43:40,8.5,2.45
2024-01-23 06:46:05,10.65,2.3
2024-01-23 06:48:33,8.43,1.8
2024-01-23 06:51:03,6.57,2.15
2024-01-23 06:53:29,9.13,2.15
2024-01-23 06:55:54,6.65,1.85
2024-01-23 06:58:19,3.42,1.38
2024-01-23 07:00:45,6.32,1.65
2024-01-23 07:03:15,4.32,1.58
2024-01-23 07:05:43,8.27,2.33
2024-01-23 07:08:08,3.47,1.45
2024-01-23 07:10:33,9.95,2.13
2024-01-23 07:12:59,11.68,2.33
2024-01-23 07:15:27,8.48,2.7
2024-01-23 07:17:55,7.95,2.3
2024-01-23 07:20:21,10.63,2.3
2024-01-23 07:22:48,11.77,2.8
2024-01-23 07:25:16,6.4,1.8
2024-01-23 07:27:42,5.97,2.47
2024-01-23 07:30:07,10.57,2.15
2024-01-23 07:32:33,7.63,1.75
2024-01-23 07:35:01,7.53,1.8
2024-01-23 07:37:27,9.68,2.58
2024-01-23 07:39:53,12.9,2.63
2024-01-23 07:42:18,8.3,2.55
2024-01-23 07:44:46,9.73,2.35
2024-01-23 07:47:14,7.68,2.53
2024-01-23 07:49:40,9.43,2.53
2024-01-23 07:52:06,8.82,2.5
2024-01-23 07:54:31,12.4,1.98
2024-01-23 07:57:03,7.3,2.4
2024-01-23 07:59:31,9.3,2.7
2024-01-23 08:01:59,12.07,3.2
2024-01-23 08:04:29,9.15,1.8
2024-01-23 08:06:54,10.63,3.13
2024-01-23 08:09:20,10.85,3.08
2024-01-23 08:11:50,10.13,2.38
2024-01-23 08:14:18,11.65,3.0
2024-01-23 08:16:43,7.78,2.2
2024-01-23 08:19:09,8.1,2.85
2024-01-23 08:21:35,11.2,4.13
2024-01-23 08:24:00,9.23,3.47
2024-01-23 08:26:26,21.65,3.85
2024-01-23 08:28:51,13.55,3.22
2024-01-23 08:31:21,10.15,2.78
2024-01-23 08:33:49,10.5,3.28
2024-01-23 08:36:15,9.25,2.15
2024-01-23 08:38:40,7.63,2.9
2024-01-23 08:41:06,7.65,2.55
2024-01-23 08:43:32,6.47,2.4
2024-01-23 08:46:01,9.32,2.47
2024-01-23 08:48:31,13.0,3.28
2024-01-23 08:50:57,12.25,2.45
2024-01-23 08:53:27,9.02,1.75
2024-01-23 08:55:52,12.1,2.85
2024-01-23 09:00:44,6.37,1.93
2024-01-23 09:03:10,11.38,2.2
2024-01-23 09:05:37,10.52,3.67
2024-01-23 09:08:06,10.77,2.4
2024-01-23 09:10:33,16.52,3.95
2024-01-23 09:13:01,10.82,2.6
2024-01-23 09:15:31,9.35,2.53
2024-01-23 09:17:57,8.73,2.63
2024-01-23 09:20:22,13.07,3.47
2024-01-23 09:22:48,12.35,2.95
2024-01-23 09:25:16,13.77,2.8
2024-01-23 09:27:47,9.65,3.1
2024-01-23 09:30:14,10.5,2.6
2024-01-23 09:32:41,8.63,2.5
2024-01-23 09:35:07,11.77,3.3
2024-01-23 09:37:37,13.05,2.97
2024-01-23 09:40:02,9.68,2.9
2024-01-23 09:42:31,13.13,3.25
2024-01-23 09:45:00,15.52,3.38
2024-01-23 09:49:58,16.45,4.3
2024-01-23 09:52:24,11.65,2.58
2024-01-23 09:54:53,10.98,2.47
2024-01-23 09:57:24,14.7,3.63
2024-01-23 09:59:49,16.52,3.3
2024-01-23 10:02:16,9.63,2.6
2024-01-23 10:07:10,10.97,2.7
2024-01-23 10:09:35,14.45,4.75
2024-01-23 10:12:04,16.0,3.6
2024-01-23 10:16:55,7.33,2.7
2024-01-23 10:19:23,12.98,3.5
2024-01-23 10:21:48,13.38,3.53
2024-01-23 10:24:20,16.17,3.75
2024-01-23 10:26:50,15.8,3.6
2024-01-23 10:29:20,11.25,3.42
2024-01-23 10:31:47,9.68,3.45
2024-01-23 10:34:12,12.2,2.97
2024-01-23 10:36:43,13.52,3.0
2024-01-23 10:39:09,14.82,3.38
2024-01-23 10:41:37,25.0,3.92
2024-01-23 10:44:09,13.65,3.28
2024-01-23 10:46:38,11.8,2.7
2024-01-23 10:49:06,6.75,3.05
2024-01-23 10:51:34,12.3,2.83
2024-01-23 10:54:08,14.43,4.32
2024-01-23 10:56:47,11.2,3.22
2024-01-23 10:59:20,9.0,3.17
2024-01-23 11:01:51,14.1,3.83
2024-01-23 11:04:21,11.73,3.42
2024-01-23 11:06:52,10.0,2.45
2024-01-23 11:09:32,8.3,2.75
2024-01-23 11:12:06,9.0,3.05
2024-01-23 11:15:09,11.5,2.85
2024-01-23 11:17:37,13.45,2.7
2024-01-23 11:22:32,8.35,1.83
2024-01-23 11:25:01,6.97,2.45
2024-01-23 11:27:29,10.18,3.25
2024-01-23 11:29:58,10.7,2.85
2024-01-23 11:32:29,8.85,2.58
2024-01-23 11:35:01,10.93,3.33
2024-01-23 11:39:58,7.93,2.88
2024-01-23 11:42:33,15.18,3.03
2024-01-23 11:45:24,12.18,3.38
2024-01-23 11:47:56,11.48,2.47
2024-01-23 11:50:26,10.82,2.92
2024-01-23 11:52:52,8.65,2.92
2024-01-23 11:55:19,9.73,2.78
2024-01-23 11:57:51,9.1,2.6
2024-01-23 12:00:20,10.32,4.55
2024-01-23 12:02:47,12.48,3.5
2024-01-23 12:05:16,11.5,4.13
2024-01-23 12:07:44,12.5,3.0
2024-01-23 12:10:11,10.75,3.38
2024-01-23 12:12:40,14.2,3.17
2024-01-23 12:15:07,15.93,4.3
2024-01-23 12:17:35,12.82,2.97
2024-01-23 12:20:07,5.63,2.6
2024-01-23 12:22:35,11.02,2.83
2024-01-23 12:25:06,12.4,2.88
2024-01-23 12:27:36,9.5,3.2
2024-01-23 12:30:05,14.25,3.7
2024-01-23 12:32:36,17.48,3.95
2024-01-23 12:35:06,8.65,3.1
2024-01-23 12:37:32,14.45,3.47
2024-01-23 12:40:01,11.15,2.88
2024-01-23 12:42:36,8.6,2.9
2024-01-23 12:45:08,10.65,3.05
2024-01-23 12:47:38,13.25,3.42
2024-01-23 12:50:05,6.93,2.15
2024-01-23 12:52:31,9.63,2.67
2024-01-23 12:54:56,12.73,3.6
2024-01-23 12:57:22,10.05,2.92
2024-01-23 12:59:49,12.27,3.03
2024-01-23 13:02:15,8.07,2.85
2024-01-23 13:04:40,10.65,3.0
2024-01-23 13:07:06,14.65,3.63
2024-01-23 13:09:33,11.98,2.55
2024-01-23 13:12:01,9.18,2.83
2024-01-23 13:14:27,12.85,2.97
2024-01-23 13:16:56,10.4,2.6
2024-01-23 13:19:21,14.65,2.53
2024-01-23 13:21:49,7.13,2.28
2024-01-23 13:24:15,8.38,2.05
2024-01-23 13:26:43,16.7,3.0
2024-01-23 13:29:13,13.95,2.8
2024-01-23 13:31:39,6.75,2.65
2024-01-23 13:34:08,8.95,2.95
2024-01-23 13:36:33,7.95,2.38
2024-01-23 13:39:00,13.32,2.25
2024-01-23 13:43:51,9.2,2.43
2024-01-23 13:46:16,8.3,2.6
2024-01-23 13:48:47,8.7,2.28
2024-01-23 13:51:14,10.23,2.58
2024-01-23 13:53:40,8.88,2.42
2024-01-23 13:56:06,11.93,2.15
2024-01-23 13:58:32,6.95,1.85
2024-01-23 14:00:57,8.02,2.42
2024-01-23 14:03:25,11.9,2.67
2024-01-23 14:05:50,11.15,2.67
2024-01-23 14:08:16,10.25,2.83
2024-01-23 14:10:44,9.77,2.28
2024-01-23 14:13:14,8.05,2.33
2024-01-23 14:15:39,7.7,1.73
2024-01-23 14:18:07,10.98,3.0
2024-01-23 14:20:33,10.68,3.58
2024-01-23 14:23:01,9.82,2.13
2024-01-23 14:25:26,6.25,1.92
2024-01-23 14:27:54,5.55,1.98
2024-01-23 14:30:20,8.02,1.6
2024-01-23 14:32:48,7.38,2.13
2024-01-23 14:35:13,7.75,2.15
2024-01-23 14:37:41,9.55,3.45
2024-01-23 14:40:09,13.85,2.65
2024-01-23 14:42:35,10.18,2.63
2024-01-23 14:45:01,9.5,2.55
2024-01-23 14:47:27,10.2,2.95
2024-01-23 14:49:55,15.7,2.63
2024-01-23 14:52:23,12.2,2.1
2024-01-23 14:54:51,14.57,2.72
2024-01-23 14:57:16,10.07,3.22
2024-01-23 14:59:42,10.65,2.63
2024-01-23 15:02:12,8.93,2.4
2024-01-23 15:04:40,8.77,2.53
2024-01-23 15:07:05,9.68,2.1
2024-01-23 15:09:31,9.3,1.92
2024-01-23 15:11:59,9.32,2.22
2024-01-23 15:14:24,6.7,2.67
2024-01-23 15:16:52,11.15,2.53
2024-01-23 15:19:17,9.77,2.42
2024-01-23 15:21:47,4.47,1.73
2024-01-23 15:24:18,11.45,2.38
2024-01-23 15:26:45,6.72,2.28
2024-01-23 15:29:14,9.63,2.22
2024-01-23 15:31:41,9.7,2.05
2024-01-23 15:34:06,8.23,1.88
2024-01-23 15:36:34,9.05,2.28
2024-01-23 15:38:59,15.43,3.4
2024-01-23 15:41:29,13.52,3.0
2024-01-23 15:43:57,12.6,2.45
2024-01-23 15:46:25,6.7,2.9
2024-01-23 15:48:53,12.25,3.42
2024-01-23 15:51:21,10.6,2.67
2024-01-23 15:53:47,11.45,2.45
2024-01-23 15:56:14,7.03,2.4
2024-01-23 15:58:42,9.1,2.53
2024-01-23 16:01:12,11.55,2.42
2024-01-23 16:03:37,12.15,3.45
2024-01-23 16:06:05,11.15,2.45
2024-01-23 16:08:33,13.4,3.42
2024-01-23 16:11:01,12.25,3.8
2024-01-23 16:13:26,13.32,3.88
2024-01-23 16:15:51,13.82,3.08
2024-01-23 16:18:17,10.3,2.95
2024-01-23 16:20:44,6.7,2.95
2024-01-23 16:23:13,15.65,4.7
2024-01-23 16:25:41,6.25,2.58
2024-01-23 16:28:07,11.65,2.75
2024-01-23 16:30:34,9.13,2.8
2024-01-23 16:33:00,7.72,3.2
2024-01-23 16:35:25,13.43,2.83
2024-01-23 16:37:53,13.05,3.15
2024-01-23 16:40:19,8.55,2.78
2024-01-23 16:42:45,10.55,3.25
2024-01-23 16:45:12,7.95,2.97
2024-01-23 16:47:38,11.0,3.0
2024-01-23 16:50:03,7.6,3.3
2024-01-23 16:52:30,10.82,3.13
2024-01-23 16:54:58,8.25,3.3
2024-01-23 16:57:24,12.3,3.22
2024-01-23 16:59:49,12.05,3.05
2024-01-23 17:02:17,10.1,2.97
2024-01-23 17:04:42,12.32,2.92
2024-01-23 17:07:08,11.5,3.28
2024-01-23 17:09:35,9.38,2.88
2024-01-23 17:12:01,9.27,2.78
2024-01-23 17:14:26,13.7,3.67
2024-01-23 17:16:52,14.68,3.53
2024-01-23 17:19:20,7.9,2.33
2024-01-23 17:21:48,12.07,3.63
2024-01-23 17:24:14,6.7,2.47
2024-01-23 17:26:40,10.0,3.13
2024-01-23 17:29:05,9.38,3.47
2024-01-23 17:31:31,7.8,2.97
2024-01-23 17:33:56,7.25,2.6
2024-01-23 17:36:28,10.13,2.97
2024-01-23 17:38:54,8.75,2.72
2024-01-23 17:41:24,8.13,3.17
2024-01-23 17:43:54,12.0,3.9
2024-01-23 17:46:22,12.25,3.92
2024-01-23 17:48:50,11.27,3.78
2024-01-23 17:51:15,14.45,4.9
2024-01-23 17:53:43,14.05,4.07
2024-01-23 17:56:12,16.08,4.85
2024-01-23 17:58:37,12.1,4.8
2024-01-23 18:01:02,14.07,4.93
2024-01-23 18:03:30,10.8,4.93
2024-01-23 18:05:58,13.57,4.57
2024-01-23 18:08:24,10.88,3.88
2024-01-23 18:10:49,6.03,3.53
2024-01-23 18:13:17,6.78,3.2
2024-01-23 18:15:42,8.27,3.03
2024-01-23 18:18:08,6.93,2.95
2024-01-23 18:20:33,9.43,3.45
2024-01-23 18:22:58,10.13,4.45
2024-01-23 18:25:27,9.5,3.13
2024-01-23 18:27:54,9.38,3.45
2024-01-23 18:30:22,9.43,2.92
2024-01-23 18:32:47,12.9,3.8
2024-01-23 18:35:15,10.45,3.22
2024-01-23 18:37:40,7.82,3.53
2024-01-23 18:40:06,7.82,2.65
2024-01-23 18:42:33,8.52,3.63
2024-01-23 18:44:58,6.38,2.58
2024-01-23 18:47:24,6.05,2.9
2024-01-23 18:49:49,5.8,2.42
2024-01-23 18:52:18,2.75,2.05
2024-01-23 18:54:44,5.45,1.8
2024-01-23 18:57:09,3.35,1.73
2024-01-23 18:59:35,3.22,1.45
2024-01-23 19:02:00,4.2,1.58
2024-01-23 19:04:28,2.33,1.75
2024-01-23 19:06:53,6.43,1.73
2024-01-23 19:09:19,2.38,1.23
2024-01-23 19:11:45,4.8,1.2
2024-01-23 19:14:11,7.75,1.4
2024-01-23 19:16:36,5.03,1.5
2024-01-23 19:19:02,5.7,1.5
2024-01-23 19:21:29,3.75,1.42
2024-01-23 19:23:54,3.85,1.25
2024-01-23 19:26:20,2.45,1.0
2024-01-23 19:28:46,2.2,1.23
2024-01-23 19:31:12,2.6,1.42
2024-01-23 19:33:40,5.2,1.23
2024-01-23 19:36:06,3.97,1.27
2024-01-23 19:38:32,4.07,1.25
2024-01-23 19:40:57,4.43,1.5
2024-01-23 19:43:27,7.25,1.75
2024-01-23 19:45:52,3.6,1.38
2024-01-23 19:48:20,3.03,1.45
2024-01-23 19:50:46,6.13,1.3
2024-01-23 19:53:11,3.17,1.27
2024-01-23 19:55:36,4.97,1.08
2024-01-23 19:58:02,4.63,1.85
2024-01-23 20:00:27,4.32,1.3
2024-01-23 20:02:53,4.1,1.35
2024-01-23 20:05:18,3.63,1.0
2024-01-23 20:07:44,4.47,1.17
2024-01-23 20:10:09,3.75,1.42
2024-01-23 20:12:35,2.72,1.1
2024-01-23 20:15:01,3.13,1.25
2024-01-23 20:17:27,1.38,1.2
2024-01-23 20:19:58,3.63,1.15
2024-01-23 20:22:24,2.3,0.95
2024-01-23 20:24:49,5.68,1.85
2024-01-23 20:27:17,4.25,1.1
2024-01-23 20:29:43,1.65,0.95
2024-01-23 20:32:08,6.13,1.65
2024-01-23 20:34:39,5.47,1.52
2024-01-23 20:37:05,1.45,0.8
2024-01-23 20:39:31,2.33,1.42
2024-01-23 20:41:56,4.68,1.7
2024-01-23 20:44:26,2.92,1.23
2024-01-23 20:46:52,2.6,1.4
2024-01-23 20:49:20,5.28,1.5
2024-01-23 20:51:48,4.13,1.27
2024-01-23 20:54:14,2.4,1.13
2024-01-23 20:56:39,2.6,1.1
2024-01-23 20:59:07,5.57,1.23
2024-01-23 21:01:33,3.08,1.42
2024-01-23 21:03:58,2.42,1.0
2024-01-23 21:06:26,2.42,1.2
2024-01-23 21:08:56,3.13,1.27
2024-01-23 21:11:22,2.85,1.4
2024-01-23 21:13:52,4.72,1.4
2024-01-23 21:16:17,4.2,1.5
2024-01-23 21:18:43,2.3,1.0
2024-01-23 21:21:08,2.42,1.45
2024-01-23 21:23:36,7.32,1.42
2024-01-23 21:26:06,3.75,1.6
2024-01-23 21:28:32,3.88,0.98
2024-01-23 21:30:59,3.45,1.35
2024-01-23 21:33:29,2.6,1.52
2024-01-23 21:35:55,1.9,1.27
2024-01-23 21:38:22,3.6,1.13
2024-01-23 21:40:48,2.35,1.17
2024-01-23 21:43:13,2.78,1.63
2024-01-23 21:45:41,0.75,0.75
2024-01-23 21:48:07,1.98,1.1
2024-01-23 21:50:32,1.55,0.88
2024-01-23 21:53:00,1.0,0.9
2024-01-23 21:55:26,2.85,1.23
2024-01-23 21:57:54,1.63,1.2
2024-01-23 22:00:20,2.75,0.98
2024-01-23 22:02:45,2.67,1.0
2024-01-23 22:05:13,1.83,0.8
2024-01-23 22:07:38,1.27,0.82
2024-01-23 22:10:04,2.72,0.9
2024-01-23 22:12:33,1.42,0.9
2024-01-23 22:14:58,2.5,0.8
2024-01-23 22:17:26,1.2,0.75
2024-01-23 22:19:52,1.38,0.8
2024-01-23 22:22:19,0.98,0.82
2024-01-23 22:24:46,0.85,0.5
2024-01-23 22:27:11,0.68,0.55
2024-01-23 22:32:02,1.3,0.9
2024-01-23 22:34:30,1.9,0.7
2024-01-23 22:36:55,2.22,0.9
2024-01-23 22:39:20,1.17,0.73
2024-01-23 22:41:46,0.93,0.7
2024-01-23 22:46:44,1.95,0.43
2024-01-23 22:49:09,1.0,0.7
2024-01-23 22:51:37,2.28,0.7
2024-01-23 22:54:02,0.75,0.57
2024-01-23 22:56:30,1.88,0.5
2024-01-23 22:58:55,1.35,0.65
2024-01-23 23:01:27,1.63,0.55
2024-01-23 23:03:53,0.77,0.4
2024-01-23 23:06:18,1.8,0.52
2024-01-23 23:08:47,1.4,0.5
2024-01-23 23:11:12,0.32,0.32
2024-01-23 23:13:40,1.75,0.5
2024-01-23 23:16:06,1.08,0.8
2024-01-23 23:18:32,2.28,0.65
2024-01-23 23:23:23,0.55,0.55
2024-01-23 23:25:53,2.42,0.5
2024-01-23 23:28:23,1.85,0.73
2024-01-23 23:30:51,3.72,0.8
2024-01-23 23:33:19,0.85,0.6
2024-01-23 23:35:45,1.38,0.5
2024-01-23 23:38:12,1.55,0.7
2024-01-23 23:40:38,1.25,0.55
2024-01-23 23:43:08,2.05,0.5
2024-01-23 23:45:34,2.33,0.73
2024-01-23 23:50:24,1.8,0.6
2024-01-23 23:52:52,2.38,0.55
2024-01-23 23:55:20,1.42,0.5
2024-01-23 23:57:47,2.0,0.65
2024-01-24 00:00:13,0.98,0.4
2024-01-24 00:02:42,1.4,0.52
2024-01-24 00:05:13,1.55,0.5
2024-01-24 00:07:39,0.7,0.52
2024-01-24 00:10:10,1.67,0.75
2024-01-24 00:12:38,3.05,0.68
2024-01-24 00:15:04,0.73,0.52
2024-01-24 00:17:35,1.5,0.5
2024-01-24 00:20:00,0.75,0.43
2024-01-24 00:22:26,0.98,0.5
2024-01-24 00:24:51,0.68,0.4
2024-01-24 00:27:19,4.72,0.63
2024-01-24 00:29:45,1.23,0.4
2024-01-24 00:32:12,1.52,0.47
2024-01-24 00:34:38,0.4,0.2
2024-01-24 00:37:04,1.1,0.4
2024-01-24 00:39:33,1.27,0.52
2024-01-24 00:41:58,1.85,0.5
2024-01-24 00:44:24,0.32,0.22
2024-01-24 00:46:50,1.13,0.2
2024-01-24 00:49:18,0.8,0.4
2024-01-24 00:51:49,0.9,0.45
2024-01-24 00:54:15,3.05,0.5
2024-01-24 00:56:40,0.63,0.2
2024-01-24 01:01:31,0.4,0.4
2024-01-24 01:06:21,1.0,0.43
2024-01-24 01:08:47,0.8,0.43
2024-01-24 01:11:13,1.08,0.6
2024-01-24 01:16:04,0.5,0.5
2024-01-24 01:18:32,0.7,0.7
2024-01-24 01:20:57,2.0,0.77
2024-01-24 01:23:25,1.95,0.7
2024-01-24 01:25:50,0.73,0.45
2024-01-24 01:28:16,2.3,0.7
2024-01-24 01:30:41,1.27,0.68
2024-01-24 01:35:32,1.27,0.53
2024-01-24 01:37:58,0.68,0.52
2024-01-24 01:40:26,2.65,0.77
2024-01-24 01:42:51,2.03,0.93
2024-01-24 01:45:19,2.7,0.8
2024-01-24 01:47:50,4.05,1.15
2024-01-24 01:50:16,3.72,0.6
2024-01-24 01:52:44,2.2,0.7
2024-01-24 01:55:11,3.15,0.82
2024-01-24 01:57:41,3.63,1.17
2024-01-24 02:00:08,1.98,0.68
2024-01-24 02:02:36,3.17,1.0
2024-01-24 02:05:02,2.92,0.75
2024-01-24 02:07:28,2.45,0.65
2024-01-24 02:09:56,3.38,1.1
2024-01-24 02:12:22,2.47,0.75
2024-01-24 02:17:12,4.43,1.1
2024-01-24 02:19:38,5.35,1.2
2024-01-24 02:22:06,3.72,1.5
2024-01-24 02:24:32,7.3,1.55
2024-01-24 02:26:59,7.22,1.7
2024-01-24 02:29:25,5.53,1.7
2024-01-24 02:34:15,5.27,1.73
2024-01-24 02:36:46,7.35,1.8
2024-01-24 02:39:11,10.5,1.92
2024-01-24 02:41:39,9.45,1.7
2024-01-24 02:44:07,5.88,2.13
2024-01-24 02:46:35,6.6,1.77
2024-01-24 02:49:05,6.07,1.6
2024-01-24 02:51:32,5.7,2.03
2024-01-24 02:54:01,8.13,2.38
2024-01-24 02:56:26,6.75,1.65
2024-01-24 02:58:51,8.55,3.03
2024-01-24 03:01:20,9.3,2.8
2024-01-24 03:03:46,12.13,2.72
2024-01-24 03:06:13,16.2,3.42
2024-01-24 03:08:52,12.1,2.55
2024-01-24 03:11:24,14.8,2.1
2024-01-24 03:13:49,7.25,2.38
2024-01-24 03:16:18,7.43,1.85
2024-01-24 03:18:45,12.77,3.08
2024-01-24 03:21:16,10.02,2.7
2024-01-24 03:23:42,12.45,3.13
2024-01-24 03:26:08,13.0,3.33
2024-01-24 03:28:36,9.75,2.78
2024-01-24 03:31:02,10.02,2.1
2024-01-24 03:35:55,11.75,3.03
2024-01-24 03:38:20,14.15,2.8
2024-01-24 03:40:46,16.2,3.97
2024-01-24 03:43:14,20.17,3.58
2024-01-24 03:45:47,18.35,3.8
2024-01-24 03:48:12,16.02,4.13
2024-01-24 03:50:38,7.85,2.45
2024-01-24 03:53:03,17.27,3.83
2024-01-24 03:55:29,7.38,2.47
2024-01-24 03:57:57,17.27,3.95
2024-01-24 04:00:23,17.4,3.28
2024-01-24 04:02:49,14.43,3.25
2024-01-24 04:05:14,16.1,3.42
2024-01-24 04:07:41,20.6,3.85
2024-01-24 04:10:07,20.02,3.9
2024-01-24 04:12:33,21.27,5.35
2024-01-24 04:15:01,17.38,4.03
2024-01-24 04:17:26,18.27,5.07
2024-01-24 04:19:51,16.83,4.6
2024-01-24 04:22:19,21.7,5.95
2024-01-24 04:24:45,15.0,4.35
2024-01-24 04:27:12,22.73,4.5
2024-01-24 04:29:38,17.98,3.4
2024-01-24 04:34:28,21.02,4.13
2024-01-24 04:36:56,21.73,5.22
2024-01-24 04:39:22,18.33,4.82
2024-01-24 04:41:47,19.27,3.95
2024-01-24 04:44:18,26.08,5.05
2024-01-24 04:46:49,25.08,4.38
2024-01-24 04:49:14,18.77,3.6
2024-01-24 04:51:39,19.95,5.13
2024-01-24 04:54:05,21.08,4.13
2024-01-24 04:56:31,18.05,3.83
2024-01-24 04:59:00,18.88,4.93
2024-01-24 05:01:27,24.13,4.68
2024-01-24 05:03:53,19.95,5.2
2024-01-24 05:08:46,16.35,4.6
2024-01-24 05:11:12,25.1,4.65
2024-01-24 05:13:37,17.35,4.03
2024-01-24 05:16:02,21.9,4.25
2024-01-24 05:18:28,28.6,5.03
2024-01-24 05:20:53,19.67,4.53
2024-01-24 05:23:19,22.15,5.4
2024-01-24 05:25:46,23.15,4.1
2024-01-24 05:28:13,17.85,3.92
2024-01-24 05:30:38,28.35,4.93
2024-01-24 05:33:09,25.05,5.68
2024-01-24 05:35:36,16.73,4.03
2024-01-24 05:38:02,29.7,6.03
2024-01-24 05:40:27,16.52,3.9
2024-01-24 05:42:52,21.88,4.68
2024-01-24 05:45:18,22.17,4.35
2024-01-24 05:50:12,23.27,4.17
2024-01-24 05:52:39,16.85,5.2
2024-01-24 05:55:08,20.2,4.5
2024-01-24 05:57:35,18.63,4.75
2024-01-24 06:00:03,20.33,5.0
2024-01-24 06:02:29,24.42,5.3
2024-01-24 06:04:56,25.6,4.38
2024-01-24 06:07:22,18.8,5.38
2024-01-24 06:09:47,24.13,4.43
2024-01-24 06:12:17,23.42,4.63
2024-01-24 06:14:43,23.88,4.5
2024-01-24 06:17:10,28.7,6.43
2024-01-24 06:19:38,24.33,5.25
2024-01-24 06:22:03,22.35,5.28
2024-01-24 06:24:29,21.8,5.22
2024-01-24 06:26:57,25.85,4.93
2024-01-24 06:29:22,24.85,5.18
2024-01-24 06:31:50,31.88,5.78
2024-01-24 06:34:18,23.17,4.35
2024-01-24 06:36:43,24.73,4.57
2024-01-24 06:39:11,20.67,5.53
2024-01-24 06:41:37,18.35,4.13
2024-01-24 06:44:05,23.48,5.63
2024-01-24 06:46:31,23.2,5.18
2024-01-24 06:48:57,31.88,6.5
2024-01-24 06:51:24,25.63,5.47
2024-01-24 06:53:54,25.08,5.3
2024-01-24 06:56:20,28.9,5.32
2024-01-24 06:58:47,24.3,5.45
2024-01-24 07:01:13,26.45,6.57
2024-01-24 07:03:38,21.33,4.55
2024-01-24 07:06:03,24.58,4.65
2024-01-24 07:08:31,22.8,4.3
2024-01-24 07:11:02,22.38,5.22
2024-01-24 07:13:28,20.42,4.53
2024-01-24 07:15:55,21.75,5.55
2024-01-24 07:18:25,29.13,5.78
2024-01-24 07:23:16,17.27,3.6
2024-01-24 07:25:46,21.58,6.28
2024-01-24 07:28:14,29.08,5.63
2024-01-24 07:30:45,20.73,3.95
2024-01-24 07:33:13,24.38,5.38
2024-01-24 07:35:44,18.17,4.53
2024-01-24 07:38:09,15.43,3.72
2024-01-24 07:40:35,24.92,5.15
2024-01-24 07:43:02,23.5,4.93
2024-01-24 07:45:27,20.83,5.25
2024-01-24 07:47:53,25.77,5.45
2024-01-24 07:50:21,27.33,4.85
2024-01-24 07:52:46,22.23,3.92
2024-01-24 07:55:12,24.98,4.03
2024-01-24 07:57:41,23.5,5.4
2024-01-24 08:00:09,21.35,4.9
2024-01-24 08:02:41,34.42,6.25
2024-01-24 08:05:11,25.92,4.85
2024-01-24 08:07:42,15.93,4.53
2024-01-24 08:10:07,24.63,6.25
2024-01-24 08:12:38,29.02,5.55
2024-01-24 08:15:09,28.42,4.93
2024-01-24 08:17:35,16.63,4.4
2024-01-24 08:20:04,29.27,4.88
2024-01-24 08:22:34,25.33,5.4
2024-01-24 08:27:25,25.13,5.75
2024-01-24 08:29:53,21.1,4.78
2024-01-24 08:32:19,27.63,5.88
2024-01-24 08:34:47,20.38,4.68
2024-01-24 08:37:12,26.9,5.05
2024-01-24 08:39:39,23.45,4.35
2024-01-24 08:42:05,21.55,6.2
2024-01-24 08:44:33,25.35,6.93
2024-01-24 08:47:00,34.7,6.7
2024-01-24 08:49:28,21.17,5.38
2024-01-24 08:51:55,29.15,6.13
2024-01-24 08:54:23,21.05,5.03
2024-01-24 08:56:51,22.8,5.05
2024-01-24 08:59:19,19.1,5.18
2024-01-24 09:01:49,30.98,5.63
2024-01-24 09:04:22,22.98,5.25
2024-01-24 09:06:53,19.65,4.3
2024-01-24 09:09:19,23.48,5.05
2024-01-24 09:11:46,17.67,4.03
2024-01-24 09:14:14,14.88,4.32
2024-01-24 09:16:42,28.15,6.15
2024-01-24 09:19:08,22.17,3.9
2024-01-24 09:21:33,21.65,4.72
2024-01-24 09:23:59,20.65,5.18
2024-01-24 09:26:26,16.83,4.95
2024-01-24 09:28:56,25.55,4.88
2024-01-24 09:31:24,34.67,6.6
2024-01-24 09:33:52,23.88,5.05
2024-01-24 09:36:18,21.88,5.15
2024-01-24 09:41:13,21.9,5.22
2024-01-24 09:43:45,24.35,4.03
2024-01-24 09:46:14,21.3,5.75
2024-01-24 09:48:44,22.27,5.35
2024-01-24 09:51:11,31.92,5.55
2024-01-24 09:53:41,23.98,5.9
2024-01-24 09:56:12,28.15,5.35
2024-01-24 09:58:41,21.92,4.2
2024-01-24 10:01:10,21.65,5.53
2024-01-24 10:03:39,23.73,6.03
2024-01-24 10:06:07,25.85,5.6
2024-01-24 10:08:34,21.4,4.6
2024-01-24 10:11:03,36.63,7.32
2024-01-24 10:13:29,28.52,5.97
2024-01-24 10:15:55,19.17,4.2
2024-01-24 10:18:21,24.92,5.28
2024-01-24 10:20:48,21.17,5.88
2024-01-24 10:23:14,20.52,4.15
2024-01-24 10:25:40,28.7,6.72
2024-01-24 10:28:14,25.73,5.47
2024-01-24 10:30:42,27.0,5.18
2024-01-24 10:33:11,27.02,5.32
2024-01-24 10:35:42,15.35,5.1
2024-01-24 10:38:11,21.6,4.38
2024-01-24 10:40:40,15.43,4.18
2024-01-24 10:43:12,22.05,5.05
2024-01-24 10:45:46,23.95,5.5
2024-01-24 10:48:13,26.67,5.8
2024-01-24 10:50:40,20.73,4.05
2024-01-24 10:53:08,22.25,4.53
2024-01-24 10:55:34,17.2,3.65
2024-01-24 10:58:03,20.6,3.9
2024-01-24 11:00:29,20.38,4.68
2024-01-24 11:02:55,17.23,4.05
2024-01-24 11:10:47,16.98,4.05
2024-01-24 11:13:22,15.5,4.07
2024-01-24 11:15:53,19.2,4.28
2024-01-24 11:18:24,21.13,3.45
2024-01-24 11:20:56,17.0,4.22
2024-01-24 11:25:59,13.95,3.58
2024-01-24 11:28:31,20.73,4.32
2024-01-24 11:30:58,21.27,4.75
2024-01-24 11:33:24,25.1,4.15
2024-01-24 11:35:50,15.05,4.2
2024-01-24 11:43:35,17.1,3.92
2024-01-24 11:46:09,26.4,5.38
2024-01-24 11:48:37,17.92,4.22
2024-01-24 11:51:06,20.2,4.03
2024-01-24 11:53:33,18.85,4.47
2024-01-24 11:56:01,22.08,3.9
2024-01-24 11:58:28,24.65,4.93
2024-01-24 12:00:59,16.23,3.92
2024-01-24 12:03:28,19.6,4.35
2024-01-24 12:05:57,18.4,4.4
2024-01-24 12:08:25,26.13,4.55
2024-01-24 12:10:54,18.73,4.93
2024-01-24 12:13:22,20.7,4.1
2024-01-24 12:15:50,16.83,3.42
2024-01-24 12:18:17,13.63,3.53
2024-01-24 12:20:46,17.3,4.15
2024-01-24 12:23:15,17.35,3.45
2024-01-24 12:25:43,29.5,5.25
2024-01-24 12:28:09,17.13,4.43
2024-01-24 12:30:36,25.42,4.03
2024-01-24 12:33:02,11.5,3.75
2024-01-24 12:35:28,14.35,3.9
2024-01-24 12:38:02,19.88,3.9
2024-01-24 12:40:32,23.05,4.85
2024-01-24 12:42:58,16.8,3.78
2024-01-24 12:45:25,13.9,3.83
2024-01-24 12:47:52,10.95,3.6
2024-01-24 12:50:19,22.9,4.75
2024-01-24 12:52:48,22.2,4.45
2024-01-24 12:55:14,22.77,4.57
2024-01-24 13:00:06,15.5,3.92
2024-01-24 13:02:35,17.3,4.13
2024-01-24 13:05:02,19.13,4.2
2024-01-24 13:07:30,27.45,4.15
2024-01-24 13:09:56,11.9,3.13
2024-01-24 13:12:22,11.95,4.6
2024-01-24 13:14:47,14.75,3.5
2024-01-24 13:17:15,14.8,4.45
2024-01-24 13:19:40,16.15,3.6
2024-01-24 13:22:06,23.13,3.4
2024-01-24 13:24:31,28.55,4.57
2024-01-24 13:26:57,22.25,4.88
2024-01-24 13:29:23,18.52,4.32
2024-01-24 13:31:53,15.7,3.7
2024-01-24 13:34:21,16.7,3.22
2024-01-24 13:36:48,16.08,4.4
2024-01-24 13:39:14,16.73,3.47
2024-01-24 13:41:42,16.13,4.55
2024-01-24 13:44:12,22.7,4.45
2024-01-24 13:46:43,17.7,3.88
2024-01-24 13:49:09,17.88,4.25
2024-01-24 13:51:39,16.67,2.72
2024-01-24 13:54:07,22.38,4.4
2024-01-24 13:56:32,15.32,3.97
2024-01-24 13:58:58,23.95,5.22
2024-01-24 14:01:26,23.33,4.25
2024-01-24 14:03:56,20.13,4.13
2024-01-24 14:06:23,24.05,4.72
2024-01-24 14:08:49,14.25,4.35
2024-01-24 14:11:17,25.45,4.22
2024-01-24 14:13:48,18.88,4.25
2024-01-24 14:16:16,26.0,4.18
2024-01-24 14:18:44,17.85,4.07
2024-01-24 14:21:10,19.9,4.1
2024-01-24 14:23:39,19.13,4.45
2024-01-24 14:26:05,19.38,5.13
2024-01-24 14:28:33,15.8,3.7
2024-01-24 14:30:58,20.5,4.03
2024-01-24 14:33:24,22.65,4.5
2024-01-24 14:35:51,14.95,4.05
2024-01-24 14:38:17,17.15,3.8
2024-01-24 14:40:45,17.17,4.2
2024-01-24 14:43:12,16.75,5.85
2024-01-24 14:45:37,16.4,4.28
2024-01-24 14:48:07,18.48,4.38
2024-01-24 14:50:35,14.25,3.38
2024-01-24 14:53:04,15.35,5.05
2024-01-24 14:55:32,16.52,4.05
2024-01-24 14:58:02,19.5,4.03
2024-01-24 15:00:28,12.8,4.03
2024-01-24 15:02:56,18.0,3.08
2024-01-24 15:05:23,25.65,4.8
2024-01-24 15:07:51,11.4,3.13
2024-01-24 15:10:17,16.27,4.55
2024-01-24 15:12:45,17.98,3.72
2024-01-24 15:15:15,13.98,3.25
2024-01-24 15:17:40,20.5,3.58
2024-01-24 15:20:08,19.48,3.72
2024-01-24 15:22:36,21.52,3.88
2024-01-24 15:25:04,13.35,3.35
2024-01-24 15:27:33,17.8,3.97
2024-01-24 15:30:00,15.65,3.88
2024-01-24 15:32:31,20.33,4.95
2024-01-24 15:34:58,14.57,3.05
2024-01-24 15:37:27,16.77,4.8
2024-01-24 15:39:57,19.77,3.9
2024-01-24 15:42:25,18.9,4.32
2024-01-24 15:44:55,16.4,3.72
2024-01-24 15:47:23,14.3,3.1
2024-01-24 15:49:49,21.8,3.97
2024-01-24 15:52:16,20.0,4.38
2024-01-24 15:54:42,16.35,4.55
2024-01-24 15:57:10,20.75,3.78
2024-01-24 15:59:36,19.08,4.68
2024-01-24 16:02:03,19.38,3.95
2024-01-24 16:04:29,18.73,4.47
2024-01-24 16:06:57,17.85,4.7
2024-01-24 16:09:28,20.08,6.5
2024-01-24 16:11:56,19.7,4.28
2024-01-24 16:14:24,17.17,4.78
2024-01-24 16:16:53,17.9,3.92
2024-01-24 16:19:20,12.05,3.67
2024-01-24 16:21:46,21.15,4.53
2024-01-24 16:24:16,15.82,4.25
2024-01-24 16:26:44,22.33,3.92
2024-01-24 16:29:13,18.67,4.22
2024-01-24 16:31:39,17.5,4.18
2024-01-24 16:34:04,22.85,4.0
2024-01-24 16:36:32,17.2,5.05
2024-01-24 16:38:57,23.08,4.28
2024-01-24 16:41:25,19.98,3.72
2024-01-24 16:43:51,20.67,4.55
2024-01-24 16:46:16,23.23,4.5
2024-01-24 16:48:44,21.27,4.03
2024-01-24 16:51:10,15.82,4.03
2024-01-24 16:53:38,25.52,4.07
2024-01-24 16:56:04,22.85,4.18
2024-01-24 16:58:30,24.35,4.93
2024-01-24 17:00:59,18.6,3.75
2024-01-24 17:03:24,19.95,4.18
2024-01-24 17:05:50,17.95,4.72
2024-01-24 17:08:20,19.0,4.25
2024-01-24 17:10:45,22.98,5.07
2024-01-24 17:13:11,17.1,3.5
2024-01-24 17:15:36,20.15,4.2
2024-01-24 17:18:04,16.2,4.32
2024-01-24 17:20:29,22.8,6.07
2024-01-24 17:22:55,28.85,5.05
2024-01-24 17:25:25,25.83,5.45
2024-01-24 17:27:53,17.9,4.43
2024-01-24 17:30:20,18.3,4.9
2024-01-24 17:32:48,19.2,4.7
2024-01-24 17:35:15,18.88,4.6
2024-01-24 17:37:43,22.35,5.03
2024-01-24 17:40:11,14.07,3.85
2024-01-24 17:42:37,21.02,4.32
2024-01-24 17:45:03,20.25,4.38
2024-01-24 17:49:54,10.57,3.43
2024-01-24 17:52:24,18.4,4.45
2024-01-24 17:54:54,10.27,4.43
2024-01-24 17:57:21,17.0,4.7
2024-01-24 17:59:48,18.0,4.18
2024-01-24 18:02:13,23.05,7.13
2024-01-24 18:04:41,19.25,4.4
2024-01-24 18:07:06,17.45,5.0
2024-01-24 18:09:31,22.0,4.47
2024-01-24 18:11:57,22.85,4.6
2024-01-24 18:14:22,22.15,5.05
2024-01-24 18:16:50,22.55,5.4
2024-01-24 18:19:17,22.85,5.47
2024-01-24 18:21:45,19.95,5.07
2024-01-24 18:24:14,22.77,5.13
2024-01-24 18:26:42,24.6,4.95
2024-01-24 18:29:07,22.1,4.47
2024-01-24 18:31:35,20.52,5.22
2024-01-24 18:34:02,26.92,5.3
2024-01-24 18:36:29,20.65,5.22
2024-01-24 18:38:57,21.92,4.95
2024-01-24 18:41:23,21.75,5.5
2024-01-24 18:43:49,23.42,4.95
2024-01-24 18:46:14,24.38,4.65
2024-01-24 18:48:40,26.17,4.72
2024-01-24 18:51:08,27.95,4.15
2024-01-24 18:53:40,18.63,4.82
2024-01-24 18:56:08,27.27,4.55
2024-01-24 18:58:42,21.98,4.88
2024-01-24 19:01:12,22.95,4.75
2024-01-24 19:03:38,22.08,5.75
2024-01-24 19:06:06,25.2,5.85
2024-01-24 19:08:32,22.23,5.45
2024-01-24 19:11:01,30.83,5.18
2024-01-24 19:13:33,25.13,5.32
2024-01-24 19:16:00,18.95,4.65
2024-01-24 19:18:28,28.73,5.32
2024-01-24 19:20:58,27.92,6.57
2024-01-24 19:23:28,30.23,9.98
2024-01-24 19:25:56,29.58,8.4
2024-01-24 19:28:23,21.98,6.47
2024-01-24 19:30:49,20.08,6.28
2024-01-24 19:33:17,28.38,6.25
2024-01-24 19:35:42,25.65,6.8
2024-01-24 19:38:07,17.67,6.6
2024-01-24 19:40:33,23.17,8.18
2024-01-24 19:43:01,21.08,7.6
2024-01-24 19:45:29,24.0,5.72
2024-01-24 19:47:57,29.25,5.7
2024-01-24 19:50:24,26.52,5.18
2024-01-24 19:52:50,19.5,5.5
2024-01-24 19:55:19,22.4,5.63
2024-01-24 19:57:47,27.6,6.57
2024-01-24 20:00:13,24.67,5.63
2024-01-24 20:02:41,25.33,5.07
2024-01-24 20:05:11,18.02,4.7
2024-01-24 20:07:36,21.13,5.45
2024-01-24 20:10:04,21.3,4.95
2024-01-24 20:12:32,24.27,5.6
2024-01-24 20:15:03,19.15,4.8
2024-01-24 20:17:29,19.42,5.1
2024-01-24 20:19:54,15.18,4.0
2024-01-24 20:22:22,22.9,5.8
2024-01-24 20:24:47,26.63,5.4
2024-01-24 20:27:13,28.63,5.75
2024-01-24 20:29:43,17.15,4.63
2024-01-24 20:32:10,18.23,4.55
2024-01-24 20:34:36,26.2,6.05
2024-01-24 20:37:04,20.88,5.2
2024-01-24 20:39:30,22.6,3.97
2024-01-24 20:41:59,23.8,7.32
2024-01-24 20:44:26,19.52,4.53
2024-01-24 20:46:55,20.9,5.55
2024-01-24 20:49:22,22.55,5.68
2024-01-24 20:51:50,26.38,6.07
2024-01-24 20:54:18,14.23,5.78
2024-01-24 20:56:46,31.55,5.47
2024-01-24 20:59:17,15.73,3.88
2024-01-24 21:01:42,26.35,5.57
2024-01-24 21:04:08,27.35,5.65
2024-01-24 21:06:36,19.85,4.3
2024-01-24 21:09:04,24.52,4.7
2024-01-24 21:11:35,31.5,4.88
2024-01-24 21:14:00,17.17,3.9
2024-01-24 21:16:30,19.83,4.63
2024-01-24 21:18:56,23.3,5.45
2024-01-24 21:21:23,23.73,5.4
2024-01-24 21:23:53,27.45,4.1
2024-01-24 21:26:18,18.55,4.97
2024-01-24 21:28:46,18.38,4.5
2024-01-24 21:31:14,21.58,4.78
2024-01-24 21:33:42,17.77,4.75
2024-01-24 21:36:07,22.85,4.5
2024-01-24 21:38:33,18.17,4.53
2024-01-24 21:40:58,19.67,4.45
2024-01-24 21:43:26,25.83,5.47
2024-01-24 21:45:55,28.35,4.47
2024-01-24 21:48:20,21.95,4.63
2024-01-24 21:50:46,18.9,5.68
2024-01-24 21:53:11,21.02,4.22
2024-01-24 21:55:36,14.95,4.38
2024-01-24 21:58:02,22.17,3.58
2024-01-24 22:00:27,20.58,4.53
2024-01-24 22:02:53,14.98,3.97
2024-01-24 22:05:18,21.25,4.63
2024-01-24 22:07:44,24.13,5.57
2024-01-24 22:10:14,15.55,5.55
2024-01-24 22:12:41,22.4,4.68
2024-01-24 22:15:07,22.33,5.13
2024-01-24 22:17:35,15.8,4.75
2024-01-24 22:20:01,24.42,4.35
2024-01-24 22:22:26,20.08,4.45
2024-01-24 22:24:52,24.08,4.05
2024-01-24 22:27:20,20.75,4.65
2024-01-24 22:29:50,21.83,4.45
2024-01-24 22:32:17,18.33,4.75
2024-01-24 22:34:45,19.85,4.6
2024-01-24 22:37:13,19.6,4.35
2024-01-24 22:39:44,17.83,5.3
2024-01-24 22:42:09,20.33,3.85
2024-01-24 22:44:35,18.73,5.3
2024-01-24 22:47:03,19.98,4.43
2024-01-24 22:49:31,22.13,4.75
2024-01-24 22:51:59,16.83,3.78
2024-01-24 22:54:26,27.63,5.18
2024-01-24 22:56:54,22.95,4.35
2024-01-24 22:59:19,20.63,4.43
2024-01-24 23:01:45,13.43,3.78
2024-01-24 23:04:10,12.85,3.85
2024-01-24 23:06:38,17.02,3.5
2024-01-24 23:09:06,18.0,4.3
2024-01-24 23:11:32,17.8,4.28
2024-01-24 23:13:58,16.7,3.75
2024-01-24 23:16:24,22.35,4.75
2024-01-24 23:18:49,23.45,4.13
2024-01-24 23:21:21,25.63,5.2
2024-01-24 23:23:47,20.58,3.72
2024-01-24 23:26:12,22.92,4.8
2024-01-24 23:28:37,19.65,4.72
2024-01-24 23:31:05,19.38,3.53
2024-01-24 23:33:33,20.92,4.75
2024-01-24 23:35:59,18.8,3.72
2024-01-24 23:38:29,18.58,4.47
2024-01-24 23:40:57,21.88,4.72
2024-01-24 23:43:23,15.68,4.05
2024-01-24 23:45:48,17.83,4.9
2024-01-24 23:48:16,17.42,3.2
2024-01-24 23:50:43,19.67,4.9
2024-01-24 23:53:08,16.38,3.92
2024-01-24 23:55:34,20.23,3.8
2024-01-24 23:58:01,22.88,4.82
2024-01-25 00:00:29,13.5,3.7
2024-01-25 00:02:57,15.65,3.85
2024-01-25 00:05:22,21.1,4.68
2024-01-25 00:07:50,28.83,5.1
2024-01-25 00:10:16,32.47,4.35
2024-01-25 00:12:45,24.33,4.25
2024-01-25 00:15:15,21.98,5.22
2024-01-25 00:17:41,19.05,3.88
2024-01-25 00:20:08,18.3,5.3
2024-01-25 00:22:36,16.3,4.53
2024-01-25 00:25:05,24.13,4.03
2024-01-25 00:27:31,16.25,3.95
2024-01-25 00:29:59,23.35,3.83
2024-01-25 00:32:24,16.42,4.88
2024-01-25 00:34:52,16.73,3.88
2024-01-25 00:37:17,16.98,4.05
2024-01-25 00:39:45,21.35,4.45
2024-01-25 00:42:12,24.23,4.18
2024-01-25 00:44:40,22.4,3.3
2024-01-25 00:47:06,17.5,3.95
2024-01-25 00:49:32,17.33,4.57
2024-01-25 00:52:02,26.23,4.13
2024-01-25 00:54:28,18.6,3.83
2024-01-25 00:57:01,16.33,4.5
2024-01-25 00:59:29,16.77,3.6
2024-01-25 01:01:55,21.13,4.43
2024-01-25 01:04:23,17.23,4.38
2024-01-25 01:06:49,17.23,4.2
2024-01-25 01:09:14,18.52,4.5
2024-01-25 01:11:40,14.68,3.58
2024-01-25 01:14:05,18.92,4.1
2024-01-25 01:16:33,14.77,3.47
2024-01-25 01:19:03,20.95,4.4
2024-01-25 01:21:33,17.7,4.1
2024-01-25 01:24:01,16.9,3.95
2024-01-25 01:26:31,20.55,3.7
2024-01-25 01:28:59,20.95,5.4
2024-01-25 01:31:27,15.15,3.3
2024-01-25 01:33:55,15.3,4.13
2024-01-25 01:36:23,12.82,3.05
2024-01-25 01:38:50,11.38,3.6
2024-01-25 01:41:18,14.1,3.72
2024-01-25 01:43:46,16.05,3.72
2024-01-25 01:46:37,18.42,4.03
2024-01-25 01:49:06,14.82,3.8
2024-01-25 01:51:33,15.23,3.1
2024-01-25 01:56:33,11.23,3.25
2024-01-25 01:59:02,21.6,4.28
2024-01-25 02:01:37,19.0,4.18
2024-01-25 02:04:08,19.0,3.0
2024-01-25 02:06:35,13.4,2.95
2024-01-25 02:09:04,16.85,3.72
2024-01-25 02:11:32,10.57,2.83
2024-01-25 02:14:00,11.85,3.9
2024-01-25 02:16:25,19.33,4.18
2024-01-25 02:18:53,19.13,4.47
2024-01-25 02:21:26,15.77,3.67
2024-01-25 02:23:51,12.85,3.6
2024-01-25 02:26:19,16.75,3.47
2024-01-25 02:28:45,15.95,3.5
2024-01-25 02:31:10,16.27,3.28
2024-01-25 02:33:35,11.32,3.88
2024-01-25 02:36:01,13.48,3.4
2024-01-25 02:38:26,14.68,3.6
2024-01-25 02:40:52,14.75,3.13
2024-01-25 02:43:19,14.18,3.78
2024-01-25 02:45:45,13.25,3.28
2024-01-25 02:48:10,13.45,3.58
2024-01-25 02:50:38,17.15,4.35
2024-01-25 02:53:05,12.32,2.67
2024-01-25 02:55:31,12.38,2.65
2024-01-25 02:57:56,12.38,3.67
2024-01-25 03:00:21,10.85,2.75
2024-01-25 03:02:47,10.7,2.63
2024-01-25 03:05:16,12.98,3.53
2024-01-25 03:07:42,18.88,4.38
2024-01-25 03:10:10,10.43,3.1
2024-01-25 03:12:38,13.45,3.6
2024-01-25 03:15:04,23.58,5.13
2024-01-25 03:17:30,12.98,3.78
2024-01-25 03:19:55,12.3,3.2
2024-01-25 03:22:21,16.35,3.45
2024-01-25 03:24:48,13.55,4.0
2024-01-25 03:27:14,14.43,3.67
2024-01-25 03:29:42,18.5,5.4
2024-01-25 03:32:12,18.17,3.53
2024-01-25 03:34:37,14.32,3.95
2024-01-25 03:37:03,13.7,3.58
2024-01-25 03:39:28,16.98,3.53
2024-01-25 03:41:56,11.0,2.7
2024-01-25 03:44:24,11.05,3.42
2024-01-25 03:46:49,8.95,3.05
2024-01-25 03:49:17,17.9,3.53
2024-01-25 03:51:47,17.42,3.78
2024-01-25 03:54:15,12.3,3.33
2024-01-25 03:56:45,8.02,2.95
2024-01-25 03:59:13,20.13,4.25
2024-01-25 04:01:44,10.38,2.75
2024-01-25 04:04:15,20.58,3.85
2024-01-25 04:06:41,12.27,2.4
2024-01-25 04:09:13,16.77,3.6
2024-01-25 04:11:41,16.7,3.17
2024-01-25 04:14:07,19.0,3.35
2024-01-25 04:16:35,13.32,4.47
2024-01-25 04:19:03,12.98,3.53
2024-01-25 04:21:31,24.88,3.92
2024-01-25 04:24:02,12.55,4.1
2024-01-25 04:26:30,15.52,3.67
2024-01-25 04:28:55,19.27,4.18
2024-01-25 04:31:21,23.35,4.82
2024-01-25 04:33:46,13.45,3.65
2024-01-25 04:36:12,14.3,3.5
2024-01-25 04:38:40,17.83,4.55
2024-01-25 04:41:07,19.55,3.67
2024-01-25 04:43:36,28.3,4.13
2024-01-25 04:46:03,10.8,3.85
2024-01-25 04:48:29,14.07,4.07
2024-01-25 04:50:57,11.6,3.03
2024-01-25 04:53:28,10.77,4.65
2024-01-25 04:55:55,6.5,3.15
2024-01-25 04:58:24,11.35,3.05
2024-01-25 05:00:52,5.2,2.47
2024-01-25 05:03:20,5.5,2.17
2024-01-25 05:05:45,7.15,2.7
2024-01-25 05:08:11,9.18,3.03
2024-01-25 05:10:39,7.93,2.78
2024-01-25 05:13:07,4.53,2.53
2024-01-25 05:15:32,4.2,2.35
2024-01-25 05:18:04,3.38,2.15
2024-01-25 05:20:32,4.05,2.0
2024-01-25 05:23:02,4.32,2.3
2024-01-25 05:27:56,4.13,2.05
2024-01-25 05:30:24,5.0,2.45
2024-01-25 05:32:51,4.93,2.22
2024-01-25 05:35:18,4.9,2.3
2024-01-25 05:37:49,5.35,2.1
2024-01-25 05:40:14,5.43,2.1
2024-01-25 05:42:42,3.85,1.85
2024-01-25 05:45:08,7.1,2.67
2024-01-25 05:47:36,8.1,2.97
2024-01-25 05:50:02,12.1,2.75
2024-01-25 05:52:30,5.47,2.45
2024-01-25 05:55:01,9.18,3.17
2024-01-25 05:57:29,6.35,2.88
2024-01-25 05:59:54,10.18,2.58
2024-01-25 06:02:22,6.5,2.8
2024-01-25 06:04:47,6.15,2.28
2024-01-25 06:07:17,8.88,3.28
2024-01-25 06:09:47,8.13,2.63
2024-01-25 06:12:13,10.8,3.2
2024-01-25 06:14:38,7.38,3.6
2024-01-25 06:17:03,11.93,3.95
2024-01-25 06:19:31,12.73,3.75
2024-01-25 06:21:59,13.3,3.85
2024-01-25 06:24:25,11.93,3.53
2024-01-25 06:26:55,10.9,3.92
2024-01-25 06:29:20,11.77,4.85
2024-01-25 06:31:46,14.73,3.33
2024-01-25 06:34:14,9.38,3.4
2024-01-25 06:36:40,13.85,3.35
2024-01-25 06:39:05,15.13,4.6
2024-01-25 06:41:31,12.98,3.75
2024-01-25 06:43:58,10.43,3.78
2024-01-25 06:46:24,11.63,4.2
2024-01-25 06:48:52,15.52,4.3
2024-01-25 06:51:20,15.45,4.35
2024-01-25 06:53:45,11.73,4.75
2024-01-25 06:56:10,16.02,4.5
2024-01-25 06:58:36,12.73,4.8
2024-01-25 07:01:01,12.23,4.18
2024-01-25 07:03:29,11.7,4.13
2024-01-25 07:05:59,14.0,5.13
2024-01-25 07:08:31,9.77,4.38
2024-01-25 07:10:58,8.98,4.13
2024-01-25 07:13:26,11.77,5.03
2024-01-25 07:15:54,6.8,3.75
2024-01-25 07:18:19,8.38,4.2
2024-01-25 07:20:49,14.48,4.57
2024-01-25 07:23:20,9.0,4.05
2024-01-25 07:25:48,11.32,4.63
2024-01-25 07:28:16,9.43,4.45
2024-01-25 07:30:46,8.65,3.75
2024-01-25 07:33:12,9.3,4.32
2024-01-25 07:35:37,11.3,4.75
2024-01-25 07:38:06,9.88,4.3
2024-01-25 07:40:32,8.98,4.1
2024-01-25 07:43:00,12.38,4.28
2024-01-25 07:45:28,9.73,3.33
2024-01-25 07:47:53,5.6,3.85
2024-01-25 07:50:19,9.8,4.53
2024-01-25 07:52:44,14.25,4.65
2024-01-25 07:55:10,12.9,3.6
2024-01-25 07:57:37,9.73,4.05
2024-01-25 08:00:05,13.27,4.7
2024-01-25 08:02:35,13.32,4.72
2024-01-25 08:05:06,12.35,3.78
2024-01-25 08:07:35,11.38,4.0
2024-01-25 08:10:02,15.82,3.8
2024-01-25 08:12:29,16.42,3.85
2024-01-25 08:14:57,11.6,3.8
2024-01-25 08:17:27,15.48,3.9
2024-01-25 08:19:55,9.1,3.5
2024-01-25 08:22:24,15.48,4.2
2024-01-25 08:24:50,11.38,3.72
2024-01-25 08:27:18,12.55,3.35
2024-01-25 08:29:46,13.15,4.05
2024-01-25 08:32:16,12.95,3.78
2024-01-25 08:34:43,12.43,3.97
2024-01-25 08:37:09,14.55,3.4
2024-01-25 08:39:34,20.83,5.07
2024-01-25 08:42:02,14.82,4.15
2024-01-25 08:44:33,13.73,3.28
2024-01-25 08:47:02,8.32,3.0
2024-01-25 08:49:29,13.05,4.18
2024-01-25 08:51:56,16.17,4.3
2024-01-25 08:54:22,9.68,3.22
2024-01-25 08:56:47,10.45,3.1
2024-01-25 08:59:13,20.38,4.43
2024-01-25 09:01:38,14.07,4.4
2024-01-25 09:04:03,17.5,4.78
2024-01-25 09:06:29,11.88,3.97
2024-01-25 09:08:59,14.75,3.78
2024-01-25 09:11:25,17.77,6.28
2024-01-25 09:13:50,17.92,4.43
2024-01-25 09:16:16,16.1,4.65
2024-01-25 09:18:47,19.65,4.45
2024-01-25 09:21:17,15.05,4.7
2024-01-25 09:23:42,15.32,4.32
2024-01-25 09:26:13,13.9,4.63
2024-01-25 09:28:39,13.13,4.43
2024-01-25 09:31:04,10.4,4.03
2024-01-25 09:33:32,16.92,5.45
2024-01-25 09:36:00,8.32,4.05
2024-01-25 09:38:28,12.55,3.85
2024-01-25 09:40:53,14.27,4.43
2024-01-25 09:43:18,13.32,4.5
2024-01-25 09:45:48,11.38,3.88
2024-01-25 09:48:15,9.27,3.8
2024-01-25 09:50:46,11.98,3.88
2024-01-25 09:53:15,10.43,3.67
2024-01-25 09:55:46,13.43,3.97
2024-01-25 10:01:13,6.55,3.42
2024-01-25 10:03:42,6.57,3.25
2024-01-25 10:06:13,8.95,4.03
2024-01-25 10:08:39,8.55,3.9
2024-01-25 10:11:05,10.25,4.18
2024-01-25 10:15:57,11.55,4.3
2024-01-25 10:18:23,10.6,3.2
2024-01-25 10:20:50,8.9,4.5
2024-01-25 10:23:17,9.43,3.33
2024-01-25 10:25:43,9.05,2.88
2024-01-25 10:28:11,9.23,2.83
2024-01-25 10:30:42,5.6,2.95
2024-01-25 10:33:09,10.57,3.2
2024-01-25 10:35:38,7.55,3.97
2024-01-25 10:38:10,8.13,2.58
2024-01-25 10:40:39,7.5,2.8
2024-01-25 10:43:08,8.3,3.5
2024-01-25 10:45:36,11.32,3.6
2024-01-25 10:48:04,12.8,4.1
2024-01-25 10:50:32,7.38,3.33
2024-01-25 10:53:00,10.65,2.8
2024-01-25 10:55:30,9.65,3.85
2024-01-25 10:57:57,8.68,3.5
2024-01-25 11:00:23,6.32,3.22
2024-01-25 11:02:48,8.88,4.1
2024-01-25 11:05:16,8.38,3.65
2024-01-25 11:07:47,10.07,4.28
2024-01-25 11:10:17,11.43,4.9
2024-01-25 11:12:48,9.85,3.97
2024-01-25 11:15:21,11.27,3.88
2024-01-25 11:17:50,6.03,3.7
2024-01-25 11:20:19,8.73,3.35
2024-01-25 11:22:54,7.9,4.28
2024-01-25 11:25:29,9.85,4.1
2024-01-25 11:27:56,12.38,4.07
2024-01-25 11:30:22,12.35,4.15
2024-01-25 11:32:47,12.02,4.35
2024-01-25 11:35:13,10.32,3.75
2024-01-25 11:37:49,8.15,3.53
2024-01-25 11:40:17,12.52,3.88
2024-01-25 11:45:11,8.9,3.03
2024-01-25 11:47:37,6.55,3.25
2024-01-25 11:50:04,8.05,3.72
2024-01-25 11:52:34,6.63,3.35
2024-01-25 11:55:02,7.35,3.65
2024-01-25 11:57:34,6.47,3.3
2024-01-25 12:00:02,10.88,3.8
2024-01-25 12:02:32,8.85,3.1
2024-01-25 12:04:58,6.8,3.4
2024-01-25 12:07:24,9.7,4.0
2024-01-25 12:12:24,7.7,3.4
2024-01-25 12:14:56,7.2,4.68
2024-01-25 12:17:28,5.13,3.2
2024-01-25 12:19:56,6.5,2.9
2024-01-25 12:24:52,7.35,2.88
2024-01-25 12:27:19,14.6,4.07
2024-01-25 12:29:48,8.13,3.72
2024-01-25 12:32:16,8.15,3.5
2024-01-25 12:34:52,7.65,4.55
2024-01-25 12:37:23,4.85,3.55
2024-01-25 12:39:54,9.02,3.67
2024-01-25 12:42:22,6.22,3.4
2024-01-25 12:44:51,8.1,3.47
2024-01-25 12:47:21,8.52,3.9
2024-01-25 12:49:47,8.13,3.85
2024-01-25 12:52:13,5.9,3.55
2024-01-25 12:54:40,7.93,3.78
2024-01-25 12:57:06,5.43,3.42
2024-01-25 12:59:32,5.55,4.2
2024-01-25 13:02:01,7.93,4.3
2024-01-25 13:04:27,7.15,3.85
2024-01-25 13:06:55,7.1,4.07
2024-01-25 13:09:21,9.35,4.25
2024-01-25 13:11:50,7.72,3.97
2024-01-25 13:14:21,8.57,4.32
2024-01-25 13:16:49,9.25,4.13
2024-01-25 13:19:15,8.43,4.43
2024-01-25 13:21:40,8.0,4.1
2024-01-25 13:24:09,7.28,4.57
2024-01-25 13:26:35,9.02,3.85
2024-01-25 13:29:01,8.0,4.13
2024-01-25 13:31:26,6.22,3.6
2024-01-25 13:33:56,5.8,4.45
2024-01-25 13:36:22,7.03,3.63
2024-01-25 13:38:47,12.15,4.57
2024-01-25 13:41:17,9.7,4.05
2024-01-25 13:43:43,8.57,4.2
2024-01-25 13:46:08,7.9,4.1
2024-01-25 13:48:36,6.93,4.1
2024-01-25 13:51:01,7.5,4.15
2024-01-25 13:53:26,7.32,4.1
2024-01-25 13:55:54,7.18,4.5
2024-01-25 13:58:22,8.65,3.92
2024-01-25 14:00:47,5.5,4.1
2024-01-25 14:03:14,7.4,3.55
2024-01-25 14:05:44,9.85,4.18
2024-01-25 14:08:14,7.75,3.7
2024-01-25 14:10:39,8.25,4.35
2024-01-25 14:13:08,7.75,4.15
2024-01-25 14:15:36,9.35,3.75
2024-01-25 14:18:01,5.47,3.78
2024-01-25 14:20:27,8.5,3.8
2024-01-25 14:22:55,6.1,3.72
2024-01-25 14:25:22,8.23,3.3
2024-01-25 14:27:50,8.5,4.15
2024-01-25 14:30:18,7.65,4.07
2024-01-25 14:32:43,6.05,3.4
2024-01-25 14:35:12,7.13,3.6
2024-01-25 14:37:38,11.15,3.85
2024-01-25 14:40:06,6.93,3.95
2024-01-25 14:42:32,7.38,3.38
2024-01-25 14:44:58,7.93,4.3
2024-01-25 14:47:25,6.57,3.72
2024-01-25 14:49:56,4.32,3.03
2024-01-25 14:52:21,9.13,3.65
2024-01-25 14:54:49,6.07,3.63
2024-01-25 14:57:14,7.43,3.83
2024-01-25 14:59:40,4.7,2.72
2024-01-25 15:02:08,6.13,3.03
2024-01-25 15:04:33,4.8,3.42
2024-01-25 15:06:59,4.07,2.5
2024-01-25 15:09:26,5.22,2.5
2024-01-25 15:11:52,3.22,2.47
2024-01-25 15:14:22,4.68,2.25
2024-01-25 15:16:53,3.33,2.13
2024-01-25 15:19:23,4.68,2.05
2024-01-25 15:21:52,5.8,2.9
2024-01-25 15:24:20,5.57,3.5
2024-01-25 15:26:50,8.02,5.15
2024-01-25 15:29:18,5.07,3.7
2024-01-25 15:31:45,6.0,3.6
2024-01-25 15:34:13,10.6,7.82
2024-01-25 15:36:43,7.95,4.38
2024-01-25 15:39:09,4.68,2.4
2024-01-25 15:41:35,2.67,1.88
2024-01-25 15:44:01,3.95,2.13
2024-01-25 15:46:27,2.42,1.73
2024-01-25 15:48:52,3.65,1.83
2024-01-25 15:51:19,3.38,1.5
2024-01-25 15:53:46,2.22,1.7
2024-01-25 15:56:11,3.45,1.6
2024-01-25 15:58:39,2.78,1.8
2024-01-25 16:01:09,2.33,1.7
2024-01-25 16:03:36,2.38,1.5
2024-01-25 16:06:07,2.92,2.1
2024-01-25 16:08:35,3.03,2.0
2024-01-25 16:11:05,4.6,2.38
2024-01-25 16:13:35,4.32,2.13
2024-01-25 16:16:00,4.55,2.3
2024-01-25 16:18:30,4.32,2.45
2024-01-25 16:20:56,4.5,2.97
2024-01-25 16:23:24,5.63,2.5
2024-01-25 16:25:56,3.1,2.2
2024-01-25 16:28:21,4.45,2.2
2024-01-25 16:30:47,4.43,2.53
2024-01-25 16:33:12,3.97,2.1
2024-01-25 16:35:38,2.47,2.0
2024-01-25 16:38:05,5.6,2.13
2024-01-25 16:40:31,2.6,1.77
2024-01-25 16:42:56,1.85,1.55
2024-01-25 16:45:24,1.9,1.6
2024-01-25 16:47:52,2.65,1.95
2024-01-25 16:50:17,2.1,1.8
2024-01-25 16:52:42,2.38,1.77
2024-01-25 16:55:08,2.83,1.67
2024-01-25 16:57:36,2.88,1.77
2024-01-25 17:00:04,3.15,1.92
2024-01-25 17:02:35,3.03,1.8
2024-01-25 17:05:00,2.92,2.3
2024-01-25 17:09:52,3.22,2.22
2024-01-25 17:12:20,4.1,2.5
2024-01-25 17:14:49,4.03,2.3
2024-01-25 17:19:48,6.85,2.9
2024-01-25 17:22:14,4.53,3.2
2024-01-25 17:24:40,4.43,3.03
2024-01-25 17:27:05,4.5,3.05
2024-01-25 17:29:31,5.32,3.2
2024-01-25 17:34:24,5.0,3.28
2024-01-25 17:36:49,6.72,3.7
2024-01-25 17:39:17,8.68,4.57
2024-01-25 17:41:42,6.88,4.53
2024-01-25 17:44:08,5.3,3.4
2024-01-25 17:46:33,4.65,3.28
2024-01-25 17:49:02,5.38,3.53
2024-01-25 17:51:30,4.85,3.15
2024-01-25 17:53:58,7.13,4.3
2024-01-25 17:56:24,5.8,3.8
2024-01-25 18:01:15,3.5,2.88
2024-01-25 18:03:46,4.18,2.97
2024-01-25 18:06:11,5.57,3.6
2024-01-25 18:11:04,4.4,3.07
2024-01-25 18:13:32,6.32,3.22
2024-01-25 18:15:57,5.55,3.7
2024-01-25 18:18:25,6.47,2.9
2024-01-25 18:20:51,4.13,3.05
2024-01-25 18:23:18,4.93,2.9
2024-01-25 18:25:44,5.13,3.05
2024-01-25 18:28:09,3.83,3.03
2024-01-25 18:30:38,4.85,3.55
2024-01-25 18:33:06,4.25,3.15
2024-01-25 18:35:31,7.9,3.55
2024-01-25 18:37:59,5.5,3.3
2024-01-25 18:40:24,5.5,3.45
2024-01-25 18:42:50,5.47,3.17
2024-01-25 18:45:16,7.85,3.65
2024-01-25 18:47:42,5.28,3.95
2024-01-25 18:50:10,5.6,3.33
2024-01-25 18:52:40,5.35,3.35
2024-01-25 18:55:08,5.28,3.1
2024-01-25 18:57:34,5.35,3.03
2024-01-25 19:00:02,4.7,3.47
2024-01-25 19:02:29,5.85,3.47
2024-01-25 19:04:55,4.82,3.42
2024-01-25 19:07:24,8.38,5.15
2024-01-25 19:09:49,9.35,4.57
2024-01-25 19:12:20,8.88,5.0
2024-01-25 19:14:47,6.4,4.78
2024-01-25 19:17:13,6.15,4.35
2024-01-25 19:19:43,6.18,4.65
2024-01-25 19:22:08,4.9,3.7
2024-01-25 19:24:36,6.72,4.28
2024-01-25 19:27:02,4.25,3.3
2024-01-25 19:29:28,10.63,7.63
2024-01-25 19:31:53,8.57,5.4
2024-01-25 19:34:19,9.0,4.35
2024-01-25 19:36:47,6.1,4.1
2024-01-25 19:39:13,7.1,4.97
2024-01-25 19:41:41,7.5,5.07
2024-01-25 19:44:07,7.07,4.78
2024-01-25 19:46:34,5.78,5.18
2024-01-25 19:49:00,6.6,5.0
2024-01-25 19:51:25,5.8,4.45
2024-01-25 19:53:51,5.68,4.4
2024-01-25 19:56:16,5.9,3.7
2024-01-25 19:58:44,5.45,4.03
2024-01-25 20:01:10,5.1,3.63
2024-01-25 20:03:38,5.57,3.35
2024-01-25 20:06:04,5.6,3.5
2024-01-25 20:08:39,5.68,3.15
2024-01-25 20:11:04,5.75,3.95
2024-01-25 20:13:30,4.72,4.03
2024-01-25 20:15:57,5.82,4.03
2024-01-25 20:18:22,5.88,3.7
2024-01-25 20:20:48,4.97,3.7
2024-01-25 20:23:13,5.55,4.0
2024-01-25 20:25:39,4.95,4.22
2024-01-25 20:28:04,5.18,4.18
2024-01-25 20:32:59,4.65,3.6
2024-01-25 20:35:26,5.63,3.67
2024-01-25 20:37:52,6.9,4.68
2024-01-25 20:40:17,8.75,5.4
2024-01-25 20:42:42,9.32,4.97
2024-01-25 20:45:08,5.7,4.55
2024-01-25 20:47:36,8.73,4.93
2024-01-25 20:50:01,7.18,4.95
2024-01-25 20:52:27,6.68,4.75
2024-01-25 20:54:57,11.1,6.18
2024-01-25 20:57:25,8.57,4.4
2024-01-25 20:59:51,6.6,4.55
2024-01-25 21:02:16,10.38,5.15
2024-01-25 21:04:42,9.63,4.15
2024-01-25 21:07:11,7.65,4.88
2024-01-25 21:09:36,6.68,4.28
2024-01-25 21:12:02,7.22,4.1
2024-01-25 21:16:56,5.7,3.75
2024-01-25 21:19:22,6.43,3.85
2024-01-25 21:21:47,7.28,4.05
2024-01-25 21:24:13,6.35,3.6
2024-01-25 21:29:03,5.73,3.73
2024-01-25 21:31:29,6.95,3.45
2024-01-25 21:33:54,5.8,3.5
2024-01-25 21:36:19,6.82,3.53
2024-01-25 21:38:45,5.15,2.88
2024-01-25 21:41:10,4.97,3.08
2024-01-25 21:43:40,6.55,3.47
2024-01-25 21:46:08,6.63,3.5
2024-01-25 21:48:36,5.3,3.47
2024-01-25 21:51:03,5.05,3.08
2024-01-25 21:53:29,4.8,3.33
2024-01-25 21:58:22,9.48,3.25
2024-01-25 22:00:50,5.03,2.97
2024-01-25 22:03:15,5.47,2.7
2024-01-25 22:05:40,4.95,2.63
2024-01-25 22:08:06,7.63,3.25
2024-01-25 22:10:31,6.68,3.9
2024-01-25 22:12:59,4.32,3.0
2024-01-25 22:15:26,4.18,2.5
2024-01-25 22:17:52,4.85,2.95
2024-01-25 22:20:20,4.32,2.83
2024-01-25 22:22:47,4.3,2.95
2024-01-25 22:25:12,5.47,2.47
2024-01-25 22:27:38,3.7,2.2
2024-01-25 22:30:06,5.07,2.5
2024-01-25 22:32:32,4.38,2.38
2024-01-25 22:34:57,5.5,2.7
2024-01-25 22:37:25,4.85,2.33
2024-01-25 22:39:50,5.1,3.3
2024-01-25 22:42:15,4.82,2.58
2024-01-25 22:44:41,4.38,2.85
2024-01-25 22:47:09,6.5,2.58
2024-01-25 22:49:34,4.43,2.33
2024-01-25 22:51:59,4.35,2.8
2024-01-25 22:54:25,4.22,2.2
2024-01-25 22:56:50,4.88,3.08
2024-01-25 22:59:16,3.83,2.67
2024-01-25 23:01:43,4.68,2.95
2024-01-25 23:04:08,5.35,2.8
2024-01-25 23:06:34,5.18,2.58
2024-01-25 23:08:59,3.65,3.08
2024-01-25 23:11:25,5.43,2.88
2024-01-25 23:13:52,4.43,3.13
2024-01-25 23:16:20,8.32,3.38
2024-01-25 23:18:48,7.32,3.65
2024-01-25 23:21:14,5.07,2.9
2024-01-25 23:23:39,5.4,2.78
2024-01-25 23:26:07,4.35,3.05
2024-01-25 23:28:35,5.97,2.95
2024-01-25 23:31:00,5.18,3.03
2024-01-25 23:33:25,4.43,3.13
2024-01-25 23:35:51,4.45,2.7
2024-01-25 23:38:17,4.82,3.17
2024-01-25 23:40:42,5.03,3.17
2024-01-25 23:45:33,4.97,3.4
2024-01-25 23:47:58,4.97,2.97
2024-01-25 23:50:23,4.43,3.2
2024-01-25 23:52:49,4.97,3.38
2024-01-25 23:55:14,5.43,4.03
2024-01-25 23:57:40,5.03,2.95
2024-01-26 00:00:05,4.38,3.5
2024-01-26 00:04:56,5.6,3.27
2024-01-26 00:07:22,5.15,3.75
2024-01-26 00:09:47,6.35,3.17
2024-01-26 00:12:15,6.7,3.42
2024-01-26 00:14:43,5.3,3.78
2024-01-26 00:17:08,5.85,3.4
2024-01-26 00:19:36,4.15,3.03
2024-01-26 00:22:01,6.8,3.55
2024-01-26 00:24:27,6.2,3.42
2024-01-26 00:26:54,5.3,3.25
2024-01-26 00:29:20,5.82,3.88
2024-01-26 00:31:46,5.97,3.97
2024-01-26 00:34:11,6.95,4.18
2024-01-26 00:36:39,5.5,4.32
2024-01-26 00:39:09,6.03,4.13
2024-01-26 00:41:35,8.7,4.4
2024-01-26 00:44:00,8.82,4.72
2024-01-26 00:46:28,7.15,4.32
2024-01-26 00:48:54,6.18,4.45
2024-01-26 00:51:19,6.93,4.7
2024-01-26 00:53:45,5.6,3.78
2024-01-26 00:56:10,8.57,4.97
2024-01-26 00:58:38,8.95,4.63
2024-01-26 01:01:06,6.72,4.35
2024-01-26 01:03:34,8.6,5.15
2024-01-26 01:06:02,8.05,4.5
2024-01-26 01:08:28,7.85,5.35
2024-01-26 01:10:53,8.27,5.15
2024-01-26 01:13:18,6.85,4.82
2024-01-26 01:15:44,7.7,5.55
2024-01-26 01:18:09,10.02,5.03
2024-01-26 01:20:35,8.2,5.03
2024-01-26 01:23:00,7.97,4.85
2024-01-26 01:25:26,7.38,5.2
2024-01-26 01:27:52,7.57,5.22
2024-01-26 01:30:17,9.02,5.4
2024-01-26 01:32:42,8.13,5.07
2024-01-26 01:35:10,6.57,5.05
2024-01-26 01:37:38,6.85,5.0
2024-01-26 01:40:03,7.57,5.05
2024-01-26 01:42:32,8.0,4.43
2024-01-26 01:44:58,8.6,5.13
2024-01-26 01:47:23,6.9,5.0
2024-01-26 01:49:51,10.95,6.38
2024-01-26 01:52:21,9.75,5.35
2024-01-26 01:54:51,8.9,5.35
2024-01-26 01:57:19,8.82,5.0
2024-01-26 01:59:48,8.0,4.97
2024-01-26 02:02:14,8.43,5.13
2024-01-26 02:04:42,8.0,5.8
2024-01-26 02:07:07,7.5,4.53
2024-01-26 02:09:33,8.45,5.13
2024-01-26 02:11:58,9.13,4.6
2024-01-26 02:14:26,9.5,5.8
2024-01-26 02:16:58,8.45,5.07
2024-01-26 02:19:25,6.9,5.6
2024-01-26 02:21:51,7.6,5.22
2024-01-26 02:24:19,10.32,5.6
2024-01-26 02:26:45,9.05,5.4
2024-01-26 02:29:11,9.63,5.25
2024-01-26 02:31:37,10.63,5.07
2024-01-26 02:34:02,8.4,4.4
2024-01-26 02:36:28,10.4,5.18
2024-01-26 02:38:54,8.55,4.93
2024-01-26 02:41:20,7.55,5.2
2024-01-26 02:43:48,7.65,4.78
2024-01-26 02:46:18,6.95,4.9
2024-01-26 02:48:44,11.25,5.43
2024-01-26 02:51:11,9.02,5.35
2024-01-26 02:53:37,5.88,4.2
2024-01-26 02:56:06,8.4,4.3
2024-01-26 02:58:37,5.88,4.43
2024-01-26 03:01:02,7.78,4.28
2024-01-26 03:03:28,9.38,5.1
2024-01-26 03:05:54,6.22,4.6
2024-01-26 03:08:19,6.03,4.25
2024-01-26 03:10:45,9.07,5.25
2024-01-26 03:13:10,10.95,4.85
2024-01-26 03:15:36,7.38,4.18
2024-01-26 03:18:01,5.9,4.28
2024-01-26 03:20:27,7.28,4.5
2024-01-26 03:22:54,8.32,4.18
2024-01-26 03:25:22,8.93,4.5
2024-01-26 03:27:47,8.65,4.05
2024-01-26 03:30:13,7.75,4.63
2024-01-26 03:35:04,9.83,4.9
2024-01-26 03:37:34,6.4,4.28
2024-01-26 03:40:01,6.93,4.4
2024-01-26 03:42:28,7.97,4.38
2024-01-26 03:44:53,8.0,4.5
2024-01-26 03:47:19,7.47,4.72
2024-01-26 03:52:12,8.07,4.82
2024-01-26 03:54:37,7.7,4.4
2024-01-26 03:57:07,9.52,4.4
2024-01-26 03:59:35,6.2,4.35
2024-01-26 04:02:01,7.4,4.55
2024-01-26 04:04:29,9.82,5.15
2024-01-26 04:06:54,8.1,5.35
2024-01-26 04:09:19,8.35,4.88
2024-01-26 04:11:45,12.98,5.57
2024-01-26 04:14:11,8.95,5.35
2024-01-26 04:16:36,8.98,5.28
2024-01-26 04:19:04,10.13,5.57
2024-01-26 04:21:29,8.43,5.1
2024-01-26 04:23:55,10.75,5.07
2024-01-26 04:26:23,11.18,5.65
2024-01-26 04:28:48,6.6,4.28
2024-01-26 04:31:14,7.75,5.03
2024-01-26 04:33:39,8.57,4.9
2024-01-26 04:36:10,9.43,4.9
2024-01-26 04:38:36,7.78,5.15
2024-01-26 04:41:02,8.55,4.8
2024-01-26 04:43:30,11.23,4.57
2024-01-26 04:45:58,9.4,4.68
2024-01-26 04:48:25,8.18,4.53
2024-01-26 04:50:51,8.8,4.57
2024-01-26 04:53:19,9.95,4.63
2024-01-26 04:55:47,8.05,4.4
2024-01-26 04:58:14,8.27,3.83
2024-01-26 05:00:42,7.63,4.3
2024-01-26 05:03:07,5.65,3.58
2024-01-26 05:05:35,7.38,3.7
2024-01-26 05:08:00,5.6,3.97
2024-01-26 05:10:28,7.1,3.9
2024-01-26 05:12:54,4.97,3.53
2024-01-26 05:15:19,7.75,3.58
2024-01-26 05:17:47,5.97,3.6
2024-01-26 05:20:15,6.6,3.45
2024-01-26 05:22:40,8.23,4.5
2024-01-26 05:25:06,5.9,3.65
2024-01-26 05:27:34,5.93,3.7
2024-01-26 05:29:59,6.55,3.38
2024-01-26 05:32:25,4.32,3.25
2024-01-26 05:34:51,8.8,3.95
2024-01-26 05:37:16,5.55,4.18
2024-01-26 05:39:41,8.8,4.18
2024-01-26 05:42:07,5.55,3.4
2024-01-26 05:44:32,13.5,4.1
2024-01-26 05:46:58,8.73,3.78
2024-01-26 05:49:23,4.78,3.22
2024-01-26 05:51:52,6.7,3.7
2024-01-26 05:54:17,4.55,3.1
2024-01-26 05:56:45,5.6,3.3
2024-01-26 05:59:11,8.65,3.3
2024-01-26 06:01:38,5.07,2.75
2024-01-26 06:04:06,4.75,2.97
2024-01-26 06:06:36,3.95,2.9
2024-01-26 06:09:04,4.63,2.78
2024-01-26 06:11:29,5.95,3.35
2024-01-26 06:13:55,5.3,3.78
2024-01-26 06:16:20,8.18,2.55
2024-01-26 06:18:48,4.1,2.53
2024-01-26 06:21:13,3.3,2.2
2024-01-26 06:23:41,3.17,2.08
2024-01-26 06:26:09,3.05,2.1
2024-01-26 06:28:37,3.38,2.05
2024-01-26 06:31:02,2.42,1.58
2024-01-26 06:33:28,2.55,1.77
2024-01-26 06:35:53,3.13,1.95
2024-01-26 06:38:19,3.4,1.52
2024-01-26 06:40:44,2.4,1.67
2024-01-26 06:43:11,2.65,1.63
2024-01-26 06:45:40,3.65,1.4
2024-01-26 06:48:05,4.5,1.67
2024-01-26 06:50:31,5.05,1.9
2024-01-26 06:53:00,2.8,1.52
2024-01-26 06:55:25,3.38,1.7
2024-01-26 06:57:51,2.55,1.4
2024-01-26 07:00:16,2.58,1.7
2024-01-26 07:02:42,3.92,1.6
2024-01-26 07:05:07,3.28,1.4
2024-01-26 07:10:00,3.4,1.48
2024-01-26 07:12:26,3.5,1.5
2024-01-26 07:14:51,4.15,1.83
2024-01-26 07:17:19,7.18,1.8
2024-01-26 07:19:46,3.53,1.8
2024-01-26 07:22:12,3.97,1.77
2024-01-26 07:24:37,4.45,1.58
2024-01-26 07:27:02,6.05,1.63
2024-01-26 07:29:28,3.5,1.5
2024-01-26 07:31:56,6.03,1.6
2024-01-26 07:34:24,7.9,3.35
2024-01-26 07:36:49,6.57,2.13
2024-01-26 07:39:14,8.63,2.25
2024-01-26 07:41:41,7.3,1.8
2024-01-26 07:44:08,5.28,1.83
2024-01-26 07:46:34,5.13,1.77
2024-01-26 07:48:59,7.03,1.8
2024-01-26 07:51:30,7.53,2.15
2024-01-26 07:53:57,8.05,2.5
2024-01-26 07:56:23,8.65,2.22
2024-01-26 08:01:15,8.7,2.03
2024-01-26 08:03:41,5.75,1.58
2024-01-26 08:06:09,5.63,1.52
2024-01-26 08:08:37,4.45,1.67
2024-01-26 08:11:02,9.48,2.78
2024-01-26 08:13:28,6.1,1.67
2024-01-26 08:15:55,8.05,2.08
2024-01-26 08:18:23,11.25,1.98
2024-01-26 08:20:49,10.05,2.35
2024-01-26 08:23:17,11.4,2.83
2024-01-26 08:25:47,9.9,2.45
2024-01-26 08:28:12,10.4,2.63
2024-01-26 08:33:10,11.2,2.63
2024-01-26 08:35:35,9.43,2.95
2024-01-26 08:38:05,8.82,1.88
2024-01-26 08:40:31,7.55,1.8
2024-01-26 08:42:56,11.77,2.2
2024-01-26 08:45:21,10.7,1.95
2024-01-26 08:47:47,8.18,1.75
2024-01-26 08:50:14,7.07,1.6
2024-01-26 08:52:39,7.28,1.83
2024-01-26 08:55:05,6.18,1.5
2024-01-26 08:57:30,5.6,1.75
2024-01-26 08:59:56,6.65,1.95
2024-01-26 09:02:22,7.22,2.03
2024-01-26 09:04:49,4.6,2.0
2024-01-26 09:07:18,6.07,1.5
2024-01-26 09:09:46,5.2,1.63
2024-01-26 09:12:12,7.75,1.42
2024-01-26 09:14:40,6.97,1.77
2024-01-26 09:17:06,2.53,1.2
2024-01-26 09:19:34,4.13,1.08
2024-01-26 09:22:02,2.55,1.0
2024-01-26 09:24:28,4.4,1.4
2024-01-26 09:26:56,3.55,1.42
2024-01-26 09:29:22,4.15,1.33
2024-01-26 09:31:48,9.77,1.4
2024-01-26 09:34:18,3.03,1.08
2024-01-26 09:36:45,7.22,1.73
2024-01-26 09:39:13,4.28,1.27
2024-01-26 09:41:39,6.93,1.02
2024-01-26 09:44:07,5.68,1.23
2024-01-26 09:46:32,5.5,1.45
2024-01-26 09:48:59,5.4,1.17
2024-01-26 09:51:29,7.2,1.48
2024-01-26 09:53:57,9.93,1.2
2024-01-26 09:56:29,6.6,1.7
2024-01-26 09:58:59,5.5,1.2
2024-01-26 10:01:24,5.03,1.65
2024-01-26 10:03:50,3.38,1.0
2024-01-26 10:06:18,5.72,1.15
2024-01-26 10:08:46,3.72,1.27
2024-01-26 10:11:12,0.93,0.6
2024-01-26 10:13:37,3.7,0.5
2024-01-26 10:18:44,0.85,0.38
2024-01-26 10:21:11,5.18,0.75
2024-01-26 10:23:37,0.65,0.43
2024-01-26 10:26:08,1.95,1.25
2024-01-26 10:28:36,2.03,0.6
2024-01-26 10:31:04,4.63,0.7
2024-01-26 10:33:32,3.97,1.05
2024-01-26 10:36:01,3.13,0.77
2024-01-26 10:38:30,3.0,0.57
2024-01-26 10:41:03,5.1,1.35
2024-01-26 10:43:29,4.88,0.98
2024-01-26 10:45:58,2.17,0.93
2024-01-26 10:48:27,5.95,0.75
2024-01-26 10:50:55,7.28,1.5
2024-01-26 10:53:24,1.6,0.7
2024-01-26 10:55:49,5.35,1.5
2024-01-26 10:58:20,1.67,0.85
2024-01-26 11:00:52,3.97,1.38
2024-01-26 11:03:20,3.67,1.2
2024-01-26 11:05:49,1.3,1.05
2024-01-26 11:08:20,3.5,1.15
2024-01-26 11:10:49,2.22,0.82
2024-01-26 11:13:16,1.85,0.82
2024-01-26 11:15:44,4.6,1.6
2024-01-26 11:18:26,4.22,0.8
2024-01-26 11:20:52,3.85,1.2
2024-01-26 11:23:19,3.8,0.95
2024-01-26 11:25:46,3.7,0.93
2024-01-26 11:28:24,7.57,1.58
2024-01-26 11:30:55,1.75,0.7
2024-01-26 11:33:23,4.63,1.17
2024-01-26 11:35:49,5.78,0.8
2024-01-26 11:38:26,4.45,0.8
2024-01-26 11:40:52,2.35,0.75
2024-01-26 11:43:28,5.35,1.08
2024-01-26 11:45:58,4.15,1.05
2024-01-26 11:48:23,2.53,1.02
2024-01-26 11:50:49,2.4,0.98
2024-01-26 11:53:18,5.95,1.15
2024-01-26 11:55:44,1.55,0.57
2024-01-26 11:58:10,2.58,0.95
2024-01-26 12:00:39,4.22,1.13
2024-01-26 12:03:05,2.8,1.15
2024-01-26 12:05:32,5.03,1.48
2024-01-26 12:07:59,2.72,0.98
2024-01-26 12:10:25,4.13,1.42
2024-01-26 12:12:50,2.3,0.75
2024-01-26 12:15:16,5.43,0.7
2024-01-26 12:17:42,3.0,1.15
2024-01-26 12:20:11,3.85,1.2
2024-01-26 12:22:37,3.3,0.68
2024-01-26 12:25:03,4.47,0.9
2024-01-26 12:27:32,0.85,0.65
2024-01-26 12:29:58,3.63,0.75
2024-01-26 12:32:24,3.45,0.7
2024-01-26 12:34:50,2.72,1.1
2024-01-26 12:37:15,5.47,1.05
2024-01-26 12:39:40,3.03,0.9
2024-01-26 12:42:06,3.92,0.8
2024-01-26 12:44:32,6.28,1.63
2024-01-26 12:46:58,1.88,0.9
2024-01-26 12:49:24,4.45,1.15
2024-01-26 12:51:53,4.47,0.98
2024-01-26 12:54:19,4.82,1.08
2024-01-26 12:56:46,5.38,0.88
2024-01-26 12:59:14,5.8,1.1
2024-01-26 13:01:39,4.65,1.1
2024-01-26 13:04:06,3.28,0.98
2024-01-26 13:06:35,5.63,0.77
2024-01-26 13:11:35,6.9,1.05
2024-01-26 13:14:01,5.95,1.0
2024-01-26 13:16:27,6.53,1.0
2024-01-26 13:18:53,3.33,0.77
2024-01-26 13:21:21,2.83,1.2
2024-01-26 13:23:49,3.17,1.33
2024-01-26 13:26:15,3.38,0.82
2024-01-26 13:28:43,2.97,0.7
2024-01-26 13:31:11,4.95,1.33
2024-01-26 13:33:36,4.47,0.95
2024-01-26 13:36:07,4.18,0.65
2024-01-26 13:38:32,2.28,0.75
2024-01-26 13:41:00,5.32,1.15
2024-01-26 13:45:54,2.88,0.88
2024-01-26 13:48:23,3.85,0.8
2024-01-26 13:50:51,2.4,0.95
2024-01-26 13:53:17,3.03,0.9
2024-01-26 13:55:46,6.3,1.55
2024-01-26 13:58:13,2.97,0.9
2024-01-26 14:00:39,6.0,1.8
2024-01-26 14:03:05,3.28,0.77
2024-01-26 14:05:33,4.3,1.75
2024-01-26 14:07:59,3.03,1.0
2024-01-26 14:10:29,3.2,1.0
2024-01-26 14:12:55,3.88,1.25
2024-01-26 14:15:23,4.82,1.2
2024-01-26 14:17:49,8.07,1.15
2024-01-26 14:22:42,7.97,1.35
2024-01-26 14:25:10,4.25,1.0
2024-01-26 14:27:38,4.85,1.13
2024-01-26 14:30:04,2.8,0.8
2024-01-26 14:32:32,1.95,1.0
2024-01-26 14:34:59,4.13,1.55
2024-01-26 14:37:28,3.38,1.1
2024-01-26 14:39:53,3.9,1.38
2024-01-26 14:42:20,7.43,1.6
2024-01-26 14:44:46,3.75,1.23
2024-01-26 14:47:15,4.72,1.2
2024-01-26 14:49:40,3.95,1.13
2024-01-26 14:52:06,5.05,1.33
2024-01-26 14:54:33,5.2,2.0
2024-01-26 14:57:01,4.9,1.5
2024-01-26 14:59:27,7.75,1.83
2024-01-26 15:01:53,5.2,1.75
2024-01-26 15:04:20,5.97,1.45
2024-01-26 15:06:46,4.97,0.85
2024-01-26 15:09:11,4.63,1.38
2024-01-26 15:11:39,5.82,1.85
2024-01-26 15:14:05,5.45,1.52
2024-01-26 15:16:30,3.17,0.93
2024-01-26 15:19:01,2.88,1.2
2024-01-26 15:21:26,6.07,1.45
2024-01-26 15:23:57,9.57,2.05
2024-01-26 15:26:24,6.32,2.45
2024-01-26 15:28:50,4.15,1.17
2024-01-26 15:31:24,4.8,1.75
2024-01-26 15:33:52,3.78,1.38
2024-01-26 15:36:31,1.75,0.93
2024-01-26 15:38:59,5.47,1.13
2024-01-26 15:41:25,6.97,1.48
2024-01-26 15:43:52,2.65,1.1
2024-01-26 15:46:20,6.25,1.3
2024-01-26 15:48:54,7.88,1.85
2024-01-26 15:51:21,3.63,1.42
2024-01-26 15:53:50,9.3,1.23
2024-01-26 15:56:15,6.5,1.92
2024-01-26 15:58:44,6.43,1.9
2024-01-26 16:01:15,7.63,1.42
2024-01-26 16:03:46,4.1,1.23
2024-01-26 16:06:16,6.68,1.35
2024-01-26 16:08:45,3.47,1.4
2024-01-26 16:11:15,5.2,1.15
2024-01-26 16:13:49,5.32,1.5
2024-01-26 16:16:19,7.95,1.6
2024-01-26 16:21:14,4.93,1.35
2024-01-26 16:23:40,5.93,1.35
2024-01-26 16:26:05,4.63,1.35
2024-01-26 16:28:31,5.4,1.58
2024-01-26 16:31:00,4.4,1.65
2024-01-26 16:33:26,4.13,1.38
2024-01-26 16:35:51,6.4,2.42
2024-01-26 16:38:17,4.57,1.42
2024-01-26 16:40:42,6.6,2.0
2024-01-26 16:43:09,6.25,1.52
2024-01-26 16:45:36,6.78,2.0
2024-01-26 16:48:02,6.47,2.53
2024-01-26 16:50:28,8.38,1.92
2024-01-26 16:52:55,5.8,2.4
2024-01-26 16:55:21,4.85,2.22
2024-01-26 16:57:48,4.68,2.08
2024-01-26 17:00:17,8.38,2.3
2024-01-26 17:02:42,5.85,2.78
2024-01-26 17:05:08,5.72,2.8
2024-01-26 17:07:33,7.35,2.65
2024-01-26 17:09:59,10.45,3.3
2024-01-26 17:12:28,8.95,3.67
2024-01-26 17:14:53,7.05,3.67
2024-01-26 17:17:20,6.5,2.9
2024-01-26 17:19:48,7.2,3.05
2024-01-26 17:22:17,6.4,2.7
2024-01-26 17:24:43,7.1,2.6
2024-01-26 17:27:11,6.85,2.95
2024-01-26 17:29:36,7.35,3.05
2024-01-26 17:32:09,5.1,2.67
2024-01-26 17:34:37,7.93,4.28
2024-01-26 17:37:03,6.47,4.3
2024-01-26 17:39:31,8.32,2.88
2024-01-26 17:41:57,5.4,3.53
2024-01-26 17:44:23,9.3,4.05
2024-01-26 17:46:50,8.23,4.2
2024-01-26 17:49:18,6.03,2.63
2024-01-26 17:51:48,6.97,2.55
2024-01-26 17:54:19,7.35,2.42
2024-01-26 17:56:46,8.13,2.75
2024-01-26 17:59:12,5.4,2.75
2024-01-26 18:01:37,4.25,2.1
2024-01-26 18:04:07,7.6,2.45
2024-01-26 18:06:38,7.68,2.53
2024-01-26 18:09:08,3.6,1.65
2024-01-26 18:11:34,6.68,2.83
2024-01-26 18:14:00,5.4,2.22
2024-01-26 18:16:25,7.6,2.47
2024-01-26 18:18:56,8.85,3.08
2024-01-26 18:21:21,5.78,3.05
2024-01-26 18:23:49,8.2,3.0
2024-01-26 18:26:14,13.3,4.57
2024-01-26 18:28:41,12.68,5.88
2024-01-26 18:31:07,11.35,6.82
2024-01-26 18:33:33,11.65,6.97
2024-01-26 18:35:58,14.25,6.4
2024-01-26 18:38:26,12.45,5.82
2024-01-26 18:40:53,10.73,4.97
2024-01-26 18:43:18,8.82,4.65
2024-01-26 18:45:44,8.52,4.45
2024-01-26 18:48:11,6.68,4.07
2024-01-26 18:50:37,8.6,4.65
2024-01-26 18:53:02,8.75,4.78
2024-01-26 18:55:28,8.93,4.25
2024-01-26 18:57:56,10.02,4.65
2024-01-26 19:00:24,8.9,4.57
2024-01-26 19:02:50,9.9,4.7
2024-01-26 19:05:15,9.2,4.35
2024-01-26 19:07:45,9.7,4.35
2024-01-26 19:10:13,11.77,4.53
2024-01-26 19:12:39,7.97,4.3
2024-01-26 19:15:05,12.75,4.97
2024-01-26 19:17:31,13.63,5.28
2024-01-26 19:19:56,9.95,5.82
2024-01-26 19:22:21,8.9,4.72
2024-01-26 19:24:49,8.23,4.88
2024-01-26 19:27:20,10.2,5.0
2024-01-26 19:29:48,10.43,4.55
2024-01-26 19:32:18,6.35,3.83
2024-01-26 19:34:43,6.6,4.13
2024-01-26 19:37:11,9.45,4.43
2024-01-26 19:39:39,6.8,4.6
2024-01-26 19:42:11,5.82,4.32
2024-01-26 19:44:39,9.63,4.53
2024-01-26 19:47:04,8.0,4.43
2024-01-26 19:49:32,8.35,4.1
2024-01-26 19:52:00,9.07,3.8
2024-01-26 19:54:25,12.82,4.85
2024-01-26 19:56:53,9.27,3.5
2024-01-26 19:59:18,5.13,3.42
2024-01-26 20:01:44,7.05,3.15
2024-01-26 20:04:10,8.52,3.53
2024-01-26 20:06:37,7.18,2.63
2024-01-26 20:09:05,11.15,4.07
2024-01-26 20:11:30,9.45,4.15
2024-01-26 20:13:58,8.57,3.03
2024-01-26 20:16:26,16.92,7.32
2024-01-26 20:18:54,16.27,8.9
2024-01-26 20:21:21,28.55,11.1
2024-01-26 20:23:49,33.2,13.98
2024-01-26 20:26:14,30.42,12.13
2024-01-26 20:28:42,21.88,8.55
2024-01-26 20:31:08,13.2,5.53
2024-01-26 20:36:04,5.72,3.15
2024-01-26 20:38:32,8.05,3.58
2024-01-26 20:41:00,9.32,4.0
2024-01-26 20:43:26,8.13,4.68
2024-01-26 20:45:55,7.5,4.82
2024-01-26 20:48:23,12.5,4.82
2024-01-26 20:50:49,8.9,4.55
2024-01-26 20:55:42,7.37,3.9
2024-01-26 20:58:13,6.68,4.03
2024-01-26 21:00:38,6.15,3.8
2024-01-26 21:03:06,11.68,3.8
2024-01-26 21:05:33,10.07,3.85
2024-01-26 21:08:06,10.9,4.88
2024-01-26 21:10:32,7.13,4.8
2024-01-26 21:12:57,7.63,4.07
2024-01-26 21:15:26,12.0,3.88
2024-01-26 21:17:59,9.32,4.6
2024-01-26 21:20:25,9.5,4.1
2024-01-26 21:22:51,6.1,3.45
2024-01-26 21:25:16,4.68,2.78
2024-01-26 21:27:48,9.3,3.3
2024-01-26 21:30:15,10.13,4.1
2024-01-26 21:32:43,8.65,4.82
2024-01-26 21:35:11,9.5,3.75
2024-01-26 21:37:37,9.2,4.15
2024-01-26 21:40:06,11.9,4.05
2024-01-26 21:42:32,4.93,2.97
2024-01-26 21:45:00,8.65,3.1
2024-01-26 21:47:30,8.25,3.35
2024-01-26 21:49:55,8.43,3.25
2024-01-26 21:52:21,6.2,3.13
2024-01-26 21:54:49,7.65,3.35
2024-01-26 21:57:19,8.55,3.2
2024-01-26 21:59:47,7.93,3.17
2024-01-26 22:02:16,6.5,3.05
2024-01-26 22:04:42,4.7,2.1
2024-01-26 22:07:07,9.48,3.3
2024-01-26 22:09:35,15.07,3.3
2024-01-26 22:12:01,7.95,2.8
2024-01-26 22:14:28,7.5,3.38
2024-01-26 22:16:54,9.6,3.35
2024-01-26 22:19:19,3.85,2.8
2024-01-26 22:21:47,5.05,3.0
2024-01-26 22:24:15,7.53,3.08
2024-01-26 22:26:43,9.6,3.28
2024-01-26 22:29:11,8.93,3.63
2024-01-26 22:31:37,5.57,2.67
2024-01-26 22:34:03,6.7,3.17
2024-01-26 22:36:31,6.25,2.97
2024-01-26 22:39:01,8.25,3.03
2024-01-26 22:41:32,8.38,3.47
2024-01-26 22:44:00,5.65,2.63
2024-01-26 22:46:26,7.72,3.38
2024-01-26 22:48:52,9.2,3.08
2024-01-26 22:51:17,7.32,2.85
2024-01-26 22:53:43,7.35,2.83
2024-01-26 22:56:10,8.95,2.78
2024-01-26 22:58:38,10.8,3.42
2024-01-26 23:01:03,7.0,3.08
2024-01-26 23:03:29,8.07,3.9
2024-01-26 23:05:56,9.13,3.5
2024-01-26 23:08:26,4.78,2.75
2024-01-26 23:10:56,4.68,2.65
2024-01-26 23:13:24,5.47,2.95
2024-01-26 23:15:49,10.27,4.3
2024-01-26 23:18:17,11.1,3.35
2024-01-26 23:20:43,5.05,3.1
2024-01-26 23:23:08,8.6,3.13
2024-01-26 23:25:36,5.78,2.78
2024-01-26 23:28:04,5.22,2.72
2024-01-26 23:30:30,3.9,2.72
2024-01-26 23:32:55,6.9,3.33
2024-01-26 23:35:21,5.45,2.63
2024-01-26 23:37:46,6.93,3.28
2024-01-26 23:40:11,8.5,3.05
2024-01-26 23:42:38,11.25,4.38
2024-01-26 23:45:08,7.18,3.35
2024-01-26 23:47:34,10.32,2.9
2024-01-26 23:49:59,9.32,3.0
2024-01-26 23:52:29,9.32,3.88
2024-01-26 23:55:00,4.7,2.42
2024-01-26 23:57:28,8.4,2.92
2024-01-26 23:59:56,6.8,2.63
2024-01-27 00:02:24,7.07,2.92
2024-01-27 00:04:51,7.53,2.4
2024-01-27 00:07:17,9.82,3.08
2024-01-27 00:09:42,6.8,2.78
2024-01-27 00:12:10,8.68,2.85
2024-01-27 00:14:38,8.45,2.85
2024-01-27 00:17:04,4.88,3.33
2024-01-27 00:19:32,6.32,2.8
2024-01-27 00:21:57,7.05,2.45
2024-01-27 00:24:23,10.27,3.75
2024-01-27 00:26:51,6.47,2.63
2024-01-27 00:29:19,11.23,3.72
2024-01-27 00:31:45,7.7,2.2
2024-01-27 00:34:14,8.27,2.65
2024-01-27 00:36:42,9.52,3.28
2024-01-27 00:39:15,7.3,2.83
2024-01-27 00:41:44,4.95,2.58
2024-01-27 00:44:10,7.93,2.53
2024-01-27 00:46:38,10.1,2.9
2024-01-27 00:49:03,6.7,2.53
2024-01-27 00:51:31,11.95,2.83
2024-01-27 00:53:59,8.23,2.95
2024-01-27 00:56:25,6.75,3.3
2024-01-27 00:58:50,5.65,2.1
2024-01-27 01:01:15,6.75,2.58
2024-01-27 01:03:41,6.97,3.15
2024-01-27 01:06:09,8.07,2.88
2024-01-27 01:08:35,9.6,2.8
2024-01-27 01:11:02,7.45,2.65
2024-01-27 01:13:30,6.97,2.97
2024-01-27 01:15:58,9.68,2.65
2024-01-27 01:18:28,6.15,2.92
2024-01-27 01:20:54,6.07,2.13
2024-01-27 01:23:19,6.28,2.17
2024-01-27 01:25:44,7.0,2.72
2024-01-27 01:28:10,7.35,2.53
2024-01-27 01:30:35,5.95,2.3
2024-01-27 01:33:01,5.43,2.05
2024-01-27 01:35:29,5.88,2.13
2024-01-27 01:37:57,4.47,2.4
2024-01-27 01:40:24,4.55,2.53
2024-01-27 01:42:50,6.85,2.92
2024-01-27 01:45:16,8.15,2.83
2024-01-27 01:47:45,6.47,2.5
2024-01-27 01:50:13,7.18,2.45
2024-01-27 01:52:41,7.88,2.33
2024-01-27 01:55:09,7.95,2.45
2024-01-27 01:57:35,10.13,2.22
2024-01-27 02:00:03,6.38,2.4
2024-01-27 02:02:28,5.53,2.58
2024-01-27 02:04:54,5.28,2.42
2024-01-27 02:07:19,9.93,2.58
2024-01-27 02:09:49,3.47,2.05
2024-01-27 02:12:19,4.68,2.3
2024-01-27 02:14:47,5.72,2.1
2024-01-27 02:17:14,4.75,2.5
2024-01-27 02:19:40,14.23,2.63
2024-01-27 02:22:07,4.65,2.35
2024-01-27 02:24:33,7.55,2.2
2024-01-27 02:27:01,7.2,2.4
2024-01-27 02:29:26,8.52,2.92
2024-01-27 02:31:53,11.13,3.05
2024-01-27 02:34:19,7.38,2.9
2024-01-27 02:36:46,6.68,2.9
2024-01-27 02:39:12,5.8,3.0
2024-01-27 02:41:37,8.18,2.95
2024-01-27 02:44:07,4.13,2.3
2024-01-27 02:46:32,9.6,2.65
2024-01-27 02:48:57,5.88,2.75
2024-01-27 02:51:25,4.05,2.45
2024-01-27 02:53:53,6.9,2.4
2024-01-27 02:56:21,8.0,2.55
2024-01-27 02:58:46,5.43,2.47
2024-01-27 03:01:15,11.63,2.85
2024-01-27 03:03:40,7.57,3.22
2024-01-27 03:06:05,6.0,2.95
2024-01-27 03:08:31,4.57,2.3
2024-01-27 03:10:56,7.72,2.67
2024-01-27 03:13:22,4.6,2.65
2024-01-27 03:15:47,5.72,2.35
2024-01-27 03:18:15,8.05,2.45
2024-01-27 03:20:43,4.18,2.55
2024-01-27 03:23:08,12.93,2.75
2024-01-27 03:25:34,4.07,2.38
2024-01-27 03:28:01,7.8,2.8
2024-01-27 03:30:27,7.65,2.6
2024-01-27 03:32:55,11.7,3.17
2024-01-27 03:35:20,7.68,2.8
2024-01-27 03:37:45,8.13,2.35
2024-01-27 03:40:14,7.35,2.83
2024-01-27 03:42:39,7.8,2.83
2024-01-27 03:45:05,8.77,2.72
2024-01-27 03:47:32,5.35,2.5
2024-01-27 03:49:58,6.1,2.4
2024-01-27 03:52:26,9.98,3.2
2024-01-27 03:54:51,7.63,2.72
2024-01-27 03:57:20,11.88,3.22
2024-01-27 03:59:45,5.28,2.38
2024-01-27 04:02:11,9.98,2.97
2024-01-27 04:04:36,7.78,2.95
2024-01-27 04:07:04,5.72,2.28
2024-01-27 04:09:29,10.27,2.88
2024-01-27 04:11:55,6.57,3.08
2024-01-27 04:14:20,7.18,3.58
2024-01-27 04:16:45,9.4,3.53
2024-01-27 04:19:11,10.0,4.47
2024-01-27 04:21:41,7.3,3.38
2024-01-27 04:24:07,7.43,3.45
2024-01-27 04:26:33,7.2,3.9
2024-01-27 04:28:58,8.27,3.4
2024-01-27 04:31:24,11.57,3.42
2024-01-27 04:33:51,9.98,3.53
2024-01-27 04:36:27,12.7,3.35
2024-01-27 04:41:25,10.0,2.92
2024-01-27 04:43:53,5.13,2.78
2024-01-27 04:46:22,6.18,2.72
2024-01-27 04:48:50,8.3,2.95
2024-01-27 04:51:18,9.75,3.95
2024-01-27 04:53:43,9.0,3.92
2024-01-27 04:56:09,12.75,3.35
2024-01-27 04:58:38,6.63,3.2
2024-01-27 05:01:03,6.88,3.03
2024-01-27 05:03:28,8.02,3.1
2024-01-27 05:05:54,8.38,3.17
2024-01-27 05:08:19,11.45,3.42
2024-01-27 05:10:45,6.6,3.1
2024-01-27 05:13:10,12.98,3.5
2024-01-27 05:15:35,7.8,2.78
2024-01-27 05:18:01,5.7,3.2
2024-01-27 05:20:29,5.7,3.1
2024-01-27 05:22:57,9.5,4.03
2024-01-27 05:25:24,5.93,3.33
2024-01-27 05:27:50,8.63,3.4
2024-01-27 05:30:15,6.47,2.95
2024-01-27 05:32:44,9.7,3.42
2024-01-27 05:35:09,9.63,3.8
2024-01-27 05:37:35,9.88,3.25
2024-01-27 05:40:01,6.43,2.42
2024-01-27 05:42:33,8.43,2.85
2024-01-27 05:44:59,9.68,3.45
2024-01-27 05:47:24,7.6,3.05
2024-01-27 05:49:54,10.98,2.83
2024-01-27 05:52:19,5.32,2.65
2024-01-27 05:54:47,9.63,3.97
2024-01-27 05:57:15,7.6,3.47
2024-01-27 05:59:40,5.82,3.35
2024-01-27 06:02:08,8.2,3.3
2024-01-27 06:04:36,5.88,3.13
2024-01-27 06:07:06,6.03,2.8
2024-01-27 06:09:34,7.43,3.03
2024-01-27 06:11:59,8.1,3.33
2024-01-27 06:14:28,6.28,3.28
2024-01-27 06:16:53,8.95,3.13
2024-01-27 06:19:19,6.72,3.72
2024-01-27 06:21:44,12.1,3.53
2024-01-27 06:24:12,10.63,3.45
2024-01-27 06:26:37,6.43,3.17
2024-01-27 06:29:03,10.5,3.28
2024-01-27 06:33:54,6.3,2.6
2024-01-27 06:36:22,12.9,3.28
2024-01-27 06:38:50,5.88,2.67
2024-01-27 06:41:19,6.07,3.08
2024-01-27 06:43:47,6.93,2.95
2024-01-27 06:46:12,9.5,3.63
2024-01-27 06:48:38,10.32,3.2
2024-01-27 06:51:03,7.35,3.3
2024-01-27 06:53:29,11.27,5.15
2024-01-27 06:55:57,18.05,5.28
2024-01-27 06:58:22,10.13,3.95
2024-01-27 07:00:48,6.72,3.97
2024-01-27 07:03:18,9.77,3.22
2024-01-27 07:05:43,7.6,3.58
2024-01-27 07:08:11,11.15,3.85
2024-01-27 07:10:39,9.73,3.78
2024-01-27 07:13:08,7.88,3.35
2024-01-27 07:15:36,7.45,3.75
2024-01-27 07:18:04,10.43,3.92
2024-01-27 07:20:35,6.55,3.53
2024-01-27 07:23:00,6.55,3.9
2024-01-27 07:25:26,9.8,3.6
2024-01-27 07:27:53,11.77,4.45
2024-01-27 07:30:18,9.3,3.85
2024-01-27 07:32:44,8.38,3.78
2024-01-27 07:35:11,9.05,4.57
2024-01-27 07:37:37,8.38,3.97
2024-01-27 07:40:05,9.23,4.05
2024-01-27 07:42:31,8.8,4.13
2024-01-27 07:44:59,7.63,4.03
2024-01-27 07:47:24,6.32,3.38
2024-01-27 07:49:52,7.03,4.15
2024-01-27 07:52:18,7.25,3.67
2024-01-27 07:54:43,7.18,3.5
2024-01-27 07:57:08,6.55,3.6
2024-01-27 07:59:34,10.8,4.15
2024-01-27 08:01:59,6.5,4.45
2024-01-27 08:04:30,7.63,4.53
2024-01-27 08:06:55,6.47,3.83
2024-01-27 08:09:24,9.2,3.92
2024-01-27 08:11:51,8.2,4.53
2024-01-27 08:14:17,7.4,3.75
2024-01-27 08:16:46,10.23,4.65
2024-01-27 08:19:13,15.45,4.03
2024-01-27 08:21:45,12.93,4.32
2024-01-27 08:24:10,9.15,3.33
2024-01-27 08:26:36,7.93,3.42
2024-01-27 08:29:03,8.32,3.35
2024-01-27 08:31:33,6.88,3.75
2024-01-27 08:34:03,11.1,4.22
2024-01-27 08:36:33,8.68,4.07
2024-01-27 08:38:59,8.52,4.0
2024-01-27 08:41:28,11.07,4.5
2024-01-27 08:43:56,8.07,4.03
2024-01-27 08:46:24,6.55,3.83
2024-01-27 08:48:54,8.48,3.83
2024-01-27 08:51:24,9.65,3.55
2024-01-27 08:53:49,6.28,3.6
2024-01-27 08:56:15,6.45,3.88
2024-01-27 08:58:42,11.93,4.9
2024-01-27 09:03:43,8.98,4.03
2024-01-27 09:06:11,10.48,4.15
2024-01-27 09:08:36,8.15,4.1
2024-01-27 09:11:08,5.7,4.07
2024-01-27 09:13:36,12.57,4.3
2024-01-27 09:16:02,6.82,4.15
2024-01-27 09:18:29,9.68,4.15
2024-01-27 09:20:57,7.38,4.05
2024-01-27 09:23:27,10.48,4.65
2024-01-27 09:25:53,9.9,5.1
2024-01-27 09:28:18,7.97,4.8
2024-01-27 09:30:46,9.75,5.07
2024-01-27 09:33:14,7.93,4.22
2024-01-27 09:35:39,8.1,4.72
2024-01-27 09:38:05,8.98,4.8
2024-01-27 09:40:39,7.1,4.75
2024-01-27 09:43:11,6.85,4.3
2024-01-27 09:45:38,8.38,4.75
2024-01-27 09:48:06,7.68,4.3
2024-01-27 09:50:36,11.3,4.38
2024-01-27 09:53:02,7.3,4.35
2024-01-27 09:55:33,9.2,4.4
2024-01-27 09:58:01,9.6,4.28
2024-01-27 10:00:28,10.32,3.92
2024-01-27 10:02:59,8.1,4.85
2024-01-27 10:05:25,11.6,4.1
2024-01-27 10:07:54,8.23,4.65
2024-01-27 10:10:20,8.55,4.2
2024-01-27 10:12:45,8.18,4.13
2024-01-27 10:15:20,9.2,3.65
2024-01-27 10:17:48,7.47,3.75
2024-01-27 10:20:14,10.77,4.13
2024-01-27 10:22:44,10.0,4.38
2024-01-27 10:25:12,10.65,4.3
2024-01-27 10:27:38,8.2,4.07
2024-01-27 10:30:13,6.68,4.07
2024-01-27 10:32:43,17.33,5.0
2024-01-27 10:35:08,9.1,4.25
2024-01-27 10:37:34,11.45,4.57
2024-01-27 10:42:35,9.1,4.55
2024-01-27 10:45:02,12.77,4.5
2024-01-27 10:49:58,6.6,3.83
2024-01-27 10:52:31,8.52,3.35
2024-01-27 10:55:01,14.7,4.57
2024-01-27 10:57:31,10.75,4.25
2024-01-27 11:00:01,8.77,4.2
2024-01-27 11:02:34,6.82,3.92
2024-01-27 11:05:03,5.85,5.07
2024-01-27 11:07:34,11.95,5.5
2024-01-27 11:10:00,10.35,4.53
2024-01-27 11:12:28,8.15,3.97
2024-01-27 11:14:54,13.32,4.43
2024-01-27 11:17:23,6.45,3.83
2024-01-27 11:19:49,10.4,4.0
2024-01-27 11:22:48,8.52,4.93
2024-01-27 11:25:17,9.35,4.63
2024-01-27 11:27:48,8.0,3.92
2024-01-27 11:30:24,9.98,5.45
2024-01-27 11:33:01,11.6,3.65
2024-01-27 11:35:33,8.8,3.63
2024-01-27 11:38:00,7.47,4.1
2024-01-27 11:40:30,7.32,3.72
2024-01-27 11:43:00,11.57,4.25
2024-01-27 11:45:26,8.57,3.53
2024-01-27 11:47:55,8.73,3.05
2024-01-27 11:50:23,9.38,3.42
2024-01-27 11:52:49,7.32,3.67
2024-01-27 11:55:17,12.07,4.25
2024-01-27 11:57:45,7.0,3.78
2024-01-27 12:00:13,9.55,4.18
2024-01-27 12:02:38,9.05,3.58
2024-01-27 12:05:08,10.63,3.2
2024-01-27 12:07:33,12.23,3.75
2024-01-27 12:09:58,11.35,4.1
2024-01-27 12:12:24,13.95,3.78
2024-01-27 12:14:50,7.9,4.03
2024-01-27 12:17:17,7.93,3.3
2024-01-27 12:19:49,6.93,3.28
2024-01-27 12:22:22,8.05,3.17
2024-01-27 12:24:48,9.75,3.6
2024-01-27 12:27:13,7.0,3.13
2024-01-27 12:29:43,8.1,3.05
2024-01-27 12:32:13,8.88,2.85
2024-01-27 12:34:42,5.7,2.78
2024-01-27 12:37:11,6.18,2.8
2024-01-27 12:39:42,9.3,3.2
2024-01-27 12:42:11,6.53,2.97
2024-01-27 12:44:44,10.02,2.88
2024-01-27 12:47:09,10.55,4.85
2024-01-27 12:49:35,5.65,2.6
2024-01-27 12:52:04,8.6,2.78
2024-01-27 12:54:30,5.0,2.13
2024-01-27 12:56:56,4.68,2.15
2024-01-27 12:59:21,8.18,2.55
2024-01-27 13:01:48,10.77,2.42
2024-01-27 13:04:14,7.4,2.45
2024-01-27 13:06:39,5.78,2.58
2024-01-27 13:09:08,5.3,2.45
2024-01-27 13:11:39,6.57,2.35
2024-01-27 13:14:07,5.8,2.33
2024-01-27 13:16:34,5.32,2.25
2024-01-27 13:19:00,10.15,1.98
2024-01-27 13:21:25,6.5,2.4
2024-01-27 13:23:55,8.07,2.63
2024-01-27 13:26:21,11.3,3.2
2024-01-27 13:28:51,8.55,2.72
2024-01-27 13:31:16,5.13,2.55
2024-01-27 13:33:43,4.13,2.67
2024-01-27 13:36:10,6.63,2.83
2024-01-27 13:38:36,4.45,1.88
2024-01-27 13:41:06,7.93,2.7
2024-01-27 13:43:34,9.1,3.1
2024-01-27 13:46:01,4.53,2.2
2024-01-27 13:48:29,12.5,2.83
2024-01-27 13:50:55,7.97,3.25
2024-01-27 13:53:21,6.53,2.45
2024-01-27 13:55:49,8.73,1.9
2024-01-27 13:58:14,5.57,2.42
2024-01-27 14:00:40,8.45,3.03
2024-01-27 14:03:05,6.9,2.78
2024-01-27 14:05:33,5.97,2.13
2024-01-27 14:07:59,7.63,2.4
2024-01-27 14:10:29,11.43,2.08
2024-01-27 14:12:54,6.1,1.88
2024-01-27 14:15:19,6.65,1.83
2024-01-27 14:17:47,4.7,1.83
2024-01-27 14:20:13,6.63,2.35
2024-01-27 14:22:38,6.05,2.15
2024-01-27 14:25:04,10.88,2.0
2024-01-27 14:27:30,8.5,2.2
2024-01-27 14:29:57,14.4,2.28
2024-01-27 14:32:25,10.2,2.83
2024-01-27 14:34:51,4.8,2.0
2024-01-27 14:37:18,6.88,1.9
2024-01-27 14:39:46,5.15,2.08
2024-01-27 14:42:15,6.3,2.03
2024-01-27 14:44:44,4.63,1.88
2024-01-27 14:47:15,6.82,1.65
2024-01-27 14:49:41,4.72,1.73
2024-01-27 14:52:10,6.15,1.63
2024-01-27 14:54:37,6.7,2.03
2024-01-27 14:57:03,5.78,1.85
2024-01-27 14:59:35,7.1,2.0
2024-01-27 15:02:04,4.05,2.03
2024-01-27 15:04:31,7.45,2.42
2024-01-27 15:06:59,6.05,2.78
2024-01-27 15:09:25,9.95,2.78
2024-01-27 15:11:52,5.25,2.15
2024-01-27 15:14:23,6.72,1.67
2024-01-27 15:16:52,4.5,1.8
2024-01-27 15:19:22,8.02,2.05
2024-01-27 15:21:52,9.15,3.0
2024-01-27 15:24:18,10.4,2.13
2024-01-27 15:26:46,4.0,1.8
2024-01-27 15:29:14,7.28,2.03
2024-01-27 15:31:40,6.0,2.03
2024-01-27 15:34:05,4.93,1.95
2024-01-27 15:36:33,6.2,3.0
2024-01-27 15:38:58,6.65,2.13
2024-01-27 15:41:26,6.82,2.42
2024-01-27 15:43:51,5.4,2.28
2024-01-27 15:46:17,10.27,2.42
2024-01-27 15:48:44,5.55,2.25
2024-01-27 15:51:12,6.38,2.33
2024-01-27 15:53:40,9.2,3.1
2024-01-27 15:56:05,5.78,2.8
2024-01-27 15:58:33,10.82,3.05
2024-01-27 16:01:01,8.1,3.45
2024-01-27 16:03:26,10.7,3.5
2024-01-27 16:05:54,5.53,2.5
2024-01-27 16:08:22,8.57,2.7
2024-01-27 16:10:49,9.77,3.03
2024-01-27 16:13:18,7.95,2.83
2024-01-27 16:15:44,11.25,4.45
2024-01-27 16:18:12,6.88,2.8
2024-01-27 16:20:40,9.35,2.6
2024-01-27 16:23:06,9.27,2.83
2024-01-27 16:25:34,7.15,3.1
2024-01-27 16:28:02,11.1,3.45
2024-01-27 16:30:30,5.1,2.3
2024-01-27 16:32:55,8.82,2.78
2024-01-27 16:35:20,10.23,3.2
2024-01-27 16:37:50,8.3,3.5
2024-01-27 16:40:16,10.75,3.28
2024-01-27 16:42:41,7.65,3.22
2024-01-27 16:45:07,7.8,3.53
2024-01-27 16:47:34,10.75,4.25
2024-01-27 16:50:00,16.23,5.13
2024-01-27 16:52:28,9.82,4.32
2024-01-27 16:54:54,7.38,4.0
2024-01-27 16:57:20,6.95,3.45
2024-01-27 16:59:46,8.38,4.2
2024-01-27 17:02:14,9.43,3.58
2024-01-27 17:04:42,12.3,4.47
2024-01-27 17:07:14,9.55,4.07
2024-01-27 17:09:42,8.02,4.22
2024-01-27 17:12:07,9.15,3.78
2024-01-27 17:14:37,7.55,3.38
2024-01-27 17:17:08,8.18,3.38
2024-01-27 17:19:33,9.43,3.85
2024-01-27 17:22:00,9.77,3.35
2024-01-27 17:24:26,5.88,3.28
2024-01-27 17:26:53,11.02,4.13
2024-01-27 17:29:19,7.75,4.25
2024-01-27 17:31:46,7.9,3.67
2024-01-27 17:34:12,8.9,3.85
2024-01-27 17:36:37,9.77,3.65
2024-01-27 17:39:05,7.7,3.33
2024-01-27 17:41:31,8.7,3.7
2024-01-27 17:43:59,8.98,3.7
2024-01-27 17:46:24,9.98,4.8
2024-01-27 17:48:49,13.63,5.88
2024-01-27 17:51:15,11.77,5.4
2024-01-27 17:53:41,9.6,4.72
2024-01-27 17:56:08,15.4,4.6
2024-01-27 17:58:44,9.95,4.22
2024-01-27 18:01:09,8.4,3.5
2024-01-27 18:03:35,7.0,3.95
2024-01-27 18:06:03,7.38,3.8
2024-01-27 18:08:31,9.02,4.2
2024-01-27 18:10:59,10.52,4.65
2024-01-27 18:13:24,9.23,4.25
2024-01-27 18:15:52,9.13,4.9
2024-01-27 18:18:18,9.85,4.55
2024-01-27 18:20:43,9.48,4.32
2024-01-27 18:23:09,7.82,4.93
2024-01-27 18:25:36,11.15,4.95
2024-01-27 18:28:02,10.0,5.57
2024-01-27 18:30:30,11.07,6.0
2024-01-27 18:32:56,14.05,6.18
2024-01-27 18:35:24,10.65,5.15
2024-01-27 18:37:50,14.3,5.88
2024-01-27 18:40:18,12.82,5.57
2024-01-27 18:42:46,12.05,5.8
2024-01-27 18:45:11,13.18,5.35
2024-01-27 18:47:39,9.4,5.53
2024-01-27 18:50:10,14.07,6.25
2024-01-27 18:52:38,14.65,5.95
2024-01-27 18:55:05,13.68,5.88
2024-01-27 18:57:38,11.5,6.07
2024-01-27 19:00:06,9.68,5.03
2024-01-27 19:02:33,7.0,5.03
2024-01-27 19:04:58,7.68,4.93
2024-01-27 19:07:31,9.75,5.68
2024-01-27 19:09:56,10.3,6.18
2024-01-27 19:12:21,11.77,6.15
2024-01-27 19:14:49,6.97,4.95
2024-01-27 19:17:16,9.55,4.95
2024-01-27 19:19:44,10.7,5.32
2024-01-27 19:22:10,7.57,4.9
2024-01-27 19:24:35,10.82,5.32
2024-01-27 19:27:03,12.02,5.63
2024-01-27 19:29:31,9.7,5.22
2024-01-27 19:31:58,9.6,4.78
2024-01-27 19:34:26,10.48,5.6
2024-01-27 19:36:55,12.3,5.2
2024-01-27 19:39:23,10.5,6.05
2024-01-27 19:41:49,11.6,5.18
2024-01-27 19:44:16,5.75,4.55
2024-01-27 19:46:42,12.15,5.1
2024-01-27 19:49:07,10.52,5.03
2024-01-27 19:51:33,10.43,5.03
2024-01-27 19:53:59,9.32,5.05
2024-01-27 19:56:24,8.23,5.1
2024-01-27 19:58:52,9.43,5.75
2024-01-27 20:01:17,12.18,5.7
2024-01-27 20:03:43,11.7,5.57
2024-01-27 20:06:08,10.82,4.9
2024-01-27 20:08:36,7.72,4.72
2024-01-27 20:11:03,10.63,5.3
2024-01-27 20:13:31,11.05,5.25
2024-01-27 20:15:56,8.57,5.18
2024-01-27 20:18:24,7.7,5.07
2024-01-27 20:20:50,13.5,4.95
2024-01-27 20:23:18,10.13,5.2
2024-01-27 20:25:47,12.93,5.47
2024-01-27 20:28:16,15.45,5.47
2024-01-27 20:30:45,9.4,5.63
2024-01-27 20:33:11,13.98,5.53
2024-01-27 20:35:36,12.9,6.22
2024-01-27 20:38:01,7.93,5.32
2024-01-27 20:40:29,13.48,6.13
2024-01-27 20:42:55,7.78,5.8
2024-01-27 20:45:20,11.27,6.28
2024-01-27 20:47:47,9.48,6.45
2024-01-27 20:50:12,9.13,5.15
2024-01-27 20:52:40,13.0,5.38
2024-01-27 20:55:07,13.6,6.97
2024-01-27 20:57:40,12.77,5.4
2024-01-27 21:00:10,15.27,6.38
2024-01-27 21:02:41,15.25,6.4
2024-01-27 21:05:09,17.83,6.63
2024-01-27 21:07:41,13.02,6.5
2024-01-27 21:10:09,12.75,6.32
2024-01-27 21:12:37,12.93,6.85
2024-01-27 21:15:02,10.2,5.9
2024-01-27 21:17:33,14.07,6.68
2024-01-27 21:20:03,9.98,6.43
2024-01-27 21:22:31,10.88,5.65
2024-01-27 21:24:58,13.05,6.65
2024-01-27 21:27:24,11.18,6.53
2024-01-27 21:29:51,11.13,5.68
2024-01-27 21:32:17,12.05,6.4
2024-01-27 21:34:43,11.8,5.35
2024-01-27 21:37:09,12.77,6.95
2024-01-27 21:39:34,16.35,5.88
2024-01-27 21:42:00,8.85,5.1
2024-01-27 21:44:28,13.7,6.1
2024-01-27 21:46:55,14.27,6.1
2024-01-27 21:49:23,18.1,11.32
2024-01-27 21:51:49,15.18,5.8
2024-01-27 21:54:17,15.57,5.53
2024-01-27 21:56:43,11.23,6.0
2024-01-27 21:59:09,9.45,5.2
2024-01-27 22:01:35,9.13,5.3
2024-01-27 22:04:03,8.8,5.18
2024-01-27 22:06:28,11.98,5.85
2024-01-27 22:08:56,8.3,5.45
2024-01-27 22:11:26,11.7,5.25
2024-01-27 22:13:52,11.6,4.93
2024-01-27 22:16:17,12.7,5.45
2024-01-27 22:18:45,11.55,5.45
2024-01-27 22:21:12,7.7,5.05
2024-01-27 22:23:40,9.63,5.35
2024-01-27 22:26:10,7.78,5.1
2024-01-27 22:28:36,9.63,5.35
2024-01-27 22:31:04,8.7,5.2
2024-01-27 22:33:34,9.68,5.95
2024-01-27 22:36:02,8.48,5.3
2024-01-27 22:38:33,10.63,5.55
2024-01-27 22:40:59,10.65,4.8
2024-01-27 22:43:28,9.57,4.6
2024-01-27 22:45:55,9.9,4.47
2024-01-27 22:48:21,8.57,4.15
2024-01-27 22:50:46,9.3,4.15
2024-01-27 22:53:15,8.52,4.57
2024-01-27 22:55:49,12.82,5.43
2024-01-27 22:58:14,9.13,4.38
2024-01-27 23:00:39,7.85,4.18
2024-01-27 23:03:08,9.35,4.78
2024-01-27 23:05:35,9.25,4.47
2024-01-27 23:08:05,11.25,4.82
2024-01-27 23:10:31,16.65,5.07
2024-01-27 23:12:57,10.43,4.47
2024-01-27 23:15:25,15.8,5.35
2024-01-27 23:17:50,13.23,4.47
2024-01-27 23:20:16,8.2,4.68
2024-01-27 23:22:41,11.15,5.35
2024-01-27 23:25:07,12.32,5.7
2024-01-27 23:27:34,12.0,5.22
2024-01-27 23:30:02,10.55,4.72
2024-01-27 23:32:30,9.48,5.1
2024-01-27 23:34:55,14.02,6.57
2024-01-27 23:37:24,13.93,6.7
2024-01-27 23:39:49,11.25,6.3
2024-01-27 23:42:17,10.8,6.13
2024-01-27 23:44:45,11.48,5.82
2024-01-27 23:47:12,14.9,5.95
2024-01-27 23:49:38,9.95,5.68
2024-01-27 23:52:06,9.75,5.82
2024-01-27 23:54:35,13.35,5.85
2024-01-27 23:57:02,9.75,5.7
2024-01-27 23:59:28,8.6,5.45
2024-01-28 00:01:58,9.9,5.65
2024-01-28 00:04:26,8.32,4.78
2024-01-28 00:06:54,10.65,4.57
2024-01-28 00:09:19,9.55,4.88
2024-01-28 00:11:45,9.85,4.93
2024-01-28 00:14:10,8.55,4.5
2024-01-28 00:16:36,7.88,4.57
2024-01-28 00:19:03,9.38,5.32
2024-01-28 00:21:30,7.57,4.5
2024-01-28 00:23:58,10.3,5.15
2024-01-28 00:26:25,8.73,5.0
2024-01-28 00:28:55,11.23,5.05
2024-01-28 00:31:20,12.25,5.15
2024-01-28 00:33:48,10.07,5.82
2024-01-28 00:36:15,10.5,4.8
2024-01-28 00:38:41,7.13,4.22
2024-01-28 00:41:08,11.63,4.93
2024-01-28 00:43:34,11.25,5.18
2024-01-28 00:45:59,8.9,4.93
2024-01-28 00:48:29,8.0,4.6
2024-01-28 00:50:55,8.82,5.0
2024-01-28 00:53:22,8.52,4.68
2024-01-28 00:55:48,9.4,5.1
2024-01-28 00:58:16,7.95,4.65
2024-01-28 01:00:41,6.15,4.93
2024-01-28 01:03:09,8.8,4.68
2024-01-28 01:05:37,9.43,4.93
2024-01-28 01:08:06,10.15,4.95
2024-01-28 01:10:32,15.13,5.3
2024-01-28 01:12:58,10.85,4.97
2024-01-28 01:15:23,12.07,4.9
2024-01-28 01:17:48,11.65,5.35
2024-01-28 01:20:15,7.63,5.1
2024-01-28 01:22:43,8.8,4.7
2024-01-28 01:25:12,8.93,5.1
2024-01-28 01:27:42,10.02,4.72
2024-01-28 01:30:10,11.27,4.72
2024-01-28 01:32:38,6.07,4.35
2024-01-28 01:35:06,11.82,4.63
2024-01-28 01:37:36,9.27,5.4
2024-01-28 01:40:02,7.43,3.95
2024-01-28 01:42:30,8.55,4.68
2024-01-28 01:44:56,10.0,5.65
2024-01-28 01:47:23,7.22,4.6
2024-01-28 01:49:53,9.05,4.7
2024-01-28 01:52:19,10.2,5.1
2024-01-28 01:54:46,8.3,4.68
2024-01-28 01:57:12,12.8,4.75
2024-01-28 01:59:42,7.5,4.55
2024-01-28 02:02:10,9.9,4.47
2024-01-28 02:04:38,10.43,5.15
2024-01-28 02:07:04,7.95,4.93
2024-01-28 02:09:30,8.3,4.75
2024-01-28 02:11:59,8.32,4.05
2024-01-28 02:14:31,9.82,5.35
2024-01-28 02:16:57,10.4,4.78
2024-01-28 02:19:26,7.78,4.5
2024-01-28 02:21:54,12.82,4.85
2024-01-28 02:24:21,10.23,5.47
2024-01-28 02:26:47,8.27,4.35
2024-01-28 02:29:12,9.35,4.85
2024-01-28 02:31:40,14.85,5.57
2024-01-28 02:34:05,7.65,4.53
2024-01-28 02:36:33,7.82,4.22
2024-01-28 02:39:01,8.85,4.03
2024-01-28 02:41:29,8.32,4.5
2024-01-28 02:43:59,10.32,4.75
2024-01-28 02:46:27,7.7,4.2
2024-01-28 02:48:52,7.13,4.2
2024-01-28 02:51:20,8.38,4.32
2024-01-28 02:53:48,7.5,3.45
2024-01-28 02:56:16,11.77,4.55
2024-01-28 02:58:46,8.75,4.82
2024-01-28 03:01:12,8.23,4.18
2024-01-28 03:03:40,9.5,3.7
2024-01-28 03:06:05,7.28,4.03
2024-01-28 03:08:31,7.22,4.03
2024-01-28 03:10:59,11.38,4.4
2024-01-28 03:13:24,5.7,3.22
2024-01-28 03:15:50,7.95,3.95
2024-01-28 03:18:17,6.95,3.15
2024-01-28 03:20:42,8.18,3.72
2024-01-28 03:23:08,8.02,4.03
2024-01-28 03:25:36,6.68,3.8
2024-01-28 03:28:06,7.38,3.83
2024-01-28 03:30:33,10.55,4.03
2024-01-28 03:32:59,7.8,4.03
2024-01-28 03:35:24,8.85,4.82
2024-01-28 03:37:49,5.55,3.38
2024-01-28 03:40:15,9.88,4.25
2024-01-28 03:42:44,6.45,4.0
2024-01-28 03:45:12,10.85,4.45
2024-01-28 03:47:40,8.38,4.28
2024-01-28 03:50:05,9.43,4.13
2024-01-28 03:52:31,5.0,3.67
2024-01-28 03:55:01,7.43,4.13
2024-01-28 03:59:54,7.8,3.9
2024-01-28 04:02:19,6.6,3.63
2024-01-28 04:04:47,5.68,3.42
2024-01-28 04:07:17,6.6,3.5
2024-01-28 04:09:42,6.13,4.28
2024-01-28 04:12:07,8.43,4.05
2024-01-28 04:14:33,8.43,4.43
2024-01-28 04:17:00,10.32,3.9
2024-01-28 04:19:26,5.32,3.6
2024-01-28 04:21:51,10.6,3.58
2024-01-28 04:24:17,8.7,3.6
2024-01-28 04:26:42,6.18,4.07
2024-01-28 04:29:08,5.18,3.5
2024-01-28 04:31:41,6.22,3.15
2024-01-28 04:34:07,8.2,3.3
2024-01-28 04:36:33,6.32,3.5
2024-01-28 04:38:59,8.77,3.67
2024-01-28 04:41:24,6.5,3.35
2024-01-28 04:43:52,7.13,3.28
2024-01-28 04:46:20,5.55,3.17
2024-01-28 04:48:45,5.3,3.3
2024-01-28 04:51:11,5.97,3.0
2024-01-28 04:53:36,7.0,2.97
2024-01-28 04:56:04,6.05,3.63
2024-01-28 04:58:30,6.2,3.17
2024-01-28 05:00:55,5.28,3.03
2024-01-28 05:03:23,7.57,3.63
2024-01-28 05:05:51,10.13,3.33
2024-01-28 05:08:16,6.88,3.22
2024-01-28 05:10:44,4.97,3.47
2024-01-28 05:13:11,5.78,3.3
2024-01-28 05:15:37,6.25,3.3
2024-01-28 05:18:05,4.6,3.17
2024-01-28 05:20:31,7.0,2.95
2024-01-28 05:22:59,5.93,3.3
2024-01-28 05:25:27,6.07,3.55
2024-01-28 05:27:53,8.18,3.1
2024-01-28 05:30:19,5.78,3.42
2024-01-28 05:32:44,8.1,3.6
2024-01-28 05:35:13,7.68,3.22
2024-01-28 05:37:38,5.5,3.15
2024-01-28 05:40:05,5.78,3.17
2024-01-28 05:42:34,6.22,3.05
2024-01-28 05:44:59,10.15,4.18
2024-01-28 05:47:25,7.3,3.42
2024-01-28 05:49:50,7.35,3.13
2024-01-28 05:52:15,5.3,3.2
2024-01-28 05:54:41,6.82,3.22
2024-01-28 05:57:08,7.22,3.28
2024-01-28 05:59:38,6.0,3.4
2024-01-28 06:02:03,5.6,2.95
2024-01-28 06:04:31,4.97,3.0
2024-01-28 06:06:57,9.65,3.45
2024-01-28 06:09:26,6.2,3.53
2024-01-28 06:11:55,5.1,3.58
2024-01-28 06:14:20,5.57,3.65
2024-01-28 06:16:49,5.3,3.65
2024-01-28 06:19:16,7.13,3.35
2024-01-28 06:21:44,5.3,3.38
2024-01-28 06:24:11,8.8,3.67
2024-01-28 06:26:37,9.9,3.42
2024-01-28 06:29:07,5.78,2.95
2024-01-28 06:31:33,5.7,3.85
2024-01-28 06:33:58,4.55,2.92
2024-01-28 06:36:24,8.1,2.67
2024-01-28 06:38:49,4.05,2.72
2024-01-28 06:41:15,7.25,3.28
2024-01-28 06:43:41,4.82,2.7
2024-01-28 06:46:09,6.5,3.33
2024-01-28 06:48:36,4.45,3.2
2024-01-28 06:51:03,7.68,3.17
2024-01-28 06:53:30,5.78,3.1
2024-01-28 06:55:57,6.5,2.9
2024-01-28 06:58:23,9.55,3.6
2024-01-28 07:00:50,5.32,3.05
2024-01-28 07:03:16,4.68,3.1
2024-01-28 07:05:46,6.13,3.1
2024-01-28 07:08:14,6.97,2.85
2024-01-28 07:10:40,10.63,3.08
2024-01-28 07:13:05,6.88,2.9
2024-01-28 07:15:33,8.8,2.92
2024-01-28 07:18:01,6.82,3.35
2024-01-28 07:20:29,6.13,2.92
2024-01-28 07:22:57,6.32,3.08
2024-01-28 07:25:22,5.03,3.2
2024-01-28 07:27:47,7.57,3.1
2024-01-28 07:30:13,5.35,2.8
2024-01-28 07:32:41,5.2,2.47
2024-01-28 07:35:07,6.15,3.0
2024-01-28 07:37:34,5.22,2.78
2024-01-28 07:40:00,4.82,3.0
2024-01-28 07:42:29,5.32,3.35
2024-01-28 07:44:57,4.0,2.97
2024-01-28 07:47:24,7.3,3.47
2024-01-28 07:49:50,5.5,2.97
2024-01-28 07:52:16,4.97,2.5
2024-01-28 07:54:44,4.43,3.1
2024-01-28 07:57:12,8.05,3.55
2024-01-28 07:59:39,5.07,2.88
2024-01-28 08:02:04,4.78,2.53
2024-01-28 08:04:32,6.85,2.78
2024-01-28 08:07:01,4.68,2.67
2024-01-28 08:09:26,6.7,3.2
2024-01-28 08:11:56,8.5,2.9
2024-01-28 08:14:21,6.82,2.88
2024-01-28 08:16:52,4.75,2.97
2024-01-28 08:19:22,7.05,2.78
2024-01-28 08:21:47,6.35,3.38
2024-01-28 08:24:13,6.15,2.65
2024-01-28 08:26:39,5.72,3.5
2024-01-28 08:29:04,7.88,2.95
2024-01-28 08:31:32,4.28,2.63
2024-01-28 08:33:57,6.1,2.83
2024-01-28 08:36:25,5.3,3.55
2024-01-28 08:38:51,5.65,2.88
2024-01-28 08:41:17,9.8,3.4
2024-01-28 08:43:44,5.25,2.7
2024-01-28 08:46:10,4.4,2.47
2024-01-28 08:48:35,8.85,4.05
2024-01-28 08:51:01,4.32,2.5
2024-01-28 08:53:27,4.43,2.45
2024-01-28 08:55:53,8.75,3.33
2024-01-28 08:58:20,7.28,3.5
2024-01-28 09:00:46,5.43,2.7
2024-01-28 09:03:12,6.45,3.22
2024-01-28 09:05:37,9.13,3.5
2024-01-28 09:08:03,5.9,3.25
2024-01-28 09:10:28,5.78,3.05
2024-01-28 09:12:57,4.93,2.5
2024-01-28 09:15:22,6.4,3.28
2024-01-28 09:17:49,8.68,3.7
2024-01-28 09:20:15,6.22,3.47
2024-01-28 09:22:43,3.92,2.58
2024-01-28 09:25:08,8.93,3.3
2024-01-28 09:27:36,4.22,3.4
2024-01-28 09:30:04,5.65,2.72
2024-01-28 09:32:33,5.63,2.95
2024-01-28 09:35:05,6.88,2.88
2024-01-28 09:37:33,5.72,3.1
2024-01-28 09:39:59,5.03,3.22
2024-01-28 09:42:30,4.55,2.97
2024-01-28 09:45:06,7.3,3.28
2024-01-28 09:47:33,5.25,3.15
2024-01-28 09:50:00,5.75,3.28
2024-01-28 09:52:29,6.88,3.47
2024-01-28 09:54:57,7.43,3.8
2024-01-28 09:57:22,6.43,3.72
2024-01-28 09:59:50,7.15,3.72
2024-01-28 10:02:18,5.03,3.42
2024-01-28 10:04:45,4.47,3.13
2024-01-28 10:07:13,7.68,3.97
2024-01-28 10:12:08,5.3,2.8
2024-01-28 10:14:34,6.95,3.6
2024-01-28 10:17:00,5.88,3.55
2024-01-28 10:19:27,5.95,3.38
2024-01-28 10:21:55,9.57,4.6
2024-01-28 10:24:25,8.27,4.32
2024-01-28 10:26:51,6.38,3.4
2024-01-28 10:29:20,5.63,3.67
2024-01-28 10:31:50,4.93,3.1
2024-01-28 10:34:18,6.43,3.17
2024-01-28 10:36:44,4.3,2.85
2024-01-28 10:39:13,5.25,3.38
2024-01-28 10:41:44,4.93,3.47
2024-01-28 10:44:15,4.35,3.2
2024-01-28 10:46:44,5.2,3.28
2024-01-28 10:49:14,7.32,3.83
2024-01-28 10:51:49,7.22,3.7
2024-01-28 10:54:20,7.38,3.95
2024-01-28 10:56:46,6.38,3.38
2024-01-28 10:59:16,6.43,3.53
2024-01-28 11:01:44,9.95,3.88
2024-01-28 11:04:13,7.07,4.0
2024-01-28 11:06:40,6.82,3.85
2024-01-28 11:09:11,9.73,3.9
2024-01-28 11:11:36,8.95,4.0
2024-01-28 11:14:07,6.7,3.35
2024-01-28 11:16:33,8.23,4.53
2024-01-28 11:19:04,7.78,4.03
2024-01-28 11:21:32,6.85,4.05
2024-01-28 11:24:09,5.85,3.83
2024-01-28 11:26:38,6.82,3.4
2024-01-28 11:29:07,4.65,3.42
2024-01-28 11:31:39,6.97,3.7
2024-01-28 11:36:44,7.13,3.7
2024-01-28 11:39:13,5.82,3.67
2024-01-28 11:41:51,7.8,4.22
2024-01-28 11:44:18,10.25,4.15
2024-01-28 11:46:44,7.78,3.88
2024-01-28 11:49:13,7.2,3.95
2024-01-28 11:51:43,6.0,3.7
2024-01-28 11:54:09,5.45,3.4
2024-01-28 11:56:34,7.95,4.3
2024-01-28 11:59:00,7.95,3.95
2024-01-28 12:01:27,5.72,4.1
2024-01-28 12:03:53,6.4,4.0
2024-01-28 12:06:22,5.72,3.88
2024-01-28 12:08:49,7.13,3.9
2024-01-28 12:11:21,8.25,4.4
2024-01-28 12:13:50,5.55,3.53
2024-01-28 12:16:16,6.32,4.2
2024-01-28 12:18:44,8.57,4.57
2024-01-28 12:21:20,6.25,3.38
2024-01-28 12:23:55,5.9,3.08
2024-01-28 12:26:24,7.63,4.57
2024-01-28 12:28:57,7.57,4.15
2024-01-28 12:31:28,8.32,3.97
2024-01-28 12:33:58,8.98,3.72
2024-01-28 12:36:28,7.53,4.32
2024-01-28 12:38:56,8.77,3.92
2024-01-28 12:41:22,6.0,3.2
2024-01-28 12:43:49,8.9,4.5
2024-01-28 12:46:15,9.4,3.97
2024-01-28 12:48:48,6.57,4.05
2024-01-28 12:51:14,7.75,4.0
2024-01-28 12:53:39,5.8,3.78
2024-01-28 12:56:05,7.82,3.8
2024-01-28 12:58:35,5.28,3.3
2024-01-28 13:01:01,8.68,4.38
2024-01-28 13:03:28,5.25,3.72
2024-01-28 13:05:54,7.15,3.78
2024-01-28 13:08:19,6.9,4.43
2024-01-28 13:10:47,7.25,4.03
2024-01-28 13:13:13,7.7,3.95
2024-01-28 13:15:38,8.35,3.65
2024-01-28 13:18:03,7.88,3.67
2024-01-28 13:20:34,7.82,4.18
2024-01-28 13:23:01,7.6,4.78
2024-01-28 13:25:27,9.0,4.68
2024-01-28 13:27:52,8.85,4.9
2024-01-28 13:30:18,8.8,4.53
2024-01-28 13:32:48,5.65,3.63
2024-01-28 13:35:14,11.4,3.97
2024-01-28 13:37:42,5.97,3.72
2024-01-28 13:40:10,8.6,4.57
2024-01-28 13:42:35,9.13,4.22
2024-01-28 13:45:05,6.97,3.92
2024-01-28 13:47:32,7.63,4.2
2024-01-28 13:50:01,6.35,4.0
2024-01-28 13:52:26,7.2,4.15
2024-01-28 13:54:52,9.35,4.28
2024-01-28 13:57:20,8.63,4.78
2024-01-28 13:59:48,11.6,4.63
2024-01-28 14:02:13,5.28,3.42
2024-01-28 14:04:39,8.02,4.8
2024-01-28 14:07:04,8.25,4.28
2024-01-28 14:09:32,6.97,4.18
2024-01-28 14:12:00,4.6,3.83
2024-01-28 14:14:26,6.9,3.95
2024-01-28 14:16:51,10.0,3.95
2024-01-28 14:19:19,4.9,3.38
2024-01-28 14:21:44,5.97,4.43
2024-01-28 14:24:11,6.93,4.15
2024-01-28 14:26:36,6.3,4.28
2024-01-28 14:29:04,4.95,3.58
2024-01-28 14:31:29,7.78,4.5
2024-01-28 14:33:57,10.2,4.7
2024-01-28 14:36:23,5.93,3.67
2024-01-28 14:38:49,5.5,3.47
2024-01-28 14:41:14,5.82,4.05
2024-01-28 14:43:41,7.13,4.32
2024-01-28 14:46:06,7.55,4.6
2024-01-28 14:48:34,7.3,5.07
2024-01-28 14:51:03,6.35,4.07
2024-01-28 14:53:32,7.28,3.88
2024-01-28 14:56:01,6.43,4.47
2024-01-28 14:58:27,7.88,4.6
2024-01-28 15:00:56,6.53,4.1
2024-01-28 15:03:24,7.15,4.65
2024-01-28 15:05:49,6.55,4.28
2024-01-28 15:08:17,7.57,4.6
2024-01-28 15:10:42,6.72,4.3
2024-01-28 15:13:08,8.6,4.53
2024-01-28 15:15:35,8.6,4.22
2024-01-28 15:18:01,7.07,3.8
2024-01-28 15:20:29,6.55,4.7
2024-01-28 15:22:54,8.02,4.9
2024-01-28 15:25:24,7.88,4.38
2024-01-28 15:27:50,6.8,3.97
2024-01-28 15:30:18,7.0,4.45
2024-01-28 15:32:43,10.73,4.95
2024-01-28 15:35:12,7.8,4.6
2024-01-28 15:37:40,7.03,4.9
2024-01-28 15:40:08,7.38,4.28
2024-01-28 15:42:36,12.6,6.05
2024-01-28 15:45:05,7.72,5.07
2024-01-28 15:47:31,7.7,5.38
2024-01-28 15:49:57,7.78,4.5
2024-01-28 15:52:22,8.1,4.28
2024-01-28 15:54:48,6.95,4.88
2024-01-28 15:57:15,6.65,4.63
2024-01-28 15:59:41,7.38,4.68
2024-01-28 16:02:13,6.93,4.65
2024-01-28 16:04:39,7.15,4.0
2024-01-28 16:07:08,6.15,4.22
2024-01-28 16:09:35,6.75,5.15
2024-01-28 16:12:03,7.9,4.8
2024-01-28 16:14:29,8.52,4.65
2024-01-28 16:16:57,9.02,4.57
2024-01-28 16:19:23,6.53,4.47
2024-01-28 16:21:48,8.05,5.07
2024-01-28 16:24:13,7.35,4.53
2024-01-28 16:26:39,7.07,4.43
2024-01-28 16:29:07,8.8,4.53
2024-01-28 16:31:33,9.07,4.38
2024-01-28 16:33:59,8.35,5.68
2024-01-28 16:36:24,8.13,4.05
2024-01-28 16:38:49,7.05,4.53
2024-01-28 16:41:17,6.13,4.28
2024-01-28 16:43:45,8.38,5.18
2024-01-28 16:46:13,10.13,5.1
2024-01-28 16:48:38,9.32,5.05
2024-01-28 16:51:06,7.57,4.22
2024-01-28 16:53:33,8.88,4.38
2024-01-28 16:55:59,8.77,4.75
2024-01-28 16:58:24,8.77,4.9
2024-01-28 17:00:50,8.13,4.63
2024-01-28 17:03:16,6.22,4.4
2024-01-28 17:05:41,6.7,4.72
2024-01-28 17:08:09,9.4,5.1
2024-01-28 17:10:34,7.35,4.75
2024-01-28 17:13:07,8.88,5.57
2024-01-28 17:15:33,7.05,4.57
2024-01-28 17:18:03,6.97,4.78
2024-01-28 17:20:31,8.2,5.63
2024-01-28 17:22:59,9.2,4.82
2024-01-28 17:25:25,9.75,5.22
2024-01-28 17:27:56,7.8,4.57
2024-01-28 17:30:25,9.13,4.55
2024-01-28 17:35:19,7.03,5.03
2024-01-28 17:37:47,9.43,5.18
2024-01-28 17:40:17,9.27,5.7
2024-01-28 17:42:47,6.28,4.93
2024-01-28 17:45:13,7.78,5.5
2024-01-28 17:47:40,7.53,5.53
2024-01-28 17:50:10,8.65,4.7
2024-01-28 17:52:38,10.68,4.85
2024-01-28 17:55:05,8.52,4.97
2024-01-28 17:57:32,10.02,6.13
2024-01-28 17:59:59,9.35,5.82
2024-01-28 18:02:26,10.23,6.38
2024-01-28 18:04:51,9.8,5.85
2024-01-28 18:07:19,8.73,5.43
2024-01-28 18:09:47,10.68,6.07
2024-01-28 18:12:15,8.23,5.47
2024-01-28 18:14:42,9.75,5.97
2024-01-28 18:17:08,10.7,6.7
2024-01-28 18:19:41,9.98,5.8
2024-01-28 18:22:08,12.07,6.53
2024-01-28 18:24:36,11.98,6.25
2024-01-28 18:27:04,10.95,7.35
2024-01-28 18:29:32,12.73,7.22
2024-01-28 18:31:58,12.5,7.07
2024-01-28 18:34:26,11.7,8.55
2024-01-28 18:36:52,12.32,7.82
2024-01-28 18:39:20,17.17,8.38
2024-01-28 18:41:45,11.4,7.22
2024-01-28 18:44:10,12.32,7.72
2024-01-28 18:46:41,15.15,9.95
2024-01-28 18:49:09,13.13,9.15
2024-01-28 18:51:36,14.15,8.18
2024-01-28 18:54:02,13.65,7.68
2024-01-28 18:56:28,10.57,7.8
2024-01-28 18:58:58,12.43,7.85
2024-01-28 19:01:24,10.73,6.78
2024-01-28 19:03:49,9.57,5.78
2024-01-28 19:06:17,9.02,6.22
2024-01-28 19:08:42,12.05,6.4
2024-01-28 19:11:10,10.05,6.07
2024-01-28 19:13:35,10.6,7.13
2024-01-28 19:16:02,8.7,6.45
2024-01-28 19:18:27,11.88,6.47
2024-01-28 19:20:56,9.82,6.6
2024-01-28 19:23:24,10.73,5.68
2024-01-28 19:28:18,7.07,4.43
2024-01-28 19:30:44,9.75,6.82
2024-01-28 19:33:09,7.45,6.22
2024-01-28 19:35:41,10.13,6.38
2024-01-28 19:38:14,9.15,6.22
2024-01-28 19:40:40,7.32,5.6
2024-01-28 19:43:05,7.03,5.25
2024-01-28 19:45:31,10.1,7.43
2024-01-28 19:47:59,10.4,7.2
2024-01-28 19:50:27,13.48,9.02
2024-01-28 19:52:53,11.9,7.38
2024-01-28 19:55:18,14.13,8.55
2024-01-28 19:57:44,12.8,7.28
2024-01-28 20:00:09,12.82,7.32
2024-01-28 20:02:37,11.2,6.65
2024-01-28 20:05:03,10.95,6.65
2024-01-28 20:07:29,11.55,6.9
2024-01-28 20:09:54,11.1,6.47
2024-01-28 20:12:24,11.68,7.53
2024-01-28 20:14:51,10.43,6.65
2024-01-28 20:17:20,9.9,7.38
2024-01-28 20:19:48,13.9,6.57
2024-01-28 20:22:16,12.7,7.28
2024-01-28 20:24:42,10.38,6.25
2024-01-28 20:27:12,11.8,7.9
2024-01-28 20:29:37,11.98,7.5
2024-01-28 20:32:06,9.77,5.85
2024-01-28 20:34:32,8.6,6.13
2024-01-28 20:36:58,9.8,6.25
2024-01-28 20:39:26,9.45,5.47
2024-01-28 20:41:56,9.68,5.65
2024-01-28 20:44:22,8.13,5.15
2024-01-28 20:46:51,7.75,5.4
2024-01-28 20:49:17,7.7,5.6
2024-01-28 20:51:43,11.43,5.75
2024-01-28 20:54:09,9.52,5.65
2024-01-28 20:56:34,10.68,5.6
2024-01-28 20:59:00,8.8,4.6
2024-01-28 21:01:29,9.43,5.22
2024-01-28 21:03:56,6.68,4.88
2024-01-28 21:06:24,9.57,5.32
2024-01-28 21:08:51,8.77,5.3
2024-01-28 21:11:17,10.43,5.28
2024-01-28 21:13:42,7.8,5.63
2024-01-28 21:16:10,8.52,4.7
2024-01-28 21:18:36,9.85,5.25
2024-01-28 21:21:01,8.95,5.03
2024-01-28 21:23:29,9.43,4.63
2024-01-28 21:25:54,7.2,5.3
2024-01-28 21:28:23,10.48,5.22
2024-01-28 21:30:51,8.48,5.25
2024-01-28 21:33:17,7.8,5.6
2024-01-28 21:35:42,10.8,5.55
2024-01-28 21:38:10,7.2,4.68
2024-01-28 21:40:35,9.77,4.93
2024-01-28 21:43:01,6.7,4.55
2024-01-28 21:45:31,6.45,4.32
2024-01-28 21:47:56,7.28,4.78
2024-01-28 21:50:22,8.27,5.07
2024-01-28 21:52:47,6.25,4.38
2024-01-28 21:55:13,7.68,4.45
2024-01-28 21:57:39,6.6,5.0
2024-01-28 22:00:05,8.15,5.25
2024-01-28 22:02:31,8.82,4.88
2024-01-28 22:04:57,7.85,4.68
2024-01-28 22:07:24,8.13,5.63
2024-01-28 22:09:55,6.13,4.47
2024-01-28 22:12:20,7.72,4.53
2024-01-28 22:15:04,8.23,5.55
2024-01-28 22:21:16,6.55,4.3
2024-01-28 22:23:46,6.9,4.57
2024-01-28 22:26:13,8.75,5.18
2024-01-28 22:28:39,8.43,4.43
2024-01-28 22:31:05,7.85,4.85
2024-01-28 22:33:30,7.3,4.63
2024-01-28 22:35:58,8.02,5.15
2024-01-28 22:38:26,10.32,4.95
2024-01-28 22:40:51,6.7,5.25
2024-01-28 22:43:16,6.25,4.35
2024-01-28 22:45:44,6.18,4.53
2024-01-28 22:48:09,8.25,4.55
2024-01-28 22:50:35,7.82,4.7
2024-01-28 22:53:02,8.38,5.0
2024-01-28 22:55:30,6.93,4.8
2024-01-28 22:57:56,7.43,4.55
2024-01-28 23:00:24,7.7,4.97
2024-01-28 23:02:54,7.22,4.25
2024-01-28 23:05:22,7.95,4.5
2024-01-28 23:07:50,7.8,5.6
2024-01-28 23:10:17,7.1,4.68
2024-01-28 23:12:44,6.22,4.4
2024-01-28 23:15:12,8.38,4.63
2024-01-28 23:17:39,7.5,4.3
2024-01-28 23:20:07,9.35,4.97
2024-01-28 23:22:34,6.05,4.0
2024-01-28 23:24:59,6.75,4.38
2024-01-28 23:27:27,6.78,4.5
2024-01-28 23:29:57,6.55,4.88
2024-01-28 23:32:23,6.9,4.68
2024-01-28 23:34:48,7.15,5.05
2024-01-28 23:37:18,6.65,4.3
2024-01-28 23:39:46,6.9,4.53
2024-01-28 23:42:12,7.2,4.28
2024-01-28 23:44:39,7.25,4.85
2024-01-28 23:47:05,6.28,3.97
2024-01-28 23:49:30,5.72,4.05
2024-01-28 23:51:58,9.0,4.95
2024-01-28 23:54:27,6.3,4.5
2024-01-28 23:56:54,7.25,4.68
2024-01-28 23:59:20,6.07,4.38
2024-01-29 00:01:46,7.6,4.8
2024-01-29 00:04:12,6.88,4.15
2024-01-29 00:06:37,7.25,4.75
2024-01-29 00:09:02,6.4,4.65
2024-01-29 00:11:33,7.63,4.53
2024-01-29 00:14:00,8.0,4.35
2024-01-29 00:16:26,8.68,4.4
2024-01-29 00:18:51,8.5,4.93
2024-01-29 00:21:19,5.35,4.0
2024-01-29 00:23:44,6.93,4.8
2024-01-29 00:26:10,7.28,4.53
2024-01-29 00:28:41,8.13,4.63
2024-01-29 00:31:07,7.22,4.05
2024-01-29 00:33:32,6.53,4.32
2024-01-29 00:35:57,8.27,4.72
2024-01-29 00:38:25,7.5,4.05
2024-01-29 00:40:51,6.72,5.07
2024-01-29 00:43:16,5.82,4.38
2024-01-29 00:45:41,7.45,5.07
2024-01-29 00:48:07,6.35,4.75
2024-01-29 00:50:32,8.98,4.45
2024-01-29 00:52:58,8.05,4.7
2024-01-29 00:55:23,9.57,4.63
2024-01-29 00:57:49,8.45,5.05
2024-01-29 01:00:14,6.88,4.43
2024-01-29 01:02:45,8.0,5.25
2024-01-29 01:05:16,9.85,4.68
2024-01-29 01:07:41,7.45,4.15
2024-01-29 01:10:09,7.9,4.5
2024-01-29 01:12:36,8.3,5.2
2024-01-29 01:15:01,8.23,5.22
2024-01-29 01:17:27,8.13,4.82
2024-01-29 01:19:52,6.85,4.6
2024-01-29 01:22:20,6.05,4.22
2024-01-29 01:24:45,7.07,4.6
2024-01-29 01:27:10,7.25,4.6
2024-01-29 01:32:02,7.87,4.37
2024-01-29 01:34:27,6.32,4.15
2024-01-29 01:36:55,6.75,4.75
2024-01-29 01:39:20,7.13,4.97
2024-01-29 01:41:52,5.22,4.38
2024-01-29 01:44:17,6.78,4.85
2024-01-29 01:46:43,8.5,4.45
2024-01-29 01:49:11,7.38,5.2
2024-01-29 01:51:36,5.97,4.4
2024-01-29 01:54:02,7.13,4.43
2024-01-29 01:56:29,7.35,4.68
2024-01-29 01:58:55,8.3,4.32
2024-01-29 02:01:24,8.7,4.9
2024-01-29 02:03:51,8.1,5.2
2024-01-29 02:06:16,6.72,4.75
2024-01-29 02:08:42,8.32,4.93
2024-01-29 02:11:07,7.35,4.07
2024-01-29 02:13:33,6.7,5.07
2024-01-29 02:15:58,7.68,4.65
2024-01-29 02:18:27,7.13,5.15
2024-01-29 02:20:54,5.55,4.05
2024-01-29 02:23:24,6.8,5.22
2024-01-29 02:25:50,7.72,4.95
2024-01-29 02:28:18,7.82,4.45
2024-01-29 02:30:43,10.2,4.97
2024-01-29 02:33:08,6.38,4.68
2024-01-29 02:35:34,9.35,5.13
2024-01-29 02:38:00,7.15,4.78
2024-01-29 02:40:28,8.7,5.18
2024-01-29 02:42:58,7.78,5.45
2024-01-29 02:45:25,8.7,4.97
2024-01-29 02:47:53,7.03,4.9
2024-01-29 02:50:21,8.13,4.93
2024-01-29 02:52:50,8.95,5.28
2024-01-29 02:55:18,8.35,5.47
2024-01-29 02:57:46,10.63,5.5
2024-01-29 03:00:14,8.07,5.65
2024-01-29 03:02:39,7.18,4.65
2024-01-29 03:05:05,7.25,4.97
2024-01-29 03:07:34,9.68,5.82
2024-01-29 03:10:00,8.48,5.43
2024-01-29 03:12:27,8.27,5.7
2024-01-29 03:14:53,8.23,5.13
2024-01-29 03:17:18,8.38,4.9
2024-01-29 03:19:46,7.5,5.1
2024-01-29 03:22:11,10.25,4.93
2024-01-29 03:24:37,9.0,5.0
2024-01-29 03:27:02,8.48,5.65
2024-01-29 03:29:28,8.95,5.2
2024-01-29 03:31:53,7.4,5.07
2024-01-29 03:34:19,7.63,5.25
2024-01-29 03:36:53,8.4,5.53
2024-01-29 03:39:18,6.9,4.82
2024-01-29 03:41:44,9.18,5.43
2024-01-29 03:44:09,8.35,5.63
2024-01-29 03:46:35,9.05,5.63
2024-01-29 03:49:00,9.48,6.5
2024-01-29 03:51:25,8.63,5.38
2024-01-29 03:53:51,8.0,5.0
2024-01-29 03:56:16,9.43,5.28
2024-01-29 03:58:41,8.32,5.7
2024-01-29 04:01:07,8.9,5.38
2024-01-29 04:03:32,7.25,5.45
2024-01-29 04:05:58,7.0,5.05
2024-01-29 04:08:23,8.85,5.03
2024-01-29 04:10:53,6.72,4.7
2024-01-29 04:13:21,9.15,5.55
2024-01-29 04:15:52,7.72,5.35
2024-01-29 04:18:20,8.93,5.35
2024-01-29 04:20:49,8.63,6.6
2024-01-29 04:23:14,7.35,5.15
2024-01-29 04:25:42,9.5,6.1
2024-01-29 04:28:07,8.48,5.93
2024-01-29 04:30:33,9.18,5.0
2024-01-29 04:32:58,8.65,5.55
2024-01-29 04:35:28,9.0,5.35
2024-01-29 04:37:54,8.68,5.75
2024-01-29 04:40:19,9.35,5.3
2024-01-29 04:42:50,10.57,5.13
2024-01-29 04:45:15,9.7,5.55
2024-01-29 04:47:43,8.77,5.45
2024-01-29 04:50:09,8.35,5.18
2024-01-29 04:52:36,10.2,5.55
2024-01-29 04:55:02,10.15,5.28
2024-01-29 04:57:27,9.07,6.35
2024-01-29 04:59:58,8.23,4.97
2024-01-29 05:02:23,7.9,4.7
2024-01-29 05:04:51,7.93,5.35
2024-01-29 05:07:16,7.9,5.72
2024-01-29 05:09:42,9.9,5.72
2024-01-29 05:12:07,9.65,5.88
2024-01-29 05:14:35,7.45,5.2
2024-01-29 05:17:00,8.3,5.8
2024-01-29 05:19:26,9.9,6.45
2024-01-29 05:21:51,9.68,6.38
2024-01-29 05:24:16,8.18,5.65
2024-01-29 05:26:42,11.4,5.63
2024-01-29 05:29:07,9.15,6.13
2024-01-29 05:31:33,9.85,5.65
2024-01-29 05:34:01,7.88,5.75
2024-01-29 05:36:26,12.0,6.78
2024-01-29 05:38:52,8.75,5.9
2024-01-29 05:41:17,8.9,5.45
2024-01-29 05:43:43,8.9,5.85
2024-01-29 05:46:08,10.02,6.55
2024-01-29 05:48:33,8.23,5.6
2024-01-29 05:50:59,7.85,5.8
2024-01-29 05:53:24,8.63,5.72
2024-01-29 05:55:50,9.3,5.78
2024-01-29 05:58:15,8.05,5.5
2024-01-29 06:00:40,8.9,5.28
2024-01-29 06:03:06,8.07,5.38
2024-01-29 06:05:31,7.88,5.75
2024-01-29 06:07:59,8.82,5.5
2024-01-29 06:10:24,9.93,6.03
2024-01-29 06:12:50,9.6,7.07
2024-01-29 06:15:15,10.52,6.8
2024-01-29 06:17:40,9.3,6.05
2024-01-29 06:20:06,8.38,5.65
2024-01-29 06:22:34,8.93,5.85
2024-01-29 06:25:00,9.88,6.45
2024-01-29 06:27:25,8.9,6.0
2024-01-29 06:29:50,8.63,6.13
2024-01-29 06:32:16,11.75,6.7
2024-01-29 06:34:43,9.68,6.35
2024-01-29 06:37:12,9.7,6.88
2024-01-29 06:42:06,9.03,5.93
2024-01-29 06:44:32,10.95,7.38
2024-01-29 06:46:59,9.55,5.93
2024-01-29 06:49:26,11.15,6.28
2024-01-29 06:51:52,10.02,5.8
2024-01-29 06:54:18,8.43,6.88
2024-01-29 06:56:44,9.85,6.68
2024-01-29 06:59:12,8.25,6.28
2024-01-29 07:01:40,8.27,5.78
2024-01-29 07:04:06,9.07,6.18
2024-01-29 07:06:31,11.1,6.6
2024-01-29 07:09:00,10.55,6.9
2024-01-29 07:11:28,12.98,6.85
2024-01-29 07:13:53,9.88,6.7
2024-01-29 07:16:18,9.5,5.93
2024-01-29 07:18:44,9.45,6.1
2024-01-29 07:21:09,10.07,6.93
2024-01-29 07:23:35,9.85,6.75
2024-01-29 07:26:00,10.6,6.6
2024-01-29 07:28:26,10.7,7.0
2024-01-29 07:30:52,12.2,7.4
2024-01-29 07:33:17,9.35,6.53
2024-01-29 07:35:42,10.4,6.68
2024-01-29 07:38:10,8.88,6.43
2024-01-29 07:40:36,10.75,6.88
2024-01-29 07:43:01,7.15,5.68
2024-01-29 07:45:27,9.73,6.65
2024-01-29 07:47:54,11.32,7.1
2024-01-29 07:50:20,9.55,6.82
2024-01-29 07:52:48,10.25,6.22
2024-01-29 07:55:13,14.15,7.88
2024-01-29 07:57:39,13.9,7.25
2024-01-29 08:00:04,10.88,7.55
2024-01-29 08:02:30,13.82,8.3
2024-01-29 08:04:59,14.23,8.05
2024-01-29 08:07:26,13.15,7.18
2024-01-29 08:09:52,11.63,6.88
2024-01-29 08:12:17,11.43,7.13
2024-01-29 08:14:44,10.15,6.5
2024-01-29 08:17:10,11.32,7.47
2024-01-29 08:19:38,10.25,7.05
2024-01-29 08:22:03,12.73,8.2
2024-01-29 08:24:31,11.07,6.85
2024-01-29 08:26:57,12.35,7.65
2024-01-29 08:29:22,9.65,5.8
2024-01-29 08:31:47,9.93,6.97
2024-01-29 08:34:13,13.13,7.53
2024-01-29 08:36:38,12.7,7.15
2024-01-29 08:39:06,9.82,7.15
2024-01-29 08:41:32,10.85,7.4
2024-01-29 08:43:57,11.75,6.8
2024-01-29 08:46:22,12.77,8.05
2024-01-29 08:48:50,12.65,7.7
2024-01-29 08:51:20,12.5,7.4
2024-01-29 08:53:46,10.73,7.45
2024-01-29 08:56:14,14.4,8.02
2024-01-29 08:58:42,12.4,7.63
2024-01-29 09:01:10,10.13,6.43
2024-01-29 09:03:36,10.23,7.1
2024-01-29 09:06:04,10.38,7.63
2024-01-29 09:08:29,10.4,7.63
2024-01-29 09:10:57,10.65,7.82
2024-01-29 09:13:22,12.88,7.5
2024-01-29 09:15:48,10.3,7.32
2024-01-29 09:18:15,12.4,7.78
2024-01-29 09:20:41,11.5,7.6
2024-01-29 09:23:09,14.0,7.78
2024-01-29 09:25:37,9.9,6.53
2024-01-29 09:28:02,10.52,6.5
2024-01-29 09:30:28,13.63,8.15
2024-01-29 09:35:21,12.57,7.4
2024-01-29 09:37:46,11.07,7.53
2024-01-29 09:40:12,13.55,7.22
2024-01-29 09:42:41,10.7,7.9
2024-01-29 09:45:11,10.57,7.3
2024-01-29 09:47:43,12.15,8.7
2024-01-29 09:50:11,12.23,7.68
2024-01-29 09:52:38,12.75,7.35
2024-01-29 09:55:05,12.02,7.8
2024-01-29 09:57:31,10.93,7.18
2024-01-29 09:59:57,10.77,8.13
2024-01-29 10:02:22,12.63,7.47
2024-01-29 10:04:49,11.0,7.93
2024-01-29 10:07:17,10.93,7.43
2024-01-29 10:09:42,13.8,7.75
2024-01-29 10:12:18,12.85,8.3
2024-01-29 10:14:45,11.3,7.68
2024-01-29 10:17:10,10.85,8.2
2024-01-29 10:19:36,10.3,7.47
2024-01-29 10:22:02,10.73,7.18
2024-01-29 10:24:28,12.43,8.23
2024-01-29 10:27:04,9.88,6.93
2024-01-29 10:29:33,11.7,7.65
2024-01-29 10:31:59,12.15,7.6
2024-01-29 10:34:24,11.2,7.88
2024-01-29 10:36:50,14.57,7.3
2024-01-29 10:39:17,12.1,7.78
2024-01-29 10:41:46,10.43,7.65
2024-01-29 10:44:19,9.82,7.28
2024-01-29 10:46:46,10.52,7.25
2024-01-29 10:49:12,12.13,8.3
2024-01-29 10:51:37,10.27,7.07
2024-01-29 10:54:08,12.1,7.3
2024-01-29 10:56:35,10.43,7.53
2024-01-29 10:59:01,11.45,7.5
2024-01-29 11:01:28,15.1,8.15
2024-01-29 11:03:59,12.48,8.52
2024-01-29 11:09:23,10.7,7.4
2024-01-29 11:11:52,11.63,7.47
2024-01-29 11:14:22,11.88,7.63
2024-01-29 11:16:53,9.48,7.88
2024-01-29 11:19:23,10.57,6.45
2024-01-29 11:21:52,16.75,8.48
2024-01-29 11:24:21,10.77,7.5
2024-01-29 11:26:47,12.13,8.07
2024-01-29 11:29:12,10.65,7.1
2024-01-29 11:31:43,12.48,7.72
2024-01-29 11:34:13,8.9,7.32
2024-01-29 11:36:39,8.68,7.28
2024-01-29 11:39:05,13.05,8.38
2024-01-29 11:41:34,17.0,8.95
2024-01-29 11:44:00,19.3,9.02
2024-01-29 11:46:27,11.3,7.7
2024-01-29 11:48:56,14.93,8.52
2024-01-29 11:51:28,10.38,6.57
2024-01-29 11:53:53,12.65,7.7
2024-01-29 11:56:19,12.23,7.97
2024-01-29 11:58:58,9.95,7.68
2024-01-29 12:01:30,11.45,7.2
2024-01-29 12:03:59,11.55,7.43
2024-01-29 12:06:25,9.15,6.88
2024-01-29 12:08:51,9.68,7.7
2024-01-29 12:11:24,11.13,7.57
2024-01-29 12:13:53,9.98,7.3
2024-01-29 12:16:21,12.15,7.65
2024-01-29 12:18:49,11.4,7.63
2024-01-29 12:21:15,8.48,7.1
2024-01-29 12:23:41,14.43,7.38
2024-01-29 12:26:07,9.68,7.05
2024-01-29 12:28:32,10.73,7.5
2024-01-29 12:31:03,11.48,7.43
2024-01-29 12:33:32,10.38,7.5
2024-01-29 12:38:37,11.5,7.9
2024-01-29 12:41:03,11.85,8.07
2024-01-29 12:43:29,9.88,6.97
2024-01-29 12:48:38,10.93,6.65
2024-01-29 12:51:09,8.98,7.03
2024-01-29 12:53:35,15.13,8.38
2024-01-29 12:56:01,11.6,8.02
2024-01-29 12:58:29,11.98,7.43
2024-01-29 13:00:55,10.95,7.13
2024-01-29 13:03:21,10.55,7.18
2024-01-29 13:05:46,11.07,7.2
2024-01-29 13:08:12,11.63,8.38
2024-01-29 13:10:37,12.48,8.65
2024-01-29 13:13:03,11.5,8.23
2024-01-29 13:15:30,10.57,7.3
2024-01-29 13:17:56,11.32,7.22
2024-01-29 13:20:22,10.5,6.97
2024-01-29 13:22:50,10.48,6.75
2024-01-29 13:25:15,15.0,7.88
2024-01-29 13:27:41,9.07,6.95
2024-01-29 13:30:09,11.88,7.65
2024-01-29 13:32:36,9.88,6.93
2024-01-29 13:35:04,10.35,7.05
2024-01-29 13:37:30,11.68,7.13
2024-01-29 13:39:56,11.35,7.0
2024-01-29 13:42:21,9.4,6.95
2024-01-29 13:44:49,11.15,6.85
2024-01-29 13:47:16,10.38,6.85
2024-01-29 13:49:42,11.32,6.88
2024-01-29 13:52:07,10.35,8.02
2024-01-29 13:54:33,10.85,6.75
2024-01-29 13:56:58,9.18,7.15
2024-01-29 13:59:27,9.6,6.65
2024-01-29 14:01:53,13.13,7.6
2024-01-29 14:04:21,10.73,7.13
2024-01-29 14:06:56,9.82,6.9
2024-01-29 14:09:26,13.02,7.57
2024-01-29 14:11:54,8.73,7.07
2024-01-29 14:14:20,10.6,7.22
2024-01-29 14:16:50,13.1,8.02
2024-01-29 14:19:18,8.38,6.55
2024-01-29 14:21:46,14.43,7.65
2024-01-29 14:24:11,7.88,5.88
2024-01-29 14:26:39,10.15,6.78
2024-01-29 14:29:06,11.93,7.1
2024-01-29 14:31:31,9.35,6.97
2024-01-29 14:33:57,10.5,6.45
2024-01-29 14:38:48,10.2,6.38
2024-01-29 14:41:20,10.2,6.45
2024-01-29 14:43:46,10.27,7.07
2024-01-29 14:46:12,10.73,6.15
2024-01-29 14:48:38,11.1,7.35
2024-01-29 14:51:04,12.93,7.07
2024-01-29 14:53:32,13.93,7.4
2024-01-29 14:56:00,7.9,6.32
2024-01-29 14:58:25,10.35,6.9
2024-01-29 15:00:53,10.95,7.05
2024-01-29 15:03:19,8.05,6.28
2024-01-29 15:05:47,8.32,6.63
2024-01-29 15:08:12,9.25,5.9
2024-01-29 15:10:40,10.98,7.03
2024-01-29 15:13:06,12.68,5.88
2024-01-29 15:15:34,8.75,6.4
2024-01-29 15:18:01,9.05,6.3
2024-01-29 15:20:29,12.07,7.05
2024-01-29 15:22:58,9.05,6.8
2024-01-29 15:25:26,9.55,6.3
2024-01-29 15:27:56,9.45,7.13
2024-01-29 15:30:24,10.13,6.68
2024-01-29 15:32:52,10.6,6.6
2024-01-29 15:35:20,11.4,6.43
2024-01-29 15:37:47,9.48,6.6
2024-01-29 15:40:15,11.07,7.0
2024-01-29 15:42:43,10.07,6.15
2024-01-29 15:45:09,10.6,6.47
2024-01-29 15:47:34,9.25,6.38
2024-01-29 15:50:00,10.3,7.07
2024-01-29 15:52:28,11.88,6.82
2024-01-29 15:54:53,9.7,6.65
2024-01-29 15:57:22,9.5,5.75
2024-01-29 15:59:47,10.85,6.88
2024-01-29 16:02:16,10.6,7.0
2024-01-29 16:04:43,9.0,6.15
2024-01-29 16:07:10,8.4,6.28
2024-01-29 16:09:38,9.93,7.6
2024-01-29 16:12:03,10.6,6.13
2024-01-29 16:14:29,9.82,6.65
2024-01-29 16:16:55,8.32,6.13
2024-01-29 16:19:25,10.55,7.25
2024-01-29 16:21:51,9.9,5.4
2024-01-29 16:24:19,9.23,7.03
2024-01-29 16:26:46,12.02,6.57
2024-01-29 16:29:13,11.07,6.53
2024-01-29 16:31:39,9.38,6.57
2024-01-29 16:34:08,11.52,8.27
2024-01-29 16:36:34,9.93,7.03
2024-01-29 16:38:59,8.98,6.72
2024-01-29 16:41:26,11.1,6.55
2024-01-29 16:43:52,10.95,7.35
2024-01-29 16:46:19,12.05,6.75
2024-01-29 16:48:45,8.95,7.65
2024-01-29 16:51:10,9.8,6.8
2024-01-29 16:53:36,11.75,7.8
2024-01-29 16:56:03,12.93,7.97
2024-01-29 17:00:56,10.52,7.07
2024-01-29 17:05:47,10.57,6.2
2024-01-29 17:08:17,9.95,6.75
2024-01-29 17:10:43,13.45,7.93
2024-01-29 17:13:08,11.43,7.43
2024-01-29 17:15:34,9.63,6.4
2024-01-29 17:18:01,12.65,7.75
2024-01-29 17:20:27,9.3,6.35
2024-01-29 17:22:52,10.13,7.0
2024-01-29 17:25:18,11.4,6.8
2024-01-29 17:27:43,14.2,7.5
2024-01-29 17:30:08,8.32,6.53
2024-01-29 17:32:35,11.48,6.78
2024-01-29 17:35:03,11.35,7.55
2024-01-29 17:37:36,12.85,7.4
2024-01-29 17:40:04,9.15,7.43
2024-01-29 17:42:30,11.3,6.88
2024-01-29 17:44:56,11.8,7.18
2024-01-29 17:47:21,11.05,7.2
2024-01-29 17:49:46,11.45,7.15
2024-01-29 17:52:12,11.48,6.93
2024-01-29 17:54:40,10.0,6.97
2024-01-29 17:57:08,12.73,7.7
2024-01-29 17:59:36,10.3,6.53
2024-01-29 18:02:03,9.2,6.5
2024-01-29 18:04:29,11.38,7.8
2024-01-29 18:06:54,10.93,7.0
2024-01-29 18:09:24,9.85,6.93
2024-01-29 18:11:49,12.23,7.45
2024-01-29 18:14:19,9.85,6.43
2024-01-29 18:16:48,13.5,7.2
2024-01-29 18:19:16,12.88,7.13
2024-01-29 18:21:41,10.52,6.88
2024-01-29 18:24:09,10.1,6.8
2024-01-29 18:26:37,11.5,6.97
2024-01-29 18:29:08,9.2,6.43
2024-01-29 18:31:36,14.18,7.43
2024-01-29 18:34:01,9.57,7.1
2024-01-29 18:36:27,10.4,6.47
2024-01-29 18:38:52,11.2,7.03
2024-01-29 18:41:21,11.25,7.18
2024-01-29 18:43:48,10.8,6.65
2024-01-29 18:46:14,9.6,6.6
2024-01-29 18:48:43,7.38,5.38
2024-01-29 18:51:12,10.65,6.8
2024-01-29 18:53:48,10.43,5.78
2024-01-29 18:56:14,9.15,6.6
2024-01-29 18:58:39,11.32,7.0
2024-01-29 19:01:05,12.43,7.78
2024-01-29 19:03:35,10.88,6.6
2024-01-29 19:06:00,10.0,6.4
2024-01-29 19:08:26,11.25,7.57
2024-01-29 19:10:53,9.45,6.78
2024-01-29 19:13:22,10.7,6.78
2024-01-29 19:15:48,12.75,8.52
2024-01-29 19:18:14,11.45,7.53
2024-01-29 19:20:41,11.98,7.35
2024-01-29 19:25:32,11.93,6.28
2024-01-29 19:27:59,10.9,7.13
2024-01-29 19:30:25,13.8,7.9
2024-01-29 19:32:51,14.23,7.72
2024-01-29 19:35:16,14.8,8.52
2024-01-29 19:37:42,12.88,7.47
2024-01-29 19:40:10,10.82,7.18
2024-01-29 19:42:36,13.3,8.02
2024-01-29 19:45:02,12.2,7.55
2024-01-29 19:47:29,10.38,7.38
2024-01-29 19:49:55,9.2,6.9
2024-01-29 19:52:22,11.0,7.55
2024-01-29 19:54:48,13.3,7.82
2024-01-29 19:57:13,13.82,7.6
2024-01-29 19:59:41,15.27,8.35
2024-01-29 20:02:08,12.52,7.65
2024-01-29 20:04:36,11.8,8.23
2024-01-29 20:07:04,11.38,6.82
2024-01-29 20:09:30,9.63,7.45
2024-01-29 20:11:58,9.13,6.4
2024-01-29 20:14:24,10.25,6.63
2024-01-29 20:16:49,10.32,7.05
2024-01-29 20:19:19,11.8,6.8
2024-01-29 20:21:47,11.63,7.13
2024-01-29 20:24:13,9.63,6.63
2024-01-29 20:26:41,8.45,5.6
2024-01-29 20:29:09,11.65,6.8
2024-01-29 20:31:39,8.95,6.1
2024-01-29 20:34:05,10.25,6.63
2024-01-29 20:38:56,11.82,6.2
2024-01-29 20:41:22,8.57,6.07
2024-01-29 20:43:50,9.8,6.15
2024-01-29 20:46:17,12.35,6.53
2024-01-29 20:48:42,9.95,6.1
2024-01-29 20:51:12,9.5,6.57
2024-01-29 20:53:38,9.5,6.1
2024-01-29 20:56:06,9.73,6.5
2024-01-29 20:58:31,10.05,6.32
2024-01-29 21:00:57,9.48,6.47
2024-01-29 21:03:22,8.88,5.95
2024-01-29 21:05:48,6.93,5.43
2024-01-29 21:08:13,8.88,5.45
2024-01-29 21:10:46,8.23,5.82
2024-01-29 21:13:14,8.88,5.8
2024-01-29 21:15:42,10.2,5.25
2024-01-29 21:18:07,8.65,5.95
2024-01-29 21:20:36,10.27,5.88
2024-01-29 21:23:04,9.57,6.22
2024-01-29 21:25:32,9.77,5.75
2024-01-29 21:27:58,8.43,5.93
2024-01-29 21:30:23,8.9,5.57
2024-01-29 21:32:49,9.43,6.13
2024-01-29 21:35:16,9.35,6.3
2024-01-29 21:37:42,8.73,5.75
2024-01-29 21:40:07,8.73,5.32
2024-01-29 21:42:35,12.23,6.53
2024-01-29 21:45:04,9.68,5.72
2024-01-29 21:47:29,9.4,5.95
2024-01-29 21:49:57,9.88,6.07
2024-01-29 21:52:25,10.18,5.97
2024-01-29 21:54:50,10.8,6.1
2024-01-29 21:57:18,11.02,6.88
2024-01-29 21:59:43,7.72,5.3
2024-01-29 22:02:09,11.07,6.1
2024-01-29 22:04:37,8.8,5.1
2024-01-29 22:07:02,9.2,5.57
2024-01-29 22:09:28,9.18,5.88
2024-01-29 22:11:54,8.48,5.57
2024-01-29 22:14:20,9.0,5.78
2024-01-29 22:16:48,8.65,6.1
2024-01-29 22:19:15,9.65,5.7
2024-01-29 22:21:49,10.45,5.75
2024-01-29 22:24:21,8.68,5.85
2024-01-29 22:26:49,10.55,6.2
2024-01-29 22:29:17,7.43,5.4
2024-01-29 22:31:45,8.7,5.5
2024-01-29 22:34:11,10.43,6.57
2024-01-29 22:36:39,9.13,6.18
2024-01-29 22:39:07,10.68,5.53
2024-01-29 22:41:36,9.25,5.82
2024-01-29 22:44:04,9.57,5.8
2024-01-29 22:46:37,8.82,5.25
2024-01-29 22:49:04,9.65,5.85
2024-01-29 22:51:30,8.07,5.78
2024-01-29 22:53:55,8.48,5.93
2024-01-29 22:56:20,8.63,6.25
2024-01-29 22:58:46,10.18,5.32
2024-01-29 23:01:11,7.32,5.72
2024-01-29 23:03:39,10.27,6.65
2024-01-29 23:06:07,8.0,5.82
2024-01-29 23:08:32,8.55,5.0
2024-01-29 23:10:58,9.0,6.4
2024-01-29 23:13:23,9.65,5.97
2024-01-29 23:15:49,9.27,5.15
2024-01-29 23:18:16,8.95,5.95
2024-01-29 23:20:42,9.6,5.78
2024-01-29 23:23:10,10.25,6.18
2024-01-29 23:25:36,10.68,5.8
2024-01-29 23:28:02,8.57,5.53
2024-01-29 23:30:30,8.85,5.45
2024-01-29 23:32:55,8.43,5.53
2024-01-29 23:35:21,9.43,5.45
2024-01-29 23:37:46,8.07,5.6
2024-01-29 23:40:12,7.88,5.6
2024-01-29 23:42:37,13.13,5.75
2024-01-29 23:45:05,6.88,4.9
2024-01-29 23:49:56,9.55,5.78
2024-01-29 23:52:28,7.4,5.15
2024-01-29 23:54:56,6.82,4.95
2024-01-29 23:57:26,8.07,5.82
2024-01-29 23:59:51,8.38,4.72
2024-01-30 00:02:19,7.7,4.93
2024-01-30 00:04:44,9.35,5.65
2024-01-30 00:07:12,11.38,6.68
2024-01-30 00:09:38,9.88,6.38
2024-01-30 00:12:04,11.32,5.05
2024-01-30 00:14:31,11.63,5.6
2024-01-30 00:16:58,8.05,5.15
2024-01-30 00:19:24,9.1,5.5
2024-01-30 00:21:49,8.6,5.15
2024-01-30 00:24:15,6.97,4.93
2024-01-30 00:26:40,9.27,4.8
2024-01-30 00:29:05,9.5,5.2
2024-01-30 00:31:31,10.13,5.43
2024-01-30 00:33:56,6.7,5.32
2024-01-30 00:36:24,8.27,5.5
2024-01-30 00:38:50,8.3,5.28
2024-01-30 00:41:17,6.8,5.05
2024-01-30 00:43:44,8.9,5.53
2024-01-30 00:46:09,7.13,5.4
2024-01-30 00:48:37,10.05,5.38
2024-01-30 00:51:05,8.6,5.95
2024-01-30 00:53:30,7.82,5.05
2024-01-30 00:55:58,6.53,4.22
2024-01-30 00:58:23,8.45,5.57
2024-01-30 01:00:49,7.88,5.22
2024-01-30 01:03:17,7.97,4.38
2024-01-30 01:05:43,8.45,5.95
2024-01-30 01:08:11,9.57,5.32
2024-01-30 01:10:36,8.23,4.97
2024-01-30 01:13:04,8.25,5.25
2024-01-30 01:15:31,9.82,4.9
2024-01-30 01:18:00,7.47,5.1
2024-01-30 01:20:27,8.4,5.25
2024-01-30 01:22:53,8.73,5.2
2024-01-30 01:25:19,8.82,5.28
2024-01-30 01:27:44,7.6,5.05
2024-01-30 01:30:16,8.48,5.05
2024-01-30 01:32:46,7.85,5.28
2024-01-30 01:35:23,6.53,4.88
2024-01-30 01:37:50,7.82,4.55
2024-01-30 01:40:24,6.93,4.72
2024-01-30 01:42:55,6.85,4.4
2024-01-30 01:45:23,7.63,4.88
2024-01-30 01:47:52,9.9,5.38
2024-01-30 01:50:18,7.35,4.82
2024-01-30 01:52:46,7.97,4.82
2024-01-30 01:55:13,7.75,4.47
2024-01-30 01:57:41,7.0,4.32
2024-01-30 02:00:09,6.72,4.57
2024-01-30 02:02:36,7.45,4.9
2024-01-30 02:05:02,6.5,4.63
2024-01-30 02:07:30,7.7,5.0
2024-01-30 02:09:56,8.07,4.85
2024-01-30 02:12:21,6.82,4.85
2024-01-30 02:14:47,8.98,5.2
2024-01-30 02:17:13,7.07,5.2
2024-01-30 02:19:39,7.25,4.93
2024-01-30 02:22:07,6.2,5.05
2024-01-30 02:24:33,8.73,5.28
2024-01-30 02:26:58,7.55,5.15
2024-01-30 02:29:28,7.45,4.9
2024-01-30 02:31:56,7.82,4.78
2024-01-30 02:34:24,8.45,5.1
2024-01-30 02:36:49,7.3,4.97
2024-01-30 02:39:15,9.73,5.35
2024-01-30 02:41:40,8.02,5.07
2024-01-30 02:44:05,6.07,4.93
2024-01-30 02:46:31,7.85,4.93
2024-01-30 02:48:59,7.35,5.03
2024-01-30 02:51:24,7.78,4.85
2024-01-30 02:53:50,8.82,5.07
2024-01-30 02:56:15,10.32,4.93
2024-01-30 02:58:43,9.0,4.93
2024-01-30 03:01:08,9.3,5.07
2024-01-30 03:03:33,7.47,5.57
2024-01-30 03:06:01,8.3,4.8
2024-01-30 03:08:29,9.43,6.78
2024-01-30 03:10:55,9.77,5.7
2024-01-30 03:13:21,7.88,5.32
2024-01-30 03:15:50,9.88,5.55
2024-01-30 03:18:17,6.93,4.82
2024-01-30 03:20:43,11.55,5.78
2024-01-30 03:23:08,10.45,5.7
2024-01-30 03:25:34,8.32,5.95
2024-01-30 03:28:02,8.93,5.6
2024-01-30 03:30:30,8.05,5.03
2024-01-30 03:32:55,10.65,4.7
2024-01-30 03:35:20,7.6,4.47
2024-01-30 03:37:46,7.15,4.93
2024-01-30 03:40:11,8.4,5.05
2024-01-30 03:42:40,8.6,5.0
2024-01-30 03:45:10,8.93,5.15
2024-01-30 03:47:38,6.22,4.57
2024-01-30 03:50:06,7.1,4.75
2024-01-30 03:52:32,9.45,5.7
2024-01-30 03:54:57,8.63,5.38
2024-01-30 03:57:23,9.65,5.5
2024-01-30 03:59:50,8.65,5.32
2024-01-30 04:02:16,7.6,4.68
2024-01-30 04:04:42,11.4,5.88
2024-01-30 04:07:08,9.2,5.32
2024-01-30 04:09:35,6.25,4.5
2024-01-30 04:12:03,9.5,5.35
2024-01-30 04:14:29,8.63,5.45
2024-01-30 04:16:56,8.82,5.22
2024-01-30 04:19:22,6.88,4.88
2024-01-30 04:21:47,7.88,5.28
2024-01-30 04:24:15,7.35,4.3
2024-01-30 04:26:43,10.57,4.95
2024-01-30 04:29:09,9.38,5.5
2024-01-30 04:31:36,8.0,4.97
2024-01-30 04:34:02,9.05,5.03
2024-01-30 04:36:27,7.55,5.03
2024-01-30 04:38:55,8.82,5.78
2024-01-30 04:41:22,8.68,5.15
2024-01-30 04:43:48,8.25,5.32
2024-01-30 04:46:13,10.05,5.6
2024-01-30 04:48:39,9.73,5.4
2024-01-30 04:51:04,8.32,5.5
2024-01-30 04:53:32,7.38,5.25
2024-01-30 04:55:57,8.57,5.4
2024-01-30 04:58:25,7.72,4.68
2024-01-30 05:00:55,8.32,5.32
2024-01-30 05:03:20,8.27,5.57
2024-01-30 05:05:47,10.18,6.15
2024-01-30 05:08:13,9.05,5.78
2024-01-30 05:10:40,12.88,5.78
2024-01-30 05:13:08,8.5,5.65
2024-01-30 05:15:38,7.9,4.93
2024-01-30 05:18:04,8.98,5.97
2024-01-30 05:20:32,9.93,5.93
2024-01-30 05:22:58,9.3,5.72
2024-01-30 05:25:23,8.77,5.7
2024-01-30 05:27:51,10.23,5.95
2024-01-30 05:30:16,8.98,5.6
2024-01-30 05:32:43,9.13,5.7
2024-01-30 05:35:10,8.88,5.45
2024-01-30 05:37:36,7.97,5.93
2024-01-30 05:40:01,9.23,5.93
2024-01-30 05:42:27,9.57,6.3
2024-01-30 05:44:55,10.68,6.65
2024-01-30 05:47:23,10.82,6.45
2024-01-30 05:49:53,9.55,5.8
2024-01-30 05:52:18,10.0,6.13
2024-01-30 05:54:44,9.75,6.18
2024-01-30 05:57:09,9.23,5.45
2024-01-30 05:59:35,8.32,5.22
2024-01-30 06:02:01,9.8,5.95
2024-01-30 06:04:28,10.82,5.72
2024-01-30 06:06:54,8.38,5.78
2024-01-30 06:09:22,9.45,5.9
2024-01-30 06:11:47,11.18,6.0
2024-01-30 06:14:12,9.57,6.78
2024-01-30 06:16:38,9.3,5.65
2024-01-30 06:19:05,10.68,5.97
2024-01-30 06:21:31,8.6,6.32
2024-01-30 06:26:22,9.13,4.97
2024-01-30 06:28:48,11.9,6.3
2024-01-30 06:31:13,8.57,5.68
2024-01-30 06:33:41,7.9,5.5
2024-01-30 06:38:35,10.07,5.25
2024-01-30 06:41:03,9.35,5.25
2024-01-30 06:43:31,8.82,5.15
2024-01-30 06:45:56,6.97,4.7
2024-01-30 06:48:22,12.43,5.43
2024-01-30 06:50:47,11.98,5.43
2024-01-30 06:53:14,8.27,4.78
2024-01-30 06:55:39,10.27,4.93
2024-01-30 06:58:05,7.78,5.32
2024-01-30 07:00:30,8.63,5.35
2024-01-30 07:02:56,8.57,5.75
2024-01-30 07:05:24,9.63,5.9
2024-01-30 07:07:49,10.18,5.93
2024-01-30 07:10:14,9.75,5.22
2024-01-30 07:15:07,9.2,5.2
2024-01-30 07:17:36,11.52,4.7
2024-01-30 07:20:02,10.1,4.82
2024-01-30 07:22:29,5.68,3.42
2024-01-30 07:24:55,7.0,3.05
2024-01-30 07:27:20,10.27,4.15
2024-01-30 07:29:46,5.38,3.15
2024-01-30 07:32:12,8.02,3.1
2024-01-30 07:34:39,9.93,3.92
2024-01-30 07:37:05,10.6,3.9
2024-01-30 07:39:33,9.6,4.53
2024-01-30 07:42:00,7.75,4.93
2024-01-30 07:44:26,9.23,5.8
2024-01-30 07:46:51,11.3,5.6
2024-01-30 07:49:17,6.22,4.47
2024-01-30 07:51:45,11.2,5.65
2024-01-30 07:54:10,10.7,5.03
2024-01-30 07:56:39,8.77,4.1
2024-01-30 07:59:09,4.15,2.58
2024-01-30 08:01:35,6.9,2.8
2024-01-30 08:04:03,6.1,2.03
2024-01-30 08:06:30,4.18,1.85
2024-01-30 08:08:56,2.78,1.88
2024-01-30 08:11:24,2.58,1.58
2024-01-30 08:13:53,4.07,1.8
2024-01-30 08:16:21,2.92,1.8
2024-01-30 08:18:47,2.72,1.48
2024-01-30 08:21:12,5.75,1.35
2024-01-30 08:23:38,2.83,1.45
2024-01-30 08:26:04,4.32,1.6
2024-01-30 08:28:30,6.53,1.75
2024-01-30 08:30:56,5.55,1.4
2024-01-30 08:33:22,2.83,1.4
2024-01-30 08:35:47,5.35,1.38
2024-01-30 08:38:17,4.55,2.05
2024-01-30 08:40:43,3.03,1.38
2024-01-30 08:43:08,3.4,0.95
2024-01-30 08:45:35,3.92,1.3
2024-01-30 08:48:00,5.97,1.02
2024-01-30 08:50:26,2.2,1.08
2024-01-30 08:52:54,2.55,0.98
2024-01-30 08:55:21,3.55,0.95
2024-01-30 08:57:46,2.78,0.93
2024-01-30 09:00:12,4.13,0.98
2024-01-30 09:02:38,3.13,0.82
2024-01-30 09:05:06,1.77,0.6
2024-01-30 09:07:31,2.25,0.95
2024-01-30 09:09:59,2.92,1.2
2024-01-30 09:12:27,2.28,0.95
2024-01-30 09:14:55,1.85,1.0
2024-01-30 09:17:22,5.25,1.38
2024-01-30 09:19:48,1.35,0.9
2024-01-30 09:22:13,2.95,1.05
2024-01-30 09:24:39,3.5,0.95
2024-01-30 09:27:05,3.47,1.13
2024-01-30 09:29:31,1.2,0.63
2024-01-30 09:32:00,3.58,0.98
2024-01-30 09:34:28,2.65,1.0
2024-01-30 09:36:56,1.48,0.73
2024-01-30 09:39:24,4.35,0.9
2024-01-30 09:44:24,4.1,1.2
2024-01-30 09:46:53,2.67,1.13
2024-01-30 09:49:18,2.97,0.9
2024-01-30 09:51:49,3.13,0.85
2024-01-30 09:54:15,2.25,1.0
2024-01-30 09:56:47,4.63,1.42
2024-01-30 10:01:38,3.3,0.8
2024-01-30 10:04:04,2.2,0.9
2024-01-30 10:06:31,3.83,0.93
2024-01-30 10:08:56,3.88,1.05
2024-01-30 10:11:21,4.5,1.2
2024-01-30 10:13:47,2.8,0.82
2024-01-30 10:16:14,1.88,0.9
2024-01-30 10:18:41,4.45,1.35
2024-01-30 10:21:07,4.57,1.25
2024-01-30 10:23:34,5.45,1.55
2024-01-30 10:25:59,6.57,1.6
2024-01-30 10:28:27,6.55,1.92
2024-01-30 10:30:57,5.32,1.13
2024-01-30 10:33:28,5.82,1.0
2024-01-30 10:35:56,1.45,0.8
2024-01-30 10:38:27,0.73,0.7
2024-01-30 10:40:56,4.68,1.1
2024-01-30 10:43:22,1.65,0.93
2024-01-30 10:46:00,2.42,1.08
2024-01-30 10:48:44,4.18,1.4
2024-01-30 10:51:20,2.17,0.75
2024-01-30 10:53:51,2.72,1.27
2024-01-30 10:56:18,3.4,1.0
2024-01-30 10:58:46,1.55,0.9
2024-01-30 11:01:17,3.25,0.73
2024-01-30 11:03:44,5.9,1.98
2024-01-30 11:06:10,0.88,0.52
2024-01-30 11:08:39,3.72,0.73
2024-01-30 11:11:07,1.83,0.98
2024-01-30 11:13:36,2.83,1.02
2024-01-30 11:16:02,3.03,0.8
2024-01-30 11:18:31,5.3,0.88
2024-01-30 11:21:01,3.05,1.0
2024-01-30 11:23:27,4.5,0.82
2024-01-30 11:25:53,5.3,1.1
2024-01-30 11:28:20,3.35,1.1
2024-01-30 11:30:47,2.15,0.7
2024-01-30 11:33:15,3.0,0.82
2024-01-30 11:35:55,1.48,0.57
2024-01-30 11:38:25,2.6,0.8
2024-01-30 11:40:52,2.38,0.88
2024-01-30 11:43:21,1.98,0.7
2024-01-30 11:45:49,2.03,0.7
2024-01-30 11:48:20,3.47,0.9
2024-01-30 11:50:48,1.8,0.38
2024-01-30 11:53:16,2.3,0.5
2024-01-30 11:55:49,0.77,0.5
2024-01-30 11:58:15,1.38,0.75
2024-01-30 12:00:40,2.72,0.8
2024-01-30 12:03:06,2.88,0.47
2024-01-30 12:05:32,1.23,0.8
2024-01-30 12:08:00,2.5,0.63
2024-01-30 12:10:26,3.65,0.6
2024-01-30 12:12:54,3.5,1.0
2024-01-30 12:15:24,4.13,0.77
2024-01-30 12:17:52,0.57,0.4
2024-01-30 12:20:28,2.4,0.95
2024-01-30 12:22:54,1.17,0.68
2024-01-30 12:25:20,0.8,0.63
2024-01-30 12:27:46,1.6,0.8
2024-01-30 12:30:22,2.25,0.73
2024-01-30 12:32:49,0.75,0.65
2024-01-30 12:35:16,5.88,1.02
2024-01-30 12:37:45,2.4,0.93
2024-01-30 12:40:13,7.47,1.0
2024-01-30 12:42:40,1.38,0.68
2024-01-30 12:45:11,0.85,0.45
2024-01-30 12:47:36,3.45,0.8
2024-01-30 12:50:07,1.38,0.55
2024-01-30 12:52:32,2.5,0.85
2024-01-30 12:55:00,2.3,0.7
2024-01-30 12:57:25,4.7,0.98
2024-01-30 12:59:53,3.17,1.05
2024-01-30 13:02:20,2.42,1.23
2024-01-30 13:04:47,3.67,1.48
2024-01-30 13:07:13,1.38,0.95
2024-01-30 13:09:40,2.92,0.88
2024-01-30 13:12:09,3.05,1.0
2024-01-30 13:14:34,7.57,1.2
2024-01-30 13:17:02,3.05,1.1
2024-01-30 13:19:28,2.83,0.82
2024-01-30 13:21:58,6.2,1.1
2024-01-30 13:24:26,4.1,1.25
2024-01-30 13:26:54,4.63,0.8
2024-01-30 13:29:26,2.28,1.2
2024-01-30 13:31:56,3.83,1.23
2024-01-30 13:34:22,6.72,1.3
2024-01-30 13:36:52,5.03,1.13
2024-01-30 13:39:17,4.93,1.83
2024-01-30 13:41:43,3.42,1.45
2024-01-30 13:44:10,3.67,1.52
2024-01-30 13:46:41,3.58,1.6
2024-01-30 13:49:09,4.38,1.45
2024-01-30 13:51:36,4.93,1.6
2024-01-30 13:54:02,10.4,2.1
2024-01-30 13:56:30,3.55,1.52
2024-01-30 13:58:55,4.35,1.8
2024-01-30 14:01:24,7.2,2.0
2024-01-30 14:03:49,4.35,1.55
2024-01-30 14:06:15,5.13,1.7
2024-01-30 14:08:43,3.25,1.8
2024-01-30 14:11:08,5.88,2.0
2024-01-30 14:13:36,9.93,1.9
2024-01-30 14:16:01,4.72,2.0
2024-01-30 14:18:29,3.55,1.85
2024-01-30 14:20:57,4.72,1.98
2024-01-30 14:23:25,4.97,1.98
2024-01-30 14:25:51,4.32,1.5
2024-01-30 14:28:18,4.13,1.7
2024-01-30 14:30:44,2.67,1.5
2024-01-30 14:33:12,4.2,1.33
2024-01-30 14:35:40,6.05,2.1
2024-01-30 14:38:05,3.47,1.67
2024-01-30 14:40:32,4.28,1.98
2024-01-30 14:42:58,3.67,1.67
2024-01-30 14:45:23,11.6,2.05
2024-01-30 14:47:48,4.6,1.75
2024-01-30 14:50:17,3.88,1.45
2024-01-30 14:52:45,2.92,1.92
2024-01-30 14:55:10,2.45,1.55
2024-01-30 14:57:36,3.7,1.63
2024-01-30 15:00:03,6.3,1.92
2024-01-30 15:02:29,4.43,2.13
2024-01-30 15:04:55,3.42,1.52
2024-01-30 15:07:20,4.15,1.38
2024-01-30 15:09:45,7.9,1.55
2024-01-30 15:12:13,4.55,1.6
2024-01-30 15:14:41,5.93,1.58
2024-01-30 15:17:17,3.7,1.63
2024-01-30 15:19:43,2.78,1.58
2024-01-30 15:22:11,3.4,1.8
2024-01-30 15:24:42,2.15,1.2
2024-01-30 15:27:07,11.77,6.1
2024-01-30 15:29:33,6.05,3.08
2024-01-30 15:32:04,2.75,1.48
2024-01-30 15:34:29,4.97,1.9
2024-01-30 15:36:55,3.35,1.38
2024-01-30 15:39:23,12.85,7.3
2024-01-30 15:41:54,3.83,2.2
2024-01-30 15:44:21,5.47,3.05
2024-01-30 15:46:49,5.18,3.17
2024-01-30 15:49:15,4.53,2.53
2024-01-30 15:51:41,3.15,1.48
2024-01-30 15:54:06,4.32,1.95
2024-01-30 15:56:31,3.83,2.1
2024-01-30 15:58:59,2.78,1.6
2024-01-30 16:01:27,3.25,2.2
2024-01-30 16:03:52,3.72,2.25
2024-01-30 16:06:20,2.95,1.6
2024-01-30 16:08:48,3.3,1.98
2024-01-30 16:11:16,2.28,1.63
2024-01-30 16:13:45,4.68,2.0
2024-01-30 16:16:18,3.15,1.42
2024-01-30 16:18:44,2.85,1.83
2024-01-30 16:21:09,3.08,1.35
2024-01-30 16:23:37,4.82,1.6
2024-01-30 16:26:02,2.42,1.63
2024-01-30 16:28:28,3.1,1.83
2024-01-30 16:30:53,3.35,1.55
2024-01-30 16:33:19,3.47,1.95
2024-01-30 16:35:44,3.53,1.8
2024-01-30 16:38:09,4.0,1.33
2024-01-30 16:40:37,3.92,1.6
2024-01-30 16:43:03,6.18,2.2
2024-01-30 16:45:30,5.28,1.9
2024-01-30 16:47:58,2.9,1.5
2024-01-30 16:50:23,6.4,1.73
2024-01-30 16:52:49,6.22,2.25
2024-01-30 16:55:14,3.38,2.33
2024-01-30 16:57:39,6.0,2.58
2024-01-30 17:00:05,3.85,2.05
2024-01-30 17:02:33,4.47,2.1
2024-01-30 17:04:59,4.2,1.98
2024-01-30 17:07:24,3.03,1.63
2024-01-30 17:09:50,5.55,2.53
2024-01-30 17:12:19,4.9,3.05
2024-01-30 17:14:47,3.7,2.8
2024-01-30 17:17:14,11.4,6.5
2024-01-30 17:19:40,14.93,8.95
2024-01-30 17:22:05,9.68,6.2
2024-01-30 17:24:33,6.35,4.32
2024-01-30 17:26:58,5.07,3.05
2024-01-30 17:29:26,5.35,3.83
2024-01-30 17:31:51,5.13,3.08
2024-01-30 17:34:17,3.83,2.4
2024-01-30 17:36:42,4.97,2.3
2024-01-30 17:39:08,2.7,1.83
2024-01-30 17:41:33,5.35,2.1
2024-01-30 17:44:03,6.07,2.42
2024-01-30 17:46:28,4.5,2.67
2024-01-30 17:48:54,5.3,2.7
2024-01-30 17:51:19,6.43,2.7
2024-01-30 17:53:47,5.15,2.7
2024-01-30 17:56:13,7.3,4.05
2024-01-30 17:58:38,6.63,3.55
2024-01-30 18:01:06,9.75,4.68
2024-01-30 18:03:34,7.93,5.55
2024-01-30 18:05:59,7.1,3.9
2024-01-30 18:08:25,8.85,3.88
2024-01-30 18:13:16,3.17,2.1
2024-01-30 18:15:46,4.88,3.2
2024-01-30 18:18:11,4.45,2.75
2024-01-30 18:20:38,5.07,2.85
2024-01-30 18:23:04,4.22,2.97
2024-01-30 18:25:29,4.0,2.67
2024-01-30 18:27:57,8.05,3.38
2024-01-30 18:30:22,6.15,3.53
2024-01-30 18:32:48,5.6,2.47
2024-01-30 18:35:13,4.63,2.85
2024-01-30 18:37:42,3.1,2.53
2024-01-30 18:40:10,6.18,2.75
2024-01-30 18:42:35,3.67,2.5
2024-01-30 18:45:01,4.07,2.33
2024-01-30 18:47:27,5.18,2.4
2024-01-30 18:49:55,4.9,2.65
2024-01-30 18:52:22,3.67,2.85
2024-01-30 18:54:48,5.55,2.95
2024-01-30 18:57:13,5.8,3.25
2024-01-30 18:59:39,5.43,2.92
2024-01-30 19:02:05,5.93,2.8
2024-01-30 19:07:00,5.38,2.1
2024-01-30 19:09:26,7.57,3.0
2024-01-30 19:11:51,4.2,2.78
2024-01-30 19:14:19,5.5,2.58
2024-01-30 19:16:45,4.25,2.6
2024-01-30 19:19:11,4.53,2.7
2024-01-30 19:21:39,3.75,2.47
2024-01-30 19:24:07,4.25,3.17
2024-01-30 19:26:34,5.65,2.72
2024-01-30 19:29:00,6.78,3.42
2024-01-30 19:31:25,3.58,2.85
2024-01-30 19:33:53,3.5,2.55
2024-01-30 19:36:18,3.83,2.85
2024-01-30 19:38:46,6.15,3.35
2024-01-30 19:41:13,4.8,3.1
2024-01-30 19:43:39,5.68,3.8
2024-01-30 19:46:07,4.93,3.38
2024-01-30 19:48:35,5.95,3.2
2024-01-30 19:51:05,4.22,3.3
2024-01-30 19:53:32,6.2,3.75
2024-01-30 19:55:59,4.72,3.08
2024-01-30 19:58:25,4.4,3.3
2024-01-30 20:00:55,5.3,3.42
2024-01-30 20:03:20,6.75,3.88
2024-01-30 20:05:45,6.38,3.63
2024-01-30 20:08:11,8.4,3.83
2024-01-30 20:10:40,5.45,3.3
2024-01-30 20:13:08,7.35,3.13
2024-01-30 20:15:34,7.35,3.45
2024-01-30 20:17:59,8.38,3.9
2024-01-30 20:20:24,6.22,4.03
2024-01-30 20:22:52,5.53,3.58
2024-01-30 20:25:18,8.68,4.18
2024-01-30 20:27:43,6.7,5.18
2024-01-30 20:30:09,7.2,4.97
2024-01-30 20:32:35,7.35,4.55
2024-01-30 20:35:04,5.5,3.63
2024-01-30 20:37:33,7.57,4.07
2024-01-30 20:40:01,5.3,4.07
2024-01-30 20:42:28,6.9,4.03
2024-01-30 20:44:57,6.72,3.78
2024-01-30 20:47:22,5.38,3.47
2024-01-30 20:49:48,7.07,4.25
2024-01-30 20:52:13,5.93,4.07
2024-01-30 20:54:39,6.93,4.2
2024-01-30 20:57:06,11.57,4.72
2024-01-30 20:59:32,6.7,4.05
2024-01-30 21:02:00,9.1,4.5
2024-01-30 21:04:25,6.55,4.5
2024-01-30 21:06:51,8.68,4.28
2024-01-30 21:09:16,7.3,4.0
2024-01-30 21:11:42,6.8,4.1
2024-01-30 21:14:10,8.9,4.65
2024-01-30 21:16:35,7.47,4.35
2024-01-30 21:19:01,5.75,4.05
2024-01-30 21:21:28,8.18,4.63
2024-01-30 21:23:54,6.97,4.0
2024-01-30 21:26:22,7.4,4.93
2024-01-30 21:28:50,8.55,4.63
2024-01-30 21:31:16,7.53,4.3
2024-01-30 21:33:42,7.13,4.45
2024-01-30 21:36:07,6.32,4.43
2024-01-30 21:38:33,5.5,4.2
2024-01-30 21:41:01,7.13,4.55
2024-01-30 21:43:28,8.2,4.68
2024-01-30 21:45:54,6.65,4.3
2024-01-30 21:48:19,8.38,4.4
2024-01-30 21:50:47,6.93,4.3
2024-01-30 21:53:12,6.3,4.65
2024-01-30 21:55:38,7.75,5.03
2024-01-30 21:58:03,7.47,4.63
2024-01-30 22:00:29,7.57,4.88
2024-01-30 22:02:57,6.43,4.4
2024-01-30 22:05:22,7.57,4.97
2024-01-30 22:07:47,6.57,5.05
2024-01-30 22:10:15,10.95,4.9
2024-01-30 22:12:40,8.3,4.45
2024-01-30 22:15:06,8.18,4.75
2024-01-30 22:20:00,7.53,4.43
2024-01-30 22:22:29,7.45,4.7
2024-01-30 22:24:54,11.3,5.3
2024-01-30 22:27:20,8.75,5.72
2024-01-30 22:29:51,6.82,4.97
2024-01-30 22:32:19,9.9,5.25
2024-01-30 22:34:44,7.78,4.88
2024-01-30 22:37:09,11.2,5.07
2024-01-30 22:39:35,8.88,5.03
2024-01-30 22:42:00,7.7,5.4
2024-01-30 22:44:26,8.68,5.63
2024-01-30 22:46:56,10.0,6.47
2024-01-30 22:49:21,14.1,5.63
2024-01-30 22:51:47,7.15,5.6
2024-01-30 22:54:16,11.48,6.05
2024-01-30 22:56:42,8.75,6.0
2024-01-30 23:01:34,9.82,5.7
2024-01-30 23:03:59,8.88,5.8
2024-01-30 23:06:25,10.45,7.03
2024-01-30 23:08:50,13.13,6.18
2024-01-30 23:11:18,9.23,6.35
2024-01-30 23:13:43,9.93,7.63
2024-01-30 23:16:08,11.4,7.1
2024-01-30 23:18:34,12.02,7.25
2024-01-30 23:21:02,11.2,7.57
2024-01-30 23:23:27,11.1,7.45
2024-01-30 23:25:52,9.7,6.35
2024-01-30 23:28:18,11.32,7.53
2024-01-30 23:30:43,11.48,6.97
2024-01-30 23:33:09,12.05,7.63
2024-01-30 23:35:34,12.43,7.8
2024-01-30 23:37:59,13.18,6.72
2024-01-30 23:40:25,8.2,6.03
2024-01-30 23:42:51,11.07,6.88
2024-01-30 23:45:16,10.05,6.85
2024-01-30 23:47:42,12.15,6.47
2024-01-30 23:50:09,11.18,6.78
2024-01-30 23:52:44,14.0,7.2
2024-01-30 23:55:14,10.93,7.57
2024-01-30 23:57:43,12.68,6.57
2024-01-31 00:00:08,12.63,7.8
2024-01-31 00:02:37,11.73,7.35
2024-01-31 00:05:03,15.02,7.57
2024-01-31 00:09:54,12.68,8.82
2024-01-31 00:12:19,13.73,9.38
2024-01-31 00:14:47,18.92,10.13
2024-01-31 00:17:13,15.32,9.48
2024-01-31 00:19:38,14.07,10.43
2024-01-31 00:22:04,21.0,10.82
2024-01-31 00:24:29,16.52,11.05
2024-01-31 00:26:54,17.25,10.43
2024-01-31 00:29:20,18.63,11.23
2024-01-31 00:31:45,21.0,11.05
2024-01-31 00:34:13,20.4,11.4
2024-01-31 00:36:38,21.85,11.35
2024-01-31 00:39:07,20.75,10.88
2024-01-31 00:41:32,19.75,11.18
2024-01-31 00:44:00,20.95,12.0
2024-01-31 00:46:28,16.45,10.82
2024-01-31 00:48:53,18.02,10.2
2024-01-31 00:51:19,19.35,10.52
2024-01-31 00:53:46,21.63,11.98
2024-01-31 00:56:12,18.33,9.45
2024-01-31 00:58:38,21.55,11.48
2024-01-31 01:01:04,17.0,10.18
2024-01-31 01:03:29,21.6,9.98
2024-01-31 01:05:55,19.65,9.85
2024-01-31 01:08:22,20.23,9.82
2024-01-31 01:10:48,15.65,9.6
2024-01-31 01:13:13,19.5,10.0
2024-01-31 01:15:39,22.02,10.32
2024-01-31 01:18:07,16.63,8.98
2024-01-31 01:20:37,17.42,9.38
2024-01-31 01:23:02,19.45,8.88
2024-01-31 01:25:31,15.52,8.68
2024-01-31 01:27:57,18.52,8.32
2024-01-31 01:30:22,13.02,7.5
2024-01-31 01:32:47,10.55,7.03
2024-01-31 01:35:13,10.8,6.38
2024-01-31 01:37:39,9.5,5.57
2024-01-31 01:40:05,8.9,5.43
2024-01-31 01:42:34,9.68,5.78
2024-01-31 01:45:02,12.43,6.25
2024-01-31 01:47:36,15.07,5.85
2024-01-31 01:50:15,8.07,4.97
2024-01-31 01:52:42,10.0,5.0
2024-01-31 01:55:07,7.97,4.15
2024-01-31 01:57:35,10.82,4.6
2024-01-31 02:00:07,9.77,4.07
2024-01-31 02:02:37,7.07,4.63
2024-01-31 02:05:03,6.5,3.95
2024-01-31 02:07:30,7.03,3.53
2024-01-31 02:09:56,9.23,4.72
2024-01-31 02:12:23,12.77,4.78
2024-01-31 02:14:48,7.7,4.22
2024-01-31 02:17:17,6.53,3.78
2024-01-31 02:19:43,8.0,4.32
2024-01-31 02:22:18,8.75,4.07
2024-01-31 02:24:44,10.3,3.65
2024-01-31 02:27:12,8.43,3.95
2024-01-31 02:29:41,6.57,3.47
2024-01-31 02:32:09,8.95,4.18
2024-01-31 02:34:37,6.13,3.22
2024-01-31 02:37:02,6.38,3.6
2024-01-31 02:39:28,8.13,4.15
2024-01-31 02:41:56,6.55,3.13
2024-01-31 02:44:23,6.75,3.63
2024-01-31 02:46:51,6.28,3.55
2024-01-31 02:49:19,8.38,5.03
2024-01-31 02:51:46,7.55,4.05
2024-01-31 02:54:12,10.48,4.65
2024-01-31 02:56:37,8.88,5.15
2024-01-31 02:59:03,14.57,6.22
2024-01-31 03:01:28,12.7,6.15
2024-01-31 03:03:53,9.45,5.55
2024-01-31 03:06:21,11.85,5.8
2024-01-31 03:08:47,9.1,5.45
2024-01-31 03:11:14,10.88,6.32
2024-01-31 03:13:40,12.13,5.75
2024-01-31 03:16:05,10.9,5.78
2024-01-31 03:18:31,9.75,5.32
2024-01-31 03:20:56,11.57,5.68
2024-01-31 03:23:22,10.15,5.5
2024-01-31 03:25:47,14.05,5.85
2024-01-31 03:28:12,11.5,5.05
2024-01-31 03:30:40,11.43,4.93
2024-01-31 03:33:09,9.5,5.15
2024-01-31 03:35:34,10.77,5.82
2024-01-31 03:38:04,12.45,5.95
2024-01-31 03:40:30,11.98,5.4
2024-01-31 03:42:57,11.75,5.82
2024-01-31 03:45:23,10.93,5.8
2024-01-31 03:47:53,9.82,6.0
2024-01-31 03:50:18,16.98,6.93
2024-01-31 03:52:46,13.32,6.5
2024-01-31 03:55:11,13.75,6.7
2024-01-31 03:57:37,15.0,7.88
2024-01-31 04:00:03,12.75,7.4
2024-01-31 04:02:30,18.42,8.18
2024-01-31 04:04:58,14.93,8.82
2024-01-31 04:07:24,18.5,9.63
2024-01-31 04:09:50,20.4,9.9
2024-01-31 04:12:15,19.9,10.13
2024-01-31 04:14:40,19.42,10.93
2024-01-31 04:17:06,19.17,10.2
2024-01-31 04:19:31,20.73,10.93
2024-01-31 04:21:59,17.65,9.9
2024-01-31 04:24:24,21.77,10.73
2024-01-31 04:26:50,23.83,10.8
2024-01-31 04:29:16,15.25,9.07
2024-01-31 04:31:49,20.83,11.13
2024-01-31 04:34:17,21.42,11.27
2024-01-31 04:36:42,22.65,11.05
2024-01-31 04:39:07,23.9,10.32
2024-01-31 04:41:35,19.13,10.38
2024-01-31 04:44:03,21.83,11.2
2024-01-31 04:46:31,25.83,12.05
2024-01-31 04:48:59,26.35,11.75
2024-01-31 04:51:25,21.13,10.82
2024-01-31 04:53:52,21.9,11.6
2024-01-31 04:56:17,24.3,11.43
2024-01-31 04:58:43,20.42,12.18
2024-01-31 05:01:08,20.23,11.9
2024-01-31 05:03:34,24.98,11.5
2024-01-31 05:05:59,22.98,11.8
2024-01-31 05:08:27,20.35,11.07
2024-01-31 05:10:54,22.0,11.95
2024-01-31 05:13:19,18.73,10.7
2024-01-31 05:15:45,17.35,11.18
2024-01-31 05:18:10,20.88,11.32
2024-01-31 05:20:37,17.85,10.75
2024-01-31 05:23:02,18.55,11.73
2024-01-31 05:25:28,18.65,11.88
2024-01-31 05:27:56,18.02,9.8
2024-01-31 05:30:23,20.05,10.5
2024-01-31 05:32:49,16.92,10.5
2024-01-31 05:35:17,16.1,9.45
2024-01-31 05:37:42,15.57,9.93
2024-01-31 05:40:10,15.75,9.2
2024-01-31 05:42:43,15.85,9.73
2024-01-31 05:45:09,16.92,9.52
2024-01-31 05:47:34,16.9,9.93
2024-01-31 05:50:00,14.15,9.02
2024-01-31 05:52:26,17.1,10.07
2024-01-31 05:54:51,19.38,9.65
2024-01-31 05:57:17,19.1,10.82
2024-01-31 05:59:42,20.27,9.57
2024-01-31 06:02:07,17.42,9.88
2024-01-31 06:04:33,19.38,10.2
2024-01-31 06:06:58,14.52,8.65
2024-01-31 06:09:28,15.52,8.93
2024-01-31 06:11:53,15.35,9.4
2024-01-31 06:14:19,16.63,9.3
2024-01-31 06:16:44,14.73,9.15
2024-01-31 06:19:10,15.55,9.0
2024-01-31 06:21:35,14.05,8.68
2024-01-31 06:24:00,13.2,9.02
2024-01-31 06:26:28,13.2,8.4
2024-01-31 06:28:54,16.55,8.3
2024-01-31 06:31:19,14.85,8.65
2024-01-31 06:33:53,14.88,8.5
2024-01-31 06:36:19,14.45,7.4
2024-01-31 06:38:45,13.73,7.28
2024-01-31 06:41:15,12.2,7.65
2024-01-31 06:43:41,10.63,6.97
2024-01-31 06:46:06,10.35,6.28
2024-01-31 06:48:34,14.68,7.63
2024-01-31 06:50:59,16.13,6.95
2024-01-31 06:53:27,11.4,6.65
2024-01-31 06:55:56,11.05,7.32
2024-01-31 06:58:21,10.48,5.05
2024-01-31 07:00:47,10.05,6.32
2024-01-31 07:03:12,9.6,6.32
2024-01-31 07:05:40,9.65,5.57
2024-01-31 07:08:06,9.95,5.93
2024-01-31 07:10:31,8.57,5.32
2024-01-31 07:12:57,12.3,5.13
2024-01-31 07:15:22,8.95,5.15
2024-01-31 07:17:48,9.3,5.38
2024-01-31 07:20:13,9.5,5.15
2024-01-31 07:22:42,7.72,5.43
2024-01-31 07:25:07,8.38,5.38
2024-01-31 07:27:38,7.03,4.63
2024-01-31 07:30:06,6.7,4.4
2024-01-31 07:32:35,7.07,4.1
2024-01-31 07:35:01,9.23,4.35
2024-01-31 07:37:26,7.45,3.65
2024-01-31 07:39:54,8.02,3.8
2024-01-31 07:42:23,7.38,4.28
2024-01-31 07:44:49,7.53,3.3
2024-01-31 07:47:19,7.55,4.1
2024-01-31 07:49:44,8.2,3.67
2024-01-31 07:52:11,9.73,4.0
2024-01-31 07:57:01,7.23,3.8
2024-01-31 07:59:27,7.78,3.58
2024-01-31 08:01:55,7.22,3.67
2024-01-31 08:04:21,8.3,3.95
2024-01-31 08:06:46,5.5,3.53
2024-01-31 08:09:11,8.1,4.1
2024-01-31 08:11:40,6.9,3.78
2024-01-31 08:14:09,6.97,3.5
2024-01-31 08:16:39,7.57,3.45
2024-01-31 08:19:05,5.95,4.0
2024-01-31 08:21:31,6.63,3.47
2024-01-31 08:23:59,6.55,3.7
2024-01-31 08:26:27,6.55,3.63
2024-01-31 08:28:52,6.32,3.22
2024-01-31 08:31:19,4.0,2.92
2024-01-31 08:33:44,5.75,3.42
2024-01-31 08:36:09,6.2,3.42
2024-01-31 08:38:35,9.05,3.9
2024-01-31 08:41:05,6.93,3.65
2024-01-31 08:43:33,8.88,3.88
2024-01-31 08:45:58,4.68,3.13
2024-01-31 08:48:23,5.43,2.92
2024-01-31 08:50:49,8.65,3.3
2024-01-31 08:53:16,5.1,2.85
2024-01-31 08:55:43,6.28,2.9
2024-01-31 08:58:08,4.4,2.8
2024-01-31 09:00:34,5.07,2.95
2024-01-31 09:02:59,8.05,2.85
2024-01-31 09:05:30,5.38,3.03
2024-01-31 09:07:56,9.1,3.13
2024-01-31 09:10:21,5.6,2.55
2024-01-31 09:12:50,5.18,2.92
2024-01-31 09:15:15,4.47,2.55
2024-01-31 09:17:42,6.07,3.08
2024-01-31 09:20:08,5.8,3.1
2024-01-31 09:22:35,5.85,2.38
2024-01-31 09:25:01,8.35,3.88
2024-01-31 09:27:29,6.82,3.1
2024-01-31 09:29:57,5.32,2.42
2024-01-31 09:32:22,6.0,2.7
2024-01-31 09:34:47,4.68,2.85
2024-01-31 09:37:13,4.32,2.63
2024-01-31 09:39:38,9.7,2.75
2024-01-31 09:42:04,4.43,2.83
2024-01-31 09:44:32,4.28,2.2
2024-01-31 09:46:59,7.25,3.42
2024-01-31 09:49:25,4.75,2.55
2024-01-31 09:51:54,5.25,2.38
2024-01-31 09:54:22,6.93,2.38
2024-01-31 09:56:51,6.4,2.3
2024-01-31 09:59:19,4.1,2.13
2024-01-31 10:01:49,6.95,2.53
2024-01-31 10:04:17,5.07,2.55
2024-01-31 10:06:43,5.82,3.22
2024-01-31 10:09:09,7.82,2.25
2024-01-31 10:11:34,5.6,2.4
2024-01-31 10:14:02,5.72,2.55
2024-01-31 10:16:27,6.93,2.9
2024-01-31 10:18:56,6.22,2.5
2024-01-31 10:21:22,10.6,2.8
2024-01-31 10:23:57,3.9,2.65
2024-01-31 10:26:28,3.65,2.25
2024-01-31 10:28:55,9.77,2.42
2024-01-31 10:31:22,7.68,2.25
2024-01-31 10:33:48,4.65,2.15
2024-01-31 10:36:14,9.8,2.38
2024-01-31 10:38:44,5.25,2.2
2024-01-31 10:41:10,5.38,2.3
2024-01-31 10:43:37,5.9,1.95
2024-01-31 10:46:05,6.2,1.92
2024-01-31 10:48:30,5.6,2.0
2024-01-31 10:50:58,5.32,1.9
2024-01-31 10:53:28,4.22,1.58
2024-01-31 10:55:55,5.9,2.03
2024-01-31 10:58:22,5.7,1.95
2024-01-31 11:00:48,5.4,1.9
2024-01-31 11:03:14,5.1,2.3
2024-01-31 11:05:43,4.07,2.03
2024-01-31 11:08:21,6.95,2.2
2024-01-31 11:10:51,6.1,1.8
2024-01-31 11:13:16,12.85,2.1
2024-01-31 11:15:44,3.1,1.7
2024-01-31 11:18:14,6.05,2.13
2024-01-31 11:23:05,3.35,1.75
2024-01-31 11:25:32,8.82,2.08
2024-01-31 11:28:01,6.03,1.73
2024-01-31 11:30:31,6.82,1.92
2024-01-31 11:33:01,6.85,1.85
2024-01-31 11:35:28,3.38,1.67
2024-01-31 11:37:56,5.45,2.13
2024-01-31 11:40:25,5.45,2.08
2024-01-31 11:42:51,6.13,2.55
2024-01-31 11:45:18,3.53,2.2
2024-01-31 11:47:46,5.0,1.98
2024-01-31 11:50:15,2.85,1.85
2024-01-31 11:52:40,4.8,1.83
2024-01-31 11:55:06,2.63,1.85
2024-01-31 11:57:33,5.25,2.45
2024-01-31 11:59:59,4.32,2.35
2024-01-31 12:02:33,3.63,1.95
2024-01-31 12:05:01,4.72,2.05
2024-01-31 12:07:27,3.97,1.7
2024-01-31 12:09:53,3.88,1.92
2024-01-31 12:12:19,3.72,1.8
2024-01-31 12:14:45,5.03,1.88
2024-01-31 12:19:45,7.0,2.13
2024-01-31 12:22:11,10.48,2.8
2024-01-31 12:24:37,3.55,1.9
2024-01-31 12:27:03,7.45,2.08
2024-01-31 12:29:28,5.65,2.22
2024-01-31 12:31:59,3.72,2.03
2024-01-31 12:34:24,3.45,1.92
2024-01-31 12:36:49,5.5,1.75
2024-01-31 12:39:15,6.43,2.0
2024-01-31 12:41:44,8.93,2.25
2024-01-31 12:44:10,4.65,2.1
2024-01-31 12:46:36,2.35,1.7
2024-01-31 12:49:02,4.65,1.92
2024-01-31 12:51:27,3.83,1.88
2024-01-31 12:53:52,2.67,1.6
2024-01-31 12:56:18,3.53,1.98
2024-01-31 12:58:44,4.57,1.73
2024-01-31 13:03:35,6.73,2.13
2024-01-31 13:06:01,4.2,1.6
2024-01-31 13:08:26,5.43,2.33
2024-01-31 13:10:57,2.97,1.48
2024-01-31 13:13:22,4.03,2.35
2024-01-31 13:15:50,3.1,1.85
2024-01-31 13:18:16,4.8,2.2
2024-01-31 13:20:41,4.5,2.47
2024-01-31 13:23:06,6.03,2.4
2024-01-31 13:25:32,3.7,1.92
2024-01-31 13:27:57,3.38,1.92
2024-01-31 13:30:30,6.57,2.35
2024-01-31 13:32:55,3.6,2.2
2024-01-31 13:35:21,4.18,1.7
2024-01-31 13:37:48,4.75,2.35
2024-01-31 13:40:16,4.45,2.13
2024-01-31 13:42:42,3.75,2.13
2024-01-31 13:45:10,3.8,2.1
2024-01-31 13:47:37,8.15,2.72
2024-01-31 13:50:03,3.63,2.58
2024-01-31 13:52:31,4.75,2.33
2024-01-31 13:54:57,4.75,2.53
2024-01-31 13:57:22,3.15,2.17
2024-01-31 13:59:48,5.28,2.6
2024-01-31 14:02:13,3.42,2.03
2024-01-31 14:04:38,4.85,2.5
2024-01-31 14:07:04,3.58,2.17
2024-01-31 14:09:29,5.25,2.17
2024-01-31 14:11:59,3.75,2.1
2024-01-31 14:14:28,5.03,2.7
2024-01-31 14:16:58,3.08,1.63
2024-01-31 14:19:26,7.82,2.1
2024-01-31 14:21:55,6.07,2.1
2024-01-31 14:24:20,6.9,2.08
2024-01-31 14:26:45,3.4,1.77
2024-01-31 14:29:12,6.7,2.17
2024-01-31 14:31:41,4.65,1.88
2024-01-31 14:34:08,2.03,1.3
2024-01-31 14:36:37,4.45,1.83
2024-01-31 14:39:03,2.8,2.25
2024-01-31 14:41:29,4.32,1.75
2024-01-31 14:43:56,2.88,1.65
2024-01-31 14:46:22,3.35,1.9
2024-01-31 14:48:47,4.68,1.67
2024-01-31 14:51:13,3.28,1.42
2024-01-31 14:53:40,3.65,1.48
2024-01-31 14:56:06,4.07,1.55
2024-01-31 14:58:31,3.38,1.5
2024-01-31 15:00:57,7.03,1.6
2024-01-31 15:03:22,4.97,1.45
2024-01-31 15:05:47,3.25,1.42
2024-01-31 15:08:13,1.45,1.08
2024-01-31 15:10:40,5.22,1.4
2024-01-31 15:13:06,6.63,1.5
2024-01-31 15:15:34,3.72,1.67
2024-01-31 15:18:02,5.15,2.0
2024-01-31 15:20:30,4.45,1.5
2024-01-31 15:22:56,5.2,1.73
2024-01-31 15:25:28,4.8,1.63
2024-01-31 15:27:53,3.63,1.55
2024-01-31 15:30:21,4.35,2.7
2024-01-31 15:32:47,4.32,1.6
2024-01-31 15:35:12,3.47,1.42
2024-01-31 15:37:38,3.67,1.35
2024-01-31 15:40:10,4.63,1.67
2024-01-31 15:42:36,5.55,1.5
2024-01-31 15:45:01,3.75,2.13
2024-01-31 15:47:29,6.47,2.1
2024-01-31 15:49:54,4.45,2.13
2024-01-31 15:52:22,2.92,1.4
2024-01-31 15:54:49,7.0,2.55
2024-01-31 15:57:14,4.45,1.6
2024-01-31 15:59:40,2.85,1.3
2024-01-31 16:02:07,4.22,1.73
2024-01-31 16:04:35,4.32,1.7
2024-01-31 16:07:01,4.1,2.17
2024-01-31 16:09:27,6.68,2.0
2024-01-31 16:11:53,6.82,2.8
2024-01-31 16:14:19,4.85,2.08
2024-01-31 16:16:44,8.25,1.9
2024-01-31 16:19:10,5.13,2.3
2024-01-31 16:21:36,3.7,2.05
2024-01-31 16:24:03,8.23,2.55
2024-01-31 16:26:31,3.35,2.1
2024-01-31 16:28:59,3.92,1.73
2024-01-31 16:31:24,4.38,2.2
2024-01-31 16:33:52,9.27,3.05
2024-01-31 16:36:18,2.9,2.0
2024-01-31 16:38:47,4.72,2.28
2024-01-31 16:41:16,1.88,1.5
2024-01-31 16:43:43,3.65,1.6
2024-01-31 16:46:09,3.05,1.6
2024-01-31 16:48:34,4.43,1.88
2024-01-31 16:50:59,6.05,2.15
2024-01-31 16:53:25,5.05,2.4
2024-01-31 16:55:50,4.55,2.05
2024-01-31 16:58:16,6.97,2.3
2024-01-31 17:00:41,6.6,2.72
2024-01-31 17:03:09,6.88,2.75
2024-01-31 17:05:34,3.45,1.98
2024-01-31 17:08:02,2.97,2.1
2024-01-31 17:10:30,4.1,2.22
2024-01-31 17:12:55,6.03,2.6
2024-01-31 17:15:20,4.57,2.2
2024-01-31 17:17:46,3.35,1.95
2024-01-31 17:20:14,8.85,1.77
2024-01-31 17:22:39,3.5,1.73
2024-01-31 17:25:07,4.88,1.75
2024-01-31 17:27:33,4.15,1.58
2024-01-31 17:29:58,4.05,1.98
2024-01-31 17:32:24,3.92,2.0
2024-01-31 17:34:49,5.4,1.6
2024-01-31 17:37:15,3.85,1.5
2024-01-31 17:39:40,6.7,2.65
2024-01-31 17:42:05,2.63,1.88
2024-01-31 17:44:36,3.0,1.9
2024-01-31 17:47:01,4.78,2.22
2024-01-31 17:49:27,5.88,2.03
2024-01-31 17:51:52,5.7,1.9
2024-01-31 17:56:44,3.97,2.0
2024-01-31 17:59:10,3.75,1.7
2024-01-31 18:01:36,4.25,2.2
2024-01-31 18:04:11,7.57,2.35
2024-01-31 18:06:41,2.7,1.9
2024-01-31 18:09:07,5.68,2.7
2024-01-31 18:11:33,6.35,3.08
2024-01-31 18:13:59,9.95,4.1
2024-01-31 18:16:24,11.38,3.6
2024-01-31 18:18:50,9.5,3.95
2024-01-31 18:21:15,6.82,3.55
2024-01-31 18:23:40,12.68,3.38
2024-01-31 18:26:06,5.13,1.95
2024-01-31 18:28:31,6.13,2.5
2024-01-31 18:30:57,4.18,2.08
2024-01-31 18:33:22,4.5,2.08
2024-01-31 18:35:48,6.88,2.13
2024-01-31 18:38:14,4.43,1.95
2024-01-31 18:40:42,5.38,2.63
2024-01-31 18:43:07,5.05,2.6
2024-01-31 18:45:35,4.65,2.42
2024-01-31 18:48:00,4.53,2.25
2024-01-31 18:50:28,8.45,2.7
2024-01-31 18:52:54,6.2,2.45
2024-01-31 18:55:21,8.98,3.6
2024-01-31 18:57:46,6.43,2.35
2024-01-31 19:00:12,7.88,2.95
2024-01-31 19:02:38,6.1,2.75
2024-01-31 19:05:06,4.55,2.6
2024-01-31 19:07:34,6.75,2.95
2024-01-31 19:10:00,6.53,2.9
2024-01-31 19:12:29,3.92,2.4
2024-01-31 19:14:54,4.5,2.3
2024-01-31 19:17:22,4.88,2.88
2024-01-31 19:19:48,4.15,2.83
2024-01-31 19:22:13,7.75,2.33
2024-01-31 19:24:41,4.43,2.53
2024-01-31 19:27:07,5.9,2.95
2024-01-31 19:31:38,5.8,3.5
2024-01-31 19:34:03,8.0,2.9
2024-01-31 19:36:29,9.95,3.22
2024-01-31 19:38:54,7.03,2.92
2024-01-31 19:41:21,6.38,3.05
2024-01-31 19:43:49,5.47,2.5
2024-01-31 19:46:15,8.95,2.35
2024-01-31 19:48:44,3.67,2.42
2024-01-31 19:51:12,4.82,2.58
2024-01-31 19:53:48,6.97,2.7
2024-01-31 19:56:15,6.07,2.75
2024-01-31 19:58:41,6.57,2.13
2024-01-31 20:01:09,3.08,2.22
2024-01-31 20:03:38,3.25,2.25
2024-01-31 20:06:04,6.55,2.67
2024-01-31 20:08:30,5.03,2.85
2024-01-31 20:10:58,3.95,2.67
2024-01-31 20:13:23,4.95,2.25
2024-01-31 20:15:49,5.88,2.3
2024-01-31 20:18:15,4.38,2.4
2024-01-31 20:20:40,6.45,2.75
2024-01-31 20:23:07,4.72,2.58
2024-01-31 20:25:33,5.57,3.03
2024-01-31 20:28:01,3.97,2.2
2024-01-31 20:30:27,5.43,2.88
2024-01-31 20:32:55,5.18,2.53
2024-01-31 20:35:23,4.47,2.38
2024-01-31 20:37:49,3.4,2.25
2024-01-31 20:40:17,4.32,2.28
2024-01-31 20:42:42,3.25,2.55
2024-01-31 20:45:08,6.25,2.1
2024-01-31 20:47:38,5.82,2.2
2024-01-31 20:50:03,6.0,2.58
2024-01-31 20:52:29,4.45,2.22
2024-01-31 20:54:54,5.82,2.4
2024-01-31 20:57:22,7.03,2.6
2024-01-31 20:59:49,3.72,2.15
2024-01-31 21:02:17,3.65,1.95
2024-01-31 21:04:49,4.22,2.6
2024-01-31 21:07:17,5.38,2.3
2024-01-31 21:09:44,3.42,2.05
2024-01-31 21:12:10,5.3,2.28
2024-01-31 21:14:42,4.78,2.6
2024-01-31 21:17:07,4.85,3.13
2024-01-31 21:19:32,5.45,2.42
2024-01-31 21:21:58,4.93,2.17
2024-01-31 21:24:25,3.63,2.2
2024-01-31 21:26:51,6.75,2.8
2024-01-31 21:29:16,5.9,2.53
2024-01-31 21:31:44,3.0,2.13
2024-01-31 21:34:09,3.25,2.2
2024-01-31 21:36:35,4.82,2.7
2024-01-31 21:39:03,7.07,2.72
2024-01-31 21:41:29,5.97,2.25
2024-01-31 21:43:54,3.95,2.13
2024-01-31 21:46:22,3.13,2.3
2024-01-31 21:48:48,3.75,2.38
2024-01-31 21:51:13,4.85,2.65
2024-01-31 21:53:41,5.25,2.45
2024-01-31 21:56:07,6.43,2.6
2024-01-31 21:58:34,5.07,2.45
2024-01-31 22:01:00,4.22,2.35
2024-01-31 22:03:25,4.4,2.9
2024-01-31 22:05:50,4.7,2.53
2024-01-31 22:08:16,6.65,3.3
2024-01-31 22:10:41,7.22,2.7
2024-01-31 22:13:06,7.72,3.3
2024-01-31 22:15:32,9.6,3.1
2024-01-31 22:18:00,4.28,2.38
2024-01-31 22:20:25,3.78,2.3
2024-01-31 22:22:50,7.03,3.28
2024-01-31 22:25:18,7.93,3.42
2024-01-31 22:27:48,11.07,3.2
2024-01-31 22:30:16,10.32,3.38
2024-01-31 22:35:10,5.35,2.65
2024-01-31 22:37:35,5.97,2.9
2024-01-31 22:40:01,6.47,2.92
2024-01-31 22:42:26,8.4,3.17
2024-01-31 22:44:56,8.13,3.38
2024-01-31 22:47:24,5.63,2.9
2024-01-31 22:49:50,6.85,3.53
2024-01-31 22:52:15,5.1,2.6
2024-01-31 22:54:41,6.25,3.13
2024-01-31 22:57:09,8.1,3.38
2024-01-31 22:59:36,10.15,3.0
2024-01-31 23:02:04,9.8,3.8
2024-01-31 23:04:32,8.18,3.6
2024-01-31 23:07:01,10.85,2.92
2024-01-31 23:09:33,6.97,3.3
2024-01-31 23:11:58,9.82,2.8
2024-01-31 23:14:24,7.88,3.38
2024-01-31 23:16:53,7.6,2.63
2024-01-31 23:19:21,9.23,2.92
2024-01-31 23:21:47,8.65,3.7
2024-01-31 23:24:13,9.73,3.4
2024-01-31 23:26:38,12.7,4.15
2024-01-31 23:29:06,6.82,2.95
2024-01-31 23:31:31,11.43,3.25
2024-01-31 23:33:59,8.7,3.35
2024-01-31 23:36:26,13.7,3.3
2024-01-31 23:38:54,11.15,3.88
2024-01-31 23:41:19,10.63,3.8
2024-01-31 23:43:45,7.22,3.2
2024-01-31 23:46:16,8.3,3.75
2024-01-31 23:48:42,6.47,2.78
2024-01-31 23:51:08,8.2,3.72
2024-01-31 23:53:35,8.43,3.3
2024-01-31 23:56:03,6.8,3.3
2024-01-31 23:58:31,7.25,2.67
