timestamp,pm10,pm25
2024-01-01T01:00:50+01:00,178.43,126.68
2024-01-01T01:03:16+01:00,197.48,140.77
2024-01-01T01:05:42+01:00,202.8,144.57
2024-01-01T01:08:08+01:00,208.68,144.75
2024-01-01T01:10:34+01:00,193.05,138.6
2024-01-01T01:13:00+01:00,183.8,130.82
2024-01-01T01:15:26+01:00,226.05,157.5
2024-01-01T01:17:52+01:00,193.27,136.23
2024-01-01T01:20:18+01:00,190.32,136.77
2024-01-01T01:22:45+01:00,194.7,137.38
2024-01-01T01:25:13+01:00,246.63,174.88
2024-01-01T01:27:39+01:00,261.38,181.75
2024-01-01T01:30:05+01:00,217.52,151.68
2024-01-01T01:32:31+01:00,225.65,155.68
2024-01-01T01:34:57+01:00,262.52,183.27
2024-01-01T01:37:24+01:00,214.75,151.15
2024-01-01T01:39:50+01:00,222.38,155.52
2024-01-01T01:42:16+01:00,206.8,143.5
2024-01-01T01:44:43+01:00,235.15,161.15
2024-01-01T01:47:10+01:00,234.25,165.55
2024-01-01T01:49:36+01:00,221.7,152.75
2024-01-01T01:52:02+01:00,217.32,148.73
2024-01-01T01:54:28+01:00,246.9,169.82
2024-01-01T01:56:54+01:00,251.38,172.68
2024-01-01T01:59:23+01:00,232.45,159.63
2024-01-01T02:01:50+01:00,231.7,157.0
2024-01-01T02:04:16+01:00,212.35,148.13
2024-01-01T02:06:42+01:00,198.9,132.75
2024-01-01T02:09:10+01:00,181.45,125.2
2024-01-01T02:11:36+01:00,193.43,131.7
2024-01-01T02:14:03+01:00,188.1,130.65
2024-01-01T02:16:29+01:00,213.88,148.52
2024-01-01T02:18:55+01:00,210.07,142.48
2024-01-01T02:21:21+01:00,338.88,225.98
2024-01-01T02:23:47+01:00,334.98,216.1
2024-01-01T02:26:14+01:00,323.08,218.38
2024-01-01T02:28:40+01:00,308.65,208.3
2024-01-01T02:31:06+01:00,291.73,192.73
2024-01-01T02:33:32+01:00,258.73,175.98
2024-01-01T02:35:58+01:00,305.6,213.38
2024-01-01T02:38:26+01:00,310.52,223.23
2024-01-01T02:40:52+01:00,325.2,225.1
2024-01-01T02:43:20+01:00,339.58,237.23
2024-01-01T02:45:46+01:00,331.1,230.73
2024-01-01T02:48:13+01:00,326.38,228.63
2024-01-01T02:50:40+01:00,333.25,235.43
2024-01-01T02:53:06+01:00,330.38,234.35
2024-01-01T02:55:32+01:00,324.48,225.98
2024-01-01T02:57:58+01:00,298.0,214.4
2024-01-01T03:00:24+01:00,302.85,212.93
2024-01-01T03:02:51+01:00,298.65,211.0
2024-01-01T03:05:18+01:00,309.2,223.02
2024-01-01T03:07:44+01:00,297.92,212.7
2024-01-01T03:10:11+01:00,311.45,228.1
2024-01-01T03:12:37+01:00,315.7,224.9
2024-01-01T03:15:03+01:00,304.35,219.8
2024-01-01T03:17:30+01:00,311.17,220.75
2024-01-01T03:19:56+01:00,380.25,265.17
2024-01-01T03:22:22+01:00,319.55,222.2
2024-01-01T03:24:48+01:00,310.88,220.82
2024-01-01T03:27:15+01:00,327.35,229.6
2024-01-01T03:29:41+01:00,308.9,215.82
2024-01-01T03:32:07+01:00,274.33,196.5
2024-01-01T03:34:33+01:00,385.35,268.13
2024-01-01T03:36:59+01:00,286.6,203.15
2024-01-01T03:39:25+01:00,301.23,212.1
2024-01-01T03:41:51+01:00,309.65,221.9
2024-01-01T03:44:17+01:00,317.7,219.27
2024-01-01T03:46:43+01:00,406.33,285.5
2024-01-01T03:49:09+01:00,342.73,242.93
2024-01-01T03:51:35+01:00,344.77,245.5
2024-01-01T03:54:01+01:00,295.13,212.63
2024-01-01T03:56:28+01:00,287.02,206.32
2024-01-01T03:58:54+01:00,274.77,191.1
2024-01-01T04:01:20+01:00,274.92,197.05
2024-01-01T04:03:47+01:00,249.98,174.52
2024-01-01T04:06:16+01:00,256.58,181.2
2024-01-01T04:08:42+01:00,297.02,203.5
2024-01-01T04:11:08+01:00,281.27,197.18
2024-01-01T04:13:34+01:00,291.9,204.07
2024-01-01T04:16:00+01:00,285.77,193.05
2024-01-01T04:18:27+01:00,247.35,171.02
2024-01-01T04:20:53+01:00,249.88,169.27
2024-01-01T04:23:20+01:00,259.63,178.15
2024-01-01T04:25:46+01:00,255.13,171.43
2024-01-01T04:28:12+01:00,245.05,167.57
2024-01-01T04:30:38+01:00,236.85,162.57
2024-01-01T04:33:04+01:00,249.65,172.95
2024-01-01T04:35:30+01:00,253.65,176.65
2024-01-01T04:37:59+01:00,248.82,174.1
2024-01-01T04:40:25+01:00,244.63,168.8
2024-01-01T04:42:51+01:00,262.7,178.15
2024-01-01T04:45:17+01:00,241.32,164.93
2024-01-01T04:47:43+01:00,235.77,160.82
2024-01-01T04:50:09+01:00,224.27,158.0
2024-01-01T04:52:35+01:00,253.07,175.68
2024-01-01T04:55:02+01:00,248.52,171.6
2024-01-01T04:57:29+01:00,242.48,163.57
2024-01-01T04:59:57+01:00,237.75,162.55
2024-01-01T05:02:23+01:00,325.0,222.52
2024-01-01T05:04:49+01:00,295.08,209.35
2024-01-01T05:07:15+01:00,335.48,235.88
2024-01-01T05:09:43+01:00,312.77,223.13
2024-01-01T05:12:09+01:00,358.88,247.48
2024-01-01T05:14:35+01:00,314.45,223.15
2024-01-01T05:17:02+01:00,347.98,241.35
2024-01-01T05:19:31+01:00,319.8,221.2
2024-01-01T05:21:57+01:00,226.98,153.6
2024-01-01T05:24:23+01:00,255.23,173.6
2024-01-01T05:26:49+01:00,256.45,185.8
2024-01-01T05:29:15+01:00,148.45,63.13
2024-01-01T05:31:41+01:00,248.18,170.23
2024-01-01T05:34:07+01:00,228.2,160.02
2024-01-01T05:36:33+01:00,247.0,167.27
2024-01-01T05:38:59+01:00,208.02,147.23
2024-01-01T05:41:28+01:00,158.95,114.55
2024-01-01T05:43:54+01:00,191.68,131.98
2024-01-01T05:46:20+01:00,202.13,141.73
2024-01-01T05:48:47+01:00,220.38,148.93
2024-01-01T05:51:13+01:00,210.88,137.93
2024-01-01T05:53:39+01:00,213.18,146.07
2024-01-01T05:56:05+01:00,230.88,155.82
2024-01-01T05:58:32+01:00,211.77,143.7
2024-01-01T06:00:59+01:00,213.82,144.63
2024-01-01T06:03:25+01:00,255.63,167.8
2024-01-01T06:05:51+01:00,314.05,210.32
2024-01-01T06:08:17+01:00,250.7,170.6
2024-01-01T06:10:43+01:00,220.55,142.25
2024-01-01T06:13:09+01:00,187.38,131.0
2024-01-01T06:15:35+01:00,180.8,125.0
2024-01-01T06:18:03+01:00,183.3,124.22
2024-01-01T06:20:29+01:00,190.9,128.7
2024-01-01T06:22:55+01:00,171.93,122.28
2024-01-01T06:25:22+01:00,167.98,115.1
2024-01-01T06:27:48+01:00,193.68,124.6
2024-01-01T06:30:14+01:00,179.57,114.72
2024-01-01T06:32:40+01:00,178.2,112.82
2024-01-01T06:35:06+01:00,168.27,115.43
2024-01-01T06:37:33+01:00,199.43,128.45
2024-01-01T06:39:59+01:00,169.4,113.38
2024-01-01T06:42:25+01:00,110.25,43.45
2024-01-01T06:44:51+01:00,158.27,102.85
2024-01-01T06:47:17+01:00,143.02,97.5
2024-01-01T06:49:43+01:00,174.15,114.4
2024-01-01T06:52:09+01:00,178.8,116.6
2024-01-01T06:54:35+01:00,190.02,125.6
2024-01-01T06:57:02+01:00,198.63,128.88
2024-01-01T06:59:28+01:00,182.2,120.15
2024-01-01T07:01:54+01:00,186.05,122.3
2024-01-01T07:04:20+01:00,204.57,130.75
2024-01-01T07:06:46+01:00,190.4,125.45
2024-01-01T07:09:12+01:00,183.93,127.43
2024-01-01T07:11:38+01:00,185.9,119.88
2024-01-01T07:14:04+01:00,187.45,126.18
2024-01-01T07:16:30+01:00,189.1,125.53
2024-01-01T07:18:56+01:00,186.32,126.4
2024-01-01T07:21:22+01:00,195.25,130.07
2024-01-01T07:23:49+01:00,170.7,115.7
2024-01-01T07:26:15+01:00,178.5,120.5
2024-01-01T07:28:41+01:00,230.07,146.35
2024-01-01T07:31:07+01:00,222.32,144.7
2024-01-01T07:33:33+01:00,208.82,138.07
2024-01-01T07:36:00+01:00,215.77,144.3
2024-01-01T07:38:27+01:00,241.25,157.07
2024-01-01T07:40:53+01:00,242.32,164.5
2024-01-01T07:43:19+01:00,228.93,151.2
2024-01-01T07:45:45+01:00,265.7,171.7
2024-01-01T07:48:11+01:00,246.48,166.6
2024-01-01T07:50:37+01:00,291.73,192.3
2024-01-01T07:53:03+01:00,249.6,164.38
2024-01-01T07:55:29+01:00,265.25,175.32
2024-01-01T07:57:57+01:00,292.58,197.15
2024-01-01T08:00:24+01:00,312.3,204.6
2024-01-01T08:02:51+01:00,234.18,163.5
2024-01-01T08:05:17+01:00,230.3,162.93
2024-01-01T08:07:43+01:00,249.5,170.5
2024-01-01T08:10:09+01:00,233.75,159.38
2024-01-01T08:12:35+01:00,253.4,178.73
2024-01-01T08:15:01+01:00,289.1,207.13
2024-01-01T08:17:28+01:00,251.65,180.75
2024-01-01T08:19:54+01:00,250.3,185.55
2024-01-01T08:22:20+01:00,238.55,183.7
2024-01-01T08:24:46+01:00,214.13,149.73
2024-01-01T08:27:13+01:00,230.7,155.68
2024-01-01T08:29:39+01:00,239.85,162.18
2024-01-01T08:32:06+01:00,257.17,179.45
2024-01-01T08:34:32+01:00,282.08,201.0
2024-01-01T08:36:58+01:00,286.05,204.77
2024-01-01T08:39:26+01:00,277.65,197.05
2024-01-01T08:41:55+01:00,270.48,189.43
2024-01-01T08:44:21+01:00,241.75,172.0
2024-01-01T08:46:47+01:00,223.02,164.6
2024-01-01T08:49:17+01:00,280.02,201.23
2024-01-01T08:51:43+01:00,292.55,206.05
2024-01-01T08:54:09+01:00,270.0,190.05
2024-01-01T08:56:51+01:00,240.3,168.18
2024-01-01T08:59:17+01:00,256.4,177.4
2024-01-01T09:01:43+01:00,207.1,149.07
2024-01-01T09:04:09+01:00,181.73,132.07
2024-01-01T09:06:35+01:00,196.8,130.65
2024-01-01T09:09:02+01:00,188.75,128.95
2024-01-01T09:11:29+01:00,175.52,119.72
2024-01-01T09:13:55+01:00,158.93,114.53
2024-01-01T09:16:22+01:00,138.13,94.95
2024-01-01T09:18:51+01:00,130.52,90.38
2024-01-01T09:21:21+01:00,135.52,94.35
2024-01-01T09:23:48+01:00,128.27,90.63
2024-01-01T09:26:14+01:00,115.43,85.0
2024-01-01T09:28:40+01:00,137.95,94.68
2024-01-01T09:31:06+01:00,113.78,82.63
2024-01-01T09:33:32+01:00,108.47,80.28
2024-01-01T09:35:58+01:00,108.93,79.18
2024-01-01T09:38:24+01:00,100.53,75.13
2024-01-01T09:40:50+01:00,106.4,77.68
2024-01-01T09:43:17+01:00,98.32,72.93
2024-01-01T09:45:43+01:00,94.72,70.15
2024-01-01T09:48:09+01:00,83.88,63.05
2024-01-01T09:50:35+01:00,107.18,75.7
2024-01-01T09:53:01+01:00,93.22,67.22
2024-01-01T09:55:27+01:00,84.15,63.25
2024-01-01T09:57:53+01:00,80.95,63.08
2024-01-01T10:00:19+01:00,96.5,69.3
2024-01-01T10:02:45+01:00,116.38,85.78
2024-01-01T10:05:11+01:00,111.8,81.4
2024-01-01T10:07:37+01:00,102.03,74.95
2024-01-01T10:10:03+01:00,110.7,84.32
2024-01-01T10:12:30+01:00,103.5,76.3
2024-01-01T10:14:56+01:00,96.15,71.88
2024-01-01T10:17:22+01:00,105.45,79.9
2024-01-01T10:19:48+01:00,108.03,81.43
2024-01-01T10:22:17+01:00,107.63,82.55
2024-01-01T10:24:44+01:00,106.15,79.8
2024-01-01T10:27:10+01:00,131.23,101.55
2024-01-01T10:29:36+01:00,116.5,88.3
2024-01-01T10:32:02+01:00,117.3,90.13
2024-01-01T10:34:28+01:00,108.7,84.75
2024-01-01T10:36:55+01:00,105.13,80.68
2024-01-01T10:39:21+01:00,114.18,83.85
2024-01-01T10:41:49+01:00,99.1,79.55
2024-01-01T10:44:17+01:00,96.97,74.8
2024-01-01T10:46:43+01:00,101.95,76.35
2024-01-01T10:49:09+01:00,115.8,86.28
2024-01-01T10:51:38+01:00,117.65,88.47
2024-01-01T10:54:05+01:00,121.32,89.05
2024-01-01T10:56:35+01:00,120.68,88.18
2024-01-01T10:59:01+01:00,120.4,94.38
2024-01-01T11:01:27+01:00,138.77,107.4
2024-01-01T11:03:59+01:00,142.15,107.63
2024-01-01T11:06:28+01:00,142.4,108.65
2024-01-01T11:09:04+01:00,136.0,106.1
2024-01-01T11:11:33+01:00,129.5,96.63
2024-01-01T11:14:02+01:00,113.2,83.2
2024-01-01T11:16:28+01:00,104.2,76.53
2024-01-01T11:18:56+01:00,91.1,63.47
2024-01-01T11:21:29+01:00,93.4,62.95
2024-01-01T11:23:56+01:00,83.9,54.93
2024-01-01T11:26:22+01:00,94.47,66.05
2024-01-01T11:28:49+01:00,97.22,70.7
2024-01-01T11:31:15+01:00,108.85,78.72
2024-01-01T11:33:41+01:00,113.9,79.1
2024-01-01T11:36:08+01:00,112.0,82.3
2024-01-01T11:38:35+01:00,118.13,88.05
2024-01-01T11:41:02+01:00,117.38,87.25
2024-01-01T11:43:28+01:00,121.97,86.88
2024-01-01T11:45:58+01:00,116.4,85.53
2024-01-01T11:48:26+01:00,121.63,88.38
2024-01-01T11:51:17+01:00,121.88,90.1
2024-01-01T11:53:57+01:00,121.38,90.8
2024-01-01T11:59:20+01:00,156.25,118.03
2024-01-01T12:01:50+01:00,149.13,113.32
2024-01-01T12:04:20+01:00,156.82,116.2
2024-01-01T12:06:46+01:00,159.07,119.97
2024-01-01T12:11:49+01:00,169.77,123.57
2024-01-01T12:14:30+01:00,162.55,119.32
2024-01-01T12:17:00+01:00,159.43,116.6
2024-01-01T12:19:42+01:00,141.18,105.8
2024-01-01T12:25:03+01:00,156.3,112.68
2024-01-01T12:27:33+01:00,142.4,108.28
2024-01-01T12:32:26+01:00,132.43,98.25
2024-01-01T12:35:11+01:00,103.22,79.35
2024-01-01T12:37:39+01:00,124.55,91.7
2024-01-01T12:40:06+01:00,93.45,71.3
2024-01-01T12:42:33+01:00,100.5,72.55
2024-01-01T12:47:32+01:00,108.47,79.05
2024-01-01T12:49:59+01:00,105.85,79.85
2024-01-01T12:52:25+01:00,105.32,79.32
2024-01-01T12:54:51+01:00,105.72,77.4
2024-01-01T12:57:17+01:00,104.07,77.95
2024-01-01T12:59:43+01:00,103.4,80.2
2024-01-01T13:02:10+01:00,104.28,75.85
2024-01-01T13:04:36+01:00,113.6,86.3
2024-01-01T13:07:04+01:00,123.05,91.6
2024-01-01T13:09:31+01:00,118.65,91.8
2024-01-01T13:12:03+01:00,110.9,85.38
2024-01-01T13:14:37+01:00,128.07,99.85
2024-01-01T13:17:05+01:00,125.97,92.63
2024-01-01T13:19:31+01:00,114.4,89.93
2024-01-01T13:21:58+01:00,112.25,81.82
2024-01-01T13:24:24+01:00,104.22,75.9
2024-01-01T13:26:53+01:00,95.47,70.38
2024-01-01T13:29:26+01:00,82.13,59.45
2024-01-01T13:31:54+01:00,77.35,57.13
2024-01-01T13:34:20+01:00,65.47,48.22
2024-01-01T13:36:47+01:00,85.15,61.45
2024-01-01T13:39:13+01:00,67.07,48.55
2024-01-01T13:41:44+01:00,60.15,44.85
2024-01-01T13:44:10+01:00,62.22,47.8
2024-01-01T13:46:36+01:00,86.55,56.47
2024-01-01T13:49:02+01:00,85.97,62.38
2024-01-01T13:51:30+01:00,86.95,60.95
2024-01-01T13:53:57+01:00,89.88,63.1
2024-01-01T13:56:23+01:00,68.93,51.17
2024-01-01T13:58:50+01:00,60.4,41.45
2024-01-01T14:01:16+01:00,59.25,45.5
2024-01-01T14:03:42+01:00,64.22,46.75
2024-01-01T14:06:09+01:00,59.63,44.15
2024-01-01T14:08:36+01:00,68.57,48.85
2024-01-01T14:11:06+01:00,63.17,46.05
2024-01-01T14:13:35+01:00,59.78,43.25
2024-01-01T14:16:01+01:00,63.75,44.03
2024-01-01T14:18:28+01:00,74.32,47.63
2024-01-01T14:20:54+01:00,68.05,49.88
2024-01-01T14:23:21+01:00,80.25,50.95
2024-01-01T14:25:47+01:00,79.7,54.05
2024-01-01T14:28:13+01:00,78.43,54.8
2024-01-01T14:30:44+01:00,68.4,49.53
2024-01-01T14:33:11+01:00,66.05,46.92
2024-01-01T14:35:37+01:00,62.63,44.88
2024-01-01T14:38:07+01:00,62.72,44.03
2024-01-01T14:40:33+01:00,61.63,43.6
2024-01-01T14:42:59+01:00,71.55,52.6
2024-01-01T14:45:25+01:00,78.88,53.03
2024-01-01T14:47:51+01:00,74.32,54.2
2024-01-01T14:50:17+01:00,79.45,52.53
2024-01-01T14:52:44+01:00,70.93,51.0
2024-01-01T14:55:11+01:00,79.78,53.45
2024-01-01T14:57:45+01:00,84.05,52.38
2024-01-01T15:00:11+01:00,73.97,49.05
2024-01-01T15:02:37+01:00,78.55,52.7
2024-01-01T15:05:03+01:00,73.9,51.95
2024-01-01T15:07:39+01:00,76.8,53.67
2024-01-01T15:10:10+01:00,68.07,49.15
2024-01-01T15:12:36+01:00,64.63,45.2
2024-01-01T15:15:02+01:00,66.93,47.92
2024-01-01T15:17:28+01:00,63.92,46.97
2024-01-01T15:19:54+01:00,85.7,62.65
2024-01-01T15:22:21+01:00,105.7,81.4
2024-01-01T15:24:47+01:00,77.32,53.67
2024-01-01T15:27:13+01:00,77.53,54.1
2024-01-01T15:29:42+01:00,71.03,50.17
2024-01-01T15:32:08+01:00,73.7,50.67
2024-01-01T15:34:35+01:00,77.47,53.63
2024-01-01T15:37:03+01:00,86.78,58.75
2024-01-01T15:39:32+01:00,74.78,51.08
2024-01-01T15:41:59+01:00,75.95,51.33
2024-01-01T15:44:25+01:00,75.0,53.6
2024-01-01T15:46:52+01:00,79.5,56.53
2024-01-01T15:49:18+01:00,84.43,58.6
2024-01-01T15:51:44+01:00,102.65,68.47
2024-01-01T15:54:10+01:00,88.5,62.5
2024-01-01T15:56:39+01:00,87.1,59.8
2024-01-01T15:59:10+01:00,220.48,171.95
2024-01-01T16:01:36+01:00,131.13,88.05
2024-01-01T16:04:02+01:00,111.72,80.7
2024-01-01T16:06:28+01:00,164.2,123.97
2024-01-01T16:08:54+01:00,120.3,85.2
2024-01-01T16:11:21+01:00,124.05,90.82
2024-01-01T16:13:47+01:00,109.75,76.47
2024-01-01T16:16:13+01:00,109.7,75.93
2024-01-01T16:18:39+01:00,108.2,78.88
2024-01-01T16:21:05+01:00,109.03,76.2
2024-01-01T16:23:31+01:00,105.63,75.9
2024-01-01T16:25:57+01:00,108.3,74.38
2024-01-01T16:28:24+01:00,111.63,76.97
2024-01-01T16:30:50+01:00,125.07,87.18
2024-01-01T16:33:16+01:00,147.52,103.75
2024-01-01T16:35:42+01:00,120.0,86.35
2024-01-01T16:38:08+01:00,107.45,78.22
2024-01-01T16:40:34+01:00,123.97,85.7
2024-01-01T16:43:01+01:00,125.82,89.25
2024-01-01T16:45:27+01:00,123.13,82.82
2024-01-01T16:47:53+01:00,124.72,86.55
2024-01-01T16:50:19+01:00,125.2,80.78
2024-01-01T16:52:45+01:00,130.85,86.9
2024-01-01T16:55:11+01:00,138.0,92.55
2024-01-01T16:57:37+01:00,107.35,73.57
2024-01-01T17:00:03+01:00,114.0,77.95
2024-01-01T17:02:30+01:00,114.28,77.65
2024-01-01T17:04:56+01:00,110.4,78.35
2024-01-01T17:07:22+01:00,114.3,79.22
2024-01-01T17:09:48+01:00,118.57,79.6
2024-01-01T17:12:14+01:00,115.57,78.78
2024-01-01T17:14:40+01:00,115.47,80.57
2024-01-01T17:17:07+01:00,126.28,82.75
2024-01-01T17:19:35+01:00,167.57,112.7
2024-01-01T17:22:01+01:00,171.65,114.0
2024-01-01T17:24:27+01:00,135.0,88.68
2024-01-01T17:26:54+01:00,149.95,100.32
2024-01-01T17:29:20+01:00,429.55,311.75
2024-01-01T17:31:46+01:00,226.25,142.45
2024-01-01T17:34:12+01:00,190.43,128.1
2024-01-01T17:36:38+01:00,189.1,126.4
2024-01-01T17:39:04+01:00,194.3,126.32
2024-01-01T17:41:30+01:00,163.88,113.28
2024-01-01T17:43:56+01:00,169.82,117.53
2024-01-01T17:46:25+01:00,202.82,132.88
2024-01-01T17:48:51+01:00,204.43,136.63
2024-01-01T17:51:17+01:00,172.63,120.55
2024-01-01T17:53:43+01:00,177.07,120.75
2024-01-01T17:56:10+01:00,182.85,125.38
2024-01-01T17:58:37+01:00,167.75,114.18
2024-01-01T18:01:03+01:00,148.9,105.07
2024-01-01T18:03:29+01:00,142.93,100.15
2024-01-01T18:05:55+01:00,131.63,92.1
2024-01-01T18:08:25+01:00,122.82,88.93
2024-01-01T18:10:51+01:00,130.82,92.28
2024-01-01T18:13:17+01:00,195.45,125.18
2024-01-01T18:15:44+01:00,141.13,94.63
2024-01-01T18:18:10+01:00,163.73,109.95
2024-01-01T18:20:36+01:00,176.1,115.07
2024-01-01T18:23:02+01:00,162.13,104.82
2024-01-01T18:25:28+01:00,170.07,116.53
2024-01-01T18:27:55+01:00,174.68,114.07
2024-01-01T18:30:21+01:00,181.88,122.13
2024-01-01T18:32:49+01:00,169.07,114.28
2024-01-01T18:35:15+01:00,162.1,113.78
2024-01-01T18:37:41+01:00,160.45,108.88
2024-01-01T18:40:07+01:00,161.15,107.0
2024-01-01T18:42:33+01:00,183.98,120.5
2024-01-01T18:44:59+01:00,159.0,108.43
2024-01-01T18:47:25+01:00,147.45,103.22
2024-01-01T18:49:52+01:00,201.82,135.9
2024-01-01T18:52:18+01:00,289.25,202.63
2024-01-01T18:54:45+01:00,361.02,244.2
2024-01-01T18:57:12+01:00,355.42,243.77
2024-01-01T18:59:38+01:00,403.13,282.27
2024-01-01T19:02:05+01:00,385.55,267.1
2024-01-01T19:04:32+01:00,356.2,256.5
2024-01-01T19:06:58+01:00,374.2,261.77
2024-01-01T19:09:25+01:00,325.83,240.0
2024-01-01T19:11:51+01:00,304.23,224.2
2024-01-01T19:14:17+01:00,294.38,210.98
2024-01-01T19:16:43+01:00,274.45,199.38
2024-01-01T19:19:10+01:00,286.92,200.1
2024-01-01T19:21:39+01:00,277.88,197.7
2024-01-01T19:24:07+01:00,299.52,221.52
2024-01-01T19:26:35+01:00,346.95,263.33
2024-01-01T19:29:01+01:00,354.2,265.55
2024-01-01T19:31:28+01:00,318.88,239.48
2024-01-01T19:33:54+01:00,299.45,218.63
2024-01-01T19:36:20+01:00,292.1,212.38
2024-01-01T19:38:46+01:00,289.38,211.68
2024-01-01T19:41:12+01:00,282.38,210.43
2024-01-01T19:43:39+01:00,307.23,225.98
2024-01-01T19:46:07+01:00,294.02,213.65
2024-01-01T19:48:33+01:00,275.27,206.18
2024-01-01T19:50:59+01:00,283.65,205.63
2024-01-01T19:53:25+01:00,258.4,189.82
2024-01-01T19:55:51+01:00,260.88,187.35
2024-01-01T19:58:17+01:00,279.02,203.15
2024-01-01T20:00:43+01:00,294.75,209.8
2024-01-01T20:03:09+01:00,290.0,208.18
2024-01-01T20:05:35+01:00,293.3,209.45
2024-01-01T20:08:02+01:00,286.25,203.48
2024-01-01T20:10:28+01:00,298.55,211.27
2024-01-01T20:12:54+01:00,291.25,211.85
2024-01-01T20:15:20+01:00,290.73,206.55
2024-01-01T20:17:46+01:00,282.45,202.05
2024-01-01T20:20:12+01:00,299.65,211.4
2024-01-01T20:22:39+01:00,315.9,222.2
2024-01-01T20:25:05+01:00,346.08,240.38
2024-01-01T20:27:31+01:00,292.65,211.9
2024-01-01T20:29:58+01:00,287.9,209.35
2024-01-01T20:32:24+01:00,280.5,203.07
2024-01-01T20:34:51+01:00,282.05,207.93
2024-01-01T20:37:18+01:00,307.98,223.45
2024-01-01T20:39:44+01:00,316.9,224.0
2024-01-01T20:42:10+01:00,335.95,241.98
2024-01-01T20:44:36+01:00,318.65,225.9
2024-01-01T20:47:02+01:00,298.92,216.1
2024-01-01T20:49:28+01:00,294.73,205.65
2024-01-01T20:51:54+01:00,286.98,201.27
2024-01-01T20:54:20+01:00,287.73,204.7
2024-01-01T20:56:46+01:00,331.58,234.18
2024-01-01T20:59:13+01:00,316.42,223.15
2024-01-01T21:01:42+01:00,323.67,225.1
2024-01-01T21:04:09+01:00,298.67,213.07
2024-01-01T21:06:44+01:00,298.67,211.6
2024-01-01T21:09:11+01:00,278.42,197.85
2024-01-01T21:11:38+01:00,294.77,209.05
2024-01-01T21:14:04+01:00,276.9,203.95
2024-01-01T21:16:32+01:00,270.73,198.48
2024-01-01T21:18:58+01:00,263.85,176.15
2024-01-01T21:21:25+01:00,254.0,180.48
2024-01-01T21:23:51+01:00,253.3,177.93
2024-01-01T21:26:18+01:00,245.88,169.65
2024-01-01T21:28:47+01:00,250.88,170.85
2024-01-01T21:31:14+01:00,245.63,175.82
2024-01-01T21:33:41+01:00,253.75,179.5
2024-01-01T21:36:08+01:00,265.13,184.4
2024-01-01T21:38:35+01:00,239.5,167.73
2024-01-01T21:41:01+01:00,252.0,177.95
2024-01-01T21:43:27+01:00,239.35,171.82
2024-01-01T21:45:53+01:00,239.02,162.38
2024-01-01T21:48:19+01:00,236.77,165.98
2024-01-01T21:50:47+01:00,282.8,203.45
2024-01-01T21:53:14+01:00,295.27,211.6
2024-01-01T21:55:43+01:00,290.8,203.3
2024-01-01T21:58:09+01:00,296.25,217.13
2024-01-01T22:00:35+01:00,339.73,246.6
2024-01-01T22:03:02+01:00,317.23,230.48
2024-01-01T22:05:28+01:00,324.2,226.15
2024-01-01T22:07:54+01:00,316.33,226.63
2024-01-01T22:10:23+01:00,309.1,218.68
2024-01-01T22:12:49+01:00,352.77,237.3
2024-01-01T22:15:16+01:00,391.3,266.75
2024-01-01T22:17:42+01:00,328.1,226.57
2024-01-01T22:20:08+01:00,342.17,248.25
2024-01-01T22:22:34+01:00,368.08,261.9
2024-01-01T22:25:00+01:00,387.98,278.52
2024-01-01T22:27:27+01:00,430.35,320.38
2024-01-01T22:29:53+01:00,375.2,269.27
2024-01-01T22:32:19+01:00,399.8,281.5
2024-01-01T22:34:46+01:00,357.6,250.5
2024-01-01T22:37:13+01:00,377.75,266.0
2024-01-01T22:39:39+01:00,386.83,274.73
2024-01-01T22:42:05+01:00,388.05,274.67
2024-01-01T22:44:32+01:00,357.67,252.23
2024-01-01T22:46:58+01:00,347.27,243.52
2024-01-01T22:49:24+01:00,349.1,246.63
2024-01-01T22:51:50+01:00,302.7,213.65
2024-01-01T22:54:16+01:00,340.83,241.3
2024-01-01T22:56:42+01:00,317.9,227.75
2024-01-01T22:59:08+01:00,356.65,248.43
2024-01-01T23:01:35+01:00,350.35,241.7
2024-01-01T23:04:01+01:00,318.17,226.25
2024-01-01T23:06:27+01:00,316.2,215.43
2024-01-01T23:08:53+01:00,305.13,214.52
2024-01-01T23:11:19+01:00,312.25,218.25
2024-01-01T23:13:46+01:00,292.8,205.2
2024-01-01T23:16:14+01:00,293.13,212.88
2024-01-01T23:18:40+01:00,313.73,219.55
2024-01-01T23:21:07+01:00,318.0,228.2
2024-01-01T23:23:33+01:00,314.48,219.95
2024-01-01T23:25:59+01:00,325.5,227.9
2024-01-01T23:28:26+01:00,308.45,213.88
2024-01-01T23:30:52+01:00,325.25,224.0
2024-01-01T23:33:18+01:00,301.0,205.25
2024-01-01T23:35:44+01:00,336.63,231.35
2024-01-01T23:38:11+01:00,373.92,265.67
2024-01-01T23:40:37+01:00,368.15,261.88
2024-01-01T23:43:05+01:00,374.83,267.63
2024-01-01T23:45:31+01:00,374.75,270.42
2024-01-01T23:47:57+01:00,358.45,255.25
2024-01-01T23:50:23+01:00,366.77,267.3
2024-01-01T23:52:49+01:00,371.0,260.6
2024-01-01T23:55:15+01:00,334.58,238.02
2024-01-01T23:57:41+01:00,349.52,252.05
2024-01-02T00:00:08+01:00,366.58,257.58
2024-01-02T00:02:45+01:00,360.55,256.55
2024-01-02T00:05:11+01:00,360.05,262.42
2024-01-02T00:07:37+01:00,343.4,253.0
2024-01-02T00:10:03+01:00,316.08,229.3
2024-01-02T00:12:30+01:00,262.08,190.35
2024-01-02T00:14:56+01:00,226.43,165.77
2024-01-02T00:17:22+01:00,223.55,161.65
2024-01-02T00:19:48+01:00,230.7,167.73
2024-01-02T00:22:14+01:00,227.4,162.88
2024-01-02T00:24:40+01:00,214.73,153.35
2024-01-02T00:27:06+01:00,215.63,159.25
2024-01-02T00:29:32+01:00,231.57,172.1
2024-01-02T00:31:58+01:00,225.38,165.5
2024-01-02T00:34:24+01:00,241.6,174.45
2024-01-02T00:36:50+01:00,249.3,177.65
2024-01-02T00:39:16+01:00,223.18,158.5
2024-01-02T00:41:43+01:00,209.98,154.93
2024-01-02T00:44:09+01:00,248.73,178.88
2024-01-02T00:46:36+01:00,251.82,184.85
2024-01-02T00:49:02+01:00,249.02,181.55
2024-01-02T00:51:28+01:00,231.65,169.13
2024-01-02T00:53:54+01:00,230.23,169.48
2024-01-02T00:56:20+01:00,216.32,160.85
2024-01-02T00:58:46+01:00,228.05,165.0
2024-01-02T01:01:12+01:00,224.73,161.32
2024-01-02T01:03:38+01:00,226.8,162.63
2024-01-02T01:06:05+01:00,229.48,164.57
2024-01-02T01:08:31+01:00,214.5,154.52
2024-01-02T01:10:57+01:00,231.6,161.45
2024-01-02T01:13:23+01:00,219.32,165.35
2024-01-02T01:15:49+01:00,224.95,163.48
2024-01-02T01:18:15+01:00,213.0,156.35
2024-01-02T01:20:41+01:00,223.02,162.18
2024-01-02T01:23:07+01:00,218.0,160.68
2024-01-02T01:25:33+01:00,225.9,161.75
2024-01-02T01:27:59+01:00,225.15,164.45
2024-01-02T01:30:26+01:00,223.57,162.73
2024-01-02T01:32:52+01:00,262.23,179.98
2024-01-02T01:35:18+01:00,228.38,163.98
2024-01-02T01:37:44+01:00,241.45,178.48
2024-01-02T01:40:10+01:00,231.6,163.35
2024-01-02T01:42:36+01:00,241.9,175.93
2024-01-02T01:45:02+01:00,226.85,162.65
2024-01-02T01:47:30+01:00,239.0,163.05
2024-01-02T01:49:56+01:00,240.07,172.45
2024-01-02T01:52:22+01:00,249.15,173.35
2024-01-02T01:54:48+01:00,257.02,183.52
2024-01-02T01:57:16+01:00,259.05,178.63
2024-01-02T01:59:42+01:00,269.02,189.85
2024-01-02T02:02:08+01:00,276.0,199.18
2024-01-02T02:04:34+01:00,270.4,193.45
2024-01-02T02:07:01+01:00,269.67,195.35
2024-01-02T02:09:27+01:00,280.05,205.45
2024-01-02T02:11:53+01:00,284.67,211.38
2024-01-02T02:14:19+01:00,288.5,207.07
2024-01-02T02:16:45+01:00,271.67,199.75
2024-01-02T02:19:12+01:00,282.15,203.8
2024-01-02T02:21:38+01:00,275.63,204.43
2024-01-02T02:24:04+01:00,309.77,222.73
2024-01-02T02:26:30+01:00,319.55,228.55
2024-01-02T02:28:56+01:00,299.33,218.6
2024-01-02T02:31:22+01:00,298.23,218.57
2024-01-02T02:33:49+01:00,293.85,210.8
2024-01-02T02:36:15+01:00,273.38,202.95
2024-01-02T02:38:41+01:00,279.83,201.82
2024-01-02T02:41:07+01:00,277.5,200.4
2024-01-02T02:43:33+01:00,272.98,202.05
2024-01-02T02:45:59+01:00,298.4,219.15
2024-01-02T02:48:26+01:00,269.27,196.25
2024-01-02T02:50:52+01:00,285.17,201.82
2024-01-02T02:53:18+01:00,267.02,191.0
2024-01-02T02:55:45+01:00,283.67,206.52
2024-01-02T02:58:11+01:00,285.4,204.93
2024-01-02T03:00:37+01:00,287.02,207.27
2024-01-02T03:03:03+01:00,260.98,188.75
2024-01-02T03:05:31+01:00,276.7,195.52
2024-01-02T03:07:57+01:00,273.6,199.85
2024-01-02T03:10:23+01:00,267.7,192.93
2024-01-02T03:12:49+01:00,278.17,203.2
2024-01-02T03:15:16+01:00,250.95,182.73
2024-01-02T03:17:42+01:00,255.98,188.18
2024-01-02T03:20:08+01:00,263.9,191.75
2024-01-02T03:22:35+01:00,270.6,204.05
2024-01-02T03:25:02+01:00,262.27,189.02
2024-01-02T03:27:28+01:00,269.55,193.05
2024-01-02T03:29:54+01:00,274.7,196.6
2024-01-02T03:32:21+01:00,277.23,205.27
2024-01-02T03:34:47+01:00,284.2,205.13
2024-01-02T03:37:13+01:00,284.48,205.05
2024-01-02T03:39:40+01:00,267.7,205.82
2024-01-02T03:42:06+01:00,299.05,214.95
2024-01-02T03:44:32+01:00,306.0,228.2
2024-01-02T03:46:59+01:00,303.35,218.85
2024-01-02T03:49:25+01:00,309.3,225.82
2024-01-02T03:51:51+01:00,323.52,232.85
2024-01-02T03:54:18+01:00,332.45,239.48
2024-01-02T03:56:44+01:00,330.58,240.5
2024-01-02T03:59:11+01:00,345.08,251.23
2024-01-02T04:01:37+01:00,354.65,260.4
2024-01-02T04:04:04+01:00,348.27,256.67
2024-01-02T04:06:30+01:00,326.33,239.7
2024-01-02T04:08:56+01:00,336.7,244.1
2024-01-02T04:11:22+01:00,307.73,221.35
2024-01-02T04:13:48+01:00,295.3,219.35
2024-01-02T04:16:14+01:00,284.85,209.05
2024-01-02T04:18:41+01:00,279.98,206.4
2024-01-02T04:21:10+01:00,298.38,220.48
2024-01-02T04:23:36+01:00,294.63,212.6
2024-01-02T04:26:03+01:00,292.52,214.48
2024-01-02T04:28:29+01:00,306.08,220.82
2024-01-02T04:30:56+01:00,298.98,218.75
2024-01-02T04:33:22+01:00,307.05,228.02
2024-01-02T04:35:48+01:00,304.63,228.07
2024-01-02T04:38:14+01:00,290.25,221.45
2024-01-02T04:40:40+01:00,334.45,243.43
2024-01-02T04:43:07+01:00,339.5,242.27
2024-01-02T04:45:33+01:00,314.45,225.0
2024-01-02T04:47:59+01:00,293.2,214.52
2024-01-02T04:50:26+01:00,286.77,203.1
2024-01-02T04:52:52+01:00,272.25,195.27
2024-01-02T04:55:18+01:00,264.88,190.45
2024-01-02T04:57:44+01:00,276.45,196.68
2024-01-02T05:00:10+01:00,264.45,191.63
2024-01-02T05:02:37+01:00,259.65,193.63
2024-01-02T05:05:03+01:00,252.93,185.23
2024-01-02T05:07:29+01:00,254.1,186.0
2024-01-02T05:09:55+01:00,267.33,188.05
2024-01-02T05:12:22+01:00,261.1,189.68
2024-01-02T05:14:48+01:00,297.42,211.23
2024-01-02T05:17:14+01:00,299.48,215.05
2024-01-02T05:19:40+01:00,335.88,240.45
2024-01-02T05:22:06+01:00,339.25,242.2
2024-01-02T05:24:32+01:00,351.1,250.82
2024-01-02T05:26:58+01:00,372.88,256.67
2024-01-02T05:29:24+01:00,391.67,274.95
2024-01-02T05:31:50+01:00,403.5,291.4
2024-01-02T05:34:16+01:00,434.73,316.4
2024-01-02T05:36:43+01:00,429.25,308.38
2024-01-02T05:39:09+01:00,375.33,270.2
2024-01-02T05:41:35+01:00,362.23,259.48
2024-01-02T05:44:01+01:00,374.65,270.9
2024-01-02T05:46:28+01:00,417.83,353.95
2024-01-02T05:48:54+01:00,435.58,332.15
2024-01-02T05:51:21+01:00,349.35,256.1
2024-01-02T05:53:47+01:00,327.4,245.32
2024-01-02T05:56:13+01:00,329.55,239.18
2024-01-02T05:58:39+01:00,418.4,288.17
2024-01-02T06:01:05+01:00,346.05,247.68
2024-01-02T06:03:31+01:00,318.83,233.2
2024-01-02T06:05:57+01:00,304.65,221.93
2024-01-02T06:08:23+01:00,367.85,260.85
2024-01-02T06:10:49+01:00,295.8,216.9
2024-01-02T06:13:15+01:00,302.33,227.85
2024-01-02T06:15:41+01:00,278.1,210.52
2024-01-02T06:18:07+01:00,297.6,219.8
2024-01-02T06:20:33+01:00,319.02,231.5
2024-01-02T06:23:00+01:00,337.6,241.02
2024-01-02T06:25:31+01:00,346.88,251.82
2024-01-02T06:27:58+01:00,368.38,264.58
2024-01-02T06:30:24+01:00,440.08,310.35
2024-01-02T06:32:51+01:00,461.02,332.75
2024-01-02T06:35:17+01:00,465.7,334.67
2024-01-02T06:37:43+01:00,468.52,332.2
2024-01-02T06:40:09+01:00,446.1,322.23
2024-01-02T06:42:35+01:00,445.17,323.42
2024-01-02T06:45:02+01:00,443.9,324.08
2024-01-02T06:47:28+01:00,451.83,324.77
2024-01-02T06:49:54+01:00,448.88,321.8
2024-01-02T06:52:20+01:00,438.38,309.9
2024-01-02T06:54:46+01:00,384.85,288.05
2024-01-02T06:57:12+01:00,408.52,331.17
2024-01-02T06:59:38+01:00,378.63,275.52
2024-01-02T07:02:04+01:00,493.55,366.08
2024-01-02T07:04:30+01:00,382.48,294.67
2024-01-02T07:06:56+01:00,364.27,265.58
2024-01-02T07:09:23+01:00,356.3,259.7
2024-01-02T07:11:49+01:00,372.98,268.92
2024-01-02T07:14:15+01:00,360.85,267.1
2024-01-02T07:16:42+01:00,383.7,274.4
2024-01-02T07:19:08+01:00,420.63,301.4
2024-01-02T07:21:34+01:00,394.25,291.42
2024-01-02T07:24:00+01:00,367.3,267.4
2024-01-02T07:26:27+01:00,374.9,271.77
2024-01-02T07:28:53+01:00,376.58,271.92
2024-01-02T07:31:20+01:00,387.7,280.45
2024-01-02T07:33:46+01:00,463.42,334.55
2024-01-02T07:36:13+01:00,380.33,280.92
2024-01-02T07:38:39+01:00,408.77,301.92
2024-01-02T07:41:06+01:00,385.02,284.27
2024-01-02T07:43:32+01:00,389.7,288.42
2024-01-02T07:45:59+01:00,433.3,339.48
2024-01-02T07:48:25+01:00,382.6,288.33
2024-01-02T07:50:51+01:00,462.75,336.52
2024-01-02T07:53:17+01:00,418.75,310.95
2024-01-02T07:55:43+01:00,388.7,290.42
2024-01-02T07:58:09+01:00,357.9,269.75
2024-01-02T08:00:36+01:00,360.77,267.92
2024-01-02T08:03:03+01:00,367.95,276.27
2024-01-02T08:05:29+01:00,318.67,236.63
2024-01-02T08:07:56+01:00,416.13,296.33
2024-01-02T08:10:22+01:00,371.08,270.83
2024-01-02T08:12:51+01:00,366.8,262.1
2024-01-02T08:15:17+01:00,377.77,269.77
2024-01-02T08:17:43+01:00,326.88,240.27
2024-01-02T08:20:09+01:00,334.15,245.25
2024-01-02T08:22:37+01:00,321.08,237.25
2024-01-02T08:25:03+01:00,324.83,238.88
2024-01-02T08:27:29+01:00,327.45,244.4
2024-01-02T08:29:55+01:00,390.85,280.45
2024-01-02T08:32:21+01:00,332.1,243.1
2024-01-02T08:34:47+01:00,358.9,265.05
2024-01-02T08:37:14+01:00,320.67,234.25
2024-01-02T08:39:41+01:00,310.45,233.23
2024-01-02T08:42:08+01:00,368.2,268.48
2024-01-02T08:44:34+01:00,345.88,252.4
2024-01-02T08:47:00+01:00,353.88,264.58
2024-01-02T08:49:27+01:00,316.1,241.63
2024-01-02T08:51:53+01:00,302.38,229.3
2024-01-02T08:54:19+01:00,302.38,226.18
2024-01-02T08:56:46+01:00,297.7,219.45
2024-01-02T08:59:12+01:00,300.42,224.2
2024-01-02T09:01:42+01:00,312.48,237.9
2024-01-02T09:04:08+01:00,321.75,241.0
2024-01-02T09:06:34+01:00,317.85,247.43
2024-01-02T09:09:01+01:00,318.05,241.65
2024-01-02T09:11:27+01:00,302.8,232.93
2024-01-02T09:13:54+01:00,294.4,226.07
2024-01-02T09:16:20+01:00,285.17,220.05
2024-01-02T09:18:46+01:00,299.75,228.48
2024-01-02T09:21:12+01:00,274.1,214.2
2024-01-02T09:23:39+01:00,264.33,207.55
2024-01-02T09:26:05+01:00,258.9,203.35
2024-01-02T09:28:32+01:00,274.0,219.13
2024-01-02T09:30:58+01:00,316.7,240.52
2024-01-02T09:33:24+01:00,278.8,213.05
2024-01-02T09:35:50+01:00,250.38,187.77
2024-01-02T09:38:16+01:00,240.02,185.63
2024-01-02T09:40:42+01:00,277.92,213.77
2024-01-02T09:43:08+01:00,303.02,231.23
2024-01-02T09:45:34+01:00,295.8,231.55
2024-01-02T09:48:00+01:00,282.63,215.05
2024-01-02T09:50:28+01:00,274.02,213.1
2024-01-02T09:52:54+01:00,261.5,200.48
2024-01-02T09:55:20+01:00,262.75,201.43
2024-01-02T09:57:46+01:00,270.2,194.95
2024-01-02T10:00:12+01:00,269.98,199.02
2024-01-02T10:02:41+01:00,281.8,212.13
2024-01-02T10:05:07+01:00,273.1,207.45
2024-01-02T10:07:37+01:00,276.77,205.07
2024-01-02T10:10:03+01:00,268.17,203.45
2024-01-02T10:12:29+01:00,267.92,204.35
2024-01-02T10:14:56+01:00,264.38,200.07
2024-01-02T10:17:22+01:00,257.08,193.32
2024-01-02T10:19:48+01:00,255.65,198.88
2024-01-02T10:22:14+01:00,259.85,200.4
2024-01-02T10:24:41+01:00,265.2,202.4
2024-01-02T10:27:07+01:00,268.08,203.0
2024-01-02T10:29:34+01:00,271.75,206.43
2024-01-02T10:32:00+01:00,266.2,199.02
2024-01-02T10:34:26+01:00,248.35,190.6
2024-01-02T10:36:52+01:00,245.3,185.88
2024-01-02T10:39:18+01:00,242.6,178.7
2024-01-02T10:49:32+01:00,224.52,163.85
2024-01-02T10:54:35+01:00,217.98,156.6
2024-01-02T10:57:06+01:00,218.23,159.98
2024-01-02T11:12:52+01:00,202.6,155.9
2024-01-02T11:15:37+01:00,186.48,139.8
2024-01-02T11:25:51+01:00,157.8,120.8
2024-01-02T11:28:19+01:00,151.85,116.93
2024-01-02T11:30:51+01:00,165.05,125.78
2024-01-02T11:36:09+01:00,133.13,102.8
2024-01-02T11:41:15+01:00,129.88,100.4
2024-01-02T11:43:47+01:00,128.77,101.78
2024-01-02T11:51:14+01:00,140.1,103.28
2024-01-02T11:56:24+01:00,143.82,104.32
2024-01-02T11:59:38+01:00,149.73,112.53
2024-01-02T12:01:44+01:00,147.8,111.05
2024-01-02T12:06:45+01:00,150.13,108.43
2024-01-02T12:09:18+01:00,135.35,98.5
2024-01-02T12:11:51+01:00,130.98,94.43
2024-01-02T12:14:18+01:00,120.85,90.5
2024-01-02T12:16:46+01:00,125.22,96.05
2024-01-02T12:19:15+01:00,115.78,88.72
2024-01-02T12:24:12+01:00,107.85,85.7
2024-01-02T12:26:39+01:00,114.05,84.53
2024-01-02T12:29:08+01:00,117.7,92.03
2024-01-02T12:31:36+01:00,112.75,84.53
2024-01-02T12:34:10+01:00,112.38,83.3
2024-01-02T12:36:48+01:00,110.0,86.93
2024-01-02T12:39:24+01:00,114.18,85.53
2024-01-02T12:44:56+01:00,111.05,81.97
2024-01-02T12:47:38+01:00,95.8,73.28
2024-01-02T12:50:08+01:00,101.5,77.53
2024-01-02T12:52:36+01:00,108.9,78.05
2024-01-02T12:55:10+01:00,100.32,76.45
2024-01-02T12:57:50+01:00,103.03,76.32
2024-01-02T13:00:24+01:00,103.8,74.45
2024-01-02T13:02:55+01:00,106.13,75.8
2024-01-02T13:07:53+01:00,107.63,74.78
2024-01-02T13:10:21+01:00,104.15,72.6
2024-01-02T13:12:53+01:00,98.85,72.78
2024-01-02T13:15:31+01:00,104.07,74.63
2024-01-02T13:18:04+01:00,105.4,72.43
2024-01-02T13:20:36+01:00,99.55,70.13
2024-01-02T13:23:03+01:00,99.9,72.2
2024-01-02T13:25:30+01:00,105.82,76.28
2024-01-02T13:27:57+01:00,99.8,73.4
2024-01-02T13:30:39+01:00,94.32,69.9
2024-01-02T13:35:55+01:00,99.6,72.43
2024-01-02T13:38:26+01:00,98.55,69.0
2024-01-02T13:40:55+01:00,96.22,70.6
2024-01-02T13:43:23+01:00,97.4,71.88
2024-01-02T13:45:59+01:00,89.47,61.65
2024-01-02T13:48:25+01:00,94.0,66.68
2024-01-02T13:50:53+01:00,85.6,63.92
2024-01-02T13:53:20+01:00,85.43,60.95
2024-01-02T13:55:53+01:00,92.63,63.2
2024-01-02T13:58:20+01:00,71.63,51.3
2024-01-02T14:00:47+01:00,74.05,52.03
2024-01-02T14:03:13+01:00,76.78,55.08
2024-01-02T14:05:43+01:00,89.65,62.2
2024-01-02T14:08:17+01:00,90.65,60.0
2024-01-02T14:10:44+01:00,90.05,63.35
2024-01-02T14:13:14+01:00,89.05,63.08
2024-01-02T14:15:40+01:00,84.0,61.22
2024-01-02T14:18:08+01:00,76.13,55.45
2024-01-02T14:20:35+01:00,67.75,49.28
2024-01-02T14:23:03+01:00,73.95,52.33
2024-01-02T14:25:30+01:00,85.15,60.65
2024-01-02T14:28:15+01:00,80.8,58.55
2024-01-02T14:30:42+01:00,88.32,60.28
2024-01-02T14:33:11+01:00,84.32,61.25
2024-01-02T14:35:37+01:00,84.85,60.75
2024-01-02T14:38:03+01:00,85.97,60.85
2024-01-02T14:40:30+01:00,91.38,65.93
2024-01-02T14:42:57+01:00,99.63,73.22
2024-01-02T14:45:28+01:00,98.75,74.95
2024-01-02T14:48:07+01:00,96.82,70.3
2024-01-02T14:50:35+01:00,92.88,67.9
2024-01-02T14:53:08+01:00,99.07,73.65
2024-01-02T14:55:35+01:00,102.45,72.28
2024-01-02T14:58:05+01:00,99.13,70.2
2024-01-02T15:00:32+01:00,97.95,71.45
2024-01-02T15:02:59+01:00,107.78,74.5
2024-01-02T15:05:26+01:00,100.4,70.8
2024-01-02T15:07:53+01:00,109.7,76.07
2024-01-02T15:12:52+01:00,119.25,82.78
2024-01-02T15:15:19+01:00,111.05,80.95
2024-01-02T15:17:49+01:00,111.32,81.47
2024-01-02T15:20:16+01:00,112.75,80.03
2024-01-02T15:30:38+01:00,122.53,84.68
2024-01-02T15:43:38+01:00,116.65,81.93
2024-01-02T15:46:26+01:00,137.45,101.93
2024-01-02T16:07:34+01:00,131.82,91.5
2024-01-02T16:10:02+01:00,122.63,86.72
2024-01-02T16:12:49+01:00,120.15,84.93
2024-01-02T16:15:18+01:00,122.5,86.28
2024-01-02T16:18:10+01:00,134.1,91.97
2024-01-02T16:28:31+01:00,140.63,99.57
2024-01-02T16:31:01+01:00,145.95,101.55
2024-01-02T16:33:35+01:00,149.3,107.95
2024-01-02T16:41:13+01:00,150.6,108.32
2024-01-02T16:43:41+01:00,149.65,104.9
2024-01-02T16:46:18+01:00,162.05,112.45
2024-01-02T16:49:29+01:00,146.2,104.97
2024-01-02T16:51:37+01:00,152.0,107.4
2024-01-02T16:54:06+01:00,154.15,109.35
2024-01-02T16:56:33+01:00,156.98,110.93
2024-01-02T16:59:15+01:00,167.57,116.5
2024-01-02T17:01:45+01:00,167.1,118.32
2024-01-02T17:07:05+01:00,158.63,111.35
2024-01-02T17:30:57+01:00,157.57,111.68
2024-01-02T17:36:11+01:00,177.75,126.07
2024-01-02T17:38:44+01:00,167.68,124.63
2024-01-02T17:41:19+01:00,134.35,92.75
2024-01-02T17:43:48+01:00,140.88,97.93
2024-01-02T17:46:22+01:00,172.13,121.82
2024-01-02T17:48:48+01:00,207.8,147.75
2024-01-02T17:51:15+01:00,175.5,125.6
2024-01-02T17:53:41+01:00,208.68,148.05
2024-01-02T17:56:11+01:00,185.48,130.45
2024-01-02T17:58:37+01:00,164.07,116.8
2024-01-02T18:01:04+01:00,212.75,152.75
2024-01-02T18:03:30+01:00,199.18,140.73
2024-01-02T18:06:07+01:00,193.32,134.9
2024-01-02T18:08:33+01:00,165.95,116.03
2024-01-02T18:11:02+01:00,163.38,116.3
2024-01-02T18:13:28+01:00,158.95,107.53
2024-01-02T18:15:57+01:00,166.5,114.63
2024-01-02T18:18:24+01:00,182.15,123.05
2024-01-02T18:20:52+01:00,174.27,116.8
2024-01-02T18:23:21+01:00,135.55,88.35
2024-01-02T18:25:48+01:00,131.77,85.93
2024-01-02T18:28:15+01:00,127.47,85.97
2024-01-02T18:30:42+01:00,131.73,87.18
2024-01-02T18:33:09+01:00,135.7,89.55
2024-01-02T18:35:35+01:00,125.35,81.43
2024-01-02T18:38:03+01:00,128.48,82.78
2024-01-02T18:40:30+01:00,114.63,77.53
2024-01-02T18:42:58+01:00,118.07,78.38
2024-01-02T18:45:25+01:00,110.97,77.28
2024-01-02T18:48:13+01:00,120.8,82.03
2024-01-02T18:50:53+01:00,123.93,86.4
2024-01-02T18:53:30+01:00,140.68,96.47
2024-01-02T18:55:57+01:00,140.3,97.3
2024-01-02T18:58:31+01:00,149.8,104.28
2024-01-02T19:01:05+01:00,155.23,106.53
2024-01-02T19:03:57+01:00,147.15,97.2
2024-01-02T19:07:23+01:00,155.98,103.38
2024-01-02T19:11:52+01:00,150.73,100.13
2024-01-02T19:32:22+01:00,155.4,105.07
2024-01-02T19:37:22+01:00,143.65,100.2
2024-01-02T19:40:06+01:00,138.4,96.75
2024-01-02T19:42:35+01:00,122.6,87.03
2024-01-02T19:48:16+01:00,124.95,84.75
2024-01-02T19:53:32+01:00,147.2,105.1
2024-01-02T19:56:01+01:00,208.3,154.02
2024-01-02T19:58:30+01:00,177.13,127.22
2024-01-02T20:03:34+01:00,149.4,104.18
2024-01-02T20:06:00+01:00,137.1,99.9
2024-01-02T20:08:26+01:00,139.63,95.97
2024-01-02T20:10:54+01:00,145.52,103.15
2024-01-02T20:13:20+01:00,152.05,104.6
2024-01-02T20:15:46+01:00,136.05,92.05
2024-01-02T20:18:14+01:00,145.85,100.45
2024-01-02T20:20:42+01:00,148.07,100.07
2024-01-02T20:23:08+01:00,163.93,116.97
2024-01-02T20:25:35+01:00,182.57,129.4
2024-01-02T20:28:01+01:00,203.38,147.15
2024-01-02T20:30:28+01:00,297.88,214.32
2024-01-02T20:32:54+01:00,262.65,174.6
2024-01-02T20:35:20+01:00,257.25,180.5
2024-01-02T20:37:46+01:00,239.13,167.07
2024-01-02T20:40:12+01:00,234.4,159.13
2024-01-02T20:42:45+01:00,206.57,144.35
2024-01-02T20:45:11+01:00,181.4,124.85
2024-01-02T20:47:37+01:00,179.32,123.13
2024-01-02T20:50:03+01:00,185.5,126.88
2024-01-02T20:52:29+01:00,201.9,137.77
2024-01-02T20:54:55+01:00,210.95,143.93
2024-01-02T20:57:23+01:00,247.18,172.52
2024-01-02T20:59:49+01:00,287.6,202.32
2024-01-02T21:02:20+01:00,212.85,147.5
2024-01-02T21:04:47+01:00,241.65,168.45
2024-01-02T21:07:25+01:00,233.65,165.52
2024-01-02T21:09:53+01:00,209.52,146.2
2024-01-02T21:17:34+01:00,208.25,145.18
2024-01-02T21:20:01+01:00,251.65,176.15
2024-01-02T21:22:33+01:00,211.15,147.25
2024-01-02T21:24:59+01:00,209.68,145.5
2024-01-02T21:29:55+01:00,216.2,148.18
2024-01-02T21:32:24+01:00,192.98,136.48
2024-01-02T21:34:56+01:00,349.77,240.88
2024-01-02T21:37:44+01:00,217.23,149.8
2024-01-02T21:42:36+01:00,220.25,151.88
2024-01-02T21:45:02+01:00,172.05,119.78
2024-01-02T21:52:49+01:00,222.4,149.35
2024-01-02T21:55:16+01:00,233.32,153.18
2024-01-02T21:57:51+01:00,253.85,173.9
2024-01-02T22:00:20+01:00,308.85,218.73
2024-01-02T22:02:49+01:00,293.58,210.73
2024-01-02T22:10:57+01:00,277.77,196.27
2024-01-02T22:13:27+01:00,256.05,185.23
2024-01-02T22:15:59+01:00,307.55,216.13
2024-01-02T22:21:01+01:00,312.05,220.88
2024-01-02T22:25:56+01:00,297.98,215.27
2024-01-02T22:28:23+01:00,273.42,193.48
2024-01-02T22:30:49+01:00,306.67,198.32
2024-01-02T22:33:15+01:00,261.23,172.82
2024-01-02T22:35:43+01:00,296.65,194.5
2024-01-02T22:38:09+01:00,309.27,203.5
2024-01-02T22:43:26+01:00,349.65,233.75
2024-01-02T22:51:06+01:00,352.33,252.13
2024-01-02T22:53:32+01:00,292.3,208.05
2024-01-02T22:55:59+01:00,286.42,199.5
2024-01-02T23:01:07+01:00,315.73,210.35
2024-01-02T23:03:47+01:00,324.75,227.77
2024-01-02T23:06:19+01:00,330.17,227.2
2024-01-02T23:08:46+01:00,292.4,203.5
2024-01-02T23:16:25+01:00,306.25,216.05
2024-01-02T23:19:02+01:00,333.8,204.52
2024-01-02T23:24:05+01:00,288.33,183.65
2024-01-02T23:26:49+01:00,303.02,193.8
2024-01-02T23:29:16+01:00,347.35,217.73
2024-01-02T23:31:45+01:00,400.4,210.55
2024-01-02T23:34:11+01:00,412.52,247.23
2024-01-02T23:36:41+01:00,338.9,208.27
2024-01-02T23:41:52+01:00,576.92,275.58
2024-01-02T23:44:18+01:00,567.2,279.35
2024-01-02T23:46:44+01:00,366.9,214.6
2024-01-02T23:49:10+01:00,559.05,262.1
2024-01-02T23:51:37+01:00,714.75,257.92
2024-01-02T23:54:03+01:00,924.03,249.8
2024-01-02T23:56:29+01:00,529.7,168.95
2024-01-02T23:58:55+01:00,422.33,146.65
2024-01-03T00:01:21+01:00,405.33,145.73
2024-01-03T00:03:47+01:00,414.35,152.88
2024-01-03T00:06:14+01:00,432.67,167.82
2024-01-03T00:08:41+01:00,307.0,140.57
2024-01-03T00:16:18+01:00,418.77,139.73
2024-01-03T00:21:25+01:00,401.9,157.63
2024-01-03T00:23:55+01:00,467.83,160.9
2024-01-03T00:26:22+01:00,411.4,149.77
2024-01-03T00:29:08+01:00,404.88,146.7
2024-01-03T00:31:34+01:00,554.08,164.93
2024-01-03T00:34:07+01:00,878.67,202.5
2024-01-03T00:36:34+01:00,523.75,165.93
2024-01-03T00:39:00+01:00,295.5,131.25
2024-01-03T00:41:29+01:00,662.67,182.85
2024-01-03T00:43:55+01:00,667.85,194.8
2024-01-03T00:46:21+01:00,390.15,152.1
2024-01-03T00:48:47+01:00,408.02,160.7
2024-01-03T00:51:13+01:00,344.25,154.43
2024-01-03T00:53:42+01:00,401.42,159.7
2024-01-03T00:58:55+01:00,521.42,190.93
2024-01-03T01:01:21+01:00,390.27,160.32
2024-01-03T01:03:47+01:00,412.73,172.68
2024-01-03T01:06:14+01:00,403.25,163.4
2024-01-03T01:08:40+01:00,460.4,179.85
2024-01-03T01:11:07+01:00,428.17,173.5
2024-01-03T01:16:12+01:00,357.5,150.65
2024-01-03T01:21:09+01:00,325.02,144.93
2024-01-03T01:23:37+01:00,331.52,152.32
2024-01-03T01:26:07+01:00,366.88,153.45
2024-01-03T01:28:33+01:00,472.3,177.93
2024-01-03T01:30:59+01:00,504.55,160.63
2024-01-03T01:33:26+01:00,897.7,302.17
2024-01-03T01:35:52+01:00,1433.82,324.83
2024-01-03T01:38:18+01:00,850.9,311.42
2024-01-03T01:43:13+01:00,603.0,183.45
2024-01-03T01:45:39+01:00,898.35,214.98
2024-01-03T01:48:06+01:00,442.52,160.9
2024-01-03T01:50:32+01:00,1935.4,353.55
2024-01-03T01:52:58+01:00,1272.13,292.4
2024-01-03T01:55:24+01:00,1181.72,312.55
2024-01-03T01:57:50+01:00,723.47,229.43
2024-01-03T02:00:16+01:00,726.95,238.57
2024-01-03T02:02:43+01:00,499.85,209.35
2024-01-03T02:05:10+01:00,400.95,168.52
2024-01-03T02:07:36+01:00,372.4,154.2
2024-01-03T02:10:02+01:00,325.45,143.55
2024-01-03T02:12:28+01:00,347.3,145.27
2024-01-03T02:14:54+01:00,271.23,127.72
2024-01-03T02:17:20+01:00,292.27,121.2
2024-01-03T02:19:46+01:00,310.35,128.77
2024-01-03T02:22:12+01:00,320.38,135.18
2024-01-03T02:24:38+01:00,321.92,125.88
2024-01-03T02:27:04+01:00,314.08,118.47
2024-01-03T02:29:30+01:00,325.13,115.75
2024-01-03T02:31:56+01:00,265.45,119.72
2024-01-03T02:34:22+01:00,307.55,114.1
2024-01-03T02:36:48+01:00,288.98,110.15
2024-01-03T02:39:14+01:00,378.58,130.82
2024-01-03T02:41:40+01:00,295.5,120.13
2024-01-03T02:44:06+01:00,309.15,122.55
2024-01-03T02:46:33+01:00,330.3,123.07
2024-01-03T02:49:05+01:00,426.0,137.85
2024-01-03T02:51:35+01:00,407.2,134.02
2024-01-03T02:54:02+01:00,334.73,121.93
2024-01-03T02:56:28+01:00,324.95,121.7
2024-01-03T02:58:55+01:00,324.2,120.8
2024-01-03T03:01:21+01:00,332.8,123.43
2024-01-03T03:03:48+01:00,817.15,185.85
2024-01-03T03:06:14+01:00,289.85,128.75
2024-01-03T03:08:41+01:00,282.98,125.78
2024-01-03T03:11:07+01:00,409.77,136.27
2024-01-03T03:13:33+01:00,310.1,125.95
2024-01-03T03:15:59+01:00,427.17,144.93
2024-01-03T03:18:26+01:00,446.42,150.35
2024-01-03T03:20:53+01:00,321.42,124.1
2024-01-03T03:23:20+01:00,333.73,123.88
2024-01-03T03:25:47+01:00,316.85,120.2
2024-01-03T03:28:13+01:00,317.4,131.73
2024-01-03T03:30:39+01:00,302.23,119.45
2024-01-03T03:33:07+01:00,347.17,121.9
2024-01-03T03:35:33+01:00,348.45,124.43
2024-01-03T03:37:59+01:00,373.83,127.78
2024-01-03T03:40:25+01:00,320.55,126.0
2024-01-03T03:42:51+01:00,386.6,133.38
2024-01-03T03:45:17+01:00,338.08,129.8
2024-01-03T03:47:43+01:00,439.85,145.5
2024-01-03T03:50:09+01:00,397.95,139.05
2024-01-03T03:52:35+01:00,385.33,141.9
2024-01-03T03:55:02+01:00,428.4,161.57
2024-01-03T03:57:28+01:00,439.25,158.02
2024-01-03T03:59:54+01:00,453.02,154.55
2024-01-03T04:02:20+01:00,456.3,152.07
2024-01-03T04:04:46+01:00,395.58,141.82
2024-01-03T04:07:12+01:00,393.95,141.18
2024-01-03T04:09:38+01:00,378.0,128.75
2024-01-03T04:12:05+01:00,352.42,128.3
2024-01-03T04:14:31+01:00,342.95,130.4
2024-01-03T04:16:57+01:00,385.2,131.32
2024-01-03T04:19:23+01:00,348.02,127.57
2024-01-03T04:21:49+01:00,395.38,137.55
2024-01-03T04:24:15+01:00,351.77,130.82
2024-01-03T04:26:42+01:00,348.9,128.2
2024-01-03T04:29:08+01:00,373.08,131.2
2024-01-03T04:31:34+01:00,334.7,129.18
2024-01-03T04:34:00+01:00,369.9,132.85
2024-01-03T04:36:26+01:00,443.98,150.13
2024-01-03T04:38:52+01:00,309.2,126.4
2024-01-03T04:41:19+01:00,335.27,125.55
2024-01-03T04:43:47+01:00,408.67,138.7
2024-01-03T04:46:15+01:00,331.88,123.57
2024-01-03T04:48:41+01:00,340.83,124.0
2024-01-03T04:51:07+01:00,397.7,134.02
2024-01-03T04:53:33+01:00,368.7,126.7
2024-01-03T04:55:59+01:00,363.67,127.05
2024-01-03T04:58:26+01:00,354.98,122.22
2024-01-03T05:00:52+01:00,640.6,166.5
2024-01-03T05:03:18+01:00,354.25,120.5
2024-01-03T05:05:44+01:00,346.17,116.9
2024-01-03T05:08:10+01:00,300.13,111.5
2024-01-03T05:10:36+01:00,339.6,119.03
2024-01-03T05:13:02+01:00,342.8,120.95
2024-01-03T05:15:28+01:00,364.5,123.6
2024-01-03T05:17:55+01:00,337.85,118.9
2024-01-03T05:20:21+01:00,357.95,124.45
2024-01-03T05:22:47+01:00,423.9,140.5
2024-01-03T05:25:13+01:00,315.9,120.03
2024-01-03T05:27:39+01:00,636.97,175.75
2024-01-03T05:30:05+01:00,374.0,142.9
2024-01-03T05:32:31+01:00,635.7,224.32
2024-01-03T05:34:57+01:00,346.5,123.1
2024-01-03T05:37:23+01:00,304.55,138.6
2024-01-03T05:39:50+01:00,362.83,140.45
2024-01-03T05:42:16+01:00,302.0,121.18
2024-01-03T05:44:42+01:00,312.63,105.53
2024-01-03T05:47:09+01:00,287.75,110.9
2024-01-03T05:49:36+01:00,339.13,109.18
2024-01-03T05:52:02+01:00,350.42,119.1
2024-01-03T05:54:31+01:00,425.67,132.77
2024-01-03T05:56:57+01:00,343.25,114.68
2024-01-03T05:59:23+01:00,308.55,108.68
2024-01-03T06:01:49+01:00,421.55,129.27
2024-01-03T06:04:15+01:00,300.55,107.38
2024-01-03T06:06:41+01:00,316.5,107.35
2024-01-03T06:09:08+01:00,336.25,111.72
2024-01-03T06:11:34+01:00,390.95,119.65
2024-01-03T06:14:00+01:00,370.88,125.53
2024-01-03T06:16:27+01:00,355.75,125.25
2024-01-03T06:18:53+01:00,348.27,124.28
2024-01-03T06:21:19+01:00,376.48,125.2
2024-01-03T06:23:45+01:00,425.08,147.55
2024-01-03T06:26:11+01:00,401.2,155.8
2024-01-03T06:28:39+01:00,409.95,140.82
2024-01-03T06:31:05+01:00,406.0,148.05
2024-01-03T06:33:31+01:00,416.88,134.93
2024-01-03T06:35:57+01:00,391.83,135.52
2024-01-03T06:38:23+01:00,379.98,127.45
2024-01-03T06:40:49+01:00,379.52,125.88
2024-01-03T06:43:16+01:00,442.0,153.68
2024-01-03T06:45:42+01:00,397.1,130.1
2024-01-03T06:48:08+01:00,401.0,134.52
2024-01-03T06:50:34+01:00,340.83,116.5
2024-01-03T06:53:01+01:00,433.55,143.2
2024-01-03T06:55:27+01:00,372.88,125.88
2024-01-03T06:57:53+01:00,352.98,119.75
2024-01-03T07:00:20+01:00,334.05,111.05
2024-01-03T07:02:46+01:00,307.23,111.45
2024-01-03T07:05:12+01:00,364.0,116.03
2024-01-03T07:07:42+01:00,346.35,113.75
2024-01-03T07:10:09+01:00,336.58,108.82
2024-01-03T07:12:35+01:00,315.15,103.03
2024-01-03T07:15:01+01:00,431.3,132.25
2024-01-03T07:17:28+01:00,380.0,114.78
2024-01-03T07:19:54+01:00,373.5,111.43
2024-01-03T07:22:20+01:00,371.67,108.4
2024-01-03T07:24:46+01:00,350.45,107.85
2024-01-03T07:27:12+01:00,304.8,101.4
2024-01-03T07:29:38+01:00,348.35,105.6
2024-01-03T07:32:05+01:00,313.33,107.97
2024-01-03T07:34:31+01:00,283.08,93.95
2024-01-03T07:36:57+01:00,316.85,98.22
2024-01-03T07:39:25+01:00,284.05,85.32
2024-01-03T07:41:51+01:00,319.7,95.55
2024-01-03T07:44:17+01:00,272.83,91.03
2024-01-03T07:46:43+01:00,275.08,92.1
2024-01-03T07:49:09+01:00,294.48,89.5
2024-01-03T07:51:35+01:00,270.55,91.75
2024-01-03T07:54:01+01:00,279.23,97.0
2024-01-03T07:56:27+01:00,282.48,90.82
2024-01-03T07:58:56+01:00,286.45,95.97
2024-01-03T08:01:25+01:00,243.23,87.45
2024-01-03T08:03:52+01:00,252.15,89.8
2024-01-03T08:06:18+01:00,322.85,103.0
2024-01-03T08:08:44+01:00,319.63,97.43
2024-01-03T08:11:11+01:00,299.83,96.57
2024-01-03T08:13:37+01:00,323.6,97.72
2024-01-03T08:16:03+01:00,304.88,91.32
2024-01-03T08:18:29+01:00,293.48,95.85
2024-01-03T08:20:55+01:00,304.92,106.82
2024-01-03T08:23:21+01:00,297.88,99.95
2024-01-03T08:25:48+01:00,246.77,86.55
2024-01-03T08:28:14+01:00,269.63,95.85
2024-01-03T08:30:40+01:00,240.35,90.5
2024-01-03T08:33:06+01:00,258.38,109.03
2024-01-03T08:35:32+01:00,230.35,89.25
2024-01-03T08:37:58+01:00,202.15,77.1
2024-01-03T08:40:24+01:00,213.32,82.05
2024-01-03T08:42:50+01:00,230.85,90.57
2024-01-03T08:45:16+01:00,301.27,117.72
2024-01-03T08:47:42+01:00,269.42,101.88
2024-01-03T08:50:08+01:00,241.93,95.57
2024-01-03T08:52:35+01:00,225.95,90.03
2024-01-03T08:55:01+01:00,226.27,89.55
2024-01-03T09:00:21+01:00,202.88,81.7
2024-01-03T09:02:47+01:00,225.4,91.03
2024-01-03T09:05:13+01:00,216.6,88.15
2024-01-03T09:07:39+01:00,257.7,98.97
2024-01-03T09:10:06+01:00,228.75,90.32
2024-01-03T09:12:32+01:00,208.27,84.93
2024-01-03T09:15:00+01:00,190.3,81.32
2024-01-03T09:17:26+01:00,213.45,86.53
2024-01-03T09:19:52+01:00,204.13,84.57
2024-01-03T09:22:18+01:00,198.9,83.1
2024-01-03T09:24:44+01:00,227.4,89.0
2024-01-03T09:27:11+01:00,229.8,92.78
2024-01-03T09:29:37+01:00,226.98,92.93
2024-01-03T09:32:04+01:00,208.5,85.9
2024-01-03T09:34:31+01:00,197.77,83.55
2024-01-03T09:36:57+01:00,166.43,75.55
2024-01-03T09:39:23+01:00,168.63,77.4
2024-01-03T09:41:50+01:00,175.75,89.95
2024-01-03T09:44:19+01:00,169.4,83.4
2024-01-03T09:46:45+01:00,161.85,75.68
2024-01-03T09:49:11+01:00,179.75,82.53
2024-01-03T09:51:37+01:00,170.88,81.25
2024-01-03T09:54:04+01:00,160.95,80.1
2024-01-03T09:56:30+01:00,167.0,82.4
2024-01-03T09:58:56+01:00,159.48,79.45
2024-01-03T10:01:23+01:00,150.07,75.97
2024-01-03T10:03:52+01:00,156.02,75.85
2024-01-03T10:06:19+01:00,144.77,75.97
2024-01-03T10:08:46+01:00,154.88,75.95
2024-01-03T10:11:16+01:00,165.02,84.03
2024-01-03T10:13:43+01:00,161.95,83.18
2024-01-03T10:16:16+01:00,139.75,74.75
2024-01-03T10:18:42+01:00,132.7,71.55
2024-01-03T10:21:09+01:00,159.38,78.18
2024-01-03T10:23:35+01:00,120.68,66.07
2024-01-03T10:26:05+01:00,123.07,63.7
2024-01-03T10:28:31+01:00,135.02,67.82
2024-01-03T10:30:57+01:00,151.88,76.82
2024-01-03T10:33:23+01:00,151.75,77.6
2024-01-03T10:35:49+01:00,140.43,73.18
2024-01-03T10:38:15+01:00,140.07,72.65
2024-01-03T10:40:41+01:00,120.5,67.1
2024-01-03T10:43:11+01:00,130.93,70.82
2024-01-03T10:45:37+01:00,139.5,74.72
2024-01-03T10:48:04+01:00,134.68,75.07
2024-01-03T10:50:30+01:00,157.82,80.45
2024-01-03T10:52:57+01:00,168.65,86.53
2024-01-03T10:55:23+01:00,169.93,89.97
2024-01-03T10:57:49+01:00,163.5,89.93
2024-01-03T11:00:16+01:00,155.65,84.82
2024-01-03T11:02:42+01:00,155.85,87.53
2024-01-03T11:05:19+01:00,180.05,91.75
2024-01-03T11:07:45+01:00,180.93,94.95
2024-01-03T11:10:12+01:00,181.63,98.03
2024-01-03T11:12:38+01:00,180.85,93.75
2024-01-03T11:15:14+01:00,164.93,85.35
2024-01-03T11:17:43+01:00,164.27,86.57
2024-01-03T11:23:07+01:00,162.65,90.3
2024-01-03T11:25:34+01:00,180.0,93.57
2024-01-03T11:28:04+01:00,154.75,84.63
2024-01-03T11:30:30+01:00,132.18,74.32
2024-01-03T11:33:04+01:00,121.75,69.68
2024-01-03T11:35:31+01:00,127.75,70.93
2024-01-03T11:37:58+01:00,121.03,69.9
2024-01-03T11:40:27+01:00,117.53,67.88
2024-01-03T11:42:54+01:00,117.65,65.72
2024-01-03T11:45:21+01:00,116.82,69.25
2024-01-03T11:47:47+01:00,120.03,71.55
2024-01-03T11:50:14+01:00,110.7,64.75
2024-01-03T11:52:41+01:00,107.82,62.7
2024-01-03T11:55:20+01:00,109.75,63.03
2024-01-03T12:02:50+01:00,108.2,64.1
2024-01-03T12:05:20+01:00,107.8,64.45
2024-01-03T12:07:52+01:00,108.32,62.97
2024-01-03T12:13:23+01:00,116.78,68.13
2024-01-03T12:15:49+01:00,105.35,62.72
2024-01-03T12:23:51+01:00,89.75,56.63
2024-01-03T12:26:17+01:00,104.65,60.92
2024-01-03T12:29:17+01:00,93.95,57.6
2024-01-03T12:31:54+01:00,92.05,54.78
2024-01-03T12:37:50+01:00,98.68,57.4
2024-01-03T12:39:52+01:00,92.88,56.7
2024-01-03T12:44:45+01:00,116.18,72.05
2024-01-03T12:47:11+01:00,122.1,75.1
2024-01-03T12:49:37+01:00,109.53,65.2
2024-01-03T12:52:03+01:00,104.4,66.0
2024-01-03T12:54:30+01:00,107.25,66.57
2024-01-03T12:56:57+01:00,104.32,64.43
2024-01-03T12:59:24+01:00,100.45,61.7
2024-01-03T13:01:56+01:00,98.45,64.6
2024-01-03T13:04:23+01:00,83.28,54.8
2024-01-03T13:06:49+01:00,101.03,63.78
2024-01-03T13:09:18+01:00,108.38,66.85
2024-01-03T13:11:44+01:00,115.97,70.32
2024-01-03T13:14:15+01:00,106.43,66.72
2024-01-03T13:16:44+01:00,126.35,79.8
2024-01-03T13:19:21+01:00,112.78,69.85
2024-01-03T13:24:20+01:00,115.47,72.03
2024-01-03T13:26:47+01:00,116.88,71.45
2024-01-03T13:29:14+01:00,112.65,72.8
2024-01-03T13:31:40+01:00,110.47,70.07
2024-01-03T13:34:06+01:00,106.9,65.82
2024-01-03T13:36:33+01:00,126.15,80.18
2024-01-03T13:38:59+01:00,127.75,80.03
2024-01-03T13:41:26+01:00,133.38,81.88
2024-01-03T13:43:52+01:00,131.75,77.38
2024-01-03T13:46:18+01:00,125.78,77.5
2024-01-03T13:48:44+01:00,123.15,74.93
2024-01-03T13:51:10+01:00,121.35,73.57
2024-01-03T13:53:36+01:00,119.22,72.28
2024-01-03T13:56:03+01:00,108.38,67.75
2024-01-03T13:58:29+01:00,113.22,70.18
2024-01-03T14:00:55+01:00,135.27,80.68
2024-01-03T14:03:23+01:00,140.02,89.38
2024-01-03T14:05:49+01:00,133.75,80.53
2024-01-03T14:08:16+01:00,128.38,79.05
2024-01-03T14:10:42+01:00,132.52,80.75
2024-01-03T14:13:09+01:00,131.4,81.97
2024-01-03T14:15:35+01:00,142.07,85.43
2024-01-03T14:18:02+01:00,132.55,83.75
2024-01-03T14:20:28+01:00,151.75,91.82
2024-01-03T14:22:54+01:00,138.25,81.43
2024-01-03T14:25:20+01:00,127.63,78.4
2024-01-03T14:27:46+01:00,127.65,78.18
2024-01-03T14:30:12+01:00,125.22,74.45
2024-01-03T14:32:39+01:00,138.0,85.03
2024-01-03T14:35:07+01:00,129.85,77.63
2024-01-03T14:37:33+01:00,129.23,76.63
2024-01-03T14:39:59+01:00,133.13,81.5
2024-01-03T14:42:26+01:00,133.65,80.78
2024-01-03T14:44:52+01:00,125.18,77.85
2024-01-03T14:47:18+01:00,125.15,77.9
2024-01-03T14:49:46+01:00,119.53,73.53
2024-01-03T14:52:12+01:00,114.68,68.3
2024-01-03T14:54:39+01:00,104.3,64.1
2024-01-03T14:57:05+01:00,89.53,57.88
2024-01-03T14:59:31+01:00,81.4,51.1
2024-01-03T15:01:57+01:00,74.72,49.28
2024-01-03T15:04:23+01:00,81.95,51.97
2024-01-03T15:06:49+01:00,85.15,55.72
2024-01-03T15:09:16+01:00,124.07,74.13
2024-01-03T15:11:43+01:00,122.68,74.85
2024-01-03T15:14:09+01:00,130.4,75.35
2024-01-03T15:16:35+01:00,135.82,83.22
2024-01-03T15:19:03+01:00,127.5,79.47
2024-01-03T15:21:29+01:00,130.3,81.05
2024-01-03T15:23:55+01:00,112.43,68.9
2024-01-03T15:26:21+01:00,110.32,69.25
2024-01-03T15:28:48+01:00,128.88,74.72
2024-01-03T15:31:14+01:00,125.38,75.45
2024-01-03T15:33:41+01:00,135.95,81.78
2024-01-03T15:36:07+01:00,141.6,81.2
2024-01-03T15:38:33+01:00,138.25,81.93
2024-01-03T15:40:59+01:00,136.48,82.45
2024-01-03T15:43:25+01:00,133.52,80.15
2024-01-03T15:45:58+01:00,142.57,81.55
2024-01-03T15:48:26+01:00,142.98,83.97
2024-01-03T15:50:52+01:00,144.77,79.8
2024-01-03T15:53:18+01:00,144.9,80.15
2024-01-03T15:55:44+01:00,139.25,79.18
2024-01-03T15:58:10+01:00,129.93,78.2
2024-01-03T16:00:36+01:00,141.4,79.2
2024-01-03T16:03:02+01:00,132.35,78.05
2024-01-03T16:05:36+01:00,135.52,80.95
2024-01-03T16:08:04+01:00,140.25,81.68
2024-01-03T16:10:30+01:00,134.63,82.47
2024-01-03T16:12:56+01:00,149.57,85.05
2024-01-03T16:15:23+01:00,143.18,84.88
2024-01-03T16:17:49+01:00,175.55,97.38
2024-01-03T16:20:18+01:00,164.6,93.8
2024-01-03T16:22:44+01:00,159.77,93.55
2024-01-03T16:25:11+01:00,152.32,88.28
2024-01-03T16:27:38+01:00,160.8,92.15
2024-01-03T16:30:05+01:00,162.63,98.75
2024-01-03T16:32:31+01:00,178.2,101.2
2024-01-03T16:34:57+01:00,164.1,97.57
2024-01-03T16:37:25+01:00,175.9,102.47
2024-01-03T16:39:51+01:00,245.73,134.63
2024-01-03T16:42:17+01:00,171.68,102.1
2024-01-03T16:44:44+01:00,210.45,113.93
2024-01-03T16:47:10+01:00,199.77,112.72
2024-01-03T16:49:36+01:00,209.85,119.32
2024-01-03T16:52:05+01:00,192.77,116.13
2024-01-03T16:54:37+01:00,204.5,120.03
2024-01-03T16:57:04+01:00,207.35,121.03
2024-01-03T16:59:30+01:00,207.82,116.9
2024-01-03T17:01:57+01:00,191.57,110.95
2024-01-03T17:04:24+01:00,191.3,107.35
2024-01-03T17:06:51+01:00,188.77,112.38
2024-01-03T17:09:18+01:00,186.6,112.43
2024-01-03T17:11:46+01:00,182.65,111.4
2024-01-03T17:14:12+01:00,209.77,115.88
2024-01-03T17:16:39+01:00,196.63,111.32
2024-01-03T17:19:05+01:00,199.15,127.32
2024-01-03T17:21:32+01:00,224.68,130.32
2024-01-03T17:23:59+01:00,233.2,131.98
2024-01-03T17:26:28+01:00,241.68,141.27
2024-01-03T17:28:54+01:00,239.23,144.13
2024-01-03T17:31:20+01:00,233.8,141.93
2024-01-03T17:33:47+01:00,222.73,132.35
2024-01-03T17:36:16+01:00,213.43,125.25
2024-01-03T17:38:42+01:00,202.18,121.9
2024-01-03T17:41:08+01:00,211.45,129.8
2024-01-03T17:43:39+01:00,191.8,117.57
2024-01-03T17:46:05+01:00,209.98,127.5
2024-01-03T17:48:31+01:00,214.25,126.85
2024-01-03T17:50:58+01:00,204.0,126.88
2024-01-03T17:53:24+01:00,197.43,125.38
2024-01-03T17:55:50+01:00,200.02,124.7
2024-01-03T17:58:16+01:00,198.45,123.88
2024-01-03T18:00:43+01:00,211.88,133.07
2024-01-03T18:03:11+01:00,195.82,124.53
2024-01-03T18:05:37+01:00,190.45,122.47
2024-01-03T18:08:04+01:00,179.25,114.4
2024-01-03T18:10:30+01:00,184.77,120.15
2024-01-03T18:12:57+01:00,197.45,126.13
2024-01-03T18:15:24+01:00,218.48,146.23
2024-01-03T18:17:50+01:00,227.57,151.82
2024-01-03T18:20:17+01:00,234.45,154.88
2024-01-03T18:22:43+01:00,251.77,170.27
2024-01-03T18:25:11+01:00,232.2,161.07
2024-01-03T18:27:37+01:00,210.0,145.23
2024-01-03T18:30:04+01:00,212.23,140.85
2024-01-03T18:32:30+01:00,230.7,153.6
2024-01-03T18:34:57+01:00,235.85,163.07
2024-01-03T18:37:23+01:00,222.27,153.4
2024-01-03T18:39:49+01:00,215.75,141.2
2024-01-03T18:42:16+01:00,223.77,149.95
2024-01-03T18:44:42+01:00,233.68,153.55
2024-01-03T18:47:08+01:00,235.5,160.02
2024-01-03T18:49:34+01:00,249.9,161.7
2024-01-03T18:52:01+01:00,270.08,182.38
2024-01-03T18:54:28+01:00,250.15,160.45
2024-01-03T18:56:54+01:00,229.32,155.23
2024-01-03T18:59:20+01:00,247.15,165.68
2024-01-03T19:01:46+01:00,262.7,178.05
2024-01-03T19:04:13+01:00,251.05,165.23
2024-01-03T19:06:40+01:00,285.2,185.95
2024-01-03T19:09:06+01:00,261.38,182.1
2024-01-03T19:11:35+01:00,237.95,154.2
2024-01-03T19:14:01+01:00,268.3,164.15
2024-01-03T19:16:27+01:00,238.52,160.57
2024-01-03T19:18:53+01:00,302.6,201.55
2024-01-03T19:21:19+01:00,295.17,205.68
2024-01-03T19:23:46+01:00,278.2,191.82
2024-01-03T19:26:12+01:00,308.2,214.38
2024-01-03T19:28:38+01:00,280.38,191.98
2024-01-03T19:31:05+01:00,369.6,261.4
2024-01-03T19:33:31+01:00,315.1,220.68
2024-01-03T19:35:57+01:00,275.38,191.77
2024-01-03T19:38:23+01:00,233.48,153.3
2024-01-03T19:40:50+01:00,150.52,95.6
2024-01-03T19:43:16+01:00,179.52,117.07
2024-01-03T19:45:44+01:00,222.13,144.73
2024-01-03T19:48:11+01:00,270.65,176.65
2024-01-03T19:50:37+01:00,298.1,198.77
2024-01-03T19:53:03+01:00,340.58,224.07
2024-01-03T19:55:29+01:00,270.27,185.93
2024-01-03T19:57:57+01:00,277.38,186.35
2024-01-03T20:00:24+01:00,248.82,164.6
2024-01-03T20:02:50+01:00,278.67,184.45
2024-01-03T20:05:17+01:00,242.4,160.77
2024-01-03T20:07:45+01:00,219.43,142.65
2024-01-03T20:10:15+01:00,224.82,153.52
2024-01-03T20:12:41+01:00,254.05,170.68
2024-01-03T20:15:07+01:00,273.02,179.13
2024-01-03T20:17:33+01:00,245.4,157.8
2024-01-03T20:19:59+01:00,266.73,176.85
2024-01-03T20:22:27+01:00,262.95,167.98
2024-01-03T20:24:55+01:00,333.63,227.57
2024-01-03T20:27:22+01:00,288.65,191.98
2024-01-03T20:29:48+01:00,244.88,162.18
2024-01-03T20:32:14+01:00,277.85,181.82
2024-01-03T20:34:40+01:00,269.42,184.5
2024-01-03T20:37:06+01:00,268.77,196.68
2024-01-03T20:39:33+01:00,261.65,193.8
2024-01-03T20:41:59+01:00,260.65,196.6
2024-01-03T20:44:25+01:00,273.8,199.9
2024-01-03T20:46:51+01:00,318.2,225.0
2024-01-03T20:49:17+01:00,230.15,157.57
2024-01-03T20:51:43+01:00,390.55,299.0
2024-01-03T20:54:10+01:00,402.92,302.4
2024-01-03T20:56:39+01:00,490.3,396.48
2024-01-03T20:59:05+01:00,572.97,469.0
2024-01-03T21:01:31+01:00,552.2,460.98
2024-01-03T21:03:58+01:00,494.02,395.98
2024-01-03T21:06:24+01:00,518.28,423.25
2024-01-03T21:08:52+01:00,555.17,458.55
2024-01-03T21:11:18+01:00,607.6,505.7
2024-01-03T21:13:45+01:00,564.05,472.08
2024-01-03T21:16:13+01:00,551.72,463.38
2024-01-03T21:18:42+01:00,565.55,471.45
2024-01-03T21:21:10+01:00,557.88,459.52
2024-01-03T21:23:36+01:00,518.95,421.2
2024-01-03T21:28:34+01:00,516.9,436.52
2024-01-03T21:31:02+01:00,538.6,454.73
2024-01-03T21:33:29+01:00,525.85,433.58
2024-01-03T21:35:55+01:00,582.72,481.23
2024-01-03T21:38:21+01:00,569.1,469.95
2024-01-03T21:40:47+01:00,512.42,417.0
2024-01-03T21:43:13+01:00,535.28,443.4
2024-01-03T21:45:39+01:00,532.7,443.63
2024-01-03T21:48:05+01:00,522.42,442.8
2024-01-03T21:50:32+01:00,530.63,441.02
2024-01-03T21:53:00+01:00,508.3,407.7
2024-01-03T21:55:26+01:00,487.92,391.6
2024-01-03T21:57:52+01:00,449.3,346.4
2024-01-03T22:00:19+01:00,449.77,359.65
2024-01-03T22:02:45+01:00,416.33,323.63
2024-01-03T22:05:11+01:00,391.1,290.15
2024-01-03T22:07:37+01:00,464.88,334.05
2024-01-03T22:10:04+01:00,424.7,332.0
2024-01-03T22:12:30+01:00,446.17,348.92
2024-01-03T22:14:57+01:00,456.33,365.23
2024-01-03T22:17:23+01:00,410.13,306.3
2024-01-03T22:19:49+01:00,468.23,375.45
2024-01-03T22:22:15+01:00,433.05,337.8
2024-01-03T22:24:42+01:00,428.77,331.58
2024-01-03T22:27:08+01:00,410.02,303.6
2024-01-03T22:29:34+01:00,409.4,298.4
2024-01-03T22:32:00+01:00,421.4,314.77
2024-01-03T22:34:26+01:00,403.88,301.95
2024-01-03T22:36:53+01:00,423.55,311.7
2024-01-03T22:39:19+01:00,418.42,307.3
2024-01-03T22:41:45+01:00,365.85,268.08
2024-01-03T22:44:11+01:00,377.05,275.5
2024-01-03T22:46:37+01:00,395.3,285.0
2024-01-03T22:49:04+01:00,380.27,278.92
2024-01-03T22:51:30+01:00,402.48,298.3
2024-01-03T22:53:56+01:00,408.63,303.67
2024-01-03T22:56:22+01:00,383.83,277.92
2024-01-03T22:58:48+01:00,392.52,283.2
2024-01-03T23:01:17+01:00,711.8,558.78
2024-01-03T23:03:43+01:00,581.2,498.38
2024-01-03T23:06:09+01:00,595.38,519.78
2024-01-03T23:08:36+01:00,556.38,494.98
2024-01-03T23:11:02+01:00,537.35,467.08
2024-01-03T23:13:28+01:00,514.5,450.15
2024-01-03T23:15:54+01:00,547.58,478.08
2024-01-03T23:18:20+01:00,549.72,483.05
2024-01-03T23:20:46+01:00,502.6,412.48
2024-01-03T23:23:13+01:00,492.5,427.73
2024-01-03T23:25:39+01:00,447.3,367.8
2024-01-03T23:28:05+01:00,444.92,363.38
2024-01-03T23:30:31+01:00,499.23,423.52
2024-01-03T23:32:57+01:00,484.65,381.85
2024-01-03T23:35:23+01:00,468.98,386.27
2024-01-03T23:37:49+01:00,430.0,353.3
2024-01-03T23:40:15+01:00,466.8,364.1
2024-01-03T23:42:41+01:00,437.42,353.88
2024-01-03T23:45:08+01:00,418.52,333.35
2024-01-03T23:47:34+01:00,446.5,363.67
2024-01-03T23:50:00+01:00,466.15,377.17
2024-01-03T23:52:27+01:00,438.33,340.73
2024-01-03T23:54:54+01:00,520.17,377.23
2024-01-03T23:57:20+01:00,498.55,366.23
2024-01-03T23:59:46+01:00,497.0,367.95
2024-01-04T00:02:12+01:00,448.08,326.48
2024-01-04T00:04:38+01:00,427.5,318.4
2024-01-04T00:07:05+01:00,403.3,295.98
2024-01-04T00:09:31+01:00,369.8,261.33
2024-01-04T00:11:57+01:00,340.73,250.15
2024-01-04T00:14:24+01:00,323.48,238.7
2024-01-04T00:16:50+01:00,340.15,248.38
2024-01-04T00:19:16+01:00,378.77,270.4
2024-01-04T00:21:42+01:00,393.23,279.33
2024-01-04T00:24:08+01:00,371.02,264.8
2024-01-04T00:26:34+01:00,407.42,297.02
2024-01-04T00:29:00+01:00,354.77,250.2
2024-01-04T00:31:26+01:00,357.7,258.98
2024-01-04T00:33:52+01:00,376.6,274.88
2024-01-04T00:36:19+01:00,399.02,287.05
2024-01-04T00:38:45+01:00,437.3,331.6
2024-01-04T00:41:15+01:00,385.77,278.48
2024-01-04T00:43:41+01:00,385.33,276.33
2024-01-04T00:46:08+01:00,422.88,301.67
2024-01-04T00:48:35+01:00,382.48,275.95
2024-01-04T00:51:01+01:00,400.3,287.63
2024-01-04T00:53:28+01:00,403.88,288.1
2024-01-04T00:55:54+01:00,398.27,287.7
2024-01-04T00:58:20+01:00,414.27,308.75
2024-01-04T01:00:46+01:00,416.5,305.65
2024-01-04T01:03:12+01:00,387.23,283.02
2024-01-04T01:05:38+01:00,402.67,292.98
2024-01-04T01:08:04+01:00,440.8,321.6
2024-01-04T01:10:30+01:00,369.0,266.25
2024-01-04T01:12:56+01:00,392.4,283.5
2024-01-04T01:15:22+01:00,446.25,328.35
2024-01-04T01:17:48+01:00,350.35,249.77
2024-01-04T01:20:14+01:00,398.8,289.15
2024-01-04T01:22:40+01:00,380.95,275.83
2024-01-04T01:25:07+01:00,461.55,336.4
2024-01-04T01:27:34+01:00,385.63,279.9
2024-01-04T01:30:01+01:00,473.27,338.83
2024-01-04T01:32:27+01:00,441.77,324.4
2024-01-04T01:34:53+01:00,380.58,275.98
2024-01-04T01:37:19+01:00,396.0,270.9
2024-01-04T01:39:46+01:00,396.0,277.7
2024-01-04T01:42:12+01:00,490.33,278.75
2024-01-04T01:44:38+01:00,478.52,295.8
2024-01-04T01:47:04+01:00,517.83,301.77
2024-01-04T01:49:30+01:00,530.4,310.13
2024-01-04T01:51:57+01:00,609.25,347.9
2024-01-04T01:54:23+01:00,598.42,347.33
2024-01-04T01:56:49+01:00,569.88,324.1
2024-01-04T01:59:15+01:00,643.38,345.05
2024-01-04T02:01:41+01:00,508.45,297.55
2024-01-04T02:04:07+01:00,487.0,282.73
2024-01-04T02:06:33+01:00,433.02,261.98
2024-01-04T02:08:59+01:00,500.27,282.13
2024-01-04T02:11:25+01:00,416.45,266.05
2024-01-04T02:13:52+01:00,538.25,298.58
2024-01-04T02:16:18+01:00,513.03,286.67
2024-01-04T02:18:44+01:00,629.05,335.3
2024-01-04T02:21:10+01:00,997.7,387.6
2024-01-04T02:23:36+01:00,756.2,375.3
2024-01-04T02:26:02+01:00,498.02,315.63
2024-01-04T02:28:28+01:00,862.63,386.92
2024-01-04T02:30:55+01:00,760.13,352.92
2024-01-04T02:33:21+01:00,530.83,284.65
2024-01-04T02:35:47+01:00,414.77,233.55
2024-01-04T02:38:13+01:00,380.6,239.18
2024-01-04T02:40:39+01:00,380.48,227.43
2024-01-04T02:43:06+01:00,371.0,206.8
2024-01-04T02:45:32+01:00,408.65,219.73
2024-01-04T02:47:58+01:00,386.52,221.68
2024-01-04T02:50:24+01:00,504.1,253.48
2024-01-04T02:52:51+01:00,374.7,211.38
2024-01-04T02:55:17+01:00,389.48,203.57
2024-01-04T02:57:44+01:00,822.92,290.9
2024-01-04T03:00:10+01:00,556.75,282.83
2024-01-04T03:02:37+01:00,390.65,227.27
2024-01-04T03:05:03+01:00,387.48,221.32
2024-01-04T03:07:29+01:00,352.38,207.18
2024-01-04T03:09:56+01:00,429.02,231.93
2024-01-04T03:12:22+01:00,476.38,249.0
2024-01-04T03:14:48+01:00,492.52,250.82
2024-01-04T03:17:18+01:00,604.08,296.75
2024-01-04T03:19:44+01:00,562.75,286.38
2024-01-04T03:22:11+01:00,451.88,265.63
2024-01-04T03:24:37+01:00,404.05,239.32
2024-01-04T03:27:03+01:00,434.13,243.9
2024-01-04T03:29:29+01:00,499.13,263.67
2024-01-04T03:31:55+01:00,356.88,199.8
2024-01-04T03:34:22+01:00,371.02,199.45
2024-01-04T03:36:48+01:00,419.7,216.4
2024-01-04T03:39:14+01:00,434.33,221.4
2024-01-04T03:41:40+01:00,616.42,271.48
2024-01-04T03:44:06+01:00,378.17,194.7
2024-01-04T03:46:32+01:00,478.35,224.35
2024-01-04T03:48:58+01:00,412.05,198.15
2024-01-04T03:51:24+01:00,287.17,153.1
2024-01-04T03:53:50+01:00,301.15,139.0
2024-01-04T03:56:16+01:00,372.13,179.48
2024-01-04T03:58:42+01:00,349.52,155.93
2024-01-04T04:01:20+01:00,321.7,157.02
2024-01-04T04:03:50+01:00,478.67,213.85
2024-01-04T04:06:22+01:00,343.02,154.0
2024-01-04T04:08:49+01:00,305.63,160.98
2024-01-04T04:11:15+01:00,335.45,157.25
2024-01-04T04:13:41+01:00,364.85,166.43
2024-01-04T04:16:07+01:00,358.38,177.1
2024-01-04T04:18:33+01:00,334.45,172.27
2024-01-04T04:21:04+01:00,345.05,166.05
2024-01-04T04:23:30+01:00,485.7,211.63
2024-01-04T04:25:56+01:00,330.5,164.5
2024-01-04T04:28:22+01:00,413.52,199.02
2024-01-04T04:30:48+01:00,296.27,175.23
2024-01-04T04:33:14+01:00,310.08,177.05
2024-01-04T04:35:40+01:00,491.02,223.85
2024-01-04T04:38:06+01:00,296.9,159.27
2024-01-04T04:40:32+01:00,376.35,186.82
2024-01-04T04:42:58+01:00,312.48,176.25
2024-01-04T04:45:24+01:00,576.45,227.23
2024-01-04T04:47:51+01:00,558.58,232.18
2024-01-04T04:50:17+01:00,448.83,211.02
2024-01-04T04:52:43+01:00,307.1,178.07
2024-01-04T04:55:09+01:00,372.73,193.75
2024-01-04T04:57:35+01:00,608.03,241.5
2024-01-04T05:00:02+01:00,284.77,170.1
2024-01-04T05:02:28+01:00,620.4,247.23
2024-01-04T05:04:54+01:00,676.88,254.63
2024-01-04T05:07:22+01:00,471.77,215.82
2024-01-04T05:09:48+01:00,763.45,251.55
2024-01-04T05:12:14+01:00,925.63,285.05
2024-01-04T05:14:42+01:00,369.38,184.13
2024-01-04T05:17:09+01:00,391.35,204.48
2024-01-04T05:19:35+01:00,507.2,232.55
2024-01-04T05:22:01+01:00,552.63,230.7
2024-01-04T05:24:27+01:00,346.6,186.38
2024-01-04T05:26:55+01:00,687.08,299.45
2024-01-04T05:29:21+01:00,497.85,233.98
2024-01-04T05:31:48+01:00,446.35,220.0
2024-01-04T05:34:14+01:00,360.92,198.4
2024-01-04T05:36:40+01:00,339.6,184.02
2024-01-04T05:39:06+01:00,463.9,218.95
2024-01-04T05:41:34+01:00,331.0,159.23
2024-01-04T05:44:00+01:00,630.13,294.13
2024-01-04T05:46:26+01:00,422.83,188.15
2024-01-04T05:48:52+01:00,360.65,171.6
2024-01-04T05:51:20+01:00,413.65,177.88
2024-01-04T05:53:48+01:00,371.42,153.88
2024-01-04T05:56:14+01:00,350.13,153.15
2024-01-04T05:58:40+01:00,361.27,156.57
2024-01-04T06:01:06+01:00,807.4,232.82
2024-01-04T06:03:33+01:00,493.13,195.18
2024-01-04T06:05:59+01:00,409.33,170.52
2024-01-04T06:08:25+01:00,297.55,160.55
2024-01-04T06:10:51+01:00,395.73,164.82
2024-01-04T06:13:17+01:00,424.7,181.68
2024-01-04T06:15:44+01:00,410.73,172.57
2024-01-04T06:18:10+01:00,453.73,187.25
2024-01-04T06:20:36+01:00,390.25,175.05
2024-01-04T06:23:02+01:00,441.65,187.82
2024-01-04T06:25:28+01:00,315.3,161.43
2024-01-04T06:27:54+01:00,352.15,160.55
2024-01-04T06:30:20+01:00,379.7,162.77
2024-01-04T06:32:46+01:00,494.7,184.0
2024-01-04T06:35:12+01:00,324.25,148.15
2024-01-04T06:37:38+01:00,387.67,161.5
2024-01-04T06:40:05+01:00,649.08,201.07
2024-01-04T06:42:31+01:00,444.13,173.73
2024-01-04T06:44:58+01:00,507.83,179.68
2024-01-04T06:47:24+01:00,836.72,224.98
2024-01-04T06:49:50+01:00,353.88,167.4
2024-01-04T06:52:16+01:00,382.0,247.0
2024-01-04T06:54:42+01:00,315.42,142.38
2024-01-04T06:57:08+01:00,286.1,139.8
2024-01-04T06:59:34+01:00,298.73,159.15
2024-01-04T07:02:00+01:00,354.05,148.8
2024-01-04T07:04:26+01:00,577.53,184.15
2024-01-04T07:06:52+01:00,333.1,163.48
2024-01-04T07:09:18+01:00,304.83,134.68
2024-01-04T07:11:47+01:00,284.88,128.05
2024-01-04T07:14:13+01:00,314.4,125.7
2024-01-04T07:16:39+01:00,292.48,127.2
2024-01-04T07:19:05+01:00,271.73,143.75
2024-01-04T07:21:31+01:00,254.1,129.88
2024-01-04T07:23:58+01:00,268.27,125.18
2024-01-04T07:26:24+01:00,259.65,128.18
2024-01-04T07:28:50+01:00,249.77,127.55
2024-01-04T07:31:16+01:00,324.88,145.88
2024-01-04T07:33:42+01:00,423.83,172.8
2024-01-04T07:36:08+01:00,452.45,182.07
2024-01-04T07:38:34+01:00,344.5,155.23
2024-01-04T07:41:01+01:00,330.6,148.6
2024-01-04T07:43:29+01:00,397.6,163.38
2024-01-04T07:45:56+01:00,477.63,177.6
2024-01-04T07:48:22+01:00,263.25,137.38
2024-01-04T07:50:48+01:00,304.5,142.52
2024-01-04T07:53:14+01:00,446.4,179.63
2024-01-04T07:55:41+01:00,300.3,170.2
2024-01-04T07:58:07+01:00,337.75,158.5
2024-01-04T08:00:36+01:00,278.63,140.48
2024-01-04T08:03:03+01:00,391.9,155.35
2024-01-04T08:05:29+01:00,447.23,167.6
2024-01-04T08:07:58+01:00,443.7,163.15
2024-01-04T08:10:24+01:00,497.45,173.7
2024-01-04T08:12:50+01:00,445.48,161.77
2024-01-04T08:15:16+01:00,983.13,243.85
2024-01-04T08:17:42+01:00,362.02,148.77
2024-01-04T08:20:08+01:00,333.05,149.93
2024-01-04T08:22:35+01:00,502.6,182.15
2024-01-04T08:25:01+01:00,439.75,157.63
2024-01-04T08:27:27+01:00,527.83,182.2
2024-01-04T08:29:54+01:00,543.9,185.0
2024-01-04T08:32:20+01:00,413.45,153.18
2024-01-04T08:34:47+01:00,529.15,184.43
2024-01-04T08:37:13+01:00,492.0,179.77
2024-01-04T08:39:40+01:00,483.3,177.65
2024-01-04T08:42:06+01:00,484.02,187.95
2024-01-04T08:44:32+01:00,468.83,187.27
2024-01-04T08:46:58+01:00,570.85,194.32
2024-01-04T08:49:24+01:00,464.92,179.5
2024-01-04T08:51:51+01:00,589.75,213.73
2024-01-04T08:54:17+01:00,347.25,162.18
2024-01-04T08:56:43+01:00,560.9,220.85
2024-01-04T08:59:09+01:00,382.67,171.43
2024-01-04T09:01:35+01:00,300.88,155.98
2024-01-04T09:04:02+01:00,348.3,140.02
2024-01-04T09:06:31+01:00,371.73,157.4
2024-01-04T09:08:57+01:00,369.6,147.3
2024-01-04T09:11:23+01:00,311.2,141.45
2024-01-04T09:13:50+01:00,271.33,133.07
2024-01-04T09:16:17+01:00,258.85,113.82
2024-01-04T09:18:44+01:00,242.23,117.65
2024-01-04T09:21:10+01:00,238.35,122.4
2024-01-04T09:23:42+01:00,268.55,124.55
2024-01-04T09:26:08+01:00,292.83,124.25
2024-01-04T09:28:36+01:00,238.35,128.95
2024-01-04T09:31:02+01:00,351.2,142.73
2024-01-04T09:33:28+01:00,319.27,148.15
2024-01-04T09:35:55+01:00,391.92,133.68
2024-01-04T09:38:21+01:00,342.17,128.95
2024-01-04T09:40:47+01:00,374.75,133.07
2024-01-04T09:43:13+01:00,343.2,138.02
2024-01-04T09:45:39+01:00,292.95,136.57
2024-01-04T09:48:05+01:00,321.92,132.68
2024-01-04T09:50:31+01:00,330.45,178.65
2024-01-04T09:52:57+01:00,328.75,153.65
2024-01-04T09:55:23+01:00,347.13,199.38
2024-01-04T09:57:49+01:00,269.77,150.85
2024-01-04T10:00:15+01:00,256.8,145.0
2024-01-04T10:02:42+01:00,271.3,134.27
2024-01-04T10:05:10+01:00,295.77,138.6
2024-01-04T10:07:37+01:00,275.4,135.5
2024-01-04T10:10:03+01:00,294.92,140.57
2024-01-04T10:12:30+01:00,319.65,142.38
2024-01-04T10:14:56+01:00,315.52,141.18
2024-01-04T10:17:22+01:00,340.38,147.88
2024-01-04T10:19:48+01:00,273.0,147.88
2024-01-04T10:22:17+01:00,282.88,140.43
2024-01-04T10:24:43+01:00,285.9,139.3
2024-01-04T10:27:13+01:00,304.42,148.4
2024-01-04T10:29:39+01:00,302.8,158.27
2024-01-04T10:32:06+01:00,288.33,142.05
2024-01-04T10:34:32+01:00,245.52,139.82
2024-01-04T10:36:59+01:00,234.77,132.45
2024-01-04T10:39:26+01:00,271.77,135.15
2024-01-04T10:41:52+01:00,269.23,143.13
2024-01-04T10:44:18+01:00,295.1,146.93
2024-01-04T10:46:44+01:00,246.82,138.4
2024-01-04T10:49:11+01:00,255.85,136.7
2024-01-04T10:51:39+01:00,250.35,130.85
2024-01-04T10:54:06+01:00,254.73,129.95
2024-01-04T10:56:35+01:00,241.95,128.1
2024-01-04T10:59:02+01:00,237.18,129.63
2024-01-04T11:01:30+01:00,241.23,130.77
2024-01-04T11:04:00+01:00,277.33,137.7
2024-01-04T11:06:30+01:00,290.23,145.7
2024-01-04T11:09:10+01:00,280.08,147.98
2024-01-04T11:14:15+01:00,263.67,142.25
2024-01-04T11:16:41+01:00,275.98,141.82
2024-01-04T11:19:08+01:00,304.48,148.7
2024-01-04T11:21:34+01:00,299.8,149.6
2024-01-04T11:24:00+01:00,263.58,142.65
2024-01-04T11:26:27+01:00,258.15,140.6
2024-01-04T11:28:54+01:00,265.3,144.02
2024-01-04T11:31:20+01:00,261.95,143.05
2024-01-04T11:33:47+01:00,216.2,125.0
2024-01-04T11:36:20+01:00,195.17,115.4
2024-01-04T11:38:47+01:00,189.88,117.05
2024-01-04T11:41:16+01:00,193.68,112.38
2024-01-04T11:43:48+01:00,194.13,116.9
2024-01-04T11:46:14+01:00,191.98,115.03
2024-01-04T11:48:40+01:00,205.35,119.0
2024-01-04T11:51:06+01:00,193.3,118.95
2024-01-04T11:53:36+01:00,196.43,117.03
2024-01-04T11:56:02+01:00,190.7,120.25
2024-01-04T11:58:32+01:00,190.35,117.0
2024-01-04T12:00:59+01:00,191.95,114.95
2024-01-04T12:03:27+01:00,242.07,139.93
2024-01-04T12:05:55+01:00,189.05,112.97
2024-01-04T12:08:23+01:00,184.6,108.45
2024-01-04T12:10:50+01:00,196.32,114.47
2024-01-04T12:13:18+01:00,213.65,119.35
2024-01-04T12:15:44+01:00,203.88,117.22
2024-01-04T12:18:18+01:00,210.18,120.75
2024-01-04T12:26:02+01:00,193.27,117.88
2024-01-04T12:28:32+01:00,203.85,120.65
2024-01-04T12:30:58+01:00,201.3,122.88
2024-01-04T12:33:28+01:00,216.55,123.18
2024-01-04T12:35:54+01:00,193.7,117.8
2024-01-04T12:38:24+01:00,206.5,127.15
2024-01-04T12:40:50+01:00,200.4,120.55
2024-01-04T12:43:17+01:00,182.63,115.57
2024-01-04T12:45:43+01:00,172.1,110.57
2024-01-04T12:48:10+01:00,159.82,103.55
2024-01-04T12:50:44+01:00,163.18,104.2
2024-01-04T12:53:12+01:00,156.32,102.18
2024-01-04T12:55:39+01:00,146.45,92.68
2024-01-04T12:58:09+01:00,138.65,87.65
2024-01-04T13:00:35+01:00,133.6,84.2
2024-01-04T13:03:02+01:00,121.47,78.25
2024-01-04T13:05:40+01:00,121.53,81.93
2024-01-04T13:08:07+01:00,110.38,73.05
2024-01-04T13:10:33+01:00,112.28,75.38
2024-01-04T13:12:59+01:00,102.2,69.53
2024-01-04T13:15:25+01:00,99.13,67.03
2024-01-04T13:17:51+01:00,104.93,68.95
2024-01-04T13:20:17+01:00,98.05,65.22
2024-01-04T13:22:43+01:00,96.65,66.6
2024-01-04T13:25:09+01:00,99.63,69.43
2024-01-04T13:27:36+01:00,102.0,68.1
2024-01-04T13:30:05+01:00,103.45,72.13
2024-01-04T13:32:32+01:00,99.75,68.57
2024-01-04T13:34:58+01:00,105.38,70.55
2024-01-04T13:37:27+01:00,96.2,63.7
2024-01-04T13:40:03+01:00,87.07,59.58
2024-01-04T13:42:30+01:00,99.35,66.07
2024-01-04T13:44:57+01:00,87.78,58.83
2024-01-04T13:47:23+01:00,96.82,65.05
2024-01-04T13:49:53+01:00,106.15,68.38
2024-01-04T13:52:20+01:00,94.1,63.88
2024-01-04T13:54:46+01:00,92.1,59.2
2024-01-04T13:57:12+01:00,93.28,63.6
2024-01-04T13:59:39+01:00,95.82,66.1
2024-01-04T14:02:07+01:00,104.68,72.18
2024-01-04T14:04:33+01:00,99.6,68.53
2024-01-04T14:07:00+01:00,98.72,68.3
2024-01-04T14:09:26+01:00,98.28,65.0
2024-01-04T14:11:52+01:00,79.3,55.83
2024-01-04T14:14:18+01:00,78.0,53.85
2024-01-04T14:16:44+01:00,63.28,46.3
2024-01-04T14:19:12+01:00,60.5,39.9
2024-01-04T14:21:40+01:00,42.08,29.55
2024-01-04T14:24:06+01:00,56.33,40.65
2024-01-04T14:26:32+01:00,35.28,22.9
2024-01-04T14:28:58+01:00,49.6,34.58
2024-01-04T14:31:25+01:00,51.05,35.13
2024-01-04T14:33:51+01:00,49.38,33.38
2024-01-04T14:36:17+01:00,43.95,30.73
2024-01-04T14:38:44+01:00,39.0,25.77
2024-01-04T14:41:10+01:00,34.9,24.98
2024-01-04T14:43:36+01:00,35.35,23.92
2024-01-04T14:46:02+01:00,35.83,24.95
2024-01-04T14:48:28+01:00,53.45,35.0
2024-01-04T14:50:56+01:00,54.42,37.8
2024-01-04T14:53:23+01:00,61.45,43.83
2024-01-04T14:55:49+01:00,70.43,49.45
2024-01-04T14:58:15+01:00,73.57,50.47
2024-01-04T15:00:44+01:00,68.75,47.25
2024-01-04T15:03:13+01:00,71.22,49.0
2024-01-04T15:05:39+01:00,78.65,52.22
2024-01-04T15:08:06+01:00,84.97,56.35
2024-01-04T15:10:32+01:00,81.85,54.85
2024-01-04T15:12:58+01:00,84.63,55.13
2024-01-04T15:15:24+01:00,81.35,56.0
2024-01-04T15:17:50+01:00,76.68,54.55
2024-01-04T15:20:17+01:00,75.07,53.85
2024-01-04T15:22:45+01:00,75.05,54.7
2024-01-04T15:25:11+01:00,79.15,58.65
2024-01-04T15:27:37+01:00,74.97,55.85
2024-01-04T15:30:04+01:00,72.7,55.85
2024-01-04T15:32:30+01:00,81.28,58.2
2024-01-04T15:34:57+01:00,62.72,43.38
2024-01-04T15:37:26+01:00,44.85,32.85
2024-01-04T15:39:52+01:00,51.53,33.58
2024-01-04T15:42:18+01:00,55.15,37.8
2024-01-04T15:44:44+01:00,72.72,51.3
2024-01-04T15:47:10+01:00,82.18,52.92
2024-01-04T15:49:36+01:00,62.9,43.67
2024-01-04T15:52:04+01:00,64.38,42.45
2024-01-04T15:54:30+01:00,62.9,43.05
2024-01-04T15:56:56+01:00,59.9,39.3
2024-01-04T15:59:24+01:00,39.97,25.92
2024-01-04T16:01:50+01:00,6.72,3.88
2024-01-04T16:04:16+01:00,2.75,1.5
2024-01-04T16:06:42+01:00,2.85,1.27
2024-01-04T16:09:08+01:00,2.17,1.4
2024-01-04T16:11:34+01:00,2.83,1.4
2024-01-04T16:14:00+01:00,4.15,1.15
2024-01-04T16:16:26+01:00,2.03,1.1
2024-01-04T16:18:53+01:00,1.63,1.0
2024-01-04T16:21:19+01:00,1.6,1.4
2024-01-04T16:23:46+01:00,8.55,4.13
2024-01-04T16:26:12+01:00,50.58,25.23
2024-01-04T16:28:38+01:00,3.2,1.45
2024-01-04T16:31:04+01:00,3.03,1.1
2024-01-04T16:33:30+01:00,1.67,1.38
2024-01-04T16:35:57+01:00,2.72,1.8
2024-01-04T16:38:24+01:00,3.8,1.73
2024-01-04T16:40:50+01:00,8.4,5.32
2024-01-04T16:43:16+01:00,16.98,9.38
2024-01-04T16:45:42+01:00,3.95,2.42
2024-01-04T16:48:12+01:00,2.4,1.1
2024-01-04T16:50:38+01:00,6.45,1.92
2024-01-04T16:53:04+01:00,2.35,1.6
2024-01-04T16:55:30+01:00,2.63,1.65
2024-01-04T16:57:56+01:00,3.92,1.6
2024-01-04T17:00:23+01:00,1.77,1.5
2024-01-04T17:02:49+01:00,2.0,1.3
2024-01-04T17:05:16+01:00,3.47,1.9
2024-01-04T17:07:43+01:00,6.85,2.7
2024-01-04T17:10:11+01:00,11.0,4.55
2024-01-04T17:12:38+01:00,5.78,3.9
2024-01-04T17:15:05+01:00,9.43,4.85
2024-01-04T17:17:31+01:00,6.07,4.13
2024-01-04T17:20:00+01:00,6.05,3.9
2024-01-04T17:22:27+01:00,4.43,3.5
2024-01-04T17:24:53+01:00,6.38,4.7
2024-01-04T17:27:19+01:00,12.95,7.13
2024-01-04T17:29:45+01:00,9.75,5.9
2024-01-04T17:32:13+01:00,9.0,5.93
2024-01-04T17:34:39+01:00,7.25,5.57
2024-01-04T17:37:05+01:00,6.25,4.38
2024-01-04T17:39:31+01:00,7.03,5.15
2024-01-04T17:42:13+01:00,10.75,5.57
2024-01-04T17:44:39+01:00,10.13,6.68
2024-01-04T17:47:05+01:00,20.0,13.25
2024-01-04T17:49:32+01:00,25.55,14.0
2024-01-04T17:51:58+01:00,29.98,16.45
2024-01-04T17:54:24+01:00,30.15,16.75
2024-01-04T17:56:50+01:00,31.85,18.3
2024-01-04T17:59:17+01:00,36.45,24.2
2024-01-04T18:01:43+01:00,28.25,17.2
2024-01-04T18:04:09+01:00,38.85,26.85
2024-01-04T18:06:35+01:00,29.52,18.83
2024-01-04T18:09:01+01:00,14.38,11.3
2024-01-04T18:11:27+01:00,16.2,14.57
2024-01-04T18:13:53+01:00,11.02,8.1
2024-01-04T18:16:19+01:00,40.55,33.3
2024-01-04T18:18:46+01:00,34.15,24.95
2024-01-04T18:21:12+01:00,41.53,26.73
2024-01-04T18:23:39+01:00,30.75,21.8
2024-01-04T18:26:05+01:00,46.6,30.38
2024-01-04T18:28:32+01:00,43.9,32.9
2024-01-04T18:30:58+01:00,30.88,20.98
2024-01-04T18:33:24+01:00,32.13,24.23
2024-01-04T18:35:50+01:00,32.7,24.45
2024-01-04T18:38:18+01:00,20.77,14.8
2024-01-04T18:40:44+01:00,20.58,15.0
2024-01-04T18:43:10+01:00,11.55,8.6
2024-01-04T18:45:37+01:00,16.23,11.35
2024-01-04T18:48:03+01:00,9.27,7.47
2024-01-04T18:50:29+01:00,9.65,6.55
2024-01-04T18:52:57+01:00,9.68,8.23
2024-01-04T18:55:23+01:00,15.07,10.68
2024-01-04T18:57:49+01:00,15.02,10.2
2024-01-04T19:00:15+01:00,27.05,18.63
2024-01-04T19:02:42+01:00,39.53,24.35
2024-01-04T19:05:08+01:00,14.48,10.02
2024-01-04T19:07:34+01:00,19.65,13.57
2024-01-04T19:10:00+01:00,30.63,20.95
2024-01-04T19:12:26+01:00,18.2,12.7
2024-01-04T19:14:52+01:00,18.2,12.48
2024-01-04T19:17:18+01:00,10.6,7.75
2024-01-04T19:19:44+01:00,17.58,13.5
2024-01-04T19:22:11+01:00,16.42,11.9
2024-01-04T19:24:37+01:00,17.65,13.05
2024-01-04T19:27:03+01:00,20.52,18.05
2024-01-04T19:29:29+01:00,22.08,15.5
2024-01-04T19:31:55+01:00,22.58,16.48
2024-01-04T19:34:22+01:00,19.38,15.63
2024-01-04T19:36:48+01:00,25.05,19.5
2024-01-04T19:39:14+01:00,31.2,24.8
2024-01-04T19:41:40+01:00,26.33,19.25
2024-01-04T19:44:07+01:00,39.08,35.17
2024-01-04T19:46:33+01:00,32.72,25.48
2024-01-04T19:49:00+01:00,48.83,34.08
2024-01-04T19:51:26+01:00,65.3,46.5
2024-01-04T19:53:52+01:00,79.1,56.4
2024-01-04T19:56:19+01:00,60.13,46.05
2024-01-04T19:58:45+01:00,24.08,18.3
2024-01-04T20:01:11+01:00,18.3,12.93
2024-01-04T20:03:37+01:00,12.3,8.23
2024-01-04T20:06:04+01:00,13.98,9.93
2024-01-04T20:08:31+01:00,14.57,11.38
2024-01-04T20:10:57+01:00,15.4,10.5
2024-01-04T20:13:23+01:00,15.98,11.43
2024-01-04T20:15:51+01:00,24.63,17.73
2024-01-04T20:18:18+01:00,26.17,18.15
2024-01-04T20:20:44+01:00,28.27,22.42
2024-01-04T20:23:10+01:00,30.13,21.0
2024-01-04T20:25:36+01:00,44.75,30.48
2024-01-04T20:28:02+01:00,54.17,46.67
2024-01-04T20:30:28+01:00,43.67,30.65
2024-01-04T20:32:54+01:00,41.05,29.05
2024-01-04T20:35:20+01:00,67.72,50.38
2024-01-04T20:37:46+01:00,63.3,45.92
2024-01-04T20:40:12+01:00,56.1,48.42
2024-01-04T20:42:39+01:00,48.53,35.55
2024-01-04T20:45:05+01:00,48.72,36.03
2024-01-04T20:47:31+01:00,52.67,38.92
2024-01-04T20:49:58+01:00,55.63,45.85
2024-01-04T20:52:25+01:00,58.0,42.15
2024-01-04T20:54:52+01:00,66.8,47.08
2024-01-04T20:57:18+01:00,72.07,53.35
2024-01-04T20:59:44+01:00,63.85,48.05
2024-01-04T21:02:11+01:00,66.57,51.33
2024-01-04T21:04:37+01:00,63.0,50.72
2024-01-04T21:07:03+01:00,59.5,48.33
2024-01-04T21:09:33+01:00,63.1,51.88
2024-01-04T21:11:59+01:00,76.35,62.42
2024-01-04T21:14:26+01:00,75.05,61.55
2024-01-04T21:16:52+01:00,75.78,59.6
2024-01-04T21:19:18+01:00,79.53,62.33
2024-01-04T21:21:44+01:00,89.07,72.3
2024-01-04T21:24:11+01:00,77.4,60.95
2024-01-04T21:26:40+01:00,62.3,49.45
2024-01-04T21:29:06+01:00,57.63,45.58
2024-01-04T21:31:32+01:00,51.2,41.28
2024-01-04T21:33:59+01:00,50.1,37.08
2024-01-04T21:36:25+01:00,69.3,53.08
2024-01-04T21:38:51+01:00,89.75,66.8
2024-01-04T21:41:18+01:00,98.65,72.35
2024-01-04T21:43:44+01:00,110.22,74.03
2024-01-04T21:46:10+01:00,104.78,72.07
2024-01-04T21:48:36+01:00,69.5,47.5
2024-01-04T21:51:03+01:00,62.42,46.22
2024-01-04T21:53:29+01:00,51.13,37.05
2024-01-04T21:55:55+01:00,78.43,53.47
2024-01-04T21:58:21+01:00,75.55,52.15
2024-01-04T22:00:48+01:00,65.13,48.4
2024-01-04T22:03:14+01:00,49.17,39.17
2024-01-04T22:05:45+01:00,52.17,41.7
2024-01-04T22:08:12+01:00,56.97,46.7
2024-01-04T22:10:39+01:00,63.08,51.1
2024-01-04T22:13:05+01:00,62.53,53.25
2024-01-04T22:15:32+01:00,63.7,52.35
2024-01-04T22:17:58+01:00,55.65,48.8
2024-01-04T22:20:27+01:00,62.22,48.67
2024-01-04T22:22:53+01:00,56.22,48.88
2024-01-04T22:25:19+01:00,55.63,48.2
2024-01-04T22:27:45+01:00,58.03,47.58
2024-01-04T22:30:11+01:00,52.97,46.47
2024-01-04T22:32:37+01:00,55.7,46.17
2024-01-04T22:35:04+01:00,60.88,49.8
2024-01-04T22:37:30+01:00,81.2,62.92
2024-01-04T22:39:56+01:00,124.95,96.75
2024-01-04T22:42:22+01:00,165.2,129.48
2024-01-04T22:44:48+01:00,186.68,144.7
2024-01-04T22:47:14+01:00,143.38,110.65
2024-01-04T22:49:40+01:00,128.48,97.47
2024-01-04T22:52:07+01:00,139.55,106.43
2024-01-04T22:54:33+01:00,141.23,106.4
2024-01-04T22:56:59+01:00,147.0,108.72
2024-01-04T22:59:25+01:00,159.15,122.28
2024-01-04T23:01:52+01:00,160.65,129.13
2024-01-04T23:04:18+01:00,201.95,178.25
2024-01-04T23:06:44+01:00,140.07,111.93
2024-01-04T23:09:10+01:00,136.52,108.78
2024-01-04T23:11:39+01:00,155.68,120.07
2024-01-04T23:14:05+01:00,129.55,101.78
2024-01-04T23:16:35+01:00,122.82,97.18
2024-01-04T23:19:02+01:00,130.25,101.45
2024-01-04T23:21:28+01:00,175.8,145.8
2024-01-04T23:23:54+01:00,246.45,217.05
2024-01-04T23:26:20+01:00,179.13,152.35
2024-01-04T23:28:46+01:00,162.68,128.95
2024-01-04T23:31:12+01:00,168.43,130.98
2024-01-04T23:33:39+01:00,203.98,159.88
2024-01-04T23:36:06+01:00,228.57,183.3
2024-01-04T23:38:32+01:00,145.48,115.03
2024-01-04T23:41:00+01:00,122.25,95.68
2024-01-04T23:43:26+01:00,132.95,110.57
2024-01-04T23:45:52+01:00,91.35,73.32
2024-01-04T23:48:18+01:00,101.4,79.03
2024-01-04T23:50:44+01:00,116.6,93.28
2024-01-04T23:53:10+01:00,118.53,96.53
2024-01-04T23:55:36+01:00,102.1,85.53
2024-01-04T23:58:02+01:00,131.88,110.97
2024-01-05T00:00:28+01:00,100.05,83.9
2024-01-05T00:02:57+01:00,92.38,72.57
2024-01-05T00:05:24+01:00,97.5,76.25
2024-01-05T00:07:50+01:00,85.53,70.05
2024-01-05T00:10:16+01:00,85.65,71.65
2024-01-05T00:12:42+01:00,88.38,70.0
2024-01-05T00:15:08+01:00,82.25,66.3
2024-01-05T00:17:34+01:00,88.75,72.78
2024-01-05T00:20:02+01:00,85.65,66.65
2024-01-05T00:22:31+01:00,62.55,48.85
2024-01-05T00:24:57+01:00,54.53,44.6
2024-01-05T00:27:23+01:00,92.47,78.88
2024-01-05T00:29:49+01:00,68.07,57.65
2024-01-05T00:32:15+01:00,53.25,44.28
2024-01-05T00:34:41+01:00,50.75,42.8
2024-01-05T00:37:08+01:00,49.03,39.4
2024-01-05T00:39:34+01:00,43.95,36.33
2024-01-05T00:42:00+01:00,47.22,35.58
2024-01-05T00:44:26+01:00,39.9,31.73
2024-01-05T00:46:52+01:00,40.67,32.2
2024-01-05T00:49:18+01:00,43.7,35.55
2024-01-05T00:51:44+01:00,37.65,31.1
2024-01-05T00:54:11+01:00,38.0,30.77
2024-01-05T00:56:37+01:00,38.7,32.0
2024-01-05T00:59:04+01:00,36.03,28.27
2024-01-05T01:01:30+01:00,42.8,31.75
2024-01-05T01:03:57+01:00,37.83,32.95
2024-01-05T01:06:23+01:00,40.7,33.05
2024-01-05T01:08:49+01:00,51.05,39.22
2024-01-05T01:11:16+01:00,44.78,32.03
2024-01-05T01:13:42+01:00,45.15,31.83
2024-01-05T01:16:15+01:00,45.05,32.33
2024-01-05T01:18:41+01:00,45.22,31.73
2024-01-05T01:21:07+01:00,80.82,47.97
2024-01-05T01:23:33+01:00,69.78,42.83
2024-01-05T01:26:02+01:00,56.05,34.97
2024-01-05T01:28:28+01:00,59.97,36.83
2024-01-05T01:30:54+01:00,85.1,53.28
2024-01-05T01:33:20+01:00,74.75,51.58
2024-01-05T01:35:46+01:00,79.13,51.55
2024-01-05T01:38:13+01:00,72.75,49.63
2024-01-05T01:40:39+01:00,65.18,50.05
2024-01-05T01:43:05+01:00,58.33,43.63
2024-01-05T01:45:31+01:00,79.45,59.72
2024-01-05T01:47:57+01:00,99.35,68.95
2024-01-05T01:50:23+01:00,73.53,54.78
2024-01-05T01:52:49+01:00,99.3,72.47
2024-01-05T01:55:15+01:00,68.7,48.3
2024-01-05T01:57:41+01:00,159.95,96.9
2024-01-05T02:00:07+01:00,84.38,58.45
2024-01-05T02:02:34+01:00,86.7,57.35
2024-01-05T02:05:02+01:00,77.85,52.88
2024-01-05T02:07:29+01:00,86.57,59.78
2024-01-05T02:09:55+01:00,90.7,58.65
2024-01-05T02:12:21+01:00,106.3,65.65
2024-01-05T02:14:47+01:00,97.13,60.58
2024-01-05T02:17:13+01:00,106.72,71.43
2024-01-05T02:19:39+01:00,120.95,70.55
2024-01-05T02:22:05+01:00,83.68,55.08
2024-01-05T02:24:31+01:00,86.7,57.13
2024-01-05T02:26:57+01:00,102.78,62.1
2024-01-05T02:29:23+01:00,99.4,56.58
2024-01-05T02:31:50+01:00,111.6,70.22
2024-01-05T02:34:16+01:00,94.45,57.47
2024-01-05T02:36:42+01:00,73.32,48.05
2024-01-05T02:39:09+01:00,74.18,50.8
2024-01-05T02:41:36+01:00,66.95,45.92
2024-01-05T02:44:02+01:00,64.85,43.55
2024-01-05T02:46:29+01:00,52.85,40.13
2024-01-05T02:48:56+01:00,66.88,48.42
2024-01-05T02:51:23+01:00,59.25,44.17
2024-01-05T02:53:49+01:00,60.22,41.28
2024-01-05T02:56:17+01:00,69.88,50.17
2024-01-05T02:58:43+01:00,69.07,48.85
2024-01-05T03:01:09+01:00,58.83,43.33
2024-01-05T03:03:35+01:00,79.38,56.45
2024-01-05T03:06:01+01:00,66.32,48.3
2024-01-05T03:08:27+01:00,267.25,167.45
2024-01-05T03:10:54+01:00,89.22,57.8
2024-01-05T03:13:20+01:00,286.48,211.18
2024-01-05T03:15:46+01:00,158.2,75.93
2024-01-05T03:18:13+01:00,124.93,64.57
2024-01-05T03:20:39+01:00,235.73,194.02
2024-01-05T03:23:11+01:00,283.1,235.38
2024-01-05T03:25:39+01:00,471.3,303.48
2024-01-05T03:28:05+01:00,354.73,265.98
2024-01-05T03:30:31+01:00,421.5,311.55
2024-01-05T03:32:57+01:00,562.55,315.65
2024-01-05T03:35:23+01:00,364.25,243.38
2024-01-05T03:37:49+01:00,174.0,140.7
2024-01-05T03:40:15+01:00,334.25,275.27
2024-01-05T03:42:41+01:00,183.52,151.5
2024-01-05T03:45:08+01:00,180.4,135.27
2024-01-05T03:47:34+01:00,343.17,261.95
2024-01-05T03:50:00+01:00,426.67,309.67
2024-01-05T03:52:26+01:00,419.17,299.6
2024-01-05T03:54:52+01:00,442.02,325.6
2024-01-05T03:57:18+01:00,511.83,368.88
2024-01-05T03:59:44+01:00,209.25,158.68
2024-01-05T04:02:10+01:00,248.13,170.32
2024-01-05T04:04:36+01:00,361.8,260.58
2024-01-05T04:07:02+01:00,410.08,299.35
2024-01-05T04:09:28+01:00,392.5,291.02
2024-01-05T04:11:54+01:00,479.67,357.95
2024-01-05T04:14:20+01:00,631.03,466.75
2024-01-05T04:16:46+01:00,708.05,500.13
2024-01-05T04:19:12+01:00,599.28,461.2
2024-01-05T04:21:38+01:00,561.67,428.6
2024-01-05T04:24:04+01:00,619.47,462.75
2024-01-05T04:26:31+01:00,637.1,448.3
2024-01-05T04:28:57+01:00,668.05,455.85
2024-01-05T04:31:23+01:00,538.83,408.8
2024-01-05T04:33:50+01:00,581.97,418.5
2024-01-05T04:36:17+01:00,529.28,398.02
2024-01-05T04:38:43+01:00,820.28,417.42
2024-01-05T04:41:09+01:00,882.9,502.8
2024-01-05T04:43:38+01:00,619.0,370.58
2024-01-05T04:46:08+01:00,450.85,309.85
2024-01-05T04:48:34+01:00,369.98,238.27
2024-01-05T04:51:00+01:00,287.98,184.1
2024-01-05T04:53:27+01:00,373.67,258.98
2024-01-05T04:55:53+01:00,328.02,233.38
2024-01-05T04:58:22+01:00,377.9,255.63
2024-01-05T05:00:48+01:00,337.7,229.43
2024-01-05T05:03:14+01:00,317.1,205.4
2024-01-05T05:05:42+01:00,351.8,231.95
2024-01-05T05:08:08+01:00,330.35,217.88
2024-01-05T05:10:35+01:00,306.15,202.23
2024-01-05T05:13:01+01:00,276.65,187.1
2024-01-05T05:15:28+01:00,244.73,165.82
2024-01-05T05:17:55+01:00,178.05,119.0
2024-01-05T05:20:21+01:00,152.2,110.47
2024-01-05T05:22:48+01:00,87.38,60.45
2024-01-05T05:25:14+01:00,96.15,64.82
2024-01-05T05:27:40+01:00,105.18,74.85
2024-01-05T05:30:06+01:00,44.63,28.85
2024-01-05T05:32:32+01:00,46.0,25.98
2024-01-05T05:34:58+01:00,122.95,83.32
2024-01-05T05:37:24+01:00,215.07,130.95
2024-01-05T05:39:50+01:00,149.15,98.32
2024-01-05T05:42:16+01:00,152.93,99.03
2024-01-05T05:44:42+01:00,110.85,70.7
2024-01-05T05:47:08+01:00,26.92,12.52
2024-01-05T05:49:34+01:00,36.92,16.67
2024-01-05T05:52:00+01:00,40.13,22.4
2024-01-05T05:54:27+01:00,50.5,20.38
2024-01-05T05:56:53+01:00,91.55,51.63
2024-01-05T05:59:22+01:00,158.27,54.5
2024-01-05T06:01:48+01:00,180.32,51.8
2024-01-05T06:04:14+01:00,103.82,46.47
2024-01-05T06:06:42+01:00,285.67,50.53
2024-01-05T06:09:09+01:00,58.38,17.77
2024-01-05T06:11:35+01:00,171.6,57.3
2024-01-05T06:14:01+01:00,283.95,81.82
2024-01-05T06:16:27+01:00,376.23,99.5
2024-01-05T06:18:53+01:00,442.67,127.8
2024-01-05T06:21:19+01:00,394.13,137.93
2024-01-05T06:23:45+01:00,414.25,147.95
2024-01-05T06:26:11+01:00,301.0,107.57
2024-01-05T06:28:37+01:00,161.8,63.28
2024-01-05T06:31:03+01:00,28.2,13.48
2024-01-05T06:33:29+01:00,44.5,9.73
2024-01-05T06:35:55+01:00,177.55,54.88
2024-01-05T06:38:21+01:00,211.45,57.97
2024-01-05T06:40:48+01:00,251.15,62.15
2024-01-05T06:43:14+01:00,213.6,62.97
2024-01-05T06:45:40+01:00,211.5,70.03
2024-01-05T06:48:06+01:00,175.48,65.6
2024-01-05T06:50:32+01:00,195.68,62.97
2024-01-05T06:52:58+01:00,172.3,61.42
2024-01-05T06:55:24+01:00,147.55,64.13
2024-01-05T06:57:50+01:00,149.27,57.75
2024-01-05T07:00:16+01:00,165.7,59.67
2024-01-05T07:02:42+01:00,137.23,58.83
2024-01-05T07:05:08+01:00,136.8,58.97
2024-01-05T07:07:34+01:00,122.82,57.72
2024-01-05T07:10:00+01:00,129.95,60.47
2024-01-05T07:12:27+01:00,132.93,61.0
2024-01-05T07:14:53+01:00,137.5,58.65
2024-01-05T07:17:19+01:00,119.22,58.25
2024-01-05T07:19:45+01:00,111.43,54.42
2024-01-05T07:22:11+01:00,105.93,53.58
2024-01-05T07:24:38+01:00,114.63,56.33
2024-01-05T07:27:04+01:00,107.15,56.0
2024-01-05T07:29:30+01:00,121.38,58.9
2024-01-05T07:31:56+01:00,141.18,62.17
2024-01-05T07:34:22+01:00,117.93,54.92
2024-01-05T07:36:48+01:00,147.68,55.65
2024-01-05T07:39:14+01:00,158.38,54.35
2024-01-05T07:41:40+01:00,155.7,51.85
2024-01-05T07:44:06+01:00,153.35,51.88
2024-01-05T07:46:32+01:00,149.27,52.3
2024-01-05T07:48:58+01:00,133.73,56.22
2024-01-05T07:51:25+01:00,128.05,58.0
2024-01-05T07:53:55+01:00,196.2,73.57
2024-01-05T07:56:22+01:00,163.52,65.93
2024-01-05T07:58:48+01:00,185.2,63.8
2024-01-05T08:01:14+01:00,190.18,57.13
2024-01-05T08:03:42+01:00,184.75,65.3
2024-01-05T08:06:08+01:00,173.6,67.93
2024-01-05T08:08:36+01:00,134.95,55.0
2024-01-05T08:11:02+01:00,171.02,53.33
2024-01-05T08:13:30+01:00,180.15,74.13
2024-01-05T08:15:56+01:00,328.88,108.05
2024-01-05T08:18:22+01:00,226.43,107.82
2024-01-05T08:20:48+01:00,282.23,89.8
2024-01-05T08:23:18+01:00,272.65,80.25
2024-01-05T08:25:45+01:00,170.93,63.25
2024-01-05T08:28:12+01:00,154.02,62.67
2024-01-05T08:30:38+01:00,146.48,59.4
2024-01-05T08:33:04+01:00,174.38,58.22
2024-01-05T08:35:30+01:00,153.5,50.6
2024-01-05T08:37:56+01:00,173.1,60.88
2024-01-05T08:40:23+01:00,128.0,51.5
2024-01-05T08:42:49+01:00,143.18,57.7
2024-01-05T08:45:15+01:00,174.6,61.13
2024-01-05T08:47:42+01:00,162.3,57.7
2024-01-05T08:50:09+01:00,165.2,61.35
2024-01-05T08:52:39+01:00,143.02,60.97
2024-01-05T08:55:08+01:00,143.48,60.72
2024-01-05T08:57:35+01:00,174.9,62.13
2024-01-05T09:00:01+01:00,203.07,59.7
2024-01-05T09:02:27+01:00,190.95,54.88
2024-01-05T09:04:53+01:00,190.13,85.05
2024-01-05T09:07:19+01:00,209.02,65.68
2024-01-05T09:09:45+01:00,247.82,99.35
2024-01-05T09:12:18+01:00,209.8,60.3
2024-01-05T09:14:44+01:00,260.6,134.52
2024-01-05T09:17:11+01:00,317.27,183.77
2024-01-05T09:19:38+01:00,646.17,227.65
2024-01-05T09:22:04+01:00,270.9,133.82
2024-01-05T09:24:30+01:00,208.63,105.63
2024-01-05T09:26:56+01:00,277.2,142.1
2024-01-05T09:29:22+01:00,262.95,100.57
2024-01-05T09:31:48+01:00,293.88,109.85
2024-01-05T09:34:15+01:00,256.48,100.18
2024-01-05T09:36:42+01:00,293.38,111.5
2024-01-05T09:39:08+01:00,1094.72,227.38
2024-01-05T09:41:34+01:00,335.58,119.5
2024-01-05T09:44:00+01:00,1315.7,244.52
2024-01-05T09:46:26+01:00,911.1,211.15
2024-01-05T09:48:53+01:00,1051.85,217.15
2024-01-05T09:51:19+01:00,735.95,169.3
2024-01-05T09:53:46+01:00,920.92,206.15
2024-01-05T09:56:12+01:00,1017.25,210.88
2024-01-05T09:58:38+01:00,900.75,189.45
2024-01-05T10:01:04+01:00,681.55,161.48
2024-01-05T10:03:31+01:00,275.05,99.85
2024-01-05T10:05:57+01:00,299.6,102.5
2024-01-05T10:08:23+01:00,281.05,104.1
2024-01-05T10:10:50+01:00,956.33,189.25
2024-01-05T10:13:16+01:00,405.85,111.07
2024-01-05T10:15:42+01:00,338.25,106.15
2024-01-05T10:18:08+01:00,339.45,114.28
2024-01-05T10:20:34+01:00,435.35,113.7
2024-01-05T10:23:00+01:00,561.83,132.73
2024-01-05T10:25:26+01:00,293.48,131.38
2024-01-05T10:27:52+01:00,470.3,127.1
2024-01-05T10:30:18+01:00,264.6,102.15
2024-01-05T10:32:44+01:00,346.77,189.52
2024-01-05T10:35:10+01:00,326.73,170.18
2024-01-05T10:37:36+01:00,351.95,164.82
2024-01-05T10:40:02+01:00,317.27,168.38
2024-01-05T10:42:29+01:00,555.78,178.57
2024-01-05T10:44:55+01:00,299.42,138.38
2024-01-05T10:47:21+01:00,305.77,140.1
2024-01-05T10:49:50+01:00,321.88,147.75
2024-01-05T10:52:18+01:00,345.6,188.27
2024-01-05T10:54:46+01:00,447.15,179.73
2024-01-05T10:57:15+01:00,401.08,169.3
2024-01-05T10:59:43+01:00,311.67,154.1
2024-01-05T11:02:15+01:00,304.25,140.63
2024-01-05T11:04:44+01:00,247.85,126.07
2024-01-05T11:07:10+01:00,282.3,131.88
2024-01-05T11:09:47+01:00,463.13,187.93
2024-01-05T11:12:14+01:00,436.9,172.6
2024-01-05T11:14:40+01:00,429.17,174.8
2024-01-05T11:17:09+01:00,446.75,183.57
2024-01-05T11:19:36+01:00,341.27,151.6
2024-01-05T11:22:11+01:00,281.6,132.82
2024-01-05T11:24:37+01:00,257.17,126.43
2024-01-05T11:29:31+01:00,264.2,124.9
2024-01-05T11:32:13+01:00,259.42,122.4
2024-01-05T11:34:49+01:00,265.73,123.13
2024-01-05T11:37:17+01:00,237.45,112.75
2024-01-05T11:39:46+01:00,235.57,112.78
2024-01-05T11:44:51+01:00,221.6,106.0
2024-01-05T11:47:24+01:00,215.23,103.88
2024-01-05T11:49:56+01:00,212.65,109.75
2024-01-05T11:52:24+01:00,220.9,108.38
2024-01-05T11:54:53+01:00,197.93,103.43
2024-01-05T11:57:23+01:00,221.75,107.95
2024-01-05T11:59:51+01:00,170.3,94.28
2024-01-05T12:02:21+01:00,151.23,85.13
2024-01-05T12:05:12+01:00,149.98,81.22
2024-01-05T12:07:39+01:00,193.1,92.35
2024-01-05T12:10:31+01:00,118.68,69.93
2024-01-05T12:15:49+01:00,180.32,96.15
2024-01-05T12:21:24+01:00,173.0,94.57
2024-01-05T12:23:49+01:00,219.85,107.82
2024-01-05T12:26:31+01:00,230.6,107.07
2024-01-05T12:28:59+01:00,208.52,112.05
2024-01-05T12:41:59+01:00,155.65,90.6
2024-01-05T12:44:32+01:00,198.63,101.8
2024-01-05T12:47:01+01:00,159.48,92.72
2024-01-05T12:49:37+01:00,318.88,113.85
2024-01-05T12:52:04+01:00,239.95,120.65
2024-01-05T12:54:31+01:00,324.65,129.63
2024-01-05T12:57:01+01:00,198.73,105.97
2024-01-05T12:59:28+01:00,194.57,106.05
2024-01-05T13:01:54+01:00,251.5,116.18
2024-01-05T13:04:20+01:00,308.05,126.15
2024-01-05T13:06:50+01:00,263.33,122.45
2024-01-05T13:09:17+01:00,220.5,114.68
2024-01-05T13:11:47+01:00,305.52,127.7
2024-01-05T13:14:26+01:00,238.13,117.93
2024-01-05T13:16:52+01:00,274.17,113.57
2024-01-05T13:19:21+01:00,256.23,115.93
2024-01-05T13:22:08+01:00,262.8,114.85
2024-01-05T13:24:34+01:00,409.35,127.57
2024-01-05T13:27:01+01:00,310.83,122.97
2024-01-05T13:29:27+01:00,358.08,131.45
2024-01-05T13:31:53+01:00,368.38,131.77
2024-01-05T13:34:19+01:00,243.43,116.75
2024-01-05T13:36:48+01:00,227.43,115.63
2024-01-05T13:39:15+01:00,217.48,110.88
2024-01-05T13:41:41+01:00,402.85,140.55
2024-01-05T13:44:11+01:00,447.38,150.1
2024-01-05T13:46:40+01:00,291.65,131.45
2024-01-05T13:49:17+01:00,309.33,135.32
2024-01-05T13:51:46+01:00,251.05,121.9
2024-01-05T13:54:23+01:00,248.13,123.3
2024-01-05T13:56:50+01:00,256.77,122.0
2024-01-05T14:01:57+01:00,221.75,109.88
2024-01-05T14:04:27+01:00,240.1,125.0
2024-01-05T14:06:54+01:00,215.63,114.22
2024-01-05T14:09:20+01:00,251.98,135.77
2024-01-05T14:11:53+01:00,274.85,111.88
2024-01-05T14:14:20+01:00,203.27,101.6
2024-01-05T14:16:46+01:00,191.65,99.5
2024-01-05T14:19:13+01:00,195.8,100.18
2024-01-05T14:21:39+01:00,189.05,97.28
2024-01-05T14:24:05+01:00,199.73,100.57
2024-01-05T14:26:31+01:00,265.95,112.15
2024-01-05T14:28:57+01:00,284.77,112.9
2024-01-05T14:31:23+01:00,258.65,113.8
2024-01-05T14:33:50+01:00,318.77,122.32
2024-01-05T14:36:16+01:00,312.92,122.07
2024-01-05T14:38:42+01:00,331.2,127.75
2024-01-05T14:41:08+01:00,272.7,121.72
2024-01-05T14:43:34+01:00,261.02,124.32
2024-01-05T14:46:04+01:00,277.77,131.35
2024-01-05T14:48:31+01:00,250.48,118.63
2024-01-05T14:50:57+01:00,286.8,123.22
2024-01-05T14:53:23+01:00,279.23,121.47
2024-01-05T14:55:49+01:00,284.95,124.53
2024-01-05T14:58:15+01:00,286.42,123.55
2024-01-05T15:00:41+01:00,298.63,120.43
2024-01-05T15:03:08+01:00,306.55,121.68
2024-01-05T15:05:34+01:00,277.42,119.0
2024-01-05T15:08:00+01:00,295.45,123.85
2024-01-05T15:10:26+01:00,256.13,116.3
2024-01-05T15:12:52+01:00,248.57,115.35
2024-01-05T15:15:19+01:00,284.05,122.05
2024-01-05T15:17:45+01:00,230.82,108.85
2024-01-05T15:20:11+01:00,206.13,105.85
2024-01-05T15:22:37+01:00,244.1,112.9
2024-01-05T15:25:03+01:00,233.23,112.13
2024-01-05T15:27:29+01:00,192.65,101.1
2024-01-05T15:29:55+01:00,233.4,121.2
2024-01-05T15:32:21+01:00,201.4,108.13
2024-01-05T15:34:47+01:00,185.4,97.53
2024-01-05T15:37:14+01:00,213.13,103.38
2024-01-05T15:39:40+01:00,252.65,117.88
2024-01-05T15:42:07+01:00,198.8,100.4
2024-01-05T15:44:33+01:00,202.0,97.63
2024-01-05T15:47:00+01:00,268.33,127.78
2024-01-05T15:49:26+01:00,213.6,105.25
2024-01-05T15:51:52+01:00,208.85,101.4
2024-01-05T15:54:21+01:00,213.5,99.88
2024-01-05T15:56:47+01:00,220.2,102.93
2024-01-05T15:59:13+01:00,241.32,111.4
2024-01-05T16:01:39+01:00,250.85,109.72
2024-01-05T16:04:05+01:00,279.73,114.22
2024-01-05T16:06:31+01:00,280.3,113.95
2024-01-05T16:08:57+01:00,252.23,111.85
2024-01-05T16:11:23+01:00,251.43,112.57
2024-01-05T16:13:49+01:00,278.63,115.22
2024-01-05T16:16:15+01:00,284.25,116.53
2024-01-05T16:18:41+01:00,254.77,121.95
2024-01-05T16:21:07+01:00,305.9,132.68
2024-01-05T16:23:33+01:00,298.52,147.3
2024-01-05T16:26:00+01:00,301.45,128.63
2024-01-05T16:28:26+01:00,261.05,128.63
2024-01-05T16:30:53+01:00,314.7,128.73
2024-01-05T16:33:19+01:00,290.33,118.03
2024-01-05T16:35:45+01:00,363.3,176.15
2024-01-05T16:38:12+01:00,438.15,229.9
2024-01-05T16:40:38+01:00,390.45,208.8
2024-01-05T16:43:04+01:00,413.33,206.73
2024-01-05T16:45:30+01:00,395.27,194.68
2024-01-05T16:47:57+01:00,349.02,169.18
2024-01-05T16:50:23+01:00,391.6,203.38
2024-01-05T16:52:50+01:00,352.55,183.38
2024-01-05T16:55:16+01:00,354.52,197.05
2024-01-05T16:57:44+01:00,346.3,203.45
2024-01-05T17:00:11+01:00,359.67,206.2
2024-01-05T17:02:38+01:00,393.9,227.85
2024-01-05T17:05:04+01:00,412.4,256.27
2024-01-05T17:07:30+01:00,440.25,258.88
2024-01-05T17:09:56+01:00,438.77,259.45
2024-01-05T17:12:22+01:00,479.1,315.27
2024-01-05T17:14:48+01:00,412.3,243.0
2024-01-05T17:17:14+01:00,428.33,269.15
2024-01-05T17:19:41+01:00,439.85,285.63
2024-01-05T17:22:07+01:00,433.6,275.7
2024-01-05T17:24:33+01:00,415.4,253.15
2024-01-05T17:26:59+01:00,433.75,265.13
2024-01-05T17:29:25+01:00,439.48,248.9
2024-01-05T17:31:51+01:00,431.55,243.27
2024-01-05T17:34:17+01:00,524.2,287.1
2024-01-05T17:36:43+01:00,489.83,266.33
2024-01-05T17:39:09+01:00,431.88,227.13
2024-01-05T17:41:36+01:00,488.85,226.7
2024-01-05T17:44:02+01:00,504.58,224.95
2024-01-05T17:46:28+01:00,503.0,231.45
2024-01-05T17:48:55+01:00,503.42,247.05
2024-01-05T17:51:21+01:00,477.73,242.75
2024-01-05T17:53:47+01:00,509.65,288.48
2024-01-05T17:56:18+01:00,548.22,276.85
2024-01-05T17:58:56+01:00,454.8,242.98
2024-01-05T18:01:22+01:00,509.9,268.5
2024-01-05T18:03:49+01:00,638.55,308.08
2024-01-05T18:06:16+01:00,528.47,273.77
2024-01-05T18:08:43+01:00,471.9,220.48
2024-01-05T18:11:09+01:00,416.42,207.18
2024-01-05T18:13:35+01:00,417.63,207.68
2024-01-05T18:16:01+01:00,504.8,239.35
2024-01-05T18:18:27+01:00,397.9,204.18
2024-01-05T18:20:53+01:00,474.27,233.38
2024-01-05T18:23:19+01:00,489.48,253.5
2024-01-05T18:25:45+01:00,511.9,272.27
2024-01-05T18:28:11+01:00,517.55,287.67
2024-01-05T18:30:37+01:00,581.95,307.38
2024-01-05T18:33:04+01:00,588.05,325.6
2024-01-05T18:35:30+01:00,555.1,309.48
2024-01-05T18:37:56+01:00,522.0,300.05
2024-01-05T18:40:22+01:00,524.03,291.38
2024-01-05T18:42:49+01:00,483.48,275.13
2024-01-05T18:45:15+01:00,498.77,276.1
2024-01-05T18:47:41+01:00,477.4,261.77
2024-01-05T18:50:08+01:00,554.65,277.0
2024-01-05T18:52:35+01:00,584.78,269.65
2024-01-05T18:55:01+01:00,527.47,257.23
2024-01-05T18:57:27+01:00,472.83,242.43
2024-01-05T18:59:53+01:00,492.17,244.25
2024-01-05T19:02:19+01:00,496.45,252.6
2024-01-05T19:04:45+01:00,458.13,239.13
2024-01-05T19:07:11+01:00,473.08,248.55
2024-01-05T19:09:37+01:00,706.72,301.52
2024-01-05T19:12:03+01:00,465.45,240.68
2024-01-05T19:14:30+01:00,583.28,271.48
2024-01-05T19:16:57+01:00,462.27,239.82
2024-01-05T19:19:23+01:00,978.83,320.55
2024-01-05T19:21:49+01:00,1078.93,344.2
2024-01-05T19:24:16+01:00,1739.82,391.92
2024-01-05T19:26:43+01:00,568.03,275.85
2024-01-05T19:29:09+01:00,590.08,280.33
2024-01-05T19:31:36+01:00,573.22,248.38
2024-01-05T19:34:03+01:00,518.9,245.45
2024-01-05T19:36:30+01:00,485.55,240.35
2024-01-05T19:38:56+01:00,485.42,245.43
2024-01-05T19:41:23+01:00,1236.68,341.45
2024-01-05T19:43:51+01:00,1611.72,375.95
2024-01-05T19:46:17+01:00,1377.07,369.13
2024-01-05T19:48:44+01:00,543.17,260.7
2024-01-05T19:51:10+01:00,551.9,244.88
2024-01-05T19:53:37+01:00,519.25,255.3
2024-01-05T19:56:03+01:00,558.08,271.75
2024-01-05T19:58:29+01:00,606.28,279.77
2024-01-05T20:00:55+01:00,525.25,266.4
2024-01-05T20:03:22+01:00,568.3,277.98
2024-01-05T20:05:48+01:00,494.7,265.48
2024-01-05T20:08:15+01:00,629.38,295.13
2024-01-05T20:10:41+01:00,672.45,310.05
2024-01-05T20:13:07+01:00,531.63,265.5
2024-01-05T20:15:34+01:00,508.75,268.77
2024-01-05T20:18:00+01:00,1885.45,432.9
2024-01-05T20:20:26+01:00,624.42,302.17
2024-01-05T20:22:52+01:00,1570.38,382.9
2024-01-05T20:25:19+01:00,943.4,359.6
2024-01-05T20:27:45+01:00,516.25,268.33
2024-01-05T20:30:11+01:00,564.33,275.55
2024-01-05T20:32:37+01:00,675.55,331.52
2024-01-05T20:35:04+01:00,1522.35,397.73
2024-01-05T20:37:32+01:00,611.58,295.52
2024-01-05T20:39:59+01:00,1198.75,389.55
2024-01-05T20:42:25+01:00,1007.4,376.52
2024-01-05T20:44:54+01:00,951.53,401.17
2024-01-05T20:47:20+01:00,720.35,355.27
2024-01-05T20:49:47+01:00,745.83,426.23
2024-01-05T20:52:13+01:00,1553.75,561.03
2024-01-05T20:54:39+01:00,1771.05,478.38
2024-01-05T20:57:06+01:00,1133.5,430.85
2024-01-05T20:59:32+01:00,1999.9,479.17
2024-01-05T21:01:58+01:00,599.15,324.35
2024-01-05T21:04:24+01:00,1119.0,407.9
2024-01-05T21:06:53+01:00,1191.13,448.45
2024-01-05T21:09:19+01:00,739.47,376.0
2024-01-05T21:11:46+01:00,1076.03,419.67
2024-01-05T21:14:12+01:00,1062.6,418.45
2024-01-05T21:16:39+01:00,686.25,351.67
2024-01-05T21:19:06+01:00,540.05,300.6
2024-01-05T21:21:32+01:00,640.95,322.83
2024-01-05T21:23:59+01:00,589.9,301.27
2024-01-05T21:26:29+01:00,707.33,353.67
2024-01-05T21:28:55+01:00,875.65,366.92
2024-01-05T21:31:23+01:00,1060.35,403.35
2024-01-05T21:33:49+01:00,1820.3,469.02
2024-01-05T21:36:16+01:00,601.92,333.83
2024-01-05T21:38:43+01:00,555.58,289.7
2024-01-05T21:41:09+01:00,648.9,311.42
2024-01-05T21:43:36+01:00,671.85,317.88
2024-01-05T21:46:02+01:00,568.47,304.67
2024-01-05T21:48:28+01:00,701.83,318.33
2024-01-05T21:50:54+01:00,725.75,323.13
2024-01-05T21:53:20+01:00,665.13,327.7
2024-01-05T21:55:46+01:00,707.7,340.88
2024-01-05T21:58:18+01:00,749.97,329.08
2024-01-05T22:00:44+01:00,658.05,334.1
2024-01-05T22:03:12+01:00,668.85,340.6
2024-01-05T22:05:39+01:00,660.5,333.92
2024-01-05T22:08:05+01:00,708.17,346.7
2024-01-05T22:10:32+01:00,667.63,337.63
2024-01-05T22:12:58+01:00,576.13,349.05
2024-01-05T22:15:24+01:00,674.08,360.7
2024-01-05T22:17:50+01:00,661.1,359.23
2024-01-05T22:20:16+01:00,739.0,372.88
2024-01-05T22:22:43+01:00,1546.2,503.0
2024-01-05T22:25:09+01:00,1184.45,427.2
2024-01-05T22:27:35+01:00,690.6,392.75
2024-01-05T22:30:02+01:00,1590.43,485.45
2024-01-05T22:32:30+01:00,1618.68,518.92
2024-01-05T22:34:56+01:00,1744.45,535.7
2024-01-05T22:37:22+01:00,1905.6,558.4
2024-01-05T22:39:48+01:00,1999.9,606.67
2024-01-05T22:42:14+01:00,1130.1,469.5
2024-01-05T22:44:42+01:00,1999.9,618.3
2024-01-05T22:47:08+01:00,1999.9,612.85
2024-01-05T22:49:34+01:00,1999.9,584.03
2024-01-05T22:52:02+01:00,1999.9,578.58
2024-01-05T22:54:28+01:00,1999.9,566.65
2024-01-05T22:56:55+01:00,1927.03,510.17
2024-01-05T22:59:22+01:00,1845.45,507.9
2024-01-05T23:01:48+01:00,1999.9,563.7
2024-01-05T23:04:15+01:00,1563.22,500.3
2024-01-05T23:06:41+01:00,1999.9,525.1
2024-01-05T23:09:07+01:00,1488.6,483.48
2024-01-05T23:11:38+01:00,1865.93,486.98
2024-01-05T23:14:05+01:00,1667.05,473.85
2024-01-05T23:16:31+01:00,1999.9,516.25
2024-01-05T23:18:57+01:00,1563.3,483.08
2024-01-05T23:21:23+01:00,1634.97,532.38
2024-01-05T23:23:49+01:00,1728.28,529.9
2024-01-05T23:26:19+01:00,1999.9,579.67
2024-01-05T23:28:46+01:00,1999.9,573.45
2024-01-05T23:31:12+01:00,1408.7,522.58
2024-01-05T23:33:38+01:00,1578.15,558.67
2024-01-05T23:36:08+01:00,1533.75,539.97
2024-01-05T23:38:35+01:00,1256.97,519.92
2024-01-05T23:41:07+01:00,857.45,462.63
2024-01-05T23:43:33+01:00,1046.25,484.88
2024-01-05T23:46:06+01:00,1097.68,481.08
2024-01-05T23:48:33+01:00,962.08,456.45
2024-01-05T23:50:59+01:00,1097.32,474.7
2024-01-05T23:53:25+01:00,1523.38,526.75
2024-01-05T23:55:51+01:00,583.67,344.98
2024-01-05T23:58:18+01:00,608.2,350.7
2024-01-06T00:00:44+01:00,612.78,356.65
2024-01-06T00:03:12+01:00,569.1,342.88
2024-01-06T00:05:39+01:00,632.6,371.27
2024-01-06T00:08:05+01:00,664.95,393.2
2024-01-06T00:10:31+01:00,661.03,395.25
2024-01-06T00:13:01+01:00,660.35,420.98
2024-01-06T00:15:27+01:00,895.47,541.9
2024-01-06T00:17:53+01:00,1066.0,622.67
2024-01-06T00:20:19+01:00,1406.32,679.55
2024-01-06T00:22:45+01:00,1097.38,601.83
2024-01-06T00:25:11+01:00,1045.9,574.17
2024-01-06T00:27:37+01:00,994.92,579.53
2024-01-06T00:30:04+01:00,1012.08,599.92
2024-01-06T00:32:30+01:00,950.22,566.92
2024-01-06T00:34:56+01:00,1105.93,611.47
2024-01-06T00:37:22+01:00,965.3,606.58
2024-01-06T00:39:49+01:00,1050.0,645.6
2024-01-06T00:42:15+01:00,1322.2,669.2
2024-01-06T00:44:41+01:00,1195.55,606.25
2024-01-06T00:47:07+01:00,1289.5,594.65
2024-01-06T00:49:33+01:00,1999.9,637.22
2024-01-06T00:51:59+01:00,1464.88,565.58
2024-01-06T00:54:25+01:00,1999.9,641.7
2024-01-06T00:56:51+01:00,1830.0,595.3
2024-01-06T00:59:17+01:00,930.65,517.15
2024-01-06T01:01:43+01:00,990.5,532.0
2024-01-06T01:04:09+01:00,918.47,479.38
2024-01-06T01:06:35+01:00,1208.6,532.0
2024-01-06T01:09:02+01:00,777.78,449.42
2024-01-06T01:11:28+01:00,871.72,483.92
2024-01-06T01:13:54+01:00,1188.55,535.25
2024-01-06T01:16:20+01:00,1200.47,520.28
2024-01-06T01:18:47+01:00,1911.53,593.33
2024-01-06T01:21:13+01:00,1999.9,626.4
2024-01-06T01:23:40+01:00,1725.8,580.08
2024-01-06T01:26:06+01:00,1633.6,568.38
2024-01-06T01:28:33+01:00,1726.6,591.83
2024-01-06T01:31:00+01:00,791.4,443.27
2024-01-06T01:33:26+01:00,917.72,492.1
2024-01-06T01:35:52+01:00,852.55,424.83
2024-01-06T01:38:20+01:00,1419.95,570.33
2024-01-06T01:40:46+01:00,1048.5,496.55
2024-01-06T01:43:12+01:00,1251.53,531.05
2024-01-06T01:45:38+01:00,954.15,489.15
2024-01-06T01:48:04+01:00,1111.9,521.4
2024-01-06T01:50:30+01:00,1009.88,491.08
2024-01-06T01:52:56+01:00,1077.82,506.52
2024-01-06T01:55:22+01:00,658.4,409.65
2024-01-06T01:57:49+01:00,742.35,406.67
2024-01-06T02:00:15+01:00,704.92,387.7
2024-01-06T02:02:41+01:00,874.05,435.58
2024-01-06T02:05:08+01:00,817.88,416.6
2024-01-06T02:07:34+01:00,728.53,403.23
2024-01-06T02:10:00+01:00,900.28,468.8
2024-01-06T02:12:26+01:00,976.9,476.17
2024-01-06T02:14:52+01:00,1079.25,491.8
2024-01-06T02:17:19+01:00,512.58,331.73
2024-01-06T02:19:45+01:00,539.7,356.98
2024-01-06T02:22:11+01:00,482.75,332.73
2024-01-06T02:24:37+01:00,451.6,311.95
2024-01-06T02:27:03+01:00,459.3,292.08
2024-01-06T02:29:30+01:00,512.1,318.5
2024-01-06T02:31:56+01:00,525.15,327.02
2024-01-06T02:34:22+01:00,667.8,366.42
2024-01-06T02:36:48+01:00,509.52,339.08
2024-01-06T02:39:14+01:00,874.38,444.5
2024-01-06T02:41:40+01:00,558.42,329.67
2024-01-06T02:44:06+01:00,595.2,349.27
2024-01-06T02:46:33+01:00,581.4,366.1
2024-01-06T02:49:00+01:00,540.7,349.02
2024-01-06T02:51:28+01:00,907.92,480.85
2024-01-06T02:53:54+01:00,587.3,353.9
2024-01-06T02:56:21+01:00,641.55,382.75
2024-01-06T02:58:47+01:00,747.2,400.75
2024-01-06T03:01:14+01:00,1170.18,531.78
2024-01-06T03:03:41+01:00,1824.28,578.22
2024-01-06T03:06:10+01:00,1023.13,513.38
2024-01-06T03:08:37+01:00,626.97,414.02
2024-01-06T03:11:04+01:00,780.17,456.13
2024-01-06T03:13:36+01:00,578.15,388.4
2024-01-06T03:16:03+01:00,676.1,404.98
2024-01-06T03:18:30+01:00,926.55,470.58
2024-01-06T03:20:57+01:00,866.9,470.17
2024-01-06T03:23:24+01:00,519.05,345.3
2024-01-06T03:25:50+01:00,487.6,340.33
2024-01-06T03:28:16+01:00,481.42,329.5
2024-01-06T03:30:42+01:00,553.78,340.58
2024-01-06T03:33:08+01:00,625.65,393.95
2024-01-06T03:35:35+01:00,566.47,366.1
2024-01-06T03:38:01+01:00,519.88,328.92
2024-01-06T03:40:27+01:00,600.42,364.65
2024-01-06T03:42:53+01:00,583.7,384.08
2024-01-06T03:45:19+01:00,518.1,327.7
2024-01-06T03:47:45+01:00,1050.9,472.8
2024-01-06T03:50:11+01:00,938.0,463.8
2024-01-06T03:52:37+01:00,680.05,398.0
2024-01-06T03:55:03+01:00,542.53,356.0
2024-01-06T03:57:30+01:00,549.83,354.75
2024-01-06T03:59:56+01:00,532.2,350.9
2024-01-06T04:02:22+01:00,476.92,303.33
2024-01-06T04:04:49+01:00,472.0,293.88
2024-01-06T04:07:15+01:00,518.47,319.17
2024-01-06T04:09:41+01:00,457.5,313.02
2024-01-06T04:12:07+01:00,536.97,355.88
2024-01-06T04:14:34+01:00,440.75,290.88
2024-01-06T04:17:00+01:00,470.92,308.13
2024-01-06T04:19:27+01:00,455.17,285.73
2024-01-06T04:21:53+01:00,543.63,334.17
2024-01-06T04:24:20+01:00,479.63,327.5
2024-01-06T04:26:46+01:00,567.3,368.3
2024-01-06T04:29:12+01:00,681.13,380.2
2024-01-06T04:31:41+01:00,452.92,307.38
2024-01-06T04:34:08+01:00,491.5,325.05
2024-01-06T04:36:36+01:00,410.3,277.48
2024-01-06T04:39:02+01:00,463.77,277.45
2024-01-06T04:41:28+01:00,456.95,274.1
2024-01-06T04:43:54+01:00,480.7,290.08
2024-01-06T04:46:20+01:00,493.85,270.48
2024-01-06T04:48:47+01:00,565.15,299.52
2024-01-06T04:51:13+01:00,559.83,297.6
2024-01-06T04:53:39+01:00,542.0,295.3
2024-01-06T04:56:05+01:00,641.47,314.23
2024-01-06T04:58:32+01:00,600.55,339.38
2024-01-06T05:00:58+01:00,734.97,386.7
2024-01-06T05:03:24+01:00,506.73,307.42
2024-01-06T05:05:50+01:00,536.42,324.75
2024-01-06T05:08:17+01:00,1063.45,463.25
2024-01-06T05:10:43+01:00,1266.22,493.52
2024-01-06T05:13:10+01:00,761.3,397.27
2024-01-06T05:15:36+01:00,1117.18,460.9
2024-01-06T05:18:03+01:00,1177.8,467.3
2024-01-06T05:20:29+01:00,564.67,313.38
2024-01-06T05:22:55+01:00,824.55,426.27
2024-01-06T05:25:21+01:00,487.35,315.63
2024-01-06T05:27:47+01:00,871.08,424.23
2024-01-06T05:30:15+01:00,1008.83,456.0
2024-01-06T05:32:41+01:00,540.08,325.13
2024-01-06T05:35:07+01:00,521.38,313.33
2024-01-06T05:37:34+01:00,510.55,303.65
2024-01-06T05:40:00+01:00,460.65,294.2
2024-01-06T05:42:26+01:00,999.6,445.73
2024-01-06T05:44:52+01:00,643.55,376.7
2024-01-06T05:47:18+01:00,450.73,295.1
2024-01-06T05:49:44+01:00,522.55,331.5
2024-01-06T05:52:11+01:00,837.38,428.42
2024-01-06T05:54:37+01:00,508.85,293.05
2024-01-06T05:57:03+01:00,498.0,316.83
2024-01-06T05:59:29+01:00,762.33,401.5
2024-01-06T06:01:55+01:00,624.75,360.33
2024-01-06T06:04:23+01:00,562.4,357.25
2024-01-06T06:06:50+01:00,753.95,402.4
2024-01-06T06:09:17+01:00,673.2,390.05
2024-01-06T06:11:43+01:00,562.35,350.67
2024-01-06T06:14:09+01:00,479.65,292.17
2024-01-06T06:16:35+01:00,527.05,335.45
2024-01-06T06:19:01+01:00,407.38,277.42
2024-01-06T06:21:28+01:00,445.15,296.45
2024-01-06T06:23:54+01:00,389.3,248.23
2024-01-06T06:26:20+01:00,377.02,244.98
2024-01-06T06:28:46+01:00,435.17,248.75
2024-01-06T06:31:12+01:00,824.4,418.88
2024-01-06T06:33:38+01:00,490.85,312.83
2024-01-06T06:36:04+01:00,502.52,301.2
2024-01-06T06:38:30+01:00,427.55,269.75
2024-01-06T06:40:56+01:00,423.67,246.88
2024-01-06T06:43:23+01:00,433.85,263.83
2024-01-06T06:45:49+01:00,484.38,278.6
2024-01-06T06:48:15+01:00,456.75,292.0
2024-01-06T06:50:42+01:00,569.92,336.45
2024-01-06T06:53:08+01:00,391.7,262.67
2024-01-06T06:55:35+01:00,717.55,405.27
2024-01-06T06:58:01+01:00,610.85,371.02
2024-01-06T07:00:27+01:00,1508.5,509.15
2024-01-06T07:02:56+01:00,450.33,310.83
2024-01-06T07:05:22+01:00,449.23,315.77
2024-01-06T07:07:48+01:00,488.45,326.27
2024-01-06T07:10:15+01:00,453.65,302.23
2024-01-06T07:12:43+01:00,385.5,264.48
2024-01-06T07:15:09+01:00,370.02,279.9
2024-01-06T07:17:35+01:00,402.98,287.27
2024-01-06T07:20:02+01:00,507.23,328.27
2024-01-06T07:22:28+01:00,391.98,269.48
2024-01-06T07:24:58+01:00,410.52,276.5
2024-01-06T07:27:24+01:00,517.67,348.7
2024-01-06T07:29:50+01:00,676.53,420.83
2024-01-06T07:32:16+01:00,806.85,402.42
2024-01-06T07:34:42+01:00,690.2,384.02
2024-01-06T07:37:08+01:00,388.05,272.95
2024-01-06T07:39:35+01:00,849.28,431.67
2024-01-06T07:42:01+01:00,915.35,440.95
2024-01-06T07:44:28+01:00,530.1,347.63
2024-01-06T07:46:57+01:00,395.2,278.65
2024-01-06T07:49:23+01:00,372.88,277.0
2024-01-06T07:51:49+01:00,362.2,261.73
2024-01-06T07:54:15+01:00,415.6,351.5
2024-01-06T07:56:44+01:00,405.98,339.75
2024-01-06T07:59:10+01:00,465.02,321.83
2024-01-06T08:01:37+01:00,594.78,357.2
2024-01-06T08:04:03+01:00,669.83,399.77
2024-01-06T08:06:29+01:00,548.92,381.17
2024-01-06T08:08:56+01:00,494.1,354.9
2024-01-06T08:11:22+01:00,600.15,400.73
2024-01-06T08:13:49+01:00,420.9,304.55
2024-01-06T08:16:15+01:00,384.35,292.23
2024-01-06T08:18:41+01:00,338.65,261.13
2024-01-06T08:21:07+01:00,259.05,208.2
2024-01-06T08:23:33+01:00,236.73,195.82
2024-01-06T08:26:00+01:00,264.58,211.07
2024-01-06T08:28:26+01:00,308.42,241.85
2024-01-06T08:30:52+01:00,230.23,194.2
2024-01-06T08:33:18+01:00,243.05,185.5
2024-01-06T08:35:46+01:00,226.8,175.3
2024-01-06T08:38:12+01:00,214.6,172.13
2024-01-06T08:40:38+01:00,214.3,173.8
2024-01-06T08:43:05+01:00,184.3,153.4
2024-01-06T08:45:31+01:00,200.0,161.13
2024-01-06T08:48:01+01:00,257.75,212.63
2024-01-06T08:50:27+01:00,179.85,145.93
2024-01-06T08:52:53+01:00,184.0,144.68
2024-01-06T08:55:19+01:00,145.98,117.43
2024-01-06T08:57:45+01:00,174.82,143.4
2024-01-06T09:00:12+01:00,157.85,128.2
2024-01-06T09:02:41+01:00,160.95,133.23
2024-01-06T09:05:07+01:00,169.32,138.93
2024-01-06T09:07:34+01:00,161.95,132.0
2024-01-06T09:10:00+01:00,156.57,124.68
2024-01-06T09:12:29+01:00,158.38,132.23
2024-01-06T09:14:56+01:00,192.18,157.0
2024-01-06T09:17:23+01:00,197.95,160.75
2024-01-06T09:19:49+01:00,210.2,166.32
2024-01-06T09:22:15+01:00,211.23,168.68
2024-01-06T09:24:41+01:00,172.3,133.02
2024-01-06T09:27:07+01:00,169.2,131.88
2024-01-06T09:29:34+01:00,153.15,123.03
2024-01-06T09:32:00+01:00,171.7,134.95
2024-01-06T09:34:26+01:00,143.52,118.6
2024-01-06T09:36:53+01:00,149.02,117.68
2024-01-06T09:39:19+01:00,163.98,130.15
2024-01-06T09:41:46+01:00,184.63,133.88
2024-01-06T09:44:13+01:00,181.4,132.3
2024-01-06T09:46:39+01:00,193.6,150.07
2024-01-06T09:49:05+01:00,153.73,128.27
2024-01-06T09:51:31+01:00,118.9,97.35
2024-01-06T09:53:57+01:00,110.45,85.72
2024-01-06T09:56:23+01:00,128.77,100.3
2024-01-06T09:58:49+01:00,117.18,92.45
2024-01-06T10:01:16+01:00,110.68,90.15
2024-01-06T10:03:42+01:00,129.88,107.2
2024-01-06T10:06:08+01:00,118.75,96.35
2024-01-06T10:08:34+01:00,120.03,95.85
2024-01-06T10:11:00+01:00,109.45,91.78
2024-01-06T10:13:26+01:00,117.2,97.22
2024-01-06T10:15:52+01:00,130.82,105.3
2024-01-06T10:18:19+01:00,141.27,108.28
2024-01-06T10:20:45+01:00,132.93,110.38
2024-01-06T10:23:14+01:00,135.48,110.5
2024-01-06T10:25:40+01:00,121.07,102.75
2024-01-06T10:28:06+01:00,139.75,108.95
2024-01-06T10:30:32+01:00,131.25,108.9
2024-01-06T10:32:58+01:00,128.25,102.3
2024-01-06T10:35:24+01:00,127.75,101.8
2024-01-06T10:37:50+01:00,117.03,96.6
2024-01-06T10:40:20+01:00,134.65,108.8
2024-01-06T10:42:47+01:00,128.15,104.97
2024-01-06T10:45:13+01:00,119.55,96.38
2024-01-06T10:47:40+01:00,122.2,101.32
2024-01-06T10:50:08+01:00,112.15,92.15
2024-01-06T10:52:38+01:00,114.47,93.35
2024-01-06T10:55:06+01:00,108.1,92.22
2024-01-06T10:57:35+01:00,114.88,93.15
2024-01-06T11:00:01+01:00,119.47,95.38
2024-01-06T11:02:27+01:00,122.38,93.95
2024-01-06T11:04:56+01:00,118.47,92.55
2024-01-06T11:07:23+01:00,109.85,88.97
2024-01-06T11:09:49+01:00,118.32,90.18
2024-01-06T11:12:15+01:00,114.9,89.65
2024-01-06T11:14:41+01:00,123.15,96.9
2024-01-06T11:17:09+01:00,105.88,84.9
2024-01-06T11:19:36+01:00,111.53,90.32
2024-01-06T11:22:03+01:00,111.88,93.07
2024-01-06T11:24:30+01:00,118.82,97.88
2024-01-06T11:26:56+01:00,121.78,102.32
2024-01-06T11:29:24+01:00,128.38,104.5
2024-01-06T11:31:51+01:00,125.0,100.4
2024-01-06T11:34:17+01:00,134.88,102.7
2024-01-06T11:36:43+01:00,140.02,107.03
2024-01-06T11:39:09+01:00,130.07,95.0
2024-01-06T11:41:35+01:00,124.55,94.1
2024-01-06T11:44:03+01:00,118.97,93.35
2024-01-06T11:46:31+01:00,110.55,87.43
2024-01-06T11:48:57+01:00,116.07,84.45
2024-01-06T11:51:25+01:00,105.8,83.65
2024-01-06T11:53:51+01:00,102.78,81.25
2024-01-06T11:56:17+01:00,94.25,76.1
2024-01-06T11:58:47+01:00,110.85,93.1
2024-01-06T12:01:19+01:00,115.13,93.22
2024-01-06T12:03:46+01:00,111.55,92.3
2024-01-06T12:06:14+01:00,129.43,98.95
2024-01-06T12:08:50+01:00,119.82,97.0
2024-01-06T12:11:17+01:00,121.35,95.95
2024-01-06T12:13:45+01:00,119.47,98.05
2024-01-06T12:16:32+01:00,145.27,110.75
2024-01-06T12:18:58+01:00,144.82,110.47
2024-01-06T12:21:24+01:00,148.77,105.43
2024-01-06T12:24:36+01:00,139.82,106.45
2024-01-06T12:26:41+01:00,158.05,121.65
2024-01-06T12:29:08+01:00,153.32,117.4
2024-01-06T12:31:36+01:00,140.48,108.82
2024-01-06T12:34:15+01:00,138.65,113.28
2024-01-06T12:36:45+01:00,155.27,122.4
2024-01-06T12:41:56+01:00,154.27,122.85
2024-01-06T12:44:27+01:00,133.73,112.22
2024-01-06T12:46:56+01:00,144.88,124.25
2024-01-06T12:49:22+01:00,130.8,108.7
2024-01-06T12:51:55+01:00,125.15,102.4
2024-01-06T12:54:22+01:00,111.88,88.72
2024-01-06T12:56:48+01:00,110.4,86.53
2024-01-06T12:59:14+01:00,111.6,87.07
2024-01-06T13:01:40+01:00,114.9,85.43
2024-01-06T13:04:07+01:00,119.25,88.1
2024-01-06T13:06:34+01:00,104.75,82.15
2024-01-06T13:09:06+01:00,97.93,74.18
2024-01-06T13:11:32+01:00,87.25,66.45
2024-01-06T13:13:59+01:00,83.78,67.18
2024-01-06T13:16:25+01:00,103.35,81.65
2024-01-06T13:18:55+01:00,91.72,73.38
2024-01-06T13:21:25+01:00,104.68,85.93
2024-01-06T13:23:51+01:00,122.32,98.22
2024-01-06T13:26:17+01:00,107.9,87.18
2024-01-06T13:28:46+01:00,90.5,70.57
2024-01-06T13:31:13+01:00,84.35,68.9
2024-01-06T13:33:39+01:00,95.45,76.22
2024-01-06T13:36:08+01:00,101.47,81.32
2024-01-06T13:38:36+01:00,103.88,82.7
2024-01-06T13:41:03+01:00,104.45,82.55
2024-01-06T13:43:30+01:00,106.38,80.82
2024-01-06T13:45:56+01:00,98.75,75.13
2024-01-06T13:48:23+01:00,95.22,74.65
2024-01-06T13:50:52+01:00,100.07,75.45
2024-01-06T13:53:18+01:00,88.97,69.07
2024-01-06T13:55:44+01:00,75.97,62.1
2024-01-06T13:58:10+01:00,81.05,61.25
2024-01-06T14:00:36+01:00,78.55,60.78
2024-01-06T14:03:03+01:00,85.55,68.0
2024-01-06T14:05:30+01:00,74.78,55.3
2024-01-06T14:07:56+01:00,67.85,52.28
2024-01-06T14:10:22+01:00,66.53,51.38
2024-01-06T14:12:48+01:00,68.07,50.9
2024-01-06T14:15:15+01:00,61.0,46.38
2024-01-06T14:17:41+01:00,62.3,47.85
2024-01-06T14:20:07+01:00,63.15,47.1
2024-01-06T14:22:33+01:00,74.72,52.92
2024-01-06T14:24:59+01:00,64.28,44.95
2024-01-06T14:27:26+01:00,60.58,46.35
2024-01-06T14:29:52+01:00,59.78,47.5
2024-01-06T14:32:18+01:00,65.43,51.92
2024-01-06T14:34:45+01:00,64.5,50.58
2024-01-06T14:37:11+01:00,77.1,56.33
2024-01-06T14:39:37+01:00,77.8,60.1
2024-01-06T14:42:03+01:00,73.07,55.63
2024-01-06T14:44:30+01:00,94.2,62.7
2024-01-06T14:46:56+01:00,78.05,55.58
2024-01-06T14:49:22+01:00,70.25,52.15
2024-01-06T14:51:52+01:00,77.0,53.22
2024-01-06T14:54:18+01:00,74.1,55.1
2024-01-06T14:56:45+01:00,71.68,54.7
2024-01-06T14:59:11+01:00,92.78,65.1
2024-01-06T15:01:37+01:00,89.75,63.88
2024-01-06T15:04:04+01:00,84.65,63.2
2024-01-06T15:06:30+01:00,105.88,81.25
2024-01-06T15:08:57+01:00,109.4,82.35
2024-01-06T15:11:23+01:00,103.15,76.03
2024-01-06T15:13:51+01:00,101.2,73.88
2024-01-06T15:16:17+01:00,105.6,83.45
2024-01-06T15:18:43+01:00,115.65,86.97
2024-01-06T15:21:10+01:00,125.15,96.1
2024-01-06T15:23:39+01:00,120.43,95.1
2024-01-06T15:26:05+01:00,131.9,103.38
2024-01-06T15:28:31+01:00,132.48,104.25
2024-01-06T15:30:57+01:00,126.97,101.38
2024-01-06T15:33:23+01:00,125.68,97.45
2024-01-06T15:35:49+01:00,128.65,101.15
2024-01-06T15:38:15+01:00,120.6,95.3
2024-01-06T15:40:41+01:00,111.8,92.15
2024-01-06T15:43:08+01:00,116.32,91.05
2024-01-06T15:45:35+01:00,116.05,93.25
2024-01-06T15:48:01+01:00,113.47,91.0
2024-01-06T15:50:27+01:00,111.85,81.9
2024-01-06T15:52:53+01:00,105.7,81.43
2024-01-06T15:55:23+01:00,105.88,83.95
2024-01-06T15:57:50+01:00,114.82,89.4
2024-01-06T16:00:16+01:00,99.85,78.07
2024-01-06T16:02:42+01:00,96.4,77.72
2024-01-06T16:05:11+01:00,96.45,76.18
2024-01-06T16:07:38+01:00,96.97,74.88
2024-01-06T16:10:07+01:00,80.43,65.4
2024-01-06T16:12:35+01:00,75.9,60.78
2024-01-06T16:15:03+01:00,78.57,61.03
2024-01-06T16:17:31+01:00,145.32,107.05
2024-01-06T16:19:57+01:00,185.02,133.77
2024-01-06T16:22:23+01:00,129.48,97.88
2024-01-06T16:24:49+01:00,180.8,138.93
2024-01-06T16:27:16+01:00,171.85,133.2
2024-01-06T16:29:42+01:00,160.18,129.27
2024-01-06T16:32:08+01:00,167.32,135.85
2024-01-06T16:34:34+01:00,200.5,160.73
2024-01-06T16:37:00+01:00,177.48,135.43
2024-01-06T16:39:26+01:00,157.75,117.28
2024-01-06T16:41:52+01:00,131.65,100.68
2024-01-06T16:44:18+01:00,129.55,102.25
2024-01-06T16:46:44+01:00,125.13,96.72
2024-01-06T16:49:11+01:00,136.4,106.63
2024-01-06T16:51:37+01:00,125.4,94.93
2024-01-06T16:54:03+01:00,110.28,91.55
2024-01-06T16:56:29+01:00,90.32,71.47
2024-01-06T16:58:55+01:00,91.85,67.53
2024-01-06T17:01:22+01:00,94.18,71.15
2024-01-06T17:03:48+01:00,96.13,74.5
2024-01-06T17:06:14+01:00,106.78,79.63
2024-01-06T17:08:40+01:00,90.88,75.57
2024-01-06T17:11:07+01:00,92.8,75.03
2024-01-06T17:13:33+01:00,98.05,77.53
2024-01-06T17:15:59+01:00,126.97,97.4
2024-01-06T17:18:26+01:00,222.75,166.4
2024-01-06T17:20:52+01:00,184.18,141.85
2024-01-06T17:23:19+01:00,115.82,90.93
2024-01-06T17:25:48+01:00,130.18,100.55
2024-01-06T17:28:14+01:00,134.82,103.78
2024-01-06T17:30:41+01:00,146.07,114.8
2024-01-06T17:33:07+01:00,122.4,100.28
2024-01-06T17:35:33+01:00,130.13,97.9
2024-01-06T17:38:00+01:00,177.02,124.6
2024-01-06T17:40:26+01:00,142.6,104.47
2024-01-06T17:42:53+01:00,176.82,122.68
2024-01-06T17:45:19+01:00,162.6,116.95
2024-01-06T17:47:45+01:00,116.18,87.65
2024-01-06T17:50:11+01:00,174.5,127.72
2024-01-06T17:52:37+01:00,189.68,136.7
2024-01-06T17:55:06+01:00,184.1,139.75
2024-01-06T17:57:33+01:00,144.77,111.8
2024-01-06T18:00:02+01:00,143.7,106.95
2024-01-06T18:02:30+01:00,151.82,110.18
2024-01-06T18:04:56+01:00,146.57,104.63
2024-01-06T18:07:22+01:00,152.7,109.07
2024-01-06T18:09:48+01:00,158.15,116.55
2024-01-06T18:12:15+01:00,143.8,104.2
2024-01-06T18:14:41+01:00,141.3,104.72
2024-01-06T18:17:07+01:00,127.57,99.65
2024-01-06T18:19:34+01:00,153.93,111.03
2024-01-06T18:22:00+01:00,136.15,102.85
2024-01-06T18:24:26+01:00,133.0,100.07
2024-01-06T18:26:52+01:00,139.85,102.97
2024-01-06T18:29:18+01:00,171.8,114.32
2024-01-06T18:31:46+01:00,156.82,115.93
2024-01-06T18:34:13+01:00,160.43,115.88
2024-01-06T18:36:40+01:00,157.68,114.32
2024-01-06T18:39:06+01:00,147.88,112.88
2024-01-06T18:41:32+01:00,142.45,108.18
2024-01-06T18:43:58+01:00,153.9,120.03
2024-01-06T18:46:24+01:00,141.68,108.63
2024-01-06T18:48:51+01:00,137.5,104.25
2024-01-06T18:51:17+01:00,147.98,114.18
2024-01-06T18:53:45+01:00,143.93,113.85
2024-01-06T18:56:11+01:00,168.65,125.65
2024-01-06T18:58:37+01:00,146.0,112.88
2024-01-06T19:01:03+01:00,145.05,111.35
2024-01-06T19:03:29+01:00,131.65,102.68
2024-01-06T19:05:55+01:00,131.18,103.97
2024-01-06T19:08:21+01:00,153.55,121.75
2024-01-06T19:10:48+01:00,231.6,176.4
2024-01-06T19:13:14+01:00,198.45,153.68
2024-01-06T19:15:40+01:00,216.35,167.8
2024-01-06T19:18:06+01:00,198.35,153.63
2024-01-06T19:20:35+01:00,186.65,146.4
2024-01-06T19:23:03+01:00,189.65,145.15
2024-01-06T19:25:29+01:00,181.0,136.95
2024-01-06T19:27:55+01:00,182.0,140.2
2024-01-06T19:30:21+01:00,180.0,133.4
2024-01-06T19:32:47+01:00,164.15,118.4
2024-01-06T19:35:14+01:00,167.95,129.6
2024-01-06T19:37:40+01:00,147.48,108.88
2024-01-06T19:40:06+01:00,138.82,109.22
2024-01-06T19:42:32+01:00,128.27,101.97
2024-01-06T19:44:59+01:00,134.35,102.0
2024-01-06T19:47:25+01:00,139.8,108.45
2024-01-06T19:49:53+01:00,143.48,105.38
2024-01-06T19:52:19+01:00,149.15,113.05
2024-01-06T19:54:45+01:00,139.27,107.8
2024-01-06T19:57:11+01:00,138.95,111.95
2024-01-06T19:59:41+01:00,129.55,105.38
2024-01-06T20:02:09+01:00,137.3,108.82
2024-01-06T20:04:36+01:00,160.45,120.6
2024-01-06T20:07:02+01:00,160.05,117.88
2024-01-06T20:09:28+01:00,163.98,125.07
2024-01-06T20:11:55+01:00,192.63,136.45
2024-01-06T20:14:22+01:00,171.02,124.7
2024-01-06T20:16:48+01:00,162.48,121.18
2024-01-06T20:19:14+01:00,163.63,118.1
2024-01-06T20:21:40+01:00,170.48,121.22
2024-01-06T20:24:06+01:00,148.85,112.18
2024-01-06T20:26:32+01:00,149.98,111.07
2024-01-06T20:29:00+01:00,145.73,110.4
2024-01-06T20:31:27+01:00,159.27,126.32
2024-01-06T20:33:53+01:00,172.38,131.18
2024-01-06T20:36:20+01:00,161.06,116.88
2024-01-06T20:38:46+01:00,145.45,113.65
2024-01-06T20:41:13+01:00,158.4,119.1
2024-01-06T20:43:39+01:00,150.15,115.13
2024-01-06T20:46:09+01:00,141.63,108.4
2024-01-06T20:48:35+01:00,141.57,110.2
2024-01-06T20:51:02+01:00,172.35,130.13
2024-01-06T20:53:28+01:00,162.88,122.1
2024-01-06T20:55:54+01:00,145.05,114.43
2024-01-06T20:58:21+01:00,163.77,121.93
2024-01-06T21:00:47+01:00,151.23,119.97
2024-01-06T21:03:13+01:00,147.15,114.45
2024-01-06T21:05:39+01:00,192.05,155.93
2024-01-06T21:08:06+01:00,160.45,124.57
2024-01-06T21:10:32+01:00,147.65,114.15
2024-01-06T21:12:59+01:00,154.13,118.05
2024-01-06T21:15:25+01:00,155.8,119.88
2024-01-06T21:17:52+01:00,226.2,165.88
2024-01-06T21:20:18+01:00,229.35,174.65
2024-01-06T21:22:44+01:00,199.35,151.1
2024-01-06T21:25:11+01:00,255.02,224.15
2024-01-06T21:27:37+01:00,233.7,183.25
2024-01-06T21:30:03+01:00,266.48,216.45
2024-01-06T21:32:30+01:00,253.35,203.23
2024-01-06T21:34:56+01:00,288.3,226.43
2024-01-06T21:37:23+01:00,275.25,223.0
2024-01-06T21:39:53+01:00,352.83,261.67
2024-01-06T21:42:19+01:00,359.2,263.85
2024-01-06T21:44:45+01:00,371.9,268.63
2024-01-06T21:47:12+01:00,386.1,279.7
2024-01-06T21:49:38+01:00,369.5,272.4
2024-01-06T21:52:04+01:00,365.1,270.5
2024-01-06T21:54:31+01:00,351.02,264.38
2024-01-06T21:56:57+01:00,371.15,282.7
2024-01-06T21:59:23+01:00,402.63,305.7
2024-01-06T22:01:49+01:00,418.55,310.48
2024-01-06T22:04:16+01:00,396.38,293.63
2024-01-06T22:06:42+01:00,388.77,295.3
2024-01-06T22:09:08+01:00,405.92,299.9
2024-01-06T22:11:34+01:00,371.88,281.0
2024-01-06T22:14:00+01:00,296.77,235.13
2024-01-06T22:16:26+01:00,300.4,236.0
2024-01-06T22:18:53+01:00,320.73,245.85
2024-01-06T22:21:23+01:00,272.3,210.25
2024-01-06T22:23:49+01:00,245.95,188.52
2024-01-06T22:26:15+01:00,214.23,165.38
2024-01-06T22:28:42+01:00,221.15,174.25
2024-01-06T22:31:08+01:00,210.38,160.25
2024-01-06T22:33:34+01:00,257.15,189.23
2024-01-06T22:36:00+01:00,185.6,135.15
2024-01-06T22:38:27+01:00,190.95,140.38
2024-01-06T22:40:53+01:00,164.57,129.43
2024-01-06T22:43:20+01:00,164.1,123.65
2024-01-06T22:45:46+01:00,156.25,122.53
2024-01-06T22:48:13+01:00,141.93,110.0
2024-01-06T22:50:39+01:00,136.0,109.2
2024-01-06T22:53:05+01:00,128.73,104.07
2024-01-06T22:55:31+01:00,147.3,117.88
2024-01-06T22:57:58+01:00,140.45,112.28
2024-01-06T23:00:25+01:00,132.43,103.85
2024-01-06T23:02:51+01:00,131.8,103.95
2024-01-06T23:05:17+01:00,121.57,99.25
2024-01-06T23:07:43+01:00,119.63,100.07
2024-01-06T23:10:09+01:00,110.47,91.5
2024-01-06T23:12:35+01:00,116.2,93.22
2024-01-06T23:15:02+01:00,107.9,87.95
2024-01-06T23:17:28+01:00,120.32,94.05
2024-01-06T23:19:54+01:00,136.4,104.5
2024-01-06T23:22:23+01:00,134.6,107.1
2024-01-06T23:24:50+01:00,129.88,101.43
2024-01-06T23:27:16+01:00,126.6,105.78
2024-01-06T23:29:43+01:00,119.88,98.38
2024-01-06T23:32:10+01:00,117.7,95.95
2024-01-06T23:34:36+01:00,154.63,108.95
2024-01-06T23:37:02+01:00,212.25,134.93
2024-01-06T23:39:29+01:00,190.7,130.23
2024-01-06T23:41:55+01:00,201.1,149.55
2024-01-06T23:44:21+01:00,207.45,151.15
2024-01-06T23:46:47+01:00,189.27,146.65
2024-01-06T23:49:13+01:00,171.57,137.8
2024-01-06T23:51:39+01:00,151.88,128.23
2024-01-06T23:54:05+01:00,160.8,126.4
2024-01-06T23:56:32+01:00,162.57,134.98
2024-01-06T23:58:58+01:00,185.77,147.43
2024-01-07T00:01:24+01:00,148.23,124.25
2024-01-07T00:03:52+01:00,165.48,134.48
2024-01-07T00:06:19+01:00,164.9,130.05
2024-01-07T00:08:45+01:00,162.55,129.4
2024-01-07T00:11:11+01:00,201.88,160.77
2024-01-07T00:13:39+01:00,192.9,151.45
2024-01-07T00:16:05+01:00,191.13,160.0
2024-01-07T00:18:31+01:00,162.52,137.55
2024-01-07T00:20:58+01:00,178.55,146.32
2024-01-07T00:23:24+01:00,192.15,155.68
2024-01-07T00:25:50+01:00,170.23,142.63
2024-01-07T00:28:20+01:00,192.82,154.82
2024-01-07T00:30:46+01:00,165.65,137.5
2024-01-07T00:33:12+01:00,165.68,136.68
2024-01-07T00:35:39+01:00,161.15,136.4
2024-01-07T00:38:05+01:00,165.93,137.5
2024-01-07T00:40:31+01:00,212.48,171.55
2024-01-07T00:42:57+01:00,202.2,159.48
2024-01-07T00:45:23+01:00,198.0,154.05
2024-01-07T00:47:50+01:00,205.07,162.85
2024-01-07T00:50:18+01:00,192.73,153.25
2024-01-07T00:52:44+01:00,198.38,159.6
2024-01-07T00:55:10+01:00,181.4,145.82
2024-01-07T00:57:36+01:00,183.05,139.07
2024-01-07T01:00:03+01:00,169.0,130.15
2024-01-07T01:02:29+01:00,185.57,142.48
2024-01-07T01:04:56+01:00,173.52,138.48
2024-01-07T01:07:23+01:00,157.15,123.03
2024-01-07T01:09:49+01:00,143.77,113.35
2024-01-07T01:12:15+01:00,130.88,108.2
2024-01-07T01:14:42+01:00,135.82,106.95
2024-01-07T01:17:09+01:00,163.93,119.32
2024-01-07T01:19:35+01:00,145.85,116.65
2024-01-07T01:22:03+01:00,132.63,104.93
2024-01-07T01:24:29+01:00,152.93,114.88
2024-01-07T01:26:55+01:00,154.65,117.9
2024-01-07T01:29:21+01:00,137.32,106.07
2024-01-07T01:31:47+01:00,152.9,114.1
2024-01-07T01:34:13+01:00,134.52,100.7
2024-01-07T01:36:40+01:00,159.73,111.05
2024-01-07T01:39:06+01:00,125.28,96.28
2024-01-07T01:41:32+01:00,150.02,109.38
2024-01-07T01:43:58+01:00,135.07,104.38
2024-01-07T01:46:24+01:00,116.47,92.68
2024-01-07T01:48:50+01:00,120.03,90.88
2024-01-07T01:51:16+01:00,104.18,80.1
2024-01-07T01:53:42+01:00,99.72,77.93
2024-01-07T01:56:09+01:00,94.53,73.28
2024-01-07T01:58:36+01:00,114.3,83.68
2024-01-07T02:01:02+01:00,99.2,79.15
2024-01-07T02:03:28+01:00,100.72,76.43
2024-01-07T02:05:54+01:00,106.35,80.38
2024-01-07T02:08:20+01:00,88.47,69.03
2024-01-07T02:10:48+01:00,63.65,52.88
2024-01-07T02:13:14+01:00,59.13,50.05
2024-01-07T02:15:40+01:00,67.15,53.47
2024-01-07T02:18:06+01:00,64.65,54.83
2024-01-07T02:20:32+01:00,102.07,82.93
2024-01-07T02:22:58+01:00,129.45,98.63
2024-01-07T02:25:24+01:00,129.1,98.32
2024-01-07T02:27:52+01:00,83.93,68.22
2024-01-07T02:30:18+01:00,120.3,84.55
2024-01-07T02:32:44+01:00,98.6,81.93
2024-01-07T02:35:10+01:00,105.38,82.32
2024-01-07T02:37:36+01:00,96.7,81.13
2024-01-07T02:40:03+01:00,94.7,73.65
2024-01-07T02:42:29+01:00,97.63,81.3
2024-01-07T02:44:55+01:00,94.93,75.4
2024-01-07T02:47:24+01:00,89.43,71.45
2024-01-07T02:49:50+01:00,97.95,75.95
2024-01-07T02:52:17+01:00,107.95,86.97
2024-01-07T02:54:43+01:00,98.72,80.65
2024-01-07T02:57:09+01:00,102.97,83.68
2024-01-07T02:59:39+01:00,104.1,85.35
2024-01-07T03:02:05+01:00,93.8,76.78
2024-01-07T03:04:31+01:00,98.7,79.22
2024-01-07T03:06:58+01:00,118.0,92.07
2024-01-07T03:09:24+01:00,127.7,97.63
2024-01-07T03:12:00+01:00,116.55,93.68
2024-01-07T03:14:26+01:00,99.85,83.53
2024-01-07T03:16:53+01:00,122.53,97.6
2024-01-07T03:19:19+01:00,109.85,90.68
2024-01-07T03:21:46+01:00,103.97,84.7
2024-01-07T03:24:15+01:00,124.78,95.2
2024-01-07T03:26:41+01:00,89.78,74.15
2024-01-07T03:29:07+01:00,93.75,76.8
2024-01-07T03:31:33+01:00,91.55,77.38
2024-01-07T03:33:59+01:00,143.13,113.28
2024-01-07T03:36:25+01:00,113.85,92.32
2024-01-07T03:38:51+01:00,131.43,110.75
2024-01-07T03:41:17+01:00,138.52,106.4
2024-01-07T03:43:45+01:00,150.2,113.8
2024-01-07T03:46:11+01:00,114.82,94.0
2024-01-07T03:48:37+01:00,141.27,106.2
2024-01-07T03:51:03+01:00,140.77,104.43
2024-01-07T03:53:30+01:00,135.15,102.68
2024-01-07T03:55:56+01:00,103.95,86.15
2024-01-07T03:58:22+01:00,120.03,92.57
2024-01-07T04:00:48+01:00,91.75,75.28
2024-01-07T04:03:14+01:00,97.13,77.85
2024-01-07T04:05:40+01:00,128.13,94.75
2024-01-07T04:08:07+01:00,114.75,87.68
2024-01-07T04:10:33+01:00,103.55,82.78
2024-01-07T04:13:00+01:00,132.57,96.63
2024-01-07T04:15:26+01:00,126.97,97.78
2024-01-07T04:17:52+01:00,107.82,89.0
2024-01-07T04:20:18+01:00,84.65,70.68
2024-01-07T04:22:44+01:00,81.0,67.65
2024-01-07T04:25:10+01:00,85.4,67.85
2024-01-07T04:27:36+01:00,66.9,53.58
2024-01-07T04:30:02+01:00,61.0,50.35
2024-01-07T04:32:29+01:00,67.85,54.08
2024-01-07T04:34:55+01:00,94.9,73.25
2024-01-07T04:37:21+01:00,116.35,90.38
2024-01-07T04:39:47+01:00,103.4,85.43
2024-01-07T04:42:13+01:00,102.13,81.72
2024-01-07T04:44:39+01:00,98.78,76.75
2024-01-07T04:47:05+01:00,96.5,76.5
2024-01-07T04:49:32+01:00,107.3,85.1
2024-01-07T04:51:58+01:00,87.07,67.97
2024-01-07T04:54:24+01:00,86.43,67.63
2024-01-07T04:56:50+01:00,93.28,72.0
2024-01-07T04:59:16+01:00,92.47,70.63
2024-01-07T05:01:42+01:00,97.43,69.57
2024-01-07T05:04:08+01:00,71.38,55.7
2024-01-07T05:06:34+01:00,91.72,65.95
2024-01-07T05:09:00+01:00,91.43,65.95
2024-01-07T05:11:28+01:00,75.82,58.85
2024-01-07T05:13:54+01:00,98.07,70.15
2024-01-07T05:16:20+01:00,85.65,61.4
2024-01-07T05:18:46+01:00,81.93,61.22
2024-01-07T05:21:13+01:00,77.88,58.25
2024-01-07T05:23:39+01:00,108.2,74.88
2024-01-07T05:26:09+01:00,99.7,70.5
2024-01-07T05:28:35+01:00,77.57,59.03
2024-01-07T05:31:01+01:00,78.55,60.15
2024-01-07T05:33:27+01:00,66.78,52.53
2024-01-07T05:35:53+01:00,74.63,54.85
2024-01-07T05:38:23+01:00,75.72,58.28
2024-01-07T05:40:50+01:00,78.18,59.1
2024-01-07T05:43:17+01:00,79.45,58.5
2024-01-07T05:45:43+01:00,64.05,52.33
2024-01-07T05:48:09+01:00,56.88,46.65
2024-01-07T05:50:35+01:00,77.38,52.95
2024-01-07T05:53:01+01:00,52.95,41.65
2024-01-07T05:55:29+01:00,49.25,38.88
2024-01-07T05:57:55+01:00,59.53,45.0
2024-01-07T06:00:21+01:00,68.9,52.45
2024-01-07T06:02:47+01:00,78.15,51.75
2024-01-07T06:05:13+01:00,301.8,269.63
2024-01-07T06:07:39+01:00,108.03,76.82
2024-01-07T06:10:05+01:00,141.5,103.03
2024-01-07T06:12:32+01:00,87.1,74.13
2024-01-07T06:14:58+01:00,81.5,66.35
2024-01-07T06:17:24+01:00,120.93,88.85
2024-01-07T06:19:50+01:00,102.28,78.05
2024-01-07T06:22:16+01:00,77.68,67.45
2024-01-07T06:24:42+01:00,83.65,68.05
2024-01-07T06:27:08+01:00,81.7,65.15
2024-01-07T06:29:34+01:00,110.95,78.22
2024-01-07T06:32:01+01:00,80.3,65.25
2024-01-07T06:34:28+01:00,96.97,73.4
2024-01-07T06:36:54+01:00,90.35,75.9
2024-01-07T06:39:20+01:00,102.55,77.25
2024-01-07T06:41:46+01:00,91.68,75.2
2024-01-07T06:44:14+01:00,116.45,85.47
2024-01-07T06:46:40+01:00,86.43,69.4
2024-01-07T06:49:07+01:00,86.93,69.95
2024-01-07T06:51:37+01:00,94.63,71.0
2024-01-07T06:54:03+01:00,110.5,81.3
2024-01-07T06:56:30+01:00,79.5,65.32
2024-01-07T06:58:56+01:00,74.75,56.55
2024-01-07T07:01:22+01:00,68.9,56.6
2024-01-07T07:03:48+01:00,67.03,54.45
2024-01-07T07:06:14+01:00,68.78,53.6
2024-01-07T07:08:43+01:00,90.55,70.47
2024-01-07T07:11:09+01:00,100.6,71.7
2024-01-07T07:13:37+01:00,102.72,75.93
2024-01-07T07:16:03+01:00,123.55,84.93
2024-01-07T07:18:29+01:00,125.72,85.63
2024-01-07T07:20:55+01:00,108.03,81.82
2024-01-07T07:23:21+01:00,81.0,58.55
2024-01-07T07:25:47+01:00,89.8,68.93
2024-01-07T07:28:14+01:00,83.43,60.78
2024-01-07T07:30:40+01:00,55.13,37.28
2024-01-07T07:33:06+01:00,69.22,47.78
2024-01-07T07:35:32+01:00,45.25,32.6
2024-01-07T07:37:58+01:00,39.22,30.95
2024-01-07T07:40:24+01:00,35.4,28.65
2024-01-07T07:42:51+01:00,24.88,19.75
2024-01-07T07:45:17+01:00,30.5,24.5
2024-01-07T07:47:43+01:00,26.08,22.05
2024-01-07T07:50:10+01:00,20.75,17.9
2024-01-07T07:52:36+01:00,22.35,18.3
2024-01-07T07:55:02+01:00,35.92,25.88
2024-01-07T07:57:28+01:00,38.2,30.08
2024-01-07T07:59:54+01:00,61.05,47.08
2024-01-07T08:02:20+01:00,68.97,56.0
2024-01-07T08:04:47+01:00,64.0,48.38
2024-01-07T08:07:13+01:00,68.97,53.55
2024-01-07T08:09:39+01:00,56.28,48.17
2024-01-07T08:12:05+01:00,65.53,52.65
2024-01-07T08:14:32+01:00,39.8,34.42
2024-01-07T08:16:59+01:00,37.15,33.15
2024-01-07T08:19:25+01:00,39.58,30.67
2024-01-07T08:21:52+01:00,34.13,25.58
2024-01-07T08:24:18+01:00,29.7,21.75
2024-01-07T08:26:44+01:00,38.95,26.65
2024-01-07T08:29:10+01:00,40.75,26.92
2024-01-07T08:31:36+01:00,35.22,22.65
2024-01-07T08:34:08+01:00,33.45,21.4
2024-01-07T08:36:35+01:00,59.0,45.05
2024-01-07T08:39:01+01:00,57.78,51.5
2024-01-07T08:41:27+01:00,57.42,50.15
2024-01-07T08:43:53+01:00,56.5,47.4
2024-01-07T08:46:20+01:00,64.25,51.45
2024-01-07T08:48:46+01:00,60.67,52.78
2024-01-07T08:51:12+01:00,34.53,30.58
2024-01-07T08:53:38+01:00,42.92,38.03
2024-01-07T08:56:07+01:00,47.3,40.33
2024-01-07T08:58:33+01:00,41.85,34.65
2024-01-07T09:00:59+01:00,38.2,31.25
2024-01-07T09:03:25+01:00,32.6,26.98
2024-01-07T09:05:52+01:00,34.55,29.08
2024-01-07T09:08:18+01:00,28.77,25.25
2024-01-07T09:10:44+01:00,29.1,23.92
2024-01-07T09:13:10+01:00,27.85,23.15
2024-01-07T09:15:36+01:00,27.88,24.1
2024-01-07T09:18:03+01:00,31.48,26.6
2024-01-07T09:20:29+01:00,18.58,14.93
2024-01-07T09:22:55+01:00,24.33,21.2
2024-01-07T09:25:21+01:00,21.8,16.48
2024-01-07T09:27:48+01:00,19.92,16.58
2024-01-07T09:30:15+01:00,42.88,34.78
2024-01-07T09:32:41+01:00,60.28,48.03
2024-01-07T09:35:08+01:00,69.47,56.17
2024-01-07T09:37:34+01:00,79.15,63.5
2024-01-07T09:40:00+01:00,85.32,71.88
2024-01-07T09:42:26+01:00,87.43,73.95
2024-01-07T09:44:55+01:00,81.82,66.18
2024-01-07T09:47:21+01:00,83.63,68.4
2024-01-07T09:49:47+01:00,79.5,67.55
2024-01-07T09:52:13+01:00,85.28,71.93
2024-01-07T09:54:39+01:00,82.75,68.13
2024-01-07T09:57:05+01:00,72.38,59.35
2024-01-07T09:59:31+01:00,75.35,62.35
2024-01-07T10:01:57+01:00,89.28,73.47
2024-01-07T10:04:23+01:00,75.68,60.17
2024-01-07T10:06:49+01:00,77.1,61.85
2024-01-07T10:09:16+01:00,76.57,60.97
2024-01-07T10:11:42+01:00,55.83,45.67
2024-01-07T10:14:08+01:00,48.08,39.95
2024-01-07T10:16:34+01:00,57.92,47.42
2024-01-07T10:19:00+01:00,58.4,49.4
2024-01-07T10:21:26+01:00,54.25,45.45
2024-01-07T10:23:52+01:00,54.63,44.67
2024-01-07T10:26:18+01:00,42.55,34.33
2024-01-07T10:28:45+01:00,35.95,30.7
2024-01-07T10:31:11+01:00,36.88,27.83
2024-01-07T10:33:37+01:00,35.4,28.52
2024-01-07T10:36:03+01:00,38.2,29.77
2024-01-07T10:38:30+01:00,39.13,30.02
2024-01-07T10:40:56+01:00,36.2,30.2
2024-01-07T10:43:22+01:00,36.6,29.45
2024-01-07T10:45:48+01:00,34.03,27.98
2024-01-07T10:48:14+01:00,23.13,18.98
2024-01-07T10:50:41+01:00,23.75,19.13
2024-01-07T10:53:07+01:00,28.88,22.83
2024-01-07T10:55:38+01:00,33.63,29.6
2024-01-07T10:58:06+01:00,31.17,26.63
2024-01-07T11:00:32+01:00,27.17,22.95
2024-01-07T11:02:58+01:00,26.08,21.9
2024-01-07T11:05:24+01:00,26.67,22.73
2024-01-07T11:07:50+01:00,28.4,21.48
2024-01-07T11:10:19+01:00,27.8,23.33
2024-01-07T11:12:45+01:00,30.17,23.33
2024-01-07T11:15:12+01:00,29.08,24.83
2024-01-07T11:17:39+01:00,31.95,26.02
2024-01-07T11:20:07+01:00,26.6,22.85
2024-01-07T11:22:37+01:00,33.85,25.83
2024-01-07T11:25:03+01:00,32.47,26.52
2024-01-07T11:27:29+01:00,32.05,27.67
2024-01-07T11:29:58+01:00,31.42,25.85
2024-01-07T11:32:24+01:00,30.75,26.02
2024-01-07T11:34:50+01:00,32.85,28.08
2024-01-07T11:37:19+01:00,27.13,23.63
2024-01-07T11:39:46+01:00,29.15,25.08
2024-01-07T11:42:14+01:00,38.92,29.95
2024-01-07T11:44:42+01:00,34.55,28.67
2024-01-07T11:47:08+01:00,30.88,23.95
2024-01-07T11:49:36+01:00,26.13,21.45
2024-01-07T11:52:03+01:00,25.05,21.88
2024-01-07T11:54:30+01:00,26.35,23.0
2024-01-07T11:56:58+01:00,25.02,22.33
2024-01-07T11:59:25+01:00,32.47,24.95
2024-01-07T12:01:53+01:00,30.75,25.4
2024-01-07T12:07:19+01:00,31.85,27.25
2024-01-07T12:12:11+01:00,36.25,28.6
2024-01-07T12:14:38+01:00,31.23,25.35
2024-01-07T12:17:05+01:00,30.48,25.33
2024-01-07T12:19:31+01:00,30.65,25.25
2024-01-07T12:22:31+01:00,29.63,25.63
2024-01-07T12:24:52+01:00,33.38,26.2
2024-01-07T12:27:20+01:00,33.35,28.08
2024-01-07T12:29:56+01:00,34.55,30.0
2024-01-07T12:32:23+01:00,40.72,32.58
2024-01-07T12:34:52+01:00,34.95,27.88
2024-01-07T12:37:19+01:00,40.47,33.08
2024-01-07T12:39:46+01:00,43.53,35.45
2024-01-07T12:42:12+01:00,51.75,40.17
2024-01-07T12:44:48+01:00,47.1,37.55
2024-01-07T12:47:15+01:00,49.7,39.58
2024-01-07T12:49:41+01:00,47.5,38.85
2024-01-07T12:52:08+01:00,52.67,41.25
2024-01-07T12:54:35+01:00,56.55,42.7
2024-01-07T12:57:02+01:00,48.25,38.7
2024-01-07T12:59:29+01:00,45.25,34.53
2024-01-07T13:01:55+01:00,37.45,27.8
2024-01-07T13:04:21+01:00,29.92,24.25
2024-01-07T13:06:48+01:00,35.15,29.02
2024-01-07T13:09:14+01:00,30.55,24.7
2024-01-07T13:11:41+01:00,26.7,22.98
2024-01-07T13:14:07+01:00,26.95,21.83
2024-01-07T13:16:35+01:00,26.08,20.92
2024-01-07T13:19:01+01:00,19.85,15.38
2024-01-07T13:21:27+01:00,23.25,17.45
2024-01-07T13:23:54+01:00,24.55,19.95
2024-01-07T13:26:25+01:00,24.25,19.15
2024-01-07T13:28:52+01:00,19.8,16.35
2024-01-07T13:31:19+01:00,24.05,14.65
2024-01-07T13:33:46+01:00,18.02,15.07
2024-01-07T13:36:12+01:00,11.0,7.53
2024-01-07T13:38:38+01:00,10.85,7.45
2024-01-07T13:41:04+01:00,9.07,6.82
2024-01-07T13:43:30+01:00,8.55,6.95
2024-01-07T13:45:57+01:00,10.68,7.05
2024-01-07T13:48:29+01:00,8.52,6.8
2024-01-07T13:50:55+01:00,8.02,6.2
2024-01-07T13:53:21+01:00,8.95,7.0
2024-01-07T13:55:47+01:00,9.6,7.78
2024-01-07T13:58:13+01:00,8.6,6.13
2024-01-07T14:00:39+01:00,11.63,7.55
2024-01-07T14:03:06+01:00,9.3,6.97
2024-01-07T14:05:33+01:00,9.63,7.25
2024-01-07T14:08:00+01:00,11.15,8.7
2024-01-07T14:10:26+01:00,8.45,6.6
2024-01-07T14:12:52+01:00,8.15,6.35
2024-01-07T14:15:19+01:00,11.8,7.75
2024-01-07T14:17:45+01:00,8.15,6.63
2024-01-07T14:20:11+01:00,8.73,5.4
2024-01-07T14:22:37+01:00,15.7,5.72
2024-01-07T14:25:04+01:00,9.32,6.55
2024-01-07T14:27:30+01:00,10.25,7.5
2024-01-07T14:29:57+01:00,9.45,7.28
2024-01-07T14:32:23+01:00,7.32,5.22
2024-01-07T14:34:49+01:00,8.18,5.55
2024-01-07T14:37:15+01:00,8.0,5.85
2024-01-07T14:39:41+01:00,9.5,6.38
2024-01-07T14:42:07+01:00,18.1,14.2
2024-01-07T14:44:33+01:00,9.85,6.97
2024-01-07T14:46:59+01:00,15.1,11.52
2024-01-07T14:49:30+01:00,32.05,21.8
2024-01-07T14:51:57+01:00,14.18,9.68
2024-01-07T14:54:23+01:00,10.3,7.6
2024-01-07T14:56:49+01:00,8.57,5.85
2024-01-07T14:59:15+01:00,8.6,6.38
2024-01-07T15:01:42+01:00,8.85,5.65
2024-01-07T15:04:08+01:00,7.2,4.9
2024-01-07T15:06:34+01:00,6.7,4.53
2024-01-07T15:09:00+01:00,6.4,4.72
2024-01-07T15:11:28+01:00,6.63,5.3
2024-01-07T15:13:54+01:00,12.8,5.43
2024-01-07T15:16:20+01:00,11.27,8.55
2024-01-07T15:18:46+01:00,9.8,7.1
2024-01-07T15:21:12+01:00,12.45,6.6
2024-01-07T15:23:38+01:00,8.7,6.38
2024-01-07T15:26:04+01:00,10.0,6.4
2024-01-07T15:28:31+01:00,12.93,8.35
2024-01-07T15:30:57+01:00,13.5,6.78
2024-01-07T15:33:23+01:00,13.65,8.6
2024-01-07T15:35:49+01:00,10.43,6.8
2024-01-07T15:38:16+01:00,10.32,7.15
2024-01-07T15:40:42+01:00,10.15,8.38
2024-01-07T15:43:11+01:00,13.32,8.75
2024-01-07T15:45:37+01:00,13.68,10.88
2024-01-07T15:48:03+01:00,17.38,11.5
2024-01-07T15:50:30+01:00,15.23,10.5
2024-01-07T15:52:56+01:00,17.08,12.48
2024-01-07T15:55:25+01:00,15.68,12.85
2024-01-07T15:57:51+01:00,17.27,14.48
2024-01-07T16:00:17+01:00,23.1,15.98
2024-01-07T16:02:43+01:00,24.3,17.8
2024-01-07T16:05:09+01:00,48.28,35.0
2024-01-07T16:07:35+01:00,46.03,33.55
2024-01-07T16:10:01+01:00,55.95,39.9
2024-01-07T16:12:27+01:00,32.58,24.25
2024-01-07T16:15:03+01:00,41.78,31.92
2024-01-07T16:17:31+01:00,40.08,29.98
2024-01-07T16:19:57+01:00,43.88,32.67
2024-01-07T16:22:23+01:00,59.47,44.55
2024-01-07T16:24:49+01:00,43.53,34.15
2024-01-07T16:27:16+01:00,50.38,38.13
2024-01-07T16:29:42+01:00,61.95,49.95
2024-01-07T16:32:08+01:00,57.75,45.83
2024-01-07T16:34:35+01:00,57.55,46.08
2024-01-07T16:37:03+01:00,54.0,41.13
2024-01-07T16:39:29+01:00,64.78,45.7
2024-01-07T16:41:55+01:00,61.08,44.5
2024-01-07T16:44:22+01:00,81.97,54.08
2024-01-07T16:46:48+01:00,113.53,83.82
2024-01-07T16:49:14+01:00,127.13,94.47
2024-01-07T16:51:41+01:00,141.55,102.25
2024-01-07T16:54:07+01:00,140.48,102.03
2024-01-07T16:56:33+01:00,145.2,104.65
2024-01-07T16:58:59+01:00,149.95,105.25
2024-01-07T17:01:25+01:00,139.73,97.95
2024-01-07T17:03:51+01:00,140.07,103.0
2024-01-07T17:06:17+01:00,150.07,110.25
2024-01-07T17:08:43+01:00,146.25,107.55
2024-01-07T17:11:09+01:00,145.68,108.85
2024-01-07T17:13:41+01:00,144.25,107.25
2024-01-07T17:16:07+01:00,117.53,87.95
2024-01-07T17:18:33+01:00,119.38,87.03
2024-01-07T17:21:01+01:00,116.05,84.5
2024-01-07T17:23:27+01:00,118.9,92.88
2024-01-07T17:25:55+01:00,128.05,98.38
2024-01-07T17:28:21+01:00,122.82,88.25
2024-01-07T17:30:48+01:00,122.82,89.3
2024-01-07T17:33:19+01:00,125.95,93.55
2024-01-07T17:35:45+01:00,133.52,97.07
2024-01-07T17:38:11+01:00,162.7,112.93
2024-01-07T17:40:37+01:00,162.27,110.43
2024-01-07T17:43:03+01:00,160.0,115.03
2024-01-07T17:45:29+01:00,155.25,108.1
2024-01-07T17:47:55+01:00,136.7,101.43
2024-01-07T17:50:22+01:00,130.55,97.75
2024-01-07T17:52:48+01:00,125.35,94.38
2024-01-07T17:55:14+01:00,131.25,101.1
2024-01-07T17:57:40+01:00,133.35,99.45
2024-01-07T18:00:06+01:00,123.7,91.7
2024-01-07T18:02:32+01:00,162.8,118.13
2024-01-07T18:04:58+01:00,153.18,112.1
2024-01-07T18:07:27+01:00,151.63,112.18
2024-01-07T18:09:55+01:00,142.8,108.07
2024-01-07T18:12:21+01:00,152.88,110.65
2024-01-07T18:14:47+01:00,162.43,119.6
2024-01-07T18:17:16+01:00,169.2,127.35
2024-01-07T18:19:44+01:00,156.43,116.65
2024-01-07T18:22:11+01:00,190.13,136.9
2024-01-07T18:24:37+01:00,165.05,120.5
2024-01-07T18:27:03+01:00,169.27,123.6
2024-01-07T18:29:29+01:00,164.05,118.43
2024-01-07T18:31:55+01:00,160.25,116.25
2024-01-07T18:34:21+01:00,157.48,114.57
2024-01-07T18:36:47+01:00,162.93,124.88
2024-01-07T18:39:14+01:00,175.95,129.55
2024-01-07T18:41:40+01:00,182.18,134.05
2024-01-07T18:44:07+01:00,193.02,137.07
2024-01-07T18:46:33+01:00,151.6,111.82
2024-01-07T18:48:59+01:00,141.35,105.07
2024-01-07T18:51:25+01:00,153.18,114.63
2024-01-07T18:53:55+01:00,149.8,112.9
2024-01-07T18:56:22+01:00,154.9,113.32
2024-01-07T18:58:48+01:00,152.68,115.1
2024-01-07T19:01:17+01:00,133.4,99.72
2024-01-07T19:03:43+01:00,143.0,104.45
2024-01-07T19:06:09+01:00,152.73,115.1
2024-01-07T19:08:35+01:00,152.02,114.78
2024-01-07T19:11:02+01:00,155.63,110.55
2024-01-07T19:13:30+01:00,152.43,111.57
2024-01-07T19:15:56+01:00,144.85,106.93
2024-01-07T19:18:23+01:00,140.9,105.45
2024-01-07T19:20:51+01:00,77.9,60.38
2024-01-07T19:23:17+01:00,56.25,44.15
2024-01-07T19:25:43+01:00,49.72,37.35
2024-01-07T19:28:09+01:00,46.75,37.42
2024-01-07T19:30:36+01:00,57.78,45.72
2024-01-07T19:33:02+01:00,48.5,37.28
2024-01-07T19:35:28+01:00,44.22,35.55
2024-01-07T19:37:54+01:00,42.1,32.92
2024-01-07T19:40:20+01:00,41.63,31.8
2024-01-07T19:42:47+01:00,39.53,33.3
2024-01-07T19:45:13+01:00,66.03,51.42
2024-01-07T19:47:40+01:00,46.9,36.55
2024-01-07T19:50:06+01:00,47.08,36.05
2024-01-07T19:52:33+01:00,60.13,44.17
2024-01-07T19:54:59+01:00,50.38,40.33
2024-01-07T19:57:27+01:00,48.97,36.58
2024-01-07T19:59:53+01:00,44.97,34.2
2024-01-07T20:02:19+01:00,37.3,28.65
2024-01-07T20:04:46+01:00,34.3,27.75
2024-01-07T20:07:12+01:00,44.72,32.2
2024-01-07T20:09:38+01:00,55.95,40.28
2024-01-07T20:12:05+01:00,49.95,37.9
2024-01-07T20:14:31+01:00,91.55,61.4
2024-01-07T20:16:57+01:00,56.58,40.7
2024-01-07T20:19:23+01:00,58.22,42.38
2024-01-07T20:21:49+01:00,50.42,38.83
2024-01-07T20:24:16+01:00,49.67,38.75
2024-01-07T20:26:42+01:00,46.25,33.65
2024-01-07T20:29:10+01:00,51.65,39.6
2024-01-07T20:31:37+01:00,49.65,36.03
2024-01-07T20:34:04+01:00,52.85,39.42
2024-01-07T20:36:30+01:00,30.15,23.48
2024-01-07T20:38:59+01:00,42.28,31.65
2024-01-07T20:41:31+01:00,47.4,33.15
2024-01-07T20:44:00+01:00,52.4,41.78
2024-01-07T20:46:27+01:00,55.35,42.25
2024-01-07T20:48:54+01:00,52.2,43.22
2024-01-07T20:51:21+01:00,44.08,32.97
2024-01-07T20:53:47+01:00,38.25,29.2
2024-01-07T20:56:14+01:00,73.15,44.15
2024-01-07T20:58:40+01:00,57.3,39.03
2024-01-07T21:01:06+01:00,45.05,32.15
2024-01-07T21:03:32+01:00,36.22,29.6
2024-01-07T21:05:59+01:00,36.33,26.5
2024-01-07T21:08:25+01:00,32.15,23.5
2024-01-07T21:10:52+01:00,39.58,27.88
2024-01-07T21:13:18+01:00,46.47,31.6
2024-01-07T21:15:44+01:00,34.78,27.48
2024-01-07T21:18:10+01:00,43.2,30.4
2024-01-07T21:20:36+01:00,40.35,27.6
2024-01-07T21:23:02+01:00,34.5,25.3
2024-01-07T21:25:28+01:00,38.67,27.33
2024-01-07T21:27:55+01:00,36.85,30.1
2024-01-07T21:30:21+01:00,42.53,31.15
2024-01-07T21:32:47+01:00,32.75,24.9
2024-01-07T21:35:13+01:00,41.28,30.15
2024-01-07T21:37:39+01:00,47.17,32.45
2024-01-07T21:40:09+01:00,43.55,34.78
2024-01-07T21:42:35+01:00,46.72,33.97
2024-01-07T21:45:01+01:00,60.15,47.47
2024-01-07T21:47:29+01:00,41.03,32.72
2024-01-07T21:49:56+01:00,36.9,28.45
2024-01-07T21:52:22+01:00,34.92,27.83
2024-01-07T21:54:48+01:00,34.17,27.75
2024-01-07T21:57:15+01:00,40.83,34.15
2024-01-07T21:59:42+01:00,32.97,28.13
2024-01-07T22:02:08+01:00,31.77,25.3
2024-01-07T22:04:36+01:00,31.42,25.55
2024-01-07T22:07:03+01:00,31.3,23.35
2024-01-07T22:09:29+01:00,30.8,24.25
2024-01-07T22:11:55+01:00,32.45,25.5
2024-01-07T22:14:21+01:00,26.63,22.73
2024-01-07T22:16:47+01:00,28.17,23.75
2024-01-07T22:19:13+01:00,29.25,23.52
2024-01-07T22:21:39+01:00,31.0,26.05
2024-01-07T22:24:05+01:00,33.13,28.65
2024-01-07T22:26:31+01:00,46.3,38.1
2024-01-07T22:28:57+01:00,45.08,35.42
2024-01-07T22:31:24+01:00,33.5,28.25
2024-01-07T22:33:52+01:00,33.97,26.17
2024-01-07T22:36:18+01:00,35.8,28.75
2024-01-07T22:38:44+01:00,36.67,29.8
2024-01-07T22:41:10+01:00,48.42,40.95
2024-01-07T22:43:36+01:00,44.0,35.17
2024-01-07T22:46:05+01:00,45.72,37.2
2024-01-07T22:48:32+01:00,58.85,44.75
2024-01-07T22:51:00+01:00,52.38,41.97
2024-01-07T22:53:28+01:00,55.13,46.45
2024-01-07T22:55:54+01:00,71.93,57.97
2024-01-07T22:58:20+01:00,92.38,69.82
2024-01-07T23:00:46+01:00,101.68,79.03
2024-01-07T23:03:12+01:00,76.03,60.33
2024-01-07T23:05:38+01:00,60.13,46.78
2024-01-07T23:08:04+01:00,47.55,38.85
2024-01-07T23:10:30+01:00,46.15,36.78
2024-01-07T23:12:57+01:00,53.65,44.55
2024-01-07T23:15:23+01:00,62.2,49.38
2024-01-07T23:17:49+01:00,67.07,53.22
2024-01-07T23:20:15+01:00,68.18,55.22
2024-01-07T23:22:42+01:00,69.35,57.63
2024-01-07T23:25:08+01:00,60.92,50.72
2024-01-07T23:27:35+01:00,66.45,54.22
2024-01-07T23:30:02+01:00,70.53,55.22
2024-01-07T23:32:28+01:00,72.57,57.33
2024-01-07T23:34:54+01:00,62.28,52.38
2024-01-07T23:37:20+01:00,64.15,49.9
2024-01-07T23:39:46+01:00,67.43,54.22
2024-01-07T23:42:13+01:00,72.32,57.58
2024-01-07T23:44:39+01:00,75.43,61.5
2024-01-07T23:47:06+01:00,102.85,77.95
2024-01-07T23:49:32+01:00,118.7,86.1
2024-01-07T23:51:58+01:00,94.3,70.7
2024-01-07T23:54:25+01:00,76.9,62.35
2024-01-07T23:56:56+01:00,81.43,64.85
2024-01-07T23:59:22+01:00,77.1,58.65
2024-01-08T00:01:48+01:00,63.08,52.13
2024-01-08T00:04:16+01:00,60.28,48.67
2024-01-08T00:06:42+01:00,74.47,57.85
2024-01-08T00:09:08+01:00,84.5,63.67
2024-01-08T00:11:35+01:00,82.28,65.5
2024-01-08T00:14:02+01:00,87.9,69.8
2024-01-08T00:16:31+01:00,100.72,81.57
2024-01-08T00:19:01+01:00,92.82,75.55
2024-01-08T00:21:27+01:00,94.38,74.85
2024-01-08T00:23:53+01:00,109.0,82.88
2024-01-08T00:26:19+01:00,96.5,77.57
2024-01-08T00:28:45+01:00,89.78,71.68
2024-01-08T00:31:11+01:00,83.13,64.57
2024-01-08T00:33:38+01:00,82.75,60.97
2024-01-08T00:36:04+01:00,107.15,79.45
2024-01-08T00:38:34+01:00,116.03,86.22
2024-01-08T00:41:00+01:00,106.97,81.07
2024-01-08T00:43:27+01:00,324.25,198.77
2024-01-08T00:45:53+01:00,129.7,97.53
2024-01-08T00:48:20+01:00,187.02,131.27
2024-01-08T00:50:46+01:00,153.18,116.15
2024-01-08T00:53:12+01:00,135.63,104.75
2024-01-08T00:55:38+01:00,126.07,95.5
2024-01-08T00:58:05+01:00,109.28,86.78
2024-01-08T01:00:31+01:00,113.82,89.63
2024-01-08T01:02:57+01:00,117.28,89.13
2024-01-08T01:05:23+01:00,107.43,84.22
2024-01-08T01:07:49+01:00,108.9,83.35
2024-01-08T01:10:15+01:00,115.35,93.25
2024-01-08T01:12:42+01:00,96.07,73.25
2024-01-08T01:15:08+01:00,79.57,63.13
2024-01-08T01:17:34+01:00,84.38,65.05
2024-01-08T01:20:00+01:00,78.97,60.2
2024-01-08T01:22:26+01:00,75.63,59.75
2024-01-08T01:24:52+01:00,76.82,60.7
2024-01-08T01:27:18+01:00,80.4,64.65
2024-01-08T01:29:44+01:00,76.8,61.6
2024-01-08T01:32:10+01:00,75.55,60.78
2024-01-08T01:34:36+01:00,70.63,55.65
2024-01-08T01:37:05+01:00,68.28,53.08
2024-01-08T01:39:31+01:00,65.65,50.05
2024-01-08T01:41:57+01:00,61.25,49.1
2024-01-08T01:44:23+01:00,95.82,70.5
2024-01-08T01:46:49+01:00,108.72,82.22
2024-01-08T01:49:15+01:00,113.82,83.25
2024-01-08T01:51:41+01:00,119.85,91.22
2024-01-08T01:54:07+01:00,112.53,86.75
2024-01-08T01:56:33+01:00,132.27,102.32
2024-01-08T01:59:00+01:00,123.78,95.43
2024-01-08T02:01:26+01:00,121.68,90.9
2024-01-08T02:03:52+01:00,131.55,98.0
2024-01-08T02:06:21+01:00,137.45,100.7
2024-01-08T02:08:47+01:00,113.25,85.72
2024-01-08T02:11:16+01:00,107.38,79.82
2024-01-08T02:13:42+01:00,99.57,77.28
2024-01-08T02:16:08+01:00,95.45,74.38
2024-01-08T02:18:34+01:00,96.2,74.85
2024-01-08T02:21:00+01:00,92.75,71.85
2024-01-08T02:23:27+01:00,94.57,73.7
2024-01-08T02:25:53+01:00,89.82,69.13
2024-01-08T02:28:19+01:00,90.8,67.78
2024-01-08T02:30:45+01:00,84.13,66.03
2024-01-08T02:33:11+01:00,87.47,68.05
2024-01-08T02:35:37+01:00,95.13,74.25
2024-01-08T02:38:03+01:00,101.18,79.8
2024-01-08T02:40:29+01:00,101.7,78.47
2024-01-08T02:42:55+01:00,94.47,76.95
2024-01-08T02:45:22+01:00,92.22,73.32
2024-01-08T02:47:51+01:00,82.63,68.45
2024-01-08T02:50:23+01:00,92.1,73.5
2024-01-08T02:52:50+01:00,103.68,81.35
2024-01-08T02:55:16+01:00,112.57,85.05
2024-01-08T02:57:43+01:00,92.7,72.93
2024-01-08T03:00:11+01:00,102.05,82.22
2024-01-08T03:02:39+01:00,108.22,84.65
2024-01-08T03:05:05+01:00,118.6,89.22
2024-01-08T03:07:32+01:00,108.68,85.05
2024-01-08T03:09:58+01:00,92.32,75.63
2024-01-08T03:12:24+01:00,96.18,77.47
2024-01-08T03:14:51+01:00,114.93,85.55
2024-01-08T03:17:17+01:00,95.63,75.57
2024-01-08T03:19:43+01:00,100.0,68.9
2024-01-08T03:22:09+01:00,85.65,63.2
2024-01-08T03:24:37+01:00,75.22,61.13
2024-01-08T03:27:03+01:00,85.57,67.85
2024-01-08T03:29:30+01:00,89.5,69.15
2024-01-08T03:31:56+01:00,82.85,64.88
2024-01-08T03:34:22+01:00,82.68,61.33
2024-01-08T03:36:50+01:00,99.6,75.1
2024-01-08T03:39:16+01:00,89.65,69.95
2024-01-08T03:41:42+01:00,75.13,60.4
2024-01-08T03:44:08+01:00,81.9,64.55
2024-01-08T03:46:34+01:00,92.82,73.07
2024-01-08T03:49:01+01:00,96.55,74.25
2024-01-08T03:51:27+01:00,86.07,66.85
2024-01-08T03:53:53+01:00,87.65,70.93
2024-01-08T03:56:19+01:00,78.95,62.05
2024-01-08T03:58:46+01:00,74.47,59.85
2024-01-08T04:01:12+01:00,82.05,66.1
2024-01-08T04:03:38+01:00,86.45,68.6
2024-01-08T04:06:04+01:00,100.55,79.7
2024-01-08T04:08:30+01:00,105.7,83.57
2024-01-08T04:10:56+01:00,107.88,83.3
2024-01-08T04:13:22+01:00,115.53,88.25
2024-01-08T04:15:48+01:00,104.25,80.6
2024-01-08T04:18:15+01:00,102.5,77.43
2024-01-08T04:20:41+01:00,96.65,75.57
2024-01-08T04:23:07+01:00,93.47,72.88
2024-01-08T04:25:36+01:00,107.03,82.85
2024-01-08T04:28:03+01:00,114.35,90.38
2024-01-08T04:30:29+01:00,119.1,93.2
2024-01-08T04:32:55+01:00,126.18,93.43
2024-01-08T04:35:21+01:00,134.13,96.22
2024-01-08T04:37:47+01:00,105.35,82.25
2024-01-08T04:40:13+01:00,139.2,104.85
2024-01-08T04:42:40+01:00,119.07,90.5
2024-01-08T04:45:06+01:00,130.45,101.45
2024-01-08T04:47:33+01:00,130.77,102.68
2024-01-08T04:50:00+01:00,110.97,88.63
2024-01-08T04:52:26+01:00,123.25,95.13
2024-01-08T04:54:52+01:00,121.68,94.63
2024-01-08T04:57:18+01:00,123.72,95.28
2024-01-08T04:59:45+01:00,107.5,86.18
2024-01-08T05:02:11+01:00,91.85,74.07
2024-01-08T05:04:39+01:00,108.1,82.18
2024-01-08T05:07:06+01:00,104.95,85.82
2024-01-08T05:09:32+01:00,119.18,93.78
2024-01-08T05:11:58+01:00,121.8,96.38
2024-01-08T05:14:24+01:00,134.95,103.32
2024-01-08T05:16:50+01:00,113.18,89.88
2024-01-08T05:19:16+01:00,111.75,90.95
2024-01-08T05:21:42+01:00,106.93,86.15
2024-01-08T05:24:08+01:00,119.15,91.93
2024-01-08T05:26:34+01:00,99.2,78.97
2024-01-08T05:29:00+01:00,118.7,98.1
2024-01-08T05:31:26+01:00,122.88,92.7
2024-01-08T05:33:55+01:00,120.05,91.28
2024-01-08T05:36:21+01:00,117.82,88.25
2024-01-08T05:38:47+01:00,114.88,88.88
2024-01-08T05:41:19+01:00,100.85,81.6
2024-01-08T05:43:46+01:00,131.77,97.85
2024-01-08T05:46:12+01:00,114.22,89.68
2024-01-08T05:48:39+01:00,125.2,97.63
2024-01-08T05:51:05+01:00,101.35,80.65
2024-01-08T05:53:35+01:00,93.05,77.22
2024-01-08T05:56:01+01:00,94.2,76.28
2024-01-08T05:58:28+01:00,108.38,84.55
2024-01-08T06:00:54+01:00,92.13,74.25
2024-01-08T06:03:20+01:00,97.47,75.7
2024-01-08T06:05:46+01:00,92.5,71.47
2024-01-08T06:08:12+01:00,84.53,65.57
2024-01-08T06:10:38+01:00,94.97,76.13
2024-01-08T06:13:04+01:00,87.5,70.53
2024-01-08T06:15:30+01:00,87.03,68.72
2024-01-08T06:17:57+01:00,101.25,79.45
2024-01-08T06:20:23+01:00,91.32,73.65
2024-01-08T06:22:49+01:00,107.57,84.63
2024-01-08T06:25:16+01:00,92.53,78.93
2024-01-08T06:27:42+01:00,128.18,98.93
2024-01-08T06:30:08+01:00,125.75,97.88
2024-01-08T06:32:34+01:00,181.75,126.95
2024-01-08T06:35:00+01:00,132.5,101.72
2024-01-08T06:37:26+01:00,80.63,62.85
2024-01-08T06:39:52+01:00,83.15,64.28
2024-01-08T06:42:18+01:00,68.9,52.3
2024-01-08T06:44:44+01:00,35.45,28.17
2024-01-08T06:47:11+01:00,36.42,28.3
2024-01-08T06:49:37+01:00,25.65,19.98
2024-01-08T06:52:03+01:00,20.92,17.48
2024-01-08T06:54:30+01:00,17.95,13.8
2024-01-08T06:56:56+01:00,14.32,10.88
2024-01-08T06:59:22+01:00,8.73,7.38
2024-01-08T07:01:48+01:00,8.98,6.22
2024-01-08T07:04:14+01:00,5.88,4.6
2024-01-08T07:06:40+01:00,4.78,4.28
2024-01-08T07:09:06+01:00,5.0,4.5
2024-01-08T07:11:34+01:00,6.18,4.07
2024-01-08T07:14:00+01:00,5.15,3.95
2024-01-08T07:16:28+01:00,4.57,3.75
2024-01-08T07:19:00+01:00,4.2,3.63
2024-01-08T07:21:26+01:00,5.07,3.55
2024-01-08T07:23:52+01:00,4.0,3.2
2024-01-08T07:26:19+01:00,3.78,3.3
2024-01-08T07:28:45+01:00,12.15,7.4
2024-01-08T07:31:12+01:00,4.65,3.5
2024-01-08T07:33:38+01:00,5.15,4.28
2024-01-08T07:36:04+01:00,5.25,3.2
2024-01-08T07:38:31+01:00,3.92,3.33
2024-01-08T07:40:57+01:00,5.13,4.32
2024-01-08T07:43:23+01:00,5.53,4.1
2024-01-08T07:45:49+01:00,4.43,3.33
2024-01-08T07:48:15+01:00,4.68,3.72
2024-01-08T07:50:41+01:00,4.38,3.92
2024-01-08T07:53:07+01:00,4.63,3.58
2024-01-08T07:55:33+01:00,11.15,9.2
2024-01-08T07:57:59+01:00,7.15,5.35
2024-01-08T08:00:25+01:00,3.4,3.1
2024-01-08T08:02:53+01:00,4.25,3.4
2024-01-08T08:05:19+01:00,3.55,3.22
2024-01-08T08:07:45+01:00,4.63,3.9
2024-01-08T08:10:12+01:00,4.35,3.95
2024-01-08T08:12:38+01:00,4.07,3.55
2024-01-08T08:15:04+01:00,6.78,3.83
2024-01-08T08:17:30+01:00,3.7,3.4
2024-01-08T08:19:56+01:00,4.82,3.7
2024-01-08T08:22:22+01:00,4.32,3.92
2024-01-08T08:24:48+01:00,4.85,4.35
2024-01-08T08:27:14+01:00,4.45,4.03
2024-01-08T08:29:41+01:00,5.35,4.38
2024-01-08T08:32:07+01:00,4.57,3.9
2024-01-08T08:34:33+01:00,6.65,4.5
2024-01-08T08:36:59+01:00,5.82,4.32
2024-01-08T08:39:25+01:00,6.55,4.35
2024-01-08T08:41:52+01:00,6.0,4.2
2024-01-08T08:44:18+01:00,7.95,4.93
2024-01-08T08:46:44+01:00,5.5,4.35
2024-01-08T08:49:10+01:00,6.7,4.55
2024-01-08T08:51:36+01:00,5.32,4.45
2024-01-08T08:54:02+01:00,5.82,4.53
2024-01-08T08:56:28+01:00,6.15,4.63
2024-01-08T08:58:54+01:00,6.82,4.6
2024-01-08T09:01:20+01:00,6.65,4.53
2024-01-08T09:03:46+01:00,6.65,5.03
2024-01-08T09:06:13+01:00,6.03,4.53
2024-01-08T09:08:39+01:00,11.27,5.4
2024-01-08T09:11:05+01:00,6.03,4.8
2024-01-08T09:13:31+01:00,5.18,4.4
2024-01-08T09:15:57+01:00,6.05,5.28
2024-01-08T09:18:24+01:00,6.68,5.22
2024-01-08T09:20:50+01:00,7.3,5.18
2024-01-08T09:23:16+01:00,10.88,7.8
2024-01-08T09:25:42+01:00,12.02,9.27
2024-01-08T09:28:08+01:00,12.85,7.88
2024-01-08T09:30:34+01:00,25.3,14.27
2024-01-08T09:33:00+01:00,17.83,11.65
2024-01-08T09:35:27+01:00,44.67,24.27
2024-01-08T09:37:53+01:00,32.22,19.52
2024-01-08T09:40:22+01:00,19.27,13.1
2024-01-08T09:42:48+01:00,17.65,11.27
2024-01-08T09:45:14+01:00,27.23,14.73
2024-01-08T09:47:42+01:00,11.63,9.5
2024-01-08T09:50:09+01:00,9.8,8.27
2024-01-08T09:52:37+01:00,11.35,9.45
2024-01-08T09:55:04+01:00,12.5,9.0
2024-01-08T09:57:30+01:00,10.6,7.22
2024-01-08T09:59:56+01:00,10.18,7.2
2024-01-08T10:02:22+01:00,8.95,7.4
2024-01-08T10:04:48+01:00,9.25,7.68
2024-01-08T10:07:14+01:00,10.57,7.3
2024-01-08T10:09:41+01:00,10.73,7.55
2024-01-08T10:12:07+01:00,9.05,7.55
2024-01-08T10:14:33+01:00,9.13,7.22
2024-01-08T10:16:59+01:00,8.32,6.88
2024-01-08T10:19:27+01:00,7.22,6.53
2024-01-08T10:21:53+01:00,10.13,7.1
2024-01-08T10:24:19+01:00,7.85,6.65
2024-01-08T10:26:45+01:00,12.45,6.5
2024-01-08T10:29:11+01:00,12.07,7.2
2024-01-08T10:31:38+01:00,7.95,6.63
2024-01-08T10:34:04+01:00,9.25,7.47
2024-01-08T10:36:33+01:00,10.3,8.2
2024-01-08T10:38:59+01:00,11.6,8.57
2024-01-08T10:41:25+01:00,9.23,8.07
2024-01-08T10:43:51+01:00,10.27,7.88
2024-01-08T10:46:25+01:00,10.0,8.27
2024-01-08T10:51:18+01:00,9.9,8.5
2024-01-08T10:53:45+01:00,13.3,9.82
2024-01-08T10:56:11+01:00,13.6,9.77
2024-01-08T10:58:39+01:00,11.43,9.88
2024-01-08T11:01:05+01:00,11.25,9.48
2024-01-08T11:03:31+01:00,11.4,9.57
2024-01-08T11:05:58+01:00,12.75,10.45
2024-01-08T11:08:24+01:00,17.35,13.5
2024-01-08T11:10:51+01:00,10.65,9.38
2024-01-08T11:13:17+01:00,13.57,11.0
2024-01-08T11:15:47+01:00,11.05,8.88
2024-01-08T11:18:16+01:00,10.52,9.43
2024-01-08T11:20:43+01:00,12.95,10.18
2024-01-08T11:23:11+01:00,13.98,10.77
2024-01-08T11:25:49+01:00,11.88,10.07
2024-01-08T11:28:16+01:00,11.13,9.75
2024-01-08T11:30:44+01:00,12.23,10.52
2024-01-08T11:33:10+01:00,14.63,12.2
2024-01-08T11:35:36+01:00,14.43,12.6
2024-01-08T11:38:03+01:00,13.38,11.38
2024-01-08T11:40:29+01:00,14.82,11.82
2024-01-08T11:42:56+01:00,15.43,11.4
2024-01-08T11:45:22+01:00,14.85,12.0
2024-01-08T11:48:05+01:00,17.3,13.35
2024-01-08T11:50:31+01:00,18.67,15.43
2024-01-08T11:52:59+01:00,15.13,13.23
2024-01-08T11:55:27+01:00,17.48,14.73
2024-01-08T11:58:02+01:00,35.83,25.65
2024-01-08T12:00:29+01:00,19.98,17.08
2024-01-08T12:02:55+01:00,16.33,14.63
2024-01-08T12:05:22+01:00,17.17,15.23
2024-01-08T12:07:48+01:00,17.0,14.88
2024-01-08T12:10:16+01:00,16.6,13.2
2024-01-08T12:13:15+01:00,14.7,13.02
2024-01-08T12:15:34+01:00,15.52,13.88
2024-01-08T12:18:01+01:00,14.88,12.55
2024-01-08T12:28:17+01:00,16.77,14.75
2024-01-08T12:30:43+01:00,16.75,14.88
2024-01-08T12:35:42+01:00,15.4,13.8
2024-01-08T12:40:46+01:00,15.52,13.13
2024-01-08T12:43:12+01:00,17.17,14.25
2024-01-08T12:45:39+01:00,19.88,16.1
2024-01-08T12:48:06+01:00,21.9,18.73
2024-01-08T12:50:33+01:00,21.13,18.35
2024-01-08T12:52:59+01:00,20.9,18.55
2024-01-08T12:55:29+01:00,25.3,19.63
2024-01-08T12:57:56+01:00,20.77,18.58
2024-01-08T13:00:23+01:00,18.4,16.45
2024-01-08T13:02:49+01:00,23.02,19.0
2024-01-08T13:05:15+01:00,20.3,17.65
2024-01-08T13:07:42+01:00,18.98,15.63
2024-01-08T13:10:08+01:00,19.6,15.9
2024-01-08T13:12:37+01:00,21.55,16.38
2024-01-08T13:15:05+01:00,20.48,17.0
2024-01-08T13:17:31+01:00,19.35,16.65
2024-01-08T13:19:57+01:00,17.58,15.4
2024-01-08T13:22:24+01:00,18.65,16.65
2024-01-08T13:24:59+01:00,18.83,16.17
2024-01-08T13:27:26+01:00,18.75,16.75
2024-01-08T13:29:55+01:00,18.1,16.2
2024-01-08T13:32:22+01:00,19.3,17.02
2024-01-08T13:34:49+01:00,17.92,15.65
2024-01-08T13:37:16+01:00,21.63,16.25
2024-01-08T13:39:45+01:00,19.73,17.73
2024-01-08T13:42:15+01:00,17.63,15.5
2024-01-08T13:44:42+01:00,15.32,13.73
2024-01-08T13:47:09+01:00,24.9,19.1
2024-01-08T13:49:35+01:00,24.15,19.5
2024-01-08T13:52:01+01:00,20.73,17.65
2024-01-08T13:54:31+01:00,20.3,17.92
2024-01-08T13:56:57+01:00,19.67,17.52
2024-01-08T13:59:24+01:00,24.58,19.45
2024-01-08T14:01:50+01:00,25.98,20.6
2024-01-08T14:04:17+01:00,19.75,17.33
2024-01-08T14:06:43+01:00,24.83,17.88
2024-01-08T14:09:10+01:00,20.58,17.55
2024-01-08T14:11:37+01:00,23.42,19.58
2024-01-08T14:14:03+01:00,27.17,23.33
2024-01-08T14:16:32+01:00,26.67,22.45
2024-01-08T14:18:58+01:00,28.67,23.23
2024-01-08T14:21:25+01:00,27.5,24.4
2024-01-08T14:23:51+01:00,36.85,30.05
2024-01-08T14:26:17+01:00,29.52,26.27
2024-01-08T14:28:43+01:00,36.03,27.8
2024-01-08T14:31:10+01:00,35.53,28.38
2024-01-08T14:33:37+01:00,33.13,26.52
2024-01-08T14:36:03+01:00,36.8,28.08
2024-01-08T14:38:32+01:00,37.15,28.05
2024-01-08T14:40:58+01:00,26.0,23.0
2024-01-08T14:43:26+01:00,28.4,23.58
2024-01-08T14:45:52+01:00,40.83,30.85
2024-01-08T14:48:22+01:00,30.65,25.67
2024-01-08T14:50:48+01:00,30.0,24.98
2024-01-08T14:53:16+01:00,42.6,35.42
2024-01-08T14:55:42+01:00,46.75,36.7
2024-01-08T14:58:08+01:00,39.45,33.38
2024-01-08T15:00:34+01:00,38.03,33.55
2024-01-08T15:03:00+01:00,43.0,33.47
2024-01-08T15:05:26+01:00,43.4,36.1
2024-01-08T15:07:52+01:00,39.28,32.78
2024-01-08T15:10:19+01:00,30.77,27.42
2024-01-08T15:12:45+01:00,32.35,26.52
2024-01-08T15:15:12+01:00,25.63,22.2
2024-01-08T15:17:38+01:00,32.67,25.75
2024-01-08T15:20:06+01:00,34.45,27.3
2024-01-08T15:22:36+01:00,24.65,19.83
2024-01-08T15:25:02+01:00,19.67,16.85
2024-01-08T15:27:29+01:00,21.77,16.42
2024-01-08T15:29:55+01:00,18.88,15.77
2024-01-08T15:32:21+01:00,19.5,16.23
2024-01-08T15:34:49+01:00,22.27,18.23
2024-01-08T15:37:15+01:00,15.68,13.7
2024-01-08T15:39:42+01:00,19.27,15.07
2024-01-08T15:42:08+01:00,21.27,18.0
2024-01-08T15:44:35+01:00,19.33,17.33
2024-01-08T15:47:01+01:00,17.42,15.6
2024-01-08T15:49:27+01:00,14.55,12.98
2024-01-08T15:51:53+01:00,16.02,13.15
2024-01-08T15:54:19+01:00,14.52,13.02
2024-01-08T15:56:46+01:00,14.63,12.6
2024-01-08T15:59:12+01:00,15.98,13.68
2024-01-08T16:01:39+01:00,18.8,16.0
2024-01-08T16:04:05+01:00,19.3,13.73
2024-01-08T16:06:32+01:00,14.02,12.3
2024-01-08T16:08:58+01:00,20.05,17.25
2024-01-08T16:11:24+01:00,15.48,13.82
2024-01-08T16:13:50+01:00,15.4,13.4
2024-01-08T16:16:16+01:00,16.85,13.88
2024-01-08T16:18:42+01:00,21.27,18.23
2024-01-08T16:21:08+01:00,19.4,15.57
2024-01-08T16:23:34+01:00,17.1,14.55
2024-01-08T16:26:03+01:00,17.83,15.93
2024-01-08T16:28:33+01:00,19.15,15.57
2024-01-08T16:30:59+01:00,16.42,14.6
2024-01-08T16:33:27+01:00,17.7,14.0
2024-01-08T16:35:53+01:00,21.33,16.38
2024-01-08T16:38:21+01:00,18.23,13.48
2024-01-08T16:40:47+01:00,11.88,10.5
2024-01-08T16:43:13+01:00,11.73,9.98
2024-01-08T16:45:39+01:00,13.73,10.32
2024-01-08T16:48:06+01:00,11.48,10.25
2024-01-08T16:50:32+01:00,12.55,11.25
2024-01-08T16:52:58+01:00,13.2,11.15
2024-01-08T16:55:26+01:00,14.77,13.07
2024-01-08T16:57:52+01:00,18.95,16.27
2024-01-08T17:00:18+01:00,15.38,13.77
2024-01-08T17:02:44+01:00,15.4,13.1
2024-01-08T17:05:11+01:00,14.77,13.18
2024-01-08T17:07:37+01:00,19.88,17.88
2024-01-08T17:10:03+01:00,19.13,17.02
2024-01-08T17:12:29+01:00,17.85,15.82
2024-01-08T17:14:56+01:00,23.98,20.67
2024-01-08T17:17:22+01:00,21.42,19.1
2024-01-08T17:19:48+01:00,22.7,19.25
2024-01-08T17:22:14+01:00,25.08,22.38
2024-01-08T17:24:40+01:00,26.0,23.13
2024-01-08T17:27:06+01:00,30.83,27.52
2024-01-08T17:29:32+01:00,30.85,25.02
2024-01-08T17:31:58+01:00,31.1,27.77
2024-01-08T17:34:24+01:00,37.38,25.8
2024-01-08T17:36:50+01:00,26.85,22.33
2024-01-08T17:39:17+01:00,27.4,23.67
2024-01-08T17:41:43+01:00,29.92,23.8
2024-01-08T17:44:10+01:00,23.15,20.7
2024-01-08T17:46:36+01:00,22.1,19.73
2024-01-08T17:49:04+01:00,23.6,20.48
2024-01-08T17:51:31+01:00,34.08,26.65
2024-01-08T17:53:57+01:00,24.77,20.6
2024-01-08T17:56:23+01:00,21.05,18.55
2024-01-08T17:58:49+01:00,18.67,16.38
2024-01-08T18:01:18+01:00,21.1,18.7
2024-01-08T18:03:44+01:00,31.58,25.83
2024-01-08T18:06:10+01:00,27.98,24.0
2024-01-08T18:08:37+01:00,28.67,23.52
2024-01-08T18:11:03+01:00,31.27,25.27
2024-01-08T18:13:30+01:00,37.35,29.38
2024-01-08T18:15:56+01:00,38.08,31.38
2024-01-08T18:18:22+01:00,41.08,32.5
2024-01-08T18:20:51+01:00,30.17,25.63
2024-01-08T18:23:17+01:00,23.8,19.55
2024-01-08T18:25:44+01:00,19.65,17.55
2024-01-08T18:28:11+01:00,20.23,18.1
2024-01-08T18:30:37+01:00,23.42,18.45
2024-01-08T18:33:03+01:00,26.6,22.1
2024-01-08T18:35:29+01:00,29.95,23.95
2024-01-08T18:37:56+01:00,18.48,15.65
2024-01-08T18:40:23+01:00,20.3,16.02
2024-01-08T18:42:49+01:00,23.92,19.77
2024-01-08T18:45:16+01:00,22.95,19.27
2024-01-08T18:47:42+01:00,24.17,21.2
2024-01-08T18:50:08+01:00,18.8,16.15
2024-01-08T18:52:34+01:00,18.6,16.6
2024-01-08T18:55:01+01:00,22.0,19.65
2024-01-08T18:57:27+01:00,24.58,17.02
2024-01-08T18:59:53+01:00,18.88,16.88
2024-01-08T19:02:19+01:00,18.7,16.65
2024-01-08T19:04:45+01:00,18.08,15.5
2024-01-08T19:07:11+01:00,18.67,15.85
2024-01-08T19:09:37+01:00,18.55,16.55
2024-01-08T19:12:03+01:00,29.05,22.48
2024-01-08T19:14:29+01:00,40.6,27.83
2024-01-08T19:16:55+01:00,30.9,24.02
2024-01-08T19:19:22+01:00,32.65,24.95
2024-01-08T19:21:49+01:00,32.58,26.98
2024-01-08T19:24:15+01:00,34.03,27.85
2024-01-08T19:26:41+01:00,36.42,29.1
2024-01-08T19:29:07+01:00,38.1,28.92
2024-01-08T19:31:33+01:00,33.35,26.42
2024-01-08T19:33:59+01:00,34.55,24.92
2024-01-08T19:36:25+01:00,27.08,23.17
2024-01-08T19:38:52+01:00,35.15,28.48
2024-01-08T19:41:18+01:00,29.23,24.8
2024-01-08T19:43:44+01:00,28.42,23.88
2024-01-08T19:46:10+01:00,27.67,23.1
2024-01-08T19:48:36+01:00,29.45,24.38
2024-01-08T19:51:03+01:00,28.67,24.2
2024-01-08T19:53:29+01:00,28.55,24.45
2024-01-08T19:55:56+01:00,30.98,25.95
2024-01-08T19:58:22+01:00,34.28,28.23
2024-01-08T20:00:48+01:00,33.0,27.95
2024-01-08T20:03:18+01:00,31.23,26.55
2024-01-08T20:05:44+01:00,36.9,30.08
2024-01-08T20:08:10+01:00,39.4,32.0
2024-01-08T20:10:36+01:00,48.95,37.95
2024-01-08T20:13:03+01:00,40.5,32.55
2024-01-08T20:15:29+01:00,33.0,28.48
2024-01-08T20:17:55+01:00,32.4,28.3
2024-01-08T20:20:21+01:00,36.0,31.27
2024-01-08T20:22:47+01:00,35.28,30.33
2024-01-08T20:25:13+01:00,42.17,34.0
2024-01-08T20:27:40+01:00,34.65,29.15
2024-01-08T20:30:07+01:00,38.53,32.95
2024-01-08T20:32:33+01:00,41.72,35.55
2024-01-08T20:35:00+01:00,33.22,28.9
2024-01-08T20:37:26+01:00,36.15,29.92
2024-01-08T20:39:53+01:00,38.22,31.7
2024-01-08T20:42:19+01:00,32.55,28.88
2024-01-08T20:44:45+01:00,31.7,27.52
2024-01-08T20:47:11+01:00,38.58,31.63
2024-01-08T20:49:38+01:00,46.15,38.42
2024-01-08T20:52:04+01:00,35.97,31.15
2024-01-08T20:54:31+01:00,37.97,32.97
2024-01-08T20:56:57+01:00,39.63,33.75
2024-01-08T20:59:23+01:00,36.88,31.92
2024-01-08T21:01:49+01:00,40.17,33.0
2024-01-08T21:04:15+01:00,46.2,38.97
2024-01-08T21:06:41+01:00,41.53,35.0
2024-01-08T21:09:07+01:00,52.8,40.15
2024-01-08T21:11:34+01:00,66.78,49.03
2024-01-08T21:14:00+01:00,66.15,48.45
2024-01-08T21:16:26+01:00,67.88,55.33
2024-01-08T21:18:52+01:00,75.63,58.63
2024-01-08T21:21:18+01:00,69.95,56.05
2024-01-08T21:23:44+01:00,71.47,55.75
2024-01-08T21:26:11+01:00,68.53,57.38
2024-01-08T21:28:41+01:00,71.93,59.08
2024-01-08T21:31:07+01:00,92.8,75.78
2024-01-08T21:33:33+01:00,88.85,68.93
2024-01-08T21:36:00+01:00,81.9,63.9
2024-01-08T21:38:26+01:00,74.28,57.92
2024-01-08T21:40:53+01:00,59.63,47.5
2024-01-08T21:43:19+01:00,62.78,51.97
2024-01-08T21:45:45+01:00,64.32,52.33
2024-01-08T21:48:12+01:00,65.97,50.9
2024-01-08T21:50:38+01:00,60.53,49.33
2024-01-08T21:53:04+01:00,63.67,53.58
2024-01-08T21:55:32+01:00,58.33,50.0
2024-01-08T21:57:58+01:00,52.88,43.55
2024-01-08T22:00:24+01:00,56.5,48.28
2024-01-08T22:02:50+01:00,56.33,47.8
2024-01-08T22:05:17+01:00,59.83,48.78
2024-01-08T22:07:44+01:00,59.42,48.3
2024-01-08T22:10:10+01:00,62.67,48.8
2024-01-08T22:12:37+01:00,56.35,46.33
2024-01-08T22:15:04+01:00,56.35,44.97
2024-01-08T22:17:30+01:00,58.35,45.72
2024-01-08T22:19:56+01:00,63.47,51.2
2024-01-08T22:22:22+01:00,64.4,48.05
2024-01-08T22:24:48+01:00,59.6,47.03
2024-01-08T22:27:14+01:00,60.72,46.92
2024-01-08T22:29:41+01:00,67.1,52.13
2024-01-08T22:32:08+01:00,58.25,46.9
2024-01-08T22:34:43+01:00,63.72,51.4
2024-01-08T22:37:10+01:00,61.15,48.88
2024-01-08T22:39:44+01:00,61.28,50.9
2024-01-08T22:42:10+01:00,60.13,49.35
2024-01-08T22:44:36+01:00,63.72,52.13
2024-01-08T22:47:03+01:00,58.63,48.05
2024-01-08T22:49:29+01:00,58.63,48.88
2024-01-08T22:51:55+01:00,55.7,47.1
2024-01-08T22:54:21+01:00,62.63,50.17
2024-01-08T22:56:48+01:00,59.67,48.95
2024-01-08T22:59:14+01:00,63.53,50.65
2024-01-08T23:01:40+01:00,63.2,50.08
2024-01-08T23:04:06+01:00,70.47,57.55
2024-01-08T23:06:35+01:00,74.03,59.97
2024-01-08T23:09:01+01:00,76.0,59.25
2024-01-08T23:11:28+01:00,80.7,63.17
2024-01-08T23:13:54+01:00,134.02,104.05
2024-01-08T23:16:20+01:00,77.03,58.42
2024-01-08T23:18:46+01:00,63.83,50.97
2024-01-08T23:21:13+01:00,57.35,46.0
2024-01-08T23:23:39+01:00,105.35,80.68
2024-01-08T23:26:05+01:00,51.72,43.0
2024-01-08T23:28:31+01:00,44.78,36.97
2024-01-08T23:30:57+01:00,39.2,33.08
2024-01-08T23:33:23+01:00,38.45,31.67
2024-01-08T23:35:49+01:00,36.45,31.0
2024-01-08T23:38:15+01:00,34.4,29.58
2024-01-08T23:40:41+01:00,33.42,29.23
2024-01-08T23:43:07+01:00,35.78,30.17
2024-01-08T23:45:33+01:00,36.83,32.0
2024-01-08T23:47:59+01:00,35.88,31.9
2024-01-08T23:50:25+01:00,34.92,30.45
2024-01-08T23:52:51+01:00,32.92,29.27
2024-01-08T23:55:18+01:00,30.1,26.8
2024-01-08T23:57:44+01:00,28.73,25.6
2024-01-09T00:00:10+01:00,28.27,22.77
2024-01-09T00:02:37+01:00,26.13,23.15
2024-01-09T00:05:03+01:00,24.1,21.1
2024-01-09T00:07:30+01:00,26.02,22.85
2024-01-09T00:09:56+01:00,25.27,22.55
2024-01-09T00:12:22+01:00,27.05,23.38
2024-01-09T00:14:48+01:00,24.8,22.1
2024-01-09T00:17:14+01:00,29.15,24.2
2024-01-09T00:19:42+01:00,26.15,22.5
2024-01-09T00:22:08+01:00,29.17,25.38
2024-01-09T00:24:35+01:00,27.8,24.0
2024-01-09T00:27:02+01:00,31.58,25.1
2024-01-09T00:29:30+01:00,25.4,22.42
2024-01-09T00:31:56+01:00,26.33,22.98
2024-01-09T00:34:22+01:00,38.25,28.88
2024-01-09T00:36:48+01:00,30.38,24.27
2024-01-09T00:39:15+01:00,27.95,23.48
2024-01-09T00:41:41+01:00,32.1,25.38
2024-01-09T00:44:07+01:00,27.15,23.45
2024-01-09T00:46:33+01:00,28.8,25.4
2024-01-09T00:48:59+01:00,31.92,27.15
2024-01-09T00:51:25+01:00,32.13,27.65
2024-01-09T00:53:51+01:00,32.38,26.9
2024-01-09T00:56:17+01:00,30.42,26.63
2024-01-09T00:58:43+01:00,33.4,28.08
2024-01-09T01:01:09+01:00,32.83,27.85
2024-01-09T01:03:35+01:00,29.3,24.0
2024-01-09T01:06:01+01:00,30.7,26.13
2024-01-09T01:08:27+01:00,32.33,24.45
2024-01-09T01:10:53+01:00,29.58,25.67
2024-01-09T01:13:20+01:00,28.52,24.63
2024-01-09T01:15:46+01:00,16.15,8.93
2024-01-09T01:18:12+01:00,29.88,24.55
2024-01-09T01:20:38+01:00,28.8,23.42
2024-01-09T01:23:04+01:00,28.35,25.13
2024-01-09T01:25:30+01:00,30.98,25.88
2024-01-09T01:27:56+01:00,31.02,26.13
2024-01-09T01:30:23+01:00,29.6,25.6
2024-01-09T01:32:49+01:00,31.1,26.98
2024-01-09T01:35:16+01:00,33.63,29.85
2024-01-09T01:37:42+01:00,40.13,34.17
2024-01-09T01:40:09+01:00,32.58,28.88
2024-01-09T01:42:35+01:00,35.33,30.4
2024-01-09T01:45:01+01:00,31.67,28.15
2024-01-09T01:47:27+01:00,29.55,25.35
2024-01-09T01:49:54+01:00,30.2,26.63
2024-01-09T01:52:21+01:00,30.83,27.4
2024-01-09T01:54:47+01:00,32.05,26.6
2024-01-09T01:57:13+01:00,32.67,27.77
2024-01-09T01:59:39+01:00,37.22,31.8
2024-01-09T02:02:05+01:00,44.83,36.2
2024-01-09T02:04:31+01:00,43.53,36.72
2024-01-09T02:06:57+01:00,47.67,39.83
2024-01-09T02:09:23+01:00,49.47,42.22
2024-01-09T02:11:49+01:00,55.85,43.92
2024-01-09T02:14:15+01:00,51.7,43.6
2024-01-09T02:16:41+01:00,53.38,44.7
2024-01-09T02:19:07+01:00,55.22,44.8
2024-01-09T02:21:33+01:00,48.17,40.42
2024-01-09T02:23:59+01:00,50.08,40.22
2024-01-09T02:26:25+01:00,51.83,42.35
2024-01-09T02:28:51+01:00,47.13,40.15
2024-01-09T02:31:18+01:00,48.45,39.05
2024-01-09T02:33:44+01:00,53.55,42.13
2024-01-09T02:36:16+01:00,44.7,36.83
2024-01-09T02:38:42+01:00,44.08,37.33
2024-01-09T02:41:09+01:00,38.65,34.25
2024-01-09T02:43:35+01:00,39.9,34.42
2024-01-09T02:46:01+01:00,39.55,33.45
2024-01-09T02:48:28+01:00,45.4,37.05
2024-01-09T02:50:54+01:00,46.67,37.0
2024-01-09T02:53:21+01:00,42.92,37.0
2024-01-09T02:55:47+01:00,49.53,42.2
2024-01-09T02:58:13+01:00,54.95,45.7
2024-01-09T03:00:40+01:00,39.38,34.7
2024-01-09T03:03:06+01:00,40.83,35.17
2024-01-09T03:05:33+01:00,41.45,35.75
2024-01-09T03:08:00+01:00,34.7,30.83
2024-01-09T03:10:27+01:00,41.4,35.35
2024-01-09T03:12:53+01:00,45.92,39.42
2024-01-09T03:15:19+01:00,47.35,39.65
2024-01-09T03:17:45+01:00,47.1,39.63
2024-01-09T03:20:11+01:00,48.53,38.8
2024-01-09T03:22:37+01:00,47.8,40.35
2024-01-09T03:25:04+01:00,44.85,37.92
2024-01-09T03:29:59+01:00,50.2,41.78
2024-01-09T03:32:25+01:00,45.85,38.8
2024-01-09T03:34:51+01:00,49.67,41.0
2024-01-09T03:37:18+01:00,55.85,45.92
2024-01-09T03:39:44+01:00,61.15,47.8
2024-01-09T03:42:10+01:00,58.58,47.25
2024-01-09T03:44:38+01:00,57.03,45.42
2024-01-09T03:47:04+01:00,56.53,45.58
2024-01-09T03:49:30+01:00,55.63,43.83
2024-01-09T03:51:56+01:00,56.75,46.92
2024-01-09T03:54:22+01:00,57.45,46.53
2024-01-09T03:56:48+01:00,61.05,48.55
2024-01-09T03:59:15+01:00,62.78,48.45
2024-01-09T04:01:41+01:00,54.95,43.97
2024-01-09T04:04:07+01:00,51.55,42.38
2024-01-09T04:06:33+01:00,51.45,41.67
2024-01-09T04:08:59+01:00,53.72,43.15
2024-01-09T04:11:25+01:00,55.03,43.92
2024-01-09T04:13:51+01:00,51.35,42.2
2024-01-09T04:16:17+01:00,51.47,40.3
2024-01-09T04:18:43+01:00,50.1,40.88
2024-01-09T04:21:10+01:00,51.88,41.38
2024-01-09T04:23:36+01:00,51.85,41.22
2024-01-09T04:26:02+01:00,49.4,40.13
2024-01-09T04:28:28+01:00,52.75,43.97
2024-01-09T04:30:54+01:00,51.78,42.5
2024-01-09T04:33:20+01:00,51.78,42.6
2024-01-09T04:35:46+01:00,54.88,44.45
2024-01-09T04:38:12+01:00,52.9,43.42
2024-01-09T04:40:38+01:00,51.17,43.1
2024-01-09T04:43:05+01:00,48.88,40.6
2024-01-09T04:45:34+01:00,48.97,41.8
2024-01-09T04:48:00+01:00,47.9,39.45
2024-01-09T04:50:26+01:00,46.05,38.55
2024-01-09T04:52:52+01:00,47.5,38.8
2024-01-09T04:55:18+01:00,43.83,37.35
2024-01-09T04:57:44+01:00,45.7,37.08
2024-01-09T05:00:11+01:00,52.25,42.67
2024-01-09T05:02:37+01:00,55.15,45.0
2024-01-09T05:05:04+01:00,80.32,59.72
2024-01-09T05:07:30+01:00,56.88,45.08
2024-01-09T05:09:56+01:00,53.35,42.92
2024-01-09T05:12:22+01:00,55.58,44.3
2024-01-09T05:14:48+01:00,55.9,45.42
2024-01-09T05:17:14+01:00,66.18,49.95
2024-01-09T05:19:40+01:00,62.0,48.17
2024-01-09T05:22:06+01:00,64.85,49.78
2024-01-09T05:24:33+01:00,64.53,50.38
2024-01-09T05:26:59+01:00,69.05,52.25
2024-01-09T05:29:26+01:00,68.6,52.67
2024-01-09T05:31:52+01:00,71.38,55.15
2024-01-09T05:34:19+01:00,68.38,51.7
2024-01-09T05:36:45+01:00,70.43,53.13
2024-01-09T05:39:11+01:00,69.6,53.0
2024-01-09T05:41:37+01:00,72.43,53.7
2024-01-09T05:44:03+01:00,74.8,55.97
2024-01-09T05:46:29+01:00,66.07,50.25
2024-01-09T05:48:56+01:00,65.85,49.58
2024-01-09T05:51:22+01:00,70.45,52.0
2024-01-09T05:53:48+01:00,71.5,53.58
2024-01-09T05:56:14+01:00,67.18,51.13
2024-01-09T05:58:40+01:00,33.92,27.65
2024-01-09T06:01:10+01:00,25.85,21.1
2024-01-09T06:03:36+01:00,17.1,9.88
2024-01-09T06:06:02+01:00,14.07,8.68
2024-01-09T06:08:28+01:00,19.65,16.85
2024-01-09T06:10:54+01:00,19.38,16.52
2024-01-09T06:13:20+01:00,19.92,17.63
2024-01-09T06:15:47+01:00,19.27,16.4
2024-01-09T06:18:13+01:00,19.33,16.73
2024-01-09T06:20:39+01:00,24.13,20.05
2024-01-09T06:23:05+01:00,36.9,30.67
2024-01-09T06:25:31+01:00,50.33,40.67
2024-01-09T06:27:57+01:00,56.67,45.8
2024-01-09T06:30:23+01:00,58.72,46.92
2024-01-09T06:32:50+01:00,51.9,41.97
2024-01-09T06:35:17+01:00,47.4,37.85
2024-01-09T06:37:43+01:00,50.17,40.1
2024-01-09T06:40:09+01:00,49.55,41.58
2024-01-09T06:42:36+01:00,49.7,41.53
2024-01-09T06:45:02+01:00,48.42,40.5
2024-01-09T06:47:28+01:00,49.65,39.75
2024-01-09T06:49:54+01:00,50.2,39.35
2024-01-09T06:52:20+01:00,32.38,26.2
2024-01-09T06:54:47+01:00,24.23,19.6
2024-01-09T06:57:13+01:00,23.77,19.13
2024-01-09T06:59:40+01:00,26.98,18.67
2024-01-09T07:02:06+01:00,23.35,20.63
2024-01-09T07:04:32+01:00,19.52,16.0
2024-01-09T07:06:58+01:00,18.58,16.13
2024-01-09T07:09:24+01:00,19.55,17.4
2024-01-09T07:11:50+01:00,23.83,20.0
2024-01-09T07:14:16+01:00,28.73,24.5
2024-01-09T07:16:43+01:00,19.5,15.8
2024-01-09T07:19:09+01:00,16.73,14.45
2024-01-09T07:21:35+01:00,17.38,13.55
2024-01-09T07:24:01+01:00,18.98,16.05
2024-01-09T07:26:27+01:00,20.05,17.17
2024-01-09T07:28:53+01:00,20.73,16.95
2024-01-09T07:31:19+01:00,22.0,17.35
2024-01-09T07:33:45+01:00,21.27,17.08
2024-01-09T07:36:11+01:00,20.35,17.25
2024-01-09T07:38:37+01:00,20.65,17.5
2024-01-09T07:41:03+01:00,19.15,16.38
2024-01-09T07:43:29+01:00,20.67,16.83
2024-01-09T07:45:56+01:00,21.98,17.23
2024-01-09T07:48:22+01:00,20.95,16.98
2024-01-09T07:50:48+01:00,21.1,16.63
2024-01-09T07:53:14+01:00,30.05,18.05
2024-01-09T07:55:40+01:00,18.27,15.95
2024-01-09T07:58:06+01:00,13.65,6.65
2024-01-09T08:00:32+01:00,9.45,5.88
2024-01-09T08:02:59+01:00,11.35,6.53
2024-01-09T08:05:25+01:00,16.23,8.98
2024-01-09T08:07:51+01:00,20.8,15.25
2024-01-09T08:10:18+01:00,21.02,16.27
2024-01-09T08:12:44+01:00,20.08,16.27
2024-01-09T08:15:10+01:00,9.38,5.78
2024-01-09T08:17:39+01:00,8.18,5.75
2024-01-09T08:20:05+01:00,13.98,7.4
2024-01-09T08:22:32+01:00,18.35,15.23
2024-01-09T08:24:58+01:00,17.2,14.55
2024-01-09T08:27:24+01:00,17.98,14.05
2024-01-09T08:29:50+01:00,18.4,14.88
2024-01-09T08:32:16+01:00,19.1,15.07
2024-01-09T08:34:42+01:00,17.35,14.52
2024-01-09T08:37:09+01:00,19.6,16.02
2024-01-09T08:39:35+01:00,20.73,16.13
2024-01-09T08:42:01+01:00,18.38,16.0
2024-01-09T08:44:27+01:00,16.92,13.93
2024-01-09T08:46:53+01:00,19.15,15.4
2024-01-09T08:49:19+01:00,18.15,15.05
2024-01-09T08:51:45+01:00,14.38,5.82
2024-01-09T08:54:11+01:00,15.57,13.32
2024-01-09T08:56:37+01:00,19.2,15.65
2024-01-09T08:59:03+01:00,24.42,17.33
2024-01-09T09:01:32+01:00,17.17,14.32
2024-01-09T09:04:00+01:00,45.15,25.85
2024-01-09T09:06:26+01:00,73.97,38.28
2024-01-09T09:08:52+01:00,55.85,31.88
2024-01-09T09:11:18+01:00,22.7,15.73
2024-01-09T09:13:44+01:00,31.4,20.02
2024-01-09T09:16:12+01:00,19.55,15.4
2024-01-09T09:18:38+01:00,17.35,14.48
2024-01-09T09:21:04+01:00,20.17,14.85
2024-01-09T09:23:31+01:00,114.45,50.17
2024-01-09T09:25:58+01:00,51.2,26.38
2024-01-09T09:28:24+01:00,55.25,27.67
2024-01-09T09:30:50+01:00,28.8,18.33
2024-01-09T09:33:16+01:00,56.92,28.1
2024-01-09T09:35:42+01:00,18.17,15.13
2024-01-09T09:38:09+01:00,19.8,16.17
2024-01-09T09:40:35+01:00,18.9,15.98
2024-01-09T09:43:01+01:00,20.58,15.73
2024-01-09T09:45:27+01:00,18.58,15.48
2024-01-09T09:47:53+01:00,19.13,16.52
2024-01-09T09:50:19+01:00,20.4,15.5
2024-01-09T09:52:45+01:00,21.73,17.0
2024-01-09T09:55:12+01:00,21.77,16.75
2024-01-09T09:57:38+01:00,22.2,16.8
2024-01-09T10:00:05+01:00,22.7,16.92
2024-01-09T10:02:31+01:00,22.95,16.38
2024-01-09T10:04:57+01:00,21.02,16.6
2024-01-09T10:07:23+01:00,20.88,16.75
2024-01-09T10:09:49+01:00,20.48,16.35
2024-01-09T10:12:15+01:00,19.7,15.93
2024-01-09T10:14:42+01:00,19.3,15.8
2024-01-09T10:17:08+01:00,21.9,16.6
2024-01-09T10:19:35+01:00,21.17,16.63
2024-01-09T10:22:01+01:00,22.4,16.38
2024-01-09T10:24:27+01:00,22.83,17.3
2024-01-09T10:26:54+01:00,20.5,16.52
2024-01-09T10:29:20+01:00,19.6,16.75
2024-01-09T10:31:46+01:00,19.83,15.4
2024-01-09T10:34:12+01:00,19.85,15.8
2024-01-09T10:36:38+01:00,21.4,16.3
2024-01-09T10:39:04+01:00,20.42,16.5
2024-01-09T10:41:31+01:00,20.3,16.67
2024-01-09T10:43:58+01:00,21.52,16.75
2024-01-09T10:46:25+01:00,21.38,16.95
2024-01-09T10:48:51+01:00,20.45,16.2
2024-01-09T10:51:19+01:00,21.98,17.0
2024-01-09T10:53:45+01:00,19.9,16.35
2024-01-09T10:56:12+01:00,21.25,16.58
2024-01-09T10:58:39+01:00,24.15,16.23
2024-01-09T11:01:05+01:00,18.9,16.15
2024-01-09T11:03:34+01:00,19.48,16.15
2024-01-09T11:06:02+01:00,23.55,18.05
2024-01-09T11:08:32+01:00,21.48,17.4
2024-01-09T11:10:59+01:00,21.92,16.52
2024-01-09T11:13:25+01:00,20.2,15.88
2024-01-09T11:16:00+01:00,38.15,22.5
2024-01-09T11:18:31+01:00,24.38,18.58
2024-01-09T11:21:00+01:00,24.33,18.83
2024-01-09T11:23:27+01:00,27.48,18.65
2024-01-09T11:25:54+01:00,24.73,19.38
2024-01-09T11:28:20+01:00,33.35,24.42
2024-01-09T11:30:46+01:00,22.5,18.35
2024-01-09T11:33:14+01:00,26.45,20.45
2024-01-09T11:35:40+01:00,21.1,17.95
2024-01-09T11:38:06+01:00,23.17,19.13
2024-01-09T11:40:36+01:00,22.05,16.95
2024-01-09T11:43:02+01:00,22.8,17.45
2024-01-09T11:45:29+01:00,21.17,17.25
2024-01-09T11:47:56+01:00,22.85,18.17
2024-01-09T11:50:23+01:00,24.0,18.13
2024-01-09T11:52:50+01:00,23.35,18.88
2024-01-09T11:55:16+01:00,24.2,18.02
2024-01-09T11:57:43+01:00,21.08,17.65
2024-01-09T12:00:11+01:00,21.92,17.02
2024-01-09T12:02:37+01:00,20.77,16.77
2024-01-09T12:05:07+01:00,22.98,17.95
2024-01-09T12:07:36+01:00,22.88,16.95
2024-01-09T12:10:03+01:00,20.33,16.92
2024-01-09T12:17:27+01:00,20.58,16.67
2024-01-09T12:19:54+01:00,20.85,16.6
2024-01-09T12:22:21+01:00,21.2,16.98
2024-01-09T12:24:47+01:00,21.65,17.77
2024-01-09T12:27:18+01:00,22.95,17.77
2024-01-09T12:29:51+01:00,22.98,17.25
2024-01-09T12:32:18+01:00,23.38,18.3
2024-01-09T12:34:45+01:00,23.2,18.73
2024-01-09T12:37:12+01:00,22.38,18.55
2024-01-09T12:39:39+01:00,21.7,17.4
2024-01-09T12:42:05+01:00,22.08,16.67
2024-01-09T12:44:31+01:00,21.63,17.3
2024-01-09T12:46:57+01:00,23.55,17.92
2024-01-09T12:49:23+01:00,24.77,19.5
2024-01-09T12:51:49+01:00,23.23,17.58
2024-01-09T12:54:15+01:00,22.08,18.58
2024-01-09T12:56:43+01:00,23.88,18.25
2024-01-09T12:59:09+01:00,21.58,17.45
2024-01-09T13:01:35+01:00,24.92,19.4
2024-01-09T13:04:01+01:00,21.23,18.1
2024-01-09T13:06:28+01:00,21.3,17.1
2024-01-09T13:08:55+01:00,24.75,18.65
2024-01-09T13:11:21+01:00,25.83,20.6
2024-01-09T13:13:47+01:00,26.15,20.85
2024-01-09T13:16:14+01:00,26.13,20.38
2024-01-09T13:18:50+01:00,24.3,19.23
2024-01-09T13:21:20+01:00,26.92,20.1
2024-01-09T13:23:48+01:00,27.92,20.7
2024-01-09T13:26:14+01:00,26.52,20.63
2024-01-09T13:28:41+01:00,18.42,15.45
2024-01-09T13:31:07+01:00,26.75,20.9
2024-01-09T13:33:35+01:00,20.75,17.58
2024-01-09T13:36:01+01:00,23.7,17.25
2024-01-09T13:38:27+01:00,16.77,13.85
2024-01-09T13:40:59+01:00,19.7,15.5
2024-01-09T13:43:26+01:00,20.1,16.65
2024-01-09T13:45:53+01:00,27.4,22.92
2024-01-09T13:48:20+01:00,27.95,22.1
2024-01-09T13:50:58+01:00,32.85,24.75
2024-01-09T13:53:24+01:00,26.23,21.38
2024-01-09T13:56:03+01:00,25.9,21.6
2024-01-09T13:58:31+01:00,29.65,23.35
2024-01-09T14:00:57+01:00,30.35,24.0
2024-01-09T14:03:23+01:00,31.42,25.33
2024-01-09T14:05:51+01:00,31.35,25.5
2024-01-09T14:08:18+01:00,31.2,23.95
2024-01-09T14:10:44+01:00,32.05,25.17
2024-01-09T14:13:10+01:00,31.5,25.15
2024-01-09T14:15:36+01:00,33.63,27.17
2024-01-09T14:18:02+01:00,34.75,27.92
2024-01-09T14:20:29+01:00,33.53,26.27
2024-01-09T14:22:55+01:00,36.08,27.92
2024-01-09T14:25:21+01:00,36.72,26.67
2024-01-09T14:27:47+01:00,31.6,25.7
2024-01-09T14:30:15+01:00,34.4,27.23
2024-01-09T14:32:41+01:00,32.95,25.6
2024-01-09T14:35:07+01:00,35.22,27.7
2024-01-09T14:37:34+01:00,36.35,28.67
2024-01-09T14:40:01+01:00,36.4,27.9
2024-01-09T14:42:27+01:00,35.7,27.3
2024-01-09T14:44:55+01:00,36.33,27.92
2024-01-09T14:47:21+01:00,33.92,26.17
2024-01-09T14:49:49+01:00,36.4,28.48
2024-01-09T14:52:15+01:00,34.47,27.6
2024-01-09T14:54:41+01:00,31.8,25.48
2024-01-09T14:57:08+01:00,21.73,12.25
2024-01-09T14:59:36+01:00,21.6,11.38
2024-01-09T15:02:05+01:00,30.83,24.65
2024-01-09T15:04:32+01:00,33.15,25.23
2024-01-09T15:06:58+01:00,29.27,23.15
2024-01-09T15:09:24+01:00,27.15,22.38
2024-01-09T15:11:50+01:00,29.1,22.3
2024-01-09T15:14:16+01:00,26.7,21.63
2024-01-09T15:16:45+01:00,32.58,24.75
2024-01-09T15:19:11+01:00,33.47,23.92
2024-01-09T15:21:37+01:00,29.5,22.85
2024-01-09T15:24:04+01:00,28.95,23.7
2024-01-09T15:26:30+01:00,34.08,26.13
2024-01-09T15:28:57+01:00,27.85,23.27
2024-01-09T15:31:23+01:00,29.52,24.4
2024-01-09T15:33:49+01:00,31.15,24.15
2024-01-09T15:36:15+01:00,32.38,23.83
2024-01-09T15:38:41+01:00,30.7,23.27
2024-01-09T15:41:07+01:00,32.65,25.55
2024-01-09T15:43:35+01:00,34.05,27.1
2024-01-09T15:46:01+01:00,37.4,27.0
2024-01-09T15:48:27+01:00,37.22,26.33
2024-01-09T15:50:53+01:00,33.45,25.23
2024-01-09T15:53:19+01:00,30.55,23.83
2024-01-09T15:55:45+01:00,30.75,23.38
2024-01-09T15:58:13+01:00,29.2,23.35
2024-01-09T16:00:39+01:00,30.25,23.9
2024-01-09T16:03:05+01:00,31.42,24.1
2024-01-09T16:05:31+01:00,32.15,23.7
2024-01-09T16:07:57+01:00,31.8,23.45
2024-01-09T16:10:23+01:00,29.48,23.35
2024-01-09T16:12:49+01:00,29.58,23.38
2024-01-09T16:15:16+01:00,28.45,22.58
2024-01-09T16:17:43+01:00,30.2,23.05
2024-01-09T16:20:09+01:00,29.38,22.42
2024-01-09T16:22:36+01:00,16.27,9.13
2024-01-09T16:25:02+01:00,28.9,22.4
2024-01-09T16:27:28+01:00,26.4,21.2
2024-01-09T16:29:54+01:00,26.45,21.3
2024-01-09T16:32:20+01:00,26.58,21.17
2024-01-09T16:34:46+01:00,25.23,20.73
2024-01-09T16:37:13+01:00,29.4,22.92
2024-01-09T16:39:39+01:00,29.27,21.9
2024-01-09T16:42:05+01:00,29.88,23.08
2024-01-09T16:44:31+01:00,27.27,21.55
2024-01-09T16:47:00+01:00,26.42,20.7
2024-01-09T16:49:28+01:00,27.8,21.38
2024-01-09T16:51:54+01:00,8.82,6.1
2024-01-09T16:54:20+01:00,28.65,20.35
2024-01-09T16:56:47+01:00,24.7,19.42
2024-01-09T16:59:13+01:00,24.1,20.5
2024-01-09T17:01:39+01:00,25.5,20.8
2024-01-09T17:04:06+01:00,27.95,20.8
2024-01-09T17:06:33+01:00,26.25,21.8
2024-01-09T17:08:59+01:00,27.6,20.9
2024-01-09T17:11:25+01:00,24.85,19.95
2024-01-09T17:13:51+01:00,22.7,18.45
2024-01-09T17:16:18+01:00,26.2,18.83
2024-01-09T17:18:46+01:00,23.48,18.8
2024-01-09T17:21:12+01:00,24.45,20.05
2024-01-09T17:23:39+01:00,26.2,20.95
2024-01-09T17:26:05+01:00,25.8,21.1
2024-01-09T17:28:32+01:00,29.42,23.63
2024-01-09T17:30:58+01:00,15.57,9.38
2024-01-09T17:33:24+01:00,16.08,8.15
2024-01-09T17:35:50+01:00,32.88,24.77
2024-01-09T17:38:18+01:00,34.92,26.15
2024-01-09T17:40:44+01:00,32.38,24.7
2024-01-09T17:43:10+01:00,32.38,24.27
2024-01-09T17:45:36+01:00,30.08,23.52
2024-01-09T17:48:03+01:00,30.15,23.88
2024-01-09T17:50:29+01:00,9.88,6.22
2024-01-09T17:52:55+01:00,20.4,9.35
2024-01-09T17:55:21+01:00,26.95,20.0
2024-01-09T17:57:49+01:00,22.23,10.23
2024-01-09T18:00:16+01:00,23.42,19.02
2024-01-09T18:02:42+01:00,25.52,20.13
2024-01-09T18:05:08+01:00,29.85,20.98
2024-01-09T18:07:35+01:00,26.83,21.08
2024-01-09T18:10:04+01:00,26.88,21.63
2024-01-09T18:12:30+01:00,27.17,21.6
2024-01-09T18:14:56+01:00,26.7,21.23
2024-01-09T18:17:22+01:00,13.4,7.35
2024-01-09T18:19:49+01:00,9.55,6.25
2024-01-09T18:22:15+01:00,8.63,4.8
2024-01-09T18:24:41+01:00,12.57,6.45
2024-01-09T18:27:08+01:00,20.9,9.18
2024-01-09T18:29:34+01:00,28.4,22.1
2024-01-09T18:32:00+01:00,26.83,19.65
2024-01-09T18:34:28+01:00,23.1,19.08
2024-01-09T18:36:54+01:00,25.1,20.05
2024-01-09T18:39:20+01:00,25.25,19.88
2024-01-09T18:41:46+01:00,24.65,20.25
2024-01-09T18:44:12+01:00,13.07,6.93
2024-01-09T18:46:39+01:00,26.9,20.58
2024-01-09T18:49:05+01:00,25.4,19.77
2024-01-09T18:51:31+01:00,24.6,19.42
2024-01-09T18:53:57+01:00,21.25,17.35
2024-01-09T18:56:23+01:00,10.55,6.25
2024-01-09T18:58:50+01:00,11.3,5.9
2024-01-09T19:01:16+01:00,9.65,5.97
2024-01-09T19:03:42+01:00,15.9,8.13
2024-01-09T19:06:08+01:00,28.1,20.65
2024-01-09T19:08:35+01:00,32.58,23.77
2024-01-09T19:11:01+01:00,27.58,20.27
2024-01-09T19:13:27+01:00,28.38,19.33
2024-01-09T19:15:53+01:00,25.6,20.35
2024-01-09T19:18:20+01:00,25.08,20.55
2024-01-09T19:20:46+01:00,11.55,6.1
2024-01-09T19:23:13+01:00,26.25,19.65
2024-01-09T19:25:39+01:00,26.05,20.02
2024-01-09T19:28:05+01:00,25.98,19.77
2024-01-09T19:30:31+01:00,26.52,21.17
2024-01-09T19:32:58+01:00,26.1,19.45
2024-01-09T19:35:25+01:00,25.3,20.1
2024-01-09T19:37:51+01:00,11.07,7.1
2024-01-09T19:40:20+01:00,15.35,8.52
2024-01-09T19:42:46+01:00,26.15,20.77
2024-01-09T19:45:14+01:00,29.05,21.75
2024-01-09T19:47:40+01:00,25.25,20.42
2024-01-09T19:50:07+01:00,28.75,20.15
2024-01-09T19:52:33+01:00,13.65,8.32
2024-01-09T19:55:00+01:00,28.42,12.82
2024-01-09T19:57:32+01:00,28.0,21.42
2024-01-09T19:59:58+01:00,28.58,20.75
2024-01-09T20:02:24+01:00,25.0,18.27
2024-01-09T20:04:50+01:00,24.42,18.48
2024-01-09T20:07:17+01:00,22.88,18.33
2024-01-09T20:09:44+01:00,22.27,17.55
2024-01-09T20:12:14+01:00,21.25,16.52
2024-01-09T20:14:41+01:00,23.85,19.1
2024-01-09T20:17:09+01:00,22.13,18.17
2024-01-09T20:19:36+01:00,22.27,18.38
2024-01-09T20:22:03+01:00,18.85,9.75
2024-01-09T20:24:29+01:00,14.75,7.13
2024-01-09T20:26:55+01:00,16.25,10.15
2024-01-09T20:29:21+01:00,27.58,20.4
2024-01-09T20:31:48+01:00,22.65,16.9
2024-01-09T20:34:14+01:00,31.42,17.13
2024-01-09T20:36:47+01:00,16.23,7.95
2024-01-09T20:39:13+01:00,8.48,5.55
2024-01-09T20:41:40+01:00,23.77,18.63
2024-01-09T20:44:07+01:00,17.73,9.02
2024-01-09T20:46:33+01:00,25.1,18.63
2024-01-09T20:48:59+01:00,21.48,16.33
2024-01-09T20:51:25+01:00,21.4,16.85
2024-01-09T20:53:52+01:00,28.92,17.88
2024-01-09T20:56:27+01:00,23.83,18.5
2024-01-09T20:58:56+01:00,18.92,15.48
2024-01-09T21:01:22+01:00,19.63,15.45
2024-01-09T21:03:48+01:00,17.83,13.5
2024-01-09T21:06:18+01:00,21.7,16.3
2024-01-09T21:08:46+01:00,21.67,14.7
2024-01-09T21:11:25+01:00,18.3,13.48
2024-01-09T21:13:52+01:00,19.0,14.95
2024-01-09T21:16:22+01:00,14.82,6.55
2024-01-09T21:18:48+01:00,14.0,6.15
2024-01-09T21:21:14+01:00,13.55,7.95
2024-01-09T21:23:41+01:00,21.17,15.3
2024-01-09T21:26:07+01:00,18.2,13.13
2024-01-09T21:28:36+01:00,18.25,14.05
2024-01-09T21:31:02+01:00,8.35,4.93
2024-01-09T21:33:29+01:00,18.15,13.65
2024-01-09T21:35:55+01:00,17.77,13.7
2024-01-09T21:38:21+01:00,17.25,13.45
2024-01-09T21:40:47+01:00,8.43,4.55
2024-01-09T21:43:13+01:00,11.3,6.07
2024-01-09T21:45:40+01:00,16.88,7.15
2024-01-09T21:48:11+01:00,19.92,12.88
2024-01-09T21:50:37+01:00,22.13,13.43
2024-01-09T21:53:03+01:00,19.77,13.15
2024-01-09T21:55:29+01:00,13.88,6.3
2024-01-09T21:57:55+01:00,10.15,5.85
2024-01-09T22:00:21+01:00,11.88,7.13
2024-01-09T22:02:47+01:00,14.35,7.47
2024-01-09T22:05:16+01:00,28.6,21.1
2024-01-09T22:07:42+01:00,30.27,13.75
2024-01-09T22:10:08+01:00,25.5,12.48
2024-01-09T22:12:34+01:00,21.27,9.7
2024-01-09T22:15:00+01:00,32.35,22.13
2024-01-09T22:17:26+01:00,32.97,23.83
2024-01-09T22:19:53+01:00,31.7,22.9
2024-01-09T22:22:19+01:00,34.42,24.48
2024-01-09T22:24:45+01:00,26.33,14.23
2024-01-09T22:27:12+01:00,49.15,30.13
2024-01-09T22:29:38+01:00,53.17,34.63
2024-01-09T22:32:04+01:00,58.6,42.45
2024-01-09T22:34:30+01:00,58.42,41.53
2024-01-09T22:36:56+01:00,56.72,39.75
2024-01-09T22:39:23+01:00,68.28,39.65
2024-01-09T22:41:49+01:00,67.43,41.6
2024-01-09T22:44:15+01:00,48.97,35.3
2024-01-09T22:46:41+01:00,44.97,34.08
2024-01-09T22:49:07+01:00,43.55,32.92
2024-01-09T22:51:33+01:00,28.8,13.65
2024-01-09T22:53:59+01:00,31.67,15.05
2024-01-09T22:56:25+01:00,34.0,15.5
2024-01-09T22:58:52+01:00,31.7,14.15
2024-01-09T23:01:18+01:00,24.35,13.27
2024-01-09T23:03:44+01:00,39.72,29.75
2024-01-09T23:06:10+01:00,32.0,24.5
2024-01-09T23:08:36+01:00,19.5,15.0
2024-01-09T23:11:02+01:00,16.35,13.68
2024-01-09T23:13:28+01:00,6.82,4.6
2024-01-09T23:15:54+01:00,8.02,4.88
2024-01-09T23:18:20+01:00,12.82,6.35
2024-01-09T23:20:46+01:00,9.85,4.55
2024-01-09T23:23:12+01:00,12.85,9.45
2024-01-09T23:25:38+01:00,31.02,9.65
2024-01-09T23:28:05+01:00,5.85,4.53
2024-01-09T23:30:31+01:00,6.47,4.3
2024-01-09T23:32:57+01:00,11.15,9.02
2024-01-09T23:35:23+01:00,10.88,8.65
2024-01-09T23:37:49+01:00,11.68,9.27
2024-01-09T23:40:15+01:00,9.65,5.4
2024-01-09T23:42:41+01:00,7.63,4.07
2024-01-09T23:45:07+01:00,11.52,8.98
2024-01-09T23:47:33+01:00,12.18,9.2
2024-01-09T23:50:00+01:00,13.85,9.65
2024-01-09T23:52:26+01:00,10.95,9.15
2024-01-09T23:54:52+01:00,8.48,4.5
2024-01-09T23:57:18+01:00,13.88,11.45
2024-01-09T23:59:44+01:00,11.05,6.1
2024-01-10T00:02:10+01:00,9.63,6.13
2024-01-10T00:04:37+01:00,8.1,5.25
2024-01-10T00:07:05+01:00,4.32,3.13
2024-01-10T00:09:31+01:00,10.9,5.5
2024-01-10T00:11:57+01:00,10.45,5.82
2024-01-10T00:14:24+01:00,13.13,10.0
2024-01-10T00:16:50+01:00,14.3,10.95
2024-01-10T00:19:16+01:00,9.63,5.97
2024-01-10T00:21:42+01:00,10.07,4.93
2024-01-10T00:24:08+01:00,11.13,4.2
2024-01-10T00:26:34+01:00,16.77,7.8
2024-01-10T00:29:00+01:00,9.98,5.8
2024-01-10T00:31:26+01:00,3.97,3.58
2024-01-10T00:33:53+01:00,15.02,7.13
2024-01-10T00:36:19+01:00,17.1,15.35
2024-01-10T00:38:45+01:00,16.77,11.73
2024-01-10T00:41:11+01:00,13.68,10.45
2024-01-10T00:43:37+01:00,10.5,6.5
2024-01-10T00:46:03+01:00,3.2,2.9
2024-01-10T00:48:29+01:00,7.47,5.05
2024-01-10T00:50:55+01:00,15.4,11.18
2024-01-10T00:53:24+01:00,15.6,11.68
2024-01-10T00:55:50+01:00,16.67,12.25
2024-01-10T00:58:16+01:00,15.95,11.43
2024-01-10T01:00:42+01:00,4.93,3.67
2024-01-10T01:03:08+01:00,3.97,3.0
2024-01-10T01:05:34+01:00,3.88,3.47
2024-01-10T01:08:00+01:00,9.85,5.72
2024-01-10T01:10:26+01:00,12.35,9.95
2024-01-10T01:12:53+01:00,12.65,9.57
2024-01-10T01:15:19+01:00,12.48,9.85
2024-01-10T01:17:45+01:00,13.88,10.9
2024-01-10T01:20:11+01:00,13.02,10.45
2024-01-10T01:22:37+01:00,7.75,4.93
2024-01-10T01:25:03+01:00,9.75,4.0
2024-01-10T01:27:29+01:00,8.32,3.58
2024-01-10T01:29:55+01:00,9.52,5.22
2024-01-10T01:32:22+01:00,13.18,10.82
2024-01-10T01:34:48+01:00,14.35,11.35
2024-01-10T01:37:14+01:00,14.57,11.48
2024-01-10T01:39:41+01:00,19.3,12.45
2024-01-10T01:42:07+01:00,14.13,11.35
2024-01-10T01:44:33+01:00,4.63,3.3
2024-01-10T01:46:59+01:00,14.23,10.15
2024-01-10T01:49:25+01:00,13.55,5.72
2024-01-10T01:51:51+01:00,10.75,5.05
2024-01-10T01:54:17+01:00,9.05,6.18
2024-01-10T01:56:43+01:00,15.65,12.1
2024-01-10T01:59:09+01:00,16.2,12.55
2024-01-10T02:01:35+01:00,9.98,5.95
2024-01-10T02:04:01+01:00,13.88,6.95
2024-01-10T02:06:27+01:00,6.43,3.95
2024-01-10T02:08:53+01:00,14.45,6.2
2024-01-10T02:11:19+01:00,8.8,5.88
2024-01-10T02:13:45+01:00,12.27,5.75
2024-01-10T02:16:11+01:00,7.55,4.55
2024-01-10T02:18:37+01:00,10.93,6.1
2024-01-10T02:21:04+01:00,10.48,6.15
2024-01-10T02:23:30+01:00,6.68,5.1
2024-01-10T02:25:56+01:00,14.05,6.38
2024-01-10T02:28:22+01:00,5.32,4.05
2024-01-10T02:30:48+01:00,9.77,5.2
2024-01-10T02:33:14+01:00,13.3,7.03
2024-01-10T02:35:40+01:00,17.88,13.88
2024-01-10T02:38:06+01:00,7.8,3.95
2024-01-10T02:40:33+01:00,4.68,3.63
2024-01-10T02:42:59+01:00,5.7,4.43
2024-01-10T02:45:25+01:00,8.8,4.68
2024-01-10T02:47:51+01:00,14.68,4.8
2024-01-10T02:50:17+01:00,12.93,6.65
2024-01-10T02:52:43+01:00,11.2,5.97
2024-01-10T02:55:10+01:00,16.65,13.5
2024-01-10T02:57:37+01:00,14.77,12.3
2024-01-10T03:00:03+01:00,16.0,12.6
2024-01-10T03:02:30+01:00,7.1,4.68
2024-01-10T03:04:57+01:00,10.27,6.18
2024-01-10T03:07:23+01:00,8.82,6.1
2024-01-10T03:09:49+01:00,16.58,13.52
2024-01-10T03:12:15+01:00,15.2,12.68
2024-01-10T03:14:41+01:00,15.88,5.85
2024-01-10T03:17:07+01:00,16.23,6.07
2024-01-10T03:19:33+01:00,9.4,5.97
2024-01-10T03:21:59+01:00,6.32,4.75
2024-01-10T03:24:27+01:00,8.8,6.28
2024-01-10T03:26:54+01:00,8.73,6.15
2024-01-10T03:29:20+01:00,10.3,6.55
2024-01-10T03:31:46+01:00,12.35,6.15
2024-01-10T03:34:12+01:00,8.93,4.88
2024-01-10T03:36:38+01:00,12.5,6.32
2024-01-10T03:39:04+01:00,9.48,5.55
2024-01-10T03:41:30+01:00,9.18,5.93
2024-01-10T03:43:56+01:00,12.38,5.72
2024-01-10T03:46:24+01:00,8.73,5.2
2024-01-10T03:48:52+01:00,10.75,6.22
2024-01-10T03:51:19+01:00,11.7,5.45
2024-01-10T03:53:45+01:00,15.35,8.3
2024-01-10T03:56:11+01:00,16.6,12.63
2024-01-10T03:58:37+01:00,13.98,6.53
2024-01-10T04:01:03+01:00,5.68,4.38
2024-01-10T04:03:29+01:00,8.1,5.18
2024-01-10T04:05:55+01:00,14.45,8.05
2024-01-10T04:08:21+01:00,15.23,12.85
2024-01-10T04:10:47+01:00,6.9,5.5
2024-01-10T04:13:13+01:00,10.65,6.13
2024-01-10T04:15:39+01:00,6.63,4.4
2024-01-10T04:18:05+01:00,8.63,4.75
2024-01-10T04:20:31+01:00,15.63,13.02
2024-01-10T04:22:57+01:00,15.35,11.93
2024-01-10T04:25:23+01:00,15.75,12.73
2024-01-10T04:27:49+01:00,13.48,7.45
2024-01-10T04:30:16+01:00,9.65,5.07
2024-01-10T04:32:43+01:00,9.98,5.72
2024-01-10T04:35:09+01:00,9.4,6.05
2024-01-10T04:37:35+01:00,7.68,4.4
2024-01-10T04:40:01+01:00,8.77,4.63
2024-01-10T04:42:28+01:00,6.82,5.32
2024-01-10T04:44:54+01:00,13.05,5.1
2024-01-10T04:47:20+01:00,9.52,5.75
2024-01-10T04:49:46+01:00,12.85,7.07
2024-01-10T04:52:12+01:00,9.38,5.7
2024-01-10T04:54:38+01:00,9.25,5.15
2024-01-10T04:57:05+01:00,8.3,5.72
2024-01-10T04:59:31+01:00,10.8,6.35
2024-01-10T05:01:58+01:00,29.98,7.57
2024-01-10T05:04:25+01:00,9.43,5.97
2024-01-10T05:06:51+01:00,12.18,6.78
2024-01-10T05:09:18+01:00,9.02,5.07
2024-01-10T05:11:44+01:00,10.43,6.05
2024-01-10T05:14:10+01:00,5.57,3.85
2024-01-10T05:16:36+01:00,10.75,6.47
2024-01-10T05:19:02+01:00,10.27,5.5
2024-01-10T05:21:29+01:00,12.88,6.53
2024-01-10T05:23:55+01:00,13.38,6.53
2024-01-10T05:26:21+01:00,13.23,6.93
2024-01-10T05:28:47+01:00,12.93,7.2
2024-01-10T05:31:13+01:00,12.52,6.88
2024-01-10T05:33:39+01:00,10.27,6.6
2024-01-10T05:36:05+01:00,6.47,5.03
2024-01-10T05:38:31+01:00,5.38,3.75
2024-01-10T05:40:57+01:00,12.88,6.65
2024-01-10T05:43:23+01:00,11.2,7.4
2024-01-10T05:45:50+01:00,14.05,6.68
2024-01-10T05:48:16+01:00,14.32,7.28
2024-01-10T05:50:42+01:00,6.25,4.35
2024-01-10T05:53:08+01:00,5.63,4.2
2024-01-10T05:55:34+01:00,10.25,6.47
2024-01-10T05:58:00+01:00,13.6,7.3
2024-01-10T06:00:26+01:00,7.8,5.2
2024-01-10T06:02:53+01:00,16.67,13.4
2024-01-10T06:05:19+01:00,14.23,7.45
2024-01-10T06:07:48+01:00,7.15,4.57
2024-01-10T06:10:15+01:00,13.02,7.2
2024-01-10T06:12:41+01:00,14.0,7.47
2024-01-10T06:15:07+01:00,9.15,5.4
2024-01-10T06:17:34+01:00,15.65,4.93
2024-01-10T06:20:00+01:00,9.18,5.82
2024-01-10T06:22:26+01:00,9.73,6.55
2024-01-10T06:24:52+01:00,6.65,4.35
2024-01-10T06:27:18+01:00,11.6,5.82
2024-01-10T06:29:44+01:00,14.48,6.75
2024-01-10T06:32:12+01:00,8.07,4.57
2024-01-10T06:34:38+01:00,10.25,6.03
2024-01-10T06:37:04+01:00,6.6,4.6
2024-01-10T06:39:30+01:00,14.13,6.95
2024-01-10T06:41:56+01:00,9.68,6.68
2024-01-10T06:44:22+01:00,13.7,6.18
2024-01-10T06:46:48+01:00,10.95,6.25
2024-01-10T06:49:14+01:00,14.07,7.28
2024-01-10T06:51:40+01:00,11.13,6.45
2024-01-10T06:54:06+01:00,11.02,6.05
2024-01-10T06:56:32+01:00,11.48,6.8
2024-01-10T06:58:59+01:00,16.33,7.85
2024-01-10T07:01:26+01:00,9.45,5.4
2024-01-10T07:03:52+01:00,16.05,7.65
2024-01-10T07:06:18+01:00,15.07,6.63
2024-01-10T07:08:44+01:00,12.88,7.32
2024-01-10T07:11:10+01:00,22.38,9.35
2024-01-10T07:13:36+01:00,11.52,6.88
2024-01-10T07:16:03+01:00,14.45,7.38
2024-01-10T07:18:29+01:00,17.25,7.1
2024-01-10T07:20:55+01:00,16.85,8.1
2024-01-10T07:23:21+01:00,14.57,6.07
2024-01-10T07:25:48+01:00,23.9,10.05
2024-01-10T07:28:14+01:00,38.85,14.4
2024-01-10T07:30:40+01:00,26.35,10.88
2024-01-10T07:33:06+01:00,25.75,11.35
2024-01-10T07:35:32+01:00,12.5,7.07
2024-01-10T07:37:59+01:00,17.08,7.9
2024-01-10T07:40:28+01:00,20.67,8.98
2024-01-10T07:42:55+01:00,57.97,18.1
2024-01-10T07:45:21+01:00,28.9,11.23
2024-01-10T07:47:47+01:00,32.33,12.38
2024-01-10T07:50:13+01:00,19.27,10.32
2024-01-10T07:52:40+01:00,14.98,9.25
2024-01-10T07:55:07+01:00,14.93,7.82
2024-01-10T07:57:33+01:00,12.82,7.2
2024-01-10T07:59:59+01:00,16.63,7.1
2024-01-10T08:02:28+01:00,11.35,6.68
2024-01-10T08:04:54+01:00,16.25,7.6
2024-01-10T08:07:20+01:00,14.7,7.82
2024-01-10T08:09:46+01:00,17.08,9.07
2024-01-10T08:12:12+01:00,17.85,8.25
2024-01-10T08:14:39+01:00,20.7,15.23
2024-01-10T08:17:05+01:00,18.75,8.6
2024-01-10T08:19:31+01:00,16.13,7.97
2024-01-10T08:21:57+01:00,15.18,8.23
2024-01-10T08:24:23+01:00,22.8,17.08
2024-01-10T08:26:49+01:00,16.77,9.88
2024-01-10T08:29:16+01:00,20.38,8.77
2024-01-10T08:31:42+01:00,16.73,8.75
2024-01-10T08:34:08+01:00,13.73,6.93
2024-01-10T08:36:40+01:00,12.85,7.68
2024-01-10T08:39:07+01:00,13.57,7.47
2024-01-10T08:41:33+01:00,19.7,15.3
2024-01-10T08:43:59+01:00,20.58,15.05
2024-01-10T08:46:25+01:00,15.82,7.68
2024-01-10T08:48:54+01:00,14.0,7.25
2024-01-10T08:51:20+01:00,13.45,6.43
2024-01-10T08:53:47+01:00,10.13,6.3
2024-01-10T08:56:13+01:00,16.38,6.1
2024-01-10T08:58:39+01:00,16.48,8.43
2024-01-10T09:01:06+01:00,19.38,15.23
2024-01-10T09:03:32+01:00,19.23,14.27
2024-01-10T09:05:58+01:00,18.73,14.8
2024-01-10T09:08:24+01:00,19.0,14.75
2024-01-10T09:10:50+01:00,20.3,15.1
2024-01-10T09:13:17+01:00,17.45,14.02
2024-01-10T09:15:43+01:00,20.45,15.52
2024-01-10T09:18:09+01:00,18.42,9.23
2024-01-10T09:20:35+01:00,12.6,8.0
2024-01-10T09:23:01+01:00,14.55,8.27
2024-01-10T09:25:27+01:00,20.6,15.32
2024-01-10T09:27:54+01:00,67.82,16.55
2024-01-10T09:30:22+01:00,20.55,14.27
2024-01-10T09:32:48+01:00,20.38,15.55
2024-01-10T09:35:15+01:00,18.1,14.48
2024-01-10T09:37:41+01:00,23.75,16.15
2024-01-10T09:40:11+01:00,20.83,15.55
2024-01-10T09:42:40+01:00,17.4,8.77
2024-01-10T09:45:07+01:00,14.73,8.0
2024-01-10T09:47:34+01:00,21.6,15.88
2024-01-10T09:50:02+01:00,20.13,14.85
2024-01-10T09:52:30+01:00,21.83,16.17
2024-01-10T09:54:56+01:00,22.33,16.67
2024-01-10T09:57:22+01:00,21.2,16.05
2024-01-10T09:59:48+01:00,21.2,16.5
2024-01-10T10:02:14+01:00,24.05,17.45
2024-01-10T10:04:40+01:00,25.67,17.73
2024-01-10T10:07:07+01:00,27.58,18.42
2024-01-10T10:09:34+01:00,20.8,16.75
2024-01-10T10:12:00+01:00,22.98,18.02
2024-01-10T10:14:26+01:00,24.25,16.8
2024-01-10T10:16:53+01:00,22.17,17.3
2024-01-10T10:19:19+01:00,26.95,19.05
2024-01-10T10:21:45+01:00,25.0,18.77
2024-01-10T10:24:11+01:00,40.47,30.45
2024-01-10T10:26:39+01:00,34.1,25.4
2024-01-10T10:29:06+01:00,37.6,27.23
2024-01-10T10:31:32+01:00,28.02,21.13
2024-01-10T10:33:58+01:00,33.25,22.05
2024-01-10T10:36:25+01:00,28.75,21.15
2024-01-10T10:38:51+01:00,29.52,21.3
2024-01-10T10:41:17+01:00,29.8,21.33
2024-01-10T10:43:44+01:00,30.73,21.65
2024-01-10T10:46:10+01:00,34.6,24.45
2024-01-10T10:48:36+01:00,33.4,24.17
2024-01-10T10:51:03+01:00,38.53,26.58
2024-01-10T10:53:29+01:00,37.4,25.75
2024-01-10T10:55:57+01:00,46.7,31.42
2024-01-10T10:58:25+01:00,30.63,23.92
2024-01-10T11:00:51+01:00,38.65,26.52
2024-01-10T11:03:18+01:00,31.98,23.27
2024-01-10T11:05:44+01:00,36.92,26.3
2024-01-10T11:08:11+01:00,44.38,29.48
2024-01-10T11:10:39+01:00,44.78,31.2
2024-01-10T11:13:09+01:00,55.38,34.63
2024-01-10T11:15:36+01:00,54.97,36.0
2024-01-10T11:18:02+01:00,63.3,37.78
2024-01-10T11:20:29+01:00,117.03,86.03
2024-01-10T11:23:01+01:00,42.17,30.52
2024-01-10T11:25:31+01:00,47.33,28.42
2024-01-10T11:27:58+01:00,72.7,41.88
2024-01-10T11:30:25+01:00,42.78,27.65
2024-01-10T11:32:51+01:00,35.53,25.92
2024-01-10T11:35:18+01:00,37.42,27.27
2024-01-10T11:37:51+01:00,44.97,25.48
2024-01-10T11:40:17+01:00,35.67,24.05
2024-01-10T11:42:44+01:00,30.73,22.45
2024-01-10T11:45:12+01:00,47.47,31.23
2024-01-10T11:47:40+01:00,52.92,35.72
2024-01-10T11:50:08+01:00,41.53,28.7
2024-01-10T11:52:38+01:00,41.22,30.58
2024-01-10T11:55:06+01:00,43.45,28.95
2024-01-10T11:57:32+01:00,45.6,28.42
2024-01-10T11:59:59+01:00,39.8,27.6
2024-01-10T12:02:25+01:00,40.42,30.5
2024-01-10T12:04:53+01:00,37.22,28.15
2024-01-10T12:07:20+01:00,42.38,27.75
2024-01-10T12:09:46+01:00,42.4,29.0
2024-01-10T12:25:15+01:00,22.15,13.77
2024-01-10T12:27:43+01:00,18.55,12.38
2024-01-10T12:30:10+01:00,17.5,12.5
2024-01-10T12:32:36+01:00,19.08,11.98
2024-01-10T12:35:10+01:00,16.2,12.52
2024-01-10T12:37:38+01:00,16.55,12.02
2024-01-10T12:40:08+01:00,21.67,14.23
2024-01-10T12:42:44+01:00,16.6,13.6
2024-01-10T12:45:56+01:00,17.0,12.25
2024-01-10T12:47:59+01:00,18.75,12.77
2024-01-10T12:50:25+01:00,19.05,13.75
2024-01-10T12:52:54+01:00,17.05,12.18
2024-01-10T12:58:08+01:00,18.92,12.85
2024-01-10T13:00:35+01:00,17.05,12.45
2024-01-10T13:03:02+01:00,17.52,14.07
2024-01-10T13:05:28+01:00,18.6,13.1
2024-01-10T13:07:55+01:00,23.25,14.18
2024-01-10T13:10:21+01:00,17.13,12.73
2024-01-10T13:12:47+01:00,17.6,13.98
2024-01-10T13:15:13+01:00,20.17,14.45
2024-01-10T13:17:40+01:00,18.85,13.75
2024-01-10T13:20:06+01:00,19.08,14.0
2024-01-10T13:22:32+01:00,18.0,13.4
2024-01-10T13:25:04+01:00,20.13,15.7
2024-01-10T13:27:30+01:00,20.6,14.98
2024-01-10T13:29:56+01:00,25.08,15.8
2024-01-10T13:32:23+01:00,20.58,13.23
2024-01-10T13:34:53+01:00,22.63,14.02
2024-01-10T13:37:20+01:00,19.2,14.27
2024-01-10T13:39:46+01:00,28.45,15.15
2024-01-10T13:42:12+01:00,21.25,14.2
2024-01-10T13:44:42+01:00,21.33,16.0
2024-01-10T13:47:08+01:00,23.67,16.23
2024-01-10T13:49:44+01:00,31.02,20.0
2024-01-10T13:52:11+01:00,29.02,20.83
2024-01-10T13:54:38+01:00,36.88,19.8
2024-01-10T13:57:04+01:00,26.05,17.05
2024-01-10T13:59:32+01:00,21.38,15.85
2024-01-10T14:01:58+01:00,22.85,15.48
2024-01-10T14:04:24+01:00,26.52,15.4
2024-01-10T14:06:50+01:00,21.7,14.7
2024-01-10T14:09:16+01:00,24.98,15.48
2024-01-10T14:11:42+01:00,44.8,25.85
2024-01-10T14:14:10+01:00,26.52,16.85
2024-01-10T14:16:37+01:00,26.02,16.73
2024-01-10T14:19:03+01:00,31.52,18.75
2024-01-10T14:21:29+01:00,27.98,22.88
2024-01-10T14:23:55+01:00,24.75,16.3
2024-01-10T14:26:21+01:00,21.35,15.98
2024-01-10T14:28:47+01:00,51.47,17.8
2024-01-10T14:31:14+01:00,21.15,16.15
2024-01-10T14:33:40+01:00,21.83,16.1
2024-01-10T14:36:06+01:00,21.33,15.85
2024-01-10T14:38:32+01:00,26.7,16.85
2024-01-10T14:41:00+01:00,23.27,17.1
2024-01-10T14:43:27+01:00,25.52,18.0
2024-01-10T14:45:53+01:00,29.52,19.42
2024-01-10T14:48:19+01:00,34.8,18.5
2024-01-10T14:50:45+01:00,60.13,19.7
2024-01-10T14:53:11+01:00,24.63,16.77
2024-01-10T14:55:38+01:00,22.77,16.63
2024-01-10T14:58:04+01:00,23.0,16.95
2024-01-10T15:00:30+01:00,21.55,16.88
2024-01-10T15:02:56+01:00,25.08,17.3
2024-01-10T15:05:25+01:00,24.4,16.42
2024-01-10T15:07:51+01:00,25.05,16.3
2024-01-10T15:10:17+01:00,24.5,16.73
2024-01-10T15:12:44+01:00,26.23,16.63
2024-01-10T15:15:10+01:00,75.18,17.83
2024-01-10T15:17:36+01:00,21.2,16.52
2024-01-10T15:20:03+01:00,29.45,16.08
2024-01-10T15:22:29+01:00,27.08,18.23
2024-01-10T15:24:55+01:00,27.58,19.08
2024-01-10T15:27:21+01:00,28.48,19.05
2024-01-10T15:29:47+01:00,23.92,17.13
2024-01-10T15:32:13+01:00,26.75,20.42
2024-01-10T15:34:40+01:00,25.25,17.02
2024-01-10T15:37:06+01:00,22.45,15.9
2024-01-10T15:39:33+01:00,27.9,17.38
2024-01-10T15:41:59+01:00,25.7,19.27
2024-01-10T15:44:27+01:00,40.97,18.9
2024-01-10T15:46:53+01:00,25.27,18.65
2024-01-10T15:49:19+01:00,27.45,18.85
2024-01-10T15:51:45+01:00,34.33,19.52
2024-01-10T15:54:12+01:00,26.63,18.42
2024-01-10T15:56:38+01:00,24.17,18.88
2024-01-10T15:59:09+01:00,27.98,19.3
2024-01-10T16:01:35+01:00,24.55,17.42
2024-01-10T16:04:01+01:00,26.9,17.38
2024-01-10T16:06:28+01:00,30.2,18.98
2024-01-10T16:08:54+01:00,29.35,18.88
2024-01-10T16:11:21+01:00,32.92,19.77
2024-01-10T16:13:47+01:00,37.75,21.23
2024-01-10T16:16:13+01:00,41.58,22.13
2024-01-10T16:18:39+01:00,33.63,21.9
2024-01-10T16:21:05+01:00,42.28,22.58
2024-01-10T16:23:31+01:00,33.6,21.95
2024-01-10T16:25:57+01:00,32.47,22.77
2024-01-10T16:28:23+01:00,33.15,23.73
2024-01-10T16:30:49+01:00,31.52,22.8
2024-01-10T16:33:16+01:00,35.35,24.3
2024-01-10T16:35:43+01:00,31.58,23.6
2024-01-10T16:38:09+01:00,31.45,23.85
2024-01-10T16:40:35+01:00,35.1,24.73
2024-01-10T16:43:02+01:00,38.53,25.75
2024-01-10T16:45:28+01:00,33.95,24.3
2024-01-10T16:47:55+01:00,32.4,24.73
2024-01-10T16:50:21+01:00,38.75,26.17
2024-01-10T16:52:47+01:00,37.95,24.7
2024-01-10T16:55:16+01:00,31.38,22.77
2024-01-10T16:57:43+01:00,34.05,24.6
2024-01-10T17:00:12+01:00,42.8,25.75
2024-01-10T17:02:38+01:00,33.7,24.67
2024-01-10T17:05:06+01:00,34.58,24.05
2024-01-10T17:07:32+01:00,33.03,23.73
2024-01-10T17:09:58+01:00,39.33,24.77
2024-01-10T17:12:24+01:00,44.67,27.15
2024-01-10T17:14:50+01:00,38.85,26.52
2024-01-10T17:17:16+01:00,35.58,24.15
2024-01-10T17:19:42+01:00,36.78,24.23
2024-01-10T17:22:08+01:00,35.05,24.4
2024-01-10T17:24:34+01:00,38.85,24.7
2024-01-10T17:27:01+01:00,34.05,24.38
2024-01-10T17:29:28+01:00,36.63,23.77
2024-01-10T17:31:54+01:00,34.42,14.38
2024-01-10T17:34:20+01:00,27.35,12.75
2024-01-10T17:36:47+01:00,22.35,11.43
2024-01-10T17:39:13+01:00,38.65,26.1
2024-01-10T17:41:39+01:00,34.85,24.35
2024-01-10T17:44:05+01:00,33.75,24.6
2024-01-10T17:46:31+01:00,35.13,24.33
2024-01-10T17:48:58+01:00,36.35,24.38
2024-01-10T17:51:24+01:00,37.55,26.5
2024-01-10T17:53:50+01:00,23.52,10.93
2024-01-10T17:56:16+01:00,42.92,25.0
2024-01-10T17:58:42+01:00,41.25,25.35
2024-01-10T18:01:10+01:00,34.55,25.58
2024-01-10T18:03:37+01:00,33.58,24.48
2024-01-10T18:06:03+01:00,36.33,26.33
2024-01-10T18:08:29+01:00,39.15,26.25
2024-01-10T18:10:55+01:00,39.53,27.38
2024-01-10T18:13:21+01:00,42.42,27.35
2024-01-10T18:15:48+01:00,38.4,27.65
2024-01-10T18:18:14+01:00,42.3,28.67
2024-01-10T18:20:40+01:00,40.15,28.45
2024-01-10T18:23:06+01:00,42.6,28.25
2024-01-10T18:25:32+01:00,46.53,28.45
2024-01-10T18:27:58+01:00,41.6,28.1
2024-01-10T18:30:24+01:00,39.7,28.6
2024-01-10T18:32:52+01:00,127.57,32.92
2024-01-10T18:35:19+01:00,58.1,28.33
2024-01-10T18:37:45+01:00,38.75,26.35
2024-01-10T18:40:11+01:00,42.67,27.02
2024-01-10T18:42:38+01:00,42.17,27.92
2024-01-10T18:45:05+01:00,39.13,27.52
2024-01-10T18:47:31+01:00,42.3,28.17
2024-01-10T18:49:58+01:00,42.2,29.05
2024-01-10T18:52:24+01:00,43.97,31.0
2024-01-10T18:54:50+01:00,41.22,30.48
2024-01-10T18:57:16+01:00,50.95,27.85
2024-01-10T18:59:45+01:00,45.17,30.33
2024-01-10T19:02:12+01:00,42.85,29.83
2024-01-10T19:04:38+01:00,39.42,27.75
2024-01-10T19:07:06+01:00,47.67,29.02
2024-01-10T19:09:32+01:00,47.35,31.9
2024-01-10T19:11:58+01:00,40.7,29.2
2024-01-10T19:14:26+01:00,45.1,28.48
2024-01-10T19:16:52+01:00,38.55,28.33
2024-01-10T19:19:18+01:00,42.05,28.3
2024-01-10T19:21:44+01:00,44.65,27.17
2024-01-10T19:24:10+01:00,40.92,27.77
2024-01-10T19:26:36+01:00,41.35,27.45
2024-01-10T19:29:02+01:00,45.95,29.88
2024-01-10T19:31:28+01:00,50.08,28.55
2024-01-10T19:33:54+01:00,39.47,25.6
2024-01-10T19:36:20+01:00,33.17,23.45
2024-01-10T19:38:46+01:00,41.28,28.0
2024-01-10T19:41:14+01:00,35.35,24.88
2024-01-10T19:43:40+01:00,53.5,33.0
2024-01-10T19:46:06+01:00,54.2,31.45
2024-01-10T19:48:33+01:00,43.8,29.73
2024-01-10T19:51:00+01:00,41.63,30.67
2024-01-10T19:53:27+01:00,43.05,30.45
2024-01-10T19:55:54+01:00,55.65,38.15
2024-01-10T19:58:20+01:00,55.47,37.8
2024-01-10T20:00:46+01:00,43.63,30.77
2024-01-10T20:03:13+01:00,43.92,28.67
2024-01-10T20:05:39+01:00,38.13,28.02
2024-01-10T20:08:08+01:00,44.7,30.58
2024-01-10T20:10:35+01:00,41.58,31.25
2024-01-10T20:13:01+01:00,46.58,27.8
2024-01-10T20:15:27+01:00,47.42,28.05
2024-01-10T20:17:54+01:00,36.15,26.15
2024-01-10T20:20:20+01:00,34.08,24.38
2024-01-10T20:22:46+01:00,37.4,26.15
2024-01-10T20:25:12+01:00,43.65,31.1
2024-01-10T20:27:38+01:00,52.47,31.88
2024-01-10T20:30:04+01:00,63.78,39.9
2024-01-10T20:32:30+01:00,51.47,33.28
2024-01-10T20:34:56+01:00,50.58,31.88
2024-01-10T20:37:22+01:00,53.63,33.42
2024-01-10T20:39:48+01:00,49.63,34.03
2024-01-10T20:42:16+01:00,48.15,32.5
2024-01-10T20:44:42+01:00,54.7,32.17
2024-01-10T20:47:08+01:00,44.35,31.1
2024-01-10T20:49:34+01:00,50.55,31.35
2024-01-10T20:52:00+01:00,45.8,30.88
2024-01-10T20:54:26+01:00,39.78,28.55
2024-01-10T20:56:52+01:00,39.3,27.2
2024-01-10T20:59:19+01:00,47.85,27.42
2024-01-10T21:01:45+01:00,45.13,27.75
2024-01-10T21:04:11+01:00,40.25,28.08
2024-01-10T21:06:37+01:00,51.83,33.2
2024-01-10T21:09:04+01:00,46.25,28.2
2024-01-10T21:11:30+01:00,42.28,27.85
2024-01-10T21:13:56+01:00,41.3,28.88
2024-01-10T21:16:22+01:00,49.2,30.02
2024-01-10T21:18:48+01:00,53.78,40.55
2024-01-10T21:21:14+01:00,63.4,40.25
2024-01-10T21:23:40+01:00,71.68,41.15
2024-01-10T21:26:08+01:00,53.67,36.1
2024-01-10T21:28:34+01:00,49.92,33.75
2024-01-10T21:31:00+01:00,48.85,33.1
2024-01-10T21:33:30+01:00,50.72,33.4
2024-01-10T21:35:56+01:00,53.45,34.2
2024-01-10T21:38:22+01:00,73.57,44.75
2024-01-10T21:40:49+01:00,70.47,43.4
2024-01-10T21:43:15+01:00,67.75,41.58
2024-01-10T21:45:41+01:00,82.25,46.8
2024-01-10T21:48:07+01:00,112.38,74.6
2024-01-10T21:50:37+01:00,88.47,54.28
2024-01-10T21:53:04+01:00,89.3,58.28
2024-01-10T21:55:30+01:00,102.4,63.05
2024-01-10T21:57:56+01:00,97.95,63.13
2024-01-10T22:00:22+01:00,106.3,69.2
2024-01-10T22:02:50+01:00,118.0,75.35
2024-01-10T22:05:17+01:00,111.38,75.32
2024-01-10T22:07:43+01:00,115.88,76.0
2024-01-10T22:10:09+01:00,110.95,72.72
2024-01-10T22:12:35+01:00,99.55,69.5
2024-01-10T22:15:02+01:00,102.05,66.53
2024-01-10T22:17:28+01:00,111.57,71.25
2024-01-10T22:19:54+01:00,117.78,81.72
2024-01-10T22:22:21+01:00,132.52,86.1
2024-01-10T22:24:47+01:00,127.95,85.03
2024-01-10T22:27:13+01:00,143.85,93.72
2024-01-10T22:29:39+01:00,138.45,86.3
2024-01-10T22:32:05+01:00,98.78,62.83
2024-01-10T22:34:31+01:00,96.68,64.15
2024-01-10T22:36:57+01:00,123.82,64.5
2024-01-10T22:39:23+01:00,94.07,65.18
2024-01-10T22:41:50+01:00,88.68,61.28
2024-01-10T22:44:16+01:00,82.75,55.15
2024-01-10T22:46:42+01:00,85.1,58.88
2024-01-10T22:49:08+01:00,139.0,73.1
2024-01-10T22:51:34+01:00,143.95,79.57
2024-01-10T22:54:00+01:00,151.32,82.95
2024-01-10T22:56:26+01:00,149.88,80.03
2024-01-10T22:58:54+01:00,131.25,77.95
2024-01-10T23:01:20+01:00,115.8,70.65
2024-01-10T23:03:47+01:00,80.35,56.33
2024-01-10T23:06:14+01:00,82.4,58.0
2024-01-10T23:08:40+01:00,81.57,56.45
2024-01-10T23:11:07+01:00,80.93,52.5
2024-01-10T23:13:33+01:00,84.93,54.65
2024-01-10T23:15:59+01:00,86.63,56.42
2024-01-10T23:18:25+01:00,83.57,56.88
2024-01-10T23:20:51+01:00,92.57,61.3
2024-01-10T23:23:17+01:00,90.38,60.4
2024-01-10T23:25:43+01:00,94.15,60.17
2024-01-10T23:28:09+01:00,121.45,73.4
2024-01-10T23:30:36+01:00,98.2,62.92
2024-01-10T23:33:02+01:00,96.9,60.75
2024-01-10T23:35:28+01:00,84.32,54.92
2024-01-10T23:37:54+01:00,124.53,72.25
2024-01-10T23:40:21+01:00,79.7,50.58
2024-01-10T23:42:47+01:00,71.38,49.0
2024-01-10T23:45:13+01:00,68.88,47.15
2024-01-10T23:47:40+01:00,74.72,51.03
2024-01-10T23:50:06+01:00,101.72,62.63
2024-01-10T23:52:32+01:00,86.6,55.13
2024-01-10T23:54:58+01:00,77.93,51.5
2024-01-10T23:57:24+01:00,81.95,55.35
2024-01-10T23:59:50+01:00,83.85,53.95
2024-01-11T00:02:16+01:00,97.15,58.15
2024-01-11T00:04:42+01:00,104.2,62.13
2024-01-11T00:07:08+01:00,100.7,61.28
2024-01-11T00:09:34+01:00,90.93,57.28
2024-01-11T00:12:01+01:00,103.18,62.53
2024-01-11T00:14:27+01:00,69.2,46.1
2024-01-11T00:16:53+01:00,87.95,54.33
2024-01-11T00:19:19+01:00,84.25,53.22
2024-01-11T00:21:45+01:00,81.07,55.08
2024-01-11T00:24:11+01:00,121.88,72.97
2024-01-11T00:26:37+01:00,116.43,69.6
2024-01-11T00:29:03+01:00,75.4,52.45
2024-01-11T00:31:29+01:00,88.63,54.53
2024-01-11T00:33:56+01:00,89.05,58.6
2024-01-11T00:36:22+01:00,128.82,75.13
2024-01-11T00:38:48+01:00,114.85,71.82
2024-01-11T00:41:14+01:00,75.38,51.7
2024-01-11T00:43:40+01:00,80.47,53.17
2024-01-11T00:46:06+01:00,68.05,45.9
2024-01-11T00:48:33+01:00,63.53,45.0
2024-01-11T00:50:59+01:00,60.15,42.38
2024-01-11T00:53:25+01:00,57.38,41.08
2024-01-11T00:55:51+01:00,59.17,41.0
2024-01-11T00:58:18+01:00,58.42,41.47
2024-01-11T01:00:44+01:00,72.82,45.63
2024-01-11T01:03:10+01:00,71.97,46.7
2024-01-11T01:05:36+01:00,64.45,44.85
2024-01-11T01:08:04+01:00,69.03,46.35
2024-01-11T01:10:30+01:00,71.9,47.17
2024-01-11T01:12:56+01:00,76.07,47.85
2024-01-11T01:15:22+01:00,87.43,54.3
2024-01-11T01:17:48+01:00,89.4,52.8
2024-01-11T01:20:14+01:00,54.03,36.53
2024-01-11T01:22:40+01:00,23.52,11.88
2024-01-11T01:25:06+01:00,114.6,61.33
2024-01-11T01:27:33+01:00,109.47,58.65
2024-01-11T01:29:59+01:00,144.68,71.32
2024-01-11T01:32:25+01:00,186.05,90.32
2024-01-11T01:34:51+01:00,115.6,69.18
2024-01-11T01:37:17+01:00,84.6,55.2
2024-01-11T01:39:43+01:00,69.4,47.63
2024-01-11T01:42:09+01:00,59.03,39.58
2024-01-11T01:44:36+01:00,50.97,36.58
2024-01-11T01:47:02+01:00,72.15,47.4
2024-01-11T01:49:28+01:00,65.4,43.25
2024-01-11T01:51:54+01:00,54.45,38.6
2024-01-11T01:54:20+01:00,56.53,39.25
2024-01-11T01:56:47+01:00,48.9,36.63
2024-01-11T01:59:13+01:00,47.2,34.45
2024-01-11T02:01:39+01:00,63.53,41.15
2024-01-11T02:04:05+01:00,58.75,39.0
2024-01-11T02:06:31+01:00,53.75,38.55
2024-01-11T02:08:57+01:00,50.95,36.8
2024-01-11T02:11:23+01:00,53.45,36.83
2024-01-11T02:13:49+01:00,53.28,36.33
2024-01-11T02:16:15+01:00,50.75,36.4
2024-01-11T02:18:42+01:00,38.6,17.75
2024-01-11T02:21:09+01:00,29.33,13.82
2024-01-11T02:23:35+01:00,43.33,30.75
2024-01-11T02:26:01+01:00,44.63,33.65
2024-01-11T02:28:27+01:00,44.88,32.33
2024-01-11T02:30:53+01:00,42.1,31.5
2024-01-11T02:33:19+01:00,46.63,31.55
2024-01-11T02:35:45+01:00,43.65,31.92
2024-01-11T02:38:12+01:00,46.13,33.55
2024-01-11T02:40:38+01:00,49.55,34.7
2024-01-11T02:43:06+01:00,49.0,34.95
2024-01-11T02:45:35+01:00,48.72,35.78
2024-01-11T02:48:02+01:00,44.85,33.28
2024-01-11T02:50:28+01:00,44.35,32.92
2024-01-11T02:52:54+01:00,43.6,31.88
2024-01-11T02:55:21+01:00,41.4,31.33
2024-01-11T02:57:48+01:00,45.5,32.53
2024-01-11T03:00:15+01:00,47.4,34.05
2024-01-11T03:02:45+01:00,46.35,33.65
2024-01-11T03:05:12+01:00,50.88,35.65
2024-01-11T03:07:39+01:00,52.97,37.1
2024-01-11T03:10:05+01:00,45.6,34.8
2024-01-11T03:12:33+01:00,43.67,32.45
2024-01-11T03:15:00+01:00,42.7,30.48
2024-01-11T03:17:28+01:00,43.38,29.65
2024-01-11T03:19:54+01:00,41.38,29.75
2024-01-11T03:22:21+01:00,40.45,28.9
2024-01-11T03:24:48+01:00,52.63,34.95
2024-01-11T03:27:14+01:00,55.25,37.42
2024-01-11T03:29:40+01:00,47.33,33.95
2024-01-11T03:32:06+01:00,46.7,34.45
2024-01-11T03:34:33+01:00,49.83,34.88
2024-01-11T03:36:59+01:00,51.47,36.42
2024-01-11T03:39:25+01:00,65.8,35.7
2024-01-11T03:41:52+01:00,54.1,35.45
2024-01-11T03:44:18+01:00,51.65,35.78
2024-01-11T03:46:44+01:00,49.05,35.3
2024-01-11T03:49:10+01:00,47.1,35.47
2024-01-11T03:51:36+01:00,43.13,33.15
2024-01-11T03:54:03+01:00,44.38,34.88
2024-01-11T03:56:29+01:00,45.28,34.35
2024-01-11T03:58:55+01:00,48.22,35.53
2024-01-11T04:01:21+01:00,45.03,33.05
2024-01-11T04:03:47+01:00,46.28,33.78
2024-01-11T04:06:13+01:00,45.58,32.25
2024-01-11T04:08:39+01:00,43.53,31.52
2024-01-11T04:11:05+01:00,51.92,36.08
2024-01-11T04:13:31+01:00,51.58,35.7
2024-01-11T04:15:57+01:00,43.13,31.15
2024-01-11T04:18:23+01:00,45.03,29.6
2024-01-11T04:20:49+01:00,40.78,29.75
2024-01-11T04:23:16+01:00,43.05,28.7
2024-01-11T04:25:42+01:00,41.13,28.92
2024-01-11T04:28:08+01:00,38.9,27.92
2024-01-11T04:30:34+01:00,39.72,28.0
2024-01-11T04:33:00+01:00,36.1,27.65
2024-01-11T04:35:26+01:00,37.5,27.9
2024-01-11T04:37:52+01:00,38.42,28.77
2024-01-11T04:40:18+01:00,42.35,29.55
2024-01-11T04:42:44+01:00,39.38,28.2
2024-01-11T04:45:10+01:00,19.63,11.32
2024-01-11T04:47:36+01:00,21.08,10.77
2024-01-11T04:50:02+01:00,36.55,27.77
2024-01-11T04:52:29+01:00,39.05,26.95
2024-01-11T04:54:55+01:00,38.1,26.8
2024-01-11T04:57:21+01:00,34.1,25.92
2024-01-11T04:59:47+01:00,32.22,25.02
2024-01-11T05:02:13+01:00,32.85,25.3
2024-01-11T05:04:40+01:00,36.72,27.63
2024-01-11T05:07:06+01:00,36.15,25.1
2024-01-11T05:09:32+01:00,40.65,26.1
2024-01-11T05:11:58+01:00,9.65,6.82
2024-01-11T05:14:24+01:00,33.47,24.88
2024-01-11T05:16:51+01:00,35.17,26.75
2024-01-11T05:19:17+01:00,36.47,25.8
2024-01-11T05:21:43+01:00,37.3,25.23
2024-01-11T05:24:10+01:00,36.45,26.45
2024-01-11T05:26:36+01:00,36.9,25.7
2024-01-11T05:29:02+01:00,37.83,26.8
2024-01-11T05:31:28+01:00,38.0,26.2
2024-01-11T05:33:54+01:00,12.98,9.05
2024-01-11T05:36:21+01:00,28.42,13.82
2024-01-11T05:38:47+01:00,18.4,10.35
2024-01-11T05:41:13+01:00,41.17,29.08
2024-01-11T05:43:40+01:00,42.25,30.52
2024-01-11T05:46:19+01:00,40.63,31.35
2024-01-11T05:48:45+01:00,41.92,31.25
2024-01-11T05:51:12+01:00,27.5,11.98
2024-01-11T05:53:38+01:00,42.17,31.5
2024-01-11T05:56:06+01:00,43.72,31.6
2024-01-11T05:58:31+01:00,44.92,32.38
2024-01-11T06:00:58+01:00,46.22,33.1
2024-01-11T06:03:24+01:00,44.33,31.88
2024-01-11T06:05:50+01:00,45.33,32.45
2024-01-11T06:08:16+01:00,42.92,32.1
2024-01-11T06:10:42+01:00,42.9,31.35
2024-01-11T06:13:09+01:00,42.85,31.55
2024-01-11T06:15:35+01:00,45.47,31.35
2024-01-11T06:18:01+01:00,42.13,30.92
2024-01-11T06:20:28+01:00,42.53,30.33
2024-01-11T06:22:54+01:00,42.22,31.25
2024-01-11T06:25:21+01:00,41.72,30.95
2024-01-11T06:27:47+01:00,40.4,29.13
2024-01-11T06:30:13+01:00,40.67,29.5
2024-01-11T06:32:39+01:00,41.4,30.45
2024-01-11T06:35:05+01:00,40.6,28.67
2024-01-11T06:37:31+01:00,39.17,27.95
2024-01-11T06:39:58+01:00,39.6,28.13
2024-01-11T06:42:24+01:00,38.22,27.5
2024-01-11T06:44:51+01:00,34.42,26.58
2024-01-11T06:47:17+01:00,36.4,26.38
2024-01-11T06:49:43+01:00,34.67,25.75
2024-01-11T06:52:10+01:00,35.0,26.45
2024-01-11T06:54:36+01:00,48.55,32.28
2024-01-11T06:57:02+01:00,45.08,30.52
2024-01-11T06:59:28+01:00,28.4,11.5
2024-01-11T07:01:54+01:00,58.5,37.33
2024-01-11T07:04:25+01:00,69.95,42.97
2024-01-11T07:06:51+01:00,66.0,40.58
2024-01-11T07:09:17+01:00,75.47,44.63
2024-01-11T07:11:43+01:00,111.57,59.08
2024-01-11T07:14:09+01:00,97.78,53.05
2024-01-11T07:16:35+01:00,73.6,26.4
2024-01-11T07:19:01+01:00,116.3,65.9
2024-01-11T07:21:27+01:00,59.6,40.3
2024-01-11T07:23:53+01:00,86.1,53.5
2024-01-11T07:26:19+01:00,61.63,40.6
2024-01-11T07:28:46+01:00,41.83,29.17
2024-01-11T07:31:12+01:00,40.9,29.75
2024-01-11T07:33:38+01:00,46.83,32.2
2024-01-11T07:36:07+01:00,47.88,32.7
2024-01-11T07:38:33+01:00,52.92,34.55
2024-01-11T07:40:59+01:00,56.63,36.45
2024-01-11T07:43:25+01:00,56.88,34.95
2024-01-11T07:45:51+01:00,47.9,34.42
2024-01-11T07:48:18+01:00,50.92,33.7
2024-01-11T07:50:44+01:00,56.1,37.05
2024-01-11T07:53:10+01:00,52.65,37.33
2024-01-11T07:55:36+01:00,53.58,37.55
2024-01-11T07:58:02+01:00,60.0,39.17
2024-01-11T08:00:28+01:00,59.2,38.65
2024-01-11T08:02:54+01:00,58.5,39.88
2024-01-11T08:05:20+01:00,55.58,38.8
2024-01-11T08:07:46+01:00,62.05,40.78
2024-01-11T08:10:13+01:00,56.95,39.78
2024-01-11T08:12:39+01:00,58.17,38.05
2024-01-11T08:15:08+01:00,53.53,36.53
2024-01-11T08:17:34+01:00,54.85,37.67
2024-01-11T08:20:00+01:00,56.35,39.38
2024-01-11T08:22:29+01:00,69.18,41.88
2024-01-11T08:24:55+01:00,57.6,41.05
2024-01-11T08:27:21+01:00,67.18,41.45
2024-01-11T08:29:47+01:00,69.4,43.1
2024-01-11T08:32:14+01:00,65.55,43.4
2024-01-11T08:34:40+01:00,57.35,38.83
2024-01-11T08:37:06+01:00,65.4,42.28
2024-01-11T08:39:32+01:00,69.6,43.38
2024-01-11T08:41:59+01:00,63.47,42.5
2024-01-11T08:44:25+01:00,66.22,43.13
2024-01-11T08:46:51+01:00,61.58,40.9
2024-01-11T08:49:17+01:00,57.53,41.25
2024-01-11T08:51:43+01:00,66.63,45.2
2024-01-11T08:54:09+01:00,62.9,42.38
2024-01-11T08:56:35+01:00,61.2,41.0
2024-01-11T08:59:01+01:00,60.9,40.97
2024-01-11T09:01:28+01:00,73.2,45.25
2024-01-11T09:03:54+01:00,69.18,44.8
2024-01-11T09:06:20+01:00,63.08,43.67
2024-01-11T09:08:46+01:00,66.55,43.5
2024-01-11T09:11:17+01:00,67.07,43.38
2024-01-11T09:13:43+01:00,80.25,50.65
2024-01-11T09:16:14+01:00,76.7,47.83
2024-01-11T09:18:41+01:00,70.85,47.13
2024-01-11T09:21:09+01:00,70.47,48.58
2024-01-11T09:23:37+01:00,75.32,46.63
2024-01-11T09:26:04+01:00,71.72,46.17
2024-01-11T09:28:30+01:00,75.63,46.65
2024-01-11T09:30:57+01:00,73.45,46.58
2024-01-11T09:33:23+01:00,73.38,46.22
2024-01-11T09:35:49+01:00,75.78,49.53
2024-01-11T09:38:15+01:00,76.95,49.67
2024-01-11T09:40:41+01:00,79.07,50.92
2024-01-11T09:43:07+01:00,85.6,54.3
2024-01-11T09:45:33+01:00,79.7,49.1
2024-01-11T09:47:59+01:00,71.82,47.2
2024-01-11T09:50:25+01:00,72.32,47.17
2024-01-11T09:52:51+01:00,70.88,45.88
2024-01-11T09:55:20+01:00,78.7,49.2
2024-01-11T09:57:46+01:00,65.13,43.92
2024-01-11T10:00:12+01:00,72.7,45.38
2024-01-11T10:02:42+01:00,68.4,44.15
2024-01-11T10:05:08+01:00,68.82,43.78
2024-01-11T10:07:34+01:00,77.43,47.08
2024-01-11T10:10:00+01:00,69.82,44.92
2024-01-11T10:12:26+01:00,72.07,43.25
2024-01-11T10:14:52+01:00,62.9,40.78
2024-01-11T10:17:19+01:00,62.58,40.4
2024-01-11T10:19:46+01:00,53.63,36.75
2024-01-11T10:22:12+01:00,53.42,36.6
2024-01-11T10:24:38+01:00,52.35,37.2
2024-01-11T10:27:04+01:00,55.17,38.3
2024-01-11T10:29:31+01:00,57.47,36.55
2024-01-11T10:31:58+01:00,53.47,36.55
2024-01-11T10:34:24+01:00,50.58,34.75
2024-01-11T10:36:50+01:00,65.88,37.4
2024-01-11T10:39:17+01:00,55.03,37.9
2024-01-11T10:41:47+01:00,52.4,37.5
2024-01-11T10:44:15+01:00,53.58,36.65
2024-01-11T10:46:41+01:00,52.9,37.15
2024-01-11T10:49:07+01:00,54.4,35.4
2024-01-11T10:51:34+01:00,53.65,38.05
2024-01-11T10:54:03+01:00,57.65,37.55
2024-01-11T10:56:29+01:00,51.2,36.67
2024-01-11T10:58:56+01:00,53.78,37.92
2024-01-11T11:01:22+01:00,58.92,38.9
2024-01-11T11:03:49+01:00,50.28,35.13
2024-01-11T11:06:15+01:00,55.63,38.1
2024-01-11T11:08:43+01:00,51.3,35.67
2024-01-11T11:11:09+01:00,50.03,35.15
2024-01-11T11:13:35+01:00,55.25,38.2
2024-01-11T11:16:06+01:00,50.78,35.75
2024-01-11T11:18:38+01:00,54.28,36.6
2024-01-11T11:21:04+01:00,55.55,36.78
2024-01-11T11:23:33+01:00,57.08,37.72
2024-01-11T11:25:59+01:00,52.13,37.75
2024-01-11T11:28:25+01:00,51.9,34.47
2024-01-11T11:30:52+01:00,57.85,36.05
2024-01-11T11:33:21+01:00,51.6,35.92
2024-01-11T11:35:48+01:00,55.78,37.78
2024-01-11T11:38:15+01:00,64.22,37.58
2024-01-11T11:40:41+01:00,53.53,36.75
2024-01-11T11:43:11+01:00,60.03,37.05
2024-01-11T11:45:38+01:00,56.83,37.9
2024-01-11T11:48:22+01:00,60.65,39.88
2024-01-11T11:50:54+01:00,65.15,39.3
2024-01-11T11:56:05+01:00,53.17,36.85
2024-01-11T11:58:34+01:00,55.25,35.75
2024-01-11T12:01:01+01:00,56.08,33.53
2024-01-11T12:03:30+01:00,53.95,35.08
2024-01-11T12:05:59+01:00,60.83,36.15
2024-01-11T12:08:26+01:00,51.65,35.25
2024-01-11T12:10:56+01:00,51.1,36.2
2024-01-11T12:13:22+01:00,56.83,34.25
2024-01-11T12:15:49+01:00,50.72,34.13
2024-01-11T12:18:15+01:00,51.5,34.45
2024-01-11T12:20:42+01:00,51.05,34.72
2024-01-11T12:23:09+01:00,56.75,34.6
2024-01-11T12:25:35+01:00,52.45,35.75
2024-01-11T12:28:02+01:00,53.4,35.63
2024-01-11T12:30:32+01:00,49.92,34.42
2024-01-11T12:32:58+01:00,61.85,39.33
2024-01-11T12:35:32+01:00,55.83,38.58
2024-01-11T12:37:58+01:00,59.85,40.6
2024-01-11T12:40:46+01:00,61.88,40.88
2024-01-11T12:43:11+01:00,59.1,41.0
2024-01-11T12:45:39+01:00,60.1,41.38
2024-01-11T12:51:00+01:00,60.58,39.7
2024-01-11T12:53:30+01:00,57.35,37.97
2024-01-11T12:55:56+01:00,52.78,37.05
2024-01-11T12:58:22+01:00,59.1,35.78
2024-01-11T13:00:48+01:00,55.17,35.3
2024-01-11T13:03:15+01:00,55.35,35.8
2024-01-11T13:05:42+01:00,75.28,37.6
2024-01-11T13:08:08+01:00,56.33,35.9
2024-01-11T13:10:35+01:00,58.0,37.88
2024-01-11T13:13:01+01:00,60.95,38.13
2024-01-11T13:15:28+01:00,54.83,36.5
2024-01-11T13:17:57+01:00,56.17,36.95
2024-01-11T13:20:24+01:00,58.67,35.65
2024-01-11T13:22:50+01:00,56.58,36.15
2024-01-11T13:25:16+01:00,55.1,36.1
2024-01-11T13:27:42+01:00,62.08,36.8
2024-01-11T13:30:08+01:00,55.6,38.6
2024-01-11T13:32:39+01:00,57.53,40.13
2024-01-11T13:35:05+01:00,63.55,41.65
2024-01-11T13:37:31+01:00,63.8,41.17
2024-01-11T13:39:57+01:00,71.65,42.35
2024-01-11T13:42:27+01:00,80.85,51.7
2024-01-11T13:44:53+01:00,71.95,46.5
2024-01-11T13:47:19+01:00,65.9,44.05
2024-01-11T13:49:45+01:00,60.55,40.75
2024-01-11T13:52:15+01:00,91.38,52.1
2024-01-11T13:54:42+01:00,64.97,40.25
2024-01-11T13:57:19+01:00,62.38,42.47
2024-01-11T13:59:46+01:00,63.92,42.3
2024-01-11T14:02:12+01:00,71.22,46.92
2024-01-11T14:04:39+01:00,74.4,47.83
2024-01-11T14:07:06+01:00,73.65,44.13
2024-01-11T14:09:32+01:00,71.78,43.6
2024-01-11T14:11:58+01:00,63.58,43.78
2024-01-11T14:14:25+01:00,68.97,46.88
2024-01-11T14:16:51+01:00,141.13,83.38
2024-01-11T14:19:17+01:00,83.13,51.5
2024-01-11T14:21:43+01:00,74.5,48.58
2024-01-11T14:24:09+01:00,83.28,49.33
2024-01-11T14:26:37+01:00,73.93,49.53
2024-01-11T14:29:04+01:00,72.45,44.65
2024-01-11T14:31:30+01:00,64.75,43.6
2024-01-11T14:33:57+01:00,70.93,45.92
2024-01-11T14:36:23+01:00,73.07,46.08
2024-01-11T14:38:49+01:00,70.63,46.33
2024-01-11T14:41:16+01:00,61.45,42.28
2024-01-11T14:43:45+01:00,61.35,41.4
2024-01-11T14:46:11+01:00,61.03,42.05
2024-01-11T14:48:41+01:00,62.28,43.8
2024-01-11T14:51:07+01:00,64.47,44.3
2024-01-11T14:53:38+01:00,65.85,44.15
2024-01-11T14:56:04+01:00,66.38,41.08
2024-01-11T14:58:31+01:00,66.13,41.95
2024-01-11T15:00:57+01:00,91.22,44.4
2024-01-11T15:03:23+01:00,72.63,47.95
2024-01-11T15:05:49+01:00,68.95,43.4
2024-01-11T15:08:15+01:00,70.35,42.45
2024-01-11T15:10:41+01:00,66.55,42.42
2024-01-11T15:13:07+01:00,67.72,44.47
2024-01-11T15:15:34+01:00,61.28,40.05
2024-01-11T15:18:02+01:00,62.8,43.88
2024-01-11T15:20:28+01:00,68.85,43.42
2024-01-11T15:22:55+01:00,64.18,40.58
2024-01-11T15:25:23+01:00,62.1,40.33
2024-01-11T15:27:54+01:00,52.25,27.3
2024-01-11T15:30:21+01:00,66.05,30.13
2024-01-11T15:32:47+01:00,56.83,27.95
2024-01-11T15:35:14+01:00,68.3,35.3
2024-01-11T15:37:42+01:00,73.47,34.28
2024-01-11T15:40:09+01:00,70.38,32.0
2024-01-11T15:42:35+01:00,61.0,30.9
2024-01-11T15:45:02+01:00,61.53,31.85
2024-01-11T15:47:31+01:00,57.97,33.08
2024-01-11T15:49:58+01:00,63.0,33.95
2024-01-11T15:52:24+01:00,68.05,32.1
2024-01-11T15:54:51+01:00,68.95,32.75
2024-01-11T15:57:17+01:00,73.18,33.42
2024-01-11T15:59:44+01:00,63.1,28.27
2024-01-11T16:02:10+01:00,59.42,27.88
2024-01-11T16:04:37+01:00,54.6,27.6
2024-01-11T16:07:03+01:00,61.78,30.88
2024-01-11T16:09:30+01:00,61.6,27.42
2024-01-11T16:11:56+01:00,64.93,26.73
2024-01-11T16:14:22+01:00,55.2,27.1
2024-01-11T16:16:48+01:00,61.47,35.17
2024-01-11T16:19:15+01:00,60.75,33.53
2024-01-11T16:21:41+01:00,70.13,32.53
2024-01-11T16:24:07+01:00,63.83,29.48
2024-01-11T16:26:33+01:00,52.5,28.52
2024-01-11T16:29:00+01:00,57.92,30.85
2024-01-11T16:31:26+01:00,54.42,27.95
2024-01-11T16:33:52+01:00,66.95,36.6
2024-01-11T16:36:19+01:00,74.93,34.58
2024-01-11T16:38:45+01:00,111.07,55.25
2024-01-11T16:41:12+01:00,165.77,88.8
2024-01-11T16:43:38+01:00,142.65,71.25
2024-01-11T16:46:04+01:00,75.8,34.85
2024-01-11T16:48:30+01:00,66.47,32.92
2024-01-11T16:50:56+01:00,131.88,64.4
2024-01-11T16:53:22+01:00,97.0,49.72
2024-01-11T16:55:49+01:00,99.15,50.72
2024-01-11T16:58:16+01:00,117.45,59.92
2024-01-11T17:00:42+01:00,93.35,49.92
2024-01-11T17:03:08+01:00,87.82,45.67
2024-01-11T17:05:34+01:00,70.57,41.17
2024-01-11T17:08:01+01:00,84.82,42.92
2024-01-11T17:10:27+01:00,75.47,41.92
2024-01-11T17:12:53+01:00,74.8,43.83
2024-01-11T17:15:19+01:00,73.78,44.28
2024-01-11T17:17:45+01:00,78.78,46.17
2024-01-11T17:20:11+01:00,74.75,41.5
2024-01-11T17:22:38+01:00,73.95,43.63
2024-01-11T17:25:04+01:00,79.47,40.97
2024-01-11T17:27:30+01:00,76.5,42.83
2024-01-11T17:29:56+01:00,73.8,40.08
2024-01-11T17:32:22+01:00,70.8,39.15
2024-01-11T17:34:48+01:00,82.9,46.45
2024-01-11T17:37:15+01:00,47.88,19.1
2024-01-11T17:39:41+01:00,98.65,49.22
2024-01-11T17:42:08+01:00,90.75,48.97
2024-01-11T17:44:35+01:00,65.63,40.25
2024-01-11T17:47:01+01:00,51.8,18.98
2024-01-11T17:49:27+01:00,41.9,16.77
2024-01-11T17:51:54+01:00,35.83,15.77
2024-01-11T17:54:20+01:00,47.65,17.35
2024-01-11T17:56:46+01:00,48.65,16.05
2024-01-11T17:59:13+01:00,44.92,15.95
2024-01-11T18:01:40+01:00,43.47,15.93
2024-01-11T18:04:06+01:00,46.03,16.38
2024-01-11T18:06:33+01:00,47.15,19.38
2024-01-11T18:09:00+01:00,66.22,21.0
2024-01-11T18:11:26+01:00,57.6,20.88
2024-01-11T18:13:52+01:00,51.03,20.05
2024-01-11T18:16:20+01:00,69.5,25.42
2024-01-11T18:18:46+01:00,60.17,24.1
2024-01-11T18:21:12+01:00,71.18,25.25
2024-01-11T18:23:38+01:00,63.92,26.5
2024-01-11T18:26:05+01:00,99.35,56.0
2024-01-11T18:28:32+01:00,98.82,57.38
2024-01-11T18:30:58+01:00,75.38,23.85
2024-01-11T18:33:24+01:00,64.63,23.4
2024-01-11T18:35:51+01:00,54.05,22.6
2024-01-11T18:38:17+01:00,73.22,23.13
2024-01-11T18:40:43+01:00,60.63,22.33
2024-01-11T18:43:09+01:00,97.32,56.25
2024-01-11T18:45:35+01:00,54.08,23.7
2024-01-11T18:48:03+01:00,43.75,19.02
2024-01-11T18:50:29+01:00,54.92,16.92
2024-01-11T18:52:56+01:00,49.92,15.05
2024-01-11T18:55:22+01:00,38.13,14.57
2024-01-11T18:57:49+01:00,27.9,12.75
2024-01-11T19:00:15+01:00,30.25,15.07
2024-01-11T19:02:41+01:00,36.13,13.15
2024-01-11T19:05:07+01:00,28.95,13.52
2024-01-11T19:07:36+01:00,29.65,13.7
2024-01-11T19:10:02+01:00,29.42,13.9
2024-01-11T19:12:28+01:00,41.85,18.05
2024-01-11T19:14:54+01:00,47.2,20.25
2024-01-11T19:17:20+01:00,36.1,16.5
2024-01-11T19:19:47+01:00,42.17,16.48
2024-01-11T19:22:13+01:00,57.42,18.0
2024-01-11T19:24:40+01:00,31.38,15.85
2024-01-11T19:27:06+01:00,51.28,21.5
2024-01-11T19:29:36+01:00,68.15,23.67
2024-01-11T19:32:02+01:00,54.22,22.88
2024-01-11T19:34:31+01:00,72.38,25.1
2024-01-11T19:36:57+01:00,72.8,25.08
2024-01-11T19:39:24+01:00,49.0,18.73
2024-01-11T19:41:50+01:00,46.4,14.95
2024-01-11T19:44:16+01:00,43.08,16.0
2024-01-11T19:46:43+01:00,45.45,16.08
2024-01-11T19:49:09+01:00,61.8,21.08
2024-01-11T19:51:39+01:00,47.85,18.6
2024-01-11T19:54:05+01:00,34.28,15.77
2024-01-11T19:56:31+01:00,40.13,17.02
2024-01-11T19:58:58+01:00,39.15,16.08
2024-01-11T20:01:24+01:00,41.83,17.65
2024-01-11T20:03:52+01:00,37.17,14.95
2024-01-11T20:06:18+01:00,39.25,16.17
2024-01-11T20:08:44+01:00,39.25,16.75
2024-01-11T20:11:10+01:00,39.88,17.08
2024-01-11T20:13:37+01:00,44.7,18.63
2024-01-11T20:16:03+01:00,52.05,16.55
2024-01-11T20:18:29+01:00,48.33,17.3
2024-01-11T20:20:55+01:00,37.35,14.82
2024-01-11T20:23:22+01:00,25.33,12.73
2024-01-11T20:25:54+01:00,34.53,13.0
2024-01-11T20:28:21+01:00,34.5,14.63
2024-01-11T20:30:47+01:00,32.63,15.3
2024-01-11T20:33:16+01:00,32.75,14.35
2024-01-11T20:35:42+01:00,37.17,14.48
2024-01-11T20:38:09+01:00,36.38,13.52
2024-01-11T20:40:37+01:00,63.67,35.72
2024-01-11T20:43:04+01:00,79.25,37.72
2024-01-11T20:45:30+01:00,44.42,16.92
2024-01-11T20:47:56+01:00,41.95,16.45
2024-01-11T20:50:22+01:00,46.92,17.33
2024-01-11T20:52:48+01:00,48.83,19.08
2024-01-11T20:55:14+01:00,41.13,17.3
2024-01-11T20:57:40+01:00,51.2,17.85
2024-01-11T21:00:07+01:00,48.92,16.13
2024-01-11T21:02:34+01:00,34.5,15.13
2024-01-11T21:05:02+01:00,56.47,19.23
2024-01-11T21:07:30+01:00,70.07,16.73
2024-01-11T21:09:56+01:00,27.2,12.57
2024-01-11T21:12:22+01:00,71.55,25.1
2024-01-11T21:14:48+01:00,57.35,21.7
2024-01-11T21:17:14+01:00,62.4,24.23
2024-01-11T21:19:42+01:00,51.0,23.05
2024-01-11T21:22:08+01:00,67.1,25.25
2024-01-11T21:24:35+01:00,65.8,27.98
2024-01-11T21:27:01+01:00,73.1,27.75
2024-01-11T21:29:28+01:00,91.35,32.17
2024-01-11T21:31:55+01:00,74.75,30.17
2024-01-11T21:34:21+01:00,79.38,30.9
2024-01-11T21:36:47+01:00,71.07,26.58
2024-01-11T21:39:13+01:00,74.13,28.3
2024-01-11T21:41:39+01:00,66.57,27.27
2024-01-11T21:44:08+01:00,98.9,31.95
2024-01-11T21:46:35+01:00,118.4,40.78
2024-01-11T21:49:01+01:00,87.03,31.27
2024-01-11T21:51:28+01:00,59.9,20.92
2024-01-11T21:53:54+01:00,54.45,23.0
2024-01-11T21:56:24+01:00,60.28,24.55
2024-01-11T21:58:51+01:00,52.05,22.5
2024-01-11T22:01:17+01:00,60.67,24.52
2024-01-11T22:03:43+01:00,44.33,18.17
2024-01-11T22:06:09+01:00,27.4,13.82
2024-01-11T22:08:36+01:00,45.6,15.88
2024-01-11T22:11:03+01:00,48.63,19.08
2024-01-11T22:13:29+01:00,63.4,22.27
2024-01-11T22:15:55+01:00,54.28,21.95
2024-01-11T22:18:22+01:00,64.85,21.85
2024-01-11T22:20:48+01:00,58.22,22.88
2024-01-11T22:23:14+01:00,40.08,17.2
2024-01-11T22:25:40+01:00,82.88,33.53
2024-01-11T22:28:07+01:00,21.45,12.93
2024-01-11T22:30:33+01:00,35.9,16.17
2024-01-11T22:32:59+01:00,36.85,14.93
2024-01-11T22:35:25+01:00,36.95,15.6
2024-01-11T22:37:51+01:00,38.45,16.13
2024-01-11T22:40:18+01:00,39.58,14.95
2024-01-11T22:42:45+01:00,43.1,16.17
2024-01-11T22:45:11+01:00,37.83,18.13
2024-01-11T22:47:38+01:00,29.08,14.98
2024-01-11T22:50:04+01:00,35.0,14.77
2024-01-11T22:52:30+01:00,50.45,17.48
2024-01-11T22:54:56+01:00,13.88,8.13
2024-01-11T22:57:22+01:00,66.45,23.63
2024-01-11T22:59:48+01:00,48.8,20.63
2024-01-11T23:02:15+01:00,85.0,37.97
2024-01-11T23:04:41+01:00,102.38,45.45
2024-01-11T23:07:07+01:00,118.18,53.7
2024-01-11T23:09:34+01:00,138.52,59.4
2024-01-11T23:12:00+01:00,128.1,61.03
2024-01-11T23:14:26+01:00,112.28,49.4
2024-01-11T23:16:52+01:00,144.75,64.82
2024-01-11T23:19:18+01:00,60.6,35.67
2024-01-11T23:21:44+01:00,161.68,76.72
2024-01-11T23:24:11+01:00,187.8,80.78
2024-01-11T23:26:37+01:00,37.67,20.75
2024-01-11T23:29:04+01:00,189.48,81.35
2024-01-11T23:31:31+01:00,247.02,80.2
2024-01-11T23:33:58+01:00,72.1,33.42
2024-01-11T23:36:25+01:00,165.57,61.72
2024-01-11T23:38:53+01:00,192.95,66.8
2024-01-11T23:41:19+01:00,152.57,58.83
2024-01-11T23:43:45+01:00,178.95,66.28
2024-01-11T23:46:11+01:00,115.15,47.58
2024-01-11T23:48:37+01:00,123.55,45.17
2024-01-11T23:51:06+01:00,39.78,20.92
2024-01-11T23:53:35+01:00,22.7,12.6
2024-01-11T23:56:20+01:00,113.2,44.97
2024-01-11T23:58:46+01:00,125.8,46.83
2024-01-12T00:01:12+01:00,113.03,45.2
2024-01-12T00:03:39+01:00,126.85,57.33
2024-01-12T00:06:05+01:00,122.32,53.83
2024-01-12T00:08:31+01:00,91.0,35.47
2024-01-12T00:10:57+01:00,134.27,56.58
2024-01-12T00:13:23+01:00,156.35,58.03
2024-01-12T00:15:49+01:00,159.6,60.1
2024-01-12T00:18:15+01:00,152.88,59.15
2024-01-12T00:20:41+01:00,149.82,54.1
2024-01-12T00:23:07+01:00,103.5,43.47
2024-01-12T00:25:33+01:00,112.28,42.47
2024-01-12T00:27:59+01:00,107.75,42.08
2024-01-12T00:30:25+01:00,101.4,38.92
2024-01-12T00:32:51+01:00,88.65,35.72
2024-01-12T00:35:17+01:00,84.8,33.35
2024-01-12T00:37:43+01:00,103.38,36.42
2024-01-12T00:40:12+01:00,111.9,40.2
2024-01-12T00:42:38+01:00,115.28,41.88
2024-01-12T00:45:04+01:00,122.82,45.9
2024-01-12T00:47:30+01:00,55.47,26.9
2024-01-12T00:49:56+01:00,106.18,40.33
2024-01-12T00:52:22+01:00,121.13,40.4
2024-01-12T00:54:49+01:00,77.68,28.33
2024-01-12T00:57:15+01:00,78.6,30.73
2024-01-12T00:59:41+01:00,45.08,21.02
2024-01-12T01:02:08+01:00,76.65,28.2
2024-01-12T01:04:34+01:00,57.3,26.8
2024-01-12T01:07:00+01:00,66.6,24.27
2024-01-12T01:09:27+01:00,35.83,15.48
2024-01-12T01:11:53+01:00,67.25,24.83
2024-01-12T01:14:19+01:00,59.38,24.98
2024-01-12T01:16:45+01:00,79.8,25.85
2024-01-12T01:19:14+01:00,77.38,28.13
2024-01-12T01:21:43+01:00,82.25,31.2
2024-01-12T01:24:09+01:00,88.25,32.83
2024-01-12T01:26:35+01:00,66.8,32.33
2024-01-12T01:29:01+01:00,89.53,31.73
2024-01-12T01:31:27+01:00,84.5,35.75
2024-01-12T01:33:53+01:00,93.9,35.4
2024-01-12T01:36:20+01:00,120.8,42.63
2024-01-12T01:38:47+01:00,100.78,34.28
2024-01-12T01:41:13+01:00,83.5,31.45
2024-01-12T01:43:39+01:00,83.43,32.3
2024-01-12T01:46:06+01:00,91.25,32.97
2024-01-12T01:48:32+01:00,57.13,23.83
2024-01-12T01:50:58+01:00,101.38,33.88
2024-01-12T01:53:24+01:00,112.18,40.7
2024-01-12T01:55:50+01:00,92.88,36.67
2024-01-12T01:58:18+01:00,122.0,38.2
2024-01-12T02:00:44+01:00,96.72,35.8
2024-01-12T02:03:10+01:00,82.68,31.88
2024-01-12T02:05:36+01:00,87.07,32.5
2024-01-12T02:08:02+01:00,84.22,30.8
2024-01-12T02:10:28+01:00,20.3,12.85
2024-01-12T02:12:54+01:00,58.35,21.1
2024-01-12T02:15:20+01:00,60.53,23.27
2024-01-12T02:17:47+01:00,56.45,21.55
2024-01-12T02:20:13+01:00,67.25,30.1
2024-01-12T02:22:41+01:00,16.48,11.48
2024-01-12T02:25:07+01:00,40.0,17.7
2024-01-12T02:27:35+01:00,73.38,29.7
2024-01-12T02:30:02+01:00,83.05,35.92
2024-01-12T02:32:28+01:00,93.5,33.7
2024-01-12T02:34:54+01:00,94.88,37.17
2024-01-12T02:37:20+01:00,84.35,33.8
2024-01-12T02:39:46+01:00,84.22,33.47
2024-01-12T02:42:12+01:00,85.22,31.23
2024-01-12T02:44:38+01:00,85.72,35.0
2024-01-12T02:47:04+01:00,84.22,34.4
2024-01-12T02:49:31+01:00,91.72,36.45
2024-01-12T02:51:57+01:00,97.97,38.3
2024-01-12T02:54:23+01:00,67.03,21.58
2024-01-12T02:56:49+01:00,61.7,23.25
2024-01-12T02:59:16+01:00,89.53,34.8
2024-01-12T03:01:42+01:00,24.17,13.2
2024-01-12T03:04:08+01:00,27.13,14.75
2024-01-12T03:06:56+01:00,57.67,28.55
2024-01-12T03:09:22+01:00,108.43,39.08
2024-01-12T03:11:50+01:00,85.35,36.8
2024-01-12T03:14:16+01:00,23.75,14.0
2024-01-12T03:16:42+01:00,62.92,30.83
2024-01-12T03:19:08+01:00,69.8,29.4
2024-01-12T03:21:34+01:00,92.13,34.22
2024-01-12T03:24:00+01:00,57.33,26.77
2024-01-12T03:26:27+01:00,81.38,30.13
2024-01-12T03:28:53+01:00,30.48,17.33
2024-01-12T03:31:19+01:00,68.32,27.8
2024-01-12T03:33:47+01:00,73.55,27.85
2024-01-12T03:36:14+01:00,70.53,28.88
2024-01-12T03:38:40+01:00,71.82,28.65
2024-01-12T03:41:06+01:00,75.4,27.58
2024-01-12T03:43:32+01:00,77.0,28.77
2024-01-12T03:45:58+01:00,85.97,34.9
2024-01-12T03:48:24+01:00,26.52,11.05
2024-01-12T03:50:50+01:00,65.13,27.75
2024-01-12T03:53:16+01:00,74.8,26.15
2024-01-12T03:55:43+01:00,61.83,25.08
2024-01-12T03:58:09+01:00,58.65,26.33
2024-01-12T04:00:35+01:00,75.9,30.42
2024-01-12T04:03:02+01:00,26.05,15.07
2024-01-12T04:05:28+01:00,81.3,32.47
2024-01-12T04:07:54+01:00,81.1,28.27
2024-01-12T04:10:20+01:00,77.25,30.42
2024-01-12T04:12:46+01:00,70.22,28.2
2024-01-12T04:15:12+01:00,69.88,28.02
2024-01-12T04:17:38+01:00,57.55,24.5
2024-01-12T04:22:42+01:00,70.43,27.42
2024-01-12T04:25:08+01:00,80.28,30.02
2024-01-12T04:27:34+01:00,85.63,32.05
2024-01-12T04:30:00+01:00,74.28,33.05
2024-01-12T04:32:26+01:00,89.07,33.88
2024-01-12T04:34:52+01:00,81.32,32.25
2024-01-12T04:37:19+01:00,82.68,32.92
2024-01-12T04:39:45+01:00,18.35,12.07
2024-01-12T04:42:11+01:00,71.65,27.83
2024-01-12T04:44:37+01:00,76.32,30.15
2024-01-12T04:47:03+01:00,16.85,10.8
2024-01-12T04:49:29+01:00,28.3,16.45
2024-01-12T04:51:56+01:00,67.45,26.52
2024-01-12T04:54:23+01:00,69.68,28.77
2024-01-12T04:56:50+01:00,85.93,30.27
2024-01-12T04:59:16+01:00,66.57,28.02
2024-01-12T05:01:42+01:00,66.2,28.98
2024-01-12T05:04:09+01:00,80.45,28.25
2024-01-12T05:06:35+01:00,68.03,29.48
2024-01-12T05:09:01+01:00,41.9,21.1
2024-01-12T05:11:27+01:00,19.23,12.77
2024-01-12T05:13:56+01:00,24.88,15.15
2024-01-12T05:16:22+01:00,46.2,20.4
2024-01-12T05:18:48+01:00,60.33,21.2
2024-01-12T05:21:14+01:00,39.17,17.15
2024-01-12T05:23:40+01:00,57.22,20.27
2024-01-12T05:26:07+01:00,55.15,21.48
2024-01-12T05:28:33+01:00,57.72,21.7
2024-01-12T05:31:02+01:00,37.15,16.48
2024-01-12T05:33:31+01:00,33.08,13.1
2024-01-12T05:35:58+01:00,33.35,15.55
2024-01-12T05:38:25+01:00,54.0,23.15
2024-01-12T05:40:51+01:00,47.6,21.65
2024-01-12T05:43:17+01:00,50.13,24.42
2024-01-12T05:45:44+01:00,63.1,25.17
2024-01-12T05:48:10+01:00,80.95,25.05
2024-01-12T05:50:36+01:00,79.47,30.9
2024-01-12T05:53:02+01:00,63.17,28.92
2024-01-12T05:55:28+01:00,77.0,33.13
2024-01-12T05:57:54+01:00,68.2,29.15
2024-01-12T06:00:20+01:00,67.18,28.8
2024-01-12T06:02:46+01:00,72.45,30.77
2024-01-12T06:05:12+01:00,67.63,28.83
2024-01-12T06:07:39+01:00,85.53,32.95
2024-01-12T06:10:05+01:00,56.88,24.7
2024-01-12T06:12:32+01:00,40.0,18.77
2024-01-12T06:15:00+01:00,80.7,30.5
2024-01-12T06:17:27+01:00,78.4,30.48
2024-01-12T06:19:53+01:00,64.35,27.73
2024-01-12T06:22:19+01:00,58.83,25.17
2024-01-12T06:24:45+01:00,65.4,28.27
2024-01-12T06:27:11+01:00,57.3,25.15
2024-01-12T06:29:38+01:00,42.22,19.38
2024-01-12T06:32:04+01:00,63.45,26.88
2024-01-12T06:34:30+01:00,70.82,27.25
2024-01-12T06:36:56+01:00,62.65,28.17
2024-01-12T06:39:22+01:00,66.35,23.8
2024-01-12T06:41:48+01:00,53.83,19.95
2024-01-12T06:44:14+01:00,63.0,24.67
2024-01-12T06:46:40+01:00,59.4,23.1
2024-01-12T06:49:06+01:00,66.07,25.08
2024-01-12T06:51:32+01:00,38.83,21.13
2024-01-12T06:53:59+01:00,58.45,22.88
2024-01-12T06:56:25+01:00,71.25,25.73
2024-01-12T06:58:51+01:00,36.88,17.73
2024-01-12T07:01:17+01:00,59.25,26.45
2024-01-12T07:03:46+01:00,66.15,27.42
2024-01-12T07:06:12+01:00,60.78,24.4
2024-01-12T07:08:38+01:00,86.03,33.15
2024-01-12T07:11:04+01:00,65.65,25.85
2024-01-12T07:13:30+01:00,67.2,28.38
2024-01-12T07:15:57+01:00,49.45,23.77
2024-01-12T07:18:23+01:00,69.13,29.7
2024-01-12T07:20:49+01:00,73.07,29.35
2024-01-12T07:23:15+01:00,68.68,25.45
2024-01-12T07:25:41+01:00,34.65,16.42
2024-01-12T07:28:07+01:00,42.85,17.5
2024-01-12T07:30:34+01:00,16.42,9.45
2024-01-12T07:33:00+01:00,29.3,14.93
2024-01-12T07:35:26+01:00,52.72,21.52
2024-01-12T07:37:57+01:00,52.58,24.5
2024-01-12T07:40:24+01:00,102.5,38.28
2024-01-12T07:42:50+01:00,84.2,34.17
2024-01-12T07:45:16+01:00,75.93,32.7
2024-01-12T07:47:43+01:00,75.2,30.48
2024-01-12T07:50:09+01:00,74.1,27.75
2024-01-12T07:52:35+01:00,83.8,31.58
2024-01-12T07:55:02+01:00,35.1,18.73
2024-01-12T07:57:28+01:00,54.35,25.83
2024-01-12T07:59:55+01:00,27.48,14.7
2024-01-12T08:02:22+01:00,87.6,41.47
2024-01-12T08:04:48+01:00,66.82,22.55
2024-01-12T08:07:14+01:00,80.35,36.72
2024-01-12T08:09:40+01:00,33.6,17.73
2024-01-12T08:12:07+01:00,30.13,15.6
2024-01-12T08:14:33+01:00,64.68,26.55
2024-01-12T08:16:59+01:00,80.32,31.1
2024-01-12T08:19:25+01:00,69.68,28.58
2024-01-12T08:21:51+01:00,29.52,13.35
2024-01-12T08:24:18+01:00,58.97,27.0
2024-01-12T08:26:44+01:00,23.08,13.35
2024-01-12T08:29:10+01:00,51.63,27.77
2024-01-12T08:31:36+01:00,36.25,12.77
2024-01-12T08:34:02+01:00,20.23,12.3
2024-01-12T08:36:29+01:00,21.85,10.93
2024-01-12T08:38:55+01:00,36.0,17.9
2024-01-12T08:41:22+01:00,48.13,23.95
2024-01-12T08:43:48+01:00,32.97,18.5
2024-01-12T08:46:15+01:00,73.55,33.08
2024-01-12T08:48:42+01:00,63.3,27.25
2024-01-12T08:51:08+01:00,102.53,66.53
2024-01-12T08:53:34+01:00,107.28,74.0
2024-01-12T08:56:00+01:00,119.63,73.5
2024-01-12T10:55:53+01:00,87.72,57.5
2024-01-12T10:58:20+01:00,89.78,54.8
2024-01-12T11:00:47+01:00,97.78,58.2
2024-01-12T11:03:13+01:00,95.82,59.25
2024-01-12T11:05:39+01:00,103.18,60.67
2024-01-12T11:08:06+01:00,101.1,59.83
2024-01-12T11:10:33+01:00,94.57,57.53
2024-01-12T11:13:02+01:00,92.35,55.35
2024-01-12T11:15:28+01:00,81.43,53.47
2024-01-12T11:17:57+01:00,81.8,49.42
2024-01-12T11:20:24+01:00,74.05,45.8
2024-01-12T11:22:56+01:00,74.07,47.8
2024-01-12T11:25:22+01:00,72.68,46.03
2024-01-12T11:27:55+01:00,76.6,46.85
2024-01-12T11:30:21+01:00,65.78,45.25
2024-01-12T11:32:50+01:00,67.63,46.35
2024-01-12T11:35:17+01:00,70.13,46.38
2024-01-12T11:37:45+01:00,69.78,49.88
2024-01-12T11:40:13+01:00,69.47,45.85
2024-01-12T11:42:42+01:00,72.47,45.67
2024-01-12T11:45:08+01:00,69.35,44.4
2024-01-12T11:47:37+01:00,65.55,43.58
2024-01-12T11:50:04+01:00,65.55,43.08
2024-01-12T11:55:13+01:00,61.08,38.33
2024-01-12T11:57:41+01:00,61.53,40.38
2024-01-12T12:00:08+01:00,63.75,40.15
2024-01-12T12:02:36+01:00,63.33,38.0
2024-01-12T12:05:03+01:00,64.3,41.65
2024-01-12T12:07:29+01:00,54.4,37.15
2024-01-12T12:09:56+01:00,72.07,45.28
2024-01-12T12:12:34+01:00,75.0,45.28
2024-01-12T12:15:01+01:00,58.35,39.75
2024-01-12T12:17:33+01:00,64.68,42.7
2024-01-12T12:20:12+01:00,60.03,40.4
2024-01-12T12:22:39+01:00,56.38,37.42
2024-01-12T12:25:06+01:00,60.25,39.92
2024-01-12T12:27:32+01:00,59.3,40.88
2024-01-12T12:29:59+01:00,66.45,42.6
2024-01-12T12:32:26+01:00,69.45,43.7
2024-01-12T12:35:08+01:00,58.97,36.95
2024-01-12T12:37:34+01:00,60.97,38.05
2024-01-12T12:40:03+01:00,67.57,39.85
2024-01-12T12:42:29+01:00,52.8,34.67
2024-01-12T12:44:57+01:00,54.1,36.1
2024-01-12T12:47:27+01:00,58.7,36.72
2024-01-12T12:49:54+01:00,55.0,36.1
2024-01-12T12:52:20+01:00,54.53,36.38
2024-01-12T12:54:46+01:00,79.57,53.0
2024-01-12T12:57:12+01:00,56.05,36.65
2024-01-12T12:59:39+01:00,52.58,36.53
2024-01-12T13:02:05+01:00,58.33,34.58
2024-01-12T13:04:33+01:00,50.4,33.3
2024-01-12T13:06:59+01:00,52.53,36.3
2024-01-12T13:09:25+01:00,52.3,35.35
2024-01-12T13:11:51+01:00,53.38,34.05
2024-01-12T13:14:17+01:00,52.63,33.22
2024-01-12T13:16:43+01:00,54.08,33.85
2024-01-12T13:19:10+01:00,54.22,33.83
2024-01-12T13:21:36+01:00,52.72,34.72
2024-01-12T13:24:03+01:00,52.55,30.13
2024-01-12T13:26:29+01:00,35.47,23.27
2024-01-12T13:28:57+01:00,32.42,21.38
2024-01-12T13:31:23+01:00,33.17,22.58
2024-01-12T13:33:55+01:00,42.6,24.85
2024-01-12T13:36:22+01:00,39.47,26.52
2024-01-12T13:38:49+01:00,44.75,26.27
2024-01-12T13:41:15+01:00,37.1,24.9
2024-01-12T13:43:41+01:00,36.4,24.6
2024-01-12T13:46:10+01:00,41.92,26.48
2024-01-12T13:48:38+01:00,29.63,19.55
2024-01-12T13:51:05+01:00,34.95,19.95
2024-01-12T13:53:31+01:00,35.85,21.42
2024-01-12T13:55:57+01:00,31.83,21.33
2024-01-12T13:58:23+01:00,37.6,20.08
2024-01-12T14:00:50+01:00,30.58,20.5
2024-01-12T14:03:16+01:00,35.3,21.5
2024-01-12T14:05:42+01:00,35.35,20.92
2024-01-12T14:08:08+01:00,37.4,21.08
2024-01-12T14:10:35+01:00,36.03,22.48
2024-01-12T14:13:01+01:00,33.9,23.2
2024-01-12T14:15:27+01:00,31.38,21.25
2024-01-12T14:17:53+01:00,33.6,21.88
2024-01-12T14:20:20+01:00,35.63,21.65
2024-01-12T14:22:47+01:00,32.05,19.88
2024-01-12T14:25:13+01:00,30.83,21.1
2024-01-12T14:27:39+01:00,30.3,20.63
2024-01-12T14:30:06+01:00,34.1,20.23
2024-01-12T14:32:33+01:00,33.5,22.83
2024-01-12T14:34:59+01:00,44.17,21.77
2024-01-12T14:37:25+01:00,32.2,21.15
2024-01-12T14:39:51+01:00,34.5,22.13
2024-01-12T14:42:18+01:00,34.33,19.33
2024-01-12T14:44:44+01:00,32.03,22.48
2024-01-12T14:47:10+01:00,35.58,21.08
2024-01-12T14:49:37+01:00,32.15,21.75
2024-01-12T14:52:03+01:00,32.47,18.9
2024-01-12T14:54:29+01:00,40.22,20.85
2024-01-12T14:56:55+01:00,35.28,22.13
2024-01-12T14:59:22+01:00,59.17,24.9
2024-01-12T15:01:48+01:00,34.9,19.73
2024-01-12T15:04:14+01:00,35.72,22.88
2024-01-12T15:06:42+01:00,33.47,21.52
2024-01-12T15:09:08+01:00,44.83,21.75
2024-01-12T15:11:37+01:00,31.08,19.2
2024-01-12T15:14:03+01:00,36.53,23.3
2024-01-12T15:16:29+01:00,35.2,21.7
2024-01-12T15:18:55+01:00,43.85,19.85
2024-01-12T15:21:21+01:00,28.95,18.42
2024-01-12T15:23:47+01:00,29.73,18.13
2024-01-12T15:26:14+01:00,26.58,17.27
2024-01-12T15:28:41+01:00,35.7,21.55
2024-01-12T15:31:07+01:00,30.9,19.17
2024-01-12T15:33:33+01:00,31.52,19.4
2024-01-12T15:36:01+01:00,57.6,37.0
2024-01-12T15:38:27+01:00,43.9,29.4
2024-01-12T15:40:53+01:00,30.23,20.17
2024-01-12T15:43:19+01:00,36.28,23.15
2024-01-12T15:45:46+01:00,36.17,22.15
2024-01-12T15:48:12+01:00,34.25,23.33
2024-01-12T15:50:39+01:00,48.2,25.1
2024-01-12T15:53:09+01:00,47.25,27.75
2024-01-12T15:55:35+01:00,41.55,26.27
2024-01-12T15:58:02+01:00,47.67,27.83
2024-01-12T16:00:28+01:00,52.13,28.83
2024-01-12T16:02:54+01:00,51.47,28.27
2024-01-12T16:05:20+01:00,52.8,28.77
2024-01-12T16:07:48+01:00,59.05,32.78
2024-01-12T16:10:14+01:00,52.83,31.27
2024-01-12T16:12:40+01:00,48.63,30.13
2024-01-12T16:15:07+01:00,53.33,30.05
2024-01-12T16:17:33+01:00,46.88,28.25
2024-01-12T16:20:00+01:00,45.97,29.17
2024-01-12T16:22:29+01:00,46.72,29.77
2024-01-12T16:24:56+01:00,51.4,33.0
2024-01-12T16:27:22+01:00,50.17,29.67
2024-01-12T16:29:48+01:00,46.17,29.38
2024-01-12T16:32:14+01:00,45.33,27.88
2024-01-12T16:34:40+01:00,41.67,26.92
2024-01-12T16:37:06+01:00,37.88,26.73
2024-01-12T16:39:32+01:00,20.15,9.9
2024-01-12T16:41:58+01:00,41.22,26.3
2024-01-12T16:44:24+01:00,43.03,27.7
2024-01-12T16:46:50+01:00,37.22,25.75
2024-01-12T16:49:17+01:00,39.97,23.27
2024-01-12T16:51:43+01:00,32.7,23.15
2024-01-12T16:54:09+01:00,41.4,25.67
2024-01-12T16:56:35+01:00,40.75,25.45
2024-01-12T16:59:01+01:00,233.15,142.15
2024-01-12T17:01:27+01:00,68.72,42.9
2024-01-12T17:03:53+01:00,119.3,72.85
2024-01-12T17:06:19+01:00,98.47,59.78
2024-01-12T17:08:45+01:00,73.0,29.17
2024-01-12T17:11:18+01:00,87.3,53.65
2024-01-12T17:13:44+01:00,74.43,45.38
2024-01-12T17:16:10+01:00,56.9,21.13
2024-01-12T17:18:37+01:00,87.88,49.6
2024-01-12T17:21:03+01:00,43.92,21.25
2024-01-12T17:23:30+01:00,85.2,52.75
2024-01-12T17:25:56+01:00,90.22,54.2
2024-01-12T17:28:22+01:00,60.15,25.1
2024-01-12T17:30:48+01:00,118.78,74.72
2024-01-12T17:33:14+01:00,118.38,73.53
2024-01-12T17:35:40+01:00,121.47,73.25
2024-01-12T17:38:06+01:00,70.75,28.35
2024-01-12T17:40:33+01:00,69.1,27.98
2024-01-12T17:43:00+01:00,133.27,78.3
2024-01-12T17:45:27+01:00,82.93,33.55
2024-01-12T17:47:53+01:00,77.22,30.48
2024-01-12T17:50:19+01:00,112.05,42.63
2024-01-12T17:52:45+01:00,104.2,34.7
2024-01-12T17:55:11+01:00,76.8,31.75
2024-01-12T17:57:37+01:00,98.38,38.63
2024-01-12T18:00:06+01:00,89.22,35.85
2024-01-12T18:02:37+01:00,47.2,21.6
2024-01-12T18:05:04+01:00,80.85,28.77
2024-01-12T18:07:30+01:00,52.22,22.67
2024-01-12T18:09:56+01:00,103.63,39.03
2024-01-12T18:12:22+01:00,127.28,42.92
2024-01-12T18:14:48+01:00,48.33,17.1
2024-01-12T18:17:14+01:00,67.68,26.38
2024-01-12T18:19:42+01:00,74.93,26.02
2024-01-12T18:22:09+01:00,69.47,28.42
2024-01-12T18:24:35+01:00,65.57,23.8
2024-01-12T18:27:02+01:00,65.05,27.35
2024-01-12T18:29:28+01:00,58.63,22.92
2024-01-12T18:31:54+01:00,52.9,35.92
2024-01-12T18:34:20+01:00,21.35,9.68
2024-01-12T18:36:46+01:00,9.5,5.38
2024-01-12T18:39:16+01:00,26.27,10.75
2024-01-12T18:41:43+01:00,20.6,8.52
2024-01-12T18:44:09+01:00,43.1,16.35
2024-01-12T18:46:37+01:00,58.35,22.42
2024-01-12T18:49:03+01:00,21.85,11.75
2024-01-12T18:51:29+01:00,41.5,17.6
2024-01-12T18:53:56+01:00,60.3,35.92
2024-01-12T18:56:22+01:00,31.73,13.07
2024-01-12T18:58:49+01:00,34.78,12.15
2024-01-12T19:01:16+01:00,31.75,12.6
2024-01-12T19:03:42+01:00,23.05,9.68
2024-01-12T19:06:08+01:00,27.75,9.38
2024-01-12T19:08:34+01:00,25.48,10.6
2024-01-12T19:11:00+01:00,39.13,26.67
2024-01-12T19:13:26+01:00,24.3,12.0
2024-01-12T19:15:52+01:00,21.13,11.0
2024-01-12T19:18:19+01:00,30.85,13.2
2024-01-12T19:20:45+01:00,34.72,14.02
2024-01-12T19:23:11+01:00,47.63,31.55
2024-01-12T19:25:37+01:00,27.23,12.52
2024-01-12T19:28:03+01:00,25.92,12.77
2024-01-12T19:30:30+01:00,80.55,29.92
2024-01-12T19:32:56+01:00,38.2,19.15
2024-01-12T19:35:22+01:00,11.13,7.9
2024-01-12T19:37:48+01:00,69.43,29.1
2024-01-12T19:40:14+01:00,69.97,27.98
2024-01-12T19:42:40+01:00,49.22,22.5
2024-01-12T19:45:06+01:00,66.75,27.52
2024-01-12T19:47:34+01:00,43.9,20.63
2024-01-12T19:50:00+01:00,32.6,16.23
2024-01-12T19:52:26+01:00,57.13,22.63
2024-01-12T19:54:52+01:00,66.13,26.48
2024-01-12T19:57:18+01:00,79.9,30.8
2024-01-12T19:59:46+01:00,53.45,23.63
2024-01-12T20:02:12+01:00,52.88,24.1
2024-01-12T20:04:38+01:00,48.1,18.27
2024-01-12T20:07:04+01:00,64.82,29.7
2024-01-12T20:09:30+01:00,109.6,38.63
2024-01-12T20:11:56+01:00,51.63,20.75
2024-01-12T20:14:22+01:00,91.63,34.55
2024-01-12T20:16:48+01:00,96.5,35.38
2024-01-12T20:19:15+01:00,78.2,30.35
2024-01-12T20:21:41+01:00,75.25,33.22
2024-01-12T20:24:08+01:00,109.13,40.0
2024-01-12T20:26:34+01:00,104.93,41.5
2024-01-12T20:29:00+01:00,100.55,37.42
2024-01-12T20:31:27+01:00,104.6,40.35
2024-01-12T20:33:53+01:00,93.9,37.9
2024-01-12T20:36:19+01:00,104.82,35.67
2024-01-12T20:38:46+01:00,71.68,27.92
2024-01-12T20:41:24+01:00,81.65,29.4
2024-01-12T20:43:51+01:00,59.4,22.48
2024-01-12T20:46:17+01:00,100.97,32.83
2024-01-12T20:48:43+01:00,91.82,33.8
2024-01-12T20:51:09+01:00,64.25,21.23
2024-01-12T20:53:36+01:00,44.5,18.5
2024-01-12T20:56:02+01:00,39.13,16.65
2024-01-12T20:58:28+01:00,39.05,17.17
2024-01-12T21:00:54+01:00,46.3,21.27
2024-01-12T21:03:26+01:00,169.9,46.28
2024-01-12T21:05:52+01:00,105.32,38.13
2024-01-12T21:08:18+01:00,193.57,58.67
2024-01-12T21:10:44+01:00,154.15,57.2
2024-01-12T21:13:10+01:00,99.15,38.4
2024-01-12T21:15:36+01:00,101.57,35.3
2024-01-12T21:18:03+01:00,143.65,45.15
2024-01-12T21:20:29+01:00,94.82,36.58
2024-01-12T21:22:55+01:00,89.3,32.78
2024-01-12T21:25:21+01:00,98.8,36.1
2024-01-12T21:27:47+01:00,72.13,30.42
2024-01-12T21:30:13+01:00,80.6,32.08
2024-01-12T21:32:39+01:00,128.95,41.4
2024-01-12T21:35:07+01:00,134.35,42.97
2024-01-12T21:37:33+01:00,121.55,43.8
2024-01-12T21:39:59+01:00,111.38,38.03
2024-01-12T21:42:25+01:00,103.82,40.13
2024-01-12T21:44:51+01:00,84.0,32.5
2024-01-12T21:47:17+01:00,105.22,38.33
2024-01-12T21:49:48+01:00,91.95,36.15
2024-01-12T21:52:14+01:00,104.28,37.9
2024-01-12T21:54:40+01:00,121.5,42.83
2024-01-12T21:57:06+01:00,93.53,39.13
2024-01-12T21:59:32+01:00,116.25,42.1
2024-01-12T22:01:58+01:00,137.15,49.92
2024-01-12T22:04:24+01:00,118.2,49.53
2024-01-12T22:06:50+01:00,125.03,50.17
2024-01-12T22:09:16+01:00,132.45,48.05
2024-01-12T22:11:43+01:00,131.35,47.47
2024-01-12T22:14:09+01:00,129.82,43.9
2024-01-12T22:16:35+01:00,115.43,40.88
2024-01-12T22:19:01+01:00,92.93,36.97
2024-01-12T22:21:27+01:00,90.32,36.25
2024-01-12T22:23:53+01:00,99.18,36.75
2024-01-12T22:26:19+01:00,90.6,34.65
2024-01-12T22:28:46+01:00,90.63,33.03
2024-01-12T22:31:12+01:00,74.0,28.55
2024-01-12T22:33:38+01:00,106.82,32.3
2024-01-12T22:36:04+01:00,66.6,27.75
2024-01-12T22:38:30+01:00,81.45,29.98
2024-01-12T22:40:56+01:00,147.77,56.28
2024-01-12T22:43:22+01:00,158.75,57.28
2024-01-12T22:45:49+01:00,129.52,49.1
2024-01-12T22:48:15+01:00,139.75,51.75
2024-01-12T22:50:41+01:00,141.3,50.97
2024-01-12T22:53:07+01:00,119.25,45.75
2024-01-12T22:55:33+01:00,68.13,27.9
2024-01-12T22:57:59+01:00,68.88,26.83
2024-01-12T23:00:30+01:00,71.75,26.38
2024-01-12T23:02:57+01:00,90.93,29.1
2024-01-12T23:05:23+01:00,85.1,31.08
2024-01-12T23:07:49+01:00,122.6,37.7
2024-01-12T23:10:15+01:00,91.28,28.83
2024-01-12T23:12:41+01:00,67.85,27.1
2024-01-12T23:15:07+01:00,88.43,28.5
2024-01-12T23:17:34+01:00,87.05,27.1
2024-01-12T23:20:00+01:00,47.17,20.9
2024-01-12T23:22:26+01:00,21.95,11.2
2024-01-12T23:24:52+01:00,71.18,25.6
2024-01-12T23:27:18+01:00,51.13,20.83
2024-01-12T23:29:45+01:00,63.8,23.45
2024-01-12T23:32:11+01:00,73.75,23.52
2024-01-12T23:34:37+01:00,82.72,28.77
2024-01-12T23:37:03+01:00,78.22,29.55
2024-01-12T23:39:29+01:00,73.22,28.23
2024-01-12T23:41:55+01:00,82.53,30.83
2024-01-12T23:44:21+01:00,81.78,32.72
2024-01-12T23:46:49+01:00,79.47,29.65
2024-01-12T23:49:15+01:00,66.97,27.58
2024-01-12T23:51:41+01:00,65.57,27.25
2024-01-12T23:54:07+01:00,79.3,26.58
2024-01-12T23:56:33+01:00,70.8,26.4
2024-01-12T23:58:59+01:00,69.03,27.17
2024-01-13T00:01:25+01:00,50.03,21.63
2024-01-13T00:03:52+01:00,21.98,10.82
2024-01-13T00:06:18+01:00,18.33,11.02
2024-01-13T00:08:44+01:00,55.28,20.35
2024-01-13T00:11:10+01:00,52.1,19.25
2024-01-13T00:13:36+01:00,60.9,23.13
2024-01-13T00:16:02+01:00,57.67,23.85
2024-01-13T00:18:28+01:00,52.6,22.58
2024-01-13T00:20:54+01:00,47.58,21.63
2024-01-13T00:23:20+01:00,19.95,13.73
2024-01-13T00:25:46+01:00,50.15,23.27
2024-01-13T00:28:13+01:00,40.22,17.65
2024-01-13T00:30:40+01:00,19.65,14.82
2024-01-13T00:33:06+01:00,92.18,32.17
2024-01-13T00:35:32+01:00,85.07,29.85
2024-01-13T00:37:58+01:00,75.8,25.7
2024-01-13T00:40:24+01:00,81.55,28.1
2024-01-13T00:42:50+01:00,70.7,25.77
2024-01-13T00:45:16+01:00,86.32,28.6
2024-01-13T00:47:42+01:00,65.55,26.9
2024-01-13T00:50:09+01:00,31.13,17.92
2024-01-13T00:52:36+01:00,17.83,9.5
2024-01-13T00:55:02+01:00,53.0,20.67
2024-01-13T00:57:28+01:00,83.2,30.63
2024-01-13T00:59:54+01:00,24.85,15.48
2024-01-13T01:02:20+01:00,28.58,17.5
2024-01-13T01:04:46+01:00,67.7,31.48
2024-01-13T01:07:12+01:00,25.63,14.7
2024-01-13T01:09:38+01:00,12.35,8.45
2024-01-13T01:12:04+01:00,66.82,26.9
2024-01-13T01:14:30+01:00,55.88,24.63
2024-01-13T01:16:56+01:00,13.0,6.55
2024-01-13T01:19:22+01:00,25.88,16.27
2024-01-13T01:21:48+01:00,87.43,36.83
2024-01-13T01:24:14+01:00,93.3,36.65
2024-01-13T01:26:41+01:00,26.38,19.33
2024-01-13T01:29:07+01:00,39.97,20.23
2024-01-13T01:31:36+01:00,40.72,20.75
2024-01-13T01:34:02+01:00,104.1,52.05
2024-01-13T01:36:28+01:00,94.07,44.75
2024-01-13T01:38:54+01:00,119.2,51.53
2024-01-13T01:41:20+01:00,100.95,50.03
2024-01-13T01:43:46+01:00,97.3,44.5
2024-01-13T01:46:13+01:00,190.75,81.15
2024-01-13T01:48:39+01:00,273.0,131.77
2024-01-13T01:51:05+01:00,270.52,126.88
2024-01-13T01:53:34+01:00,281.0,139.3
2024-01-13T01:56:00+01:00,154.52,82.85
2024-01-13T01:58:26+01:00,98.88,51.33
2024-01-13T02:00:52+01:00,132.05,62.6
2024-01-13T02:03:18+01:00,169.95,76.7
2024-01-13T02:05:44+01:00,145.18,66.85
2024-01-13T02:08:10+01:00,157.4,77.75
2024-01-13T02:10:36+01:00,276.33,136.2
2024-01-13T02:13:02+01:00,174.2,87.65
2024-01-13T02:15:29+01:00,117.15,58.97
2024-01-13T02:17:55+01:00,171.38,83.65
2024-01-13T02:20:21+01:00,106.8,45.95
2024-01-13T02:22:47+01:00,99.85,47.9
2024-01-13T02:25:13+01:00,62.55,36.22
2024-01-13T02:27:39+01:00,99.8,42.22
2024-01-13T02:30:05+01:00,138.05,59.38
2024-01-13T02:32:31+01:00,178.85,83.4
2024-01-13T02:34:57+01:00,161.35,71.1
2024-01-13T02:37:23+01:00,136.95,71.65
2024-01-13T02:39:49+01:00,200.4,93.9
2024-01-13T02:42:15+01:00,183.73,82.03
2024-01-13T02:44:41+01:00,191.5,84.82
2024-01-13T02:47:08+01:00,152.8,74.8
2024-01-13T02:49:35+01:00,197.52,87.75
2024-01-13T02:52:01+01:00,167.63,76.25
2024-01-13T02:54:27+01:00,194.43,83.2
2024-01-13T02:56:53+01:00,130.0,62.05
2024-01-13T02:59:19+01:00,169.65,71.97
2024-01-13T03:01:45+01:00,146.23,66.65
2024-01-13T03:04:13+01:00,158.9,67.45
2024-01-13T03:06:39+01:00,111.6,48.4
2024-01-13T03:09:05+01:00,106.6,47.45
2024-01-13T03:11:31+01:00,106.35,46.3
2024-01-13T03:13:57+01:00,106.13,50.6
2024-01-13T03:16:23+01:00,93.85,38.47
2024-01-13T03:18:50+01:00,70.35,30.83
2024-01-13T03:21:16+01:00,120.75,43.4
2024-01-13T03:23:42+01:00,83.32,33.72
2024-01-13T03:26:08+01:00,77.65,29.95
2024-01-13T03:28:34+01:00,58.2,22.17
2024-01-13T03:31:00+01:00,57.45,22.13
2024-01-13T03:33:26+01:00,40.28,19.6
2024-01-13T03:35:52+01:00,41.1,20.02
2024-01-13T03:38:18+01:00,62.33,25.35
2024-01-13T03:40:44+01:00,68.7,24.75
2024-01-13T03:43:10+01:00,56.85,22.77
2024-01-13T03:45:36+01:00,50.63,19.6
2024-01-13T03:48:04+01:00,55.03,21.38
2024-01-13T03:50:33+01:00,44.65,20.52
2024-01-13T03:52:59+01:00,57.53,21.38
2024-01-13T03:55:25+01:00,51.35,22.42
2024-01-13T03:57:51+01:00,54.58,22.0
2024-01-13T04:00:17+01:00,65.57,27.42
2024-01-13T04:02:44+01:00,56.53,25.0
2024-01-13T04:05:10+01:00,56.6,21.13
2024-01-13T04:07:36+01:00,60.75,22.75
2024-01-13T04:10:02+01:00,61.6,22.85
2024-01-13T04:12:28+01:00,75.6,25.35
2024-01-13T04:14:55+01:00,64.35,27.55
2024-01-13T04:17:22+01:00,67.45,24.8
2024-01-13T04:19:48+01:00,24.6,12.9
2024-01-13T04:22:14+01:00,55.5,22.83
2024-01-13T04:24:40+01:00,57.55,24.08
2024-01-13T04:27:06+01:00,50.9,22.35
2024-01-13T04:29:32+01:00,26.23,13.45
2024-01-13T04:31:58+01:00,47.1,18.52
2024-01-13T04:34:24+01:00,37.42,15.32
2024-01-13T04:36:50+01:00,26.95,13.02
2024-01-13T04:39:16+01:00,45.75,18.45
2024-01-13T04:41:42+01:00,37.17,17.6
2024-01-13T04:44:08+01:00,30.92,15.23
2024-01-13T04:46:34+01:00,49.17,19.67
2024-01-13T04:49:00+01:00,37.38,17.67
2024-01-13T04:51:26+01:00,35.47,17.6
2024-01-13T04:53:52+01:00,40.92,16.63
2024-01-13T04:56:18+01:00,34.67,13.38
2024-01-13T04:58:44+01:00,51.45,19.1
2024-01-13T05:01:10+01:00,51.83,17.73
2024-01-13T05:03:36+01:00,46.03,16.85
2024-01-13T05:06:03+01:00,40.75,15.27
2024-01-13T05:08:29+01:00,48.42,17.3
2024-01-13T05:10:55+01:00,46.72,19.3
2024-01-13T05:13:21+01:00,58.78,19.8
2024-01-13T05:15:47+01:00,43.15,17.45
2024-01-13T05:18:13+01:00,54.05,19.15
2024-01-13T05:20:39+01:00,47.1,19.7
2024-01-13T05:23:05+01:00,39.88,17.38
2024-01-13T05:25:31+01:00,31.9,12.38
2024-01-13T05:27:57+01:00,29.48,13.45
2024-01-13T05:30:26+01:00,35.95,20.3
2024-01-13T05:32:53+01:00,62.67,31.05
2024-01-13T05:35:19+01:00,57.2,26.7
2024-01-13T05:37:45+01:00,22.75,14.77
2024-01-13T05:40:11+01:00,54.08,21.15
2024-01-13T05:42:37+01:00,11.88,7.15
2024-01-13T05:45:03+01:00,14.7,8.55
2024-01-13T05:47:29+01:00,19.02,11.0
2024-01-13T05:49:56+01:00,24.02,14.25
2024-01-13T05:52:22+01:00,16.2,6.93
2024-01-13T05:54:48+01:00,5.6,4.7
2024-01-13T05:57:14+01:00,13.82,7.15
2024-01-13T05:59:40+01:00,13.1,9.2
2024-01-13T06:02:06+01:00,5.47,4.93
2024-01-13T06:04:32+01:00,8.45,5.78
2024-01-13T06:06:58+01:00,8.35,5.82
2024-01-13T06:09:24+01:00,10.6,4.93
2024-01-13T06:11:50+01:00,25.13,11.68
2024-01-13T06:14:17+01:00,18.08,8.93
2024-01-13T06:16:44+01:00,10.9,7.93
2024-01-13T06:19:10+01:00,26.15,13.25
2024-01-13T06:21:36+01:00,32.6,12.05
2024-01-13T06:24:03+01:00,18.95,10.05
2024-01-13T06:26:29+01:00,10.77,8.32
2024-01-13T06:28:55+01:00,23.17,10.65
2024-01-13T06:31:21+01:00,18.52,9.05
2024-01-13T06:33:47+01:00,40.25,13.45
2024-01-13T06:36:13+01:00,33.8,14.4
2024-01-13T06:38:39+01:00,31.98,13.98
2024-01-13T06:41:05+01:00,32.6,15.88
2024-01-13T06:43:31+01:00,24.38,9.7
2024-01-13T06:45:57+01:00,25.92,12.3
2024-01-13T06:48:23+01:00,45.55,17.13
2024-01-13T06:50:49+01:00,42.83,16.08
2024-01-13T06:53:15+01:00,35.38,14.93
2024-01-13T06:55:42+01:00,21.8,10.65
2024-01-13T06:58:08+01:00,28.8,14.73
2024-01-13T07:00:34+01:00,34.67,14.65
2024-01-13T07:03:00+01:00,44.08,17.67
2024-01-13T07:05:27+01:00,43.65,16.88
2024-01-13T07:07:54+01:00,29.75,14.73
2024-01-13T07:10:20+01:00,45.1,17.13
2024-01-13T07:12:46+01:00,45.47,19.98
2024-01-13T07:15:12+01:00,44.05,19.35
2024-01-13T07:17:38+01:00,57.25,20.98
2024-01-13T07:20:04+01:00,51.83,21.27
2024-01-13T07:22:31+01:00,48.95,20.33
2024-01-13T07:24:57+01:00,74.53,27.17
2024-01-13T07:27:23+01:00,51.8,21.25
2024-01-13T07:29:49+01:00,54.05,19.77
2024-01-13T07:32:15+01:00,43.7,17.4
2024-01-13T07:34:41+01:00,51.47,20.15
2024-01-13T07:37:07+01:00,53.65,20.65
2024-01-13T07:39:33+01:00,28.77,13.9
2024-01-13T07:41:59+01:00,36.9,17.45
2024-01-13T07:44:31+01:00,44.05,16.92
2024-01-13T07:46:57+01:00,47.65,18.42
2024-01-13T07:49:23+01:00,51.67,18.33
2024-01-13T07:51:49+01:00,41.38,19.05
2024-01-13T07:54:15+01:00,38.65,16.65
2024-01-13T07:56:41+01:00,40.97,17.5
2024-01-13T07:59:07+01:00,48.15,18.98
2024-01-13T08:01:33+01:00,28.48,15.48
2024-01-13T08:03:59+01:00,84.13,33.72
2024-01-13T08:06:25+01:00,92.68,32.75
2024-01-13T08:08:51+01:00,48.97,22.15
2024-01-13T08:11:17+01:00,78.63,28.58
2024-01-13T08:13:44+01:00,53.25,22.4
2024-01-13T08:16:10+01:00,58.83,24.23
2024-01-13T08:18:36+01:00,33.4,16.6
2024-01-13T08:21:03+01:00,40.08,16.55
2024-01-13T08:23:31+01:00,38.85,16.4
2024-01-13T08:25:57+01:00,37.85,17.77
2024-01-13T08:28:24+01:00,53.15,21.15
2024-01-13T08:30:50+01:00,66.53,25.15
2024-01-13T08:33:16+01:00,68.0,27.4
2024-01-13T08:35:42+01:00,71.6,28.55
2024-01-13T08:38:08+01:00,74.57,27.42
2024-01-13T08:40:34+01:00,29.8,15.55
2024-01-13T08:43:00+01:00,39.4,17.08
2024-01-13T08:45:26+01:00,57.8,23.9
2024-01-13T08:47:52+01:00,65.1,26.98
2024-01-13T08:50:18+01:00,17.5,9.77
2024-01-13T08:52:44+01:00,78.05,26.33
2024-01-13T08:55:11+01:00,57.15,24.92
2024-01-13T08:57:37+01:00,57.55,22.05
2024-01-13T09:00:03+01:00,70.2,27.02
2024-01-13T09:02:30+01:00,56.33,24.0
2024-01-13T09:04:56+01:00,79.38,27.48
2024-01-13T09:07:22+01:00,70.72,27.88
2024-01-13T09:09:50+01:00,43.38,20.0
2024-01-13T09:12:16+01:00,84.63,32.3
2024-01-13T09:14:42+01:00,130.05,71.65
2024-01-13T09:17:08+01:00,34.22,18.05
2024-01-13T09:19:35+01:00,85.8,29.63
2024-01-13T09:22:03+01:00,29.45,16.55
2024-01-13T09:24:29+01:00,51.05,23.0
2024-01-13T09:26:56+01:00,34.25,18.02
2024-01-13T09:29:22+01:00,13.35,8.05
2024-01-13T09:31:48+01:00,79.47,48.85
2024-01-13T09:34:15+01:00,51.3,18.65
2024-01-13T09:36:41+01:00,68.35,42.13
2024-01-13T09:39:08+01:00,59.97,37.22
2024-01-13T09:41:34+01:00,58.2,36.7
2024-01-13T09:44:00+01:00,61.8,38.8
2024-01-13T09:46:26+01:00,58.33,37.45
2024-01-13T09:48:53+01:00,57.6,37.6
2024-01-13T09:51:19+01:00,56.38,37.1
2024-01-13T09:53:45+01:00,54.2,34.55
2024-01-13T09:56:11+01:00,51.35,33.5
2024-01-13T09:58:37+01:00,56.2,33.47
2024-01-13T10:01:04+01:00,46.55,30.1
2024-01-13T10:03:30+01:00,59.03,32.47
2024-01-13T10:05:56+01:00,53.97,34.75
2024-01-13T10:08:22+01:00,49.33,32.13
2024-01-13T10:10:48+01:00,45.7,30.83
2024-01-13T10:13:14+01:00,39.17,27.75
2024-01-13T10:15:40+01:00,39.72,27.48
2024-01-13T10:18:07+01:00,38.25,27.4
2024-01-13T10:20:33+01:00,43.47,24.92
2024-01-13T10:22:59+01:00,58.08,26.02
2024-01-13T10:25:25+01:00,86.2,52.4
2024-01-13T10:27:52+01:00,50.5,33.0
2024-01-13T10:30:18+01:00,41.65,28.48
2024-01-13T10:32:44+01:00,45.2,28.77
2024-01-13T10:35:10+01:00,36.53,26.23
2024-01-13T10:37:37+01:00,34.65,24.9
2024-01-13T10:40:03+01:00,34.15,24.13
2024-01-13T10:42:42+01:00,37.83,26.4
2024-01-13T10:45:09+01:00,24.38,16.67
2024-01-13T10:47:35+01:00,17.25,11.7
2024-01-13T10:50:02+01:00,17.1,11.5
2024-01-13T10:52:30+01:00,17.17,12.18
2024-01-13T10:54:58+01:00,16.2,12.07
2024-01-13T10:57:29+01:00,19.38,12.93
2024-01-13T10:59:55+01:00,20.1,12.1
2024-01-13T11:02:21+01:00,20.67,11.43
2024-01-13T11:04:48+01:00,24.5,11.52
2024-01-13T11:07:14+01:00,20.05,13.3
2024-01-13T11:09:41+01:00,24.55,16.27
2024-01-13T11:12:07+01:00,25.55,14.65
2024-01-13T11:14:33+01:00,17.75,12.75
2024-01-13T11:17:05+01:00,18.92,13.57
2024-01-13T11:19:38+01:00,20.35,14.55
2024-01-13T11:22:04+01:00,24.08,16.73
2024-01-13T11:24:30+01:00,23.6,14.8
2024-01-13T11:26:56+01:00,22.8,16.23
2024-01-13T11:29:23+01:00,23.0,15.05
2024-01-13T11:31:49+01:00,24.27,16.25
2024-01-13T11:34:18+01:00,18.92,14.25
2024-01-13T11:36:45+01:00,22.42,16.1
2024-01-13T11:39:11+01:00,22.9,16.67
2024-01-13T11:41:39+01:00,23.7,16.02
2024-01-13T11:44:08+01:00,25.55,16.23
2024-01-13T11:46:37+01:00,20.2,15.68
2024-01-13T11:49:12+01:00,23.13,16.42
2024-01-13T11:51:42+01:00,21.63,14.52
2024-01-13T11:54:08+01:00,30.6,14.57
2024-01-13T11:56:35+01:00,22.52,14.68
2024-01-13T11:59:02+01:00,21.1,15.15
2024-01-13T12:01:29+01:00,22.95,15.65
2024-01-13T12:03:55+01:00,21.98,15.98
2024-01-13T12:06:22+01:00,20.13,15.1
2024-01-13T12:08:48+01:00,36.95,16.2
2024-01-13T12:11:16+01:00,29.1,15.6
2024-01-13T12:13:44+01:00,23.13,14.23
2024-01-13T12:16:15+01:00,21.1,14.95
2024-01-13T12:18:43+01:00,22.25,15.45
2024-01-13T12:21:14+01:00,23.2,15.2
2024-01-13T12:26:33+01:00,22.98,17.08
2024-01-13T12:29:01+01:00,21.23,14.4
2024-01-13T12:32:13+01:00,23.27,16.58
2024-01-13T12:34:17+01:00,28.85,18.17
2024-01-13T12:36:44+01:00,37.38,17.38
2024-01-13T12:39:10+01:00,27.48,17.7
2024-01-13T12:44:06+01:00,29.55,16.65
2024-01-13T12:46:36+01:00,24.45,17.45
2024-01-13T12:49:05+01:00,25.52,17.35
2024-01-13T12:54:27+01:00,25.83,18.35
2024-01-13T12:56:54+01:00,29.65,20.45
2024-01-13T12:59:22+01:00,24.27,17.65
2024-01-13T13:01:48+01:00,25.48,16.77
2024-01-13T13:04:17+01:00,26.52,16.5
2024-01-13T13:06:44+01:00,20.88,15.55
2024-01-13T13:09:14+01:00,23.27,16.13
2024-01-13T13:11:49+01:00,25.9,15.77
2024-01-13T13:14:16+01:00,21.9,16.6
2024-01-13T13:16:42+01:00,23.98,17.38
2024-01-13T13:19:08+01:00,25.55,16.55
2024-01-13T13:21:37+01:00,26.88,17.77
2024-01-13T13:24:03+01:00,26.98,18.27
2024-01-13T13:26:29+01:00,27.9,19.33
2024-01-13T13:28:56+01:00,27.35,17.8
2024-01-13T13:31:22+01:00,27.58,16.92
2024-01-13T13:33:49+01:00,25.73,16.75
2024-01-13T13:36:15+01:00,25.55,16.8
2024-01-13T13:38:41+01:00,26.3,17.6
2024-01-13T13:41:07+01:00,26.63,17.45
2024-01-13T13:43:34+01:00,28.65,16.17
2024-01-13T13:46:00+01:00,26.73,16.4
2024-01-13T13:48:26+01:00,30.1,18.17
2024-01-13T13:50:52+01:00,21.27,15.5
2024-01-13T13:53:27+01:00,27.42,16.85
2024-01-13T13:55:53+01:00,23.9,16.33
2024-01-13T13:58:19+01:00,29.65,16.63
2024-01-13T14:00:45+01:00,24.2,16.33
2024-01-13T14:03:11+01:00,25.05,16.17
2024-01-13T14:05:37+01:00,28.1,17.98
2024-01-13T14:08:04+01:00,24.27,15.88
2024-01-13T14:10:30+01:00,27.55,17.27
2024-01-13T14:12:56+01:00,26.27,17.17
2024-01-13T14:15:25+01:00,26.7,17.33
2024-01-13T14:17:51+01:00,24.02,16.7
2024-01-13T14:20:17+01:00,25.08,16.8
2024-01-13T14:22:43+01:00,24.75,17.08
2024-01-13T14:25:09+01:00,24.52,16.7
2024-01-13T14:27:35+01:00,22.73,16.13
2024-01-13T14:30:02+01:00,30.2,16.33
2024-01-13T14:32:30+01:00,26.98,16.0
2024-01-13T14:34:56+01:00,30.5,19.05
2024-01-13T14:37:22+01:00,32.58,18.4
2024-01-13T14:39:48+01:00,26.27,17.08
2024-01-13T14:42:14+01:00,25.52,17.08
2024-01-13T14:44:40+01:00,25.88,16.55
2024-01-13T14:47:07+01:00,28.48,18.02
2024-01-13T14:49:33+01:00,38.63,17.55
2024-01-13T14:51:59+01:00,34.47,17.63
2024-01-13T14:54:25+01:00,27.9,17.9
2024-01-13T14:56:52+01:00,28.05,17.75
2024-01-13T14:59:18+01:00,32.83,17.77
2024-01-13T15:01:44+01:00,23.83,16.48
2024-01-13T15:04:10+01:00,25.58,17.02
2024-01-13T15:06:37+01:00,26.98,17.67
2024-01-13T15:09:03+01:00,29.6,18.95
2024-01-13T15:11:31+01:00,31.05,19.9
2024-01-13T15:14:02+01:00,28.52,17.95
2024-01-13T15:16:31+01:00,29.1,18.55
2024-01-13T15:18:57+01:00,30.35,18.75
2024-01-13T15:21:24+01:00,28.98,18.45
2024-01-13T15:23:50+01:00,29.67,19.38
2024-01-13T15:26:16+01:00,29.48,19.2
2024-01-13T15:28:43+01:00,25.17,17.17
2024-01-13T15:31:10+01:00,30.58,20.1
2024-01-13T15:33:36+01:00,31.1,19.73
2024-01-13T15:36:03+01:00,31.85,19.25
2024-01-13T15:38:29+01:00,30.33,19.73
2024-01-13T15:40:55+01:00,26.92,18.05
2024-01-13T15:43:22+01:00,34.9,18.35
2024-01-13T15:45:51+01:00,26.0,18.27
2024-01-13T15:48:18+01:00,23.9,18.0
2024-01-13T15:50:44+01:00,35.63,21.9
2024-01-13T15:53:10+01:00,37.3,23.58
2024-01-13T15:55:36+01:00,39.92,22.95
2024-01-13T15:58:02+01:00,47.53,28.85
2024-01-13T16:00:29+01:00,41.7,26.05
2024-01-13T16:02:55+01:00,47.63,30.75
2024-01-13T16:05:22+01:00,54.78,36.83
2024-01-13T16:07:48+01:00,64.4,36.95
2024-01-13T16:10:18+01:00,68.22,41.72
2024-01-13T16:12:44+01:00,71.43,44.75
2024-01-13T16:15:11+01:00,66.65,42.28
2024-01-13T16:17:37+01:00,68.1,40.92
2024-01-13T16:20:04+01:00,65.63,43.25
2024-01-13T16:22:31+01:00,76.88,47.85
2024-01-13T16:24:57+01:00,77.97,50.42
2024-01-13T16:27:23+01:00,75.07,48.35
2024-01-13T16:29:51+01:00,70.07,45.38
2024-01-13T16:32:21+01:00,80.8,51.67
2024-01-13T16:34:47+01:00,97.75,62.4
2024-01-13T16:37:13+01:00,81.0,52.22
2024-01-13T16:39:39+01:00,98.18,58.0
2024-01-13T16:42:05+01:00,101.4,60.03
2024-01-13T16:44:32+01:00,99.38,61.22
2024-01-13T16:46:58+01:00,94.55,59.4
2024-01-13T16:49:24+01:00,91.07,59.92
2024-01-13T16:51:50+01:00,99.55,63.15
2024-01-13T16:54:16+01:00,103.6,64.57
2024-01-13T16:56:42+01:00,118.53,66.1
2024-01-13T16:59:08+01:00,115.47,64.3
2024-01-13T17:01:34+01:00,112.93,67.03
2024-01-13T17:04:00+01:00,121.6,68.25
2024-01-13T17:06:26+01:00,107.32,64.43
2024-01-13T17:08:52+01:00,101.2,64.95
2024-01-13T17:11:18+01:00,111.53,72.43
2024-01-13T17:13:54+01:00,118.93,76.53
2024-01-13T17:16:21+01:00,130.02,79.78
2024-01-13T17:18:48+01:00,123.07,79.53
2024-01-13T17:21:14+01:00,104.2,38.25
2024-01-13T17:23:40+01:00,147.95,91.32
2024-01-13T17:26:07+01:00,226.77,70.85
2024-01-13T17:28:33+01:00,81.25,34.58
2024-01-13T17:30:59+01:00,148.63,51.92
2024-01-13T17:33:25+01:00,145.02,50.4
2024-01-13T17:35:51+01:00,218.05,124.55
2024-01-13T17:38:17+01:00,139.6,49.15
2024-01-13T17:40:43+01:00,139.43,49.78
2024-01-13T17:43:09+01:00,139.98,46.92
2024-01-13T17:45:35+01:00,195.43,113.9
2024-01-13T17:48:01+01:00,192.25,116.38
2024-01-13T17:50:28+01:00,170.4,98.4
2024-01-13T17:52:54+01:00,113.78,43.15
2024-01-13T17:55:20+01:00,114.7,46.78
2024-01-13T17:57:46+01:00,175.9,100.32
2024-01-13T18:00:12+01:00,93.2,41.8
2024-01-13T18:02:39+01:00,98.32,38.28
2024-01-13T18:05:05+01:00,98.3,41.15
2024-01-13T18:07:31+01:00,81.9,35.92
2024-01-13T18:09:57+01:00,88.45,30.25
2024-01-13T18:12:23+01:00,64.82,26.38
2024-01-13T18:14:50+01:00,74.28,25.02
2024-01-13T18:17:16+01:00,70.85,29.45
2024-01-13T18:19:42+01:00,76.88,29.27
2024-01-13T18:22:08+01:00,111.65,68.63
2024-01-13T18:24:34+01:00,47.67,19.77
2024-01-13T18:27:00+01:00,57.67,27.05
2024-01-13T18:29:26+01:00,72.15,28.67
2024-01-13T18:31:53+01:00,88.63,30.98
2024-01-13T18:34:19+01:00,61.88,22.75
2024-01-13T18:36:45+01:00,62.9,25.4
2024-01-13T18:39:11+01:00,57.47,23.85
2024-01-13T18:41:37+01:00,71.07,26.77
2024-01-13T18:44:03+01:00,72.4,29.4
2024-01-13T18:46:29+01:00,36.75,16.17
2024-01-13T18:48:55+01:00,21.23,11.98
2024-01-13T18:51:21+01:00,51.17,20.48
2024-01-13T18:53:47+01:00,21.38,10.7
2024-01-13T18:56:13+01:00,65.45,24.4
2024-01-13T18:58:39+01:00,79.2,29.63
2024-01-13T19:01:05+01:00,74.88,27.7
2024-01-13T19:03:32+01:00,91.4,35.35
2024-01-13T19:05:58+01:00,104.85,41.05
2024-01-13T19:08:24+01:00,74.47,30.9
2024-01-13T19:10:50+01:00,93.65,37.45
2024-01-13T19:13:17+01:00,105.38,41.58
2024-01-13T19:15:43+01:00,97.18,40.13
2024-01-13T19:18:09+01:00,100.72,38.63
2024-01-13T19:20:35+01:00,127.0,47.13
2024-01-13T19:23:01+01:00,132.35,49.05
2024-01-13T19:25:27+01:00,79.2,35.6
2024-01-13T19:27:53+01:00,85.8,36.55
2024-01-13T19:30:21+01:00,81.07,31.8
2024-01-13T19:32:48+01:00,64.97,27.92
2024-01-13T19:35:14+01:00,74.85,37.22
2024-01-13T19:37:41+01:00,118.88,50.05
2024-01-13T19:40:08+01:00,169.55,72.65
2024-01-13T19:42:36+01:00,90.2,37.0
2024-01-13T19:45:04+01:00,60.38,24.23
2024-01-13T19:47:32+01:00,56.33,23.48
2024-01-13T19:49:58+01:00,56.55,22.3
2024-01-13T19:52:24+01:00,61.05,23.33
2024-01-13T19:54:51+01:00,81.0,54.03
2024-01-13T19:57:17+01:00,41.35,19.42
2024-01-13T19:59:45+01:00,28.95,13.6
2024-01-13T20:02:11+01:00,27.83,14.63
2024-01-13T20:04:37+01:00,53.7,20.88
2024-01-13T20:07:04+01:00,63.38,23.25
2024-01-13T20:09:32+01:00,58.03,22.98
2024-01-13T20:12:03+01:00,61.53,22.35
2024-01-13T20:14:29+01:00,68.0,27.9
2024-01-13T20:16:55+01:00,68.7,29.23
2024-01-13T20:19:21+01:00,55.97,21.85
2024-01-13T20:21:48+01:00,98.38,41.17
2024-01-13T20:24:18+01:00,88.45,35.95
2024-01-13T20:26:44+01:00,80.65,34.4
2024-01-13T20:29:10+01:00,95.15,38.6
2024-01-13T20:31:36+01:00,78.28,30.23
2024-01-13T20:34:02+01:00,166.32,52.95
2024-01-13T20:36:28+01:00,54.75,22.7
2024-01-13T20:38:54+01:00,42.97,17.65
2024-01-13T20:41:20+01:00,52.4,22.73
2024-01-13T20:43:47+01:00,61.75,25.5
2024-01-13T20:46:14+01:00,58.08,24.33
2024-01-13T20:48:43+01:00,46.5,19.67
2024-01-13T20:51:10+01:00,40.5,17.2
2024-01-13T20:53:36+01:00,30.95,13.02
2024-01-13T20:56:06+01:00,38.38,16.38
2024-01-13T20:58:32+01:00,41.85,17.98
2024-01-13T21:00:59+01:00,44.08,18.9
2024-01-13T21:03:26+01:00,43.13,18.45
2024-01-13T21:05:52+01:00,93.95,32.55
2024-01-13T21:08:18+01:00,56.92,22.23
2024-01-13T21:10:44+01:00,40.38,17.23
2024-01-13T21:13:10+01:00,47.33,17.95
2024-01-13T21:15:36+01:00,42.72,18.92
2024-01-13T21:18:02+01:00,31.42,14.25
2024-01-13T21:20:30+01:00,42.7,15.07
2024-01-13T21:22:56+01:00,46.28,16.65
2024-01-13T21:25:22+01:00,35.97,16.2
2024-01-13T21:27:48+01:00,49.67,16.92
2024-01-13T21:30:15+01:00,42.0,17.13
2024-01-13T21:32:41+01:00,39.25,17.52
2024-01-13T21:35:07+01:00,38.78,17.5
2024-01-13T21:37:33+01:00,47.15,17.55
2024-01-13T21:39:59+01:00,49.0,17.13
2024-01-13T21:42:25+01:00,47.67,18.05
2024-01-13T21:44:57+01:00,31.65,14.23
2024-01-13T21:47:24+01:00,43.2,16.88
2024-01-13T21:49:51+01:00,36.33,15.45
2024-01-13T21:52:18+01:00,26.63,13.6
2024-01-13T21:54:44+01:00,37.38,16.0
2024-01-13T21:57:10+01:00,37.1,17.5
2024-01-13T21:59:36+01:00,40.47,16.6
2024-01-13T22:02:02+01:00,41.08,19.02
2024-01-13T22:04:29+01:00,34.47,16.42
2024-01-13T22:06:55+01:00,30.95,13.98
2024-01-13T22:09:21+01:00,28.08,13.45
2024-01-13T22:11:48+01:00,35.8,15.4
2024-01-13T22:14:15+01:00,15.8,10.0
2024-01-13T22:16:41+01:00,12.3,6.2
2024-01-13T22:19:09+01:00,39.92,17.02
2024-01-13T22:21:35+01:00,47.7,19.83
2024-01-13T22:24:02+01:00,55.9,19.67
2024-01-13T22:26:28+01:00,46.45,18.6
2024-01-13T22:28:54+01:00,45.78,18.17
2024-01-13T22:31:20+01:00,49.9,20.42
2024-01-13T22:33:49+01:00,41.1,19.08
2024-01-13T22:36:16+01:00,66.38,23.77
2024-01-13T22:38:46+01:00,60.05,22.67
2024-01-13T22:41:15+01:00,44.83,19.02
2024-01-13T22:43:41+01:00,49.08,18.8
2024-01-13T22:46:07+01:00,49.72,20.52
2024-01-13T22:48:35+01:00,46.13,17.33
2024-01-13T22:51:01+01:00,56.83,23.35
2024-01-13T22:53:27+01:00,70.47,26.45
2024-01-13T22:55:53+01:00,56.25,24.0
2024-01-13T22:58:19+01:00,50.83,20.6
2024-01-13T23:00:47+01:00,50.42,20.85
2024-01-13T23:03:13+01:00,64.5,21.38
2024-01-13T23:05:39+01:00,57.05,23.17
2024-01-13T23:08:05+01:00,51.53,22.98
2024-01-13T23:10:31+01:00,67.47,25.48
2024-01-13T23:13:03+01:00,58.88,25.7
2024-01-13T23:15:33+01:00,62.72,25.95
2024-01-13T23:18:00+01:00,75.8,27.58
2024-01-13T23:20:26+01:00,47.28,19.15
2024-01-13T23:22:53+01:00,102.93,37.4
2024-01-13T23:25:19+01:00,106.68,36.92
2024-01-13T23:27:45+01:00,114.05,39.58
2024-01-13T23:30:11+01:00,113.35,39.4
2024-01-13T23:32:37+01:00,84.57,32.42
2024-01-13T23:35:04+01:00,120.15,39.08
2024-01-13T23:37:30+01:00,90.93,35.15
2024-01-13T23:39:57+01:00,73.57,30.27
2024-01-13T23:42:23+01:00,70.88,27.02
2024-01-13T23:44:49+01:00,86.3,31.13
2024-01-13T23:47:15+01:00,88.4,34.1
2024-01-13T23:49:41+01:00,77.85,29.1
2024-01-13T23:52:07+01:00,78.45,32.22
2024-01-13T23:54:33+01:00,83.85,32.7
2024-01-13T23:56:59+01:00,92.95,31.77
2024-01-13T23:59:27+01:00,97.32,36.83
2024-01-14T00:01:53+01:00,153.45,49.75
2024-01-14T00:04:19+01:00,99.15,36.22
2024-01-14T00:06:46+01:00,121.03,40.7
2024-01-14T00:09:13+01:00,124.6,45.58
2024-01-14T00:11:41+01:00,114.72,40.95
2024-01-14T00:14:07+01:00,98.95,34.4
2024-01-14T00:16:33+01:00,99.45,36.75
2024-01-14T00:18:59+01:00,98.9,41.08
2024-01-14T00:21:25+01:00,93.47,35.83
2024-01-14T00:23:52+01:00,94.57,37.67
2024-01-14T00:26:19+01:00,96.43,35.1
2024-01-14T00:28:46+01:00,25.42,14.23
2024-01-14T00:31:13+01:00,96.15,37.17
2024-01-14T00:33:39+01:00,75.65,30.45
2024-01-14T00:36:05+01:00,67.53,27.25
2024-01-14T00:38:31+01:00,79.45,30.77
2024-01-14T00:40:57+01:00,74.0,27.13
2024-01-14T00:43:24+01:00,74.5,28.6
2024-01-14T00:45:50+01:00,70.15,27.75
2024-01-14T00:48:16+01:00,25.5,14.52
2024-01-14T00:50:42+01:00,74.2,31.48
2024-01-14T00:53:09+01:00,43.92,23.6
2024-01-14T00:55:35+01:00,61.6,21.5
2024-01-14T00:58:01+01:00,40.35,21.05
2024-01-14T01:00:27+01:00,37.03,17.05
2024-01-14T01:02:58+01:00,55.22,24.3
2024-01-14T01:05:24+01:00,64.82,26.08
2024-01-14T01:07:51+01:00,51.6,22.85
2024-01-14T01:10:18+01:00,66.78,26.65
2024-01-14T01:12:44+01:00,55.63,24.6
2024-01-14T01:15:10+01:00,52.38,24.55
2024-01-14T01:17:36+01:00,14.98,7.7
2024-01-14T01:20:03+01:00,65.72,22.73
2024-01-14T01:22:29+01:00,68.82,25.23
2024-01-14T01:24:56+01:00,42.25,18.05
2024-01-14T01:27:22+01:00,64.9,25.77
2024-01-14T01:29:48+01:00,48.72,21.95
2024-01-14T01:32:15+01:00,48.08,21.9
2024-01-14T01:34:41+01:00,52.42,24.4
2024-01-14T01:37:07+01:00,56.17,22.25
2024-01-14T01:39:39+01:00,52.5,20.63
2024-01-14T01:42:05+01:00,51.25,21.95
2024-01-14T01:44:32+01:00,45.5,20.05
2024-01-14T01:46:58+01:00,52.85,20.08
2024-01-14T01:49:24+01:00,37.28,15.45
2024-01-14T01:51:50+01:00,25.17,11.5
2024-01-14T01:54:16+01:00,38.88,18.25
2024-01-14T01:56:42+01:00,43.05,17.8
2024-01-14T01:59:09+01:00,36.22,16.48
2024-01-14T02:01:35+01:00,59.33,22.25
2024-01-14T02:04:01+01:00,56.85,23.45
2024-01-14T02:06:27+01:00,55.75,21.5
2024-01-14T02:08:54+01:00,35.6,17.2
2024-01-14T02:11:20+01:00,66.82,27.27
2024-01-14T02:13:46+01:00,62.85,27.38
2024-01-14T02:16:12+01:00,55.75,24.08
2024-01-14T02:18:39+01:00,51.97,23.8
2024-01-14T02:21:05+01:00,76.13,32.0
2024-01-14T02:23:31+01:00,73.82,27.98
2024-01-14T02:25:57+01:00,64.2,26.75
2024-01-14T02:28:23+01:00,72.07,29.83
2024-01-14T02:30:49+01:00,67.88,27.58
2024-01-14T02:33:15+01:00,67.75,26.45
2024-01-14T02:35:41+01:00,51.3,21.02
2024-01-14T02:38:07+01:00,52.6,23.92
2024-01-14T02:40:33+01:00,94.82,31.42
2024-01-14T02:42:59+01:00,81.72,30.35
2024-01-14T02:45:25+01:00,75.57,29.77
2024-01-14T02:47:51+01:00,85.45,33.88
2024-01-14T02:50:18+01:00,63.53,23.3
2024-01-14T02:52:44+01:00,64.97,28.4
2024-01-14T02:55:10+01:00,62.4,26.17
2024-01-14T02:57:37+01:00,55.7,19.65
2024-01-14T03:00:04+01:00,75.85,28.1
2024-01-14T03:02:33+01:00,67.95,26.3
2024-01-14T03:04:59+01:00,67.0,27.52
2024-01-14T03:07:25+01:00,47.08,23.25
2024-01-14T03:09:52+01:00,63.4,21.5
2024-01-14T03:12:18+01:00,64.95,27.5
2024-01-14T03:14:44+01:00,67.57,25.15
2024-01-14T03:17:10+01:00,76.8,30.5
2024-01-14T03:19:36+01:00,77.13,28.52
2024-01-14T03:22:07+01:00,71.45,30.13
2024-01-14T03:24:34+01:00,62.92,25.8
2024-01-14T03:27:01+01:00,84.13,30.45
2024-01-14T03:29:28+01:00,70.13,27.02
2024-01-14T03:31:54+01:00,59.83,25.08
2024-01-14T03:34:20+01:00,72.45,27.95
2024-01-14T03:36:46+01:00,66.25,28.6
2024-01-14T03:39:12+01:00,60.15,26.15
2024-01-14T03:41:41+01:00,54.53,24.85
2024-01-14T03:44:07+01:00,63.58,27.67
2024-01-14T03:46:34+01:00,66.4,25.25
2024-01-14T03:49:01+01:00,62.25,29.5
2024-01-14T03:51:27+01:00,72.15,30.05
2024-01-14T03:53:53+01:00,76.68,30.8
2024-01-14T03:56:19+01:00,88.8,33.95
2024-01-14T03:58:45+01:00,95.75,35.38
2024-01-14T04:01:11+01:00,64.78,28.52
2024-01-14T04:03:38+01:00,61.05,23.05
2024-01-14T04:06:04+01:00,50.1,20.13
2024-01-14T04:08:30+01:00,44.03,17.83
2024-01-14T04:10:56+01:00,49.63,21.1
2024-01-14T04:13:22+01:00,36.75,18.1
2024-01-14T04:15:49+01:00,48.75,20.55
2024-01-14T04:18:15+01:00,46.15,20.45
2024-01-14T04:20:41+01:00,49.55,18.95
2024-01-14T04:23:07+01:00,50.13,19.52
2024-01-14T04:25:34+01:00,31.83,16.08
2024-01-14T04:28:00+01:00,18.55,12.55
2024-01-14T04:30:26+01:00,49.92,20.55
2024-01-14T04:32:52+01:00,36.63,18.17
2024-01-14T04:35:18+01:00,42.67,18.35
2024-01-14T04:37:44+01:00,7.25,4.72
2024-01-14T04:40:10+01:00,41.22,16.15
2024-01-14T04:42:37+01:00,38.65,16.85
2024-01-14T04:45:06+01:00,38.42,17.3
2024-01-14T04:47:32+01:00,41.95,17.1
2024-01-14T04:49:58+01:00,32.42,15.0
2024-01-14T04:52:24+01:00,31.23,15.9
2024-01-14T04:54:50+01:00,33.38,16.4
2024-01-14T04:57:17+01:00,34.6,14.25
2024-01-14T04:59:43+01:00,40.58,18.2
2024-01-14T05:02:09+01:00,34.78,15.1
2024-01-14T05:04:36+01:00,41.35,18.33
2024-01-14T05:07:02+01:00,43.05,16.7
2024-01-14T05:09:28+01:00,35.78,16.8
2024-01-14T05:11:54+01:00,39.15,17.38
2024-01-14T05:14:20+01:00,36.6,16.0
2024-01-14T05:16:46+01:00,39.35,17.42
2024-01-14T05:19:12+01:00,52.5,19.77
2024-01-14T05:21:38+01:00,36.78,17.35
2024-01-14T05:24:04+01:00,48.17,19.13
2024-01-14T05:26:31+01:00,37.65,17.17
2024-01-14T05:28:57+01:00,31.1,15.52
2024-01-14T05:31:23+01:00,49.2,18.92
2024-01-14T05:33:49+01:00,33.3,12.18
2024-01-14T05:36:15+01:00,42.9,17.8
2024-01-14T05:38:41+01:00,43.47,18.52
2024-01-14T05:41:08+01:00,43.7,19.88
2024-01-14T05:43:35+01:00,43.8,19.0
2024-01-14T05:46:01+01:00,34.9,15.88
2024-01-14T05:48:27+01:00,42.3,16.67
2024-01-14T05:50:54+01:00,40.15,17.25
2024-01-14T05:53:20+01:00,43.97,16.88
2024-01-14T05:55:46+01:00,53.97,21.88
2024-01-14T05:58:12+01:00,63.22,24.17
2024-01-14T06:00:38+01:00,30.88,15.98
2024-01-14T06:03:04+01:00,47.33,21.17
2024-01-14T06:05:30+01:00,39.2,18.65
2024-01-14T06:07:56+01:00,38.97,17.5
2024-01-14T06:10:22+01:00,40.85,17.95
2024-01-14T06:12:48+01:00,38.47,16.4
2024-01-14T06:15:14+01:00,38.8,16.25
2024-01-14T06:17:40+01:00,50.33,19.6
2024-01-14T06:20:07+01:00,53.6,18.27
2024-01-14T06:22:36+01:00,46.7,18.85
2024-01-14T06:25:02+01:00,39.65,18.38
2024-01-14T06:27:28+01:00,51.45,20.02
2024-01-14T06:29:54+01:00,46.7,20.08
2024-01-14T06:32:20+01:00,32.15,16.9
2024-01-14T06:34:46+01:00,34.2,15.32
2024-01-14T06:37:12+01:00,50.03,19.67
2024-01-14T06:39:38+01:00,54.17,21.13
2024-01-14T06:42:04+01:00,54.38,20.33
2024-01-14T06:44:31+01:00,55.85,21.0
2024-01-14T06:46:57+01:00,45.72,19.75
2024-01-14T06:49:23+01:00,43.55,17.55
2024-01-14T06:51:49+01:00,42.03,15.77
2024-01-14T06:54:15+01:00,48.65,18.2
2024-01-14T06:56:41+01:00,35.13,17.7
2024-01-14T06:59:07+01:00,52.15,20.52
2024-01-14T07:01:33+01:00,35.1,19.42
2024-01-14T07:03:59+01:00,57.58,24.23
2024-01-14T07:06:25+01:00,45.55,20.55
2024-01-14T07:08:52+01:00,60.78,22.92
2024-01-14T07:11:18+01:00,52.65,23.63
2024-01-14T07:13:44+01:00,52.92,23.2
2024-01-14T07:16:10+01:00,58.2,24.65
2024-01-14T07:18:37+01:00,47.75,23.13
2024-01-14T07:21:03+01:00,68.63,27.13
2024-01-14T07:23:29+01:00,71.28,26.98
2024-01-14T07:25:55+01:00,63.47,27.13
2024-01-14T07:28:22+01:00,50.88,22.98
2024-01-14T07:30:48+01:00,70.9,27.45
2024-01-14T07:33:14+01:00,65.13,27.55
2024-01-14T07:35:40+01:00,73.68,25.67
2024-01-14T07:38:07+01:00,76.3,27.4
2024-01-14T07:40:36+01:00,72.35,28.63
2024-01-14T07:43:02+01:00,70.18,30.8
2024-01-14T07:45:28+01:00,78.75,31.3
2024-01-14T07:47:54+01:00,94.75,31.92
2024-01-14T07:50:20+01:00,75.8,29.95
2024-01-14T07:52:46+01:00,98.65,40.2
2024-01-14T07:55:13+01:00,344.92,147.23
2024-01-14T07:57:39+01:00,121.5,47.72
2024-01-14T08:00:06+01:00,127.25,49.1
2024-01-14T08:02:34+01:00,132.15,46.17
2024-01-14T08:05:00+01:00,130.18,48.25
2024-01-14T08:07:28+01:00,123.28,46.08
2024-01-14T08:09:54+01:00,115.05,43.9
2024-01-14T08:12:20+01:00,103.88,39.55
2024-01-14T08:14:46+01:00,44.55,21.63
2024-01-14T08:17:12+01:00,108.13,41.05
2024-01-14T08:19:38+01:00,96.47,38.55
2024-01-14T08:22:04+01:00,101.82,37.38
2024-01-14T08:24:31+01:00,92.57,40.13
2024-01-14T08:26:58+01:00,87.97,35.9
2024-01-14T08:29:27+01:00,92.9,34.83
2024-01-14T08:31:53+01:00,103.72,40.15
2024-01-14T08:34:19+01:00,94.5,40.0
2024-01-14T08:36:45+01:00,103.07,39.25
2024-01-14T08:39:11+01:00,112.65,44.42
2024-01-14T08:41:37+01:00,132.93,50.28
2024-01-14T08:44:04+01:00,96.97,40.58
2024-01-14T08:46:30+01:00,76.15,30.3
2024-01-14T08:48:56+01:00,38.03,17.65
2024-01-14T08:51:22+01:00,79.85,34.53
2024-01-14T08:53:48+01:00,86.28,33.5
2024-01-14T08:56:14+01:00,89.8,36.35
2024-01-14T08:58:41+01:00,107.0,39.8
2024-01-14T09:01:08+01:00,38.2,17.08
2024-01-14T09:03:34+01:00,55.45,26.0
2024-01-14T09:06:01+01:00,101.47,39.25
2024-01-14T09:08:27+01:00,79.2,33.6
2024-01-14T09:10:53+01:00,33.22,17.33
2024-01-14T09:13:19+01:00,82.57,35.6
2024-01-14T09:15:45+01:00,85.57,35.7
2024-01-14T09:18:11+01:00,76.25,33.45
2024-01-14T09:20:37+01:00,90.5,37.72
2024-01-14T09:23:04+01:00,24.27,15.6
2024-01-14T09:25:30+01:00,26.5,15.07
2024-01-14T09:27:56+01:00,39.5,17.15
2024-01-14T09:30:22+01:00,38.25,16.9
2024-01-14T09:32:49+01:00,53.35,27.0
2024-01-14T09:35:15+01:00,82.7,35.35
2024-01-14T09:37:42+01:00,106.5,42.67
2024-01-14T09:40:10+01:00,128.32,85.55
2024-01-14T09:42:38+01:00,115.18,79.57
2024-01-14T09:45:04+01:00,113.18,75.15
2024-01-14T09:47:31+01:00,113.07,73.5
2024-01-14T09:49:57+01:00,104.4,71.88
2024-01-14T09:52:23+01:00,110.8,73.3
2024-01-14T09:54:49+01:00,109.38,72.85
2024-01-14T09:57:15+01:00,110.25,72.2
2024-01-14T09:59:41+01:00,95.75,66.82
2024-01-14T10:02:07+01:00,104.47,71.3
2024-01-14T10:04:33+01:00,102.75,72.93
2024-01-14T10:06:59+01:00,101.7,72.9
2024-01-14T10:09:25+01:00,101.6,70.72
2024-01-14T10:11:51+01:00,102.38,68.38
2024-01-14T10:14:17+01:00,85.28,61.28
2024-01-14T10:16:44+01:00,90.97,61.42
2024-01-14T10:19:10+01:00,90.13,64.65
2024-01-14T10:21:37+01:00,87.7,60.42
2024-01-14T10:24:04+01:00,88.72,62.58
2024-01-14T10:26:30+01:00,99.7,68.68
2024-01-14T10:28:56+01:00,99.82,67.78
2024-01-14T10:31:22+01:00,101.9,69.38
2024-01-14T10:33:49+01:00,95.4,63.63
2024-01-14T10:36:18+01:00,100.7,65.35
2024-01-14T10:38:44+01:00,98.3,67.1
2024-01-14T10:46:21+01:00,84.4,56.65
2024-01-14T10:48:47+01:00,93.15,64.25
2024-01-14T10:51:17+01:00,95.5,65.03
2024-01-14T10:53:44+01:00,97.7,67.5
2024-01-14T10:56:10+01:00,100.38,67.65
2024-01-14T10:58:39+01:00,100.03,65.22
2024-01-14T11:01:07+01:00,115.65,76.82
2024-01-14T11:03:34+01:00,101.28,68.38
2024-01-14T11:06:01+01:00,106.75,70.8
2024-01-14T11:08:27+01:00,97.15,65.4
2024-01-14T11:10:53+01:00,107.95,70.0
2024-01-14T11:13:20+01:00,100.63,67.75
2024-01-14T11:15:47+01:00,110.22,72.82
2024-01-14T11:18:13+01:00,97.35,67.1
2024-01-14T11:20:39+01:00,103.68,71.22
2024-01-14T11:23:05+01:00,101.85,69.22
2024-01-14T11:25:31+01:00,107.68,65.85
2024-01-14T11:28:02+01:00,102.15,67.13
2024-01-14T11:30:28+01:00,106.82,72.88
2024-01-14T11:32:54+01:00,99.97,63.58
2024-01-14T11:35:20+01:00,107.68,69.75
2024-01-14T11:37:46+01:00,92.4,58.78
2024-01-14T11:40:12+01:00,99.55,58.55
2024-01-14T11:42:39+01:00,111.35,66.07
2024-01-14T11:45:05+01:00,94.93,60.0
2024-01-14T11:47:32+01:00,103.07,67.43
2024-01-14T11:49:59+01:00,105.57,69.35
2024-01-14T11:52:26+01:00,107.0,65.53
2024-01-14T11:54:53+01:00,108.53,65.25
2024-01-14T11:57:34+01:00,102.72,66.45
2024-01-14T12:00:04+01:00,107.25,66.1
2024-01-14T12:02:32+01:00,97.65,61.38
2024-01-14T12:04:59+01:00,78.55,52.45
2024-01-14T12:07:25+01:00,81.5,52.2
2024-01-14T12:09:52+01:00,88.53,57.83
2024-01-14T12:14:55+01:00,91.03,59.03
2024-01-14T12:22:34+01:00,88.57,56.2
2024-01-14T12:25:00+01:00,96.45,60.45
2024-01-14T12:27:28+01:00,99.93,64.18
2024-01-14T12:29:54+01:00,89.07,58.95
2024-01-14T12:32:23+01:00,108.3,68.7
2024-01-14T12:34:56+01:00,109.9,71.45
2024-01-14T12:42:36+01:00,136.07,82.68
2024-01-14T12:45:03+01:00,137.4,80.7
2024-01-14T12:47:35+01:00,141.6,84.4
2024-01-14T12:50:05+01:00,130.6,71.25
2024-01-14T12:52:35+01:00,130.13,74.5
2024-01-14T12:55:04+01:00,133.27,81.0
2024-01-14T12:57:31+01:00,131.4,77.25
2024-01-14T12:59:58+01:00,146.7,87.03
2024-01-14T13:02:24+01:00,141.57,85.47
2024-01-14T13:04:50+01:00,150.3,88.43
2024-01-14T13:07:20+01:00,149.3,86.68
2024-01-14T13:09:52+01:00,149.98,85.4
2024-01-14T13:12:19+01:00,138.1,79.05
2024-01-14T13:14:45+01:00,131.18,79.32
2024-01-14T13:17:11+01:00,113.8,65.1
2024-01-14T13:19:38+01:00,101.28,60.6
2024-01-14T13:22:04+01:00,104.88,62.63
2024-01-14T13:24:30+01:00,112.5,61.63
2024-01-14T13:26:57+01:00,92.45,54.5
2024-01-14T13:29:24+01:00,87.65,54.4
2024-01-14T13:31:50+01:00,88.82,53.55
2024-01-14T13:34:16+01:00,93.15,54.2
2024-01-14T13:36:44+01:00,97.9,57.05
2024-01-14T13:39:10+01:00,113.75,71.7
2024-01-14T13:41:37+01:00,119.32,61.0
2024-01-14T13:44:03+01:00,104.43,58.88
2024-01-14T13:46:29+01:00,97.97,58.2
2024-01-14T13:49:03+01:00,92.5,58.28
2024-01-14T13:51:29+01:00,93.9,58.25
2024-01-14T13:53:55+01:00,97.6,57.8
2024-01-14T13:56:21+01:00,93.0,55.85
2024-01-14T13:58:49+01:00,93.2,55.1
2024-01-14T14:01:16+01:00,87.68,52.6
2024-01-14T14:03:42+01:00,90.57,55.15
2024-01-14T14:06:08+01:00,81.5,51.3
2024-01-14T14:08:35+01:00,80.1,51.58
2024-01-14T14:11:01+01:00,73.63,47.1
2024-01-14T14:13:27+01:00,74.5,47.85
2024-01-14T14:15:53+01:00,74.25,47.22
2024-01-14T14:18:23+01:00,76.28,49.25
2024-01-14T14:20:49+01:00,77.43,47.08
2024-01-14T14:23:16+01:00,84.1,53.25
2024-01-14T14:25:42+01:00,84.85,52.17
2024-01-14T14:28:08+01:00,85.07,52.42
2024-01-14T14:30:35+01:00,91.2,53.42
2024-01-14T14:33:01+01:00,80.63,51.17
2024-01-14T14:35:28+01:00,84.9,53.47
2024-01-14T14:37:54+01:00,81.05,48.83
2024-01-14T14:40:21+01:00,79.43,49.25
2024-01-14T14:42:47+01:00,81.05,49.7
2024-01-14T14:45:15+01:00,78.85,48.42
2024-01-14T14:47:41+01:00,76.68,48.3
2024-01-14T14:50:08+01:00,79.93,51.5
2024-01-14T14:52:34+01:00,81.78,52.15
2024-01-14T14:55:02+01:00,83.9,51.5
2024-01-14T14:57:28+01:00,85.1,52.4
2024-01-14T14:59:56+01:00,84.25,52.67
2024-01-14T15:02:22+01:00,86.4,57.22
2024-01-14T15:04:48+01:00,91.3,54.58
2024-01-14T15:07:14+01:00,77.65,50.33
2024-01-14T15:09:40+01:00,75.95,49.78
2024-01-14T15:12:06+01:00,75.35,51.9
2024-01-14T15:14:35+01:00,82.15,53.2
2024-01-14T15:17:01+01:00,83.35,53.13
2024-01-14T15:19:27+01:00,88.55,54.75
2024-01-14T15:21:55+01:00,90.88,55.65
2024-01-14T15:24:22+01:00,97.18,56.35
2024-01-14T15:26:48+01:00,87.3,55.53
2024-01-14T15:29:14+01:00,85.82,50.28
2024-01-14T15:31:40+01:00,92.03,57.3
2024-01-14T15:34:06+01:00,94.95,57.85
2024-01-14T15:36:33+01:00,85.6,55.83
2024-01-14T15:38:59+01:00,83.05,52.53
2024-01-14T15:41:25+01:00,83.93,54.78
2024-01-14T15:43:53+01:00,87.45,54.4
2024-01-14T15:46:19+01:00,86.68,53.9
2024-01-14T15:48:45+01:00,91.28,54.58
2024-01-14T15:51:12+01:00,83.32,55.05
2024-01-14T15:53:38+01:00,105.3,58.35
2024-01-14T15:56:05+01:00,114.88,58.2
2024-01-14T15:58:31+01:00,121.57,56.7
2024-01-14T16:00:57+01:00,124.88,59.63
2024-01-14T16:03:24+01:00,105.25,56.08
2024-01-14T16:05:50+01:00,98.5,55.42
2024-01-14T16:08:17+01:00,96.18,55.38
2024-01-14T16:10:43+01:00,97.2,57.0
2024-01-14T16:13:09+01:00,96.7,59.95
2024-01-14T16:15:36+01:00,93.7,59.1
2024-01-14T16:18:02+01:00,98.72,60.4
2024-01-14T16:20:28+01:00,92.68,58.03
2024-01-14T16:25:31+01:00,98.15,59.35
2024-01-14T16:27:59+01:00,102.63,61.63
2024-01-14T16:30:25+01:00,97.22,61.28
2024-01-14T16:32:53+01:00,100.9,63.0
2024-01-14T16:35:21+01:00,102.07,64.8
2024-01-14T16:37:48+01:00,105.3,63.53
2024-01-14T16:40:14+01:00,103.7,63.1
2024-01-14T16:42:41+01:00,107.63,67.57
2024-01-14T16:45:07+01:00,106.6,66.87
2024-01-14T16:47:34+01:00,108.45,66.72
2024-01-14T16:50:03+01:00,109.9,66.2
2024-01-14T16:52:29+01:00,120.35,74.47
2024-01-14T16:54:56+01:00,113.43,64.13
2024-01-14T16:57:23+01:00,117.63,65.47
2024-01-14T16:59:49+01:00,112.75,65.6
2024-01-14T17:02:15+01:00,107.13,65.1
2024-01-14T17:04:42+01:00,123.0,71.78
2024-01-14T17:07:08+01:00,120.38,73.2
2024-01-14T17:09:34+01:00,88.47,32.47
2024-01-14T17:12:01+01:00,128.82,75.5
2024-01-14T17:14:27+01:00,104.63,34.1
2024-01-14T17:16:53+01:00,164.6,89.57
2024-01-14T17:19:19+01:00,121.38,40.7
2024-01-14T17:21:46+01:00,105.03,41.17
2024-01-14T17:24:12+01:00,124.85,41.97
2024-01-14T17:26:39+01:00,204.77,106.38
2024-01-14T17:29:06+01:00,222.65,118.93
2024-01-14T17:31:33+01:00,125.03,44.3
2024-01-14T17:33:59+01:00,237.6,135.4
2024-01-14T17:36:28+01:00,158.7,49.7
2024-01-14T17:38:56+01:00,171.75,53.3
2024-01-14T17:41:23+01:00,150.43,51.8
2024-01-14T17:43:50+01:00,205.95,76.13
2024-01-14T17:46:16+01:00,216.25,79.88
2024-01-14T17:48:43+01:00,253.5,149.4
2024-01-14T17:51:10+01:00,257.08,141.07
2024-01-14T17:53:37+01:00,162.32,58.1
2024-01-14T17:56:05+01:00,165.3,55.53
2024-01-14T17:58:32+01:00,162.95,59.65
2024-01-14T18:01:06+01:00,204.1,72.45
2024-01-14T18:03:33+01:00,171.38,65.05
2024-01-14T18:05:59+01:00,169.9,65.72
2024-01-14T18:08:25+01:00,174.02,62.5
2024-01-14T18:10:51+01:00,159.07,57.8
2024-01-14T18:13:18+01:00,142.48,52.03
2024-01-14T18:15:44+01:00,145.2,52.78
2024-01-14T18:18:14+01:00,151.13,60.05
2024-01-14T18:20:40+01:00,116.63,46.45
2024-01-14T18:23:07+01:00,212.8,127.03
2024-01-14T18:25:33+01:00,93.88,39.22
2024-01-14T18:27:59+01:00,104.25,39.28
2024-01-14T18:30:26+01:00,125.93,46.2
2024-01-14T18:32:53+01:00,141.4,50.55
2024-01-14T18:35:20+01:00,111.15,43.25
2024-01-14T18:37:47+01:00,98.43,37.25
2024-01-14T18:40:13+01:00,106.55,41.55
2024-01-14T18:42:39+01:00,86.93,34.7
2024-01-14T18:45:06+01:00,129.02,43.72
2024-01-14T18:47:32+01:00,126.75,43.15
2024-01-14T18:49:59+01:00,128.32,49.97
2024-01-14T18:52:25+01:00,148.48,53.83
2024-01-14T18:54:51+01:00,92.9,38.35
2024-01-14T18:57:18+01:00,92.68,32.72
2024-01-14T18:59:44+01:00,101.43,38.72
2024-01-14T19:02:10+01:00,86.55,30.88
2024-01-14T19:04:36+01:00,77.97,28.8
2024-01-14T19:07:04+01:00,66.63,28.45
2024-01-14T19:09:30+01:00,95.7,36.22
2024-01-14T19:11:58+01:00,86.25,32.33
2024-01-14T19:14:24+01:00,91.57,34.08
2024-01-14T19:16:50+01:00,82.95,34.65
2024-01-14T19:19:16+01:00,62.65,23.95
2024-01-14T19:21:42+01:00,66.43,25.92
2024-01-14T19:24:08+01:00,77.9,29.77
2024-01-14T19:26:34+01:00,27.2,12.45
2024-01-14T19:29:01+01:00,79.57,32.75
2024-01-14T19:31:28+01:00,81.9,34.28
2024-01-14T19:33:54+01:00,90.3,32.17
2024-01-14T19:36:20+01:00,88.13,33.0
2024-01-14T19:38:48+01:00,73.15,33.1
2024-01-14T19:41:14+01:00,92.95,35.5
2024-01-14T19:43:41+01:00,85.47,36.45
2024-01-14T19:46:07+01:00,71.9,30.35
2024-01-14T19:48:33+01:00,85.72,32.05
2024-01-14T19:50:59+01:00,74.1,33.4
2024-01-14T19:53:25+01:00,79.55,29.08
2024-01-14T19:55:51+01:00,99.05,39.4
2024-01-14T19:58:18+01:00,154.05,58.63
2024-01-14T20:00:47+01:00,122.15,53.03
2024-01-14T20:03:14+01:00,137.65,51.58
2024-01-14T20:05:40+01:00,123.28,48.65
2024-01-14T20:08:06+01:00,95.65,39.78
2024-01-14T20:10:33+01:00,114.53,43.33
2024-01-14T20:12:59+01:00,118.8,45.2
2024-01-14T20:15:25+01:00,105.88,41.47
2024-01-14T20:17:52+01:00,101.43,40.25
2024-01-14T20:20:18+01:00,140.43,51.4
2024-01-14T20:22:44+01:00,83.15,36.45
2024-01-14T20:25:10+01:00,121.55,45.17
2024-01-14T20:27:36+01:00,128.55,50.85
2024-01-14T20:30:02+01:00,117.93,47.05
2024-01-14T20:32:29+01:00,113.88,44.58
2024-01-14T20:34:55+01:00,114.13,46.28
2024-01-14T20:37:21+01:00,113.88,46.05
2024-01-14T20:39:48+01:00,118.55,46.3
2024-01-14T20:42:15+01:00,111.82,42.97
2024-01-14T20:44:42+01:00,97.6,36.7
2024-01-14T20:47:08+01:00,39.15,19.67
2024-01-14T20:49:34+01:00,49.7,24.58
2024-01-14T20:52:00+01:00,113.43,44.88
2024-01-14T20:54:26+01:00,131.02,51.55
2024-01-14T20:56:52+01:00,111.15,40.38
2024-01-14T20:59:18+01:00,61.4,25.23
2024-01-14T21:01:45+01:00,164.93,54.0
2024-01-14T21:04:11+01:00,118.32,46.9
2024-01-14T21:06:37+01:00,128.3,47.85
2024-01-14T21:09:04+01:00,123.7,49.4
2024-01-14T21:11:30+01:00,112.72,41.22
2024-01-14T21:13:56+01:00,121.47,50.53
2024-01-14T21:16:22+01:00,102.1,39.75
2024-01-14T21:18:49+01:00,87.7,36.53
2024-01-14T21:21:15+01:00,137.6,54.17
2024-01-14T21:23:41+01:00,75.88,36.0
2024-01-14T21:26:10+01:00,84.28,40.08
2024-01-14T21:28:36+01:00,154.73,63.88
2024-01-14T21:31:03+01:00,120.78,52.1
2024-01-14T21:33:29+01:00,141.9,60.03
2024-01-14T21:35:55+01:00,148.13,62.78
2024-01-14T21:38:21+01:00,192.07,74.03
2024-01-14T21:40:48+01:00,200.1,80.78
2024-01-14T21:43:15+01:00,144.48,58.08
2024-01-14T21:45:41+01:00,201.95,82.18
2024-01-14T21:48:10+01:00,207.9,82.38
2024-01-14T21:50:36+01:00,179.23,72.07
2024-01-14T21:53:03+01:00,112.03,52.13
2024-01-14T21:55:29+01:00,192.95,78.3
2024-01-14T21:57:55+01:00,199.85,80.57
2024-01-14T22:00:21+01:00,202.1,77.88
2024-01-14T22:02:47+01:00,175.5,72.38
2024-01-14T22:05:15+01:00,189.02,74.03
2024-01-14T22:07:42+01:00,178.63,71.07
2024-01-14T22:10:08+01:00,157.88,68.43
2024-01-14T22:12:35+01:00,146.52,61.63
2024-01-14T22:15:01+01:00,146.02,62.78
2024-01-14T22:17:28+01:00,151.65,66.8
2024-01-14T22:19:54+01:00,167.02,66.25
2024-01-14T22:22:20+01:00,176.77,69.25
2024-01-14T22:24:46+01:00,161.8,62.63
2024-01-14T22:27:12+01:00,180.4,68.13
2024-01-14T22:29:38+01:00,233.98,78.53
2024-01-14T22:32:04+01:00,237.7,88.3
2024-01-14T22:34:32+01:00,287.63,104.47
2024-01-14T22:36:59+01:00,238.02,100.15
2024-01-14T22:39:25+01:00,262.45,103.78
2024-01-14T22:41:51+01:00,269.1,104.07
2024-01-14T22:44:17+01:00,224.73,92.22
2024-01-14T22:46:43+01:00,245.13,95.9
2024-01-14T22:49:09+01:00,281.83,112.97
2024-01-14T22:51:39+01:00,242.43,91.7
2024-01-14T22:54:05+01:00,236.32,92.88
2024-01-14T22:56:31+01:00,148.98,57.05
2024-01-14T22:58:57+01:00,166.82,65.43
2024-01-14T23:01:24+01:00,203.02,76.75
2024-01-14T23:03:50+01:00,216.5,85.72
2024-01-14T23:06:16+01:00,227.38,89.38
2024-01-14T23:08:42+01:00,252.07,95.38
2024-01-14T23:11:08+01:00,235.98,91.6
2024-01-14T23:13:35+01:00,245.93,90.88
2024-01-14T23:16:01+01:00,253.65,95.13
2024-01-14T23:18:27+01:00,214.77,85.45
2024-01-14T23:20:54+01:00,209.7,79.65
2024-01-14T23:23:20+01:00,183.3,74.15
2024-01-14T23:25:46+01:00,216.35,84.45
2024-01-14T23:28:12+01:00,199.85,78.47
2024-01-14T23:30:40+01:00,255.75,91.95
2024-01-14T23:33:07+01:00,217.8,76.68
2024-01-14T23:35:33+01:00,195.38,77.22
2024-01-14T23:37:59+01:00,195.5,73.7
2024-01-14T23:40:25+01:00,189.4,74.4
2024-01-14T23:42:51+01:00,197.6,77.85
2024-01-14T23:45:17+01:00,184.13,72.32
2024-01-14T23:47:43+01:00,202.0,73.88
2024-01-14T23:50:09+01:00,185.27,67.75
2024-01-14T23:52:35+01:00,169.3,66.4
2024-01-14T23:55:01+01:00,150.6,56.97
2024-01-14T23:57:28+01:00,140.57,58.33
2024-01-14T23:59:54+01:00,203.65,77.72
2024-01-15T00:02:20+01:00,284.05,97.2
2024-01-15T00:04:46+01:00,254.1,89.25
2024-01-15T00:07:12+01:00,253.27,87.93
2024-01-15T00:09:39+01:00,173.13,62.83
2024-01-15T00:12:07+01:00,150.6,60.17
2024-01-15T00:14:33+01:00,226.57,76.47
2024-01-15T00:16:59+01:00,218.0,83.03
2024-01-15T00:19:25+01:00,199.27,72.57
2024-01-15T00:21:51+01:00,175.05,65.53
2024-01-15T00:24:17+01:00,184.93,64.82
2024-01-15T00:26:43+01:00,169.55,68.97
2024-01-15T00:29:09+01:00,130.5,51.0
2024-01-15T00:31:35+01:00,66.18,27.65
2024-01-15T00:34:01+01:00,179.8,71.3
2024-01-15T00:36:28+01:00,209.2,72.57
2024-01-15T00:38:54+01:00,201.48,75.15
2024-01-15T00:41:20+01:00,200.77,78.22
2024-01-15T00:43:46+01:00,200.5,77.6
2024-01-15T00:46:12+01:00,185.2,67.68
2024-01-15T00:48:38+01:00,203.43,70.03
2024-01-15T00:51:04+01:00,194.85,68.4
2024-01-15T00:53:30+01:00,197.48,73.5
2024-01-15T00:55:56+01:00,229.57,77.68
2024-01-15T00:58:23+01:00,198.43,68.97
2024-01-15T01:00:49+01:00,199.75,74.93
2024-01-15T01:03:15+01:00,198.8,71.5
2024-01-15T01:05:41+01:00,199.88,68.85
2024-01-15T01:08:07+01:00,194.77,75.85
2024-01-15T01:10:33+01:00,195.63,72.9
2024-01-15T01:12:59+01:00,194.15,73.6
2024-01-15T01:15:25+01:00,200.05,83.03
2024-01-15T01:17:53+01:00,225.77,83.53
2024-01-15T01:20:19+01:00,216.9,80.5
2024-01-15T01:22:45+01:00,265.33,97.78
2024-01-15T01:25:11+01:00,181.18,73.32
2024-01-15T01:27:37+01:00,242.55,95.35
2024-01-15T01:30:04+01:00,182.13,72.53
2024-01-15T01:32:30+01:00,171.93,70.03
2024-01-15T01:34:56+01:00,167.82,66.38
2024-01-15T01:37:22+01:00,181.93,66.28
2024-01-15T01:39:48+01:00,151.55,62.95
2024-01-15T01:42:14+01:00,109.43,44.97
2024-01-15T01:44:41+01:00,125.82,48.42
2024-01-15T01:47:07+01:00,131.9,52.92
2024-01-15T01:49:33+01:00,138.63,53.63
2024-01-15T01:51:59+01:00,177.55,67.13
2024-01-15T01:54:26+01:00,156.82,60.97
2024-01-15T01:56:52+01:00,158.93,61.65
2024-01-15T01:59:18+01:00,160.02,61.53
2024-01-15T02:01:45+01:00,154.07,57.38
2024-01-15T02:04:12+01:00,156.82,56.7
2024-01-15T02:06:38+01:00,150.52,58.7
2024-01-15T02:09:04+01:00,142.23,52.45
2024-01-15T02:11:30+01:00,105.03,43.58
2024-01-15T02:13:56+01:00,134.98,52.8
2024-01-15T02:16:22+01:00,24.75,15.55
2024-01-15T02:18:48+01:00,90.53,37.25
2024-01-15T02:21:14+01:00,116.13,48.08
2024-01-15T02:23:41+01:00,115.45,47.47
2024-01-15T02:26:07+01:00,150.82,53.83
2024-01-15T02:28:33+01:00,127.03,49.3
2024-01-15T02:30:59+01:00,123.72,49.85
2024-01-15T02:33:26+01:00,129.18,46.65
2024-01-15T02:35:52+01:00,163.02,59.0
2024-01-15T02:38:18+01:00,138.95,50.5
2024-01-15T02:40:44+01:00,161.05,56.03
2024-01-15T02:43:10+01:00,165.2,60.03
2024-01-15T02:45:36+01:00,137.02,52.45
2024-01-15T02:48:02+01:00,131.05,50.0
2024-01-15T02:50:29+01:00,141.65,55.97
2024-01-15T02:52:56+01:00,105.45,42.58
2024-01-15T02:55:24+01:00,103.38,43.6
2024-01-15T02:57:50+01:00,149.68,54.05
2024-01-15T03:00:16+01:00,135.93,51.35
2024-01-15T03:02:43+01:00,119.38,49.78
2024-01-15T03:05:10+01:00,127.18,47.0
2024-01-15T03:07:37+01:00,138.2,51.58
2024-01-15T03:10:03+01:00,146.7,53.42
2024-01-15T03:12:31+01:00,134.93,50.85
2024-01-15T03:14:57+01:00,130.32,50.88
2024-01-15T03:17:23+01:00,147.1,55.65
2024-01-15T03:19:49+01:00,129.02,49.85
2024-01-15T03:22:15+01:00,149.52,54.8
2024-01-15T03:24:41+01:00,124.78,49.92
2024-01-15T03:27:08+01:00,102.07,43.1
2024-01-15T03:29:34+01:00,30.23,17.58
2024-01-15T03:32:03+01:00,121.53,46.97
2024-01-15T03:34:31+01:00,108.05,41.35
2024-01-15T03:36:57+01:00,109.15,40.22
2024-01-15T03:39:23+01:00,35.55,20.33
2024-01-15T03:41:49+01:00,49.5,22.55
2024-01-15T03:44:15+01:00,32.7,14.57
2024-01-15T03:46:41+01:00,48.05,25.15
2024-01-15T03:49:08+01:00,40.75,22.08
2024-01-15T03:51:34+01:00,26.38,12.68
2024-01-15T03:54:00+01:00,82.25,36.5
2024-01-15T03:56:26+01:00,98.47,36.17
2024-01-15T03:58:52+01:00,68.4,32.38
2024-01-15T04:01:18+01:00,95.03,39.58
2024-01-15T04:03:45+01:00,72.53,32.83
2024-01-15T04:06:11+01:00,89.22,36.72
2024-01-15T04:08:37+01:00,94.43,37.25
2024-01-15T04:11:03+01:00,79.8,29.58
2024-01-15T04:13:29+01:00,89.68,37.0
2024-01-15T04:15:55+01:00,88.35,37.13
2024-01-15T04:18:21+01:00,94.13,36.28
2024-01-15T04:20:47+01:00,98.25,35.92
2024-01-15T04:23:13+01:00,98.97,38.63
2024-01-15T04:25:40+01:00,86.47,36.03
2024-01-15T04:28:06+01:00,74.35,25.48
2024-01-15T04:30:32+01:00,105.97,41.55
2024-01-15T04:32:58+01:00,110.57,41.75
2024-01-15T04:35:24+01:00,80.65,35.8
2024-01-15T04:37:54+01:00,101.4,40.53
2024-01-15T04:40:20+01:00,111.72,44.3
2024-01-15T04:42:46+01:00,109.5,45.2
2024-01-15T04:45:12+01:00,113.65,40.67
2024-01-15T04:47:38+01:00,91.25,38.4
2024-01-15T04:50:05+01:00,40.08,23.52
2024-01-15T04:52:31+01:00,39.92,22.35
2024-01-15T04:54:57+01:00,113.75,42.0
2024-01-15T04:57:23+01:00,124.53,49.25
2024-01-15T04:59:49+01:00,92.5,36.88
2024-01-15T05:02:15+01:00,127.9,49.05
2024-01-15T05:04:42+01:00,126.6,47.72
2024-01-15T05:07:09+01:00,130.18,49.78
2024-01-15T05:09:35+01:00,118.68,45.75
2024-01-15T05:12:01+01:00,123.4,41.38
2024-01-15T05:14:27+01:00,109.45,42.22
2024-01-15T05:16:53+01:00,129.7,45.53
2024-01-15T05:19:20+01:00,114.8,42.45
2024-01-15T05:21:46+01:00,109.28,43.2
2024-01-15T05:24:12+01:00,110.95,44.9
2024-01-15T05:26:38+01:00,108.15,44.03
2024-01-15T05:29:05+01:00,111.22,45.0
2024-01-15T05:31:40+01:00,108.32,44.5
2024-01-15T05:34:07+01:00,25.0,17.13
2024-01-15T05:36:38+01:00,48.85,28.85
2024-01-15T05:39:04+01:00,102.5,39.9
2024-01-15T05:41:30+01:00,117.82,46.65
2024-01-15T05:43:56+01:00,114.63,43.55
2024-01-15T05:46:22+01:00,77.13,34.9
2024-01-15T05:48:48+01:00,114.63,47.05
2024-01-15T05:51:14+01:00,91.1,38.22
2024-01-15T05:53:41+01:00,53.65,26.5
2024-01-15T05:56:07+01:00,92.75,38.5
2024-01-15T05:58:33+01:00,92.78,37.92
2024-01-15T06:00:59+01:00,105.95,37.92
2024-01-15T06:03:25+01:00,48.35,25.92
2024-01-15T06:05:51+01:00,95.13,39.25
2024-01-15T06:08:17+01:00,116.8,47.9
2024-01-15T06:10:43+01:00,67.53,29.73
2024-01-15T06:13:10+01:00,123.63,41.8
2024-01-15T06:15:36+01:00,117.8,43.78
2024-01-15T06:18:02+01:00,122.32,46.72
2024-01-15T06:20:28+01:00,80.95,30.65
2024-01-15T06:22:54+01:00,119.93,45.33
2024-01-15T06:25:20+01:00,119.43,47.55
2024-01-15T06:27:46+01:00,116.97,47.92
2024-01-15T06:30:12+01:00,129.52,48.75
2024-01-15T06:32:39+01:00,132.13,49.42
2024-01-15T06:35:05+01:00,139.38,51.8
2024-01-15T06:37:31+01:00,81.1,29.95
2024-01-15T06:39:57+01:00,117.8,47.92
2024-01-15T06:42:23+01:00,148.73,52.53
2024-01-15T06:44:49+01:00,136.98,50.53
2024-01-15T06:47:15+01:00,129.6,52.92
2024-01-15T06:49:42+01:00,136.75,50.47
2024-01-15T06:52:08+01:00,136.05,53.05
2024-01-15T06:54:34+01:00,144.1,54.65
2024-01-15T06:57:00+01:00,80.18,35.22
2024-01-15T06:59:26+01:00,161.82,55.22
2024-01-15T07:01:56+01:00,155.35,55.5
2024-01-15T07:04:22+01:00,145.52,53.42
2024-01-15T07:06:48+01:00,156.98,61.95
2024-01-15T07:09:14+01:00,231.1,78.3
2024-01-15T07:11:40+01:00,146.88,58.58
2024-01-15T07:14:07+01:00,135.52,51.42
2024-01-15T07:16:33+01:00,129.35,52.7
2024-01-15T07:18:59+01:00,130.98,50.95
2024-01-15T07:21:25+01:00,150.63,54.15
2024-01-15T07:23:51+01:00,140.73,53.78
2024-01-15T07:26:17+01:00,138.25,53.22
2024-01-15T07:28:43+01:00,133.25,53.08
2024-01-15T07:31:09+01:00,112.97,47.83
2024-01-15T07:33:35+01:00,99.43,40.58
2024-01-15T07:36:01+01:00,124.25,47.65
2024-01-15T07:38:27+01:00,149.88,55.6
2024-01-15T07:40:53+01:00,151.98,57.47
2024-01-15T07:43:19+01:00,167.77,62.78
2024-01-15T07:45:46+01:00,188.45,68.7
2024-01-15T07:48:12+01:00,189.73,67.88
2024-01-15T07:50:39+01:00,196.77,67.43
2024-01-15T07:53:05+01:00,172.5,62.2
2024-01-15T07:55:32+01:00,166.02,65.35
2024-01-15T07:57:58+01:00,166.43,59.97
2024-01-15T08:00:24+01:00,171.7,64.03
2024-01-15T08:02:50+01:00,197.35,71.4
2024-01-15T08:05:16+01:00,198.65,67.63
2024-01-15T08:07:43+01:00,180.6,71.1
2024-01-15T08:10:09+01:00,171.4,63.0
2024-01-15T08:12:35+01:00,141.52,52.42
2024-01-15T08:15:01+01:00,152.63,57.5
2024-01-15T08:17:27+01:00,165.98,61.63
2024-01-15T08:19:53+01:00,158.68,58.67
2024-01-15T08:22:19+01:00,154.7,56.0
2024-01-15T08:24:45+01:00,101.78,43.83
2024-01-15T08:27:11+01:00,143.85,52.35
2024-01-15T08:29:38+01:00,163.65,59.03
2024-01-15T08:32:04+01:00,154.95,62.05
2024-01-15T08:34:30+01:00,135.3,54.72
2024-01-15T08:36:57+01:00,204.13,128.88
2024-01-15T08:39:23+01:00,190.8,120.88
2024-01-15T08:41:50+01:00,126.88,50.63
2024-01-15T08:44:16+01:00,137.95,55.22
2024-01-15T08:46:45+01:00,36.8,20.17
2024-01-15T08:49:12+01:00,140.88,56.8
2024-01-15T08:51:38+01:00,150.18,58.35
2024-01-15T08:54:06+01:00,99.68,44.47
2024-01-15T08:56:33+01:00,133.2,51.17
2024-01-15T08:59:00+01:00,188.68,118.07
2024-01-15T09:01:36+01:00,184.5,118.32
2024-01-15T09:04:02+01:00,188.32,122.55
2024-01-15T09:06:28+01:00,191.2,121.97
2024-01-15T09:08:54+01:00,190.65,120.57
2024-01-15T09:11:20+01:00,177.57,111.35
2024-01-15T09:13:46+01:00,170.18,109.82
2024-01-15T09:16:12+01:00,190.13,116.0
2024-01-15T09:18:38+01:00,178.98,116.85
2024-01-15T09:21:09+01:00,176.05,112.88
2024-01-15T09:23:35+01:00,181.75,116.93
2024-01-15T09:26:01+01:00,161.68,105.03
2024-01-15T09:28:27+01:00,185.38,124.25
2024-01-15T09:30:53+01:00,191.23,121.35
2024-01-15T09:33:19+01:00,190.35,122.7
2024-01-15T09:35:45+01:00,185.0,118.25
2024-01-15T09:38:11+01:00,180.57,117.7
2024-01-15T09:40:37+01:00,181.35,117.68
2024-01-15T09:43:03+01:00,166.7,107.45
2024-01-15T09:45:31+01:00,173.27,111.78
2024-01-15T09:47:57+01:00,183.15,114.63
2024-01-15T09:50:24+01:00,176.57,115.8
2024-01-15T09:52:50+01:00,182.05,120.1
2024-01-15T09:55:16+01:00,175.73,112.3
2024-01-15T09:57:42+01:00,181.8,116.07
2024-01-15T10:00:09+01:00,174.77,114.32
2024-01-15T10:02:35+01:00,165.82,107.53
2024-01-15T10:05:01+01:00,190.23,123.85
2024-01-15T10:07:29+01:00,181.63,119.22
2024-01-15T10:09:55+01:00,205.3,128.15
2024-01-15T10:12:21+01:00,210.68,136.25
2024-01-15T10:14:47+01:00,196.32,128.07
2024-01-15T10:17:15+01:00,248.15,151.75
2024-01-15T10:19:41+01:00,274.92,169.93
2024-01-15T10:22:07+01:00,249.27,155.55
2024-01-15T10:24:34+01:00,221.7,144.38
2024-01-15T10:27:00+01:00,203.27,128.05
2024-01-15T10:29:26+01:00,191.35,127.0
2024-01-15T10:31:52+01:00,195.65,124.63
2024-01-15T10:34:18+01:00,203.75,127.0
2024-01-15T10:36:44+01:00,205.45,125.93
2024-01-15T10:39:10+01:00,184.32,117.93
2024-01-15T10:41:36+01:00,189.63,120.32
2024-01-15T10:44:06+01:00,197.23,125.9
2024-01-15T10:46:35+01:00,201.77,124.72
2024-01-15T10:49:01+01:00,203.8,126.57
2024-01-15T10:51:31+01:00,229.95,141.6
2024-01-15T10:53:57+01:00,197.77,122.25
2024-01-15T10:56:24+01:00,201.88,127.6
2024-01-15T10:58:51+01:00,201.27,130.4
2024-01-15T11:01:19+01:00,177.68,115.8
2024-01-15T11:03:46+01:00,186.45,119.43
2024-01-15T11:06:15+01:00,194.13,126.78
2024-01-15T11:08:48+01:00,196.73,124.95
2024-01-15T11:11:14+01:00,180.43,124.28
2024-01-15T11:13:42+01:00,186.1,119.85
2024-01-15T11:16:09+01:00,205.38,128.35
2024-01-15T11:18:36+01:00,195.35,125.45
2024-01-15T11:21:04+01:00,228.35,134.27
2024-01-15T11:23:31+01:00,238.73,139.43
2024-01-15T11:25:58+01:00,182.75,118.6
2024-01-15T11:28:26+01:00,184.27,118.88
2024-01-15T11:30:54+01:00,192.88,121.5
2024-01-15T11:33:23+01:00,191.02,124.75
2024-01-15T11:35:59+01:00,204.98,130.52
2024-01-15T11:38:25+01:00,209.57,131.55
2024-01-15T11:40:52+01:00,213.27,137.73
2024-01-15T11:43:18+01:00,212.7,135.02
2024-01-15T11:45:45+01:00,207.02,130.8
2024-01-15T11:48:11+01:00,215.82,126.95
2024-01-15T11:50:37+01:00,211.82,129.57
2024-01-15T11:53:04+01:00,214.5,131.35
2024-01-15T11:55:35+01:00,211.65,130.85
2024-01-15T11:58:01+01:00,187.95,120.68
2024-01-15T12:00:29+01:00,200.57,119.68
2024-01-15T12:02:56+01:00,182.63,118.43
2024-01-15T12:05:22+01:00,184.43,121.53
2024-01-15T12:07:49+01:00,197.48,120.43
2024-01-15T12:13:08+01:00,185.23,121.1
2024-01-15T12:15:54+01:00,177.88,113.6
2024-01-15T12:18:20+01:00,168.63,114.15
2024-01-15T12:28:49+01:00,209.52,119.0
2024-01-15T12:31:15+01:00,171.05,109.93
2024-01-15T12:33:47+01:00,163.45,107.57
2024-01-15T12:36:14+01:00,180.5,113.72
2024-01-15T12:38:40+01:00,190.2,119.65
2024-01-15T12:41:15+01:00,172.35,115.65
2024-01-15T12:43:41+01:00,178.6,114.55
2024-01-15T12:46:11+01:00,180.27,113.93
2024-01-15T12:48:42+01:00,170.95,107.15
2024-01-15T12:51:10+01:00,170.73,109.35
2024-01-15T12:53:43+01:00,184.57,116.15
2024-01-15T12:56:16+01:00,180.8,115.72
2024-01-15T12:58:43+01:00,186.93,115.8
2024-01-15T13:01:10+01:00,172.35,108.0
2024-01-15T13:03:36+01:00,166.98,106.53
2024-01-15T13:06:05+01:00,161.95,105.97
2024-01-15T13:08:31+01:00,166.27,106.1
2024-01-15T13:10:58+01:00,166.63,108.6
2024-01-15T13:13:24+01:00,165.45,107.7
2024-01-15T13:15:50+01:00,168.5,111.1
2024-01-15T13:18:16+01:00,168.57,108.55
2024-01-15T13:20:43+01:00,171.98,108.95
2024-01-15T13:23:12+01:00,182.68,112.63
2024-01-15T13:25:41+01:00,170.3,106.78
2024-01-15T13:28:08+01:00,170.7,103.97
2024-01-15T13:30:35+01:00,169.7,103.2
2024-01-15T13:33:06+01:00,177.95,106.85
2024-01-15T13:35:35+01:00,183.4,111.57
2024-01-15T13:38:01+01:00,163.25,101.53
2024-01-15T13:40:27+01:00,166.57,99.78
2024-01-15T13:42:54+01:00,168.65,99.97
2024-01-15T13:45:20+01:00,162.5,98.22
2024-01-15T13:47:46+01:00,160.3,96.47
2024-01-15T13:50:13+01:00,153.98,94.65
2024-01-15T13:52:42+01:00,158.98,95.72
2024-01-15T13:55:08+01:00,140.35,92.43
2024-01-15T13:57:35+01:00,156.32,92.55
2024-01-15T14:00:03+01:00,145.88,88.82
2024-01-15T14:02:36+01:00,140.45,89.13
2024-01-15T14:05:03+01:00,139.75,86.05
2024-01-15T14:07:30+01:00,138.63,87.3
2024-01-15T14:09:57+01:00,162.8,87.93
2024-01-15T14:12:23+01:00,146.55,90.22
2024-01-15T14:14:49+01:00,131.8,85.1
2024-01-15T14:17:15+01:00,149.98,89.55
2024-01-15T14:19:41+01:00,137.65,80.9
2024-01-15T14:22:08+01:00,124.82,76.0
2024-01-15T14:24:35+01:00,110.53,72.88
2024-01-15T14:27:04+01:00,121.13,73.7
2024-01-15T14:29:31+01:00,112.68,70.93
2024-01-15T14:31:57+01:00,177.07,70.2
2024-01-15T14:34:24+01:00,106.97,64.07
2024-01-15T14:36:50+01:00,100.0,61.6
2024-01-15T14:39:16+01:00,109.47,64.25
2024-01-15T14:41:45+01:00,106.9,61.6
2024-01-15T14:44:11+01:00,95.95,61.1
2024-01-15T14:46:37+01:00,101.8,61.7
2024-01-15T14:49:03+01:00,104.03,62.3
2024-01-15T14:51:31+01:00,106.88,62.0
2024-01-15T14:53:57+01:00,101.78,60.35
2024-01-15T14:56:23+01:00,94.55,58.5
2024-01-15T14:58:49+01:00,121.65,64.38
2024-01-15T15:01:16+01:00,112.32,57.97
2024-01-15T15:03:43+01:00,116.75,70.18
2024-01-15T15:06:09+01:00,106.82,62.95
2024-01-15T15:08:36+01:00,99.18,62.9
2024-01-15T15:11:02+01:00,98.9,61.0
2024-01-15T15:13:28+01:00,97.4,60.3
2024-01-15T15:15:54+01:00,110.3,66.93
2024-01-15T15:18:21+01:00,126.85,77.88
2024-01-15T15:20:47+01:00,115.53,62.2
2024-01-15T15:23:13+01:00,99.97,63.75
2024-01-15T15:25:39+01:00,99.07,60.72
2024-01-15T15:28:05+01:00,112.4,62.03
2024-01-15T15:30:32+01:00,112.45,60.92
2024-01-15T15:32:58+01:00,106.0,62.7
2024-01-15T15:35:24+01:00,98.72,60.75
2024-01-15T15:37:50+01:00,129.4,53.95
2024-01-15T15:40:16+01:00,104.3,56.03
2024-01-15T15:42:43+01:00,101.93,60.05
2024-01-15T15:45:09+01:00,107.7,55.8
2024-01-15T15:47:38+01:00,91.15,55.03
2024-01-15T15:50:07+01:00,105.55,54.55
2024-01-15T15:52:35+01:00,113.5,57.4
2024-01-15T15:55:01+01:00,109.88,58.6
2024-01-15T15:57:27+01:00,155.23,60.6
2024-01-15T15:59:53+01:00,136.02,57.15
2024-01-15T16:02:19+01:00,116.85,57.08
2024-01-15T16:04:46+01:00,91.8,54.78
2024-01-15T16:07:12+01:00,95.03,58.05
2024-01-15T16:09:38+01:00,107.93,61.6
2024-01-15T16:12:04+01:00,109.15,65.2
2024-01-15T16:14:32+01:00,128.13,79.4
2024-01-15T16:17:06+01:00,107.8,67.05
2024-01-15T16:19:34+01:00,100.97,61.7
2024-01-15T16:22:00+01:00,90.95,58.92
2024-01-15T16:24:27+01:00,93.53,59.25
2024-01-15T16:26:53+01:00,108.6,67.5
2024-01-15T16:29:19+01:00,99.78,63.88
2024-01-15T16:31:45+01:00,137.5,68.18
2024-01-15T16:34:11+01:00,137.23,65.8
2024-01-15T16:36:37+01:00,100.5,64.2
2024-01-15T16:39:03+01:00,169.23,67.85
2024-01-15T16:41:29+01:00,147.63,80.07
2024-01-15T16:43:55+01:00,124.07,74.5
2024-01-15T16:46:22+01:00,158.23,82.2
2024-01-15T16:48:48+01:00,123.03,68.65
2024-01-15T16:51:14+01:00,136.13,75.53
2024-01-15T16:53:40+01:00,137.48,77.6
2024-01-15T16:56:06+01:00,157.27,100.6
2024-01-15T16:58:32+01:00,153.88,97.8
2024-01-15T17:00:58+01:00,161.9,93.2
2024-01-15T17:03:25+01:00,161.02,95.78
2024-01-15T17:05:51+01:00,148.82,93.15
2024-01-15T17:08:17+01:00,164.27,93.68
2024-01-15T17:10:43+01:00,166.8,95.97
2024-01-15T17:13:13+01:00,159.48,93.43
2024-01-15T17:15:39+01:00,165.07,97.43
2024-01-15T17:18:06+01:00,123.68,71.72
2024-01-15T17:20:32+01:00,118.7,66.15
2024-01-15T17:22:58+01:00,128.38,73.88
2024-01-15T17:25:24+01:00,134.4,79.53
2024-01-15T17:27:50+01:00,149.43,83.2
2024-01-15T17:30:16+01:00,121.65,69.18
2024-01-15T17:32:42+01:00,116.75,72.97
2024-01-15T17:35:08+01:00,121.68,73.43
2024-01-15T17:37:35+01:00,130.0,72.8
2024-01-15T17:40:02+01:00,111.8,73.07
2024-01-15T17:42:29+01:00,147.05,94.65
2024-01-15T17:44:55+01:00,120.3,74.07
2024-01-15T17:47:21+01:00,177.88,117.38
2024-01-15T17:49:47+01:00,153.77,103.45
2024-01-15T17:52:13+01:00,158.25,102.28
2024-01-15T17:54:39+01:00,143.7,94.22
2024-01-15T17:57:05+01:00,140.02,90.15
2024-01-15T17:59:31+01:00,140.93,92.35
2024-01-15T18:01:57+01:00,152.5,95.75
2024-01-15T18:04:23+01:00,161.65,97.43
2024-01-15T18:06:49+01:00,169.02,100.95
2024-01-15T18:09:15+01:00,174.55,103.05
2024-01-15T18:11:42+01:00,180.32,110.3
2024-01-15T18:14:08+01:00,179.65,112.18
2024-01-15T18:16:34+01:00,187.9,110.47
2024-01-15T18:19:00+01:00,209.85,128.65
2024-01-15T18:21:26+01:00,220.3,133.6
2024-01-15T18:23:52+01:00,214.75,132.23
2024-01-15T18:26:18+01:00,209.88,133.07
2024-01-15T18:28:44+01:00,230.07,139.3
2024-01-15T18:31:10+01:00,217.8,135.52
2024-01-15T18:33:37+01:00,209.48,132.05
2024-01-15T18:36:03+01:00,220.4,125.13
2024-01-15T18:38:31+01:00,181.88,112.75
2024-01-15T18:40:58+01:00,184.2,111.25
2024-01-15T18:43:24+01:00,163.85,101.28
2024-01-15T18:45:51+01:00,152.65,95.75
2024-01-15T18:48:18+01:00,145.52,90.6
2024-01-15T18:50:44+01:00,156.98,97.05
2024-01-15T18:53:11+01:00,170.32,102.43
2024-01-15T18:55:37+01:00,145.48,90.57
2024-01-15T18:58:03+01:00,153.02,94.7
2024-01-15T19:00:30+01:00,142.5,88.88
2024-01-15T19:02:57+01:00,145.35,91.95
2024-01-15T19:05:23+01:00,150.15,94.45
2024-01-15T19:07:49+01:00,134.95,88.0
2024-01-15T19:10:15+01:00,148.75,94.88
2024-01-15T19:12:41+01:00,162.73,100.8
2024-01-15T19:15:07+01:00,138.45,87.5
2024-01-15T19:17:34+01:00,131.55,86.63
2024-01-15T19:20:02+01:00,131.13,84.63
2024-01-15T19:22:29+01:00,125.4,84.7
2024-01-15T19:24:55+01:00,132.3,84.18
2024-01-15T19:27:21+01:00,130.3,82.0
2024-01-15T19:29:48+01:00,141.13,85.72
2024-01-15T19:32:14+01:00,139.9,87.85
2024-01-15T19:34:40+01:00,141.95,84.9
2024-01-15T19:37:07+01:00,143.02,85.72
2024-01-15T19:39:34+01:00,127.93,82.45
2024-01-15T19:42:00+01:00,142.05,86.9
2024-01-15T19:44:26+01:00,145.07,91.43
2024-01-15T19:46:54+01:00,144.05,92.22
2024-01-15T19:49:20+01:00,142.75,92.15
2024-01-15T19:51:46+01:00,145.8,91.88
2024-01-15T19:54:16+01:00,145.88,92.75
2024-01-15T19:56:42+01:00,138.75,85.68
2024-01-15T19:59:09+01:00,126.7,82.63
2024-01-15T20:01:36+01:00,136.2,84.68
2024-01-15T20:04:02+01:00,124.25,79.03
2024-01-15T20:06:28+01:00,146.93,91.0
2024-01-15T20:08:54+01:00,214.48,127.28
2024-01-15T20:11:20+01:00,162.75,100.47
2024-01-15T20:13:48+01:00,167.85,107.38
2024-01-15T20:16:14+01:00,176.65,106.93
2024-01-15T20:18:47+01:00,173.4,109.6
2024-01-15T20:21:13+01:00,189.1,121.35
2024-01-15T20:23:39+01:00,196.7,125.4
2024-01-15T20:26:05+01:00,189.98,116.53
2024-01-15T20:28:31+01:00,221.7,137.32
2024-01-15T20:30:58+01:00,213.23,128.07
2024-01-15T20:33:25+01:00,223.63,136.05
2024-01-15T20:35:51+01:00,206.1,128.02
2024-01-15T20:38:17+01:00,228.0,137.35
2024-01-15T20:40:43+01:00,254.07,150.8
2024-01-15T20:43:09+01:00,208.52,125.85
2024-01-15T20:45:35+01:00,180.9,111.13
2024-01-15T20:48:01+01:00,185.77,113.63
2024-01-15T20:50:29+01:00,172.25,108.78
2024-01-15T20:52:55+01:00,173.55,111.47
2024-01-15T20:55:21+01:00,171.23,102.53
2024-01-15T20:57:47+01:00,186.48,110.88
2024-01-15T21:00:13+01:00,167.23,102.25
2024-01-15T21:02:40+01:00,174.65,109.6
2024-01-15T21:05:06+01:00,159.75,101.22
2024-01-15T21:07:34+01:00,200.18,135.68
2024-01-15T21:10:01+01:00,211.73,137.23
2024-01-15T21:12:27+01:00,187.45,124.75
2024-01-15T21:14:53+01:00,206.68,127.47
2024-01-15T21:17:20+01:00,239.38,157.07
2024-01-15T21:19:46+01:00,291.05,184.38
2024-01-15T21:22:12+01:00,260.88,165.48
2024-01-15T21:24:38+01:00,304.42,191.2
2024-01-15T21:27:04+01:00,374.52,240.0
2024-01-15T21:29:30+01:00,468.5,328.7
2024-01-15T21:31:56+01:00,391.0,250.55
2024-01-15T21:34:22+01:00,380.42,247.8
2024-01-15T21:36:49+01:00,365.17,235.2
2024-01-15T21:39:16+01:00,267.05,95.28
2024-01-15T21:41:42+01:00,251.05,102.13
2024-01-15T21:44:08+01:00,376.7,254.02
2024-01-15T21:46:34+01:00,373.2,255.6
2024-01-15T21:49:00+01:00,377.25,254.88
2024-01-15T21:51:26+01:00,366.55,245.45
2024-01-15T21:53:52+01:00,386.9,258.17
2024-01-15T21:56:19+01:00,371.55,249.82
2024-01-15T21:58:45+01:00,383.65,244.7
2024-01-15T22:01:11+01:00,408.55,276.45
2024-01-15T22:03:37+01:00,382.15,261.55
2024-01-15T22:06:03+01:00,380.27,252.38
2024-01-15T22:08:29+01:00,356.2,240.9
2024-01-15T22:10:56+01:00,362.08,239.6
2024-01-15T22:13:22+01:00,358.98,242.55
2024-01-15T22:15:48+01:00,348.15,240.27
2024-01-15T22:18:14+01:00,340.0,234.45
2024-01-15T22:20:43+01:00,307.5,204.35
2024-01-15T22:23:09+01:00,330.88,212.88
2024-01-15T22:25:36+01:00,330.88,219.02
2024-01-15T22:28:02+01:00,325.52,220.38
2024-01-15T22:30:28+01:00,330.0,223.15
2024-01-15T22:32:58+01:00,348.5,216.75
2024-01-15T22:35:24+01:00,328.67,217.88
2024-01-15T22:37:50+01:00,387.33,227.15
2024-01-15T22:40:16+01:00,359.23,212.57
2024-01-15T22:42:42+01:00,309.42,185.5
2024-01-15T22:45:08+01:00,270.8,170.13
2024-01-15T22:47:38+01:00,270.38,164.35
2024-01-15T22:50:04+01:00,249.85,161.32
2024-01-15T22:52:31+01:00,248.95,160.38
2024-01-15T22:54:57+01:00,277.83,160.98
2024-01-15T22:57:23+01:00,241.48,148.55
2024-01-15T22:59:49+01:00,228.65,140.68
2024-01-15T23:02:15+01:00,216.75,134.93
2024-01-15T23:04:41+01:00,199.9,128.88
2024-01-15T23:07:07+01:00,194.07,123.75
2024-01-15T23:09:33+01:00,200.9,131.48
2024-01-15T23:11:59+01:00,169.48,111.32
2024-01-15T23:14:28+01:00,182.55,118.8
2024-01-15T23:16:54+01:00,114.2,51.95
2024-01-15T23:19:20+01:00,154.5,58.3
2024-01-15T23:21:47+01:00,202.9,123.32
2024-01-15T23:24:13+01:00,247.15,137.6
2024-01-15T23:26:40+01:00,210.52,134.73
2024-01-15T23:29:06+01:00,214.52,129.43
2024-01-15T23:31:33+01:00,289.27,181.52
2024-01-15T23:33:59+01:00,249.65,161.25
2024-01-15T23:36:26+01:00,215.43,139.63
2024-01-15T23:38:52+01:00,244.68,155.48
2024-01-15T23:41:18+01:00,227.02,143.98
2024-01-15T23:43:45+01:00,219.07,145.18
2024-01-15T23:46:11+01:00,234.07,151.55
2024-01-15T23:48:37+01:00,225.45,145.55
2024-01-15T23:51:04+01:00,237.1,148.8
2024-01-15T23:53:30+01:00,216.38,137.05
2024-01-15T23:55:57+01:00,199.15,128.98
2024-01-15T23:58:23+01:00,191.23,127.63
2024-01-16T00:00:49+01:00,196.98,130.93
2024-01-16T00:03:15+01:00,145.18,63.2
2024-01-16T00:05:41+01:00,180.48,71.63
2024-01-16T00:08:07+01:00,163.88,64.53
2024-01-16T00:10:33+01:00,206.7,136.7
2024-01-16T00:12:59+01:00,215.63,135.05
2024-01-16T00:15:25+01:00,214.27,135.07
2024-01-16T00:17:53+01:00,219.73,139.7
2024-01-16T00:20:21+01:00,245.8,156.5
2024-01-16T00:22:47+01:00,210.45,135.43
2024-01-16T00:25:13+01:00,183.57,119.9
2024-01-16T00:27:39+01:00,204.15,132.1
2024-01-16T00:30:06+01:00,204.85,132.6
2024-01-16T00:32:34+01:00,151.93,61.08
2024-01-16T00:35:00+01:00,142.02,54.55
2024-01-16T00:37:27+01:00,146.5,57.83
2024-01-16T00:39:53+01:00,190.15,125.65
2024-01-16T00:42:19+01:00,190.43,122.3
2024-01-16T00:44:45+01:00,181.25,121.28
2024-01-16T00:47:11+01:00,192.5,125.85
2024-01-16T00:49:37+01:00,193.93,125.1
2024-01-16T00:52:04+01:00,98.13,43.03
2024-01-16T00:54:31+01:00,103.15,45.6
2024-01-16T00:57:02+01:00,113.75,47.28
2024-01-16T00:59:28+01:00,108.35,47.22
2024-01-16T01:01:55+01:00,71.3,34.3
2024-01-16T01:04:21+01:00,138.38,52.55
2024-01-16T01:06:47+01:00,116.6,47.05
2024-01-16T01:09:13+01:00,143.52,53.75
2024-01-16T01:11:42+01:00,131.3,51.88
2024-01-16T01:14:09+01:00,195.65,121.78
2024-01-16T01:16:47+01:00,181.75,120.97
2024-01-16T01:19:13+01:00,196.8,126.75
2024-01-16T01:21:40+01:00,205.43,128.73
2024-01-16T01:24:06+01:00,226.3,150.38
2024-01-16T01:26:32+01:00,169.07,62.8
2024-01-16T01:28:58+01:00,136.38,55.95
2024-01-16T01:31:24+01:00,136.4,51.58
2024-01-16T01:33:50+01:00,84.5,37.85
2024-01-16T01:36:16+01:00,142.3,57.03
2024-01-16T01:38:43+01:00,131.25,53.25
2024-01-16T01:41:09+01:00,109.97,48.25
2024-01-16T01:43:36+01:00,130.88,52.3
2024-01-16T01:46:02+01:00,197.73,131.43
2024-01-16T01:48:28+01:00,199.18,129.93
2024-01-16T01:50:54+01:00,128.07,55.88
2024-01-16T01:53:20+01:00,71.35,29.33
2024-01-16T01:55:46+01:00,143.55,55.13
2024-01-16T01:58:12+01:00,143.9,56.83
2024-01-16T02:00:38+01:00,196.23,129.4
2024-01-16T02:03:04+01:00,200.02,128.68
2024-01-16T02:05:30+01:00,213.9,137.23
2024-01-16T02:07:57+01:00,218.82,142.27
2024-01-16T02:10:23+01:00,222.1,144.98
2024-01-16T02:12:49+01:00,240.77,151.52
2024-01-16T02:15:19+01:00,214.75,140.93
2024-01-16T02:17:48+01:00,200.75,131.23
2024-01-16T02:20:14+01:00,205.98,134.8
2024-01-16T02:22:41+01:00,199.9,131.63
2024-01-16T02:25:07+01:00,201.13,133.1
2024-01-16T02:27:33+01:00,205.8,131.68
2024-01-16T02:29:59+01:00,196.38,129.4
2024-01-16T02:32:25+01:00,203.55,131.5
2024-01-16T02:34:52+01:00,204.02,137.6
2024-01-16T02:37:18+01:00,234.57,158.98
2024-01-16T02:39:44+01:00,208.85,141.98
2024-01-16T02:42:10+01:00,216.63,138.73
2024-01-16T02:44:36+01:00,188.65,128.02
2024-01-16T02:47:02+01:00,165.18,112.07
2024-01-16T02:49:30+01:00,154.25,103.72
2024-01-16T02:51:57+01:00,142.8,93.95
2024-01-16T02:54:23+01:00,137.25,88.43
2024-01-16T02:56:50+01:00,141.95,94.5
2024-01-16T02:59:19+01:00,139.77,91.85
2024-01-16T03:01:46+01:00,116.43,77.38
2024-01-16T03:04:14+01:00,120.03,80.25
2024-01-16T03:06:43+01:00,118.3,77.78
2024-01-16T03:09:09+01:00,116.5,78.85
2024-01-16T03:11:38+01:00,119.18,79.75
2024-01-16T03:14:04+01:00,110.9,77.22
2024-01-16T03:16:35+01:00,113.4,78.03
2024-01-16T03:19:02+01:00,130.32,88.5
2024-01-16T03:21:28+01:00,145.8,98.57
2024-01-16T03:23:56+01:00,140.52,97.05
2024-01-16T03:26:22+01:00,140.45,99.35
2024-01-16T03:28:48+01:00,137.77,95.0
2024-01-16T03:31:14+01:00,139.3,95.65
2024-01-16T03:33:41+01:00,143.0,98.28
2024-01-16T03:36:07+01:00,147.45,101.6
2024-01-16T03:38:33+01:00,218.95,142.55
2024-01-16T03:40:59+01:00,206.07,130.18
2024-01-16T03:43:25+01:00,162.55,111.88
2024-01-16T03:45:52+01:00,172.0,115.13
2024-01-16T03:48:18+01:00,179.13,118.22
2024-01-16T03:50:44+01:00,162.32,108.13
2024-01-16T03:53:10+01:00,160.68,107.57
2024-01-16T03:55:36+01:00,169.45,114.05
2024-01-16T03:58:02+01:00,159.05,108.4
2024-01-16T04:00:28+01:00,160.18,106.75
2024-01-16T04:02:55+01:00,166.6,112.3
2024-01-16T04:05:21+01:00,158.48,108.03
2024-01-16T04:07:47+01:00,159.55,104.3
2024-01-16T04:10:13+01:00,154.35,105.28
2024-01-16T04:12:39+01:00,155.9,103.4
2024-01-16T04:15:05+01:00,166.68,112.07
2024-01-16T04:17:31+01:00,189.07,123.38
2024-01-16T04:19:57+01:00,169.32,113.82
2024-01-16T04:22:23+01:00,191.85,130.23
2024-01-16T04:24:50+01:00,183.07,122.1
2024-01-16T04:27:16+01:00,177.95,120.8
2024-01-16T04:29:43+01:00,174.5,118.07
2024-01-16T04:32:09+01:00,163.75,112.72
2024-01-16T04:34:35+01:00,171.48,115.63
2024-01-16T04:37:01+01:00,193.57,128.75
2024-01-16T04:39:27+01:00,192.68,129.15
2024-01-16T04:41:53+01:00,187.52,124.78
2024-01-16T04:44:19+01:00,187.0,126.78
2024-01-16T04:46:45+01:00,185.93,125.38
2024-01-16T04:49:11+01:00,189.3,127.45
2024-01-16T04:51:37+01:00,210.6,136.63
2024-01-16T04:54:03+01:00,200.15,136.15
2024-01-16T04:56:29+01:00,204.93,142.18
2024-01-16T04:58:55+01:00,107.63,47.7
2024-01-16T05:01:31+01:00,223.2,151.13
2024-01-16T05:03:57+01:00,232.13,159.93
2024-01-16T05:06:24+01:00,267.48,182.85
2024-01-16T05:08:51+01:00,273.3,179.57
2024-01-16T05:11:17+01:00,106.03,48.0
2024-01-16T05:13:43+01:00,260.52,170.52
2024-01-16T05:16:11+01:00,255.0,162.02
2024-01-16T05:18:38+01:00,149.3,61.72
2024-01-16T05:21:05+01:00,150.52,57.0
2024-01-16T05:23:32+01:00,236.85,154.68
2024-01-16T05:25:58+01:00,61.85,34.42
2024-01-16T05:28:24+01:00,225.98,151.3
2024-01-16T05:30:51+01:00,229.68,151.18
2024-01-16T05:33:17+01:00,227.88,147.98
2024-01-16T05:35:44+01:00,225.57,151.23
2024-01-16T05:38:10+01:00,226.85,150.48
2024-01-16T05:40:36+01:00,238.38,157.38
2024-01-16T05:43:02+01:00,238.43,160.1
2024-01-16T05:45:29+01:00,252.6,160.15
2024-01-16T05:47:55+01:00,76.45,37.08
2024-01-16T05:50:21+01:00,236.55,151.5
2024-01-16T05:52:47+01:00,224.95,144.23
2024-01-16T05:55:14+01:00,210.73,141.15
2024-01-16T05:57:40+01:00,217.25,137.23
2024-01-16T06:00:06+01:00,207.73,132.88
2024-01-16T06:02:32+01:00,210.48,129.88
2024-01-16T06:04:59+01:00,198.27,127.03
2024-01-16T06:07:25+01:00,193.43,127.35
2024-01-16T06:09:51+01:00,199.65,131.93
2024-01-16T06:12:18+01:00,201.93,130.3
2024-01-16T06:14:45+01:00,200.15,127.53
2024-01-16T06:17:11+01:00,190.5,126.18
2024-01-16T06:19:37+01:00,188.65,123.3
2024-01-16T06:22:03+01:00,187.13,122.97
2024-01-16T06:24:29+01:00,174.85,117.18
2024-01-16T06:26:55+01:00,176.23,114.57
2024-01-16T06:29:21+01:00,164.23,111.07
2024-01-16T06:31:48+01:00,166.13,110.9
2024-01-16T06:34:14+01:00,172.93,112.8
2024-01-16T06:36:41+01:00,170.13,113.57
2024-01-16T06:39:07+01:00,173.38,117.07
2024-01-16T06:41:34+01:00,170.9,113.18
2024-01-16T06:44:00+01:00,164.52,110.68
2024-01-16T06:46:32+01:00,171.85,115.75
2024-01-16T06:48:58+01:00,185.7,119.1
2024-01-16T06:51:27+01:00,181.32,119.75
2024-01-16T06:53:57+01:00,200.32,133.35
2024-01-16T06:56:23+01:00,194.52,127.57
2024-01-16T06:58:49+01:00,190.57,128.77
2024-01-16T07:01:15+01:00,197.15,126.57
2024-01-16T07:03:41+01:00,178.48,118.75
2024-01-16T07:06:10+01:00,175.2,115.97
2024-01-16T07:08:36+01:00,173.7,116.0
2024-01-16T07:11:02+01:00,171.48,115.75
2024-01-16T07:13:28+01:00,183.07,117.78
2024-01-16T07:15:57+01:00,186.98,126.13
2024-01-16T07:18:23+01:00,193.73,129.5
2024-01-16T07:20:49+01:00,179.65,121.68
2024-01-16T07:23:15+01:00,213.48,145.1
2024-01-16T07:25:41+01:00,211.88,135.57
2024-01-16T07:28:07+01:00,224.23,145.7
2024-01-16T07:30:33+01:00,228.57,153.2
2024-01-16T07:32:59+01:00,229.55,150.88
2024-01-16T07:35:25+01:00,222.3,149.05
2024-01-16T07:37:51+01:00,231.45,153.05
2024-01-16T07:40:17+01:00,235.27,153.65
2024-01-16T07:42:43+01:00,235.1,157.8
2024-01-16T07:45:09+01:00,265.88,173.43
2024-01-16T07:47:37+01:00,258.52,174.9
2024-01-16T07:50:04+01:00,257.5,178.7
2024-01-16T07:52:31+01:00,249.98,168.45
2024-01-16T07:54:57+01:00,227.43,153.65
2024-01-16T07:57:23+01:00,252.38,166.5
2024-01-16T07:59:49+01:00,265.02,173.88
2024-01-16T08:02:15+01:00,262.2,174.38
2024-01-16T08:04:41+01:00,287.55,183.5
2024-01-16T08:07:07+01:00,240.02,159.32
2024-01-16T08:09:34+01:00,237.0,156.95
2024-01-16T08:12:00+01:00,245.82,160.98
2024-01-16T08:14:26+01:00,254.35,168.7
2024-01-16T08:16:52+01:00,291.23,190.4
2024-01-16T08:19:18+01:00,265.95,170.02
2024-01-16T08:21:44+01:00,287.5,190.0
2024-01-16T08:24:10+01:00,149.7,98.22
2024-01-16T08:26:37+01:00,126.35,86.43
2024-01-16T08:29:03+01:00,157.07,105.15
2024-01-16T08:31:29+01:00,42.3,28.83
2024-01-16T08:33:55+01:00,108.0,73.0
2024-01-16T08:36:21+01:00,218.25,145.23
2024-01-16T08:38:47+01:00,256.3,167.27
2024-01-16T08:41:14+01:00,248.43,167.4
2024-01-16T08:43:40+01:00,249.2,167.45
2024-01-16T08:46:06+01:00,248.98,170.38
2024-01-16T08:48:32+01:00,347.58,235.15
2024-01-16T08:50:58+01:00,317.52,218.18
2024-01-16T08:53:24+01:00,272.4,176.73
2024-01-16T08:55:52+01:00,228.2,152.9
2024-01-16T08:58:19+01:00,170.48,114.6
2024-01-16T09:00:46+01:00,217.65,145.52
2024-01-16T09:03:12+01:00,227.95,145.85
2024-01-16T09:05:39+01:00,220.98,140.57
2024-01-16T09:08:08+01:00,239.77,153.32
2024-01-16T09:10:37+01:00,243.25,159.2
2024-01-16T09:13:03+01:00,240.98,160.25
2024-01-16T09:15:29+01:00,231.7,161.93
2024-01-16T09:17:55+01:00,236.15,155.57
2024-01-16T09:20:21+01:00,237.93,157.85
2024-01-16T09:22:48+01:00,229.1,151.48
2024-01-16T09:25:15+01:00,194.57,133.23
2024-01-16T09:27:41+01:00,192.68,127.07
2024-01-16T09:30:08+01:00,188.98,128.45
2024-01-16T09:32:36+01:00,180.7,129.55
2024-01-16T09:35:02+01:00,182.05,123.85
2024-01-16T09:37:30+01:00,179.93,120.47
2024-01-16T09:39:56+01:00,187.0,120.8
2024-01-16T09:42:22+01:00,169.23,113.9
2024-01-16T09:44:48+01:00,168.57,115.4
2024-01-16T09:47:14+01:00,162.23,109.93
2024-01-16T09:49:40+01:00,157.8,104.78
2024-01-16T09:52:07+01:00,158.75,107.7
2024-01-16T09:54:33+01:00,151.9,100.7
2024-01-16T09:56:59+01:00,143.68,95.13
2024-01-16T09:59:25+01:00,135.0,90.53
2024-01-16T10:01:51+01:00,140.05,94.63
2024-01-16T10:04:17+01:00,137.8,91.38
2024-01-16T10:06:43+01:00,140.0,91.97
2024-01-16T10:09:10+01:00,135.7,91.15
2024-01-16T10:11:37+01:00,142.23,93.28
2024-01-16T10:14:03+01:00,140.52,94.9
2024-01-16T10:16:29+01:00,144.43,97.9
2024-01-16T10:18:55+01:00,135.05,95.63
2024-01-16T10:21:22+01:00,143.52,99.97
2024-01-16T10:23:48+01:00,146.5,101.88
2024-01-16T10:26:14+01:00,139.2,92.6
2024-01-16T10:28:40+01:00,118.05,79.4
2024-01-16T10:31:06+01:00,124.7,85.6
2024-01-16T10:33:33+01:00,94.3,61.88
2024-01-16T10:35:59+01:00,69.85,48.45
2024-01-16T10:38:25+01:00,101.28,65.18
2024-01-16T10:40:52+01:00,39.95,25.85
2024-01-16T10:43:22+01:00,153.07,101.88
2024-01-16T10:45:48+01:00,121.03,83.25
2024-01-16T10:48:15+01:00,127.3,88.78
2024-01-16T10:50:41+01:00,123.9,85.8
2024-01-16T10:53:07+01:00,124.55,86.88
2024-01-16T10:55:33+01:00,25.42,16.92
2024-01-16T10:57:59+01:00,5.35,3.75
2024-01-16T11:00:27+01:00,5.93,3.58
2024-01-16T11:02:53+01:00,3.67,2.8
2024-01-16T11:05:24+01:00,4.85,3.35
2024-01-16T11:07:50+01:00,4.75,3.13
2024-01-16T11:10:17+01:00,6.45,3.97
2024-01-16T11:12:45+01:00,5.43,3.75
2024-01-16T11:15:12+01:00,4.03,3.03
2024-01-16T11:17:42+01:00,6.13,3.6
2024-01-16T11:20:11+01:00,5.63,4.25
2024-01-16T11:22:39+01:00,5.78,3.9
2024-01-16T11:25:08+01:00,4.53,3.3
2024-01-16T11:27:37+01:00,6.03,4.3
2024-01-16T11:30:03+01:00,6.35,4.2
2024-01-16T11:32:30+01:00,6.5,4.07
2024-01-16T11:35:06+01:00,6.85,4.0
2024-01-16T11:37:52+01:00,4.25,3.17
2024-01-16T11:40:19+01:00,6.03,3.55
2024-01-16T11:42:58+01:00,4.93,3.1
2024-01-16T11:45:24+01:00,5.63,3.95
2024-01-16T11:48:03+01:00,37.28,25.52
2024-01-16T11:50:30+01:00,59.28,39.9
2024-01-16T11:52:56+01:00,32.83,23.5
2024-01-16T11:55:24+01:00,12.6,9.07
2024-01-16T11:57:53+01:00,4.3,3.3
2024-01-16T12:00:21+01:00,4.05,2.85
2024-01-16T12:05:13+01:00,4.53,3.08
2024-01-16T12:07:40+01:00,4.5,3.5
2024-01-16T12:10:07+01:00,6.55,3.4
2024-01-16T12:12:34+01:00,8.27,4.57
2024-01-16T12:15:01+01:00,6.85,4.78
2024-01-16T12:17:32+01:00,3.83,3.08
2024-01-16T12:19:59+01:00,5.03,3.28
2024-01-16T12:22:25+01:00,6.05,3.08
2024-01-16T12:25:09+01:00,4.95,3.28
2024-01-16T12:27:38+01:00,4.35,3.3
2024-01-16T12:30:08+01:00,14.0,3.85
2024-01-16T12:32:35+01:00,7.9,3.45
2024-01-16T12:35:02+01:00,5.97,4.05
2024-01-16T12:37:32+01:00,6.9,3.83
2024-01-16T12:42:52+01:00,8.6,6.25
2024-01-16T12:50:38+01:00,19.17,11.52
2024-01-16T12:53:05+01:00,13.38,9.75
2024-01-16T12:55:32+01:00,7.03,4.32
2024-01-16T13:00:33+01:00,13.32,8.5
2024-01-16T13:03:02+01:00,12.4,7.0
2024-01-16T13:05:28+01:00,8.18,6.1
2024-01-16T13:07:54+01:00,6.82,5.0
2024-01-16T13:10:21+01:00,12.8,7.18
2024-01-16T13:12:48+01:00,12.82,8.07
2024-01-16T13:15:15+01:00,14.65,6.9
2024-01-16T13:17:54+01:00,13.9,8.4
2024-01-16T13:20:21+01:00,10.4,6.3
2024-01-16T13:22:57+01:00,14.48,7.1
2024-01-16T13:25:24+01:00,12.85,7.13
2024-01-16T13:28:00+01:00,25.15,13.35
2024-01-16T13:30:27+01:00,12.07,8.15
2024-01-16T13:33:03+01:00,12.57,6.72
2024-01-16T13:35:31+01:00,22.17,7.25
2024-01-16T13:37:58+01:00,8.9,5.78
2024-01-16T13:40:24+01:00,9.9,6.2
2024-01-16T13:42:50+01:00,14.95,6.68
2024-01-16T13:45:18+01:00,11.07,7.22
2024-01-16T13:47:49+01:00,12.23,7.6
2024-01-16T13:50:22+01:00,12.4,7.45
2024-01-16T13:52:49+01:00,8.2,5.63
2024-01-16T13:55:15+01:00,13.63,6.63
2024-01-16T13:57:43+01:00,14.18,6.45
2024-01-16T14:00:24+01:00,15.35,8.6
2024-01-16T14:02:51+01:00,17.92,7.0
2024-01-16T14:05:18+01:00,10.85,6.75
2024-01-16T14:07:44+01:00,10.02,5.35
2024-01-16T14:10:12+01:00,10.52,6.5
2024-01-16T14:12:41+01:00,7.5,5.4
2024-01-16T14:15:07+01:00,18.83,7.25
2024-01-16T14:17:34+01:00,7.68,3.7
2024-01-16T14:20:01+01:00,7.4,3.13
2024-01-16T14:22:28+01:00,5.55,2.88
2024-01-16T14:24:54+01:00,6.93,4.22
2024-01-16T14:27:22+01:00,7.1,3.53
2024-01-16T14:29:48+01:00,7.88,4.28
2024-01-16T14:32:14+01:00,12.77,5.18
2024-01-16T14:34:40+01:00,22.45,5.05
2024-01-16T14:37:11+01:00,7.78,3.6
2024-01-16T14:39:40+01:00,5.47,4.07
2024-01-16T14:42:06+01:00,19.45,10.23
2024-01-16T14:44:32+01:00,30.83,16.5
2024-01-16T14:46:58+01:00,26.05,17.2
2024-01-16T14:49:25+01:00,26.83,17.4
2024-01-16T14:51:51+01:00,27.08,14.85
2024-01-16T14:54:17+01:00,37.97,21.9
2024-01-16T14:56:43+01:00,34.45,22.65
2024-01-16T14:59:09+01:00,36.72,24.95
2024-01-16T15:01:35+01:00,17.35,11.9
2024-01-16T15:04:01+01:00,61.38,20.25
2024-01-16T15:06:27+01:00,37.58,24.15
2024-01-16T15:08:53+01:00,34.58,23.23
2024-01-16T15:11:19+01:00,34.97,22.17
2024-01-16T15:13:45+01:00,57.3,25.7
2024-01-16T15:16:11+01:00,34.03,22.08
2024-01-16T15:18:38+01:00,32.9,19.8
2024-01-16T15:21:04+01:00,30.95,19.35
2024-01-16T15:23:30+01:00,10.63,6.2
2024-01-16T15:25:57+01:00,14.5,5.82
2024-01-16T15:28:24+01:00,12.6,7.05
2024-01-16T15:30:52+01:00,10.1,4.6
2024-01-16T15:33:18+01:00,8.43,4.35
2024-01-16T15:35:44+01:00,14.38,6.3
2024-01-16T15:38:10+01:00,19.67,6.13
2024-01-16T15:40:36+01:00,14.43,7.3
2024-01-16T15:43:02+01:00,15.85,6.97
2024-01-16T15:45:29+01:00,8.82,5.2
2024-01-16T15:47:56+01:00,20.0,9.52
2024-01-16T15:50:23+01:00,17.38,6.1
2024-01-16T15:52:49+01:00,9.35,4.63
2024-01-16T15:55:16+01:00,7.6,4.35
2024-01-16T15:57:42+01:00,31.35,14.68
2024-01-16T16:00:10+01:00,40.53,19.98
2024-01-16T16:02:49+01:00,34.97,13.7
2024-01-16T16:05:15+01:00,24.23,8.35
2024-01-16T16:07:42+01:00,24.45,6.3
2024-01-16T16:10:08+01:00,35.95,16.92
2024-01-16T16:12:37+01:00,25.0,5.8
2024-01-16T16:15:03+01:00,17.17,5.4
2024-01-16T16:17:30+01:00,11.52,4.4
2024-01-16T16:19:56+01:00,13.88,5.1
2024-01-16T16:22:22+01:00,13.02,5.5
2024-01-16T16:24:49+01:00,18.23,5.72
2024-01-16T16:27:15+01:00,12.57,6.05
2024-01-16T16:29:41+01:00,11.98,5.78
2024-01-16T16:32:07+01:00,15.5,4.75
2024-01-16T16:34:33+01:00,9.9,4.57
2024-01-16T16:37:02+01:00,12.57,5.65
2024-01-16T16:39:28+01:00,16.2,5.03
2024-01-16T16:41:54+01:00,11.02,5.03
2024-01-16T16:44:20+01:00,9.65,5.1
2024-01-16T16:46:53+01:00,8.55,5.5
2024-01-16T16:49:20+01:00,21.0,5.4
2024-01-16T16:51:46+01:00,8.98,4.72
2024-01-16T16:54:12+01:00,8.85,5.8
2024-01-16T16:56:38+01:00,9.07,5.95
2024-01-16T16:59:04+01:00,11.1,5.7
2024-01-16T17:01:30+01:00,11.32,6.07
2024-01-16T17:03:57+01:00,8.18,5.5
2024-01-16T17:06:23+01:00,21.67,11.5
2024-01-16T17:08:49+01:00,34.33,13.4
2024-01-16T17:11:16+01:00,21.88,13.1
2024-01-16T17:13:42+01:00,28.4,17.7
2024-01-16T17:16:08+01:00,26.17,17.63
2024-01-16T17:18:34+01:00,44.63,18.48
2024-01-16T17:21:02+01:00,30.9,17.75
2024-01-16T17:23:29+01:00,23.27,15.18
2024-01-16T17:25:56+01:00,20.9,13.63
2024-01-16T17:28:23+01:00,18.42,11.75
2024-01-16T17:30:49+01:00,12.82,9.63
2024-01-16T17:33:15+01:00,17.8,11.25
2024-01-16T17:35:41+01:00,21.17,10.48
2024-01-16T17:38:09+01:00,23.95,12.85
2024-01-16T17:40:37+01:00,15.3,10.57
2024-01-16T17:43:04+01:00,19.98,7.88
2024-01-16T17:45:30+01:00,16.77,12.05
2024-01-16T17:47:56+01:00,25.4,11.57
2024-01-16T17:50:22+01:00,13.1,8.32
2024-01-16T17:52:48+01:00,16.65,9.4
2024-01-16T17:55:15+01:00,17.23,8.9
2024-01-16T17:57:41+01:00,17.52,8.8
2024-01-16T18:00:07+01:00,30.7,14.57
2024-01-16T18:02:34+01:00,21.25,12.57
2024-01-16T18:05:00+01:00,19.7,11.68
2024-01-16T18:07:28+01:00,17.95,11.25
2024-01-16T18:09:55+01:00,17.5,10.52
2024-01-16T18:12:21+01:00,50.78,13.57
2024-01-16T18:14:47+01:00,26.15,13.7
2024-01-16T18:17:13+01:00,40.1,14.88
2024-01-16T18:19:39+01:00,29.02,15.02
2024-01-16T18:22:05+01:00,33.8,13.2
2024-01-16T18:24:31+01:00,35.58,16.05
2024-01-16T18:26:59+01:00,26.25,16.48
2024-01-16T18:29:25+01:00,20.6,13.43
2024-01-16T18:31:51+01:00,44.65,22.83
2024-01-16T18:34:19+01:00,37.63,19.05
2024-01-16T18:36:45+01:00,34.4,19.17
2024-01-16T18:39:11+01:00,15.25,8.65
2024-01-16T18:41:40+01:00,15.75,9.05
2024-01-16T18:44:06+01:00,22.13,13.35
2024-01-16T18:46:34+01:00,28.7,11.75
2024-01-16T18:49:01+01:00,18.38,10.23
2024-01-16T18:51:27+01:00,21.45,10.1
2024-01-16T18:53:53+01:00,30.13,10.73
2024-01-16T18:56:19+01:00,16.42,10.07
2024-01-16T18:58:45+01:00,19.4,10.5
2024-01-16T19:01:11+01:00,25.27,15.13
2024-01-16T19:03:40+01:00,19.15,10.88
2024-01-16T19:06:07+01:00,17.02,10.9
2024-01-16T19:08:34+01:00,26.67,12.57
2024-01-16T19:11:02+01:00,21.58,12.38
2024-01-16T19:13:29+01:00,22.65,11.93
2024-01-16T19:15:56+01:00,18.48,11.45
2024-01-16T19:18:22+01:00,22.85,12.18
2024-01-16T19:20:49+01:00,21.02,12.2
2024-01-16T19:23:16+01:00,21.83,13.32
2024-01-16T19:25:44+01:00,27.5,14.3
2024-01-16T19:28:11+01:00,50.85,16.15
2024-01-16T19:30:38+01:00,29.25,14.2
2024-01-16T19:33:04+01:00,22.13,13.25
2024-01-16T19:35:30+01:00,31.0,18.23
2024-01-16T19:37:57+01:00,31.65,19.45
2024-01-16T19:40:23+01:00,39.75,25.0
2024-01-16T19:42:50+01:00,38.88,25.73
2024-01-16T19:45:17+01:00,45.25,28.15
2024-01-16T19:47:43+01:00,52.92,30.65
2024-01-16T19:50:10+01:00,56.7,32.42
2024-01-16T19:52:37+01:00,62.53,37.83
2024-01-16T19:55:08+01:00,62.03,38.13
2024-01-16T19:57:40+01:00,55.65,37.35
2024-01-16T20:00:06+01:00,51.33,34.1
2024-01-16T20:02:39+01:00,63.5,38.35
2024-01-16T20:05:05+01:00,61.55,38.9
2024-01-16T20:07:32+01:00,79.25,46.3
2024-01-16T20:09:59+01:00,79.03,48.88
2024-01-16T20:12:26+01:00,73.03,46.9
2024-01-16T20:14:52+01:00,100.15,57.72
2024-01-16T20:17:19+01:00,90.2,56.88
2024-01-16T20:19:45+01:00,95.97,60.08
2024-01-16T20:22:11+01:00,85.57,54.15
2024-01-16T20:24:37+01:00,84.85,54.75
2024-01-16T20:27:03+01:00,64.7,30.05
2024-01-16T20:29:30+01:00,83.68,30.02
2024-01-16T20:31:57+01:00,72.8,30.27
2024-01-16T20:34:23+01:00,108.43,65.3
2024-01-16T20:36:50+01:00,129.77,76.4
2024-01-16T20:39:17+01:00,95.9,37.45
2024-01-16T20:41:46+01:00,80.75,34.08
2024-01-16T20:44:12+01:00,132.98,81.55
2024-01-16T20:46:42+01:00,136.48,81.63
2024-01-16T20:49:08+01:00,118.15,74.35
2024-01-16T20:51:38+01:00,63.63,25.7
2024-01-16T20:54:04+01:00,74.85,31.73
2024-01-16T20:56:32+01:00,101.22,39.47
2024-01-16T20:58:58+01:00,97.25,40.28
2024-01-16T21:01:30+01:00,100.85,39.0
2024-01-16T21:04:00+01:00,81.22,34.8
2024-01-16T21:06:29+01:00,88.05,36.25
2024-01-16T21:08:56+01:00,86.15,38.33
2024-01-16T21:11:30+01:00,71.43,28.8
2024-01-16T21:13:57+01:00,110.85,73.03
2024-01-16T21:16:27+01:00,119.13,74.07
2024-01-16T21:18:53+01:00,106.15,71.15
2024-01-16T21:21:23+01:00,105.38,69.18
2024-01-16T21:23:49+01:00,64.47,29.9
2024-01-16T21:26:19+01:00,74.68,29.98
2024-01-16T21:28:45+01:00,73.53,28.15
2024-01-16T21:31:12+01:00,94.97,61.05
2024-01-16T21:33:41+01:00,113.75,71.22
2024-01-16T21:36:25+01:00,68.13,29.23
2024-01-16T21:38:52+01:00,78.88,32.0
2024-01-16T21:41:18+01:00,133.7,53.22
2024-01-16T21:43:44+01:00,157.0,63.5
2024-01-16T21:46:10+01:00,121.32,51.3
2024-01-16T21:48:36+01:00,221.05,139.88
2024-01-16T21:51:04+01:00,233.95,150.88
2024-01-16T21:53:30+01:00,254.32,156.73
2024-01-16T21:55:57+01:00,247.2,148.98
2024-01-16T21:58:23+01:00,159.35,64.05
2024-01-16T22:00:50+01:00,149.05,57.22
2024-01-16T22:03:16+01:00,124.65,48.55
2024-01-16T22:05:46+01:00,95.65,41.05
2024-01-16T22:08:13+01:00,123.53,72.88
2024-01-16T22:10:39+01:00,78.32,28.35
2024-01-16T22:13:06+01:00,82.03,32.17
2024-01-16T22:15:32+01:00,79.03,35.28
2024-01-16T22:17:58+01:00,96.85,34.85
2024-01-16T22:20:24+01:00,81.78,31.6
2024-01-16T22:22:51+01:00,82.13,30.5
2024-01-16T22:25:20+01:00,101.85,38.97
2024-01-16T22:27:48+01:00,28.75,16.33
2024-01-16T22:30:14+01:00,71.93,27.83
2024-01-16T22:32:40+01:00,50.15,23.3
2024-01-16T22:35:09+01:00,73.55,32.6
2024-01-16T22:37:36+01:00,82.28,33.17
2024-01-16T22:40:02+01:00,95.2,36.08
2024-01-16T22:42:30+01:00,118.97,49.28
2024-01-16T22:44:56+01:00,144.98,55.58
2024-01-16T22:47:22+01:00,88.95,37.22
2024-01-16T22:49:49+01:00,55.03,23.95
2024-01-16T22:52:15+01:00,75.2,32.42
2024-01-16T22:54:41+01:00,76.65,31.17
2024-01-16T22:57:07+01:00,83.97,33.6
2024-01-16T22:59:34+01:00,65.45,28.08
2024-01-16T23:02:00+01:00,40.17,17.2
2024-01-16T23:04:26+01:00,46.88,20.95
2024-01-16T23:06:52+01:00,48.1,21.13
2024-01-16T23:09:19+01:00,44.5,23.85
2024-01-16T23:11:52+01:00,86.22,35.4
2024-01-16T23:14:18+01:00,89.35,35.17
2024-01-16T23:16:44+01:00,87.2,34.65
2024-01-16T23:19:10+01:00,80.0,33.47
2024-01-16T23:21:36+01:00,107.35,38.65
2024-01-16T23:24:03+01:00,99.82,37.65
2024-01-16T23:26:29+01:00,101.85,37.95
2024-01-16T23:28:56+01:00,147.43,90.65
2024-01-16T23:31:23+01:00,96.53,40.3
2024-01-16T23:33:49+01:00,130.23,46.63
2024-01-16T23:36:16+01:00,120.13,47.92
2024-01-16T23:38:42+01:00,71.22,30.38
2024-01-16T23:41:11+01:00,111.22,47.1
2024-01-16T23:43:37+01:00,102.7,39.42
2024-01-16T23:46:03+01:00,90.85,33.95
2024-01-16T23:48:29+01:00,98.45,40.85
2024-01-16T23:50:56+01:00,115.05,41.3
2024-01-16T23:53:22+01:00,105.4,41.03
2024-01-16T23:55:48+01:00,83.78,34.0
2024-01-16T23:58:14+01:00,97.28,36.15
2024-01-17T00:00:41+01:00,116.07,41.38
2024-01-17T00:03:07+01:00,99.22,37.45
2024-01-17T00:05:35+01:00,103.13,60.4
2024-01-17T00:08:01+01:00,40.9,18.8
2024-01-17T00:10:28+01:00,75.32,27.08
2024-01-17T00:12:54+01:00,46.97,21.15
2024-01-17T00:15:20+01:00,59.47,27.75
2024-01-17T00:17:46+01:00,105.9,40.97
2024-01-17T00:20:13+01:00,106.4,46.05
2024-01-17T00:22:42+01:00,79.4,32.97
2024-01-17T00:25:09+01:00,79.82,30.88
2024-01-17T00:27:36+01:00,85.3,34.3
2024-01-17T00:30:03+01:00,55.65,22.42
2024-01-17T00:32:29+01:00,34.22,15.07
2024-01-17T00:34:56+01:00,48.13,19.6
2024-01-17T00:37:23+01:00,40.85,17.0
2024-01-17T00:39:50+01:00,32.28,14.32
2024-01-17T00:42:17+01:00,32.97,16.65
2024-01-17T00:44:43+01:00,39.67,18.35
2024-01-17T00:47:09+01:00,35.78,15.18
2024-01-17T00:49:35+01:00,40.95,16.63
2024-01-17T00:52:03+01:00,34.58,15.7
2024-01-17T00:54:34+01:00,43.35,15.38
2024-01-17T00:57:01+01:00,45.1,19.15
2024-01-17T00:59:28+01:00,45.92,21.4
2024-01-17T01:01:54+01:00,68.85,24.33
2024-01-17T01:04:21+01:00,77.97,31.15
2024-01-17T01:06:47+01:00,83.22,34.9
2024-01-17T01:09:13+01:00,75.47,28.48
2024-01-17T01:11:40+01:00,84.93,30.1
2024-01-17T01:14:07+01:00,66.63,27.1
2024-01-17T01:16:33+01:00,76.22,28.85
2024-01-17T01:18:59+01:00,98.13,38.58
2024-01-17T01:21:26+01:00,69.95,28.92
2024-01-17T01:23:52+01:00,84.3,30.17
2024-01-17T01:26:18+01:00,63.83,26.1
2024-01-17T01:28:44+01:00,76.65,28.4
2024-01-17T01:31:10+01:00,67.6,27.77
2024-01-17T01:33:37+01:00,97.05,35.92
2024-01-17T01:36:03+01:00,73.72,29.98
2024-01-17T01:38:29+01:00,68.78,27.15
2024-01-17T01:40:58+01:00,86.47,32.83
2024-01-17T01:43:24+01:00,72.43,26.15
2024-01-17T01:45:50+01:00,78.53,31.02
2024-01-17T01:48:16+01:00,74.15,31.9
2024-01-17T01:50:43+01:00,83.4,31.35
2024-01-17T01:53:09+01:00,85.72,34.28
2024-01-17T01:55:35+01:00,81.5,34.63
2024-01-17T01:58:01+01:00,93.95,34.88
2024-01-17T02:00:28+01:00,94.65,34.47
2024-01-17T02:02:54+01:00,91.55,35.4
2024-01-17T02:05:20+01:00,127.6,47.17
2024-01-17T02:07:46+01:00,108.97,44.42
2024-01-17T02:10:16+01:00,103.68,43.25
2024-01-17T02:12:42+01:00,109.25,46.17
2024-01-17T02:15:09+01:00,75.63,34.3
2024-01-17T02:17:35+01:00,74.1,33.9
2024-01-17T02:20:01+01:00,93.9,35.92
2024-01-17T02:22:27+01:00,89.2,39.5
2024-01-17T02:24:53+01:00,75.47,31.55
2024-01-17T02:27:19+01:00,35.13,13.68
2024-01-17T02:29:45+01:00,81.03,36.42
2024-01-17T02:32:11+01:00,80.93,34.7
2024-01-17T02:34:37+01:00,94.43,35.97
2024-01-17T02:37:03+01:00,94.65,38.3
2024-01-17T02:39:29+01:00,86.18,36.05
2024-01-17T02:41:56+01:00,81.95,36.47
2024-01-17T02:44:22+01:00,77.28,34.63
2024-01-17T02:46:48+01:00,104.22,41.67
2024-01-17T02:49:15+01:00,94.55,40.97
2024-01-17T02:51:42+01:00,27.05,11.07
2024-01-17T02:54:11+01:00,14.63,8.2
2024-01-17T02:56:37+01:00,26.15,13.3
2024-01-17T02:59:04+01:00,46.72,20.05
2024-01-17T03:01:31+01:00,45.55,20.13
2024-01-17T03:03:57+01:00,57.92,26.05
2024-01-17T03:06:24+01:00,94.88,36.42
2024-01-17T03:08:52+01:00,98.53,37.72
2024-01-17T03:11:20+01:00,90.88,36.95
2024-01-17T03:13:46+01:00,87.6,39.1
2024-01-17T03:16:13+01:00,107.8,38.45
2024-01-17T03:18:39+01:00,71.93,29.7
2024-01-17T03:21:05+01:00,88.93,34.6
2024-01-17T03:23:31+01:00,57.25,25.58
2024-01-17T03:25:58+01:00,48.22,21.85
2024-01-17T03:28:25+01:00,42.05,20.05
2024-01-17T03:30:51+01:00,49.17,24.45
2024-01-17T03:33:18+01:00,61.45,27.75
2024-01-17T03:35:44+01:00,66.03,27.02
2024-01-17T03:38:10+01:00,56.42,23.75
2024-01-17T03:40:36+01:00,59.15,24.98
2024-01-17T03:43:03+01:00,63.67,25.02
2024-01-17T03:45:30+01:00,62.28,26.92
2024-01-17T03:47:56+01:00,56.08,22.35
2024-01-17T03:50:22+01:00,49.4,22.17
2024-01-17T03:52:49+01:00,40.25,19.23
2024-01-17T03:55:15+01:00,57.58,23.65
2024-01-17T03:57:42+01:00,39.15,19.92
2024-01-17T04:00:08+01:00,54.67,23.65
2024-01-17T04:02:37+01:00,53.0,23.42
2024-01-17T04:05:04+01:00,45.28,19.13
2024-01-17T04:07:31+01:00,53.42,23.27
2024-01-17T04:09:57+01:00,55.75,23.9
2024-01-17T04:12:23+01:00,57.85,26.0
2024-01-17T04:14:49+01:00,43.67,20.4
2024-01-17T04:17:15+01:00,51.83,21.83
2024-01-17T04:19:45+01:00,42.65,21.15
2024-01-17T04:22:11+01:00,29.83,15.32
2024-01-17T04:24:37+01:00,60.95,25.0
2024-01-17T04:27:04+01:00,37.17,17.7
2024-01-17T04:29:30+01:00,42.85,19.4
2024-01-17T04:31:56+01:00,61.15,26.6
2024-01-17T04:34:22+01:00,47.7,21.7
2024-01-17T04:36:48+01:00,15.15,10.18
2024-01-17T04:39:14+01:00,71.85,25.9
2024-01-17T04:41:40+01:00,49.38,23.05
2024-01-17T04:44:06+01:00,67.95,29.65
2024-01-17T04:46:32+01:00,95.78,33.95
2024-01-17T04:48:58+01:00,89.8,32.15
2024-01-17T04:51:25+01:00,71.07,27.7
2024-01-17T04:53:51+01:00,57.75,26.17
2024-01-17T04:56:17+01:00,63.78,28.15
2024-01-17T04:58:43+01:00,70.03,28.85
2024-01-17T05:01:12+01:00,58.1,27.85
2024-01-17T05:03:38+01:00,61.1,26.42
2024-01-17T05:06:05+01:00,56.17,21.35
2024-01-17T05:08:31+01:00,35.8,15.85
2024-01-17T05:10:58+01:00,56.3,23.3
2024-01-17T05:13:24+01:00,59.08,24.3
2024-01-17T05:15:50+01:00,56.7,25.73
2024-01-17T05:18:16+01:00,44.9,17.35
2024-01-17T05:20:42+01:00,38.38,18.52
2024-01-17T05:23:08+01:00,55.5,25.55
2024-01-17T05:25:35+01:00,45.88,20.45
2024-01-17T05:28:05+01:00,44.88,20.4
2024-01-17T05:30:31+01:00,46.42,20.05
2024-01-17T05:32:57+01:00,43.72,21.35
2024-01-17T05:35:23+01:00,43.42,20.92
2024-01-17T05:37:49+01:00,46.6,22.08
2024-01-17T05:40:15+01:00,46.15,22.73
2024-01-17T05:42:41+01:00,38.72,19.63
2024-01-17T05:45:09+01:00,41.28,20.27
2024-01-17T05:47:36+01:00,39.17,17.6
2024-01-17T05:50:02+01:00,46.97,21.5
2024-01-17T05:52:28+01:00,46.15,21.7
2024-01-17T05:54:55+01:00,29.6,16.1
2024-01-17T05:57:21+01:00,32.5,18.25
2024-01-17T05:59:47+01:00,57.25,22.85
2024-01-17T06:02:13+01:00,48.85,24.48
2024-01-17T06:04:39+01:00,49.08,23.52
2024-01-17T06:07:05+01:00,46.5,23.15
2024-01-17T06:09:33+01:00,45.63,20.6
2024-01-17T06:12:00+01:00,60.33,21.98
2024-01-17T06:14:26+01:00,53.17,25.58
2024-01-17T06:16:52+01:00,44.83,20.85
2024-01-17T06:19:18+01:00,53.6,21.15
2024-01-17T06:21:44+01:00,55.17,23.75
2024-01-17T06:24:10+01:00,54.13,24.0
2024-01-17T06:26:36+01:00,26.98,16.67
2024-01-17T06:29:02+01:00,50.22,22.23
2024-01-17T06:31:28+01:00,53.1,23.5
2024-01-17T06:33:54+01:00,50.58,23.77
2024-01-17T06:36:20+01:00,60.28,25.1
2024-01-17T06:38:47+01:00,106.82,37.92
2024-01-17T06:41:13+01:00,66.5,28.33
2024-01-17T06:43:39+01:00,14.82,7.43
2024-01-17T06:46:05+01:00,19.23,9.35
2024-01-17T06:48:31+01:00,74.8,31.48
2024-01-17T06:50:57+01:00,69.63,32.53
2024-01-17T06:53:23+01:00,55.28,26.15
2024-01-17T06:55:49+01:00,61.2,25.92
2024-01-17T06:58:17+01:00,73.72,30.35
2024-01-17T07:00:43+01:00,63.33,26.48
2024-01-17T07:03:09+01:00,48.3,22.73
2024-01-17T07:05:35+01:00,60.3,28.23
2024-01-17T07:08:02+01:00,15.77,10.55
2024-01-17T07:10:28+01:00,86.47,34.97
2024-01-17T07:12:54+01:00,63.33,28.9
2024-01-17T07:15:20+01:00,65.9,26.5
2024-01-17T07:17:46+01:00,76.93,29.88
2024-01-17T07:20:12+01:00,78.95,30.55
2024-01-17T07:22:39+01:00,59.13,25.48
2024-01-17T07:25:05+01:00,41.92,19.63
2024-01-17T07:27:32+01:00,52.9,24.52
2024-01-17T07:29:58+01:00,52.97,22.38
2024-01-17T07:32:24+01:00,57.83,25.5
2024-01-17T07:34:50+01:00,44.9,21.02
2024-01-17T07:37:16+01:00,54.0,25.17
2024-01-17T07:39:42+01:00,55.03,24.2
2024-01-17T07:42:09+01:00,59.35,24.92
2024-01-17T07:44:35+01:00,51.75,25.42
2024-01-17T07:47:01+01:00,29.75,14.6
2024-01-17T07:49:28+01:00,27.05,13.73
2024-01-17T07:51:58+01:00,56.67,26.75
2024-01-17T07:54:24+01:00,60.83,27.23
2024-01-17T07:56:51+01:00,72.5,27.55
2024-01-17T07:59:17+01:00,78.1,54.97
2024-01-17T08:01:43+01:00,73.3,48.25
2024-01-17T08:04:09+01:00,71.47,49.17
2024-01-17T08:06:36+01:00,112.47,64.65
2024-01-17T08:09:02+01:00,92.15,57.08
2024-01-17T08:11:28+01:00,130.02,65.57
2024-01-17T08:13:54+01:00,122.53,66.25
2024-01-17T08:16:20+01:00,93.2,54.65
2024-01-17T08:18:47+01:00,96.45,55.78
2024-01-17T08:21:13+01:00,72.75,43.85
2024-01-17T08:23:39+01:00,68.5,41.35
2024-01-17T08:26:07+01:00,61.45,44.75
2024-01-17T08:28:33+01:00,61.75,43.58
2024-01-17T08:30:59+01:00,66.93,44.85
2024-01-17T08:33:25+01:00,71.6,48.67
2024-01-17T08:35:51+01:00,63.83,44.88
2024-01-17T08:38:17+01:00,83.82,56.08
2024-01-17T08:40:43+01:00,72.6,51.4
2024-01-17T08:43:09+01:00,79.93,53.22
2024-01-17T08:45:36+01:00,68.7,47.03
2024-01-17T08:48:02+01:00,65.82,46.15
2024-01-17T08:50:28+01:00,68.38,47.9
2024-01-17T08:52:54+01:00,77.03,52.7
2024-01-17T08:55:20+01:00,98.9,61.13
2024-01-17T08:57:46+01:00,96.28,61.05
2024-01-17T09:00:12+01:00,82.1,54.28
2024-01-17T09:02:39+01:00,82.7,56.1
2024-01-17T09:05:05+01:00,87.28,56.78
2024-01-17T09:07:32+01:00,84.97,57.42
2024-01-17T09:09:58+01:00,83.53,58.1
2024-01-17T09:12:24+01:00,70.88,52.4
2024-01-17T09:14:50+01:00,77.3,53.75
2024-01-17T09:17:16+01:00,78.93,54.38
2024-01-17T09:19:42+01:00,102.88,66.68
2024-01-17T09:22:08+01:00,88.07,58.63
2024-01-17T09:24:35+01:00,109.75,62.22
2024-01-17T09:27:01+01:00,78.28,55.13
2024-01-17T09:29:28+01:00,80.78,55.67
2024-01-17T09:31:54+01:00,70.2,48.2
2024-01-17T09:34:20+01:00,54.7,41.42
2024-01-17T09:36:47+01:00,43.03,33.6
2024-01-17T09:39:13+01:00,48.33,34.58
2024-01-17T09:41:42+01:00,56.85,39.88
2024-01-17T09:44:11+01:00,58.88,36.58
2024-01-17T09:46:43+01:00,55.9,39.08
2024-01-17T09:49:10+01:00,62.25,40.8
2024-01-17T09:51:36+01:00,58.05,36.88
2024-01-17T09:54:02+01:00,57.38,36.2
2024-01-17T09:56:29+01:00,47.95,33.03
2024-01-17T09:58:55+01:00,53.33,37.42
2024-01-17T10:01:22+01:00,67.3,43.67
2024-01-17T10:03:48+01:00,69.9,47.78
2024-01-17T10:06:14+01:00,65.75,44.22
2024-01-17T10:08:40+01:00,64.7,42.45
2024-01-17T10:11:06+01:00,56.53,39.92
2024-01-17T10:13:33+01:00,80.5,57.45
2024-01-17T10:15:59+01:00,64.72,42.72
2024-01-17T10:18:25+01:00,52.95,41.92
2024-01-17T10:20:51+01:00,39.9,28.35
2024-01-17T10:23:18+01:00,39.47,28.55
2024-01-17T10:25:44+01:00,42.88,29.9
2024-01-17T10:28:10+01:00,37.65,27.75
2024-01-17T10:30:37+01:00,42.78,27.65
2024-01-17T10:33:03+01:00,47.75,31.1
2024-01-17T10:35:29+01:00,42.38,30.58
2024-01-17T10:38:00+01:00,39.9,26.83
2024-01-17T10:40:27+01:00,38.72,27.17
2024-01-17T10:42:53+01:00,35.45,24.95
2024-01-17T10:45:20+01:00,37.0,25.5
2024-01-17T10:47:47+01:00,37.15,25.77
2024-01-17T10:50:14+01:00,33.5,24.55
2024-01-17T10:52:40+01:00,36.63,27.25
2024-01-17T10:55:08+01:00,37.53,24.2
2024-01-17T10:57:36+01:00,40.17,25.98
2024-01-17T11:00:04+01:00,40.45,28.23
2024-01-17T11:02:36+01:00,36.9,24.23
2024-01-17T11:05:04+01:00,27.8,18.05
2024-01-17T11:07:32+01:00,26.2,18.6
2024-01-17T11:09:58+01:00,29.4,19.73
2024-01-17T11:12:24+01:00,29.9,22.1
2024-01-17T11:14:51+01:00,48.13,29.4
2024-01-17T11:17:17+01:00,37.33,26.0
2024-01-17T11:19:43+01:00,51.6,32.6
2024-01-17T11:22:09+01:00,45.03,30.6
2024-01-17T11:24:36+01:00,46.13,33.42
2024-01-17T11:27:03+01:00,42.72,29.45
2024-01-17T11:29:30+01:00,42.78,29.02
2024-01-17T11:31:57+01:00,44.65,32.08
2024-01-17T11:34:29+01:00,46.03,34.88
2024-01-17T11:36:56+01:00,70.8,37.83
2024-01-17T11:39:22+01:00,53.5,39.2
2024-01-17T11:41:50+01:00,49.55,36.63
2024-01-17T11:44:17+01:00,40.78,29.88
2024-01-17T11:46:46+01:00,33.45,24.77
2024-01-17T11:49:12+01:00,37.05,27.17
2024-01-17T11:51:38+01:00,34.95,26.58
2024-01-17T11:54:08+01:00,42.72,30.0
2024-01-17T11:56:37+01:00,44.3,31.67
2024-01-17T11:59:06+01:00,41.67,30.75
2024-01-17T12:01:34+01:00,50.28,34.25
2024-01-17T12:04:23+01:00,45.75,32.55
2024-01-17T12:06:48+01:00,40.05,29.95
2024-01-17T12:09:14+01:00,46.08,32.78
2024-01-17T12:11:42+01:00,45.8,32.42
2024-01-17T12:14:08+01:00,48.17,33.33
2024-01-17T12:16:34+01:00,52.3,36.08
2024-01-17T12:19:02+01:00,54.45,35.95
2024-01-17T12:21:29+01:00,47.0,32.13
2024-01-17T12:23:58+01:00,43.72,27.55
2024-01-17T12:26:34+01:00,43.88,29.65
2024-01-17T12:34:27+01:00,44.13,31.13
2024-01-17T12:36:53+01:00,51.03,34.63
2024-01-17T12:39:20+01:00,61.15,33.83
2024-01-17T12:41:50+01:00,52.08,37.85
2024-01-17T12:44:17+01:00,53.0,37.17
2024-01-17T12:46:50+01:00,50.4,34.7
2024-01-17T12:49:26+01:00,45.28,32.5
2024-01-17T12:51:53+01:00,51.67,34.58
2024-01-17T12:54:19+01:00,50.92,34.13
2024-01-17T12:56:45+01:00,48.95,32.88
2024-01-17T12:59:12+01:00,44.95,33.97
2024-01-17T13:01:39+01:00,49.65,36.05
2024-01-17T13:04:15+01:00,55.25,37.25
2024-01-17T13:06:48+01:00,63.58,39.15
2024-01-17T13:09:14+01:00,55.2,37.13
2024-01-17T13:11:43+01:00,52.22,36.78
2024-01-17T13:14:09+01:00,52.83,35.67
2024-01-17T13:16:36+01:00,59.42,36.97
2024-01-17T13:19:02+01:00,58.88,40.1
2024-01-17T13:21:29+01:00,50.0,34.22
2024-01-17T13:23:55+01:00,46.97,32.45
2024-01-17T13:26:21+01:00,43.35,28.3
2024-01-17T13:28:48+01:00,43.3,26.7
2024-01-17T13:31:14+01:00,42.13,28.83
2024-01-17T13:33:44+01:00,57.17,40.85
2024-01-17T13:36:11+01:00,49.63,32.75
2024-01-17T13:38:37+01:00,52.35,37.28
2024-01-17T13:41:06+01:00,42.5,30.63
2024-01-17T13:43:35+01:00,41.42,29.13
2024-01-17T13:46:02+01:00,39.88,27.05
2024-01-17T13:48:29+01:00,35.9,26.02
2024-01-17T13:50:55+01:00,52.2,36.2
2024-01-17T13:53:25+01:00,47.3,33.08
2024-01-17T13:55:55+01:00,51.08,32.72
2024-01-17T13:58:21+01:00,41.8,28.8
2024-01-17T14:00:50+01:00,70.38,46.6
2024-01-17T14:03:17+01:00,53.08,36.35
2024-01-17T14:05:44+01:00,48.65,34.53
2024-01-17T14:08:12+01:00,48.22,30.55
2024-01-17T14:10:38+01:00,52.45,32.1
2024-01-17T14:13:04+01:00,55.7,37.3
2024-01-17T14:15:33+01:00,53.22,34.45
2024-01-17T14:17:59+01:00,49.0,34.53
2024-01-17T14:20:25+01:00,46.92,33.8
2024-01-17T14:22:55+01:00,43.35,30.77
2024-01-17T14:25:22+01:00,54.2,34.45
2024-01-17T14:27:57+01:00,47.75,29.55
2024-01-17T14:30:25+01:00,40.75,25.55
2024-01-17T14:32:51+01:00,42.6,24.9
2024-01-17T14:35:17+01:00,37.65,24.5
2024-01-17T14:37:43+01:00,31.23,20.5
2024-01-17T14:40:10+01:00,40.58,23.17
2024-01-17T14:42:37+01:00,36.08,22.6
2024-01-17T14:45:03+01:00,37.45,23.9
2024-01-17T14:47:33+01:00,43.75,25.9
2024-01-17T14:49:59+01:00,36.85,27.13
2024-01-17T14:52:33+01:00,37.53,27.48
2024-01-17T14:55:02+01:00,43.35,28.45
2024-01-17T14:57:29+01:00,40.08,26.63
2024-01-17T14:59:55+01:00,36.2,26.73
2024-01-17T15:02:21+01:00,36.58,25.0
2024-01-17T15:04:48+01:00,37.88,27.63
2024-01-17T15:07:14+01:00,46.9,30.92
2024-01-17T15:09:40+01:00,46.65,29.1
2024-01-17T15:12:06+01:00,41.05,28.83
2024-01-17T15:14:35+01:00,50.47,31.33
2024-01-17T15:17:01+01:00,50.08,30.1
2024-01-17T15:19:29+01:00,53.88,33.47
2024-01-17T15:21:55+01:00,42.22,29.73
2024-01-17T15:24:22+01:00,44.83,29.45
2024-01-17T15:26:48+01:00,39.3,26.92
2024-01-17T15:29:14+01:00,46.3,27.73
2024-01-17T15:31:40+01:00,42.72,29.52
2024-01-17T15:34:06+01:00,44.97,30.77
2024-01-17T15:36:35+01:00,42.58,30.9
2024-01-17T15:39:01+01:00,49.08,32.05
2024-01-17T15:41:27+01:00,45.9,30.9
2024-01-17T15:43:53+01:00,54.3,33.58
2024-01-17T15:46:19+01:00,55.0,35.5
2024-01-17T15:48:45+01:00,57.3,35.33
2024-01-17T15:51:11+01:00,69.8,40.92
2024-01-17T15:53:38+01:00,85.6,51.08
2024-01-17T15:56:04+01:00,46.7,33.7
2024-01-17T15:58:30+01:00,48.08,32.63
2024-01-17T16:00:56+01:00,57.03,32.45
2024-01-17T16:03:25+01:00,50.2,32.88
2024-01-17T16:05:52+01:00,59.63,33.92
2024-01-17T16:08:18+01:00,60.55,34.9
2024-01-17T16:10:44+01:00,47.83,32.3
2024-01-17T16:13:11+01:00,53.03,33.35
2024-01-17T16:15:37+01:00,54.28,36.47
2024-01-17T16:18:03+01:00,47.97,33.53
2024-01-17T16:20:31+01:00,48.88,35.05
2024-01-17T16:22:57+01:00,51.25,34.53
2024-01-17T16:25:23+01:00,68.28,46.08
2024-01-17T16:27:49+01:00,59.05,40.17
2024-01-17T16:30:16+01:00,54.3,36.22
2024-01-17T16:32:42+01:00,55.9,37.97
2024-01-17T16:35:09+01:00,63.6,44.2
2024-01-17T16:37:35+01:00,59.0,38.47
2024-01-17T16:40:05+01:00,51.58,35.9
2024-01-17T16:42:35+01:00,52.05,33.0
2024-01-17T16:45:01+01:00,53.33,33.5
2024-01-17T16:47:28+01:00,48.9,35.53
2024-01-17T16:49:54+01:00,59.9,35.9
2024-01-17T16:52:20+01:00,53.33,34.33
2024-01-17T16:54:46+01:00,52.58,36.4
2024-01-17T16:57:12+01:00,73.6,44.47
2024-01-17T16:59:38+01:00,181.02,74.5
2024-01-17T17:02:05+01:00,236.23,95.65
2024-01-17T17:04:31+01:00,183.27,84.45
2024-01-17T17:07:01+01:00,182.5,83.7
2024-01-17T17:09:27+01:00,135.02,63.53
2024-01-17T17:11:53+01:00,103.63,51.05
2024-01-17T17:14:19+01:00,66.38,40.97
2024-01-17T17:16:48+01:00,138.82,67.4
2024-01-17T17:19:15+01:00,184.65,77.97
2024-01-17T17:21:41+01:00,186.32,78.7
2024-01-17T17:24:07+01:00,149.9,68.28
2024-01-17T17:26:41+01:00,218.9,92.7
2024-01-17T17:29:08+01:00,154.9,68.07
2024-01-17T17:31:34+01:00,140.35,66.68
2024-01-17T17:34:00+01:00,136.32,60.75
2024-01-17T17:36:26+01:00,117.4,62.22
2024-01-17T17:38:52+01:00,124.7,60.47
2024-01-17T17:41:19+01:00,120.95,61.15
2024-01-17T17:43:45+01:00,111.63,58.75
2024-01-17T17:46:11+01:00,101.8,55.15
2024-01-17T17:48:37+01:00,113.72,54.72
2024-01-17T17:51:04+01:00,126.75,63.35
2024-01-17T17:53:32+01:00,141.38,65.9
2024-01-17T17:55:58+01:00,146.98,69.25
2024-01-17T17:58:25+01:00,124.65,63.53
2024-01-17T18:00:51+01:00,111.07,55.92
2024-01-17T18:03:20+01:00,99.75,54.05
2024-01-17T18:05:46+01:00,92.38,50.92
2024-01-17T18:08:12+01:00,77.6,47.17
2024-01-17T18:10:38+01:00,72.07,44.35
2024-01-17T18:13:04+01:00,84.25,47.25
2024-01-17T18:15:31+01:00,89.05,51.6
2024-01-17T18:17:57+01:00,134.07,83.38
2024-01-17T18:20:23+01:00,88.1,47.95
2024-01-17T18:22:51+01:00,148.77,88.05
2024-01-17T18:25:17+01:00,160.8,96.18
2024-01-17T18:27:44+01:00,144.52,92.57
2024-01-17T18:30:14+01:00,143.25,84.03
2024-01-17T18:32:41+01:00,124.13,79.97
2024-01-17T18:35:07+01:00,121.03,79.93
2024-01-17T18:37:34+01:00,122.1,78.28
2024-01-17T18:40:00+01:00,136.27,83.97
2024-01-17T18:42:27+01:00,125.57,76.82
2024-01-17T18:44:53+01:00,139.2,85.68
2024-01-17T18:47:19+01:00,128.38,85.25
2024-01-17T18:49:45+01:00,138.82,89.65
2024-01-17T18:52:11+01:00,124.13,78.28
2024-01-17T18:54:37+01:00,112.1,74.05
2024-01-17T18:57:03+01:00,107.75,69.57
2024-01-17T18:59:29+01:00,113.43,70.85
2024-01-17T19:01:55+01:00,117.45,75.0
2024-01-17T19:04:22+01:00,127.65,77.93
2024-01-17T19:06:52+01:00,133.45,82.7
2024-01-17T19:09:18+01:00,127.63,79.38
2024-01-17T19:11:45+01:00,131.05,78.35
2024-01-17T19:14:11+01:00,123.15,79.57
2024-01-17T19:16:38+01:00,125.0,78.43
2024-01-17T19:19:04+01:00,139.05,82.75
2024-01-17T19:21:30+01:00,131.57,80.93
2024-01-17T19:24:00+01:00,130.23,79.88
2024-01-17T19:26:26+01:00,112.43,70.03
2024-01-17T19:28:52+01:00,93.75,60.08
2024-01-17T19:31:18+01:00,117.5,69.25
2024-01-17T19:33:44+01:00,125.65,77.85
2024-01-17T19:36:11+01:00,133.52,84.7
2024-01-17T19:38:37+01:00,128.88,82.2
2024-01-17T19:41:03+01:00,130.9,87.88
2024-01-17T19:43:32+01:00,124.75,83.82
2024-01-17T19:45:59+01:00,122.13,77.53
2024-01-17T19:48:25+01:00,116.55,75.8
2024-01-17T19:50:51+01:00,129.2,76.65
2024-01-17T19:53:17+01:00,107.15,71.3
2024-01-17T19:55:43+01:00,108.65,67.82
2024-01-17T19:58:13+01:00,116.45,75.05
2024-01-17T20:00:39+01:00,122.82,77.82
2024-01-17T20:03:05+01:00,109.5,70.57
2024-01-17T20:05:33+01:00,108.9,69.3
2024-01-17T20:08:02+01:00,105.93,68.97
2024-01-17T20:10:29+01:00,104.55,65.05
2024-01-17T20:12:55+01:00,108.72,67.22
2024-01-17T20:15:21+01:00,116.3,69.45
2024-01-17T20:17:47+01:00,120.3,70.07
2024-01-17T20:20:13+01:00,215.13,133.32
2024-01-17T20:22:39+01:00,123.0,77.13
2024-01-17T20:25:05+01:00,136.1,83.53
2024-01-17T20:27:31+01:00,133.63,86.0
2024-01-17T20:29:58+01:00,136.6,86.0
2024-01-17T20:32:24+01:00,173.13,108.68
2024-01-17T20:34:50+01:00,197.57,122.72
2024-01-17T20:37:17+01:00,151.4,92.63
2024-01-17T20:39:43+01:00,160.6,100.18
2024-01-17T20:42:10+01:00,139.98,85.5
2024-01-17T20:44:37+01:00,121.68,79.57
2024-01-17T20:47:03+01:00,141.18,89.28
2024-01-17T20:49:29+01:00,156.8,97.78
2024-01-17T20:51:56+01:00,187.07,112.95
2024-01-17T20:54:22+01:00,225.35,135.13
2024-01-17T20:56:48+01:00,266.48,156.5
2024-01-17T20:59:14+01:00,247.25,143.63
2024-01-17T21:01:40+01:00,204.32,122.45
2024-01-17T21:04:06+01:00,205.45,125.38
2024-01-17T21:06:32+01:00,181.73,113.45
2024-01-17T21:08:58+01:00,181.75,116.63
2024-01-17T21:11:24+01:00,217.57,125.53
2024-01-17T21:13:52+01:00,227.27,134.95
2024-01-17T21:16:18+01:00,222.18,143.13
2024-01-17T21:18:44+01:00,216.05,135.93
2024-01-17T21:21:17+01:00,213.18,132.57
2024-01-17T21:23:44+01:00,220.05,139.05
2024-01-17T21:26:10+01:00,209.0,135.3
2024-01-17T21:28:36+01:00,219.27,140.05
2024-01-17T21:31:04+01:00,216.77,139.85
2024-01-17T21:33:30+01:00,217.75,143.25
2024-01-17T21:35:56+01:00,292.63,203.48
2024-01-17T21:38:23+01:00,276.88,188.55
2024-01-17T21:40:49+01:00,292.35,200.5
2024-01-17T21:43:15+01:00,301.17,211.85
2024-01-17T21:45:43+01:00,299.13,208.95
2024-01-17T21:48:09+01:00,276.13,188.75
2024-01-17T21:50:35+01:00,292.8,199.27
2024-01-17T21:53:02+01:00,326.42,227.2
2024-01-17T21:55:28+01:00,361.7,258.92
2024-01-17T21:57:54+01:00,322.25,217.7
2024-01-17T22:00:20+01:00,307.67,213.18
2024-01-17T22:02:47+01:00,297.05,206.9
2024-01-17T22:05:14+01:00,295.2,204.32
2024-01-17T22:07:41+01:00,279.42,193.2
2024-01-17T22:10:07+01:00,275.63,191.32
2024-01-17T22:12:35+01:00,279.95,191.73
2024-01-17T22:15:02+01:00,244.0,161.93
2024-01-17T22:17:29+01:00,245.23,167.45
2024-01-17T22:19:55+01:00,286.88,187.32
2024-01-17T22:22:22+01:00,420.5,268.67
2024-01-17T22:24:48+01:00,353.35,216.65
2024-01-17T22:27:14+01:00,334.35,210.05
2024-01-17T22:29:40+01:00,302.8,185.32
2024-01-17T22:32:07+01:00,327.73,205.2
2024-01-17T22:34:33+01:00,261.0,162.68
2024-01-17T22:36:59+01:00,221.18,136.85
2024-01-17T22:39:25+01:00,218.05,137.3
2024-01-17T22:41:51+01:00,227.93,142.73
2024-01-17T22:44:20+01:00,248.3,149.13
2024-01-17T22:46:46+01:00,232.02,145.68
2024-01-17T22:49:12+01:00,288.7,178.1
2024-01-17T22:51:41+01:00,283.5,182.45
2024-01-17T22:54:07+01:00,293.23,189.35
2024-01-17T22:56:33+01:00,243.4,158.6
2024-01-17T22:58:59+01:00,266.17,165.55
2024-01-17T23:01:25+01:00,275.35,177.93
2024-01-17T23:03:52+01:00,243.82,160.6
2024-01-17T23:06:18+01:00,257.85,166.82
2024-01-17T23:08:44+01:00,245.75,165.15
2024-01-17T23:11:10+01:00,275.92,182.4
2024-01-17T23:13:36+01:00,277.77,188.52
2024-01-17T23:16:02+01:00,266.05,182.23
2024-01-17T23:18:28+01:00,259.23,175.0
2024-01-17T23:20:54+01:00,292.65,195.35
2024-01-17T23:23:20+01:00,224.88,150.6
2024-01-17T23:25:46+01:00,203.3,136.77
2024-01-17T23:28:12+01:00,225.38,145.6
2024-01-17T23:30:39+01:00,258.92,167.15
2024-01-17T23:33:05+01:00,257.08,166.68
2024-01-17T23:35:31+01:00,267.85,172.75
2024-01-17T23:37:57+01:00,269.7,177.18
2024-01-17T23:40:23+01:00,261.3,171.35
2024-01-17T23:42:49+01:00,262.7,170.02
2024-01-17T23:45:15+01:00,261.38,168.1
2024-01-17T23:47:41+01:00,258.75,166.55
2024-01-17T23:50:07+01:00,241.15,157.77
2024-01-17T23:52:35+01:00,234.13,152.63
2024-01-17T23:55:01+01:00,235.07,148.15
2024-01-17T23:57:28+01:00,235.98,151.88
2024-01-17T23:59:54+01:00,227.9,147.15
2024-01-18T00:02:20+01:00,225.68,146.6
2024-01-18T00:04:46+01:00,218.65,142.0
2024-01-18T00:07:12+01:00,215.15,142.15
2024-01-18T00:09:38+01:00,206.85,136.9
2024-01-18T00:12:04+01:00,208.5,134.77
2024-01-18T00:14:30+01:00,197.13,132.23
2024-01-18T00:16:56+01:00,185.45,122.95
2024-01-18T00:19:22+01:00,188.52,123.15
2024-01-18T00:21:49+01:00,166.57,113.15
2024-01-18T00:24:15+01:00,132.38,88.07
2024-01-18T00:26:44+01:00,157.25,100.05
2024-01-18T00:29:11+01:00,113.63,74.13
2024-01-18T00:31:37+01:00,99.47,65.55
2024-01-18T00:34:03+01:00,123.5,86.07
2024-01-18T00:36:29+01:00,123.13,81.8
2024-01-18T00:38:55+01:00,100.45,68.15
2024-01-18T00:41:23+01:00,108.55,71.93
2024-01-18T00:43:49+01:00,92.45,64.9
2024-01-18T00:46:15+01:00,104.22,70.97
2024-01-18T00:48:41+01:00,110.8,71.95
2024-01-18T00:51:07+01:00,100.1,72.55
2024-01-18T00:53:33+01:00,109.82,76.68
2024-01-18T00:55:59+01:00,111.9,77.0
2024-01-18T00:58:26+01:00,127.53,91.13
2024-01-18T01:00:52+01:00,128.63,90.65
2024-01-18T01:03:18+01:00,138.27,97.25
2024-01-18T01:05:44+01:00,153.73,109.68
2024-01-18T01:08:10+01:00,163.63,110.28
2024-01-18T01:10:36+01:00,149.95,106.28
2024-01-18T01:13:02+01:00,172.45,120.15
2024-01-18T01:15:28+01:00,167.6,112.82
2024-01-18T01:17:54+01:00,126.72,87.43
2024-01-18T01:20:20+01:00,128.73,89.07
2024-01-18T01:22:49+01:00,100.38,70.6
2024-01-18T01:25:15+01:00,137.0,95.47
2024-01-18T01:27:41+01:00,156.6,106.53
2024-01-18T01:30:07+01:00,147.3,97.15
2024-01-18T01:32:33+01:00,148.8,100.53
2024-01-18T01:34:59+01:00,144.55,96.3
2024-01-18T01:37:25+01:00,134.52,90.2
2024-01-18T01:39:51+01:00,111.8,75.1
2024-01-18T01:42:17+01:00,111.3,75.85
2024-01-18T01:44:43+01:00,128.3,86.05
2024-01-18T01:47:10+01:00,123.35,82.0
2024-01-18T01:49:36+01:00,126.8,83.63
2024-01-18T01:52:02+01:00,132.43,88.63
2024-01-18T01:54:29+01:00,132.57,87.15
2024-01-18T01:56:55+01:00,133.75,85.93
2024-01-18T01:59:21+01:00,109.5,72.57
2024-01-18T02:01:47+01:00,108.07,73.47
2024-01-18T02:04:13+01:00,120.15,79.82
2024-01-18T02:06:39+01:00,118.5,78.55
2024-01-18T02:09:05+01:00,117.78,78.32
2024-01-18T02:11:31+01:00,113.07,77.78
2024-01-18T02:13:57+01:00,139.15,92.1
2024-01-18T02:16:23+01:00,139.77,96.45
2024-01-18T02:18:49+01:00,130.65,90.38
2024-01-18T02:21:15+01:00,132.6,91.1
2024-01-18T02:23:41+01:00,122.72,83.5
2024-01-18T02:26:13+01:00,125.2,83.22
2024-01-18T02:28:40+01:00,111.53,78.32
2024-01-18T02:31:06+01:00,107.6,75.63
2024-01-18T02:33:32+01:00,103.75,75.55
2024-01-18T02:35:58+01:00,104.9,74.6
2024-01-18T02:38:24+01:00,107.05,76.22
2024-01-18T02:40:50+01:00,116.0,79.7
2024-01-18T02:43:16+01:00,114.35,80.6
2024-01-18T02:45:43+01:00,114.88,79.18
2024-01-18T02:48:09+01:00,108.1,74.88
2024-01-18T02:50:36+01:00,102.45,71.68
2024-01-18T02:53:02+01:00,105.18,71.32
2024-01-18T02:55:29+01:00,99.85,69.55
2024-01-18T02:57:55+01:00,99.38,66.72
2024-01-18T03:00:21+01:00,93.15,65.93
2024-01-18T03:02:47+01:00,92.32,64.95
2024-01-18T03:05:14+01:00,85.75,61.17
2024-01-18T03:07:40+01:00,90.38,63.33
2024-01-18T03:10:06+01:00,91.5,66.5
2024-01-18T03:12:32+01:00,88.75,64.38
2024-01-18T03:14:58+01:00,79.38,58.6
2024-01-18T03:17:25+01:00,80.03,57.5
2024-01-18T03:19:51+01:00,81.55,58.08
2024-01-18T03:22:17+01:00,88.22,61.42
2024-01-18T03:24:50+01:00,81.5,57.63
2024-01-18T03:27:16+01:00,89.13,64.07
2024-01-18T03:29:44+01:00,119.35,84.22
2024-01-18T03:32:10+01:00,117.28,80.53
2024-01-18T03:34:37+01:00,93.93,65.15
2024-01-18T03:37:05+01:00,84.1,59.42
2024-01-18T03:39:31+01:00,83.97,59.08
2024-01-18T03:41:57+01:00,86.28,62.88
2024-01-18T03:44:24+01:00,88.15,61.17
2024-01-18T03:46:50+01:00,91.65,64.97
2024-01-18T03:49:17+01:00,87.4,61.9
2024-01-18T03:51:43+01:00,84.32,60.05
2024-01-18T03:54:10+01:00,84.6,60.67
2024-01-18T03:56:36+01:00,88.93,62.1
2024-01-18T03:59:05+01:00,98.25,68.22
2024-01-18T04:01:31+01:00,96.18,66.25
2024-01-18T04:03:57+01:00,94.07,67.03
2024-01-18T04:06:23+01:00,90.18,62.63
2024-01-18T04:08:49+01:00,95.88,64.5
2024-01-18T04:11:15+01:00,89.45,64.78
2024-01-18T04:13:42+01:00,90.85,64.03
2024-01-18T04:16:08+01:00,87.72,62.13
2024-01-18T04:18:34+01:00,77.5,56.25
2024-01-18T04:21:09+01:00,68.9,50.28
2024-01-18T04:23:36+01:00,75.68,55.03
2024-01-18T04:26:02+01:00,98.1,72.9
2024-01-18T04:28:28+01:00,96.07,67.7
2024-01-18T04:30:55+01:00,95.78,66.03
2024-01-18T04:33:21+01:00,91.65,64.32
2024-01-18T04:35:47+01:00,79.95,58.28
2024-01-18T04:38:13+01:00,83.2,54.85
2024-01-18T04:40:39+01:00,68.7,51.53
2024-01-18T04:43:05+01:00,79.15,55.53
2024-01-18T04:45:31+01:00,75.43,57.1
2024-01-18T04:47:57+01:00,68.43,52.42
2024-01-18T04:50:23+01:00,69.88,52.58
2024-01-18T04:52:49+01:00,69.1,50.7
2024-01-18T04:55:15+01:00,70.6,50.83
2024-01-18T04:57:41+01:00,66.9,49.45
2024-01-18T05:00:08+01:00,68.13,48.97
2024-01-18T05:02:40+01:00,66.65,50.13
2024-01-18T05:05:08+01:00,72.55,54.75
2024-01-18T05:07:34+01:00,67.68,51.05
2024-01-18T05:10:03+01:00,64.68,49.85
2024-01-18T05:12:29+01:00,81.1,55.65
2024-01-18T05:14:55+01:00,75.65,54.03
2024-01-18T05:17:21+01:00,73.22,52.83
2024-01-18T05:19:47+01:00,70.25,50.75
2024-01-18T05:22:13+01:00,68.0,52.03
2024-01-18T05:24:39+01:00,72.45,55.55
2024-01-18T05:27:05+01:00,69.07,51.0
2024-01-18T05:29:32+01:00,82.65,58.13
2024-01-18T05:31:58+01:00,95.43,64.18
2024-01-18T05:34:24+01:00,97.8,64.28
2024-01-18T05:36:50+01:00,92.65,63.65
2024-01-18T05:39:16+01:00,99.85,64.88
2024-01-18T05:41:43+01:00,116.72,72.63
2024-01-18T05:44:09+01:00,87.0,61.7
2024-01-18T05:46:35+01:00,93.4,62.03
2024-01-18T05:49:01+01:00,96.63,64.93
2024-01-18T05:51:27+01:00,101.2,67.82
2024-01-18T05:53:53+01:00,95.03,63.53
2024-01-18T05:56:19+01:00,84.0,58.17
2024-01-18T05:58:45+01:00,81.25,58.5
2024-01-18T06:01:11+01:00,80.4,57.33
2024-01-18T06:03:38+01:00,76.6,55.3
2024-01-18T06:06:04+01:00,73.18,55.03
2024-01-18T06:08:30+01:00,74.57,54.58
2024-01-18T06:10:56+01:00,80.22,58.75
2024-01-18T06:13:22+01:00,77.72,55.4
2024-01-18T06:15:48+01:00,80.1,57.97
2024-01-18T06:18:14+01:00,81.78,57.47
2024-01-18T06:20:40+01:00,80.5,57.65
2024-01-18T06:23:06+01:00,76.13,55.97
2024-01-18T06:25:32+01:00,71.75,54.1
2024-01-18T06:27:59+01:00,71.43,52.42
2024-01-18T06:30:25+01:00,77.88,54.67
2024-01-18T06:32:51+01:00,67.53,51.28
2024-01-18T06:35:18+01:00,121.78,72.65
2024-01-18T06:37:44+01:00,81.8,57.47
2024-01-18T06:40:10+01:00,90.6,59.75
2024-01-18T06:42:36+01:00,77.93,55.28
2024-01-18T06:45:02+01:00,89.93,60.45
2024-01-18T06:47:29+01:00,74.8,53.65
2024-01-18T06:49:55+01:00,83.68,57.6
2024-01-18T06:52:21+01:00,65.5,49.75
2024-01-18T06:54:47+01:00,67.13,49.83
2024-01-18T06:57:13+01:00,80.63,52.1
2024-01-18T06:59:39+01:00,73.32,51.5
2024-01-18T07:02:05+01:00,75.95,52.65
2024-01-18T07:04:34+01:00,118.68,78.97
2024-01-18T07:07:00+01:00,106.93,71.35
2024-01-18T07:09:26+01:00,89.65,64.47
2024-01-18T07:11:52+01:00,91.63,62.28
2024-01-18T07:14:19+01:00,92.9,64.97
2024-01-18T07:16:46+01:00,96.45,68.78
2024-01-18T07:19:12+01:00,96.35,69.55
2024-01-18T07:21:38+01:00,93.55,67.78
2024-01-18T07:24:06+01:00,92.32,64.97
2024-01-18T07:26:32+01:00,85.82,65.43
2024-01-18T07:28:58+01:00,96.9,67.9
2024-01-18T07:31:24+01:00,88.3,66.22
2024-01-18T07:33:55+01:00,87.13,65.32
2024-01-18T07:36:21+01:00,108.57,80.9
2024-01-18T07:38:50+01:00,89.25,68.4
2024-01-18T07:41:16+01:00,87.55,65.22
2024-01-18T07:43:44+01:00,86.97,62.42
2024-01-18T07:46:14+01:00,103.47,77.35
2024-01-18T07:48:44+01:00,150.43,104.53
2024-01-18T07:53:43+01:00,107.6,79.53
2024-01-18T07:56:10+01:00,92.43,66.63
2024-01-18T07:58:37+01:00,83.65,60.55
2024-01-18T08:01:03+01:00,79.97,57.78
2024-01-18T08:03:29+01:00,88.03,63.38
2024-01-18T08:05:56+01:00,90.97,66.28
2024-01-18T08:08:22+01:00,104.25,75.45
2024-01-18T08:10:49+01:00,108.05,76.3
2024-01-18T08:13:15+01:00,121.7,82.13
2024-01-18T08:15:41+01:00,104.22,75.25
2024-01-18T08:18:07+01:00,106.05,75.43
2024-01-18T08:20:33+01:00,108.45,78.0
2024-01-18T08:22:59+01:00,130.98,91.75
2024-01-18T08:25:26+01:00,117.25,85.28
2024-01-18T08:27:52+01:00,109.38,81.38
2024-01-18T08:30:18+01:00,116.6,80.93
2024-01-18T08:32:44+01:00,110.2,78.03
2024-01-18T08:35:11+01:00,99.7,76.05
2024-01-18T08:37:39+01:00,103.1,74.93
2024-01-18T08:40:05+01:00,94.6,69.65
2024-01-18T08:42:32+01:00,95.13,74.22
2024-01-18T08:44:58+01:00,119.05,91.53
2024-01-18T08:47:24+01:00,103.22,76.7
2024-01-18T08:49:51+01:00,94.85,70.22
2024-01-18T08:52:17+01:00,93.57,71.2
2024-01-18T08:54:43+01:00,90.75,65.88
2024-01-18T08:57:10+01:00,95.53,69.93
2024-01-18T08:59:37+01:00,85.6,63.15
2024-01-18T09:02:03+01:00,83.47,63.35
2024-01-18T09:04:30+01:00,81.9,59.53
2024-01-18T09:06:56+01:00,75.8,57.38
2024-01-18T09:09:22+01:00,70.1,53.38
2024-01-18T09:11:48+01:00,64.38,49.2
2024-01-18T09:14:14+01:00,61.8,47.58
2024-01-18T09:16:40+01:00,70.53,51.17
2024-01-18T09:19:06+01:00,85.8,62.6
2024-01-18T09:21:32+01:00,90.55,65.78
2024-01-18T09:23:59+01:00,81.9,65.55
2024-01-18T09:26:25+01:00,75.07,55.0
2024-01-18T09:28:51+01:00,76.15,57.15
2024-01-18T09:31:17+01:00,75.72,57.4
2024-01-18T09:33:43+01:00,69.68,54.67
2024-01-18T09:36:11+01:00,82.25,55.8
2024-01-18T09:38:38+01:00,79.55,56.83
2024-01-18T09:41:04+01:00,86.97,60.45
2024-01-18T09:43:30+01:00,89.8,60.53
2024-01-18T09:45:57+01:00,80.63,53.83
2024-01-18T09:48:24+01:00,104.0,69.22
2024-01-18T09:50:50+01:00,78.22,56.25
2024-01-18T09:53:17+01:00,74.38,53.75
2024-01-18T09:55:43+01:00,81.95,55.63
2024-01-18T09:58:09+01:00,79.1,56.8
2024-01-18T10:00:35+01:00,85.25,63.42
2024-01-18T10:03:01+01:00,80.82,58.92
2024-01-18T10:05:27+01:00,77.4,56.25
2024-01-18T10:07:53+01:00,80.7,54.97
2024-01-18T10:10:19+01:00,78.3,55.83
2024-01-18T10:12:46+01:00,74.95,55.83
2024-01-18T10:15:12+01:00,76.8,55.4
2024-01-18T10:17:40+01:00,63.6,48.08
2024-01-18T10:20:06+01:00,59.85,42.85
2024-01-18T10:22:34+01:00,57.1,38.8
2024-01-18T10:25:00+01:00,46.53,34.88
2024-01-18T10:27:26+01:00,46.45,34.5
2024-01-18T10:29:53+01:00,53.95,37.6
2024-01-18T10:32:19+01:00,52.6,38.85
2024-01-18T10:34:45+01:00,45.95,30.83
2024-01-18T10:37:11+01:00,47.72,32.1
2024-01-18T10:39:37+01:00,39.22,30.08
2024-01-18T10:42:05+01:00,39.58,27.98
2024-01-18T10:44:33+01:00,36.75,25.88
2024-01-18T10:47:02+01:00,39.45,24.55
2024-01-18T10:49:32+01:00,31.95,22.9
2024-01-18T10:51:59+01:00,31.7,23.38
2024-01-18T10:54:26+01:00,29.8,24.15
2024-01-18T10:56:53+01:00,34.08,26.52
2024-01-18T10:59:20+01:00,41.1,29.1
2024-01-18T11:01:47+01:00,36.05,27.48
2024-01-18T11:04:17+01:00,45.63,30.92
2024-01-18T11:06:43+01:00,42.78,34.97
2024-01-18T11:09:10+01:00,47.15,33.9
2024-01-18T11:11:39+01:00,48.2,33.5
2024-01-18T11:14:06+01:00,46.4,34.25
2024-01-18T11:16:33+01:00,44.65,30.65
2024-01-18T11:18:59+01:00,34.63,25.67
2024-01-18T11:21:26+01:00,36.45,26.77
2024-01-18T11:23:53+01:00,35.13,24.75
2024-01-18T11:26:26+01:00,29.1,22.23
2024-01-18T11:28:52+01:00,38.03,25.27
2024-01-18T11:31:18+01:00,32.95,24.7
2024-01-18T11:33:45+01:00,34.6,24.73
2024-01-18T11:36:14+01:00,31.1,22.63
2024-01-18T11:38:40+01:00,32.75,23.95
2024-01-18T11:41:06+01:00,32.55,22.42
2024-01-18T11:43:33+01:00,32.33,21.27
2024-01-18T11:45:59+01:00,31.2,22.67
2024-01-18T11:48:26+01:00,30.45,22.13
2024-01-18T11:50:53+01:00,27.33,19.83
2024-01-18T11:53:21+01:00,29.8,20.63
2024-01-18T11:55:47+01:00,30.1,20.3
2024-01-18T11:58:14+01:00,30.77,21.8
2024-01-18T12:00:40+01:00,33.33,21.65
2024-01-18T12:03:06+01:00,30.55,20.52
2024-01-18T12:05:33+01:00,28.55,19.7
2024-01-18T12:08:00+01:00,31.08,19.6
2024-01-18T12:10:29+01:00,28.58,21.25
2024-01-18T12:12:55+01:00,32.17,22.13
2024-01-18T12:15:22+01:00,29.7,22.38
2024-01-18T12:17:49+01:00,37.1,26.13
2024-01-18T12:20:22+01:00,36.5,24.88
2024-01-18T12:22:49+01:00,40.45,29.0
2024-01-18T12:25:18+01:00,37.78,25.13
2024-01-18T12:27:45+01:00,39.45,25.63
2024-01-18T12:30:12+01:00,35.0,24.08
2024-01-18T12:32:39+01:00,33.92,24.02
2024-01-18T12:35:06+01:00,36.67,23.8
2024-01-18T12:37:35+01:00,34.8,25.83
2024-01-18T12:40:01+01:00,37.08,26.17
2024-01-18T12:42:31+01:00,42.35,27.2
2024-01-18T12:45:31+01:00,44.3,32.67
2024-01-18T12:47:50+01:00,49.55,36.83
2024-01-18T12:50:16+01:00,53.35,37.6
2024-01-18T12:52:43+01:00,53.6,40.8
2024-01-18T12:55:12+01:00,57.75,40.4
2024-01-18T12:57:41+01:00,56.38,39.97
2024-01-18T13:00:07+01:00,56.42,41.3
2024-01-18T13:02:33+01:00,55.38,38.6
2024-01-18T13:04:59+01:00,48.0,38.22
2024-01-18T13:07:26+01:00,54.3,39.45
2024-01-18T13:09:52+01:00,53.83,40.13
2024-01-18T13:12:18+01:00,44.2,34.28
2024-01-18T13:14:45+01:00,42.42,32.38
2024-01-18T13:17:13+01:00,49.75,33.35
2024-01-18T13:19:39+01:00,48.15,35.1
2024-01-18T13:22:09+01:00,41.6,30.88
2024-01-18T13:24:36+01:00,44.13,30.98
2024-01-18T13:27:03+01:00,39.8,29.27
2024-01-18T13:29:33+01:00,42.03,30.55
2024-01-18T13:31:59+01:00,46.22,32.72
2024-01-18T13:34:26+01:00,47.83,32.38
2024-01-18T13:36:53+01:00,53.83,33.95
2024-01-18T13:39:19+01:00,46.15,33.15
2024-01-18T13:41:45+01:00,52.8,35.35
2024-01-18T13:44:12+01:00,55.5,36.4
2024-01-18T13:46:38+01:00,55.5,44.92
2024-01-18T13:49:05+01:00,48.88,33.8
2024-01-18T13:51:31+01:00,50.72,34.4
2024-01-18T13:53:58+01:00,48.17,35.58
2024-01-18T13:56:24+01:00,54.35,37.9
2024-01-18T13:58:51+01:00,47.03,35.28
2024-01-18T14:01:32+01:00,56.25,38.25
2024-01-18T14:06:37+01:00,62.03,42.08
2024-01-18T14:09:04+01:00,92.85,59.15
2024-01-18T14:11:30+01:00,157.75,91.38
2024-01-18T14:13:58+01:00,98.0,63.97
2024-01-18T14:16:26+01:00,74.15,42.58
2024-01-18T14:18:57+01:00,70.68,48.53
2024-01-18T14:21:24+01:00,28.95,17.05
2024-01-18T14:23:50+01:00,41.28,26.15
2024-01-18T14:26:16+01:00,50.8,29.65
2024-01-18T14:28:42+01:00,43.42,28.7
2024-01-18T14:31:08+01:00,56.5,35.67
2024-01-18T14:33:34+01:00,47.42,28.55
2024-01-18T14:36:01+01:00,47.28,29.98
2024-01-18T14:38:28+01:00,45.95,31.02
2024-01-18T14:40:55+01:00,52.92,30.88
2024-01-18T14:43:21+01:00,43.0,25.13
2024-01-18T14:45:47+01:00,46.53,30.25
2024-01-18T14:48:13+01:00,50.83,32.03
2024-01-18T14:50:39+01:00,54.25,33.0
2024-01-18T14:53:05+01:00,69.95,38.17
2024-01-18T14:55:31+01:00,64.32,37.45
2024-01-18T14:57:58+01:00,66.9,39.25
2024-01-18T15:00:24+01:00,55.33,32.63
2024-01-18T15:02:50+01:00,78.88,42.78
2024-01-18T15:05:16+01:00,74.68,41.72
2024-01-18T15:07:43+01:00,66.32,39.55
2024-01-18T15:10:09+01:00,79.28,45.85
2024-01-18T15:12:35+01:00,71.18,41.7
2024-01-18T15:15:01+01:00,82.6,52.17
2024-01-18T15:17:27+01:00,79.82,52.28
2024-01-18T15:19:53+01:00,79.7,49.8
2024-01-18T15:22:19+01:00,71.93,45.6
2024-01-18T15:24:45+01:00,103.88,63.95
2024-01-18T15:27:11+01:00,96.0,59.67
2024-01-18T15:29:37+01:00,94.18,54.25
2024-01-18T15:32:04+01:00,74.63,46.92
2024-01-18T15:34:30+01:00,60.78,39.08
2024-01-18T15:36:56+01:00,71.0,46.33
2024-01-18T15:39:22+01:00,64.4,42.15
2024-01-18T15:41:48+01:00,34.42,22.58
2024-01-18T15:44:15+01:00,52.72,36.8
2024-01-18T15:46:41+01:00,51.6,33.6
2024-01-18T15:49:07+01:00,47.13,32.15
2024-01-18T15:51:33+01:00,43.7,28.8
2024-01-18T15:53:59+01:00,44.28,30.23
2024-01-18T15:56:25+01:00,51.45,32.67
2024-01-18T15:58:52+01:00,50.28,33.3
2024-01-18T16:01:18+01:00,57.67,33.88
2024-01-18T16:03:44+01:00,56.28,36.03
2024-01-18T16:06:11+01:00,61.05,38.65
2024-01-18T16:08:40+01:00,60.97,40.22
2024-01-18T16:11:06+01:00,53.15,36.92
2024-01-18T16:13:33+01:00,55.33,35.42
2024-01-18T16:15:59+01:00,54.17,37.55
2024-01-18T16:18:25+01:00,58.5,39.67
2024-01-18T16:20:52+01:00,29.73,20.0
2024-01-18T16:23:18+01:00,30.83,20.08
2024-01-18T16:25:44+01:00,72.88,48.78
2024-01-18T16:28:10+01:00,51.38,34.97
2024-01-18T16:30:36+01:00,53.3,38.1
2024-01-18T16:33:02+01:00,34.13,21.98
2024-01-18T16:35:30+01:00,21.2,10.77
2024-01-18T16:37:56+01:00,27.02,16.02
2024-01-18T16:40:22+01:00,108.93,62.33
2024-01-18T16:42:48+01:00,131.45,86.43
2024-01-18T16:45:15+01:00,142.57,96.75
2024-01-18T16:47:41+01:00,122.75,84.93
2024-01-18T16:50:09+01:00,217.52,137.15
2024-01-18T16:52:36+01:00,225.02,139.6
2024-01-18T16:55:03+01:00,227.55,144.68
2024-01-18T16:57:29+01:00,192.05,131.23
2024-01-18T16:59:56+01:00,176.63,116.13
2024-01-18T17:02:23+01:00,126.25,93.05
2024-01-18T17:04:49+01:00,137.8,100.3
2024-01-18T17:07:18+01:00,137.4,101.28
2024-01-18T17:09:44+01:00,139.52,103.72
2024-01-18T17:12:10+01:00,124.95,96.43
2024-01-18T17:14:36+01:00,161.3,109.1
2024-01-18T17:17:08+01:00,199.18,129.52
2024-01-18T17:19:34+01:00,240.95,143.57
2024-01-18T17:22:00+01:00,211.1,135.1
2024-01-18T17:24:26+01:00,205.82,135.02
2024-01-18T17:26:52+01:00,201.18,131.8
2024-01-18T17:29:18+01:00,175.02,116.0
2024-01-18T17:31:44+01:00,144.15,94.38
2024-01-18T17:34:10+01:00,136.32,94.5
2024-01-18T17:36:37+01:00,172.15,122.07
2024-01-18T17:39:03+01:00,133.95,90.1
2024-01-18T17:41:31+01:00,99.6,68.25
2024-01-18T17:43:57+01:00,79.88,53.28
2024-01-18T17:46:23+01:00,187.25,133.5
2024-01-18T17:48:49+01:00,151.18,112.28
2024-01-18T17:51:16+01:00,119.07,87.55
2024-01-18T17:53:42+01:00,111.7,74.28
2024-01-18T17:56:09+01:00,86.88,58.5
2024-01-18T17:58:37+01:00,110.53,77.65
2024-01-18T18:01:03+01:00,130.55,90.15
2024-01-18T18:03:29+01:00,141.38,105.72
2024-01-18T18:05:55+01:00,164.32,133.8
2024-01-18T18:08:21+01:00,136.68,102.15
2024-01-18T18:10:47+01:00,121.78,89.35
2024-01-18T18:13:15+01:00,130.45,92.03
2024-01-18T18:15:41+01:00,130.3,91.05
2024-01-18T18:18:07+01:00,133.15,92.75
2024-01-18T18:20:33+01:00,124.82,93.68
2024-01-18T18:22:59+01:00,146.18,101.47
2024-01-18T18:25:26+01:00,181.15,125.32
2024-01-18T18:27:53+01:00,167.57,108.93
2024-01-18T18:30:19+01:00,157.63,104.25
2024-01-18T18:32:45+01:00,160.77,108.93
2024-01-18T18:35:11+01:00,155.23,101.78
2024-01-18T18:37:37+01:00,149.4,95.82
2024-01-18T18:40:04+01:00,143.15,96.28
2024-01-18T18:42:31+01:00,169.73,115.6
2024-01-18T18:45:02+01:00,175.02,118.15
2024-01-18T18:47:29+01:00,171.15,114.57
2024-01-18T18:49:55+01:00,168.23,114.43
2024-01-18T18:52:21+01:00,169.8,117.28
2024-01-18T18:54:47+01:00,185.15,127.65
2024-01-18T18:57:13+01:00,148.77,100.2
2024-01-18T18:59:40+01:00,121.3,86.82
2024-01-18T19:02:06+01:00,95.25,64.88
2024-01-18T19:04:32+01:00,133.82,93.97
2024-01-18T19:06:58+01:00,133.88,89.6
2024-01-18T19:09:24+01:00,88.82,59.0
2024-01-18T19:11:50+01:00,70.07,46.15
2024-01-18T19:14:16+01:00,59.13,38.95
2024-01-18T19:16:43+01:00,57.13,36.6
2024-01-18T19:19:09+01:00,54.28,37.45
2024-01-18T19:21:35+01:00,64.28,45.63
2024-01-18T19:24:01+01:00,62.42,39.85
2024-01-18T19:26:27+01:00,64.95,44.78
2024-01-18T19:28:53+01:00,64.15,45.17
2024-01-18T19:31:20+01:00,65.3,46.0
2024-01-18T19:33:46+01:00,87.9,49.28
2024-01-18T19:36:12+01:00,69.35,46.78
2024-01-18T19:38:38+01:00,66.68,44.15
2024-01-18T19:41:05+01:00,55.65,41.0
2024-01-18T19:43:31+01:00,56.72,38.95
2024-01-18T19:45:58+01:00,51.35,38.1
2024-01-18T19:48:24+01:00,54.28,39.28
2024-01-18T19:50:50+01:00,51.25,38.03
2024-01-18T19:53:16+01:00,52.15,38.63
2024-01-18T19:55:43+01:00,55.95,39.3
2024-01-18T19:58:09+01:00,48.88,35.65
2024-01-18T20:00:36+01:00,49.03,32.67
2024-01-18T20:03:03+01:00,51.65,35.25
2024-01-18T20:05:29+01:00,61.13,43.05
2024-01-18T20:07:55+01:00,57.97,41.83
2024-01-18T20:10:21+01:00,51.6,39.08
2024-01-18T20:12:48+01:00,70.72,52.95
2024-01-18T20:15:14+01:00,74.88,56.85
2024-01-18T20:17:40+01:00,80.63,56.05
2024-01-18T20:20:06+01:00,66.03,47.15
2024-01-18T20:22:32+01:00,62.42,44.13
2024-01-18T20:24:58+01:00,70.72,48.95
2024-01-18T20:27:28+01:00,62.38,47.22
2024-01-18T20:29:54+01:00,69.63,49.13
2024-01-18T20:32:20+01:00,89.28,59.42
2024-01-18T20:34:46+01:00,92.45,64.5
2024-01-18T20:37:12+01:00,90.75,62.9
2024-01-18T20:39:38+01:00,108.25,78.78
2024-01-18T20:42:04+01:00,100.05,77.1
2024-01-18T20:44:30+01:00,101.65,83.38
2024-01-18T20:46:56+01:00,105.38,83.25
2024-01-18T20:49:23+01:00,120.22,92.57
2024-01-18T20:51:49+01:00,128.18,95.97
2024-01-18T20:54:15+01:00,117.78,91.72
2024-01-18T20:56:41+01:00,110.45,86.22
2024-01-18T20:59:07+01:00,109.97,84.57
2024-01-18T21:01:33+01:00,101.47,81.25
2024-01-18T21:03:59+01:00,100.82,86.35
2024-01-18T21:06:25+01:00,95.28,69.65
2024-01-18T21:08:52+01:00,118.2,88.47
2024-01-18T21:11:18+01:00,121.82,91.63
2024-01-18T21:13:44+01:00,113.55,89.53
2024-01-18T21:16:10+01:00,105.13,83.18
2024-01-18T21:18:36+01:00,101.93,80.63
2024-01-18T21:21:02+01:00,114.07,90.22
2024-01-18T21:23:28+01:00,108.65,87.43
2024-01-18T21:25:55+01:00,124.38,95.15
2024-01-18T21:28:21+01:00,109.82,84.9
2024-01-18T21:30:47+01:00,88.3,68.32
2024-01-18T21:33:13+01:00,99.8,74.95
2024-01-18T21:35:39+01:00,116.03,86.07
2024-01-18T21:38:05+01:00,145.05,105.93
2024-01-18T21:40:31+01:00,163.88,114.22
2024-01-18T21:42:57+01:00,128.57,94.43
2024-01-18T21:45:23+01:00,106.35,80.63
2024-01-18T21:47:50+01:00,154.77,108.53
2024-01-18T21:50:16+01:00,188.8,126.78
2024-01-18T21:52:42+01:00,149.4,105.7
2024-01-18T21:55:09+01:00,153.7,113.55
2024-01-18T21:57:35+01:00,164.5,125.72
2024-01-18T22:00:02+01:00,159.35,121.6
2024-01-18T22:02:31+01:00,149.0,109.65
2024-01-18T22:04:58+01:00,164.23,120.5
2024-01-18T22:07:24+01:00,158.6,114.65
2024-01-18T22:09:50+01:00,193.45,136.98
2024-01-18T22:12:16+01:00,168.73,125.97
2024-01-18T22:14:46+01:00,181.38,128.5
2024-01-18T22:17:12+01:00,182.65,134.65
2024-01-18T22:19:39+01:00,338.63,212.1
2024-01-18T22:22:05+01:00,353.73,241.57
2024-01-18T22:24:31+01:00,289.35,202.43
2024-01-18T22:26:57+01:00,262.6,191.82
2024-01-18T22:29:24+01:00,269.9,215.2
2024-01-18T22:31:51+01:00,323.88,259.95
2024-01-18T22:34:17+01:00,340.33,251.55
2024-01-18T22:36:44+01:00,172.3,141.65
2024-01-18T22:39:10+01:00,201.05,160.68
2024-01-18T22:41:43+01:00,121.93,93.93
2024-01-18T22:44:10+01:00,135.93,107.8
2024-01-18T22:46:36+01:00,116.2,88.18
2024-01-18T22:49:04+01:00,106.07,78.28
2024-01-18T22:51:30+01:00,89.8,71.43
2024-01-18T22:53:56+01:00,88.07,68.22
2024-01-18T22:56:22+01:00,79.57,60.53
2024-01-18T22:58:48+01:00,77.6,59.17
2024-01-18T23:01:14+01:00,80.78,61.78
2024-01-18T23:03:41+01:00,94.78,66.18
2024-01-18T23:06:11+01:00,81.72,62.1
2024-01-18T23:08:38+01:00,76.68,59.5
2024-01-18T23:11:04+01:00,76.43,55.7
2024-01-18T23:13:30+01:00,72.43,54.95
2024-01-18T23:15:56+01:00,167.18,125.38
2024-01-18T23:18:22+01:00,169.95,130.1
2024-01-18T23:20:49+01:00,178.75,136.8
2024-01-18T23:23:15+01:00,188.63,144.63
2024-01-18T23:25:41+01:00,249.38,154.35
2024-01-18T23:28:07+01:00,246.13,157.75
2024-01-18T23:30:33+01:00,193.07,128.1
2024-01-18T23:32:59+01:00,175.77,124.5
2024-01-18T23:35:25+01:00,427.58,165.48
2024-01-18T23:37:51+01:00,201.1,141.15
2024-01-18T23:40:18+01:00,226.68,123.15
2024-01-18T23:42:44+01:00,191.27,123.53
2024-01-18T23:45:11+01:00,208.18,116.1
2024-01-18T23:47:40+01:00,148.35,112.68
2024-01-18T23:50:06+01:00,146.27,115.85
2024-01-18T23:52:33+01:00,150.07,112.75
2024-01-18T23:54:59+01:00,155.6,120.97
2024-01-18T23:57:25+01:00,141.52,112.72
2024-01-18T23:59:51+01:00,406.6,118.28
2024-01-19T00:02:17+01:00,288.77,109.45
2024-01-19T00:04:43+01:00,202.52,105.9
2024-01-19T00:07:09+01:00,181.2,113.25
2024-01-19T00:09:35+01:00,144.93,102.7
2024-01-19T00:12:01+01:00,190.88,107.13
2024-01-19T00:14:27+01:00,302.23,134.57
2024-01-19T00:16:54+01:00,497.2,151.15
2024-01-19T00:19:20+01:00,338.9,133.98
2024-01-19T00:21:46+01:00,183.35,107.28
2024-01-19T00:24:12+01:00,149.75,106.28
2024-01-19T00:26:42+01:00,125.0,95.28
2024-01-19T00:29:09+01:00,385.2,99.05
2024-01-19T00:31:35+01:00,179.5,89.3
2024-01-19T00:34:01+01:00,187.93,98.85
2024-01-19T00:36:27+01:00,105.78,85.05
2024-01-19T00:38:53+01:00,195.23,102.0
2024-01-19T00:41:19+01:00,563.28,131.73
2024-01-19T00:43:46+01:00,701.9,142.6
2024-01-19T00:46:12+01:00,441.98,134.52
2024-01-19T00:48:38+01:00,158.4,107.15
2024-01-19T00:51:04+01:00,121.97,100.8
2024-01-19T00:53:30+01:00,117.3,95.32
2024-01-19T00:55:56+01:00,280.92,107.03
2024-01-19T00:58:22+01:00,604.17,150.35
2024-01-19T01:00:48+01:00,109.7,94.13
2024-01-19T01:03:14+01:00,125.15,85.32
2024-01-19T01:05:41+01:00,102.82,88.63
2024-01-19T01:08:07+01:00,230.0,96.7
2024-01-19T01:10:33+01:00,157.55,97.55
2024-01-19T01:12:59+01:00,138.63,105.28
2024-01-19T01:15:25+01:00,163.05,126.32
2024-01-19T01:17:51+01:00,151.25,119.65
2024-01-19T01:20:17+01:00,146.05,117.8
2024-01-19T01:22:43+01:00,164.43,127.3
2024-01-19T01:25:09+01:00,166.25,127.57
2024-01-19T01:27:36+01:00,234.05,157.6
2024-01-19T01:30:02+01:00,164.15,121.72
2024-01-19T01:32:28+01:00,176.88,126.8
2024-01-19T01:34:54+01:00,167.43,123.72
2024-01-19T01:37:20+01:00,191.55,140.4
2024-01-19T01:39:46+01:00,210.63,151.8
2024-01-19T01:42:12+01:00,222.65,156.68
2024-01-19T01:44:38+01:00,264.8,183.43
2024-01-19T01:47:04+01:00,237.77,169.4
2024-01-19T01:49:30+01:00,318.23,202.3
2024-01-19T01:51:56+01:00,495.65,279.98
2024-01-19T01:54:22+01:00,488.15,288.95
2024-01-19T01:56:48+01:00,340.48,201.88
2024-01-19T01:59:14+01:00,375.4,214.63
2024-01-19T02:01:42+01:00,249.18,153.65
2024-01-19T02:04:09+01:00,199.98,129.45
2024-01-19T02:06:35+01:00,199.65,128.95
2024-01-19T02:09:01+01:00,194.65,127.72
2024-01-19T02:11:28+01:00,242.0,152.3
2024-01-19T02:13:54+01:00,370.75,188.02
2024-01-19T02:16:20+01:00,205.25,134.43
2024-01-19T02:18:46+01:00,341.48,191.18
2024-01-19T02:21:12+01:00,283.88,172.0
2024-01-19T02:23:38+01:00,230.1,143.5
2024-01-19T02:26:04+01:00,202.8,135.43
2024-01-19T02:28:31+01:00,238.73,148.88
2024-01-19T02:30:57+01:00,366.73,211.93
2024-01-19T02:33:23+01:00,472.52,251.65
2024-01-19T02:35:49+01:00,422.42,246.23
2024-01-19T02:38:15+01:00,285.98,184.27
2024-01-19T02:40:41+01:00,267.33,171.52
2024-01-19T02:43:07+01:00,301.27,184.65
2024-01-19T02:45:33+01:00,251.3,161.48
2024-01-19T02:47:59+01:00,291.65,177.2
2024-01-19T02:50:25+01:00,195.57,131.15
2024-01-19T02:52:52+01:00,325.9,162.73
2024-01-19T02:55:18+01:00,388.5,174.55
2024-01-19T02:57:45+01:00,295.38,168.63
2024-01-19T03:00:12+01:00,188.77,133.43
2024-01-19T03:02:39+01:00,190.32,132.77
2024-01-19T03:05:06+01:00,168.88,119.7
2024-01-19T03:07:32+01:00,215.15,138.88
2024-01-19T03:09:58+01:00,203.57,135.93
2024-01-19T03:12:24+01:00,375.35,174.75
2024-01-19T03:14:50+01:00,215.75,143.82
2024-01-19T03:17:17+01:00,243.02,156.02
2024-01-19T03:19:43+01:00,203.38,136.57
2024-01-19T03:22:09+01:00,180.32,123.68
2024-01-19T03:24:35+01:00,181.23,126.78
2024-01-19T03:27:02+01:00,159.8,115.55
2024-01-19T03:29:28+01:00,204.57,132.02
2024-01-19T03:31:54+01:00,259.75,165.27
2024-01-19T03:34:21+01:00,302.0,175.45
2024-01-19T03:36:48+01:00,181.07,119.18
2024-01-19T03:39:14+01:00,183.32,127.0
2024-01-19T03:41:41+01:00,195.32,130.07
2024-01-19T03:44:07+01:00,201.7,138.0
2024-01-19T03:46:33+01:00,220.8,144.2
2024-01-19T03:49:03+01:00,262.77,165.68
2024-01-19T03:51:29+01:00,221.85,145.13
2024-01-19T03:53:55+01:00,296.23,170.82
2024-01-19T03:56:21+01:00,321.8,167.77
2024-01-19T03:58:47+01:00,198.95,130.8
2024-01-19T04:01:13+01:00,378.27,178.65
2024-01-19T04:03:39+01:00,249.27,147.82
2024-01-19T04:06:05+01:00,161.7,117.5
2024-01-19T04:08:31+01:00,249.0,150.15
2024-01-19T04:10:58+01:00,158.45,110.5
2024-01-19T04:13:24+01:00,179.85,117.65
2024-01-19T04:15:50+01:00,270.83,152.7
2024-01-19T04:18:16+01:00,280.05,164.35
2024-01-19T04:20:43+01:00,230.38,143.9
2024-01-19T04:23:10+01:00,247.63,151.82
2024-01-19T04:25:36+01:00,249.23,150.95
2024-01-19T04:28:02+01:00,184.45,126.05
2024-01-19T04:30:28+01:00,182.95,120.38
2024-01-19T04:32:54+01:00,175.65,119.28
2024-01-19T04:35:20+01:00,162.27,115.1
2024-01-19T04:37:46+01:00,155.1,106.4
2024-01-19T04:40:12+01:00,167.43,111.28
2024-01-19T04:42:38+01:00,212.45,129.23
2024-01-19T04:45:05+01:00,202.82,131.75
2024-01-19T04:47:31+01:00,189.73,124.03
2024-01-19T04:49:57+01:00,150.4,104.9
2024-01-19T04:52:23+01:00,163.4,109.8
2024-01-19T04:54:49+01:00,151.3,106.38
2024-01-19T04:57:16+01:00,144.07,104.78
2024-01-19T04:59:42+01:00,149.73,105.85
2024-01-19T05:02:08+01:00,157.15,109.47
2024-01-19T05:04:34+01:00,162.7,112.82
2024-01-19T05:07:00+01:00,209.4,135.73
2024-01-19T05:09:27+01:00,212.65,135.3
2024-01-19T05:11:53+01:00,186.8,121.75
2024-01-19T05:14:19+01:00,209.77,139.15
2024-01-19T05:16:45+01:00,222.82,186.6
2024-01-19T05:19:11+01:00,196.98,156.57
2024-01-19T05:21:37+01:00,157.45,106.45
2024-01-19T05:24:04+01:00,112.57,75.8
2024-01-19T05:26:30+01:00,134.32,86.2
2024-01-19T05:28:56+01:00,127.28,82.32
2024-01-19T05:31:22+01:00,98.05,62.55
2024-01-19T05:33:48+01:00,72.45,45.45
2024-01-19T05:36:14+01:00,57.3,37.35
2024-01-19T05:38:42+01:00,57.22,34.45
2024-01-19T05:41:09+01:00,45.35,31.38
2024-01-19T05:43:35+01:00,51.28,30.67
2024-01-19T05:46:01+01:00,44.97,28.88
2024-01-19T05:48:27+01:00,56.17,32.13
2024-01-19T05:50:53+01:00,52.4,31.17
2024-01-19T05:53:19+01:00,68.93,35.2
2024-01-19T05:55:45+01:00,65.32,36.8
2024-01-19T05:58:11+01:00,84.95,49.83
2024-01-19T06:00:38+01:00,92.05,54.5
2024-01-19T06:03:04+01:00,103.25,60.33
2024-01-19T06:05:30+01:00,105.5,64.85
2024-01-19T06:07:56+01:00,113.07,63.72
2024-01-19T06:10:24+01:00,106.85,66.07
2024-01-19T06:12:50+01:00,107.03,64.7
2024-01-19T06:15:16+01:00,107.28,63.5
2024-01-19T06:17:42+01:00,103.38,63.08
2024-01-19T06:20:08+01:00,127.53,73.22
2024-01-19T06:22:35+01:00,122.5,70.45
2024-01-19T06:25:01+01:00,117.18,63.88
2024-01-19T06:27:28+01:00,97.13,56.1
2024-01-19T06:29:54+01:00,126.82,66.68
2024-01-19T06:32:20+01:00,107.55,56.5
2024-01-19T06:34:46+01:00,93.78,51.38
2024-01-19T06:37:12+01:00,79.9,47.33
2024-01-19T06:39:38+01:00,83.45,47.97
2024-01-19T06:42:04+01:00,72.6,41.85
2024-01-19T06:44:30+01:00,65.9,39.75
2024-01-19T06:46:56+01:00,92.1,47.35
2024-01-19T06:49:22+01:00,75.65,42.7
2024-01-19T06:51:48+01:00,78.65,45.3
2024-01-19T06:54:15+01:00,97.43,51.3
2024-01-19T06:56:41+01:00,73.43,44.7
2024-01-19T06:59:07+01:00,89.78,44.83
2024-01-19T07:01:33+01:00,73.47,35.7
2024-01-19T07:03:59+01:00,73.75,33.3
2024-01-19T07:06:26+01:00,59.88,28.1
2024-01-19T07:08:52+01:00,60.45,27.4
2024-01-19T07:11:18+01:00,61.17,30.98
2024-01-19T07:13:44+01:00,59.17,31.95
2024-01-19T07:16:12+01:00,60.67,32.55
2024-01-19T07:18:38+01:00,64.55,38.08
2024-01-19T07:21:08+01:00,74.13,44.25
2024-01-19T07:23:34+01:00,75.68,45.95
2024-01-19T07:26:02+01:00,77.65,48.38
2024-01-19T07:28:33+01:00,69.35,46.45
2024-01-19T07:30:59+01:00,61.42,40.6
2024-01-19T07:33:25+01:00,78.85,48.65
2024-01-19T07:35:51+01:00,68.07,42.22
2024-01-19T07:38:17+01:00,69.28,42.83
2024-01-19T07:40:43+01:00,83.43,49.65
2024-01-19T07:43:09+01:00,63.1,40.95
2024-01-19T07:45:35+01:00,67.15,42.53
2024-01-19T07:48:02+01:00,81.55,47.45
2024-01-19T07:50:28+01:00,65.95,41.38
2024-01-19T07:52:54+01:00,72.15,43.92
2024-01-19T07:55:20+01:00,61.15,38.88
2024-01-19T07:57:46+01:00,79.43,40.63
2024-01-19T08:00:12+01:00,71.7,43.25
2024-01-19T08:02:39+01:00,62.75,40.53
2024-01-19T08:05:05+01:00,68.13,39.1
2024-01-19T08:07:31+01:00,63.45,38.38
2024-01-19T08:09:57+01:00,62.72,36.2
2024-01-19T08:12:23+01:00,76.57,48.65
2024-01-19T08:14:49+01:00,87.13,52.2
2024-01-19T08:17:15+01:00,96.9,51.25
2024-01-19T08:19:42+01:00,109.18,57.97
2024-01-19T08:22:08+01:00,116.45,63.55
2024-01-19T08:24:34+01:00,99.38,56.5
2024-01-19T08:27:01+01:00,116.75,65.97
2024-01-19T08:29:28+01:00,114.2,63.72
2024-01-19T08:31:54+01:00,106.82,63.3
2024-01-19T08:34:20+01:00,114.65,63.78
2024-01-19T08:36:46+01:00,118.95,71.85
2024-01-19T08:39:12+01:00,164.07,90.57
2024-01-19T08:41:38+01:00,145.63,82.1
2024-01-19T08:44:06+01:00,137.32,78.38
2024-01-19T08:46:32+01:00,120.32,70.07
2024-01-19T08:48:58+01:00,102.35,60.8
2024-01-19T08:51:24+01:00,97.03,59.83
2024-01-19T08:53:52+01:00,73.68,46.3
2024-01-19T08:56:19+01:00,66.7,45.45
2024-01-19T08:58:45+01:00,66.15,40.55
2024-01-19T09:01:11+01:00,58.88,34.67
2024-01-19T09:03:38+01:00,75.72,47.67
2024-01-19T09:06:04+01:00,84.43,53.47
2024-01-19T09:08:30+01:00,87.25,58.0
2024-01-19T09:10:56+01:00,81.2,53.28
2024-01-19T09:13:22+01:00,77.43,51.28
2024-01-19T09:15:48+01:00,83.38,54.13
2024-01-19T09:18:14+01:00,82.38,54.42
2024-01-19T09:20:40+01:00,95.22,60.25
2024-01-19T09:23:06+01:00,101.63,68.63
2024-01-19T09:25:33+01:00,76.07,52.22
2024-01-19T09:27:59+01:00,79.28,52.83
2024-01-19T09:30:26+01:00,64.03,41.0
2024-01-19T09:32:52+01:00,50.08,33.3
2024-01-19T09:35:18+01:00,54.2,35.95
2024-01-19T09:37:44+01:00,54.05,37.17
2024-01-19T09:40:11+01:00,57.92,39.08
2024-01-19T09:42:37+01:00,60.5,40.85
2024-01-19T09:45:04+01:00,59.05,38.67
2024-01-19T09:47:30+01:00,62.75,39.38
2024-01-19T09:49:56+01:00,66.0,43.35
2024-01-19T09:52:24+01:00,66.4,42.55
2024-01-19T09:54:50+01:00,76.45,49.4
2024-01-19T09:57:16+01:00,78.43,50.83
2024-01-19T09:59:42+01:00,78.88,47.42
2024-01-19T10:02:08+01:00,80.03,51.05
2024-01-19T10:04:34+01:00,82.93,54.7
2024-01-19T10:07:00+01:00,83.63,53.15
2024-01-19T10:09:26+01:00,97.15,59.3
2024-01-19T10:11:53+01:00,95.47,60.65
2024-01-19T10:14:20+01:00,92.22,60.35
2024-01-19T10:16:47+01:00,91.43,54.83
2024-01-19T10:19:13+01:00,88.57,56.33
2024-01-19T10:21:40+01:00,99.82,58.6
2024-01-19T10:24:09+01:00,95.55,56.67
2024-01-19T10:26:36+01:00,111.13,64.63
2024-01-19T10:29:02+01:00,112.13,63.95
2024-01-19T10:31:28+01:00,103.05,60.78
2024-01-19T10:33:54+01:00,109.25,62.45
2024-01-19T10:36:21+01:00,104.7,62.03
2024-01-19T10:38:47+01:00,108.3,61.15
2024-01-19T10:41:25+01:00,97.88,57.05
2024-01-19T10:43:55+01:00,109.88,63.42
2024-01-19T10:46:27+01:00,139.02,79.25
2024-01-19T10:54:33+01:00,108.63,65.6
2024-01-19T10:57:00+01:00,102.95,66.93
2024-01-19T10:59:30+01:00,120.78,66.45
2024-01-19T11:01:57+01:00,105.43,61.88
2024-01-19T11:04:24+01:00,116.63,64.93
2024-01-19T11:06:51+01:00,128.98,67.4
2024-01-19T11:09:18+01:00,109.22,64.9
2024-01-19T11:11:53+01:00,105.72,61.47
2024-01-19T11:14:20+01:00,116.82,66.1
2024-01-19T11:16:52+01:00,124.07,70.97
2024-01-19T11:19:18+01:00,116.85,63.67
2024-01-19T11:21:49+01:00,106.43,61.63
2024-01-19T11:24:18+01:00,107.53,58.9
2024-01-19T11:26:44+01:00,102.93,57.95
2024-01-19T11:29:16+01:00,103.65,59.45
2024-01-19T11:31:46+01:00,103.1,60.0
2024-01-19T11:34:16+01:00,105.4,59.75
2024-01-19T11:36:45+01:00,116.13,65.72
2024-01-19T11:39:15+01:00,121.65,65.4
2024-01-19T11:41:41+01:00,110.85,60.6
2024-01-19T11:44:11+01:00,94.2,54.45
2024-01-19T11:46:38+01:00,98.72,56.6
2024-01-19T11:49:04+01:00,114.18,63.15
2024-01-19T11:51:30+01:00,89.43,53.15
2024-01-19T11:54:00+01:00,82.57,48.88
2024-01-19T11:56:29+01:00,84.57,50.38
2024-01-19T11:58:59+01:00,86.43,50.15
2024-01-19T12:01:34+01:00,84.63,51.0
2024-01-19T12:04:00+01:00,90.65,53.0
2024-01-19T12:06:27+01:00,100.3,56.78
2024-01-19T12:08:53+01:00,98.32,57.8
2024-01-19T12:11:19+01:00,110.97,65.65
2024-01-19T12:13:46+01:00,116.13,68.2
2024-01-19T12:16:17+01:00,108.95,65.43
2024-01-19T12:18:44+01:00,117.65,68.57
2024-01-19T12:21:10+01:00,116.25,70.25
2024-01-19T12:23:36+01:00,113.4,69.4
2024-01-19T12:31:20+01:00,149.2,84.1
2024-01-19T12:33:50+01:00,127.05,73.5
2024-01-19T12:44:06+01:00,105.45,63.4
2024-01-19T12:46:41+01:00,102.57,63.35
2024-01-19T12:49:08+01:00,99.9,60.33
2024-01-19T12:51:34+01:00,114.57,67.15
2024-01-19T12:54:04+01:00,109.63,68.28
2024-01-19T12:56:30+01:00,109.18,68.28
2024-01-19T12:58:56+01:00,113.28,67.93
2024-01-19T13:01:23+01:00,110.8,66.53
2024-01-19T13:03:53+01:00,105.63,66.43
2024-01-19T13:06:20+01:00,102.97,63.63
2024-01-19T13:08:59+01:00,104.5,64.8
2024-01-19T13:11:26+01:00,97.95,62.42
2024-01-19T13:13:52+01:00,123.2,77.22
2024-01-19T13:16:19+01:00,125.45,80.6
2024-01-19T13:18:46+01:00,126.13,83.15
2024-01-19T13:21:12+01:00,138.32,90.53
2024-01-19T13:23:38+01:00,137.27,86.4
2024-01-19T13:26:06+01:00,131.98,85.7
2024-01-19T13:28:32+01:00,132.3,87.32
2024-01-19T13:30:58+01:00,133.0,87.88
2024-01-19T13:33:25+01:00,133.5,87.53
2024-01-19T13:36:29+01:00,127.05,85.18
2024-01-19T13:38:59+01:00,145.75,93.3
2024-01-19T13:41:25+01:00,139.95,92.22
2024-01-19T13:43:51+01:00,148.77,94.2
2024-01-19T13:46:18+01:00,142.32,92.18
2024-01-19T13:48:55+01:00,137.68,90.6
2024-01-19T13:51:21+01:00,149.73,96.65
2024-01-19T13:53:52+01:00,146.38,96.28
2024-01-19T13:56:22+01:00,148.4,99.03
2024-01-19T13:59:09+01:00,142.25,93.75
2024-01-19T14:01:38+01:00,136.73,90.1
2024-01-19T14:04:06+01:00,131.45,81.78
2024-01-19T14:06:38+01:00,135.05,85.38
2024-01-19T14:09:05+01:00,123.85,77.43
2024-01-19T14:11:31+01:00,121.78,73.65
2024-01-19T14:14:03+01:00,116.75,72.35
2024-01-19T14:16:30+01:00,122.95,72.88
2024-01-19T14:19:03+01:00,110.0,65.07
2024-01-19T14:21:29+01:00,106.97,67.17
2024-01-19T14:23:56+01:00,111.47,68.6
2024-01-19T14:26:23+01:00,110.28,67.93
2024-01-19T14:28:50+01:00,104.45,64.55
2024-01-19T14:31:16+01:00,106.68,64.9
2024-01-19T14:33:43+01:00,103.32,63.78
2024-01-19T14:36:10+01:00,103.88,65.85
2024-01-19T14:38:37+01:00,97.22,65.22
2024-01-19T14:41:03+01:00,99.82,63.17
2024-01-19T14:43:29+01:00,101.7,61.67
2024-01-19T14:45:56+01:00,102.55,63.85
2024-01-19T14:48:22+01:00,93.13,59.67
2024-01-19T14:50:48+01:00,102.57,63.8
2024-01-19T14:53:15+01:00,102.6,64.22
2024-01-19T14:55:41+01:00,101.88,63.9
2024-01-19T14:58:07+01:00,95.25,61.65
2024-01-19T15:00:34+01:00,97.88,61.95
2024-01-19T15:03:01+01:00,90.07,57.33
2024-01-19T15:05:27+01:00,89.07,56.78
2024-01-19T15:07:53+01:00,93.82,58.08
2024-01-19T15:10:19+01:00,96.05,61.78
2024-01-19T15:12:46+01:00,97.72,60.4
2024-01-19T15:15:12+01:00,94.2,59.92
2024-01-19T15:17:38+01:00,89.35,59.15
2024-01-19T15:20:04+01:00,89.0,59.8
2024-01-19T15:22:31+01:00,92.72,57.83
2024-01-19T15:24:57+01:00,101.2,63.65
2024-01-19T15:27:24+01:00,98.88,64.18
2024-01-19T15:29:53+01:00,96.22,63.67
2024-01-19T15:32:22+01:00,99.6,64.55
2024-01-19T15:34:49+01:00,98.75,64.6
2024-01-19T15:37:15+01:00,107.25,66.32
2024-01-19T15:39:42+01:00,100.75,64.38
2024-01-19T15:42:08+01:00,104.25,68.93
2024-01-19T15:44:34+01:00,109.47,69.55
2024-01-19T15:47:00+01:00,115.6,66.57
2024-01-19T15:49:28+01:00,111.65,69.4
2024-01-19T15:51:57+01:00,120.13,73.28
2024-01-19T15:54:24+01:00,117.5,76.38
2024-01-19T15:56:50+01:00,112.72,73.78
2024-01-19T15:59:16+01:00,116.1,73.32
2024-01-19T16:01:42+01:00,128.7,80.3
2024-01-19T16:04:08+01:00,135.15,87.47
2024-01-19T16:06:34+01:00,150.9,92.43
2024-01-19T16:09:01+01:00,126.43,83.97
2024-01-19T16:11:27+01:00,126.3,80.65
2024-01-19T16:13:53+01:00,131.73,83.4
2024-01-19T16:16:20+01:00,121.3,78.0
2024-01-19T16:18:46+01:00,120.95,78.68
2024-01-19T16:21:12+01:00,121.07,77.88
2024-01-19T16:23:38+01:00,127.43,81.22
2024-01-19T16:26:06+01:00,126.9,79.32
2024-01-19T16:28:33+01:00,117.47,76.35
2024-01-19T16:30:59+01:00,134.32,82.22
2024-01-19T16:33:25+01:00,125.82,82.07
2024-01-19T16:35:51+01:00,130.35,85.97
2024-01-19T16:38:17+01:00,161.35,106.5
2024-01-19T16:40:43+01:00,145.52,93.9
2024-01-19T16:43:09+01:00,145.8,93.65
2024-01-19T16:45:35+01:00,150.48,96.57
2024-01-19T16:48:01+01:00,152.07,101.72
2024-01-19T16:50:27+01:00,155.63,105.93
2024-01-19T16:52:53+01:00,158.45,107.13
2024-01-19T16:55:21+01:00,158.13,107.1
2024-01-19T16:57:47+01:00,162.95,106.85
2024-01-19T17:00:14+01:00,171.25,112.85
2024-01-19T17:02:40+01:00,155.32,107.13
2024-01-19T17:05:06+01:00,186.2,119.03
2024-01-19T17:07:32+01:00,189.05,123.53
2024-01-19T17:09:58+01:00,299.95,157.05
2024-01-19T17:12:25+01:00,325.02,180.13
2024-01-19T17:14:51+01:00,282.67,153.7
2024-01-19T17:17:18+01:00,271.13,157.52
2024-01-19T17:19:45+01:00,222.07,140.07
2024-01-19T17:22:15+01:00,227.6,142.8
2024-01-19T17:24:42+01:00,248.95,150.63
2024-01-19T17:27:08+01:00,238.63,149.48
2024-01-19T17:29:35+01:00,238.32,147.05
2024-01-19T17:32:01+01:00,231.45,144.2
2024-01-19T17:34:27+01:00,213.93,139.4
2024-01-19T17:36:53+01:00,213.57,136.82
2024-01-19T17:39:19+01:00,220.13,149.32
2024-01-19T17:41:48+01:00,214.52,141.85
2024-01-19T17:44:19+01:00,236.6,151.35
2024-01-19T17:46:45+01:00,238.57,146.7
2024-01-19T17:49:11+01:00,225.27,142.9
2024-01-19T17:51:38+01:00,216.52,139.07
2024-01-19T17:54:05+01:00,208.3,135.4
2024-01-19T17:56:32+01:00,196.9,131.5
2024-01-19T17:58:58+01:00,196.88,126.88
2024-01-19T18:01:24+01:00,183.1,122.28
2024-01-19T18:03:50+01:00,199.93,129.15
2024-01-19T18:06:16+01:00,206.02,134.18
2024-01-19T18:08:42+01:00,204.45,134.8
2024-01-19T18:11:09+01:00,192.7,130.3
2024-01-19T18:13:35+01:00,212.27,134.7
2024-01-19T18:16:01+01:00,217.02,143.5
2024-01-19T18:18:27+01:00,204.65,136.2
2024-01-19T18:20:53+01:00,185.25,121.78
2024-01-19T18:23:19+01:00,188.25,123.32
2024-01-19T18:25:47+01:00,186.32,123.15
2024-01-19T18:28:13+01:00,189.88,122.05
2024-01-19T18:30:39+01:00,188.75,122.1
2024-01-19T18:33:10+01:00,193.8,128.4
2024-01-19T18:35:37+01:00,199.48,133.75
2024-01-19T18:38:04+01:00,214.3,139.25
2024-01-19T18:40:31+01:00,222.25,142.65
2024-01-19T18:42:57+01:00,205.57,140.88
2024-01-19T18:45:23+01:00,198.45,135.93
2024-01-19T18:47:49+01:00,197.27,128.75
2024-01-19T18:50:15+01:00,200.57,137.02
2024-01-19T18:52:41+01:00,199.73,132.95
2024-01-19T18:55:08+01:00,220.63,152.52
2024-01-19T18:57:34+01:00,242.85,163.68
2024-01-19T19:00:06+01:00,215.5,146.93
2024-01-19T19:02:33+01:00,257.7,176.98
2024-01-19T19:05:00+01:00,260.45,182.23
2024-01-19T19:07:26+01:00,226.2,159.63
2024-01-19T19:09:52+01:00,217.85,147.82
2024-01-19T19:12:18+01:00,248.98,171.52
2024-01-19T19:14:44+01:00,282.88,188.1
2024-01-19T19:17:10+01:00,244.2,169.4
2024-01-19T19:19:36+01:00,228.93,160.5
2024-01-19T19:22:03+01:00,272.83,197.38
2024-01-19T19:24:29+01:00,250.77,178.23
2024-01-19T19:26:56+01:00,261.48,183.75
2024-01-19T19:29:22+01:00,292.77,213.7
2024-01-19T19:31:49+01:00,283.92,209.35
2024-01-19T19:34:15+01:00,312.48,227.98
2024-01-19T19:36:41+01:00,317.13,235.82
2024-01-19T19:39:07+01:00,315.88,224.18
2024-01-19T19:41:33+01:00,296.63,211.63
2024-01-19T19:43:59+01:00,301.4,218.23
2024-01-19T19:46:25+01:00,290.65,216.57
2024-01-19T19:48:52+01:00,305.38,222.63
2024-01-19T19:51:18+01:00,289.33,213.48
2024-01-19T19:53:47+01:00,337.27,241.3
2024-01-19T19:56:13+01:00,347.83,243.3
2024-01-19T19:58:39+01:00,358.73,254.85
2024-01-19T20:01:05+01:00,310.08,224.75
2024-01-19T20:03:31+01:00,320.33,232.43
2024-01-19T20:05:57+01:00,313.15,236.43
2024-01-19T20:08:23+01:00,320.3,226.98
2024-01-19T20:10:51+01:00,337.83,237.0
2024-01-19T20:13:17+01:00,359.52,260.0
2024-01-19T20:15:44+01:00,401.2,305.0
2024-01-19T20:18:10+01:00,399.33,297.95
2024-01-19T20:20:36+01:00,348.83,252.98
2024-01-19T20:23:02+01:00,337.88,243.32
2024-01-19T20:25:28+01:00,322.52,242.2
2024-01-19T20:27:55+01:00,334.58,247.6
2024-01-19T20:30:21+01:00,355.7,260.85
2024-01-19T20:32:48+01:00,360.25,269.6
2024-01-19T20:35:14+01:00,390.4,289.02
2024-01-19T20:37:41+01:00,402.02,297.92
2024-01-19T20:40:07+01:00,366.48,268.6
2024-01-19T20:42:34+01:00,323.6,244.93
2024-01-19T20:45:00+01:00,289.6,207.75
2024-01-19T20:47:26+01:00,289.83,207.77
2024-01-19T20:49:52+01:00,310.13,217.85
2024-01-19T20:52:19+01:00,350.08,251.35
2024-01-19T20:54:45+01:00,326.35,241.95
2024-01-19T20:57:11+01:00,281.8,194.25
2024-01-19T20:59:37+01:00,272.08,193.13
2024-01-19T21:02:03+01:00,263.75,181.1
2024-01-19T21:04:29+01:00,37.9,23.15
2024-01-19T21:06:56+01:00,17.25,9.25
2024-01-19T21:09:22+01:00,19.88,9.32
2024-01-19T21:11:48+01:00,18.63,11.43
2024-01-19T21:14:14+01:00,15.18,8.38
2024-01-19T21:16:40+01:00,13.45,7.65
2024-01-19T21:19:06+01:00,15.73,8.45
2024-01-19T21:21:33+01:00,17.9,8.1
2024-01-19T21:24:00+01:00,16.98,8.55
2024-01-19T21:26:29+01:00,18.5,8.73
2024-01-19T21:28:56+01:00,18.92,8.43
2024-01-19T21:31:22+01:00,13.77,8.45
2024-01-19T21:33:48+01:00,21.27,9.18
2024-01-19T21:36:14+01:00,16.27,8.25
2024-01-19T21:38:40+01:00,14.93,8.4
2024-01-19T21:41:06+01:00,14.43,9.73
2024-01-19T21:43:35+01:00,19.65,12.2
2024-01-19T21:46:01+01:00,16.7,11.1
2024-01-19T21:48:28+01:00,17.27,9.77
2024-01-19T21:50:54+01:00,14.73,10.05
2024-01-19T21:53:20+01:00,16.08,10.5
2024-01-19T21:55:46+01:00,13.8,9.77
2024-01-19T21:58:12+01:00,14.55,10.7
2024-01-19T22:00:38+01:00,16.23,10.27
2024-01-19T22:03:04+01:00,18.15,10.27
2024-01-19T22:05:31+01:00,18.73,12.1
2024-01-19T22:07:57+01:00,18.2,12.27
2024-01-19T22:10:23+01:00,15.63,10.2
2024-01-19T22:12:49+01:00,17.0,11.02
2024-01-19T22:15:15+01:00,16.8,12.13
2024-01-19T22:17:42+01:00,16.45,10.82
2024-01-19T22:20:08+01:00,15.3,9.38
2024-01-19T22:22:34+01:00,13.7,8.88
2024-01-19T22:25:00+01:00,16.42,10.18
2024-01-19T22:27:26+01:00,19.6,10.95
2024-01-19T22:29:54+01:00,18.42,11.43
2024-01-19T22:32:23+01:00,23.58,12.93
2024-01-19T22:34:49+01:00,25.67,12.68
2024-01-19T22:37:15+01:00,33.63,17.17
2024-01-19T22:39:41+01:00,46.45,22.08
2024-01-19T22:42:07+01:00,33.75,17.55
2024-01-19T22:44:34+01:00,17.0,10.6
2024-01-19T22:47:00+01:00,18.25,13.27
2024-01-19T22:49:30+01:00,11.1,8.35
2024-01-19T22:51:56+01:00,12.6,7.65
2024-01-19T22:54:22+01:00,10.25,7.78
2024-01-19T22:56:48+01:00,9.2,7.15
2024-01-19T22:59:14+01:00,8.07,5.6
2024-01-19T23:01:44+01:00,11.05,7.75
2024-01-19T23:04:12+01:00,6.28,5.3
2024-01-19T23:06:38+01:00,6.5,5.18
2024-01-19T23:09:04+01:00,9.32,6.25
2024-01-19T23:11:31+01:00,6.82,4.72
2024-01-19T23:13:59+01:00,9.23,5.9
2024-01-19T23:16:25+01:00,12.32,6.68
2024-01-19T23:18:52+01:00,8.93,6.13
2024-01-19T23:21:18+01:00,6.2,4.65
2024-01-19T23:23:44+01:00,7.63,5.4
2024-01-19T23:26:10+01:00,13.2,5.8
2024-01-19T23:28:36+01:00,8.3,5.7
2024-01-19T23:31:02+01:00,8.07,6.22
2024-01-19T23:33:29+01:00,9.55,7.15
2024-01-19T23:35:55+01:00,10.32,7.57
2024-01-19T23:38:21+01:00,7.72,5.75
2024-01-19T23:40:47+01:00,10.6,7.47
2024-01-19T23:43:13+01:00,9.32,6.05
2024-01-19T23:45:42+01:00,11.85,6.9
2024-01-19T23:48:09+01:00,7.88,5.72
2024-01-19T23:50:35+01:00,8.48,5.9
2024-01-19T23:53:01+01:00,7.05,4.88
2024-01-19T23:55:27+01:00,8.57,5.9
2024-01-19T23:57:53+01:00,8.02,6.13
2024-01-20T00:00:19+01:00,6.2,5.32
2024-01-20T00:02:48+01:00,9.23,5.57
2024-01-20T00:05:14+01:00,7.35,5.1
2024-01-20T00:07:40+01:00,9.18,5.82
2024-01-20T00:10:07+01:00,11.52,8.45
2024-01-20T00:12:34+01:00,9.43,7.4
2024-01-20T00:15:03+01:00,13.3,8.55
2024-01-20T00:17:30+01:00,13.82,10.1
2024-01-20T00:19:57+01:00,12.93,9.35
2024-01-20T00:22:23+01:00,9.73,5.57
2024-01-20T00:24:52+01:00,6.28,5.05
2024-01-20T00:27:18+01:00,7.55,5.75
2024-01-20T00:29:45+01:00,6.53,4.72
2024-01-20T00:32:11+01:00,5.7,4.05
2024-01-20T00:34:38+01:00,5.85,3.9
2024-01-20T00:37:04+01:00,4.75,3.35
2024-01-20T00:39:30+01:00,8.23,4.63
2024-01-20T00:41:56+01:00,5.2,3.08
2024-01-20T00:44:22+01:00,4.18,3.7
2024-01-20T00:46:48+01:00,6.57,4.93
2024-01-20T00:49:14+01:00,6.72,3.9
2024-01-20T00:51:40+01:00,7.45,5.3
2024-01-20T00:54:06+01:00,6.5,3.9
2024-01-20T00:56:32+01:00,4.75,3.5
2024-01-20T00:58:58+01:00,4.57,3.4
2024-01-20T01:01:25+01:00,3.55,2.9
2024-01-20T01:03:51+01:00,4.5,3.58
2024-01-20T01:06:17+01:00,3.2,2.8
2024-01-20T01:08:43+01:00,5.82,4.9
2024-01-20T01:11:09+01:00,5.35,3.25
2024-01-20T01:13:35+01:00,4.1,3.4
2024-01-20T01:16:01+01:00,3.45,3.05
2024-01-20T01:18:28+01:00,4.88,3.8
2024-01-20T01:20:54+01:00,5.68,4.13
2024-01-20T01:23:20+01:00,6.0,4.2
2024-01-20T01:25:46+01:00,5.63,4.3
2024-01-20T01:28:12+01:00,6.53,4.18
2024-01-20T01:30:38+01:00,4.43,3.7
2024-01-20T01:33:05+01:00,7.35,5.78
2024-01-20T01:35:34+01:00,5.15,4.0
2024-01-20T01:38:01+01:00,7.03,5.0
2024-01-20T01:40:27+01:00,4.85,3.92
2024-01-20T01:42:53+01:00,5.85,3.75
2024-01-20T01:45:20+01:00,7.35,4.2
2024-01-20T01:47:46+01:00,4.28,3.6
2024-01-20T01:50:12+01:00,5.35,3.72
2024-01-20T01:52:38+01:00,4.97,3.85
2024-01-20T01:55:04+01:00,6.18,3.42
2024-01-20T01:57:30+01:00,4.13,3.65
2024-01-20T01:59:57+01:00,4.38,3.97
2024-01-20T02:02:24+01:00,4.07,3.6
2024-01-20T02:04:50+01:00,5.2,4.22
2024-01-20T02:07:16+01:00,4.93,4.43
2024-01-20T02:09:42+01:00,6.82,5.32
2024-01-20T02:12:08+01:00,5.75,4.43
2024-01-20T02:14:34+01:00,4.75,4.3
2024-01-20T02:17:00+01:00,5.15,4.0
2024-01-20T02:19:27+01:00,6.2,5.03
2024-01-20T02:21:53+01:00,5.4,4.8
2024-01-20T02:24:19+01:00,5.28,4.07
2024-01-20T02:26:46+01:00,4.8,3.78
2024-01-20T02:29:12+01:00,3.72,3.4
2024-01-20T02:31:38+01:00,4.18,3.47
2024-01-20T02:34:04+01:00,4.05,3.65
2024-01-20T02:36:30+01:00,7.35,5.55
2024-01-20T02:38:56+01:00,3.67,3.38
2024-01-20T02:41:22+01:00,6.53,4.78
2024-01-20T02:43:48+01:00,7.75,5.85
2024-01-20T02:46:14+01:00,6.8,4.65
2024-01-20T02:48:40+01:00,9.18,5.85
2024-01-20T02:51:06+01:00,5.65,4.5
2024-01-20T02:53:33+01:00,7.0,5.05
2024-01-20T02:55:59+01:00,5.18,3.7
2024-01-20T02:58:26+01:00,6.22,4.95
2024-01-20T03:00:52+01:00,3.8,3.4
2024-01-20T03:03:19+01:00,3.9,3.5
2024-01-20T03:05:45+01:00,3.45,2.75
2024-01-20T03:08:11+01:00,4.75,3.65
2024-01-20T03:10:40+01:00,4.2,3.8
2024-01-20T03:13:08+01:00,3.5,3.2
2024-01-20T03:15:34+01:00,4.13,3.17
2024-01-20T03:18:01+01:00,3.75,3.2
2024-01-20T03:20:27+01:00,3.6,3.15
2024-01-20T03:22:53+01:00,4.05,2.5
2024-01-20T03:25:19+01:00,4.18,2.92
2024-01-20T03:27:45+01:00,4.03,3.35
2024-01-20T03:30:12+01:00,6.78,4.8
2024-01-20T03:32:38+01:00,4.5,3.8
2024-01-20T03:35:04+01:00,5.28,4.3
2024-01-20T03:37:30+01:00,3.7,3.15
2024-01-20T03:39:56+01:00,5.1,3.95
2024-01-20T03:42:22+01:00,6.38,4.75
2024-01-20T03:44:48+01:00,5.55,4.55
2024-01-20T03:47:15+01:00,5.28,3.8
2024-01-20T03:49:41+01:00,5.8,4.32
2024-01-20T03:52:07+01:00,3.47,3.1
2024-01-20T03:54:33+01:00,4.13,3.4
2024-01-20T03:56:59+01:00,7.22,5.88
2024-01-20T03:59:25+01:00,11.0,9.18
2024-01-20T04:01:52+01:00,10.2,9.1
2024-01-20T04:04:18+01:00,11.13,10.0
2024-01-20T04:06:44+01:00,10.77,9.73
2024-01-20T04:09:10+01:00,11.2,10.0
2024-01-20T04:11:40+01:00,11.45,10.05
2024-01-20T04:14:07+01:00,12.23,10.9
2024-01-20T04:16:33+01:00,22.25,17.55
2024-01-20T04:18:59+01:00,13.15,11.45
2024-01-20T04:21:25+01:00,15.65,13.07
2024-01-20T04:23:52+01:00,13.63,12.2
2024-01-20T04:26:21+01:00,13.5,12.1
2024-01-20T04:28:47+01:00,12.05,10.68
2024-01-20T04:31:14+01:00,11.52,10.32
2024-01-20T04:33:40+01:00,7.28,6.2
2024-01-20T04:36:06+01:00,7.5,5.9
2024-01-20T04:38:32+01:00,8.2,5.07
2024-01-20T04:40:58+01:00,5.2,4.35
2024-01-20T04:43:24+01:00,6.0,4.9
2024-01-20T04:45:51+01:00,5.32,4.28
2024-01-20T04:48:18+01:00,4.82,4.15
2024-01-20T04:50:44+01:00,5.68,4.55
2024-01-20T04:53:10+01:00,7.72,6.68
2024-01-20T04:55:36+01:00,8.6,6.82
2024-01-20T04:58:03+01:00,4.53,3.9
2024-01-20T05:00:29+01:00,7.8,6.32
2024-01-20T05:02:55+01:00,5.68,5.07
2024-01-20T05:05:22+01:00,7.32,5.82
2024-01-20T05:07:48+01:00,6.63,5.78
2024-01-20T05:10:14+01:00,7.22,6.53
2024-01-20T05:12:40+01:00,7.2,6.5
2024-01-20T05:15:06+01:00,8.05,7.35
2024-01-20T05:17:33+01:00,9.43,7.53
2024-01-20T05:19:59+01:00,9.38,8.38
2024-01-20T05:22:25+01:00,11.23,9.07
2024-01-20T05:24:51+01:00,10.4,9.3
2024-01-20T05:27:17+01:00,12.13,10.32
2024-01-20T05:29:43+01:00,11.27,10.18
2024-01-20T05:32:09+01:00,11.93,10.73
2024-01-20T05:34:35+01:00,11.48,10.27
2024-01-20T05:37:01+01:00,10.52,9.43
2024-01-20T05:39:27+01:00,11.93,10.18
2024-01-20T05:41:54+01:00,10.5,9.43
2024-01-20T05:44:20+01:00,11.48,10.27
2024-01-20T05:46:47+01:00,12.32,11.02
2024-01-20T05:49:13+01:00,8.05,7.28
2024-01-20T05:51:39+01:00,10.68,9.57
2024-01-20T05:54:05+01:00,9.35,8.45
2024-01-20T05:56:31+01:00,12.73,11.43
2024-01-20T05:58:57+01:00,14.6,12.98
2024-01-20T06:01:23+01:00,18.35,13.88
2024-01-20T06:03:49+01:00,16.45,13.88
2024-01-20T06:06:16+01:00,6.47,5.68
2024-01-20T06:08:42+01:00,6.47,5.88
2024-01-20T06:11:08+01:00,6.6,5.32
2024-01-20T06:13:34+01:00,6.63,5.2
2024-01-20T06:16:00+01:00,4.65,4.1
2024-01-20T06:18:26+01:00,5.13,4.3
2024-01-20T06:20:52+01:00,5.07,4.38
2024-01-20T06:23:18+01:00,5.18,4.05
2024-01-20T06:25:44+01:00,4.57,3.8
2024-01-20T06:28:10+01:00,5.28,4.05
2024-01-20T06:30:36+01:00,7.88,5.35
2024-01-20T06:33:02+01:00,7.05,5.28
2024-01-20T06:35:28+01:00,9.65,6.45
2024-01-20T06:37:54+01:00,5.2,4.07
2024-01-20T06:40:20+01:00,12.68,8.07
2024-01-20T06:42:46+01:00,10.65,7.45
2024-01-20T06:45:13+01:00,10.8,7.8
2024-01-20T06:47:40+01:00,6.18,5.1
2024-01-20T06:50:06+01:00,5.0,4.18
2024-01-20T06:52:33+01:00,6.47,5.18
2024-01-20T06:54:59+01:00,4.78,4.2
2024-01-20T06:57:25+01:00,5.45,4.8
2024-01-20T06:59:51+01:00,3.83,3.0
2024-01-20T07:02:17+01:00,3.55,2.58
2024-01-20T07:04:44+01:00,6.32,4.9
2024-01-20T07:07:10+01:00,5.4,4.28
2024-01-20T07:09:36+01:00,4.78,4.1
2024-01-20T07:12:02+01:00,6.18,4.72
2024-01-20T07:14:28+01:00,2.2,1.9
2024-01-20T07:16:54+01:00,4.75,4.35
2024-01-20T07:19:20+01:00,4.72,3.88
2024-01-20T07:21:46+01:00,3.7,3.3
2024-01-20T07:24:12+01:00,4.63,3.9
2024-01-20T07:26:38+01:00,8.15,7.35
2024-01-20T07:29:04+01:00,11.82,9.0
2024-01-20T07:31:30+01:00,8.85,7.95
2024-01-20T07:33:56+01:00,6.78,6.0
2024-01-20T07:36:23+01:00,6.82,5.43
2024-01-20T07:38:52+01:00,5.03,4.25
2024-01-20T07:41:18+01:00,4.4,3.55
2024-01-20T07:43:44+01:00,5.05,3.8
2024-01-20T07:46:10+01:00,4.5,3.6
2024-01-20T07:48:36+01:00,3.88,3.47
2024-01-20T07:51:03+01:00,4.15,3.75
2024-01-20T07:53:29+01:00,4.38,3.8
2024-01-20T07:55:57+01:00,2.67,2.28
2024-01-20T07:58:23+01:00,4.2,3.08
2024-01-20T08:00:49+01:00,2.8,2.0
2024-01-20T08:03:16+01:00,7.63,4.97
2024-01-20T08:05:42+01:00,10.02,7.2
2024-01-20T08:08:08+01:00,27.83,16.23
2024-01-20T08:10:35+01:00,6.88,3.47
2024-01-20T08:13:01+01:00,3.38,2.6
2024-01-20T08:15:27+01:00,11.32,8.27
2024-01-20T08:17:56+01:00,4.53,3.47
2024-01-20T08:20:23+01:00,3.42,2.3
2024-01-20T08:22:50+01:00,3.0,2.38
2024-01-20T08:25:17+01:00,4.32,3.7
2024-01-20T08:27:43+01:00,4.9,4.0
2024-01-20T08:30:09+01:00,4.68,4.05
2024-01-20T08:32:37+01:00,4.15,3.72
2024-01-20T08:35:07+01:00,3.15,2.67
2024-01-20T08:37:33+01:00,3.0,2.35
2024-01-20T08:40:05+01:00,3.58,2.25
2024-01-20T08:42:31+01:00,2.9,2.5
2024-01-20T08:44:59+01:00,18.08,5.28
2024-01-20T08:47:25+01:00,39.28,13.07
2024-01-20T08:49:52+01:00,6.97,5.22
2024-01-20T08:52:18+01:00,2.33,2.13
2024-01-20T08:54:44+01:00,5.8,4.15
2024-01-20T08:57:10+01:00,4.35,3.95
2024-01-20T08:59:36+01:00,5.7,3.95
2024-01-20T09:02:02+01:00,5.3,4.3
2024-01-20T09:04:28+01:00,4.38,3.97
2024-01-20T09:06:54+01:00,5.53,4.22
2024-01-20T09:09:20+01:00,3.33,2.25
2024-01-20T09:11:47+01:00,5.78,5.1
2024-01-20T09:14:13+01:00,6.5,5.1
2024-01-20T09:16:39+01:00,7.63,5.68
2024-01-20T09:19:06+01:00,38.03,19.05
2024-01-20T09:21:32+01:00,37.8,14.13
2024-01-20T09:23:59+01:00,15.95,7.22
2024-01-20T09:26:25+01:00,3.45,2.67
2024-01-20T09:28:51+01:00,3.08,2.55
2024-01-20T09:31:17+01:00,2.97,2.53
2024-01-20T09:33:43+01:00,5.7,5.1
2024-01-20T09:36:09+01:00,4.8,4.22
2024-01-20T09:38:36+01:00,5.72,4.72
2024-01-20T09:41:08+01:00,6.78,5.2
2024-01-20T09:43:44+01:00,2.75,2.35
2024-01-20T09:46:10+01:00,3.13,2.65
2024-01-20T09:48:36+01:00,3.15,2.65
2024-01-20T09:51:02+01:00,2.75,2.25
2024-01-20T09:53:28+01:00,3.13,2.42
2024-01-20T09:55:55+01:00,3.67,2.9
2024-01-20T09:58:21+01:00,9.73,4.7
2024-01-20T10:00:47+01:00,6.72,5.07
2024-01-20T10:03:13+01:00,7.78,6.1
2024-01-20T10:05:41+01:00,6.38,5.47
2024-01-20T10:08:07+01:00,3.1,2.55
2024-01-20T10:10:35+01:00,7.7,6.07
2024-01-20T10:13:02+01:00,8.65,6.1
2024-01-20T10:15:28+01:00,3.58,2.95
2024-01-20T10:17:54+01:00,6.05,3.0
2024-01-20T10:20:20+01:00,3.63,3.05
2024-01-20T10:22:46+01:00,4.4,3.38
2024-01-20T10:25:12+01:00,7.0,5.38
2024-01-20T10:27:38+01:00,7.5,5.3
2024-01-20T10:30:05+01:00,7.93,3.25
2024-01-20T10:32:32+01:00,5.25,2.65
2024-01-20T10:35:02+01:00,4.32,3.2
2024-01-20T10:37:31+01:00,7.32,4.88
2024-01-20T10:39:57+01:00,6.28,5.2
2024-01-20T10:42:25+01:00,6.07,4.65
2024-01-20T10:44:51+01:00,3.83,2.78
2024-01-20T10:47:18+01:00,2.4,2.1
2024-01-20T10:49:44+01:00,5.8,3.42
2024-01-20T10:52:14+01:00,7.28,4.6
2024-01-20T10:54:44+01:00,8.73,5.22
2024-01-20T10:57:13+01:00,4.2,2.95
2024-01-20T10:59:40+01:00,7.15,5.05
2024-01-20T11:02:07+01:00,4.4,3.97
2024-01-20T11:04:38+01:00,4.88,4.35
2024-01-20T11:07:05+01:00,7.22,4.6
2024-01-20T11:09:31+01:00,7.13,4.9
2024-01-20T11:11:57+01:00,6.18,4.53
2024-01-20T11:14:24+01:00,7.6,4.1
2024-01-20T11:16:50+01:00,7.45,4.43
2024-01-20T11:19:16+01:00,2.1,1.9
2024-01-20T11:21:42+01:00,3.13,2.35
2024-01-20T11:24:08+01:00,3.78,2.88
2024-01-20T11:26:41+01:00,2.95,2.7
2024-01-20T11:29:07+01:00,4.28,2.78
2024-01-20T11:31:34+01:00,3.55,2.65
2024-01-20T11:34:00+01:00,6.63,4.72
2024-01-20T11:36:27+01:00,7.72,4.5
2024-01-20T11:38:53+01:00,7.82,4.8
2024-01-20T11:41:23+01:00,4.3,3.13
2024-01-20T11:44:00+01:00,6.63,4.6
2024-01-20T11:46:27+01:00,8.68,4.45
2024-01-20T11:48:59+01:00,5.35,4.45
2024-01-20T11:51:26+01:00,9.82,5.65
2024-01-20T11:53:56+01:00,8.9,4.7
2024-01-20T11:56:22+01:00,8.68,5.4
2024-01-20T11:58:54+01:00,11.73,6.05
2024-01-20T12:01:22+01:00,7.97,4.88
2024-01-20T12:03:48+01:00,7.47,4.47
2024-01-20T12:06:18+01:00,7.3,3.15
2024-01-20T12:08:48+01:00,8.68,5.47
2024-01-20T12:11:15+01:00,8.93,5.38
2024-01-20T12:13:41+01:00,8.8,5.57
2024-01-20T12:16:17+01:00,7.45,4.88
2024-01-20T12:18:44+01:00,8.03,5.23
2024-01-20T12:21:13+01:00,7.72,5.18
2024-01-20T12:23:40+01:00,7.85,5.18
2024-01-20T12:26:10+01:00,10.07,5.7
2024-01-20T12:28:37+01:00,7.65,5.1
2024-01-20T12:31:16+01:00,7.88,5.13
2024-01-20T12:33:42+01:00,9.6,5.72
2024-01-20T12:36:09+01:00,12.77,6.1
2024-01-20T12:38:36+01:00,12.48,6.15
2024-01-20T12:41:02+01:00,11.13,6.75
2024-01-20T12:43:28+01:00,9.48,5.85
2024-01-20T12:45:54+01:00,8.4,5.85
2024-01-20T12:48:21+01:00,8.73,6.25
2024-01-20T12:50:47+01:00,13.57,6.95
2024-01-20T12:53:14+01:00,9.57,6.55
2024-01-20T12:55:40+01:00,10.1,6.0
2024-01-20T12:58:06+01:00,9.2,6.3
2024-01-20T13:00:32+01:00,11.75,7.1
2024-01-20T13:02:58+01:00,10.55,6.4
2024-01-20T13:05:24+01:00,12.13,7.05
2024-01-20T13:07:50+01:00,9.5,6.95
2024-01-20T13:10:17+01:00,11.3,7.9
2024-01-20T13:12:44+01:00,11.48,7.18
2024-01-20T13:15:11+01:00,9.93,7.47
2024-01-20T13:17:40+01:00,10.52,6.75
2024-01-20T13:20:06+01:00,12.0,7.6
2024-01-20T13:22:32+01:00,15.5,9.55
2024-01-20T13:24:58+01:00,15.82,10.18
2024-01-20T13:27:24+01:00,10.88,7.57
2024-01-20T13:29:50+01:00,12.25,8.1
2024-01-20T13:32:17+01:00,13.3,8.73
2024-01-20T13:34:44+01:00,11.98,8.02
2024-01-20T13:37:10+01:00,14.38,7.8
2024-01-20T13:39:36+01:00,5.88,4.1
2024-01-20T13:42:02+01:00,8.15,4.93
2024-01-20T13:44:28+01:00,5.72,4.15
2024-01-20T13:46:55+01:00,4.03,2.97
2024-01-20T13:49:21+01:00,10.95,7.47
2024-01-20T13:51:47+01:00,12.23,7.35
2024-01-20T13:54:13+01:00,12.3,7.88
2024-01-20T13:56:40+01:00,5.72,3.63
2024-01-20T13:59:06+01:00,4.05,2.97
2024-01-20T14:01:32+01:00,12.4,8.3
2024-01-20T14:03:58+01:00,10.55,5.13
2024-01-20T14:06:24+01:00,12.7,9.45
2024-01-20T14:08:50+01:00,19.15,5.82
2024-01-20T14:11:16+01:00,5.95,3.28
2024-01-20T14:13:42+01:00,8.35,5.45
2024-01-20T14:16:09+01:00,4.4,3.38
2024-01-20T14:18:35+01:00,11.68,8.27
2024-01-20T14:21:01+01:00,7.9,5.6
2024-01-20T14:23:27+01:00,5.25,4.22
2024-01-20T14:25:54+01:00,11.55,8.6
2024-01-20T14:28:20+01:00,11.35,8.18
2024-01-20T14:30:48+01:00,11.73,7.8
2024-01-20T14:33:14+01:00,13.75,9.3
2024-01-20T14:35:41+01:00,6.43,4.35
2024-01-20T14:38:07+01:00,7.4,4.07
2024-01-20T14:40:33+01:00,5.2,3.13
2024-01-20T14:42:59+01:00,11.82,8.35
2024-01-20T14:45:25+01:00,12.25,8.23
2024-01-20T14:47:51+01:00,12.52,9.1
2024-01-20T14:50:18+01:00,8.43,4.3
2024-01-20T14:52:44+01:00,9.18,5.45
2024-01-20T14:55:10+01:00,7.72,4.07
2024-01-20T14:57:36+01:00,14.18,10.8
2024-01-20T15:00:02+01:00,12.88,8.95
2024-01-20T15:02:28+01:00,11.38,8.88
2024-01-20T15:04:54+01:00,14.98,9.88
2024-01-20T15:07:21+01:00,13.43,9.6
2024-01-20T15:09:47+01:00,7.5,4.35
2024-01-20T15:12:13+01:00,14.02,9.9
2024-01-20T15:14:39+01:00,14.95,10.27
2024-01-20T15:17:06+01:00,8.95,4.2
2024-01-20T15:19:32+01:00,12.0,8.75
2024-01-20T15:21:58+01:00,13.52,8.85
2024-01-20T15:24:24+01:00,14.18,8.88
2024-01-20T15:26:50+01:00,13.27,8.88
2024-01-20T15:29:16+01:00,4.2,2.83
2024-01-20T15:31:48+01:00,4.72,3.13
2024-01-20T15:34:15+01:00,2.78,2.47
2024-01-20T15:36:42+01:00,11.93,8.85
2024-01-20T15:39:10+01:00,15.1,9.88
2024-01-20T15:41:36+01:00,14.02,9.43
2024-01-20T15:44:02+01:00,14.1,9.38
2024-01-20T15:46:28+01:00,7.2,4.65
2024-01-20T15:48:56+01:00,3.05,2.7
2024-01-20T15:51:23+01:00,16.42,10.07
2024-01-20T15:53:49+01:00,4.63,2.97
2024-01-20T15:56:15+01:00,11.23,4.72
2024-01-20T15:58:41+01:00,11.85,4.1
2024-01-20T16:01:07+01:00,14.3,10.1
2024-01-20T16:03:33+01:00,11.9,8.98
2024-01-20T16:05:59+01:00,10.5,8.32
2024-01-20T16:08:25+01:00,6.0,3.92
2024-01-20T16:10:51+01:00,10.9,8.13
2024-01-20T16:13:17+01:00,5.22,3.88
2024-01-20T16:15:43+01:00,4.25,2.9
2024-01-20T16:18:09+01:00,15.77,10.32
2024-01-20T16:20:35+01:00,4.38,2.65
2024-01-20T16:23:01+01:00,7.78,4.68
2024-01-20T16:25:28+01:00,6.22,3.7
2024-01-20T16:27:54+01:00,7.13,4.6
2024-01-20T16:30:20+01:00,16.55,10.8
2024-01-20T16:32:47+01:00,15.7,6.07
2024-01-20T16:35:14+01:00,10.48,5.78
2024-01-20T16:37:40+01:00,6.35,2.3
2024-01-20T16:40:06+01:00,12.77,8.27
2024-01-20T16:42:32+01:00,11.52,8.8
2024-01-20T16:44:58+01:00,15.85,10.25
2024-01-20T16:47:25+01:00,7.45,5.55
2024-01-20T16:49:51+01:00,6.65,3.85
2024-01-20T16:52:17+01:00,5.07,3.5
2024-01-20T16:54:44+01:00,7.6,4.93
2024-01-20T16:57:10+01:00,5.55,4.15
2024-01-20T16:59:36+01:00,5.45,3.4
2024-01-20T17:02:02+01:00,13.85,9.32
2024-01-20T17:04:29+01:00,12.63,9.1
2024-01-20T17:07:00+01:00,6.97,3.63
2024-01-20T17:09:26+01:00,15.95,9.9
2024-01-20T17:11:52+01:00,8.68,4.68
2024-01-20T17:14:22+01:00,8.35,3.75
2024-01-20T17:16:48+01:00,4.88,3.35
2024-01-20T17:19:14+01:00,7.28,3.97
2024-01-20T17:21:40+01:00,18.02,10.48
2024-01-20T17:24:06+01:00,5.63,3.35
2024-01-20T17:26:32+01:00,16.45,10.9
2024-01-20T17:28:58+01:00,17.98,11.43
2024-01-20T17:31:24+01:00,15.93,10.63
2024-01-20T17:33:50+01:00,6.15,4.15
2024-01-20T17:36:17+01:00,6.1,3.7
2024-01-20T17:38:46+01:00,5.95,4.0
2024-01-20T17:41:12+01:00,14.7,10.1
2024-01-20T17:43:38+01:00,5.88,3.7
2024-01-20T17:46:04+01:00,9.55,4.25
2024-01-20T17:48:30+01:00,15.75,10.95
2024-01-20T17:50:56+01:00,16.02,10.7
2024-01-20T17:53:25+01:00,12.73,10.1
2024-01-20T17:55:51+01:00,16.83,11.2
2024-01-20T17:58:17+01:00,7.28,4.78
2024-01-20T18:00:44+01:00,4.47,3.45
2024-01-20T18:03:10+01:00,10.35,4.82
2024-01-20T18:05:36+01:00,4.45,3.6
2024-01-20T18:08:04+01:00,7.4,4.93
2024-01-20T18:10:30+01:00,17.98,11.85
2024-01-20T18:12:56+01:00,9.1,4.05
2024-01-20T18:15:22+01:00,18.98,13.05
2024-01-20T18:17:49+01:00,27.52,17.08
2024-01-20T18:20:15+01:00,12.18,6.8
2024-01-20T18:22:41+01:00,7.0,4.63
2024-01-20T18:25:08+01:00,4.78,3.9
2024-01-20T18:27:38+01:00,6.78,4.82
2024-01-20T18:30:04+01:00,5.53,3.97
2024-01-20T18:32:31+01:00,4.88,3.28
2024-01-20T18:34:57+01:00,20.02,14.02
2024-01-20T18:37:23+01:00,6.6,4.2
2024-01-20T18:39:49+01:00,8.23,5.32
2024-01-20T18:42:16+01:00,14.15,7.15
2024-01-20T18:44:42+01:00,22.52,15.0
2024-01-20T18:47:08+01:00,19.0,14.27
2024-01-20T18:49:35+01:00,12.13,7.38
2024-01-20T18:52:01+01:00,17.5,13.15
2024-01-20T18:54:27+01:00,20.05,14.5
2024-01-20T18:57:00+01:00,13.02,5.05
2024-01-20T18:59:26+01:00,11.45,4.75
2024-01-20T19:01:53+01:00,18.88,14.1
2024-01-20T19:04:19+01:00,7.4,5.63
2024-01-20T19:06:46+01:00,7.53,4.18
2024-01-20T19:09:12+01:00,19.23,13.82
2024-01-20T19:11:38+01:00,22.73,14.65
2024-01-20T19:14:08+01:00,19.33,14.73
2024-01-20T19:16:36+01:00,18.8,13.65
2024-01-20T19:19:02+01:00,19.42,13.8
2024-01-20T19:21:28+01:00,11.0,5.63
2024-01-20T19:23:55+01:00,11.0,6.0
2024-01-20T19:26:21+01:00,19.95,13.75
2024-01-20T19:28:47+01:00,18.35,12.57
2024-01-20T19:31:13+01:00,16.7,13.23
2024-01-20T19:33:39+01:00,16.6,12.9
2024-01-20T19:36:05+01:00,11.25,7.82
2024-01-20T19:38:34+01:00,12.07,7.63
2024-01-20T19:41:01+01:00,17.58,13.1
2024-01-20T19:43:27+01:00,19.15,12.88
2024-01-20T19:45:53+01:00,11.6,5.28
2024-01-20T19:48:22+01:00,8.75,5.28
2024-01-20T19:50:49+01:00,10.68,5.95
2024-01-20T19:53:15+01:00,11.6,6.68
2024-01-20T19:55:41+01:00,7.15,4.65
2024-01-20T19:58:07+01:00,11.2,6.65
2024-01-20T20:00:34+01:00,8.02,5.25
2024-01-20T20:03:00+01:00,18.98,13.73
2024-01-20T20:05:26+01:00,18.0,14.1
2024-01-20T20:07:52+01:00,19.98,15.25
2024-01-20T20:10:18+01:00,8.4,4.82
2024-01-20T20:12:44+01:00,18.65,14.57
2024-01-20T20:15:11+01:00,6.75,5.0
2024-01-20T20:17:40+01:00,18.75,14.98
2024-01-20T20:20:06+01:00,20.58,15.25
2024-01-20T20:22:35+01:00,20.9,15.57
2024-01-20T20:25:02+01:00,22.7,16.2
2024-01-20T20:27:28+01:00,20.75,16.02
2024-01-20T20:29:54+01:00,19.8,15.45
2024-01-20T20:32:20+01:00,19.13,15.8
2024-01-20T20:34:47+01:00,24.2,16.98
2024-01-20T20:37:13+01:00,6.93,5.1
2024-01-20T20:39:40+01:00,21.67,16.7
2024-01-20T20:42:07+01:00,12.0,7.15
2024-01-20T20:44:34+01:00,19.77,16.3
2024-01-20T20:47:00+01:00,13.18,8.32
2024-01-20T20:49:30+01:00,11.13,7.13
2024-01-20T20:51:56+01:00,22.77,17.02
2024-01-20T20:54:25+01:00,25.27,19.75
2024-01-20T20:56:51+01:00,26.8,18.95
2024-01-20T20:59:17+01:00,20.98,16.27
2024-01-20T21:01:45+01:00,22.73,16.92
2024-01-20T21:04:12+01:00,22.55,17.35
2024-01-20T21:06:43+01:00,23.6,16.98
2024-01-20T21:09:09+01:00,10.55,7.18
2024-01-20T21:11:35+01:00,11.95,7.47
2024-01-20T21:14:01+01:00,10.85,6.65
2024-01-20T21:16:27+01:00,11.18,6.7
2024-01-20T21:18:54+01:00,11.73,6.75
2024-01-20T21:21:20+01:00,23.0,17.17
2024-01-20T21:23:46+01:00,23.7,17.58
2024-01-20T21:26:12+01:00,23.23,17.58
2024-01-20T21:28:38+01:00,22.25,18.1
2024-01-20T21:31:05+01:00,21.92,17.02
2024-01-20T21:33:31+01:00,23.08,17.27
2024-01-20T21:35:57+01:00,14.45,9.45
2024-01-20T21:38:23+01:00,9.63,6.85
2024-01-20T21:40:49+01:00,21.58,17.42
2024-01-20T21:43:19+01:00,25.45,18.35
2024-01-20T21:45:46+01:00,22.88,17.42
2024-01-20T21:48:13+01:00,20.83,17.1
2024-01-20T21:50:40+01:00,21.42,16.65
2024-01-20T21:53:06+01:00,13.23,7.25
2024-01-20T21:55:32+01:00,21.33,16.95
2024-01-20T21:58:00+01:00,23.13,18.4
2024-01-20T22:00:26+01:00,22.02,18.27
2024-01-20T22:02:52+01:00,21.2,17.45
2024-01-20T22:05:18+01:00,21.42,17.17
2024-01-20T22:07:45+01:00,25.6,18.2
2024-01-20T22:10:11+01:00,30.8,22.08
2024-01-20T22:12:42+01:00,25.08,18.13
2024-01-20T22:15:08+01:00,23.83,18.4
2024-01-20T22:17:35+01:00,36.63,23.9
2024-01-20T22:20:01+01:00,13.93,7.6
2024-01-20T22:22:27+01:00,11.63,6.75
2024-01-20T22:24:53+01:00,25.85,18.0
2024-01-20T22:27:19+01:00,23.9,19.27
2024-01-20T22:29:46+01:00,23.52,18.23
2024-01-20T22:32:13+01:00,13.15,8.98
2024-01-20T22:34:39+01:00,13.88,7.18
2024-01-20T22:37:05+01:00,24.35,19.65
2024-01-20T22:39:31+01:00,17.38,9.02
2024-01-20T22:41:57+01:00,28.67,22.88
2024-01-20T22:44:23+01:00,23.75,18.35
2024-01-20T22:46:50+01:00,20.85,17.2
2024-01-20T22:49:17+01:00,26.95,19.7
2024-01-20T22:51:43+01:00,11.73,7.55
2024-01-20T22:54:09+01:00,16.55,8.48
2024-01-20T22:56:39+01:00,19.23,10.82
2024-01-20T22:59:05+01:00,22.7,18.6
2024-01-20T23:01:35+01:00,28.6,21.85
2024-01-20T23:04:01+01:00,31.63,23.27
2024-01-20T23:06:28+01:00,31.35,24.23
2024-01-20T23:08:54+01:00,59.65,41.05
2024-01-20T23:11:21+01:00,48.97,33.9
2024-01-20T23:13:48+01:00,51.47,37.75
2024-01-20T23:16:14+01:00,43.65,33.15
2024-01-20T23:18:41+01:00,52.7,39.3
2024-01-20T23:21:10+01:00,48.33,22.8
2024-01-20T23:23:36+01:00,75.53,54.95
2024-01-20T23:26:02+01:00,49.95,36.65
2024-01-20T23:28:28+01:00,57.17,42.3
2024-01-20T23:30:54+01:00,27.9,15.75
2024-01-20T23:33:20+01:00,74.43,55.45
2024-01-20T23:35:47+01:00,47.88,23.9
2024-01-20T23:38:13+01:00,50.38,37.33
2024-01-20T23:40:39+01:00,40.88,29.98
2024-01-20T23:43:05+01:00,47.4,37.0
2024-01-20T23:45:31+01:00,81.8,58.95
2024-01-20T23:47:58+01:00,93.65,68.4
2024-01-20T23:50:24+01:00,42.45,24.92
2024-01-20T23:52:50+01:00,47.92,20.25
2024-01-20T23:55:16+01:00,103.97,78.85
2024-01-20T23:57:42+01:00,117.45,87.53
2024-01-21T00:00:08+01:00,103.18,77.95
2024-01-21T00:02:43+01:00,111.47,82.53
2024-01-21T00:05:10+01:00,106.7,80.53
2024-01-21T00:07:36+01:00,114.18,83.38
2024-01-21T00:10:05+01:00,108.88,79.0
2024-01-21T00:12:33+01:00,111.28,81.6
2024-01-21T00:14:59+01:00,79.55,37.58
2024-01-21T00:17:25+01:00,87.53,39.7
2024-01-21T00:19:51+01:00,109.9,82.88
2024-01-21T00:22:17+01:00,114.22,86.2
2024-01-21T00:24:43+01:00,105.5,80.65
2024-01-21T00:27:09+01:00,115.93,84.72
2024-01-21T00:29:35+01:00,117.3,85.8
2024-01-21T00:32:02+01:00,81.47,38.15
2024-01-21T00:34:28+01:00,26.67,15.63
2024-01-21T00:36:57+01:00,96.9,40.38
2024-01-21T00:39:23+01:00,117.32,85.7
2024-01-21T00:41:49+01:00,80.55,59.95
2024-01-21T00:44:15+01:00,55.5,26.58
2024-01-21T00:46:41+01:00,70.47,52.2
2024-01-21T00:49:07+01:00,70.65,53.05
2024-01-21T00:51:33+01:00,74.45,56.65
2024-01-21T00:54:00+01:00,75.1,55.63
2024-01-21T00:56:26+01:00,69.97,54.63
2024-01-21T00:58:52+01:00,92.5,67.2
2024-01-21T01:01:18+01:00,85.53,64.45
2024-01-21T01:03:45+01:00,58.33,43.83
2024-01-21T01:06:11+01:00,88.45,63.63
2024-01-21T01:08:37+01:00,89.32,40.67
2024-01-21T01:11:03+01:00,99.32,73.05
2024-01-21T01:13:29+01:00,86.95,62.95
2024-01-21T01:15:56+01:00,110.6,78.4
2024-01-21T01:18:22+01:00,92.18,42.53
2024-01-21T01:20:48+01:00,87.18,40.5
2024-01-21T01:23:14+01:00,114.4,83.75
2024-01-21T01:25:40+01:00,92.8,43.05
2024-01-21T01:28:06+01:00,72.05,53.28
2024-01-21T01:30:32+01:00,111.82,82.15
2024-01-21T01:32:58+01:00,70.53,31.45
2024-01-21T01:35:24+01:00,108.47,77.93
2024-01-21T01:37:50+01:00,84.28,39.63
2024-01-21T01:40:16+01:00,77.13,34.22
2024-01-21T01:42:43+01:00,82.05,35.85
2024-01-21T01:45:09+01:00,116.47,82.6
2024-01-21T01:47:35+01:00,119.35,80.65
2024-01-21T01:50:01+01:00,101.0,68.25
2024-01-21T01:52:28+01:00,101.15,70.13
2024-01-21T01:54:54+01:00,101.45,71.57
2024-01-21T01:57:20+01:00,98.75,70.05
2024-01-21T01:59:46+01:00,81.75,34.72
2024-01-21T02:02:14+01:00,73.57,32.83
2024-01-21T02:04:40+01:00,95.13,64.25
2024-01-21T02:07:06+01:00,105.68,68.63
2024-01-21T02:09:32+01:00,104.25,69.88
2024-01-21T02:11:58+01:00,104.45,71.28
2024-01-21T02:14:24+01:00,102.55,69.18
2024-01-21T02:16:50+01:00,96.85,64.75
2024-01-21T02:19:16+01:00,99.65,64.9
2024-01-21T02:21:43+01:00,100.5,66.05
2024-01-21T02:24:09+01:00,102.15,67.88
2024-01-21T02:26:35+01:00,86.55,33.75
2024-01-21T02:29:01+01:00,81.28,33.65
2024-01-21T02:31:27+01:00,75.63,34.08
2024-01-21T02:33:53+01:00,100.03,66.13
2024-01-21T02:36:19+01:00,100.18,68.1
2024-01-21T02:38:45+01:00,108.25,72.53
2024-01-21T02:41:11+01:00,115.47,75.63
2024-01-21T02:43:37+01:00,107.97,73.32
2024-01-21T02:46:03+01:00,90.45,59.42
2024-01-21T02:48:30+01:00,86.45,60.0
2024-01-21T02:50:57+01:00,41.88,19.52
2024-01-21T02:53:24+01:00,29.48,23.25
2024-01-21T02:55:51+01:00,46.38,33.13
2024-01-21T02:58:18+01:00,41.67,30.98
2024-01-21T03:00:44+01:00,28.23,15.02
2024-01-21T03:03:11+01:00,38.22,27.52
2024-01-21T03:05:37+01:00,26.45,13.13
2024-01-21T03:08:03+01:00,25.92,12.7
2024-01-21T03:10:30+01:00,24.73,13.18
2024-01-21T03:12:56+01:00,28.17,13.43
2024-01-21T03:15:22+01:00,44.13,33.22
2024-01-21T03:17:48+01:00,37.05,18.77
2024-01-21T03:20:15+01:00,52.95,36.75
2024-01-21T03:22:41+01:00,72.15,49.5
2024-01-21T03:25:08+01:00,67.8,48.22
2024-01-21T03:27:35+01:00,44.25,33.47
2024-01-21T03:30:01+01:00,31.5,24.33
2024-01-21T03:32:28+01:00,26.42,21.7
2024-01-21T03:34:54+01:00,28.25,20.95
2024-01-21T03:37:21+01:00,14.48,8.3
2024-01-21T03:39:47+01:00,22.6,17.4
2024-01-21T03:42:13+01:00,17.83,9.6
2024-01-21T03:44:39+01:00,24.27,18.23
2024-01-21T03:47:05+01:00,20.4,16.52
2024-01-21T03:49:31+01:00,19.45,15.73
2024-01-21T03:51:57+01:00,22.23,17.15
2024-01-21T03:54:24+01:00,21.55,16.77
2024-01-21T03:56:50+01:00,19.35,16.4
2024-01-21T03:59:17+01:00,21.25,16.73
2024-01-21T04:01:43+01:00,24.3,17.05
2024-01-21T04:04:12+01:00,20.38,15.52
2024-01-21T04:06:39+01:00,20.35,15.75
2024-01-21T04:09:05+01:00,20.33,14.95
2024-01-21T04:11:31+01:00,18.0,8.07
2024-01-21T04:13:58+01:00,19.05,15.2
2024-01-21T04:16:24+01:00,19.48,15.43
2024-01-21T04:18:50+01:00,21.98,16.13
2024-01-21T04:21:16+01:00,23.35,16.15
2024-01-21T04:23:45+01:00,23.38,16.42
2024-01-21T04:26:11+01:00,21.13,15.73
2024-01-21T04:28:37+01:00,20.13,8.55
2024-01-21T04:31:03+01:00,15.45,7.1
2024-01-21T04:33:29+01:00,19.5,8.45
2024-01-21T04:35:55+01:00,4.97,4.07
2024-01-21T04:38:22+01:00,15.6,12.93
2024-01-21T04:40:48+01:00,16.25,12.93
2024-01-21T04:43:14+01:00,13.32,11.57
2024-01-21T04:45:40+01:00,16.88,12.68
2024-01-21T04:48:06+01:00,8.68,5.35
2024-01-21T04:50:32+01:00,11.75,6.47
2024-01-21T04:52:58+01:00,10.23,6.35
2024-01-21T04:55:25+01:00,8.9,6.38
2024-01-21T04:57:51+01:00,6.63,4.22
2024-01-21T05:00:17+01:00,11.85,5.4
2024-01-21T05:02:43+01:00,22.83,16.92
2024-01-21T05:05:10+01:00,12.27,10.07
2024-01-21T05:07:36+01:00,13.38,11.07
2024-01-21T05:10:02+01:00,10.85,6.2
2024-01-21T05:12:28+01:00,12.05,5.7
2024-01-21T05:14:54+01:00,14.52,7.6
2024-01-21T05:17:22+01:00,8.43,5.88
2024-01-21T05:19:48+01:00,26.95,13.0
2024-01-21T05:22:15+01:00,33.92,25.3
2024-01-21T05:24:43+01:00,42.58,31.65
2024-01-21T05:27:10+01:00,42.03,31.58
2024-01-21T05:29:36+01:00,48.05,34.38
2024-01-21T05:32:02+01:00,39.63,18.8
2024-01-21T05:34:28+01:00,43.83,19.35
2024-01-21T05:36:54+01:00,35.3,16.6
2024-01-21T05:39:20+01:00,33.58,17.35
2024-01-21T05:41:47+01:00,33.6,15.5
2024-01-21T05:44:14+01:00,43.78,32.78
2024-01-21T05:46:40+01:00,47.15,33.78
2024-01-21T05:49:06+01:00,47.15,32.8
2024-01-21T05:51:32+01:00,49.13,34.75
2024-01-21T05:53:58+01:00,55.55,36.35
2024-01-21T05:56:24+01:00,39.75,17.65
2024-01-21T05:58:50+01:00,45.83,17.6
2024-01-21T06:01:16+01:00,43.78,18.5
2024-01-21T06:03:43+01:00,60.08,38.65
2024-01-21T06:06:09+01:00,61.63,38.17
2024-01-21T06:08:35+01:00,39.0,18.08
2024-01-21T06:11:01+01:00,64.82,43.13
2024-01-21T06:13:28+01:00,42.15,18.33
2024-01-21T06:15:54+01:00,46.08,21.25
2024-01-21T06:18:20+01:00,46.28,20.15
2024-01-21T06:20:46+01:00,36.22,17.33
2024-01-21T06:23:12+01:00,27.27,13.3
2024-01-21T06:25:38+01:00,37.13,16.33
2024-01-21T06:28:04+01:00,42.88,17.8
2024-01-21T06:30:30+01:00,35.22,17.83
2024-01-21T06:32:56+01:00,33.95,18.58
2024-01-21T06:35:23+01:00,33.9,16.23
2024-01-21T06:37:49+01:00,35.75,16.38
2024-01-21T06:40:15+01:00,38.55,19.9
2024-01-21T06:42:41+01:00,35.53,17.23
2024-01-21T06:45:07+01:00,31.38,16.4
2024-01-21T06:47:34+01:00,32.45,16.05
2024-01-21T06:50:00+01:00,34.85,17.2
2024-01-21T06:52:26+01:00,37.38,17.42
2024-01-21T06:54:52+01:00,46.63,19.42
2024-01-21T06:57:18+01:00,35.9,17.73
2024-01-21T06:59:44+01:00,14.18,6.8
2024-01-21T07:02:10+01:00,10.88,6.35
2024-01-21T07:04:36+01:00,9.73,4.88
2024-01-21T07:07:05+01:00,13.7,7.45
2024-01-21T07:09:31+01:00,20.25,7.63
2024-01-21T07:11:57+01:00,20.6,8.1
2024-01-21T07:14:23+01:00,24.08,17.0
2024-01-21T07:16:51+01:00,12.52,5.93
2024-01-21T07:19:18+01:00,27.45,7.68
2024-01-21T07:21:44+01:00,24.5,10.0
2024-01-21T07:24:10+01:00,30.73,13.07
2024-01-21T07:26:37+01:00,39.25,20.52
2024-01-21T07:29:05+01:00,37.9,16.77
2024-01-21T07:31:32+01:00,53.1,22.05
2024-01-21T07:33:58+01:00,46.67,18.58
2024-01-21T07:36:24+01:00,53.53,23.5
2024-01-21T07:38:51+01:00,67.7,31.27
2024-01-21T07:41:17+01:00,33.42,13.85
2024-01-21T07:43:43+01:00,21.73,10.32
2024-01-21T07:46:09+01:00,17.13,13.1
2024-01-21T07:48:35+01:00,14.98,10.52
2024-01-21T07:51:02+01:00,13.65,10.2
2024-01-21T07:56:12+01:00,12.18,10.1
2024-01-21T07:58:38+01:00,14.57,11.63
2024-01-21T08:01:04+01:00,15.32,12.32
2024-01-21T08:03:30+01:00,21.85,16.63
2024-01-21T08:05:56+01:00,21.67,17.2
2024-01-21T08:08:22+01:00,56.85,40.78
2024-01-21T08:10:49+01:00,67.25,48.45
2024-01-21T08:13:15+01:00,76.47,56.92
2024-01-21T08:15:41+01:00,63.58,47.85
2024-01-21T08:18:07+01:00,55.25,42.9
2024-01-21T08:20:34+01:00,73.95,54.9
2024-01-21T08:23:00+01:00,62.2,47.28
2024-01-21T08:25:26+01:00,38.85,30.13
2024-01-21T08:27:52+01:00,40.97,30.42
2024-01-21T08:30:18+01:00,38.65,25.52
2024-01-21T08:32:44+01:00,31.52,22.7
2024-01-21T08:35:10+01:00,26.45,20.35
2024-01-21T08:37:37+01:00,15.45,11.38
2024-01-21T08:40:03+01:00,9.0,7.32
2024-01-21T08:42:30+01:00,8.88,7.25
2024-01-21T08:44:56+01:00,9.63,7.32
2024-01-21T08:47:23+01:00,10.73,7.95
2024-01-21T08:49:49+01:00,10.57,7.9
2024-01-21T08:52:16+01:00,14.65,9.52
2024-01-21T08:54:42+01:00,10.7,7.78
2024-01-21T08:57:08+01:00,11.25,7.85
2024-01-21T08:59:35+01:00,10.75,8.13
2024-01-21T09:02:01+01:00,10.35,7.78
2024-01-21T09:04:27+01:00,10.38,8.43
2024-01-21T09:06:53+01:00,10.82,7.72
2024-01-21T09:09:19+01:00,10.18,7.82
2024-01-21T09:11:46+01:00,10.93,8.25
2024-01-21T09:14:12+01:00,11.2,8.7
2024-01-21T09:16:38+01:00,10.88,8.75
2024-01-21T09:19:04+01:00,12.57,8.95
2024-01-21T09:21:31+01:00,15.27,10.43
2024-01-21T09:23:57+01:00,11.05,9.27
2024-01-21T09:26:23+01:00,13.3,9.4
2024-01-21T09:28:49+01:00,12.0,8.7
2024-01-21T09:31:15+01:00,11.77,8.95
2024-01-21T09:33:41+01:00,11.38,8.73
2024-01-21T09:36:08+01:00,11.13,7.9
2024-01-21T09:38:34+01:00,9.73,7.85
2024-01-21T09:41:01+01:00,10.35,7.82
2024-01-21T09:43:27+01:00,10.4,7.72
2024-01-21T09:45:53+01:00,10.68,7.75
2024-01-21T09:48:19+01:00,9.0,7.22
2024-01-21T09:50:45+01:00,8.65,6.72
2024-01-21T09:53:12+01:00,13.02,7.6
2024-01-21T09:55:38+01:00,9.18,7.3
2024-01-21T09:58:04+01:00,10.05,6.85
2024-01-21T10:00:30+01:00,24.88,7.3
2024-01-21T10:02:56+01:00,8.73,6.8
2024-01-21T10:05:22+01:00,10.23,7.22
2024-01-21T10:07:49+01:00,10.07,6.8
2024-01-21T10:10:15+01:00,10.07,7.82
2024-01-21T10:12:42+01:00,11.43,7.82
2024-01-21T10:15:08+01:00,10.13,8.13
2024-01-21T10:17:34+01:00,9.25,7.6
2024-01-21T10:20:00+01:00,9.05,6.2
2024-01-21T10:22:26+01:00,8.93,7.05
2024-01-21T10:24:52+01:00,10.02,7.22
2024-01-21T10:27:18+01:00,9.52,7.03
2024-01-21T10:29:44+01:00,7.38,5.47
2024-01-21T10:32:10+01:00,12.18,7.28
2024-01-21T10:34:37+01:00,11.1,7.03
2024-01-21T10:37:07+01:00,14.07,9.6
2024-01-21T10:39:33+01:00,11.05,7.6
2024-01-21T10:41:59+01:00,12.18,9.85
2024-01-21T10:44:26+01:00,9.77,7.5
2024-01-21T10:46:53+01:00,10.27,8.43
2024-01-21T10:49:19+01:00,9.32,7.55
2024-01-21T10:51:46+01:00,10.95,8.1
2024-01-21T10:54:12+01:00,12.0,9.27
2024-01-21T10:56:39+01:00,10.27,8.0
2024-01-21T10:59:05+01:00,8.63,7.0
2024-01-21T11:01:34+01:00,12.68,8.15
2024-01-21T11:04:02+01:00,10.68,7.6
2024-01-21T11:06:29+01:00,26.27,14.68
2024-01-21T11:11:37+01:00,18.27,10.32
2024-01-21T11:14:03+01:00,10.38,7.63
2024-01-21T11:16:29+01:00,9.02,7.18
2024-01-21T11:18:56+01:00,8.77,7.03
2024-01-21T11:21:22+01:00,10.55,7.35
2024-01-21T11:23:48+01:00,10.32,8.4
2024-01-21T11:26:14+01:00,12.82,8.75
2024-01-21T11:28:40+01:00,19.88,12.1
2024-01-21T11:31:06+01:00,20.55,9.45
2024-01-21T11:33:33+01:00,11.15,8.32
2024-01-21T11:36:02+01:00,11.9,8.0
2024-01-21T11:38:28+01:00,10.02,8.1
2024-01-21T11:40:55+01:00,9.95,7.45
2024-01-21T11:43:21+01:00,10.1,7.07
2024-01-21T11:45:47+01:00,8.15,6.78
2024-01-21T11:48:15+01:00,9.77,7.13
2024-01-21T11:50:42+01:00,10.52,7.53
2024-01-21T11:53:11+01:00,10.23,7.3
2024-01-21T11:55:41+01:00,13.18,7.43
2024-01-21T11:58:07+01:00,8.8,6.75
2024-01-21T12:00:34+01:00,12.52,7.97
2024-01-21T12:03:20+01:00,12.05,8.15
2024-01-21T12:05:50+01:00,13.48,7.28
2024-01-21T12:08:16+01:00,10.75,8.23
2024-01-21T12:10:44+01:00,8.75,7.15
2024-01-21T12:13:22+01:00,10.88,7.28
2024-01-21T12:15:56+01:00,9.55,7.8
2024-01-21T12:18:22+01:00,10.77,8.8
2024-01-21T12:20:56+01:00,11.82,7.4
2024-01-21T12:23:24+01:00,13.3,8.65
2024-01-21T12:25:50+01:00,12.23,7.43
2024-01-21T12:28:28+01:00,11.02,8.25
2024-01-21T12:31:01+01:00,8.68,6.8
2024-01-21T12:33:28+01:00,9.45,7.55
2024-01-21T12:35:54+01:00,10.07,7.93
2024-01-21T12:38:21+01:00,14.63,9.23
2024-01-21T12:40:50+01:00,10.38,8.25
2024-01-21T12:43:25+01:00,12.25,8.4
2024-01-21T12:45:52+01:00,11.48,7.75
2024-01-21T12:48:25+01:00,12.9,7.35
2024-01-21T12:50:51+01:00,10.43,8.43
2024-01-21T12:53:17+01:00,31.02,9.13
2024-01-21T12:55:45+01:00,9.27,7.3
2024-01-21T12:58:11+01:00,12.77,8.8
2024-01-21T13:00:38+01:00,10.98,8.4
2024-01-21T13:03:04+01:00,11.2,8.88
2024-01-21T13:05:30+01:00,12.7,9.9
2024-01-21T13:07:56+01:00,11.98,9.4
2024-01-21T13:10:23+01:00,10.75,8.65
2024-01-21T13:12:49+01:00,10.5,8.6
2024-01-21T13:15:16+01:00,12.82,9.93
2024-01-21T13:17:51+01:00,12.52,9.68
2024-01-21T13:20:17+01:00,12.63,9.45
2024-01-21T13:22:43+01:00,11.77,9.02
2024-01-21T13:25:10+01:00,13.7,10.5
2024-01-21T13:27:40+01:00,14.98,10.57
2024-01-21T13:30:13+01:00,13.7,10.57
2024-01-21T13:32:40+01:00,12.38,10.25
2024-01-21T13:35:06+01:00,12.73,9.32
2024-01-21T13:37:33+01:00,20.05,12.52
2024-01-21T13:39:59+01:00,14.48,10.93
2024-01-21T13:42:26+01:00,13.35,9.05
2024-01-21T13:44:52+01:00,15.63,9.02
2024-01-21T13:47:21+01:00,14.35,8.65
2024-01-21T13:49:47+01:00,24.58,10.6
2024-01-21T13:52:13+01:00,11.32,8.73
2024-01-21T13:54:39+01:00,13.73,9.27
2024-01-21T13:57:06+01:00,11.57,8.65
2024-01-21T13:59:34+01:00,11.48,7.82
2024-01-21T14:02:00+01:00,14.7,8.82
2024-01-21T14:04:26+01:00,12.27,9.4
2024-01-21T14:06:52+01:00,12.13,8.2
2024-01-21T14:09:18+01:00,15.35,10.07
2024-01-21T14:11:45+01:00,11.13,8.27
2024-01-21T14:14:13+01:00,13.88,8.75
2024-01-21T14:16:39+01:00,11.63,8.23
2024-01-21T14:19:05+01:00,13.65,8.1
2024-01-21T14:21:31+01:00,10.77,7.68
2024-01-21T14:23:57+01:00,13.52,8.52
2024-01-21T14:26:23+01:00,10.52,8.07
2024-01-21T14:28:50+01:00,14.27,9.32
2024-01-21T14:31:37+01:00,13.73,10.0
2024-01-21T14:34:04+01:00,12.35,8.7
2024-01-21T14:36:33+01:00,11.25,8.6
2024-01-21T14:39:00+01:00,14.98,9.23
2024-01-21T14:41:26+01:00,15.6,9.75
2024-01-21T14:43:52+01:00,11.43,9.38
2024-01-21T14:46:18+01:00,11.6,9.18
2024-01-21T14:48:44+01:00,16.8,9.55
2024-01-21T14:51:11+01:00,10.9,8.55
2024-01-21T14:53:37+01:00,14.27,9.57
2024-01-21T14:56:04+01:00,12.75,8.5
2024-01-21T14:58:30+01:00,13.32,9.1
2024-01-21T15:00:56+01:00,11.2,8.52
2024-01-21T15:03:22+01:00,20.85,10.63
2024-01-21T15:05:48+01:00,14.1,10.05
2024-01-21T15:08:14+01:00,15.85,9.98
2024-01-21T15:10:40+01:00,14.75,9.82
2024-01-21T15:13:06+01:00,16.33,10.88
2024-01-21T15:15:32+01:00,14.32,10.0
2024-01-21T15:18:00+01:00,11.95,9.4
2024-01-21T15:20:26+01:00,16.05,9.48
2024-01-21T15:22:52+01:00,11.6,9.45
2024-01-21T15:27:46+01:00,14.82,10.3
2024-01-21T15:30:16+01:00,13.05,9.65
2024-01-21T15:32:47+01:00,13.98,10.02
2024-01-21T15:35:13+01:00,17.17,11.2
2024-01-21T15:37:39+01:00,13.75,9.5
2024-01-21T15:40:05+01:00,13.18,9.15
2024-01-21T15:42:31+01:00,13.07,9.63
2024-01-21T15:44:57+01:00,20.9,11.18
2024-01-21T15:47:23+01:00,21.5,11.32
2024-01-21T15:49:49+01:00,16.92,11.63
2024-01-21T15:52:16+01:00,17.17,11.45
2024-01-21T15:54:42+01:00,17.1,11.38
2024-01-21T15:57:09+01:00,15.93,11.7
2024-01-21T15:59:35+01:00,14.27,11.3
2024-01-21T16:02:02+01:00,18.52,13.0
2024-01-21T16:04:28+01:00,28.23,13.23
2024-01-21T16:06:56+01:00,17.52,13.02
2024-01-21T16:09:22+01:00,24.02,13.32
2024-01-21T16:11:48+01:00,17.13,12.45
2024-01-21T16:14:25+01:00,20.0,13.43
2024-01-21T16:16:51+01:00,30.17,14.23
2024-01-21T16:19:17+01:00,18.83,13.88
2024-01-21T16:21:43+01:00,18.67,14.0
2024-01-21T16:24:11+01:00,19.63,14.05
2024-01-21T16:26:37+01:00,19.08,13.95
2024-01-21T16:29:03+01:00,19.42,14.48
2024-01-21T16:31:29+01:00,17.45,14.48
2024-01-21T16:33:56+01:00,22.05,14.65
2024-01-21T16:36:23+01:00,20.3,15.5
2024-01-21T16:38:50+01:00,25.0,16.0
2024-01-21T16:41:16+01:00,25.38,15.13
2024-01-21T16:43:42+01:00,25.48,16.92
2024-01-21T16:46:08+01:00,23.55,17.3
2024-01-21T16:48:34+01:00,25.05,17.8
2024-01-21T16:51:00+01:00,30.83,19.9
2024-01-21T16:53:27+01:00,25.6,19.95
2024-01-21T16:55:53+01:00,30.92,18.25
2024-01-21T16:58:19+01:00,30.2,17.77
2024-01-21T17:00:45+01:00,33.55,18.27
2024-01-21T17:03:12+01:00,26.15,18.52
2024-01-21T17:05:38+01:00,25.92,18.08
2024-01-21T17:08:04+01:00,29.98,18.88
2024-01-21T17:10:30+01:00,24.52,17.73
2024-01-21T17:12:56+01:00,18.4,9.8
2024-01-21T17:15:22+01:00,28.83,22.1
2024-01-21T17:17:48+01:00,24.83,19.8
2024-01-21T17:20:15+01:00,44.7,30.58
2024-01-21T17:22:41+01:00,61.22,37.08
2024-01-21T17:25:08+01:00,94.43,53.95
2024-01-21T17:27:34+01:00,63.55,37.58
2024-01-21T17:30:02+01:00,64.1,39.15
2024-01-21T17:32:29+01:00,40.75,16.15
2024-01-21T17:34:55+01:00,30.65,13.27
2024-01-21T17:37:21+01:00,40.25,27.7
2024-01-21T17:39:47+01:00,45.28,29.98
2024-01-21T17:42:13+01:00,52.45,33.08
2024-01-21T17:44:40+01:00,46.42,34.88
2024-01-21T17:47:06+01:00,27.52,13.32
2024-01-21T17:49:32+01:00,22.75,11.95
2024-01-21T17:51:59+01:00,28.63,21.42
2024-01-21T17:54:29+01:00,25.02,10.63
2024-01-21T17:56:55+01:00,30.23,13.2
2024-01-21T17:59:22+01:00,19.42,10.13
2024-01-21T18:01:51+01:00,20.88,11.15
2024-01-21T18:04:19+01:00,23.4,11.65
2024-01-21T18:06:45+01:00,27.15,19.83
2024-01-21T18:09:11+01:00,21.38,11.13
2024-01-21T18:11:41+01:00,18.48,10.52
2024-01-21T18:14:08+01:00,21.45,9.75
2024-01-21T18:16:35+01:00,20.7,9.82
2024-01-21T18:19:02+01:00,25.13,12.52
2024-01-21T18:21:29+01:00,20.92,10.48
2024-01-21T18:23:55+01:00,12.48,8.4
2024-01-21T18:26:21+01:00,17.35,9.9
2024-01-21T18:28:48+01:00,20.25,9.38
2024-01-21T18:31:14+01:00,24.67,13.3
2024-01-21T18:33:40+01:00,28.98,21.85
2024-01-21T18:36:07+01:00,28.23,21.23
2024-01-21T18:38:33+01:00,30.55,23.83
2024-01-21T18:41:00+01:00,39.92,27.63
2024-01-21T18:43:26+01:00,27.77,19.3
2024-01-21T18:45:52+01:00,28.8,20.17
2024-01-21T18:48:18+01:00,32.42,21.65
2024-01-21T18:50:44+01:00,27.3,12.23
2024-01-21T18:53:10+01:00,33.03,12.75
2024-01-21T18:55:36+01:00,25.7,9.82
2024-01-21T18:58:02+01:00,54.88,30.73
2024-01-21T19:00:29+01:00,24.85,9.95
2024-01-21T19:02:55+01:00,27.23,9.65
2024-01-21T19:05:21+01:00,18.77,8.8
2024-01-21T19:07:47+01:00,17.67,10.5
2024-01-21T19:10:14+01:00,18.42,9.25
2024-01-21T19:12:40+01:00,17.45,9.52
2024-01-21T19:15:06+01:00,26.83,10.43
2024-01-21T19:17:32+01:00,23.3,10.98
2024-01-21T19:19:59+01:00,28.85,10.3
2024-01-21T19:22:25+01:00,21.15,9.88
2024-01-21T19:24:54+01:00,18.88,10.55
2024-01-21T19:27:20+01:00,25.55,12.73
2024-01-21T19:29:48+01:00,21.02,10.32
2024-01-21T19:32:14+01:00,27.77,11.85
2024-01-21T19:34:42+01:00,25.33,12.65
2024-01-21T19:37:09+01:00,26.15,13.63
2024-01-21T19:39:35+01:00,21.77,10.02
2024-01-21T19:42:01+01:00,30.23,13.15
2024-01-21T19:44:27+01:00,23.5,11.77
2024-01-21T19:46:53+01:00,22.05,10.88
2024-01-21T19:49:20+01:00,27.73,11.0
2024-01-21T19:51:49+01:00,23.35,11.15
2024-01-21T19:54:18+01:00,17.7,9.02
2024-01-21T19:56:45+01:00,16.35,9.27
2024-01-21T19:59:11+01:00,18.17,9.75
2024-01-21T20:01:37+01:00,21.1,11.82
2024-01-21T20:04:03+01:00,18.13,9.55
2024-01-21T20:06:29+01:00,27.05,14.8
2024-01-21T20:08:55+01:00,30.83,13.15
2024-01-21T20:11:37+01:00,46.72,24.33
2024-01-21T20:14:03+01:00,25.7,11.05
2024-01-21T20:16:29+01:00,30.6,13.38
2024-01-21T20:18:55+01:00,35.15,15.05
2024-01-21T20:21:22+01:00,36.97,14.85
2024-01-21T20:23:54+01:00,33.45,13.85
2024-01-21T20:26:20+01:00,35.72,14.18
2024-01-21T20:28:46+01:00,34.58,15.32
2024-01-21T20:31:16+01:00,38.22,16.6
2024-01-21T20:33:43+01:00,37.03,14.68
2024-01-21T20:36:09+01:00,58.25,27.6
2024-01-21T20:38:35+01:00,58.5,27.73
2024-01-21T20:41:01+01:00,41.22,17.27
2024-01-21T20:43:29+01:00,46.58,23.15
2024-01-21T20:45:55+01:00,45.5,23.2
2024-01-21T20:48:21+01:00,53.58,25.73
2024-01-21T20:50:47+01:00,70.7,29.42
2024-01-21T20:53:13+01:00,65.97,28.48
2024-01-21T20:55:39+01:00,101.5,33.53
2024-01-21T20:58:05+01:00,97.07,33.15
2024-01-21T21:00:31+01:00,87.13,37.67
2024-01-21T21:02:57+01:00,108.93,44.3
2024-01-21T21:05:23+01:00,107.3,41.78
2024-01-21T21:07:49+01:00,106.65,44.6
2024-01-21T21:10:16+01:00,110.78,42.55
2024-01-21T21:12:42+01:00,111.9,44.13
2024-01-21T21:15:08+01:00,113.2,43.97
2024-01-21T21:17:34+01:00,106.5,45.95
2024-01-21T21:20:00+01:00,125.5,50.6
2024-01-21T21:22:27+01:00,95.8,42.05
2024-01-21T21:24:53+01:00,114.32,42.88
2024-01-21T21:27:20+01:00,105.32,44.72
2024-01-21T21:29:46+01:00,102.32,41.25
2024-01-21T21:32:12+01:00,130.1,53.22
2024-01-21T21:34:38+01:00,80.45,34.53
2024-01-21T21:37:04+01:00,94.15,38.35
2024-01-21T21:39:31+01:00,92.53,38.63
2024-01-21T21:41:58+01:00,84.4,34.75
2024-01-21T21:44:25+01:00,78.3,29.08
2024-01-21T21:46:53+01:00,76.45,28.9
2024-01-21T21:49:19+01:00,70.75,29.8
2024-01-21T21:51:47+01:00,58.5,26.08
2024-01-21T21:54:15+01:00,79.2,30.25
2024-01-21T21:56:41+01:00,66.97,29.9
2024-01-21T21:59:07+01:00,60.97,27.7
2024-01-21T22:01:34+01:00,75.85,30.73
2024-01-21T22:04:00+01:00,68.82,29.02
2024-01-21T22:06:26+01:00,73.7,32.15
2024-01-21T22:08:52+01:00,73.28,28.17
2024-01-21T22:11:18+01:00,61.97,27.35
2024-01-21T22:13:44+01:00,72.55,30.17
2024-01-21T22:16:12+01:00,83.82,35.63
2024-01-21T22:18:41+01:00,78.0,29.02
2024-01-21T22:21:08+01:00,88.65,35.47
2024-01-21T22:23:34+01:00,78.03,32.6
2024-01-21T22:26:00+01:00,72.7,30.77
2024-01-21T22:28:26+01:00,73.47,30.7
2024-01-21T22:30:52+01:00,75.68,32.4
2024-01-21T22:33:18+01:00,77.95,32.75
2024-01-21T22:35:47+01:00,79.35,33.28
2024-01-21T22:38:14+01:00,76.53,32.42
2024-01-21T22:40:40+01:00,75.85,28.42
2024-01-21T22:43:06+01:00,65.13,26.55
2024-01-21T22:45:32+01:00,59.58,25.67
2024-01-21T22:47:58+01:00,56.17,24.48
2024-01-21T22:50:25+01:00,66.2,25.7
2024-01-21T22:52:52+01:00,59.85,25.42
2024-01-21T22:55:18+01:00,53.97,23.05
2024-01-21T22:57:44+01:00,57.2,23.73
2024-01-21T23:00:10+01:00,54.85,21.38
2024-01-21T23:02:37+01:00,65.72,24.23
2024-01-21T23:05:03+01:00,48.17,21.6
2024-01-21T23:07:29+01:00,52.97,22.67
2024-01-21T23:09:55+01:00,53.58,22.7
2024-01-21T23:12:21+01:00,61.85,25.15
2024-01-21T23:14:47+01:00,57.1,24.38
2024-01-21T23:17:13+01:00,58.05,21.92
2024-01-21T23:19:40+01:00,46.47,20.7
2024-01-21T23:22:06+01:00,51.4,22.8
2024-01-21T23:24:32+01:00,50.63,20.3
2024-01-21T23:26:58+01:00,60.1,25.15
2024-01-21T23:29:24+01:00,53.58,21.5
2024-01-21T23:31:50+01:00,52.38,22.0
2024-01-21T23:34:16+01:00,64.55,23.55
2024-01-21T23:36:42+01:00,54.72,23.05
2024-01-21T23:39:09+01:00,66.97,25.7
2024-01-21T23:41:35+01:00,74.32,28.95
2024-01-21T23:44:01+01:00,70.75,29.45
2024-01-21T23:46:27+01:00,68.5,26.77
2024-01-21T23:48:54+01:00,60.7,25.45
2024-01-21T23:51:20+01:00,50.28,20.25
2024-01-21T23:53:46+01:00,87.03,29.58
2024-01-21T23:56:12+01:00,64.0,26.92
2024-01-21T23:58:38+01:00,94.95,36.35
2024-01-22T00:01:04+01:00,85.53,31.38
2024-01-22T00:03:30+01:00,93.85,38.5
2024-01-22T00:05:56+01:00,114.9,46.42
2024-01-22T00:08:22+01:00,113.7,44.42
2024-01-22T00:10:50+01:00,107.65,41.55
2024-01-22T00:13:16+01:00,102.88,43.97
2024-01-22T00:15:42+01:00,85.25,36.17
2024-01-22T00:18:08+01:00,24.83,14.18
2024-01-22T00:20:34+01:00,62.2,27.02
2024-01-22T00:23:00+01:00,78.07,32.65
2024-01-22T00:25:26+01:00,65.35,26.05
2024-01-22T00:27:52+01:00,47.9,26.25
2024-01-22T00:30:18+01:00,70.53,30.98
2024-01-22T00:32:45+01:00,78.72,30.45
2024-01-22T00:35:11+01:00,71.88,28.42
2024-01-22T00:37:37+01:00,71.57,29.67
2024-01-22T00:40:03+01:00,82.55,32.33
2024-01-22T00:42:30+01:00,80.35,30.83
2024-01-22T00:44:56+01:00,70.35,29.05
2024-01-22T00:47:22+01:00,72.53,30.15
2024-01-22T00:49:48+01:00,87.75,31.63
2024-01-22T00:52:14+01:00,65.68,30.9
2024-01-22T00:54:41+01:00,69.0,30.67
2024-01-22T00:57:10+01:00,95.88,34.65
2024-01-22T00:59:36+01:00,72.8,31.05
2024-01-22T01:02:03+01:00,91.85,33.3
2024-01-22T01:04:29+01:00,93.18,36.15
2024-01-22T01:06:55+01:00,98.35,38.17
2024-01-22T01:09:22+01:00,77.28,34.2
2024-01-22T01:11:48+01:00,79.32,31.02
2024-01-22T01:14:14+01:00,94.88,34.92
2024-01-22T01:16:40+01:00,101.68,38.4
2024-01-22T01:19:09+01:00,104.5,41.15
2024-01-22T01:21:39+01:00,102.35,39.72
2024-01-22T01:24:06+01:00,118.53,46.0
2024-01-22T01:26:32+01:00,82.07,36.97
2024-01-22T01:28:58+01:00,119.05,41.8
2024-01-22T01:31:24+01:00,99.15,35.28
2024-01-22T01:33:50+01:00,84.68,34.33
2024-01-22T01:36:16+01:00,100.22,41.13
2024-01-22T01:38:42+01:00,89.68,36.17
2024-01-22T01:41:09+01:00,105.07,39.28
2024-01-22T01:43:36+01:00,131.25,46.9
2024-01-22T01:46:02+01:00,147.9,49.83
2024-01-22T01:48:28+01:00,122.15,43.3
2024-01-22T01:50:54+01:00,103.07,39.22
2024-01-22T01:53:21+01:00,100.57,39.97
2024-01-22T01:55:47+01:00,110.7,40.35
2024-01-22T01:58:13+01:00,87.15,36.85
2024-01-22T02:00:39+01:00,104.63,38.97
2024-01-22T02:03:05+01:00,97.07,39.5
2024-01-22T02:05:31+01:00,82.1,30.9
2024-01-22T02:07:57+01:00,76.72,31.05
2024-01-22T02:10:23+01:00,91.95,35.03
2024-01-22T02:12:49+01:00,92.65,37.05
2024-01-22T02:15:15+01:00,95.18,36.7
2024-01-22T02:17:42+01:00,90.35,35.22
2024-01-22T02:20:08+01:00,90.35,36.38
2024-01-22T02:22:35+01:00,92.18,34.08
2024-01-22T02:25:01+01:00,79.72,32.35
2024-01-22T02:27:27+01:00,85.57,35.08
2024-01-22T02:29:53+01:00,73.1,30.92
2024-01-22T02:32:19+01:00,73.25,31.45
2024-01-22T02:34:46+01:00,64.5,30.8
2024-01-22T02:37:12+01:00,38.85,20.17
2024-01-22T02:39:38+01:00,70.43,29.08
2024-01-22T02:42:04+01:00,71.22,27.67
2024-01-22T02:47:03+01:00,71.95,29.6
2024-01-22T02:49:29+01:00,73.88,29.02
2024-01-22T02:51:55+01:00,66.05,29.85
2024-01-22T02:54:22+01:00,52.38,24.5
2024-01-22T02:56:49+01:00,69.25,27.25
2024-01-22T02:59:16+01:00,66.68,27.9
2024-01-22T03:01:42+01:00,68.95,27.4
2024-01-22T03:04:08+01:00,73.85,28.38
2024-01-22T03:06:34+01:00,68.82,26.7
2024-01-22T03:09:00+01:00,61.72,25.5
2024-01-22T03:11:26+01:00,66.25,25.6
2024-01-22T03:13:52+01:00,61.08,25.1
2024-01-22T03:16:18+01:00,68.2,26.95
2024-01-22T03:18:44+01:00,69.6,27.52
2024-01-22T03:21:12+01:00,59.2,24.85
2024-01-22T03:23:39+01:00,62.15,24.9
2024-01-22T03:26:05+01:00,81.13,28.48
2024-01-22T03:28:31+01:00,68.22,27.98
2024-01-22T03:30:58+01:00,61.9,24.75
2024-01-22T03:33:24+01:00,65.57,24.9
2024-01-22T03:35:50+01:00,63.58,23.48
2024-01-22T03:38:16+01:00,54.35,23.7
2024-01-22T03:40:42+01:00,62.17,26.38
2024-01-22T03:43:08+01:00,67.93,26.85
2024-01-22T03:45:34+01:00,82.4,28.88
2024-01-22T03:48:00+01:00,67.18,27.35
2024-01-22T03:50:26+01:00,60.15,26.75
2024-01-22T03:52:52+01:00,73.15,27.13
2024-01-22T03:55:18+01:00,66.13,25.77
2024-01-22T03:57:44+01:00,71.57,27.3
2024-01-22T04:00:11+01:00,71.03,27.2
2024-01-22T04:02:38+01:00,68.55,27.85
2024-01-22T04:05:04+01:00,64.53,28.35
2024-01-22T04:07:30+01:00,63.63,25.33
2024-01-22T04:09:57+01:00,77.57,29.55
2024-01-22T04:12:23+01:00,56.13,26.1
2024-01-22T04:14:49+01:00,59.13,24.08
2024-01-22T04:17:15+01:00,31.92,17.67
2024-01-22T04:19:41+01:00,66.82,26.65
2024-01-22T04:22:07+01:00,70.03,27.17
2024-01-22T04:24:33+01:00,65.53,29.08
2024-01-22T04:26:59+01:00,62.2,25.83
2024-01-22T04:29:25+01:00,79.9,28.75
2024-01-22T04:31:51+01:00,68.97,28.7
2024-01-22T04:34:18+01:00,78.6,28.33
2024-01-22T04:36:44+01:00,82.2,31.75
2024-01-22T04:39:10+01:00,62.88,27.52
2024-01-22T04:41:36+01:00,60.8,28.0
2024-01-22T04:44:02+01:00,63.13,25.75
2024-01-22T04:46:30+01:00,70.38,28.05
2024-01-22T04:48:56+01:00,65.13,27.85
2024-01-22T04:51:23+01:00,73.45,28.88
2024-01-22T04:53:49+01:00,61.8,27.75
2024-01-22T04:56:18+01:00,77.22,30.85
2024-01-22T04:58:44+01:00,69.72,28.15
2024-01-22T05:01:17+01:00,73.2,28.48
2024-01-22T05:03:44+01:00,64.63,26.65
2024-01-22T05:06:10+01:00,57.65,24.8
2024-01-22T05:08:36+01:00,53.05,25.38
2024-01-22T05:11:02+01:00,72.07,27.65
2024-01-22T05:13:28+01:00,55.08,23.73
2024-01-22T05:15:54+01:00,60.97,26.25
2024-01-22T05:18:20+01:00,58.45,23.8
2024-01-22T05:20:46+01:00,43.05,17.95
2024-01-22T05:23:12+01:00,45.53,20.67
2024-01-22T05:25:38+01:00,47.97,22.7
2024-01-22T05:28:04+01:00,61.42,24.92
2024-01-22T05:30:31+01:00,52.38,23.52
2024-01-22T05:32:57+01:00,58.67,20.95
2024-01-22T05:35:23+01:00,55.28,21.65
2024-01-22T05:37:49+01:00,47.5,18.55
2024-01-22T05:40:15+01:00,38.03,17.23
2024-01-22T05:42:42+01:00,37.45,18.3
2024-01-22T05:45:09+01:00,66.13,21.15
2024-01-22T05:47:35+01:00,45.75,20.88
2024-01-22T05:50:01+01:00,43.28,19.15
2024-01-22T05:52:28+01:00,40.38,18.73
2024-01-22T05:54:54+01:00,46.53,20.1
2024-01-22T05:57:20+01:00,43.75,19.4
2024-01-22T05:59:46+01:00,45.38,18.17
2024-01-22T06:02:13+01:00,42.97,18.85
2024-01-22T06:04:39+01:00,32.13,18.67
2024-01-22T06:07:05+01:00,48.2,18.92
2024-01-22T06:09:31+01:00,44.63,20.33
2024-01-22T06:11:57+01:00,54.85,20.65
2024-01-22T06:14:23+01:00,55.95,19.65
2024-01-22T06:16:49+01:00,41.45,18.67
2024-01-22T06:19:15+01:00,35.9,11.5
2024-01-22T06:21:41+01:00,39.58,17.5
2024-01-22T06:24:07+01:00,46.42,21.92
2024-01-22T06:26:33+01:00,37.7,17.02
2024-01-22T06:28:59+01:00,47.35,17.42
2024-01-22T06:31:26+01:00,38.1,18.73
2024-01-22T06:33:52+01:00,44.92,17.73
2024-01-22T06:36:18+01:00,36.65,17.27
2024-01-22T06:38:44+01:00,48.7,17.17
2024-01-22T06:41:10+01:00,51.03,16.35
2024-01-22T06:43:37+01:00,32.25,15.82
2024-01-22T06:46:03+01:00,54.58,20.17
2024-01-22T06:48:29+01:00,42.85,17.45
2024-01-22T06:50:55+01:00,30.77,16.23
2024-01-22T06:53:21+01:00,51.88,19.58
2024-01-22T06:55:47+01:00,51.33,20.4
2024-01-22T06:58:13+01:00,43.55,19.83
2024-01-22T07:00:42+01:00,49.55,19.5
2024-01-22T07:03:08+01:00,35.6,15.63
2024-01-22T07:05:34+01:00,48.33,19.1
2024-01-22T07:08:02+01:00,27.7,13.15
2024-01-22T07:10:28+01:00,20.98,10.85
2024-01-22T07:12:55+01:00,29.98,13.45
2024-01-22T07:15:21+01:00,41.55,16.73
2024-01-22T07:17:47+01:00,45.53,17.25
2024-01-22T07:20:15+01:00,40.2,17.55
2024-01-22T07:22:41+01:00,44.22,17.42
2024-01-22T07:25:07+01:00,58.58,20.27
2024-01-22T07:27:34+01:00,45.45,18.15
2024-01-22T07:30:01+01:00,59.13,16.77
2024-01-22T07:32:28+01:00,59.83,23.65
2024-01-22T07:34:54+01:00,53.38,23.17
2024-01-22T07:37:23+01:00,74.85,24.5
2024-01-22T07:39:49+01:00,73.85,25.3
2024-01-22T07:42:15+01:00,67.7,29.9
2024-01-22T07:44:42+01:00,83.38,52.8
2024-01-22T07:47:08+01:00,82.32,53.55
2024-01-22T07:49:34+01:00,77.0,49.25
2024-01-22T07:52:01+01:00,60.4,42.28
2024-01-22T07:54:27+01:00,88.35,50.67
2024-01-22T07:56:53+01:00,92.07,52.8
2024-01-22T07:59:19+01:00,99.47,57.05
2024-01-22T08:01:45+01:00,83.6,52.05
2024-01-22T08:04:11+01:00,58.45,40.75
2024-01-22T08:06:37+01:00,58.38,37.05
2024-01-22T08:09:03+01:00,173.6,93.53
2024-01-22T08:11:31+01:00,325.73,155.05
2024-01-22T08:13:57+01:00,81.57,49.1
2024-01-22T08:16:23+01:00,78.47,47.25
2024-01-22T08:18:50+01:00,87.22,48.55
2024-01-22T08:21:16+01:00,74.35,46.03
2024-01-22T08:23:42+01:00,99.18,56.65
2024-01-22T08:26:09+01:00,99.4,56.63
2024-01-22T08:28:35+01:00,121.0,68.93
2024-01-22T08:31:01+01:00,64.1,41.38
2024-01-22T08:33:27+01:00,65.82,42.08
2024-01-22T08:35:55+01:00,64.38,42.45
2024-01-22T08:38:22+01:00,67.88,44.53
2024-01-22T08:40:48+01:00,53.42,35.5
2024-01-22T08:43:14+01:00,52.9,37.13
2024-01-22T08:45:40+01:00,42.88,30.48
2024-01-22T08:48:06+01:00,48.65,32.67
2024-01-22T08:50:32+01:00,44.5,31.83
2024-01-22T08:52:58+01:00,44.67,31.58
2024-01-22T08:55:24+01:00,48.28,32.95
2024-01-22T08:57:50+01:00,46.97,34.67
2024-01-22T09:00:16+01:00,48.13,32.7
2024-01-22T09:02:43+01:00,43.05,31.52
2024-01-22T09:05:09+01:00,41.75,29.4
2024-01-22T09:07:39+01:00,44.97,30.45
2024-01-22T09:10:06+01:00,50.58,37.53
2024-01-22T09:12:32+01:00,53.35,35.9
2024-01-22T09:14:58+01:00,51.7,33.33
2024-01-22T09:17:25+01:00,52.9,33.8
2024-01-22T09:19:51+01:00,49.67,37.8
2024-01-22T09:22:17+01:00,59.9,43.83
2024-01-22T09:24:43+01:00,60.5,41.58
2024-01-22T09:27:09+01:00,59.97,42.97
2024-01-22T09:29:35+01:00,53.15,39.05
2024-01-22T09:32:01+01:00,51.5,36.78
2024-01-22T09:34:27+01:00,61.63,35.7
2024-01-22T09:36:53+01:00,49.83,36.75
2024-01-22T09:39:20+01:00,48.58,34.0
2024-01-22T09:41:46+01:00,45.0,32.38
2024-01-22T09:44:12+01:00,44.2,32.55
2024-01-22T09:46:38+01:00,47.65,33.92
2024-01-22T09:49:04+01:00,45.55,36.4
2024-01-22T09:51:30+01:00,45.67,33.63
2024-01-22T09:53:56+01:00,47.45,32.47
2024-01-22T09:56:22+01:00,45.05,30.7
2024-01-22T09:58:49+01:00,46.13,35.4
2024-01-22T10:01:15+01:00,44.75,32.05
2024-01-22T10:03:41+01:00,47.63,31.83
2024-01-22T10:06:07+01:00,48.1,32.55
2024-01-22T10:08:33+01:00,48.08,34.2
2024-01-22T10:10:59+01:00,45.0,31.8
2024-01-22T10:13:28+01:00,48.97,33.67
2024-01-22T10:15:54+01:00,51.4,34.25
2024-01-22T10:18:22+01:00,46.83,31.63
2024-01-22T10:20:48+01:00,47.33,32.17
2024-01-22T10:23:14+01:00,46.63,33.45
2024-01-22T10:25:41+01:00,45.63,33.67
2024-01-22T10:28:07+01:00,58.9,36.83
2024-01-22T10:30:33+01:00,43.67,33.28
2024-01-22T10:32:59+01:00,48.2,33.8
2024-01-22T10:35:25+01:00,42.33,31.25
2024-01-22T10:37:51+01:00,41.67,28.9
2024-01-22T10:40:19+01:00,38.9,27.67
2024-01-22T10:42:49+01:00,39.17,26.92
2024-01-22T10:45:15+01:00,37.58,27.27
2024-01-22T10:47:41+01:00,40.17,26.38
2024-01-22T10:50:09+01:00,38.03,28.02
2024-01-22T10:52:36+01:00,33.38,25.08
2024-01-22T10:55:06+01:00,32.17,23.2
2024-01-22T10:57:32+01:00,38.08,25.45
2024-01-22T10:59:58+01:00,36.9,25.75
2024-01-22T11:02:25+01:00,33.92,26.33
2024-01-22T11:04:51+01:00,35.92,27.1
2024-01-22T11:07:19+01:00,36.95,26.27
2024-01-22T11:09:45+01:00,41.17,31.42
2024-01-22T11:12:12+01:00,54.97,38.53
2024-01-22T11:14:39+01:00,59.83,43.4
2024-01-22T11:17:13+01:00,57.72,43.5
2024-01-22T11:19:43+01:00,53.0,38.75
2024-01-22T11:22:10+01:00,62.03,39.13
2024-01-22T11:24:37+01:00,56.03,40.9
2024-01-22T11:27:14+01:00,52.13,38.03
2024-01-22T11:29:42+01:00,49.92,37.8
2024-01-22T11:32:09+01:00,55.88,40.85
2024-01-22T11:34:42+01:00,69.75,46.88
2024-01-22T11:37:11+01:00,73.45,48.03
2024-01-22T11:39:41+01:00,87.03,57.13
2024-01-22T11:42:08+01:00,80.1,53.97
2024-01-22T11:44:35+01:00,87.45,56.45
2024-01-22T11:47:02+01:00,91.05,57.05
2024-01-22T11:49:32+01:00,90.18,57.7
2024-01-22T11:51:58+01:00,104.03,63.45
2024-01-22T11:54:25+01:00,91.68,59.22
2024-01-22T11:56:54+01:00,88.47,57.92
2024-01-22T11:59:22+01:00,97.63,61.45
2024-01-22T12:01:51+01:00,89.8,58.95
2024-01-22T12:04:18+01:00,91.22,58.75
2024-01-22T12:06:47+01:00,91.97,62.5
2024-01-22T12:09:14+01:00,91.22,60.75
2024-01-22T12:11:41+01:00,106.75,65.47
2024-01-22T12:14:08+01:00,92.5,60.8
2024-01-22T12:16:34+01:00,92.1,59.13
2024-01-22T12:19:01+01:00,93.65,59.0
2024-01-22T12:21:31+01:00,90.2,58.25
2024-01-22T12:26:41+01:00,85.47,56.15
2024-01-22T12:29:08+01:00,92.38,58.4
2024-01-22T12:31:35+01:00,98.03,60.65
2024-01-22T12:34:05+01:00,86.22,57.08
2024-01-22T12:36:50+01:00,81.43,55.25
2024-01-22T12:39:40+01:00,89.05,60.5
2024-01-22T12:44:44+01:00,78.85,52.2
2024-01-22T12:47:13+01:00,76.03,51.33
2024-01-22T12:49:40+01:00,77.22,51.38
2024-01-22T12:52:16+01:00,80.6,53.2
2024-01-22T12:54:55+01:00,79.5,49.95
2024-01-22T12:57:22+01:00,75.97,49.1
2024-01-22T13:00:01+01:00,74.72,49.8
2024-01-22T13:02:33+01:00,70.9,49.3
2024-01-22T13:07:35+01:00,70.95,49.65
2024-01-22T13:10:02+01:00,78.85,50.95
2024-01-22T13:12:32+01:00,67.03,48.33
2024-01-22T13:14:59+01:00,67.1,47.42
2024-01-22T13:17:26+01:00,70.5,46.95
2024-01-22T13:19:55+01:00,71.95,47.05
2024-01-22T13:22:22+01:00,66.35,45.9
2024-01-22T13:25:08+01:00,74.32,49.25
2024-01-22T13:27:34+01:00,76.22,48.75
2024-01-22T13:32:26+01:00,84.03,51.25
2024-01-22T13:34:59+01:00,99.2,56.85
2024-01-22T13:37:29+01:00,101.3,57.15
2024-01-22T13:40:14+01:00,97.53,54.65
2024-01-22T13:42:41+01:00,109.5,57.3
2024-01-22T13:45:08+01:00,93.15,50.78
2024-01-22T13:47:35+01:00,94.28,53.08
2024-01-22T13:50:01+01:00,90.05,49.28
2024-01-22T13:52:27+01:00,91.53,51.17
2024-01-22T13:54:54+01:00,85.88,49.28
2024-01-22T13:57:20+01:00,81.3,48.63
2024-01-22T13:59:46+01:00,88.47,52.8
2024-01-22T14:02:12+01:00,85.53,50.8
2024-01-22T14:04:39+01:00,77.9,48.05
2024-01-22T14:07:05+01:00,80.68,48.33
2024-01-22T14:09:31+01:00,76.35,45.9
2024-01-22T14:11:57+01:00,78.05,48.63
2024-01-22T14:14:23+01:00,81.13,51.2
2024-01-22T14:16:49+01:00,76.5,47.63
2024-01-22T14:19:15+01:00,71.38,42.75
2024-01-22T14:21:41+01:00,80.0,48.92
2024-01-22T14:24:07+01:00,83.45,48.72
2024-01-22T14:26:33+01:00,92.43,50.95
2024-01-22T14:29:00+01:00,82.55,50.67
2024-01-22T14:31:26+01:00,76.53,45.28
2024-01-22T14:33:52+01:00,63.33,39.0
2024-01-22T14:36:18+01:00,73.65,42.8
2024-01-22T14:38:44+01:00,68.45,42.67
2024-01-22T14:41:11+01:00,60.53,36.6
2024-01-22T14:43:39+01:00,60.83,37.05
2024-01-22T14:46:07+01:00,72.72,45.55
2024-01-22T14:48:35+01:00,76.4,44.53
2024-01-22T14:51:01+01:00,82.5,45.05
2024-01-22T14:53:27+01:00,64.05,40.35
2024-01-22T14:55:54+01:00,77.1,45.63
2024-01-22T14:58:20+01:00,71.5,44.13
2024-01-22T15:00:46+01:00,79.57,47.97
2024-01-22T15:03:13+01:00,88.05,50.85
2024-01-22T15:05:40+01:00,70.38,40.78
2024-01-22T15:08:06+01:00,65.57,43.08
2024-01-22T15:10:32+01:00,72.45,45.17
2024-01-22T15:12:58+01:00,75.75,45.5
2024-01-22T15:15:24+01:00,87.13,52.47
2024-01-22T15:17:50+01:00,98.45,55.7
2024-01-22T15:20:16+01:00,86.7,53.28
2024-01-22T15:22:43+01:00,88.75,55.38
2024-01-22T15:25:09+01:00,78.13,47.13
2024-01-22T15:27:36+01:00,60.95,39.63
2024-01-22T15:30:02+01:00,60.72,38.9
2024-01-22T15:32:29+01:00,69.72,44.63
2024-01-22T15:34:56+01:00,71.53,43.75
2024-01-22T15:37:22+01:00,82.45,53.45
2024-01-22T15:39:48+01:00,63.8,40.45
2024-01-22T15:42:14+01:00,83.22,48.67
2024-01-22T15:44:40+01:00,78.8,44.83
2024-01-22T15:47:06+01:00,69.4,42.83
2024-01-22T15:49:32+01:00,68.25,40.6
2024-01-22T15:51:58+01:00,72.1,43.08
2024-01-22T15:54:24+01:00,66.03,41.25
2024-01-22T15:56:50+01:00,81.28,47.28
2024-01-22T15:59:18+01:00,72.65,43.97
2024-01-22T16:01:44+01:00,77.13,45.38
2024-01-22T16:04:10+01:00,69.6,44.67
2024-01-22T16:06:36+01:00,119.93,48.95
2024-01-22T16:09:03+01:00,64.35,36.75
2024-01-22T16:11:38+01:00,83.1,36.97
2024-01-22T16:14:04+01:00,62.6,35.95
2024-01-22T16:16:30+01:00,62.1,35.72
2024-01-22T16:18:57+01:00,63.8,36.67
2024-01-22T16:21:23+01:00,67.88,39.13
2024-01-22T16:23:49+01:00,80.63,41.53
2024-01-22T16:26:17+01:00,84.15,43.72
2024-01-22T16:28:43+01:00,84.38,47.2
2024-01-22T16:31:11+01:00,77.35,44.92
2024-01-22T16:33:37+01:00,81.0,42.58
2024-01-22T16:36:05+01:00,111.3,55.72
2024-01-22T16:38:32+01:00,224.15,99.95
2024-01-22T16:40:58+01:00,122.35,62.33
2024-01-22T16:43:24+01:00,105.2,55.72
2024-01-22T16:45:50+01:00,110.4,55.45
2024-01-22T16:48:16+01:00,103.7,55.47
2024-01-22T16:50:42+01:00,116.13,61.15
2024-01-22T16:53:08+01:00,79.78,48.8
2024-01-22T16:55:36+01:00,68.55,40.8
2024-01-22T16:58:02+01:00,75.63,43.78
2024-01-22T17:00:28+01:00,98.95,51.9
2024-01-22T17:02:54+01:00,74.25,44.45
2024-01-22T17:05:21+01:00,69.65,43.45
2024-01-22T17:07:47+01:00,89.22,46.03
2024-01-22T17:10:13+01:00,111.18,58.8
2024-01-22T17:12:39+01:00,129.07,78.93
2024-01-22T17:15:05+01:00,129.23,83.18
2024-01-22T17:17:31+01:00,105.63,67.9
2024-01-22T17:19:57+01:00,147.43,77.95
2024-01-22T17:22:23+01:00,117.43,68.32
2024-01-22T17:24:49+01:00,156.38,75.53
2024-01-22T17:27:16+01:00,119.75,65.18
2024-01-22T17:29:42+01:00,130.98,70.68
2024-01-22T17:32:08+01:00,116.3,63.0
2024-01-22T17:34:34+01:00,120.13,65.97
2024-01-22T17:37:00+01:00,115.68,62.1
2024-01-22T17:39:26+01:00,105.05,59.08
2024-01-22T17:41:52+01:00,79.47,32.1
2024-01-22T17:44:18+01:00,102.22,38.58
2024-01-22T17:46:45+01:00,94.55,39.53
2024-01-22T17:49:11+01:00,96.68,32.3
2024-01-22T17:51:37+01:00,112.13,67.1
2024-01-22T17:54:03+01:00,110.97,65.22
2024-01-22T17:56:30+01:00,94.43,34.42
2024-01-22T17:58:56+01:00,88.13,34.08
2024-01-22T18:01:23+01:00,126.25,45.35
2024-01-22T18:03:49+01:00,138.38,45.05
2024-01-22T18:06:18+01:00,98.05,39.9
2024-01-22T18:08:45+01:00,96.1,35.15
2024-01-22T18:11:11+01:00,114.45,40.75
2024-01-22T18:13:37+01:00,100.6,34.78
2024-01-22T18:16:03+01:00,91.72,34.35
2024-01-22T18:18:30+01:00,93.05,34.83
2024-01-22T18:20:57+01:00,79.6,31.98
2024-01-22T18:23:23+01:00,108.88,42.45
2024-01-22T18:25:49+01:00,82.65,34.33
2024-01-22T18:28:15+01:00,70.4,31.8
2024-01-22T18:30:41+01:00,76.45,32.0
2024-01-22T18:33:07+01:00,80.18,32.83
2024-01-22T18:35:35+01:00,104.93,43.63
2024-01-22T18:38:02+01:00,93.88,36.0
2024-01-22T18:40:34+01:00,97.82,38.15
2024-01-22T18:43:00+01:00,92.95,36.33
2024-01-22T18:45:27+01:00,92.5,38.28
2024-01-22T18:47:53+01:00,88.05,36.4
2024-01-22T18:50:19+01:00,101.0,40.05
2024-01-22T18:52:45+01:00,102.47,39.63
2024-01-22T18:55:11+01:00,131.38,45.8
2024-01-22T18:57:37+01:00,114.63,43.22
2024-01-22T19:00:04+01:00,104.6,42.15
2024-01-22T19:02:30+01:00,84.85,35.25
2024-01-22T19:04:56+01:00,102.68,38.55
2024-01-22T19:07:22+01:00,89.68,37.28
2024-01-22T19:09:49+01:00,104.82,38.67
2024-01-22T19:12:15+01:00,101.55,40.4
2024-01-22T19:14:41+01:00,92.28,38.22
2024-01-22T19:17:08+01:00,95.28,37.35
2024-01-22T19:19:34+01:00,103.97,37.6
2024-01-22T19:22:00+01:00,95.8,36.08
2024-01-22T19:24:27+01:00,104.55,40.17
2024-01-22T19:26:53+01:00,116.68,49.08
2024-01-22T19:29:19+01:00,78.3,32.88
2024-01-22T19:31:46+01:00,61.03,27.65
2024-01-22T19:34:12+01:00,69.8,29.7
2024-01-22T19:36:38+01:00,110.75,40.13
2024-01-22T19:39:04+01:00,139.9,48.58
2024-01-22T19:41:30+01:00,133.1,53.28
2024-01-22T19:43:56+01:00,128.65,44.03
2024-01-22T19:46:22+01:00,131.25,49.0
2024-01-22T19:48:48+01:00,145.8,48.58
2024-01-22T19:51:14+01:00,121.05,45.5
2024-01-22T19:53:40+01:00,125.68,46.95
2024-01-22T19:56:06+01:00,123.9,43.25
2024-01-22T19:58:33+01:00,166.75,64.13
2024-01-22T20:00:59+01:00,160.68,55.97
2024-01-22T20:03:26+01:00,163.43,54.33
2024-01-22T20:05:54+01:00,140.07,51.0
2024-01-22T20:08:26+01:00,140.27,49.5
2024-01-22T20:10:52+01:00,121.18,47.35
2024-01-22T20:13:18+01:00,134.82,51.72
2024-01-22T20:15:44+01:00,150.95,56.65
2024-01-22T20:18:10+01:00,138.63,57.67
2024-01-22T20:20:36+01:00,152.4,53.33
2024-01-22T20:23:02+01:00,132.57,48.97
2024-01-22T20:25:29+01:00,126.47,49.4
2024-01-22T20:27:56+01:00,125.57,50.45
2024-01-22T20:30:22+01:00,138.77,51.0
2024-01-22T20:32:48+01:00,159.95,63.8
2024-01-22T20:35:14+01:00,157.02,63.45
2024-01-22T20:37:43+01:00,180.38,69.7
2024-01-22T20:40:11+01:00,195.0,73.03
2024-01-22T20:42:37+01:00,241.18,91.95
2024-01-22T20:45:04+01:00,199.65,79.1
2024-01-22T20:47:30+01:00,225.38,82.85
2024-01-22T20:49:56+01:00,246.57,95.13
2024-01-22T20:52:22+01:00,285.08,111.38
2024-01-22T20:54:48+01:00,329.7,125.5
2024-01-22T20:57:15+01:00,268.5,111.8
2024-01-22T20:59:44+01:00,170.23,80.07
2024-01-22T21:02:10+01:00,230.9,89.28
2024-01-22T21:04:36+01:00,241.88,92.35
2024-01-22T21:07:03+01:00,232.7,90.95
2024-01-22T21:09:29+01:00,215.05,81.75
2024-01-22T21:11:55+01:00,213.43,79.8
2024-01-22T21:14:21+01:00,197.23,84.5
2024-01-22T21:16:47+01:00,201.23,76.43
2024-01-22T21:19:13+01:00,184.88,67.53
2024-01-22T21:21:43+01:00,205.6,83.0
2024-01-22T21:24:09+01:00,196.55,76.32
2024-01-22T21:26:38+01:00,203.8,82.63
2024-01-22T21:29:04+01:00,190.07,82.0
2024-01-22T21:31:30+01:00,217.25,81.1
2024-01-22T21:33:56+01:00,203.27,81.13
2024-01-22T21:36:26+01:00,194.68,76.28
2024-01-22T21:38:52+01:00,182.07,73.57
2024-01-22T21:41:19+01:00,217.25,82.45
2024-01-22T21:43:45+01:00,191.9,77.28
2024-01-22T21:46:11+01:00,159.55,63.88
2024-01-22T21:48:37+01:00,156.77,64.53
2024-01-22T21:51:04+01:00,166.02,63.25
2024-01-22T21:53:30+01:00,160.38,65.43
2024-01-22T21:55:58+01:00,150.45,63.42
2024-01-22T21:58:24+01:00,184.5,71.68
2024-01-22T22:00:50+01:00,326.08,108.05
2024-01-22T22:03:17+01:00,248.52,87.3
2024-01-22T22:05:43+01:00,250.85,90.22
2024-01-22T22:08:09+01:00,256.6,103.9
2024-01-22T22:10:35+01:00,276.75,104.15
2024-01-22T22:13:01+01:00,281.73,106.5
2024-01-22T22:15:27+01:00,264.98,108.75
2024-01-22T22:17:55+01:00,278.65,109.75
2024-01-22T22:20:21+01:00,298.23,114.38
2024-01-22T22:22:47+01:00,295.65,116.85
2024-01-22T22:25:14+01:00,294.6,112.07
2024-01-22T22:27:40+01:00,272.33,109.4
2024-01-22T22:30:06+01:00,215.57,85.65
2024-01-22T22:32:32+01:00,218.98,79.0
2024-01-22T22:34:58+01:00,211.02,74.75
2024-01-22T22:37:24+01:00,201.63,80.45
2024-01-22T22:39:51+01:00,205.88,78.35
2024-01-22T22:42:17+01:00,248.38,92.2
2024-01-22T22:44:47+01:00,298.13,111.3
2024-01-22T22:47:16+01:00,257.4,101.9
2024-01-22T22:49:42+01:00,255.05,90.18
2024-01-22T22:52:08+01:00,227.27,85.05
2024-01-22T22:54:34+01:00,277.27,106.75
2024-01-22T22:57:00+01:00,249.02,96.63
2024-01-22T22:59:26+01:00,209.82,80.9
2024-01-22T23:01:53+01:00,232.98,88.75
2024-01-22T23:04:19+01:00,222.38,85.72
2024-01-22T23:06:46+01:00,205.85,79.22
2024-01-22T23:09:12+01:00,233.38,90.55
2024-01-22T23:11:38+01:00,218.2,80.82
2024-01-22T23:14:04+01:00,197.32,75.1
2024-01-22T23:16:30+01:00,178.13,72.38
2024-01-22T23:18:57+01:00,144.25,46.22
2024-01-22T23:21:23+01:00,102.68,46.65
2024-01-22T23:23:49+01:00,191.0,73.35
2024-01-22T23:26:15+01:00,176.4,63.15
2024-01-22T23:28:41+01:00,149.65,54.75
2024-01-22T23:31:08+01:00,132.15,49.13
2024-01-22T23:33:34+01:00,164.63,63.22
2024-01-22T23:36:00+01:00,177.3,66.05
2024-01-22T23:38:26+01:00,173.68,71.57
2024-01-22T23:40:52+01:00,196.0,71.72
2024-01-22T23:43:19+01:00,190.38,73.13
2024-01-22T23:45:46+01:00,168.77,64.6
2024-01-22T23:48:12+01:00,143.32,51.9
2024-01-22T23:50:38+01:00,122.22,49.17
2024-01-22T23:53:04+01:00,122.4,46.5
2024-01-22T23:55:30+01:00,134.18,49.22
2024-01-22T23:57:57+01:00,115.1,46.45
2024-01-23T00:00:23+01:00,128.15,51.03
2024-01-23T00:02:50+01:00,157.57,56.97
2024-01-23T00:05:16+01:00,140.48,50.78
2024-01-23T00:07:42+01:00,125.78,48.97
2024-01-23T00:10:09+01:00,112.95,45.45
2024-01-23T00:12:35+01:00,106.38,40.05
2024-01-23T00:15:02+01:00,82.1,35.72
2024-01-23T00:17:28+01:00,38.72,22.6
2024-01-23T00:19:55+01:00,144.38,56.9
2024-01-23T00:22:21+01:00,123.22,50.35
2024-01-23T00:24:47+01:00,124.22,50.5
2024-01-23T00:27:13+01:00,111.75,45.5
2024-01-23T00:29:39+01:00,98.78,42.55
2024-01-23T00:32:05+01:00,100.15,41.47
2024-01-23T00:34:31+01:00,64.95,28.5
2024-01-23T00:36:57+01:00,76.53,31.5
2024-01-23T00:39:24+01:00,98.03,39.5
2024-01-23T00:41:50+01:00,90.82,37.03
2024-01-23T00:44:16+01:00,98.65,39.53
2024-01-23T00:46:42+01:00,97.3,40.55
2024-01-23T00:49:08+01:00,108.45,40.13
2024-01-23T00:51:34+01:00,102.05,36.7
2024-01-23T00:54:00+01:00,37.35,17.48
2024-01-23T00:56:26+01:00,127.1,49.08
2024-01-23T00:58:52+01:00,124.95,45.33
2024-01-23T01:01:19+01:00,133.93,46.38
2024-01-23T01:03:46+01:00,128.18,49.75
2024-01-23T01:06:12+01:00,128.77,50.92
2024-01-23T01:08:38+01:00,135.2,50.45
2024-01-23T01:11:05+01:00,138.5,52.03
2024-01-23T01:13:31+01:00,160.98,62.08
2024-01-23T01:15:57+01:00,149.1,55.47
2024-01-23T01:18:23+01:00,150.63,57.0
2024-01-23T01:20:49+01:00,133.52,54.05
2024-01-23T01:23:15+01:00,138.6,50.33
2024-01-23T01:25:41+01:00,125.95,52.78
2024-01-23T01:28:08+01:00,143.27,56.65
2024-01-23T01:30:34+01:00,147.95,54.35
2024-01-23T01:33:01+01:00,144.52,52.38
2024-01-23T01:35:27+01:00,135.15,52.58
2024-01-23T01:37:53+01:00,129.52,53.03
2024-01-23T01:40:20+01:00,139.6,51.92
2024-01-23T01:42:46+01:00,112.78,46.72
2024-01-23T01:45:12+01:00,130.77,49.78
2024-01-23T01:47:38+01:00,143.85,48.78
2024-01-23T01:50:04+01:00,136.13,49.1
2024-01-23T01:52:30+01:00,125.93,46.92
2024-01-23T01:54:56+01:00,117.65,47.05
2024-01-23T01:57:27+01:00,132.9,49.88
2024-01-23T01:59:53+01:00,130.9,48.08
2024-01-23T02:02:19+01:00,130.93,48.7
2024-01-23T02:04:45+01:00,143.02,46.97
2024-01-23T02:07:12+01:00,112.35,45.2
2024-01-23T02:09:38+01:00,126.63,49.47
2024-01-23T02:12:04+01:00,122.55,47.05
2024-01-23T02:14:31+01:00,120.7,47.92
2024-01-23T02:16:59+01:00,121.63,49.22
2024-01-23T02:19:25+01:00,128.65,46.75
2024-01-23T02:21:51+01:00,126.5,47.88
2024-01-23T02:24:17+01:00,141.68,51.15
2024-01-23T02:26:43+01:00,132.05,49.7
2024-01-23T02:29:09+01:00,138.05,53.08
2024-01-23T02:31:35+01:00,144.45,51.92
2024-01-23T02:34:01+01:00,141.07,53.53
2024-01-23T02:36:28+01:00,118.6,47.0
2024-01-23T02:38:54+01:00,115.57,46.9
2024-01-23T02:41:21+01:00,128.77,51.05
2024-01-23T02:43:47+01:00,128.0,49.78
2024-01-23T02:46:23+01:00,138.68,51.35
2024-01-23T02:48:49+01:00,123.7,46.5
2024-01-23T02:51:17+01:00,122.07,45.22
2024-01-23T02:53:43+01:00,128.73,47.33
2024-01-23T02:56:11+01:00,126.3,49.15
2024-01-23T02:58:37+01:00,117.35,43.22
2024-01-23T03:01:08+01:00,121.63,44.1
2024-01-23T03:03:35+01:00,124.93,48.25
2024-01-23T03:06:02+01:00,114.8,46.2
2024-01-23T03:08:28+01:00,128.9,45.7
2024-01-23T03:10:55+01:00,113.45,45.38
2024-01-23T03:13:22+01:00,133.5,48.4
2024-01-23T03:15:48+01:00,129.55,50.33
2024-01-23T03:18:14+01:00,122.9,48.0
2024-01-23T03:20:40+01:00,97.22,39.22
2024-01-23T03:23:12+01:00,117.85,44.25
2024-01-23T03:25:39+01:00,106.38,42.6
2024-01-23T03:28:05+01:00,101.35,40.2
2024-01-23T03:30:32+01:00,100.18,37.88
2024-01-23T03:33:00+01:00,120.97,48.1
2024-01-23T03:35:26+01:00,113.28,43.63
2024-01-23T03:37:52+01:00,108.57,43.1
2024-01-23T03:40:20+01:00,101.3,38.45
2024-01-23T03:42:46+01:00,107.8,42.1
2024-01-23T03:45:12+01:00,98.5,42.9
2024-01-23T03:47:38+01:00,73.88,31.67
2024-01-23T03:50:04+01:00,91.22,38.65
2024-01-23T03:52:30+01:00,102.1,36.13
2024-01-23T03:54:57+01:00,99.03,36.5
2024-01-23T03:57:24+01:00,84.82,38.55
2024-01-23T03:59:51+01:00,100.65,41.33
2024-01-23T04:02:17+01:00,113.22,43.6
2024-01-23T04:04:44+01:00,107.05,43.35
2024-01-23T04:07:11+01:00,95.9,42.0
2024-01-23T04:09:37+01:00,104.1,40.78
2024-01-23T04:12:13+01:00,98.68,42.13
2024-01-23T04:14:40+01:00,111.57,41.25
2024-01-23T04:17:06+01:00,109.15,43.03
2024-01-23T04:19:32+01:00,100.2,40.88
2024-01-23T04:21:58+01:00,112.3,43.78
2024-01-23T04:24:24+01:00,132.52,48.55
2024-01-23T04:26:50+01:00,123.65,47.92
2024-01-23T04:29:16+01:00,111.63,46.92
2024-01-23T04:31:42+01:00,107.32,44.05
2024-01-23T04:34:08+01:00,122.0,45.67
2024-01-23T04:36:34+01:00,128.88,47.4
2024-01-23T04:39:00+01:00,117.72,46.53
2024-01-23T04:41:26+01:00,111.3,44.67
2024-01-23T04:43:52+01:00,120.28,43.35
2024-01-23T04:46:18+01:00,121.38,44.13
2024-01-23T04:48:44+01:00,113.9,40.35
2024-01-23T04:51:10+01:00,94.43,37.95
2024-01-23T04:53:36+01:00,90.32,37.58
2024-01-23T04:56:03+01:00,96.6,36.88
2024-01-23T04:58:29+01:00,97.88,39.22
2024-01-23T05:00:55+01:00,76.97,34.85
2024-01-23T05:03:25+01:00,89.45,32.75
2024-01-23T05:05:51+01:00,102.57,37.92
2024-01-23T05:08:17+01:00,87.0,36.25
2024-01-23T05:10:43+01:00,88.22,34.72
2024-01-23T05:13:09+01:00,86.1,36.35
2024-01-23T05:15:35+01:00,83.75,33.85
2024-01-23T05:18:01+01:00,71.18,29.88
2024-01-23T05:20:27+01:00,74.63,30.92
2024-01-23T05:22:53+01:00,602.67,188.93
2024-01-23T05:25:20+01:00,127.28,48.72
2024-01-23T05:27:46+01:00,168.4,49.17
2024-01-23T05:30:12+01:00,176.63,51.83
2024-01-23T05:32:38+01:00,77.28,29.05
2024-01-23T05:35:06+01:00,65.68,26.05
2024-01-23T05:37:32+01:00,69.03,29.3
2024-01-23T05:39:59+01:00,55.25,25.88
2024-01-23T05:42:25+01:00,61.33,25.17
2024-01-23T05:44:51+01:00,68.1,29.13
2024-01-23T05:47:17+01:00,65.07,27.58
2024-01-23T05:49:43+01:00,71.8,27.95
2024-01-23T05:52:10+01:00,85.2,29.48
2024-01-23T05:54:36+01:00,84.45,32.05
2024-01-23T05:57:02+01:00,75.63,29.83
2024-01-23T05:59:29+01:00,69.2,29.15
2024-01-23T06:01:55+01:00,140.0,42.42
2024-01-23T06:04:21+01:00,211.63,58.65
2024-01-23T06:06:47+01:00,75.13,26.92
2024-01-23T06:09:13+01:00,91.7,33.55
2024-01-23T06:11:39+01:00,69.72,29.63
2024-01-23T06:14:05+01:00,75.53,29.02
2024-01-23T06:16:32+01:00,72.82,30.58
2024-01-23T06:18:58+01:00,69.93,28.5
2024-01-23T06:21:24+01:00,74.18,30.8
2024-01-23T06:23:50+01:00,73.93,28.23
2024-01-23T06:26:16+01:00,68.97,28.67
2024-01-23T06:28:42+01:00,70.47,29.05
2024-01-23T06:31:08+01:00,74.0,29.33
2024-01-23T06:33:34+01:00,77.8,31.15
2024-01-23T06:36:00+01:00,81.13,31.1
2024-01-23T06:38:27+01:00,97.07,40.33
2024-01-23T06:40:53+01:00,75.0,32.15
2024-01-23T06:43:19+01:00,82.85,32.1
2024-01-23T06:45:45+01:00,81.0,32.92
2024-01-23T06:48:11+01:00,80.93,34.25
2024-01-23T06:50:37+01:00,79.2,33.3
2024-01-23T06:53:03+01:00,43.9,18.05
2024-01-23T06:55:29+01:00,23.88,13.55
2024-01-23T06:57:55+01:00,43.1,21.52
2024-01-23T07:00:21+01:00,49.92,24.13
2024-01-23T07:02:47+01:00,69.15,29.23
2024-01-23T07:05:13+01:00,75.13,29.2
2024-01-23T07:07:39+01:00,69.8,30.27
2024-01-23T07:10:08+01:00,79.2,31.45
2024-01-23T07:12:35+01:00,75.45,32.13
2024-01-23T07:15:01+01:00,85.22,35.65
2024-01-23T07:17:28+01:00,77.3,33.2
2024-01-23T07:19:54+01:00,72.65,32.55
2024-01-23T07:22:20+01:00,75.72,31.45
2024-01-23T07:25:05+01:00,79.25,36.28
2024-01-23T07:27:31+01:00,93.6,37.53
2024-01-23T07:29:57+01:00,263.55,78.3
2024-01-23T07:32:24+01:00,111.4,44.63
2024-01-23T07:34:53+01:00,112.97,40.0
2024-01-23T07:37:19+01:00,85.18,37.53
2024-01-23T07:39:46+01:00,74.57,31.48
2024-01-23T07:42:12+01:00,74.35,33.35
2024-01-23T07:44:38+01:00,77.97,32.75
2024-01-23T07:47:05+01:00,80.9,34.5
2024-01-23T07:49:31+01:00,81.07,33.42
2024-01-23T07:51:57+01:00,78.9,34.3
2024-01-23T07:54:23+01:00,81.13,35.67
2024-01-23T07:56:49+01:00,101.9,63.33
2024-01-23T07:59:15+01:00,84.53,57.95
2024-01-23T08:01:41+01:00,60.58,27.38
2024-01-23T08:04:08+01:00,78.38,33.15
2024-01-23T08:06:34+01:00,84.38,35.8
2024-01-23T08:09:00+01:00,91.13,60.35
2024-01-23T08:11:26+01:00,98.93,67.5
2024-01-23T08:13:53+01:00,88.13,60.72
2024-01-23T08:16:19+01:00,90.8,61.97
2024-01-23T08:18:45+01:00,86.95,61.72
2024-01-23T08:21:12+01:00,100.18,72.2
2024-01-23T08:23:38+01:00,104.43,77.82
2024-01-23T08:26:04+01:00,117.53,77.53
2024-01-23T08:28:30+01:00,161.1,86.53
2024-01-23T08:30:56+01:00,138.85,81.68
2024-01-23T08:33:22+01:00,120.4,74.3
2024-01-23T08:35:48+01:00,100.4,67.35
2024-01-23T08:38:17+01:00,88.68,63.72
2024-01-23T08:40:43+01:00,89.8,64.72
2024-01-23T08:43:10+01:00,102.1,69.4
2024-01-23T08:45:36+01:00,92.43,68.6
2024-01-23T08:48:02+01:00,89.97,64.4
2024-01-23T08:50:31+01:00,90.28,63.97
2024-01-23T08:52:57+01:00,87.53,65.28
2024-01-23T08:55:23+01:00,87.93,65.05
2024-01-23T08:57:49+01:00,79.8,56.8
2024-01-23T09:00:16+01:00,91.18,62.03
2024-01-23T09:02:43+01:00,85.25,58.55
2024-01-23T09:05:10+01:00,109.6,72.38
2024-01-23T09:07:36+01:00,143.45,88.88
2024-01-23T09:10:03+01:00,126.32,83.5
2024-01-23T09:12:29+01:00,107.07,68.9
2024-01-23T09:14:55+01:00,103.88,67.38
2024-01-23T09:17:21+01:00,109.0,68.57
2024-01-23T09:19:48+01:00,112.25,75.35
2024-01-23T09:22:14+01:00,92.4,64.97
2024-01-23T09:24:41+01:00,104.6,73.7
2024-01-23T09:27:07+01:00,109.05,75.38
2024-01-23T09:29:33+01:00,105.6,72.93
2024-01-23T09:31:59+01:00,104.3,73.63
2024-01-23T09:34:26+01:00,96.9,68.3
2024-01-23T09:36:52+01:00,93.22,64.6
2024-01-23T09:39:18+01:00,72.65,53.33
2024-01-23T09:41:44+01:00,88.2,59.38
2024-01-23T09:44:10+01:00,79.28,55.35
2024-01-23T09:46:36+01:00,83.0,57.25
2024-01-23T09:49:02+01:00,88.15,60.8
2024-01-23T09:51:28+01:00,89.45,60.1
2024-01-23T09:53:55+01:00,64.5,46.42
2024-01-23T09:56:21+01:00,64.05,49.25
2024-01-23T09:58:48+01:00,71.57,49.13
2024-01-23T10:01:15+01:00,73.57,54.97
2024-01-23T10:03:41+01:00,73.13,51.53
2024-01-23T10:06:07+01:00,73.25,56.95
2024-01-23T10:08:35+01:00,81.65,58.08
2024-01-23T10:11:01+01:00,76.47,51.55
2024-01-23T10:13:30+01:00,69.95,48.88
2024-01-23T10:15:57+01:00,70.28,48.63
2024-01-23T10:18:23+01:00,66.8,49.75
2024-01-23T10:20:49+01:00,76.45,51.4
2024-01-23T10:23:15+01:00,66.4,47.3
2024-01-23T10:25:42+01:00,69.97,48.47
2024-01-23T10:28:09+01:00,67.22,50.95
2024-01-23T10:30:35+01:00,68.32,49.28
2024-01-23T10:33:01+01:00,64.1,45.63
2024-01-23T10:35:28+01:00,76.15,51.3
2024-01-23T10:37:55+01:00,75.5,50.88
2024-01-23T10:40:21+01:00,63.33,44.72
2024-01-23T10:42:48+01:00,56.95,43.45
2024-01-23T10:45:16+01:00,60.67,47.17
2024-01-23T10:47:44+01:00,62.67,49.22
2024-01-23T10:50:12+01:00,50.08,39.13
2024-01-23T10:52:41+01:00,56.0,38.63
2024-01-23T10:55:08+01:00,66.8,41.45
2024-01-23T10:57:35+01:00,64.25,42.35
2024-01-23T11:00:01+01:00,52.1,41.5
2024-01-23T11:02:31+01:00,58.08,43.83
2024-01-23T11:04:57+01:00,57.15,43.92
2024-01-23T11:07:23+01:00,56.05,43.15
2024-01-23T11:09:51+01:00,51.92,41.28
2024-01-23T11:12:24+01:00,50.2,38.08
2024-01-23T11:14:50+01:00,50.8,37.83
2024-01-23T11:17:16+01:00,49.85,37.15
2024-01-23T11:19:42+01:00,40.72,31.58
2024-01-23T11:22:08+01:00,42.6,32.08
2024-01-23T11:24:34+01:00,50.9,36.72
2024-01-23T11:27:00+01:00,45.08,33.9
2024-01-23T11:29:26+01:00,46.3,35.38
2024-01-23T11:31:52+01:00,51.08,39.5
2024-01-23T11:34:18+01:00,54.33,38.7
2024-01-23T11:36:45+01:00,51.08,36.9
2024-01-23T11:39:12+01:00,49.92,37.13
2024-01-23T11:41:40+01:00,44.1,35.5
2024-01-23T11:44:06+01:00,44.95,34.95
2024-01-23T11:46:33+01:00,48.9,37.08
2024-01-23T11:48:59+01:00,48.03,37.92
2024-01-23T11:51:29+01:00,54.6,38.35
2024-01-23T11:54:07+01:00,73.8,36.97
2024-01-23T11:56:34+01:00,52.67,34.47
2024-01-23T11:59:03+01:00,48.42,33.83
2024-01-23T12:01:34+01:00,46.5,32.88
2024-01-23T12:04:00+01:00,46.47,35.38
2024-01-23T12:06:29+01:00,53.1,37.35
2024-01-23T12:09:03+01:00,49.6,34.38
2024-01-23T12:11:43+01:00,43.87,34.1
2024-01-23T12:16:38+01:00,46.85,33.85
2024-01-23T12:19:04+01:00,44.2,34.22
2024-01-23T12:21:31+01:00,40.85,30.35
2024-01-23T12:24:01+01:00,41.0,30.88
2024-01-23T12:26:27+01:00,35.53,28.55
2024-01-23T12:29:03+01:00,40.38,31.0
2024-01-23T12:31:37+01:00,37.92,30.58
2024-01-23T12:35:03+01:00,43.25,33.45
2024-01-23T12:37:03+01:00,53.28,36.67
2024-01-23T12:39:29+01:00,47.65,35.38
2024-01-23T12:42:00+01:00,47.47,34.55
2024-01-23T12:44:26+01:00,42.28,30.67
2024-01-23T12:46:52+01:00,39.67,30.35
2024-01-23T12:49:18+01:00,42.67,32.8
2024-01-23T12:51:44+01:00,44.45,35.1
2024-01-23T12:54:11+01:00,49.13,37.53
2024-01-23T12:56:39+01:00,45.75,35.38
2024-01-23T12:59:05+01:00,49.5,35.45
2024-01-23T13:01:32+01:00,47.22,36.63
2024-01-23T13:03:58+01:00,47.33,34.17
2024-01-23T13:06:24+01:00,53.63,35.3
2024-01-23T13:08:51+01:00,55.42,37.95
2024-01-23T13:11:17+01:00,43.67,33.55
2024-01-23T13:13:47+01:00,48.28,35.15
2024-01-23T13:16:13+01:00,53.4,36.03
2024-01-23T13:18:40+01:00,48.6,33.1
2024-01-23T13:21:06+01:00,37.33,28.7
2024-01-23T13:23:32+01:00,41.7,30.55
2024-01-23T13:25:59+01:00,48.67,32.15
2024-01-23T13:28:28+01:00,42.05,29.0
2024-01-23T13:30:54+01:00,41.7,29.0
2024-01-23T13:33:20+01:00,45.58,30.67
2024-01-23T13:35:47+01:00,42.88,30.98
2024-01-23T13:38:14+01:00,58.8,31.17
2024-01-23T13:40:40+01:00,40.85,27.92
2024-01-23T13:43:07+01:00,40.95,28.55
2024-01-23T13:45:33+01:00,37.08,27.08
2024-01-23T13:47:59+01:00,77.2,28.88
2024-01-23T13:50:25+01:00,35.83,26.73
2024-01-23T13:52:52+01:00,36.1,24.83
2024-01-23T13:55:19+01:00,51.95,25.5
2024-01-23T13:57:45+01:00,32.5,23.63
2024-01-23T14:00:12+01:00,35.8,23.8
2024-01-23T14:02:39+01:00,36.42,24.08
2024-01-23T14:05:05+01:00,35.0,24.95
2024-01-23T14:07:32+01:00,42.45,26.15
2024-01-23T14:09:58+01:00,44.25,24.8
2024-01-23T14:12:25+01:00,38.95,25.08
2024-01-23T14:14:51+01:00,85.15,52.53
2024-01-23T14:17:20+01:00,106.8,67.97
2024-01-23T14:19:46+01:00,117.75,72.7
2024-01-23T14:22:13+01:00,117.7,75.35
2024-01-23T14:24:39+01:00,111.07,74.03
2024-01-23T14:27:05+01:00,123.6,80.65
2024-01-23T14:29:35+01:00,120.25,81.18
2024-01-23T14:32:01+01:00,125.47,84.25
2024-01-23T14:34:29+01:00,127.82,82.95
2024-01-23T14:36:57+01:00,123.13,79.1
2024-01-23T14:39:24+01:00,141.9,87.35
2024-01-23T14:41:50+01:00,134.93,84.3
2024-01-23T14:44:17+01:00,137.52,86.45
2024-01-23T14:46:43+01:00,134.13,84.63
2024-01-23T14:49:09+01:00,169.8,100.53
2024-01-23T14:51:36+01:00,173.57,102.57
2024-01-23T14:54:04+01:00,151.9,93.43
2024-01-23T14:56:30+01:00,132.7,84.5
2024-01-23T14:58:58+01:00,144.2,90.15
2024-01-23T15:01:24+01:00,152.8,96.1
2024-01-23T15:03:50+01:00,132.6,84.35
2024-01-23T15:06:16+01:00,154.02,97.1
2024-01-23T15:08:42+01:00,146.4,97.55
2024-01-23T15:11:10+01:00,146.0,96.63
2024-01-23T15:13:36+01:00,153.93,103.35
2024-01-23T15:16:02+01:00,170.93,110.25
2024-01-23T15:18:29+01:00,192.05,120.55
2024-01-23T15:20:55+01:00,178.6,113.95
2024-01-23T15:23:21+01:00,174.0,112.25
2024-01-23T15:25:47+01:00,158.75,100.78
2024-01-23T15:28:13+01:00,147.88,92.95
2024-01-23T15:30:39+01:00,144.73,86.7
2024-01-23T15:33:05+01:00,138.23,87.28
2024-01-23T15:35:31+01:00,153.23,88.28
2024-01-23T15:37:57+01:00,122.72,79.6
2024-01-23T15:40:23+01:00,164.48,104.1
2024-01-23T15:42:50+01:00,172.88,109.85
2024-01-23T15:45:17+01:00,196.5,117.75
2024-01-23T15:47:46+01:00,172.75,109.78
2024-01-23T15:50:12+01:00,163.3,100.95
2024-01-23T15:52:38+01:00,173.52,100.63
2024-01-23T15:55:05+01:00,189.68,113.0
2024-01-23T15:57:31+01:00,173.07,108.95
2024-01-23T15:59:57+01:00,156.4,97.82
2024-01-23T16:02:23+01:00,149.38,94.63
2024-01-23T16:04:49+01:00,157.05,100.7
2024-01-23T16:07:15+01:00,163.3,101.13
2024-01-23T16:09:41+01:00,162.45,98.0
2024-01-23T16:12:07+01:00,177.73,106.22
2024-01-23T16:14:34+01:00,180.25,105.57
2024-01-23T16:17:00+01:00,144.52,94.1
2024-01-23T16:19:32+01:00,144.48,91.93
2024-01-23T16:21:58+01:00,163.82,106.15
2024-01-23T16:24:24+01:00,162.55,108.2
2024-01-23T16:26:50+01:00,186.3,118.53
2024-01-23T16:29:16+01:00,194.57,125.43
2024-01-23T16:31:43+01:00,200.02,128.9
2024-01-23T16:34:09+01:00,228.1,141.15
2024-01-23T16:36:35+01:00,266.85,160.82
2024-01-23T16:39:01+01:00,255.63,157.88
2024-01-23T16:41:27+01:00,237.0,150.8
2024-01-23T16:43:53+01:00,226.43,143.05
2024-01-23T16:46:19+01:00,223.48,138.82
2024-01-23T16:48:45+01:00,217.0,137.8
2024-01-23T16:51:12+01:00,219.68,136.65
2024-01-23T16:53:38+01:00,209.98,134.9
2024-01-23T16:56:04+01:00,203.27,133.02
2024-01-23T16:58:32+01:00,207.05,132.73
2024-01-23T17:00:58+01:00,233.65,142.25
2024-01-23T17:03:24+01:00,214.02,138.1
2024-01-23T17:05:51+01:00,255.27,155.65
2024-01-23T17:08:17+01:00,233.68,151.27
2024-01-23T17:10:43+01:00,259.88,167.73
2024-01-23T17:13:09+01:00,279.4,181.98
2024-01-23T17:15:35+01:00,229.5,146.4
2024-01-23T17:18:01+01:00,257.1,163.15
2024-01-23T17:20:27+01:00,213.15,139.27
2024-01-23T17:22:53+01:00,226.7,147.98
2024-01-23T17:25:19+01:00,203.65,127.13
2024-01-23T17:27:45+01:00,138.1,90.43
2024-01-23T17:30:12+01:00,157.6,101.13
2024-01-23T17:32:38+01:00,151.1,96.93
2024-01-23T17:35:04+01:00,140.68,89.6
2024-01-23T17:37:30+01:00,155.55,98.0
2024-01-23T17:39:56+01:00,187.95,116.68
2024-01-23T17:42:22+01:00,209.32,121.65
2024-01-23T17:44:49+01:00,157.5,106.6
2024-01-23T17:47:15+01:00,171.02,111.18
2024-01-23T17:49:41+01:00,181.57,118.68
2024-01-23T17:52:07+01:00,191.57,122.2
2024-01-23T17:54:33+01:00,191.68,120.9
2024-01-23T17:56:59+01:00,174.1,112.65
2024-01-23T17:59:25+01:00,197.35,129.9
2024-01-23T18:01:54+01:00,181.77,115.28
2024-01-23T18:04:20+01:00,156.93,101.75
2024-01-23T18:06:46+01:00,158.9,105.32
2024-01-23T18:09:12+01:00,148.6,98.32
2024-01-23T18:11:38+01:00,141.85,96.13
2024-01-23T18:14:04+01:00,141.63,92.18
2024-01-23T18:16:31+01:00,166.7,103.78
2024-01-23T18:18:57+01:00,132.93,88.05
2024-01-23T18:21:23+01:00,108.8,69.8
2024-01-23T18:23:49+01:00,101.15,65.57
2024-01-23T18:26:15+01:00,103.32,64.2
2024-01-23T18:28:43+01:00,104.22,64.22
2024-01-23T18:31:09+01:00,111.53,68.35
2024-01-23T18:33:35+01:00,128.32,81.07
2024-01-23T18:36:01+01:00,90.68,58.58
2024-01-23T18:38:27+01:00,121.1,76.7
2024-01-23T18:40:53+01:00,119.2,74.95
2024-01-23T18:43:20+01:00,129.52,81.13
2024-01-23T18:45:46+01:00,134.32,93.63
2024-01-23T18:48:12+01:00,167.4,108.0
2024-01-23T18:50:38+01:00,164.0,104.1
2024-01-23T18:53:04+01:00,173.77,107.75
2024-01-23T18:55:30+01:00,128.23,82.6
2024-01-23T18:57:57+01:00,148.3,91.68
2024-01-23T19:00:23+01:00,145.0,93.28
2024-01-23T19:02:54+01:00,123.38,80.57
2024-01-23T19:05:20+01:00,172.2,110.95
2024-01-23T19:07:46+01:00,249.43,163.15
2024-01-23T19:10:12+01:00,229.2,146.9
2024-01-23T19:12:38+01:00,225.48,147.27
2024-01-23T19:15:05+01:00,209.77,140.1
2024-01-23T19:17:31+01:00,208.52,137.43
2024-01-23T19:19:57+01:00,201.98,134.05
2024-01-23T19:22:23+01:00,188.35,123.2
2024-01-23T19:24:49+01:00,203.63,126.65
2024-01-23T19:27:18+01:00,185.27,121.38
2024-01-23T19:29:45+01:00,158.6,104.7
2024-01-23T19:32:12+01:00,149.38,104.95
2024-01-23T19:34:38+01:00,169.52,110.65
2024-01-23T19:37:04+01:00,268.02,152.45
2024-01-23T19:39:30+01:00,226.73,145.07
2024-01-23T19:41:58+01:00,182.55,120.35
2024-01-23T19:44:24+01:00,169.35,115.5
2024-01-23T19:46:51+01:00,162.88,113.3
2024-01-23T19:49:17+01:00,170.43,112.05
2024-01-23T19:51:45+01:00,165.25,108.68
2024-01-23T19:54:11+01:00,153.75,97.43
2024-01-23T19:56:38+01:00,134.45,88.95
2024-01-23T19:59:04+01:00,113.13,74.53
2024-01-23T20:01:30+01:00,98.47,68.55
2024-01-23T20:03:56+01:00,96.57,61.7
2024-01-23T20:06:23+01:00,76.03,50.17
2024-01-23T20:08:49+01:00,65.03,39.78
2024-01-23T20:11:16+01:00,36.38,23.2
2024-01-23T20:13:44+01:00,27.8,13.88
2024-01-23T20:16:10+01:00,19.3,11.15
2024-01-23T20:18:36+01:00,20.52,9.95
2024-01-23T20:21:05+01:00,17.67,9.3
2024-01-23T20:23:32+01:00,19.4,10.27
2024-01-23T20:25:58+01:00,15.7,10.02
2024-01-23T20:28:24+01:00,18.35,10.05
2024-01-23T20:30:50+01:00,61.38,36.1
2024-01-23T20:33:16+01:00,31.45,17.73
2024-01-23T20:35:42+01:00,19.35,9.1
2024-01-23T20:38:08+01:00,17.73,8.93
2024-01-23T20:40:34+01:00,22.25,11.9
2024-01-23T20:43:00+01:00,21.6,12.45
2024-01-23T20:45:26+01:00,20.88,12.18
2024-01-23T20:47:52+01:00,19.52,11.68
2024-01-23T20:50:20+01:00,31.45,15.43
2024-01-23T20:52:47+01:00,21.17,12.5
2024-01-23T20:55:13+01:00,25.73,14.2
2024-01-23T20:57:40+01:00,31.73,18.2
2024-01-23T21:00:08+01:00,27.3,15.63
2024-01-23T21:02:34+01:00,18.55,10.05
2024-01-23T21:05:01+01:00,10.5,6.3
2024-01-23T21:07:27+01:00,16.55,9.48
2024-01-23T21:09:54+01:00,19.05,11.63
2024-01-23T21:12:20+01:00,26.17,12.9
2024-01-23T21:14:46+01:00,21.3,12.05
2024-01-23T21:17:12+01:00,23.95,11.15
2024-01-23T21:19:38+01:00,21.2,11.55
2024-01-23T21:22:04+01:00,24.17,12.02
2024-01-23T21:24:31+01:00,20.5,10.88
2024-01-23T21:26:58+01:00,24.88,11.77
2024-01-23T21:29:24+01:00,29.38,10.1
2024-01-23T21:31:50+01:00,19.95,8.82
2024-01-23T21:34:16+01:00,23.58,9.38
2024-01-23T21:36:45+01:00,16.0,8.52
2024-01-23T21:39:11+01:00,19.2,7.65
2024-01-23T21:41:40+01:00,14.05,6.75
2024-01-23T21:44:06+01:00,11.05,6.65
2024-01-23T21:46:33+01:00,9.35,5.85
2024-01-23T21:48:59+01:00,7.7,5.3
2024-01-23T21:51:25+01:00,8.82,5.1
2024-01-23T21:53:51+01:00,10.32,4.9
2024-01-23T21:56:17+01:00,8.88,4.78
2024-01-23T21:58:43+01:00,16.75,8.75
2024-01-23T22:01:09+01:00,11.82,5.95
2024-01-23T22:03:36+01:00,15.5,7.45
2024-01-23T22:06:03+01:00,12.0,6.53
2024-01-23T22:08:29+01:00,18.08,10.05
2024-01-23T22:10:55+01:00,16.13,9.9
2024-01-23T22:13:21+01:00,16.33,9.32
2024-01-23T22:15:47+01:00,14.2,7.5
2024-01-23T22:18:13+01:00,12.25,5.43
2024-01-23T22:20:39+01:00,32.13,20.85
2024-01-23T22:23:05+01:00,68.28,44.67
2024-01-23T22:25:31+01:00,58.72,39.85
2024-01-23T22:27:57+01:00,71.9,46.15
2024-01-23T22:30:23+01:00,33.38,21.08
2024-01-23T22:32:49+01:00,37.83,24.52
2024-01-23T22:35:15+01:00,32.25,21.58
2024-01-23T22:37:42+01:00,33.92,23.4
2024-01-23T22:40:08+01:00,36.03,22.38
2024-01-23T22:42:34+01:00,53.25,34.05
2024-01-23T22:45:00+01:00,6.45,3.7
2024-01-23T22:47:27+01:00,43.28,25.17
2024-01-23T22:49:53+01:00,65.0,41.3
2024-01-23T22:52:19+01:00,70.65,43.42
2024-01-23T22:54:46+01:00,74.97,47.28
2024-01-23T22:57:12+01:00,98.65,60.55
2024-01-23T22:59:38+01:00,105.1,64.05
2024-01-23T23:02:04+01:00,101.65,65.28
2024-01-23T23:04:30+01:00,69.2,42.9
2024-01-23T23:06:57+01:00,53.95,32.83
2024-01-23T23:09:23+01:00,43.38,29.33
2024-01-23T23:11:49+01:00,57.55,33.88
2024-01-23T23:14:15+01:00,69.78,47.47
2024-01-23T23:16:41+01:00,72.35,48.7
2024-01-23T23:19:07+01:00,69.97,46.0
2024-01-23T23:21:33+01:00,65.07,42.65
2024-01-23T23:23:59+01:00,48.67,31.83
2024-01-23T23:26:26+01:00,62.65,40.6
2024-01-23T23:28:52+01:00,56.05,37.17
2024-01-23T23:31:18+01:00,77.3,50.25
2024-01-23T23:33:44+01:00,87.75,57.13
2024-01-23T23:36:14+01:00,94.05,60.7
2024-01-23T23:38:44+01:00,65.1,41.0
2024-01-23T23:41:10+01:00,58.53,36.28
2024-01-23T23:43:36+01:00,60.7,40.65
2024-01-23T23:46:03+01:00,123.9,76.28
2024-01-23T23:48:30+01:00,92.25,57.72
2024-01-23T23:50:56+01:00,80.68,49.55
2024-01-23T23:53:22+01:00,82.22,50.05
2024-01-23T23:55:48+01:00,76.38,50.13
2024-01-23T23:58:14+01:00,79.6,50.8
2024-01-24T00:00:40+01:00,68.3,44.35
2024-01-24T00:03:06+01:00,83.75,53.4
2024-01-24T00:05:32+01:00,115.13,68.35
2024-01-24T00:07:59+01:00,140.43,85.55
2024-01-24T00:10:26+01:00,151.77,93.4
2024-01-24T00:12:52+01:00,139.23,83.9
2024-01-24T00:15:18+01:00,96.47,62.92
2024-01-24T00:17:44+01:00,84.63,55.47
2024-01-24T00:20:10+01:00,85.5,56.97
2024-01-24T00:22:40+01:00,86.7,53.75
2024-01-24T00:25:07+01:00,101.85,64.8
2024-01-24T00:27:33+01:00,75.1,49.63
2024-01-24T00:30:00+01:00,94.65,60.75
2024-01-24T00:32:27+01:00,100.9,62.67
2024-01-24T00:34:53+01:00,93.63,58.13
2024-01-24T00:37:19+01:00,79.47,48.45
2024-01-24T00:39:45+01:00,78.28,50.15
2024-01-24T00:42:12+01:00,84.25,51.72
2024-01-24T00:44:38+01:00,93.13,57.2
2024-01-24T00:47:04+01:00,103.72,59.55
2024-01-24T00:49:31+01:00,111.9,67.35
2024-01-24T00:51:57+01:00,57.4,34.9
2024-01-24T00:54:23+01:00,74.72,47.1
2024-01-24T00:56:49+01:00,72.5,46.5
2024-01-24T00:59:16+01:00,66.1,40.13
2024-01-24T01:01:42+01:00,54.22,36.47
2024-01-24T01:04:09+01:00,54.03,35.58
2024-01-24T01:06:36+01:00,58.7,37.15
2024-01-24T01:09:03+01:00,68.63,42.4
2024-01-24T01:11:29+01:00,57.28,38.2
2024-01-24T01:13:55+01:00,19.63,13.02
2024-01-24T01:16:21+01:00,20.05,13.4
2024-01-24T01:18:48+01:00,25.63,16.3
2024-01-24T01:21:14+01:00,25.35,15.9
2024-01-24T01:23:40+01:00,27.63,17.1
2024-01-24T01:26:06+01:00,30.15,19.08
2024-01-24T01:28:32+01:00,29.5,18.98
2024-01-24T01:30:58+01:00,29.48,18.45
2024-01-24T01:33:24+01:00,35.25,22.85
2024-01-24T01:35:51+01:00,71.25,45.38
2024-01-24T01:38:17+01:00,70.4,45.72
2024-01-24T01:40:43+01:00,73.82,45.55
2024-01-24T01:43:09+01:00,69.93,44.7
2024-01-24T01:45:35+01:00,43.45,28.52
2024-01-24T01:48:01+01:00,46.33,28.45
2024-01-24T01:50:27+01:00,43.3,27.05
2024-01-24T01:52:53+01:00,92.9,51.47
2024-01-24T01:55:21+01:00,54.2,35.3
2024-01-24T01:57:47+01:00,80.28,49.25
2024-01-24T02:00:13+01:00,77.07,47.6
2024-01-24T02:02:39+01:00,67.6,44.0
2024-01-24T02:05:07+01:00,69.78,44.13
2024-01-24T02:07:33+01:00,70.97,46.1
2024-01-24T02:09:59+01:00,72.1,46.13
2024-01-24T02:12:25+01:00,77.4,48.33
2024-01-24T02:14:51+01:00,72.8,44.65
2024-01-24T02:17:17+01:00,70.4,45.13
2024-01-24T02:19:43+01:00,71.47,46.13
2024-01-24T02:22:09+01:00,68.95,43.15
2024-01-24T02:24:35+01:00,71.15,47.6
2024-01-24T02:27:01+01:00,86.22,53.03
2024-01-24T02:29:27+01:00,79.05,48.92
2024-01-24T02:31:53+01:00,78.35,48.85
2024-01-24T02:34:19+01:00,90.1,53.78
2024-01-24T02:36:46+01:00,82.6,50.53
2024-01-24T02:39:12+01:00,82.68,50.42
2024-01-24T02:41:38+01:00,87.47,51.1
2024-01-24T02:44:04+01:00,73.53,45.47
2024-01-24T02:46:30+01:00,72.32,45.38
2024-01-24T02:48:57+01:00,70.22,42.92
2024-01-24T02:51:23+01:00,71.53,43.88
2024-01-24T02:53:49+01:00,65.38,43.92
2024-01-24T02:56:17+01:00,71.6,45.03
2024-01-24T02:58:44+01:00,62.0,41.38
2024-01-24T03:01:10+01:00,62.78,41.83
2024-01-24T03:03:37+01:00,66.1,41.53
2024-01-24T03:06:03+01:00,61.67,40.6
2024-01-24T03:08:29+01:00,60.75,39.22
2024-01-24T03:11:00+01:00,58.17,38.67
2024-01-24T03:13:27+01:00,59.28,37.17
2024-01-24T03:15:55+01:00,54.35,37.0
2024-01-24T03:18:21+01:00,65.93,41.75
2024-01-24T03:20:47+01:00,60.4,39.45
2024-01-24T03:23:13+01:00,60.38,38.7
2024-01-24T03:25:41+01:00,61.6,38.97
2024-01-24T03:28:07+01:00,57.83,37.65
2024-01-24T03:30:33+01:00,54.28,35.88
2024-01-24T03:32:59+01:00,58.08,37.3
2024-01-24T03:35:25+01:00,56.4,37.05
2024-01-24T03:37:52+01:00,62.17,40.83
2024-01-24T03:40:19+01:00,57.78,38.0
2024-01-24T03:42:45+01:00,68.32,41.1
2024-01-24T03:45:11+01:00,63.28,40.22
2024-01-24T03:47:37+01:00,69.47,43.65
2024-01-24T03:50:03+01:00,67.32,44.2
2024-01-24T03:52:29+01:00,69.82,44.95
2024-01-24T03:54:56+01:00,65.47,43.9
2024-01-24T03:57:22+01:00,71.25,43.53
2024-01-24T03:59:48+01:00,70.25,44.78
2024-01-24T04:02:14+01:00,65.15,40.65
2024-01-24T04:04:40+01:00,62.0,41.08
2024-01-24T04:07:06+01:00,62.42,39.45
2024-01-24T04:09:32+01:00,61.88,39.47
2024-01-24T04:11:58+01:00,50.25,31.48
2024-01-24T04:14:24+01:00,49.97,33.53
2024-01-24T04:16:50+01:00,54.03,33.9
2024-01-24T04:19:16+01:00,51.1,33.55
2024-01-24T04:21:42+01:00,50.9,33.63
2024-01-24T04:24:09+01:00,53.75,34.83
2024-01-24T04:26:35+01:00,51.58,34.05
2024-01-24T04:29:01+01:00,51.6,33.97
2024-01-24T04:31:27+01:00,47.15,31.75
2024-01-24T04:33:53+01:00,47.92,29.9
2024-01-24T04:36:19+01:00,47.13,31.73
2024-01-24T04:38:46+01:00,56.9,36.7
2024-01-24T04:41:12+01:00,59.53,37.58
2024-01-24T04:43:38+01:00,50.97,33.13
2024-01-24T04:46:05+01:00,44.35,28.65
2024-01-24T04:48:31+01:00,50.95,31.7
2024-01-24T04:50:57+01:00,49.75,32.0
2024-01-24T04:53:23+01:00,44.85,30.92
2024-01-24T04:55:50+01:00,51.4,31.2
2024-01-24T04:58:16+01:00,49.65,32.22
2024-01-24T05:00:42+01:00,51.22,33.0
2024-01-24T05:03:08+01:00,58.97,39.13
2024-01-24T05:05:34+01:00,52.5,33.63
2024-01-24T05:08:01+01:00,51.8,33.5
2024-01-24T05:10:27+01:00,53.85,35.03
2024-01-24T05:12:53+01:00,55.03,35.38
2024-01-24T05:15:19+01:00,53.58,34.63
2024-01-24T05:17:47+01:00,60.95,38.17
2024-01-24T05:20:13+01:00,53.13,40.83
2024-01-24T05:22:39+01:00,49.85,33.85
2024-01-24T05:25:05+01:00,76.95,68.68
2024-01-24T05:27:31+01:00,53.78,33.08
2024-01-24T05:29:57+01:00,44.65,29.45
2024-01-24T05:32:23+01:00,44.95,30.77
2024-01-24T05:34:50+01:00,41.38,33.05
2024-01-24T05:37:16+01:00,45.83,31.65
2024-01-24T05:39:42+01:00,45.53,29.1
2024-01-24T05:42:08+01:00,28.45,18.25
2024-01-24T05:44:34+01:00,21.5,14.13
2024-01-24T05:47:00+01:00,28.95,16.33
2024-01-24T05:49:26+01:00,29.83,19.63
2024-01-24T05:51:52+01:00,32.17,21.8
2024-01-24T05:54:19+01:00,31.25,20.88
2024-01-24T05:56:45+01:00,21.85,15.23
2024-01-24T05:59:12+01:00,20.92,14.9
2024-01-24T06:01:38+01:00,18.45,12.25
2024-01-24T06:04:04+01:00,22.92,12.02
2024-01-24T06:06:30+01:00,76.45,31.77
2024-01-24T06:08:56+01:00,17.55,7.57
2024-01-24T06:11:22+01:00,9.2,4.35
2024-01-24T06:13:48+01:00,7.65,4.0
2024-01-24T06:16:15+01:00,48.22,22.75
2024-01-24T06:18:41+01:00,25.02,11.85
2024-01-24T06:21:07+01:00,9.7,4.93
2024-01-24T06:23:33+01:00,9.35,5.6
2024-01-24T06:25:59+01:00,38.92,23.42
2024-01-24T06:28:26+01:00,31.3,22.25
2024-01-24T06:30:52+01:00,14.63,8.7
2024-01-24T06:33:18+01:00,23.67,16.65
2024-01-24T06:35:44+01:00,49.72,31.8
2024-01-24T06:38:13+01:00,54.78,35.72
2024-01-24T06:40:39+01:00,63.28,39.83
2024-01-24T06:43:05+01:00,61.2,41.08
2024-01-24T06:45:31+01:00,13.1,6.72
2024-01-24T06:47:57+01:00,6.72,3.55
2024-01-24T06:50:23+01:00,10.5,4.5
2024-01-24T06:52:49+01:00,39.42,25.85
2024-01-24T06:55:15+01:00,41.67,28.38
2024-01-24T06:57:42+01:00,9.57,6.22
2024-01-24T07:00:08+01:00,13.43,7.47
2024-01-24T07:02:38+01:00,16.25,8.88
2024-01-24T07:05:04+01:00,23.5,10.25
2024-01-24T07:07:31+01:00,8.48,5.07
2024-01-24T07:09:57+01:00,6.9,2.9
2024-01-24T07:12:23+01:00,20.7,8.73
2024-01-24T07:14:49+01:00,9.93,4.95
2024-01-24T07:17:16+01:00,10.98,6.4
2024-01-24T07:19:42+01:00,13.8,6.6
2024-01-24T07:22:09+01:00,16.13,7.3
2024-01-24T07:24:37+01:00,18.38,7.8
2024-01-24T07:27:04+01:00,14.3,7.9
2024-01-24T07:29:30+01:00,16.63,9.18
2024-01-24T07:31:56+01:00,22.42,10.9
2024-01-24T07:34:22+01:00,21.13,10.9
2024-01-24T07:36:48+01:00,20.8,10.38
2024-01-24T07:39:14+01:00,18.2,10.4
2024-01-24T07:41:41+01:00,58.13,27.65
2024-01-24T07:44:08+01:00,39.67,22.8
2024-01-24T07:46:43+01:00,34.08,20.42
2024-01-24T07:49:09+01:00,36.95,22.15
2024-01-24T07:51:38+01:00,40.13,24.42
2024-01-24T07:54:05+01:00,64.78,36.17
2024-01-24T07:56:31+01:00,50.58,31.85
2024-01-24T07:58:57+01:00,57.9,30.7
2024-01-24T08:01:23+01:00,50.42,30.95
2024-01-24T08:03:49+01:00,42.25,27.45
2024-01-24T08:06:15+01:00,33.95,21.85
2024-01-24T08:08:41+01:00,42.03,19.85
2024-01-24T08:11:08+01:00,31.4,18.2
2024-01-24T08:13:34+01:00,42.92,26.25
2024-01-24T08:16:00+01:00,49.35,24.52
2024-01-24T08:18:29+01:00,36.28,20.08
2024-01-24T08:20:56+01:00,18.05,10.0
2024-01-24T08:23:22+01:00,58.55,38.2
2024-01-24T08:25:49+01:00,33.97,21.48
2024-01-24T08:28:15+01:00,51.7,34.17
2024-01-24T08:30:41+01:00,59.22,37.05
2024-01-24T08:33:07+01:00,59.5,39.08
2024-01-24T08:35:34+01:00,58.85,40.35
2024-01-24T08:38:00+01:00,58.85,36.97
2024-01-24T08:40:26+01:00,46.83,31.1
2024-01-24T08:42:52+01:00,39.45,25.1
2024-01-24T08:45:18+01:00,39.0,24.55
2024-01-24T08:47:44+01:00,35.53,22.3
2024-01-24T08:50:12+01:00,37.15,24.23
2024-01-24T08:52:38+01:00,38.22,23.65
2024-01-24T08:55:05+01:00,40.05,25.3
2024-01-24T08:57:31+01:00,10.88,4.88
2024-01-24T08:59:57+01:00,10.3,4.75
2024-01-24T09:02:23+01:00,9.65,4.45
2024-01-24T09:04:49+01:00,10.5,5.4
2024-01-24T09:07:15+01:00,9.57,6.05
2024-01-24T09:09:41+01:00,13.43,6.47
2024-01-24T09:12:08+01:00,9.57,4.97
2024-01-24T09:14:34+01:00,13.4,6.1
2024-01-24T09:17:06+01:00,15.8,7.75
2024-01-24T09:19:33+01:00,16.4,7.97
2024-01-24T09:21:59+01:00,11.4,5.9
2024-01-24T09:24:26+01:00,10.18,4.88
2024-01-24T09:26:52+01:00,18.88,9.13
2024-01-24T09:29:19+01:00,15.7,7.0
2024-01-24T09:31:46+01:00,14.13,6.28
2024-01-24T09:34:12+01:00,18.75,9.18
2024-01-24T09:36:38+01:00,7.5,3.58
2024-01-24T09:39:04+01:00,5.53,2.97
2024-01-24T09:41:31+01:00,16.23,7.47
2024-01-24T09:43:58+01:00,22.25,10.68
2024-01-24T09:46:24+01:00,10.15,4.1
2024-01-24T09:48:50+01:00,5.93,2.8
2024-01-24T09:51:16+01:00,6.95,3.33
2024-01-24T09:53:43+01:00,16.73,8.05
2024-01-24T09:56:09+01:00,17.58,7.93
2024-01-24T09:58:38+01:00,11.2,5.28
2024-01-24T10:01:04+01:00,12.9,5.4
2024-01-24T10:03:30+01:00,9.7,5.82
2024-01-24T10:05:56+01:00,16.77,2.7
2024-01-24T10:08:22+01:00,7.05,2.85
2024-01-24T10:10:50+01:00,6.47,3.15
2024-01-24T10:13:18+01:00,6.45,2.92
2024-01-24T10:15:46+01:00,6.95,2.6
2024-01-24T10:18:12+01:00,4.78,2.22
2024-01-24T10:20:38+01:00,5.15,2.9
2024-01-24T10:23:04+01:00,10.45,3.33
2024-01-24T10:25:31+01:00,5.88,3.2
2024-01-24T10:27:57+01:00,5.82,3.4
2024-01-24T10:30:23+01:00,6.63,2.85
2024-01-24T10:32:50+01:00,6.07,3.0
2024-01-24T10:35:16+01:00,6.4,3.05
2024-01-24T10:37:43+01:00,5.88,3.2
2024-01-24T10:40:09+01:00,7.78,2.78
2024-01-24T10:42:40+01:00,7.03,3.42
2024-01-24T10:45:07+01:00,8.2,3.3
2024-01-24T10:47:33+01:00,7.43,3.5
2024-01-24T10:50:00+01:00,12.25,3.6
2024-01-24T10:52:29+01:00,11.27,3.45
2024-01-24T10:54:59+01:00,6.13,2.6
2024-01-24T10:57:25+01:00,7.93,2.95
2024-01-24T10:59:55+01:00,5.55,2.8
2024-01-24T11:02:21+01:00,9.55,3.1
2024-01-24T11:04:49+01:00,6.75,2.88
2024-01-24T11:07:17+01:00,7.25,2.97
2024-01-24T11:09:45+01:00,6.7,2.58
2024-01-24T11:12:12+01:00,4.65,2.4
2024-01-24T11:14:38+01:00,6.85,2.78
2024-01-24T11:17:10+01:00,8.48,2.97
2024-01-24T11:19:38+01:00,9.05,2.6
2024-01-24T11:22:04+01:00,7.88,2.7
2024-01-24T11:24:31+01:00,7.7,3.05
2024-01-24T11:26:57+01:00,6.38,2.78
2024-01-24T11:29:23+01:00,9.0,3.17
2024-01-24T11:31:55+01:00,5.1,2.6
2024-01-24T11:34:25+01:00,7.82,3.1
2024-01-24T11:36:52+01:00,6.82,2.88
2024-01-24T11:39:18+01:00,7.7,3.17
2024-01-24T11:41:48+01:00,6.65,2.8
2024-01-24T11:44:16+01:00,8.2,3.25
2024-01-24T11:46:42+01:00,12.77,3.42
2024-01-24T11:49:09+01:00,9.05,2.92
2024-01-24T11:51:38+01:00,4.55,2.5
2024-01-24T11:54:04+01:00,7.7,3.0
2024-01-24T11:56:33+01:00,6.53,3.1
2024-01-24T11:59:00+01:00,8.2,3.33
2024-01-24T12:01:30+01:00,9.95,3.3
2024-01-24T12:03:56+01:00,47.45,5.0
2024-01-24T12:06:24+01:00,7.68,2.95
2024-01-24T12:08:55+01:00,16.1,3.45
2024-01-24T12:11:22+01:00,7.82,3.22
2024-01-24T12:13:52+01:00,12.63,3.95
2024-01-24T12:16:31+01:00,13.65,4.32
2024-01-24T12:19:23+01:00,8.73,2.95
2024-01-24T12:21:48+01:00,14.45,3.83
2024-01-24T12:26:59+01:00,11.43,5.1
2024-01-24T12:29:31+01:00,8.15,2.63
2024-01-24T12:31:59+01:00,9.57,4.67
2024-01-24T12:34:26+01:00,17.33,3.13
2024-01-24T12:36:52+01:00,14.57,2.95
2024-01-24T12:47:08+01:00,10.48,3.0
2024-01-24T12:49:34+01:00,20.4,3.05
2024-01-24T12:52:00+01:00,9.07,3.53
2024-01-24T12:54:27+01:00,14.7,3.4
2024-01-24T12:56:53+01:00,11.5,3.47
2024-01-24T12:59:20+01:00,9.18,3.42
2024-01-24T13:01:46+01:00,12.38,3.45
2024-01-24T13:04:12+01:00,10.93,3.4
2024-01-24T13:06:38+01:00,12.43,4.3
2024-01-24T13:09:07+01:00,9.77,3.2
2024-01-24T13:11:34+01:00,13.1,3.97
2024-01-24T13:14:01+01:00,13.7,3.35
2024-01-24T13:16:27+01:00,13.9,3.9
2024-01-24T13:18:55+01:00,10.93,3.13
2024-01-24T13:21:21+01:00,13.07,3.72
2024-01-24T13:23:47+01:00,10.63,3.4
2024-01-24T13:26:14+01:00,11.25,3.95
2024-01-24T13:28:40+01:00,10.38,3.38
2024-01-24T13:31:07+01:00,8.8,3.88
2024-01-24T13:33:33+01:00,14.73,3.58
2024-01-24T13:36:03+01:00,9.77,3.9
2024-01-24T13:38:35+01:00,13.5,4.82
2024-01-24T13:41:01+01:00,14.88,5.38
2024-01-24T13:43:27+01:00,12.27,5.65
2024-01-24T13:45:53+01:00,36.97,14.0
2024-01-24T13:48:19+01:00,48.08,19.7
2024-01-24T13:50:45+01:00,39.42,12.05
2024-01-24T13:53:11+01:00,10.63,2.9
2024-01-24T13:55:38+01:00,15.43,4.1
2024-01-24T13:58:04+01:00,12.3,3.58
2024-01-24T14:00:30+01:00,16.15,4.13
2024-01-24T14:02:58+01:00,14.05,4.1
2024-01-24T14:05:24+01:00,21.98,4.57
2024-01-24T14:07:50+01:00,11.48,3.92
2024-01-24T14:10:16+01:00,10.25,3.5
2024-01-24T14:12:42+01:00,18.42,4.8
2024-01-24T14:15:09+01:00,12.13,3.92
2024-01-24T14:17:35+01:00,10.35,3.65
2024-01-24T14:20:01+01:00,14.8,4.53
2024-01-24T14:22:30+01:00,16.2,4.5
2024-01-24T14:24:57+01:00,12.32,3.75
2024-01-24T14:27:23+01:00,10.98,4.53
2024-01-24T14:29:49+01:00,10.7,4.1
2024-01-24T14:32:15+01:00,9.9,4.22
2024-01-24T14:34:41+01:00,10.6,4.53
2024-01-24T14:37:07+01:00,10.2,4.88
2024-01-24T14:39:33+01:00,14.4,4.3
2024-01-24T14:41:59+01:00,10.93,4.1
2024-01-24T14:44:25+01:00,6.97,3.95
2024-01-24T14:46:51+01:00,10.35,4.78
2024-01-24T14:49:18+01:00,19.75,4.65
2024-01-24T14:51:44+01:00,10.23,3.85
2024-01-24T14:54:10+01:00,10.9,4.25
2024-01-24T14:56:36+01:00,11.77,4.6
2024-01-24T14:59:02+01:00,10.23,4.03
2024-01-24T15:01:28+01:00,9.52,4.38
2024-01-24T15:03:54+01:00,11.63,5.15
2024-01-24T15:06:20+01:00,12.8,4.2
2024-01-24T15:08:47+01:00,9.9,4.13
2024-01-24T15:11:13+01:00,10.27,4.28
2024-01-24T15:13:39+01:00,8.88,4.1
2024-01-24T15:16:05+01:00,8.85,3.92
2024-01-24T15:18:32+01:00,9.82,3.6
2024-01-24T15:20:58+01:00,13.05,4.1
2024-01-24T15:23:24+01:00,10.55,4.25
2024-01-24T15:25:50+01:00,24.0,5.3
2024-01-24T15:28:16+01:00,9.1,4.05
2024-01-24T15:30:42+01:00,10.73,3.8
2024-01-24T15:33:08+01:00,11.3,3.88
2024-01-24T15:35:35+01:00,8.7,3.6
2024-01-24T15:38:01+01:00,11.77,4.2
2024-01-24T15:40:27+01:00,15.15,4.9
2024-01-24T15:42:53+01:00,8.43,3.5
2024-01-24T15:45:19+01:00,20.35,3.53
2024-01-24T15:47:46+01:00,14.68,3.63
2024-01-24T15:50:12+01:00,14.57,4.13
2024-01-24T15:52:38+01:00,13.55,3.55
2024-01-24T15:55:04+01:00,11.23,3.45
2024-01-24T15:57:31+01:00,17.15,3.9
2024-01-24T15:59:57+01:00,22.1,7.75
2024-01-24T16:02:25+01:00,21.08,4.55
2024-01-24T16:04:51+01:00,17.65,4.13
2024-01-24T16:07:19+01:00,24.63,4.82
2024-01-24T16:09:45+01:00,25.75,4.53
2024-01-24T16:12:11+01:00,12.32,3.3
2024-01-24T16:14:37+01:00,10.07,3.83
2024-01-24T16:17:04+01:00,19.15,4.47
2024-01-24T16:19:30+01:00,20.1,5.15
2024-01-24T16:21:56+01:00,15.75,7.68
2024-01-24T16:24:22+01:00,20.13,7.85
2024-01-24T16:26:48+01:00,19.42,8.23
2024-01-24T16:29:14+01:00,16.63,6.38
2024-01-24T16:31:41+01:00,16.63,4.82
2024-01-24T16:34:07+01:00,17.42,4.9
2024-01-24T16:36:33+01:00,16.45,4.9
2024-01-24T16:38:59+01:00,16.67,6.53
2024-01-24T16:41:26+01:00,17.83,5.0
2024-01-24T16:43:52+01:00,11.73,4.6
2024-01-24T16:46:18+01:00,13.0,4.65
2024-01-24T16:48:45+01:00,13.52,4.57
2024-01-24T16:51:11+01:00,11.98,4.4
2024-01-24T16:53:37+01:00,12.85,4.68
2024-01-24T16:56:03+01:00,12.2,5.05
2024-01-24T16:58:30+01:00,23.2,5.65
2024-01-24T17:00:56+01:00,11.5,4.95
2024-01-24T17:03:22+01:00,17.88,5.4
2024-01-24T17:05:50+01:00,15.55,5.32
2024-01-24T17:08:16+01:00,13.95,5.0
2024-01-24T17:10:42+01:00,13.57,5.22
2024-01-24T17:13:08+01:00,13.73,5.78
2024-01-24T17:15:34+01:00,16.9,5.65
2024-01-24T17:18:00+01:00,13.52,5.8
2024-01-24T17:20:26+01:00,16.27,6.57
2024-01-24T17:22:53+01:00,10.75,5.63
2024-01-24T17:25:20+01:00,10.5,5.68
2024-01-24T17:27:46+01:00,37.3,18.25
2024-01-24T17:30:12+01:00,17.25,6.55
2024-01-24T17:32:38+01:00,14.7,6.72
2024-01-24T17:35:05+01:00,19.42,8.98
2024-01-24T17:37:34+01:00,20.25,6.68
2024-01-24T17:40:00+01:00,21.05,9.23
2024-01-24T17:42:26+01:00,27.15,11.35
2024-01-24T17:44:54+01:00,19.52,9.18
2024-01-24T17:47:20+01:00,32.0,12.3
2024-01-24T17:49:48+01:00,35.22,13.63
2024-01-24T17:52:14+01:00,29.85,16.0
2024-01-24T17:54:40+01:00,33.72,18.63
2024-01-24T17:57:06+01:00,32.2,18.83
2024-01-24T17:59:32+01:00,23.9,12.75
2024-01-24T18:01:58+01:00,41.97,21.23
2024-01-24T18:04:24+01:00,58.53,31.67
2024-01-24T18:06:51+01:00,75.78,40.28
2024-01-24T18:09:17+01:00,74.47,40.13
2024-01-24T18:11:43+01:00,58.45,27.05
2024-01-24T18:14:09+01:00,35.1,17.77
2024-01-24T18:16:35+01:00,29.7,14.27
2024-01-24T18:19:02+01:00,28.35,16.6
2024-01-24T18:21:28+01:00,24.67,15.1
2024-01-24T18:23:54+01:00,29.8,14.3
2024-01-24T18:26:20+01:00,52.65,11.9
2024-01-24T18:28:46+01:00,29.77,11.57
2024-01-24T18:31:12+01:00,26.27,12.77
2024-01-24T18:33:39+01:00,22.1,10.95
2024-01-24T18:36:05+01:00,20.9,10.3
2024-01-24T18:38:31+01:00,34.2,12.85
2024-01-24T18:40:57+01:00,31.17,12.75
2024-01-24T18:43:25+01:00,53.1,24.52
2024-01-24T18:45:51+01:00,29.13,12.57
2024-01-24T18:48:17+01:00,17.67,9.45
2024-01-24T18:50:43+01:00,19.63,7.8
2024-01-24T18:53:12+01:00,16.8,8.7
2024-01-24T18:55:39+01:00,19.63,9.5
2024-01-24T18:58:05+01:00,33.08,16.8
2024-01-24T19:00:31+01:00,48.17,25.35
2024-01-24T19:02:57+01:00,36.22,18.7
2024-01-24T19:05:23+01:00,31.15,14.65
2024-01-24T19:07:49+01:00,54.8,23.42
2024-01-24T19:10:15+01:00,46.88,24.15
2024-01-24T19:12:41+01:00,42.9,22.77
2024-01-24T19:15:07+01:00,43.58,23.13
2024-01-24T19:17:34+01:00,60.08,27.63
2024-01-24T19:20:02+01:00,40.65,21.23
2024-01-24T19:22:28+01:00,41.72,23.6
2024-01-24T19:24:54+01:00,49.92,25.48
2024-01-24T19:27:20+01:00,39.0,21.5
2024-01-24T19:29:46+01:00,32.33,14.45
2024-01-24T19:32:15+01:00,28.83,12.38
2024-01-24T19:34:42+01:00,19.05,10.15
2024-01-24T19:37:08+01:00,16.6,9.88
2024-01-24T19:39:34+01:00,20.98,10.68
2024-01-24T19:42:00+01:00,17.9,9.95
2024-01-24T19:44:26+01:00,18.63,12.55
2024-01-24T19:46:52+01:00,23.4,13.15
2024-01-24T19:49:18+01:00,19.13,11.07
2024-01-24T19:51:45+01:00,21.83,11.45
2024-01-24T19:54:11+01:00,21.88,11.75
2024-01-24T19:56:39+01:00,24.33,11.23
2024-01-24T19:59:07+01:00,25.3,11.75
2024-01-24T20:01:33+01:00,29.17,12.0
2024-01-24T20:03:59+01:00,27.42,13.93
2024-01-24T20:06:25+01:00,48.28,30.33
2024-01-24T20:08:51+01:00,57.15,34.13
2024-01-24T20:11:17+01:00,67.8,46.6
2024-01-24T20:13:44+01:00,79.63,52.25
2024-01-24T20:16:10+01:00,57.35,30.63
2024-01-24T20:18:36+01:00,63.88,39.75
2024-01-24T20:21:03+01:00,78.57,51.58
2024-01-24T20:23:29+01:00,81.35,48.3
2024-01-24T20:25:56+01:00,88.25,51.95
2024-01-24T20:28:22+01:00,77.05,47.47
2024-01-24T20:30:48+01:00,112.75,68.45
2024-01-24T20:33:14+01:00,101.4,62.03
2024-01-24T20:35:40+01:00,108.25,64.82
2024-01-24T20:38:06+01:00,86.82,49.67
2024-01-24T20:40:32+01:00,100.78,60.13
2024-01-24T20:42:59+01:00,152.6,89.68
2024-01-24T20:45:25+01:00,140.4,80.22
2024-01-24T20:47:51+01:00,129.88,76.4
2024-01-24T20:50:17+01:00,119.53,65.18
2024-01-24T20:52:45+01:00,125.9,65.97
2024-01-24T20:55:13+01:00,112.28,56.17
2024-01-24T20:57:40+01:00,85.18,45.85
2024-01-24T21:00:06+01:00,70.43,38.03
2024-01-24T21:02:34+01:00,63.15,36.53
2024-01-24T21:05:00+01:00,60.03,34.8
2024-01-24T21:07:29+01:00,64.28,33.63
2024-01-24T21:09:55+01:00,54.97,33.17
2024-01-24T21:12:22+01:00,58.0,33.03
2024-01-24T21:14:48+01:00,64.53,36.2
2024-01-24T21:17:14+01:00,64.1,37.75
2024-01-24T21:19:42+01:00,60.15,34.35
2024-01-24T21:22:14+01:00,62.0,34.83
2024-01-24T21:24:40+01:00,57.0,31.58
2024-01-24T21:27:06+01:00,54.8,31.73
2024-01-24T21:29:32+01:00,48.45,27.25
2024-01-24T21:31:58+01:00,54.5,28.73
2024-01-24T21:34:27+01:00,51.88,28.27
2024-01-24T21:36:54+01:00,60.28,31.13
2024-01-24T21:39:20+01:00,70.75,36.53
2024-01-24T21:41:48+01:00,99.25,52.13
2024-01-24T21:44:14+01:00,130.35,72.18
2024-01-24T21:46:40+01:00,264.1,143.98
2024-01-24T21:49:07+01:00,176.48,95.15
2024-01-24T21:51:33+01:00,185.55,101.8
2024-01-24T21:53:59+01:00,172.43,103.5
2024-01-24T21:56:28+01:00,176.23,106.25
2024-01-24T21:58:54+01:00,182.88,104.9
2024-01-24T22:01:20+01:00,188.4,103.95
2024-01-24T22:03:46+01:00,176.3,101.05
2024-01-24T22:06:13+01:00,184.57,104.8
2024-01-24T22:08:40+01:00,169.65,98.15
2024-01-24T22:11:06+01:00,172.8,99.22
2024-01-24T22:13:34+01:00,159.38,94.68
2024-01-24T22:16:02+01:00,126.5,75.35
2024-01-24T22:18:28+01:00,99.6,58.97
2024-01-24T22:20:54+01:00,110.85,62.47
2024-01-24T22:23:20+01:00,93.07,53.15
2024-01-24T22:25:46+01:00,97.75,55.5
2024-01-24T22:28:12+01:00,106.03,60.95
2024-01-24T22:30:38+01:00,98.05,55.9
2024-01-24T22:33:04+01:00,124.93,75.25
2024-01-24T22:35:30+01:00,223.57,95.45
2024-01-24T22:37:56+01:00,117.63,60.15
2024-01-24T22:40:22+01:00,125.63,65.72
2024-01-24T22:42:48+01:00,122.53,58.53
2024-01-24T22:45:14+01:00,125.65,60.95
2024-01-24T22:47:40+01:00,162.8,73.13
2024-01-24T22:50:07+01:00,147.63,68.47
2024-01-24T22:52:34+01:00,153.63,76.85
2024-01-24T22:55:00+01:00,119.2,62.88
2024-01-24T22:57:27+01:00,81.2,49.8
2024-01-24T22:59:53+01:00,50.5,30.27
2024-01-24T23:02:19+01:00,46.78,27.63
2024-01-24T23:04:45+01:00,40.95,25.92
2024-01-24T23:07:11+01:00,49.5,29.33
2024-01-24T23:09:37+01:00,49.42,31.5
2024-01-24T23:12:03+01:00,35.28,21.88
2024-01-24T23:14:29+01:00,38.6,23.35
2024-01-24T23:16:55+01:00,40.47,28.73
2024-01-24T23:19:21+01:00,41.47,27.67
2024-01-24T23:21:47+01:00,39.58,22.83
2024-01-24T23:24:14+01:00,60.28,31.9
2024-01-24T23:26:40+01:00,37.22,22.13
2024-01-24T23:29:06+01:00,32.97,21.02
2024-01-24T23:31:34+01:00,34.85,21.67
2024-01-24T23:34:00+01:00,26.38,19.17
2024-01-24T23:36:26+01:00,35.35,21.67
2024-01-24T23:38:52+01:00,32.58,20.2
2024-01-24T23:41:18+01:00,25.38,17.67
2024-01-24T23:43:44+01:00,36.17,21.38
2024-01-24T23:46:10+01:00,31.35,20.5
2024-01-24T23:48:36+01:00,34.25,21.7
2024-01-24T23:51:03+01:00,35.92,22.02
2024-01-24T23:53:29+01:00,30.63,21.15
2024-01-24T23:55:55+01:00,40.55,25.63
2024-01-24T23:58:21+01:00,44.63,27.65
2024-01-25T00:00:47+01:00,33.08,21.95
2024-01-25T00:03:14+01:00,35.28,24.13
2024-01-25T00:05:40+01:00,33.55,23.67
2024-01-25T00:08:07+01:00,32.42,20.98
2024-01-25T00:10:33+01:00,33.25,21.4
2024-01-25T00:12:59+01:00,33.22,20.95
2024-01-25T00:15:25+01:00,29.88,20.3
2024-01-25T00:17:51+01:00,37.08,21.83
2024-01-25T00:20:17+01:00,29.48,20.4
2024-01-25T00:22:43+01:00,28.2,20.17
2024-01-25T00:25:10+01:00,29.7,19.83
2024-01-25T00:27:36+01:00,28.6,21.7
2024-01-25T00:30:02+01:00,29.3,20.9
2024-01-25T00:32:28+01:00,32.97,20.08
2024-01-25T00:34:54+01:00,31.1,19.38
2024-01-25T00:37:20+01:00,31.8,20.95
2024-01-25T00:39:46+01:00,31.5,21.45
2024-01-25T00:42:12+01:00,38.7,24.17
2024-01-25T00:44:38+01:00,39.38,26.67
2024-01-25T00:47:07+01:00,46.22,29.25
2024-01-25T00:49:33+01:00,31.65,22.88
2024-01-25T00:51:59+01:00,41.13,25.17
2024-01-25T00:54:26+01:00,41.35,27.08
2024-01-25T00:56:52+01:00,40.95,26.2
2024-01-25T00:59:18+01:00,41.9,26.0
2024-01-25T01:01:44+01:00,38.47,25.83
2024-01-25T01:04:10+01:00,42.85,27.15
2024-01-25T01:06:37+01:00,45.85,28.42
2024-01-25T01:09:03+01:00,39.2,25.08
2024-01-25T01:11:29+01:00,41.6,27.13
2024-01-25T01:13:57+01:00,47.35,27.58
2024-01-25T01:16:23+01:00,111.95,57.28
2024-01-25T01:18:49+01:00,66.28,39.45
2024-01-25T01:21:16+01:00,81.65,47.6
2024-01-25T01:23:42+01:00,195.35,102.8
2024-01-25T01:26:08+01:00,163.05,92.2
2024-01-25T01:28:34+01:00,184.63,106.3
2024-01-25T01:31:00+01:00,141.45,86.3
2024-01-25T01:33:26+01:00,150.05,85.75
2024-01-25T01:35:52+01:00,138.9,82.15
2024-01-25T01:38:18+01:00,120.03,73.18
2024-01-25T01:40:45+01:00,109.53,65.97
2024-01-25T01:43:11+01:00,115.38,72.75
2024-01-25T01:45:37+01:00,136.77,79.9
2024-01-25T01:48:03+01:00,128.82,78.0
2024-01-25T01:50:30+01:00,128.9,78.6
2024-01-25T01:52:56+01:00,116.97,74.18
2024-01-25T01:55:22+01:00,118.47,72.47
2024-01-25T01:57:48+01:00,116.1,72.32
2024-01-25T02:00:16+01:00,113.35,69.45
2024-01-25T02:02:43+01:00,105.13,65.13
2024-01-25T02:05:10+01:00,101.05,63.25
2024-01-25T02:07:37+01:00,103.55,64.45
2024-01-25T02:10:04+01:00,107.45,65.9
2024-01-25T02:12:31+01:00,102.3,65.65
2024-01-25T02:14:57+01:00,96.68,63.58
2024-01-25T02:17:23+01:00,101.7,63.75
2024-01-25T02:19:49+01:00,99.63,64.4
2024-01-25T02:22:15+01:00,102.65,65.88
2024-01-25T02:24:41+01:00,106.25,67.9
2024-01-25T02:27:07+01:00,122.35,73.6
2024-01-25T02:29:33+01:00,113.45,68.75
2024-01-25T02:31:59+01:00,118.1,70.47
2024-01-25T02:34:25+01:00,128.07,77.1
2024-01-25T02:36:51+01:00,153.0,94.1
2024-01-25T02:39:17+01:00,148.13,89.65
2024-01-25T02:41:46+01:00,131.4,82.03
2024-01-25T02:44:13+01:00,134.38,82.0
2024-01-25T02:46:39+01:00,142.1,92.53
2024-01-25T02:49:07+01:00,145.52,86.5
2024-01-25T02:51:36+01:00,118.4,74.18
2024-01-25T02:54:03+01:00,112.7,72.03
2024-01-25T02:56:31+01:00,123.2,75.3
2024-01-25T02:58:58+01:00,101.28,63.1
2024-01-25T03:01:24+01:00,101.28,65.97
2024-01-25T03:03:51+01:00,108.7,67.47
2024-01-25T03:06:17+01:00,106.8,66.57
2024-01-25T03:08:44+01:00,98.15,63.15
2024-01-25T03:11:11+01:00,85.22,56.72
2024-01-25T03:13:38+01:00,83.57,54.88
2024-01-25T03:16:04+01:00,78.1,51.33
2024-01-25T03:18:31+01:00,79.47,49.1
2024-01-25T03:20:57+01:00,67.8,45.17
2024-01-25T03:23:23+01:00,72.05,46.15
2024-01-25T03:25:49+01:00,72.3,45.58
2024-01-25T03:28:15+01:00,73.13,46.2
2024-01-25T03:30:41+01:00,110.45,63.65
2024-01-25T03:33:07+01:00,101.35,57.35
2024-01-25T03:35:33+01:00,92.13,55.15
2024-01-25T03:38:00+01:00,64.32,44.67
2024-01-25T03:40:26+01:00,65.28,43.03
2024-01-25T03:42:52+01:00,62.28,42.28
2024-01-25T03:45:18+01:00,65.25,42.42
2024-01-25T03:47:44+01:00,66.2,42.6
2024-01-25T03:50:10+01:00,64.03,44.03
2024-01-25T03:52:36+01:00,64.32,43.22
2024-01-25T03:55:02+01:00,60.8,42.65
2024-01-25T03:57:28+01:00,62.2,42.33
2024-01-25T03:59:56+01:00,58.45,39.55
2024-01-25T04:02:22+01:00,70.35,41.38
2024-01-25T04:04:48+01:00,68.03,44.75
2024-01-25T04:07:14+01:00,62.13,40.58
2024-01-25T04:09:40+01:00,66.7,41.78
2024-01-25T04:12:06+01:00,64.38,44.08
2024-01-25T04:14:32+01:00,54.63,36.53
2024-01-25T04:16:59+01:00,51.63,33.95
2024-01-25T04:19:25+01:00,49.25,33.42
2024-01-25T04:21:51+01:00,57.13,38.7
2024-01-25T04:24:17+01:00,66.75,41.67
2024-01-25T04:26:43+01:00,53.08,36.72
2024-01-25T04:29:09+01:00,58.4,39.55
2024-01-25T04:31:35+01:00,59.05,37.6
2024-01-25T04:34:02+01:00,56.5,35.5
2024-01-25T04:36:30+01:00,61.75,39.0
2024-01-25T04:38:56+01:00,67.22,42.45
2024-01-25T04:41:22+01:00,59.17,40.83
2024-01-25T04:43:49+01:00,59.95,39.58
2024-01-25T04:46:15+01:00,61.55,39.95
2024-01-25T04:48:41+01:00,57.13,38.83
2024-01-25T04:51:08+01:00,56.38,37.88
2024-01-25T04:53:34+01:00,59.9,38.1
2024-01-25T04:56:00+01:00,52.22,37.4
2024-01-25T04:58:26+01:00,51.05,35.7
2024-01-25T05:00:52+01:00,51.4,35.25
2024-01-25T05:03:18+01:00,59.08,39.08
2024-01-25T05:05:44+01:00,67.3,45.75
2024-01-25T05:08:10+01:00,43.85,30.0
2024-01-25T05:10:36+01:00,42.4,28.75
2024-01-25T05:13:03+01:00,52.97,42.05
2024-01-25T05:15:32+01:00,47.55,34.45
2024-01-25T05:17:58+01:00,38.88,28.27
2024-01-25T05:20:24+01:00,37.47,27.58
2024-01-25T05:22:50+01:00,36.55,25.65
2024-01-25T05:25:16+01:00,35.15,27.02
2024-01-25T05:27:42+01:00,38.03,25.35
2024-01-25T05:30:08+01:00,28.92,20.52
2024-01-25T05:32:35+01:00,29.58,21.48
2024-01-25T05:35:01+01:00,27.0,19.33
2024-01-25T05:37:27+01:00,31.15,23.65
2024-01-25T05:39:53+01:00,34.2,27.25
2024-01-25T05:42:19+01:00,30.48,16.98
2024-01-25T05:44:45+01:00,26.35,18.05
2024-01-25T05:47:11+01:00,26.15,19.67
2024-01-25T05:49:37+01:00,28.45,19.55
2024-01-25T05:52:04+01:00,29.05,20.3
2024-01-25T05:54:30+01:00,27.58,19.2
2024-01-25T05:56:56+01:00,33.17,21.3
2024-01-25T05:59:23+01:00,38.47,26.33
2024-01-25T06:01:49+01:00,43.3,27.35
2024-01-25T06:04:16+01:00,34.75,22.38
2024-01-25T06:06:42+01:00,33.0,22.98
2024-01-25T06:09:08+01:00,31.4,21.88
2024-01-25T06:11:40+01:00,30.7,22.55
2024-01-25T06:14:07+01:00,62.45,37.8
2024-01-25T06:16:33+01:00,38.92,26.73
2024-01-25T06:19:00+01:00,31.55,20.33
2024-01-25T06:21:26+01:00,37.05,24.1
2024-01-25T06:23:52+01:00,40.88,25.8
2024-01-25T06:26:18+01:00,39.88,25.17
2024-01-25T06:28:44+01:00,33.65,23.0
2024-01-25T06:31:11+01:00,38.65,24.63
2024-01-25T06:33:40+01:00,42.85,28.08
2024-01-25T06:36:07+01:00,44.63,26.98
2024-01-25T06:38:33+01:00,36.72,26.65
2024-01-25T06:40:59+01:00,42.13,28.0
2024-01-25T06:43:25+01:00,49.9,31.23
2024-01-25T06:45:51+01:00,37.1,26.58
2024-01-25T06:48:18+01:00,42.7,27.9
2024-01-25T06:50:44+01:00,39.47,29.92
2024-01-25T06:53:10+01:00,44.7,28.95
2024-01-25T06:55:36+01:00,47.67,31.0
2024-01-25T06:58:02+01:00,48.63,33.67
2024-01-25T07:00:28+01:00,59.53,36.03
2024-01-25T07:02:54+01:00,62.5,39.72
2024-01-25T07:05:20+01:00,64.63,39.05
2024-01-25T07:07:46+01:00,54.4,35.03
2024-01-25T07:10:14+01:00,51.63,32.65
2024-01-25T07:12:40+01:00,46.97,33.53
2024-01-25T07:15:07+01:00,57.4,33.08
2024-01-25T07:17:33+01:00,48.42,32.78
2024-01-25T07:19:59+01:00,65.78,32.92
2024-01-25T07:22:25+01:00,85.2,31.83
2024-01-25T07:24:51+01:00,49.08,29.63
2024-01-25T07:27:17+01:00,47.25,29.52
2024-01-25T07:29:43+01:00,45.53,30.48
2024-01-25T07:32:09+01:00,44.58,31.3
2024-01-25T07:34:36+01:00,55.0,36.17
2024-01-25T07:37:02+01:00,70.2,38.45
2024-01-25T07:39:28+01:00,58.88,35.95
2024-01-25T07:41:54+01:00,53.88,37.15
2024-01-25T07:44:20+01:00,51.78,35.13
2024-01-25T07:46:46+01:00,51.95,37.0
2024-01-25T07:49:12+01:00,55.55,36.42
2024-01-25T07:51:38+01:00,74.97,44.42
2024-01-25T07:54:04+01:00,113.47,55.22
2024-01-25T07:56:31+01:00,103.13,57.33
2024-01-25T07:58:57+01:00,91.25,51.45
2024-01-25T08:01:23+01:00,58.63,38.88
2024-01-25T08:03:49+01:00,61.42,40.58
2024-01-25T08:06:18+01:00,57.08,34.22
2024-01-25T08:08:45+01:00,43.13,30.63
2024-01-25T08:11:11+01:00,46.22,31.38
2024-01-25T08:13:37+01:00,44.95,31.38
2024-01-25T08:16:03+01:00,44.35,30.85
2024-01-25T08:18:30+01:00,57.13,34.5
2024-01-25T08:20:56+01:00,87.3,50.95
2024-01-25T08:23:22+01:00,99.38,56.03
2024-01-25T08:25:48+01:00,65.2,41.6
2024-01-25T08:28:14+01:00,68.88,40.63
2024-01-25T08:30:40+01:00,57.63,36.95
2024-01-25T08:33:06+01:00,52.1,36.88
2024-01-25T08:35:33+01:00,50.47,35.9
2024-01-25T08:37:59+01:00,59.7,39.63
2024-01-25T08:40:25+01:00,62.35,40.95
2024-01-25T08:42:51+01:00,50.45,35.63
2024-01-25T08:45:17+01:00,51.28,33.95
2024-01-25T08:47:44+01:00,55.67,35.3
2024-01-25T08:50:10+01:00,71.9,44.83
2024-01-25T08:52:36+01:00,58.83,37.92
2024-01-25T08:55:02+01:00,47.72,35.25
2024-01-25T08:57:28+01:00,54.53,36.33
2024-01-25T08:59:54+01:00,54.88,37.4
2024-01-25T09:02:20+01:00,50.83,34.6
2024-01-25T09:04:46+01:00,47.85,34.53
2024-01-25T09:07:12+01:00,51.67,35.78
2024-01-25T09:09:38+01:00,64.13,35.85
2024-01-25T09:12:04+01:00,62.83,38.38
2024-01-25T09:14:31+01:00,62.05,38.45
2024-01-25T09:16:57+01:00,73.97,38.85
2024-01-25T09:19:23+01:00,69.35,40.75
2024-01-25T09:21:49+01:00,80.85,45.47
2024-01-25T09:24:15+01:00,74.93,43.75
2024-01-25T09:26:41+01:00,73.72,44.42
2024-01-25T09:29:07+01:00,79.45,42.75
2024-01-25T09:31:33+01:00,73.82,41.72
2024-01-25T09:33:59+01:00,72.43,43.22
2024-01-25T09:36:25+01:00,80.35,48.45
2024-01-25T09:38:51+01:00,80.63,46.97
2024-01-25T09:41:18+01:00,82.43,45.47
2024-01-25T09:43:44+01:00,136.07,75.85
2024-01-25T09:46:12+01:00,105.4,64.13
2024-01-25T09:48:39+01:00,130.38,73.3
2024-01-25T09:51:05+01:00,106.4,63.97
2024-01-25T09:53:31+01:00,100.2,62.67
2024-01-25T09:55:57+01:00,123.4,70.53
2024-01-25T09:58:23+01:00,123.1,74.28
2024-01-25T10:00:49+01:00,103.05,60.13
2024-01-25T10:03:15+01:00,96.18,62.8
2024-01-25T10:05:42+01:00,90.2,61.2
2024-01-25T10:08:11+01:00,99.2,60.78
2024-01-25T10:10:37+01:00,91.32,58.75
2024-01-25T10:13:04+01:00,105.8,61.25
2024-01-25T10:15:30+01:00,102.57,64.0
2024-01-25T10:17:56+01:00,103.22,62.58
2024-01-25T10:20:22+01:00,110.22,68.93
2024-01-25T10:22:48+01:00,114.25,68.7
2024-01-25T10:25:15+01:00,104.05,63.47
2024-01-25T10:27:41+01:00,114.35,74.53
2024-01-25T10:30:07+01:00,122.68,67.53
2024-01-25T10:32:33+01:00,99.7,62.42
2024-01-25T10:34:59+01:00,120.05,76.22
2024-01-25T10:37:25+01:00,116.7,79.6
2024-01-25T10:39:51+01:00,120.13,73.0
2024-01-25T10:42:18+01:00,115.9,72.4
2024-01-25T10:44:44+01:00,108.2,70.28
2024-01-25T10:47:10+01:00,103.8,69.43
2024-01-25T10:49:37+01:00,93.15,64.15
2024-01-25T10:52:03+01:00,95.63,59.33
2024-01-25T10:54:38+01:00,84.97,53.67
2024-01-25T10:57:14+01:00,83.22,52.95
2024-01-25T10:59:44+01:00,75.9,51.05
2024-01-25T11:02:10+01:00,75.28,48.67
2024-01-25T11:04:37+01:00,77.03,50.45
2024-01-25T11:07:03+01:00,79.45,50.35
2024-01-25T11:09:38+01:00,70.82,49.72
2024-01-25T11:12:05+01:00,66.55,45.13
2024-01-25T11:14:31+01:00,90.0,51.03
2024-01-25T11:17:00+01:00,72.35,45.42
2024-01-25T11:19:26+01:00,98.1,57.53
2024-01-25T11:21:52+01:00,112.9,74.07
2024-01-25T11:24:18+01:00,109.45,69.43
2024-01-25T11:26:45+01:00,122.82,78.05
2024-01-25T11:29:11+01:00,116.78,72.38
2024-01-25T11:31:40+01:00,101.55,65.53
2024-01-25T11:34:07+01:00,88.97,52.7
2024-01-25T11:36:34+01:00,96.43,45.38
2024-01-25T11:39:01+01:00,72.45,40.63
2024-01-25T11:41:32+01:00,62.2,38.78
2024-01-25T11:44:00+01:00,61.8,33.22
2024-01-25T11:46:32+01:00,58.13,34.92
2024-01-25T11:48:59+01:00,55.17,36.8
2024-01-25T11:51:27+01:00,58.35,38.13
2024-01-25T11:53:53+01:00,61.35,38.55
2024-01-25T11:56:20+01:00,88.15,58.53
2024-01-25T11:58:46+01:00,73.85,40.9
2024-01-25T12:01:12+01:00,65.45,44.42
2024-01-25T12:03:39+01:00,66.0,44.1
2024-01-25T12:06:08+01:00,65.95,42.5
2024-01-25T12:08:35+01:00,72.0,44.33
2024-01-25T12:11:03+01:00,66.35,42.3
2024-01-25T12:13:32+01:00,70.78,42.53
2024-01-25T12:15:58+01:00,76.35,45.22
2024-01-25T12:18:27+01:00,86.3,49.75
2024-01-25T12:20:53+01:00,79.55,47.58
2024-01-25T12:23:19+01:00,46.13,28.58
2024-01-25T12:25:45+01:00,39.05,23.63
2024-01-25T12:28:13+01:00,30.65,18.55
2024-01-25T12:30:41+01:00,34.08,19.27
2024-01-25T12:33:07+01:00,24.7,15.82
2024-01-25T12:35:37+01:00,12.32,6.6
2024-01-25T12:38:03+01:00,14.35,6.7
2024-01-25T12:40:30+01:00,7.6,4.32
2024-01-25T12:43:01+01:00,10.73,3.9
2024-01-25T12:45:28+01:00,9.8,4.38
2024-01-25T12:47:54+01:00,11.32,5.4
2024-01-25T12:50:20+01:00,6.4,3.65
2024-01-25T12:52:48+01:00,11.77,4.0
2024-01-25T12:55:15+01:00,10.77,5.43
2024-01-25T12:57:41+01:00,16.25,7.95
2024-01-25T13:00:12+01:00,10.8,5.55
2024-01-25T13:02:39+01:00,7.35,3.9
2024-01-25T13:05:06+01:00,9.98,4.5
2024-01-25T13:07:32+01:00,11.0,6.3
2024-01-25T13:10:03+01:00,16.52,6.82
2024-01-25T13:12:29+01:00,12.32,7.38
2024-01-25T13:15:02+01:00,11.25,7.15
2024-01-25T13:17:30+01:00,13.35,8.68
2024-01-25T13:19:59+01:00,18.73,10.0
2024-01-25T13:22:28+01:00,17.38,10.95
2024-01-25T13:24:55+01:00,17.27,10.85
2024-01-25T13:27:22+01:00,17.5,11.1
2024-01-25T13:29:51+01:00,19.17,12.05
2024-01-25T13:32:21+01:00,21.0,12.27
2024-01-25T13:34:54+01:00,17.05,11.52
2024-01-25T13:37:20+01:00,18.25,11.9
2024-01-25T13:39:46+01:00,19.3,11.1
2024-01-25T13:42:12+01:00,19.75,11.8
2024-01-25T13:44:39+01:00,16.05,9.95
2024-01-25T13:47:05+01:00,20.45,11.55
2024-01-25T13:49:34+01:00,17.48,10.5
2024-01-25T13:52:00+01:00,15.7,9.63
2024-01-25T13:54:26+01:00,16.27,10.7
2024-01-25T13:56:53+01:00,18.38,9.4
2024-01-25T13:59:20+01:00,13.35,8.75
2024-01-25T14:01:46+01:00,15.45,9.5
2024-01-25T14:04:12+01:00,18.77,11.43
2024-01-25T14:06:38+01:00,24.45,12.95
2024-01-25T14:09:04+01:00,19.1,12.18
2024-01-25T14:11:30+01:00,24.17,10.73
2024-01-25T14:13:57+01:00,15.38,6.53
2024-01-25T14:16:23+01:00,31.8,17.33
2024-01-25T14:18:49+01:00,18.63,9.85
2024-01-25T14:21:15+01:00,14.35,7.0
2024-01-25T14:23:41+01:00,18.55,10.98
2024-01-25T14:26:07+01:00,21.5,11.73
2024-01-25T14:28:33+01:00,25.77,11.2
2024-01-25T14:30:59+01:00,17.05,9.25
2024-01-25T14:33:26+01:00,18.6,8.5
2024-01-25T14:35:52+01:00,14.35,7.75
2024-01-25T14:38:18+01:00,17.73,7.32
2024-01-25T14:40:44+01:00,17.25,8.88
2024-01-25T14:43:10+01:00,15.07,7.07
2024-01-25T14:45:37+01:00,16.77,7.63
2024-01-25T14:48:03+01:00,11.8,6.68
2024-01-25T14:50:29+01:00,13.1,7.22
2024-01-25T14:52:55+01:00,15.98,6.7
2024-01-25T14:55:21+01:00,12.55,5.5
2024-01-25T14:57:47+01:00,11.43,5.97
2024-01-25T15:00:13+01:00,10.2,4.55
2024-01-25T15:02:40+01:00,15.1,6.47
2024-01-25T15:05:10+01:00,7.93,4.28
2024-01-25T15:07:36+01:00,8.35,3.33
2024-01-25T15:10:02+01:00,10.1,4.2
2024-01-25T15:12:29+01:00,13.98,6.0
2024-01-25T15:14:55+01:00,12.5,6.82
2024-01-25T15:17:21+01:00,8.05,3.45
2024-01-25T15:19:47+01:00,16.85,9.77
2024-01-25T15:22:13+01:00,9.48,3.05
2024-01-25T15:24:40+01:00,13.1,6.32
2024-01-25T15:27:06+01:00,12.35,6.57
2024-01-25T15:29:32+01:00,10.15,5.95
2024-01-25T15:31:59+01:00,13.27,7.18
2024-01-25T15:34:25+01:00,13.5,6.88
2024-01-25T15:36:51+01:00,16.1,6.75
2024-01-25T15:39:17+01:00,5.6,2.92
2024-01-25T15:41:43+01:00,11.1,5.03
2024-01-25T15:44:09+01:00,16.05,8.07
2024-01-25T15:46:36+01:00,9.73,5.63
2024-01-25T15:49:02+01:00,12.88,5.72
2024-01-25T15:51:28+01:00,5.0,2.6
2024-01-25T15:53:55+01:00,7.97,2.9
2024-01-25T15:56:21+01:00,8.43,3.9
2024-01-25T15:58:47+01:00,11.35,3.9
2024-01-25T16:01:13+01:00,7.78,3.58
2024-01-25T16:03:42+01:00,8.95,3.67
2024-01-25T16:06:08+01:00,6.55,3.4
2024-01-25T16:08:34+01:00,16.92,3.6
2024-01-25T16:11:00+01:00,7.97,3.6
2024-01-25T16:13:27+01:00,7.0,3.2
2024-01-25T16:15:53+01:00,12.35,3.72
2024-01-25T16:18:22+01:00,11.65,4.5
2024-01-25T16:20:49+01:00,11.9,4.1
2024-01-25T16:23:16+01:00,10.07,4.05
2024-01-25T16:25:42+01:00,8.18,3.4
2024-01-25T16:28:08+01:00,12.1,3.72
2024-01-25T16:30:34+01:00,20.2,6.75
2024-01-25T16:33:00+01:00,12.43,5.15
2024-01-25T16:35:27+01:00,11.45,5.93
2024-01-25T16:37:53+01:00,45.5,21.33
2024-01-25T16:40:20+01:00,14.27,6.88
2024-01-25T16:42:46+01:00,13.85,5.57
2024-01-25T16:45:19+01:00,9.65,5.7
2024-01-25T16:47:46+01:00,11.52,6.47
2024-01-25T16:50:12+01:00,9.93,5.22
2024-01-25T16:52:38+01:00,10.27,5.4
2024-01-25T16:55:04+01:00,7.9,4.93
2024-01-25T16:57:30+01:00,12.52,6.32
2024-01-25T16:59:56+01:00,14.18,5.9
2024-01-25T17:02:23+01:00,12.45,5.63
2024-01-25T17:04:49+01:00,12.2,5.93
2024-01-25T17:07:15+01:00,10.55,7.1
2024-01-25T17:09:41+01:00,12.9,7.05
2024-01-25T17:12:07+01:00,15.2,9.2
2024-01-25T17:14:34+01:00,16.4,7.0
2024-01-25T17:17:01+01:00,10.57,6.35
2024-01-25T17:19:27+01:00,12.0,6.65
2024-01-25T17:21:53+01:00,15.35,8.45
2024-01-25T17:24:19+01:00,16.75,7.68
2024-01-25T17:26:45+01:00,14.52,7.97
2024-01-25T17:29:12+01:00,13.5,6.5
2024-01-25T17:31:38+01:00,15.68,7.53
2024-01-25T17:34:04+01:00,13.73,8.63
2024-01-25T17:36:30+01:00,12.98,7.57
2024-01-25T17:38:56+01:00,13.6,6.82
2024-01-25T17:41:23+01:00,15.38,7.05
2024-01-25T17:43:49+01:00,14.57,8.3
2024-01-25T17:46:15+01:00,13.75,7.63
2024-01-25T17:48:41+01:00,13.2,8.07
2024-01-25T17:51:07+01:00,18.1,8.05
2024-01-25T17:53:33+01:00,13.25,8.43
2024-01-25T17:55:59+01:00,21.88,14.3
2024-01-25T17:58:25+01:00,22.45,9.93
2024-01-25T18:00:51+01:00,17.83,9.63
2024-01-25T18:03:18+01:00,27.38,6.22
2024-01-25T18:05:45+01:00,12.68,8.1
2024-01-25T18:08:11+01:00,20.8,8.5
2024-01-25T18:10:37+01:00,49.6,30.65
2024-01-25T18:13:03+01:00,18.02,10.02
2024-01-25T18:15:29+01:00,24.9,15.1
2024-01-25T18:17:56+01:00,23.77,13.25
2024-01-25T18:20:22+01:00,15.0,10.65
2024-01-25T18:22:48+01:00,15.6,9.9
2024-01-25T18:25:14+01:00,21.67,9.07
2024-01-25T18:27:41+01:00,19.17,9.9
2024-01-25T18:30:07+01:00,35.42,12.98
2024-01-25T18:32:34+01:00,29.9,13.15
2024-01-25T18:35:00+01:00,30.0,19.7
2024-01-25T18:37:26+01:00,37.95,27.77
2024-01-25T18:39:53+01:00,33.6,16.5
2024-01-25T18:42:19+01:00,31.38,22.02
2024-01-25T18:44:45+01:00,26.95,16.92
2024-01-25T18:47:11+01:00,29.3,15.68
2024-01-25T18:49:37+01:00,20.73,13.68
2024-01-25T18:52:03+01:00,16.73,11.15
2024-01-25T18:54:29+01:00,17.13,10.07
2024-01-25T18:56:56+01:00,15.93,10.75
2024-01-25T18:59:26+01:00,24.45,13.1
2024-01-25T19:01:52+01:00,11.02,6.32
2024-01-25T19:04:18+01:00,20.52,11.65
2024-01-25T19:06:44+01:00,10.45,7.18
2024-01-25T19:09:11+01:00,9.15,6.05
2024-01-25T19:11:37+01:00,13.43,6.05
2024-01-25T19:14:03+01:00,5.88,4.3
2024-01-25T19:16:29+01:00,7.05,4.65
2024-01-25T19:18:55+01:00,8.43,4.25
2024-01-25T19:21:21+01:00,7.15,4.7
2024-01-25T19:23:49+01:00,8.48,4.72
2024-01-25T19:26:16+01:00,8.18,4.1
2024-01-25T19:28:42+01:00,8.57,4.45
2024-01-25T19:31:08+01:00,10.48,4.63
2024-01-25T19:33:34+01:00,7.38,4.3
2024-01-25T19:36:02+01:00,9.95,5.03
2024-01-25T19:38:28+01:00,15.6,4.93
2024-01-25T19:40:55+01:00,12.32,6.88
2024-01-25T19:43:21+01:00,15.52,7.22
2024-01-25T19:45:48+01:00,25.92,15.82
2024-01-25T19:48:15+01:00,32.4,18.17
2024-01-25T19:50:41+01:00,33.42,20.05
2024-01-25T19:53:08+01:00,32.13,17.58
2024-01-25T19:55:34+01:00,26.35,16.25
2024-01-25T19:58:00+01:00,40.03,22.17
2024-01-25T20:00:27+01:00,26.8,16.9
2024-01-25T20:02:53+01:00,22.98,14.32
2024-01-25T20:05:19+01:00,29.52,16.73
2024-01-25T20:07:46+01:00,18.13,11.95
2024-01-25T20:10:17+01:00,19.55,11.3
2024-01-25T20:12:43+01:00,25.02,15.57
2024-01-25T20:15:09+01:00,22.9,16.45
2024-01-25T20:17:35+01:00,22.33,12.9
2024-01-25T20:20:01+01:00,21.45,11.18
2024-01-25T20:22:27+01:00,25.85,18.13
2024-01-25T20:24:53+01:00,26.98,20.17
2024-01-25T20:27:19+01:00,23.08,13.93
2024-01-25T20:29:46+01:00,20.42,14.2
2024-01-25T20:32:12+01:00,14.18,10.4
2024-01-25T20:34:38+01:00,28.38,14.75
2024-01-25T20:37:04+01:00,27.13,17.35
2024-01-25T20:39:30+01:00,31.27,16.33
2024-01-25T20:41:56+01:00,25.7,16.13
2024-01-25T20:44:22+01:00,25.45,14.57
2024-01-25T20:46:48+01:00,28.4,17.02
2024-01-25T20:49:14+01:00,34.03,22.45
2024-01-25T20:51:40+01:00,33.78,21.08
2024-01-25T20:54:06+01:00,30.4,16.45
2024-01-25T20:56:32+01:00,30.33,16.4
2024-01-25T20:58:59+01:00,31.02,17.52
2024-01-25T21:01:26+01:00,33.13,19.95
2024-01-25T21:03:52+01:00,38.95,19.27
2024-01-25T21:06:18+01:00,36.55,22.9
2024-01-25T21:08:45+01:00,45.33,28.73
2024-01-25T21:11:11+01:00,39.0,24.8
2024-01-25T21:13:37+01:00,55.88,31.7
2024-01-25T21:16:04+01:00,49.03,30.2
2024-01-25T21:18:30+01:00,76.25,45.5
2024-01-25T21:20:56+01:00,66.45,36.63
2024-01-25T21:23:22+01:00,27.2,16.35
2024-01-25T21:25:48+01:00,29.9,16.02
2024-01-25T21:28:15+01:00,30.8,17.42
2024-01-25T21:30:41+01:00,44.42,26.42
2024-01-25T21:33:07+01:00,23.55,15.5
2024-01-25T21:35:33+01:00,26.23,18.02
2024-01-25T21:37:59+01:00,36.25,24.5
2024-01-25T21:40:25+01:00,13.2,8.07
2024-01-25T21:42:51+01:00,9.38,5.3
2024-01-25T21:45:18+01:00,17.48,11.23
2024-01-25T21:47:47+01:00,24.83,16.15
2024-01-25T21:50:13+01:00,12.05,8.63
2024-01-25T21:52:39+01:00,15.88,9.05
2024-01-25T21:55:05+01:00,11.32,8.43
2024-01-25T21:57:32+01:00,14.4,9.85
2024-01-25T21:59:58+01:00,17.4,9.73
2024-01-25T22:02:24+01:00,12.6,7.5
2024-01-25T22:04:51+01:00,10.8,6.38
2024-01-25T22:07:17+01:00,7.9,5.4
2024-01-25T22:09:43+01:00,10.6,5.68
2024-01-25T22:12:09+01:00,13.27,7.7
2024-01-25T22:14:36+01:00,17.7,6.0
2024-01-25T22:17:02+01:00,8.9,5.4
2024-01-25T22:19:28+01:00,9.52,6.15
2024-01-25T22:21:55+01:00,11.0,6.38
2024-01-25T22:24:21+01:00,12.43,8.1
2024-01-25T22:26:47+01:00,10.15,6.9
2024-01-25T22:29:13+01:00,8.88,6.13
2024-01-25T22:31:39+01:00,8.75,6.0
2024-01-25T22:34:05+01:00,9.57,6.1
2024-01-25T22:36:31+01:00,15.15,7.2
2024-01-25T22:38:57+01:00,11.13,6.72
2024-01-25T22:41:23+01:00,14.45,6.72
2024-01-25T22:43:49+01:00,12.73,7.5
2024-01-25T22:46:15+01:00,12.23,7.47
2024-01-25T22:48:41+01:00,13.32,6.5
2024-01-25T22:51:07+01:00,12.32,7.3
2024-01-25T22:53:33+01:00,11.15,6.47
2024-01-25T22:55:59+01:00,15.68,7.1
2024-01-25T22:58:26+01:00,11.25,6.32
2024-01-25T23:00:52+01:00,13.5,6.88
2024-01-25T23:03:18+01:00,11.05,6.5
2024-01-25T23:05:44+01:00,13.15,6.93
2024-01-25T23:08:10+01:00,13.27,6.6
2024-01-25T23:10:39+01:00,17.77,7.97
2024-01-25T23:13:05+01:00,13.82,8.07
2024-01-25T23:15:31+01:00,16.38,9.15
2024-01-25T23:17:57+01:00,14.1,7.4
2024-01-25T23:20:23+01:00,11.88,6.53
2024-01-25T23:22:49+01:00,12.8,6.38
2024-01-25T23:25:15+01:00,15.35,7.3
2024-01-25T23:27:42+01:00,14.8,7.0
2024-01-25T23:30:08+01:00,15.9,7.32
2024-01-25T23:32:34+01:00,12.43,6.55
2024-01-25T23:35:00+01:00,14.68,6.55
2024-01-25T23:37:26+01:00,14.82,6.3
2024-01-25T23:39:53+01:00,15.95,6.93
2024-01-25T23:42:19+01:00,14.5,6.47
2024-01-25T23:44:45+01:00,17.92,6.9
2024-01-25T23:47:11+01:00,19.1,6.7
2024-01-25T23:49:37+01:00,17.1,6.45
2024-01-25T23:52:03+01:00,18.8,6.93
2024-01-25T23:54:29+01:00,16.38,6.25
2024-01-25T23:56:55+01:00,20.35,7.1
2024-01-25T23:59:21+01:00,21.33,6.78
2024-01-26T00:01:47+01:00,17.88,6.57
2024-01-26T00:04:13+01:00,19.08,7.97
2024-01-26T00:06:39+01:00,22.38,7.1
2024-01-26T00:09:07+01:00,21.2,7.75
2024-01-26T00:11:33+01:00,18.4,7.1
2024-01-26T00:14:00+01:00,20.58,6.97
2024-01-26T00:16:26+01:00,19.1,7.35
2024-01-26T00:18:52+01:00,21.6,7.8
2024-01-26T00:21:18+01:00,22.55,7.47
2024-01-26T00:23:45+01:00,18.38,7.45
2024-01-26T00:26:11+01:00,19.05,7.68
2024-01-26T00:28:37+01:00,20.6,7.25
2024-01-26T00:31:03+01:00,20.25,7.05
2024-01-26T00:33:30+01:00,20.2,7.13
2024-01-26T00:35:56+01:00,16.3,6.65
2024-01-26T00:38:22+01:00,14.23,6.53
2024-01-26T00:40:48+01:00,16.35,6.15
2024-01-26T00:43:14+01:00,15.57,6.13
2024-01-26T00:45:40+01:00,15.23,6.1
2024-01-26T00:48:06+01:00,15.85,6.05
2024-01-26T00:50:34+01:00,11.13,5.43
2024-01-26T00:53:00+01:00,13.25,5.53
2024-01-26T00:55:26+01:00,16.65,6.28
2024-01-26T00:57:52+01:00,12.88,5.7
2024-01-26T01:00:18+01:00,15.13,6.5
2024-01-26T01:02:44+01:00,15.07,6.6
2024-01-26T01:05:10+01:00,14.6,6.53
2024-01-26T01:07:36+01:00,15.27,6.25
2024-01-26T01:10:02+01:00,13.05,6.1
2024-01-26T01:12:29+01:00,17.4,7.32
2024-01-26T01:14:55+01:00,13.52,6.32
2024-01-26T01:17:21+01:00,15.15,6.35
2024-01-26T01:19:47+01:00,21.52,10.75
2024-01-26T01:22:13+01:00,22.27,11.0
2024-01-26T01:24:39+01:00,22.58,12.1
2024-01-26T01:27:06+01:00,15.57,8.9
2024-01-26T01:29:32+01:00,13.45,6.78
2024-01-26T01:31:58+01:00,11.15,6.78
2024-01-26T01:34:24+01:00,16.1,7.8
2024-01-26T01:36:50+01:00,15.77,6.93
2024-01-26T01:39:16+01:00,13.13,6.6
2024-01-26T01:41:42+01:00,14.77,6.78
2024-01-26T01:44:09+01:00,14.4,6.88
2024-01-26T01:46:37+01:00,14.57,6.82
2024-01-26T01:49:04+01:00,17.2,8.4
2024-01-26T01:51:30+01:00,20.08,12.3
2024-01-26T01:53:56+01:00,12.93,7.45
2024-01-26T01:56:22+01:00,16.63,8.6
2024-01-26T01:58:48+01:00,13.43,6.7
2024-01-26T02:01:15+01:00,16.33,7.55
2024-01-26T02:03:41+01:00,12.9,6.43
2024-01-26T02:06:07+01:00,11.82,6.28
2024-01-26T02:08:33+01:00,14.7,7.5
2024-01-26T02:10:59+01:00,18.15,7.38
2024-01-26T02:13:25+01:00,14.4,7.3
2024-01-26T02:15:51+01:00,13.0,6.95
2024-01-26T02:18:17+01:00,16.3,7.0
2024-01-26T02:20:43+01:00,11.82,6.65
2024-01-26T02:23:09+01:00,13.8,6.88
2024-01-26T02:25:35+01:00,11.48,6.63
2024-01-26T02:28:02+01:00,11.52,6.3
2024-01-26T02:30:28+01:00,11.68,6.4
2024-01-26T02:32:54+01:00,11.0,7.07
2024-01-26T02:35:20+01:00,13.45,6.3
2024-01-26T02:37:46+01:00,11.23,6.1
2024-01-26T02:40:12+01:00,12.5,6.65
2024-01-26T02:42:39+01:00,11.55,6.15
2024-01-26T02:45:10+01:00,10.85,6.32
2024-01-26T02:47:38+01:00,12.95,5.68
2024-01-26T02:50:05+01:00,13.9,5.82
2024-01-26T02:52:31+01:00,15.02,6.57
2024-01-26T02:54:58+01:00,13.95,6.22
2024-01-26T02:57:24+01:00,13.43,6.32
2024-01-26T02:59:52+01:00,11.3,5.5
2024-01-26T03:02:19+01:00,12.48,5.22
2024-01-26T03:04:49+01:00,13.1,5.5
2024-01-26T03:07:15+01:00,15.23,5.75
2024-01-26T03:09:41+01:00,15.25,5.78
2024-01-26T03:12:07+01:00,13.95,5.93
2024-01-26T03:14:33+01:00,11.85,5.65
2024-01-26T03:17:00+01:00,11.05,5.55
2024-01-26T03:19:26+01:00,13.7,5.9
2024-01-26T03:21:53+01:00,9.5,5.45
2024-01-26T03:24:19+01:00,10.77,5.35
2024-01-26T03:26:45+01:00,14.0,5.72
2024-01-26T03:29:11+01:00,15.55,6.13
2024-01-26T03:31:38+01:00,14.25,5.5
2024-01-26T03:34:04+01:00,12.27,5.45
2024-01-26T03:36:32+01:00,11.88,5.13
2024-01-26T03:38:58+01:00,14.23,5.55
2024-01-26T03:41:24+01:00,13.98,6.0
2024-01-26T03:43:50+01:00,14.0,5.5
2024-01-26T03:46:16+01:00,11.48,6.1
2024-01-26T03:48:43+01:00,15.2,6.13
2024-01-26T03:51:09+01:00,15.5,5.78
2024-01-26T03:53:38+01:00,12.2,5.88
2024-01-26T03:56:06+01:00,10.93,5.65
2024-01-26T03:58:32+01:00,15.9,5.6
2024-01-26T04:00:58+01:00,11.52,5.4
2024-01-26T04:03:24+01:00,12.05,5.6
2024-01-26T04:05:50+01:00,13.2,5.45
2024-01-26T04:08:16+01:00,13.27,5.82
2024-01-26T04:10:42+01:00,23.88,13.15
2024-01-26T04:13:08+01:00,11.05,5.18
2024-01-26T04:15:34+01:00,12.27,5.78
2024-01-26T04:18:01+01:00,11.43,5.15
2024-01-26T04:20:27+01:00,14.63,6.18
2024-01-26T04:22:55+01:00,13.57,5.53
2024-01-26T04:25:21+01:00,14.45,5.78
2024-01-26T04:27:47+01:00,16.13,6.65
2024-01-26T04:30:13+01:00,14.9,5.53
2024-01-26T04:32:39+01:00,14.1,5.85
2024-01-26T04:35:05+01:00,12.8,5.3
2024-01-26T04:37:32+01:00,12.77,5.22
2024-01-26T04:39:58+01:00,13.05,5.2
2024-01-26T04:42:24+01:00,12.68,4.93
2024-01-26T04:44:50+01:00,16.05,6.5
2024-01-26T04:47:16+01:00,13.98,5.4
2024-01-26T04:49:42+01:00,11.43,5.3
2024-01-26T04:52:11+01:00,13.68,5.57
2024-01-26T04:54:37+01:00,15.93,5.88
2024-01-26T04:57:03+01:00,11.32,4.9
2024-01-26T04:59:33+01:00,9.68,5.18
2024-01-26T05:01:59+01:00,34.33,16.8
2024-01-26T05:04:25+01:00,15.88,7.78
2024-01-26T05:06:51+01:00,14.48,6.38
2024-01-26T05:09:17+01:00,20.05,6.9
2024-01-26T05:11:43+01:00,23.05,10.6
2024-01-26T05:14:09+01:00,25.52,13.05
2024-01-26T05:16:35+01:00,23.25,12.15
2024-01-26T05:19:01+01:00,23.33,10.93
2024-01-26T05:21:28+01:00,13.55,6.7
2024-01-26T05:23:54+01:00,14.57,6.82
2024-01-26T05:26:20+01:00,15.8,6.4
2024-01-26T05:28:46+01:00,19.08,8.5
2024-01-26T05:31:12+01:00,25.75,15.23
2024-01-26T05:33:39+01:00,20.13,8.98
2024-01-26T05:36:08+01:00,18.58,10.25
2024-01-26T05:38:37+01:00,12.65,5.93
2024-01-26T05:41:03+01:00,18.6,6.65
2024-01-26T05:43:29+01:00,13.55,7.25
2024-01-26T05:45:55+01:00,18.98,7.93
2024-01-26T05:48:21+01:00,17.67,7.9
2024-01-26T05:50:47+01:00,13.07,6.85
2024-01-26T05:53:13+01:00,19.0,8.55
2024-01-26T05:55:43+01:00,106.85,35.7
2024-01-26T05:58:09+01:00,36.8,14.35
2024-01-26T06:00:35+01:00,22.02,11.8
2024-01-26T06:03:01+01:00,19.38,9.75
2024-01-26T06:05:27+01:00,22.77,12.6
2024-01-26T06:07:54+01:00,22.75,14.27
2024-01-26T06:10:20+01:00,17.92,9.48
2024-01-26T06:12:46+01:00,23.05,10.8
2024-01-26T06:15:12+01:00,23.0,13.48
2024-01-26T06:17:38+01:00,29.4,13.52
2024-01-26T06:20:04+01:00,42.2,23.98
2024-01-26T06:22:31+01:00,27.1,15.5
2024-01-26T06:24:57+01:00,23.35,14.85
2024-01-26T06:27:23+01:00,33.72,14.98
2024-01-26T06:29:49+01:00,29.13,17.05
2024-01-26T06:32:15+01:00,47.3,21.5
2024-01-26T06:34:41+01:00,32.55,17.13
2024-01-26T06:37:07+01:00,19.65,10.5
2024-01-26T06:39:33+01:00,23.1,12.05
2024-01-26T06:41:59+01:00,27.75,14.05
2024-01-26T06:44:26+01:00,34.6,16.73
2024-01-26T06:46:52+01:00,25.23,13.1
2024-01-26T06:49:18+01:00,20.95,11.13
2024-01-26T06:51:44+01:00,24.35,12.32
2024-01-26T06:54:11+01:00,25.95,13.85
2024-01-26T06:56:40+01:00,25.25,16.33
2024-01-26T06:59:07+01:00,27.05,15.38
2024-01-26T07:01:33+01:00,18.3,9.95
2024-01-26T07:04:00+01:00,17.52,9.88
2024-01-26T07:06:26+01:00,25.13,11.55
2024-01-26T07:08:52+01:00,18.45,10.9
2024-01-26T07:11:18+01:00,39.65,24.33
2024-01-26T07:13:44+01:00,32.38,21.05
2024-01-26T07:16:13+01:00,30.65,17.1
2024-01-26T07:18:40+01:00,28.42,15.4
2024-01-26T07:21:06+01:00,38.17,17.8
2024-01-26T07:23:32+01:00,32.72,17.52
2024-01-26T07:25:58+01:00,32.7,19.3
2024-01-26T07:28:24+01:00,32.42,18.25
2024-01-26T07:30:50+01:00,32.58,17.95
2024-01-26T07:33:16+01:00,20.83,10.48
2024-01-26T07:35:42+01:00,16.75,7.65
2024-01-26T07:38:08+01:00,15.95,6.9
2024-01-26T07:40:34+01:00,12.15,5.6
2024-01-26T07:43:00+01:00,13.73,5.32
2024-01-26T07:45:31+01:00,9.52,3.85
2024-01-26T07:47:58+01:00,12.6,4.9
2024-01-26T07:50:24+01:00,10.23,4.5
2024-01-26T07:52:50+01:00,11.85,4.68
2024-01-26T07:55:16+01:00,10.25,3.97
2024-01-26T07:57:42+01:00,11.55,4.0
2024-01-26T08:00:08+01:00,13.05,5.1
2024-01-26T08:02:35+01:00,11.8,4.05
2024-01-26T08:05:02+01:00,15.73,5.25
2024-01-26T08:07:28+01:00,16.98,5.97
2024-01-26T08:09:54+01:00,8.93,3.85
2024-01-26T08:12:20+01:00,11.68,4.65
2024-01-26T08:14:46+01:00,14.32,4.9
2024-01-26T08:17:12+01:00,12.5,4.3
2024-01-26T08:19:38+01:00,12.25,4.3
2024-01-26T08:22:04+01:00,10.75,3.97
2024-01-26T08:24:30+01:00,15.77,4.18
2024-01-26T08:26:57+01:00,9.45,3.78
2024-01-26T08:29:23+01:00,10.15,3.85
2024-01-26T08:31:49+01:00,10.7,4.25
2024-01-26T08:34:15+01:00,9.9,4.1
2024-01-26T08:36:42+01:00,12.15,4.3
2024-01-26T08:39:08+01:00,11.5,3.92
2024-01-26T08:41:35+01:00,11.85,4.0
2024-01-26T08:44:01+01:00,13.15,4.03
2024-01-26T08:46:27+01:00,13.8,5.18
2024-01-26T08:48:53+01:00,18.2,4.5
2024-01-26T08:51:19+01:00,12.23,5.1
2024-01-26T08:53:46+01:00,12.23,3.5
2024-01-26T08:56:12+01:00,11.07,3.7
2024-01-26T08:58:38+01:00,13.48,3.85
2024-01-26T09:01:04+01:00,12.95,3.95
2024-01-26T09:03:31+01:00,12.25,3.53
2024-01-26T09:05:57+01:00,13.75,4.6
2024-01-26T09:08:23+01:00,11.25,3.35
2024-01-26T09:10:49+01:00,11.82,3.47
2024-01-26T09:13:15+01:00,8.13,3.13
2024-01-26T09:15:41+01:00,9.3,2.92
2024-01-26T09:18:07+01:00,13.8,3.6
2024-01-26T09:20:34+01:00,12.23,4.9
2024-01-26T09:23:00+01:00,12.05,3.92
2024-01-26T09:25:26+01:00,11.02,3.6
2024-01-26T09:27:52+01:00,11.52,3.78
2024-01-26T09:30:18+01:00,9.68,3.2
2024-01-26T09:32:47+01:00,9.9,3.75
2024-01-26T09:35:14+01:00,8.6,3.6
2024-01-26T09:37:41+01:00,7.47,3.4
2024-01-26T09:40:07+01:00,9.35,3.38
2024-01-26T09:42:34+01:00,10.65,3.97
2024-01-26T09:45:01+01:00,8.77,3.33
2024-01-26T09:47:28+01:00,11.35,4.05
2024-01-26T09:49:55+01:00,8.3,3.05
2024-01-26T09:52:21+01:00,9.7,3.5
2024-01-26T09:54:47+01:00,10.38,3.22
2024-01-26T09:57:13+01:00,12.1,3.22
2024-01-26T09:59:40+01:00,7.45,3.33
2024-01-26T10:02:07+01:00,7.07,2.67
2024-01-26T10:04:34+01:00,10.02,3.1
2024-01-26T10:07:00+01:00,8.15,3.45
2024-01-26T10:09:26+01:00,8.55,3.13
2024-01-26T10:11:53+01:00,10.1,2.88
2024-01-26T10:14:19+01:00,8.75,3.22
2024-01-26T10:16:51+01:00,10.1,2.72
2024-01-26T10:19:20+01:00,8.6,2.47
2024-01-26T10:21:46+01:00,9.48,2.92
2024-01-26T10:24:12+01:00,9.77,2.75
2024-01-26T10:26:39+01:00,7.82,2.45
2024-01-26T10:29:06+01:00,9.9,2.83
2024-01-26T10:31:32+01:00,6.38,2.45
2024-01-26T10:33:59+01:00,6.2,2.0
2024-01-26T10:36:25+01:00,9.5,3.83
2024-01-26T10:38:51+01:00,8.8,2.83
2024-01-26T10:41:17+01:00,10.45,2.42
2024-01-26T10:43:43+01:00,7.1,2.2
2024-01-26T10:46:09+01:00,8.5,2.53
2024-01-26T10:48:36+01:00,5.35,2.15
2024-01-26T10:51:03+01:00,10.38,2.75
2024-01-26T10:53:30+01:00,7.5,2.05
2024-01-26T10:55:58+01:00,10.0,2.2
2024-01-26T10:58:26+01:00,12.85,2.35
2024-01-26T11:00:53+01:00,7.72,2.35
2024-01-26T11:03:26+01:00,7.53,2.3
2024-01-26T11:05:53+01:00,6.4,2.55
2024-01-26T11:08:19+01:00,8.25,2.22
2024-01-26T11:10:46+01:00,9.9,2.6
2024-01-26T11:13:12+01:00,6.88,2.28
2024-01-26T11:15:38+01:00,7.57,2.3
2024-01-26T11:18:04+01:00,10.23,2.5
2024-01-26T11:20:30+01:00,6.97,2.4
2024-01-26T11:22:56+01:00,9.18,2.4
2024-01-26T11:25:22+01:00,8.65,2.45
2024-01-26T11:27:48+01:00,8.05,3.42
2024-01-26T11:30:15+01:00,7.8,2.15
2024-01-26T11:32:42+01:00,8.77,2.3
2024-01-26T11:35:09+01:00,8.25,2.28
2024-01-26T11:37:36+01:00,6.78,2.4
2024-01-26T11:40:03+01:00,6.72,2.6
2024-01-26T11:42:30+01:00,8.55,2.67
2024-01-26T11:45:00+01:00,7.93,2.45
2024-01-26T11:47:27+01:00,8.98,2.5
2024-01-26T11:49:54+01:00,7.43,2.5
2024-01-26T11:52:22+01:00,8.82,2.53
2024-01-26T11:54:49+01:00,9.63,2.97
2024-01-26T11:57:15+01:00,13.52,3.05
2024-01-26T11:59:42+01:00,7.93,2.5
2024-01-26T12:02:14+01:00,11.2,6.07
2024-01-26T12:04:43+01:00,8.93,3.2
2024-01-26T12:07:09+01:00,8.18,2.4
2024-01-26T12:09:36+01:00,7.22,2.45
2024-01-26T12:12:20+01:00,10.77,2.78
2024-01-26T12:14:46+01:00,8.38,2.28
2024-01-26T12:17:13+01:00,8.27,2.6
2024-01-26T12:19:47+01:00,8.0,2.53
2024-01-26T12:22:14+01:00,7.32,2.65
2024-01-26T12:24:42+01:00,9.18,2.72
2024-01-26T12:27:09+01:00,8.02,2.55
2024-01-26T12:29:36+01:00,7.75,2.42
2024-01-26T12:32:15+01:00,7.2,2.75
2024-01-26T12:34:42+01:00,7.55,2.65
2024-01-26T12:37:09+01:00,9.7,2.83
2024-01-26T12:39:40+01:00,8.18,2.55
2024-01-26T12:42:07+01:00,8.23,2.5
2024-01-26T12:44:35+01:00,9.45,2.6
2024-01-26T12:47:03+01:00,11.52,2.78
2024-01-26T12:49:29+01:00,9.02,2.53
2024-01-26T12:51:55+01:00,8.23,2.45
2024-01-26T12:54:21+01:00,7.32,2.63
2024-01-26T12:56:48+01:00,6.82,2.67
2024-01-26T12:59:15+01:00,7.95,2.25
2024-01-26T13:01:41+01:00,11.45,2.97
2024-01-26T13:04:07+01:00,8.45,2.85
2024-01-26T13:06:33+01:00,10.1,2.42
2024-01-26T13:08:59+01:00,10.63,2.3
2024-01-26T13:11:25+01:00,7.57,2.6
2024-01-26T13:13:51+01:00,7.43,2.6
2024-01-26T13:16:21+01:00,6.82,2.45
2024-01-26T13:18:48+01:00,11.1,2.8
2024-01-26T13:21:14+01:00,8.25,3.2
2024-01-26T13:23:40+01:00,11.57,2.78
2024-01-26T13:26:07+01:00,6.75,2.33
2024-01-26T13:28:39+01:00,8.73,2.5
2024-01-26T13:31:06+01:00,7.15,2.4
2024-01-26T13:33:34+01:00,9.52,2.85
2024-01-26T13:36:01+01:00,8.65,3.15
2024-01-26T13:38:27+01:00,8.0,2.7
2024-01-26T13:40:54+01:00,6.47,2.92
2024-01-26T13:43:20+01:00,12.82,3.03
2024-01-26T13:45:46+01:00,8.95,2.9
2024-01-26T13:48:12+01:00,7.2,2.7
2024-01-26T13:50:38+01:00,6.65,2.6
2024-01-26T13:53:04+01:00,7.13,2.13
2024-01-26T13:55:31+01:00,12.02,2.45
2024-01-26T13:57:57+01:00,8.32,2.85
2024-01-26T14:00:23+01:00,7.75,2.3
2024-01-26T14:02:49+01:00,6.15,2.3
2024-01-26T14:05:16+01:00,7.07,2.25
2024-01-26T14:07:42+01:00,6.6,2.15
2024-01-26T14:10:08+01:00,8.7,2.4
2024-01-26T14:12:35+01:00,6.13,2.3
2024-01-26T14:15:01+01:00,5.25,2.22
2024-01-26T14:17:28+01:00,8.18,2.25
2024-01-26T14:19:54+01:00,7.7,2.58
2024-01-26T14:22:20+01:00,7.7,2.72
2024-01-26T14:24:46+01:00,4.8,2.05
2024-01-26T14:27:12+01:00,6.32,2.8
2024-01-26T14:29:40+01:00,7.78,2.55
2024-01-26T14:32:06+01:00,7.07,2.1
2024-01-26T14:34:32+01:00,9.05,2.9
2024-01-26T14:36:59+01:00,8.27,2.42
2024-01-26T14:39:25+01:00,6.95,2.17
2024-01-26T14:41:51+01:00,8.98,2.4
2024-01-26T14:44:18+01:00,6.6,2.72
2024-01-26T14:46:45+01:00,7.6,2.5
2024-01-26T14:49:11+01:00,6.7,2.42
2024-01-26T14:51:38+01:00,6.13,2.33
2024-01-26T14:54:04+01:00,9.13,2.58
2024-01-26T14:56:30+01:00,7.0,2.4
2024-01-26T14:58:56+01:00,8.25,2.88
2024-01-26T15:01:23+01:00,7.5,2.33
2024-01-26T15:03:50+01:00,9.45,2.7
2024-01-26T15:06:17+01:00,7.07,2.8
2024-01-26T15:08:43+01:00,7.5,2.63
2024-01-26T15:11:09+01:00,4.63,2.0
2024-01-26T15:13:36+01:00,7.47,2.17
2024-01-26T15:16:03+01:00,6.53,2.88
2024-01-26T15:18:32+01:00,6.13,2.13
2024-01-26T15:20:59+01:00,12.65,2.83
2024-01-26T15:23:25+01:00,5.32,2.72
2024-01-26T15:25:51+01:00,8.43,2.5
2024-01-26T15:28:19+01:00,12.63,2.88
2024-01-26T15:30:46+01:00,9.5,2.65
2024-01-26T15:33:13+01:00,8.23,3.13
2024-01-26T15:35:39+01:00,6.85,2.58
2024-01-26T15:38:08+01:00,8.02,2.9
2024-01-26T15:40:36+01:00,10.55,3.17
2024-01-26T15:43:02+01:00,9.73,2.53
2024-01-26T15:45:31+01:00,6.57,2.72
2024-01-26T15:47:57+01:00,11.98,4.35
2024-01-26T15:50:23+01:00,8.45,2.83
2024-01-26T15:52:49+01:00,7.95,2.63
2024-01-26T15:55:17+01:00,8.98,2.78
2024-01-26T15:57:43+01:00,12.68,3.05
2024-01-26T16:00:13+01:00,6.53,2.6
2024-01-26T16:02:40+01:00,8.82,2.95
2024-01-26T16:05:07+01:00,9.32,3.4
2024-01-26T16:07:33+01:00,7.97,2.78
2024-01-26T16:09:59+01:00,9.25,2.7
2024-01-26T16:12:26+01:00,6.93,2.5
2024-01-26T16:14:52+01:00,9.8,3.3
2024-01-26T16:17:18+01:00,11.9,3.3
2024-01-26T16:19:46+01:00,11.93,3.45
2024-01-26T16:22:12+01:00,8.38,2.9
2024-01-26T16:24:39+01:00,9.95,3.6
2024-01-26T16:27:05+01:00,10.52,3.38
2024-01-26T16:29:32+01:00,11.25,3.78
2024-01-26T16:31:58+01:00,11.45,3.7
2024-01-26T16:34:24+01:00,9.95,3.3
2024-01-26T16:36:50+01:00,12.3,3.9
2024-01-26T16:39:18+01:00,9.5,3.4
2024-01-26T16:41:47+01:00,12.68,3.72
2024-01-26T16:44:14+01:00,12.13,3.4
2024-01-26T16:46:40+01:00,11.82,3.25
2024-01-26T16:49:09+01:00,15.73,4.38
2024-01-26T16:51:35+01:00,10.02,3.8
2024-01-26T16:54:01+01:00,10.9,3.88
2024-01-26T16:56:30+01:00,17.17,4.63
2024-01-26T16:58:57+01:00,12.48,4.78
2024-01-26T17:01:23+01:00,16.45,5.0
2024-01-26T17:03:50+01:00,14.43,5.03
2024-01-26T17:06:16+01:00,14.07,4.3
2024-01-26T17:08:42+01:00,13.88,4.28
2024-01-26T17:11:08+01:00,13.0,5.07
2024-01-26T17:13:34+01:00,14.68,4.22
2024-01-26T17:16:00+01:00,10.32,3.78
2024-01-26T17:18:26+01:00,14.4,4.6
2024-01-26T17:20:53+01:00,12.95,4.65
2024-01-26T17:23:19+01:00,14.48,4.28
2024-01-26T17:25:45+01:00,17.23,4.82
2024-01-26T17:28:11+01:00,20.63,6.47
2024-01-26T17:30:37+01:00,13.63,4.72
2024-01-26T17:33:03+01:00,18.13,4.5
2024-01-26T17:35:29+01:00,16.83,4.97
2024-01-26T17:37:57+01:00,16.2,4.4
2024-01-26T17:40:23+01:00,19.63,4.85
2024-01-26T17:42:51+01:00,20.38,5.18
2024-01-26T17:45:18+01:00,20.52,5.15
2024-01-26T17:47:45+01:00,15.8,4.38
2024-01-26T17:50:11+01:00,18.0,4.82
2024-01-26T17:52:38+01:00,20.98,5.05
2024-01-26T17:55:04+01:00,18.5,5.28
2024-01-26T17:57:30+01:00,16.15,4.93
2024-01-26T17:59:56+01:00,20.33,4.7
2024-01-26T18:02:22+01:00,16.58,4.88
2024-01-26T18:04:49+01:00,15.43,5.35
2024-01-26T18:07:16+01:00,17.9,5.1
2024-01-26T18:09:42+01:00,24.63,6.82
2024-01-26T18:12:08+01:00,17.77,5.25
2024-01-26T18:14:34+01:00,19.27,5.18
2024-01-26T18:17:00+01:00,18.1,4.55
2024-01-26T18:19:26+01:00,18.27,5.22
2024-01-26T18:21:52+01:00,16.08,6.07
2024-01-26T18:24:18+01:00,17.17,5.43
2024-01-26T18:26:44+01:00,20.0,5.63
2024-01-26T18:29:10+01:00,16.92,5.28
2024-01-26T18:31:36+01:00,16.45,5.35
2024-01-26T18:34:02+01:00,13.4,5.7
2024-01-26T18:36:28+01:00,21.8,6.78
2024-01-26T18:38:54+01:00,19.25,5.13
2024-01-26T18:41:20+01:00,16.15,5.3
2024-01-26T18:43:47+01:00,25.8,6.43
2024-01-26T18:46:13+01:00,17.25,5.78
2024-01-26T18:48:39+01:00,17.77,5.25
2024-01-26T18:51:05+01:00,25.55,6.5
2024-01-26T18:53:31+01:00,16.65,5.75
2024-01-26T18:55:57+01:00,20.17,6.9
2024-01-26T18:58:23+01:00,22.92,7.75
2024-01-26T19:00:49+01:00,22.95,7.4
2024-01-26T19:03:15+01:00,22.67,9.32
2024-01-26T19:05:41+01:00,21.88,7.72
2024-01-26T19:08:08+01:00,22.17,7.8
2024-01-26T19:10:34+01:00,41.88,19.67
2024-01-26T19:13:01+01:00,23.02,7.43
2024-01-26T19:15:27+01:00,24.33,8.0
2024-01-26T19:17:53+01:00,20.17,7.8
2024-01-26T19:20:19+01:00,16.7,6.2
2024-01-26T19:22:45+01:00,16.13,6.13
2024-01-26T19:25:11+01:00,16.08,5.55
2024-01-26T19:27:38+01:00,20.23,6.0
2024-01-26T19:30:05+01:00,16.83,5.72
2024-01-26T19:32:31+01:00,14.45,4.63
2024-01-26T19:34:57+01:00,13.13,4.72
2024-01-26T19:37:23+01:00,12.18,4.85
2024-01-26T19:39:49+01:00,12.6,5.0
2024-01-26T19:42:15+01:00,15.4,5.95
2024-01-26T19:44:41+01:00,20.58,5.85
2024-01-26T19:47:08+01:00,16.05,6.0
2024-01-26T19:49:34+01:00,16.3,5.25
2024-01-26T19:52:04+01:00,14.5,5.0
2024-01-26T19:54:30+01:00,14.7,5.68
2024-01-26T19:56:56+01:00,13.2,4.85
2024-01-26T19:59:23+01:00,13.18,4.82
2024-01-26T20:01:49+01:00,13.0,4.22
2024-01-26T20:04:16+01:00,11.25,4.5
2024-01-26T20:06:42+01:00,15.05,4.47
2024-01-26T20:09:08+01:00,11.88,4.38
2024-01-26T20:11:38+01:00,14.63,4.8
2024-01-26T20:17:02+01:00,15.5,5.6
2024-01-26T20:19:28+01:00,18.83,5.75
2024-01-26T20:21:54+01:00,35.38,13.38
2024-01-26T20:24:20+01:00,31.15,14.63
2024-01-26T20:26:46+01:00,37.75,16.92
2024-01-26T20:29:12+01:00,30.8,15.6
2024-01-26T20:31:38+01:00,41.5,20.4
2024-01-26T20:34:04+01:00,57.05,24.85
2024-01-26T20:36:30+01:00,51.7,23.23
2024-01-26T20:38:56+01:00,46.47,22.1
2024-01-26T20:41:22+01:00,53.7,29.4
2024-01-26T20:43:49+01:00,43.42,24.27
2024-01-26T20:46:16+01:00,44.6,20.13
2024-01-26T20:48:43+01:00,34.67,17.48
2024-01-26T20:51:09+01:00,31.48,15.2
2024-01-26T20:53:36+01:00,24.45,11.68
2024-01-26T20:56:03+01:00,35.67,16.25
2024-01-26T20:58:32+01:00,35.58,15.13
2024-01-26T21:00:58+01:00,58.9,31.25
2024-01-26T21:03:25+01:00,57.53,22.35
2024-01-26T21:05:51+01:00,54.0,24.73
2024-01-26T21:08:17+01:00,49.03,26.92
2024-01-26T21:10:43+01:00,45.78,25.23
2024-01-26T21:13:09+01:00,60.6,33.35
2024-01-26T21:15:36+01:00,69.1,36.15
2024-01-26T21:18:02+01:00,61.22,33.35
2024-01-26T21:20:28+01:00,79.53,40.85
2024-01-26T21:22:54+01:00,113.47,60.05
2024-01-26T21:25:20+01:00,96.1,52.83
2024-01-26T21:27:46+01:00,79.05,44.67
2024-01-26T21:30:12+01:00,75.78,43.2
2024-01-26T21:32:42+01:00,70.3,38.35
2024-01-26T21:35:08+01:00,66.22,36.63
2024-01-26T21:37:34+01:00,64.25,33.97
2024-01-26T21:40:00+01:00,76.6,39.72
2024-01-26T21:42:29+01:00,61.0,33.63
2024-01-26T21:44:55+01:00,76.75,38.55
2024-01-26T21:47:22+01:00,67.03,35.4
2024-01-26T21:49:49+01:00,52.95,29.17
2024-01-26T21:52:15+01:00,72.4,35.95
2024-01-26T21:54:41+01:00,112.75,50.1
2024-01-26T21:57:07+01:00,94.68,45.8
2024-01-26T21:59:33+01:00,95.97,43.83
2024-01-26T22:01:59+01:00,91.35,42.25
2024-01-26T22:04:26+01:00,98.07,41.05
2024-01-26T22:06:52+01:00,94.05,44.75
2024-01-26T22:09:18+01:00,85.82,40.47
2024-01-26T22:11:44+01:00,88.68,46.3
2024-01-26T22:14:13+01:00,77.82,39.6
2024-01-26T22:16:40+01:00,64.3,32.6
2024-01-26T22:19:06+01:00,72.1,34.03
2024-01-26T22:21:32+01:00,73.7,33.3
2024-01-26T22:23:58+01:00,62.97,34.13
2024-01-26T22:26:29+01:00,90.13,41.28
2024-01-26T22:28:55+01:00,91.18,49.05
2024-01-26T22:31:21+01:00,79.18,41.03
2024-01-26T22:33:49+01:00,75.3,38.72
2024-01-26T22:36:15+01:00,75.03,41.33
2024-01-26T22:38:41+01:00,79.2,44.45
2024-01-26T22:41:07+01:00,86.05,45.8
2024-01-26T22:43:33+01:00,88.3,48.7
2024-01-26T22:45:59+01:00,101.25,52.08
2024-01-26T22:48:25+01:00,77.1,44.7
2024-01-26T22:50:52+01:00,91.9,42.55
2024-01-26T22:53:18+01:00,85.65,44.8
2024-01-26T22:55:45+01:00,67.4,37.15
2024-01-26T22:58:11+01:00,67.63,38.35
2024-01-26T23:00:37+01:00,64.93,35.47
2024-01-26T23:03:04+01:00,58.5,29.85
2024-01-26T23:05:30+01:00,49.78,27.6
2024-01-26T23:07:58+01:00,45.72,25.05
2024-01-26T23:10:24+01:00,47.25,23.23
2024-01-26T23:12:50+01:00,49.53,23.63
2024-01-26T23:15:17+01:00,50.78,25.1
2024-01-26T23:17:43+01:00,58.5,26.88
2024-01-26T23:20:09+01:00,73.05,35.47
2024-01-26T23:22:35+01:00,77.85,38.08
2024-01-26T23:25:01+01:00,72.13,32.42
2024-01-26T23:27:27+01:00,79.68,34.55
2024-01-26T23:29:53+01:00,73.45,34.58
2024-01-26T23:32:20+01:00,72.28,32.2
2024-01-26T23:34:47+01:00,64.07,31.0
2024-01-26T23:37:14+01:00,69.18,31.6
2024-01-26T23:39:40+01:00,64.1,30.1
2024-01-26T23:42:07+01:00,61.33,29.5
2024-01-26T23:44:33+01:00,62.2,28.98
2024-01-26T23:46:59+01:00,51.5,24.75
2024-01-26T23:49:27+01:00,60.47,30.83
2024-01-26T23:51:53+01:00,113.8,52.88
2024-01-26T23:54:19+01:00,105.22,54.05
2024-01-26T23:56:45+01:00,58.5,34.83
2024-01-26T23:59:11+01:00,74.78,36.9
2024-01-27T00:01:38+01:00,54.05,29.63
2024-01-27T00:04:04+01:00,42.13,23.15
2024-01-27T00:06:30+01:00,82.03,40.13
2024-01-27T00:08:56+01:00,68.03,39.6
2024-01-27T00:11:23+01:00,71.3,37.67
2024-01-27T00:13:51+01:00,57.97,32.8
2024-01-27T00:16:17+01:00,59.78,34.05
2024-01-27T00:18:45+01:00,57.0,31.75
2024-01-27T00:21:11+01:00,63.05,29.58
2024-01-27T00:23:37+01:00,58.38,32.42
2024-01-27T00:26:03+01:00,64.2,35.4
2024-01-27T00:28:29+01:00,67.63,40.03
2024-01-27T00:30:55+01:00,63.78,33.67
2024-01-27T00:33:21+01:00,43.97,23.23
2024-01-27T00:35:48+01:00,37.33,20.63
2024-01-27T00:38:14+01:00,36.65,20.05
2024-01-27T00:40:40+01:00,25.35,10.93
2024-01-27T00:43:06+01:00,22.15,9.9
2024-01-27T00:45:32+01:00,32.17,17.13
2024-01-27T00:47:58+01:00,34.28,18.67
2024-01-27T00:50:24+01:00,42.08,19.2
2024-01-27T00:52:50+01:00,31.63,17.5
2024-01-27T00:55:16+01:00,34.15,15.7
2024-01-27T00:57:42+01:00,29.3,16.15
2024-01-27T01:00:09+01:00,41.8,18.1
2024-01-27T01:02:35+01:00,33.67,18.9
2024-01-27T01:05:02+01:00,38.97,23.0
2024-01-27T01:07:28+01:00,36.38,21.4
2024-01-27T01:09:54+01:00,36.9,19.45
2024-01-27T01:12:21+01:00,45.6,25.17
2024-01-27T01:14:47+01:00,80.18,42.8
2024-01-27T01:17:13+01:00,105.65,54.58
2024-01-27T01:19:39+01:00,58.33,31.55
2024-01-27T01:22:06+01:00,49.9,25.7
2024-01-27T01:24:32+01:00,47.33,26.17
2024-01-27T01:26:58+01:00,45.5,26.05
2024-01-27T01:29:24+01:00,62.45,32.58
2024-01-27T01:31:50+01:00,50.08,28.3
2024-01-27T01:34:16+01:00,45.38,23.63
2024-01-27T01:36:43+01:00,47.63,25.38
2024-01-27T01:39:14+01:00,48.13,26.13
2024-01-27T01:41:40+01:00,55.4,27.77
2024-01-27T01:44:06+01:00,44.35,24.5
2024-01-27T01:46:32+01:00,39.2,22.17
2024-01-27T01:48:58+01:00,38.78,22.42
2024-01-27T01:51:24+01:00,51.13,26.55
2024-01-27T01:53:50+01:00,50.33,26.17
2024-01-27T01:56:16+01:00,42.5,23.67
2024-01-27T01:58:42+01:00,49.1,27.3
2024-01-27T02:01:08+01:00,43.22,24.42
2024-01-27T02:03:34+01:00,32.78,19.83
2024-01-27T02:06:01+01:00,33.55,19.42
2024-01-27T02:08:28+01:00,32.1,17.48
2024-01-27T02:10:54+01:00,31.58,16.42
2024-01-27T02:13:20+01:00,27.48,15.48
2024-01-27T02:15:46+01:00,35.03,18.95
2024-01-27T02:18:12+01:00,36.15,19.9
2024-01-27T02:20:38+01:00,31.98,17.33
2024-01-27T02:23:04+01:00,27.02,15.02
2024-01-27T02:25:30+01:00,30.2,15.85
2024-01-27T02:27:56+01:00,34.9,18.33
2024-01-27T02:30:22+01:00,71.9,34.4
2024-01-27T02:32:48+01:00,52.95,27.75
2024-01-27T02:35:15+01:00,48.97,28.85
2024-01-27T02:37:41+01:00,56.33,28.08
2024-01-27T02:40:07+01:00,74.25,39.67
2024-01-27T02:42:34+01:00,65.55,35.38
2024-01-27T02:45:00+01:00,62.42,36.75
2024-01-27T02:47:26+01:00,65.8,37.72
2024-01-27T02:49:52+01:00,82.18,45.13
2024-01-27T02:52:19+01:00,76.32,43.47
2024-01-27T02:54:49+01:00,83.22,44.67
2024-01-27T02:57:18+01:00,76.78,42.83
2024-01-27T02:59:44+01:00,74.78,42.6
2024-01-27T03:02:11+01:00,80.07,44.08
2024-01-27T03:04:44+01:00,83.05,44.42
2024-01-27T03:07:14+01:00,72.53,36.63
2024-01-27T03:09:40+01:00,65.82,35.42
2024-01-27T03:12:06+01:00,59.55,33.95
2024-01-27T03:14:32+01:00,49.2,27.77
2024-01-27T03:16:58+01:00,46.47,25.65
2024-01-27T03:19:24+01:00,43.78,24.5
2024-01-27T03:21:51+01:00,45.38,25.55
2024-01-27T03:24:17+01:00,54.2,28.58
2024-01-27T03:26:43+01:00,48.2,31.15
2024-01-27T03:29:09+01:00,49.85,29.48
2024-01-27T03:31:35+01:00,54.33,29.02
2024-01-27T03:34:01+01:00,47.65,28.77
2024-01-27T03:36:27+01:00,48.08,27.98
2024-01-27T03:38:53+01:00,50.83,29.7
2024-01-27T03:41:19+01:00,44.22,28.1
2024-01-27T03:43:45+01:00,49.08,28.33
2024-01-27T03:46:12+01:00,47.63,28.42
2024-01-27T03:48:41+01:00,48.35,29.17
2024-01-27T03:51:08+01:00,49.67,28.9
2024-01-27T03:53:34+01:00,52.5,30.35
2024-01-27T03:56:01+01:00,49.22,28.17
2024-01-27T03:58:27+01:00,48.9,30.17
2024-01-27T04:00:53+01:00,53.03,30.45
2024-01-27T04:03:19+01:00,49.75,29.38
2024-01-27T04:05:45+01:00,50.08,28.3
2024-01-27T04:08:11+01:00,46.63,28.77
2024-01-27T04:10:37+01:00,53.08,31.13
2024-01-27T04:13:03+01:00,47.1,28.85
2024-01-27T04:15:29+01:00,52.9,29.4
2024-01-27T04:17:55+01:00,43.25,27.55
2024-01-27T04:20:22+01:00,37.38,24.25
2024-01-27T04:22:48+01:00,39.13,23.73
2024-01-27T04:25:14+01:00,40.65,25.85
2024-01-27T04:27:40+01:00,30.65,18.77
2024-01-27T04:30:07+01:00,32.53,18.38
2024-01-27T04:32:34+01:00,38.05,20.67
2024-01-27T04:35:00+01:00,37.33,21.38
2024-01-27T04:37:26+01:00,35.47,19.55
2024-01-27T04:39:53+01:00,44.0,23.3
2024-01-27T04:42:19+01:00,41.92,24.0
2024-01-27T04:44:46+01:00,40.2,24.23
2024-01-27T04:47:12+01:00,42.63,24.9
2024-01-27T04:49:38+01:00,40.85,23.3
2024-01-27T04:52:05+01:00,38.08,21.08
2024-01-27T04:54:31+01:00,40.28,22.08
2024-01-27T04:56:57+01:00,40.42,22.9
2024-01-27T04:59:23+01:00,44.7,28.27
2024-01-27T05:01:49+01:00,45.8,23.92
2024-01-27T05:04:15+01:00,40.6,22.52
2024-01-27T05:06:41+01:00,41.67,24.7
2024-01-27T05:09:07+01:00,38.4,22.73
2024-01-27T05:11:34+01:00,35.58,22.8
2024-01-27T05:14:01+01:00,39.67,23.85
2024-01-27T05:16:27+01:00,35.25,22.08
2024-01-27T05:18:53+01:00,39.9,23.7
2024-01-27T05:21:19+01:00,44.0,25.8
2024-01-27T05:23:46+01:00,47.83,28.98
2024-01-27T05:26:12+01:00,40.78,25.65
2024-01-27T05:28:38+01:00,38.55,25.08
2024-01-27T05:31:04+01:00,38.88,23.5
2024-01-27T05:33:31+01:00,37.4,22.63
2024-01-27T05:35:57+01:00,35.05,22.92
2024-01-27T05:38:23+01:00,39.17,23.75
2024-01-27T05:40:49+01:00,36.53,22.65
2024-01-27T05:43:15+01:00,43.67,23.45
2024-01-27T05:45:42+01:00,41.17,24.02
2024-01-27T05:48:08+01:00,50.67,27.2
2024-01-27T05:50:34+01:00,64.55,38.0
2024-01-27T05:53:00+01:00,50.55,32.0
2024-01-27T05:55:26+01:00,52.0,31.55
2024-01-27T05:57:52+01:00,46.8,27.08
2024-01-27T06:00:19+01:00,44.95,28.42
2024-01-27T06:02:45+01:00,44.7,26.1
2024-01-27T06:05:12+01:00,43.17,26.48
2024-01-27T06:07:38+01:00,45.67,28.02
2024-01-27T06:10:05+01:00,53.33,31.13
2024-01-27T06:12:31+01:00,52.7,32.1
2024-01-27T06:14:57+01:00,65.95,37.5
2024-01-27T06:17:23+01:00,49.0,30.9
2024-01-27T06:19:49+01:00,48.42,30.1
2024-01-27T06:22:16+01:00,49.15,29.13
2024-01-27T06:24:42+01:00,51.13,29.6
2024-01-27T06:27:08+01:00,45.63,27.65
2024-01-27T06:29:36+01:00,40.67,25.7
2024-01-27T06:32:03+01:00,45.88,26.17
2024-01-27T06:34:29+01:00,50.9,27.6
2024-01-27T06:36:55+01:00,41.22,27.52
2024-01-27T06:39:21+01:00,38.0,23.3
2024-01-27T06:41:47+01:00,39.38,25.73
2024-01-27T06:44:13+01:00,34.53,23.6
2024-01-27T06:46:39+01:00,42.45,25.2
2024-01-27T06:49:05+01:00,41.03,26.15
2024-01-27T06:51:31+01:00,41.0,27.0
2024-01-27T06:53:58+01:00,47.85,30.15
2024-01-27T06:56:24+01:00,53.35,30.2
2024-01-27T06:58:51+01:00,47.53,30.02
2024-01-27T07:01:17+01:00,49.67,27.52
2024-01-27T07:03:44+01:00,49.38,29.77
2024-01-27T07:06:10+01:00,41.92,26.75
2024-01-27T07:08:36+01:00,51.17,29.38
2024-01-27T07:11:02+01:00,49.53,30.9
2024-01-27T07:13:28+01:00,43.15,28.73
2024-01-27T07:15:55+01:00,44.63,29.1
2024-01-27T07:18:21+01:00,49.25,30.77
2024-01-27T07:20:48+01:00,51.3,30.75
2024-01-27T07:23:14+01:00,48.22,32.5
2024-01-27T07:25:40+01:00,62.3,36.95
2024-01-27T07:28:06+01:00,60.72,38.35
2024-01-27T07:30:32+01:00,54.8,34.28
2024-01-27T07:32:58+01:00,55.88,37.3
2024-01-27T07:35:24+01:00,59.45,37.0
2024-01-27T07:37:50+01:00,61.58,39.08
2024-01-27T07:40:16+01:00,54.88,35.1
2024-01-27T07:42:42+01:00,44.9,28.9
2024-01-27T07:45:08+01:00,43.53,26.13
2024-01-27T07:47:35+01:00,42.83,27.35
2024-01-27T07:50:01+01:00,45.78,28.98
2024-01-27T07:52:27+01:00,45.75,28.65
2024-01-27T07:54:53+01:00,50.55,28.17
2024-01-27T07:57:19+01:00,48.0,27.83
2024-01-27T07:59:49+01:00,46.75,28.0
2024-01-27T08:02:23+01:00,46.0,29.98
2024-01-27T08:04:51+01:00,55.3,32.97
2024-01-27T08:07:17+01:00,51.67,32.0
2024-01-27T08:09:43+01:00,41.63,26.38
2024-01-27T08:12:09+01:00,32.05,18.83
2024-01-27T08:14:36+01:00,33.8,17.6
2024-01-27T08:17:03+01:00,39.15,23.7
2024-01-27T08:19:29+01:00,43.05,26.27
2024-01-27T08:21:55+01:00,40.08,26.13
2024-01-27T08:24:21+01:00,58.33,33.88
2024-01-27T08:26:48+01:00,69.57,45.65
2024-01-27T08:29:14+01:00,67.35,40.72
2024-01-27T08:31:40+01:00,63.15,41.28
2024-01-27T08:34:06+01:00,61.03,38.92
2024-01-27T08:36:32+01:00,67.8,42.6
2024-01-27T08:38:58+01:00,57.95,38.35
2024-01-27T08:41:25+01:00,55.88,36.72
2024-01-27T08:43:51+01:00,57.92,36.28
2024-01-27T08:46:17+01:00,68.63,40.4
2024-01-27T08:48:47+01:00,60.5,38.47
2024-01-27T08:51:13+01:00,71.6,46.7
2024-01-27T08:53:39+01:00,58.63,36.5
2024-01-27T08:56:05+01:00,37.55,24.38
2024-01-27T08:58:31+01:00,44.97,24.65
2024-01-27T09:00:57+01:00,38.17,23.8
2024-01-27T09:03:23+01:00,40.22,23.52
2024-01-27T09:05:49+01:00,43.13,25.63
2024-01-27T09:08:16+01:00,43.5,26.7
2024-01-27T09:10:42+01:00,38.6,26.95
2024-01-27T09:13:08+01:00,42.6,27.85
2024-01-27T09:15:34+01:00,39.1,25.98
2024-01-27T09:18:00+01:00,40.72,26.13
2024-01-27T09:20:26+01:00,41.13,25.1
2024-01-27T09:22:52+01:00,29.45,16.92
2024-01-27T09:25:18+01:00,39.03,23.55
2024-01-27T09:27:44+01:00,36.05,22.6
2024-01-27T09:30:10+01:00,40.6,21.75
2024-01-27T09:32:36+01:00,35.75,20.73
2024-01-27T09:35:02+01:00,86.45,52.0
2024-01-27T09:37:28+01:00,43.95,27.08
2024-01-27T09:39:56+01:00,52.8,34.55
2024-01-27T09:42:22+01:00,45.83,28.95
2024-01-27T09:44:48+01:00,35.75,19.3
2024-01-27T09:47:14+01:00,46.45,25.83
2024-01-27T09:49:40+01:00,34.55,19.77
2024-01-27T09:52:06+01:00,40.53,21.8
2024-01-27T09:54:33+01:00,26.7,14.48
2024-01-27T09:56:59+01:00,18.17,9.3
2024-01-27T09:59:25+01:00,29.48,11.82
2024-01-27T10:01:51+01:00,15.23,8.38
2024-01-27T10:04:17+01:00,10.93,4.7
2024-01-27T10:06:43+01:00,12.5,3.67
2024-01-27T10:09:09+01:00,11.38,3.53
2024-01-27T10:11:37+01:00,9.8,3.3
2024-01-27T10:14:03+01:00,8.27,3.8
2024-01-27T10:16:32+01:00,8.02,3.17
2024-01-27T10:18:58+01:00,6.9,2.38
2024-01-27T10:21:25+01:00,7.03,3.2
2024-01-27T10:23:54+01:00,12.35,7.38
2024-01-27T10:26:20+01:00,8.38,2.6
2024-01-27T10:28:48+01:00,3.47,1.7
2024-01-27T10:31:22+01:00,5.93,2.1
2024-01-27T10:33:51+01:00,15.25,7.97
2024-01-27T10:36:18+01:00,3.58,1.55
2024-01-27T10:38:44+01:00,3.35,1.3
2024-01-27T10:41:13+01:00,2.9,1.4
2024-01-27T10:43:41+01:00,5.25,1.6
2024-01-27T10:46:09+01:00,4.25,1.52
2024-01-27T10:48:36+01:00,5.25,1.88
2024-01-27T10:51:02+01:00,4.95,1.75
2024-01-27T10:53:29+01:00,5.47,1.67
2024-01-27T10:55:58+01:00,4.1,1.67
2024-01-27T10:58:24+01:00,5.88,2.03
2024-01-27T11:00:51+01:00,6.03,2.2
2024-01-27T11:03:18+01:00,3.83,1.9
2024-01-27T11:05:45+01:00,9.8,2.0
2024-01-27T11:08:11+01:00,7.45,2.0
2024-01-27T11:10:37+01:00,3.25,1.45
2024-01-27T11:13:04+01:00,4.57,1.92
2024-01-27T11:15:31+01:00,5.13,1.83
2024-01-27T11:18:06+01:00,7.43,1.7
2024-01-27T11:20:33+01:00,4.18,1.67
2024-01-27T11:22:59+01:00,4.63,1.7
2024-01-27T11:25:25+01:00,3.28,1.8
2024-01-27T11:27:55+01:00,6.1,2.28
2024-01-27T11:30:22+01:00,6.03,2.03
2024-01-27T11:32:54+01:00,3.88,1.7
2024-01-27T11:35:22+01:00,6.38,2.05
2024-01-27T11:37:51+01:00,7.5,2.25
2024-01-27T11:40:18+01:00,5.43,2.05
2024-01-27T11:42:44+01:00,4.25,2.1
2024-01-27T11:45:11+01:00,9.82,2.38
2024-01-27T11:47:38+01:00,4.13,2.15
2024-01-27T11:50:05+01:00,8.35,2.15
2024-01-27T11:52:32+01:00,6.2,2.25
2024-01-27T11:55:03+01:00,6.25,2.4
2024-01-27T11:57:32+01:00,5.82,2.0
2024-01-27T11:59:59+01:00,4.32,1.92
2024-01-27T12:02:31+01:00,4.75,3.05
2024-01-27T12:04:57+01:00,3.97,2.0
2024-01-27T12:07:24+01:00,4.15,1.7
2024-01-27T12:09:51+01:00,18.5,2.3
2024-01-27T12:12:18+01:00,4.93,2.0
2024-01-27T12:14:44+01:00,4.57,1.98
2024-01-27T12:17:11+01:00,5.8,2.03
2024-01-27T12:19:39+01:00,5.38,1.9
2024-01-27T12:22:05+01:00,8.0,2.2
2024-01-27T12:24:32+01:00,8.18,2.35
2024-01-27T12:29:27+01:00,7.68,2.5
2024-01-27T12:31:55+01:00,11.02,2.67
2024-01-27T12:34:21+01:00,6.3,1.6
2024-01-27T12:36:47+01:00,4.45,2.0
2024-01-27T12:39:27+01:00,3.28,1.67
2024-01-27T12:42:04+01:00,4.68,1.9
2024-01-27T12:44:30+01:00,6.95,2.38
2024-01-27T12:46:56+01:00,5.57,2.0
2024-01-27T12:49:22+01:00,4.63,1.9
2024-01-27T12:51:49+01:00,8.23,2.0
2024-01-27T12:54:15+01:00,5.68,2.2
2024-01-27T12:56:41+01:00,4.18,1.7
2024-01-27T12:59:07+01:00,4.45,1.85
2024-01-27T13:01:33+01:00,4.57,1.9
2024-01-27T13:03:59+01:00,5.35,1.95
2024-01-27T13:06:25+01:00,6.28,3.2
2024-01-27T13:08:58+01:00,6.93,3.65
2024-01-27T13:11:24+01:00,5.1,1.92
2024-01-27T13:13:51+01:00,6.65,3.0
2024-01-27T13:16:17+01:00,8.07,2.4
2024-01-27T13:18:46+01:00,3.63,1.98
2024-01-27T13:21:12+01:00,9.93,2.6
2024-01-27T13:23:51+01:00,4.88,1.9
2024-01-27T13:26:17+01:00,4.6,1.5
2024-01-27T13:28:45+01:00,3.05,1.8
2024-01-27T13:31:12+01:00,2.9,1.6
2024-01-27T13:33:39+01:00,4.15,1.6
2024-01-27T13:36:07+01:00,3.33,1.7
2024-01-27T13:38:35+01:00,4.22,1.58
2024-01-27T13:41:01+01:00,3.7,2.03
2024-01-27T13:43:27+01:00,7.4,4.05
2024-01-27T13:45:53+01:00,3.42,1.52
2024-01-27T13:48:19+01:00,4.18,1.7
2024-01-27T13:50:46+01:00,5.03,2.17
2024-01-27T13:53:12+01:00,3.45,2.17
2024-01-27T13:55:38+01:00,6.5,2.03
2024-01-27T13:58:04+01:00,4.03,1.6
2024-01-27T14:00:33+01:00,5.25,1.7
2024-01-27T14:03:00+01:00,5.82,2.63
2024-01-27T14:05:26+01:00,6.03,2.5
2024-01-27T14:07:54+01:00,4.18,2.22
2024-01-27T14:10:20+01:00,5.28,1.92
2024-01-27T14:12:47+01:00,7.47,2.1
2024-01-27T14:15:13+01:00,5.28,1.77
2024-01-27T14:17:39+01:00,3.58,1.7
2024-01-27T14:20:06+01:00,4.13,1.5
2024-01-27T14:22:32+01:00,3.8,1.65
2024-01-27T14:24:58+01:00,4.3,1.67
2024-01-27T14:27:26+01:00,7.32,1.9
2024-01-27T14:29:52+01:00,5.8,1.6
2024-01-27T14:32:18+01:00,5.0,1.8
2024-01-27T14:34:44+01:00,3.92,1.98
2024-01-27T14:37:11+01:00,3.85,1.5
2024-01-27T14:39:37+01:00,4.68,2.1
2024-01-27T14:42:03+01:00,3.8,1.6
2024-01-27T14:44:30+01:00,3.75,1.85
2024-01-27T14:47:00+01:00,4.05,1.92
2024-01-27T14:49:26+01:00,3.75,1.85
2024-01-27T14:51:52+01:00,4.32,1.85
2024-01-27T14:54:18+01:00,4.38,1.73
2024-01-27T14:56:44+01:00,5.03,1.88
2024-01-27T14:59:10+01:00,4.95,1.83
2024-01-27T15:01:37+01:00,5.47,1.83
2024-01-27T15:04:03+01:00,5.45,2.3
2024-01-27T15:06:29+01:00,5.63,1.65
2024-01-27T15:08:55+01:00,5.38,2.72
2024-01-27T15:11:21+01:00,11.48,5.47
2024-01-27T15:13:47+01:00,41.95,17.73
2024-01-27T15:16:13+01:00,5.15,2.2
2024-01-27T15:18:39+01:00,5.07,2.13
2024-01-27T15:21:07+01:00,9.45,2.58
2024-01-27T15:23:33+01:00,8.32,2.53
2024-01-27T15:25:59+01:00,8.48,2.42
2024-01-27T15:28:25+01:00,6.68,2.05
2024-01-27T15:30:51+01:00,9.23,1.92
2024-01-27T15:33:17+01:00,6.18,2.2
2024-01-27T15:35:46+01:00,7.7,2.33
2024-01-27T15:38:13+01:00,7.2,2.35
2024-01-27T15:40:39+01:00,6.35,2.4
2024-01-27T15:43:05+01:00,5.05,2.53
2024-01-27T15:45:35+01:00,6.43,2.35
2024-01-27T15:48:01+01:00,9.38,2.6
2024-01-27T15:50:28+01:00,8.48,2.65
2024-01-27T15:52:55+01:00,6.22,2.5
2024-01-27T15:55:21+01:00,8.02,2.78
2024-01-27T15:57:47+01:00,8.1,2.65
2024-01-27T16:00:13+01:00,8.3,2.2
2024-01-27T16:02:40+01:00,6.65,2.7
2024-01-27T16:05:09+01:00,5.57,2.0
2024-01-27T16:07:35+01:00,9.4,2.33
2024-01-27T16:10:01+01:00,8.45,2.67
2024-01-27T16:12:27+01:00,7.95,3.67
2024-01-27T16:14:53+01:00,10.82,3.2
2024-01-27T16:17:19+01:00,7.75,2.9
2024-01-27T16:19:45+01:00,6.13,2.58
2024-01-27T16:22:11+01:00,9.25,2.6
2024-01-27T16:24:37+01:00,8.35,3.3
2024-01-27T16:27:04+01:00,5.38,2.35
2024-01-27T16:29:30+01:00,8.32,2.15
2024-01-27T16:31:57+01:00,8.27,2.4
2024-01-27T16:34:23+01:00,13.0,2.5
2024-01-27T16:36:49+01:00,8.1,2.3
2024-01-27T16:39:15+01:00,6.47,2.4
2024-01-27T16:41:41+01:00,8.18,2.85
2024-01-27T16:44:07+01:00,6.85,2.85
2024-01-27T16:46:33+01:00,9.48,2.92
2024-01-27T16:48:59+01:00,13.5,3.28
2024-01-27T16:51:25+01:00,13.0,3.3
2024-01-27T16:53:51+01:00,10.98,3.28
2024-01-27T16:56:17+01:00,16.6,6.53
2024-01-27T16:58:44+01:00,19.7,6.03
2024-01-27T17:01:10+01:00,9.35,3.53
2024-01-27T17:03:36+01:00,53.13,26.7
2024-01-27T17:06:02+01:00,145.35,71.1
2024-01-27T17:08:30+01:00,27.13,12.38
2024-01-27T17:10:56+01:00,41.9,18.77
2024-01-27T17:13:22+01:00,67.43,30.85
2024-01-27T17:15:48+01:00,107.4,46.6
2024-01-27T17:18:14+01:00,216.35,107.6
2024-01-27T17:20:41+01:00,141.75,71.45
2024-01-27T17:23:07+01:00,49.92,26.02
2024-01-27T17:25:33+01:00,23.1,8.25
2024-01-27T17:27:59+01:00,24.35,11.85
2024-01-27T17:30:26+01:00,28.0,15.4
2024-01-27T17:32:52+01:00,16.2,6.07
2024-01-27T17:35:18+01:00,13.8,7.05
2024-01-27T17:37:44+01:00,17.73,6.38
2024-01-27T17:40:11+01:00,24.2,8.23
2024-01-27T17:42:37+01:00,23.67,5.0
2024-01-27T17:45:03+01:00,19.25,6.6
2024-01-27T17:47:31+01:00,12.02,3.83
2024-01-27T17:49:57+01:00,20.17,5.1
2024-01-27T17:52:23+01:00,19.3,5.85
2024-01-27T17:54:49+01:00,16.0,5.63
2024-01-27T17:57:16+01:00,19.23,9.23
2024-01-27T17:59:42+01:00,27.3,14.38
2024-01-27T18:02:09+01:00,16.9,7.93
2024-01-27T18:04:35+01:00,27.13,10.63
2024-01-27T18:07:01+01:00,26.4,13.7
2024-01-27T18:09:28+01:00,28.42,12.43
2024-01-27T18:11:54+01:00,24.52,12.82
2024-01-27T18:14:20+01:00,28.08,13.05
2024-01-27T18:16:46+01:00,36.67,16.83
2024-01-27T18:19:13+01:00,36.25,20.95
2024-01-27T18:21:40+01:00,45.55,23.05
2024-01-27T18:24:06+01:00,45.25,21.13
2024-01-27T18:26:32+01:00,45.58,20.02
2024-01-27T18:28:58+01:00,58.28,30.3
2024-01-27T18:31:24+01:00,20.38,8.27
2024-01-27T18:33:50+01:00,16.3,8.2
2024-01-27T18:36:16+01:00,16.13,9.15
2024-01-27T18:38:44+01:00,16.13,8.23
2024-01-27T18:41:10+01:00,9.85,4.72
2024-01-27T18:43:36+01:00,16.45,7.55
2024-01-27T18:46:03+01:00,58.03,27.92
2024-01-27T18:48:29+01:00,20.33,5.15
2024-01-27T18:50:55+01:00,10.7,4.65
2024-01-27T18:53:21+01:00,12.15,5.05
2024-01-27T18:55:48+01:00,33.08,23.13
2024-01-27T18:58:14+01:00,31.08,17.75
2024-01-27T19:00:40+01:00,18.67,9.4
2024-01-27T19:03:06+01:00,24.1,13.75
2024-01-27T19:05:32+01:00,12.0,7.1
2024-01-27T19:07:58+01:00,13.23,6.03
2024-01-27T19:10:24+01:00,13.35,5.7
2024-01-27T19:12:51+01:00,16.45,6.55
2024-01-27T19:15:17+01:00,13.38,5.57
2024-01-27T19:17:43+01:00,12.6,5.88
2024-01-27T19:20:09+01:00,12.9,7.18
2024-01-27T19:22:35+01:00,25.98,11.55
2024-01-27T19:25:01+01:00,18.3,10.52
2024-01-27T19:27:30+01:00,18.1,9.95
2024-01-27T19:29:56+01:00,16.88,8.35
2024-01-27T19:32:23+01:00,23.52,10.4
2024-01-27T19:34:49+01:00,13.13,7.22
2024-01-27T19:37:15+01:00,23.55,10.7
2024-01-27T19:39:41+01:00,27.4,12.98
2024-01-27T19:42:07+01:00,19.17,10.82
2024-01-27T19:44:33+01:00,17.6,9.25
2024-01-27T19:47:02+01:00,12.32,5.72
2024-01-27T19:49:28+01:00,12.57,5.72
2024-01-27T19:51:54+01:00,40.0,21.23
2024-01-27T19:54:20+01:00,34.53,19.63
2024-01-27T19:56:47+01:00,31.05,16.4
2024-01-27T19:59:13+01:00,22.73,13.05
2024-01-27T20:01:41+01:00,37.72,19.88
2024-01-27T20:04:07+01:00,59.8,30.45
2024-01-27T20:06:34+01:00,36.85,20.88
2024-01-27T20:09:01+01:00,31.02,16.98
2024-01-27T20:11:28+01:00,29.3,14.35
2024-01-27T20:13:54+01:00,19.1,9.8
2024-01-27T20:16:20+01:00,19.3,11.13
2024-01-27T20:18:46+01:00,32.15,15.5
2024-01-27T20:21:12+01:00,33.53,17.48
2024-01-27T20:23:38+01:00,32.4,14.02
2024-01-27T20:26:05+01:00,18.38,10.02
2024-01-27T20:28:31+01:00,28.0,16.55
2024-01-27T20:30:57+01:00,28.83,14.43
2024-01-27T20:33:23+01:00,30.55,15.27
2024-01-27T20:35:49+01:00,28.7,18.2
2024-01-27T20:38:15+01:00,19.0,10.98
2024-01-27T20:40:41+01:00,14.75,8.13
2024-01-27T20:43:07+01:00,24.5,10.63
2024-01-27T20:45:33+01:00,25.1,12.18
2024-01-27T20:47:59+01:00,25.7,10.38
2024-01-27T20:50:25+01:00,12.8,7.18
2024-01-27T20:52:51+01:00,12.2,6.88
2024-01-27T20:55:19+01:00,15.95,8.52
2024-01-27T20:57:46+01:00,17.8,10.55
2024-01-27T21:00:12+01:00,23.58,12.93
2024-01-27T21:02:39+01:00,18.5,10.73
2024-01-27T21:05:05+01:00,22.88,13.15
2024-01-27T21:07:32+01:00,25.15,13.93
2024-01-27T21:09:58+01:00,22.5,13.52
2024-01-27T21:12:26+01:00,26.15,11.93
2024-01-27T21:14:52+01:00,19.65,11.77
2024-01-27T21:17:18+01:00,17.85,10.35
2024-01-27T21:19:44+01:00,17.38,9.85
2024-01-27T21:22:12+01:00,14.13,7.95
2024-01-27T21:24:38+01:00,12.85,6.93
2024-01-27T21:27:05+01:00,13.23,6.15
2024-01-27T21:29:31+01:00,10.0,5.82
2024-01-27T21:31:57+01:00,11.32,5.72
2024-01-27T21:34:24+01:00,10.7,5.43
2024-01-27T21:36:50+01:00,8.77,5.35
2024-01-27T21:39:17+01:00,13.23,4.97
2024-01-27T21:41:43+01:00,12.8,5.75
2024-01-27T21:44:09+01:00,24.08,5.3
2024-01-27T21:46:35+01:00,8.7,4.35
2024-01-27T21:49:02+01:00,10.88,5.25
2024-01-27T21:51:29+01:00,15.88,5.63
2024-01-27T21:53:55+01:00,31.17,12.25
2024-01-27T21:56:21+01:00,6.2,3.38
2024-01-27T21:58:47+01:00,11.5,6.25
2024-01-27T22:01:13+01:00,6.32,3.3
2024-01-27T22:03:41+01:00,14.55,3.17
2024-01-27T22:06:07+01:00,7.1,3.3
2024-01-27T22:08:33+01:00,8.23,3.22
2024-01-27T22:10:59+01:00,6.63,2.9
2024-01-27T22:13:28+01:00,18.08,3.72
2024-01-27T22:15:55+01:00,5.55,3.25
2024-01-27T22:18:21+01:00,6.5,3.35
2024-01-27T22:20:50+01:00,6.35,3.1
2024-01-27T22:23:17+01:00,6.8,3.1
2024-01-27T22:25:43+01:00,5.97,3.17
2024-01-27T22:28:09+01:00,8.4,4.43
2024-01-27T22:30:35+01:00,7.18,2.78
2024-01-27T22:33:01+01:00,11.6,3.92
2024-01-27T22:35:27+01:00,18.05,5.35
2024-01-27T22:37:56+01:00,5.97,3.25
2024-01-27T22:40:22+01:00,6.72,3.5
2024-01-27T22:42:48+01:00,7.18,3.88
2024-01-27T22:45:14+01:00,7.8,3.97
2024-01-27T22:47:40+01:00,9.23,4.1
2024-01-27T22:50:06+01:00,7.43,4.2
2024-01-27T22:52:32+01:00,8.63,5.6
2024-01-27T22:54:59+01:00,9.1,4.6
2024-01-27T22:57:26+01:00,19.88,9.6
2024-01-27T22:59:52+01:00,18.45,11.32
2024-01-27T23:02:18+01:00,28.98,15.02
2024-01-27T23:04:44+01:00,14.4,8.07
2024-01-27T23:07:11+01:00,12.07,6.65
2024-01-27T23:09:37+01:00,11.52,6.6
2024-01-27T23:12:03+01:00,17.38,8.15
2024-01-27T23:14:30+01:00,18.48,7.85
2024-01-27T23:16:56+01:00,18.7,8.3
2024-01-27T23:19:22+01:00,32.42,10.55
2024-01-27T23:21:48+01:00,15.8,10.2
2024-01-27T23:24:21+01:00,12.13,5.68
2024-01-27T23:26:47+01:00,23.42,10.85
2024-01-27T23:29:14+01:00,17.05,9.13
2024-01-27T23:31:40+01:00,21.95,12.52
2024-01-27T23:34:06+01:00,12.05,6.38
2024-01-27T23:36:32+01:00,16.92,9.82
2024-01-27T23:38:59+01:00,22.8,12.95
2024-01-27T23:41:25+01:00,24.88,15.43
2024-01-27T23:43:51+01:00,34.08,20.05
2024-01-27T23:46:20+01:00,43.25,25.48
2024-01-27T23:48:47+01:00,27.4,14.98
2024-01-27T23:51:14+01:00,61.2,26.4
2024-01-27T23:53:40+01:00,31.05,16.88
2024-01-27T23:56:06+01:00,38.45,21.23
2024-01-27T23:58:32+01:00,367.9,150.25
2024-01-28T00:00:58+01:00,131.6,60.7
2024-01-28T00:03:25+01:00,111.8,54.92
2024-01-28T00:05:51+01:00,116.32,65.3
2024-01-28T00:08:18+01:00,72.9,45.08
2024-01-28T00:10:44+01:00,88.85,52.45
2024-01-28T00:13:12+01:00,79.2,49.65
2024-01-28T00:15:40+01:00,62.72,37.45
2024-01-28T00:18:09+01:00,80.07,49.65
2024-01-28T00:20:35+01:00,110.6,43.05
2024-01-28T00:23:02+01:00,7.53,4.1
2024-01-28T00:25:28+01:00,8.4,3.65
2024-01-28T00:27:54+01:00,10.1,4.82
2024-01-28T00:30:20+01:00,19.73,7.45
2024-01-28T00:32:46+01:00,35.15,18.45
2024-01-28T00:35:12+01:00,37.75,20.25
2024-01-28T00:37:38+01:00,19.77,11.77
2024-01-28T00:40:06+01:00,16.85,7.28
2024-01-28T00:42:33+01:00,12.65,7.05
2024-01-28T00:45:01+01:00,38.08,21.23
2024-01-28T00:47:27+01:00,26.7,15.38
2024-01-28T00:49:53+01:00,25.75,14.07
2024-01-28T00:52:19+01:00,23.98,13.1
2024-01-28T00:54:49+01:00,24.23,12.63
2024-01-28T00:57:15+01:00,28.17,15.6
2024-01-28T00:59:45+01:00,55.83,31.15
2024-01-28T01:02:12+01:00,39.4,21.95
2024-01-28T01:04:38+01:00,33.2,18.45
2024-01-28T01:07:04+01:00,26.5,13.77
2024-01-28T01:09:30+01:00,28.13,14.6
2024-01-28T01:11:56+01:00,21.83,12.23
2024-01-28T01:14:22+01:00,18.4,10.85
2024-01-28T01:16:48+01:00,21.75,11.48
2024-01-28T01:19:15+01:00,22.77,12.63
2024-01-28T01:21:41+01:00,13.25,8.05
2024-01-28T01:24:07+01:00,10.95,6.18
2024-01-28T01:26:39+01:00,13.43,6.7
2024-01-28T01:29:06+01:00,13.68,6.75
2024-01-28T01:31:32+01:00,12.35,6.82
2024-01-28T01:33:58+01:00,9.43,4.85
2024-01-28T01:36:24+01:00,12.52,5.35
2024-01-28T01:38:51+01:00,10.82,5.53
2024-01-28T01:43:47+01:00,10.55,5.1
2024-01-28T01:46:13+01:00,9.1,4.47
2024-01-28T01:48:39+01:00,6.65,3.67
2024-01-28T01:51:05+01:00,8.65,4.03
2024-01-28T01:53:31+01:00,11.3,4.4
2024-01-28T01:55:57+01:00,8.23,3.47
2024-01-28T01:58:23+01:00,6.47,3.22
2024-01-28T02:00:50+01:00,8.07,3.4
2024-01-28T02:03:16+01:00,5.2,3.0
2024-01-28T02:05:42+01:00,7.07,3.55
2024-01-28T02:08:09+01:00,7.5,3.4
2024-01-28T02:10:35+01:00,6.85,3.25
2024-01-28T02:13:02+01:00,6.35,3.13
2024-01-28T02:15:28+01:00,6.97,3.4
2024-01-28T02:17:55+01:00,9.68,3.88
2024-01-28T02:20:21+01:00,6.9,2.88
2024-01-28T02:22:47+01:00,6.82,3.22
2024-01-28T02:25:14+01:00,7.1,4.03
2024-01-28T02:27:40+01:00,7.6,3.72
2024-01-28T02:30:07+01:00,9.35,5.7
2024-01-28T02:32:34+01:00,7.7,4.0
2024-01-28T02:35:02+01:00,8.88,4.88
2024-01-28T02:37:28+01:00,10.13,4.1
2024-01-28T02:39:54+01:00,8.3,3.75
2024-01-28T02:42:20+01:00,6.68,3.92
2024-01-28T02:44:47+01:00,7.88,4.0
2024-01-28T02:47:13+01:00,8.85,4.05
2024-01-28T02:49:39+01:00,8.4,4.68
2024-01-28T02:52:05+01:00,8.15,4.47
2024-01-28T02:54:32+01:00,9.07,4.2
2024-01-28T02:56:58+01:00,8.93,4.38
2024-01-28T02:59:25+01:00,8.7,4.25
2024-01-28T03:01:54+01:00,10.27,5.38
2024-01-28T03:04:21+01:00,9.15,4.5
2024-01-28T03:06:50+01:00,10.93,4.47
2024-01-28T03:09:16+01:00,11.05,5.5
2024-01-28T03:11:43+01:00,8.23,4.38
2024-01-28T03:14:19+01:00,9.55,5.0
2024-01-28T03:16:45+01:00,10.57,4.82
2024-01-28T03:19:13+01:00,12.13,5.53
2024-01-28T03:21:39+01:00,10.2,5.15
2024-01-28T03:24:05+01:00,9.1,4.57
2024-01-28T03:26:31+01:00,6.72,4.4
2024-01-28T03:28:57+01:00,8.55,4.45
2024-01-28T03:31:24+01:00,8.43,4.8
2024-01-28T03:33:50+01:00,9.5,5.2
2024-01-28T03:36:16+01:00,12.82,5.93
2024-01-28T03:38:42+01:00,8.75,5.1
2024-01-28T03:41:09+01:00,11.27,5.6
2024-01-28T03:43:35+01:00,8.55,4.9
2024-01-28T03:46:01+01:00,7.97,4.63
2024-01-28T03:48:27+01:00,7.68,4.75
2024-01-28T03:50:53+01:00,7.8,4.3
2024-01-28T03:53:19+01:00,6.82,4.28
2024-01-28T03:55:46+01:00,10.0,5.55
2024-01-28T03:58:14+01:00,8.23,4.28
2024-01-28T04:00:41+01:00,7.63,4.68
2024-01-28T04:03:08+01:00,8.3,4.65
2024-01-28T04:05:34+01:00,10.4,4.5
2024-01-28T04:08:00+01:00,7.57,4.85
2024-01-28T04:10:27+01:00,7.53,4.47
2024-01-28T04:12:55+01:00,9.23,5.05
2024-01-28T04:15:21+01:00,8.8,5.32
2024-01-28T04:17:47+01:00,9.45,4.63
2024-01-28T04:20:14+01:00,7.7,4.4
2024-01-28T04:22:41+01:00,7.85,4.38
2024-01-28T04:25:07+01:00,7.15,4.0
2024-01-28T04:27:33+01:00,8.0,4.3
2024-01-28T04:30:00+01:00,9.27,4.28
2024-01-28T04:32:29+01:00,9.02,4.35
2024-01-28T04:34:55+01:00,7.13,4.1
2024-01-28T04:37:21+01:00,7.3,4.47
2024-01-28T04:39:47+01:00,9.5,4.55
2024-01-28T04:42:13+01:00,7.2,4.3
2024-01-28T04:44:40+01:00,6.1,3.83
2024-01-28T04:47:06+01:00,8.07,4.22
2024-01-28T04:49:32+01:00,8.13,4.5
2024-01-28T04:51:58+01:00,8.23,3.8
2024-01-28T04:54:24+01:00,10.2,5.15
2024-01-28T04:56:50+01:00,6.25,4.45
2024-01-28T04:59:16+01:00,6.68,4.2
2024-01-28T05:01:42+01:00,6.05,4.07
2024-01-28T05:04:08+01:00,8.8,4.4
2024-01-28T05:06:40+01:00,8.43,4.43
2024-01-28T05:09:07+01:00,9.35,4.18
2024-01-28T05:11:33+01:00,8.55,4.18
2024-01-28T05:13:59+01:00,6.32,4.07
2024-01-28T05:16:25+01:00,6.97,4.28
2024-01-28T05:18:51+01:00,6.55,4.07
2024-01-28T05:21:18+01:00,7.65,4.28
2024-01-28T05:23:44+01:00,9.4,4.72
2024-01-28T05:26:11+01:00,9.18,4.82
2024-01-28T05:28:37+01:00,10.52,4.3
2024-01-28T05:31:06+01:00,7.65,4.05
2024-01-28T05:33:32+01:00,10.93,5.03
2024-01-28T05:35:58+01:00,12.65,4.57
2024-01-28T05:38:24+01:00,7.95,4.3
2024-01-28T05:40:51+01:00,9.3,4.45
2024-01-28T05:43:17+01:00,7.35,4.3
2024-01-28T05:45:43+01:00,8.27,4.18
2024-01-28T05:48:09+01:00,10.57,4.47
2024-01-28T05:50:36+01:00,9.65,4.3
2024-01-28T05:53:02+01:00,8.35,4.03
2024-01-28T05:55:28+01:00,8.55,4.3
2024-01-28T05:57:54+01:00,10.2,6.35
2024-01-28T06:00:20+01:00,11.68,4.57
2024-01-28T06:02:46+01:00,8.75,3.9
2024-01-28T06:05:12+01:00,10.52,4.2
2024-01-28T06:07:38+01:00,8.82,4.05
2024-01-28T06:10:04+01:00,9.88,4.07
2024-01-28T06:12:31+01:00,6.78,3.8
2024-01-28T06:14:57+01:00,8.5,4.05
2024-01-28T06:17:23+01:00,9.23,4.15
2024-01-28T06:19:49+01:00,10.23,4.1
2024-01-28T06:22:15+01:00,9.05,4.57
2024-01-28T06:24:44+01:00,9.02,4.28
2024-01-28T06:27:14+01:00,8.55,3.75
2024-01-28T06:29:40+01:00,11.68,4.38
2024-01-28T06:32:06+01:00,10.8,5.78
2024-01-28T06:34:33+01:00,9.32,4.35
2024-01-28T06:36:59+01:00,14.07,5.65
2024-01-28T06:39:25+01:00,10.7,4.18
2024-01-28T06:41:52+01:00,9.93,4.28
2024-01-28T06:44:18+01:00,11.9,5.07
2024-01-28T06:46:44+01:00,5.85,3.58
2024-01-28T06:49:10+01:00,15.25,8.25
2024-01-28T06:51:36+01:00,11.88,5.18
2024-01-28T06:54:05+01:00,22.35,13.3
2024-01-28T06:56:31+01:00,20.45,11.63
2024-01-28T06:58:57+01:00,16.42,7.95
2024-01-28T07:01:23+01:00,14.98,7.32
2024-01-28T07:03:49+01:00,9.93,5.1
2024-01-28T07:06:15+01:00,12.65,5.35
2024-01-28T07:08:42+01:00,9.85,4.1
2024-01-28T07:11:08+01:00,8.8,4.9
2024-01-28T07:13:34+01:00,8.3,3.88
2024-01-28T07:16:01+01:00,10.4,3.8
2024-01-28T07:18:28+01:00,7.88,3.4
2024-01-28T07:20:54+01:00,9.48,3.8
2024-01-28T07:23:20+01:00,10.35,3.8
2024-01-28T07:25:46+01:00,8.75,4.65
2024-01-28T07:28:12+01:00,11.35,5.32
2024-01-28T07:30:39+01:00,12.25,5.8
2024-01-28T07:33:05+01:00,10.27,5.6
2024-01-28T07:35:31+01:00,10.8,4.55
2024-01-28T07:37:57+01:00,9.18,4.2
2024-01-28T07:40:23+01:00,9.32,4.6
2024-01-28T07:42:49+01:00,7.0,3.55
2024-01-28T07:45:16+01:00,7.93,4.35
2024-01-28T07:47:42+01:00,10.43,3.67
2024-01-28T07:50:11+01:00,7.1,3.2
2024-01-28T07:52:37+01:00,11.02,3.9
2024-01-28T07:55:03+01:00,10.9,5.13
2024-01-28T07:57:29+01:00,8.55,4.13
2024-01-28T07:59:56+01:00,7.7,4.97
2024-01-28T08:02:22+01:00,9.5,4.7
2024-01-28T08:04:49+01:00,10.02,5.1
2024-01-28T08:07:15+01:00,8.93,4.2
2024-01-28T08:09:41+01:00,11.25,5.78
2024-01-28T08:12:07+01:00,18.52,8.23
2024-01-28T08:14:34+01:00,13.18,5.32
2024-01-28T08:17:00+01:00,15.63,7.5
2024-01-28T08:19:26+01:00,10.48,5.53
2024-01-28T08:21:52+01:00,12.95,5.05
2024-01-28T08:24:18+01:00,12.65,5.7
2024-01-28T08:26:44+01:00,11.3,5.78
2024-01-28T08:29:11+01:00,14.1,5.22
2024-01-28T08:31:37+01:00,13.6,6.6
2024-01-28T08:34:04+01:00,14.93,6.13
2024-01-28T08:36:30+01:00,11.93,4.78
2024-01-28T08:38:56+01:00,10.0,5.03
2024-01-28T08:41:23+01:00,8.77,4.68
2024-01-28T08:43:49+01:00,11.18,5.7
2024-01-28T08:46:16+01:00,13.9,6.7
2024-01-28T08:48:42+01:00,14.15,4.95
2024-01-28T08:51:08+01:00,9.73,4.63
2024-01-28T08:53:34+01:00,8.0,3.47
2024-01-28T08:56:00+01:00,9.98,5.38
2024-01-28T08:58:28+01:00,10.93,5.15
2024-01-28T09:00:54+01:00,8.55,4.43
2024-01-28T09:03:20+01:00,11.23,5.75
2024-01-28T09:05:46+01:00,15.82,9.3
2024-01-28T09:08:12+01:00,9.02,4.63
2024-01-28T09:10:38+01:00,14.48,4.1
2024-01-28T09:13:04+01:00,8.25,3.7
2024-01-28T09:15:31+01:00,10.82,3.97
2024-01-28T09:17:57+01:00,9.4,3.47
2024-01-28T09:20:23+01:00,10.5,4.03
2024-01-28T09:22:49+01:00,10.6,4.25
2024-01-28T09:25:15+01:00,9.73,3.85
2024-01-28T09:27:41+01:00,10.0,4.45
2024-01-28T09:30:09+01:00,10.85,4.72
2024-01-28T09:32:36+01:00,10.98,4.3
2024-01-28T09:35:03+01:00,11.52,4.43
2024-01-28T09:37:29+01:00,9.27,3.5
2024-01-28T09:39:55+01:00,8.52,4.1
2024-01-28T09:42:21+01:00,11.18,4.2
2024-01-28T09:44:47+01:00,7.1,4.38
2024-01-28T09:47:13+01:00,6.07,3.45
2024-01-28T09:49:39+01:00,7.97,3.83
2024-01-28T09:52:06+01:00,13.52,7.82
2024-01-28T09:54:32+01:00,15.73,10.57
2024-01-28T09:56:59+01:00,7.9,5.15
2024-01-28T09:59:25+01:00,7.07,4.63
2024-01-28T10:01:51+01:00,9.77,4.43
2024-01-28T10:04:18+01:00,11.52,5.28
2024-01-28T10:06:44+01:00,11.05,4.65
2024-01-28T10:09:10+01:00,8.45,3.7
2024-01-28T10:11:36+01:00,12.38,4.18
2024-01-28T10:14:02+01:00,6.88,2.75
2024-01-28T10:16:28+01:00,8.07,3.5
2024-01-28T10:18:54+01:00,12.13,3.75
2024-01-28T10:21:21+01:00,14.7,5.28
2024-01-28T10:23:47+01:00,10.15,4.65
2024-01-28T10:26:13+01:00,18.15,7.13
2024-01-28T10:28:39+01:00,9.35,3.9
2024-01-28T10:31:08+01:00,9.25,4.45
2024-01-28T10:33:34+01:00,13.55,5.8
2024-01-28T10:36:01+01:00,14.27,6.6
2024-01-28T10:38:27+01:00,9.6,4.25
2024-01-28T10:40:53+01:00,15.75,10.23
2024-01-28T10:43:28+01:00,9.35,4.07
2024-01-28T10:45:55+01:00,12.25,4.0
2024-01-28T10:48:21+01:00,12.45,3.6
2024-01-28T10:50:47+01:00,14.85,3.8
2024-01-28T10:53:14+01:00,11.93,3.78
2024-01-28T10:55:40+01:00,11.45,3.08
2024-01-28T10:58:06+01:00,9.5,3.9
2024-01-28T11:00:33+01:00,13.32,4.0
2024-01-28T11:02:59+01:00,8.02,4.0
2024-01-28T11:05:25+01:00,8.63,3.6
2024-01-28T11:08:01+01:00,10.57,3.92
2024-01-28T11:10:28+01:00,8.48,3.67
2024-01-28T11:12:54+01:00,9.43,3.3
2024-01-28T11:15:20+01:00,7.3,3.5
2024-01-28T11:17:48+01:00,9.35,3.9
2024-01-28T11:20:21+01:00,8.27,3.88
2024-01-28T11:22:48+01:00,10.27,3.78
2024-01-28T11:25:14+01:00,10.57,4.05
2024-01-28T11:27:41+01:00,6.57,3.72
2024-01-28T11:30:07+01:00,7.82,3.5
2024-01-28T11:32:35+01:00,9.52,4.43
2024-01-28T11:35:01+01:00,8.18,3.58
2024-01-28T11:37:27+01:00,9.3,4.2
2024-01-28T11:39:56+01:00,9.45,3.72
2024-01-28T11:42:24+01:00,7.85,3.83
2024-01-28T11:44:51+01:00,7.5,3.6
2024-01-28T11:47:18+01:00,9.75,3.33
2024-01-28T11:49:44+01:00,4.85,2.8
2024-01-28T11:52:12+01:00,8.68,3.9
2024-01-28T11:54:40+01:00,7.97,3.75
2024-01-28T11:57:07+01:00,8.82,4.1
2024-01-28T11:59:34+01:00,6.95,3.22
2024-01-28T12:02:02+01:00,14.95,7.4
2024-01-28T12:04:28+01:00,8.35,4.53
2024-01-28T12:06:54+01:00,7.05,3.72
2024-01-28T12:09:20+01:00,21.05,8.05
2024-01-28T12:11:48+01:00,8.2,4.43
2024-01-28T12:14:14+01:00,18.2,9.9
2024-01-28T12:16:40+01:00,19.92,8.4
2024-01-28T12:19:06+01:00,10.63,5.25
2024-01-28T12:21:35+01:00,9.52,4.2
2024-01-28T12:24:09+01:00,43.88,16.23
2024-01-28T12:26:37+01:00,12.52,5.63
2024-01-28T12:29:07+01:00,17.42,5.95
2024-01-28T12:31:34+01:00,14.75,5.25
2024-01-28T12:36:44+01:00,11.05,5.45
2024-01-28T12:39:11+01:00,30.33,15.1
2024-01-28T12:41:39+01:00,23.0,7.85
2024-01-28T12:44:06+01:00,27.8,9.18
2024-01-28T12:46:34+01:00,14.73,4.9
2024-01-28T12:49:00+01:00,8.52,4.05
2024-01-28T12:51:27+01:00,12.82,5.07
2024-01-28T12:53:53+01:00,10.2,5.35
2024-01-28T12:56:19+01:00,10.48,3.95
2024-01-28T12:58:46+01:00,8.18,4.6
2024-01-28T13:01:12+01:00,9.0,3.67
2024-01-28T13:03:38+01:00,9.43,3.92
2024-01-28T13:06:04+01:00,9.85,3.78
2024-01-28T13:08:31+01:00,10.77,4.9
2024-01-28T13:10:58+01:00,7.93,4.0
2024-01-28T13:13:24+01:00,14.38,4.88
2024-01-28T13:15:50+01:00,7.82,4.7
2024-01-28T13:18:17+01:00,10.55,3.9
2024-01-28T13:20:48+01:00,9.5,4.47
2024-01-28T13:23:17+01:00,11.5,4.82
2024-01-28T13:25:44+01:00,9.57,5.0
2024-01-28T13:28:10+01:00,7.45,3.6
2024-01-28T13:30:37+01:00,7.5,3.8
2024-01-28T13:33:03+01:00,7.97,4.15
2024-01-28T13:35:29+01:00,9.4,5.1
2024-01-28T13:37:55+01:00,9.18,4.07
2024-01-28T13:40:21+01:00,7.38,4.03
2024-01-28T13:42:47+01:00,7.07,3.67
2024-01-28T13:45:13+01:00,10.2,3.78
2024-01-28T13:47:39+01:00,8.63,3.65
2024-01-28T13:50:06+01:00,12.27,4.4
2024-01-28T13:52:32+01:00,8.07,3.75
2024-01-28T13:54:59+01:00,9.2,3.7
2024-01-28T13:57:26+01:00,7.25,3.65
2024-01-28T13:59:52+01:00,7.72,3.88
2024-01-28T14:02:18+01:00,12.15,4.15
2024-01-28T14:04:45+01:00,9.7,4.03
2024-01-28T14:07:11+01:00,8.2,4.3
2024-01-28T14:09:37+01:00,10.38,4.25
2024-01-28T14:12:03+01:00,10.68,4.3
2024-01-28T14:14:29+01:00,16.13,4.75
2024-01-28T14:16:55+01:00,34.7,11.73
2024-01-28T14:19:21+01:00,10.8,5.35
2024-01-28T14:21:47+01:00,14.82,5.47
2024-01-28T14:24:13+01:00,9.3,4.6
2024-01-28T14:26:40+01:00,7.07,4.1
2024-01-28T14:29:07+01:00,6.75,4.1
2024-01-28T14:31:33+01:00,7.97,4.0
2024-01-28T14:33:59+01:00,7.93,4.05
2024-01-28T14:36:25+01:00,24.27,10.77
2024-01-28T14:38:51+01:00,13.6,6.43
2024-01-28T14:41:17+01:00,18.75,7.95
2024-01-28T14:43:43+01:00,10.27,5.47
2024-01-28T14:46:09+01:00,13.27,6.22
2024-01-28T14:48:35+01:00,15.65,7.95
2024-01-28T14:51:01+01:00,9.45,4.38
2024-01-28T14:53:27+01:00,10.98,4.88
2024-01-28T14:55:55+01:00,10.68,5.15
2024-01-28T14:58:21+01:00,17.02,7.68
2024-01-28T15:00:47+01:00,13.8,7.25
2024-01-28T15:03:13+01:00,24.75,12.43
2024-01-28T15:05:40+01:00,18.88,8.8
2024-01-28T15:08:07+01:00,11.43,5.93
2024-01-28T15:10:33+01:00,7.88,4.55
2024-01-28T15:12:59+01:00,12.45,6.88
2024-01-28T15:15:25+01:00,7.6,4.9
2024-01-28T15:17:51+01:00,12.75,7.22
2024-01-28T15:20:17+01:00,21.1,7.65
2024-01-28T15:22:43+01:00,18.42,10.93
2024-01-28T15:25:10+01:00,12.35,7.13
2024-01-28T15:27:36+01:00,13.35,7.43
2024-01-28T15:30:02+01:00,13.13,6.18
2024-01-28T15:32:28+01:00,13.27,6.65
2024-01-28T15:34:54+01:00,11.57,7.15
2024-01-28T15:37:20+01:00,11.4,6.05
2024-01-28T15:39:46+01:00,13.52,6.8
2024-01-28T15:42:14+01:00,9.48,6.07
2024-01-28T15:44:40+01:00,10.93,6.93
2024-01-28T15:47:07+01:00,9.32,6.43
2024-01-28T15:49:33+01:00,16.58,7.57
2024-01-28T15:52:00+01:00,12.23,6.63
2024-01-28T15:54:26+01:00,14.45,6.95
2024-01-28T15:56:52+01:00,11.3,6.9
2024-01-28T15:59:18+01:00,9.1,5.9
2024-01-28T16:01:45+01:00,13.98,6.82
2024-01-28T16:04:11+01:00,12.95,8.1
2024-01-28T16:06:37+01:00,7.47,4.55
2024-01-28T16:09:03+01:00,15.2,9.25
2024-01-28T16:11:32+01:00,24.13,18.35
2024-01-28T16:13:59+01:00,8.35,4.72
2024-01-28T16:16:26+01:00,8.48,4.72
2024-01-28T16:18:52+01:00,10.5,6.22
2024-01-28T16:21:18+01:00,7.75,5.55
2024-01-28T16:23:49+01:00,6.65,4.25
2024-01-28T16:26:17+01:00,6.47,4.18
2024-01-28T16:28:43+01:00,6.9,3.45
2024-01-28T16:31:09+01:00,9.43,4.18
2024-01-28T16:33:35+01:00,12.95,3.7
2024-01-28T16:36:01+01:00,5.6,4.22
2024-01-28T16:38:28+01:00,5.78,4.03
2024-01-28T16:40:55+01:00,7.3,4.25
2024-01-28T16:43:21+01:00,6.13,2.92
2024-01-28T16:45:47+01:00,8.0,4.55
2024-01-28T16:48:13+01:00,4.78,3.22
2024-01-28T16:50:40+01:00,5.65,3.47
2024-01-28T16:53:06+01:00,14.8,7.68
2024-01-28T16:55:32+01:00,7.9,4.9
2024-01-28T16:57:58+01:00,9.93,3.92
2024-01-28T17:00:24+01:00,6.6,3.8
2024-01-28T17:02:50+01:00,7.82,4.05
2024-01-28T17:05:16+01:00,5.2,3.6
2024-01-28T17:07:42+01:00,6.65,3.42
2024-01-28T17:10:10+01:00,6.25,3.7
2024-01-28T17:12:36+01:00,4.68,3.25
2024-01-28T17:15:02+01:00,4.88,2.92
2024-01-28T17:17:28+01:00,4.88,3.8
2024-01-28T17:19:54+01:00,6.68,3.4
2024-01-28T17:22:20+01:00,8.35,3.78
2024-01-28T17:24:46+01:00,4.9,3.35
2024-01-28T17:27:12+01:00,9.35,4.63
2024-01-28T17:29:38+01:00,4.9,3.28
2024-01-28T17:32:05+01:00,4.57,3.3
2024-01-28T17:34:31+01:00,6.38,3.1
2024-01-28T17:36:59+01:00,5.65,3.33
2024-01-28T17:39:26+01:00,6.72,3.6
2024-01-28T17:41:52+01:00,6.2,3.4
2024-01-28T17:44:18+01:00,5.9,4.3
2024-01-28T17:46:44+01:00,5.25,3.9
2024-01-28T17:49:10+01:00,5.93,3.53
2024-01-28T17:51:36+01:00,5.95,3.5
2024-01-28T17:54:02+01:00,4.55,3.47
2024-01-28T17:56:28+01:00,5.35,3.38
2024-01-28T17:58:55+01:00,11.88,7.5
2024-01-28T18:01:21+01:00,14.2,8.5
2024-01-28T18:03:47+01:00,4.9,3.53
2024-01-28T18:06:13+01:00,9.23,5.4
2024-01-28T18:08:39+01:00,9.27,5.9
2024-01-28T18:11:05+01:00,9.8,5.68
2024-01-28T18:13:31+01:00,8.57,3.92
2024-01-28T18:15:58+01:00,6.07,3.9
2024-01-28T18:18:25+01:00,4.3,2.92
2024-01-28T18:20:54+01:00,5.07,3.58
2024-01-28T18:23:20+01:00,5.82,3.25
2024-01-28T18:25:47+01:00,10.77,3.7
2024-01-28T18:28:13+01:00,11.15,6.72
2024-01-28T18:30:39+01:00,7.38,4.82
2024-01-28T18:33:05+01:00,6.63,4.93
2024-01-28T18:35:33+01:00,5.85,3.72
2024-01-28T18:37:59+01:00,13.4,9.6
2024-01-28T18:40:25+01:00,9.25,5.72
2024-01-28T18:42:51+01:00,6.13,4.55
2024-01-28T18:45:17+01:00,7.43,5.07
2024-01-28T18:47:43+01:00,4.88,3.45
2024-01-28T18:50:10+01:00,6.13,3.88
2024-01-28T18:52:36+01:00,5.85,3.83
2024-01-28T18:55:02+01:00,7.38,4.7
2024-01-28T18:57:29+01:00,8.5,4.3
2024-01-28T18:59:59+01:00,5.6,3.95
2024-01-28T19:02:25+01:00,8.25,4.1
2024-01-28T19:04:51+01:00,7.1,3.5
2024-01-28T19:07:17+01:00,6.85,3.75
2024-01-28T19:09:43+01:00,7.63,3.9
2024-01-28T19:12:09+01:00,6.28,3.75
2024-01-28T19:14:36+01:00,5.6,4.07
2024-01-28T19:17:02+01:00,6.57,4.43
2024-01-28T19:19:28+01:00,6.88,5.2
2024-01-28T19:21:55+01:00,6.03,4.1
2024-01-28T19:24:21+01:00,5.55,3.7
2024-01-28T19:26:47+01:00,6.07,4.07
2024-01-28T19:29:13+01:00,7.7,4.78
2024-01-28T19:31:39+01:00,7.18,4.57
2024-01-28T19:34:07+01:00,8.07,5.63
2024-01-28T19:36:33+01:00,6.88,4.57
2024-01-28T19:38:59+01:00,7.03,5.2
2024-01-28T19:41:29+01:00,8.57,6.05
2024-01-28T19:43:55+01:00,7.85,4.78
2024-01-28T19:46:26+01:00,7.95,4.63
2024-01-28T19:48:53+01:00,10.8,6.13
2024-01-28T19:51:19+01:00,8.77,5.25
2024-01-28T19:53:45+01:00,10.1,5.13
2024-01-28T19:56:11+01:00,9.7,5.93
2024-01-28T19:58:41+01:00,12.25,5.47
2024-01-28T20:01:07+01:00,9.57,5.72
2024-01-28T20:03:35+01:00,10.2,7.3
2024-01-28T20:06:01+01:00,16.55,7.2
2024-01-28T20:08:30+01:00,7.9,5.82
2024-01-28T20:10:56+01:00,7.95,5.57
2024-01-28T20:13:22+01:00,9.63,5.5
2024-01-28T20:15:50+01:00,11.9,6.78
2024-01-28T20:18:16+01:00,10.32,6.13
2024-01-28T20:20:44+01:00,8.7,5.05
2024-01-28T20:23:12+01:00,9.02,5.7
2024-01-28T20:25:39+01:00,7.25,4.9
2024-01-28T20:28:05+01:00,18.48,8.77
2024-01-28T20:30:32+01:00,9.95,5.47
2024-01-28T20:32:58+01:00,6.47,4.75
2024-01-28T20:35:24+01:00,7.8,5.18
2024-01-28T20:37:50+01:00,8.73,4.63
2024-01-28T20:40:16+01:00,9.43,5.1
2024-01-28T20:42:43+01:00,8.27,4.65
2024-01-28T20:45:09+01:00,9.75,5.25
2024-01-28T20:47:36+01:00,13.15,5.55
2024-01-28T20:50:03+01:00,8.68,5.2
2024-01-28T20:52:29+01:00,11.27,6.22
2024-01-28T20:54:55+01:00,12.5,7.4
2024-01-28T20:57:21+01:00,12.25,7.53
2024-01-28T20:59:47+01:00,13.15,8.85
2024-01-28T21:02:13+01:00,15.2,9.25
2024-01-28T21:04:39+01:00,17.42,10.6
2024-01-28T21:07:07+01:00,16.65,8.5
2024-01-28T21:09:37+01:00,14.35,7.97
2024-01-28T21:12:03+01:00,14.68,8.6
2024-01-28T21:14:30+01:00,12.5,7.72
2024-01-28T21:17:01+01:00,13.18,9.57
2024-01-28T21:19:27+01:00,21.05,10.52
2024-01-28T21:21:53+01:00,18.45,9.55
2024-01-28T21:24:20+01:00,17.13,10.68
2024-01-28T21:26:46+01:00,15.02,9.5
2024-01-28T21:29:12+01:00,17.1,10.05
2024-01-28T21:31:38+01:00,22.83,14.43
2024-01-28T21:34:04+01:00,14.23,10.9
2024-01-28T21:36:30+01:00,20.6,12.15
2024-01-28T21:38:56+01:00,20.25,12.23
2024-01-28T21:41:23+01:00,13.4,7.93
2024-01-28T21:43:49+01:00,12.35,7.68
2024-01-28T21:46:17+01:00,11.55,7.75
2024-01-28T21:48:44+01:00,10.15,6.85
2024-01-28T21:51:12+01:00,12.98,7.05
2024-01-28T21:53:38+01:00,14.0,8.82
2024-01-28T21:56:04+01:00,16.77,9.02
2024-01-28T21:58:33+01:00,12.6,7.07
2024-01-28T22:00:59+01:00,10.1,7.07
2024-01-28T22:03:25+01:00,12.9,8.0
2024-01-28T22:05:51+01:00,18.95,8.73
2024-01-28T22:08:17+01:00,14.68,8.45
2024-01-28T22:10:44+01:00,14.9,7.9
2024-01-28T22:13:10+01:00,12.9,8.02
2024-01-28T22:15:37+01:00,11.18,7.38
2024-01-28T22:18:03+01:00,12.0,8.23
2024-01-28T22:20:29+01:00,11.52,7.93
2024-01-28T22:22:55+01:00,14.35,9.2
2024-01-28T22:25:22+01:00,25.8,15.88
2024-01-28T22:27:48+01:00,16.73,11.0
2024-01-28T22:30:15+01:00,19.92,12.35
2024-01-28T22:32:41+01:00,16.88,10.48
2024-01-28T22:35:07+01:00,16.85,10.35
2024-01-28T22:37:33+01:00,16.33,8.88
2024-01-28T22:40:00+01:00,16.2,9.43
2024-01-28T22:42:26+01:00,13.65,10.05
2024-01-28T22:44:52+01:00,15.6,9.73
2024-01-28T22:47:18+01:00,14.07,9.75
2024-01-28T22:49:44+01:00,15.35,10.05
2024-01-28T22:52:10+01:00,16.27,10.7
2024-01-28T22:54:36+01:00,17.23,11.5
2024-01-28T22:57:02+01:00,25.17,17.0
2024-01-28T22:59:28+01:00,33.1,22.6
2024-01-28T23:01:54+01:00,35.55,22.58
2024-01-28T23:04:21+01:00,34.15,21.33
2024-01-28T23:06:47+01:00,32.28,20.48
2024-01-28T23:09:13+01:00,32.22,16.85
2024-01-28T23:11:39+01:00,32.5,18.98
2024-01-28T23:14:06+01:00,35.83,22.27
2024-01-28T23:16:32+01:00,27.8,18.2
2024-01-28T23:18:58+01:00,31.38,20.35
2024-01-28T23:21:24+01:00,27.45,16.25
2024-01-28T23:23:50+01:00,26.95,15.4
2024-01-28T23:26:16+01:00,20.7,14.38
2024-01-28T23:28:43+01:00,22.02,14.77
2024-01-28T23:31:10+01:00,23.5,15.02
2024-01-28T23:33:36+01:00,22.02,14.38
2024-01-28T23:36:03+01:00,26.48,16.13
2024-01-28T23:38:29+01:00,29.5,16.75
2024-01-28T23:40:55+01:00,23.4,14.05
2024-01-28T23:43:21+01:00,25.55,15.38
2024-01-28T23:45:48+01:00,25.3,15.98
2024-01-28T23:48:14+01:00,21.42,15.15
2024-01-28T23:50:40+01:00,23.73,15.45
2024-01-28T23:53:06+01:00,20.9,12.98
2024-01-28T23:55:32+01:00,19.27,12.43
2024-01-28T23:57:58+01:00,21.58,12.98
2024-01-29T00:00:24+01:00,27.33,15.32
2024-01-29T00:02:57+01:00,24.13,13.55
2024-01-29T00:05:24+01:00,27.92,14.35
2024-01-29T00:07:50+01:00,24.5,14.48
2024-01-29T00:10:16+01:00,20.42,13.2
2024-01-29T00:12:42+01:00,20.88,14.25
2024-01-29T00:15:09+01:00,26.83,14.93
2024-01-29T00:17:36+01:00,21.75,14.13
2024-01-29T00:20:02+01:00,22.27,13.95
2024-01-29T00:22:31+01:00,22.88,15.32
2024-01-29T00:24:57+01:00,68.35,42.95
2024-01-29T00:27:24+01:00,35.67,25.3
2024-01-29T00:29:50+01:00,37.45,22.27
2024-01-29T00:32:16+01:00,27.63,19.73
2024-01-29T00:34:42+01:00,26.85,20.63
2024-01-29T00:37:08+01:00,27.92,19.02
2024-01-29T00:39:35+01:00,34.65,21.25
2024-01-29T00:42:01+01:00,30.63,19.63
2024-01-29T00:44:27+01:00,28.8,17.3
2024-01-29T00:46:53+01:00,28.73,20.13
2024-01-29T00:49:19+01:00,28.25,19.45
2024-01-29T00:51:45+01:00,28.75,18.55
2024-01-29T00:54:12+01:00,25.63,17.38
2024-01-29T00:56:38+01:00,27.33,18.5
2024-01-29T00:59:04+01:00,28.77,19.1
2024-01-29T01:01:30+01:00,24.23,17.25
2024-01-29T01:03:56+01:00,26.1,18.33
2024-01-29T01:06:23+01:00,21.13,15.95
2024-01-29T01:08:49+01:00,26.38,17.4
2024-01-29T01:11:17+01:00,24.15,16.45
2024-01-29T01:13:43+01:00,32.9,19.75
2024-01-29T01:16:11+01:00,35.55,23.0
2024-01-29T01:18:37+01:00,25.9,18.48
2024-01-29T01:21:07+01:00,27.25,17.8
2024-01-29T01:23:33+01:00,27.35,17.17
2024-01-29T01:25:59+01:00,24.65,16.8
2024-01-29T01:28:25+01:00,28.52,17.63
2024-01-29T01:30:51+01:00,34.25,20.27
2024-01-29T01:33:18+01:00,30.35,20.88
2024-01-29T01:35:44+01:00,25.17,18.48
2024-01-29T01:38:10+01:00,29.83,19.13
2024-01-29T01:40:36+01:00,26.98,18.73
2024-01-29T01:43:02+01:00,31.75,20.83
2024-01-29T01:45:29+01:00,24.02,18.5
2024-01-29T01:47:55+01:00,31.55,20.5
2024-01-29T01:50:21+01:00,28.65,21.9
2024-01-29T01:52:47+01:00,34.78,23.27
2024-01-29T01:55:13+01:00,33.78,22.88
2024-01-29T01:57:39+01:00,30.92,19.95
2024-01-29T02:00:06+01:00,27.55,20.52
2024-01-29T02:02:32+01:00,30.38,20.6
2024-01-29T02:04:58+01:00,29.42,20.65
2024-01-29T02:07:25+01:00,30.08,20.63
2024-01-29T02:09:51+01:00,25.3,18.85
2024-01-29T02:12:17+01:00,25.67,18.77
2024-01-29T02:14:43+01:00,26.33,17.8
2024-01-29T02:17:09+01:00,26.9,17.3
2024-01-29T02:19:35+01:00,24.4,17.48
2024-01-29T02:22:01+01:00,25.92,17.48
2024-01-29T02:24:27+01:00,26.95,19.13
2024-01-29T02:26:53+01:00,23.38,16.98
2024-01-29T02:29:19+01:00,20.75,16.33
2024-01-29T02:31:45+01:00,22.48,16.0
2024-01-29T02:34:12+01:00,22.05,16.0
2024-01-29T02:36:38+01:00,23.6,16.58
2024-01-29T02:39:04+01:00,23.17,16.75
2024-01-29T02:41:30+01:00,21.48,17.17
2024-01-29T02:43:56+01:00,31.0,20.4
2024-01-29T02:46:23+01:00,28.9,19.35
2024-01-29T02:48:52+01:00,40.47,26.65
2024-01-29T02:51:19+01:00,44.17,26.3
2024-01-29T02:53:45+01:00,25.2,18.85
2024-01-29T02:56:12+01:00,26.0,18.1
2024-01-29T02:58:38+01:00,24.9,17.98
2024-01-29T03:01:07+01:00,24.3,17.35
2024-01-29T03:03:33+01:00,26.25,17.6
2024-01-29T03:05:59+01:00,23.15,16.63
2024-01-29T03:08:25+01:00,21.02,15.55
2024-01-29T03:10:52+01:00,24.6,17.42
2024-01-29T03:13:19+01:00,21.6,15.32
2024-01-29T03:15:45+01:00,21.9,15.32
2024-01-29T03:18:11+01:00,22.2,15.9
2024-01-29T03:20:38+01:00,23.4,16.05
2024-01-29T03:23:04+01:00,25.0,16.4
2024-01-29T03:25:30+01:00,20.08,15.85
2024-01-29T03:27:56+01:00,20.02,16.02
2024-01-29T03:30:22+01:00,25.38,18.25
2024-01-29T03:32:48+01:00,24.88,18.42
2024-01-29T03:35:14+01:00,25.25,18.48
2024-01-29T03:37:40+01:00,30.48,21.4
2024-01-29T03:40:07+01:00,45.6,29.98
2024-01-29T03:42:33+01:00,42.08,27.5
2024-01-29T03:44:59+01:00,48.0,30.27
2024-01-29T03:47:25+01:00,79.3,41.85
2024-01-29T03:49:51+01:00,85.5,43.67
2024-01-29T03:52:17+01:00,61.5,33.88
2024-01-29T03:54:44+01:00,64.5,36.7
2024-01-29T03:57:10+01:00,77.72,42.53
2024-01-29T03:59:37+01:00,56.05,32.6
2024-01-29T04:02:03+01:00,50.78,28.88
2024-01-29T04:04:29+01:00,46.65,29.08
2024-01-29T04:06:55+01:00,49.0,30.08
2024-01-29T04:09:21+01:00,51.97,30.35
2024-01-29T04:11:47+01:00,53.88,30.4
2024-01-29T04:14:13+01:00,49.97,30.52
2024-01-29T04:16:39+01:00,47.45,29.35
2024-01-29T04:19:06+01:00,46.53,29.33
2024-01-29T04:21:32+01:00,47.15,26.95
2024-01-29T04:23:59+01:00,38.6,26.7
2024-01-29T04:26:25+01:00,38.58,24.92
2024-01-29T04:28:51+01:00,42.47,29.77
2024-01-29T04:31:17+01:00,42.15,30.05
2024-01-29T04:33:43+01:00,42.38,30.98
2024-01-29T04:36:09+01:00,38.53,26.4
2024-01-29T04:38:35+01:00,51.5,32.92
2024-01-29T04:41:01+01:00,51.35,33.45
2024-01-29T04:43:27+01:00,49.75,32.8
2024-01-29T04:45:53+01:00,42.03,29.65
2024-01-29T04:48:19+01:00,45.28,30.98
2024-01-29T04:50:48+01:00,42.78,29.25
2024-01-29T04:53:14+01:00,38.25,27.25
2024-01-29T04:55:40+01:00,37.4,26.48
2024-01-29T04:58:07+01:00,129.18,57.5
2024-01-29T05:00:33+01:00,99.9,48.28
2024-01-29T05:02:59+01:00,44.63,29.6
2024-01-29T05:05:25+01:00,69.97,42.22
2024-01-29T05:07:51+01:00,59.75,34.92
2024-01-29T05:10:17+01:00,41.6,28.5
2024-01-29T05:12:43+01:00,34.7,25.75
2024-01-29T05:15:09+01:00,39.38,26.0
2024-01-29T05:17:35+01:00,35.5,28.08
2024-01-29T05:20:02+01:00,36.97,27.3
2024-01-29T05:22:30+01:00,38.58,28.17
2024-01-29T05:24:58+01:00,37.67,26.6
2024-01-29T05:27:24+01:00,47.3,38.53
2024-01-29T05:29:50+01:00,47.85,36.75
2024-01-29T05:32:16+01:00,43.2,31.08
2024-01-29T05:34:42+01:00,36.58,26.38
2024-01-29T05:37:09+01:00,41.15,33.03
2024-01-29T05:39:38+01:00,38.42,29.75
2024-01-29T05:42:04+01:00,48.38,32.58
2024-01-29T05:44:31+01:00,38.75,27.65
2024-01-29T05:47:00+01:00,41.75,27.98
2024-01-29T05:49:26+01:00,45.08,30.83
2024-01-29T05:51:52+01:00,47.83,32.22
2024-01-29T05:54:18+01:00,43.72,29.75
2024-01-29T05:56:44+01:00,50.58,31.27
2024-01-29T05:59:10+01:00,53.65,32.7
2024-01-29T06:01:36+01:00,77.32,46.35
2024-01-29T06:04:02+01:00,62.15,38.97
2024-01-29T06:06:28+01:00,67.93,40.25
2024-01-29T06:08:54+01:00,57.2,37.67
2024-01-29T06:11:21+01:00,47.45,31.48
2024-01-29T06:13:47+01:00,45.7,29.25
2024-01-29T06:16:14+01:00,40.9,28.2
2024-01-29T06:18:40+01:00,57.42,38.75
2024-01-29T06:21:07+01:00,40.42,29.13
2024-01-29T06:23:33+01:00,45.8,30.9
2024-01-29T06:25:59+01:00,47.72,33.72
2024-01-29T06:28:25+01:00,46.85,34.3
2024-01-29T06:30:51+01:00,54.78,35.97
2024-01-29T06:33:17+01:00,48.6,32.55
2024-01-29T06:35:43+01:00,48.08,33.45
2024-01-29T06:38:09+01:00,48.72,34.53
2024-01-29T06:40:35+01:00,49.5,33.6
2024-01-29T06:43:01+01:00,41.08,30.63
2024-01-29T06:45:27+01:00,47.0,33.25
2024-01-29T06:47:53+01:00,49.35,33.5
2024-01-29T06:50:19+01:00,47.17,31.98
2024-01-29T06:52:46+01:00,50.38,35.13
2024-01-29T06:55:12+01:00,51.05,34.42
2024-01-29T06:57:38+01:00,49.2,33.95
2024-01-29T07:00:04+01:00,44.33,30.27
2024-01-29T07:02:37+01:00,46.42,28.5
2024-01-29T07:05:08+01:00,42.4,29.3
2024-01-29T07:07:35+01:00,38.78,27.05
2024-01-29T07:10:01+01:00,47.33,32.72
2024-01-29T07:12:27+01:00,45.58,32.05
2024-01-29T07:14:53+01:00,47.13,32.83
2024-01-29T07:17:19+01:00,49.25,34.17
2024-01-29T07:19:45+01:00,50.75,36.03
2024-01-29T07:22:11+01:00,52.65,33.58
2024-01-29T07:24:37+01:00,58.25,39.95
2024-01-29T07:27:03+01:00,67.53,43.88
2024-01-29T07:29:29+01:00,66.78,43.3
2024-01-29T07:31:55+01:00,68.03,42.67
2024-01-29T07:34:21+01:00,56.58,40.78
2024-01-29T07:36:51+01:00,56.42,39.8
2024-01-29T07:39:18+01:00,59.33,38.42
2024-01-29T07:41:44+01:00,52.58,36.72
2024-01-29T07:44:10+01:00,51.0,35.95
2024-01-29T07:46:36+01:00,50.15,35.22
2024-01-29T07:49:02+01:00,46.08,31.98
2024-01-29T07:51:28+01:00,45.9,32.08
2024-01-29T07:53:54+01:00,43.58,30.73
2024-01-29T07:56:22+01:00,40.88,27.48
2024-01-29T07:58:48+01:00,42.88,28.63
2024-01-29T08:01:18+01:00,75.78,47.85
2024-01-29T08:03:47+01:00,62.13,42.78
2024-01-29T08:06:13+01:00,65.9,44.53
2024-01-29T08:08:39+01:00,71.2,49.03
2024-01-29T08:11:05+01:00,69.35,47.42
2024-01-29T08:13:31+01:00,60.78,41.95
2024-01-29T08:15:57+01:00,50.33,36.78
2024-01-29T08:18:24+01:00,53.22,37.22
2024-01-29T08:20:50+01:00,49.92,33.8
2024-01-29T08:23:16+01:00,41.72,28.48
2024-01-29T08:25:42+01:00,39.13,28.23
2024-01-29T08:28:09+01:00,49.2,33.2
2024-01-29T08:30:35+01:00,52.45,34.63
2024-01-29T08:33:01+01:00,51.35,36.85
2024-01-29T08:35:27+01:00,65.68,38.63
2024-01-29T08:37:53+01:00,68.72,42.42
2024-01-29T08:40:20+01:00,55.05,35.75
2024-01-29T08:42:46+01:00,38.42,27.83
2024-01-29T08:45:13+01:00,46.85,31.27
2024-01-29T08:47:39+01:00,51.7,33.1
2024-01-29T08:50:05+01:00,49.9,31.0
2024-01-29T08:52:31+01:00,51.08,33.1
2024-01-29T08:54:57+01:00,48.65,31.25
2024-01-29T08:57:25+01:00,39.7,28.48
2024-01-29T08:59:51+01:00,37.33,27.38
2024-01-29T09:02:17+01:00,34.17,25.2
2024-01-29T09:04:43+01:00,40.67,26.77
2024-01-29T09:07:09+01:00,35.7,27.65
2024-01-29T09:09:35+01:00,42.33,28.9
2024-01-29T09:12:01+01:00,36.15,27.8
2024-01-29T09:14:27+01:00,35.1,25.2
2024-01-29T09:16:53+01:00,40.25,25.73
2024-01-29T09:19:19+01:00,35.1,24.58
2024-01-29T09:21:45+01:00,34.7,24.88
2024-01-29T09:24:11+01:00,32.63,23.92
2024-01-29T09:26:37+01:00,31.8,23.3
2024-01-29T09:29:03+01:00,32.25,22.52
2024-01-29T09:31:29+01:00,31.42,24.2
2024-01-29T09:33:56+01:00,30.83,23.73
2024-01-29T09:36:22+01:00,30.23,23.13
2024-01-29T09:38:48+01:00,29.35,20.75
2024-01-29T09:41:15+01:00,29.25,20.52
2024-01-29T09:43:41+01:00,30.58,22.63
2024-01-29T09:46:07+01:00,32.8,22.1
2024-01-29T09:48:34+01:00,30.27,21.48
2024-01-29T09:51:00+01:00,26.05,20.42
2024-01-29T09:53:26+01:00,25.83,17.73
2024-01-29T09:55:52+01:00,23.65,17.42
2024-01-29T09:58:18+01:00,23.52,17.3
2024-01-29T10:00:46+01:00,28.05,17.52
2024-01-29T10:03:14+01:00,26.35,17.55
2024-01-29T10:05:40+01:00,27.25,17.98
2024-01-29T10:08:07+01:00,27.33,18.6
2024-01-29T10:10:33+01:00,30.2,19.73
2024-01-29T10:12:59+01:00,24.7,18.58
2024-01-29T10:15:25+01:00,27.92,18.6
2024-01-29T10:17:51+01:00,29.23,19.27
2024-01-29T10:20:17+01:00,28.02,19.17
2024-01-29T10:22:43+01:00,24.2,16.65
2024-01-29T10:25:10+01:00,23.63,16.45
2024-01-29T10:27:36+01:00,28.27,19.77
2024-01-29T10:30:03+01:00,26.13,16.65
2024-01-29T10:32:32+01:00,23.85,15.82
2024-01-29T10:34:58+01:00,21.48,15.43
2024-01-29T10:37:24+01:00,21.63,15.02
2024-01-29T10:39:50+01:00,15.7,11.88
2024-01-29T10:42:18+01:00,23.33,11.95
2024-01-29T10:44:45+01:00,19.05,12.13
2024-01-29T10:47:12+01:00,13.88,10.77
2024-01-29T10:49:39+01:00,22.73,12.55
2024-01-29T10:52:07+01:00,17.5,12.13
2024-01-29T10:54:35+01:00,19.05,10.73
2024-01-29T10:57:02+01:00,19.63,12.27
2024-01-29T10:59:28+01:00,14.4,10.9
2024-01-29T11:01:55+01:00,17.27,10.5
2024-01-29T11:04:21+01:00,15.48,11.48
2024-01-29T11:06:47+01:00,15.07,10.68
2024-01-29T11:09:14+01:00,18.88,11.07
2024-01-29T11:11:41+01:00,14.13,10.02
2024-01-29T11:14:08+01:00,16.52,10.68
2024-01-29T11:16:34+01:00,14.23,10.5
2024-01-29T11:19:00+01:00,20.45,13.5
2024-01-29T11:21:27+01:00,17.58,11.2
2024-01-29T11:23:58+01:00,22.77,11.55
2024-01-29T11:26:24+01:00,16.38,11.45
2024-01-29T11:29:04+01:00,15.82,10.73
2024-01-29T11:31:31+01:00,18.55,11.7
2024-01-29T11:33:58+01:00,17.65,10.75
2024-01-29T11:36:24+01:00,20.67,12.75
2024-01-29T11:38:51+01:00,18.05,10.48
2024-01-29T11:41:18+01:00,13.88,10.25
2024-01-29T11:43:47+01:00,18.77,11.1
2024-01-29T11:46:55+01:00,13.13,9.4
2024-01-29T11:49:02+01:00,14.65,9.35
2024-01-29T11:51:30+01:00,14.05,9.93
2024-01-29T11:53:59+01:00,15.02,9.43
2024-01-29T11:56:26+01:00,13.1,9.25
2024-01-29T11:58:53+01:00,15.68,9.38
2024-01-29T12:01:23+01:00,14.82,9.8
2024-01-29T12:03:49+01:00,13.3,9.1
2024-01-29T12:08:43+01:00,12.5,9.15
2024-01-29T12:11:10+01:00,12.98,8.9
2024-01-29T12:13:37+01:00,12.18,7.68
2024-01-29T12:16:03+01:00,12.95,7.5
2024-01-29T12:18:35+01:00,9.88,6.7
2024-01-29T12:21:01+01:00,9.2,7.65
2024-01-29T12:23:28+01:00,12.88,7.55
2024-01-29T12:26:00+01:00,12.43,7.47
2024-01-29T12:28:29+01:00,11.77,7.1
2024-01-29T12:30:55+01:00,10.15,6.95
2024-01-29T12:33:21+01:00,10.48,7.28
2024-01-29T12:35:47+01:00,12.73,7.78
2024-01-29T12:38:20+01:00,12.07,7.32
2024-01-29T12:40:47+01:00,21.83,12.4
2024-01-29T12:43:13+01:00,8.93,6.68
2024-01-29T12:45:40+01:00,12.05,7.45
2024-01-29T12:48:16+01:00,16.33,7.5
2024-01-29T12:50:44+01:00,11.35,6.97
2024-01-29T12:53:11+01:00,14.9,7.45
2024-01-29T12:55:38+01:00,11.25,7.45
2024-01-29T12:58:14+01:00,20.88,13.68
2024-01-29T13:00:41+01:00,22.52,11.95
2024-01-29T13:03:09+01:00,36.8,19.48
2024-01-29T13:05:35+01:00,23.55,12.85
2024-01-29T13:08:02+01:00,10.3,7.1
2024-01-29T13:10:28+01:00,8.43,6.68
2024-01-29T13:12:55+01:00,8.8,6.9
2024-01-29T13:15:21+01:00,11.68,7.3
2024-01-29T13:17:47+01:00,15.0,8.45
2024-01-29T13:20:14+01:00,10.88,7.22
2024-01-29T13:22:40+01:00,13.4,9.55
2024-01-29T13:25:10+01:00,13.1,9.02
2024-01-29T13:27:39+01:00,16.17,9.05
2024-01-29T13:30:10+01:00,15.68,8.7
2024-01-29T13:32:39+01:00,10.35,7.5
2024-01-29T13:35:22+01:00,12.38,8.52
2024-01-29T13:37:49+01:00,16.3,8.63
2024-01-29T13:40:15+01:00,14.0,7.43
2024-01-29T13:42:41+01:00,12.2,7.35
2024-01-29T13:45:08+01:00,7.22,5.7
2024-01-29T13:47:34+01:00,6.6,5.07
2024-01-29T13:50:00+01:00,7.57,5.55
2024-01-29T13:52:26+01:00,16.13,9.1
2024-01-29T13:54:54+01:00,12.1,6.88
2024-01-29T13:57:23+01:00,6.53,4.72
2024-01-29T13:59:49+01:00,9.2,5.38
2024-01-29T14:02:15+01:00,12.18,5.78
2024-01-29T14:04:41+01:00,7.55,4.97
2024-01-29T14:07:07+01:00,6.55,4.63
2024-01-29T14:09:33+01:00,11.02,5.2
2024-01-29T14:11:59+01:00,15.5,7.7
2024-01-29T14:14:28+01:00,6.97,4.82
2024-01-29T14:16:54+01:00,5.95,4.82
2024-01-29T14:19:21+01:00,14.35,7.63
2024-01-29T14:21:47+01:00,5.8,4.7
2024-01-29T14:24:13+01:00,8.15,4.63
2024-01-29T14:26:39+01:00,7.9,5.0
2024-01-29T14:29:09+01:00,10.15,7.38
2024-01-29T14:31:36+01:00,7.68,5.1
2024-01-29T14:34:02+01:00,8.23,4.63
2024-01-29T14:36:28+01:00,8.38,5.07
2024-01-29T14:38:54+01:00,8.65,5.88
2024-01-29T14:41:20+01:00,7.3,5.88
2024-01-29T14:43:47+01:00,8.73,5.4
2024-01-29T14:46:16+01:00,7.9,4.88
2024-01-29T14:48:43+01:00,9.25,5.38
2024-01-29T14:51:15+01:00,7.85,5.43
2024-01-29T14:53:41+01:00,8.05,6.18
2024-01-29T14:56:07+01:00,8.45,5.97
2024-01-29T14:58:33+01:00,6.32,4.78
2024-01-29T15:00:59+01:00,6.65,3.8
2024-01-29T15:03:25+01:00,5.5,4.1
2024-01-29T15:05:51+01:00,7.28,5.3
2024-01-29T15:08:17+01:00,5.43,3.8
2024-01-29T15:10:43+01:00,4.8,3.5
2024-01-29T15:13:09+01:00,4.88,3.63
2024-01-29T15:15:36+01:00,5.7,3.88
2024-01-29T15:18:02+01:00,10.55,7.15
2024-01-29T15:20:29+01:00,11.63,5.6
2024-01-29T15:22:55+01:00,6.45,4.9
2024-01-29T15:25:23+01:00,16.5,9.8
2024-01-29T15:27:49+01:00,12.2,7.75
2024-01-29T15:30:16+01:00,9.23,5.68
2024-01-29T15:32:43+01:00,7.05,4.68
2024-01-29T15:35:09+01:00,22.05,7.8
2024-01-29T15:37:35+01:00,7.7,5.03
2024-01-29T15:40:02+01:00,7.45,4.57
2024-01-29T15:42:28+01:00,11.75,8.13
2024-01-29T15:44:54+01:00,12.45,8.48
2024-01-29T15:47:23+01:00,22.25,12.02
2024-01-29T15:49:50+01:00,9.13,6.53
2024-01-29T15:52:16+01:00,9.77,6.93
2024-01-29T15:54:43+01:00,13.15,7.6
2024-01-29T15:57:09+01:00,10.1,7.5
2024-01-29T15:59:35+01:00,15.4,9.55
2024-01-29T16:02:02+01:00,15.63,10.25
2024-01-29T16:04:31+01:00,14.6,10.4
2024-01-29T16:06:58+01:00,28.13,11.57
2024-01-29T16:09:24+01:00,27.65,18.0
2024-01-29T16:11:50+01:00,26.2,16.15
2024-01-29T16:14:16+01:00,28.33,15.65
2024-01-29T16:16:42+01:00,18.9,13.65
2024-01-29T16:19:08+01:00,27.55,15.82
2024-01-29T16:21:34+01:00,16.58,12.0
2024-01-29T16:24:00+01:00,22.4,13.18
2024-01-29T16:26:26+01:00,19.58,13.27
2024-01-29T16:28:53+01:00,18.8,12.63
2024-01-29T16:31:20+01:00,17.48,12.25
2024-01-29T16:33:46+01:00,15.25,11.65
2024-01-29T16:36:12+01:00,16.48,10.93
2024-01-29T16:38:38+01:00,12.57,10.55
2024-01-29T16:41:04+01:00,15.88,11.0
2024-01-29T16:43:36+01:00,15.38,11.35
2024-01-29T16:46:03+01:00,35.8,20.95
2024-01-29T16:48:29+01:00,25.4,16.33
2024-01-29T16:50:55+01:00,28.0,18.17
2024-01-29T16:53:23+01:00,27.63,19.73
2024-01-29T16:55:49+01:00,29.08,20.73
2024-01-29T16:58:15+01:00,17.33,11.15
2024-01-29T17:00:41+01:00,19.17,10.77
2024-01-29T17:03:07+01:00,14.88,10.55
2024-01-29T17:05:33+01:00,14.07,9.7
2024-01-29T17:08:03+01:00,16.27,10.77
2024-01-29T17:10:30+01:00,18.17,11.73
2024-01-29T17:12:56+01:00,18.8,12.98
2024-01-29T17:15:23+01:00,18.48,11.98
2024-01-29T17:17:51+01:00,20.08,13.38
2024-01-29T17:20:18+01:00,15.07,11.48
2024-01-29T17:22:44+01:00,18.1,10.63
2024-01-29T17:25:13+01:00,20.8,11.13
2024-01-29T17:27:40+01:00,15.7,10.73
2024-01-29T17:30:06+01:00,16.45,10.93
2024-01-29T17:32:32+01:00,16.77,11.73
2024-01-29T17:34:58+01:00,19.5,12.23
2024-01-29T17:37:24+01:00,15.2,10.63
2024-01-29T17:39:50+01:00,20.4,9.73
2024-01-29T17:42:17+01:00,16.45,11.32
2024-01-29T17:44:43+01:00,15.07,10.18
2024-01-29T17:47:11+01:00,12.75,9.7
2024-01-29T17:49:39+01:00,14.63,9.73
2024-01-29T17:52:06+01:00,18.63,10.0
2024-01-29T17:54:32+01:00,14.0,10.4
2024-01-29T17:57:04+01:00,13.45,9.85
2024-01-29T17:59:33+01:00,17.52,10.15
2024-01-29T18:02:01+01:00,14.43,11.7
2024-01-29T18:04:29+01:00,15.27,11.32
2024-01-29T18:07:00+01:00,16.4,10.98
2024-01-29T18:09:26+01:00,14.4,10.98
2024-01-29T18:11:52+01:00,23.0,13.77
2024-01-29T18:14:18+01:00,35.53,20.23
2024-01-29T18:16:44+01:00,34.97,18.88
2024-01-29T18:19:10+01:00,25.25,16.38
2024-01-29T18:21:36+01:00,23.95,17.45
2024-01-29T18:24:05+01:00,30.27,20.23
2024-01-29T18:26:32+01:00,20.6,14.98
2024-01-29T18:28:59+01:00,34.05,21.7
2024-01-29T18:31:25+01:00,11.95,9.35
2024-01-29T18:33:51+01:00,23.38,13.73
2024-01-29T18:36:17+01:00,19.23,13.07
2024-01-29T18:38:44+01:00,21.17,13.18
2024-01-29T18:41:11+01:00,16.4,10.57
2024-01-29T18:43:40+01:00,22.5,14.27
2024-01-29T18:46:06+01:00,28.33,17.52
2024-01-29T18:48:33+01:00,13.43,10.07
2024-01-29T18:50:59+01:00,12.75,9.65
2024-01-29T18:53:26+01:00,15.75,11.4
2024-01-29T18:55:52+01:00,13.25,10.18
2024-01-29T18:58:18+01:00,14.85,9.2
2024-01-29T19:00:44+01:00,15.98,11.15
2024-01-29T19:03:10+01:00,22.52,13.88
2024-01-29T19:05:36+01:00,21.3,13.38
2024-01-29T19:08:02+01:00,13.4,10.48
2024-01-29T19:10:29+01:00,14.68,10.45
2024-01-29T19:12:55+01:00,15.55,11.13
2024-01-29T19:15:21+01:00,10.8,8.57
2024-01-29T19:17:47+01:00,15.6,9.2
2024-01-29T19:20:13+01:00,22.3,9.23
2024-01-29T19:22:39+01:00,14.35,9.15
2024-01-29T19:25:05+01:00,15.2,9.8
2024-01-29T19:27:31+01:00,12.6,8.95
2024-01-29T19:29:57+01:00,19.65,12.1
2024-01-29T19:32:23+01:00,16.17,11.57
2024-01-29T19:34:50+01:00,18.17,11.98
2024-01-29T19:37:17+01:00,20.15,11.6
2024-01-29T19:39:43+01:00,25.33,16.05
2024-01-29T19:42:10+01:00,21.35,14.1
2024-01-29T19:44:37+01:00,31.17,16.7
2024-01-29T19:47:03+01:00,16.6,10.85
2024-01-29T19:49:29+01:00,14.0,10.18
2024-01-29T19:52:02+01:00,16.98,11.52
2024-01-29T19:54:28+01:00,25.13,16.73
2024-01-29T19:56:54+01:00,37.42,21.88
2024-01-29T19:59:20+01:00,65.28,31.63
2024-01-29T20:01:47+01:00,14.4,10.25
2024-01-29T20:04:13+01:00,14.93,10.5
2024-01-29T20:06:40+01:00,21.8,14.5
2024-01-29T20:09:07+01:00,17.23,11.25
2024-01-29T20:11:34+01:00,29.58,17.1
2024-01-29T20:14:04+01:00,17.52,10.9
2024-01-29T20:16:30+01:00,13.98,9.77
2024-01-29T20:18:57+01:00,15.6,11.2
2024-01-29T20:21:23+01:00,16.9,9.82
2024-01-29T20:23:49+01:00,13.07,10.35
2024-01-29T20:26:15+01:00,12.48,9.0
2024-01-29T20:28:41+01:00,14.2,9.9
2024-01-29T20:31:07+01:00,12.13,8.77
2024-01-29T20:33:34+01:00,11.73,9.1
2024-01-29T20:36:00+01:00,14.13,9.52
2024-01-29T20:38:27+01:00,10.75,7.88
2024-01-29T20:40:54+01:00,10.95,8.25
2024-01-29T20:43:20+01:00,9.45,7.22
2024-01-29T20:45:47+01:00,12.25,8.48
2024-01-29T20:48:16+01:00,14.55,8.9
2024-01-29T20:50:42+01:00,13.9,9.07
2024-01-29T20:53:08+01:00,13.2,9.1
2024-01-29T20:55:34+01:00,11.13,8.45
2024-01-29T20:58:00+01:00,11.52,8.35
2024-01-29T21:00:26+01:00,11.98,8.43
2024-01-29T21:02:52+01:00,12.68,9.38
2024-01-29T21:05:18+01:00,12.13,7.78
2024-01-29T21:07:45+01:00,14.23,9.05
2024-01-29T21:10:11+01:00,15.0,10.35
2024-01-29T21:12:37+01:00,29.1,15.45
2024-01-29T21:15:03+01:00,38.97,24.42
2024-01-29T21:17:30+01:00,49.85,32.15
2024-01-29T21:19:56+01:00,50.97,33.4
2024-01-29T21:22:22+01:00,41.33,25.38
2024-01-29T21:24:49+01:00,33.45,22.73
2024-01-29T21:27:15+01:00,19.08,12.88
2024-01-29T21:29:44+01:00,17.13,11.05
2024-01-29T21:32:10+01:00,12.4,8.9
2024-01-29T21:34:36+01:00,10.98,7.68
2024-01-29T21:37:03+01:00,10.52,7.93
2024-01-29T21:39:29+01:00,11.57,7.68
2024-01-29T21:41:56+01:00,16.13,8.8
2024-01-29T21:44:23+01:00,14.05,9.6
2024-01-29T21:46:49+01:00,15.75,9.9
2024-01-29T21:49:16+01:00,13.45,8.63
2024-01-29T21:51:43+01:00,15.95,10.65
2024-01-29T21:54:09+01:00,14.9,9.43
2024-01-29T21:56:36+01:00,14.73,8.82
2024-01-29T21:59:03+01:00,13.8,9.68
2024-01-29T22:01:29+01:00,19.3,11.13
2024-01-29T22:03:57+01:00,17.5,9.07
2024-01-29T22:06:24+01:00,12.52,8.43
2024-01-29T22:08:50+01:00,10.8,8.45
2024-01-29T22:11:16+01:00,15.6,10.4
2024-01-29T22:13:42+01:00,16.85,9.93
2024-01-29T22:16:08+01:00,18.88,10.98
2024-01-29T22:18:35+01:00,14.02,10.18
2024-01-29T22:21:01+01:00,16.58,9.02
2024-01-29T22:23:27+01:00,13.02,8.77
2024-01-29T22:25:53+01:00,11.35,8.8
2024-01-29T22:28:20+01:00,17.67,10.43
2024-01-29T22:30:46+01:00,24.5,16.05
2024-01-29T22:33:12+01:00,28.98,17.75
2024-01-29T22:35:38+01:00,26.02,17.85
2024-01-29T22:38:04+01:00,25.8,17.15
2024-01-29T22:40:30+01:00,25.17,16.88
2024-01-29T22:42:58+01:00,42.25,21.8
2024-01-29T22:45:24+01:00,17.65,12.18
2024-01-29T22:47:50+01:00,23.3,13.93
2024-01-29T22:50:16+01:00,32.6,20.63
2024-01-29T22:52:43+01:00,25.42,17.73
2024-01-29T22:55:09+01:00,69.65,53.08
2024-01-29T22:57:35+01:00,33.35,23.27
2024-01-29T23:00:01+01:00,32.85,23.27
2024-01-29T23:02:27+01:00,31.65,19.33
2024-01-29T23:04:53+01:00,47.7,29.38
2024-01-29T23:07:19+01:00,36.75,20.95
2024-01-29T23:09:49+01:00,53.75,31.42
2024-01-29T23:12:15+01:00,36.65,24.42
2024-01-29T23:14:41+01:00,27.27,17.5
2024-01-29T23:17:08+01:00,27.38,16.48
2024-01-29T23:19:34+01:00,29.2,21.33
2024-01-29T23:22:01+01:00,25.1,17.42
2024-01-29T23:24:27+01:00,21.33,15.5
2024-01-29T23:26:53+01:00,29.5,20.17
2024-01-29T23:29:19+01:00,29.63,18.98
2024-01-29T23:31:45+01:00,40.03,25.88
2024-01-29T23:34:11+01:00,44.3,25.02
2024-01-29T23:36:38+01:00,62.65,39.7
2024-01-29T23:39:04+01:00,56.03,35.47
2024-01-29T23:41:31+01:00,49.08,31.35
2024-01-29T23:43:58+01:00,35.63,23.77
2024-01-29T23:46:24+01:00,30.55,21.2
2024-01-29T23:48:54+01:00,38.95,25.27
2024-01-29T23:51:21+01:00,35.83,24.1
2024-01-29T23:53:47+01:00,45.2,27.6
2024-01-29T23:56:13+01:00,51.5,29.23
2024-01-29T23:58:39+01:00,48.5,27.7
2024-01-30T00:01:06+01:00,59.72,36.1
2024-01-30T00:03:32+01:00,79.07,51.4
2024-01-30T00:05:58+01:00,64.65,39.95
2024-01-30T00:08:24+01:00,51.38,31.33
2024-01-30T00:10:51+01:00,61.63,40.25
2024-01-30T00:13:17+01:00,59.53,35.67
2024-01-30T00:15:45+01:00,49.63,32.85
2024-01-30T00:18:11+01:00,89.0,58.42
2024-01-30T00:20:37+01:00,56.55,38.88
2024-01-30T00:23:03+01:00,63.83,40.78
2024-01-30T00:25:29+01:00,71.07,41.13
2024-01-30T00:27:56+01:00,68.43,39.42
2024-01-30T00:30:22+01:00,65.07,38.75
2024-01-30T00:32:48+01:00,32.65,21.25
2024-01-30T00:35:14+01:00,35.28,23.55
2024-01-30T00:37:40+01:00,50.78,28.65
2024-01-30T00:40:07+01:00,95.3,51.85
2024-01-30T00:42:33+01:00,64.68,36.05
2024-01-30T00:44:59+01:00,21.83,15.38
2024-01-30T00:47:25+01:00,22.3,13.25
2024-01-30T00:49:51+01:00,26.27,17.33
2024-01-30T00:52:27+01:00,18.5,13.18
2024-01-30T00:54:53+01:00,24.38,13.07
2024-01-30T00:57:20+01:00,17.77,13.57
2024-01-30T00:59:46+01:00,17.65,12.6
2024-01-30T01:02:12+01:00,16.98,12.73
2024-01-30T01:04:38+01:00,19.88,13.07
2024-01-30T01:07:04+01:00,16.8,12.7
2024-01-30T01:09:30+01:00,17.4,12.63
2024-01-30T01:11:56+01:00,19.02,12.13
2024-01-30T01:14:22+01:00,17.85,12.02
2024-01-30T01:16:49+01:00,16.75,12.43
2024-01-30T01:19:15+01:00,17.7,12.38
2024-01-30T01:21:41+01:00,16.48,12.07
2024-01-30T01:24:07+01:00,18.08,12.63
2024-01-30T01:26:33+01:00,19.25,12.18
2024-01-30T01:28:59+01:00,14.75,10.98
2024-01-30T01:31:25+01:00,16.65,12.48
2024-01-30T01:33:51+01:00,15.55,11.82
2024-01-30T01:36:17+01:00,15.02,10.65
2024-01-30T01:38:43+01:00,16.33,10.6
2024-01-30T01:41:09+01:00,16.42,11.05
2024-01-30T01:43:36+01:00,14.27,10.25
2024-01-30T01:46:02+01:00,13.65,10.8
2024-01-30T01:48:28+01:00,15.18,10.7
2024-01-30T01:50:54+01:00,11.25,9.27
2024-01-30T01:53:20+01:00,12.07,8.82
2024-01-30T01:55:46+01:00,10.73,9.2
2024-01-30T01:58:12+01:00,10.63,8.35
2024-01-30T02:00:39+01:00,11.2,8.32
2024-01-30T02:03:05+01:00,10.8,8.2
2024-01-30T02:05:31+01:00,10.23,8.13
2024-01-30T02:07:57+01:00,12.18,9.2
2024-01-30T02:10:23+01:00,18.3,11.93
2024-01-30T02:12:49+01:00,22.85,15.52
2024-01-30T02:15:15+01:00,44.75,32.78
2024-01-30T02:17:41+01:00,78.57,56.05
2024-01-30T02:20:08+01:00,91.43,71.38
2024-01-30T02:22:35+01:00,70.13,52.28
2024-01-30T02:25:03+01:00,51.88,40.95
2024-01-30T02:27:32+01:00,44.05,33.08
2024-01-30T02:29:59+01:00,50.6,38.97
2024-01-30T02:32:25+01:00,52.25,37.8
2024-01-30T02:34:51+01:00,27.58,20.08
2024-01-30T02:37:17+01:00,19.8,10.4
2024-01-30T02:39:43+01:00,14.82,7.25
2024-01-30T02:42:09+01:00,17.9,11.85
2024-01-30T02:44:35+01:00,31.02,25.02
2024-01-30T02:47:02+01:00,25.6,19.08
2024-01-30T02:49:28+01:00,38.2,30.42
2024-01-30T02:51:55+01:00,27.38,21.27
2024-01-30T02:54:25+01:00,8.27,5.18
2024-01-30T02:56:51+01:00,28.23,22.65
2024-01-30T02:59:18+01:00,21.17,11.1
2024-01-30T03:01:44+01:00,25.77,13.0
2024-01-30T03:04:14+01:00,20.52,9.75
2024-01-30T03:06:40+01:00,30.77,23.35
2024-01-30T03:09:06+01:00,20.73,17.02
2024-01-30T03:11:34+01:00,24.83,18.63
2024-01-30T03:14:03+01:00,17.63,8.98
2024-01-30T03:16:30+01:00,17.0,8.27
2024-01-30T03:18:56+01:00,21.75,9.68
2024-01-30T03:21:22+01:00,21.33,10.57
2024-01-30T03:23:49+01:00,24.85,18.92
2024-01-30T03:26:15+01:00,25.98,20.35
2024-01-30T03:28:41+01:00,18.0,9.7
2024-01-30T03:31:07+01:00,20.27,10.43
2024-01-30T03:33:33+01:00,11.73,6.53
2024-01-30T03:35:59+01:00,11.85,6.55
2024-01-30T03:38:26+01:00,23.4,18.23
2024-01-30T03:40:53+01:00,30.42,22.85
2024-01-30T03:43:20+01:00,23.67,18.9
2024-01-30T03:45:46+01:00,25.77,20.23
2024-01-30T03:48:12+01:00,22.45,10.05
2024-01-30T03:50:38+01:00,18.63,10.15
2024-01-30T03:53:04+01:00,20.05,8.35
2024-01-30T03:55:30+01:00,30.55,21.73
2024-01-30T03:57:56+01:00,27.35,21.02
2024-01-30T04:00:23+01:00,30.15,20.1
2024-01-30T04:02:49+01:00,29.67,20.05
2024-01-30T04:05:15+01:00,28.27,20.5
2024-01-30T04:07:41+01:00,28.0,20.02
2024-01-30T04:10:07+01:00,14.35,8.0
2024-01-30T04:12:34+01:00,22.48,9.75
2024-01-30T04:15:00+01:00,32.2,21.77
2024-01-30T04:17:26+01:00,32.58,21.77
2024-01-30T04:19:52+01:00,36.13,26.2
2024-01-30T04:22:18+01:00,36.4,24.45
2024-01-30T04:24:44+01:00,25.63,11.52
2024-01-30T04:27:10+01:00,22.17,11.0
2024-01-30T04:29:36+01:00,23.45,11.13
2024-01-30T04:32:02+01:00,29.95,12.5
2024-01-30T04:34:29+01:00,10.13,5.32
2024-01-30T04:36:55+01:00,25.42,11.55
2024-01-30T04:39:21+01:00,34.05,24.42
2024-01-30T04:41:47+01:00,42.35,25.95
2024-01-30T04:44:13+01:00,20.45,9.68
2024-01-30T04:46:39+01:00,25.5,11.95
2024-01-30T04:49:05+01:00,19.9,11.02
2024-01-30T04:51:31+01:00,35.3,24.2
2024-01-30T04:53:57+01:00,34.55,25.98
2024-01-30T04:56:24+01:00,25.05,10.57
2024-01-30T04:58:50+01:00,21.23,10.85
2024-01-30T05:01:16+01:00,19.3,9.38
2024-01-30T05:03:43+01:00,80.38,35.33
2024-01-30T05:06:09+01:00,29.35,11.9
2024-01-30T05:08:35+01:00,34.0,24.45
2024-01-30T05:11:05+01:00,21.55,11.75
2024-01-30T05:13:31+01:00,20.25,10.27
2024-01-30T05:15:58+01:00,37.4,26.45
2024-01-30T05:21:30+01:00,34.5,14.95
2024-01-30T05:23:56+01:00,29.67,13.48
2024-01-30T05:26:22+01:00,31.42,16.2
2024-01-30T05:28:48+01:00,26.17,14.3
2024-01-30T05:31:14+01:00,31.2,15.8
2024-01-30T05:33:40+01:00,42.53,21.3
2024-01-30T05:36:08+01:00,42.95,18.42
2024-01-30T05:38:37+01:00,48.4,22.38
2024-01-30T05:41:04+01:00,55.33,41.65
2024-01-30T05:43:30+01:00,36.67,17.42
2024-01-30T05:45:56+01:00,42.58,18.1
2024-01-30T05:48:22+01:00,28.52,9.9
2024-01-30T05:50:48+01:00,43.45,19.1
2024-01-30T05:53:14+01:00,26.63,9.77
2024-01-30T05:55:41+01:00,38.45,14.55
2024-01-30T05:58:07+01:00,78.15,26.25
2024-01-30T06:00:33+01:00,75.28,22.7
2024-01-30T06:02:59+01:00,49.38,18.7
2024-01-30T06:05:25+01:00,56.8,37.58
2024-01-30T06:07:51+01:00,42.58,17.98
2024-01-30T06:10:17+01:00,24.02,11.13
2024-01-30T06:12:43+01:00,62.13,21.75
2024-01-30T06:15:09+01:00,41.22,16.65
2024-01-30T06:17:35+01:00,70.68,25.42
2024-01-30T06:20:01+01:00,38.13,16.13
2024-01-30T06:22:27+01:00,53.4,25.5
2024-01-30T06:24:53+01:00,46.65,19.92
2024-01-30T06:27:19+01:00,40.83,17.35
2024-01-30T06:29:45+01:00,37.25,16.95
2024-01-30T06:32:12+01:00,39.6,22.2
2024-01-30T06:34:38+01:00,17.23,8.8
2024-01-30T06:37:04+01:00,27.88,14.85
2024-01-30T06:39:30+01:00,29.05,13.15
2024-01-30T06:41:58+01:00,28.75,14.57
2024-01-30T06:44:24+01:00,30.83,13.68
2024-01-30T06:46:50+01:00,32.65,12.55
2024-01-30T06:49:16+01:00,22.77,11.63
2024-01-30T06:51:42+01:00,31.27,13.73
2024-01-30T06:54:08+01:00,30.02,13.98
2024-01-30T06:56:34+01:00,35.4,13.5
2024-01-30T06:59:00+01:00,31.3,12.65
2024-01-30T07:01:26+01:00,24.33,10.95
2024-01-30T07:03:52+01:00,25.45,11.05
2024-01-30T07:06:18+01:00,19.27,9.02
2024-01-30T07:08:44+01:00,29.98,12.35
2024-01-30T07:11:10+01:00,38.15,13.63
2024-01-30T07:13:37+01:00,40.33,15.45
2024-01-30T07:16:03+01:00,43.38,17.35
2024-01-30T07:18:30+01:00,36.2,14.45
2024-01-30T07:20:56+01:00,42.55,12.43
2024-01-30T07:23:22+01:00,38.95,23.5
2024-01-30T07:25:48+01:00,46.3,26.6
2024-01-30T07:28:14+01:00,46.97,30.23
2024-01-30T07:30:41+01:00,42.28,27.88
2024-01-30T07:33:07+01:00,43.7,25.55
2024-01-30T07:35:33+01:00,69.03,36.47
2024-01-30T07:38:01+01:00,64.07,35.67
2024-01-30T07:40:27+01:00,54.63,36.15
2024-01-30T07:42:53+01:00,49.78,31.4
2024-01-30T07:45:19+01:00,45.78,29.08
2024-01-30T07:47:45+01:00,38.63,25.85
2024-01-30T07:50:11+01:00,31.4,22.17
2024-01-30T07:52:37+01:00,33.08,20.95
2024-01-30T07:55:03+01:00,28.7,19.48
2024-01-30T07:57:29+01:00,25.42,18.63
2024-01-30T07:59:55+01:00,25.0,17.63
2024-01-30T08:02:22+01:00,26.25,16.6
2024-01-30T08:04:48+01:00,45.42,26.27
2024-01-30T08:07:14+01:00,56.83,37.28
2024-01-30T08:09:40+01:00,53.45,32.9
2024-01-30T08:12:07+01:00,42.85,27.6
2024-01-30T08:14:33+01:00,36.95,23.27
2024-01-30T08:16:59+01:00,35.72,23.52
2024-01-30T08:19:25+01:00,68.82,39.0
2024-01-30T08:21:51+01:00,81.32,40.65
2024-01-30T08:24:17+01:00,44.5,28.95
2024-01-30T08:26:44+01:00,49.15,26.8
2024-01-30T08:29:10+01:00,36.45,22.33
2024-01-30T08:31:36+01:00,28.23,19.48
2024-01-30T08:34:02+01:00,24.85,18.95
2024-01-30T08:36:28+01:00,27.25,20.95
2024-01-30T08:38:54+01:00,24.1,16.45
2024-01-30T08:41:20+01:00,20.38,15.32
2024-01-30T08:43:46+01:00,22.65,15.85
2024-01-30T08:46:12+01:00,25.08,17.55
2024-01-30T08:48:38+01:00,22.98,17.05
2024-01-30T08:51:05+01:00,23.88,18.08
2024-01-30T08:53:31+01:00,23.3,17.33
2024-01-30T08:55:57+01:00,30.95,19.7
2024-01-30T08:58:23+01:00,28.98,20.58
2024-01-30T09:00:52+01:00,34.2,23.65
2024-01-30T09:03:18+01:00,31.0,21.8
2024-01-30T09:05:44+01:00,31.33,20.8
2024-01-30T09:08:10+01:00,28.98,21.08
2024-01-30T09:10:36+01:00,35.63,23.25
2024-01-30T09:13:02+01:00,36.1,22.6
2024-01-30T09:15:29+01:00,27.38,18.83
2024-01-30T09:17:55+01:00,28.7,19.6
2024-01-30T09:20:25+01:00,30.77,21.17
2024-01-30T09:22:52+01:00,28.02,18.55
2024-01-30T09:25:18+01:00,27.55,17.65
2024-01-30T09:27:44+01:00,24.7,15.82
2024-01-30T09:30:10+01:00,28.7,18.7
2024-01-30T09:32:36+01:00,24.83,18.55
2024-01-30T09:35:02+01:00,22.27,16.33
2024-01-30T09:37:29+01:00,23.67,17.27
2024-01-30T09:39:55+01:00,23.75,17.98
2024-01-30T09:42:21+01:00,26.38,17.08
2024-01-30T09:44:48+01:00,26.2,18.85
2024-01-30T09:47:16+01:00,22.6,15.5
2024-01-30T09:49:43+01:00,21.5,14.57
2024-01-30T09:52:12+01:00,18.13,13.57
2024-01-30T09:54:38+01:00,16.73,12.7
2024-01-30T09:57:05+01:00,19.17,12.25
2024-01-30T09:59:31+01:00,19.3,13.05
2024-01-30T10:01:57+01:00,17.13,12.1
2024-01-30T10:04:24+01:00,15.77,11.73
2024-01-30T10:06:50+01:00,16.5,11.3
2024-01-30T10:09:16+01:00,14.68,10.65
2024-01-30T10:11:43+01:00,13.63,9.7
2024-01-30T10:14:09+01:00,12.4,9.63
2024-01-30T10:16:35+01:00,12.2,9.52
2024-01-30T10:19:01+01:00,12.63,9.75
2024-01-30T10:21:27+01:00,13.7,9.43
2024-01-30T10:24:01+01:00,14.02,10.2
2024-01-30T10:26:29+01:00,14.77,11.27
2024-01-30T10:28:55+01:00,18.45,10.93
2024-01-30T10:31:21+01:00,13.0,9.85
2024-01-30T10:33:47+01:00,13.68,9.73
2024-01-30T10:36:14+01:00,15.88,10.6
2024-01-30T10:38:43+01:00,12.48,9.68
2024-01-30T10:41:09+01:00,14.15,9.93
2024-01-30T10:43:38+01:00,15.07,9.7
2024-01-30T10:46:05+01:00,11.27,8.1
2024-01-30T10:48:33+01:00,10.85,7.35
2024-01-30T10:51:00+01:00,9.5,7.5
2024-01-30T10:53:26+01:00,10.4,7.93
2024-01-30T10:55:52+01:00,13.25,7.4
2024-01-30T10:58:18+01:00,10.27,7.4
2024-01-30T11:00:44+01:00,10.6,6.7
2024-01-30T11:03:10+01:00,12.02,7.5
2024-01-30T11:05:39+01:00,18.17,9.88
2024-01-30T11:08:06+01:00,11.98,8.68
2024-01-30T11:10:35+01:00,10.82,8.07
2024-01-30T11:13:01+01:00,12.65,8.43
2024-01-30T11:15:28+01:00,13.02,8.93
2024-01-30T11:17:54+01:00,11.52,8.25
2024-01-30T11:20:20+01:00,11.65,8.88
2024-01-30T11:22:47+01:00,10.88,7.57
2024-01-30T11:25:14+01:00,10.77,8.2
2024-01-30T11:27:41+01:00,13.75,7.7
2024-01-30T11:30:07+01:00,18.8,8.95
2024-01-30T11:32:34+01:00,12.77,8.95
2024-01-30T11:35:00+01:00,19.52,9.0
2024-01-30T11:37:26+01:00,12.0,8.77
2024-01-30T11:39:54+01:00,13.88,8.68
2024-01-30T11:42:22+01:00,11.95,8.25
2024-01-30T11:47:34+01:00,11.63,8.4
2024-01-30T11:50:01+01:00,11.02,8.05
2024-01-30T11:52:31+01:00,10.07,8.23
2024-01-30T11:54:58+01:00,9.93,7.97
2024-01-30T11:57:27+01:00,11.38,9.05
2024-01-30T11:59:57+01:00,10.07,7.35
2024-01-30T12:02:24+01:00,8.6,6.97
2024-01-30T12:04:54+01:00,10.65,7.47
2024-01-30T12:07:24+01:00,11.98,7.38
2024-01-30T12:09:51+01:00,14.75,8.3
2024-01-30T12:12:27+01:00,11.82,7.7
2024-01-30T12:15:06+01:00,8.63,6.97
2024-01-30T12:17:45+01:00,9.75,7.38
2024-01-30T12:20:22+01:00,9.93,6.82
2024-01-30T12:22:49+01:00,12.15,8.25
2024-01-30T12:25:17+01:00,8.25,6.7
2024-01-30T12:27:44+01:00,10.55,6.93
2024-01-30T12:30:10+01:00,12.68,6.75
2024-01-30T12:32:36+01:00,9.88,6.93
2024-01-30T12:35:03+01:00,9.13,6.03
2024-01-30T12:37:31+01:00,7.72,5.72
2024-01-30T12:39:57+01:00,12.55,6.4
2024-01-30T12:42:24+01:00,10.57,6.43
2024-01-30T12:44:51+01:00,9.02,6.47
2024-01-30T12:47:17+01:00,8.9,6.63
2024-01-30T12:49:43+01:00,12.27,6.82
2024-01-30T12:52:09+01:00,7.45,5.5
2024-01-30T12:54:36+01:00,9.55,5.65
2024-01-30T12:57:05+01:00,7.72,5.88
2024-01-30T12:59:31+01:00,9.35,6.28
2024-01-30T13:01:57+01:00,8.82,6.32
2024-01-30T13:04:23+01:00,8.75,6.1
2024-01-30T13:06:52+01:00,10.73,6.1
2024-01-30T13:09:18+01:00,7.4,5.93
2024-01-30T13:11:47+01:00,7.5,5.7
2024-01-30T13:14:14+01:00,9.7,6.22
2024-01-30T13:16:42+01:00,7.7,5.8
2024-01-30T13:19:08+01:00,8.75,5.63
2024-01-30T13:21:34+01:00,9.2,6.0
2024-01-30T13:24:01+01:00,7.6,5.82
2024-01-30T13:26:27+01:00,8.13,5.6
2024-01-30T13:28:56+01:00,8.0,5.5
2024-01-30T13:31:31+01:00,6.75,5.28
2024-01-30T13:34:01+01:00,7.45,5.7
2024-01-30T13:36:28+01:00,9.1,5.88
2024-01-30T13:38:56+01:00,18.45,5.6
2024-01-30T13:41:22+01:00,7.35,5.38
2024-01-30T13:43:53+01:00,6.47,5.07
2024-01-30T13:46:19+01:00,9.38,5.78
2024-01-30T13:48:45+01:00,8.38,5.68
2024-01-30T13:51:11+01:00,8.85,5.85
2024-01-30T13:53:37+01:00,10.1,5.3
2024-01-30T13:56:03+01:00,9.38,5.13
2024-01-30T13:58:29+01:00,9.75,5.5
2024-01-30T14:00:56+01:00,9.9,6.57
2024-01-30T14:03:22+01:00,7.88,5.55
2024-01-30T14:05:48+01:00,8.77,5.47
2024-01-30T14:08:14+01:00,9.27,6.03
2024-01-30T14:10:40+01:00,9.43,6.2
2024-01-30T14:13:08+01:00,9.07,6.4
2024-01-30T14:15:34+01:00,9.77,5.55
2024-01-30T14:18:00+01:00,12.32,5.9
2024-01-30T14:20:27+01:00,9.77,5.38
2024-01-30T14:22:53+01:00,13.0,6.82
2024-01-30T14:25:19+01:00,10.8,7.43
2024-01-30T14:27:45+01:00,17.83,12.15
2024-01-30T14:30:11+01:00,23.9,14.2
2024-01-30T14:32:38+01:00,8.5,6.55
2024-01-30T14:35:06+01:00,11.35,6.8
2024-01-30T14:37:32+01:00,8.63,5.65
2024-01-30T14:39:58+01:00,10.52,6.72
2024-01-30T14:42:24+01:00,18.0,10.23
2024-01-30T14:44:50+01:00,10.48,7.1
2024-01-30T14:47:16+01:00,9.85,6.75
2024-01-30T14:49:44+01:00,10.57,6.75
2024-01-30T14:52:10+01:00,11.05,6.6
2024-01-30T14:54:36+01:00,10.32,6.0
2024-01-30T14:57:02+01:00,10.93,6.07
2024-01-30T14:59:28+01:00,7.0,5.38
2024-01-30T15:01:54+01:00,9.38,5.8
2024-01-30T15:04:20+01:00,9.2,6.18
2024-01-30T15:06:46+01:00,7.65,5.6
2024-01-30T15:09:13+01:00,11.2,6.4
2024-01-30T15:11:40+01:00,9.45,5.95
2024-01-30T15:14:06+01:00,10.45,6.4
2024-01-30T15:16:33+01:00,10.8,6.38
2024-01-30T15:18:59+01:00,7.8,5.75
2024-01-30T15:21:25+01:00,9.43,6.25
2024-01-30T15:23:51+01:00,11.27,5.45
2024-01-30T15:26:17+01:00,8.45,5.35
2024-01-30T15:28:43+01:00,9.98,5.6
2024-01-30T15:31:11+01:00,7.5,5.63
2024-01-30T15:33:37+01:00,7.82,5.3
2024-01-30T15:36:03+01:00,12.45,5.97
2024-01-30T15:38:29+01:00,9.13,6.3
2024-01-30T15:40:56+01:00,8.27,5.6
2024-01-30T15:43:22+01:00,7.45,5.78
2024-01-30T15:45:48+01:00,24.7,7.13
2024-01-30T15:48:15+01:00,20.38,9.1
2024-01-30T15:50:41+01:00,11.75,6.0
2024-01-30T15:53:07+01:00,12.32,7.0
2024-01-30T15:55:33+01:00,12.55,6.38
2024-01-30T15:57:59+01:00,9.48,6.22
2024-01-30T16:00:27+01:00,11.5,6.18
2024-01-30T16:02:53+01:00,10.6,6.5
2024-01-30T16:05:19+01:00,9.23,6.4
2024-01-30T16:07:45+01:00,8.98,5.75
2024-01-30T16:10:11+01:00,9.52,6.63
2024-01-30T16:12:38+01:00,12.23,6.68
2024-01-30T16:15:06+01:00,8.77,6.2
2024-01-30T16:17:32+01:00,11.57,6.93
2024-01-30T16:19:58+01:00,13.3,6.9
2024-01-30T16:22:25+01:00,9.13,6.5
2024-01-30T16:24:51+01:00,10.52,7.55
2024-01-30T16:27:17+01:00,11.25,6.9
2024-01-30T16:29:44+01:00,11.43,7.35
2024-01-30T16:32:10+01:00,23.83,8.15
2024-01-30T16:34:36+01:00,12.5,7.45
2024-01-30T16:37:03+01:00,9.63,6.93
2024-01-30T16:39:29+01:00,13.8,7.97
2024-01-30T16:41:55+01:00,11.5,7.32
2024-01-30T16:44:23+01:00,10.8,7.4
2024-01-30T16:46:49+01:00,10.6,7.7
2024-01-30T16:49:15+01:00,11.07,7.07
2024-01-30T16:51:41+01:00,12.25,6.63
2024-01-30T16:54:07+01:00,12.4,7.5
2024-01-30T16:56:33+01:00,11.75,7.22
2024-01-30T16:58:59+01:00,10.05,8.05
2024-01-30T17:01:26+01:00,12.15,8.07
2024-01-30T17:03:52+01:00,16.25,7.95
2024-01-30T17:06:18+01:00,11.88,8.82
2024-01-30T17:08:44+01:00,11.77,7.9
2024-01-30T17:11:10+01:00,11.32,8.1
2024-01-30T17:13:37+01:00,12.27,9.38
2024-01-30T17:16:06+01:00,13.4,8.7
2024-01-30T17:18:32+01:00,14.45,8.43
2024-01-30T17:20:58+01:00,12.52,8.3
2024-01-30T17:23:25+01:00,13.1,7.7
2024-01-30T17:25:53+01:00,40.38,9.93
2024-01-30T17:28:19+01:00,11.48,7.55
2024-01-30T17:30:45+01:00,12.57,7.68
2024-01-30T17:33:11+01:00,16.3,7.57
2024-01-30T17:35:37+01:00,13.02,6.93
2024-01-30T17:38:05+01:00,12.65,7.53
2024-01-30T17:40:31+01:00,12.2,8.25
2024-01-30T17:42:58+01:00,12.6,6.7
2024-01-30T17:45:24+01:00,10.52,6.97
2024-01-30T17:47:51+01:00,14.88,8.95
2024-01-30T17:50:17+01:00,14.2,7.65
2024-01-30T17:52:43+01:00,9.68,7.2
2024-01-30T17:55:09+01:00,12.3,7.68
2024-01-30T17:57:35+01:00,14.43,8.7
2024-01-30T18:00:01+01:00,22.42,11.2
2024-01-30T18:02:28+01:00,25.55,12.05
2024-01-30T18:04:54+01:00,23.48,13.1
2024-01-30T18:07:21+01:00,26.63,14.0
2024-01-30T18:09:48+01:00,35.9,20.42
2024-01-30T18:12:14+01:00,50.25,28.48
2024-01-30T18:14:40+01:00,46.0,31.58
2024-01-30T18:17:07+01:00,42.3,25.5
2024-01-30T18:19:34+01:00,45.05,28.23
2024-01-30T18:22:00+01:00,60.55,36.42
2024-01-30T18:24:28+01:00,65.78,35.97
2024-01-30T18:26:54+01:00,40.38,22.7
2024-01-30T18:29:20+01:00,47.97,27.98
2024-01-30T18:31:46+01:00,30.77,18.55
2024-01-30T18:34:13+01:00,53.53,32.7
2024-01-30T18:36:39+01:00,27.88,16.4
2024-01-30T18:39:06+01:00,34.22,21.15
2024-01-30T18:41:33+01:00,38.97,23.83
2024-01-30T18:44:01+01:00,29.27,19.8
2024-01-30T18:46:27+01:00,26.58,17.17
2024-01-30T18:48:53+01:00,29.6,17.27
2024-01-30T18:51:19+01:00,25.9,15.77
2024-01-30T18:53:45+01:00,24.77,15.2
2024-01-30T18:56:11+01:00,25.48,12.4
2024-01-30T18:58:37+01:00,22.7,13.73
2024-01-30T19:01:06+01:00,34.15,22.77
2024-01-30T19:03:32+01:00,59.38,42.75
2024-01-30T19:05:58+01:00,43.25,29.27
2024-01-30T19:08:27+01:00,57.0,37.47
2024-01-30T19:10:53+01:00,61.63,38.08
2024-01-30T19:13:20+01:00,42.9,28.05
2024-01-30T19:15:46+01:00,24.98,13.65
2024-01-30T19:18:12+01:00,20.85,11.9
2024-01-30T19:20:38+01:00,22.6,12.75
2024-01-30T19:23:05+01:00,19.77,11.68
2024-01-30T19:25:31+01:00,25.52,13.02
2024-01-30T19:27:57+01:00,25.3,13.57
2024-01-30T19:30:23+01:00,21.63,12.18
2024-01-30T19:32:50+01:00,15.82,11.55
2024-01-30T19:35:17+01:00,18.65,11.4
2024-01-30T19:37:43+01:00,20.77,11.7
2024-01-30T19:40:09+01:00,17.17,10.65
2024-01-30T19:42:35+01:00,18.4,11.32
2024-01-30T19:45:01+01:00,24.4,16.45
2024-01-30T19:47:28+01:00,17.67,12.43
2024-01-30T19:49:54+01:00,70.88,40.78
2024-01-30T19:52:20+01:00,62.45,35.17
2024-01-30T19:54:46+01:00,70.57,38.95
2024-01-30T19:57:13+01:00,53.95,28.92
2024-01-30T19:59:39+01:00,53.45,25.6
2024-01-30T20:02:05+01:00,51.3,27.3
2024-01-30T20:04:31+01:00,36.88,21.15
2024-01-30T20:06:57+01:00,62.4,32.47
2024-01-30T20:09:24+01:00,56.83,30.42
2024-01-30T20:11:52+01:00,58.55,24.95
2024-01-30T20:14:19+01:00,76.45,41.08
2024-01-30T20:17:00+01:00,110.0,60.35
2024-01-30T20:19:26+01:00,126.38,68.15
2024-01-30T20:21:52+01:00,136.1,71.8
2024-01-30T20:24:18+01:00,146.52,82.63
2024-01-30T20:26:44+01:00,164.23,90.88
2024-01-30T20:29:10+01:00,190.77,99.47
2024-01-30T20:31:36+01:00,175.7,97.18
2024-01-30T20:34:02+01:00,179.52,104.53
2024-01-30T20:36:29+01:00,180.45,104.13
2024-01-30T20:38:55+01:00,206.75,109.45
2024-01-30T20:41:23+01:00,130.18,73.68
2024-01-30T20:43:50+01:00,90.13,50.92
2024-01-30T20:46:16+01:00,97.15,54.63
2024-01-30T20:48:42+01:00,83.72,44.97
2024-01-30T20:51:08+01:00,71.5,38.53
2024-01-30T20:53:34+01:00,68.8,36.8
2024-01-30T20:56:03+01:00,58.2,32.2
2024-01-30T20:58:30+01:00,52.7,29.55
2024-01-30T21:00:56+01:00,50.22,29.7
2024-01-30T21:03:23+01:00,50.63,29.7
2024-01-30T21:05:49+01:00,47.83,15.23
2024-01-30T21:08:15+01:00,51.6,27.23
2024-01-30T21:10:41+01:00,51.17,28.65
2024-01-30T21:13:08+01:00,47.2,27.42
2024-01-30T21:15:34+01:00,34.85,21.55
2024-01-30T21:18:00+01:00,34.8,22.77
2024-01-30T21:20:27+01:00,37.6,22.55
2024-01-30T21:22:53+01:00,25.63,10.85
2024-01-30T21:25:19+01:00,33.08,21.3
2024-01-30T21:27:45+01:00,34.38,20.33
2024-01-30T21:30:11+01:00,41.2,22.35
2024-01-30T21:32:38+01:00,46.2,22.65
2024-01-30T21:35:05+01:00,35.33,22.38
2024-01-30T21:37:36+01:00,32.3,12.6
2024-01-30T21:40:02+01:00,21.9,11.27
2024-01-30T21:42:29+01:00,35.17,11.65
2024-01-30T21:44:55+01:00,44.05,28.98
2024-01-30T21:47:21+01:00,13.68,8.95
2024-01-30T21:49:47+01:00,33.63,22.85
2024-01-30T21:52:13+01:00,27.48,13.15
2024-01-30T21:54:39+01:00,18.58,9.52
2024-01-30T21:57:06+01:00,17.73,9.23
2024-01-30T21:59:32+01:00,9.45,5.28
2024-01-30T22:01:58+01:00,38.35,19.8
2024-01-30T22:04:24+01:00,5.32,3.53
2024-01-30T22:06:50+01:00,12.25,6.07
2024-01-30T22:09:16+01:00,13.5,6.68
2024-01-30T22:11:42+01:00,20.9,9.2
2024-01-30T22:14:08+01:00,11.02,7.2
2024-01-30T22:16:34+01:00,23.1,10.43
2024-01-30T22:19:01+01:00,28.52,11.5
2024-01-30T22:21:27+01:00,53.58,31.23
2024-01-30T22:23:54+01:00,46.95,27.25
2024-01-30T22:26:20+01:00,61.2,32.88
2024-01-30T22:28:47+01:00,39.75,13.73
2024-01-30T22:31:13+01:00,38.78,16.6
2024-01-30T22:33:41+01:00,36.05,14.4
2024-01-30T22:36:07+01:00,55.5,32.67
2024-01-30T22:38:33+01:00,17.38,9.98
2024-01-30T22:41:00+01:00,181.9,46.75
2024-01-30T22:43:26+01:00,55.15,22.1
2024-01-30T22:45:52+01:00,93.9,26.27
2024-01-30T22:48:19+01:00,62.15,23.05
2024-01-30T22:50:45+01:00,61.08,20.6
2024-01-30T22:53:11+01:00,57.67,23.63
2024-01-30T22:55:37+01:00,74.47,39.83
2024-01-30T22:58:03+01:00,63.88,24.75
2024-01-30T23:00:29+01:00,41.92,16.15
2024-01-30T23:02:55+01:00,61.28,21.83
2024-01-30T23:05:21+01:00,45.13,18.77
2024-01-30T23:07:47+01:00,54.35,19.48
2024-01-30T23:10:13+01:00,38.7,17.08
2024-01-30T23:12:39+01:00,49.15,18.6
2024-01-30T23:15:06+01:00,52.97,20.83
2024-01-30T23:17:32+01:00,45.58,19.6
2024-01-30T23:19:58+01:00,34.13,14.88
2024-01-30T23:22:24+01:00,11.48,5.93
2024-01-30T23:24:50+01:00,58.33,21.02
2024-01-30T23:27:17+01:00,44.9,20.85
2024-01-30T23:29:43+01:00,47.3,19.25
2024-01-30T23:32:09+01:00,43.95,16.85
2024-01-30T23:34:35+01:00,37.72,15.07
2024-01-30T23:37:02+01:00,21.05,10.32
2024-01-30T23:39:28+01:00,62.15,28.1
2024-01-30T23:41:55+01:00,68.57,24.5
2024-01-30T23:44:21+01:00,69.32,25.75
2024-01-30T23:46:47+01:00,62.5,22.1
2024-01-30T23:49:13+01:00,55.83,22.48
2024-01-30T23:51:39+01:00,71.07,23.67
2024-01-30T23:54:05+01:00,69.45,27.85
2024-01-30T23:56:31+01:00,43.38,14.57
2024-01-30T23:58:57+01:00,67.22,25.75
2024-01-31T00:01:23+01:00,74.32,28.58
2024-01-31T00:03:49+01:00,76.3,27.98
2024-01-31T00:06:16+01:00,31.25,15.98
2024-01-31T00:08:42+01:00,63.38,26.52
2024-01-31T00:11:11+01:00,65.6,26.4
2024-01-31T00:13:40+01:00,68.9,25.25
2024-01-31T00:16:08+01:00,66.8,22.88
2024-01-31T00:18:34+01:00,63.53,24.38
2024-01-31T00:21:00+01:00,70.88,27.5
2024-01-31T00:23:26+01:00,69.63,27.55
2024-01-31T00:25:52+01:00,57.2,23.8
2024-01-31T00:28:18+01:00,60.72,22.67
2024-01-31T00:30:44+01:00,51.17,22.65
2024-01-31T00:33:12+01:00,52.53,22.42
2024-01-31T00:35:38+01:00,56.28,23.98
2024-01-31T00:38:04+01:00,56.33,23.38
2024-01-31T00:40:30+01:00,61.3,23.85
2024-01-31T00:42:56+01:00,54.25,23.6
2024-01-31T00:45:22+01:00,62.0,22.48
2024-01-31T00:47:49+01:00,49.4,20.55
2024-01-31T00:50:15+01:00,52.03,20.45
2024-01-31T00:52:44+01:00,61.92,24.55
2024-01-31T00:55:11+01:00,71.47,25.05
2024-01-31T00:57:37+01:00,80.43,31.8
2024-01-31T01:00:03+01:00,77.57,28.15
2024-01-31T01:02:32+01:00,73.97,29.6
2024-01-31T01:04:58+01:00,61.63,22.9
2024-01-31T01:07:25+01:00,59.13,24.73
2024-01-31T01:09:51+01:00,71.32,26.55
2024-01-31T01:12:17+01:00,63.4,23.42
2024-01-31T01:14:43+01:00,49.25,20.65
2024-01-31T01:17:10+01:00,38.83,18.6
2024-01-31T01:19:36+01:00,38.13,15.43
2024-01-31T01:22:02+01:00,34.47,11.93
2024-01-31T01:24:28+01:00,25.65,12.5
2024-01-31T01:26:54+01:00,25.6,12.2
2024-01-31T01:29:21+01:00,15.55,8.63
2024-01-31T01:31:47+01:00,14.45,7.2
2024-01-31T01:34:13+01:00,29.67,11.65
2024-01-31T01:36:39+01:00,22.05,10.9
2024-01-31T01:39:05+01:00,28.8,12.85
2024-01-31T01:41:31+01:00,23.83,10.73
2024-01-31T01:43:57+01:00,32.35,13.2
2024-01-31T01:46:23+01:00,39.5,15.05
2024-01-31T01:48:49+01:00,35.78,15.5
2024-01-31T01:51:15+01:00,40.83,15.2
2024-01-31T01:53:41+01:00,48.5,17.2
2024-01-31T01:56:08+01:00,53.0,19.8
2024-01-31T01:58:34+01:00,76.25,23.58
2024-01-31T02:01:00+01:00,46.33,18.45
2024-01-31T02:03:26+01:00,36.38,14.57
2024-01-31T02:05:52+01:00,27.77,13.52
2024-01-31T02:08:18+01:00,37.5,15.23
2024-01-31T02:10:44+01:00,29.63,13.25
2024-01-31T02:13:10+01:00,32.75,12.65
2024-01-31T02:15:37+01:00,39.05,14.85
2024-01-31T02:18:03+01:00,35.92,16.17
2024-01-31T02:20:29+01:00,45.9,18.67
2024-01-31T02:22:55+01:00,52.9,19.83
2024-01-31T02:25:21+01:00,48.33,18.45
2024-01-31T02:27:47+01:00,37.35,15.9
2024-01-31T02:30:19+01:00,38.6,16.83
2024-01-31T02:32:45+01:00,33.78,15.15
2024-01-31T02:35:11+01:00,53.22,21.1
2024-01-31T02:37:38+01:00,39.4,17.73
2024-01-31T02:40:05+01:00,48.95,18.85
2024-01-31T02:42:31+01:00,62.65,25.02
2024-01-31T02:44:58+01:00,42.17,19.5
2024-01-31T02:47:24+01:00,24.67,12.65
2024-01-31T02:49:50+01:00,54.05,18.83
2024-01-31T02:52:16+01:00,35.25,15.5
2024-01-31T02:54:42+01:00,32.72,15.82
2024-01-31T02:57:09+01:00,45.67,17.35
2024-01-31T02:59:35+01:00,50.3,18.23
2024-01-31T03:02:01+01:00,44.0,18.45
2024-01-31T03:04:28+01:00,45.08,17.15
2024-01-31T03:06:55+01:00,40.72,16.1
2024-01-31T03:09:21+01:00,26.05,12.7
2024-01-31T03:11:47+01:00,27.38,11.9
2024-01-31T03:14:13+01:00,20.73,10.2
2024-01-31T03:16:39+01:00,21.3,9.6
2024-01-31T03:19:09+01:00,18.52,8.85
2024-01-31T03:21:35+01:00,20.05,8.35
2024-01-31T03:24:02+01:00,30.7,11.88
2024-01-31T03:26:29+01:00,17.3,8.95
2024-01-31T03:28:55+01:00,19.05,9.52
2024-01-31T03:31:21+01:00,16.8,9.5
2024-01-31T03:33:48+01:00,18.25,9.55
2024-01-31T03:36:14+01:00,18.42,8.93
2024-01-31T03:38:40+01:00,21.13,10.5
2024-01-31T03:41:07+01:00,18.35,9.3
2024-01-31T03:43:33+01:00,21.08,10.0
2024-01-31T03:45:59+01:00,19.75,10.27
2024-01-31T03:48:25+01:00,18.17,9.82
2024-01-31T03:50:51+01:00,23.98,10.75
2024-01-31T03:53:17+01:00,26.5,9.57
2024-01-31T03:55:43+01:00,24.2,9.5
2024-01-31T03:58:09+01:00,23.08,10.75
2024-01-31T04:00:37+01:00,20.52,10.43
2024-01-31T04:03:03+01:00,19.27,8.9
2024-01-31T04:05:29+01:00,13.25,6.82
2024-01-31T04:07:55+01:00,24.0,10.5
2024-01-31T04:10:21+01:00,15.07,9.07
2024-01-31T04:12:47+01:00,20.35,8.63
2024-01-31T04:15:13+01:00,19.52,9.32
2024-01-31T04:17:39+01:00,22.15,9.1
2024-01-31T04:20:05+01:00,22.15,9.5
2024-01-31T04:22:32+01:00,20.77,9.7
2024-01-31T04:24:59+01:00,24.65,9.25
2024-01-31T04:27:25+01:00,19.98,10.65
2024-01-31T04:29:51+01:00,16.3,9.13
2024-01-31T04:32:17+01:00,23.83,9.13
2024-01-31T04:34:43+01:00,14.63,7.95
2024-01-31T04:37:09+01:00,22.08,9.77
2024-01-31T04:39:35+01:00,7.93,5.95
2024-01-31T04:42:01+01:00,19.55,9.02
2024-01-31T04:44:28+01:00,14.98,7.03
2024-01-31T04:46:54+01:00,12.38,6.2
2024-01-31T04:49:20+01:00,13.45,6.88
2024-01-31T04:51:46+01:00,15.27,8.2
2024-01-31T04:54:13+01:00,13.95,6.95
2024-01-31T04:56:39+01:00,12.8,7.13
2024-01-31T04:59:05+01:00,19.1,9.4
2024-01-31T05:01:33+01:00,16.38,8.73
2024-01-31T05:03:59+01:00,7.57,4.55
2024-01-31T05:06:25+01:00,45.4,15.95
2024-01-31T05:08:51+01:00,27.25,12.75
2024-01-31T05:11:17+01:00,22.17,10.05
2024-01-31T05:13:43+01:00,23.73,10.77
2024-01-31T05:16:13+01:00,22.42,11.2
2024-01-31T05:18:39+01:00,29.6,13.25
2024-01-31T05:21:05+01:00,25.98,11.48
2024-01-31T05:23:31+01:00,37.13,20.15
2024-01-31T05:25:58+01:00,26.23,13.2
2024-01-31T05:28:24+01:00,32.3,17.75
2024-01-31T05:30:50+01:00,30.4,14.18
2024-01-31T05:33:16+01:00,26.42,12.45
2024-01-31T05:35:42+01:00,29.67,14.05
2024-01-31T05:38:08+01:00,23.92,11.15
2024-01-31T05:40:34+01:00,7.68,4.55
2024-01-31T05:43:00+01:00,17.6,10.1
2024-01-31T05:45:26+01:00,20.55,11.48
2024-01-31T05:47:52+01:00,23.52,11.3
2024-01-31T05:50:18+01:00,24.05,11.68
2024-01-31T05:52:44+01:00,24.98,11.85
2024-01-31T05:55:10+01:00,20.45,10.85
2024-01-31T05:57:38+01:00,20.13,7.47
2024-01-31T06:00:06+01:00,8.15,6.55
2024-01-31T06:02:32+01:00,39.63,16.35
2024-01-31T06:04:59+01:00,32.53,12.25
2024-01-31T06:07:25+01:00,25.42,12.32
2024-01-31T06:09:51+01:00,35.15,15.25
2024-01-31T06:12:17+01:00,24.2,11.73
2024-01-31T06:14:44+01:00,26.08,10.75
2024-01-31T06:17:10+01:00,17.05,9.02
2024-01-31T06:19:40+01:00,26.67,9.5
2024-01-31T06:22:06+01:00,21.17,10.23
2024-01-31T06:24:32+01:00,43.03,13.15
2024-01-31T06:26:59+01:00,37.35,13.8
2024-01-31T06:29:29+01:00,48.4,16.88
2024-01-31T06:31:55+01:00,36.1,13.63
2024-01-31T06:34:21+01:00,10.75,6.95
2024-01-31T06:36:51+01:00,23.52,11.45
2024-01-31T06:39:17+01:00,34.13,13.35
2024-01-31T06:41:43+01:00,32.88,12.18
2024-01-31T06:44:10+01:00,33.92,13.02
2024-01-31T06:46:36+01:00,28.05,12.18
2024-01-31T06:49:02+01:00,28.6,13.23
2024-01-31T06:51:28+01:00,38.8,14.25
2024-01-31T06:53:54+01:00,45.95,16.27
2024-01-31T06:56:20+01:00,38.83,17.83
2024-01-31T06:58:47+01:00,46.4,16.1
2024-01-31T07:01:13+01:00,45.85,17.08
2024-01-31T07:03:39+01:00,30.13,14.32
2024-01-31T07:06:05+01:00,38.8,16.13
2024-01-31T07:08:32+01:00,13.73,6.8
2024-01-31T07:10:58+01:00,39.03,14.7
2024-01-31T07:13:28+01:00,29.2,11.9
2024-01-31T07:15:54+01:00,22.92,12.15
2024-01-31T07:18:20+01:00,14.95,7.7
2024-01-31T07:20:48+01:00,24.4,10.77
2024-01-31T07:23:14+01:00,30.17,11.52
2024-01-31T07:25:40+01:00,15.02,8.18
2024-01-31T07:28:06+01:00,28.48,13.32
2024-01-31T07:30:33+01:00,12.98,8.68
2024-01-31T07:33:06+01:00,40.38,20.35
2024-01-31T07:35:36+01:00,33.13,12.85
2024-01-31T07:38:03+01:00,49.1,27.65
2024-01-31T07:40:30+01:00,50.35,26.85
2024-01-31T07:42:56+01:00,67.85,37.45
2024-01-31T07:45:22+01:00,66.78,38.3
2024-01-31T07:47:52+01:00,88.85,47.38
2024-01-31T07:50:18+01:00,101.0,58.5
2024-01-31T07:52:47+01:00,89.85,53.38
2024-01-31T07:55:13+01:00,93.95,56.33
2024-01-31T07:57:40+01:00,93.1,58.42
2024-01-31T08:00:07+01:00,89.1,56.65
2024-01-31T08:02:35+01:00,90.07,55.78
2024-01-31T08:05:02+01:00,95.28,57.85
2024-01-31T08:07:29+01:00,123.28,76.65
2024-01-31T08:09:55+01:00,155.68,97.88
2024-01-31T08:12:21+01:00,53.22,34.15
2024-01-31T08:14:47+01:00,46.9,31.33
2024-01-31T08:17:13+01:00,44.03,26.98
2024-01-31T08:19:42+01:00,40.25,26.3
2024-01-31T08:22:09+01:00,40.2,25.13
2024-01-31T08:24:35+01:00,47.15,24.98
2024-01-31T08:27:01+01:00,38.38,23.23
2024-01-31T08:29:27+01:00,38.83,24.42
2024-01-31T08:31:54+01:00,42.58,26.35
2024-01-31T15:10:07+01:00,30.67,19.15
2024-01-31T15:12:34+01:00,27.3,18.35
2024-01-31T15:15:00+01:00,38.08,22.15
2024-01-31T15:17:26+01:00,36.4,22.25
2024-01-31T15:19:52+01:00,38.63,23.4
2024-01-31T15:22:18+01:00,39.97,22.8
2024-01-31T15:24:44+01:00,61.83,33.35
2024-01-31T15:27:10+01:00,71.63,39.17
2024-01-31T15:29:37+01:00,54.33,30.48
2024-01-31T15:32:03+01:00,45.15,29.15
2024-01-31T15:34:30+01:00,48.9,28.25
2024-01-31T15:36:57+01:00,45.85,28.5
2024-01-31T15:39:23+01:00,51.7,33.63
2024-01-31T15:41:49+01:00,40.9,23.13
2024-01-31T15:44:16+01:00,44.55,26.52
2024-01-31T15:46:42+01:00,40.63,23.05
2024-01-31T15:49:08+01:00,42.83,23.1
2024-01-31T15:51:40+01:00,32.03,19.83
2024-01-31T15:54:06+01:00,35.25,19.8
2024-01-31T15:56:45+01:00,44.92,23.4
2024-01-31T15:59:12+01:00,50.47,25.65
2024-01-31T16:01:38+01:00,60.08,33.92
2024-01-31T16:04:04+01:00,46.9,25.35
2024-01-31T16:06:32+01:00,44.67,25.3
2024-01-31T16:08:58+01:00,52.33,25.88
2024-01-31T16:11:24+01:00,62.85,27.17
2024-01-31T16:13:50+01:00,51.2,28.67
2024-01-31T16:16:17+01:00,48.97,28.5
2024-01-31T16:18:43+01:00,78.03,29.83
2024-01-31T16:21:09+01:00,68.93,30.92
2024-01-31T16:23:35+01:00,72.38,34.3
2024-01-31T16:26:01+01:00,71.6,32.92
2024-01-31T16:28:27+01:00,65.53,34.67
2024-01-31T16:30:54+01:00,67.72,36.13
2024-01-31T16:33:20+01:00,63.33,31.98
2024-01-31T16:35:46+01:00,70.18,35.67
2024-01-31T16:38:12+01:00,45.28,25.6
2024-01-31T16:40:38+01:00,46.28,25.83
2024-01-31T16:43:04+01:00,51.8,28.3
2024-01-31T16:45:30+01:00,57.63,31.85
2024-01-31T16:47:56+01:00,65.95,34.1
2024-01-31T16:50:23+01:00,53.72,29.9
2024-01-31T16:52:50+01:00,67.28,36.4
2024-01-31T16:55:16+01:00,72.25,41.35
2024-01-31T16:57:43+01:00,82.88,44.5
2024-01-31T17:00:09+01:00,87.53,45.03
2024-01-31T17:02:35+01:00,102.57,53.55
2024-01-31T17:05:01+01:00,121.9,66.32
2024-01-31T17:07:27+01:00,192.3,85.88
2024-01-31T17:09:53+01:00,174.6,87.1
2024-01-31T17:12:19+01:00,197.27,104.13
2024-01-31T17:14:45+01:00,202.3,104.32
2024-01-31T17:17:11+01:00,170.25,97.68
2024-01-31T17:19:38+01:00,205.5,117.05
2024-01-31T17:22:04+01:00,159.38,87.93
2024-01-31T17:24:30+01:00,160.88,90.97
2024-01-31T17:26:56+01:00,201.02,102.68
2024-01-31T17:29:22+01:00,182.45,100.93
2024-01-31T17:31:48+01:00,175.25,92.8
2024-01-31T17:34:14+01:00,167.77,81.2
2024-01-31T17:36:44+01:00,149.55,72.1
2024-01-31T17:39:11+01:00,142.65,64.18
2024-01-31T17:41:37+01:00,117.8,57.7
2024-01-31T17:44:03+01:00,123.13,53.63
2024-01-31T17:46:30+01:00,94.8,44.58
2024-01-31T17:48:56+01:00,71.47,37.6
2024-01-31T17:51:23+01:00,63.35,37.53
2024-01-31T17:53:49+01:00,65.22,34.85
2024-01-31T17:56:15+01:00,58.9,32.55
2024-01-31T17:58:41+01:00,48.35,29.77
2024-01-31T18:01:08+01:00,47.28,25.85
2024-01-31T18:03:34+01:00,50.42,29.05
2024-01-31T18:06:01+01:00,62.38,33.7
2024-01-31T18:08:27+01:00,87.35,44.7
2024-01-31T18:10:57+01:00,90.4,45.28
2024-01-31T18:13:23+01:00,96.22,47.47
2024-01-31T18:15:49+01:00,94.7,51.35
2024-01-31T18:18:15+01:00,148.88,102.88
2024-01-31T18:20:42+01:00,178.02,110.93
2024-01-31T18:23:09+01:00,123.97,72.13
2024-01-31T18:25:35+01:00,145.18,85.53
2024-01-31T18:28:02+01:00,132.77,83.75
2024-01-31T18:30:29+01:00,141.63,87.05
2024-01-31T18:32:55+01:00,121.65,71.63
2024-01-31T18:35:21+01:00,120.15,65.65
2024-01-31T18:37:47+01:00,110.07,59.65
2024-01-31T18:40:13+01:00,99.47,57.88
2024-01-31T18:42:39+01:00,88.93,48.65
2024-01-31T18:45:08+01:00,90.18,52.65
2024-01-31T18:47:35+01:00,94.25,48.1
2024-01-31T18:50:01+01:00,78.25,43.3
2024-01-31T18:52:27+01:00,123.93,66.55
2024-01-31T18:54:53+01:00,153.57,79.2
2024-01-31T18:57:19+01:00,190.35,103.63
2024-01-31T18:59:46+01:00,183.4,108.53
2024-01-31T19:02:12+01:00,191.0,113.9
2024-01-31T19:04:38+01:00,171.98,99.85
2024-01-31T19:07:04+01:00,178.5,96.03
2024-01-31T19:09:30+01:00,200.65,112.3
2024-01-31T19:11:56+01:00,210.43,118.05
2024-01-31T19:14:22+01:00,183.52,106.3
2024-01-31T19:16:48+01:00,153.48,83.22
2024-01-31T19:19:14+01:00,130.9,71.97
2024-01-31T19:21:40+01:00,105.07,58.0
2024-01-31T19:24:06+01:00,72.97,42.55
2024-01-31T19:26:33+01:00,96.97,51.25
2024-01-31T19:28:59+01:00,91.2,45.1
2024-01-31T19:31:25+01:00,91.1,43.88
2024-01-31T19:33:52+01:00,66.22,34.15
2024-01-31T19:36:18+01:00,76.38,37.78
2024-01-31T19:38:44+01:00,53.7,30.13
2024-01-31T19:41:11+01:00,58.33,34.72
2024-01-31T19:43:37+01:00,80.45,49.4
2024-01-31T19:46:03+01:00,89.22,49.75
2024-01-31T19:48:30+01:00,131.4,76.43
2024-01-31T19:50:56+01:00,133.55,75.65
2024-01-31T19:53:22+01:00,153.48,87.38
2024-01-31T19:55:48+01:00,147.63,85.3
2024-01-31T19:58:14+01:00,148.18,86.38
2024-01-31T20:00:40+01:00,156.15,85.85
2024-01-31T20:03:06+01:00,153.27,88.88
2024-01-31T20:05:32+01:00,166.95,95.35
2024-01-31T20:07:59+01:00,185.4,110.55
2024-01-31T20:10:25+01:00,189.98,110.78
2024-01-31T20:12:51+01:00,198.45,115.47
2024-01-31T20:15:17+01:00,195.15,110.35
2024-01-31T20:17:43+01:00,186.18,110.03
2024-01-31T20:20:10+01:00,207.85,115.95
2024-01-31T20:22:36+01:00,193.35,108.78
2024-01-31T20:25:02+01:00,154.45,88.95
2024-01-31T20:27:29+01:00,198.6,113.2
2024-01-31T20:29:55+01:00,162.07,95.72
2024-01-31T20:32:22+01:00,163.63,93.18
2024-01-31T20:34:49+01:00,189.7,106.43
2024-01-31T20:37:15+01:00,230.6,128.23
2024-01-31T20:39:41+01:00,306.98,179.43
2024-01-31T20:42:07+01:00,252.23,142.52
2024-01-31T20:44:34+01:00,273.23,158.18
2024-01-31T20:47:00+01:00,305.7,179.3
2024-01-31T20:49:26+01:00,290.0,166.1
2024-01-31T20:51:53+01:00,265.3,154.65
2024-01-31T20:54:21+01:00,259.17,147.48
2024-01-31T20:56:47+01:00,237.7,139.8
2024-01-31T20:59:14+01:00,137.25,55.17
2024-01-31T21:01:40+01:00,258.52,145.9
2024-01-31T21:04:06+01:00,271.83,155.57
2024-01-31T21:06:32+01:00,249.25,144.6
2024-01-31T21:08:59+01:00,242.8,136.27
2024-01-31T21:11:25+01:00,207.43,126.8
2024-01-31T21:13:52+01:00,222.75,132.13
2024-01-31T21:16:18+01:00,228.43,129.8
2024-01-31T21:18:44+01:00,220.2,130.27
2024-01-31T21:21:13+01:00,225.32,130.93
2024-01-31T21:23:40+01:00,215.73,128.4
2024-01-31T21:26:06+01:00,229.52,135.4
2024-01-31T21:28:32+01:00,220.6,126.95
2024-01-31T21:30:58+01:00,240.13,135.45
2024-01-31T21:33:25+01:00,221.1,131.95
2024-01-31T21:35:52+01:00,237.02,137.1
2024-01-31T21:38:18+01:00,217.82,131.05
2024-01-31T21:40:47+01:00,215.82,126.25
2024-01-31T21:43:14+01:00,187.65,110.72
2024-01-31T21:45:40+01:00,144.88,55.13
2024-01-31T21:48:06+01:00,133.07,47.45
2024-01-31T21:50:32+01:00,149.05,56.88
2024-01-31T21:52:58+01:00,206.4,125.38
2024-01-31T21:55:25+01:00,133.98,51.5
2024-01-31T21:57:51+01:00,75.38,27.3
2024-01-31T22:00:17+01:00,130.35,46.45
2024-01-31T22:02:43+01:00,203.07,124.3
2024-01-31T22:05:10+01:00,184.23,112.47
2024-01-31T22:07:37+01:00,178.35,107.75
2024-01-31T22:10:06+01:00,191.93,117.7
2024-01-31T22:12:38+01:00,122.3,75.68
2024-01-31T22:15:07+01:00,74.05,44.0
2024-01-31T22:17:33+01:00,40.53,17.48
2024-01-31T22:19:59+01:00,39.97,17.88
2024-01-31T22:22:26+01:00,131.73,78.9
2024-01-31T22:24:52+01:00,116.25,70.88
2024-01-31T22:27:18+01:00,145.02,82.45
2024-01-31T22:29:45+01:00,121.85,42.92
2024-01-31T22:32:11+01:00,104.22,38.78
2024-01-31T22:34:37+01:00,85.32,34.15
2024-01-31T22:37:03+01:00,67.8,28.33
2024-01-31T22:39:29+01:00,62.72,25.88
2024-01-31T22:41:55+01:00,70.68,29.6
2024-01-31T22:44:22+01:00,69.85,30.4
2024-01-31T22:46:48+01:00,66.57,27.8
2024-01-31T22:49:14+01:00,53.55,24.0
2024-01-31T22:51:40+01:00,77.7,31.15
2024-01-31T22:54:07+01:00,111.4,63.63
2024-01-31T22:56:33+01:00,94.1,55.72
2024-01-31T22:58:59+01:00,67.75,24.52
2024-01-31T23:01:26+01:00,69.32,41.8
2024-01-31T23:03:52+01:00,53.33,19.9
2024-01-31T23:06:19+01:00,63.6,24.52
2024-01-31T23:08:46+01:00,83.93,49.35
2024-01-31T23:11:12+01:00,60.85,24.38
2024-01-31T23:13:39+01:00,48.2,20.48
2024-01-31T23:16:05+01:00,66.55,35.97
2024-01-31T23:18:31+01:00,35.08,15.7
2024-01-31T23:20:58+01:00,25.65,11.6
2024-01-31T23:23:24+01:00,62.67,25.3
2024-01-31T23:25:50+01:00,70.55,27.23
2024-01-31T23:28:19+01:00,87.03,48.03
2024-01-31T23:30:45+01:00,70.75,25.58
2024-01-31T23:33:11+01:00,78.47,26.08
2024-01-31T23:35:38+01:00,49.92,21.92
2024-01-31T23:38:04+01:00,90.07,32.88
2024-01-31T23:40:30+01:00,78.1,29.33
2024-01-31T23:42:56+01:00,84.38,30.45
2024-01-31T23:45:23+01:00,107.85,59.03
2024-01-31T23:47:49+01:00,82.63,27.45
2024-01-31T23:50:16+01:00,75.47,26.98
2024-01-31T23:52:45+01:00,85.0,28.38
2024-01-31T23:55:11+01:00,65.57,27.63
2024-01-31T23:57:37+01:00,70.53,27.4
2024-02-01T00:00:04+01:00,88.3,50.83
2024-02-01T00:02:33+01:00,55.2,23.85
2024-02-01T00:04:59+01:00,45.35,19.6
2024-02-01T00:07:26+01:00,45.13,19.3
2024-02-01T00:09:52+01:00,52.88,23.75
2024-02-01T00:12:18+01:00,59.47,23.8
2024-02-01T00:14:44+01:00,56.72,21.25
2024-02-01T00:17:10+01:00,53.85,19.4
2024-02-01T00:19:36+01:00,70.05,25.17
2024-02-01T00:22:02+01:00,27.17,14.1
2024-02-01T00:24:28+01:00,46.25,18.08
2024-02-01T00:26:54+01:00,81.35,32.38
2024-02-01T00:29:20+01:00,117.05,43.2
2024-02-01T00:31:47+01:00,75.13,29.58
2024-02-01T00:34:14+01:00,46.45,20.98
2024-02-01T00:36:40+01:00,49.55,21.25
2024-02-01T00:39:08+01:00,68.95,25.92
2024-02-01T00:41:35+01:00,49.33,17.98
2024-02-01T00:44:01+01:00,51.95,21.15
2024-02-01T00:46:27+01:00,50.22,19.35
2024-02-01T00:48:53+01:00,47.9,20.0
2024-02-01T00:51:19+01:00,59.63,25.08
2024-02-01T00:53:45+01:00,65.3,24.48
2024-02-01T00:56:11+01:00,83.1,30.08
2024-02-01T00:58:37+01:00,78.9,26.85
