timestamp,pm10,pm25
2024-01-01 00:00:11,225.88,131.98
2024-01-01 00:02:38,227.8,135.2
2024-01-01 00:05:05,232.73,136.95
2024-01-01 00:07:31,218.45,131.68
2024-01-01 00:09:57,186.25,111.85
2024-01-01 00:12:23,157.25,92.8
2024-01-01 00:14:48,181.4,112.68
2024-01-01 00:17:14,192.55,116.53
2024-01-01 00:19:40,215.9,126.53
2024-01-01 00:22:06,227.27,134.35
2024-01-01 00:24:32,215.68,128.68
2024-01-01 00:26:58,194.55,113.5
2024-01-01 00:29:23,151.65,93.07
2024-01-01 00:31:52,147.48,91.93
2024-01-01 00:34:18,152.95,91.15
2024-01-01 00:36:44,162.32,97.13
2024-01-01 00:39:10,154.93,93.2
2024-01-01 00:41:35,174.82,101.85
2024-01-01 00:44:02,243.73,141.27
2024-01-01 00:46:28,179.55,108.35
2024-01-01 00:48:54,235.45,133.13
2024-01-01 00:51:20,160.68,98.88
2024-01-01 00:53:46,168.73,100.2
2024-01-01 00:56:11,233.43,135.35
2024-01-01 00:58:37,236.52,138.52
2024-01-01 01:01:03,249.65,145.75
2024-01-01 01:03:29,284.6,171.07
2024-01-01 01:05:56,216.95,126.43
2024-01-01 01:08:22,241.75,143.4
2024-01-01 01:10:48,166.75,98.0
2024-01-01 01:13:14,207.32,122.97
2024-01-01 01:15:41,299.85,173.6
2024-01-01 01:18:07,235.32,138.85
2024-01-01 01:20:33,332.4,198.18
2024-01-01 01:22:59,419.52,256.6
2024-01-01 01:25:24,167.45,100.35
2024-01-01 01:27:50,166.35,102.7
2024-01-01 01:30:16,134.68,76.07
2024-01-01 01:32:42,168.75,99.57
2024-01-01 01:35:07,173.88,100.8
2024-01-01 01:37:35,262.88,153.52
2024-01-01 01:40:00,184.4,106.85
2024-01-01 01:42:26,168.02,96.85
2024-01-01 01:44:52,189.25,110.82
2024-01-01 01:47:18,214.1,124.47
2024-01-01 01:49:45,205.1,121.68
2024-01-01 01:52:11,172.23,102.82
2024-01-01 01:54:37,120.8,72.85
2024-01-01 01:57:03,153.27,93.0
2024-01-01 01:59:31,158.75,93.05
2024-01-01 02:01:57,151.02,88.63
2024-01-01 02:04:24,127.43,77.65
2024-01-01 02:06:50,144.3,86.93
2024-01-01 02:09:15,116.82,73.45
2024-01-01 02:11:41,149.8,90.15
2024-01-01 02:16:40,212.88,123.07
2024-01-01 02:19:27,149.57,90.03
2024-01-01 02:21:53,121.4,77.85
2024-01-01 02:24:21,153.63,95.65
2024-01-01 02:26:47,165.35,101.0
2024-01-01 02:29:13,141.85,92.38
2024-01-01 02:31:40,153.5,96.0
2024-01-01 02:34:06,148.52,92.03
2024-01-01 02:36:37,121.97,77.72
2024-01-01 02:39:04,117.1,76.05
2024-01-01 02:41:34,134.15,87.3
2024-01-01 02:44:00,151.68,94.38
2024-01-01 02:46:27,191.88,112.9
2024-01-01 02:48:52,182.77,112.55
2024-01-01 02:51:18,202.52,118.22
2024-01-01 02:53:44,185.0,112.15
2024-01-01 02:56:19,171.15,105.93
2024-01-01 02:58:46,170.85,104.63
2024-01-01 03:01:13,183.75,112.72
2024-01-01 03:03:39,188.95,112.7
2024-01-01 03:06:05,179.82,107.15
2024-01-01 03:08:33,176.85,109.93
2024-01-01 03:11:03,167.68,104.22
2024-01-01 03:13:29,210.18,127.85
2024-01-01 03:15:55,208.07,126.8
2024-01-01 03:18:21,263.13,152.98
2024-01-01 03:20:46,252.35,149.02
2024-01-01 03:23:12,208.25,123.7
2024-01-01 03:25:38,182.6,108.43
2024-01-01 03:28:04,196.13,117.9
2024-01-01 03:30:29,190.95,117.55
2024-01-01 03:32:55,188.77,114.3
2024-01-01 03:35:21,159.32,95.35
2024-01-01 03:37:46,226.77,133.93
2024-01-01 03:40:12,229.52,135.95
2024-01-01 03:42:38,222.85,134.5
2024-01-01 03:45:04,209.3,123.13
2024-01-01 03:47:31,226.1,130.43
2024-01-01 03:49:58,230.73,133.18
2024-01-01 03:52:24,202.55,117.18
2024-01-01 03:54:50,220.88,127.8
2024-01-01 03:57:16,209.85,118.57
2024-01-01 03:59:42,199.55,116.47
2024-01-01 04:02:08,209.98,124.72
2024-01-01 04:04:35,194.88,115.57
2024-01-01 04:07:02,200.2,120.57
2024-01-01 04:09:28,195.1,117.93
2024-01-01 04:11:54,205.48,116.82
2024-01-01 04:14:19,197.27,114.3
2024-01-01 04:16:45,203.27,117.72
2024-01-01 04:19:11,171.0,102.9
2024-01-01 04:21:39,213.07,120.43
2024-01-01 04:24:08,188.4,111.88
2024-01-01 04:26:34,192.02,114.22
2024-01-01 04:29:02,176.95,108.55
2024-01-01 04:31:28,174.18,100.28
2024-01-01 04:33:54,189.85,111.07
2024-01-01 04:36:20,180.65,108.18
2024-01-01 04:38:46,174.52,101.57
2024-01-01 04:41:12,166.43,100.95
2024-01-01 04:43:38,186.23,113.03
2024-01-01 04:46:05,172.57,104.5
2024-01-01 04:48:32,163.13,97.03
2024-01-01 04:50:58,189.68,112.18
2024-01-01 04:53:24,201.43,116.28
2024-01-01 04:55:50,161.27,95.55
2024-01-01 04:58:16,200.52,119.78
2024-01-01 05:00:41,169.95,102.05
2024-01-01 05:03:07,149.3,90.93
2024-01-01 05:05:33,125.6,79.3
2024-01-01 05:07:58,128.57,80.03
2024-01-01 05:10:24,131.77,82.05
2024-01-01 05:12:50,139.85,87.38
2024-01-01 05:15:16,139.77,81.93
2024-01-01 05:17:41,152.77,91.9
2024-01-01 05:20:07,140.1,84.28
2024-01-01 05:22:33,143.5,86.45
2024-01-01 05:24:59,141.9,83.05
2024-01-01 05:27:25,132.32,79.13
2024-01-01 05:29:51,146.38,86.13
2024-01-01 05:32:16,142.88,86.05
2024-01-01 05:34:42,139.32,78.5
2024-01-01 05:37:08,131.57,77.65
2024-01-01 05:39:34,120.3,72.75
2024-01-01 05:42:00,114.05,70.88
2024-01-01 05:44:26,114.03,70.28
2024-01-01 05:46:52,116.05,68.03
2024-01-01 05:49:18,111.8,69.43
2024-01-01 05:51:44,114.7,68.43
2024-01-01 05:54:10,105.1,66.13
2024-01-01 05:56:35,116.6,71.68
2024-01-01 05:59:02,113.85,69.63
2024-01-01 06:01:28,104.78,68.15
2024-01-01 06:03:53,109.63,64.47
2024-01-01 06:06:19,109.97,67.97
2024-01-01 06:08:48,128.4,72.18
2024-01-01 06:11:13,112.7,69.43
2024-01-01 06:13:39,113.45,68.72
2024-01-01 06:16:05,120.05,69.8
2024-01-01 06:18:31,125.0,73.6
2024-01-01 06:20:57,121.1,72.78
2024-01-01 06:23:22,126.05,74.22
2024-01-01 06:25:48,116.7,68.97
2024-01-01 06:28:14,114.13,68.75
2024-01-01 06:30:40,121.03,71.07
2024-01-01 06:33:06,127.7,73.55
2024-01-01 06:35:32,130.2,77.05
2024-01-01 06:37:58,161.63,89.85
2024-01-01 06:40:24,136.45,75.68
2024-01-01 06:42:50,145.73,81.72
2024-01-01 06:45:15,144.6,77.07
2024-01-01 06:47:42,133.57,73.15
2024-01-01 06:50:08,124.82,71.1
2024-01-01 06:52:34,138.95,71.32
2024-01-01 06:55:00,145.45,73.57
2024-01-01 06:57:25,120.2,70.15
2024-01-01 06:59:51,123.6,66.5
2024-01-01 07:02:17,129.75,72.63
2024-01-01 07:04:43,127.6,71.68
2024-01-01 07:07:09,130.73,71.75
2024-01-01 07:09:35,141.32,80.05
2024-01-01 07:12:15,135.15,74.32
2024-01-01 07:14:43,131.25,73.3
2024-01-01 07:17:09,130.27,71.9
2024-01-01 07:19:35,138.52,70.8
2024-01-01 07:22:00,137.73,73.22
2024-01-01 07:24:26,124.85,70.3
2024-01-01 07:26:52,131.75,67.45
2024-01-01 07:29:18,133.73,70.5
2024-01-01 07:31:43,120.63,69.55
2024-01-01 07:34:09,115.75,65.47
2024-01-01 07:36:35,134.57,73.78
2024-01-01 07:39:01,154.75,78.75
2024-01-01 07:41:26,141.35,73.85
2024-01-01 07:43:52,137.13,74.55
2024-01-01 07:46:18,141.55,74.25
2024-01-01 07:48:45,140.95,77.88
2024-01-01 07:51:10,164.05,81.85
2024-01-01 07:53:37,138.2,79.7
2024-01-01 07:56:03,144.98,76.57
2024-01-01 07:58:32,138.07,75.2
2024-01-01 08:00:58,156.18,81.15
2024-01-01 08:03:23,141.07,77.97
2024-01-01 08:05:50,130.5,70.88
2024-01-01 08:08:16,152.7,78.88
2024-01-01 08:10:42,162.68,79.97
2024-01-01 08:13:08,154.18,80.03
2024-01-01 08:15:34,158.27,83.35
2024-01-01 08:18:01,141.3,74.25
2024-01-01 08:20:28,135.65,73.35
2024-01-01 08:22:54,144.07,74.95
2024-01-01 08:25:20,162.07,75.85
2024-01-01 08:27:46,172.02,83.03
2024-01-01 08:30:12,148.6,78.28
2024-01-01 08:32:38,136.13,72.2
2024-01-01 08:35:04,128.38,71.93
2024-01-01 08:37:30,142.88,78.72
2024-01-01 08:39:56,121.28,68.68
2024-01-01 08:42:22,124.1,69.8
2024-01-01 08:44:47,123.57,70.88
2024-01-01 08:47:13,135.9,74.6
2024-01-01 08:49:40,130.6,72.15
2024-01-01 08:52:07,143.98,80.9
2024-01-01 08:54:32,144.93,77.9
2024-01-01 08:56:58,149.02,79.38
2024-01-01 08:59:24,142.4,81.15
2024-01-01 09:01:50,126.43,70.05
2024-01-01 09:04:16,138.98,74.45
2024-01-01 09:06:43,145.25,75.95
2024-01-01 09:09:09,155.18,83.85
2024-01-01 09:11:35,149.73,79.57
2024-01-01 09:14:02,140.55,73.55
2024-01-01 09:16:28,140.15,76.47
2024-01-01 09:18:55,154.32,81.65
2024-01-01 09:21:27,156.05,83.88
2024-01-01 09:23:53,159.25,87.3
2024-01-01 09:26:28,172.43,91.75
2024-01-01 09:28:57,179.57,91.1
2024-01-01 09:31:23,177.75,98.3
2024-01-01 09:33:49,180.57,94.15
2024-01-01 09:36:15,174.65,96.38
2024-01-01 09:38:41,159.75,86.72
2024-01-01 09:41:11,182.57,96.68
2024-01-01 09:43:38,176.9,93.7
2024-01-01 09:46:09,154.82,82.3
2024-01-01 09:48:38,145.77,79.85
2024-01-01 09:51:04,170.07,89.8
2024-01-01 09:53:30,150.73,81.75
2024-01-01 09:55:56,157.77,84.6
2024-01-01 09:58:22,143.95,78.05
2024-01-01 10:00:48,164.0,83.25
2024-01-01 10:03:14,144.88,77.95
2024-01-01 10:05:40,160.2,85.03
2024-01-01 10:10:37,167.15,86.65
2024-01-01 10:13:13,171.4,93.85
2024-01-01 10:15:40,164.27,88.72
2024-01-01 10:20:37,148.9,84.4
2024-01-01 10:23:24,169.9,93.32
2024-01-01 10:26:08,169.6,91.38
2024-01-01 10:28:37,155.8,86.0
2024-01-01 10:31:06,167.65,92.15
2024-01-01 10:33:32,164.48,88.3
2024-01-01 10:35:59,157.75,89.85
2024-01-01 10:38:27,163.63,89.45
2024-01-01 10:40:55,168.43,89.22
2024-01-01 10:43:22,145.57,82.32
2024-01-01 10:45:51,157.57,86.95
2024-01-01 10:48:22,151.23,83.32
2024-01-01 10:50:53,158.05,84.25
2024-01-01 10:59:28,157.7,86.5
2024-01-01 11:02:11,165.27,90.2
2024-01-01 11:04:37,150.0,81.88
2024-01-01 11:07:03,145.55,82.22
2024-01-01 11:09:30,152.7,83.97
2024-01-01 11:11:56,142.02,81.47
2024-01-01 11:14:31,158.82,90.63
2024-01-01 11:17:07,159.35,88.1
2024-01-01 11:19:35,160.9,92.2
2024-01-01 11:24:45,147.35,83.8
2024-01-01 11:27:28,148.63,84.68
2024-01-01 11:32:29,157.0,89.5
2024-01-01 11:37:40,151.1,86.88
2024-01-01 11:40:07,164.23,92.63
2024-01-01 11:42:35,180.82,100.22
2024-01-01 11:45:14,153.9,90.0
2024-01-01 11:47:42,151.5,84.0
2024-01-01 11:50:09,138.18,81.35
2024-01-01 11:52:35,138.05,79.55
2024-01-01 11:55:02,139.63,79.43
2024-01-01 11:57:28,127.2,75.95
2024-01-01 11:59:54,139.82,80.05
2024-01-01 12:02:21,137.25,81.1
2024-01-01 12:04:49,130.95,76.63
2024-01-01 12:07:29,130.95,74.07
2024-01-01 12:10:03,133.8,78.75
2024-01-01 12:12:34,128.3,73.22
2024-01-01 12:15:07,131.23,76.05
2024-01-01 12:17:46,147.5,83.2
2024-01-01 12:20:18,144.75,84.93
2024-01-01 12:22:45,140.15,83.25
2024-01-01 12:25:20,129.32,75.72
2024-01-01 12:28:07,151.85,87.78
2024-01-01 12:30:34,157.0,90.55
2024-01-01 12:33:01,137.07,79.1
2024-01-01 12:35:27,137.02,83.47
2024-01-01 12:37:53,130.1,77.8
2024-01-01 12:40:19,146.6,87.97
2024-01-01 12:42:45,144.63,88.72
2024-01-01 12:45:12,116.97,70.47
2024-01-01 12:47:38,139.05,81.97
2024-01-01 12:50:05,140.95,83.38
2024-01-01 12:52:31,158.63,92.07
2024-01-01 12:54:59,152.57,92.45
2024-01-01 12:57:24,147.05,89.22
2024-01-01 12:59:50,151.93,91.7
2024-01-01 13:02:16,145.13,83.72
2024-01-01 13:04:41,142.57,86.95
2024-01-01 13:07:09,143.68,87.1
2024-01-01 13:09:34,135.95,83.4
2024-01-01 13:12:00,142.35,85.4
2024-01-01 13:14:29,137.0,82.32
2024-01-01 13:16:56,137.98,81.35
2024-01-01 13:19:28,144.43,83.47
2024-01-01 13:21:54,135.18,81.65
2024-01-01 13:24:20,130.52,76.78
2024-01-01 13:26:46,121.4,70.88
2024-01-01 13:29:11,132.32,76.65
2024-01-01 13:31:37,122.57,74.05
2024-01-01 13:34:03,122.1,71.72
2024-01-01 13:36:28,113.2,69.1
2024-01-01 13:38:54,125.32,74.18
2024-01-01 13:41:20,119.5,72.07
2024-01-01 13:43:46,118.68,69.38
2024-01-01 13:46:12,114.0,68.45
2024-01-01 13:48:39,117.9,68.45
2024-01-01 13:51:06,115.3,69.68
2024-01-01 13:53:32,122.32,72.2
2024-01-01 13:55:57,114.3,70.0
2024-01-01 13:58:23,125.78,69.78
2024-01-01 14:00:49,121.03,73.0
2024-01-01 14:03:15,87.5,52.95
2024-01-01 14:05:43,58.95,36.88
2024-01-01 14:08:09,62.7,36.83
2024-01-01 14:10:35,77.5,46.08
2024-01-01 14:13:01,68.78,39.0
2024-01-01 14:15:29,89.75,50.75
2024-01-01 14:17:55,108.88,63.03
2024-01-01 14:20:20,123.57,70.57
2024-01-01 14:22:46,103.4,60.5
2024-01-01 14:25:15,144.73,79.63
2024-01-01 14:27:41,144.0,82.38
2024-01-01 14:30:07,144.75,82.9
2024-01-01 14:32:34,150.15,83.1
2024-01-01 14:35:00,146.55,82.5
2024-01-01 14:37:26,152.02,89.4
2024-01-01 14:39:52,129.48,75.47
2024-01-01 14:42:18,157.6,92.07
2024-01-01 14:44:44,154.43,89.38
2024-01-01 14:47:13,103.45,59.85
2024-01-01 14:49:38,118.53,70.47
2024-01-01 14:52:06,129.93,80.82
2024-01-01 14:54:32,144.18,86.7
2024-01-01 14:56:58,145.02,85.18
2024-01-01 14:59:24,117.0,74.0
2024-01-01 15:01:49,116.82,71.55
2024-01-01 15:04:15,121.32,71.57
2024-01-01 15:06:41,126.32,76.55
2024-01-01 15:09:07,133.5,81.15
2024-01-01 15:11:33,159.75,96.53
2024-01-01 15:13:59,145.2,85.35
2024-01-01 15:16:25,138.93,81.6
2024-01-01 15:18:51,126.82,76.93
2024-01-01 15:21:17,133.9,82.75
2024-01-01 15:23:43,131.18,80.63
2024-01-01 15:26:09,132.38,77.47
2024-01-01 15:28:37,143.1,87.43
2024-01-01 15:31:03,169.0,99.13
2024-01-01 15:33:29,156.95,97.53
2024-01-01 15:35:55,157.07,92.9
2024-01-01 15:38:21,121.8,71.32
2024-01-01 15:40:46,129.0,73.7
2024-01-01 15:43:12,117.3,70.6
2024-01-01 15:45:38,122.25,73.07
2024-01-01 15:48:04,127.97,75.9
2024-01-01 15:50:31,138.63,82.65
2024-01-01 15:52:57,139.18,83.55
2024-01-01 15:55:23,139.07,82.25
2024-01-01 15:57:49,137.18,80.4
2024-01-01 16:00:15,150.43,83.82
2024-01-01 16:02:43,146.0,87.35
2024-01-01 16:05:10,148.25,89.72
2024-01-01 16:07:38,159.75,92.32
2024-01-01 16:10:04,149.35,89.78
2024-01-01 16:12:30,154.95,91.63
2024-01-01 16:14:56,157.98,93.97
2024-01-01 16:17:22,147.85,87.65
2024-01-01 16:19:48,152.3,88.55
2024-01-01 16:22:14,152.48,90.68
2024-01-01 16:24:40,153.32,88.57
2024-01-01 16:27:05,150.57,90.6
2024-01-01 16:29:32,152.73,91.93
2024-01-01 16:31:58,151.4,89.2
2024-01-01 16:34:23,144.3,87.53
2024-01-01 16:36:53,143.8,87.15
2024-01-01 16:39:20,164.3,98.13
2024-01-01 16:41:47,154.0,93.55
2024-01-01 16:44:13,247.95,135.57
2024-01-01 16:46:39,224.23,122.5
2024-01-01 16:49:06,216.55,123.68
2024-01-01 16:51:32,227.85,125.32
2024-01-01 16:53:58,200.8,115.35
2024-01-01 16:56:24,187.9,113.45
2024-01-01 16:58:49,186.52,114.85
2024-01-01 17:01:16,222.93,130.43
2024-01-01 17:03:47,220.05,130.73
2024-01-01 17:06:16,281.42,155.25
2024-01-01 17:08:46,162.7,97.82
2024-01-01 17:11:12,187.77,106.72
2024-01-01 17:13:39,175.2,103.18
2024-01-01 17:16:12,218.32,135.23
2024-01-01 17:18:42,164.35,98.65
2024-01-01 17:21:10,169.32,101.18
2024-01-01 17:23:39,172.15,102.55
2024-01-01 17:26:05,179.4,101.6
2024-01-01 17:28:31,175.9,105.63
2024-01-01 17:30:58,197.15,116.47
2024-01-01 17:33:24,193.55,112.47
2024-01-01 17:35:50,206.57,121.13
2024-01-01 17:38:16,191.65,114.6
2024-01-01 17:40:42,194.18,114.68
2024-01-01 17:43:09,214.43,124.43
2024-01-01 17:45:36,259.45,144.55
2024-01-01 17:48:01,275.25,155.13
2024-01-01 17:50:27,273.33,158.48
2024-01-01 17:52:53,228.85,131.25
2024-01-01 17:55:19,219.3,126.22
2024-01-01 17:57:45,211.1,116.68
2024-01-01 18:00:12,197.1,113.32
2024-01-01 18:02:39,197.65,116.7
2024-01-01 18:05:05,196.98,108.9
2024-01-01 18:07:31,190.43,114.13
2024-01-01 18:09:57,187.68,109.25
2024-01-01 18:12:23,183.6,108.15
2024-01-01 18:14:48,190.73,110.78
2024-01-01 18:17:17,200.5,115.63
2024-01-01 18:19:43,191.45,110.9
2024-01-01 18:22:09,188.85,112.85
2024-01-01 18:24:37,199.45,116.68
2024-01-01 18:27:06,231.63,135.95
2024-01-01 18:29:35,246.7,140.02
2024-01-01 18:32:00,229.13,133.48
2024-01-01 18:34:26,220.82,127.63
2024-01-01 18:36:52,249.73,148.0
2024-01-01 18:39:18,260.33,145.95
2024-01-01 18:41:44,255.07,146.15
2024-01-01 18:44:10,258.6,147.0
2024-01-01 18:46:39,254.57,149.6
2024-01-01 18:49:05,268.4,158.75
2024-01-01 18:51:31,279.48,164.2
2024-01-01 18:53:57,278.88,157.7
2024-01-01 18:56:23,262.27,149.27
2024-01-01 18:58:49,305.15,176.32
2024-01-01 19:01:15,241.25,138.65
2024-01-01 19:03:41,263.52,145.93
2024-01-01 19:06:13,274.75,151.4
2024-01-01 19:08:40,228.73,128.98
2024-01-01 19:11:06,237.4,134.57
2024-01-01 19:13:32,176.27,101.45
2024-01-01 19:15:57,193.23,111.5
2024-01-01 19:18:23,221.8,134.8
2024-01-01 19:20:49,170.05,100.7
2024-01-01 19:23:18,194.32,110.35
2024-01-01 19:25:47,200.57,116.57
2024-01-01 19:28:13,190.52,113.47
2024-01-01 19:30:40,184.25,110.93
2024-01-01 19:33:06,181.65,105.68
2024-01-01 19:35:32,211.8,124.7
2024-01-01 19:37:57,198.27,113.1
2024-01-01 19:40:23,203.9,118.0
2024-01-01 19:42:49,307.33,185.45
2024-01-01 19:45:15,277.33,164.5
2024-01-01 19:47:41,255.52,151.6
2024-01-01 19:50:08,263.2,153.48
2024-01-01 19:52:35,289.35,171.0
2024-01-01 19:55:01,257.58,151.18
2024-01-01 19:57:27,284.65,164.95
2024-01-01 19:59:53,324.33,194.95
2024-01-01 20:02:19,309.7,182.57
2024-01-01 20:04:45,307.0,182.35
2024-01-01 20:07:11,320.25,189.55
2024-01-01 20:09:36,322.77,193.52
2024-01-01 20:12:02,319.35,189.9
2024-01-01 20:14:28,360.27,213.43
2024-01-01 20:16:54,318.48,191.48
2024-01-01 20:19:20,330.77,197.1
2024-01-01 20:21:45,300.75,180.57
2024-01-01 20:24:11,314.02,188.73
2024-01-01 20:26:38,295.5,181.43
2024-01-01 20:29:05,329.38,195.6
2024-01-01 20:31:31,358.15,216.05
2024-01-01 20:33:57,362.92,218.27
2024-01-01 20:36:24,302.17,179.93
2024-01-01 20:38:54,282.27,165.95
2024-01-01 20:41:21,288.95,171.5
2024-01-01 20:43:47,221.45,129.95
2024-01-01 20:46:13,242.88,142.25
2024-01-01 20:48:39,313.6,188.07
2024-01-01 20:51:06,245.88,146.05
2024-01-01 20:53:33,288.6,173.85
2024-01-01 20:55:59,273.55,157.2
2024-01-01 20:58:25,313.75,198.32
2024-01-01 21:00:51,283.73,165.57
2024-01-01 21:03:17,274.9,164.8
2024-01-01 21:05:42,316.83,193.63
2024-01-01 21:08:08,293.52,168.88
2024-01-01 21:10:34,254.8,153.3
2024-01-01 21:13:00,277.27,162.48
2024-01-01 21:15:26,254.23,150.27
2024-01-01 21:17:52,243.2,139.35
2024-01-01 21:20:18,199.07,118.88
2024-01-01 21:22:44,205.5,120.15
2024-01-01 21:25:10,206.73,116.53
2024-01-01 21:27:36,250.85,149.55
2024-01-01 21:30:05,225.85,128.45
2024-01-01 21:32:31,213.27,124.85
2024-01-01 21:34:57,237.95,143.05
2024-01-01 21:37:24,212.38,126.82
2024-01-01 21:39:51,409.67,249.43
2024-01-01 21:42:17,299.88,179.15
2024-01-01 21:44:43,366.98,222.3
2024-01-01 21:47:08,353.83,217.43
2024-01-01 21:49:38,303.73,191.18
2024-01-01 21:52:04,328.02,199.0
2024-01-01 21:54:30,299.1,184.4
2024-01-01 21:56:55,303.75,183.52
2024-01-01 21:59:21,237.63,140.18
2024-01-01 22:01:47,269.85,161.95
2024-01-01 22:04:13,268.13,159.32
2024-01-01 22:06:39,280.45,166.07
2024-01-01 22:09:05,283.75,170.5
2024-01-01 22:11:30,285.3,169.45
2024-01-01 22:13:57,259.35,159.75
2024-01-01 22:16:23,267.7,162.95
2024-01-01 22:18:49,279.85,168.05
2024-01-01 22:21:15,264.15,157.8
2024-01-01 22:23:42,274.95,162.98
2024-01-01 22:26:11,253.13,152.55
2024-01-01 22:28:42,252.17,153.53
2024-01-01 22:31:09,265.48,154.02
2024-01-01 22:33:35,250.43,146.07
2024-01-01 22:36:01,237.8,138.85
2024-01-01 22:38:30,233.4,139.55
2024-01-01 22:40:56,247.2,147.85
2024-01-01 22:43:23,272.13,160.7
2024-01-01 22:45:50,303.6,183.45
2024-01-01 22:48:15,282.48,169.4
2024-01-01 22:50:41,315.73,188.98
2024-01-01 22:53:07,232.98,141.02
2024-01-01 22:55:33,187.02,115.0
2024-01-01 22:57:59,236.77,136.5
2024-01-01 23:00:24,244.43,147.3
2024-01-01 23:02:50,235.8,139.75
2024-01-01 23:05:17,229.95,132.75
2024-01-01 23:07:43,182.77,108.47
2024-01-01 23:10:10,174.25,104.85
2024-01-01 23:12:37,211.85,124.25
2024-01-01 23:15:04,171.6,103.97
2024-01-01 23:17:30,182.75,110.5
2024-01-01 23:19:56,257.6,155.73
2024-01-01 23:22:21,234.38,139.3
2024-01-01 23:24:47,265.75,155.52
2024-01-01 23:27:13,275.6,165.63
2024-01-01 23:29:40,279.42,163.1
2024-01-01 23:32:05,254.35,150.73
2024-01-01 23:34:31,255.73,153.95
2024-01-01 23:36:57,251.93,150.68
2024-01-01 23:39:23,247.52,146.82
2024-01-01 23:41:48,270.83,157.3
2024-01-01 23:44:14,279.27,159.15
2024-01-01 23:46:40,249.68,152.32
2024-01-01 23:49:05,274.75,164.63
2024-01-01 23:51:31,360.1,222.43
2024-01-01 23:53:57,346.2,212.5
2024-01-01 23:56:22,426.9,271.48
2024-01-01 23:58:48,391.92,237.4
2024-01-02 00:01:14,271.25,158.32
2024-01-02 00:03:40,242.7,144.68
2024-01-02 00:06:06,237.68,139.4
2024-01-02 00:08:32,279.3,165.8
2024-01-02 00:10:57,285.48,168.7
2024-01-02 00:13:23,283.13,164.38
2024-01-02 00:15:49,274.38,162.0
2024-01-02 00:18:14,243.2,146.2
2024-01-02 00:20:40,226.7,134.2
2024-01-02 00:23:06,226.27,135.1
2024-01-02 00:25:32,217.38,128.0
2024-01-02 00:27:57,221.32,132.95
2024-01-02 00:30:23,223.8,131.43
2024-01-02 00:32:49,233.57,139.48
2024-01-02 00:35:15,224.57,134.82
2024-01-02 00:37:41,212.25,124.8
2024-01-02 00:40:07,217.77,130.65
2024-01-02 00:42:33,195.0,115.7
2024-01-02 00:44:59,203.25,118.18
2024-01-02 00:47:27,207.98,122.25
2024-01-02 00:49:53,215.65,122.5
2024-01-02 00:52:19,222.52,130.07
2024-01-02 00:54:44,215.55,124.55
2024-01-02 00:57:10,218.07,126.13
2024-01-02 00:59:36,234.1,138.35
2024-01-02 01:02:02,223.18,133.0
2024-01-02 01:04:29,239.02,143.7
2024-01-02 01:06:55,231.25,137.55
2024-01-02 01:09:20,246.25,143.0
2024-01-02 01:11:46,214.2,126.97
2024-01-02 01:14:12,203.4,122.63
2024-01-02 01:16:37,245.13,145.73
2024-01-02 01:19:03,223.48,133.13
2024-01-02 01:21:29,219.73,131.98
2024-01-02 01:23:55,231.4,138.3
2024-01-02 01:26:20,234.6,142.25
2024-01-02 01:28:46,240.27,139.57
2024-01-02 01:31:12,248.38,148.15
2024-01-02 01:33:38,234.68,137.13
2024-01-02 01:36:03,231.75,139.68
2024-01-02 01:38:30,240.88,146.15
2024-01-02 01:40:55,229.13,135.27
2024-01-02 01:43:21,230.52,138.63
2024-01-02 01:45:47,232.5,138.25
2024-01-02 01:48:13,233.68,137.0
2024-01-02 01:50:40,243.65,145.43
2024-01-02 01:53:05,237.05,140.57
2024-01-02 01:55:33,205.65,120.22
2024-01-02 01:57:59,204.32,122.2
2024-01-02 02:00:25,173.38,103.35
2024-01-02 02:02:51,190.43,111.45
2024-01-02 02:05:17,166.23,99.88
2024-01-02 02:07:43,191.1,114.03
2024-01-02 02:10:10,202.35,118.38
2024-01-02 02:12:36,187.85,110.72
2024-01-02 02:15:02,188.05,113.97
2024-01-02 02:17:29,190.73,115.82
2024-01-02 02:19:56,193.77,113.45
2024-01-02 02:22:34,186.35,113.22
2024-01-02 02:25:02,181.38,106.4
2024-01-02 02:27:28,196.05,116.15
2024-01-02 02:29:55,200.07,118.32
2024-01-02 02:32:21,197.7,117.35
2024-01-02 02:34:47,200.68,115.82
2024-01-02 02:37:13,183.4,108.38
2024-01-02 02:39:39,188.48,110.25
2024-01-02 02:42:05,205.35,118.5
2024-01-02 02:44:30,181.45,112.75
2024-01-02 02:46:57,156.25,93.95
2024-01-02 02:49:23,151.98,89.82
2024-01-02 02:51:49,150.2,89.45
2024-01-02 02:54:15,165.73,100.72
2024-01-02 02:56:41,158.6,94.95
2024-01-02 02:59:11,181.85,109.6
2024-01-02 03:01:37,192.25,113.43
2024-01-02 03:04:04,178.02,100.95
2024-01-02 03:06:30,167.4,101.07
2024-01-02 03:08:56,180.07,105.32
2024-01-02 03:11:21,178.15,105.6
2024-01-02 03:13:47,162.18,97.07
2024-01-02 03:16:14,165.02,96.32
2024-01-02 03:18:40,153.4,90.15
2024-01-02 03:21:08,151.13,87.15
2024-01-02 03:23:35,138.7,87.0
2024-01-02 03:26:02,141.43,84.53
2024-01-02 03:28:28,141.15,79.93
2024-01-02 03:30:54,128.93,79.28
2024-01-02 03:33:20,135.0,82.35
2024-01-02 03:35:46,128.35,78.93
2024-01-02 03:38:12,136.73,83.2
2024-01-02 03:40:39,142.73,85.32
2024-01-02 03:43:05,136.5,84.43
2024-01-02 03:45:31,137.43,83.35
2024-01-02 03:47:57,138.9,84.32
2024-01-02 03:50:22,134.7,83.57
2024-01-02 03:52:48,136.65,82.13
2024-01-02 03:55:15,129.15,78.85
2024-01-02 03:57:40,137.7,84.53
2024-01-02 04:00:06,136.8,84.05
2024-01-02 04:02:33,140.13,87.0
2024-01-02 04:04:59,137.43,83.65
2024-01-02 04:07:25,143.02,85.18
2024-01-02 04:09:50,139.88,85.32
2024-01-02 04:12:16,139.63,83.97
2024-01-02 04:14:42,135.5,80.63
2024-01-02 04:17:08,138.05,83.6
2024-01-02 04:19:34,149.43,89.35
2024-01-02 04:21:59,133.02,80.95
2024-01-02 04:24:25,148.05,88.28
2024-01-02 04:26:51,144.65,88.1
2024-01-02 04:29:17,140.98,87.25
2024-01-02 04:31:43,151.68,89.63
2024-01-02 04:34:09,144.2,89.18
2024-01-02 04:36:35,152.48,89.78
2024-01-02 04:39:00,152.35,91.78
2024-01-02 04:41:28,156.5,93.72
2024-01-02 04:43:54,145.07,88.72
2024-01-02 04:46:20,151.55,89.47
2024-01-02 04:48:46,156.8,95.28
2024-01-02 04:51:11,167.93,102.32
2024-01-02 04:53:37,161.93,98.07
2024-01-02 04:56:03,158.57,95.9
2024-01-02 04:58:29,164.73,96.22
2024-01-02 05:00:55,166.65,100.75
2024-01-02 05:03:20,156.2,97.45
2024-01-02 05:05:46,176.45,103.13
2024-01-02 05:08:12,166.15,98.3
2024-01-02 05:10:37,213.43,139.77
2024-01-02 05:13:03,180.02,105.22
2024-01-02 05:15:29,168.73,101.35
2024-01-02 05:17:55,170.05,102.18
2024-01-02 05:20:21,152.75,93.43
2024-01-02 05:22:46,152.4,91.2
2024-01-02 05:25:12,150.57,90.18
2024-01-02 05:27:38,161.88,97.0
2024-01-02 05:30:04,158.98,96.32
2024-01-02 05:32:31,167.73,101.75
2024-01-02 05:34:57,152.98,92.63
2024-01-02 05:37:22,154.45,95.75
2024-01-02 05:39:48,159.98,94.53
2024-01-02 05:42:14,160.75,96.8
2024-01-02 05:44:40,168.05,101.32
2024-01-02 05:47:05,166.0,99.13
2024-01-02 05:49:31,173.18,103.53
2024-01-02 05:51:57,158.65,97.45
2024-01-02 05:54:22,147.2,87.25
2024-01-02 05:56:48,149.3,92.15
2024-01-02 05:59:15,146.65,85.82
2024-01-02 06:01:41,144.35,87.88
2024-01-02 06:04:06,151.98,89.28
2024-01-02 06:06:32,156.27,93.15
2024-01-02 06:08:58,145.05,84.45
2024-01-02 06:11:23,151.7,88.95
2024-01-02 06:13:49,127.78,77.38
2024-01-02 06:16:15,137.38,78.63
2024-01-02 06:18:41,135.07,79.75
2024-01-02 06:21:06,123.88,74.68
2024-01-02 06:23:32,110.3,67.3
2024-01-02 06:25:58,120.78,74.2
2024-01-02 06:28:24,120.65,76.85
2024-01-02 06:30:50,128.55,78.88
2024-01-02 06:33:16,129.35,78.25
2024-01-02 06:35:42,123.97,75.8
2024-01-02 06:38:08,126.75,75.8
2024-01-02 06:40:37,125.7,79.0
2024-01-02 06:43:03,125.07,76.88
2024-01-02 06:45:30,123.1,74.18
2024-01-02 06:47:56,131.82,80.38
2024-01-02 06:50:22,132.18,79.38
2024-01-02 06:52:48,132.05,77.9
2024-01-02 06:55:14,127.1,76.88
2024-01-02 06:57:39,128.45,77.53
2024-01-02 07:00:06,131.32,78.7
2024-01-02 07:02:32,128.07,77.57
2024-01-02 07:04:58,128.45,77.65
2024-01-02 07:07:24,135.7,79.85
2024-01-02 07:09:50,130.65,76.1
2024-01-02 07:12:16,131.73,79.72
2024-01-02 07:14:42,130.55,78.63
2024-01-02 07:17:08,146.52,87.07
2024-01-02 07:19:34,137.95,83.88
2024-01-02 07:22:00,147.77,86.1
2024-01-02 07:24:26,149.3,86.4
2024-01-02 07:26:52,148.9,83.88
2024-01-02 07:29:17,148.23,84.57
2024-01-02 07:31:43,148.75,81.6
2024-01-02 07:34:09,146.9,78.93
2024-01-02 07:36:37,130.68,77.9
2024-01-02 07:39:04,130.7,79.63
2024-01-02 07:41:30,138.43,82.82
2024-01-02 07:43:56,143.32,85.18
2024-01-02 07:46:22,145.27,86.7
2024-01-02 07:48:48,158.25,91.97
2024-01-02 07:51:14,166.27,94.53
2024-01-02 07:53:40,178.05,102.4
2024-01-02 07:56:06,179.35,108.07
2024-01-02 07:58:32,180.93,103.68
2024-01-02 08:00:58,203.5,117.53
2024-01-02 08:03:24,205.18,119.03
2024-01-02 08:05:49,194.2,112.8
2024-01-02 08:08:15,185.18,106.7
2024-01-02 08:10:41,173.93,104.57
2024-01-02 08:13:07,166.3,99.2
2024-01-02 08:15:33,169.2,101.2
2024-01-02 08:17:59,162.07,93.07
2024-01-02 08:20:25,165.4,97.13
2024-01-02 08:22:50,165.5,97.68
2024-01-02 08:25:16,157.93,93.22
2024-01-02 08:27:42,160.43,96.0
2024-01-02 08:30:08,152.18,90.25
2024-01-02 08:32:34,154.38,92.15
2024-01-02 08:35:00,144.68,90.05
2024-01-02 08:37:25,156.98,95.35
2024-01-02 08:39:51,166.93,100.43
2024-01-02 08:42:18,162.07,99.5
2024-01-02 08:44:44,162.2,99.6
2024-01-02 08:47:11,158.52,94.53
2024-01-02 08:49:36,151.73,91.85
2024-01-02 08:52:02,152.43,99.78
2024-01-02 08:54:28,176.35,109.5
2024-01-02 08:56:54,170.75,103.03
2024-01-02 08:59:20,160.9,100.32
2024-01-02 09:01:49,162.7,100.6
2024-01-02 09:04:16,157.05,92.97
2024-01-02 09:06:43,149.75,94.55
2024-01-02 09:09:09,152.88,88.05
2024-01-02 09:11:35,149.23,92.8
2024-01-02 09:14:02,146.55,91.15
2024-01-02 09:16:32,151.77,89.3
2024-01-02 09:18:58,140.15,88.35
2024-01-02 09:21:24,142.3,88.18
2024-01-02 09:23:50,138.27,85.0
2024-01-02 09:26:19,127.05,79.53
2024-01-02 09:28:47,149.15,91.22
2024-01-02 09:31:13,149.3,89.57
2024-01-02 09:33:38,153.52,91.97
2024-01-02 09:36:07,152.35,90.75
2024-01-02 09:38:33,152.93,91.0
2024-01-02 09:41:08,154.5,90.68
2024-01-02 09:47:16,145.2,87.18
2024-01-02 09:50:11,138.63,85.25
2024-01-02 10:03:06,156.85,93.47
2024-01-02 10:09:14,141.5,84.3
2024-01-02 10:14:36,129.27,81.13
2024-01-02 10:20:17,100.78,63.58
2024-01-02 10:25:59,103.72,60.45
2024-01-02 10:28:29,96.03,54.47
2024-01-02 10:33:37,51.73,32.13
2024-01-02 10:36:05,42.75,28.0
2024-01-02 10:41:05,50.35,29.75
2024-01-02 10:46:37,42.45,25.42
2024-01-02 10:52:07,26.92,16.77
2024-01-02 10:55:25,26.27,16.05
2024-01-02 11:00:14,22.92,13.18
2024-01-02 11:03:07,18.9,13.15
2024-01-02 11:10:57,23.33,14.18
2024-01-02 11:13:26,21.85,13.93
2024-01-02 11:15:58,20.85,13.98
2024-01-02 11:18:29,21.5,13.65
2024-01-02 11:21:04,20.67,13.6
2024-01-02 11:23:50,22.05,14.13
2024-01-02 11:26:29,21.83,14.45
2024-01-02 11:29:00,19.67,13.85
2024-01-02 11:31:31,21.4,13.63
2024-01-02 11:42:33,21.0,13.8
2024-01-02 11:47:45,24.48,14.43
2024-01-02 11:50:21,27.02,15.68
2024-01-02 11:52:54,23.2,14.77
2024-01-02 11:55:32,23.15,15.1
2024-01-02 11:58:11,24.38,15.48
2024-01-02 12:03:43,31.3,18.23
2024-01-02 12:09:17,27.55,16.9
2024-01-02 12:11:47,29.73,18.27
2024-01-02 12:15:02,31.52,19.15
2024-01-02 12:17:20,36.83,19.75
2024-01-02 12:19:49,27.7,17.75
2024-01-02 12:22:17,36.7,19.25
2024-01-02 12:24:44,35.67,19.33
2024-01-02 12:27:11,32.97,19.92
2024-01-02 12:29:46,34.8,18.83
2024-01-02 12:32:20,35.6,20.8
2024-01-02 12:35:03,34.72,19.4
2024-01-02 12:39:59,41.15,22.83
2024-01-02 12:42:31,37.0,21.52
2024-01-02 12:45:02,37.33,20.6
2024-01-02 12:47:31,39.13,21.88
2024-01-02 12:50:05,39.92,22.05
2024-01-02 12:52:38,39.25,21.67
2024-01-02 12:55:09,40.13,21.7
2024-01-02 12:57:38,42.3,22.4
2024-01-02 13:00:06,39.63,22.0
2024-01-02 13:02:35,38.2,21.45
2024-01-02 13:05:03,37.25,21.95
2024-01-02 13:07:33,37.83,22.35
2024-01-02 13:10:08,39.25,22.4
2024-01-02 13:12:35,40.83,23.7
2024-01-02 13:15:01,35.53,21.98
2024-01-02 13:17:31,39.58,22.73
2024-01-02 13:19:58,39.03,22.13
2024-01-02 13:22:25,38.17,21.92
2024-01-02 13:24:51,40.15,22.35
2024-01-02 13:27:28,40.1,22.67
2024-01-02 13:29:54,40.15,22.13
2024-01-02 13:32:21,41.25,22.5
2024-01-02 13:34:47,42.35,23.65
2024-01-02 13:37:22,41.88,23.95
2024-01-02 13:39:53,41.3,24.73
2024-01-02 13:42:26,48.45,26.2
2024-01-02 13:44:56,46.38,27.9
2024-01-02 13:47:29,47.75,28.92
2024-01-02 13:49:59,49.95,32.55
2024-01-02 13:52:28,50.88,32.08
2024-01-02 13:54:58,49.42,30.63
2024-01-02 14:00:15,49.03,30.63
2024-01-02 14:02:46,50.95,30.2
2024-01-02 14:05:14,51.15,31.73
2024-01-02 14:07:49,50.35,31.17
2024-01-02 14:10:16,51.4,30.63
2024-01-02 14:12:49,49.58,29.67
2024-01-02 14:15:22,50.28,29.8
2024-01-02 14:18:11,53.3,32.47
2024-01-02 14:20:39,54.83,32.15
2024-01-02 14:26:18,47.0,29.73
2024-01-02 14:31:51,48.47,27.77
2024-01-02 14:37:05,51.2,28.85
2024-01-02 14:59:28,54.7,29.33
2024-01-02 15:04:37,60.85,32.65
2024-01-02 15:07:14,57.35,31.38
2024-01-02 15:09:51,58.9,31.85
2024-01-02 15:12:44,53.65,31.08
2024-01-02 15:21:04,61.75,34.7
2024-01-02 15:29:06,76.93,44.58
2024-01-02 15:32:17,83.55,44.83
2024-01-02 15:40:02,169.35,84.53
2024-01-02 15:42:33,154.35,70.7
2024-01-02 15:45:04,166.43,76.75
2024-01-02 15:50:27,171.23,68.7
2024-01-02 15:52:57,147.75,61.95
2024-01-02 15:55:37,149.65,57.65
2024-01-02 15:58:14,125.57,52.85
2024-01-02 16:00:48,82.97,45.05
2024-01-02 16:35:50,128.95,58.35
2024-01-02 16:38:27,136.15,60.95
2024-01-02 16:43:20,143.6,69.07
2024-01-02 16:45:47,144.15,68.38
2024-01-02 16:48:13,115.97,62.53
2024-01-02 16:50:44,144.88,69.43
2024-01-02 16:53:11,144.45,58.97
2024-01-02 16:55:41,132.93,69.5
2024-01-02 16:58:29,136.57,72.18
2024-01-02 17:00:56,124.97,71.57
2024-01-02 17:03:24,120.85,66.93
2024-01-02 17:05:52,132.23,73.68
2024-01-02 17:08:19,149.82,83.75
2024-01-02 17:10:47,155.8,87.53
2024-01-02 17:13:14,184.55,94.78
2024-01-02 17:15:42,130.27,70.03
2024-01-02 17:18:10,115.97,64.6
2024-01-02 17:20:40,112.78,63.72
2024-01-02 17:23:06,133.2,71.63
2024-01-02 17:25:32,112.93,66.22
2024-01-02 17:27:59,117.35,67.15
2024-01-02 17:30:28,109.38,61.08
2024-01-02 17:32:54,105.32,57.28
2024-01-02 17:35:25,99.8,55.65
2024-01-02 17:37:53,126.9,65.7
2024-01-02 17:40:20,97.28,53.72
2024-01-02 17:42:48,104.88,58.75
2024-01-02 17:45:18,114.05,62.72
2024-01-02 17:47:59,102.63,55.17
2024-01-02 17:50:30,103.45,60.05
2024-01-02 17:52:56,104.1,59.47
2024-01-02 17:55:23,111.75,61.95
2024-01-02 17:58:01,130.13,76.3
2024-01-02 18:00:34,122.78,68.15
2024-01-02 18:03:04,122.8,66.65
2024-01-02 18:08:27,134.63,73.82
2024-01-02 18:11:11,197.25,111.25
2024-01-02 18:14:01,164.6,92.53
2024-01-02 18:16:40,195.15,110.45
2024-01-02 18:35:14,210.9,122.2
2024-01-02 18:40:24,222.77,129.65
2024-01-02 18:42:58,213.27,123.93
2024-01-02 18:45:29,230.85,133.98
2024-01-02 18:50:47,230.32,134.25
2024-01-02 18:56:12,238.25,141.73
2024-01-02 18:58:42,242.93,146.75
2024-01-02 19:01:08,215.52,125.4
2024-01-02 19:03:36,195.27,117.4
2024-01-02 19:06:06,168.02,100.68
2024-01-02 19:08:42,175.02,107.7
2024-01-02 19:11:13,205.38,128.4
2024-01-02 19:13:45,251.3,153.32
2024-01-02 19:16:12,302.55,185.35
2024-01-02 19:18:44,442.5,257.3
2024-01-02 19:21:13,465.8,288.5
2024-01-02 19:23:47,349.5,219.93
2024-01-02 19:26:18,315.15,192.85
2024-01-02 19:29:04,306.02,185.0
2024-01-02 19:31:30,267.38,161.95
2024-01-02 19:33:56,267.23,158.13
2024-01-02 19:36:24,270.35,164.75
2024-01-02 19:38:50,264.6,162.15
2024-01-02 19:41:17,221.2,135.88
2024-01-02 19:43:43,245.82,148.13
2024-01-02 19:46:09,211.68,126.3
2024-01-02 19:48:36,200.25,124.05
2024-01-02 19:51:03,227.32,133.5
2024-01-02 19:53:29,192.5,120.28
2024-01-02 19:55:55,248.7,151.0
2024-01-02 19:58:24,276.88,172.18
2024-01-02 20:00:51,234.45,146.27
2024-01-02 20:03:18,401.65,235.75
2024-01-02 20:05:53,229.18,140.35
2024-01-02 20:10:45,264.83,167.48
2024-01-02 20:13:14,253.07,152.2
2024-01-02 20:15:47,220.18,129.0
2024-01-02 20:25:53,246.82,159.02
2024-01-02 20:28:21,272.13,176.5
2024-01-02 20:30:47,269.75,167.25
2024-01-02 20:36:01,417.0,248.55
2024-01-02 20:38:44,378.0,235.4
2024-01-02 20:44:02,415.55,238.95
2024-01-02 20:46:28,363.88,207.9
2024-01-02 20:49:05,356.48,199.75
2024-01-02 20:51:45,345.0,210.7
2024-01-02 20:54:12,328.0,190.05
2024-01-02 20:57:01,303.33,172.68
2024-01-02 20:59:29,285.02,165.43
2024-01-02 21:04:29,229.3,136.52
2024-01-02 21:06:59,286.15,176.77
2024-01-02 21:11:54,161.48,99.13
2024-01-02 21:14:36,172.05,98.07
2024-01-02 21:17:04,173.07,95.53
2024-01-02 21:19:41,193.68,115.43
2024-01-02 21:22:27,156.07,99.9
2024-01-02 21:25:19,135.52,79.47
2024-01-02 21:27:47,144.95,86.15
2024-01-02 21:30:13,147.7,84.22
2024-01-02 21:32:40,139.02,77.97
2024-01-02 21:35:09,208.5,113.4
2024-01-02 21:37:35,231.45,119.78
2024-01-02 21:42:45,241.45,135.32
2024-01-02 21:48:04,222.23,124.9
2024-01-02 21:50:45,272.83,153.6
2024-01-02 21:53:30,277.2,143.45
2024-01-02 21:55:57,281.15,139.32
2024-01-02 21:58:39,239.95,127.95
2024-01-02 22:06:31,224.8,112.45
2024-01-02 22:09:06,207.5,108.85
2024-01-02 22:17:06,184.98,96.85
2024-01-02 22:19:53,175.02,96.65
2024-01-02 22:22:21,167.7,94.13
2024-01-02 22:25:24,182.4,98.53
2024-01-02 22:27:59,181.25,100.9
2024-01-02 22:32:55,188.23,100.72
2024-01-02 22:37:48,166.3,93.53
2024-01-02 22:40:21,142.18,85.13
2024-01-02 22:43:03,142.88,84.72
2024-01-02 22:45:28,120.95,71.0
2024-01-02 22:47:54,119.6,73.0
2024-01-02 22:50:20,127.35,72.0
2024-01-02 22:52:45,123.78,73.7
2024-01-02 22:55:12,135.65,79.18
2024-01-02 22:57:37,149.43,82.2
2024-01-02 23:00:04,138.48,80.78
2024-01-02 23:02:40,147.35,83.53
2024-01-02 23:05:10,144.32,84.8
2024-01-02 23:12:29,132.3,76.63
2024-01-02 23:14:58,134.07,75.45
2024-01-02 23:22:51,161.43,88.32
2024-01-02 23:27:44,147.25,79.97
2024-01-02 23:30:16,162.35,81.9
2024-01-02 23:32:42,150.3,85.45
2024-01-02 23:35:09,176.73,98.97
2024-01-02 23:37:38,158.0,85.47
2024-01-02 23:42:45,151.5,81.35
2024-01-02 23:47:42,151.73,82.93
2024-01-02 23:52:56,154.4,85.45
2024-01-02 23:55:24,160.52,89.9
2024-01-02 23:57:50,164.68,91.53
2024-01-03 00:00:18,163.9,89.57
2024-01-03 00:02:44,174.73,93.53
2024-01-03 00:05:11,251.4,121.25
2024-01-03 00:07:37,209.27,111.07
2024-01-03 00:10:47,199.3,104.2
2024-01-03 00:18:38,145.13,78.65
2024-01-03 00:21:21,115.8,60.1
2024-01-03 00:23:53,102.4,52.85
2024-01-03 00:26:24,104.78,56.22
2024-01-03 00:28:50,99.72,54.22
2024-01-03 00:33:48,71.13,44.95
2024-01-03 00:36:14,84.57,48.78
2024-01-03 00:38:41,92.68,48.25
2024-01-03 00:41:08,89.82,51.0
2024-01-03 00:43:38,115.5,55.45
2024-01-03 00:46:04,94.63,52.42
2024-01-03 00:48:32,105.75,53.45
2024-01-03 00:50:58,100.9,52.2
2024-01-03 00:53:24,99.28,51.22
2024-01-03 00:55:51,98.95,52.67
2024-01-03 00:58:17,85.32,49.33
2024-01-03 01:00:44,86.15,49.33
2024-01-03 01:03:11,82.88,46.78
2024-01-03 01:05:37,84.13,45.17
2024-01-03 01:08:04,77.93,41.35
2024-01-03 01:10:31,78.28,41.55
2024-01-03 01:12:56,97.28,39.28
2024-01-03 01:15:22,70.63,38.42
2024-01-03 01:17:48,77.1,35.83
2024-01-03 01:20:14,67.6,35.75
2024-01-03 01:22:40,68.53,36.9
2024-01-03 01:25:05,57.7,32.35
2024-01-03 01:27:31,55.55,33.83
2024-01-03 01:29:57,62.42,34.72
2024-01-03 01:32:23,68.03,33.65
2024-01-03 01:34:48,73.57,34.42
2024-01-03 01:37:14,68.47,32.88
2024-01-03 01:39:40,67.05,33.9
2024-01-03 01:42:06,64.45,33.92
2024-01-03 01:44:31,68.05,33.67
2024-01-03 01:46:57,73.4,32.92
2024-01-03 01:49:24,70.68,33.33
2024-01-03 01:51:53,60.4,33.63
2024-01-03 01:54:19,62.13,35.0
2024-01-03 01:56:46,64.35,30.83
2024-01-03 01:59:12,56.08,32.1
2024-01-03 02:01:39,58.7,31.48
2024-01-03 02:04:06,57.38,29.65
2024-01-03 02:06:33,52.88,30.13
2024-01-03 02:09:00,62.3,31.02
2024-01-03 02:11:26,62.1,32.38
2024-01-03 02:13:51,59.4,31.25
2024-01-03 02:16:17,64.85,34.13
2024-01-03 02:18:43,68.65,33.5
2024-01-03 02:21:13,62.95,32.88
2024-01-03 02:23:40,57.25,32.65
2024-01-03 02:26:06,58.92,31.83
2024-01-03 02:28:33,73.22,32.67
2024-01-03 02:30:59,56.6,31.55
2024-01-03 02:33:25,59.2,29.6
2024-01-03 02:35:51,58.38,31.23
2024-01-03 02:38:17,59.17,33.0
2024-01-03 02:40:42,69.1,36.7
2024-01-03 02:43:09,59.08,31.38
2024-01-03 02:45:35,60.67,32.1
2024-01-03 02:48:01,62.7,32.63
2024-01-03 02:50:27,53.83,31.7
2024-01-03 02:52:53,61.8,32.42
2024-01-03 02:55:19,64.15,33.17
2024-01-03 02:57:46,57.65,31.3
2024-01-03 03:00:12,67.85,33.13
2024-01-03 03:02:38,60.72,33.58
2024-01-03 03:05:04,59.92,31.88
2024-01-03 03:07:30,61.08,30.9
2024-01-03 03:09:55,81.53,29.75
2024-01-03 03:12:21,62.33,29.73
2024-01-03 03:14:47,53.08,28.08
2024-01-03 03:17:12,68.55,31.08
2024-01-03 03:19:38,64.72,29.55
2024-01-03 03:22:04,60.03,29.48
2024-01-03 03:24:30,70.4,27.98
2024-01-03 03:26:55,56.15,27.23
2024-01-03 03:29:21,57.83,28.1
2024-01-03 03:31:47,56.78,28.0
2024-01-03 03:34:15,51.15,27.85
2024-01-03 03:36:42,53.5,25.83
2024-01-03 03:39:08,44.85,25.35
2024-01-03 03:41:34,54.25,27.8
2024-01-03 03:44:02,62.28,28.75
2024-01-03 03:46:28,50.4,25.73
2024-01-03 03:48:53,57.05,26.48
2024-01-03 03:51:19,47.13,24.88
2024-01-03 03:53:45,58.88,25.5
2024-01-03 03:56:20,44.03,24.27
2024-01-03 03:58:49,39.15,22.7
2024-01-03 04:01:15,45.08,24.4
2024-01-03 04:03:43,50.4,23.3
2024-01-03 04:06:09,40.4,23.55
2024-01-03 04:08:38,47.1,23.7
2024-01-03 04:11:07,47.35,22.42
2024-01-03 04:13:32,48.13,23.0
2024-01-03 04:15:58,44.7,22.7
2024-01-03 04:18:28,42.5,23.17
2024-01-03 04:20:54,46.47,23.3
2024-01-03 04:23:20,40.0,22.02
2024-01-03 04:25:45,43.13,22.35
2024-01-03 04:28:11,41.58,20.8
2024-01-03 04:30:37,45.63,22.4
2024-01-03 04:33:02,40.35,21.0
2024-01-03 04:35:28,38.05,19.92
2024-01-03 04:37:54,35.35,18.0
2024-01-03 04:40:21,34.2,17.75
2024-01-03 04:42:47,35.83,18.42
2024-01-03 04:45:13,32.72,17.1
2024-01-03 04:47:38,33.17,18.38
2024-01-03 04:50:05,36.17,20.08
2024-01-03 04:52:31,38.9,19.83
2024-01-03 04:54:57,44.53,21.8
2024-01-03 04:57:22,44.45,20.42
2024-01-03 04:59:48,38.58,21.7
2024-01-03 05:02:17,51.03,22.98
2024-01-03 05:04:42,44.35,21.67
2024-01-03 05:07:10,41.65,20.15
2024-01-03 05:09:35,47.33,21.02
2024-01-03 05:12:01,45.53,19.52
2024-01-03 05:14:29,42.75,20.02
2024-01-03 05:16:58,50.75,19.88
2024-01-03 05:19:23,39.47,19.13
2024-01-03 05:21:49,43.28,21.73
2024-01-03 05:24:15,49.35,22.3
2024-01-03 05:26:41,45.15,22.75
2024-01-03 05:29:06,50.85,22.6
2024-01-03 05:31:32,45.42,21.83
2024-01-03 05:33:58,40.13,20.25
2024-01-03 05:36:23,46.92,23.05
2024-01-03 05:38:49,52.4,22.83
2024-01-03 05:41:15,68.03,27.7
2024-01-03 05:43:40,47.0,23.48
2024-01-03 05:46:06,53.83,24.38
2024-01-03 05:48:32,42.92,22.23
2024-01-03 05:50:58,45.53,22.33
2024-01-03 05:53:24,46.03,21.88
2024-01-03 05:55:49,41.53,21.58
2024-01-03 05:58:15,42.7,22.92
2024-01-03 06:00:41,43.4,23.4
2024-01-03 06:03:06,40.97,22.35
2024-01-03 06:05:32,45.5,23.9
2024-01-03 06:07:58,48.83,25.33
2024-01-03 06:10:23,44.3,23.6
2024-01-03 06:12:49,42.9,23.1
2024-01-03 06:15:15,41.88,22.73
2024-01-03 06:17:40,45.63,24.0
2024-01-03 06:20:06,42.38,21.15
2024-01-03 06:22:32,56.0,26.27
2024-01-03 06:24:58,58.53,28.55
2024-01-03 06:27:24,53.92,25.42
2024-01-03 06:29:50,55.8,27.75
2024-01-03 06:32:15,59.75,27.5
2024-01-03 06:34:41,52.75,26.65
2024-01-03 06:37:07,55.97,26.83
2024-01-03 06:39:33,47.83,24.73
2024-01-03 06:41:58,53.78,26.33
2024-01-03 06:44:24,45.25,23.5
2024-01-03 06:46:51,51.0,24.6
2024-01-03 06:49:16,49.53,24.63
2024-01-03 06:51:42,47.58,25.9
2024-01-03 06:54:09,42.53,23.1
2024-01-03 06:56:35,42.55,22.02
2024-01-03 06:59:01,40.55,20.42
2024-01-03 07:01:26,43.65,21.45
2024-01-03 07:03:52,43.28,20.77
2024-01-03 07:06:18,41.1,21.17
2024-01-03 07:08:44,48.45,23.98
2024-01-03 07:11:11,47.9,22.7
2024-01-03 07:13:37,55.1,25.38
2024-01-03 07:16:02,47.35,23.98
2024-01-03 07:18:28,62.38,28.83
2024-01-03 07:20:54,44.83,22.67
2024-01-03 07:23:20,51.95,24.85
2024-01-03 07:25:45,52.13,24.8
2024-01-03 07:28:11,54.7,27.1
2024-01-03 07:30:38,50.0,25.35
2024-01-03 07:33:04,50.3,24.2
2024-01-03 07:35:30,48.03,22.08
2024-01-03 07:37:55,47.78,23.17
2024-01-03 07:40:21,47.53,24.9
2024-01-03 07:42:47,54.55,26.4
2024-01-03 07:45:12,47.97,24.35
2024-01-03 07:47:38,47.85,24.1
2024-01-03 07:50:04,52.28,24.23
2024-01-03 07:52:30,51.08,24.4
2024-01-03 07:54:55,56.1,26.0
2024-01-03 07:57:21,43.97,22.75
2024-01-03 07:59:47,45.33,23.1
2024-01-03 08:02:13,43.4,23.48
2024-01-03 08:04:38,52.03,26.73
2024-01-03 08:07:05,53.4,25.67
2024-01-03 08:09:31,50.38,25.55
2024-01-03 08:11:58,53.97,26.4
2024-01-03 08:14:24,55.5,28.25
2024-01-03 08:16:50,59.8,29.73
2024-01-03 08:19:15,66.6,31.23
2024-01-03 08:21:41,63.0,32.45
2024-01-03 08:24:07,70.1,34.83
2024-01-03 08:26:33,66.13,33.83
2024-01-03 08:28:59,67.95,33.72
2024-01-03 08:31:24,61.92,30.3
2024-01-03 08:33:50,61.6,30.13
2024-01-03 08:36:16,63.53,29.98
2024-01-03 08:38:41,62.85,31.95
2024-01-03 08:41:11,55.67,27.4
2024-01-03 08:43:41,56.8,29.67
2024-01-03 08:46:07,55.6,29.08
2024-01-03 08:48:33,56.67,29.3
2024-01-03 08:50:59,54.88,27.63
2024-01-03 08:53:25,58.42,28.63
2024-01-03 08:55:51,66.47,31.17
2024-01-03 08:58:16,59.0,31.5
2024-01-03 09:00:42,55.15,27.5
2024-01-03 09:03:09,51.33,27.1
2024-01-03 09:05:35,46.7,24.4
2024-01-03 09:08:01,53.42,28.23
2024-01-03 09:10:27,47.65,24.05
2024-01-03 09:12:52,48.13,26.73
2024-01-03 09:15:18,49.3,27.13
2024-01-03 09:17:44,45.3,24.9
2024-01-03 09:20:10,47.97,25.52
2024-01-03 09:22:36,41.08,21.9
2024-01-03 09:25:03,45.95,23.52
2024-01-03 09:27:29,44.92,23.1
2024-01-03 09:29:55,40.75,21.25
2024-01-03 09:32:20,35.7,20.63
2024-01-03 09:34:46,41.78,19.83
2024-01-03 09:37:13,41.2,20.42
2024-01-03 09:39:39,39.33,20.25
2024-01-03 09:42:05,46.55,22.05
2024-01-03 09:44:35,52.45,24.67
2024-01-03 09:47:01,50.22,25.2
2024-01-03 09:49:28,47.15,23.85
2024-01-03 09:51:54,47.9,25.38
2024-01-03 09:54:21,49.67,26.0
2024-01-03 09:56:46,51.7,25.27
2024-01-03 09:59:13,49.17,25.7
2024-01-03 10:02:03,51.7,26.4
2024-01-03 10:04:30,46.5,22.95
2024-01-03 10:06:56,47.92,26.33
2024-01-03 10:09:38,47.67,25.55
2024-01-03 10:12:15,45.58,24.33
2024-01-03 10:14:45,49.1,26.27
2024-01-03 10:17:11,47.9,25.42
2024-01-03 10:19:36,50.42,26.08
2024-01-03 10:22:03,45.35,24.88
2024-01-03 10:24:29,44.42,24.0
2024-01-03 10:27:07,42.75,24.52
2024-01-03 10:29:35,45.08,24.35
2024-01-03 10:32:01,43.15,23.83
2024-01-03 10:34:30,45.35,25.65
2024-01-03 10:36:56,47.7,24.88
2024-01-03 10:39:23,53.03,26.77
2024-01-03 10:41:51,42.85,23.75
2024-01-03 10:44:18,43.2,22.77
2024-01-03 10:46:44,46.6,24.5
2024-01-03 10:49:11,51.3,25.85
2024-01-03 10:51:37,53.17,26.4
2024-01-03 10:54:08,48.03,25.5
2024-01-03 10:56:36,56.22,27.65
2024-01-03 10:59:05,55.97,29.23
2024-01-03 11:01:41,56.88,28.45
2024-01-03 11:07:54,56.65,29.13
2024-01-03 11:13:24,63.08,30.85
2024-01-03 11:15:53,60.35,30.8
2024-01-03 11:23:55,74.0,35.25
2024-01-03 11:32:26,78.72,37.2
2024-01-03 11:34:56,87.63,40.33
2024-01-03 11:39:50,97.07,42.72
2024-01-03 11:47:34,79.35,39.47
2024-01-03 11:50:01,61.03,28.17
2024-01-03 11:52:30,78.88,36.6
2024-01-03 11:55:04,79.0,36.47
2024-01-03 11:57:32,84.13,40.97
2024-01-03 12:00:00,86.15,40.83
2024-01-03 12:02:27,82.97,41.3
2024-01-03 12:05:14,93.72,44.15
2024-01-03 12:07:39,93.63,43.75
2024-01-03 12:10:05,84.7,41.3
2024-01-03 12:12:35,90.2,43.45
2024-01-03 12:15:01,89.9,44.67
2024-01-03 12:17:28,97.65,43.42
2024-01-03 12:20:11,93.07,46.2
2024-01-03 12:22:38,87.9,45.9
2024-01-03 12:25:04,94.65,46.05
2024-01-03 12:27:30,88.4,43.67
2024-01-03 12:33:05,86.57,42.95
2024-01-03 12:35:36,89.6,43.4
2024-01-03 12:38:03,94.4,46.65
2024-01-03 12:40:29,85.75,45.7
2024-01-03 12:42:55,102.5,47.33
2024-01-03 12:45:20,88.38,43.4
2024-01-03 12:47:46,91.07,44.08
2024-01-03 12:50:13,83.6,44.17
2024-01-03 12:52:38,89.5,42.95
2024-01-03 12:55:05,79.43,41.2
2024-01-03 12:57:34,77.43,40.13
2024-01-03 13:00:00,80.1,43.53
2024-01-03 13:02:26,82.97,42.83
2024-01-03 13:04:53,80.75,41.72
2024-01-03 13:07:19,81.88,42.47
2024-01-03 13:09:44,86.6,44.53
2024-01-03 13:12:10,82.28,44.4
2024-01-03 13:14:36,87.4,45.78
2024-01-03 13:17:02,79.72,41.83
2024-01-03 13:19:28,84.05,43.4
2024-01-03 13:21:54,73.8,40.97
2024-01-03 13:24:20,74.63,41.97
2024-01-03 13:26:46,86.05,43.83
2024-01-03 13:29:12,80.8,42.35
2024-01-03 13:31:38,78.82,41.75
2024-01-03 13:34:04,79.32,40.7
2024-01-03 13:36:29,75.07,40.55
2024-01-03 13:38:55,80.05,40.97
2024-01-03 13:41:21,78.4,43.15
2024-01-03 13:43:47,88.82,43.38
2024-01-03 13:46:13,85.03,44.5
2024-01-03 13:48:40,82.55,42.55
2024-01-03 13:51:06,90.05,42.6
2024-01-03 13:53:33,75.82,42.7
2024-01-03 13:55:59,79.78,43.2
2024-01-03 13:58:26,85.78,44.8
2024-01-03 14:00:51,94.43,49.88
2024-01-03 14:03:17,93.43,49.7
2024-01-03 14:05:43,94.93,52.33
2024-01-03 14:08:10,94.45,51.08
2024-01-03 14:10:36,104.43,51.1
2024-01-03 14:13:02,98.97,52.4
2024-01-03 14:15:28,107.35,54.92
2024-01-03 14:17:53,96.07,52.3
2024-01-03 14:20:19,108.4,55.5
2024-01-03 14:22:45,98.63,53.67
2024-01-03 14:25:11,99.13,56.45
2024-01-03 14:27:38,101.43,53.65
2024-01-03 14:30:05,98.93,53.1
2024-01-03 14:32:35,97.63,52.72
2024-01-03 14:35:01,95.2,52.88
2024-01-03 14:37:27,96.28,51.75
2024-01-03 14:39:55,102.0,55.15
2024-01-03 14:42:21,102.82,53.3
2024-01-03 14:44:49,100.07,53.72
2024-01-03 14:47:15,100.93,54.28
2024-01-03 14:49:42,115.05,55.85
2024-01-03 14:52:11,100.13,53.22
2024-01-03 14:54:37,99.63,53.55
2024-01-03 14:57:04,106.55,53.67
2024-01-03 14:59:30,108.93,57.25
2024-01-03 15:01:56,122.32,60.55
2024-01-03 15:04:21,108.45,55.83
2024-01-03 15:09:20,120.37,63.57
2024-01-03 15:11:46,128.93,68.82
2024-01-03 15:14:12,140.9,73.53
2024-01-03 15:16:38,128.1,68.68
2024-01-03 15:19:04,135.35,73.0
2024-01-03 15:21:31,118.7,67.03
2024-01-03 15:23:58,110.2,58.17
2024-01-03 15:26:24,105.3,53.97
2024-01-03 15:28:50,101.05,55.5
2024-01-03 15:31:15,106.05,56.35
2024-01-03 15:33:43,99.9,52.58
2024-01-03 15:36:09,108.72,56.2
2024-01-03 15:38:35,97.6,51.28
2024-01-03 15:41:00,99.9,54.0
2024-01-03 15:43:28,104.8,54.85
2024-01-03 15:45:53,117.75,58.88
2024-01-03 15:48:19,105.43,57.9
2024-01-03 15:50:45,113.97,60.25
2024-01-03 15:53:11,137.8,73.9
2024-01-03 15:55:37,140.77,72.7
2024-01-03 15:58:03,157.85,80.97
2024-01-03 16:00:29,199.02,106.63
2024-01-03 16:02:56,168.65,93.22
2024-01-03 16:05:22,155.48,85.4
2024-01-03 16:07:48,137.1,76.65
2024-01-03 16:10:14,185.88,102.85
2024-01-03 16:12:39,187.23,105.32
2024-01-03 16:15:05,133.2,72.47
2024-01-03 16:17:31,149.75,81.32
2024-01-03 16:19:57,124.28,68.6
2024-01-03 16:22:23,148.93,83.38
2024-01-03 16:24:51,118.38,66.65
2024-01-03 16:27:17,133.65,74.88
2024-01-03 16:29:44,130.05,74.72
2024-01-03 16:32:10,125.75,70.65
2024-01-03 16:34:36,127.7,69.78
2024-01-03 16:37:05,139.77,75.57
2024-01-03 16:39:37,134.48,70.65
2024-01-03 16:42:03,144.0,76.5
2024-01-03 16:44:29,127.93,68.38
2024-01-03 16:46:55,125.8,67.15
2024-01-03 16:49:21,135.85,70.25
2024-01-03 16:51:46,125.32,65.82
2024-01-03 16:54:13,134.85,76.5
2024-01-03 16:56:40,125.0,68.93
2024-01-03 16:59:08,107.6,56.65
2024-01-03 17:01:40,126.65,68.72
2024-01-03 17:04:08,170.8,85.78
2024-01-03 17:06:37,164.75,86.3
2024-01-03 17:09:05,175.48,93.53
2024-01-03 17:11:32,142.07,72.47
2024-01-03 17:13:58,146.27,77.35
2024-01-03 17:16:24,140.8,68.57
2024-01-03 17:18:50,135.68,73.8
2024-01-03 17:21:18,124.07,66.3
2024-01-03 17:23:45,123.88,65.18
2024-01-03 17:26:18,124.22,61.15
2024-01-03 17:28:44,95.53,51.8
2024-01-03 17:31:15,132.15,73.07
2024-01-03 17:33:42,122.28,64.4
2024-01-03 17:36:09,133.2,72.78
2024-01-03 17:38:39,107.82,59.47
2024-01-03 17:41:06,100.03,56.45
2024-01-03 17:43:36,105.28,55.78
2024-01-03 17:46:03,112.15,62.28
2024-01-03 17:48:29,113.7,61.53
2024-01-03 17:50:55,109.97,57.15
2024-01-03 17:53:22,125.0,70.5
2024-01-03 17:55:48,112.5,61.67
2024-01-03 17:58:14,116.22,66.47
2024-01-03 18:00:40,122.6,65.2
2024-01-03 18:03:06,114.82,67.28
2024-01-03 18:05:31,109.38,58.97
2024-01-03 18:07:58,116.3,60.35
2024-01-03 18:10:25,137.05,77.07
2024-01-03 18:12:52,124.05,65.4
2024-01-03 18:15:18,123.3,65.95
2024-01-03 18:17:44,119.68,65.63
2024-01-03 18:20:10,125.78,68.53
2024-01-03 18:22:40,126.35,66.97
2024-01-03 18:25:15,125.25,66.38
2024-01-03 18:27:41,117.43,64.0
2024-01-03 18:30:08,122.43,67.6
2024-01-03 18:32:37,119.8,67.55
2024-01-03 18:35:04,124.85,68.53
2024-01-03 18:37:34,140.43,75.6
2024-01-03 18:40:02,171.43,98.78
2024-01-03 18:42:29,214.85,120.93
2024-01-03 18:44:55,188.02,110.5
2024-01-03 18:47:22,150.93,86.03
2024-01-03 18:49:48,164.9,93.45
2024-01-03 18:52:14,136.32,76.82
2024-01-03 18:54:39,155.1,78.38
2024-01-03 18:57:05,132.95,72.4
2024-01-03 18:59:35,137.65,71.95
2024-01-03 19:02:03,123.25,69.57
2024-01-03 19:04:28,134.15,74.07
2024-01-03 19:06:54,141.82,73.63
2024-01-03 19:09:20,140.95,77.45
2024-01-03 19:11:47,150.85,84.1
2024-01-03 19:14:13,173.9,94.85
2024-01-03 19:16:39,163.07,92.4
2024-01-03 19:19:05,180.25,99.35
2024-01-03 19:21:31,203.07,110.47
2024-01-03 19:23:58,216.0,119.0
2024-01-03 19:26:27,203.65,113.63
2024-01-03 19:28:53,279.45,154.57
2024-01-03 19:31:18,188.13,100.97
2024-01-03 19:33:45,206.43,116.45
2024-01-03 19:36:16,270.98,153.0
2024-01-03 19:38:42,194.55,112.22
2024-01-03 19:41:07,209.5,118.18
2024-01-03 19:43:33,226.15,132.25
2024-01-03 19:45:59,173.65,96.72
2024-01-03 19:48:25,197.5,110.0
2024-01-03 19:50:52,197.55,116.35
2024-01-03 19:53:19,191.75,108.15
2024-01-03 19:55:45,222.2,128.13
2024-01-03 19:58:11,222.15,125.3
2024-01-03 20:00:36,199.02,118.1
2024-01-03 20:03:03,230.5,130.05
2024-01-03 20:05:29,239.38,140.15
2024-01-03 20:07:54,193.32,113.03
2024-01-03 20:10:20,209.52,119.88
2024-01-03 20:12:46,215.65,125.68
2024-01-03 20:15:12,209.77,126.07
2024-01-03 20:17:38,269.85,158.6
2024-01-03 20:20:04,202.75,121.22
2024-01-03 20:22:30,209.6,122.57
2024-01-03 20:24:56,236.07,137.98
2024-01-03 20:27:22,268.23,156.98
2024-01-03 20:29:48,248.02,148.73
2024-01-03 20:32:14,247.98,143.55
2024-01-03 20:34:41,256.9,151.4
2024-01-03 20:37:06,276.83,165.15
2024-01-03 20:39:35,277.77,165.75
2024-01-03 20:42:01,252.07,148.1
2024-01-03 20:44:34,243.5,145.2
2024-01-03 20:47:00,234.48,133.0
2024-01-03 20:49:26,223.15,127.35
2024-01-03 20:51:52,219.3,129.48
2024-01-03 20:54:17,219.95,130.3
2024-01-03 20:56:44,213.35,126.53
2024-01-03 20:59:14,206.07,118.97
2024-01-03 21:01:44,202.63,115.47
2024-01-03 21:04:10,213.05,123.45
2024-01-03 21:06:36,220.32,129.25
2024-01-03 21:09:03,199.13,119.25
2024-01-03 21:11:29,189.07,112.97
2024-01-03 21:14:01,206.77,120.72
2024-01-03 21:16:28,208.95,129.27
2024-01-03 21:18:55,212.68,126.3
2024-01-03 21:21:21,209.38,123.32
2024-01-03 21:23:47,191.4,116.72
2024-01-03 21:26:12,190.52,115.0
2024-01-03 21:28:39,214.6,128.35
2024-01-03 21:31:08,237.9,139.7
2024-01-03 21:33:37,227.15,140.02
2024-01-03 21:36:03,352.9,216.25
2024-01-03 21:38:29,252.8,155.8
2024-01-03 21:40:55,226.43,138.4
2024-01-03 21:43:20,179.93,104.03
2024-01-03 21:45:46,118.2,70.35
2024-01-03 21:48:12,124.55,77.55
2024-01-03 21:50:38,238.25,143.05
2024-01-03 21:53:03,304.85,184.73
2024-01-03 21:55:29,367.92,222.2
2024-01-03 21:57:55,245.68,148.25
2024-01-03 22:00:21,178.9,106.85
2024-01-03 22:02:47,239.95,148.07
2024-01-03 22:05:14,210.0,127.65
2024-01-03 22:07:41,278.38,166.93
2024-01-03 22:10:13,244.7,145.23
2024-01-03 22:12:40,282.4,169.73
2024-01-03 22:15:12,257.02,158.48
2024-01-03 22:17:40,215.23,129.85
2024-01-03 22:20:09,176.8,105.6
2024-01-03 22:22:38,244.65,146.3
2024-01-03 22:25:05,223.57,133.45
2024-01-03 22:27:31,202.35,123.03
2024-01-03 22:29:57,218.68,131.93
2024-01-03 22:32:23,242.9,146.38
2024-01-03 22:34:48,230.63,142.25
2024-01-03 22:37:15,242.68,142.48
2024-01-03 22:39:41,219.8,131.15
2024-01-03 22:42:07,224.8,131.43
2024-01-03 22:44:34,163.68,97.97
2024-01-03 22:47:01,154.7,92.43
2024-01-03 22:49:36,134.82,81.05
2024-01-03 22:52:02,130.95,76.97
2024-01-03 22:54:28,163.0,92.38
2024-01-03 22:56:54,165.88,100.65
2024-01-03 22:59:21,162.15,100.93
2024-01-03 23:01:47,169.43,101.72
2024-01-03 23:04:13,168.35,102.03
2024-01-03 23:06:39,182.7,112.8
2024-01-03 23:09:05,213.93,128.1
2024-01-03 23:11:31,192.15,118.68
2024-01-03 23:13:56,195.95,119.15
2024-01-03 23:16:22,192.35,118.72
2024-01-03 23:18:49,188.73,114.6
2024-01-03 23:21:18,204.02,121.6
2024-01-03 23:23:45,194.13,116.5
2024-01-03 23:26:11,219.2,129.5
2024-01-03 23:28:37,217.73,131.23
2024-01-03 23:31:06,230.43,136.23
2024-01-03 23:33:33,210.07,123.88
2024-01-03 23:35:59,216.0,126.43
2024-01-03 23:38:25,224.98,128.93
2024-01-03 23:40:51,233.52,138.35
2024-01-03 23:43:16,213.98,128.15
2024-01-03 23:45:42,214.05,124.95
2024-01-03 23:48:08,195.45,114.72
2024-01-03 23:50:34,209.5,120.38
2024-01-03 23:53:04,225.65,129.55
2024-01-03 23:55:30,211.88,120.2
2024-01-03 23:57:56,198.18,117.03
2024-01-04 00:00:23,193.6,116.45
2024-01-04 00:02:50,180.88,107.85
2024-01-04 00:05:16,218.57,114.63
2024-01-04 00:07:42,217.45,112.1
2024-01-04 00:10:08,185.4,105.5
2024-01-04 00:12:34,156.77,87.78
2024-01-04 00:15:00,172.1,85.15
2024-01-04 00:17:29,202.4,92.2
2024-01-04 00:19:55,174.68,90.07
2024-01-04 00:22:21,157.9,88.6
2024-01-04 00:24:46,147.68,82.82
2024-01-04 00:27:12,154.85,89.05
2024-01-04 00:29:38,140.8,81.75
2024-01-04 00:32:03,117.85,73.4
2024-01-04 00:34:29,124.18,72.53
2024-01-04 00:36:55,135.45,75.15
2024-01-04 00:39:23,104.03,61.58
2024-01-04 00:41:52,104.05,57.5
2024-01-04 00:44:18,96.95,59.8
2024-01-04 00:46:44,114.55,60.0
2024-01-04 00:49:10,109.7,59.3
2024-01-04 00:51:36,91.7,54.7
2024-01-04 00:54:02,90.97,53.92
2024-01-04 00:56:32,104.5,54.55
2024-01-04 00:58:59,86.7,53.4
2024-01-04 01:01:28,114.38,55.42
2024-01-04 01:04:03,84.05,48.8
2024-01-04 01:06:29,82.8,49.42
2024-01-04 01:08:54,88.25,49.92
2024-01-04 01:11:20,81.85,47.97
2024-01-04 01:13:46,95.5,49.05
2024-01-04 01:16:12,97.3,49.0
2024-01-04 01:18:38,85.88,50.83
2024-01-04 01:21:04,100.6,49.85
2024-01-04 01:23:29,94.8,51.05
2024-01-04 01:25:55,97.43,52.15
2024-01-04 01:28:21,82.15,48.33
2024-01-04 01:30:47,84.07,47.53
2024-01-04 01:33:13,99.2,48.8
2024-01-04 01:35:38,85.28,48.28
2024-01-04 01:38:04,80.57,48.95
2024-01-04 01:40:30,77.25,46.13
2024-01-04 01:42:56,73.47,43.97
2024-01-04 01:45:24,77.95,47.33
2024-01-04 01:47:50,85.15,46.88
2024-01-04 01:50:17,76.68,45.65
2024-01-04 01:52:46,90.25,45.75
2024-01-04 01:55:13,81.22,44.72
2024-01-04 01:57:41,77.5,45.13
2024-01-04 02:00:07,73.28,43.47
2024-01-04 02:02:35,81.38,45.78
2024-01-04 02:05:01,74.35,45.7
2024-01-04 02:07:27,80.43,44.85
2024-01-04 02:09:54,78.93,44.75
2024-01-04 02:12:19,80.82,44.55
2024-01-04 02:14:45,89.25,46.75
2024-01-04 02:17:13,89.32,45.08
2024-01-04 02:19:39,74.55,44.15
2024-01-04 02:22:05,79.0,42.4
2024-01-04 02:24:31,84.03,41.42
2024-01-04 02:26:56,69.68,40.65
2024-01-04 02:29:22,66.05,40.72
2024-01-04 02:31:49,71.63,40.5
2024-01-04 02:34:15,65.97,39.22
2024-01-04 02:36:41,61.22,38.03
2024-01-04 02:39:06,52.95,35.3
2024-01-04 02:41:34,74.45,38.4
2024-01-04 02:44:00,65.68,38.78
2024-01-04 02:46:26,74.22,37.63
2024-01-04 02:48:51,58.63,36.75
2024-01-04 02:51:17,55.17,36.67
2024-01-04 02:53:43,65.78,38.08
2024-01-04 02:56:09,78.03,39.05
2024-01-04 02:58:34,56.0,37.4
2024-01-04 03:01:00,73.05,38.3
2024-01-04 03:03:26,76.53,37.67
2024-01-04 03:05:52,59.22,36.17
2024-01-04 03:08:19,66.4,35.2
2024-01-04 03:10:45,67.2,37.35
2024-01-04 03:13:10,58.08,35.63
2024-01-04 03:15:36,60.92,37.33
2024-01-04 03:18:02,60.9,36.3
2024-01-04 03:20:28,65.55,37.25
2024-01-04 03:22:53,62.13,35.45
2024-01-04 03:25:19,60.45,37.3
2024-01-04 03:27:45,55.3,36.13
2024-01-04 03:30:11,66.3,36.8
2024-01-04 03:32:37,70.6,35.78
2024-01-04 03:35:03,63.17,35.83
2024-01-04 03:37:33,78.8,36.22
2024-01-04 03:39:59,68.1,35.38
2024-01-04 03:42:24,64.63,35.75
2024-01-04 03:44:50,64.22,36.33
2024-01-04 03:47:16,62.9,36.15
2024-01-04 03:49:42,59.22,35.03
2024-01-04 03:52:07,59.42,34.47
2024-01-04 03:54:33,54.13,34.35
2024-01-04 03:56:59,61.17,37.53
2024-01-04 03:59:25,56.45,35.13
2024-01-04 04:01:51,76.32,37.4
2024-01-04 04:04:16,62.9,36.38
2024-01-04 04:06:42,78.75,38.45
2024-01-04 04:09:08,71.47,39.72
2024-01-04 04:11:34,86.32,41.38
2024-01-04 04:14:00,75.32,39.0
2024-01-04 04:16:25,64.7,39.78
2024-01-04 04:18:51,67.6,39.17
2024-01-04 04:21:20,68.4,38.0
2024-01-04 04:23:47,62.72,36.7
2024-01-04 04:26:20,66.85,39.72
2024-01-04 04:28:50,62.28,37.63
2024-01-04 04:31:17,63.38,37.65
2024-01-04 04:33:44,62.8,38.45
2024-01-04 04:36:11,62.83,36.65
2024-01-04 04:38:37,76.35,38.72
2024-01-04 04:41:03,61.4,36.8
2024-01-04 04:43:30,63.53,36.53
2024-01-04 04:45:57,63.35,39.05
2024-01-04 04:48:23,57.42,35.7
2024-01-04 04:50:49,63.13,37.65
2024-01-04 04:53:16,69.35,36.28
2024-01-04 04:55:42,60.53,34.85
2024-01-04 04:58:08,56.35,33.6
2024-01-04 05:00:34,64.75,35.38
2024-01-04 05:03:00,64.05,34.88
2024-01-04 05:05:25,63.72,36.03
2024-01-04 05:07:51,59.58,33.75
2024-01-04 05:10:17,60.22,37.85
2024-01-04 05:12:43,59.17,35.35
2024-01-04 05:15:08,56.53,34.0
2024-01-04 05:17:34,61.65,34.92
2024-01-04 05:20:00,64.78,35.85
2024-01-04 05:22:26,60.5,36.85
2024-01-04 05:24:51,60.42,34.92
2024-01-04 05:27:17,66.1,36.47
2024-01-04 05:29:43,84.18,42.22
2024-01-04 05:32:09,58.17,35.17
2024-01-04 05:34:34,69.22,35.3
2024-01-04 05:37:01,61.8,35.75
2024-01-04 05:39:27,64.3,37.72
2024-01-04 05:41:53,64.47,38.65
2024-01-04 05:44:19,66.28,40.78
2024-01-04 05:46:45,75.13,39.0
2024-01-04 05:49:11,65.68,39.38
2024-01-04 05:51:37,56.17,34.97
2024-01-04 05:54:02,70.3,36.63
2024-01-04 05:56:29,72.82,35.63
2024-01-04 05:58:55,53.55,34.67
2024-01-04 06:01:20,64.22,35.38
2024-01-04 06:03:46,58.63,34.78
2024-01-04 06:06:12,60.03,36.88
2024-01-04 06:08:41,59.4,36.33
2024-01-04 06:11:08,58.1,35.88
2024-01-04 06:13:34,57.4,32.55
2024-01-04 06:16:07,72.22,37.4
2024-01-04 06:18:33,68.28,38.17
2024-01-04 06:20:59,51.7,34.25
2024-01-04 06:23:27,51.33,34.0
2024-01-04 06:25:53,62.7,36.33
2024-01-04 06:28:19,61.95,39.28
2024-01-04 06:30:45,63.53,37.6
2024-01-04 06:33:11,70.18,35.8
2024-01-04 06:35:37,69.13,36.6
2024-01-04 06:38:03,77.38,36.28
2024-01-04 06:40:33,60.03,36.0
2024-01-04 06:43:05,76.15,35.2
2024-01-04 06:45:34,78.25,37.67
2024-01-04 06:48:04,70.4,38.03
2024-01-04 06:50:30,59.38,34.97
2024-01-04 06:52:56,91.32,37.9
2024-01-04 06:55:22,75.4,36.75
2024-01-04 06:57:48,73.18,38.55
2024-01-04 07:00:14,62.88,36.63
2024-01-04 07:02:42,58.45,36.15
2024-01-04 07:05:08,60.3,34.45
2024-01-04 07:07:37,66.35,36.42
2024-01-04 07:10:03,59.22,34.85
2024-01-04 07:12:29,56.78,34.15
2024-01-04 07:14:55,61.35,35.5
2024-01-04 07:17:21,55.13,33.58
2024-01-04 07:19:48,54.78,32.05
2024-01-04 07:22:14,64.7,34.2
2024-01-04 07:24:40,58.5,33.38
2024-01-04 07:27:07,60.95,32.7
2024-01-04 07:29:34,85.65,35.2
2024-01-04 07:32:00,64.28,33.33
2024-01-04 07:34:26,58.03,33.15
2024-01-04 07:36:52,54.15,33.5
2024-01-04 07:39:18,64.35,33.1
2024-01-04 07:41:43,57.35,32.47
2024-01-04 07:44:10,60.17,34.5
2024-01-04 07:46:36,62.88,33.58
2024-01-04 07:49:02,57.5,34.1
2024-01-04 07:51:32,69.72,35.7
2024-01-04 07:53:58,74.25,35.03
2024-01-04 07:56:24,73.55,37.4
2024-01-04 07:58:50,77.63,37.25
2024-01-04 08:01:16,64.68,35.2
2024-01-04 08:03:42,66.82,37.3
2024-01-04 08:06:08,71.38,39.05
2024-01-04 08:08:34,62.83,35.4
2024-01-04 08:11:00,57.88,33.65
2024-01-04 08:13:26,67.47,35.88
2024-01-04 08:15:52,64.88,36.53
2024-01-04 08:18:19,63.63,36.08
2024-01-04 08:20:47,65.7,35.97
2024-01-04 08:23:13,64.7,36.78
2024-01-04 08:25:39,61.5,35.0
2024-01-04 08:28:06,57.08,33.38
2024-01-04 08:30:34,66.45,35.67
2024-01-04 08:33:00,81.22,36.8
2024-01-04 08:35:26,64.15,37.0
2024-01-04 08:37:52,68.85,37.95
2024-01-04 08:40:17,67.45,36.13
2024-01-04 08:42:43,59.6,32.85
2024-01-04 08:45:09,69.55,38.67
2024-01-04 08:47:38,62.0,34.88
2024-01-04 08:50:05,68.32,36.72
2024-01-04 08:52:31,67.5,36.85
2024-01-04 08:54:57,57.03,33.4
2024-01-04 08:57:23,54.55,32.55
2024-01-04 08:59:50,62.47,34.95
2024-01-04 09:02:15,56.15,32.88
2024-01-04 09:04:41,62.03,33.58
2024-01-04 09:07:08,60.42,33.9
2024-01-04 09:09:34,63.88,35.22
2024-01-04 09:12:00,60.08,34.45
2024-01-04 09:14:26,65.4,36.38
2024-01-04 09:16:52,61.7,35.3
2024-01-04 09:19:19,68.88,36.63
2024-01-04 09:21:49,69.57,35.6
2024-01-04 09:24:15,80.55,39.75
2024-01-04 09:26:43,98.2,42.72
2024-01-04 09:29:10,86.03,41.22
2024-01-04 09:31:37,72.35,35.97
2024-01-04 09:34:03,79.9,39.78
2024-01-04 09:36:29,92.93,43.17
2024-01-04 09:38:55,88.63,42.53
2024-01-04 09:41:27,88.63,42.38
2024-01-04 09:43:56,88.43,43.28
2024-01-04 09:46:26,80.47,40.15
2024-01-04 09:48:58,81.13,40.17
2024-01-04 09:51:28,84.82,43.17
2024-01-04 09:53:55,84.15,43.75
2024-01-04 09:56:25,97.07,48.22
2024-01-04 09:58:52,96.15,48.15
2024-01-04 10:01:19,94.28,45.45
2024-01-04 10:03:48,96.0,47.63
2024-01-04 10:06:30,86.22,44.83
2024-01-04 10:09:01,96.8,48.55
2024-01-04 10:14:33,94.5,47.33
2024-01-04 10:16:59,93.75,46.17
2024-01-04 10:19:25,85.25,43.25
2024-01-04 10:21:52,81.78,43.2
2024-01-04 10:24:21,87.13,44.6
2024-01-04 10:26:58,95.35,48.63
2024-01-04 10:29:25,95.97,44.47
2024-01-04 10:34:27,95.97,43.67
2024-01-04 10:36:53,82.25,41.6
2024-01-04 10:39:22,93.32,45.97
2024-01-04 10:41:57,100.4,46.97
2024-01-04 10:44:26,96.45,46.35
2024-01-04 10:46:59,96.03,44.65
2024-01-04 10:49:26,95.32,45.78
2024-01-04 10:51:56,88.82,44.15
2024-01-04 10:54:32,98.53,48.17
2024-01-04 10:57:00,101.75,47.1
2024-01-04 10:59:28,96.28,47.88
2024-01-04 11:01:56,106.8,49.13
2024-01-04 11:04:23,100.95,48.03
2024-01-04 11:06:50,97.75,47.6
2024-01-04 11:09:18,94.3,48.55
2024-01-04 11:11:45,91.82,46.72
2024-01-04 11:14:12,99.93,47.75
2024-01-04 11:17:00,92.65,45.28
2024-01-04 11:29:15,91.32,47.55
2024-01-04 11:31:42,95.63,47.5
2024-01-04 11:34:09,91.35,48.72
2024-01-04 11:36:37,87.28,48.58
2024-01-04 11:39:03,87.38,46.95
2024-01-04 11:41:35,91.15,49.28
2024-01-04 11:44:02,85.63,46.6
2024-01-04 11:46:28,89.82,47.17
2024-01-04 11:49:04,83.65,45.03
2024-01-04 11:53:57,81.6,43.42
2024-01-04 11:56:23,74.8,42.08
2024-01-04 11:58:49,75.6,43.78
2024-01-04 12:01:22,74.5,43.05
2024-01-04 12:03:48,70.4,38.88
2024-01-04 12:06:20,74.28,42.3
2024-01-04 12:08:48,71.93,39.97
2024-01-04 12:11:15,73.38,41.13
2024-01-04 12:13:44,71.1,41.28
2024-01-04 12:16:10,70.63,39.1
2024-01-04 12:18:36,72.57,40.9
2024-01-04 12:21:02,69.95,41.3
2024-01-04 12:23:32,69.5,39.9
2024-01-04 12:25:59,70.57,39.25
2024-01-04 12:28:25,70.47,39.13
2024-01-04 12:30:52,68.03,38.47
2024-01-04 12:33:18,72.47,39.4
2024-01-04 12:35:44,68.8,37.42
2024-01-04 12:38:10,61.53,36.33
2024-01-04 12:43:06,71.53,37.83
2024-01-04 12:45:36,70.97,37.9
2024-01-04 12:48:02,66.2,39.38
2024-01-04 12:50:29,62.65,36.67
2024-01-04 12:52:56,69.95,39.33
2024-01-04 12:55:21,77.15,43.28
2024-01-04 12:57:47,73.88,43.72
2024-01-04 13:00:13,76.13,41.42
2024-01-04 13:02:40,81.78,45.7
2024-01-04 13:05:06,76.07,45.45
2024-01-04 13:07:34,80.25,41.58
2024-01-04 13:10:00,67.38,39.55
2024-01-04 13:12:26,81.75,46.05
2024-01-04 13:14:52,88.35,51.95
2024-01-04 13:17:18,92.1,55.9
2024-01-04 13:19:44,101.07,56.55
2024-01-04 13:22:10,101.18,57.15
2024-01-04 13:24:35,95.57,54.8
2024-01-04 13:27:01,92.55,54.2
2024-01-04 13:29:28,95.1,55.42
2024-01-04 13:31:54,97.3,54.63
2024-01-04 13:34:19,96.03,55.7
2024-01-04 13:36:45,109.7,62.65
2024-01-04 13:39:11,107.0,55.13
2024-01-04 13:41:36,89.82,53.38
2024-01-04 13:44:03,87.38,50.55
2024-01-04 13:46:29,92.85,52.0
2024-01-04 13:48:56,85.57,51.7
2024-01-04 13:51:22,92.07,53.22
2024-01-04 13:53:47,86.57,51.9
2024-01-04 13:56:13,100.0,56.47
2024-01-04 13:58:39,97.8,55.35
2024-01-04 14:01:05,89.68,49.63
2024-01-04 14:03:31,86.95,49.58
2024-01-04 14:05:57,87.88,50.15
2024-01-04 14:08:23,97.2,53.35
2024-01-04 14:10:49,101.25,55.35
2024-01-04 14:13:14,101.57,57.63
2024-01-04 14:15:40,96.13,53.15
2024-01-04 14:18:08,106.3,60.97
2024-01-04 14:20:34,115.95,62.28
2024-01-04 14:22:59,109.75,61.33
2024-01-04 14:25:25,110.7,58.65
2024-01-04 14:27:51,119.57,68.3
2024-01-04 14:30:17,119.9,68.05
2024-01-04 14:32:43,131.98,74.18
2024-01-04 14:35:08,135.23,76.72
2024-01-04 14:37:36,125.93,69.78
2024-01-04 14:40:06,139.1,75.6
2024-01-04 14:42:33,131.8,74.15
2024-01-04 14:44:59,127.95,70.63
2024-01-04 14:47:25,123.28,66.5
2024-01-04 14:49:53,132.0,71.75
2024-01-04 14:52:19,129.9,73.97
2024-01-04 14:54:45,149.85,84.82
2024-01-04 14:57:11,144.77,81.68
2024-01-04 14:59:37,117.63,67.13
2024-01-04 15:02:03,127.75,72.95
2024-01-04 15:04:29,110.03,61.78
2024-01-04 15:06:55,98.8,58.3
2024-01-04 15:09:20,100.1,60.13
2024-01-04 15:11:46,101.95,61.42
2024-01-04 15:14:12,111.47,63.38
2024-01-04 15:16:39,116.2,63.42
2024-01-04 15:19:04,103.22,62.03
2024-01-04 15:21:30,124.7,72.05
2024-01-04 15:23:56,116.63,67.03
2024-01-04 15:26:22,115.6,66.55
2024-01-04 15:28:47,75.65,44.05
2024-01-04 15:31:13,100.53,59.88
2024-01-04 15:33:39,58.7,34.38
2024-01-04 15:36:05,32.0,19.58
2024-01-04 15:38:31,20.23,13.05
2024-01-04 15:40:57,15.57,9.95
2024-01-04 15:43:23,12.15,8.23
2024-01-04 15:45:49,10.57,6.53
2024-01-04 15:48:15,10.57,6.13
2024-01-04 15:50:47,15.35,8.27
2024-01-04 15:53:12,10.05,5.18
2024-01-04 15:55:38,8.1,5.65
2024-01-04 15:58:04,6.0,4.18
2024-01-04 16:00:34,7.18,4.65
2024-01-04 16:03:00,8.57,5.13
2024-01-04 16:05:26,5.85,3.67
2024-01-04 16:07:52,4.0,3.1
2024-01-04 16:10:18,3.1,2.0
2024-01-04 16:12:45,3.25,2.1
2024-01-04 16:15:12,3.65,2.22
2024-01-04 16:17:38,10.45,4.32
2024-01-04 16:20:03,6.45,4.35
2024-01-04 16:22:30,10.4,5.9
2024-01-04 16:24:55,10.48,5.6
2024-01-04 16:27:21,8.07,5.65
2024-01-04 16:29:47,12.0,7.57
2024-01-04 16:32:13,12.52,7.95
2024-01-04 16:34:39,11.2,7.35
2024-01-04 16:37:05,15.57,9.77
2024-01-04 16:39:30,19.5,11.07
2024-01-04 16:41:56,10.73,5.9
2024-01-04 16:44:22,6.22,4.55
2024-01-04 16:46:48,12.77,7.28
2024-01-04 16:49:15,9.45,6.78
2024-01-04 16:51:41,13.55,8.55
2024-01-04 16:54:07,14.48,9.3
2024-01-04 16:56:33,12.48,7.63
2024-01-04 16:58:59,15.23,9.2
2024-01-04 17:01:25,12.35,7.35
2024-01-04 17:03:51,13.88,8.02
2024-01-04 17:06:17,12.32,7.13
2024-01-04 17:08:43,9.65,5.95
2024-01-04 17:11:10,13.95,8.0
2024-01-04 17:13:36,14.5,8.13
2024-01-04 17:16:02,9.77,6.6
2024-01-04 17:18:28,8.65,5.43
2024-01-04 17:20:54,8.32,5.35
2024-01-04 17:23:19,8.43,5.95
2024-01-04 17:25:47,9.25,6.03
2024-01-04 17:28:13,9.0,6.13
2024-01-04 17:30:39,8.57,5.35
2024-01-04 17:33:04,8.7,5.05
2024-01-04 17:35:30,19.65,13.2
2024-01-04 17:37:57,25.38,13.25
2024-01-04 17:40:23,13.75,9.25
2024-01-04 17:42:50,14.98,10.02
2024-01-04 17:45:15,25.58,16.35
2024-01-04 17:47:41,21.2,14.93
2024-01-04 17:50:10,17.27,11.48
2024-01-04 17:52:36,43.63,20.88
2024-01-04 17:55:02,34.53,21.95
2024-01-04 17:57:30,32.33,19.7
2024-01-04 17:59:57,52.85,32.8
2024-01-04 18:02:23,38.2,21.17
2024-01-04 18:04:50,27.75,18.13
2024-01-04 18:07:16,24.83,14.85
2024-01-04 18:09:44,31.27,19.25
2024-01-04 18:12:10,24.85,15.98
2024-01-04 18:14:36,24.5,16.75
2024-01-04 18:17:02,29.48,18.48
2024-01-04 18:19:29,34.08,21.4
2024-01-04 18:21:55,66.72,40.45
2024-01-04 18:24:21,58.55,38.28
2024-01-04 18:26:48,52.72,31.23
2024-01-04 18:29:14,52.08,32.15
2024-01-04 18:31:41,58.95,34.42
2024-01-04 18:34:10,50.3,31.23
2024-01-04 18:36:37,53.05,33.45
2024-01-04 18:39:03,41.22,24.05
2024-01-04 18:41:30,40.8,25.83
2024-01-04 18:43:55,36.28,23.85
2024-01-04 18:46:21,44.97,24.77
2024-01-04 18:48:47,41.25,27.0
2024-01-04 18:51:12,41.97,24.48
2024-01-04 18:53:38,36.83,22.58
2024-01-04 18:56:04,35.3,20.8
2024-01-04 18:58:30,30.98,19.58
2024-01-04 19:00:56,26.88,17.5
2024-01-04 19:03:22,32.92,19.6
2024-01-04 19:05:48,40.13,25.13
2024-01-04 19:08:14,40.88,25.42
2024-01-04 19:10:40,37.4,24.58
2024-01-04 19:13:05,47.63,30.02
2024-01-04 19:15:31,46.92,28.63
2024-01-04 19:17:57,31.25,19.88
2024-01-04 19:20:23,36.0,20.23
2024-01-04 19:22:49,34.45,21.33
2024-01-04 19:25:16,28.98,19.45
2024-01-04 19:27:43,27.48,18.17
2024-01-04 19:30:09,41.2,26.13
2024-01-04 19:32:35,29.85,19.3
2024-01-04 19:35:01,36.58,23.27
2024-01-04 19:37:29,37.2,21.8
2024-01-04 19:39:55,51.7,30.92
2024-01-04 19:42:24,50.45,32.08
2024-01-04 19:44:50,63.0,38.35
2024-01-04 19:47:16,54.55,35.6
2024-01-04 19:49:42,58.97,36.38
2024-01-04 19:52:08,55.6,33.72
2024-01-04 19:54:34,52.72,28.88
2024-01-04 19:57:00,50.08,27.55
2024-01-04 19:59:26,61.13,36.78
2024-01-04 20:01:52,60.35,38.28
2024-01-04 20:04:17,63.08,36.65
2024-01-04 20:06:44,55.5,34.3
2024-01-04 20:09:10,69.63,42.22
2024-01-04 20:11:36,64.63,38.72
2024-01-04 20:14:02,78.35,45.6
2024-01-04 20:16:27,70.43,43.53
2024-01-04 20:18:53,65.97,40.1
2024-01-04 20:21:19,45.53,29.83
2024-01-04 20:23:44,52.17,32.22
2024-01-04 20:26:10,45.13,28.48
2024-01-04 20:28:36,61.35,37.03
2024-01-04 20:31:02,70.95,45.28
2024-01-04 20:33:36,64.75,43.28
2024-01-04 20:36:03,34.05,22.52
2024-01-04 20:38:30,44.9,28.52
2024-01-04 20:40:56,40.75,26.9
2024-01-04 20:43:22,32.13,20.5
2024-01-04 20:45:48,30.05,19.45
2024-01-04 20:48:14,33.5,23.05
2024-01-04 20:50:41,39.15,26.2
2024-01-04 20:53:07,39.65,25.55
2024-01-04 20:55:33,43.2,26.17
2024-01-04 20:58:00,48.72,29.27
2024-01-04 21:00:26,52.1,31.15
2024-01-04 21:02:55,46.3,27.45
2024-01-04 21:05:21,39.97,25.88
2024-01-04 21:07:47,48.13,31.02
2024-01-04 21:10:13,52.05,31.33
2024-01-04 21:12:38,49.88,29.58
2024-01-04 21:15:04,53.53,33.2
2024-01-04 21:17:30,57.47,36.22
2024-01-04 21:19:59,63.42,39.65
2024-01-04 21:22:25,62.22,37.38
2024-01-04 21:24:54,63.67,39.8
2024-01-04 21:27:19,62.97,41.25
2024-01-04 21:29:49,84.2,50.88
2024-01-04 21:32:15,94.47,57.3
2024-01-04 21:34:42,136.98,81.9
2024-01-04 21:37:08,111.57,68.57
2024-01-04 21:39:33,124.78,76.6
2024-01-04 21:41:59,108.85,66.8
2024-01-04 21:44:25,124.05,77.03
2024-01-04 21:46:51,138.93,85.15
2024-01-04 21:49:17,136.68,84.85
2024-01-04 21:51:44,133.68,81.47
2024-01-04 21:54:11,118.32,73.15
2024-01-04 21:56:36,110.8,68.28
2024-01-04 21:59:02,97.95,62.47
2024-01-04 22:01:29,101.3,61.47
2024-01-04 22:03:57,73.85,47.25
2024-01-04 22:06:22,86.4,50.03
2024-01-04 22:08:49,91.03,58.38
2024-01-04 22:11:15,79.47,51.63
2024-01-04 22:13:41,94.6,60.25
2024-01-04 22:16:07,87.5,54.58
2024-01-04 22:18:33,83.63,52.3
2024-01-04 22:21:00,84.85,52.17
2024-01-04 22:23:26,101.82,63.3
2024-01-04 22:25:53,83.6,52.63
2024-01-04 22:28:19,92.0,56.28
2024-01-04 22:30:44,116.2,75.9
2024-01-04 22:33:10,119.32,75.63
2024-01-04 22:35:37,105.47,63.67
2024-01-04 22:38:03,129.27,79.1
2024-01-04 22:40:29,94.15,58.95
2024-01-04 22:42:55,115.1,73.65
2024-01-04 22:45:21,108.3,68.4
2024-01-04 22:47:47,94.8,61.0
2024-01-04 22:50:13,92.18,58.65
2024-01-04 22:52:39,86.68,55.78
2024-01-04 22:55:05,83.07,53.38
2024-01-04 22:57:31,84.55,53.78
2024-01-04 22:59:56,83.55,54.4
2024-01-04 23:02:22,73.75,46.67
2024-01-04 23:04:48,124.9,78.05
2024-01-04 23:07:14,100.47,62.7
2024-01-04 23:09:40,80.3,52.33
2024-01-04 23:12:06,86.68,54.9
2024-01-04 23:14:32,81.1,53.35
2024-01-04 23:16:58,108.63,65.68
2024-01-04 23:19:25,126.68,78.8
2024-01-04 23:21:51,72.95,44.38
2024-01-04 23:24:16,91.35,54.88
2024-01-04 23:26:42,104.95,60.03
2024-01-04 23:29:08,116.55,74.68
2024-01-04 23:31:34,69.82,41.47
2024-01-04 23:34:00,72.55,44.05
2024-01-04 23:36:26,92.05,58.8
2024-01-04 23:38:52,77.28,49.13
2024-01-04 23:41:18,99.25,58.8
2024-01-04 23:43:45,108.88,65.22
2024-01-04 23:46:11,90.03,56.92
2024-01-04 23:48:37,70.38,44.13
2024-01-04 23:51:03,61.65,41.08
2024-01-04 23:53:29,63.53,41.25
2024-01-04 23:55:55,71.7,46.85
2024-01-04 23:58:21,74.05,44.85
2024-01-05 00:00:47,71.75,44.6
2024-01-05 00:03:12,67.25,44.05
2024-01-05 00:05:38,69.47,43.8
2024-01-05 00:08:06,69.85,44.9
2024-01-05 00:10:32,71.78,43.13
2024-01-05 00:12:58,84.38,53.2
2024-01-05 00:15:24,83.93,51.88
2024-01-05 00:17:49,72.82,45.42
2024-01-05 00:20:15,84.43,53.95
2024-01-05 00:22:41,85.7,53.45
2024-01-05 00:25:07,73.85,48.08
2024-01-05 00:27:33,75.57,49.53
2024-01-05 00:29:58,89.35,55.5
2024-01-05 00:32:24,77.7,49.5
2024-01-05 00:34:50,90.4,56.8
2024-01-05 00:37:16,93.72,60.72
2024-01-05 00:39:42,97.28,62.22
2024-01-05 00:42:07,104.07,66.3
2024-01-05 00:44:33,92.9,59.92
2024-01-05 00:46:59,84.57,54.1
2024-01-05 00:49:25,73.82,46.78
2024-01-05 00:51:50,82.38,49.95
2024-01-05 00:54:16,81.38,53.1
2024-01-05 00:56:42,76.47,47.28
2024-01-05 00:59:08,83.03,53.42
2024-01-05 01:01:33,87.35,55.47
2024-01-05 01:03:59,94.95,60.28
2024-01-05 01:06:25,86.93,55.28
2024-01-05 01:08:50,109.0,67.9
2024-01-05 01:11:17,157.7,90.45
2024-01-05 01:13:43,142.68,90.18
2024-01-05 01:16:10,116.93,71.28
2024-01-05 01:18:36,125.4,73.35
2024-01-05 01:21:03,126.65,77.25
2024-01-05 01:23:29,113.75,64.3
2024-01-05 01:25:54,129.93,57.2
2024-01-05 01:28:20,80.03,49.0
2024-01-05 01:30:46,97.5,60.1
2024-01-05 01:33:12,101.63,60.67
2024-01-05 01:35:37,113.47,61.33
2024-01-05 01:38:03,79.57,51.47
2024-01-05 01:40:29,65.47,42.67
2024-01-05 01:42:54,93.28,52.72
2024-01-05 01:45:20,95.3,47.17
2024-01-05 01:47:46,80.65,42.78
2024-01-05 01:50:13,74.35,40.78
2024-01-05 01:52:40,108.5,59.17
2024-01-05 01:55:12,92.65,55.78
2024-01-05 01:57:39,83.45,52.28
2024-01-05 02:00:06,88.65,54.3
2024-01-05 02:02:32,89.93,52.38
2024-01-05 02:04:59,89.65,52.5
2024-01-05 02:07:25,94.82,56.08
2024-01-05 02:09:51,89.93,54.3
2024-01-05 02:12:17,84.45,54.67
2024-01-05 02:14:43,82.43,53.65
2024-01-05 02:17:28,87.32,53.38
2024-01-05 02:19:55,94.9,57.35
2024-01-05 02:22:22,77.6,51.22
2024-01-05 02:24:51,86.22,53.22
2024-01-05 02:27:17,91.35,54.9
2024-01-05 02:29:43,88.13,53.42
2024-01-05 02:32:08,80.57,51.3
2024-01-05 02:34:34,92.85,55.17
2024-01-05 02:37:00,95.0,54.58
2024-01-05 02:39:25,84.85,52.67
2024-01-05 02:41:51,74.1,47.7
2024-01-05 02:44:17,80.5,51.5
2024-01-05 02:46:43,72.95,45.55
2024-01-05 02:49:08,71.0,41.03
2024-01-05 02:51:34,65.72,42.85
2024-01-05 02:54:00,79.97,41.72
2024-01-05 02:56:25,89.6,49.3
2024-01-05 02:58:52,72.72,45.33
2024-01-05 03:01:18,82.53,48.45
2024-01-05 03:03:45,72.43,45.88
2024-01-05 03:06:15,75.13,41.88
2024-01-05 03:08:42,55.92,37.4
2024-01-05 03:11:08,56.78,38.75
2024-01-05 03:13:34,65.63,40.95
2024-01-05 03:16:00,73.8,42.55
2024-01-05 03:18:26,60.13,37.65
2024-01-05 03:20:52,58.85,39.33
2024-01-05 03:23:17,66.2,40.45
2024-01-05 03:25:43,64.47,41.13
2024-01-05 03:28:10,58.67,38.8
2024-01-05 03:30:36,64.6,40.3
2024-01-05 03:33:03,66.82,35.97
2024-01-05 03:35:29,65.88,40.08
2024-01-05 03:37:55,57.08,37.65
2024-01-05 03:40:21,62.65,38.25
2024-01-05 03:42:47,47.03,30.75
2024-01-05 03:45:13,45.75,30.7
2024-01-05 03:47:39,60.88,31.35
2024-01-05 03:50:05,51.47,33.17
2024-01-05 03:52:31,53.97,32.9
2024-01-05 03:54:57,63.0,32.92
2024-01-05 03:57:22,65.85,31.5
2024-01-05 03:59:49,51.75,30.13
2024-01-05 04:02:15,42.4,29.2
2024-01-05 04:04:41,48.15,32.6
2024-01-05 04:07:07,55.1,32.55
2024-01-05 04:09:33,49.47,31.52
2024-01-05 04:11:58,59.78,32.63
2024-01-05 04:14:25,55.88,30.67
2024-01-05 04:16:50,52.72,30.23
2024-01-05 04:19:16,49.0,29.52
2024-01-05 04:21:42,51.95,29.3
2024-01-05 04:24:08,47.53,29.83
2024-01-05 04:26:34,49.63,28.88
2024-01-05 04:29:01,42.75,26.83
2024-01-05 04:31:26,41.92,26.5
2024-01-05 04:33:53,42.13,24.55
2024-01-05 04:36:20,42.2,24.48
2024-01-05 04:38:45,37.53,23.15
2024-01-05 04:41:12,37.92,24.98
2024-01-05 04:43:39,48.4,26.85
2024-01-05 04:46:05,37.47,24.6
2024-01-05 04:48:32,49.78,27.58
2024-01-05 04:50:58,54.72,27.33
2024-01-05 04:53:24,41.53,27.0
2024-01-05 04:55:50,44.15,26.27
2024-01-05 04:58:16,53.03,27.27
2024-01-05 05:00:42,42.92,25.2
2024-01-05 05:03:07,43.3,25.73
2024-01-05 05:05:35,40.88,23.05
2024-01-05 05:08:01,36.83,23.15
2024-01-05 05:10:27,36.45,22.7
2024-01-05 05:12:53,39.63,23.98
2024-01-05 05:15:19,40.47,24.38
2024-01-05 05:17:45,39.03,23.8
2024-01-05 05:20:11,36.28,22.45
2024-01-05 05:22:37,37.88,24.08
2024-01-05 05:25:04,34.67,21.73
2024-01-05 05:27:30,35.17,21.0
2024-01-05 05:29:56,39.53,20.2
2024-01-05 05:32:23,35.5,20.23
2024-01-05 05:34:48,31.0,19.7
2024-01-05 05:37:15,31.52,19.73
2024-01-05 05:39:41,36.4,19.2
2024-01-05 05:42:07,39.45,19.55
2024-01-05 05:44:33,27.7,17.8
2024-01-05 05:46:58,30.13,18.73
2024-01-05 05:49:24,50.4,18.98
2024-01-05 05:51:50,31.5,18.8
2024-01-05 05:54:16,28.9,19.4
2024-01-05 05:56:42,51.85,22.52
2024-01-05 05:59:07,39.85,22.02
2024-01-05 06:01:33,44.25,22.35
2024-01-05 06:03:59,40.67,22.8
2024-01-05 06:06:25,49.28,25.98
2024-01-05 06:08:51,46.7,28.88
2024-01-05 06:11:17,48.13,26.1
2024-01-05 06:13:44,42.78,25.4
2024-01-05 06:16:10,42.22,24.4
2024-01-05 06:18:38,44.42,24.48
2024-01-05 06:21:04,41.08,25.13
2024-01-05 06:23:30,65.47,22.88
2024-01-05 06:25:57,41.03,23.75
2024-01-05 06:28:23,42.5,24.2
2024-01-05 06:30:49,41.28,23.75
2024-01-05 06:33:15,47.65,25.77
2024-01-05 06:35:40,39.85,24.6
2024-01-05 06:38:06,38.97,23.77
2024-01-05 06:40:32,48.0,27.77
2024-01-05 06:42:58,46.4,29.0
2024-01-05 06:45:24,57.75,30.08
2024-01-05 06:47:50,60.9,34.97
2024-01-05 06:50:16,75.32,36.4
2024-01-05 06:52:42,60.0,36.72
2024-01-05 06:55:08,61.97,32.63
2024-01-05 06:57:34,54.67,29.55
2024-01-05 07:00:08,45.75,27.9
2024-01-05 07:02:35,48.08,26.1
2024-01-05 07:05:02,54.8,27.98
2024-01-05 07:07:29,45.38,26.67
2024-01-05 07:09:57,44.7,26.67
2024-01-05 07:12:23,38.28,24.58
2024-01-05 07:14:49,44.95,23.8
2024-01-05 07:17:15,39.1,24.1
2024-01-05 07:19:41,41.7,25.25
2024-01-05 07:22:07,40.42,24.15
2024-01-05 07:24:33,42.08,25.67
2024-01-05 07:27:02,63.85,25.33
2024-01-05 07:29:28,45.97,24.65
2024-01-05 07:31:54,47.17,24.58
2024-01-05 07:34:20,40.67,24.67
2024-01-05 07:36:45,38.8,23.17
2024-01-05 07:39:11,40.42,24.33
2024-01-05 07:41:38,42.9,22.23
2024-01-05 07:44:04,37.13,23.85
2024-01-05 07:46:31,40.55,21.95
2024-01-05 07:48:57,38.1,22.92
2024-01-05 07:51:23,42.03,23.25
2024-01-05 07:53:49,42.58,23.63
2024-01-05 07:56:15,43.22,25.23
2024-01-05 07:58:44,50.3,26.58
2024-01-05 08:01:13,42.42,23.6
2024-01-05 08:03:43,50.5,25.48
2024-01-05 08:06:13,38.83,24.58
2024-01-05 08:08:46,37.23,25.4
2024-01-05 08:11:13,33.7,22.0
2024-01-05 08:13:43,44.47,25.75
2024-01-05 08:16:11,42.17,23.05
2024-01-05 08:18:37,41.0,24.75
2024-01-05 08:21:06,36.42,23.23
2024-01-05 08:23:32,42.55,23.4
2024-01-05 08:25:58,40.28,23.35
2024-01-05 08:28:24,48.7,24.5
2024-01-05 08:30:51,47.72,25.25
2024-01-05 08:33:17,49.67,23.23
2024-01-05 08:35:43,43.35,22.5
2024-01-05 08:38:08,39.25,22.35
2024-01-05 08:40:34,39.8,23.95
2024-01-05 08:43:00,42.7,24.1
2024-01-05 08:45:27,45.88,23.92
2024-01-05 08:47:54,42.55,26.1
2024-01-05 08:50:20,42.65,25.85
2024-01-05 08:52:46,53.75,27.48
2024-01-05 08:55:15,66.18,29.23
2024-01-05 08:57:43,48.63,26.9
2024-01-05 09:00:09,56.83,26.92
2024-01-05 09:02:38,52.63,29.67
2024-01-05 09:05:04,52.08,27.65
2024-01-05 09:07:31,49.0,28.13
2024-01-05 09:09:58,48.65,25.23
2024-01-05 09:12:24,47.55,27.23
2024-01-05 09:14:49,48.33,25.45
2024-01-05 09:17:15,54.4,26.77
2024-01-05 09:19:41,48.7,25.6
2024-01-05 09:22:07,55.45,27.65
2024-01-05 09:24:33,64.8,29.67
2024-01-05 09:26:59,54.75,29.33
2024-01-05 09:29:27,58.4,29.42
2024-01-05 09:31:54,48.1,27.83
2024-01-05 09:34:20,54.03,28.5
2024-01-05 09:36:46,63.7,31.15
2024-01-05 09:39:12,47.75,27.23
2024-01-05 09:41:41,45.25,25.95
2024-01-05 09:44:10,50.78,26.4
2024-01-05 09:46:40,47.33,25.35
2024-01-05 09:49:07,60.53,27.7
2024-01-05 09:51:34,61.92,29.0
2024-01-05 09:54:00,57.83,28.73
2024-01-05 09:56:27,55.03,28.42
2024-01-05 09:58:54,66.78,30.38
2024-01-05 10:01:24,56.55,28.45
2024-01-05 10:03:55,50.92,27.2
2024-01-05 10:06:26,46.9,25.88
2024-01-05 10:08:53,52.75,27.55
2024-01-05 10:11:35,53.25,27.15
2024-01-05 10:14:07,55.1,30.1
2024-01-05 10:16:36,65.53,31.77
2024-01-05 10:21:37,62.1,32.05
2024-01-05 10:24:04,56.28,27.77
2024-01-05 10:26:38,58.22,30.75
2024-01-05 10:29:13,55.42,28.33
2024-01-05 10:31:40,56.08,29.02
2024-01-05 10:34:07,59.3,30.52
2024-01-05 10:36:33,62.13,30.83
2024-01-05 10:38:59,61.8,31.38
2024-01-05 10:41:26,60.88,30.9
2024-01-05 10:43:53,58.7,30.6
2024-01-05 10:46:20,53.8,28.38
2024-01-05 10:48:47,57.17,29.35
2024-01-05 10:51:16,58.58,28.98
2024-01-05 10:53:48,56.4,26.92
2024-01-05 10:56:14,54.67,29.3
2024-01-05 10:58:46,54.0,26.88
2024-01-05 11:01:13,57.83,30.05
2024-01-05 11:03:44,59.97,29.15
2024-01-05 11:06:14,57.17,29.75
2024-01-05 11:08:50,60.3,30.48
2024-01-05 11:22:08,77.07,35.95
2024-01-05 11:24:37,76.7,36.47
2024-01-05 11:29:58,82.18,37.47
2024-01-05 11:32:32,91.25,38.17
2024-01-05 11:35:01,76.53,35.83
2024-01-05 11:37:30,79.4,34.72
2024-01-05 11:39:59,80.35,37.17
2024-01-05 11:44:53,85.25,37.38
2024-01-05 11:53:18,92.13,39.45
2024-01-05 11:55:53,93.55,39.15
2024-01-05 11:58:22,95.07,40.08
2024-01-05 12:00:57,94.1,39.78
2024-01-05 12:03:23,97.03,40.65
2024-01-05 12:05:57,102.07,42.45
2024-01-05 12:10:57,98.63,39.05
2024-01-05 12:13:34,114.88,43.2
2024-01-05 12:16:08,104.07,42.78
2024-01-05 12:18:44,108.3,41.05
2024-01-05 12:21:13,94.15,38.03
2024-01-05 12:23:39,113.9,44.85
2024-01-05 12:26:15,111.22,43.13
2024-01-05 12:28:42,99.93,39.67
2024-01-05 12:31:09,113.5,43.65
2024-01-05 12:33:36,121.5,44.92
2024-01-05 12:36:03,130.57,49.17
2024-01-05 12:38:30,149.85,52.83
2024-01-05 12:41:14,154.32,54.83
2024-01-05 12:43:44,143.18,53.08
2024-01-05 12:46:11,117.5,45.78
2024-01-05 12:48:37,120.78,47.05
2024-01-05 12:51:04,107.28,43.83
2024-01-05 12:53:34,113.05,45.75
2024-01-05 12:58:37,92.28,41.05
2024-01-05 13:01:03,103.38,42.9
2024-01-05 13:03:30,96.3,41.75
2024-01-05 13:06:06,93.53,40.67
2024-01-05 13:08:33,97.3,39.7
2024-01-05 13:11:00,100.45,42.45
2024-01-05 13:13:28,94.32,38.28
2024-01-05 13:15:54,90.8,41.45
2024-01-05 13:18:20,94.35,41.58
2024-01-05 13:20:45,91.45,42.55
2024-01-05 13:23:11,92.75,43.78
2024-01-05 13:25:37,96.6,46.42
2024-01-05 13:28:03,104.93,48.8
2024-01-05 13:30:29,105.95,47.9
2024-01-05 13:32:55,111.65,54.78
2024-01-05 13:35:21,117.25,56.83
2024-01-05 13:37:47,108.3,50.2
2024-01-05 13:40:13,117.43,53.47
2024-01-05 13:42:39,125.05,55.95
2024-01-05 13:45:05,118.1,55.63
2024-01-05 13:47:34,112.85,52.53
2024-01-05 13:50:01,123.32,53.78
2024-01-05 13:52:27,128.0,57.15
2024-01-05 13:54:53,129.6,57.22
2024-01-05 13:57:18,132.32,60.63
2024-01-05 13:59:46,147.38,62.13
2024-01-05 14:02:12,137.77,60.97
2024-01-05 14:04:38,124.47,55.47
2024-01-05 14:07:04,114.0,54.22
2024-01-05 14:09:29,140.18,60.83
2024-01-05 14:11:55,125.95,55.53
2024-01-05 14:14:21,126.93,59.3
2024-01-05 14:16:47,144.93,67.22
2024-01-05 14:19:12,133.68,65.18
2024-01-05 14:21:38,137.25,66.47
2024-01-05 14:24:04,130.1,61.17
2024-01-05 14:26:30,138.13,59.75
2024-01-05 14:28:56,142.73,60.58
2024-01-05 14:33:53,130.82,59.95
2024-01-05 14:36:20,136.38,61.05
2024-01-05 14:38:46,145.77,64.97
2024-01-05 14:41:12,146.02,67.55
2024-01-05 14:43:38,152.65,71.0
2024-01-05 14:46:03,136.63,64.95
2024-01-05 14:48:33,133.48,61.58
2024-01-05 14:50:58,155.52,68.43
2024-01-05 14:53:25,149.48,63.5
2024-01-05 14:55:50,143.7,62.7
2024-01-05 14:58:16,138.45,58.78
2024-01-05 15:00:42,131.38,59.08
2024-01-05 15:03:07,134.27,57.92
2024-01-05 15:05:33,119.35,56.45
2024-01-05 15:07:59,131.45,57.47
2024-01-05 15:10:25,129.07,57.13
2024-01-05 15:12:52,137.85,57.67
2024-01-05 15:15:18,138.75,63.35
2024-01-05 15:17:45,124.32,56.5
2024-01-05 15:20:10,143.8,55.08
2024-01-05 15:22:37,122.93,53.97
2024-01-05 15:25:03,130.15,55.95
2024-01-05 15:27:30,121.18,54.03
2024-01-05 15:29:55,128.0,53.78
2024-01-05 15:32:21,115.38,53.7
2024-01-05 15:34:47,135.05,57.45
2024-01-05 15:37:13,138.18,60.42
2024-01-05 15:39:41,174.32,72.72
2024-01-05 15:42:07,149.38,63.2
2024-01-05 15:44:34,135.77,60.75
2024-01-05 15:46:59,137.65,62.0
2024-01-05 15:49:26,123.05,58.6
2024-01-05 15:51:51,125.1,53.67
2024-01-05 15:54:18,131.3,58.97
2024-01-05 15:56:43,124.25,57.13
2024-01-05 15:59:09,105.47,49.05
2024-01-05 16:01:35,105.57,49.5
2024-01-05 16:04:01,123.13,56.58
2024-01-05 16:06:27,156.93,60.6
2024-01-05 16:08:53,147.65,59.88
2024-01-05 16:11:26,134.1,57.88
2024-01-05 16:13:53,160.52,59.65
2024-01-05 16:16:19,133.4,56.72
2024-01-05 16:18:48,113.97,54.45
2024-01-05 16:21:21,133.65,58.55
2024-01-05 16:23:53,134.93,52.88
2024-01-05 16:26:23,142.0,55.92
2024-01-05 16:28:50,129.98,52.33
2024-01-05 16:31:16,141.43,53.92
2024-01-05 16:33:43,147.23,53.53
2024-01-05 16:36:08,153.32,56.92
2024-01-05 16:38:35,179.65,60.97
2024-01-05 16:41:01,142.32,58.75
2024-01-05 16:43:31,152.43,58.75
2024-01-05 16:45:56,216.9,70.0
2024-01-05 16:48:23,166.13,64.8
2024-01-05 16:50:49,162.35,62.05
2024-01-05 16:53:15,142.18,62.25
2024-01-05 16:55:41,173.77,66.15
2024-01-05 16:58:06,159.4,70.28
2024-01-05 17:00:34,173.55,68.85
2024-01-05 17:02:59,184.2,71.45
2024-01-05 17:05:26,160.85,72.78
2024-01-05 17:07:53,157.88,67.13
2024-01-05 17:10:19,163.0,71.43
2024-01-05 17:12:44,187.68,69.32
2024-01-05 17:15:10,176.95,77.7
2024-01-05 17:17:36,195.43,79.13
2024-01-05 17:20:02,163.35,68.65
2024-01-05 17:22:31,172.13,66.63
2024-01-05 17:24:57,136.25,62.35
2024-01-05 17:27:23,131.2,61.0
2024-01-05 17:29:49,143.38,63.33
2024-01-05 17:32:15,133.75,62.13
2024-01-05 17:34:42,110.65,54.05
2024-01-05 17:37:08,155.9,68.3
2024-01-05 17:39:38,145.15,66.5
2024-01-05 17:42:05,145.8,63.72
2024-01-05 17:44:33,133.15,63.22
2024-01-05 17:47:02,143.57,61.65
2024-01-05 17:49:28,122.97,58.8
2024-01-05 17:51:54,151.8,59.13
2024-01-05 17:54:20,141.85,63.28
2024-01-05 17:56:45,163.93,65.3
2024-01-05 17:59:11,155.25,68.53
2024-01-05 18:01:43,167.77,68.1
2024-01-05 18:04:10,157.05,64.88
2024-01-05 18:06:37,166.38,65.55
2024-01-05 18:09:06,140.88,65.65
2024-01-05 18:11:32,161.7,66.82
2024-01-05 18:13:58,170.13,69.4
2024-01-05 18:16:31,141.02,64.65
2024-01-05 18:19:00,158.9,67.78
2024-01-05 18:21:27,178.52,71.68
2024-01-05 18:23:53,178.07,76.65
2024-01-05 18:26:20,173.85,71.75
2024-01-05 18:28:47,179.73,73.38
2024-01-05 18:33:50,180.88,76.85
2024-01-05 18:36:16,162.27,73.82
2024-01-05 18:38:44,176.98,72.1
2024-01-05 18:43:45,153.2,74.47
2024-01-05 18:46:10,145.4,68.78
2024-01-05 18:48:39,150.25,71.93
2024-01-05 18:51:05,169.43,80.18
2024-01-05 18:53:31,145.82,71.22
2024-01-05 18:55:56,140.35,64.47
2024-01-05 18:58:22,155.2,73.47
2024-01-05 19:00:48,158.82,74.85
2024-01-05 19:03:16,149.25,70.4
2024-01-05 19:05:42,148.1,68.57
2024-01-05 19:08:12,133.27,63.67
2024-01-05 19:10:38,137.63,67.2
2024-01-05 19:13:05,137.75,62.85
2024-01-05 19:15:34,136.3,65.0
2024-01-05 19:18:01,159.27,76.97
2024-01-05 19:20:27,186.45,89.88
2024-01-05 19:22:53,225.85,103.3
2024-01-05 19:25:19,211.32,100.7
2024-01-05 19:27:45,186.9,90.2
2024-01-05 19:30:14,226.65,102.38
2024-01-05 19:32:41,219.13,102.72
2024-01-05 19:35:07,193.25,93.15
2024-01-05 19:37:35,208.6,98.28
2024-01-05 19:40:04,207.23,90.43
2024-01-05 19:42:31,193.65,85.75
2024-01-05 19:44:57,242.82,95.25
2024-01-05 19:47:23,228.23,97.55
2024-01-05 19:49:50,196.9,95.0
2024-01-05 19:52:16,230.32,100.15
2024-01-05 19:54:42,253.3,108.5
2024-01-05 19:57:08,252.8,109.8
2024-01-05 19:59:33,232.05,107.03
2024-01-05 20:01:59,244.52,100.05
2024-01-05 20:04:25,274.65,113.55
2024-01-05 20:06:51,271.52,119.18
2024-01-05 20:09:17,249.95,104.2
2024-01-05 20:11:44,253.73,105.65
2024-01-05 20:14:10,255.75,115.53
2024-01-05 20:16:37,246.55,110.7
2024-01-05 20:19:03,307.45,117.07
2024-01-05 20:21:31,255.32,112.47
2024-01-05 20:23:58,304.55,121.7
2024-01-05 20:26:26,260.48,106.28
2024-01-05 20:28:52,279.9,112.0
2024-01-05 20:31:18,254.8,108.97
2024-01-05 20:33:44,258.33,108.47
2024-01-05 20:36:10,254.88,120.9
2024-01-05 20:38:36,279.88,126.25
2024-01-05 20:41:03,284.2,131.57
2024-01-05 20:43:29,290.77,134.88
2024-01-05 20:45:58,322.98,136.93
2024-01-05 20:48:23,300.63,136.38
2024-01-05 20:50:49,303.7,143.7
2024-01-05 20:53:15,371.35,176.68
2024-01-05 20:55:41,377.67,176.25
2024-01-05 20:58:07,434.5,191.57
2024-01-05 21:00:33,434.3,195.15
2024-01-05 21:02:59,375.5,170.68
2024-01-05 21:05:24,330.5,157.55
2024-01-05 21:07:50,385.88,173.48
2024-01-05 21:10:18,356.88,165.6
2024-01-05 21:12:44,339.77,161.38
2024-01-05 21:15:10,309.95,146.63
2024-01-05 21:17:36,318.3,141.98
2024-01-05 21:20:03,316.63,134.82
2024-01-05 21:22:30,309.23,137.68
2024-01-05 21:24:56,283.9,129.5
2024-01-05 21:27:22,257.92,121.4
2024-01-05 21:29:48,253.57,118.72
2024-01-05 21:32:15,238.88,108.38
2024-01-05 21:34:44,254.4,110.28
2024-01-05 21:37:11,240.02,107.25
2024-01-05 21:39:38,235.27,108.65
2024-01-05 21:42:04,235.27,106.9
2024-01-05 21:44:31,253.63,121.4
2024-01-05 21:46:57,351.17,164.35
2024-01-05 21:49:22,310.48,143.52
2024-01-05 21:51:51,313.92,143.27
2024-01-05 21:54:19,309.25,144.93
2024-01-05 21:56:45,344.08,149.25
2024-01-05 21:59:11,368.33,153.35
2024-01-05 22:01:37,336.65,148.48
2024-01-05 22:04:03,351.83,151.32
2024-01-05 22:06:29,323.92,146.55
2024-01-05 22:08:55,359.73,147.7
2024-01-05 22:11:21,366.63,148.2
2024-01-05 22:13:48,350.2,149.3
2024-01-05 22:16:20,299.13,138.25
2024-01-05 22:18:47,305.83,143.55
2024-01-05 22:21:14,336.48,146.15
2024-01-05 22:23:41,341.58,142.43
2024-01-05 22:26:08,347.13,139.45
2024-01-05 22:28:48,304.98,135.88
2024-01-05 22:31:14,296.88,124.78
2024-01-05 22:33:40,337.52,139.43
2024-01-05 22:36:10,396.92,148.32
2024-01-05 22:38:39,323.47,146.0
2024-01-05 22:41:06,296.38,134.82
2024-01-05 22:43:33,338.3,145.98
2024-01-05 22:46:09,343.65,143.98
2024-01-05 22:48:38,309.88,136.3
2024-01-05 22:51:05,302.27,141.45
2024-01-05 22:53:31,261.88,134.55
2024-01-05 22:55:57,271.08,133.5
2024-01-05 22:58:22,321.6,139.7
2024-01-05 23:00:48,269.35,133.65
2024-01-05 23:03:14,249.6,128.85
2024-01-05 23:05:40,250.57,125.63
2024-01-05 23:08:07,277.77,121.82
2024-01-05 23:10:33,250.32,120.35
2024-01-05 23:13:02,255.85,121.7
2024-01-05 23:15:29,265.38,123.47
2024-01-05 23:17:57,275.75,121.53
2024-01-05 23:20:24,261.25,119.13
2024-01-05 23:22:49,259.77,120.4
2024-01-05 23:25:15,258.13,116.35
2024-01-05 23:27:41,263.88,112.7
2024-01-05 23:30:07,246.98,114.55
2024-01-05 23:32:33,280.33,117.3
2024-01-05 23:34:58,290.8,114.15
2024-01-05 23:37:24,267.73,118.55
2024-01-05 23:39:51,306.67,119.03
2024-01-05 23:42:17,277.7,120.53
2024-01-05 23:44:43,302.58,118.07
2024-01-05 23:47:09,280.38,115.5
2024-01-05 23:49:34,327.98,123.68
2024-01-05 23:52:00,244.7,120.03
2024-01-05 23:54:26,244.05,113.47
2024-01-05 23:56:52,209.18,110.2
2024-01-05 23:59:18,225.0,113.3
2024-01-06 00:01:43,241.1,115.88
2024-01-06 00:04:09,259.3,112.8
2024-01-06 00:06:35,251.45,110.1
2024-01-06 00:09:00,252.43,114.38
2024-01-06 00:11:26,233.35,112.07
2024-01-06 00:13:52,210.38,105.18
2024-01-06 00:16:18,257.0,106.28
2024-01-06 00:18:44,223.45,106.18
2024-01-06 00:21:10,231.75,100.22
2024-01-06 00:23:36,237.3,101.13
2024-01-06 00:26:02,232.25,103.95
2024-01-06 00:28:28,208.5,100.88
2024-01-06 00:30:54,234.55,103.78
2024-01-06 00:33:20,228.38,107.63
2024-01-06 00:35:46,240.63,105.93
2024-01-06 00:38:12,228.4,104.4
2024-01-06 00:40:37,200.48,96.78
2024-01-06 00:43:03,238.05,105.9
2024-01-06 00:45:29,232.23,109.4
2024-01-06 00:47:56,202.63,100.38
2024-01-06 00:50:22,269.83,116.25
2024-01-06 00:52:47,266.05,114.47
2024-01-06 00:55:17,238.0,108.3
2024-01-06 00:57:43,228.9,109.3
2024-01-06 01:00:09,223.95,108.5
2024-01-06 01:02:35,227.95,111.0
2024-01-06 01:05:01,240.9,113.6
2024-01-06 01:07:27,224.9,106.15
2024-01-06 01:09:53,247.8,113.63
2024-01-06 01:12:19,226.68,112.78
2024-01-06 01:14:44,242.95,114.88
2024-01-06 01:17:10,278.8,117.95
2024-01-06 01:19:36,242.23,112.6
2024-01-06 01:22:01,249.1,113.47
2024-01-06 01:24:28,234.68,106.93
2024-01-06 01:26:53,192.48,100.03
2024-01-06 01:29:19,223.48,105.95
2024-01-06 01:31:45,222.63,106.72
2024-01-06 01:34:12,204.73,100.47
2024-01-06 01:36:38,211.4,98.55
2024-01-06 01:39:03,187.57,94.63
2024-01-06 01:41:29,209.25,98.2
2024-01-06 01:43:55,259.08,106.18
2024-01-06 01:46:25,217.05,103.75
2024-01-06 01:48:52,250.52,102.85
2024-01-06 01:51:20,193.5,98.15
2024-01-06 01:53:46,211.35,102.97
2024-01-06 01:56:14,205.45,99.57
2024-01-06 01:58:40,181.38,93.8
2024-01-06 02:01:07,225.9,101.03
2024-01-06 02:03:33,244.0,99.93
2024-01-06 02:06:00,223.45,97.78
2024-01-06 02:08:26,194.32,93.18
2024-01-06 02:10:56,207.77,92.15
2024-01-06 02:13:22,164.73,90.28
2024-01-06 02:15:48,197.13,92.88
2024-01-06 02:18:14,195.6,91.82
2024-01-06 02:20:40,171.7,88.6
2024-01-06 02:23:09,185.63,90.97
2024-01-06 02:25:35,171.63,89.9
2024-01-06 02:28:00,184.55,90.63
2024-01-06 02:30:26,199.32,92.72
2024-01-06 02:32:52,197.52,94.03
2024-01-06 02:35:18,174.9,88.3
2024-01-06 02:37:43,182.18,92.6
2024-01-06 02:40:09,182.48,94.13
2024-01-06 02:42:35,177.48,90.13
2024-01-06 02:45:01,179.0,91.6
2024-01-06 02:47:27,192.05,92.97
2024-01-06 02:49:53,207.73,100.25
2024-01-06 02:52:19,230.73,101.38
2024-01-06 02:54:45,209.77,102.88
2024-01-06 02:57:10,209.15,100.45
2024-01-06 02:59:38,194.32,95.65
2024-01-06 03:02:04,205.13,101.72
2024-01-06 03:04:30,198.35,99.1
2024-01-06 03:06:55,197.63,94.07
2024-01-06 03:09:21,180.55,92.88
2024-01-06 03:11:47,189.0,95.25
2024-01-06 03:14:12,193.07,94.28
2024-01-06 03:16:38,194.7,91.97
2024-01-06 03:19:04,173.1,92.2
2024-01-06 03:21:30,174.05,91.2
2024-01-06 03:23:55,177.9,91.03
2024-01-06 03:26:21,192.25,92.95
2024-01-06 03:28:50,190.52,91.7
2024-01-06 03:31:16,196.73,85.35
2024-01-06 03:33:42,188.55,86.43
2024-01-06 03:36:09,168.73,80.7
2024-01-06 03:38:37,159.57,80.03
2024-01-06 03:41:03,172.73,81.6
2024-01-06 03:43:28,158.68,80.45
2024-01-06 03:45:54,160.95,78.7
2024-01-06 03:48:21,153.25,78.57
2024-01-06 03:50:47,157.93,79.93
2024-01-06 03:53:13,152.15,78.05
2024-01-06 03:55:39,168.0,77.25
2024-01-06 03:58:05,145.95,80.95
2024-01-06 04:00:31,144.32,78.07
2024-01-06 04:02:56,149.25,76.13
2024-01-06 04:05:22,146.0,74.97
2024-01-06 04:07:48,149.15,75.2
2024-01-06 04:10:14,138.52,76.7
2024-01-06 04:12:40,144.57,76.35
2024-01-06 04:15:05,156.75,75.85
2024-01-06 04:17:31,145.25,73.7
2024-01-06 04:19:57,154.7,79.43
2024-01-06 04:22:23,147.43,77.05
2024-01-06 04:24:49,132.05,74.75
2024-01-06 04:27:15,150.27,74.32
2024-01-06 04:29:41,146.77,73.95
2024-01-06 04:32:06,147.65,75.18
2024-01-06 04:34:32,144.77,76.93
2024-01-06 04:36:58,131.27,71.15
2024-01-06 04:39:24,151.13,75.22
2024-01-06 04:41:50,131.75,70.5
2024-01-06 04:44:15,149.88,73.53
2024-01-06 04:46:43,144.32,73.07
2024-01-06 04:49:10,153.68,72.72
2024-01-06 04:51:35,136.35,72.38
2024-01-06 04:54:01,141.15,71.05
2024-01-06 04:56:27,150.55,77.53
2024-01-06 04:58:52,133.35,70.65
2024-01-06 05:01:18,151.25,73.28
2024-01-06 05:03:44,137.88,72.4
2024-01-06 05:06:10,142.6,71.9
2024-01-06 05:08:36,130.75,72.38
2024-01-06 05:11:06,134.45,71.93
2024-01-06 05:13:32,150.52,73.3
2024-01-06 05:15:57,133.52,76.32
2024-01-06 05:18:23,128.38,70.05
2024-01-06 05:20:49,127.82,69.63
2024-01-06 05:23:15,140.65,70.68
2024-01-06 05:25:40,131.88,73.28
2024-01-06 05:28:06,133.13,70.57
2024-01-06 05:30:32,151.0,71.03
2024-01-06 05:32:57,151.32,68.2
2024-01-06 05:35:23,111.22,66.65
2024-01-06 05:37:49,137.15,68.05
2024-01-06 05:40:14,124.15,67.05
2024-01-06 05:42:40,116.93,67.43
2024-01-06 05:45:06,112.18,65.95
2024-01-06 05:47:37,125.0,65.63
2024-01-06 05:50:03,118.75,65.93
2024-01-06 05:52:29,122.15,68.13
2024-01-06 05:54:55,125.57,67.38
2024-01-06 05:57:20,114.68,65.1
2024-01-06 05:59:46,144.0,67.8
2024-01-06 06:02:12,134.9,66.18
2024-01-06 06:04:38,121.1,65.53
2024-01-06 06:07:04,116.28,67.72
2024-01-06 06:09:30,123.45,67.4
2024-01-06 06:11:55,132.23,67.53
2024-01-06 06:14:21,128.98,68.35
2024-01-06 06:16:47,126.28,70.85
2024-01-06 06:19:13,137.2,71.8
2024-01-06 06:21:38,119.25,68.35
2024-01-06 06:24:04,127.93,67.82
2024-01-06 06:26:30,133.27,67.7
2024-01-06 06:28:57,120.6,66.25
2024-01-06 06:31:23,125.82,68.8
2024-01-06 06:33:48,126.72,64.82
2024-01-06 06:36:14,119.32,61.95
2024-01-06 06:38:40,109.5,58.83
2024-01-06 06:41:05,129.27,68.05
2024-01-06 06:43:31,126.35,68.53
2024-01-06 06:45:57,140.32,68.78
2024-01-06 06:48:23,130.73,67.7
2024-01-06 06:50:48,135.4,69.55
2024-01-06 06:53:14,125.13,68.63
2024-01-06 06:55:40,145.18,74.43
2024-01-06 06:58:06,133.93,71.15
2024-01-06 07:00:31,169.95,79.78
2024-01-06 07:02:57,139.88,73.68
2024-01-06 07:05:23,162.35,80.82
2024-01-06 07:07:49,158.52,79.85
2024-01-06 07:10:15,136.73,77.7
2024-01-06 07:12:41,145.9,78.82
2024-01-06 07:15:06,140.38,74.68
2024-01-06 07:17:35,156.23,79.5
2024-01-06 07:20:01,147.93,80.22
2024-01-06 07:22:27,161.52,80.78
2024-01-06 07:24:52,136.13,76.32
2024-01-06 07:27:18,132.1,75.82
2024-01-06 07:29:44,168.35,85.22
2024-01-06 07:32:10,143.0,77.2
2024-01-06 07:34:36,148.55,77.75
2024-01-06 07:37:02,145.57,80.47
2024-01-06 07:39:27,163.15,84.3
2024-01-06 07:41:53,147.77,82.53
2024-01-06 07:44:19,145.85,80.43
2024-01-06 07:46:49,175.52,92.55
2024-01-06 07:49:16,141.82,82.18
2024-01-06 07:51:41,215.43,105.88
2024-01-06 07:54:07,171.73,94.28
2024-01-06 07:56:34,194.0,98.43
2024-01-06 07:59:01,166.1,89.13
2024-01-06 08:01:27,187.63,93.07
2024-01-06 08:03:52,201.35,96.3
2024-01-06 08:06:18,161.35,88.28
2024-01-06 08:08:44,175.25,92.5
2024-01-06 08:11:11,164.57,83.45
2024-01-06 08:13:37,172.32,90.13
2024-01-06 08:16:03,166.85,85.88
2024-01-06 08:18:29,173.63,91.68
2024-01-06 08:20:55,165.18,88.68
2024-01-06 08:23:20,173.7,89.68
2024-01-06 08:25:46,159.4,85.78
2024-01-06 08:28:12,166.75,88.35
2024-01-06 08:30:39,173.77,90.93
2024-01-06 08:33:05,161.2,87.15
2024-01-06 08:35:31,170.9,93.15
2024-01-06 08:37:57,164.0,88.6
2024-01-06 08:40:23,174.5,96.97
2024-01-06 08:42:49,168.9,96.85
2024-01-06 08:45:14,160.27,91.8
2024-01-06 08:47:40,167.1,91.65
2024-01-06 08:50:06,149.1,84.8
2024-01-06 08:52:32,173.52,97.55
2024-01-06 08:54:58,177.6,101.22
2024-01-06 08:57:24,170.82,100.22
2024-01-06 08:59:49,171.65,98.18
2024-01-06 09:02:15,167.55,100.85
2024-01-06 09:04:41,170.15,101.47
2024-01-06 09:07:06,145.4,85.7
2024-01-06 09:09:32,162.93,96.97
2024-01-06 09:11:58,160.18,96.78
2024-01-06 09:14:24,147.52,89.13
2024-01-06 09:16:50,144.65,87.25
2024-01-06 09:19:16,158.9,96.13
2024-01-06 09:21:41,143.4,88.38
2024-01-06 09:24:07,151.07,89.68
2024-01-06 09:26:33,141.23,87.35
2024-01-06 09:29:01,149.88,90.4
2024-01-06 09:31:28,137.75,84.85
2024-01-06 09:34:00,138.77,87.97
2024-01-06 09:36:32,154.7,94.2
2024-01-06 09:38:58,151.0,95.05
2024-01-06 09:41:24,147.43,92.2
2024-01-06 09:43:50,131.52,82.65
2024-01-06 09:46:28,131.8,85.85
2024-01-06 09:48:57,136.45,86.78
2024-01-06 09:51:23,123.7,78.72
2024-01-06 09:54:00,141.77,89.13
2024-01-06 09:56:29,141.73,90.45
2024-01-06 09:58:55,144.45,92.7
2024-01-06 10:01:21,145.95,91.4
2024-01-06 10:03:48,142.57,91.53
2024-01-06 10:06:14,144.43,93.4
2024-01-06 10:08:58,147.75,95.0
2024-01-06 10:13:51,142.88,93.05
2024-01-06 10:16:18,162.23,99.5
2024-01-06 10:18:44,160.52,102.0
2024-01-06 10:21:10,170.93,107.05
2024-01-06 10:23:36,163.02,102.15
2024-01-06 10:26:02,163.25,101.72
2024-01-06 10:28:28,169.95,109.53
2024-01-06 10:30:57,165.25,103.82
2024-01-06 10:33:24,163.05,105.25
2024-01-06 10:35:52,141.75,89.68
2024-01-06 10:38:19,149.9,97.93
2024-01-06 10:41:02,174.3,108.75
2024-01-06 10:43:35,172.48,105.57
2024-01-06 10:46:03,168.8,107.43
2024-01-06 10:48:33,189.2,121.0
2024-01-06 10:51:00,185.88,115.7
2024-01-06 10:53:32,190.43,117.7
2024-01-06 10:56:00,203.32,126.8
2024-01-06 10:58:27,190.13,124.95
2024-01-06 11:00:56,204.35,133.15
2024-01-06 11:03:22,215.93,129.9
2024-01-06 11:05:49,214.38,137.57
2024-01-06 11:08:18,214.88,137.7
2024-01-06 11:10:45,203.0,129.8
2024-01-06 11:13:12,200.43,121.65
2024-01-06 11:15:40,200.27,127.0
2024-01-06 11:18:19,203.1,126.9
2024-01-06 11:26:31,194.88,126.63
2024-01-06 11:28:57,199.73,126.4
2024-01-06 11:31:28,215.35,133.95
2024-01-06 11:33:57,214.52,131.65
2024-01-06 11:36:44,206.82,131.8
2024-01-06 11:42:02,236.05,144.95
2024-01-06 11:44:28,216.32,138.25
2024-01-06 11:46:56,236.05,144.8
2024-01-06 11:49:22,226.52,140.9
2024-01-06 11:51:53,222.82,143.52
2024-01-06 11:54:20,223.73,134.73
2024-01-06 11:56:46,231.38,142.82
2024-01-06 11:59:13,235.2,143.95
2024-01-06 12:01:39,237.75,148.77
2024-01-06 12:04:05,235.05,148.88
2024-01-06 12:06:32,220.48,137.63
2024-01-06 12:09:04,236.32,149.23
2024-01-06 12:11:30,210.15,133.57
2024-01-06 12:13:56,214.68,135.05
2024-01-06 12:16:22,215.48,132.95
2024-01-06 12:18:55,208.48,133.77
2024-01-06 12:21:22,222.95,135.75
2024-01-06 12:23:48,214.57,137.6
2024-01-06 12:26:14,227.27,145.13
2024-01-06 12:28:44,233.15,149.6
2024-01-06 12:31:10,228.63,143.4
2024-01-06 12:33:37,234.13,147.2
2024-01-06 12:36:07,230.93,145.3
2024-01-06 12:38:42,236.73,145.63
2024-01-06 12:41:08,212.38,133.13
2024-01-06 12:43:33,211.27,132.4
2024-01-06 12:45:59,242.88,149.05
2024-01-06 12:48:25,241.3,147.82
2024-01-06 12:50:50,209.6,130.02
2024-01-06 12:53:16,231.65,145.38
2024-01-06 12:55:45,195.52,124.05
2024-01-06 12:58:12,229.18,141.88
2024-01-06 13:00:38,234.2,144.93
2024-01-06 13:03:05,206.55,128.73
2024-01-06 13:05:31,203.07,127.43
2024-01-06 13:07:56,283.38,168.23
2024-01-06 13:10:22,240.73,143.18
2024-01-06 13:12:48,224.98,141.98
2024-01-06 13:15:15,226.8,140.63
2024-01-06 13:17:41,207.8,124.68
2024-01-06 13:20:07,220.52,134.52
2024-01-06 13:22:33,230.43,138.5
2024-01-06 13:24:59,233.77,141.05
2024-01-06 13:27:25,221.23,136.82
2024-01-06 13:29:54,244.73,148.25
2024-01-06 13:32:20,235.5,136.8
2024-01-06 13:34:47,208.52,128.65
2024-01-06 13:37:19,191.8,118.45
2024-01-06 13:39:47,184.35,113.85
2024-01-06 13:42:13,158.88,97.43
2024-01-06 13:44:39,142.18,86.07
2024-01-06 13:47:05,174.32,109.85
2024-01-06 13:49:31,171.2,111.0
2024-01-06 13:51:57,149.7,99.38
2024-01-06 13:54:23,194.07,120.15
2024-01-06 13:56:50,195.25,117.97
2024-01-06 13:59:17,184.45,115.25
2024-01-06 14:01:43,235.9,142.73
2024-01-06 14:04:09,251.82,157.43
2024-01-06 14:06:35,221.52,142.73
2024-01-06 14:09:01,233.15,144.27
2024-01-06 14:11:27,235.57,148.18
2024-01-06 14:13:52,221.6,138.05
2024-01-06 14:16:18,231.02,139.45
2024-01-06 14:18:45,224.27,134.52
2024-01-06 14:21:11,177.3,107.65
2024-01-06 14:23:40,169.05,101.03
2024-01-06 14:26:06,186.75,117.8
2024-01-06 14:28:32,193.77,119.03
2024-01-06 14:30:58,218.52,136.75
2024-01-06 14:33:23,271.17,164.27
2024-01-06 14:35:49,259.7,153.27
2024-01-06 14:38:15,233.9,141.9
2024-01-06 14:40:41,311.0,192.73
2024-01-06 14:43:06,280.42,182.27
2024-01-06 14:45:32,410.3,265.08
2024-01-06 14:47:58,376.23,235.98
2024-01-06 14:50:25,344.77,220.68
2024-01-06 14:52:51,423.48,260.58
2024-01-06 14:55:17,427.98,267.77
2024-01-06 14:57:43,416.7,266.77
2024-01-06 15:00:09,408.92,256.45
2024-01-06 15:02:38,352.25,228.23
2024-01-06 15:05:04,394.77,248.2
2024-01-06 15:07:31,429.9,272.3
2024-01-06 15:09:58,378.73,247.25
2024-01-06 15:12:25,396.48,259.17
2024-01-06 15:14:51,364.55,244.27
2024-01-06 15:17:17,337.67,213.3
2024-01-06 15:19:44,318.27,204.18
2024-01-06 15:22:10,351.6,215.88
2024-01-06 15:24:36,351.38,228.8
2024-01-06 15:27:02,340.95,218.55
2024-01-06 15:29:28,280.65,168.4
2024-01-06 15:31:54,287.92,182.4
2024-01-06 15:34:25,313.85,196.95
2024-01-06 15:36:51,331.77,213.45
2024-01-06 15:39:17,339.2,214.65
2024-01-06 15:41:43,332.15,203.8
2024-01-06 15:44:08,329.58,205.68
2024-01-06 15:46:34,316.38,197.35
2024-01-06 15:49:03,308.4,193.48
2024-01-06 15:51:29,379.83,236.0
2024-01-06 15:53:56,368.02,232.95
2024-01-06 15:56:22,311.33,187.27
2024-01-06 15:58:47,370.35,226.65
2024-01-06 16:01:13,323.77,198.8
2024-01-06 16:03:39,320.5,198.8
2024-01-06 16:06:05,312.05,192.2
2024-01-06 16:08:31,235.0,140.18
2024-01-06 16:10:57,228.2,140.4
2024-01-06 16:13:23,293.52,174.82
2024-01-06 16:15:49,372.58,226.8
2024-01-06 16:18:17,318.15,202.68
2024-01-06 16:20:44,258.83,156.57
2024-01-06 16:23:11,264.23,154.73
2024-01-06 16:25:40,281.23,174.48
2024-01-06 16:28:06,295.33,182.82
2024-01-06 16:30:36,292.17,176.8
2024-01-06 16:33:03,309.05,188.88
2024-01-06 16:35:30,474.45,302.3
2024-01-06 16:37:55,411.83,258.4
2024-01-06 16:40:22,329.45,201.7
2024-01-06 16:42:48,361.42,219.85
2024-01-06 16:45:17,346.25,216.0
2024-01-06 16:47:43,253.63,151.32
2024-01-06 16:50:09,348.13,216.7
2024-01-06 16:52:35,385.8,238.45
2024-01-06 16:55:01,408.35,251.48
2024-01-06 16:57:27,323.05,195.02
2024-01-06 16:59:56,396.45,250.82
2024-01-06 17:02:23,388.3,244.13
2024-01-06 17:04:49,358.17,226.23
2024-01-06 17:07:15,274.7,166.0
2024-01-06 17:09:41,349.38,214.02
2024-01-06 17:12:10,308.02,189.4
2024-01-06 17:14:35,340.0,212.35
2024-01-06 17:17:01,238.9,140.73
2024-01-06 17:19:27,239.93,142.85
2024-01-06 17:21:53,209.05,129.45
2024-01-06 17:24:19,216.4,124.55
2024-01-06 17:26:44,209.6,127.13
2024-01-06 17:29:10,351.1,214.82
2024-01-06 17:31:36,282.92,177.35
2024-01-06 17:34:02,248.1,148.38
2024-01-06 17:36:28,283.0,172.9
2024-01-06 17:38:54,320.58,201.75
2024-01-06 17:41:20,313.7,192.55
2024-01-06 17:43:45,274.0,168.25
2024-01-06 17:46:20,324.35,205.85
2024-01-06 17:48:51,279.38,171.95
2024-01-06 17:51:17,216.85,135.7
2024-01-06 17:53:45,287.98,172.32
2024-01-06 17:56:10,273.42,167.98
2024-01-06 17:58:36,285.58,171.35
2024-01-06 18:01:02,264.33,164.27
2024-01-06 18:03:28,312.4,194.82
2024-01-06 18:05:53,280.23,166.6
2024-01-06 18:08:19,240.85,143.32
2024-01-06 18:10:45,320.4,204.8
2024-01-06 18:13:10,305.02,182.9
2024-01-06 18:15:36,300.88,186.1
2024-01-06 18:18:02,196.57,121.93
2024-01-06 18:20:28,156.98,94.07
2024-01-06 18:22:53,212.48,131.52
2024-01-06 18:25:19,193.02,121.55
2024-01-06 18:27:45,166.6,103.07
2024-01-06 18:30:11,94.65,60.47
2024-01-06 18:32:37,125.72,79.32
2024-01-06 18:35:03,129.8,84.65
2024-01-06 18:37:31,126.0,79.38
2024-01-06 18:39:56,122.07,76.93
2024-01-06 18:42:22,165.7,106.32
2024-01-06 18:44:49,138.68,88.07
2024-01-06 18:47:15,159.57,95.35
2024-01-06 18:49:41,140.2,89.78
2024-01-06 18:52:07,180.38,112.9
2024-01-06 18:54:33,160.48,98.8
2024-01-06 18:56:59,144.88,90.72
2024-01-06 18:59:25,187.95,116.5
2024-01-06 19:01:51,143.6,87.88
2024-01-06 19:04:17,175.38,108.28
2024-01-06 19:06:44,151.35,95.68
2024-01-06 19:09:13,146.2,92.53
2024-01-06 19:11:39,140.93,86.55
2024-01-06 19:14:05,161.7,99.65
2024-01-06 19:16:31,147.45,90.03
2024-01-06 19:18:57,164.18,99.3
2024-01-06 19:21:23,116.95,71.18
2024-01-06 19:23:48,121.18,76.13
2024-01-06 19:26:14,110.15,68.9
2024-01-06 19:28:40,95.55,58.88
2024-01-06 19:31:05,91.55,58.6
2024-01-06 19:33:31,84.85,52.33
2024-01-06 19:35:57,75.05,48.17
2024-01-06 19:38:23,78.9,49.92
2024-01-06 19:40:49,82.47,50.1
2024-01-06 19:43:15,71.47,46.92
2024-01-06 19:45:41,76.8,48.17
2024-01-06 19:48:07,72.97,46.45
2024-01-06 19:50:34,73.0,47.7
2024-01-06 19:53:02,120.4,70.03
2024-01-06 19:55:28,86.55,54.95
2024-01-06 19:57:53,97.25,59.2
2024-01-06 20:00:19,95.2,62.55
2024-01-06 20:02:46,103.32,66.25
2024-01-06 20:05:13,83.5,50.83
2024-01-06 20:07:38,88.13,53.97
2024-01-06 20:10:04,75.7,49.83
2024-01-06 20:12:30,71.1,45.58
2024-01-06 20:14:56,102.9,64.07
2024-01-06 20:17:23,77.45,51.15
2024-01-06 20:19:49,74.45,46.65
2024-01-06 20:22:15,74.88,46.88
2024-01-06 20:24:40,74.05,45.95
2024-01-06 20:27:07,76.7,44.53
2024-01-06 20:29:32,65.6,41.58
2024-01-06 20:31:58,68.53,44.47
2024-01-06 20:34:24,81.47,51.08
2024-01-06 20:36:50,78.25,48.3
2024-01-06 20:39:16,76.7,48.78
2024-01-06 20:41:42,74.57,47.4
2024-01-06 20:44:08,88.53,54.58
2024-01-06 20:46:34,86.82,54.47
2024-01-06 20:49:00,85.55,54.47
2024-01-06 20:51:26,87.5,55.8
2024-01-06 20:53:52,68.88,46.0
2024-01-06 20:56:17,80.22,50.5
2024-01-06 20:58:43,68.82,46.6
2024-01-06 21:01:09,63.13,43.6
2024-01-06 21:03:35,62.63,42.05
2024-01-06 21:06:04,58.28,38.05
2024-01-06 21:08:30,54.13,37.5
2024-01-06 21:10:58,60.1,38.33
2024-01-06 21:13:24,62.4,38.63
2024-01-06 21:15:50,54.97,35.9
2024-01-06 21:18:16,53.78,35.3
2024-01-06 21:20:41,62.38,37.83
2024-01-06 21:23:07,50.85,34.17
2024-01-06 21:25:34,56.8,34.6
2024-01-06 21:28:00,58.47,33.53
2024-01-06 21:30:25,53.0,33.33
2024-01-06 21:32:52,55.2,34.9
2024-01-06 21:35:25,58.03,34.13
2024-01-06 21:37:58,51.17,32.6
2024-01-06 21:40:24,55.9,33.5
2024-01-06 21:42:51,48.42,31.92
2024-01-06 21:45:18,50.97,31.73
2024-01-06 21:47:44,48.65,31.45
2024-01-06 21:50:10,46.25,29.75
2024-01-06 21:52:39,47.5,31.0
2024-01-06 21:55:07,47.4,31.83
2024-01-06 21:57:33,52.92,34.0
2024-01-06 21:59:59,51.95,34.1
2024-01-06 22:02:24,49.47,33.08
2024-01-06 22:04:50,52.8,31.33
2024-01-06 22:07:16,51.58,33.95
2024-01-06 22:09:42,49.55,34.13
2024-01-06 22:12:08,48.15,32.7
2024-01-06 22:14:37,49.13,32.75
2024-01-06 22:17:02,46.28,31.05
2024-01-06 22:19:28,46.0,31.23
2024-01-06 22:21:54,43.05,30.73
2024-01-06 22:24:19,47.38,31.7
2024-01-06 22:26:45,43.72,29.9
2024-01-06 22:29:12,46.2,30.77
2024-01-06 22:31:41,45.45,29.83
2024-01-06 22:34:08,47.2,31.27
2024-01-06 22:36:35,42.08,28.75
2024-01-06 22:39:01,41.63,28.63
2024-01-06 22:41:27,41.5,28.95
2024-01-06 22:43:52,51.25,32.17
2024-01-06 22:46:18,51.47,32.85
2024-01-06 22:48:44,45.58,31.4
2024-01-06 22:51:11,43.7,28.77
2024-01-06 22:53:37,43.83,29.17
2024-01-06 22:56:02,43.58,28.15
2024-01-06 22:58:29,40.88,26.83
2024-01-06 23:00:55,38.67,28.1
2024-01-06 23:03:21,41.53,27.33
2024-01-06 23:05:46,42.17,27.7
2024-01-06 23:08:20,40.85,27.08
2024-01-06 23:10:46,39.47,26.15
2024-01-06 23:13:11,39.85,26.63
2024-01-06 23:15:37,41.05,26.45
2024-01-06 23:18:03,35.92,24.85
2024-01-06 23:20:30,37.2,25.63
2024-01-06 23:22:55,38.1,25.83
2024-01-06 23:25:21,40.05,24.85
2024-01-06 23:27:47,40.63,26.13
2024-01-06 23:30:13,40.97,25.88
2024-01-06 23:32:38,40.08,25.38
2024-01-06 23:35:04,38.88,25.52
2024-01-06 23:37:31,38.25,24.33
2024-01-06 23:39:57,37.05,25.92
2024-01-06 23:42:22,38.42,25.85
2024-01-06 23:44:51,36.17,25.3
2024-01-06 23:47:17,33.65,24.8
2024-01-06 23:49:46,33.9,23.67
2024-01-06 23:52:12,37.08,24.48
2024-01-06 23:54:38,33.22,23.7
2024-01-06 23:57:04,34.5,23.77
2024-01-06 23:59:30,38.17,25.15
2024-01-07 00:01:56,37.03,24.77
2024-01-07 00:04:21,38.05,24.9
2024-01-07 00:06:47,39.65,27.27
2024-01-07 00:09:13,40.33,27.33
2024-01-07 00:11:39,37.58,24.77
2024-01-07 00:14:05,37.03,23.15
2024-01-07 00:16:31,39.92,25.33
2024-01-07 00:18:56,38.65,24.92
2024-01-07 00:21:22,34.08,22.35
2024-01-07 00:23:49,33.83,24.05
2024-01-07 00:26:15,37.33,24.23
2024-01-07 00:28:40,36.47,24.88
2024-01-07 00:31:06,39.85,26.75
2024-01-07 00:33:34,36.1,24.33
2024-01-07 00:36:02,35.0,23.88
2024-01-07 00:38:28,35.72,23.75
2024-01-07 00:40:54,34.65,23.38
2024-01-07 00:43:19,33.6,22.45
2024-01-07 00:45:45,31.45,21.35
2024-01-07 00:48:12,30.7,20.25
2024-01-07 00:50:38,28.0,18.48
2024-01-07 00:53:04,25.58,18.7
2024-01-07 00:55:30,30.25,18.67
2024-01-07 00:57:55,27.83,18.75
2024-01-07 01:00:21,27.67,19.23
2024-01-07 01:02:47,28.55,19.48
2024-01-07 01:05:13,29.2,17.83
2024-01-07 01:07:39,29.92,18.9
2024-01-07 01:10:05,28.0,17.83
2024-01-07 01:12:31,27.95,19.52
2024-01-07 01:14:56,27.67,18.48
2024-01-07 01:17:22,28.45,18.77
2024-01-07 01:19:48,28.1,20.08
2024-01-07 01:22:13,28.33,19.02
2024-01-07 01:24:39,31.4,20.77
2024-01-07 01:27:05,30.65,20.42
2024-01-07 01:29:30,32.28,21.48
2024-01-07 01:31:56,30.5,23.1
2024-01-07 01:34:22,36.5,23.88
2024-01-07 01:36:48,33.08,21.27
2024-01-07 01:39:13,25.83,17.4
2024-01-07 01:41:39,26.23,16.05
2024-01-07 01:44:05,23.33,15.9
2024-01-07 01:46:30,26.73,17.4
2024-01-07 01:48:57,28.05,17.77
2024-01-07 01:51:23,28.08,19.23
2024-01-07 01:53:49,30.48,18.5
2024-01-07 01:56:18,29.4,18.83
2024-01-07 01:58:45,29.05,18.27
2024-01-07 02:01:12,28.85,18.45
2024-01-07 02:03:38,26.95,18.2
2024-01-07 02:06:04,24.98,16.27
2024-01-07 02:08:30,23.83,16.08
2024-01-07 02:10:56,28.67,16.73
2024-01-07 02:13:22,32.45,19.48
2024-01-07 02:15:48,32.72,21.3
2024-01-07 02:18:14,34.83,21.17
2024-01-07 02:20:40,29.33,18.1
2024-01-07 02:23:06,34.35,19.98
2024-01-07 02:25:35,30.7,20.5
2024-01-07 02:28:01,33.63,21.98
2024-01-07 02:30:27,37.13,23.75
2024-01-07 02:32:53,37.6,24.7
2024-01-07 02:35:18,39.63,25.15
2024-01-07 02:37:44,42.17,25.9
2024-01-07 02:40:10,38.33,23.45
2024-01-07 02:42:36,32.85,22.65
2024-01-07 02:45:02,34.03,23.0
2024-01-07 02:47:28,35.65,23.88
2024-01-07 02:49:53,35.25,23.77
2024-01-07 02:52:19,33.83,22.23
2024-01-07 02:54:45,32.9,22.15
2024-01-07 02:57:11,36.25,23.45
2024-01-07 02:59:36,32.08,20.55
2024-01-07 03:02:02,33.97,21.75
2024-01-07 03:04:28,32.15,21.73
2024-01-07 03:06:53,32.6,21.75
2024-01-07 03:09:19,29.65,19.73
2024-01-07 03:11:45,29.58,18.88
2024-01-07 03:14:10,26.6,19.25
2024-01-07 03:16:37,26.38,18.17
2024-01-07 03:19:03,28.33,19.35
2024-01-07 03:21:29,28.9,18.52
2024-01-07 03:23:55,28.42,18.27
2024-01-07 03:26:21,20.25,15.1
2024-01-07 03:28:46,23.77,16.48
2024-01-07 03:31:13,20.85,14.7
2024-01-07 03:33:41,18.08,11.2
2024-01-07 03:36:11,14.77,10.98
2024-01-07 03:38:38,33.03,20.95
2024-01-07 03:41:05,31.83,21.27
2024-01-07 03:43:31,23.98,17.35
2024-01-07 03:45:57,21.85,15.4
2024-01-07 03:48:22,28.33,19.6
2024-01-07 03:50:48,28.35,19.25
2024-01-07 03:53:15,27.7,19.35
2024-01-07 03:55:41,26.45,18.42
2024-01-07 03:58:07,26.05,17.7
2024-01-07 04:00:32,24.02,16.15
2024-01-07 04:02:59,25.52,17.3
2024-01-07 04:05:25,25.92,16.73
2024-01-07 04:07:51,24.73,17.13
2024-01-07 04:10:17,26.0,16.17
2024-01-07 04:12:43,28.67,18.5
2024-01-07 04:15:09,26.5,17.63
2024-01-07 04:17:35,23.9,15.75
2024-01-07 04:20:01,23.9,16.13
2024-01-07 04:22:27,19.2,13.13
2024-01-07 04:24:53,22.3,15.02
2024-01-07 04:27:19,20.45,14.23
2024-01-07 04:29:44,12.85,8.75
2024-01-07 04:32:10,13.3,9.43
2024-01-07 04:34:36,18.1,12.82
2024-01-07 04:37:01,20.0,11.63
2024-01-07 04:39:27,15.05,10.27
2024-01-07 04:41:53,15.1,10.7
2024-01-07 04:44:19,17.8,11.48
2024-01-07 04:46:45,15.0,11.45
2024-01-07 04:49:12,15.77,10.5
2024-01-07 04:51:38,6.18,4.57
2024-01-07 04:54:03,9.15,6.8
2024-01-07 04:56:31,20.27,14.15
2024-01-07 04:58:57,9.23,6.47
2024-01-07 05:01:23,11.63,7.88
2024-01-07 05:03:48,7.07,5.53
2024-01-07 05:06:14,10.07,7.68
2024-01-07 05:08:40,9.7,6.4
2024-01-07 05:11:07,12.63,7.1
2024-01-07 05:13:33,9.85,7.18
2024-01-07 05:16:00,11.2,8.77
2024-01-07 05:18:26,14.73,9.3
2024-01-07 05:20:52,14.73,9.38
2024-01-07 05:23:18,15.73,9.48
2024-01-07 05:25:44,12.52,8.95
2024-01-07 05:28:10,13.98,9.52
2024-01-07 05:30:36,12.98,9.52
2024-01-07 05:33:03,13.9,9.93
2024-01-07 05:35:29,13.43,9.55
2024-01-07 05:37:55,13.38,9.55
2024-01-07 05:40:21,14.23,10.3
2024-01-07 05:42:47,15.5,10.57
2024-01-07 05:45:13,16.77,10.93
2024-01-07 05:47:39,17.67,11.27
2024-01-07 05:50:06,15.02,10.4
2024-01-07 05:52:32,12.73,9.7
2024-01-07 05:54:58,13.9,10.0
2024-01-07 05:57:24,11.75,8.88
2024-01-07 05:59:50,12.5,8.7
2024-01-07 06:02:15,13.57,9.57
2024-01-07 06:04:42,14.93,10.32
2024-01-07 06:07:08,12.15,8.48
2024-01-07 06:09:34,12.23,7.7
2024-01-07 06:12:00,8.9,6.85
2024-01-07 06:14:26,8.13,5.47
2024-01-07 06:16:52,10.38,7.03
2024-01-07 06:19:18,13.7,10.55
2024-01-07 06:21:44,22.8,15.1
2024-01-07 06:24:10,18.2,13.07
2024-01-07 06:26:36,27.77,16.38
2024-01-07 06:29:02,37.05,20.58
2024-01-07 06:31:28,33.8,21.5
2024-01-07 06:33:54,30.52,20.35
2024-01-07 06:36:22,29.77,18.58
2024-01-07 06:38:48,29.7,19.92
2024-01-07 06:41:14,35.0,22.42
2024-01-07 06:43:40,35.83,21.63
2024-01-07 06:46:06,37.33,23.1
2024-01-07 06:48:32,38.7,24.48
2024-01-07 06:50:57,34.38,21.95
2024-01-07 06:53:23,33.05,21.38
2024-01-07 06:55:49,28.5,19.58
2024-01-07 06:58:15,30.25,20.33
2024-01-07 07:00:41,32.75,22.17
2024-01-07 07:03:07,23.85,16.9
2024-01-07 07:05:33,22.55,14.18
2024-01-07 07:07:59,25.42,17.08
2024-01-07 07:10:25,25.27,17.8
2024-01-07 07:12:51,33.38,22.17
2024-01-07 07:15:17,30.85,20.35
2024-01-07 07:17:43,27.4,18.05
2024-01-07 07:20:10,24.73,17.27
2024-01-07 07:22:36,30.1,20.58
2024-01-07 07:25:02,30.08,20.98
2024-01-07 07:27:28,28.0,20.02
2024-01-07 07:29:54,28.85,20.35
2024-01-07 07:32:20,25.6,17.65
2024-01-07 07:34:46,22.92,16.23
2024-01-07 07:37:12,20.52,14.1
2024-01-07 07:39:38,20.77,14.3
2024-01-07 07:42:04,19.85,14.13
2024-01-07 07:44:30,17.33,10.9
2024-01-07 07:46:55,14.05,10.82
2024-01-07 07:49:21,13.95,9.2
2024-01-07 07:51:47,13.9,9.35
2024-01-07 07:54:13,13.1,8.68
2024-01-07 07:56:38,11.23,8.4
2024-01-07 07:59:04,11.88,8.82
2024-01-07 08:01:30,12.4,8.75
2024-01-07 08:03:55,12.5,8.32
2024-01-07 08:06:21,11.88,7.7
2024-01-07 08:08:47,10.75,7.97
2024-01-07 08:11:13,11.2,7.8
2024-01-07 08:13:39,9.8,7.18
2024-01-07 08:16:04,12.35,8.63
2024-01-07 08:18:31,13.48,9.52
2024-01-07 08:20:57,13.15,8.95
2024-01-07 08:23:24,15.38,10.63
2024-01-07 08:25:50,15.63,9.77
2024-01-07 08:28:16,14.9,9.98
2024-01-07 08:30:43,14.65,10.73
2024-01-07 08:33:09,16.25,9.6
2024-01-07 08:35:35,13.82,9.43
2024-01-07 08:38:01,12.32,8.98
2024-01-07 08:40:27,12.02,8.52
2024-01-07 08:42:54,11.23,7.9
2024-01-07 08:45:20,12.73,9.07
2024-01-07 08:47:46,11.4,8.8
2024-01-07 08:50:12,21.98,12.8
2024-01-07 08:52:37,18.1,11.98
2024-01-07 08:55:03,16.55,11.0
2024-01-07 08:57:31,12.0,9.02
2024-01-07 08:59:57,11.8,8.43
2024-01-07 09:02:23,11.23,8.15
2024-01-07 09:04:50,12.27,8.85
2024-01-07 09:07:16,10.55,7.68
2024-01-07 09:09:42,13.27,8.35
2024-01-07 09:12:08,12.88,7.9
2024-01-07 09:14:33,10.98,7.95
2024-01-07 09:16:59,10.93,8.0
2024-01-07 09:19:25,12.23,8.45
2024-01-07 09:21:50,10.5,7.9
2024-01-07 09:24:17,9.82,7.78
2024-01-07 09:26:43,12.25,8.9
2024-01-07 09:29:09,11.13,8.25
2024-01-07 09:31:35,9.23,7.6
2024-01-07 09:34:01,9.98,6.9
2024-01-07 09:36:27,11.45,7.57
2024-01-07 09:38:53,10.18,7.53
2024-01-07 09:41:19,11.75,7.82
2024-01-07 09:43:44,11.27,6.88
2024-01-07 09:46:10,9.27,6.75
2024-01-07 09:48:36,7.95,5.8
2024-01-07 09:51:02,9.52,6.72
2024-01-07 09:53:32,11.48,7.4
2024-01-07 09:58:51,9.75,6.95
2024-01-07 10:01:17,9.55,6.93
2024-01-07 10:03:43,9.4,6.5
2024-01-07 10:06:12,12.4,7.15
2024-01-07 10:08:38,11.18,7.97
2024-01-07 10:11:04,12.02,8.4
2024-01-07 10:13:30,11.7,8.25
2024-01-07 10:15:57,15.3,9.55
2024-01-07 10:18:23,16.02,10.77
2024-01-07 10:20:50,19.58,11.68
2024-01-07 10:23:20,17.35,12.38
2024-01-07 10:25:45,18.42,12.05
2024-01-07 10:28:12,20.42,13.32
2024-01-07 10:30:39,23.5,14.9
2024-01-07 10:33:05,19.67,11.45
2024-01-07 10:35:33,23.15,14.48
2024-01-07 10:38:01,26.73,16.15
2024-01-07 10:40:27,26.95,17.05
2024-01-07 10:42:55,28.85,18.08
2024-01-07 10:45:21,29.77,19.3
2024-01-07 10:47:51,31.55,19.85
2024-01-07 10:50:21,37.1,22.1
2024-01-07 10:52:49,48.55,27.27
2024-01-07 10:55:17,48.25,27.52
2024-01-07 10:57:44,50.97,29.88
2024-01-07 11:00:14,51.8,28.13
2024-01-07 11:05:33,35.45,21.77
2024-01-07 11:08:15,37.33,22.42
2024-01-07 11:10:48,31.8,19.73
2024-01-07 11:16:00,28.63,18.1
2024-01-07 11:18:57,29.08,18.08
2024-01-07 11:21:21,27.25,17.23
2024-01-07 11:23:49,25.83,16.27
2024-01-07 11:26:17,28.0,16.42
2024-01-07 11:28:43,23.75,15.93
2024-01-07 11:31:13,22.77,15.15
2024-01-07 11:33:43,22.83,14.68
2024-01-07 11:36:14,20.5,13.32
2024-01-07 11:38:41,19.73,12.95
2024-01-07 11:41:08,14.1,11.05
2024-01-07 11:43:36,13.4,10.3
2024-01-07 11:46:02,14.85,10.85
2024-01-07 11:48:28,14.02,10.73
2024-01-07 11:50:54,16.35,11.43
2024-01-07 11:53:20,15.77,11.25
2024-01-07 11:55:46,15.8,11.38
2024-01-07 11:58:12,17.58,11.85
2024-01-07 12:00:38,14.45,11.13
2024-01-07 12:03:03,17.77,12.4
2024-01-07 12:05:29,19.38,11.02
2024-01-07 12:07:56,12.6,10.1
2024-01-07 12:10:25,14.7,10.48
2024-01-07 12:12:50,15.23,10.07
2024-01-07 12:15:17,13.0,9.0
2024-01-07 12:17:54,14.3,9.93
2024-01-07 12:20:25,15.13,9.05
2024-01-07 12:22:51,11.63,8.95
2024-01-07 12:25:21,12.1,8.98
2024-01-07 12:27:50,12.25,9.07
2024-01-07 12:30:19,13.52,9.4
2024-01-07 12:32:45,11.85,9.4
2024-01-07 12:35:11,14.43,10.15
2024-01-07 12:37:37,12.18,8.48
2024-01-07 12:40:03,12.63,9.55
2024-01-07 12:42:31,15.43,10.8
2024-01-07 12:44:57,14.95,10.13
2024-01-07 12:47:23,13.2,8.73
2024-01-07 12:49:48,13.02,8.77
2024-01-07 12:52:14,10.38,7.28
2024-01-07 12:54:40,7.72,6.1
2024-01-07 12:57:05,8.13,6.43
2024-01-07 12:59:31,9.35,5.93
2024-01-07 13:01:57,6.95,5.22
2024-01-07 13:04:23,7.47,5.13
2024-01-07 13:06:48,9.57,6.9
2024-01-07 13:09:14,12.27,6.63
2024-01-07 13:11:40,9.98,6.72
2024-01-07 13:14:06,8.9,6.4
2024-01-07 13:16:32,8.68,6.75
2024-01-07 13:18:58,8.3,6.1
2024-01-07 13:21:23,8.82,6.25
2024-01-07 13:23:49,9.32,6.63
2024-01-07 13:26:15,8.05,6.03
2024-01-07 13:28:41,8.95,6.28
2024-01-07 13:31:07,11.15,7.38
2024-01-07 13:33:34,15.02,9.38
2024-01-07 13:36:00,11.2,8.65
2024-01-07 13:38:28,15.75,9.93
2024-01-07 13:40:53,17.05,10.82
2024-01-07 13:43:19,13.88,9.48
2024-01-07 13:45:45,14.8,9.3
2024-01-07 13:48:11,17.77,10.32
2024-01-07 13:50:36,18.17,11.88
2024-01-07 13:53:02,14.65,10.02
2024-01-07 13:55:28,13.77,9.57
2024-01-07 13:57:54,16.48,9.7
2024-01-07 14:00:20,17.75,9.43
2024-01-07 14:02:46,18.83,12.13
2024-01-07 14:05:12,15.55,10.7
2024-01-07 14:07:38,15.77,9.68
2024-01-07 14:10:04,19.2,11.25
2024-01-07 14:12:31,19.98,12.02
2024-01-07 14:14:57,20.73,15.43
2024-01-07 14:17:26,19.7,13.68
2024-01-07 14:19:52,25.3,13.52
2024-01-07 14:22:21,16.7,11.3
2024-01-07 14:24:48,17.7,11.73
2024-01-07 14:27:14,19.58,12.13
2024-01-07 14:29:40,17.45,11.68
2024-01-07 14:32:07,19.17,13.48
2024-01-07 14:34:32,20.67,13.9
2024-01-07 14:36:58,22.45,14.3
2024-01-07 14:39:25,21.6,15.25
2024-01-07 14:41:51,21.7,14.88
2024-01-07 14:44:17,30.95,20.27
2024-01-07 14:46:42,38.55,23.8
2024-01-07 14:49:08,40.08,24.9
2024-01-07 14:51:34,34.4,24.88
2024-01-07 14:54:00,40.78,28.77
2024-01-07 14:56:25,46.67,29.15
2024-01-07 14:58:51,45.95,27.25
2024-01-07 15:01:17,43.95,28.75
2024-01-07 15:03:44,60.7,38.63
2024-01-07 15:06:09,53.25,31.9
2024-01-07 15:08:36,52.22,33.65
2024-01-07 15:11:02,59.63,36.2
2024-01-07 15:13:28,60.88,39.35
2024-01-07 15:15:55,51.28,33.78
2024-01-07 15:18:21,63.28,39.97
2024-01-07 15:20:47,59.22,37.72
2024-01-07 15:23:12,50.47,32.9
2024-01-07 15:25:38,50.22,32.88
2024-01-07 15:28:04,42.92,29.33
2024-01-07 15:30:30,43.28,27.58
2024-01-07 15:32:55,44.88,29.45
2024-01-07 15:35:21,55.67,36.05
2024-01-07 15:37:47,55.53,37.22
2024-01-07 15:40:14,57.03,36.55
2024-01-07 15:42:39,58.9,38.38
2024-01-07 15:45:05,77.38,47.53
2024-01-07 15:47:31,75.3,49.3
2024-01-07 15:50:00,78.35,50.17
2024-01-07 15:52:26,87.97,55.05
2024-01-07 15:54:54,77.2,48.67
2024-01-07 15:57:20,83.22,49.63
2024-01-07 15:59:46,81.5,48.45
2024-01-07 16:02:12,70.4,41.83
2024-01-07 16:04:37,71.05,43.33
2024-01-07 16:07:03,66.9,41.3
2024-01-07 16:09:29,63.88,37.92
2024-01-07 16:11:59,65.2,41.25
2024-01-07 16:14:25,72.8,45.42
2024-01-07 16:16:53,81.45,50.85
2024-01-07 16:19:19,77.28,48.42
2024-01-07 16:21:45,79.95,48.28
2024-01-07 16:24:11,83.0,47.22
2024-01-07 16:26:40,62.58,38.53
2024-01-07 16:29:07,59.63,36.35
2024-01-07 16:31:34,58.33,33.42
2024-01-07 16:34:00,53.35,32.33
2024-01-07 16:36:26,56.2,33.17
2024-01-07 16:38:53,50.28,31.1
2024-01-07 16:41:21,49.33,31.55
2024-01-07 16:43:47,54.5,33.58
2024-01-07 16:46:13,64.32,37.25
2024-01-07 16:48:39,62.45,38.22
2024-01-07 16:51:05,88.47,51.53
2024-01-07 16:53:36,116.68,68.72
2024-01-07 16:56:03,112.25,67.55
2024-01-07 16:58:30,109.18,66.07
2024-01-07 17:00:56,97.0,60.8
2024-01-07 17:03:24,105.13,66.43
2024-01-07 17:05:50,111.97,67.88
2024-01-07 17:08:16,104.25,66.93
2024-01-07 17:10:42,96.25,61.83
2024-01-07 17:13:10,94.43,60.35
2024-01-07 17:15:36,92.82,57.88
2024-01-07 17:18:03,95.4,57.58
2024-01-07 17:20:29,91.7,55.33
2024-01-07 17:22:55,85.82,52.08
2024-01-07 17:25:21,80.35,49.0
2024-01-07 17:27:47,73.4,46.6
2024-01-07 17:30:15,81.75,52.95
2024-01-07 17:32:42,93.9,58.92
2024-01-07 17:35:08,81.0,50.25
2024-01-07 17:37:34,79.95,47.92
2024-01-07 17:40:02,76.28,48.95
2024-01-07 17:42:28,77.88,47.85
2024-01-07 17:44:54,71.8,42.63
2024-01-07 17:47:20,72.95,43.55
2024-01-07 17:49:45,69.6,43.03
2024-01-07 17:52:11,66.32,40.75
2024-01-07 17:54:38,44.13,25.98
2024-01-07 17:57:06,45.92,29.23
2024-01-07 17:59:32,48.13,30.05
2024-01-07 18:01:59,45.6,28.75
2024-01-07 18:04:25,42.97,28.65
2024-01-07 18:06:51,41.3,26.63
2024-01-07 18:09:17,42.3,28.0
2024-01-07 18:11:43,47.53,29.7
2024-01-07 18:14:09,42.08,27.4
2024-01-07 18:16:37,47.6,30.48
2024-01-07 18:19:06,55.78,32.65
2024-01-07 18:21:35,46.83,28.3
2024-01-07 18:24:01,49.4,30.55
2024-01-07 18:26:26,47.9,30.1
2024-01-07 18:28:52,47.5,30.48
2024-01-07 18:31:19,55.75,34.65
2024-01-07 18:33:45,53.63,32.88
2024-01-07 18:36:11,74.68,47.92
2024-01-07 18:38:38,81.85,49.8
2024-01-07 18:41:04,59.92,38.0
2024-01-07 18:43:30,62.67,40.8
2024-01-07 18:45:55,85.18,52.75
2024-01-07 18:48:22,85.13,52.8
2024-01-07 18:50:50,76.6,45.22
2024-01-07 18:53:16,86.28,53.8
2024-01-07 18:55:43,65.18,41.03
2024-01-07 18:58:11,114.03,70.38
2024-01-07 19:00:38,95.1,55.78
2024-01-07 19:03:03,114.25,65.15
2024-01-07 19:05:29,98.93,59.25
2024-01-07 19:07:55,84.9,54.25
2024-01-07 19:10:22,96.2,59.42
2024-01-07 19:12:47,113.45,66.47
2024-01-07 19:15:13,92.47,57.85
2024-01-07 19:17:40,88.1,53.5
2024-01-07 19:20:06,91.88,57.22
2024-01-07 19:22:32,90.1,53.47
2024-01-07 19:24:59,83.85,50.45
2024-01-07 19:27:25,81.28,50.3
2024-01-07 19:29:51,86.63,54.05
2024-01-07 19:32:17,80.57,52.13
2024-01-07 19:34:43,98.25,58.95
2024-01-07 19:37:11,70.43,44.63
2024-01-07 19:39:39,70.07,45.75
2024-01-07 19:42:05,66.78,41.25
2024-01-07 19:44:32,62.33,40.92
2024-01-07 19:46:59,56.92,39.4
2024-01-07 19:49:24,55.88,38.5
2024-01-07 19:51:50,65.1,40.6
2024-01-07 19:54:16,64.1,41.33
2024-01-07 19:56:44,70.55,43.65
2024-01-07 19:59:10,62.92,43.1
2024-01-07 20:01:36,100.9,60.83
2024-01-07 20:04:02,106.05,62.78
2024-01-07 20:06:28,134.65,81.57
2024-01-07 20:08:54,214.95,126.72
2024-01-07 20:11:20,188.38,114.53
2024-01-07 20:13:48,169.98,102.82
2024-01-07 20:16:15,152.23,93.78
2024-01-07 20:18:45,143.02,85.25
2024-01-07 20:23:48,121.4,74.57
2024-01-07 20:26:14,113.45,69.05
2024-01-07 20:28:40,122.13,75.57
2024-01-07 20:31:06,94.93,58.85
2024-01-07 20:33:33,175.82,112.03
2024-01-07 20:36:00,187.35,112.1
2024-01-07 20:38:26,146.88,92.93
2024-01-07 20:40:52,93.9,58.92
2024-01-07 20:43:18,51.53,33.97
2024-01-07 20:45:44,61.92,38.05
2024-01-07 20:48:09,66.07,41.42
2024-01-07 20:50:35,89.03,55.58
2024-01-07 20:53:03,93.97,56.2
2024-01-07 20:55:30,92.03,56.9
2024-01-07 20:57:56,95.65,59.7
2024-01-07 21:00:22,116.13,72.07
2024-01-07 21:02:50,104.43,64.97
2024-01-07 21:05:16,109.13,67.47
2024-01-07 21:07:46,101.55,60.5
2024-01-07 21:10:15,120.18,73.63
2024-01-07 21:12:41,102.82,64.32
2024-01-07 21:15:08,105.35,64.88
2024-01-07 21:17:35,108.28,67.5
2024-01-07 21:20:06,100.7,61.53
2024-01-07 21:22:34,97.45,60.58
2024-01-07 21:25:01,100.57,60.92
2024-01-07 21:27:30,91.13,57.17
2024-01-07 21:29:57,75.03,47.33
2024-01-07 21:32:23,95.65,58.7
2024-01-07 21:34:54,80.93,52.2
2024-01-07 21:37:20,101.6,66.45
2024-01-07 21:39:46,96.32,58.9
2024-01-07 21:42:12,86.55,53.53
2024-01-07 21:44:40,90.57,57.4
2024-01-07 21:47:06,92.82,56.55
2024-01-07 21:49:32,96.07,60.7
2024-01-07 21:51:58,108.95,66.22
2024-01-07 21:54:23,100.65,62.17
2024-01-07 21:56:51,98.13,61.63
2024-01-07 21:59:17,89.95,58.22
2024-01-07 22:01:43,90.1,56.45
2024-01-07 22:04:09,92.97,56.83
2024-01-07 22:06:34,118.9,72.7
2024-01-07 22:09:01,151.27,93.15
2024-01-07 22:11:27,93.82,58.83
2024-01-07 22:13:52,108.9,64.8
2024-01-07 22:16:19,106.97,65.4
2024-01-07 22:18:44,104.82,67.05
2024-01-07 22:21:17,106.15,63.85
2024-01-07 22:23:45,92.95,56.03
2024-01-07 22:26:12,79.35,48.58
2024-01-07 22:28:40,70.07,45.92
2024-01-07 22:31:08,80.38,50.08
2024-01-07 22:33:34,86.32,54.13
2024-01-07 22:36:00,89.32,54.25
2024-01-07 22:38:26,98.93,62.17
2024-01-07 22:40:52,92.6,57.78
2024-01-07 22:43:18,86.93,56.28
2024-01-07 22:45:45,98.38,61.95
2024-01-07 22:48:12,98.95,61.85
2024-01-07 22:50:38,95.1,60.67
2024-01-07 22:53:13,93.32,59.28
2024-01-07 22:55:39,95.47,62.5
2024-01-07 22:58:06,91.8,59.03
2024-01-07 23:00:32,90.9,56.7
2024-01-07 23:02:59,89.0,57.88
2024-01-07 23:05:25,86.88,55.22
2024-01-07 23:07:51,92.68,57.97
2024-01-07 23:10:19,110.43,69.93
2024-01-07 23:12:45,123.07,77.7
2024-01-07 23:15:11,121.43,75.07
2024-01-07 23:17:38,122.82,75.45
2024-01-07 23:20:04,107.45,69.6
2024-01-07 23:22:30,93.7,59.47
2024-01-07 23:24:56,97.18,64.13
2024-01-07 23:27:22,83.57,52.5
2024-01-07 23:29:54,88.9,54.97
2024-01-07 23:32:20,138.6,83.45
2024-01-07 23:34:47,157.88,90.22
2024-01-07 23:37:13,143.85,87.8
2024-01-07 23:39:38,155.1,93.5
2024-01-07 23:42:04,154.0,93.55
2024-01-07 23:44:30,141.13,85.68
2024-01-07 23:46:56,117.05,73.5
2024-01-07 23:49:23,101.82,61.95
2024-01-07 23:51:50,90.43,55.0
2024-01-07 23:54:16,90.13,57.13
2024-01-07 23:56:42,97.47,58.95
2024-01-07 23:59:08,67.43,42.88
2024-01-08 00:01:35,81.5,50.28
2024-01-08 00:04:02,76.35,50.13
2024-01-08 00:06:28,78.8,48.05
2024-01-08 00:08:54,76.72,49.67
2024-01-08 00:11:21,65.85,40.65
2024-01-08 00:13:47,69.55,43.08
2024-01-08 00:16:13,67.03,43.95
2024-01-08 00:18:38,72.88,46.53
2024-01-08 00:21:04,88.25,53.8
2024-01-08 00:23:30,77.95,47.6
2024-01-08 00:25:58,74.55,48.47
2024-01-08 00:28:24,66.7,44.22
2024-01-08 00:30:51,68.18,45.6
2024-01-08 00:33:17,66.95,42.5
2024-01-08 00:35:45,61.53,41.47
2024-01-08 00:38:10,66.53,42.15
2024-01-08 00:40:36,61.35,40.1
2024-01-08 00:43:04,61.75,38.1
2024-01-08 00:45:30,54.95,35.92
2024-01-08 00:47:56,51.95,34.47
2024-01-08 00:50:22,53.5,35.53
2024-01-08 00:52:48,52.35,33.35
2024-01-08 00:55:13,51.03,33.9
2024-01-08 00:57:39,52.38,33.45
2024-01-08 01:00:05,49.65,33.25
2024-01-08 01:02:33,54.92,34.75
2024-01-08 01:04:59,52.38,35.45
2024-01-08 01:07:25,55.33,36.4
2024-01-08 01:09:54,61.0,39.95
2024-01-08 01:12:20,62.75,38.65
2024-01-08 01:14:46,58.5,38.6
2024-01-08 01:17:12,65.82,43.47
2024-01-08 01:19:38,70.0,42.75
2024-01-08 01:22:04,68.15,40.15
2024-01-08 01:24:30,62.7,40.4
2024-01-08 01:26:56,61.08,42.08
2024-01-08 01:29:22,66.95,42.9
2024-01-08 01:31:48,68.57,42.4
2024-01-08 01:34:13,68.5,43.17
2024-01-08 01:36:41,57.45,38.58
2024-01-08 01:39:06,60.0,38.47
2024-01-08 01:41:32,58.17,37.92
2024-01-08 01:43:58,57.92,38.9
2024-01-08 01:46:25,60.47,39.3
2024-01-08 01:49:03,63.92,40.88
2024-01-08 01:51:30,54.0,36.5
2024-01-08 01:53:56,56.85,36.88
2024-01-08 01:56:23,54.72,36.1
2024-01-08 01:58:50,48.03,33.22
2024-01-08 02:01:16,46.97,31.42
2024-01-08 02:03:43,52.22,34.6
2024-01-08 02:06:09,53.88,35.63
2024-01-08 02:08:38,56.25,35.03
2024-01-08 02:11:04,48.83,32.7
2024-01-08 02:13:30,46.88,30.55
2024-01-08 02:15:56,40.45,26.73
2024-01-08 02:18:21,38.55,25.1
2024-01-08 02:20:47,41.2,27.63
2024-01-08 02:23:13,43.4,29.6
2024-01-08 02:25:39,46.2,31.15
2024-01-08 02:28:05,46.35,32.15
2024-01-08 02:30:31,50.53,33.47
2024-01-08 02:32:56,56.22,36.67
2024-01-08 02:35:22,58.25,36.17
2024-01-08 02:37:48,66.65,47.25
2024-01-08 02:40:14,55.88,36.25
2024-01-08 02:42:40,66.15,40.13
2024-01-08 02:45:06,63.17,41.65
2024-01-08 02:47:33,62.05,40.28
2024-01-08 02:50:06,59.6,38.6
2024-01-08 02:52:33,58.88,38.72
2024-01-08 02:54:59,63.17,38.92
2024-01-08 02:57:26,64.85,41.72
2024-01-08 02:59:52,58.92,38.63
2024-01-08 03:02:18,65.15,39.1
2024-01-08 03:04:43,64.0,38.53
2024-01-08 03:07:10,56.28,36.35
2024-01-08 03:09:39,55.33,34.47
2024-01-08 03:12:06,51.0,35.22
2024-01-08 03:14:32,55.55,35.7
2024-01-08 03:16:57,61.15,39.4
2024-01-08 03:19:23,47.95,32.8
2024-01-08 03:21:49,51.97,34.05
2024-01-08 03:24:14,52.7,33.95
2024-01-08 03:26:40,45.63,29.77
2024-01-08 03:29:06,54.9,35.08
2024-01-08 03:31:31,53.33,36.38
2024-01-08 03:33:57,55.47,35.75
2024-01-08 03:36:23,56.58,36.05
2024-01-08 03:38:48,58.88,37.13
2024-01-08 03:41:15,52.78,35.1
2024-01-08 03:43:40,55.15,36.28
2024-01-08 03:46:09,53.65,35.95
2024-01-08 03:48:34,52.55,34.5
2024-01-08 03:51:00,56.55,36.42
2024-01-08 03:53:27,50.63,34.25
2024-01-08 03:55:52,53.38,33.35
2024-01-08 03:58:18,46.95,30.17
2024-01-08 04:00:44,46.35,33.05
2024-01-08 04:03:09,42.35,29.45
2024-01-08 04:05:35,51.0,33.05
2024-01-08 04:08:01,50.22,33.3
2024-01-08 04:10:26,45.88,31.23
2024-01-08 04:12:52,46.92,32.08
2024-01-08 04:15:18,46.95,31.88
2024-01-08 04:17:43,45.9,30.55
2024-01-08 04:20:09,49.47,32.28
2024-01-08 04:22:35,46.0,29.77
2024-01-08 04:25:01,53.85,34.33
2024-01-08 04:27:26,51.22,32.97
2024-01-08 04:29:52,48.58,33.78
2024-01-08 04:32:18,46.45,31.83
2024-01-08 04:34:43,53.03,34.45
2024-01-08 04:37:09,49.1,33.72
2024-01-08 04:39:35,55.08,37.08
2024-01-08 04:42:00,52.22,35.0
2024-01-08 04:44:26,55.88,36.17
2024-01-08 04:46:52,57.17,37.05
2024-01-08 04:49:18,60.97,37.58
2024-01-08 04:51:46,57.33,37.28
2024-01-08 04:54:12,54.6,37.42
2024-01-08 04:56:37,55.8,35.42
2024-01-08 04:59:03,54.0,36.58
2024-01-08 05:01:35,52.25,35.1
2024-01-08 05:04:01,53.5,35.92
2024-01-08 05:06:27,54.58,36.58
2024-01-08 05:08:53,61.2,41.28
2024-01-08 05:11:18,70.3,44.55
2024-01-08 05:13:44,70.88,45.25
2024-01-08 05:16:10,76.72,48.75
2024-01-08 05:18:36,76.7,44.08
2024-01-08 05:21:05,67.8,43.53
2024-01-08 05:23:30,64.63,39.17
2024-01-08 05:25:56,57.95,37.4
2024-01-08 05:28:24,50.13,32.5
2024-01-08 05:30:51,49.0,30.67
2024-01-08 05:33:17,51.72,33.55
2024-01-08 05:35:43,58.22,39.08
2024-01-08 05:38:10,56.65,37.25
2024-01-08 05:40:36,60.17,40.53
2024-01-08 05:43:02,68.15,45.17
2024-01-08 05:45:30,53.2,35.33
2024-01-08 05:47:56,48.45,32.33
2024-01-08 05:50:22,43.4,29.35
2024-01-08 05:52:51,43.0,29.0
2024-01-08 05:55:17,39.7,26.75
2024-01-08 05:57:43,39.63,28.08
2024-01-08 06:00:09,39.9,27.15
2024-01-08 06:02:35,47.8,33.05
2024-01-08 06:05:01,27.35,18.23
2024-01-08 06:07:27,38.2,26.38
2024-01-08 06:09:52,35.88,25.27
2024-01-08 06:12:18,35.55,23.85
2024-01-08 06:14:44,23.52,15.9
2024-01-08 06:17:10,26.42,18.0
2024-01-08 06:19:36,25.98,18.8
2024-01-08 06:22:02,27.63,18.15
2024-01-08 06:24:28,22.13,15.82
2024-01-08 06:27:01,15.63,10.5
2024-01-08 06:29:27,17.38,11.63
2024-01-08 06:31:53,10.13,7.55
2024-01-08 06:34:18,12.7,8.85
2024-01-08 06:36:44,10.8,7.35
2024-01-08 06:39:10,12.2,8.43
2024-01-08 06:41:38,12.93,9.55
2024-01-08 06:44:04,14.57,10.13
2024-01-08 06:46:30,13.13,9.07
2024-01-08 06:48:56,11.48,9.52
2024-01-08 06:51:25,9.02,7.0
2024-01-08 06:53:51,9.85,7.53
2024-01-08 06:56:17,11.05,8.25
2024-01-08 06:58:43,11.98,8.85
2024-01-08 07:01:08,9.82,7.2
2024-01-08 07:03:34,9.9,6.18
2024-01-08 07:06:01,8.13,6.3
2024-01-08 07:08:27,7.88,5.78
2024-01-08 07:10:52,10.65,6.85
2024-01-08 07:13:18,8.95,6.68
2024-01-08 07:15:45,7.53,6.13
2024-01-08 07:18:14,5.13,4.32
2024-01-08 07:20:40,5.57,4.43
2024-01-08 07:23:07,5.3,4.47
2024-01-08 07:25:34,4.97,4.4
2024-01-08 07:28:02,6.55,4.65
2024-01-08 07:30:29,8.45,5.8
2024-01-08 07:32:54,7.53,5.55
2024-01-08 07:35:20,8.63,6.6
2024-01-08 07:37:46,7.03,5.25
2024-01-08 07:40:14,7.9,5.75
2024-01-08 07:42:40,7.03,5.05
2024-01-08 07:45:05,6.88,5.25
2024-01-08 07:47:31,8.05,6.18
2024-01-08 07:49:57,13.07,8.38
2024-01-08 07:52:23,10.02,6.32
2024-01-08 07:54:48,8.45,5.7
2024-01-08 07:57:14,7.93,5.8
2024-01-08 07:59:41,8.25,4.63
2024-01-08 08:02:06,6.22,4.53
2024-01-08 08:04:32,7.88,5.63
2024-01-08 08:06:58,7.15,4.8
2024-01-08 08:09:23,5.22,4.0
2024-01-08 08:11:49,8.45,5.47
2024-01-08 08:14:15,6.97,4.8
2024-01-08 08:16:41,4.53,3.25
2024-01-08 08:19:06,3.3,2.85
2024-01-08 08:21:32,5.03,3.3
2024-01-08 08:23:58,5.03,4.0
2024-01-08 08:26:24,4.72,3.65
2024-01-08 08:28:50,3.0,2.4
2024-01-08 08:31:17,3.17,2.7
2024-01-08 08:33:42,4.15,3.22
2024-01-08 08:36:08,4.18,3.63
2024-01-08 08:38:34,5.05,3.55
2024-01-08 08:41:01,5.6,4.32
2024-01-08 08:43:27,4.57,4.03
2024-01-08 08:45:55,6.47,4.47
2024-01-08 08:48:21,4.63,3.47
2024-01-08 08:50:47,5.0,3.72
2024-01-08 08:53:13,3.83,3.33
2024-01-08 08:55:39,4.95,3.35
2024-01-08 08:58:05,6.45,4.1
2024-01-08 09:00:37,7.63,5.47
2024-01-08 09:03:03,9.45,6.97
2024-01-08 09:05:29,7.38,5.72
2024-01-08 09:07:58,7.8,5.38
2024-01-08 09:10:24,5.45,3.72
2024-01-08 09:12:51,4.95,3.65
2024-01-08 09:15:17,4.4,3.35
2024-01-08 09:17:43,12.25,8.85
2024-01-08 09:20:09,8.88,6.43
2024-01-08 09:22:36,10.65,7.5
2024-01-08 09:25:02,14.38,8.8
2024-01-08 09:27:30,7.63,4.75
2024-01-08 09:29:56,7.57,5.43
2024-01-08 09:32:22,8.88,6.5
2024-01-08 09:34:49,8.27,6.65
2024-01-08 09:37:16,6.85,5.5
2024-01-08 09:39:42,9.43,6.63
2024-01-08 09:42:08,8.75,6.32
2024-01-08 09:44:34,8.9,6.28
2024-01-08 09:47:03,9.1,5.35
2024-01-08 09:49:30,7.47,4.9
2024-01-08 09:51:57,6.28,4.5
2024-01-08 09:54:27,6.03,4.35
2024-01-08 09:56:54,5.63,4.15
2024-01-08 09:59:23,7.68,4.72
2024-01-08 10:01:50,6.35,4.8
2024-01-08 10:04:16,5.63,4.55
2024-01-08 10:06:44,6.65,5.0
2024-01-08 10:09:11,5.93,4.4
2024-01-08 10:11:38,8.13,5.65
2024-01-08 10:14:07,8.27,5.75
2024-01-08 10:16:33,7.3,5.8
2024-01-08 10:18:59,8.25,6.0
2024-01-08 10:21:25,9.32,7.25
2024-01-08 10:23:51,10.45,7.57
2024-01-08 10:26:31,11.85,8.95
2024-01-08 10:28:57,14.63,9.98
2024-01-08 10:31:22,8.3,7.3
2024-01-08 10:33:49,8.52,6.6
2024-01-08 10:36:15,9.2,6.55
2024-01-08 10:38:42,11.9,8.63
2024-01-08 10:41:08,7.68,5.45
2024-01-08 10:43:36,9.5,6.35
2024-01-08 10:46:02,10.88,7.13
2024-01-08 10:51:05,8.65,6.55
2024-01-08 10:56:10,5.32,4.35
2024-01-08 10:58:40,7.3,5.0
2024-01-08 11:01:29,8.9,6.28
2024-01-08 11:03:57,7.3,5.0
2024-01-08 11:06:31,8.63,6.32
2024-01-08 11:08:59,10.43,7.15
2024-01-08 11:11:26,8.0,5.7
2024-01-08 11:13:52,7.68,5.88
2024-01-08 11:16:27,9.23,5.85
2024-01-08 11:19:28,9.57,6.15
2024-01-08 11:21:50,8.4,6.0
2024-01-08 11:24:20,7.88,4.7
2024-01-08 11:26:46,10.27,6.07
2024-01-08 11:29:15,8.68,5.3
2024-01-08 11:39:38,7.93,5.53
2024-01-08 11:42:05,7.18,5.25
2024-01-08 11:44:32,10.1,6.5
2024-01-08 11:46:58,10.8,7.03
2024-01-08 11:49:24,7.97,5.82
2024-01-08 11:51:52,8.48,5.57
2024-01-08 11:54:24,10.05,6.22
2024-01-08 11:56:51,9.13,5.4
2024-01-08 11:59:30,10.52,5.55
2024-01-08 12:02:06,7.6,5.2
2024-01-08 12:04:36,7.13,5.03
2024-01-08 12:07:02,9.23,6.25
2024-01-08 12:09:31,9.77,6.97
2024-01-08 12:12:04,10.55,6.63
2024-01-08 12:14:30,8.82,5.55
2024-01-08 12:16:57,5.65,3.78
2024-01-08 12:19:34,5.72,3.92
2024-01-08 12:22:04,6.28,4.68
2024-01-08 12:24:33,5.88,4.78
2024-01-08 12:27:02,7.38,5.4
2024-01-08 12:29:29,7.85,5.65
2024-01-08 12:31:58,6.57,5.13
2024-01-08 12:34:28,10.0,5.68
2024-01-08 12:36:55,6.05,4.95
2024-01-08 12:39:23,8.15,6.05
2024-01-08 12:41:49,9.55,6.57
2024-01-08 12:44:20,7.28,5.63
2024-01-08 12:46:49,12.6,7.38
2024-01-08 12:49:14,8.35,6.3
2024-01-08 12:51:40,8.43,5.25
2024-01-08 12:54:06,10.23,6.03
2024-01-08 12:56:31,8.95,6.15
2024-01-08 12:58:57,10.13,6.35
2024-01-08 13:01:23,7.85,5.05
2024-01-08 13:03:49,6.45,5.0
2024-01-08 13:06:14,7.95,4.82
2024-01-08 13:08:44,8.27,4.88
2024-01-08 13:11:09,12.32,7.28
2024-01-08 13:13:35,10.98,6.97
2024-01-08 13:16:01,10.63,7.43
2024-01-08 13:18:27,14.15,8.05
2024-01-08 13:20:53,8.4,5.63
2024-01-08 13:23:19,9.77,6.6
2024-01-08 13:25:44,8.05,5.55
2024-01-08 13:28:10,9.95,7.43
2024-01-08 13:30:36,8.85,6.5
2024-01-08 13:33:02,8.48,5.57
2024-01-08 13:35:29,8.85,5.55
2024-01-08 13:37:54,6.65,5.3
2024-01-08 13:40:20,6.6,4.68
2024-01-08 13:42:48,8.65,5.8
2024-01-08 13:45:19,10.13,6.8
2024-01-08 13:47:45,7.68,4.97
2024-01-08 13:50:15,8.95,5.78
2024-01-08 13:52:43,7.25,5.35
2024-01-08 13:55:10,9.0,6.43
2024-01-08 13:57:36,8.75,6.22
2024-01-08 14:00:03,7.68,5.55
2024-01-08 14:02:33,9.35,6.5
2024-01-08 14:05:00,7.5,5.6
2024-01-08 14:07:26,7.68,5.28
2024-01-08 14:09:51,6.85,5.03
2024-01-08 14:12:17,7.45,5.53
2024-01-08 14:14:43,7.1,4.95
2024-01-08 14:17:09,7.88,5.63
2024-01-08 14:19:35,9.52,6.3
2024-01-08 14:22:01,7.18,5.45
2024-01-08 14:24:27,7.9,4.63
2024-01-08 14:26:53,5.72,4.88
2024-01-08 14:29:20,6.82,5.22
2024-01-08 14:31:46,8.38,5.4
2024-01-08 14:34:12,6.8,5.35
2024-01-08 14:36:37,10.73,6.28
2024-01-08 14:39:04,9.52,6.35
2024-01-08 14:41:30,8.38,5.78
2024-01-08 14:43:56,8.25,5.57
2024-01-08 14:46:23,7.43,5.22
2024-01-08 14:48:49,14.98,6.3
2024-01-08 14:51:15,8.25,5.68
2024-01-08 14:53:42,10.5,7.28
2024-01-08 14:56:09,8.63,6.75
2024-01-08 14:58:37,9.7,6.35
2024-01-08 15:01:03,10.43,7.3
2024-01-08 15:03:30,8.05,5.85
2024-01-08 15:05:57,11.43,7.65
2024-01-08 15:08:23,8.73,5.68
2024-01-08 15:10:48,7.05,5.35
2024-01-08 15:13:14,8.18,5.82
2024-01-08 15:15:41,9.93,7.15
2024-01-08 15:18:08,8.32,6.6
2024-01-08 15:20:34,9.5,7.15
2024-01-08 15:22:59,10.1,7.15
2024-01-08 15:25:25,9.55,7.03
2024-01-08 15:27:52,7.82,5.93
2024-01-08 15:30:18,8.85,6.55
2024-01-08 15:32:45,12.52,7.05
2024-01-08 15:35:11,10.07,7.05
2024-01-08 15:37:37,8.93,6.28
2024-01-08 15:40:03,6.8,6.1
2024-01-08 15:42:32,10.77,6.55
2024-01-08 15:44:58,9.13,6.2
2024-01-08 15:47:24,10.73,7.13
2024-01-08 15:49:49,9.52,6.95
2024-01-08 15:52:15,9.23,7.35
2024-01-08 15:54:41,9.85,6.82
2024-01-08 15:57:07,11.65,7.82
2024-01-08 15:59:32,9.85,7.43
2024-01-08 16:01:58,7.65,6.38
2024-01-08 16:04:24,7.8,6.13
2024-01-08 16:06:50,9.43,6.03
2024-01-08 16:09:16,8.3,6.45
2024-01-08 16:11:41,9.95,6.75
2024-01-08 16:14:07,8.98,6.65
2024-01-08 16:16:33,8.48,6.38
2024-01-08 16:18:58,11.6,7.4
2024-01-08 16:21:24,9.38,7.38
2024-01-08 16:23:50,8.55,7.0
2024-01-08 16:26:16,10.95,7.85
2024-01-08 16:28:41,15.52,9.38
2024-01-08 16:31:07,12.8,7.32
2024-01-08 16:33:33,8.48,6.5
2024-01-08 16:35:58,12.07,7.32
2024-01-08 16:38:24,9.07,6.75
2024-01-08 16:40:56,10.5,7.8
2024-01-08 16:43:23,10.98,7.47
2024-01-08 16:45:49,14.82,10.6
2024-01-08 16:48:15,10.43,8.13
2024-01-08 16:50:41,13.0,8.68
2024-01-08 16:53:07,13.05,9.5
2024-01-08 16:55:32,16.2,9.77
2024-01-08 16:57:58,11.23,6.8
2024-01-08 17:00:25,16.15,9.85
2024-01-08 17:02:54,15.82,10.93
2024-01-08 17:05:20,10.0,7.72
2024-01-08 17:07:45,13.7,8.65
2024-01-08 17:10:11,13.13,8.85
2024-01-08 17:12:37,10.75,8.07
2024-01-08 17:15:06,9.27,7.13
2024-01-08 17:17:35,11.32,8.6
2024-01-08 17:20:02,8.18,6.5
2024-01-08 17:22:29,11.93,8.45
2024-01-08 17:24:55,10.88,7.68
2024-01-08 17:27:30,12.93,9.55
2024-01-08 17:29:56,9.15,6.72
2024-01-08 17:32:22,8.2,6.2
2024-01-08 17:34:48,9.93,7.28
2024-01-08 17:37:14,10.63,7.57
2024-01-08 17:39:40,11.45,7.5
2024-01-08 17:42:12,7.35,5.93
2024-01-08 17:44:38,8.43,6.43
2024-01-08 17:47:04,9.15,6.82
2024-01-08 17:49:30,9.8,7.15
2024-01-08 17:51:56,9.77,7.6
2024-01-08 17:54:22,9.43,7.97
2024-01-08 17:56:48,11.52,8.95
2024-01-08 17:59:13,10.15,7.2
2024-01-08 18:01:39,9.93,6.68
2024-01-08 18:04:06,7.72,5.72
2024-01-08 18:06:34,10.45,7.5
2024-01-08 18:09:02,9.32,6.88
2024-01-08 18:11:28,9.7,6.63
2024-01-08 18:13:56,14.0,8.77
2024-01-08 18:16:22,11.95,8.02
2024-01-08 18:18:47,10.73,7.68
2024-01-08 18:21:26,12.35,8.15
2024-01-08 18:23:53,11.13,8.43
2024-01-08 18:26:19,11.4,8.07
2024-01-08 18:28:48,10.25,7.57
2024-01-08 18:31:14,10.6,8.43
2024-01-08 18:33:43,9.98,7.65
2024-01-08 18:36:10,7.9,6.07
2024-01-08 18:38:36,7.32,5.38
2024-01-08 18:41:03,10.15,7.03
2024-01-08 18:43:30,9.57,7.4
2024-01-08 18:45:57,9.95,7.6
2024-01-08 18:48:23,10.77,7.18
2024-01-08 18:50:48,9.8,7.2
2024-01-08 18:53:14,9.88,7.9
2024-01-08 18:55:40,10.8,7.78
2024-01-08 18:58:05,7.82,6.43
2024-01-08 19:00:31,9.1,6.95
2024-01-08 19:03:04,10.05,6.65
2024-01-08 19:05:33,7.7,5.05
2024-01-08 19:07:59,11.95,7.53
2024-01-08 19:10:25,12.3,7.4
2024-01-08 19:12:51,10.07,7.0
2024-01-08 19:15:17,10.77,7.47
2024-01-08 19:17:43,9.7,6.13
2024-01-08 19:20:09,11.27,8.3
2024-01-08 19:22:35,9.13,5.43
2024-01-08 19:25:01,7.53,5.22
2024-01-08 19:27:27,12.85,7.45
2024-01-08 19:29:52,9.93,7.2
2024-01-08 19:32:19,8.35,6.32
2024-01-08 19:34:45,12.3,7.32
2024-01-08 19:37:14,12.55,7.85
2024-01-08 19:39:40,9.25,6.25
2024-01-08 19:42:06,10.93,8.07
2024-01-08 19:44:32,8.48,6.32
2024-01-08 19:46:58,9.07,6.0
2024-01-08 19:49:25,8.6,5.88
2024-01-08 19:51:53,8.0,5.93
2024-01-08 19:54:21,10.18,6.88
2024-01-08 19:56:46,7.0,5.53
2024-01-08 19:59:12,7.38,5.38
2024-01-08 20:01:38,8.93,7.13
2024-01-08 20:04:04,9.05,6.45
2024-01-08 20:06:30,7.7,5.5
2024-01-08 20:08:55,11.6,7.75
2024-01-08 20:11:21,6.22,5.3
2024-01-08 20:13:47,10.45,6.85
2024-01-08 20:16:13,7.68,5.32
2024-01-08 20:18:39,8.25,5.35
2024-01-08 20:21:04,7.32,5.45
2024-01-08 20:23:32,8.63,5.82
2024-01-08 20:26:04,8.13,6.35
2024-01-08 20:28:33,6.75,5.07
2024-01-08 20:31:00,7.7,5.6
2024-01-08 20:33:26,6.63,5.57
2024-01-08 20:35:51,6.57,5.35
2024-01-08 20:38:17,6.43,4.93
2024-01-08 20:40:43,6.5,5.32
2024-01-08 20:43:09,8.13,6.13
2024-01-08 20:45:34,7.1,5.75
2024-01-08 20:48:00,7.47,5.72
2024-01-08 20:50:26,8.32,6.78
2024-01-08 20:52:51,7.78,5.8
2024-01-08 20:55:17,7.25,5.88
2024-01-08 20:57:44,8.32,6.07
2024-01-08 21:00:10,7.85,5.95
2024-01-08 21:02:39,9.6,6.97
2024-01-08 21:05:04,10.73,7.88
2024-01-08 21:07:30,13.02,8.1
2024-01-08 21:09:56,11.0,8.38
2024-01-08 21:12:22,12.2,9.1
2024-01-08 21:14:47,15.4,11.48
2024-01-08 21:17:13,21.77,14.2
2024-01-08 21:19:39,11.48,8.5
2024-01-08 21:22:06,14.43,9.1
2024-01-08 21:24:32,12.35,8.1
2024-01-08 21:26:58,19.58,12.2
2024-01-08 21:29:24,14.52,9.4
2024-01-08 21:31:50,15.55,9.55
2024-01-08 21:34:16,10.85,8.68
2024-01-08 21:36:43,12.9,9.4
2024-01-08 21:39:10,14.52,10.32
2024-01-08 21:41:36,16.55,10.88
2024-01-08 21:44:02,16.45,10.63
2024-01-08 21:46:28,15.25,9.93
2024-01-08 21:48:54,15.65,10.48
2024-01-08 21:51:19,18.83,12.07
2024-01-08 21:53:45,12.3,8.38
2024-01-08 21:56:11,11.2,7.85
2024-01-08 21:58:42,12.32,8.8
2024-01-08 22:01:08,11.88,8.55
2024-01-08 22:03:35,10.15,7.2
2024-01-08 22:06:01,9.95,6.8
2024-01-08 22:08:27,8.75,6.35
2024-01-08 22:10:52,8.27,6.2
2024-01-08 22:13:18,7.75,6.63
2024-01-08 22:15:44,7.85,5.85
2024-01-08 22:18:09,9.3,6.65
2024-01-08 22:20:35,8.15,6.22
2024-01-08 22:23:01,8.95,6.88
2024-01-08 22:25:26,8.32,6.13
2024-01-08 22:27:52,9.48,6.35
2024-01-08 22:30:18,8.43,6.5
2024-01-08 22:32:43,8.77,6.5
2024-01-08 22:35:10,9.0,6.8
2024-01-08 22:37:35,9.23,6.57
2024-01-08 22:40:01,8.8,6.93
2024-01-08 22:42:29,7.47,5.65
2024-01-08 22:44:55,8.88,6.65
2024-01-08 22:47:21,8.35,6.5
2024-01-08 22:49:46,8.52,6.25
2024-01-08 22:52:12,9.68,6.6
2024-01-08 22:54:38,11.2,6.7
2024-01-08 22:57:04,11.48,7.6
2024-01-08 22:59:31,12.05,7.9
2024-01-08 23:01:57,12.75,7.63
2024-01-08 23:04:23,12.8,8.0
2024-01-08 23:06:48,9.57,6.7
2024-01-08 23:09:14,9.7,6.65
2024-01-08 23:11:40,10.43,7.6
2024-01-08 23:14:05,11.02,8.05
2024-01-08 23:16:31,10.32,6.97
2024-01-08 23:18:58,9.57,6.85
2024-01-08 23:21:23,12.05,7.2
2024-01-08 23:23:49,8.07,6.22
2024-01-08 23:26:15,9.77,6.82
2024-01-08 23:28:41,9.98,7.3
2024-01-08 23:31:06,8.88,6.55
2024-01-08 23:33:32,10.02,7.13
2024-01-08 23:35:58,11.3,7.25
2024-01-08 23:38:23,8.93,6.35
2024-01-08 23:40:50,10.15,7.05
2024-01-08 23:43:17,9.55,7.0
2024-01-08 23:45:42,10.68,7.15
2024-01-08 23:48:08,10.75,7.15
2024-01-08 23:50:34,8.27,6.57
2024-01-08 23:53:00,7.78,6.43
2024-01-08 23:55:25,10.4,7.03
2024-01-08 23:57:51,8.5,6.68
2024-01-09 00:00:17,10.82,6.38
2024-01-09 00:02:43,9.77,7.18
2024-01-09 00:05:08,8.43,6.9
2024-01-09 00:07:34,8.8,6.28
2024-01-09 00:10:00,9.75,7.07
2024-01-09 00:12:26,10.3,7.65
2024-01-09 00:14:51,10.4,7.9
2024-01-09 00:17:17,7.95,6.4
2024-01-09 00:19:43,10.3,6.82
2024-01-09 00:22:09,10.18,7.55
2024-01-09 00:24:41,9.18,6.8
2024-01-09 00:27:12,9.55,6.9
2024-01-09 00:29:37,9.2,6.78
2024-01-09 00:32:03,11.38,7.57
2024-01-09 00:34:32,8.8,6.45
2024-01-09 00:36:57,10.75,7.72
2024-01-09 00:39:23,10.38,7.05
2024-01-09 00:41:49,10.9,7.35
2024-01-09 00:44:15,9.5,6.6
2024-01-09 00:46:41,10.35,7.22
2024-01-09 00:49:06,10.18,7.13
2024-01-09 00:51:32,9.9,7.15
2024-01-09 00:53:58,9.98,7.0
2024-01-09 00:56:23,9.23,7.25
2024-01-09 00:58:49,8.95,6.57
2024-01-09 01:01:15,9.98,7.2
2024-01-09 01:03:40,10.63,6.85
2024-01-09 01:06:07,10.02,6.95
2024-01-09 01:08:33,9.23,6.7
2024-01-09 01:11:00,8.2,6.32
2024-01-09 01:13:26,9.82,6.75
2024-01-09 01:15:51,11.6,7.47
2024-01-09 01:18:17,9.52,6.55
2024-01-09 01:20:43,8.63,6.55
2024-01-09 01:23:08,8.68,6.72
2024-01-09 01:25:34,9.6,7.15
2024-01-09 01:28:00,10.85,7.18
2024-01-09 01:30:26,9.35,6.43
2024-01-09 01:32:52,8.8,6.6
2024-01-09 01:35:18,11.65,7.43
2024-01-09 01:37:43,9.02,7.2
2024-01-09 01:40:09,9.9,6.95
2024-01-09 01:42:35,9.13,6.28
2024-01-09 01:45:01,8.4,6.38
2024-01-09 01:47:27,8.52,6.57
2024-01-09 01:49:53,9.73,6.43
2024-01-09 01:52:19,8.5,6.9
2024-01-09 01:54:45,9.43,6.57
2024-01-09 01:57:11,9.2,6.65
2024-01-09 01:59:39,11.3,6.97
2024-01-09 02:02:08,9.4,6.43
2024-01-09 02:04:33,9.45,6.32
2024-01-09 02:07:00,8.98,6.38
2024-01-09 02:09:26,9.48,6.85
2024-01-09 02:11:53,12.82,6.78
2024-01-09 02:14:19,9.1,6.6
2024-01-09 02:16:45,9.32,7.0
2024-01-09 02:19:11,10.27,7.53
2024-01-09 02:21:36,9.88,6.7
2024-01-09 02:24:02,9.55,6.8
2024-01-09 02:26:29,10.27,7.22
2024-01-09 02:28:59,9.68,6.57
2024-01-09 02:31:31,9.8,6.8
2024-01-09 02:33:57,10.73,6.8
2024-01-09 02:36:24,9.6,6.05
2024-01-09 02:38:50,10.32,6.72
2024-01-09 02:41:16,9.98,6.38
2024-01-09 02:43:42,10.2,6.43
2024-01-09 02:46:07,12.07,6.88
2024-01-09 02:48:33,9.0,5.97
2024-01-09 02:50:59,6.57,4.97
2024-01-09 02:53:25,8.73,6.15
2024-01-09 02:55:51,9.5,6.5
2024-01-09 02:58:16,9.05,6.5
2024-01-09 03:00:42,9.02,6.5
2024-01-09 03:03:08,9.48,6.35
2024-01-09 03:05:33,10.85,6.88
2024-01-09 03:07:59,8.0,6.03
2024-01-09 03:10:25,9.18,5.9
2024-01-09 03:12:51,8.13,5.72
2024-01-09 03:15:16,7.55,5.68
2024-01-09 03:17:42,9.57,5.78
2024-01-09 03:20:08,7.8,5.4
2024-01-09 03:22:34,8.52,6.32
2024-01-09 03:25:00,8.27,6.15
2024-01-09 03:27:26,8.95,6.07
2024-01-09 03:29:51,8.68,6.13
2024-01-09 03:32:17,9.27,6.22
2024-01-09 03:34:43,10.35,7.0
2024-01-09 03:37:08,9.88,6.1
2024-01-09 03:39:35,9.0,5.95
2024-01-09 03:42:01,10.45,6.45
2024-01-09 03:44:26,9.9,6.4
2024-01-09 03:46:52,9.52,6.1
2024-01-09 03:49:18,10.07,6.43
2024-01-09 03:51:44,8.63,6.07
2024-01-09 03:54:09,9.35,6.6
2024-01-09 03:56:35,8.25,6.0
2024-01-09 03:59:01,9.25,6.22
2024-01-09 04:01:27,8.9,6.15
2024-01-09 04:03:52,9.98,6.57
2024-01-09 04:06:18,8.57,6.13
2024-01-09 04:08:44,8.9,6.3
2024-01-09 04:11:11,8.2,6.35
2024-01-09 04:13:37,9.75,6.38
2024-01-09 04:16:03,8.63,6.43
2024-01-09 04:18:29,9.48,6.5
2024-01-09 04:20:55,11.63,6.68
2024-01-09 04:23:20,7.35,5.88
2024-01-09 04:25:46,8.65,5.93
2024-01-09 04:28:12,10.27,6.85
2024-01-09 04:30:37,8.48,5.93
2024-01-09 04:33:03,9.07,6.38
2024-01-09 04:35:29,10.07,7.1
2024-01-09 04:37:55,12.68,6.65
2024-01-09 04:40:21,8.98,5.65
2024-01-09 04:42:46,8.77,6.6
2024-01-09 04:45:12,11.18,6.35
2024-01-09 04:47:38,9.8,6.68
2024-01-09 04:50:04,10.23,6.57
2024-01-09 04:52:30,9.35,6.53
2024-01-09 04:54:55,11.02,7.18
2024-01-09 04:57:21,9.7,6.57
2024-01-09 04:59:48,9.65,6.53
2024-01-09 05:02:13,9.85,6.55
2024-01-09 05:04:39,11.1,6.6
2024-01-09 05:07:05,10.15,6.65
2024-01-09 05:09:30,8.52,6.5
2024-01-09 05:11:56,9.05,7.0
2024-01-09 05:14:22,9.88,7.07
2024-01-09 05:16:47,9.55,6.53
2024-01-09 05:19:13,10.1,6.05
2024-01-09 05:21:39,10.77,6.9
2024-01-09 05:24:05,9.85,6.9
2024-01-09 05:26:30,9.25,6.78
2024-01-09 05:28:56,9.38,6.8
2024-01-09 05:31:22,8.35,6.65
2024-01-09 05:33:49,9.35,6.2
2024-01-09 05:36:14,9.52,6.8
2024-01-09 05:38:44,10.15,6.7
2024-01-09 05:41:17,11.15,6.15
2024-01-09 05:43:47,8.5,6.2
2024-01-09 05:46:16,9.43,6.3
2024-01-09 05:48:42,10.2,6.88
2024-01-09 05:51:09,9.15,6.1
2024-01-09 05:53:35,9.27,6.32
2024-01-09 05:56:03,9.6,6.75
2024-01-09 05:58:29,9.57,6.8
2024-01-09 06:00:55,9.7,7.0
2024-01-09 06:03:20,8.88,6.47
2024-01-09 06:05:46,10.02,7.07
2024-01-09 06:08:12,9.3,6.53
2024-01-09 06:10:38,8.43,5.97
2024-01-09 06:13:04,9.57,6.4
2024-01-09 06:15:30,10.05,6.7
2024-01-09 06:17:55,10.3,6.4
2024-01-09 06:20:21,9.8,7.0
2024-01-09 06:22:47,11.38,7.05
2024-01-09 06:25:13,10.05,6.5
2024-01-09 06:27:39,8.7,6.3
2024-01-09 06:30:05,10.68,7.45
2024-01-09 06:32:31,9.9,7.0
2024-01-09 06:34:57,10.68,7.05
2024-01-09 06:37:23,8.93,6.4
2024-01-09 06:39:49,9.15,6.57
2024-01-09 06:42:15,9.2,6.65
2024-01-09 06:44:41,10.1,7.1
2024-01-09 06:47:06,11.68,7.6
2024-01-09 06:49:32,10.82,7.03
2024-01-09 06:51:58,10.18,6.8
2024-01-09 06:54:23,10.82,7.2
2024-01-09 06:56:50,11.23,6.72
2024-01-09 06:59:18,10.27,6.68
2024-01-09 07:01:44,11.43,6.9
2024-01-09 07:04:11,10.07,6.8
2024-01-09 07:06:37,9.95,7.07
2024-01-09 07:09:03,10.25,7.28
2024-01-09 07:11:29,9.73,6.9
2024-01-09 07:13:54,11.3,7.2
2024-01-09 07:16:20,9.77,7.3
2024-01-09 07:18:46,11.35,7.7
2024-01-09 07:21:12,11.35,7.57
2024-01-09 07:23:37,10.6,7.57
2024-01-09 07:26:03,11.35,8.2
2024-01-09 07:28:29,10.7,7.45
2024-01-09 07:30:54,11.82,7.3
2024-01-09 07:33:21,11.07,6.38
2024-01-09 07:35:47,11.1,7.8
2024-01-09 07:38:13,11.75,7.2
2024-01-09 07:40:39,9.88,6.95
2024-01-09 07:43:04,11.27,6.97
2024-01-09 07:45:31,10.48,6.88
2024-01-09 07:47:57,11.25,6.65
2024-01-09 07:50:24,10.05,6.6
2024-01-09 07:52:50,12.15,7.43
2024-01-09 07:55:16,10.4,7.13
2024-01-09 07:57:42,11.7,6.97
2024-01-09 08:00:08,12.0,7.45
2024-01-09 08:02:34,11.43,6.68
2024-01-09 08:05:00,11.88,7.3
2024-01-09 08:07:25,12.1,7.3
2024-01-09 08:09:51,11.13,7.0
2024-01-09 08:12:17,11.38,6.75
2024-01-09 08:14:42,9.45,7.05
2024-01-09 08:17:08,13.18,6.7
2024-01-09 08:19:34,10.9,6.97
2024-01-09 08:22:00,10.18,6.72
2024-01-09 08:24:25,10.1,7.13
2024-01-09 08:26:52,11.05,6.4
2024-01-09 08:29:17,9.85,6.15
2024-01-09 08:31:44,9.32,6.57
2024-01-09 08:34:10,9.98,6.57
2024-01-09 08:36:37,10.9,6.65
2024-01-09 08:39:03,8.18,6.4
2024-01-09 08:41:29,11.13,7.4
2024-01-09 08:43:55,10.0,6.18
2024-01-09 08:46:21,11.1,6.6
2024-01-09 08:48:47,10.68,6.7
2024-01-09 08:51:13,10.1,7.4
2024-01-09 08:53:38,10.55,7.47
2024-01-09 08:56:04,11.6,6.78
2024-01-09 08:58:30,9.5,7.55
2024-01-09 09:00:56,13.07,7.65
2024-01-09 09:03:22,12.35,6.57
2024-01-09 09:05:47,12.65,7.72
2024-01-09 09:08:13,13.35,8.23
2024-01-09 09:10:39,12.57,8.55
2024-01-09 09:13:05,9.6,7.65
2024-01-09 09:15:31,14.98,8.1
2024-01-09 09:17:57,10.73,7.88
2024-01-09 09:20:23,11.45,7.88
2024-01-09 09:22:49,10.0,7.5
2024-01-09 09:25:15,13.82,7.72
2024-01-09 09:27:40,10.68,7.8
2024-01-09 09:30:08,12.35,7.3
2024-01-09 09:32:35,10.98,7.32
2024-01-09 09:35:01,11.63,7.45
2024-01-09 09:37:27,12.75,8.07
2024-01-09 09:39:53,10.3,6.82
2024-01-09 09:42:22,14.93,7.85
2024-01-09 09:44:51,12.48,7.88
2024-01-09 09:47:20,13.15,7.95
2024-01-09 09:49:47,12.15,7.63
2024-01-09 09:52:13,12.95,7.45
2024-01-09 09:54:39,11.07,7.78
2024-01-09 09:57:06,11.2,7.15
2024-01-09 09:59:33,11.88,7.78
2024-01-09 10:02:00,11.4,7.13
2024-01-09 10:07:09,10.5,7.57
2024-01-09 10:09:38,9.48,5.8
2024-01-09 10:12:09,10.15,6.93
2024-01-09 10:14:34,10.85,6.07
2024-01-09 10:17:00,10.98,7.8
2024-01-09 10:19:28,10.9,7.13
2024-01-09 10:21:54,10.75,7.1
2024-01-09 10:24:20,13.63,7.9
2024-01-09 10:26:46,11.57,7.68
2024-01-09 10:29:17,11.15,7.5
2024-01-09 10:31:42,10.7,7.6
2024-01-09 10:34:10,12.7,7.97
2024-01-09 10:36:36,13.3,8.35
2024-01-09 10:39:02,12.68,7.4
2024-01-09 10:41:32,10.9,7.85
2024-01-09 10:44:01,12.2,8.3
2024-01-09 10:46:28,11.63,7.1
2024-01-09 10:48:57,12.35,8.1
2024-01-09 10:51:23,12.1,8.05
2024-01-09 10:53:50,11.82,7.65
2024-01-09 10:56:18,12.5,7.88
2024-01-09 10:58:47,12.95,7.97
2024-01-09 11:01:14,12.1,8.0
2024-01-09 11:03:43,12.43,8.25
2024-01-09 11:06:09,10.48,7.03
2024-01-09 11:08:36,12.38,8.32
2024-01-09 11:11:09,13.48,8.5
2024-01-09 11:13:39,12.3,7.68
2024-01-09 11:16:11,14.13,8.5
2024-01-09 11:18:39,12.13,8.63
2024-01-09 11:21:07,13.35,8.95
2024-01-09 11:26:20,10.82,7.32
2024-01-09 11:28:46,10.77,7.35
2024-01-09 11:31:12,10.85,7.15
2024-01-09 11:33:42,13.75,8.68
2024-01-09 11:36:08,13.82,9.18
2024-01-09 11:38:36,12.63,8.7
2024-01-09 11:41:03,13.13,8.9
2024-01-09 11:46:23,12.98,9.2
2024-01-09 11:48:50,12.5,8.8
2024-01-09 11:51:16,13.88,9.05
2024-01-09 11:53:42,15.75,10.27
2024-01-09 11:56:08,15.35,9.63
2024-01-09 11:58:38,15.68,8.5
2024-01-09 12:01:07,11.98,8.6
2024-01-09 12:03:33,13.2,8.35
2024-01-09 12:05:59,11.57,8.2
2024-01-09 12:08:26,12.52,8.32
2024-01-09 12:10:53,11.7,8.68
2024-01-09 12:13:20,11.52,7.9
2024-01-09 12:15:46,12.6,8.6
2024-01-09 12:18:11,11.82,7.88
2024-01-09 12:20:38,14.65,9.15
2024-01-09 12:23:04,16.85,9.9
2024-01-09 12:25:30,12.8,9.32
2024-01-09 12:27:57,13.93,9.3
2024-01-09 12:30:24,12.43,8.73
2024-01-09 12:32:50,12.45,9.32
2024-01-09 12:35:18,17.38,10.15
2024-01-09 12:37:45,15.02,10.15
2024-01-09 12:40:17,11.25,8.4
2024-01-09 12:42:43,16.6,8.9
2024-01-09 12:45:31,16.42,9.65
2024-01-09 12:47:56,13.3,8.48
2024-01-09 12:50:26,15.6,8.73
2024-01-09 12:52:52,13.4,9.57
2024-01-09 12:55:18,15.93,9.5
2024-01-09 12:57:44,14.88,9.25
2024-01-09 13:00:09,15.4,10.45
2024-01-09 13:02:36,15.43,10.52
2024-01-09 13:05:02,17.35,10.5
2024-01-09 13:07:28,17.98,10.88
2024-01-09 13:09:54,17.08,10.98
2024-01-09 13:12:20,17.33,10.25
2024-01-09 13:14:46,17.33,11.7
2024-01-09 13:17:12,17.85,11.43
2024-01-09 13:19:38,18.17,11.57
2024-01-09 13:22:03,18.42,11.93
2024-01-09 13:24:29,16.35,11.0
2024-01-09 13:26:55,17.08,11.02
2024-01-09 13:29:21,13.93,9.07
2024-01-09 13:31:50,14.6,9.88
2024-01-09 13:34:16,13.77,9.05
2024-01-09 13:36:41,17.92,11.3
2024-01-09 13:39:07,16.4,10.13
2024-01-09 13:41:37,15.75,10.02
2024-01-09 13:44:03,16.83,10.15
2024-01-09 13:46:28,17.17,11.02
2024-01-09 13:48:54,16.55,10.9
2024-01-09 13:51:20,15.8,9.93
2024-01-09 13:53:49,17.17,11.2
2024-01-09 13:56:18,12.55,6.97
2024-01-09 13:58:43,10.52,7.0
2024-01-09 14:01:09,13.93,9.18
2024-01-09 14:03:35,17.08,9.9
2024-01-09 14:06:00,19.7,11.52
2024-01-09 14:08:26,16.4,11.38
2024-01-09 14:10:53,17.38,10.02
2024-01-09 14:13:18,16.4,10.82
2024-01-09 14:15:44,16.67,11.18
2024-01-09 14:18:10,17.4,10.8
2024-01-09 14:20:35,18.1,12.2
2024-01-09 14:23:03,18.95,12.55
2024-01-09 14:25:28,16.52,12.0
2024-01-09 14:27:54,17.13,12.15
2024-01-09 14:30:20,20.17,12.1
2024-01-09 14:32:46,16.3,11.05
2024-01-09 14:35:12,16.67,10.75
2024-01-09 14:37:38,18.88,10.95
2024-01-09 14:40:07,19.17,12.88
2024-01-09 14:42:35,16.7,11.15
2024-01-09 14:45:02,18.58,12.13
2024-01-09 14:47:28,18.7,10.45
2024-01-09 14:49:54,18.58,12.1
2024-01-09 14:52:20,15.02,10.65
2024-01-09 14:54:46,21.5,12.7
2024-01-09 14:57:12,20.83,11.85
2024-01-09 14:59:41,21.23,10.68
2024-01-09 15:02:08,18.65,11.0
2024-01-09 15:04:33,18.27,11.98
2024-01-09 15:06:59,16.23,9.23
2024-01-09 15:09:25,17.88,11.93
2024-01-09 15:11:52,21.02,12.07
2024-01-09 15:14:18,21.52,11.63
2024-01-09 15:16:44,18.0,10.8
2024-01-09 15:19:09,18.5,11.07
2024-01-09 15:21:38,22.05,12.8
2024-01-09 15:24:04,18.65,10.52
2024-01-09 15:26:31,16.2,11.1
2024-01-09 15:28:57,16.1,10.27
2024-01-09 15:31:22,16.8,11.32
2024-01-09 15:33:48,17.58,11.1
2024-01-09 15:36:14,16.65,11.07
2024-01-09 15:38:41,19.55,11.68
2024-01-09 15:41:07,17.4,11.3
2024-01-09 15:43:34,21.02,12.32
2024-01-09 15:46:00,21.15,11.4
2024-01-09 15:48:27,18.0,11.6
2024-01-09 15:50:54,17.7,11.9
2024-01-09 15:53:20,16.6,11.02
2024-01-09 15:55:46,17.8,11.75
2024-01-09 15:58:11,19.4,11.55
2024-01-09 16:00:37,19.2,11.85
2024-01-09 16:03:04,20.65,12.5
2024-01-09 16:05:30,18.85,11.85
2024-01-09 16:07:56,19.6,11.63
2024-01-09 16:10:22,20.5,12.77
2024-01-09 16:12:54,16.58,10.8
2024-01-09 16:15:23,17.55,11.5
2024-01-09 16:17:49,18.27,10.88
2024-01-09 16:20:14,16.7,11.55
2024-01-09 16:22:46,19.0,11.63
2024-01-09 16:25:15,18.8,11.18
2024-01-09 16:27:41,16.55,10.95
2024-01-09 16:30:07,14.98,10.48
2024-01-09 16:32:36,16.02,11.15
2024-01-09 16:35:02,17.8,11.2
2024-01-09 16:37:28,17.5,10.88
2024-01-09 16:39:54,16.02,10.3
2024-01-09 16:42:21,17.4,11.27
2024-01-09 16:44:47,16.8,11.35
2024-01-09 16:47:14,17.8,11.8
2024-01-09 16:49:40,15.82,10.95
2024-01-09 16:52:07,15.6,10.85
2024-01-09 16:54:32,15.48,10.4
2024-01-09 16:57:02,17.4,11.65
2024-01-09 16:59:30,18.45,11.32
2024-01-09 17:01:55,18.85,11.68
2024-01-09 17:04:21,20.08,11.55
2024-01-09 17:06:47,16.1,10.8
2024-01-09 17:09:13,15.75,10.77
2024-01-09 17:11:39,14.75,10.7
2024-01-09 17:14:05,17.88,10.63
2024-01-09 17:16:31,19.42,11.6
2024-01-09 17:18:59,16.48,10.68
2024-01-09 17:21:25,19.13,11.1
2024-01-09 17:23:52,17.27,10.75
2024-01-09 17:26:17,15.8,10.65
2024-01-09 17:28:43,16.63,9.75
2024-01-09 17:31:09,16.17,9.73
2024-01-09 17:33:34,15.43,10.38
2024-01-09 17:36:01,17.77,10.93
2024-01-09 17:38:26,16.27,10.5
2024-01-09 17:40:52,16.1,9.95
2024-01-09 17:43:18,17.08,10.1
2024-01-09 17:45:43,16.98,9.65
2024-01-09 17:48:10,15.4,10.3
2024-01-09 17:50:35,15.07,9.8
2024-01-09 17:53:01,14.77,10.35
2024-01-09 17:55:28,14.68,9.75
2024-01-09 17:57:54,16.42,10.2
2024-01-09 18:00:19,16.98,10.93
2024-01-09 18:02:45,15.98,10.4
2024-01-09 18:05:12,15.82,9.77
2024-01-09 18:07:37,14.98,9.73
2024-01-09 18:10:03,16.9,10.65
2024-01-09 18:12:30,16.1,9.68
2024-01-09 18:14:59,14.63,9.57
2024-01-09 18:17:26,13.05,9.55
2024-01-09 18:19:56,12.45,8.4
2024-01-09 18:22:22,15.07,9.2
2024-01-09 18:24:48,14.15,9.27
2024-01-09 18:27:14,16.42,8.7
2024-01-09 18:29:39,12.98,8.35
2024-01-09 18:32:06,12.45,7.75
2024-01-09 18:34:32,12.13,8.07
2024-01-09 18:36:58,12.55,7.68
2024-01-09 18:39:25,16.0,8.3
2024-01-09 18:41:54,14.98,9.23
2024-01-09 18:44:21,14.82,9.25
2024-01-09 18:46:47,13.65,8.65
2024-01-09 18:49:13,10.93,7.28
2024-01-09 18:51:40,13.95,8.2
2024-01-09 18:54:05,12.25,8.52
2024-01-09 18:56:32,13.35,8.65
2024-01-09 18:59:00,16.4,9.52
2024-01-09 19:01:26,13.77,8.82
2024-01-09 19:03:52,14.6,8.95
2024-01-09 19:06:17,12.2,8.65
2024-01-09 19:08:44,10.23,7.28
2024-01-09 19:11:11,13.98,8.6
2024-01-09 19:13:38,11.32,7.4
2024-01-09 19:16:05,12.4,7.47
2024-01-09 19:18:33,13.65,8.4
2024-01-09 19:20:59,10.8,7.8
2024-01-09 19:23:25,15.4,7.68
2024-01-09 19:25:52,10.57,6.8
2024-01-09 19:28:21,12.2,8.07
2024-01-09 19:30:46,15.35,8.4
2024-01-09 19:33:13,13.23,8.8
2024-01-09 19:35:40,13.02,8.13
2024-01-09 19:38:07,12.5,7.6
2024-01-09 19:40:34,13.88,8.73
2024-01-09 19:43:00,13.7,7.95
2024-01-09 19:45:26,11.82,8.23
2024-01-09 19:47:52,13.27,8.85
2024-01-09 19:50:18,11.77,8.07
2024-01-09 19:52:44,13.25,8.2
2024-01-09 19:55:10,12.5,7.88
2024-01-09 19:57:36,12.1,7.95
2024-01-09 20:00:03,10.38,7.38
2024-01-09 20:02:31,12.57,7.13
2024-01-09 20:04:57,12.63,7.82
2024-01-09 20:07:23,13.27,7.8
2024-01-09 20:09:48,13.23,7.78
2024-01-09 20:12:14,11.9,7.88
2024-01-09 20:14:41,12.88,7.95
2024-01-09 20:17:08,11.25,8.15
2024-01-09 20:19:39,11.2,8.05
2024-01-09 20:22:09,11.95,7.25
2024-01-09 20:24:37,10.7,7.4
2024-01-09 20:27:03,12.85,7.88
2024-01-09 20:29:29,12.38,6.85
2024-01-09 20:31:55,11.9,7.6
2024-01-09 20:34:20,14.02,7.05
2024-01-09 20:36:46,10.98,7.35
2024-01-09 20:39:12,10.15,7.1
2024-01-09 20:41:41,11.8,7.9
2024-01-09 20:44:13,12.57,7.68
2024-01-09 20:46:41,14.23,7.28
2024-01-09 20:49:08,9.57,6.7
2024-01-09 20:51:36,11.3,6.9
2024-01-09 20:54:03,10.73,7.38
2024-01-09 20:56:29,10.88,6.63
2024-01-09 20:58:54,9.02,6.47
2024-01-09 21:01:20,9.68,6.8
2024-01-09 21:03:46,10.5,6.57
2024-01-09 21:06:12,9.73,6.65
2024-01-09 21:08:38,9.82,6.25
2024-01-09 21:11:04,9.45,6.57
2024-01-09 21:13:31,9.25,5.9
2024-01-09 21:15:56,9.7,6.0
2024-01-09 21:18:22,8.68,6.1
2024-01-09 21:20:48,8.0,6.05
2024-01-09 21:23:14,9.25,6.32
2024-01-09 21:25:40,10.23,6.3
2024-01-09 21:28:05,9.38,6.7
2024-01-09 21:30:31,11.07,6.88
2024-01-09 21:33:00,8.48,5.8
2024-01-09 21:35:26,9.35,5.68
2024-01-09 21:37:52,8.57,5.6
2024-01-09 21:40:18,11.0,6.35
2024-01-09 21:42:43,14.3,7.4
2024-01-09 21:45:10,10.2,5.78
2024-01-09 21:47:37,7.9,5.43
2024-01-09 21:50:03,9.48,5.55
2024-01-09 21:52:32,7.82,5.18
2024-01-09 21:54:58,9.35,5.8
2024-01-09 21:57:24,10.45,5.85
2024-01-09 21:59:49,9.52,6.78
2024-01-09 22:02:15,12.8,7.72
2024-01-09 22:04:41,14.6,9.38
2024-01-09 22:07:07,11.6,7.78
2024-01-09 22:09:36,14.77,9.73
2024-01-09 22:12:02,15.65,9.43
2024-01-09 22:14:29,14.02,8.25
2024-01-09 22:16:55,15.52,9.82
2024-01-09 22:19:21,17.0,9.82
2024-01-09 22:21:48,20.65,11.52
2024-01-09 22:24:14,20.75,10.35
2024-01-09 22:26:41,18.38,9.98
2024-01-09 22:29:08,15.7,10.02
2024-01-09 22:31:34,13.73,9.5
2024-01-09 22:34:00,14.23,9.1
2024-01-09 22:36:32,15.6,8.05
2024-01-09 22:38:57,11.55,8.1
2024-01-09 22:41:23,13.1,8.9
2024-01-09 22:43:49,12.3,8.02
2024-01-09 22:46:17,12.77,6.9
2024-01-09 22:48:43,11.93,7.68
2024-01-09 22:51:11,10.52,7.32
2024-01-09 22:53:37,9.23,6.65
2024-01-09 22:56:03,10.7,6.82
2024-01-09 22:58:29,10.65,7.28
2024-01-09 23:00:55,12.07,7.88
2024-01-09 23:03:23,13.15,7.32
2024-01-09 23:05:49,13.07,7.9
2024-01-09 23:08:14,13.25,8.02
2024-01-09 23:10:40,13.35,8.23
2024-01-09 23:13:06,12.82,9.15
2024-01-09 23:15:32,10.95,7.22
2024-01-09 23:17:58,12.0,7.47
2024-01-09 23:20:23,10.48,6.47
2024-01-09 23:22:49,9.52,6.3
2024-01-09 23:25:15,12.63,6.95
2024-01-09 23:27:42,10.4,6.57
2024-01-09 23:30:07,9.95,6.72
2024-01-09 23:32:33,11.18,7.05
2024-01-09 23:35:00,12.45,7.35
2024-01-09 23:37:25,11.43,6.3
2024-01-09 23:39:51,11.02,7.15
2024-01-09 23:42:17,14.05,7.78
2024-01-09 23:44:43,15.73,8.23
2024-01-09 23:47:09,9.43,6.78
2024-01-09 23:49:34,13.3,6.8
2024-01-09 23:52:00,10.5,6.65
2024-01-09 23:54:26,9.3,6.43
2024-01-09 23:56:52,11.35,6.78
2024-01-09 23:59:18,8.75,5.88
2024-01-10 00:01:43,8.77,5.18
2024-01-10 00:04:09,9.38,5.63
2024-01-10 00:06:35,8.77,5.75
2024-01-10 00:09:01,10.1,6.47
2024-01-10 00:11:27,11.52,6.53
2024-01-10 00:13:53,9.77,6.03
2024-01-10 00:16:24,9.2,6.1
2024-01-10 00:18:51,8.95,5.05
2024-01-10 00:21:17,7.2,5.3
2024-01-10 00:23:43,9.63,5.38
2024-01-10 00:26:08,8.52,5.65
2024-01-10 00:28:34,7.45,4.9
2024-01-10 00:31:00,8.2,5.28
2024-01-10 00:33:26,8.5,4.88
2024-01-10 00:35:51,8.27,5.2
2024-01-10 00:38:17,6.8,5.2
2024-01-10 00:40:43,7.18,5.1
2024-01-10 00:43:08,7.43,5.0
2024-01-10 00:45:34,8.1,5.05
2024-01-10 00:48:00,8.9,5.8
2024-01-10 00:50:26,8.2,5.25
2024-01-10 00:52:52,7.4,5.07
2024-01-10 00:55:17,6.1,4.6
2024-01-10 00:57:43,7.3,4.9
2024-01-10 01:00:09,6.85,5.3
2024-01-10 01:02:36,8.55,4.8
2024-01-10 01:05:04,7.18,5.13
2024-01-10 01:07:32,7.05,4.6
2024-01-10 01:09:58,8.25,4.55
2024-01-10 01:12:23,8.73,5.32
2024-01-10 01:14:49,7.75,5.4
2024-01-10 01:17:15,7.1,4.7
2024-01-10 01:19:41,6.93,4.28
2024-01-10 01:22:06,8.02,4.8
2024-01-10 01:24:32,6.93,4.8
2024-01-10 01:26:58,8.2,5.47
2024-01-10 01:29:24,8.0,5.15
2024-01-10 01:31:49,6.8,4.75
2024-01-10 01:34:15,7.75,5.1
2024-01-10 01:36:41,6.4,4.65
2024-01-10 01:39:07,6.57,4.63
2024-01-10 01:41:32,7.43,5.13
2024-01-10 01:43:58,6.88,5.2
2024-01-10 01:46:24,6.05,4.5
2024-01-10 01:48:50,5.9,4.7
2024-01-10 01:51:17,6.7,4.57
2024-01-10 01:53:46,6.78,5.1
2024-01-10 01:56:13,6.9,4.88
2024-01-10 01:58:39,7.5,4.78
2024-01-10 02:01:05,7.65,5.25
2024-01-10 02:03:31,5.9,4.65
2024-01-10 02:05:58,6.85,4.68
2024-01-10 02:08:24,7.35,4.97
2024-01-10 02:10:50,7.3,5.05
2024-01-10 02:13:16,7.55,5.28
2024-01-10 02:15:42,7.03,4.75
2024-01-10 02:18:08,8.2,5.4
2024-01-10 02:20:37,7.93,5.25
2024-01-10 02:23:03,8.02,5.07
2024-01-10 02:25:29,7.28,4.88
2024-01-10 02:27:54,6.03,4.38
2024-01-10 02:30:20,7.13,4.88
2024-01-10 02:32:46,7.47,4.9
2024-01-10 02:35:12,6.38,4.4
2024-01-10 02:37:37,7.07,5.28
2024-01-10 02:40:03,6.75,4.53
2024-01-10 02:42:29,8.23,5.28
2024-01-10 02:44:56,8.13,5.68
2024-01-10 02:47:22,6.1,4.55
2024-01-10 02:49:47,9.75,5.18
2024-01-10 02:52:13,8.7,5.25
2024-01-10 02:54:39,8.0,4.88
2024-01-10 02:57:04,6.85,4.65
2024-01-10 02:59:30,7.22,4.8
2024-01-10 03:01:56,6.75,4.47
2024-01-10 03:04:22,6.3,4.4
2024-01-10 03:06:47,7.47,5.07
2024-01-10 03:09:13,7.2,4.78
2024-01-10 03:11:39,7.35,4.7
2024-01-10 03:14:08,7.35,5.22
2024-01-10 03:16:34,7.7,5.47
2024-01-10 03:19:00,7.07,4.9
2024-01-10 03:21:26,7.1,4.8
2024-01-10 03:23:52,8.57,5.2
2024-01-10 03:26:22,6.53,4.43
2024-01-10 03:28:49,6.57,4.43
2024-01-10 03:31:15,6.6,4.9
2024-01-10 03:33:41,7.1,5.15
2024-01-10 03:36:09,7.55,5.35
2024-01-10 03:38:42,7.07,5.15
2024-01-10 03:41:17,7.55,4.7
2024-01-10 03:43:45,8.3,5.3
2024-01-10 03:46:11,7.68,5.18
2024-01-10 03:48:37,7.55,4.95
2024-01-10 03:51:12,7.9,5.13
2024-01-10 03:53:38,7.28,4.55
2024-01-10 03:56:04,8.02,4.9
2024-01-10 03:58:30,7.53,4.97
2024-01-10 04:00:55,7.65,5.05
2024-01-10 04:03:21,7.3,5.03
2024-01-10 04:05:47,8.55,5.2
2024-01-10 04:08:13,7.82,4.95
2024-01-10 04:10:38,8.52,4.75
2024-01-10 04:13:04,9.3,5.65
2024-01-10 04:15:30,6.55,4.8
2024-01-10 04:17:56,6.88,5.05
2024-01-10 04:20:21,7.6,4.97
2024-01-10 04:22:47,6.32,4.68
2024-01-10 04:25:13,8.55,5.57
2024-01-10 04:27:38,7.53,5.13
2024-01-10 04:30:04,10.35,5.63
2024-01-10 04:32:30,7.15,4.9
2024-01-10 04:34:56,8.4,5.6
2024-01-10 04:37:22,8.5,5.57
2024-01-10 04:39:48,8.02,5.55
2024-01-10 04:42:13,6.78,5.0
2024-01-10 04:44:40,7.97,5.47
2024-01-10 04:47:06,8.25,5.9
2024-01-10 04:49:32,8.0,5.13
2024-01-10 04:51:58,8.1,5.7
2024-01-10 04:54:24,8.88,6.1
2024-01-10 04:56:49,8.32,5.7
2024-01-10 04:59:15,7.8,5.28
2024-01-10 05:01:41,7.57,5.43
2024-01-10 05:04:07,7.63,5.4
2024-01-10 05:06:32,9.9,5.8
2024-01-10 05:08:58,8.73,5.78
2024-01-10 05:11:24,8.93,5.4
2024-01-10 05:13:51,10.13,5.43
2024-01-10 05:16:17,7.4,4.88
2024-01-10 05:18:43,6.95,4.72
2024-01-10 05:21:09,7.3,5.3
2024-01-10 05:23:35,7.53,5.15
2024-01-10 05:26:03,8.8,4.88
2024-01-10 05:28:29,7.43,5.45
2024-01-10 05:30:55,8.55,5.57
2024-01-10 05:33:21,8.07,5.6
2024-01-10 05:35:47,8.93,5.53
2024-01-10 05:38:13,9.05,5.75
2024-01-10 05:40:38,7.8,5.1
2024-01-10 05:43:04,6.97,4.93
2024-01-10 05:45:32,7.75,4.82
2024-01-10 05:47:58,6.55,5.07
2024-01-10 05:50:24,9.27,5.28
2024-01-10 05:52:50,7.8,5.35
2024-01-10 05:55:16,8.82,5.55
2024-01-10 05:57:41,8.43,5.9
2024-01-10 06:00:07,10.3,5.35
2024-01-10 06:02:36,12.0,5.7
2024-01-10 06:05:06,8.1,5.4
2024-01-10 06:07:34,9.13,5.85
2024-01-10 06:10:03,8.63,5.75
2024-01-10 06:12:29,7.72,5.6
2024-01-10 06:14:55,8.9,6.32
2024-01-10 06:17:21,7.5,5.25
2024-01-10 06:19:47,12.45,5.55
2024-01-10 06:22:13,6.03,4.47
2024-01-10 06:24:39,14.32,8.68
2024-01-10 06:27:06,14.43,9.05
2024-01-10 06:29:32,12.57,8.57
2024-01-10 06:31:59,12.3,8.38
2024-01-10 06:34:26,19.48,10.32
2024-01-10 06:36:52,14.38,8.68
2024-01-10 06:39:18,14.55,9.13
2024-01-10 06:41:48,15.18,9.48
2024-01-10 06:44:14,12.13,8.18
2024-01-10 06:46:42,14.75,9.65
2024-01-10 06:49:09,14.65,9.43
2024-01-10 06:51:35,18.88,9.63
2024-01-10 06:54:01,15.02,8.9
2024-01-10 06:56:32,17.4,9.63
2024-01-10 06:58:59,14.15,8.43
2024-01-10 07:01:25,15.9,10.13
2024-01-10 07:03:52,16.02,9.25
2024-01-10 07:06:20,15.75,9.68
2024-01-10 07:08:47,12.23,8.07
2024-01-10 07:11:14,15.57,7.93
2024-01-10 07:13:40,16.88,9.55
2024-01-10 07:16:07,24.85,9.68
2024-01-10 07:18:33,16.4,9.32
2024-01-10 07:20:59,15.65,9.0
2024-01-10 07:23:25,11.9,7.53
2024-01-10 07:25:51,12.95,8.15
2024-01-10 07:28:17,17.33,8.7
2024-01-10 07:30:44,22.7,12.38
2024-01-10 07:33:10,21.55,11.8
2024-01-10 07:35:36,14.4,8.2
2024-01-10 07:38:04,12.98,8.6
2024-01-10 07:40:33,14.3,6.88
2024-01-10 07:42:59,16.42,8.4
2024-01-10 07:45:25,13.45,8.52
2024-01-10 07:47:51,14.1,8.82
2024-01-10 07:50:16,13.3,8.0
2024-01-10 07:52:44,13.23,7.55
2024-01-10 07:55:11,11.3,6.82
2024-01-10 07:57:37,12.25,6.9
2024-01-10 08:00:04,9.35,6.75
2024-01-10 08:02:30,16.08,7.97
2024-01-10 08:04:59,11.8,7.07
2024-01-10 08:07:34,15.65,8.52
2024-01-10 08:10:04,12.45,8.05
2024-01-10 08:12:34,14.63,8.8
2024-01-10 08:15:04,16.83,9.38
2024-01-10 08:17:31,17.42,8.95
2024-01-10 08:19:58,15.45,8.65
2024-01-10 08:22:25,15.13,9.43
2024-01-10 08:24:50,14.63,9.05
2024-01-10 08:27:16,16.73,9.45
2024-01-10 08:29:42,17.65,9.68
2024-01-10 08:32:09,16.7,8.98
2024-01-10 08:34:36,17.02,8.82
2024-01-10 08:37:02,21.35,11.4
2024-01-10 08:39:28,15.77,9.32
2024-01-10 08:41:55,20.05,10.93
2024-01-10 08:44:22,19.52,10.48
2024-01-10 08:46:47,13.98,8.88
2024-01-10 08:49:16,18.92,10.27
2024-01-10 08:51:42,13.43,8.73
2024-01-10 08:54:08,14.13,8.07
2024-01-10 08:56:34,13.1,8.65
2024-01-10 08:59:00,18.98,8.45
2024-01-10 09:01:26,23.27,11.75
2024-01-10 09:03:52,13.98,7.7
2024-01-10 09:06:17,13.52,7.9
2024-01-10 09:08:43,13.93,7.9
2024-01-10 09:11:09,15.43,8.82
2024-01-10 09:13:34,14.48,9.15
2024-01-10 09:16:03,10.25,7.03
2024-01-10 09:18:29,11.85,7.53
2024-01-10 09:20:54,21.15,10.43
2024-01-10 09:23:20,16.7,9.48
2024-01-10 09:25:46,17.67,9.35
2024-01-10 09:28:12,17.52,9.02
2024-01-10 09:30:38,23.27,13.45
2024-01-10 09:33:04,17.33,10.52
2024-01-10 09:35:29,16.6,8.63
2024-01-10 09:37:55,15.68,8.93
2024-01-10 09:40:21,14.65,8.65
2024-01-10 09:42:50,15.55,9.15
2024-01-10 09:45:21,16.23,9.13
2024-01-10 09:47:49,14.7,7.97
2024-01-10 09:50:19,14.95,8.88
2024-01-10 09:52:48,14.02,9.02
2024-01-10 09:55:15,14.85,8.48
2024-01-10 09:57:42,16.52,9.0
2024-01-10 10:00:11,15.9,8.98
2024-01-10 10:02:39,14.48,9.15
2024-01-10 10:05:12,14.25,8.82
2024-01-10 10:07:46,15.18,8.57
2024-01-10 10:10:13,19.85,10.88
2024-01-10 10:13:01,18.3,10.07
2024-01-10 10:15:27,13.52,9.32
2024-01-10 10:17:53,13.88,9.25
2024-01-10 10:20:27,14.63,8.93
2024-01-10 10:22:58,15.57,10.1
2024-01-10 10:25:44,16.4,9.68
2024-01-10 10:28:12,15.93,10.38
2024-01-10 10:30:38,20.02,10.4
2024-01-10 10:33:05,16.63,10.45
2024-01-10 10:35:33,19.4,9.93
2024-01-10 10:37:59,16.48,10.4
2024-01-10 10:40:25,19.0,10.77
2024-01-10 10:42:55,17.65,10.27
2024-01-10 10:45:24,17.4,10.9
2024-01-10 10:47:58,19.8,11.5
2024-01-10 10:50:28,20.35,11.48
2024-01-10 10:52:58,17.33,11.37
2024-01-10 10:55:25,18.48,11.02
2024-01-10 10:57:52,20.75,11.77
2024-01-10 11:00:21,19.13,12.18
2024-01-10 11:02:52,20.13,11.7
2024-01-10 11:05:20,18.15,10.8
2024-01-10 11:07:46,18.55,11.6
2024-01-10 11:10:18,17.48,11.07
2024-01-10 11:18:54,21.23,11.82
2024-01-10 11:24:00,17.73,11.55
2024-01-10 11:26:27,21.2,13.85
2024-01-10 11:28:53,23.85,12.23
2024-01-10 11:31:28,20.95,13.45
2024-01-10 11:33:55,22.8,14.0
2024-01-10 11:36:22,20.58,12.32
2024-01-10 11:46:38,19.48,12.38
2024-01-10 11:49:07,19.85,12.63
2024-01-10 11:51:38,19.4,11.75
2024-01-10 11:54:04,18.13,11.88
2024-01-10 11:56:40,20.3,12.1
2024-01-10 11:59:08,21.45,12.48
2024-01-10 12:01:36,21.17,13.68
2024-01-10 12:04:03,21.88,13.55
2024-01-10 12:06:31,27.6,16.45
2024-01-10 12:08:57,25.05,15.2
2024-01-10 12:11:24,26.58,16.0
2024-01-10 12:13:50,26.63,15.52
2024-01-10 12:16:16,24.85,15.15
2024-01-10 12:18:43,22.08,14.77
2024-01-10 12:21:09,24.65,14.3
2024-01-10 12:23:38,24.48,14.98
2024-01-10 12:26:13,22.13,14.82
2024-01-10 12:28:39,23.85,15.68
2024-01-10 12:31:07,26.4,14.85
2024-01-10 12:33:34,22.67,14.23
2024-01-10 12:36:08,22.73,15.0
2024-01-10 12:38:40,26.23,13.88
2024-01-10 12:41:06,21.52,13.55
2024-01-10 12:43:34,25.83,13.82
2024-01-10 12:48:30,23.88,13.9
2024-01-10 12:50:56,21.42,13.18
2024-01-10 12:53:25,22.17,12.68
2024-01-10 12:55:53,24.05,14.6
2024-01-10 12:58:20,25.13,14.8
2024-01-10 13:00:46,29.73,18.15
2024-01-10 13:03:11,37.25,18.77
2024-01-10 13:05:37,24.8,15.52
2024-01-10 13:08:03,23.25,13.25
2024-01-10 13:10:31,29.0,15.18
2024-01-10 13:12:56,26.7,16.52
2024-01-10 13:15:22,24.27,14.73
2024-01-10 13:17:48,22.65,13.65
2024-01-10 13:20:14,25.75,15.35
2024-01-10 13:22:40,26.4,15.63
2024-01-10 13:25:06,25.13,16.17
2024-01-10 13:27:32,21.98,14.85
2024-01-10 13:29:57,25.42,15.05
2024-01-10 13:32:23,23.2,14.85
2024-01-10 13:34:50,25.27,14.4
2024-01-10 13:37:16,28.35,16.7
2024-01-10 13:39:42,24.38,15.45
2024-01-10 13:42:08,29.0,17.3
2024-01-10 13:44:35,28.2,17.9
2024-01-10 13:47:01,25.85,17.52
2024-01-10 13:49:28,22.88,15.77
2024-01-10 13:51:54,26.35,15.48
2024-01-10 13:54:20,27.7,15.18
2024-01-10 13:56:47,24.77,15.85
2024-01-10 13:59:12,25.33,15.95
2024-01-10 14:01:38,25.65,15.3
2024-01-10 14:04:05,26.92,16.92
2024-01-10 14:06:31,25.8,16.38
2024-01-10 14:08:56,22.45,15.68
2024-01-10 14:11:23,24.48,15.77
2024-01-10 14:13:49,27.9,16.77
2024-01-10 14:16:17,28.48,18.2
2024-01-10 14:18:43,27.73,18.0
2024-01-10 14:21:09,27.73,17.75
2024-01-10 14:23:34,27.23,17.95
2024-01-10 14:26:00,30.42,17.27
2024-01-10 14:28:26,34.15,18.25
2024-01-10 14:30:52,30.25,17.6
2024-01-10 14:33:18,30.7,17.6
2024-01-10 14:35:44,34.25,21.27
2024-01-10 14:38:09,31.52,18.65
2024-01-10 14:40:35,27.33,17.33
2024-01-10 14:43:01,26.48,17.25
2024-01-10 14:45:27,25.42,14.98
2024-01-10 14:47:53,26.15,16.25
2024-01-10 14:50:19,26.58,16.42
2024-01-10 14:52:44,29.65,18.52
2024-01-10 14:55:10,29.67,19.02
2024-01-10 14:57:36,35.03,19.77
2024-01-10 15:00:02,28.33,18.35
2024-01-10 15:02:28,31.63,16.85
2024-01-10 15:04:54,33.25,20.6
2024-01-10 15:07:20,32.97,19.38
2024-01-10 15:09:46,26.77,17.85
2024-01-10 15:12:11,36.45,23.25
2024-01-10 15:14:38,40.8,23.42
2024-01-10 15:17:03,36.05,20.83
2024-01-10 15:19:33,31.67,17.27
2024-01-10 15:21:59,28.55,17.48
2024-01-10 15:24:25,29.48,18.5
2024-01-10 15:26:52,27.83,17.0
2024-01-10 15:29:18,38.83,20.55
2024-01-10 15:31:44,49.33,27.77
2024-01-10 15:34:10,41.65,25.48
2024-01-10 15:36:42,35.22,21.4
2024-01-10 15:39:08,43.15,25.73
2024-01-10 15:41:37,38.33,23.33
2024-01-10 15:44:02,51.92,28.98
2024-01-10 15:46:28,38.1,21.63
2024-01-10 15:48:54,43.4,25.77
2024-01-10 15:51:20,43.0,25.4
2024-01-10 15:53:46,58.0,33.28
2024-01-10 15:56:11,49.15,27.42
2024-01-10 15:58:38,55.03,30.63
2024-01-10 16:01:04,38.6,21.98
2024-01-10 16:03:31,52.47,29.35
2024-01-10 16:05:57,45.78,27.45
2024-01-10 16:08:23,56.38,32.7
2024-01-10 16:10:48,40.83,25.08
2024-01-10 16:13:14,45.13,25.77
2024-01-10 16:15:40,45.8,28.3
2024-01-10 16:18:06,56.4,30.4
2024-01-10 16:20:32,52.35,31.95
2024-01-10 16:22:57,50.95,29.7
2024-01-10 16:25:23,57.17,29.83
2024-01-10 16:27:49,44.55,27.15
2024-01-10 16:30:15,39.05,24.6
2024-01-10 16:32:41,40.67,22.77
2024-01-10 16:35:07,42.05,24.5
2024-01-10 16:37:33,23.98,15.55
2024-01-10 16:40:00,27.08,15.38
2024-01-10 16:42:25,28.13,17.88
2024-01-10 16:44:51,31.92,18.73
2024-01-10 16:47:17,37.4,22.6
2024-01-10 16:49:43,34.95,21.63
2024-01-10 16:52:09,39.4,21.4
2024-01-10 16:54:34,30.65,17.83
2024-01-10 16:57:00,28.63,18.73
2024-01-10 16:59:26,34.05,19.92
2024-01-10 17:01:52,37.22,20.4
2024-01-10 17:04:17,34.8,22.23
2024-01-10 17:06:43,38.55,22.1
2024-01-10 17:09:09,41.85,23.48
2024-01-10 17:11:38,33.15,20.52
2024-01-10 17:14:05,39.85,22.48
2024-01-10 17:16:30,41.03,23.13
2024-01-10 17:18:58,41.83,23.63
2024-01-10 17:21:25,45.28,25.77
2024-01-10 17:23:50,56.88,33.38
2024-01-10 17:26:16,50.8,31.85
2024-01-10 17:28:42,39.5,24.38
2024-01-10 17:31:08,45.13,26.15
2024-01-10 17:33:34,40.97,26.0
2024-01-10 17:36:01,46.58,28.1
2024-01-10 17:38:28,37.1,23.33
2024-01-10 17:40:55,37.8,23.4
2024-01-10 17:43:21,42.8,23.63
2024-01-10 17:45:47,38.42,23.88
2024-01-10 17:48:13,38.78,22.58
2024-01-10 17:50:38,35.85,21.75
2024-01-10 17:53:04,27.42,17.4
2024-01-10 17:55:33,34.1,18.77
2024-01-10 17:57:59,34.55,20.9
2024-01-10 18:00:24,43.05,24.83
2024-01-10 18:02:54,41.78,22.77
2024-01-10 18:05:20,31.35,18.83
2024-01-10 18:07:46,34.58,21.95
2024-01-10 18:10:14,36.0,22.13
2024-01-10 18:12:40,28.92,18.08
2024-01-10 18:15:06,35.6,21.65
2024-01-10 18:17:32,37.35,23.5
2024-01-10 18:19:57,37.72,21.8
2024-01-10 18:22:23,29.8,18.0
2024-01-10 18:24:49,21.77,14.63
2024-01-10 18:27:14,30.9,19.45
2024-01-10 18:29:40,25.77,17.42
2024-01-10 18:32:06,26.55,17.0
2024-01-10 18:34:32,28.48,18.77
2024-01-10 18:36:57,33.88,17.95
2024-01-10 18:39:23,33.55,20.25
2024-01-10 18:41:49,26.92,16.48
2024-01-10 18:44:16,26.42,16.55
2024-01-10 18:46:42,35.6,19.2
2024-01-10 18:49:08,27.63,18.55
2024-01-10 18:51:34,29.17,19.38
2024-01-10 18:53:59,35.7,22.1
2024-01-10 18:56:26,39.08,21.6
2024-01-10 18:58:52,41.75,24.55
2024-01-10 19:01:18,37.4,21.63
2024-01-10 19:03:44,30.42,19.38
2024-01-10 19:06:10,30.83,19.38
2024-01-10 19:08:36,33.3,20.13
2024-01-10 19:11:02,34.35,20.45
2024-01-10 19:13:31,32.22,20.48
2024-01-10 19:16:04,28.83,18.4
2024-01-10 19:18:37,32.95,20.98
2024-01-10 19:21:04,44.08,27.33
2024-01-10 19:23:30,63.08,33.17
2024-01-10 19:25:56,79.55,44.17
2024-01-10 19:28:23,72.03,41.85
2024-01-10 19:30:50,75.6,40.65
2024-01-10 19:33:16,77.97,39.45
2024-01-10 19:35:42,70.45,39.85
2024-01-10 19:38:08,72.03,40.05
2024-01-10 19:40:34,78.15,43.2
2024-01-10 19:43:03,96.6,49.0
2024-01-10 19:45:29,69.65,39.3
2024-01-10 19:47:55,81.85,45.42
2024-01-10 19:50:20,65.18,38.42
2024-01-10 19:52:47,82.03,46.25
2024-01-10 19:55:13,74.0,41.83
2024-01-10 19:57:39,88.78,46.47
2024-01-10 20:00:05,73.13,40.33
2024-01-10 20:02:32,66.6,38.83
2024-01-10 20:04:59,70.57,37.88
2024-01-10 20:07:25,65.63,39.08
2024-01-10 20:09:51,60.47,34.42
2024-01-10 20:12:17,83.55,42.35
2024-01-10 20:14:43,112.63,57.05
2024-01-10 20:17:09,118.45,54.47
2024-01-10 20:19:35,112.57,52.5
2024-01-10 20:22:00,101.05,49.6
2024-01-10 20:24:26,87.05,45.83
2024-01-10 20:26:52,115.35,60.9
2024-01-10 20:29:18,113.13,58.05
2024-01-10 20:31:43,128.38,61.38
2024-01-10 20:34:09,75.6,41.35
2024-01-10 20:36:35,62.2,34.7
2024-01-10 20:39:01,74.63,40.33
2024-01-10 20:41:30,72.57,39.22
2024-01-10 20:43:56,64.97,36.83
2024-01-10 20:46:22,76.0,40.2
2024-01-10 20:48:48,68.22,38.03
2024-01-10 20:51:14,73.8,39.95
2024-01-10 20:53:40,69.45,36.6
2024-01-10 20:56:06,70.45,38.88
2024-01-10 20:58:32,57.4,33.53
2024-01-10 21:00:57,72.45,43.5
2024-01-10 21:03:23,63.5,36.63
2024-01-10 21:05:54,52.72,32.22
2024-01-10 21:08:20,68.88,39.5
2024-01-10 21:10:46,68.65,39.95
2024-01-10 21:13:12,53.88,33.58
2024-01-10 21:15:37,64.7,37.58
2024-01-10 21:18:03,64.3,37.85
2024-01-10 21:20:29,65.15,37.15
2024-01-10 21:22:55,52.78,33.33
2024-01-10 21:25:21,48.95,29.8
2024-01-10 21:27:46,53.47,31.38
2024-01-10 21:30:13,54.53,31.55
2024-01-10 21:32:39,54.35,31.63
2024-01-10 21:35:05,51.13,32.33
2024-01-10 21:37:31,54.5,32.2
2024-01-10 21:39:56,47.3,30.42
2024-01-10 21:42:23,47.7,29.35
2024-01-10 21:44:50,39.5,24.83
2024-01-10 21:47:16,44.6,25.35
2024-01-10 21:49:42,36.75,21.58
2024-01-10 21:52:07,32.6,20.4
2024-01-10 21:54:34,36.28,22.58
2024-01-10 21:57:00,35.5,22.95
2024-01-10 21:59:25,43.2,23.92
2024-01-10 22:01:51,42.63,24.1
2024-01-10 22:04:17,37.1,23.25
2024-01-10 22:06:43,38.2,23.73
2024-01-10 22:09:09,38.05,24.42
2024-01-10 22:11:35,38.58,23.95
2024-01-10 22:14:00,37.45,24.6
2024-01-10 22:16:26,36.25,21.58
2024-01-10 22:18:52,36.72,23.63
2024-01-10 22:21:18,38.5,22.98
2024-01-10 22:23:44,32.08,20.13
2024-01-10 22:26:10,33.22,21.23
2024-01-10 22:28:35,32.33,21.27
2024-01-10 22:31:01,33.2,21.6
2024-01-10 22:33:28,35.0,22.52
2024-01-10 22:35:54,35.6,23.0
2024-01-10 22:38:19,38.75,23.67
2024-01-10 22:40:45,36.92,23.23
2024-01-10 22:43:11,28.83,19.0
2024-01-10 22:45:37,32.83,20.05
2024-01-10 22:48:03,30.0,20.3
2024-01-10 22:50:29,33.55,21.1
2024-01-10 22:52:55,35.03,21.15
2024-01-10 22:55:20,32.9,20.92
2024-01-10 22:57:46,34.17,21.63
2024-01-10 23:00:15,36.03,20.3
2024-01-10 23:02:41,29.63,18.2
2024-01-10 23:05:07,29.95,17.1
2024-01-10 23:07:33,28.08,15.38
2024-01-10 23:09:58,28.95,17.88
2024-01-10 23:12:25,26.2,16.77
2024-01-10 23:14:50,25.55,16.48
2024-01-10 23:17:16,26.02,16.25
2024-01-10 23:19:42,30.85,18.0
2024-01-10 23:22:08,29.38,18.25
2024-01-10 23:24:34,32.35,17.67
2024-01-10 23:26:59,27.38,16.42
2024-01-10 23:29:25,25.98,16.77
2024-01-10 23:31:51,24.83,15.52
2024-01-10 23:34:17,25.05,17.15
2024-01-10 23:36:45,28.75,17.05
2024-01-10 23:39:11,28.63,17.38
2024-01-10 23:41:37,28.85,18.17
2024-01-10 23:44:03,27.3,18.65
2024-01-10 23:46:29,30.35,18.8
2024-01-10 23:48:55,32.22,18.88
2024-01-10 23:51:20,27.02,16.38
2024-01-10 23:53:46,31.48,17.75
2024-01-10 23:56:12,23.2,14.9
2024-01-10 23:58:38,27.88,16.52
2024-01-11 00:01:03,27.6,16.88
2024-01-11 00:03:29,26.98,16.67
2024-01-11 00:05:55,29.88,17.25
2024-01-11 00:08:21,25.3,15.8
2024-01-11 00:10:46,23.67,15.55
2024-01-11 00:13:12,25.73,16.42
2024-01-11 00:15:38,29.17,16.2
2024-01-11 00:18:04,24.35,15.45
2024-01-11 00:20:30,20.58,13.73
2024-01-11 00:22:55,21.98,14.1
2024-01-11 00:25:21,24.2,14.0
2024-01-11 00:27:47,23.42,13.38
2024-01-11 00:30:12,22.98,13.98
2024-01-11 00:32:38,22.3,14.5
2024-01-11 00:35:04,19.58,12.52
2024-01-11 00:37:30,22.02,12.77
2024-01-11 00:39:56,24.0,13.05
2024-01-11 00:42:22,19.65,12.27
2024-01-11 00:44:48,20.23,13.13
2024-01-11 00:47:14,24.1,13.8
2024-01-11 00:49:40,23.02,13.63
2024-01-11 00:52:06,23.42,13.3
2024-01-11 00:54:31,22.45,13.38
2024-01-11 00:56:57,22.42,12.73
2024-01-11 00:59:23,18.98,11.63
2024-01-11 01:01:49,18.25,11.93
2024-01-11 01:04:15,20.83,12.68
2024-01-11 01:06:41,16.95,11.4
2024-01-11 01:09:07,16.65,11.77
2024-01-11 01:11:34,18.23,11.68
2024-01-11 01:13:59,17.83,10.93
2024-01-11 01:16:25,18.35,10.65
2024-01-11 01:18:51,16.48,10.73
2024-01-11 01:21:17,18.55,11.85
2024-01-11 01:23:43,14.93,10.65
2024-01-11 01:26:08,16.33,10.82
2024-01-11 01:28:34,16.23,11.18
2024-01-11 01:31:01,18.0,11.38
2024-01-11 01:33:27,15.88,10.98
2024-01-11 01:35:52,18.5,11.52
2024-01-11 01:38:18,17.73,11.8
2024-01-11 01:40:44,19.45,12.23
2024-01-11 01:43:10,19.1,11.95
2024-01-11 01:45:35,20.65,12.38
2024-01-11 01:48:01,21.65,11.52
2024-01-11 01:50:27,19.02,11.65
2024-01-11 01:52:54,19.45,12.57
2024-01-11 01:55:21,19.95,11.68
2024-01-11 01:57:48,16.33,11.55
2024-01-11 02:00:15,17.9,11.63
2024-01-11 02:02:45,19.48,11.95
2024-01-11 02:05:15,17.5,12.13
2024-01-11 02:07:42,16.77,11.2
2024-01-11 02:10:09,18.8,11.75
2024-01-11 02:12:35,19.58,12.35
2024-01-11 02:15:04,21.42,12.1
2024-01-11 02:17:31,19.13,11.82
2024-01-11 02:19:57,17.8,11.57
2024-01-11 02:22:32,17.15,11.23
2024-01-11 02:25:01,16.1,10.88
2024-01-11 02:27:27,18.33,11.38
2024-01-11 02:29:53,16.33,11.43
2024-01-11 02:32:18,19.8,12.32
2024-01-11 02:34:45,17.63,11.63
2024-01-11 02:37:11,20.83,13.18
2024-01-11 02:39:37,18.6,12.68
2024-01-11 02:42:04,22.1,13.43
2024-01-11 02:44:30,19.35,12.8
2024-01-11 02:46:55,19.6,12.2
2024-01-11 02:49:21,18.65,12.05
2024-01-11 02:51:47,17.08,11.82
2024-01-11 02:54:13,20.63,12.4
2024-01-11 02:56:38,19.25,11.98
2024-01-11 02:59:04,16.88,11.57
2024-01-11 03:01:30,19.3,12.52
2024-01-11 03:03:56,22.65,13.25
2024-01-11 03:06:22,17.9,11.82
2024-01-11 03:08:48,20.15,12.2
2024-01-11 03:11:14,18.65,12.45
2024-01-11 03:13:41,21.15,12.45
2024-01-11 03:16:07,19.23,12.68
2024-01-11 03:18:33,19.35,12.65
2024-01-11 03:20:58,18.3,11.98
2024-01-11 03:23:24,20.02,12.68
2024-01-11 03:25:50,19.55,11.95
2024-01-11 03:28:15,18.7,12.2
2024-01-11 03:30:42,21.63,11.85
2024-01-11 03:33:08,20.88,12.18
2024-01-11 03:35:34,17.08,11.6
2024-01-11 03:38:00,19.92,12.35
2024-01-11 03:40:26,22.67,13.57
2024-01-11 03:42:51,20.88,13.45
2024-01-11 03:45:17,21.2,12.88
2024-01-11 03:47:44,20.75,12.8
2024-01-11 03:50:10,22.33,13.15
2024-01-11 03:52:36,21.27,13.35
2024-01-11 03:55:01,17.48,11.35
2024-01-11 03:57:27,17.13,11.52
2024-01-11 03:59:53,18.08,11.13
2024-01-11 04:02:19,17.3,10.4
2024-01-11 04:04:44,16.05,10.05
2024-01-11 04:07:10,16.3,10.6
2024-01-11 04:09:39,16.13,10.4
2024-01-11 04:12:05,17.6,10.6
2024-01-11 04:14:31,17.0,10.6
2024-01-11 04:16:57,16.63,10.6
2024-01-11 04:19:23,19.0,11.63
2024-01-11 04:21:48,20.02,11.7
2024-01-11 04:24:14,16.83,10.07
2024-01-11 04:26:40,19.6,9.88
2024-01-11 04:29:05,15.82,11.07
2024-01-11 04:31:31,19.05,11.27
2024-01-11 04:33:58,20.67,12.75
2024-01-11 04:36:24,18.17,11.95
2024-01-11 04:38:49,18.33,11.6
2024-01-11 04:41:15,17.63,10.95
2024-01-11 04:43:42,17.4,10.23
2024-01-11 04:46:15,17.98,11.48
2024-01-11 04:48:41,18.6,11.43
2024-01-11 04:51:07,18.02,11.0
2024-01-11 04:53:36,24.77,15.18
2024-01-11 04:56:03,22.45,13.68
2024-01-11 04:58:29,25.92,15.15
2024-01-11 05:00:54,18.27,11.15
2024-01-11 05:03:20,19.4,12.0
2024-01-11 05:05:46,23.45,13.18
2024-01-11 05:08:11,22.08,13.27
2024-01-11 05:10:37,21.4,13.18
2024-01-11 05:13:03,22.45,13.45
2024-01-11 05:15:29,21.85,13.2
2024-01-11 05:17:55,24.75,14.3
2024-01-11 05:20:21,19.58,12.05
2024-01-11 05:22:47,20.25,12.63
2024-01-11 05:25:13,19.75,12.48
2024-01-11 05:27:39,17.63,11.23
2024-01-11 05:30:05,18.17,12.77
2024-01-11 05:32:31,21.3,13.1
2024-01-11 05:34:57,19.55,12.95
2024-01-11 05:37:23,19.98,12.52
2024-01-11 05:39:48,18.7,12.8
2024-01-11 05:42:14,22.13,13.75
2024-01-11 05:44:40,24.4,14.07
2024-01-11 05:47:06,22.15,14.07
2024-01-11 05:49:31,26.77,15.85
2024-01-11 05:51:57,26.55,14.13
2024-01-11 05:54:23,24.08,13.45
2024-01-11 05:56:49,21.75,14.23
2024-01-11 05:59:17,20.1,11.88
2024-01-11 06:01:43,23.38,13.15
2024-01-11 06:04:09,19.15,13.02
2024-01-11 06:06:35,26.75,13.73
2024-01-11 06:09:00,23.42,13.35
2024-01-11 06:11:29,24.88,13.82
2024-01-11 06:13:55,23.27,14.52
2024-01-11 06:16:21,34.35,19.65
2024-01-11 06:18:46,22.88,15.27
2024-01-11 06:21:12,22.55,13.68
2024-01-11 06:23:38,22.77,15.1
2024-01-11 06:26:04,28.45,15.7
2024-01-11 06:28:29,26.42,14.7
2024-01-11 06:30:55,29.9,17.45
2024-01-11 06:33:21,24.5,15.75
2024-01-11 06:35:47,26.23,16.4
2024-01-11 06:38:12,22.25,13.57
2024-01-11 06:40:38,24.58,14.43
2024-01-11 06:43:04,22.48,14.0
2024-01-11 06:45:29,23.55,13.8
2024-01-11 06:47:55,23.2,13.23
2024-01-11 06:50:22,18.85,11.5
2024-01-11 06:52:47,19.95,12.52
2024-01-11 06:55:13,24.02,14.32
2024-01-11 06:57:39,22.73,13.2
2024-01-11 07:00:05,25.33,13.95
2024-01-11 07:02:32,24.0,15.05
2024-01-11 07:04:58,23.38,14.7
2024-01-11 07:07:24,20.42,13.4
2024-01-11 07:09:49,19.45,12.32
2024-01-11 07:12:15,23.5,13.38
2024-01-11 07:14:42,19.75,12.0
2024-01-11 07:17:08,21.33,12.63
2024-01-11 07:19:33,21.17,13.6
2024-01-11 07:21:59,25.48,15.23
2024-01-11 07:24:25,21.27,13.75
2024-01-11 07:26:51,22.67,14.73
2024-01-11 07:29:17,25.7,14.85
2024-01-11 07:31:43,27.98,15.95
2024-01-11 07:34:08,28.63,16.7
2024-01-11 07:36:34,26.27,15.05
2024-01-11 07:39:00,24.55,15.5
2024-01-11 07:41:25,17.95,12.63
2024-01-11 07:43:51,20.38,12.38
2024-01-11 07:46:17,20.63,13.3
2024-01-11 07:48:43,22.52,12.77
2024-01-11 07:51:09,25.4,13.98
2024-01-11 07:53:34,23.08,14.07
2024-01-11 07:56:00,20.05,13.07
2024-01-11 07:58:26,24.88,13.65
2024-01-11 08:00:51,23.55,13.43
2024-01-11 08:03:17,24.73,14.18
2024-01-11 08:05:43,25.85,15.13
2024-01-11 08:08:09,26.33,16.17
2024-01-11 08:10:35,26.48,17.0
2024-01-11 08:13:00,22.63,14.85
2024-01-11 08:15:26,25.15,16.05
2024-01-11 08:17:52,24.48,15.3
2024-01-11 08:20:18,26.45,16.27
2024-01-11 08:22:44,31.5,16.63
2024-01-11 08:25:13,28.52,17.38
2024-01-11 08:27:39,29.67,16.4
2024-01-11 08:30:06,29.3,17.52
2024-01-11 08:32:33,27.55,16.7
2024-01-11 08:35:04,29.52,18.2
2024-01-11 08:37:39,33.83,20.08
2024-01-11 08:40:04,27.3,17.7
2024-01-11 08:42:31,33.78,19.23
2024-01-11 08:44:57,33.6,17.73
2024-01-11 08:47:23,32.63,17.08
2024-01-11 08:49:49,30.0,17.9
2024-01-11 08:52:15,30.63,18.27
2024-01-11 08:54:41,26.25,15.95
2024-01-11 08:57:06,28.83,17.52
2024-01-11 08:59:32,27.9,16.88
2024-01-11 09:01:58,28.45,16.63
2024-01-11 09:04:24,32.53,19.13
2024-01-11 09:06:50,26.88,17.8
2024-01-11 09:09:15,26.23,15.5
2024-01-11 09:11:42,24.73,15.2
2024-01-11 09:14:07,29.25,18.1
2024-01-11 09:16:36,27.13,17.0
2024-01-11 09:19:02,29.75,18.45
2024-01-11 09:21:27,26.73,17.83
2024-01-11 09:23:53,29.65,19.2
2024-01-11 09:26:20,31.55,18.98
2024-01-11 09:28:47,32.15,19.13
2024-01-11 09:31:13,31.5,19.23
2024-01-11 09:33:39,33.3,18.88
2024-01-11 09:36:05,34.92,17.75
2024-01-11 09:38:32,30.4,17.95
2024-01-11 09:41:08,34.03,20.17
2024-01-11 09:43:38,32.47,17.63
2024-01-11 09:46:07,29.48,18.63
2024-01-11 09:48:34,33.78,19.7
2024-01-11 09:51:02,34.1,18.9
2024-01-11 09:53:28,36.25,19.6
2024-01-11 09:55:58,32.7,18.8
2024-01-11 09:58:24,28.35,18.92
2024-01-11 10:00:54,28.9,17.88
2024-01-11 10:03:24,27.25,17.58
2024-01-11 10:05:51,27.52,17.88
2024-01-11 10:08:22,30.45,18.27
2024-01-11 10:10:48,31.6,19.25
2024-01-11 10:13:17,32.72,19.33
2024-01-11 10:15:43,30.08,18.83
2024-01-11 10:18:09,32.45,19.25
2024-01-11 10:20:35,29.77,18.05
2024-01-11 10:23:02,32.95,19.95
2024-01-11 10:25:28,31.0,19.17
2024-01-11 10:27:54,29.8,18.08
2024-01-11 10:30:20,33.8,19.45
2024-01-11 10:32:47,33.97,18.3
2024-01-11 10:35:14,32.1,18.77
2024-01-11 10:37:43,32.9,18.7
2024-01-11 10:40:09,29.48,18.0
2024-01-11 10:42:42,30.35,18.45
2024-01-11 10:45:18,28.0,17.9
2024-01-11 10:47:55,27.6,17.45
2024-01-11 10:50:26,30.55,17.9
2024-01-11 10:53:03,24.08,16.38
2024-01-11 10:55:45,28.95,17.85
2024-01-11 10:58:12,35.22,19.73
2024-01-11 11:00:40,34.13,20.52
2024-01-11 11:03:06,32.22,19.48
2024-01-11 11:05:37,33.63,19.85
2024-01-11 11:08:03,31.92,19.9
2024-01-11 11:10:31,33.58,20.38
2024-01-11 11:12:59,34.38,20.25
2024-01-11 11:15:28,31.65,18.35
2024-01-11 11:17:54,31.9,19.5
2024-01-11 11:20:20,34.2,20.33
2024-01-11 11:23:05,33.25,20.25
2024-01-11 11:25:32,31.6,19.08
2024-01-11 11:27:59,33.3,20.45
2024-01-11 11:30:29,28.4,17.5
2024-01-11 11:32:56,31.95,19.58
2024-01-11 11:35:25,33.65,18.27
2024-01-11 11:37:57,33.05,20.52
2024-01-11 11:40:33,35.3,20.83
2024-01-11 11:43:08,36.1,22.05
2024-01-11 11:45:34,33.55,20.7
2024-01-11 11:48:01,37.7,21.4
2024-01-11 11:50:29,36.58,21.92
2024-01-11 11:52:56,31.98,20.42
2024-01-11 11:55:23,34.55,21.65
2024-01-11 11:57:53,31.7,18.35
2024-01-11 12:00:19,35.5,21.42
2024-01-11 12:02:49,40.08,22.08
2024-01-11 12:05:18,35.53,22.1
2024-01-11 12:07:44,36.33,22.98
2024-01-11 12:10:10,39.42,21.77
2024-01-11 12:12:37,32.35,19.42
2024-01-11 12:15:04,38.03,21.27
2024-01-11 12:17:30,35.25,21.05
2024-01-11 12:19:56,33.1,20.23
2024-01-11 12:22:22,37.42,22.3
2024-01-11 12:24:48,31.45,20.25
2024-01-11 12:27:14,29.0,18.52
2024-01-11 12:29:40,35.33,21.1
2024-01-11 12:32:07,36.6,20.92
2024-01-11 12:34:36,30.05,19.8
2024-01-11 12:37:02,38.35,23.52
2024-01-11 12:39:30,38.9,22.92
2024-01-11 12:41:56,48.58,26.85
2024-01-11 12:44:23,52.65,32.13
2024-01-11 12:46:49,46.67,27.0
2024-01-11 12:49:16,37.78,22.95
2024-01-11 12:51:42,35.15,20.23
2024-01-11 12:54:11,36.33,20.73
2024-01-11 12:56:42,36.38,20.33
2024-01-11 12:59:09,40.13,22.63
2024-01-11 13:01:36,36.85,20.73
2024-01-11 13:04:05,37.75,20.45
2024-01-11 13:06:34,35.4,21.4
2024-01-11 13:09:00,38.38,20.4
2024-01-11 13:11:26,33.22,18.2
2024-01-11 13:13:53,33.58,21.73
2024-01-11 13:16:19,37.47,22.13
2024-01-11 13:18:46,37.6,21.83
2024-01-11 13:21:12,34.0,21.67
2024-01-11 13:23:38,38.0,23.17
2024-01-11 13:26:05,38.13,24.75
2024-01-11 13:28:31,43.55,25.4
2024-01-11 13:30:58,36.38,21.58
2024-01-11 13:33:24,40.5,23.67
2024-01-11 13:35:50,40.85,22.77
2024-01-11 13:38:16,39.42,21.98
2024-01-11 13:40:42,38.63,22.75
2024-01-11 13:43:08,41.3,23.2
2024-01-11 13:45:35,36.45,23.9
2024-01-11 13:48:02,46.28,28.02
2024-01-11 13:50:31,43.05,27.2
2024-01-11 13:52:57,45.03,26.13
2024-01-11 13:55:23,44.13,26.55
2024-01-11 13:57:50,46.5,26.8
2024-01-11 14:00:16,44.95,26.05
2024-01-11 14:02:46,41.7,25.77
2024-01-11 14:05:12,50.75,27.25
2024-01-11 14:07:40,44.17,25.95
2024-01-11 14:10:07,50.9,27.3
2024-01-11 14:12:39,46.88,25.77
2024-01-11 14:15:06,45.9,25.17
2024-01-11 14:17:36,49.25,26.58
2024-01-11 14:20:03,48.5,27.58
2024-01-11 14:22:31,43.3,26.0
2024-01-11 14:24:57,46.8,25.7
2024-01-11 14:27:23,41.08,23.05
2024-01-11 14:29:49,41.17,23.77
2024-01-11 14:32:15,47.1,25.1
2024-01-11 14:34:44,41.4,23.02
2024-01-11 14:37:11,48.28,26.7
2024-01-11 14:39:37,47.6,27.33
2024-01-11 14:42:03,41.47,24.15
2024-01-11 14:44:29,52.75,26.38
2024-01-11 14:46:55,47.83,27.73
2024-01-11 14:49:22,53.83,25.15
2024-01-11 14:51:50,46.8,27.15
2024-01-11 14:54:15,52.83,28.23
2024-01-11 14:56:42,44.78,25.15
2024-01-11 14:59:07,50.08,28.38
2024-01-11 15:01:34,49.45,27.42
2024-01-11 15:04:00,47.47,24.5
2024-01-11 15:06:26,54.28,30.7
2024-01-11 15:08:51,43.8,24.48
2024-01-11 15:11:17,41.65,23.58
2024-01-11 15:13:43,46.22,24.52
2024-01-11 15:16:08,64.45,36.58
2024-01-11 15:18:34,66.63,39.05
2024-01-11 15:21:00,95.28,49.83
2024-01-11 15:23:26,70.78,39.22
2024-01-11 15:25:51,65.43,34.78
2024-01-11 15:28:17,60.5,36.13
2024-01-11 15:30:43,63.6,37.83
2024-01-11 15:33:08,64.55,36.75
2024-01-11 15:35:34,57.47,34.3
2024-01-11 15:38:00,70.13,38.33
2024-01-11 15:40:26,59.38,33.5
2024-01-11 15:42:51,60.8,34.42
2024-01-11 15:45:17,58.53,32.55
2024-01-11 15:47:43,58.63,32.1
2024-01-11 15:50:09,52.65,29.2
2024-01-11 15:52:36,58.17,29.75
2024-01-11 15:55:02,79.85,40.55
2024-01-11 15:57:29,53.72,31.38
2024-01-11 15:59:55,43.2,21.8
2024-01-11 16:02:21,32.63,18.15
2024-01-11 16:04:47,31.5,18.45
2024-01-11 16:07:13,41.0,22.7
2024-01-11 16:09:39,51.2,23.63
2024-01-11 16:12:06,47.7,26.1
2024-01-11 16:14:32,43.08,24.13
2024-01-11 16:16:58,37.72,21.17
2024-01-11 16:19:23,92.7,50.63
2024-01-11 16:21:49,112.95,56.78
2024-01-11 16:24:15,120.45,62.08
2024-01-11 16:26:40,102.78,55.58
2024-01-11 16:29:06,115.7,63.2
2024-01-11 16:31:32,104.95,60.33
2024-01-11 16:34:01,119.45,63.42
2024-01-11 16:36:28,109.63,58.88
2024-01-11 16:38:54,109.18,59.3
2024-01-11 16:41:20,116.75,62.75
2024-01-11 16:43:46,173.27,94.7
2024-01-11 16:46:18,209.73,115.85
2024-01-11 16:48:45,200.35,103.32
2024-01-11 16:51:10,87.85,48.92
2024-01-11 16:53:40,135.85,73.32
2024-01-11 16:56:07,132.7,70.57
2024-01-11 16:58:33,96.38,48.8
2024-01-11 17:00:59,90.6,49.85
2024-01-11 17:03:25,98.6,53.83
2024-01-11 17:05:51,93.65,49.42
2024-01-11 17:08:17,92.93,51.63
2024-01-11 17:10:43,77.1,43.7
2024-01-11 17:13:09,90.3,50.88
2024-01-11 17:15:35,93.22,49.38
2024-01-11 17:18:00,88.63,46.75
2024-01-11 17:20:26,48.9,25.15
2024-01-11 17:22:53,77.28,41.08
2024-01-11 17:25:19,98.97,51.1
2024-01-11 17:27:45,85.68,41.95
2024-01-11 17:30:11,73.47,39.5
2024-01-11 17:32:37,66.1,34.15
2024-01-11 17:35:03,76.03,38.03
2024-01-11 17:37:28,68.97,36.42
2024-01-11 17:39:54,59.63,33.25
2024-01-11 17:42:21,57.35,33.2
2024-01-11 17:44:46,62.17,33.38
2024-01-11 17:47:12,64.3,31.8
2024-01-11 17:49:38,51.17,29.98
2024-01-11 17:52:07,49.92,29.08
2024-01-11 17:54:33,55.97,29.55
2024-01-11 17:56:59,55.72,28.65
2024-01-11 17:59:25,57.6,28.83
2024-01-11 18:01:50,49.47,27.9
2024-01-11 18:04:16,46.08,26.33
2024-01-11 18:06:44,50.15,26.7
2024-01-11 18:09:10,45.47,25.83
2024-01-11 18:11:36,50.08,24.73
2024-01-11 18:14:02,42.1,23.9
2024-01-11 18:16:28,44.22,23.77
2024-01-11 18:18:54,44.67,23.4
2024-01-11 18:21:19,45.38,23.05
2024-01-11 18:23:45,47.75,24.4
2024-01-11 18:26:11,43.63,23.15
2024-01-11 18:28:38,43.92,24.3
2024-01-11 18:31:04,39.8,22.42
2024-01-11 18:33:29,42.4,22.05
2024-01-11 18:35:55,43.35,21.02
2024-01-11 18:38:21,36.15,19.95
2024-01-11 18:40:48,32.47,19.42
2024-01-11 18:43:14,35.85,18.98
2024-01-11 18:45:42,39.38,19.25
2024-01-11 18:48:09,34.03,20.0
2024-01-11 18:50:36,34.72,19.77
2024-01-11 18:53:02,33.17,18.13
2024-01-11 18:55:29,38.35,19.88
2024-01-11 18:57:56,40.4,19.9
2024-01-11 19:00:22,38.7,20.23
2024-01-11 19:02:47,43.92,20.77
2024-01-11 19:05:15,40.78,21.15
2024-01-11 19:07:42,50.58,23.05
2024-01-11 19:10:09,44.78,22.2
2024-01-11 19:12:35,41.88,20.08
2024-01-11 19:15:01,45.55,21.85
2024-01-11 19:17:29,34.83,19.7
2024-01-11 19:19:54,36.45,20.95
2024-01-11 19:22:20,45.5,21.63
2024-01-11 19:24:46,37.1,20.65
2024-01-11 19:27:12,39.4,20.33
2024-01-11 19:29:37,34.17,20.2
2024-01-11 19:32:03,39.83,20.65
2024-01-11 19:34:29,36.9,18.77
2024-01-11 19:36:55,39.95,20.7
2024-01-11 19:39:21,37.1,21.48
2024-01-11 19:41:46,70.88,42.2
2024-01-11 19:44:12,104.4,55.03
2024-01-11 19:46:38,77.6,44.1
2024-01-11 19:49:06,67.4,36.78
2024-01-11 19:51:32,60.78,32.4
2024-01-11 19:53:58,61.38,31.13
2024-01-11 19:56:23,61.0,34.63
2024-01-11 19:58:53,52.67,30.9
2024-01-11 20:01:18,72.55,37.5
2024-01-11 20:03:44,57.65,31.75
2024-01-11 20:06:10,58.55,30.8
2024-01-11 20:08:36,60.17,33.97
2024-01-11 20:11:03,58.17,31.88
2024-01-11 20:13:29,71.38,36.88
2024-01-11 20:15:56,95.18,48.8
2024-01-11 20:18:22,79.9,44.88
2024-01-11 20:20:48,76.05,40.38
2024-01-11 20:23:16,82.65,45.28
2024-01-11 20:25:43,80.72,43.4
2024-01-11 20:28:09,82.47,47.22
2024-01-11 20:30:35,93.53,51.65
2024-01-11 20:33:02,102.22,56.25
2024-01-11 20:35:28,103.32,58.58
2024-01-11 20:37:54,80.8,45.35
2024-01-11 20:40:20,75.4,43.03
2024-01-11 20:42:46,72.22,38.63
2024-01-11 20:45:12,63.38,34.05
2024-01-11 20:47:37,75.15,42.17
2024-01-11 20:50:03,94.05,53.1
2024-01-11 20:52:29,107.22,61.53
2024-01-11 20:54:56,196.98,105.25
2024-01-11 20:57:22,149.23,87.63
2024-01-11 20:59:48,134.07,77.9
2024-01-11 21:02:13,122.2,66.28
2024-01-11 21:04:39,132.6,68.65
2024-01-11 21:07:05,119.32,65.07
2024-01-11 21:09:32,115.4,64.0
2024-01-11 21:11:58,135.55,71.4
2024-01-11 21:14:25,108.0,60.05
2024-01-11 21:16:51,152.8,86.28
2024-01-11 21:19:17,163.6,88.28
2024-01-11 21:21:42,134.75,73.65
2024-01-11 21:24:10,105.7,54.33
2024-01-11 21:26:36,81.8,44.25
2024-01-11 21:29:02,83.95,45.63
2024-01-11 21:31:28,66.78,39.05
2024-01-11 21:33:58,63.42,37.53
2024-01-11 21:36:25,84.78,46.22
2024-01-11 21:38:51,164.5,94.13
2024-01-11 21:41:19,215.8,113.15
2024-01-11 21:43:46,224.55,115.93
2024-01-11 21:46:11,216.25,111.78
2024-01-11 21:48:38,218.3,112.22
2024-01-11 21:51:04,170.45,86.47
2024-01-11 21:53:30,192.88,103.38
2024-01-11 21:55:56,163.9,93.82
2024-01-11 21:58:22,97.82,51.85
2024-01-11 22:00:49,120.2,62.67
2024-01-11 22:03:19,107.18,58.3
2024-01-11 22:05:45,101.85,56.92
2024-01-11 22:08:11,121.78,66.43
2024-01-11 22:10:37,134.4,72.82
2024-01-11 22:13:02,107.45,54.78
2024-01-11 22:15:28,112.18,61.9
2024-01-11 22:17:54,84.18,47.6
2024-01-11 22:20:20,78.07,41.6
2024-01-11 22:22:46,80.0,41.6
2024-01-11 22:25:11,92.5,48.78
2024-01-11 22:27:37,97.13,55.3
2024-01-11 22:30:03,97.4,54.08
2024-01-11 22:32:33,116.97,62.1
2024-01-11 22:35:01,75.43,41.47
2024-01-11 22:37:28,76.4,40.45
2024-01-11 22:39:54,80.7,41.75
2024-01-11 22:42:20,97.7,51.3
2024-01-11 22:44:46,111.68,59.58
2024-01-11 22:47:12,120.55,63.45
2024-01-11 22:49:38,145.23,80.03
2024-01-11 22:52:04,157.73,83.57
2024-01-11 22:54:31,132.43,69.13
2024-01-11 22:56:56,118.6,61.7
2024-01-11 22:59:22,89.9,46.28
2024-01-11 23:01:48,104.95,54.72
2024-01-11 23:04:14,96.28,52.85
2024-01-11 23:06:40,117.63,65.95
2024-01-11 23:09:06,111.35,59.58
2024-01-11 23:11:36,84.18,47.45
2024-01-11 23:14:02,77.9,40.4
2024-01-11 23:16:28,75.13,42.63
2024-01-11 23:18:54,66.9,39.53
2024-01-11 23:21:20,83.5,46.22
2024-01-11 23:23:49,67.57,36.67
2024-01-11 23:26:15,66.65,37.38
2024-01-11 23:28:41,87.1,47.83
2024-01-11 23:31:07,88.95,48.97
2024-01-11 23:33:33,80.68,45.13
2024-01-11 23:35:59,111.63,55.38
2024-01-11 23:38:24,105.43,53.72
2024-01-11 23:40:50,103.82,49.67
2024-01-11 23:43:16,92.95,47.05
2024-01-11 23:45:42,94.82,49.58
2024-01-11 23:48:08,84.25,47.08
2024-01-11 23:50:34,90.6,45.55
2024-01-11 23:52:59,92.22,46.33
2024-01-11 23:55:25,82.35,45.35
2024-01-11 23:57:52,99.07,47.97
2024-01-12 00:00:19,92.35,49.22
2024-01-12 00:02:45,94.53,48.15
2024-01-12 00:05:10,82.45,45.7
2024-01-12 00:07:36,87.8,46.47
2024-01-12 00:10:02,74.95,42.05
2024-01-12 00:12:28,81.7,43.83
2024-01-12 00:14:57,86.38,47.63
2024-01-12 00:17:23,79.72,45.22
2024-01-12 00:19:49,109.43,57.3
2024-01-12 00:22:15,109.78,57.8
2024-01-12 00:24:40,93.57,50.15
2024-01-12 00:27:06,100.82,53.83
2024-01-12 00:29:32,93.63,49.45
2024-01-12 00:31:57,81.1,45.15
2024-01-12 00:34:23,79.43,41.9
2024-01-12 00:36:49,77.7,43.08
2024-01-12 00:39:18,72.47,40.55
2024-01-12 00:41:44,69.45,40.85
2024-01-12 00:44:10,63.13,37.55
2024-01-12 00:46:36,69.1,37.95
2024-01-12 00:49:02,66.93,38.95
2024-01-12 00:51:28,70.78,39.8
2024-01-12 00:53:53,77.63,42.58
2024-01-12 00:56:19,76.03,43.65
2024-01-12 00:58:45,72.72,42.67
2024-01-12 01:01:11,76.35,43.47
2024-01-12 01:03:37,82.15,44.03
2024-01-12 01:06:03,79.47,46.05
2024-01-12 01:08:29,98.13,49.3
2024-01-12 01:10:55,98.22,53.78
2024-01-12 01:13:21,88.05,46.65
2024-01-12 01:15:47,103.72,55.22
2024-01-12 01:18:13,76.35,43.55
2024-01-12 01:20:40,78.07,40.97
2024-01-12 01:23:06,100.57,51.22
2024-01-12 01:25:32,87.55,48.17
2024-01-12 01:27:58,98.28,51.9
2024-01-12 01:30:23,95.95,50.63
2024-01-12 01:32:49,84.9,47.9
2024-01-12 01:35:15,88.3,49.78
2024-01-12 01:37:41,76.55,42.55
2024-01-12 01:40:08,97.15,51.22
2024-01-12 01:42:34,81.1,44.53
2024-01-12 01:45:00,122.8,59.28
2024-01-12 01:47:27,100.97,48.85
2024-01-12 01:49:54,96.6,49.2
2024-01-12 01:52:21,87.88,47.65
2024-01-12 01:54:51,74.22,38.4
2024-01-12 01:57:18,74.43,37.72
2024-01-12 01:59:44,71.13,38.6
2024-01-12 02:02:10,78.28,43.13
2024-01-12 02:04:36,72.55,39.3
2024-01-12 02:07:02,75.5,40.78
2024-01-12 02:09:29,77.75,42.0
2024-01-12 02:11:59,71.75,41.13
2024-01-12 02:14:25,72.35,38.17
2024-01-12 02:16:51,84.1,41.08
2024-01-12 02:19:17,82.05,42.6
2024-01-12 02:21:43,75.95,41.67
2024-01-12 02:24:09,73.18,39.8
2024-01-12 02:26:35,87.55,45.75
2024-01-12 02:29:00,81.95,42.47
2024-01-12 02:31:28,81.93,41.97
2024-01-12 02:33:55,86.1,43.4
2024-01-12 02:36:21,74.8,39.58
2024-01-12 02:38:51,88.13,48.35
2024-01-12 02:41:17,85.03,40.8
2024-01-12 02:43:43,63.97,36.58
2024-01-12 02:46:09,56.5,31.5
2024-01-12 02:48:35,58.65,32.4
2024-01-12 02:51:00,63.38,33.45
2024-01-12 02:53:26,52.6,29.4
2024-01-12 02:55:52,57.0,30.85
2024-01-12 02:58:18,71.0,35.9
2024-01-12 03:00:43,59.97,32.67
2024-01-12 03:03:09,53.1,30.52
2024-01-12 03:05:35,59.88,33.8
2024-01-12 03:08:01,59.97,32.08
2024-01-12 03:10:26,58.0,31.42
2024-01-12 03:12:52,68.8,38.28
2024-01-12 03:15:18,65.18,35.4
2024-01-12 03:17:44,57.85,32.53
2024-01-12 03:20:10,49.33,28.75
2024-01-12 03:22:35,51.55,26.65
2024-01-12 03:25:02,57.65,27.8
2024-01-12 03:27:28,55.08,29.85
2024-01-12 03:29:53,61.2,31.27
2024-01-12 03:32:22,54.13,30.25
2024-01-12 03:34:48,67.55,33.65
2024-01-12 03:37:14,49.28,28.65
2024-01-12 03:39:39,59.83,30.95
2024-01-12 03:42:05,56.67,30.2
2024-01-12 03:44:31,53.78,31.33
2024-01-12 03:46:57,53.53,31.08
2024-01-12 03:49:23,60.97,31.27
2024-01-12 03:51:49,54.63,29.92
2024-01-12 03:54:22,55.78,29.8
2024-01-12 03:56:50,55.78,30.75
2024-01-12 03:59:16,57.15,29.45
2024-01-12 04:01:42,48.88,27.0
2024-01-12 04:04:09,56.95,28.67
2024-01-12 04:06:35,60.05,31.85
2024-01-12 04:09:00,60.9,31.67
2024-01-12 04:11:26,64.15,34.78
2024-01-12 04:13:52,61.58,33.78
2024-01-12 04:16:18,63.03,33.53
2024-01-12 04:18:44,54.3,30.95
2024-01-12 04:21:10,51.63,27.33
2024-01-12 04:23:37,55.95,29.9
2024-01-12 04:26:03,58.0,32.13
2024-01-12 04:28:28,55.22,29.38
2024-01-12 04:30:54,55.05,27.25
2024-01-12 04:33:20,49.83,26.05
2024-01-12 04:35:46,50.47,26.45
2024-01-12 04:38:11,44.53,24.23
2024-01-12 04:40:38,52.72,26.27
2024-01-12 04:43:05,48.22,26.85
2024-01-12 04:45:30,41.35,23.42
2024-01-12 04:47:56,44.47,26.42
2024-01-12 04:50:22,55.67,27.55
2024-01-12 04:52:48,45.65,23.05
2024-01-12 04:55:15,40.0,21.83
2024-01-12 04:57:41,46.63,24.73
2024-01-12 05:00:07,52.88,25.4
2024-01-12 05:02:33,43.4,22.13
2024-01-12 05:04:59,45.28,22.88
2024-01-12 05:07:25,41.63,21.77
2024-01-12 05:09:50,42.4,23.77
2024-01-12 05:12:16,40.28,22.6
2024-01-12 05:14:42,44.17,23.92
2024-01-12 05:17:08,43.6,22.17
2024-01-12 05:19:33,38.05,21.88
2024-01-12 05:22:00,36.1,19.55
2024-01-12 05:24:25,38.42,21.7
2024-01-12 05:26:51,48.08,24.63
2024-01-12 05:29:17,40.97,22.15
2024-01-12 05:31:43,43.2,24.9
2024-01-12 05:34:09,50.33,27.05
2024-01-12 05:36:35,51.75,26.02
2024-01-12 05:39:01,45.58,26.48
2024-01-12 05:41:27,45.78,24.55
2024-01-12 05:43:53,42.72,23.3
2024-01-12 05:46:19,41.95,22.3
2024-01-12 05:48:44,45.95,23.73
2024-01-12 05:51:13,44.42,22.55
2024-01-12 05:53:40,40.08,21.83
2024-01-12 05:56:06,39.42,22.63
2024-01-12 05:58:32,42.08,22.55
2024-01-12 06:00:58,45.97,25.33
2024-01-12 06:03:24,46.05,26.25
2024-01-12 06:05:53,59.08,29.2
2024-01-12 06:08:21,55.22,28.73
2024-01-12 06:10:47,61.75,32.2
2024-01-12 06:13:14,60.78,32.58
2024-01-12 06:15:40,51.3,28.5
2024-01-12 06:18:06,49.35,26.9
2024-01-12 06:20:31,45.22,27.17
2024-01-12 06:22:57,56.03,26.88
2024-01-12 06:25:23,71.63,36.58
2024-01-12 06:27:49,48.72,25.48
2024-01-12 06:30:15,49.8,25.3
2024-01-12 06:32:42,74.57,40.47
2024-01-12 06:35:08,106.3,54.4
2024-01-12 06:37:35,107.88,56.28
2024-01-12 06:40:01,114.25,56.58
2024-01-12 06:42:27,94.78,49.25
2024-01-12 06:44:55,93.03,46.88
2024-01-12 06:47:21,85.45,45.55
2024-01-12 06:49:47,81.88,43.5
2024-01-12 06:52:13,80.1,45.3
2024-01-12 06:54:42,92.38,50.15
2024-01-12 06:57:09,82.82,43.0
2024-01-12 06:59:35,81.57,42.6
2024-01-12 07:02:01,78.47,43.22
2024-01-12 07:04:26,71.03,36.38
2024-01-12 07:06:52,70.25,36.13
2024-01-12 07:09:18,70.3,36.83
2024-01-12 07:11:44,69.78,38.33
2024-01-12 07:14:10,75.95,43.33
2024-01-12 07:16:39,87.25,46.58
2024-01-12 07:19:05,98.25,52.95
2024-01-12 07:21:32,85.15,47.4
2024-01-12 07:24:01,73.05,40.97
2024-01-12 07:26:27,60.95,34.28
2024-01-12 07:28:53,62.65,36.08
2024-01-12 07:31:19,70.47,39.85
2024-01-12 07:33:45,67.82,38.45
2024-01-12 07:36:11,60.58,35.05
2024-01-12 07:38:37,67.3,37.63
2024-01-12 07:41:02,66.47,37.95
2024-01-12 07:43:28,67.05,34.42
2024-01-12 07:45:55,52.88,31.65
2024-01-12 07:48:22,52.15,30.55
2024-01-12 07:50:48,51.65,30.35
2024-01-12 07:53:14,58.9,31.13
2024-01-12 07:55:40,57.55,30.8
2024-01-12 07:58:05,53.4,30.13
2024-01-12 08:00:31,49.85,29.4
2024-01-12 08:02:57,50.15,29.35
2024-01-12 08:05:23,53.4,31.65
2024-01-12 08:07:49,57.58,36.0
2024-01-12 08:10:15,60.13,35.47
2024-01-12 08:12:42,64.9,34.2
2024-01-12 08:15:07,52.08,33.35
2024-01-12 08:17:34,51.03,31.9
2024-01-12 08:20:02,52.13,31.8
2024-01-12 08:22:27,58.45,34.35
2024-01-12 08:24:54,55.38,32.58
2024-01-12 08:27:19,56.03,32.2
2024-01-12 08:29:45,52.7,31.3
2024-01-12 08:32:11,53.47,31.85
2024-01-12 08:34:37,56.38,31.1
2024-01-12 08:37:04,53.7,33.28
2024-01-12 08:39:31,49.92,30.73
2024-01-12 08:41:57,51.83,30.6
2024-01-12 08:44:23,48.5,28.15
2024-01-12 08:46:49,45.45,27.05
2024-01-12 08:49:19,38.33,24.05
2024-01-12 08:51:47,37.47,23.33
2024-01-12 08:54:13,41.17,24.9
2024-01-12 08:56:39,44.92,25.7
2024-01-12 08:59:05,39.72,23.1
2024-01-12 09:01:31,41.17,24.2
2024-01-12 09:03:57,44.58,23.55
2024-01-12 09:06:24,37.35,22.7
2024-01-12 09:08:50,37.33,22.45
2024-01-12 09:11:16,38.22,23.2
2024-01-12 09:13:41,43.6,25.48
2024-01-12 09:16:07,36.3,21.98
2024-01-12 09:18:34,41.72,24.13
2024-01-12 09:21:00,37.15,23.6
2024-01-12 09:23:25,46.38,25.88
2024-01-12 09:25:51,45.83,26.08
2024-01-12 09:28:20,44.88,27.1
2024-01-12 09:30:46,45.58,28.25
2024-01-12 09:33:13,43.8,24.13
2024-01-12 09:35:39,37.58,21.92
2024-01-12 09:38:05,38.55,23.02
2024-01-12 09:40:32,36.42,19.48
2024-01-12 09:43:01,30.58,17.83
2024-01-12 09:45:31,33.78,20.0
2024-01-12 09:48:01,28.48,17.6
2024-01-12 09:50:27,38.53,22.13
2024-01-12 09:52:54,33.75,20.08
2024-01-12 09:55:20,34.8,19.0
2024-01-12 09:57:46,35.38,20.38
2024-01-12 10:00:13,31.92,20.6
2024-01-12 10:02:41,32.03,18.17
2024-01-12 10:05:07,30.92,18.45
2024-01-12 10:07:34,33.15,18.9
2024-01-12 10:09:59,27.3,16.63
2024-01-12 10:12:25,33.47,18.75
2024-01-12 10:14:58,27.92,17.4
2024-01-12 10:17:27,31.23,18.17
2024-01-12 10:19:54,29.48,18.83
2024-01-12 10:22:20,30.23,17.73
2024-01-12 10:24:46,26.13,16.8
2024-01-12 10:27:28,33.9,20.1
2024-01-12 10:29:55,32.13,17.4
2024-01-12 10:32:24,30.33,18.35
2024-01-12 10:34:51,34.03,18.08
2024-01-12 10:37:18,26.77,16.05
2024-01-12 10:39:45,27.27,16.95
2024-01-12 10:42:15,26.3,16.85
2024-01-12 10:44:43,30.48,16.25
2024-01-12 10:47:16,30.83,18.85
2024-01-12 10:52:28,29.15,16.42
2024-01-12 10:55:05,31.88,17.95
2024-01-12 10:57:36,26.35,15.55
2024-01-12 11:00:02,25.83,16.65
2024-01-12 11:02:33,26.83,16.05
2024-01-12 11:05:00,26.17,14.9
2024-01-12 11:07:27,28.33,16.4
2024-01-12 11:09:53,25.88,16.58
2024-01-12 11:15:02,34.0,19.33
2024-01-12 11:17:30,31.08,17.73
2024-01-12 11:20:11,30.75,17.55
2024-01-12 11:22:38,24.67,14.75
2024-01-12 11:25:06,26.45,16.27
2024-01-12 11:27:39,24.73,13.73
2024-01-12 11:30:11,28.35,16.3
2024-01-12 11:32:37,24.23,15.02
2024-01-12 11:35:16,30.77,15.93
2024-01-12 11:37:43,26.38,14.9
2024-01-12 11:40:14,25.67,14.68
2024-01-12 11:42:41,30.17,15.23
2024-01-12 11:45:12,27.9,16.0
2024-01-12 11:47:41,29.52,15.45
2024-01-12 11:50:09,28.73,14.7
2024-01-12 11:52:37,28.15,15.5
2024-01-12 11:55:03,26.2,14.88
2024-01-12 11:57:32,27.42,15.13
2024-01-12 12:00:02,25.6,15.38
2024-01-12 12:02:29,25.45,14.95
2024-01-12 12:04:54,27.83,16.45
2024-01-12 12:07:25,25.63,15.43
2024-01-12 12:09:52,23.2,13.43
2024-01-12 12:12:19,26.23,14.88
2024-01-12 12:14:56,25.6,14.15
2024-01-12 12:17:36,23.3,13.77
2024-01-12 12:20:06,24.83,14.23
2024-01-12 12:22:39,21.43,13.17
2024-01-12 12:25:07,26.25,15.45
2024-01-12 12:27:35,24.02,12.85
2024-01-12 12:30:01,21.92,12.05
2024-01-12 12:32:29,20.5,12.1
2024-01-12 12:34:55,23.17,13.15
2024-01-12 12:37:20,20.88,12.13
2024-01-12 12:39:47,23.45,14.1
2024-01-12 12:42:12,26.9,15.07
2024-01-12 12:44:38,30.3,15.27
2024-01-12 12:47:04,21.33,12.88
2024-01-12 12:49:30,25.02,14.65
2024-01-12 12:51:57,25.58,14.4
2024-01-12 12:54:23,24.63,14.93
2024-01-12 12:56:52,22.67,13.93
2024-01-12 12:59:21,22.33,10.55
2024-01-12 13:01:47,20.17,10.63
2024-01-12 13:04:13,18.3,10.5
2024-01-12 13:06:39,19.25,10.6
2024-01-12 13:09:05,17.2,10.07
2024-01-12 13:11:32,19.95,10.48
2024-01-12 13:13:58,19.17,10.75
2024-01-12 13:16:24,14.15,8.6
2024-01-12 13:18:51,14.9,8.3
2024-01-12 13:21:19,14.8,9.68
2024-01-12 13:23:45,15.8,9.02
2024-01-12 13:26:11,12.9,5.97
2024-01-12 13:28:37,18.75,10.77
2024-01-12 13:31:03,30.2,15.1
2024-01-12 13:33:29,20.4,11.52
2024-01-12 13:35:55,21.3,13.18
2024-01-12 13:38:20,24.48,15.1
2024-01-12 13:40:46,26.45,15.3
2024-01-12 13:43:12,22.1,13.7
2024-01-12 13:45:38,32.97,18.4
2024-01-12 13:48:04,24.73,15.13
2024-01-12 13:50:33,26.5,15.4
2024-01-12 13:53:00,19.73,11.45
2024-01-12 13:55:27,17.98,11.23
2024-01-12 13:57:53,18.98,11.3
2024-01-12 14:00:19,19.42,10.88
2024-01-12 14:02:45,19.75,11.3
2024-01-12 14:05:11,17.48,10.9
2024-01-12 14:07:38,20.17,10.23
2024-01-12 14:10:05,22.25,13.05
2024-01-12 14:12:32,20.7,11.18
2024-01-12 14:14:58,21.35,12.4
2024-01-12 14:17:24,17.77,11.1
2024-01-12 14:19:50,18.45,10.45
2024-01-12 14:22:16,25.38,12.13
2024-01-12 14:24:42,19.9,12.52
2024-01-12 14:27:08,22.13,12.23
2024-01-12 14:29:37,17.9,10.98
2024-01-12 14:32:03,24.02,13.13
2024-01-12 14:34:29,21.77,11.95
2024-01-12 14:36:55,23.13,13.23
2024-01-12 14:39:21,30.05,17.52
2024-01-12 14:41:47,33.7,18.98
2024-01-12 14:44:13,33.42,19.5
2024-01-12 14:46:39,35.15,21.33
2024-01-12 14:49:06,39.13,21.73
2024-01-12 14:51:32,36.67,20.4
2024-01-12 14:53:58,34.0,18.92
2024-01-12 14:56:25,32.7,19.08
2024-01-12 14:58:51,34.42,19.83
2024-01-12 15:01:17,31.3,18.23
2024-01-12 15:03:44,30.05,18.27
2024-01-12 15:06:10,33.78,18.2
2024-01-12 15:08:36,34.45,18.3
2024-01-12 15:11:03,36.33,20.42
2024-01-12 15:13:30,37.22,20.23
2024-01-12 15:15:56,38.13,20.13
2024-01-12 15:18:23,38.55,21.27
2024-01-12 15:20:49,31.92,18.5
2024-01-12 15:23:19,40.78,22.45
2024-01-12 15:25:44,49.53,25.23
2024-01-12 15:28:10,38.22,21.1
2024-01-12 15:30:37,40.65,22.35
2024-01-12 15:33:03,39.45,23.15
2024-01-12 15:35:29,45.92,23.85
2024-01-12 15:37:55,45.9,23.4
2024-01-12 15:40:21,39.53,21.5
2024-01-12 15:42:46,38.03,22.77
2024-01-12 15:45:12,44.45,23.5
2024-01-12 15:47:38,44.3,24.38
2024-01-12 15:50:03,36.92,21.65
2024-01-12 15:52:30,38.0,21.95
2024-01-12 15:54:55,38.4,21.02
2024-01-12 15:57:21,39.17,21.58
2024-01-12 15:59:47,40.42,21.38
2024-01-12 16:02:12,42.33,23.52
2024-01-12 16:04:40,41.92,22.98
2024-01-12 16:07:06,35.75,22.3
2024-01-12 16:09:35,44.95,24.3
2024-01-12 16:12:02,37.53,20.98
2024-01-12 16:14:28,37.15,20.67
2024-01-12 16:17:05,36.78,20.1
2024-01-12 16:19:37,39.7,20.98
2024-01-12 16:22:03,40.45,23.15
2024-01-12 16:24:30,37.92,21.33
2024-01-12 16:26:55,42.5,23.8
2024-01-12 16:29:21,34.33,19.27
2024-01-12 16:31:47,37.42,20.55
2024-01-12 16:34:13,37.3,20.52
2024-01-12 16:36:38,36.53,19.65
2024-01-12 16:39:04,40.33,20.88
2024-01-12 16:41:30,37.03,19.83
2024-01-12 16:43:56,36.28,19.63
2024-01-12 16:46:21,34.3,18.67
2024-01-12 16:48:47,30.5,17.08
2024-01-12 16:51:16,31.67,17.1
2024-01-12 16:53:42,30.25,15.55
2024-01-12 16:56:08,39.7,21.45
2024-01-12 16:58:37,31.38,17.7
2024-01-12 17:01:03,37.8,19.75
2024-01-12 17:03:29,45.1,24.05
2024-01-12 17:05:58,28.33,15.65
2024-01-12 17:08:24,32.72,18.83
2024-01-12 17:10:50,32.47,18.17
2024-01-12 17:13:15,38.5,19.05
2024-01-12 17:15:41,32.92,18.3
2024-01-12 17:18:10,38.22,19.7
2024-01-12 17:20:36,44.17,22.05
2024-01-12 17:23:03,46.13,25.65
2024-01-12 17:25:29,47.47,26.1
2024-01-12 17:27:55,46.95,24.67
2024-01-12 17:30:21,30.13,16.9
2024-01-12 17:32:46,33.47,18.23
2024-01-12 17:35:12,35.0,18.9
2024-01-12 17:37:38,40.33,20.92
2024-01-12 17:40:10,41.83,21.13
2024-01-12 17:42:36,41.05,22.35
2024-01-12 17:45:03,39.83,21.9
2024-01-12 17:47:30,37.17,20.8
2024-01-12 17:49:56,37.7,20.73
2024-01-12 17:52:22,31.45,17.7
2024-01-12 17:54:48,33.35,17.17
2024-01-12 17:57:14,26.9,16.55
2024-01-12 17:59:40,25.38,15.0
2024-01-12 18:02:06,26.8,14.4
2024-01-12 18:04:32,22.65,13.0
2024-01-12 18:07:01,21.13,12.4
2024-01-12 18:09:27,20.02,12.48
2024-01-12 18:11:52,21.42,12.63
2024-01-12 18:14:18,22.33,13.0
2024-01-12 18:16:44,30.13,16.98
2024-01-12 18:19:10,31.2,15.6
2024-01-12 18:21:35,27.83,13.95
2024-01-12 18:24:01,26.05,14.57
2024-01-12 18:26:28,24.8,13.7
2024-01-12 18:28:53,25.33,14.2
2024-01-12 18:31:19,29.85,16.8
2024-01-12 18:33:46,28.75,16.27
2024-01-12 18:36:12,35.63,19.38
2024-01-12 18:38:39,36.13,19.7
2024-01-12 18:41:05,37.42,22.75
2024-01-12 18:43:31,40.38,23.7
2024-01-12 18:45:57,56.03,32.35
2024-01-12 18:48:23,54.47,32.08
2024-01-12 18:50:50,68.8,37.35
2024-01-12 18:53:16,40.67,23.35
2024-01-12 18:55:43,57.33,33.33
2024-01-12 18:58:08,70.63,39.33
2024-01-12 19:00:34,63.13,34.17
2024-01-12 19:03:00,63.15,36.53
2024-01-12 19:05:32,73.05,39.58
2024-01-12 19:07:58,69.63,40.2
2024-01-12 19:10:25,64.43,35.25
2024-01-12 19:12:51,32.78,19.98
2024-01-12 19:15:18,45.9,27.27
2024-01-12 19:17:44,46.5,25.65
2024-01-12 19:20:10,56.92,30.75
2024-01-12 19:22:36,49.72,28.23
2024-01-12 19:25:03,48.55,27.83
2024-01-12 19:27:32,45.53,24.73
2024-01-12 19:29:59,36.95,22.38
2024-01-12 19:32:25,37.38,21.55
2024-01-12 19:34:52,44.5,23.63
2024-01-12 19:37:22,39.1,22.98
2024-01-12 19:39:48,39.25,21.35
2024-01-12 19:42:14,41.42,22.25
2024-01-12 19:44:40,42.9,23.88
2024-01-12 19:47:05,39.65,22.95
2024-01-12 19:49:31,35.88,20.5
2024-01-12 19:51:57,45.22,24.3
2024-01-12 19:54:23,41.33,21.92
2024-01-12 19:56:49,34.83,20.13
2024-01-12 19:59:16,32.08,19.08
2024-01-12 20:01:42,33.97,18.6
2024-01-12 20:04:08,28.75,17.23
2024-01-12 20:06:34,27.52,15.88
2024-01-12 20:09:00,26.33,14.27
2024-01-12 20:11:26,27.92,15.43
2024-01-12 20:13:51,23.73,13.38
2024-01-12 20:16:17,24.5,14.2
2024-01-12 20:18:43,25.92,14.25
2024-01-12 20:21:10,25.85,13.95
2024-01-12 20:23:36,22.88,12.85
2024-01-12 20:26:03,23.55,13.2
2024-01-12 20:28:29,24.8,13.35
2024-01-12 20:30:54,22.83,13.05
2024-01-12 20:33:20,27.05,14.05
2024-01-12 20:35:46,23.8,13.65
2024-01-12 20:38:12,25.83,12.85
2024-01-12 20:40:37,25.2,13.48
2024-01-12 20:43:05,23.23,13.55
2024-01-12 20:45:31,25.05,13.85
2024-01-12 20:47:57,25.2,13.25
2024-01-12 20:50:23,22.48,12.98
2024-01-12 20:52:49,23.98,13.0
2024-01-12 20:55:15,24.6,12.98
2024-01-12 20:57:41,21.73,12.95
2024-01-12 21:00:07,30.17,16.1
2024-01-12 21:02:33,38.47,19.05
2024-01-12 21:04:59,39.55,22.92
2024-01-12 21:07:24,40.8,23.58
2024-01-12 21:09:50,32.1,18.42
2024-01-12 21:12:16,38.17,22.23
2024-01-12 21:14:42,38.03,21.25
2024-01-12 21:17:08,38.13,20.35
2024-01-12 21:19:33,40.38,21.88
2024-01-12 21:21:59,31.17,18.8
2024-01-12 21:24:25,37.8,21.02
2024-01-12 21:26:52,42.0,23.63
2024-01-12 21:29:18,41.22,21.6
2024-01-12 21:31:44,45.35,26.25
2024-01-12 21:34:09,47.22,26.0
2024-01-12 21:36:35,52.17,29.95
2024-01-12 21:39:01,55.72,31.67
2024-01-12 21:41:28,54.05,29.65
2024-01-12 21:43:56,48.08,25.65
2024-01-12 21:46:22,63.67,32.88
2024-01-12 21:48:50,43.58,25.17
2024-01-12 21:51:16,45.78,24.98
2024-01-12 21:53:41,40.88,22.4
2024-01-12 21:56:07,39.92,21.5
2024-01-12 21:58:33,33.53,19.83
2024-01-12 22:00:59,49.67,26.1
2024-01-12 22:03:24,44.58,25.45
2024-01-12 22:05:50,50.5,27.98
2024-01-12 22:08:16,44.9,24.25
2024-01-12 22:10:42,43.42,25.33
2024-01-12 22:13:07,49.28,25.58
2024-01-12 22:15:33,47.03,25.75
2024-01-12 22:18:00,39.5,21.02
2024-01-12 22:20:26,43.67,25.23
2024-01-12 22:22:51,55.8,31.17
2024-01-12 22:25:17,48.9,27.08
2024-01-12 22:27:43,48.63,26.55
2024-01-12 22:30:09,45.63,25.88
2024-01-12 22:32:35,47.83,25.52
2024-01-12 22:35:01,47.53,24.8
2024-01-12 22:37:28,45.03,26.0
2024-01-12 22:39:54,47.2,25.58
2024-01-12 22:42:20,47.1,24.05
2024-01-12 22:44:45,45.25,24.8
2024-01-12 22:47:11,51.08,25.35
2024-01-12 22:49:37,43.92,24.13
2024-01-12 22:52:03,48.4,26.25
2024-01-12 22:54:29,46.88,26.6
2024-01-12 22:56:55,45.97,25.33
2024-01-12 22:59:20,52.15,27.55
2024-01-12 23:01:46,68.63,34.97
2024-01-12 23:04:12,53.6,29.55
2024-01-12 23:06:37,57.4,31.35
2024-01-12 23:09:03,52.17,28.92
2024-01-12 23:11:34,55.25,29.67
2024-01-12 23:14:03,50.75,28.1
2024-01-12 23:16:30,51.13,28.95
2024-01-12 23:18:57,52.13,28.45
2024-01-12 23:21:22,52.8,28.67
2024-01-12 23:23:48,56.95,31.92
2024-01-12 23:26:14,45.7,28.52
2024-01-12 23:28:40,58.8,30.75
2024-01-12 23:31:06,64.63,34.58
2024-01-12 23:33:32,65.6,35.72
2024-01-12 23:35:57,62.0,33.7
2024-01-12 23:38:24,66.18,33.03
2024-01-12 23:40:50,62.13,32.95
2024-01-12 23:43:16,60.33,33.03
2024-01-12 23:45:42,82.0,43.35
2024-01-12 23:48:09,97.4,49.8
2024-01-12 23:50:35,76.18,38.97
2024-01-12 23:53:01,77.25,41.8
2024-01-12 23:55:27,77.68,42.8
2024-01-12 23:57:53,82.63,43.65
2024-01-13 00:00:18,80.0,42.58
2024-01-13 00:02:44,93.32,48.88
2024-01-13 00:05:10,109.57,57.33
2024-01-13 00:07:36,79.18,40.55
2024-01-13 00:10:02,79.2,42.17
2024-01-13 00:12:28,73.13,41.13
2024-01-13 00:14:54,81.85,42.1
2024-01-13 00:17:20,72.38,38.78
2024-01-13 00:19:45,98.97,51.95
2024-01-13 00:22:11,126.05,66.95
2024-01-13 00:24:37,123.82,62.95
2024-01-13 00:27:03,116.72,58.67
2024-01-13 00:29:29,116.88,59.53
2024-01-13 00:31:54,83.53,45.78
2024-01-13 00:34:21,107.43,53.75
2024-01-13 00:36:47,99.43,50.35
2024-01-13 00:39:12,100.3,53.38
2024-01-13 00:41:38,109.57,54.97
2024-01-13 00:44:04,118.32,56.9
2024-01-13 00:46:30,115.22,58.28
2024-01-13 00:48:55,85.85,44.35
2024-01-13 00:51:21,95.22,50.63
2024-01-13 00:53:47,104.18,51.75
2024-01-13 00:56:12,92.55,48.1
2024-01-13 00:58:38,90.47,47.3
2024-01-13 01:01:04,90.25,47.15
2024-01-13 01:03:30,97.9,47.85
2024-01-13 01:05:56,81.1,43.35
2024-01-13 01:08:23,74.93,38.63
2024-01-13 01:10:49,91.63,46.1
2024-01-13 01:13:15,81.8,41.38
2024-01-13 01:15:40,98.2,50.1
2024-01-13 01:18:06,85.95,46.17
2024-01-13 01:20:32,71.32,37.97
2024-01-13 01:22:58,71.28,37.67
2024-01-13 01:25:23,90.78,45.3
2024-01-13 01:27:49,90.75,43.05
2024-01-13 01:30:15,85.95,42.3
2024-01-13 01:32:41,77.05,40.13
2024-01-13 01:35:06,89.85,46.0
2024-01-13 01:37:33,79.75,43.55
2024-01-13 01:39:59,82.85,42.95
2024-01-13 01:42:24,85.68,42.75
2024-01-13 01:44:50,81.72,43.3
2024-01-13 01:47:17,98.55,49.45
2024-01-13 01:49:45,68.38,35.65
2024-01-13 01:52:12,81.43,42.58
2024-01-13 01:54:40,87.35,43.47
2024-01-13 01:57:08,84.47,43.58
2024-01-13 01:59:36,74.5,39.7
2024-01-13 02:02:02,83.43,41.0
2024-01-13 02:04:31,72.88,39.8
2024-01-13 02:06:57,70.03,38.47
2024-01-13 02:09:22,78.43,42.03
2024-01-13 02:11:49,80.03,43.05
2024-01-13 02:14:15,78.07,39.53
2024-01-13 02:16:40,80.18,41.0
2024-01-13 02:19:06,87.53,42.72
2024-01-13 02:21:35,78.8,40.7
2024-01-13 02:24:01,79.07,42.53
2024-01-13 02:26:27,86.45,42.83
2024-01-13 02:28:54,79.6,39.72
2024-01-13 02:31:20,83.7,43.47
2024-01-13 02:33:46,87.57,43.22
2024-01-13 02:36:11,86.25,43.38
2024-01-13 02:38:37,108.03,52.5
2024-01-13 02:41:03,111.78,56.1
2024-01-13 02:43:30,115.05,55.25
2024-01-13 02:45:55,83.88,42.6
2024-01-13 02:48:21,110.18,54.33
2024-01-13 02:50:50,103.78,51.83
2024-01-13 02:53:22,92.78,47.25
2024-01-13 02:55:48,93.53,46.53
2024-01-13 02:58:13,102.72,50.38
2024-01-13 03:00:39,90.75,46.6
2024-01-13 03:03:05,95.43,48.95
2024-01-13 03:05:31,93.93,47.67
2024-01-13 03:07:57,93.6,47.28
2024-01-13 03:10:22,96.78,50.38
2024-01-13 03:12:48,103.55,53.2
2024-01-13 03:15:14,103.2,52.25
2024-01-13 03:17:39,94.6,49.8
2024-01-13 03:20:05,94.82,48.53
2024-01-13 03:22:32,95.53,48.88
2024-01-13 03:24:57,96.72,50.42
2024-01-13 03:27:23,94.53,46.65
2024-01-13 03:29:49,96.95,49.08
2024-01-13 03:32:14,87.4,47.28
2024-01-13 03:34:40,87.55,46.6
2024-01-13 03:37:06,92.1,46.67
2024-01-13 03:39:32,90.95,45.95
2024-01-13 03:41:58,92.97,46.22
2024-01-13 03:44:24,88.93,45.38
2024-01-13 03:46:50,85.93,46.17
2024-01-13 03:49:16,100.85,51.9
2024-01-13 03:51:42,102.3,51.42
2024-01-13 03:54:08,124.07,58.85
2024-01-13 03:56:33,105.7,52.65
2024-01-13 03:58:59,101.88,50.53
2024-01-13 04:01:25,95.7,46.9
2024-01-13 04:03:51,83.63,43.55
2024-01-13 04:06:16,80.28,40.03
2024-01-13 04:08:42,85.82,47.1
2024-01-13 04:11:09,83.65,41.58
2024-01-13 04:13:35,76.57,42.08
2024-01-13 04:16:04,84.55,43.6
2024-01-13 04:18:30,86.75,45.97
2024-01-13 04:20:56,85.03,44.33
2024-01-13 04:23:22,80.35,40.78
2024-01-13 04:25:47,60.5,31.23
2024-01-13 04:28:13,65.38,35.47
2024-01-13 04:30:39,68.3,36.17
2024-01-13 04:33:04,60.03,32.58
2024-01-13 04:35:30,49.42,27.38
2024-01-13 04:37:56,59.58,29.1
2024-01-13 04:40:22,47.5,25.65
2024-01-13 04:42:48,35.03,19.73
2024-01-13 04:45:14,52.03,27.0
2024-01-13 04:47:40,53.75,27.08
2024-01-13 04:50:05,44.92,23.95
2024-01-13 04:52:31,53.15,26.3
2024-01-13 04:54:57,46.88,25.35
2024-01-13 04:57:23,53.75,28.17
2024-01-13 04:59:49,46.6,25.0
2024-01-13 05:02:14,31.8,16.95
2024-01-13 05:04:40,42.65,24.88
2024-01-13 05:07:06,82.63,37.65
2024-01-13 05:09:34,50.1,26.1
2024-01-13 05:12:00,41.38,22.63
2024-01-13 05:14:26,55.92,28.15
2024-01-13 05:16:51,58.42,28.83
2024-01-13 05:19:17,57.2,28.1
2024-01-13 05:21:43,55.05,27.52
2024-01-13 05:24:09,54.83,28.45
2024-01-13 05:26:35,55.55,27.92
2024-01-13 05:29:03,65.43,31.08
2024-01-13 05:31:28,60.63,31.08
2024-01-13 05:33:54,59.47,30.23
2024-01-13 05:36:20,62.45,31.17
2024-01-13 05:38:47,68.6,35.03
2024-01-13 05:41:13,61.33,33.47
2024-01-13 05:43:39,61.4,30.15
2024-01-13 05:46:05,63.65,30.33
2024-01-13 05:48:30,68.15,34.28
2024-01-13 05:50:56,61.7,31.25
2024-01-13 05:53:22,59.75,31.48
2024-01-13 05:55:48,64.1,31.0
2024-01-13 05:58:14,63.47,30.08
2024-01-13 06:00:40,63.97,33.17
2024-01-13 06:03:05,64.18,32.95
2024-01-13 06:05:31,64.45,33.13
2024-01-13 06:07:57,56.3,30.8
2024-01-13 06:10:23,61.35,31.38
2024-01-13 06:12:48,58.1,32.17
2024-01-13 06:15:14,61.28,32.28
2024-01-13 06:17:40,71.05,36.1
2024-01-13 06:20:06,60.0,33.17
2024-01-13 06:22:36,62.78,34.0
2024-01-13 06:25:01,73.18,37.38
2024-01-13 06:27:27,81.32,41.55
2024-01-13 06:29:54,88.47,46.47
2024-01-13 06:32:19,88.03,46.65
2024-01-13 06:34:45,95.1,47.47
2024-01-13 06:37:11,83.65,45.72
2024-01-13 06:39:36,84.63,43.17
2024-01-13 06:42:02,103.18,51.42
2024-01-13 06:44:32,90.72,48.08
2024-01-13 06:46:58,96.2,51.58
2024-01-13 06:49:24,100.3,52.1
2024-01-13 06:51:50,81.9,44.3
2024-01-13 06:54:15,88.55,47.03
2024-01-13 06:56:41,100.55,53.08
2024-01-13 06:59:07,100.15,53.78
2024-01-13 07:01:33,109.7,54.28
2024-01-13 07:03:59,94.97,50.42
2024-01-13 07:06:24,87.3,48.15
2024-01-13 07:08:50,68.05,38.53
2024-01-13 07:11:16,89.9,47.58
2024-01-13 07:13:42,91.65,46.75
2024-01-13 07:16:11,84.18,44.55
2024-01-13 07:18:37,86.65,44.5
2024-01-13 07:21:04,87.75,45.63
2024-01-13 07:23:31,104.22,54.45
2024-01-13 07:25:57,101.1,53.0
2024-01-13 07:28:23,82.05,47.42
2024-01-13 07:30:49,76.18,41.85
2024-01-13 07:33:15,64.05,36.63
2024-01-13 07:35:41,73.63,38.45
2024-01-13 07:38:07,54.9,32.47
2024-01-13 07:40:33,66.07,35.47
2024-01-13 07:42:58,70.9,37.35
2024-01-13 07:45:24,71.57,37.53
2024-01-13 07:47:50,65.15,36.13
2024-01-13 07:50:16,71.88,40.25
2024-01-13 07:52:42,72.43,39.3
2024-01-13 07:55:08,71.4,40.1
2024-01-13 07:57:34,75.63,41.72
2024-01-13 08:00:00,77.8,42.42
2024-01-13 08:02:27,75.55,42.78
2024-01-13 08:04:52,68.68,36.13
2024-01-13 08:07:18,64.78,35.83
2024-01-13 08:09:46,56.9,29.48
2024-01-13 08:12:12,51.65,27.83
2024-01-13 08:14:39,50.35,27.1
2024-01-13 08:17:05,50.05,27.95
2024-01-13 08:19:32,51.5,27.23
2024-01-13 08:21:58,45.1,23.15
2024-01-13 08:24:23,40.03,22.48
2024-01-13 08:26:49,44.13,23.6
2024-01-13 08:29:15,37.75,21.6
2024-01-13 08:31:41,43.75,22.1
2024-01-13 08:34:10,43.28,22.55
2024-01-13 08:36:36,46.33,24.35
2024-01-13 08:39:02,38.1,21.83
2024-01-13 08:41:27,38.1,21.8
2024-01-13 08:43:53,46.8,22.9
2024-01-13 08:46:19,38.1,20.05
2024-01-13 08:48:44,40.63,20.45
2024-01-13 08:51:10,34.67,18.9
2024-01-13 08:53:36,31.55,17.83
2024-01-13 08:56:02,30.92,16.88
2024-01-13 08:58:28,25.42,14.25
2024-01-13 09:00:55,24.27,13.65
2024-01-13 09:03:21,21.1,12.52
2024-01-13 09:05:47,23.42,13.6
2024-01-13 09:08:13,22.15,12.82
2024-01-13 09:10:39,22.1,12.27
2024-01-13 09:13:05,19.63,11.9
2024-01-13 09:15:31,21.75,11.63
2024-01-13 09:17:56,20.92,12.13
2024-01-13 09:20:23,23.2,11.48
2024-01-13 09:22:49,22.85,11.4
2024-01-13 09:25:15,20.58,11.93
2024-01-13 09:27:41,21.52,11.5
2024-01-13 09:30:07,20.15,11.5
2024-01-13 09:32:32,20.7,11.57
2024-01-13 09:34:58,20.45,11.7
2024-01-13 09:37:24,22.65,12.0
2024-01-13 09:39:50,18.13,10.9
2024-01-13 09:42:18,20.48,10.88
2024-01-13 09:45:09,21.8,12.18
2024-01-13 09:47:36,18.48,11.27
2024-01-13 09:50:02,21.7,11.45
2024-01-13 09:52:29,21.52,12.6
2024-01-13 09:54:58,34.22,19.5
2024-01-13 09:57:25,21.5,12.68
2024-01-13 09:59:52,21.52,12.25
2024-01-13 10:02:18,16.58,10.35
2024-01-13 10:04:43,18.25,11.4
2024-01-13 10:07:09,16.17,9.32
2024-01-13 10:09:37,16.2,9.1
2024-01-13 10:12:03,17.85,9.27
2024-01-13 10:14:33,14.82,9.05
2024-01-13 10:17:05,17.73,9.68
2024-01-13 10:19:41,17.02,11.05
2024-01-13 10:22:07,24.67,13.18
2024-01-13 10:24:34,27.08,14.18
2024-01-13 10:27:00,28.27,13.7
2024-01-13 10:29:26,24.67,14.98
2024-01-13 10:31:53,25.2,13.55
2024-01-13 10:34:19,21.85,13.27
2024-01-13 10:36:45,21.15,11.82
2024-01-13 10:39:11,18.75,11.07
2024-01-13 10:41:37,18.2,10.88
2024-01-13 10:44:08,17.73,10.25
2024-01-13 10:46:37,15.2,9.6
2024-01-13 10:49:18,21.57,10.8
2024-01-13 10:51:54,16.45,10.4
2024-01-13 10:54:24,20.33,10.93
2024-01-13 10:56:52,19.35,11.65
2024-01-13 10:59:19,23.63,13.82
2024-01-13 11:01:45,22.45,12.3
2024-01-13 11:04:12,20.88,12.3
2024-01-13 11:06:39,20.6,11.35
2024-01-13 11:09:04,19.05,10.77
2024-01-13 11:11:37,19.65,11.05
2024-01-13 11:14:08,15.23,9.4
2024-01-13 11:16:37,12.23,8.98
2024-01-13 11:19:06,17.13,10.2
2024-01-13 11:21:32,14.8,9.15
2024-01-13 11:23:58,13.73,8.88
2024-01-13 11:28:58,12.5,8.25
2024-01-13 11:34:07,16.02,8.15
2024-01-13 11:36:35,11.38,7.47
2024-01-13 11:39:05,14.02,8.57
2024-01-13 11:41:39,13.7,7.8
2024-01-13 11:44:10,14.4,8.18
2024-01-13 11:46:37,12.5,7.9
2024-01-13 11:49:10,13.18,7.63
2024-01-13 11:54:20,11.23,7.72
2024-01-13 11:56:47,13.98,7.82
2024-01-13 11:59:17,11.7,7.68
2024-01-13 12:01:43,16.1,7.93
2024-01-13 12:04:10,14.57,7.68
2024-01-13 12:06:35,12.23,7.2
2024-01-13 12:09:01,14.15,8.07
2024-01-13 12:11:28,12.73,7.53
2024-01-13 12:13:53,11.18,8.1
2024-01-13 12:16:19,12.75,7.6
2024-01-13 12:18:45,12.93,8.0
2024-01-13 12:21:12,13.25,8.5
2024-01-13 12:23:39,13.32,7.72
2024-01-13 12:26:08,11.25,7.55
2024-01-13 12:28:34,12.2,7.55
2024-01-13 12:31:03,10.95,7.4
2024-01-13 12:33:30,15.55,7.53
2024-01-13 12:36:00,13.23,7.38
2024-01-13 12:38:27,13.02,7.35
2024-01-13 12:40:56,11.93,6.68
2024-01-13 12:43:23,11.25,7.35
2024-01-13 12:45:53,14.07,7.7
2024-01-13 12:48:19,14.9,7.45
2024-01-13 12:50:45,12.35,7.8
2024-01-13 12:53:11,13.45,7.57
2024-01-13 12:55:37,13.15,7.43
2024-01-13 12:58:04,11.38,6.9
2024-01-13 13:00:30,12.88,7.65
2024-01-13 13:02:57,12.4,7.4
2024-01-13 13:05:23,13.8,7.97
2024-01-13 13:07:50,12.27,7.47
2024-01-13 13:10:16,14.48,8.02
2024-01-13 13:12:48,14.57,8.4
2024-01-13 13:15:15,11.6,7.35
2024-01-13 13:17:41,13.4,8.0
2024-01-13 13:20:07,11.98,8.02
2024-01-13 13:22:33,13.02,7.97
2024-01-13 13:25:06,12.02,7.4
2024-01-13 13:27:32,16.35,8.38
2024-01-13 13:29:59,13.82,7.88
2024-01-13 13:32:25,14.8,9.0
2024-01-13 13:34:51,13.75,8.48
2024-01-13 13:37:17,15.45,9.45
2024-01-13 13:39:43,18.6,9.88
2024-01-13 13:42:09,19.25,9.6
2024-01-13 13:44:35,17.75,9.88
2024-01-13 13:47:02,19.38,10.38
2024-01-13 13:49:32,20.7,10.65
2024-01-13 13:51:58,21.88,12.05
2024-01-13 13:54:24,20.75,11.75
2024-01-13 13:56:50,21.5,11.43
2024-01-13 13:59:15,21.0,12.18
2024-01-13 14:01:42,20.77,11.65
2024-01-13 14:04:08,17.45,10.45
2024-01-13 14:06:35,18.0,10.32
2024-01-13 14:09:01,20.75,11.35
2024-01-13 14:11:27,19.55,11.18
2024-01-13 14:13:54,20.13,11.57
2024-01-13 14:16:20,19.75,11.65
2024-01-13 14:18:46,26.77,12.82
2024-01-13 14:21:18,23.2,13.13
2024-01-13 14:23:44,26.52,14.73
2024-01-13 14:26:11,31.92,15.38
2024-01-13 14:28:37,31.9,17.63
2024-01-13 14:31:02,25.02,14.4
2024-01-13 14:33:31,23.25,13.5
2024-01-13 14:35:58,24.13,14.3
2024-01-13 14:38:27,25.85,14.4
2024-01-13 14:40:56,23.85,14.0
2024-01-13 14:43:22,36.95,20.42
2024-01-13 14:45:48,36.25,20.05
2024-01-13 14:48:15,31.05,18.17
2024-01-13 14:50:41,31.2,17.7
2024-01-13 14:53:07,23.8,13.98
2024-01-13 14:55:33,28.77,15.63
2024-01-13 14:58:00,34.33,16.17
2024-01-13 15:00:25,33.22,18.05
2024-01-13 15:02:51,36.17,18.48
2024-01-13 15:05:17,35.3,18.77
2024-01-13 15:07:43,40.38,20.6
2024-01-13 15:10:09,47.63,25.15
2024-01-13 15:12:36,44.2,21.08
2024-01-13 15:15:02,45.9,24.25
2024-01-13 15:17:30,48.6,26.38
2024-01-13 15:19:55,53.4,28.8
2024-01-13 15:22:21,49.63,26.2
2024-01-13 15:24:47,48.95,28.2
2024-01-13 15:27:13,53.7,29.2
2024-01-13 15:29:39,60.83,30.08
2024-01-13 15:32:05,54.2,28.13
2024-01-13 15:34:30,47.88,28.35
2024-01-13 15:36:56,85.57,48.53
2024-01-13 15:39:23,78.28,41.67
2024-01-13 15:41:48,71.5,39.58
2024-01-13 15:44:14,74.32,41.15
2024-01-13 15:46:40,67.88,36.33
2024-01-13 15:49:06,74.13,40.3
2024-01-13 15:51:32,68.82,36.47
2024-01-13 15:53:58,60.5,31.27
2024-01-13 15:56:24,67.15,34.4
2024-01-13 15:58:50,60.0,33.33
2024-01-13 16:01:16,54.03,30.42
2024-01-13 16:03:42,55.78,30.17
2024-01-13 16:06:08,58.22,33.45
2024-01-13 16:08:33,67.95,36.3
2024-01-13 16:10:59,61.78,34.1
2024-01-13 16:13:27,58.5,30.83
2024-01-13 16:15:53,75.45,39.35
2024-01-13 16:18:18,77.03,40.03
2024-01-13 16:20:44,66.75,37.05
2024-01-13 16:23:10,76.65,38.4
2024-01-13 16:25:37,59.67,34.95
2024-01-13 16:28:04,71.32,38.67
2024-01-13 16:30:30,63.9,35.53
2024-01-13 16:32:56,74.57,39.72
2024-01-13 16:35:22,64.97,35.55
2024-01-13 16:37:48,56.17,31.83
2024-01-13 16:40:13,54.78,32.38
2024-01-13 16:42:42,55.05,30.25
2024-01-13 16:45:08,55.33,31.35
2024-01-13 16:47:34,60.0,32.67
2024-01-13 16:50:00,65.35,35.45
2024-01-13 16:52:26,50.53,28.0
2024-01-13 16:54:51,49.67,28.17
2024-01-13 16:57:17,48.15,26.67
2024-01-13 16:59:43,43.03,22.83
2024-01-13 17:02:10,53.05,28.0
2024-01-13 17:04:36,63.65,30.15
2024-01-13 17:07:02,55.58,29.15
2024-01-13 17:09:28,56.75,29.85
2024-01-13 17:11:54,49.53,28.85
2024-01-13 17:14:21,45.08,26.55
2024-01-13 17:16:47,38.33,22.55
2024-01-13 17:19:13,47.22,25.5
2024-01-13 17:21:39,50.08,25.77
2024-01-13 17:24:06,53.78,28.65
2024-01-13 17:26:32,45.78,26.08
2024-01-13 17:28:57,46.05,25.15
2024-01-13 17:31:23,55.38,28.7
2024-01-13 17:33:49,60.3,31.02
2024-01-13 17:36:16,53.95,27.88
2024-01-13 17:38:44,65.2,33.45
2024-01-13 17:41:10,50.15,26.98
2024-01-13 17:43:36,41.08,21.3
2024-01-13 17:46:01,40.63,23.55
2024-01-13 17:48:27,47.17,24.85
2024-01-13 17:50:53,47.67,25.92
2024-01-13 17:53:19,66.78,32.95
2024-01-13 17:55:48,71.7,33.65
2024-01-13 17:58:15,50.58,26.23
2024-01-13 18:00:41,48.08,24.58
2024-01-13 18:03:07,64.28,35.92
2024-01-13 18:05:34,53.63,29.42
2024-01-13 18:08:00,50.63,28.08
2024-01-13 18:10:26,45.42,24.2
2024-01-13 18:12:51,66.95,30.75
2024-01-13 18:15:19,61.3,35.13
2024-01-13 18:17:45,43.05,22.67
2024-01-13 18:20:11,38.08,22.52
2024-01-13 18:22:38,71.35,35.55
2024-01-13 18:25:05,44.2,25.02
2024-01-13 18:27:34,51.15,27.55
2024-01-13 18:30:00,27.58,15.93
2024-01-13 18:32:26,29.52,17.83
2024-01-13 18:34:53,40.95,21.23
2024-01-13 18:37:18,45.42,26.73
2024-01-13 18:39:44,57.72,31.4
2024-01-13 18:42:10,59.72,34.25
2024-01-13 18:44:35,77.8,43.3
2024-01-13 18:47:01,112.95,56.4
2024-01-13 18:49:28,48.92,26.83
2024-01-13 18:51:53,94.0,48.75
2024-01-13 18:54:19,117.95,62.42
2024-01-13 18:56:45,118.47,65.38
2024-01-13 18:59:10,159.8,79.43
2024-01-13 19:01:36,145.27,77.82
2024-01-13 19:04:02,145.27,75.03
2024-01-13 19:06:31,128.0,66.35
2024-01-13 19:08:58,100.93,53.45
2024-01-13 19:11:24,83.2,44.05
2024-01-13 19:13:50,81.9,44.45
2024-01-13 19:16:18,83.4,43.38
2024-01-13 19:18:43,75.78,41.78
2024-01-13 19:21:12,66.82,37.47
2024-01-13 19:23:38,68.3,39.6
2024-01-13 19:26:04,67.15,37.13
2024-01-13 19:28:31,68.4,37.65
2024-01-13 19:30:57,70.03,36.28
2024-01-13 19:33:23,70.55,37.45
2024-01-13 19:35:48,68.5,36.53
2024-01-13 19:38:14,75.75,39.45
2024-01-13 19:40:40,79.65,40.4
2024-01-13 19:43:06,71.38,39.6
2024-01-13 19:45:31,77.28,41.28
2024-01-13 19:47:57,88.47,42.55
2024-01-13 19:50:24,78.72,41.05
2024-01-13 19:52:49,70.18,39.78
2024-01-13 19:55:15,73.18,38.4
2024-01-13 19:57:42,165.18,77.97
2024-01-13 20:00:08,180.45,90.88
2024-01-13 20:02:35,152.85,79.72
2024-01-13 20:05:00,117.4,63.5
2024-01-13 20:07:26,152.0,75.03
2024-01-13 20:09:52,147.77,71.0
2024-01-13 20:12:18,139.1,72.57
2024-01-13 20:14:44,144.05,75.65
2024-01-13 20:17:10,151.73,79.55
2024-01-13 20:19:38,195.52,104.38
2024-01-13 20:22:04,198.55,102.03
2024-01-13 20:24:30,214.23,111.78
2024-01-13 20:26:56,207.18,109.0
2024-01-13 20:29:22,199.13,105.13
2024-01-13 20:31:49,205.55,109.93
2024-01-13 20:34:15,217.85,112.32
2024-01-13 20:36:44,218.45,115.45
2024-01-13 20:39:10,217.0,118.07
2024-01-13 20:41:39,196.85,104.22
2024-01-13 20:44:04,188.63,101.2
2024-01-13 20:46:30,188.13,102.32
2024-01-13 20:48:57,182.38,97.03
2024-01-13 20:51:22,152.8,79.85
2024-01-13 20:53:48,94.3,52.25
2024-01-13 20:56:14,101.7,53.3
2024-01-13 20:58:41,112.85,56.45
2024-01-13 21:01:07,98.0,55.05
2024-01-13 21:03:34,103.75,55.4
2024-01-13 21:06:02,121.88,59.95
2024-01-13 21:08:29,113.28,58.15
2024-01-13 21:10:56,101.3,54.38
2024-01-13 21:13:22,98.7,53.33
2024-01-13 21:15:48,108.32,58.65
2024-01-13 21:18:14,72.05,39.2
2024-01-13 21:20:39,85.57,46.92
2024-01-13 21:23:06,131.57,70.88
2024-01-13 21:25:32,121.22,64.4
2024-01-13 21:27:57,144.45,77.35
2024-01-13 21:30:23,89.3,48.03
2024-01-13 21:32:49,91.1,49.0
2024-01-13 21:35:15,93.28,51.58
2024-01-13 21:37:43,114.38,62.45
2024-01-13 21:40:09,92.07,52.15
2024-01-13 21:42:37,175.75,94.15
2024-01-13 21:45:04,207.77,114.95
2024-01-13 21:47:33,235.27,123.22
2024-01-13 21:49:59,252.02,127.6
2024-01-13 21:52:25,207.75,106.9
2024-01-13 21:54:51,178.18,93.03
2024-01-13 21:57:18,144.65,73.65
2024-01-13 21:59:46,122.22,64.05
2024-01-13 22:02:12,109.75,58.45
2024-01-13 22:04:39,146.77,74.82
2024-01-13 22:07:06,123.2,64.93
2024-01-13 22:09:33,191.1,116.4
2024-01-13 22:11:59,136.63,75.38
2024-01-13 22:14:25,124.82,68.65
2024-01-13 22:16:52,228.55,115.55
2024-01-13 22:19:18,208.88,110.43
2024-01-13 22:21:44,204.63,109.32
2024-01-13 22:24:10,217.52,111.82
2024-01-13 22:26:37,182.43,94.65
2024-01-13 22:29:03,137.02,74.2
2024-01-13 22:31:29,127.05,68.75
2024-01-13 22:33:54,125.25,63.47
2024-01-13 22:36:20,139.13,71.25
2024-01-13 22:38:46,113.78,62.58
2024-01-13 22:41:12,104.72,56.9
2024-01-13 22:43:39,100.03,53.92
2024-01-13 22:46:05,101.5,54.67
2024-01-13 22:48:31,96.85,52.8
2024-01-13 22:50:57,75.97,40.28
2024-01-13 22:53:23,79.35,42.3
2024-01-13 22:55:49,81.5,44.08
2024-01-13 22:58:15,78.2,44.7
2024-01-13 23:00:41,84.05,45.58
2024-01-13 23:03:07,94.07,50.5
2024-01-13 23:05:33,98.43,53.25
2024-01-13 23:08:01,97.68,51.42
2024-01-13 23:10:32,168.82,78.07
2024-01-13 23:12:59,124.45,66.53
2024-01-13 23:15:27,136.6,70.38
2024-01-13 23:17:54,145.32,75.85
2024-01-13 23:20:21,169.27,86.9
2024-01-13 23:22:47,143.75,77.5
2024-01-13 23:25:13,196.02,102.95
2024-01-13 23:27:40,132.45,68.35
2024-01-13 23:30:07,166.98,86.35
2024-01-13 23:32:34,161.7,83.05
2024-01-13 23:35:00,169.45,89.5
2024-01-13 23:37:26,175.45,91.88
2024-01-13 23:39:52,178.68,88.05
2024-01-13 23:42:19,166.02,85.57
2024-01-13 23:44:45,151.32,77.5
2024-01-13 23:47:12,153.65,77.15
2024-01-13 23:49:38,183.32,93.15
2024-01-13 23:52:04,165.52,86.8
2024-01-13 23:54:30,157.27,82.57
2024-01-13 23:56:57,171.4,90.75
2024-01-13 23:59:22,187.32,101.03
2024-01-14 00:01:52,170.75,91.6
2024-01-14 00:04:21,180.68,89.13
2024-01-14 00:06:47,169.5,84.4
2024-01-14 00:09:14,173.25,89.2
2024-01-14 00:11:43,184.02,91.35
2024-01-14 00:14:09,156.15,78.68
2024-01-14 00:16:35,160.9,82.8
2024-01-14 00:19:01,139.23,72.18
2024-01-14 00:21:27,141.27,72.38
2024-01-14 00:23:53,102.07,51.92
2024-01-14 00:26:20,88.47,45.08
2024-01-14 00:28:46,97.43,47.5
2024-01-14 00:31:12,89.68,43.53
2024-01-14 00:33:38,84.75,41.63
2024-01-14 00:36:06,83.78,45.33
2024-01-14 00:38:32,76.22,40.5
2024-01-14 00:40:58,86.05,47.08
2024-01-14 00:43:24,96.43,47.75
2024-01-14 00:45:49,81.85,42.58
2024-01-14 00:48:15,93.28,47.03
2024-01-14 00:50:41,93.4,50.53
2024-01-14 00:53:07,89.28,46.1
2024-01-14 00:55:32,100.28,49.28
2024-01-14 00:57:58,94.05,49.15
2024-01-14 01:00:24,116.65,52.35
2024-01-14 01:02:50,99.47,51.33
2024-01-14 01:05:15,91.1,46.45
2024-01-14 01:07:41,87.6,44.38
2024-01-14 01:10:07,84.03,40.63
2024-01-14 01:12:34,66.68,35.83
2024-01-14 01:15:00,61.28,32.67
2024-01-14 01:17:26,64.97,33.15
2024-01-14 01:19:51,52.25,28.2
2024-01-14 01:22:17,60.97,32.42
2024-01-14 01:24:43,66.63,31.9
2024-01-14 01:27:09,64.07,34.47
2024-01-14 01:29:36,70.28,35.78
2024-01-14 01:32:02,65.7,32.63
2024-01-14 01:34:27,58.65,30.8
2024-01-14 01:36:53,68.0,35.97
2024-01-14 01:39:19,62.58,32.75
2024-01-14 01:41:45,57.2,31.67
2024-01-14 01:44:11,48.05,25.2
2024-01-14 01:46:37,71.85,35.85
2024-01-14 01:52:05,54.63,30.35
2024-01-14 01:54:32,48.75,26.85
2024-01-14 01:56:59,52.13,26.5
2024-01-14 01:59:25,52.63,27.58
2024-01-14 02:01:51,54.15,28.0
2024-01-14 02:04:19,52.75,29.58
2024-01-14 02:06:46,60.63,32.3
2024-01-14 02:09:12,70.05,35.17
2024-01-14 02:11:38,67.18,33.95
2024-01-14 02:14:04,60.45,33.1
2024-01-14 02:16:30,64.7,35.58
2024-01-14 02:18:56,59.7,32.65
2024-01-14 02:21:22,58.08,31.83
2024-01-14 02:24:01,67.72,37.58
2024-01-14 02:26:33,87.78,43.03
2024-01-14 02:28:59,76.53,40.53
2024-01-14 02:31:28,68.0,37.2
2024-01-14 02:33:54,65.47,36.05
2024-01-14 02:36:20,66.32,36.35
2024-01-14 02:38:45,73.0,37.83
2024-01-14 02:41:11,63.97,34.33
2024-01-14 02:43:37,72.15,37.05
2024-01-14 02:46:02,72.43,37.85
2024-01-14 02:48:28,71.3,39.4
2024-01-14 02:50:54,79.4,41.58
2024-01-14 02:53:20,85.75,40.83
2024-01-14 02:55:45,88.75,44.85
2024-01-14 02:58:11,78.45,41.83
2024-01-14 03:00:37,95.78,48.3
2024-01-14 03:03:02,100.28,49.15
2024-01-14 03:05:28,105.5,54.08
2024-01-14 03:07:54,109.45,56.63
2024-01-14 03:10:20,107.28,54.38
2024-01-14 03:12:46,99.78,52.55
2024-01-14 03:15:11,106.8,53.45
2024-01-14 03:17:37,76.68,41.28
2024-01-14 03:20:03,84.75,43.9
2024-01-14 03:22:29,77.8,41.65
2024-01-14 03:24:54,78.88,40.7
2024-01-14 03:27:20,85.9,43.58
2024-01-14 03:29:46,77.1,40.95
2024-01-14 03:32:11,86.47,44.6
2024-01-14 03:34:37,72.7,38.63
2024-01-14 03:37:03,68.47,35.6
2024-01-14 03:39:28,77.0,39.15
2024-01-14 03:41:54,74.65,39.08
2024-01-14 03:44:20,69.57,35.9
2024-01-14 03:46:46,51.83,28.88
2024-01-14 03:49:12,60.2,30.65
2024-01-14 03:51:37,66.93,31.02
2024-01-14 03:54:03,54.0,29.17
2024-01-14 03:56:29,60.83,31.83
2024-01-14 03:58:55,59.92,32.05
2024-01-14 04:01:21,72.88,38.15
2024-01-14 04:03:46,63.78,33.38
2024-01-14 04:06:12,66.05,35.22
2024-01-14 04:08:38,90.68,47.17
2024-01-14 04:11:04,76.9,39.6
2024-01-14 04:13:29,69.2,36.15
2024-01-14 04:15:55,74.7,39.2
2024-01-14 04:18:25,68.13,36.25
2024-01-14 04:20:50,78.45,38.22
2024-01-14 04:23:16,69.43,36.35
2024-01-14 04:25:42,64.43,34.35
2024-01-14 04:28:07,74.1,37.5
2024-01-14 04:30:33,67.78,34.45
2024-01-14 04:33:00,57.72,31.0
2024-01-14 04:35:25,76.07,37.38
2024-01-14 04:37:51,71.45,35.33
2024-01-14 04:40:17,69.28,35.8
2024-01-14 04:42:43,74.68,39.67
2024-01-14 04:45:09,69.78,36.25
2024-01-14 04:47:35,56.85,30.6
2024-01-14 04:50:01,62.55,32.92
2024-01-14 04:52:26,62.15,32.4
2024-01-14 04:54:52,61.78,32.85
2024-01-14 04:57:18,66.65,35.42
2024-01-14 04:59:43,74.7,38.55
2024-01-14 05:02:09,76.25,37.58
2024-01-14 05:04:35,73.47,38.28
2024-01-14 05:07:01,64.15,32.45
2024-01-14 05:09:27,60.25,32.33
2024-01-14 05:11:52,78.53,38.8
2024-01-14 05:14:18,74.95,39.55
2024-01-14 05:16:44,69.43,37.4
2024-01-14 05:19:10,70.0,36.53
2024-01-14 05:21:35,57.95,30.8
2024-01-14 05:24:01,66.43,35.22
2024-01-14 05:26:27,62.6,32.35
2024-01-14 05:28:53,59.08,31.33
2024-01-14 05:31:21,59.95,31.38
2024-01-14 05:33:47,52.8,28.38
2024-01-14 05:36:13,61.45,31.75
2024-01-14 05:38:38,48.25,24.75
2024-01-14 05:41:06,53.05,24.35
2024-01-14 05:43:32,46.83,23.1
2024-01-14 05:45:57,49.4,26.38
2024-01-14 05:48:23,46.22,23.58
2024-01-14 05:50:49,45.35,22.58
2024-01-14 05:53:14,41.38,22.67
2024-01-14 05:55:40,40.83,22.38
2024-01-14 05:58:06,42.47,24.8
2024-01-14 06:00:31,42.47,23.45
2024-01-14 06:02:57,47.4,23.98
2024-01-14 06:05:23,48.17,25.13
2024-01-14 06:07:49,60.3,27.55
2024-01-14 06:10:14,42.85,22.17
2024-01-14 06:12:40,44.88,22.75
2024-01-14 06:15:06,52.9,27.4
2024-01-14 06:17:32,57.22,28.9
2024-01-14 06:19:58,54.0,27.58
2024-01-14 06:22:23,47.7,26.63
2024-01-14 06:24:49,47.03,24.88
2024-01-14 06:27:15,50.42,26.33
2024-01-14 06:29:40,46.03,25.6
2024-01-14 06:32:06,51.47,26.7
2024-01-14 06:34:32,47.03,26.42
2024-01-14 06:36:58,55.42,28.1
2024-01-14 06:39:23,55.08,27.27
2024-01-14 06:41:49,52.67,28.05
2024-01-14 06:44:16,49.4,26.17
2024-01-14 06:46:42,74.0,35.5
2024-01-14 06:49:09,54.97,27.63
2024-01-14 06:51:44,44.42,24.17
2024-01-14 06:54:10,55.28,28.23
2024-01-14 06:56:46,69.7,36.83
2024-01-14 06:59:13,66.63,34.3
2024-01-14 07:01:40,67.32,35.92
2024-01-14 07:04:05,62.08,33.13
2024-01-14 07:06:31,63.22,33.9
2024-01-14 07:08:57,75.97,38.35
2024-01-14 07:11:22,63.85,34.88
2024-01-14 07:13:48,72.47,37.15
2024-01-14 07:16:20,73.0,38.03
2024-01-14 07:18:45,75.8,38.75
2024-01-14 07:21:11,72.7,34.8
2024-01-14 07:23:37,59.08,31.58
2024-01-14 07:26:04,53.9,30.63
2024-01-14 07:28:38,66.15,33.22
2024-01-14 07:31:03,62.03,31.1
2024-01-14 07:33:29,64.55,31.9
2024-01-14 07:35:55,64.07,33.88
2024-01-14 07:38:21,64.18,34.35
2024-01-14 07:40:46,53.55,28.55
2024-01-14 07:43:12,52.8,29.27
2024-01-14 07:45:38,48.97,26.88
2024-01-14 07:48:04,49.85,25.58
2024-01-14 07:50:30,48.38,25.75
2024-01-14 07:52:55,45.05,24.77
2024-01-14 07:55:21,50.9,28.02
2024-01-14 07:57:47,50.72,26.85
2024-01-14 08:00:12,48.1,27.33
2024-01-14 08:02:39,55.4,30.08
2024-01-14 08:05:04,55.15,32.42
2024-01-14 08:07:30,54.0,31.0
2024-01-14 08:09:56,54.7,30.35
2024-01-14 08:12:24,50.75,29.58
2024-01-14 08:14:49,60.6,32.83
2024-01-14 08:17:15,54.53,31.6
2024-01-14 08:19:41,63.38,32.03
2024-01-14 08:22:07,56.13,31.35
2024-01-14 08:24:33,58.9,34.03
2024-01-14 08:26:59,61.6,33.97
2024-01-14 08:29:35,63.88,37.15
2024-01-14 08:32:02,66.15,35.75
2024-01-14 08:34:27,59.05,32.92
2024-01-14 08:36:53,59.83,34.75
2024-01-14 08:39:19,68.63,36.15
2024-01-14 08:41:44,58.38,34.17
2024-01-14 08:44:10,56.67,32.5
2024-01-14 08:46:41,65.75,36.05
2024-01-14 08:49:10,59.25,34.92
2024-01-14 08:51:35,58.58,33.03
2024-01-14 08:54:03,58.83,33.0
2024-01-14 08:56:29,60.17,33.83
2024-01-14 08:58:55,55.4,33.08
2024-01-14 09:01:22,57.85,33.33
2024-01-14 09:03:48,55.4,31.3
2024-01-14 09:06:13,57.65,33.42
2024-01-14 09:08:39,53.58,33.05
2024-01-14 09:11:05,57.0,34.5
2024-01-14 09:13:32,65.88,37.28
2024-01-14 09:15:57,63.2,36.97
2024-01-14 09:18:23,64.63,37.38
2024-01-14 09:20:50,69.03,37.1
2024-01-14 09:23:15,68.45,39.88
2024-01-14 09:25:41,65.07,38.7
2024-01-14 09:28:07,66.07,38.38
2024-01-14 09:30:33,63.38,37.6
2024-01-14 09:32:59,64.5,36.63
2024-01-14 09:35:25,63.05,36.63
2024-01-14 09:37:50,68.57,35.55
2024-01-14 09:40:16,68.78,38.03
2024-01-14 09:42:43,62.85,37.33
2024-01-14 09:45:12,65.32,37.0
2024-01-14 09:47:39,57.83,36.92
2024-01-14 09:50:06,57.22,34.5
2024-01-14 09:52:33,62.3,34.1
2024-01-14 09:54:59,60.33,36.63
2024-01-14 09:57:27,67.35,37.95
2024-01-14 09:59:53,53.8,32.08
2024-01-14 10:02:20,56.8,33.83
2024-01-14 10:04:47,55.05,33.22
2024-01-14 10:07:13,59.53,32.08
2024-01-14 10:09:41,50.2,29.05
2024-01-14 10:12:08,59.2,34.85
2024-01-14 10:14:35,61.2,36.13
2024-01-14 10:17:01,60.03,34.92
2024-01-14 10:19:28,57.25,33.97
2024-01-14 10:21:55,52.28,32.4
2024-01-14 10:24:21,54.5,33.92
2024-01-14 10:26:51,51.63,30.98
2024-01-14 10:29:24,63.25,39.85
2024-01-14 10:31:49,56.2,33.55
2024-01-14 10:34:16,56.25,33.03
2024-01-14 10:36:42,54.88,32.8
2024-01-14 10:39:08,57.58,34.8
2024-01-14 10:41:36,57.13,34.05
2024-01-14 10:44:02,48.92,28.13
2024-01-14 10:46:28,48.75,29.67
2024-01-14 10:49:07,50.85,31.38
2024-01-14 10:51:39,48.72,30.77
2024-01-14 11:00:06,48.97,31.33
2024-01-14 11:02:34,54.92,33.65
2024-01-14 11:05:05,50.08,29.58
2024-01-14 11:07:32,53.7,30.13
2024-01-14 11:09:58,48.88,29.55
2024-01-14 11:12:42,55.75,33.25
2024-01-14 11:18:19,48.97,28.37
2024-01-14 11:21:00,51.7,30.63
2024-01-14 11:23:33,53.83,30.63
2024-01-14 11:25:59,51.35,28.95
2024-01-14 11:28:24,51.13,30.83
2024-01-14 11:30:53,32.8,21.27
2024-01-14 11:33:33,42.22,26.1
2024-01-14 11:36:07,40.3,23.92
2024-01-14 11:38:37,38.75,23.0
2024-01-14 11:41:32,44.58,24.67
2024-01-14 11:46:45,44.03,28.48
2024-01-14 11:49:22,49.67,27.63
2024-01-14 11:52:01,49.15,27.83
2024-01-14 11:54:31,46.17,28.4
2024-01-14 11:56:57,49.53,29.27
2024-01-14 11:59:26,46.6,27.5
2024-01-14 12:01:51,45.9,27.8
2024-01-14 12:04:17,56.78,34.35
2024-01-14 12:06:43,44.65,25.83
2024-01-14 12:09:13,47.33,26.55
2024-01-14 12:11:40,44.53,25.67
2024-01-14 12:14:06,43.45,25.4
2024-01-14 12:16:33,38.0,21.85
2024-01-14 12:18:59,39.47,21.55
2024-01-14 12:21:35,38.33,22.48
2024-01-14 12:24:01,38.2,21.67
2024-01-14 12:26:27,37.4,22.8
2024-01-14 12:28:53,41.47,24.8
2024-01-14 12:31:20,39.53,21.9
2024-01-14 12:33:49,37.0,21.33
2024-01-14 12:36:15,34.7,20.95
2024-01-14 12:38:41,37.1,20.77
2024-01-14 12:41:10,37.47,21.17
2024-01-14 12:43:38,38.4,22.3
2024-01-14 12:46:05,31.67,18.6
2024-01-14 12:48:31,33.85,19.88
2024-01-14 12:50:58,34.8,19.48
2024-01-14 12:53:25,30.92,19.5
2024-01-14 12:56:26,35.25,21.42
2024-01-14 12:58:48,33.75,20.02
2024-01-14 13:01:14,34.08,20.63
2024-01-14 13:03:40,31.42,18.7
2024-01-14 13:06:06,33.4,20.23
2024-01-14 13:08:32,30.9,19.17
2024-01-14 13:10:58,36.4,19.85
2024-01-14 13:13:24,31.27,19.25
2024-01-14 13:15:50,36.38,20.35
2024-01-14 13:18:17,34.97,19.9
2024-01-14 13:20:42,34.17,19.3
2024-01-14 13:23:08,30.08,17.17
2024-01-14 13:25:34,29.42,17.75
2024-01-14 13:28:00,29.45,17.48
2024-01-14 13:30:26,31.3,18.6
2024-01-14 13:32:52,26.65,15.52
2024-01-14 13:35:19,28.85,16.92
2024-01-14 13:37:45,30.2,16.65
2024-01-14 13:40:10,28.5,16.42
2024-01-14 13:42:37,26.6,15.38
2024-01-14 13:45:03,26.42,15.27
2024-01-14 13:47:30,26.88,15.7
2024-01-14 13:49:56,24.52,14.68
2024-01-14 13:52:21,22.1,11.75
2024-01-14 13:54:48,24.02,12.3
2024-01-14 13:57:13,19.2,11.57
2024-01-14 13:59:39,20.38,12.15
2024-01-14 14:02:07,23.58,13.6
2024-01-14 14:04:34,24.1,14.63
2024-01-14 14:07:00,21.5,14.25
2024-01-14 14:09:26,22.9,14.45
2024-01-14 14:11:51,21.98,14.93
2024-01-14 14:14:17,29.83,16.7
2024-01-14 14:16:43,30.2,19.13
2024-01-14 14:19:09,29.42,17.27
2024-01-14 14:21:35,35.22,18.48
2024-01-14 14:24:01,33.3,19.13
2024-01-14 14:26:27,33.63,21.55
2024-01-14 14:28:53,34.38,20.17
2024-01-14 14:31:19,33.53,21.23
2024-01-14 14:33:47,37.55,19.92
2024-01-14 14:36:13,33.0,19.35
2024-01-14 14:38:40,31.98,19.05
2024-01-14 14:41:06,33.08,19.85
2024-01-14 14:43:33,38.6,21.73
2024-01-14 14:45:59,37.38,22.63
2024-01-14 14:48:27,37.55,23.77
2024-01-14 14:50:53,39.13,24.42
2024-01-14 14:53:18,33.95,21.75
2024-01-14 14:55:44,36.65,21.88
2024-01-14 14:58:10,35.88,22.35
2024-01-14 15:00:35,33.78,21.55
2024-01-14 15:03:01,33.9,21.25
2024-01-14 15:05:28,39.8,23.3
2024-01-14 15:07:54,46.03,26.75
2024-01-14 15:10:20,61.28,31.25
2024-01-14 15:12:46,52.75,30.48
2024-01-14 15:15:14,48.63,26.7
2024-01-14 15:17:40,43.58,26.0
2024-01-14 15:20:05,48.25,25.6
2024-01-14 15:22:31,46.63,26.75
2024-01-14 15:24:57,44.42,27.23
2024-01-14 15:27:23,42.13,24.88
2024-01-14 15:29:49,47.55,27.0
2024-01-14 15:32:14,50.65,29.1
2024-01-14 15:34:40,43.58,27.1
2024-01-14 15:37:08,64.53,37.45
2024-01-14 15:39:33,63.67,36.22
2024-01-14 15:41:59,83.95,46.55
2024-01-14 15:44:25,95.53,53.83
2024-01-14 15:46:51,90.88,52.35
2024-01-14 15:49:16,85.22,48.33
2024-01-14 15:51:43,76.05,41.2
2024-01-14 15:54:08,65.95,38.88
2024-01-14 15:56:34,77.6,43.28
2024-01-14 15:59:00,82.18,46.08
2024-01-14 16:01:25,79.32,45.22
2024-01-14 16:03:51,77.93,44.55
2024-01-14 16:06:17,80.38,45.95
2024-01-14 16:08:43,97.68,51.42
2024-01-14 16:11:10,104.38,57.75
2024-01-14 16:13:35,125.13,71.95
2024-01-14 16:16:05,107.25,61.72
2024-01-14 16:18:31,159.25,87.28
2024-01-14 16:21:00,145.9,80.13
2024-01-14 16:23:27,130.95,71.25
2024-01-14 16:25:53,105.43,58.83
2024-01-14 16:28:19,97.97,56.6
2024-01-14 16:30:45,113.57,63.05
2024-01-14 16:33:10,124.0,69.43
2024-01-14 16:35:36,109.32,62.1
2024-01-14 16:38:03,90.85,52.7
2024-01-14 16:40:29,82.4,46.17
2024-01-14 16:42:55,86.82,47.65
2024-01-14 16:45:21,76.47,43.33
2024-01-14 16:47:47,80.6,46.5
2024-01-14 16:50:13,125.82,68.8
2024-01-14 16:52:39,130.52,74.1
2024-01-14 16:55:06,109.78,59.22
2024-01-14 16:57:32,105.72,58.42
2024-01-14 16:59:58,106.07,57.9
2024-01-14 17:02:24,104.57,59.58
2024-01-14 17:04:50,103.97,56.2
2024-01-14 17:07:16,106.85,59.15
2024-01-14 17:09:42,109.35,60.75
2024-01-14 17:12:08,137.6,77.47
2024-01-14 17:14:34,168.88,98.88
2024-01-14 17:17:00,147.98,84.3
2024-01-14 17:19:26,144.57,80.95
2024-01-14 17:21:51,146.9,84.0
2024-01-14 17:24:18,110.38,62.9
2024-01-14 17:26:44,133.05,75.7
2024-01-14 17:29:10,179.77,103.6
2024-01-14 17:31:39,164.45,95.07
2024-01-14 17:34:05,150.75,87.9
2024-01-14 17:36:31,147.68,81.6
2024-01-14 17:38:57,137.8,76.63
2024-01-14 17:41:22,164.3,91.97
2024-01-14 17:43:48,182.3,100.03
2024-01-14 17:46:14,113.85,64.75
2024-01-14 17:48:41,164.38,90.28
2024-01-14 17:51:09,125.95,72.0
2024-01-14 17:53:35,93.13,52.67
2024-01-14 17:56:02,115.6,63.5
2024-01-14 17:58:27,125.2,70.72
2024-01-14 18:00:53,141.5,79.57
2024-01-14 18:03:19,139.15,77.93
2024-01-14 18:05:45,144.45,81.75
2024-01-14 18:08:11,135.27,73.82
2024-01-14 18:10:37,149.13,83.35
2024-01-14 18:13:07,126.63,69.25
2024-01-14 18:15:33,115.72,64.6
2024-01-14 18:18:00,121.6,69.05
2024-01-14 18:20:29,140.52,78.63
2024-01-14 18:22:56,143.85,78.5
2024-01-14 18:25:22,128.45,73.43
2024-01-14 18:27:48,126.85,71.95
2024-01-14 18:30:14,127.88,70.63
2024-01-14 18:32:39,143.3,77.13
2024-01-14 18:35:05,131.43,73.05
2024-01-14 18:37:31,141.2,73.65
2024-01-14 18:39:57,145.23,81.72
2024-01-14 18:42:22,171.25,91.45
2024-01-14 18:44:48,165.0,95.13
2024-01-14 18:47:14,160.07,88.0
2024-01-14 18:49:40,135.8,76.97
2024-01-14 18:52:05,137.38,77.1
2024-01-14 18:54:33,167.38,95.7
2024-01-14 18:56:59,170.38,92.2
2024-01-14 18:59:25,207.13,111.93
2024-01-14 19:01:51,180.45,99.95
2024-01-14 19:04:17,241.4,132.43
2024-01-14 19:06:42,240.88,132.63
2024-01-14 19:09:08,222.25,119.15
2024-01-14 19:11:34,248.1,133.52
2024-01-14 19:14:00,243.43,135.02
2024-01-14 19:16:26,244.18,132.9
2024-01-14 19:18:52,239.32,130.13
2024-01-14 19:21:18,267.15,144.07
2024-01-14 19:23:44,264.33,141.57
2024-01-14 19:26:14,350.95,190.43
2024-01-14 19:28:40,316.9,169.98
2024-01-14 19:31:07,335.58,182.13
2024-01-14 19:33:33,210.15,115.47
2024-01-14 19:35:58,255.98,135.88
2024-01-14 19:38:25,232.95,123.13
2024-01-14 19:40:51,269.52,145.9
2024-01-14 19:43:17,339.08,186.98
2024-01-14 19:45:42,303.92,168.38
2024-01-14 19:48:08,273.35,151.85
2024-01-14 19:50:34,298.63,163.43
2024-01-14 19:53:00,267.65,141.05
2024-01-14 19:55:25,279.27,149.88
2024-01-14 19:57:57,292.0,154.43
2024-01-14 20:00:26,245.73,135.6
2024-01-14 20:02:52,277.2,152.4
2024-01-14 20:05:18,274.88,153.25
2024-01-14 20:07:44,259.7,142.02
2024-01-14 20:10:10,271.95,145.9
2024-01-14 20:12:36,223.55,119.25
2024-01-14 20:15:01,253.93,137.77
2024-01-14 20:17:28,180.85,103.28
2024-01-14 20:19:55,234.05,124.1
2024-01-14 20:22:21,202.35,111.45
2024-01-14 20:24:47,150.5,84.0
2024-01-14 20:27:13,200.85,114.3
2024-01-14 20:29:39,166.65,94.15
2024-01-14 20:32:06,149.7,83.1
2024-01-14 20:34:32,148.63,81.72
2024-01-14 20:36:59,150.18,82.35
2024-01-14 20:39:25,165.0,87.38
2024-01-14 20:41:51,219.68,119.63
2024-01-14 20:44:17,230.23,126.85
2024-01-14 20:46:43,219.02,118.22
2024-01-14 20:49:09,248.8,135.13
2024-01-14 20:51:35,235.3,131.75
2024-01-14 20:54:01,266.77,144.52
2024-01-14 20:56:27,271.0,148.02
2024-01-14 20:58:52,285.85,154.38
2024-01-14 21:01:21,272.65,150.73
2024-01-14 21:03:47,261.4,137.27
2024-01-14 21:06:13,251.0,137.82
2024-01-14 21:08:39,258.0,139.95
2024-01-14 21:11:05,228.27,126.28
2024-01-14 21:13:31,260.1,138.85
2024-01-14 21:15:57,218.38,119.8
2024-01-14 21:18:23,246.0,135.23
2024-01-14 21:20:49,240.4,132.3
2024-01-14 21:23:16,230.2,125.7
2024-01-14 21:25:44,266.0,145.7
2024-01-14 21:28:10,227.6,127.03
2024-01-14 21:30:36,195.52,104.5
2024-01-14 21:33:03,238.85,135.95
2024-01-14 21:35:29,212.15,118.25
2024-01-14 21:37:54,271.17,147.13
2024-01-14 21:40:20,284.27,149.77
2024-01-14 21:42:46,275.8,148.07
2024-01-14 21:45:12,244.4,131.98
2024-01-14 21:47:41,283.15,154.68
2024-01-14 21:50:07,321.75,175.88
2024-01-14 21:52:33,262.55,142.32
2024-01-14 21:54:59,195.82,106.9
2024-01-14 21:57:25,230.63,122.97
2024-01-14 21:59:51,243.65,131.4
2024-01-14 22:02:18,265.8,146.43
2024-01-14 22:04:43,235.02,129.93
2024-01-14 22:07:09,231.6,125.75
2024-01-14 22:09:35,278.1,154.32
2024-01-14 22:12:01,340.27,185.88
2024-01-14 22:14:27,433.58,236.73
2024-01-14 22:16:53,428.13,229.93
2024-01-14 22:19:18,365.75,199.2
2024-01-14 22:21:45,316.15,171.5
2024-01-14 22:24:11,277.73,150.9
2024-01-14 22:26:37,354.38,194.4
2024-01-14 22:29:20,329.4,183.23
2024-01-14 22:31:55,334.85,188.2
2024-01-14 22:34:21,312.2,177.55
2024-01-14 22:36:48,322.15,181.2
2024-01-14 22:39:14,297.73,166.13
2024-01-14 22:41:41,317.45,175.85
2024-01-14 22:44:07,328.98,181.73
2024-01-14 22:46:33,330.4,187.25
2024-01-14 22:48:59,315.6,171.0
2024-01-14 22:51:25,308.75,171.7
2024-01-14 22:53:51,308.48,171.35
2024-01-14 22:56:16,285.33,153.32
2024-01-14 22:58:42,248.93,136.8
2024-01-14 23:01:08,278.45,153.38
2024-01-14 23:03:35,299.6,161.75
2024-01-14 23:06:03,248.77,137.75
2024-01-14 23:08:29,290.75,164.05
2024-01-14 23:10:55,270.42,145.6
2024-01-14 23:13:21,275.2,151.15
2024-01-14 23:15:46,316.65,175.52
2024-01-14 23:18:13,287.65,160.45
2024-01-14 23:20:39,294.55,157.88
2024-01-14 23:23:05,235.45,125.7
2024-01-14 23:25:31,330.52,183.4
2024-01-14 23:27:57,325.17,177.18
2024-01-14 23:30:23,288.1,153.48
2024-01-14 23:32:48,299.88,157.73
2024-01-14 23:35:14,264.63,138.95
2024-01-14 23:37:40,264.35,139.88
2024-01-14 23:40:06,278.92,146.98
2024-01-14 23:42:33,230.63,122.85
2024-01-14 23:44:58,274.02,147.02
2024-01-14 23:47:24,205.15,111.32
2024-01-14 23:49:50,175.4,96.0
2024-01-14 23:52:15,180.5,94.72
2024-01-14 23:54:41,204.38,114.15
2024-01-14 23:57:07,174.6,98.35
2024-01-14 23:59:33,174.85,95.85
2024-01-15 00:01:59,192.43,104.4
2024-01-15 00:04:25,152.55,87.57
2024-01-15 00:06:50,129.52,71.53
2024-01-15 00:09:16,134.25,73.63
2024-01-15 00:11:42,115.57,61.92
2024-01-15 00:14:08,138.9,75.32
2024-01-15 00:16:34,112.82,63.8
2024-01-15 00:19:00,130.9,69.8
2024-01-15 00:21:26,105.9,57.83
2024-01-15 00:23:53,104.07,59.53
2024-01-15 00:26:18,108.22,61.92
2024-01-15 00:28:44,120.2,61.85
2024-01-15 00:31:10,118.22,63.05
2024-01-15 00:33:35,102.5,56.95
2024-01-15 00:36:01,110.9,61.05
2024-01-15 00:38:28,100.53,55.6
2024-01-15 00:40:54,97.35,53.88
2024-01-15 00:43:20,79.03,47.78
2024-01-15 00:45:46,87.1,49.35
2024-01-15 00:48:12,97.43,50.45
2024-01-15 00:50:37,89.35,50.35
2024-01-15 00:53:03,82.55,48.1
2024-01-15 00:55:29,80.72,45.2
2024-01-15 00:57:55,84.47,46.5
2024-01-15 01:00:21,93.47,49.08
2024-01-15 01:02:46,87.28,48.97
2024-01-15 01:05:12,91.25,49.97
2024-01-15 01:07:38,93.68,51.47
2024-01-15 01:10:04,95.45,50.55
2024-01-15 01:12:30,86.95,48.65
2024-01-15 01:14:56,85.15,50.05
2024-01-15 01:17:22,88.38,50.8
2024-01-15 01:19:47,90.18,50.35
2024-01-15 01:22:14,88.65,49.58
2024-01-15 01:24:40,89.07,50.33
2024-01-15 01:27:05,95.43,51.3
2024-01-15 01:29:32,105.95,56.6
2024-01-15 01:31:57,104.5,57.53
2024-01-15 01:34:23,124.45,66.28
2024-01-15 01:36:49,119.82,62.45
2024-01-15 01:39:15,122.53,65.28
2024-01-15 01:41:40,124.22,67.8
2024-01-15 01:44:06,134.52,69.32
2024-01-15 01:46:32,115.82,60.65
2024-01-15 01:48:59,122.6,68.78
2024-01-15 01:51:30,123.45,62.75
2024-01-15 01:53:56,122.35,66.55
2024-01-15 01:56:22,124.53,66.57
2024-01-15 01:58:48,124.57,64.88
2024-01-15 02:01:14,103.6,57.35
2024-01-15 02:03:41,135.0,72.95
2024-01-15 02:06:06,116.43,62.38
2024-01-15 02:08:33,135.52,72.75
2024-01-15 02:10:59,150.73,82.43
2024-01-15 02:13:25,141.15,77.5
2024-01-15 02:15:51,139.9,75.0
2024-01-15 02:18:17,127.9,71.38
2024-01-15 02:20:42,120.8,66.32
2024-01-15 02:23:12,136.23,72.88
2024-01-15 02:25:40,145.45,79.53
2024-01-15 02:28:09,161.63,84.85
2024-01-15 02:30:39,164.23,87.35
2024-01-15 02:33:09,166.43,90.57
2024-01-15 02:35:36,168.77,88.93
2024-01-15 02:38:05,164.48,83.78
2024-01-15 02:40:31,139.93,71.3
2024-01-15 02:42:57,161.8,83.95
2024-01-15 02:45:23,140.25,79.05
2024-01-15 02:47:49,141.85,77.57
2024-01-15 02:50:15,144.18,75.97
2024-01-15 02:52:41,143.27,76.9
2024-01-15 02:55:08,150.75,76.82
2024-01-15 02:57:33,129.93,70.2
2024-01-15 02:59:59,141.9,72.15
2024-01-15 03:02:25,142.8,78.13
2024-01-15 03:04:51,126.75,70.15
2024-01-15 03:07:17,125.43,67.35
2024-01-15 03:09:43,118.3,62.95
2024-01-15 03:12:09,121.15,63.8
2024-01-15 03:14:35,125.32,68.25
2024-01-15 03:17:01,135.52,65.45
2024-01-15 03:19:26,114.82,61.17
2024-01-15 03:21:52,133.15,69.3
2024-01-15 03:24:18,117.07,61.38
2024-01-15 03:26:43,131.8,66.72
2024-01-15 03:29:09,122.2,65.82
2024-01-15 03:31:35,107.63,60.78
2024-01-15 03:34:01,103.97,54.9
2024-01-15 03:36:26,118.22,59.35
2024-01-15 03:38:52,114.78,60.97
2024-01-15 03:41:18,124.13,65.5
2024-01-15 03:43:43,108.0,58.05
2024-01-15 03:46:09,111.5,58.1
2024-01-15 03:48:35,106.82,56.55
2024-01-15 03:51:00,114.22,60.0
2024-01-15 03:53:26,114.22,61.38
2024-01-15 03:55:52,101.2,55.58
2024-01-15 03:58:17,94.95,52.17
2024-01-15 04:00:43,92.65,51.63
2024-01-15 04:03:09,92.15,50.05
2024-01-15 04:05:35,96.65,53.0
2024-01-15 04:08:00,90.18,51.03
2024-01-15 04:10:26,96.3,51.58
2024-01-15 04:12:52,87.15,48.22
2024-01-15 04:15:18,85.7,48.15
2024-01-15 04:17:43,89.95,49.72
2024-01-15 04:20:09,90.72,47.63
2024-01-15 04:22:36,88.88,48.9
2024-01-15 04:25:02,87.7,49.03
2024-01-15 04:27:28,89.18,47.38
2024-01-15 04:29:54,80.2,45.33
2024-01-15 04:32:20,86.55,47.67
2024-01-15 04:34:45,84.78,46.88
2024-01-15 04:37:11,86.18,47.53
2024-01-15 04:39:39,82.7,44.78
2024-01-15 04:42:04,90.97,48.3
2024-01-15 04:44:30,108.78,55.53
2024-01-15 04:46:56,90.63,49.1
2024-01-15 04:49:22,92.95,49.65
2024-01-15 04:51:47,85.5,47.4
2024-01-15 04:54:13,90.38,48.17
2024-01-15 04:56:42,89.05,47.88
2024-01-15 04:59:09,85.72,48.85
2024-01-15 05:01:35,90.28,48.55
2024-01-15 05:04:01,89.93,49.15
2024-01-15 05:06:27,98.28,51.58
2024-01-15 05:08:53,97.5,51.0
2024-01-15 05:11:19,84.2,45.92
2024-01-15 05:13:45,80.53,43.88
2024-01-15 05:16:11,86.5,45.5
2024-01-15 05:18:36,77.6,43.03
2024-01-15 05:21:02,67.78,38.75
2024-01-15 05:23:30,75.05,41.53
2024-01-15 05:25:56,80.03,44.75
2024-01-15 05:28:22,75.3,41.88
2024-01-15 05:30:48,79.57,42.92
2024-01-15 05:33:15,76.0,41.1
2024-01-15 05:35:41,76.5,40.72
2024-01-15 05:38:07,69.4,40.15
2024-01-15 05:40:33,74.55,41.65
2024-01-15 05:42:59,78.13,40.65
2024-01-15 05:45:28,71.68,39.63
2024-01-15 05:47:55,78.53,41.53
2024-01-15 05:50:21,80.97,44.22
2024-01-15 05:52:47,81.53,47.0
2024-01-15 05:55:13,86.6,46.08
2024-01-15 05:57:39,82.18,45.45
2024-01-15 06:00:04,89.78,48.58
2024-01-15 06:02:31,92.38,49.05
2024-01-15 06:04:57,84.88,46.78
2024-01-15 06:07:23,78.7,43.9
2024-01-15 06:09:48,75.22,43.08
2024-01-15 06:12:14,89.0,46.8
2024-01-15 06:14:40,90.55,50.33
2024-01-15 06:17:06,84.93,46.75
2024-01-15 06:19:32,89.95,47.85
2024-01-15 06:21:58,89.68,48.75
2024-01-15 06:24:23,92.93,51.95
2024-01-15 06:26:49,90.0,49.85
2024-01-15 06:29:15,89.45,50.22
2024-01-15 06:31:40,85.6,49.4
2024-01-15 06:34:06,122.1,62.58
2024-01-15 06:36:32,116.45,59.15
2024-01-15 06:38:58,105.13,56.05
2024-01-15 06:41:24,101.55,55.0
2024-01-15 06:43:50,112.28,60.85
2024-01-15 06:46:19,103.43,54.03
2024-01-15 06:48:46,115.05,61.6
2024-01-15 06:51:12,135.38,69.78
2024-01-15 06:53:37,109.78,58.47
2024-01-15 06:56:03,113.03,58.38
2024-01-15 06:58:30,113.1,58.58
2024-01-15 07:00:56,124.75,65.55
2024-01-15 07:03:22,117.7,62.72
2024-01-15 07:05:48,127.13,64.8
2024-01-15 07:08:14,110.35,59.7
2024-01-15 07:10:40,105.7,60.13
2024-01-15 07:13:06,124.3,63.4
2024-01-15 07:15:32,111.68,61.85
2024-01-15 07:17:57,115.88,60.92
2024-01-15 07:20:23,101.78,54.97
2024-01-15 07:22:49,102.93,56.88
2024-01-15 07:25:15,115.13,60.85
2024-01-15 07:27:41,111.07,61.8
2024-01-15 07:30:09,130.93,67.68
2024-01-15 07:32:36,124.18,67.82
2024-01-15 07:35:02,124.03,67.43
2024-01-15 07:37:28,129.23,65.88
2024-01-15 07:39:54,120.6,67.0
2024-01-15 07:42:20,133.02,68.9
2024-01-15 07:44:45,126.95,68.72
2024-01-15 07:47:12,127.3,67.78
2024-01-15 07:49:37,130.07,66.5
2024-01-15 07:52:03,131.18,71.55
2024-01-15 07:54:30,118.78,66.1
2024-01-15 07:56:57,141.9,81.22
2024-01-15 07:59:29,142.3,81.65
2024-01-15 08:01:55,135.85,75.53
2024-01-15 08:04:21,127.9,71.13
2024-01-15 08:06:47,126.03,66.05
2024-01-15 08:09:13,119.22,67.25
2024-01-15 08:11:39,119.45,63.8
2024-01-15 08:14:06,89.88,51.08
2024-01-15 08:16:32,111.68,58.15
2024-01-15 08:18:58,110.25,59.9
2024-01-15 08:21:24,102.8,55.85
2024-01-15 08:23:50,108.45,59.8
2024-01-15 08:26:15,109.03,62.05
2024-01-15 08:28:41,100.63,55.4
2024-01-15 08:31:08,93.85,54.6
2024-01-15 08:33:34,101.5,56.58
2024-01-15 08:36:01,96.45,53.5
2024-01-15 08:38:27,101.82,57.17
2024-01-15 08:40:53,114.38,59.38
2024-01-15 08:43:21,110.93,61.72
2024-01-15 08:45:47,115.2,64.7
2024-01-15 08:48:13,112.72,61.47
2024-01-15 08:50:39,105.07,57.65
2024-01-15 08:53:04,104.55,59.75
2024-01-15 08:55:30,117.82,63.97
2024-01-15 08:57:56,112.97,63.28
2024-01-15 09:00:22,114.07,62.17
2024-01-15 09:02:48,106.07,57.85
2024-01-15 09:05:13,115.32,63.4
2024-01-15 09:07:39,106.97,58.78
2024-01-15 09:10:05,96.97,54.9
2024-01-15 09:12:31,98.22,57.2
2024-01-15 09:14:57,101.1,54.1
2024-01-15 09:17:23,97.5,53.2
2024-01-15 09:19:49,96.5,53.88
2024-01-15 09:22:15,99.0,54.22
2024-01-15 09:24:43,94.22,50.45
2024-01-15 09:27:10,95.07,55.6
2024-01-15 09:29:35,106.5,58.5
2024-01-15 09:32:06,102.45,56.75
2024-01-15 09:34:33,103.07,55.47
2024-01-15 09:36:59,94.95,55.13
2024-01-15 09:39:28,96.28,56.05
2024-01-15 09:41:54,100.97,55.03
2024-01-15 09:44:20,100.0,52.38
2024-01-15 09:46:46,96.72,53.6
2024-01-15 09:49:15,99.68,57.15
2024-01-15 09:51:41,101.47,56.7
2024-01-15 09:54:08,94.0,53.22
2024-01-15 09:56:34,95.97,52.03
2024-01-15 09:59:00,103.13,55.13
2024-01-15 10:01:27,97.32,53.4
2024-01-15 10:03:54,95.45,51.3
2024-01-15 10:06:20,100.93,56.08
2024-01-15 10:08:48,103.28,57.38
2024-01-15 10:11:15,97.53,55.1
2024-01-15 10:13:43,101.7,55.1
2024-01-15 10:16:09,102.2,57.83
2024-01-15 10:18:36,107.2,58.95
2024-01-15 10:21:04,120.15,58.88
2024-01-15 10:23:34,108.43,55.63
2024-01-15 10:26:01,100.25,55.08
2024-01-15 10:28:27,111.1,56.6
2024-01-15 10:30:56,91.22,51.45
2024-01-15 10:33:24,104.95,56.13
2024-01-15 10:35:53,104.97,57.58
2024-01-15 10:38:22,110.38,60.03
2024-01-15 10:40:55,113.1,58.75
2024-01-15 10:43:21,112.38,58.28
2024-01-15 10:45:48,123.43,67.15
2024-01-15 10:48:16,110.6,63.17
2024-01-15 10:50:43,103.88,55.92
2024-01-15 10:53:09,116.28,63.15
2024-01-15 10:55:37,116.75,62.35
2024-01-15 10:58:04,114.85,63.13
2024-01-15 11:00:32,108.07,58.58
2024-01-15 11:03:05,106.8,60.83
2024-01-15 11:05:38,116.05,63.45
2024-01-15 11:08:07,119.8,66.07
2024-01-15 11:10:40,111.2,61.13
2024-01-15 11:13:20,113.43,64.2
2024-01-15 11:16:12,103.1,56.83
2024-01-15 11:18:43,97.0,54.85
2024-01-15 11:21:27,109.43,59.15
2024-01-15 11:26:43,101.47,55.22
2024-01-15 11:35:09,91.75,50.0
2024-01-15 11:37:29,91.93,52.63
2024-01-15 11:40:17,96.85,52.3
2024-01-15 11:43:03,93.3,48.28
2024-01-15 11:45:30,86.82,48.58
2024-01-15 11:50:38,88.1,47.55
2024-01-15 11:53:13,83.88,47.6
2024-01-15 11:55:43,79.97,43.25
2024-01-15 11:58:10,83.35,42.88
2024-01-15 12:00:43,79.2,44.03
2024-01-15 12:03:12,77.47,43.38
2024-01-15 12:05:38,77.28,43.0
2024-01-15 12:08:04,76.18,43.13
2024-01-15 12:10:37,78.5,44.0
2024-01-15 12:15:35,63.1,36.25
2024-01-15 12:18:01,70.57,36.58
2024-01-15 12:20:28,66.5,34.92
2024-01-15 12:22:55,60.72,33.53
2024-01-15 12:25:21,64.65,33.92
2024-01-15 12:27:52,57.1,32.83
2024-01-15 12:30:18,58.9,34.13
2024-01-15 12:32:44,59.97,31.52
2024-01-15 12:35:12,54.0,30.6
2024-01-15 12:37:41,43.38,24.67
2024-01-15 12:40:08,46.35,26.98
2024-01-15 12:42:41,47.3,27.02
2024-01-15 12:45:08,45.28,25.05
2024-01-15 12:47:35,44.25,25.2
2024-01-15 12:50:02,46.13,26.63
2024-01-15 12:52:31,53.67,26.23
2024-01-15 12:54:57,47.42,26.33
2024-01-15 12:57:23,49.7,27.27
2024-01-15 12:59:49,47.72,27.45
2024-01-15 13:02:15,51.17,28.15
2024-01-15 13:04:41,47.28,26.23
2024-01-15 13:07:07,49.72,26.67
2024-01-15 13:09:34,47.9,26.65
2024-01-15 13:12:01,48.63,27.1
2024-01-15 13:14:27,44.8,25.75
2024-01-15 13:16:54,43.95,25.75
2024-01-15 13:19:20,44.92,24.98
2024-01-15 13:21:47,45.38,24.55
2024-01-15 13:24:13,42.67,23.13
2024-01-15 13:26:39,40.05,23.2
2024-01-15 13:29:05,41.35,23.98
2024-01-15 13:31:31,40.35,23.15
2024-01-15 13:33:58,42.9,25.08
2024-01-15 13:36:27,43.78,25.48
2024-01-15 13:38:53,45.6,26.6
2024-01-15 13:41:19,43.28,25.35
2024-01-15 13:43:53,45.4,24.33
2024-01-15 13:46:20,43.55,24.6
2024-01-15 13:48:48,51.5,24.83
2024-01-15 13:51:14,39.6,22.67
2024-01-15 13:53:39,41.22,22.6
2024-01-15 13:56:06,35.55,21.67
2024-01-15 13:58:33,38.7,22.55
2024-01-15 14:00:59,36.72,21.95
2024-01-15 14:03:25,46.83,24.63
2024-01-15 14:05:51,42.38,22.8
2024-01-15 14:08:17,42.7,24.1
2024-01-15 14:10:43,46.33,23.8
2024-01-15 14:13:10,45.78,24.0
2024-01-15 14:15:36,50.4,27.48
2024-01-15 14:18:02,65.07,33.38
2024-01-15 14:20:27,59.13,30.73
2024-01-15 14:22:53,61.7,34.08
2024-01-15 14:25:22,52.85,31.27
2024-01-15 14:27:49,65.05,38.15
2024-01-15 14:30:15,73.3,45.67
2024-01-15 14:32:44,72.8,41.47
2024-01-15 14:35:10,69.95,38.75
2024-01-15 14:37:39,69.32,37.1
2024-01-15 14:40:08,65.63,36.05
2024-01-15 14:42:35,71.53,39.75
2024-01-15 14:45:02,114.45,60.9
2024-01-15 14:47:29,153.82,83.13
2024-01-15 14:49:56,160.68,82.85
2024-01-15 14:52:22,165.63,84.85
2024-01-15 14:54:48,189.57,100.32
2024-01-15 14:57:14,159.82,87.43
2024-01-15 14:59:40,160.38,82.15
2024-01-15 15:02:06,142.32,72.5
2024-01-15 15:04:32,152.68,78.68
2024-01-15 15:06:58,175.13,91.88
2024-01-15 15:09:23,180.05,94.75
2024-01-15 15:11:49,167.32,91.38
2024-01-15 15:14:17,162.95,86.9
2024-01-15 15:16:43,174.38,88.25
2024-01-15 15:19:09,171.93,83.3
2024-01-15 15:21:35,148.0,75.78
2024-01-15 15:24:00,153.7,77.03
2024-01-15 15:26:26,106.43,55.28
2024-01-15 15:28:52,89.95,47.7
2024-01-15 15:31:18,100.47,51.63
2024-01-15 15:33:44,100.97,51.05
2024-01-15 15:36:10,110.65,56.38
2024-01-15 15:38:36,111.18,54.65
2024-01-15 15:41:02,124.0,56.92
2024-01-15 15:43:28,122.28,58.85
2024-01-15 15:45:55,120.4,61.15
2024-01-15 15:48:22,112.45,54.8
2024-01-15 15:50:50,97.55,53.17
2024-01-15 15:53:16,102.97,54.78
2024-01-15 15:55:44,114.05,56.38
2024-01-15 15:58:09,103.8,56.72
2024-01-15 16:00:35,109.72,56.38
2024-01-15 16:03:01,119.18,61.9
2024-01-15 16:05:26,113.55,61.3
2024-01-15 16:07:52,125.47,70.53
2024-01-15 16:10:18,203.48,102.3
2024-01-15 16:12:44,186.82,98.32
2024-01-15 16:17:46,230.73,122.6
2024-01-15 16:20:16,160.35,88.88
2024-01-15 16:22:43,162.15,88.15
2024-01-15 16:25:09,129.85,69.78
2024-01-15 16:27:35,151.57,80.0
2024-01-15 16:30:00,158.15,84.15
2024-01-15 16:32:26,152.5,84.32
2024-01-15 16:34:53,155.13,82.4
2024-01-15 16:37:18,154.15,81.5
2024-01-15 16:39:44,147.0,77.8
2024-01-15 16:42:10,152.88,77.8
2024-01-15 16:44:36,158.82,84.4
2024-01-15 16:47:02,122.9,67.88
2024-01-15 16:49:29,130.27,67.47
2024-01-15 16:51:55,136.88,66.55
2024-01-15 16:54:21,117.25,63.2
2024-01-15 16:56:47,107.53,58.67
2024-01-15 16:59:12,95.22,51.1
2024-01-15 17:01:38,93.13,48.85
2024-01-15 17:04:04,91.35,48.6
2024-01-15 17:06:31,98.53,51.38
2024-01-15 17:08:57,117.7,60.55
2024-01-15 17:11:23,157.38,86.18
2024-01-15 17:13:49,123.32,66.65
2024-01-15 17:16:16,146.13,74.28
2024-01-15 17:18:41,134.15,72.6
2024-01-15 17:21:08,171.4,89.97
2024-01-15 17:23:34,170.5,90.22
2024-01-15 17:26:00,166.2,92.95
2024-01-15 17:28:25,170.43,89.85
2024-01-15 17:30:51,159.32,83.68
2024-01-15 17:33:17,166.77,88.35
2024-01-15 17:35:50,151.57,83.72
2024-01-15 17:38:17,218.18,118.55
2024-01-15 17:40:43,236.07,125.6
2024-01-15 17:43:09,199.05,107.72
2024-01-15 17:45:35,202.4,107.35
2024-01-15 17:48:01,149.82,83.88
2024-01-15 17:50:27,209.65,114.55
2024-01-15 17:52:53,334.3,193.65
2024-01-15 17:55:19,296.45,159.98
2024-01-15 17:57:44,330.5,184.02
2024-01-15 18:00:10,334.8,182.1
2024-01-15 18:02:39,355.33,195.82
2024-01-15 18:05:05,336.7,177.23
2024-01-15 18:07:31,324.88,174.18
2024-01-15 18:09:56,291.42,144.27
2024-01-15 18:12:23,199.82,107.32
2024-01-15 18:14:50,200.68,104.18
2024-01-15 18:17:15,187.88,97.95
2024-01-15 18:19:41,172.52,90.4
2024-01-15 18:22:07,161.77,84.3
2024-01-15 18:24:34,171.55,91.7
2024-01-15 18:27:00,168.65,93.18
2024-01-15 18:29:28,179.5,95.53
2024-01-15 18:31:54,186.38,92.57
2024-01-15 18:34:20,187.02,103.8
2024-01-15 18:36:45,186.07,99.25
2024-01-15 18:39:12,185.3,100.13
2024-01-15 18:41:40,169.07,89.6
2024-01-15 18:44:07,175.95,93.85
2024-01-15 18:46:32,201.8,107.68
2024-01-15 18:48:58,198.7,111.53
2024-01-15 18:51:24,223.9,119.57
2024-01-15 18:53:50,219.3,114.65
2024-01-15 18:56:16,215.85,118.1
2024-01-15 18:58:45,211.23,118.5
2024-01-15 19:01:11,217.45,116.43
2024-01-15 19:03:38,222.98,124.18
2024-01-15 19:06:04,233.95,127.03
2024-01-15 19:08:31,210.02,112.4
2024-01-15 19:10:58,218.4,113.57
2024-01-15 19:13:24,220.95,122.03
2024-01-15 19:15:50,226.48,119.95
2024-01-15 19:18:15,184.65,99.15
2024-01-15 19:20:41,197.5,101.57
2024-01-15 19:23:07,190.55,101.5
2024-01-15 19:25:33,199.68,109.03
2024-01-15 19:27:59,169.73,90.0
2024-01-15 19:30:28,175.85,100.78
2024-01-15 19:32:54,199.32,106.6
2024-01-15 19:35:19,173.52,93.32
2024-01-15 19:37:45,153.82,85.9
2024-01-15 19:40:11,153.35,82.97
2024-01-15 19:42:37,140.07,78.22
2024-01-15 19:45:03,144.43,79.9
2024-01-15 19:47:29,183.43,100.45
2024-01-15 19:49:55,155.55,86.93
2024-01-15 19:52:21,210.35,111.13
2024-01-15 19:54:46,203.88,110.07
2024-01-15 19:57:12,181.4,98.25
2024-01-15 19:59:39,161.5,91.0
2024-01-15 20:02:04,150.05,84.45
2024-01-15 20:04:32,177.5,98.85
2024-01-15 20:06:58,176.43,93.1
2024-01-15 20:09:23,180.63,99.78
2024-01-15 20:11:49,205.27,112.53
2024-01-15 20:14:16,210.38,115.5
2024-01-15 20:16:41,255.5,141.9
2024-01-15 20:19:07,241.57,131.98
2024-01-15 20:21:33,233.23,125.75
2024-01-15 20:24:00,269.73,145.38
2024-01-15 20:26:26,277.4,145.05
2024-01-15 20:28:52,287.08,156.9
2024-01-15 20:31:19,297.6,159.95
2024-01-15 20:33:45,264.92,146.05
2024-01-15 20:36:11,278.38,156.85
2024-01-15 20:38:38,293.13,163.48
2024-01-15 20:41:04,286.27,152.02
2024-01-15 20:43:31,235.52,128.4
2024-01-15 20:45:57,268.33,145.95
2024-01-15 20:48:23,254.63,143.27
2024-01-15 20:50:49,251.25,139.02
2024-01-15 20:53:15,242.82,129.25
2024-01-15 20:55:40,233.48,127.75
2024-01-15 20:58:09,221.32,119.63
2024-01-15 21:00:35,219.13,121.68
2024-01-15 21:03:01,215.55,120.57
2024-01-15 21:05:27,202.82,110.5
2024-01-15 21:07:54,203.85,108.2
2024-01-15 21:10:20,214.32,118.1
2024-01-15 21:12:46,209.8,112.95
2024-01-15 21:15:13,219.68,123.47
2024-01-15 21:17:38,216.35,121.5
2024-01-15 21:20:05,220.5,123.5
2024-01-15 21:22:33,222.57,126.15
2024-01-15 21:25:00,242.27,130.88
2024-01-15 21:27:27,292.67,161.2
2024-01-15 21:29:53,338.75,182.4
2024-01-15 21:32:19,269.33,151.2
2024-01-15 21:34:45,263.98,146.23
2024-01-15 21:37:10,230.7,127.22
2024-01-15 21:39:36,225.9,121.05
2024-01-15 21:42:03,252.7,141.27
2024-01-15 21:44:29,245.85,136.5
2024-01-15 21:46:55,249.02,140.23
2024-01-15 21:49:20,223.93,124.32
2024-01-15 21:51:46,219.48,119.45
2024-01-15 21:54:12,211.27,111.63
2024-01-15 21:56:37,236.57,129.48
2024-01-15 21:59:03,227.57,128.55
2024-01-15 22:01:29,168.8,91.78
2024-01-15 22:03:55,211.52,117.07
2024-01-15 22:06:20,199.35,109.45
2024-01-15 22:08:46,217.73,116.97
2024-01-15 22:11:12,196.38,106.8
2024-01-15 22:13:38,152.8,84.22
2024-01-15 22:16:04,142.48,79.32
2024-01-15 22:18:30,189.88,104.1
2024-01-15 22:20:56,225.6,125.95
2024-01-15 22:23:25,233.45,129.68
2024-01-15 22:25:50,230.6,129.9
2024-01-15 22:28:16,237.8,131.68
2024-01-15 22:30:42,190.52,107.75
2024-01-15 22:33:07,229.45,119.88
2024-01-15 22:35:33,181.5,101.0
2024-01-15 22:37:59,302.52,166.75
2024-01-15 22:40:26,322.48,181.75
2024-01-15 22:42:56,332.65,180.75
2024-01-15 22:45:22,305.4,163.15
2024-01-15 22:47:48,382.55,217.15
2024-01-15 22:50:14,395.1,222.5
2024-01-15 22:52:39,368.77,206.15
2024-01-15 22:55:06,353.38,195.32
2024-01-15 22:57:32,335.48,184.52
2024-01-15 22:59:59,351.8,194.05
2024-01-15 23:02:25,325.83,179.05
2024-01-15 23:04:50,343.08,195.3
2024-01-15 23:07:16,305.73,170.5
2024-01-15 23:09:42,332.0,190.2
2024-01-15 23:12:08,297.67,161.32
2024-01-15 23:14:34,285.65,153.73
2024-01-15 23:17:00,326.4,185.0
2024-01-15 23:19:25,338.63,191.1
2024-01-15 23:21:51,309.1,169.18
2024-01-15 23:24:17,268.55,146.4
2024-01-15 23:26:43,271.23,146.8
2024-01-15 23:29:09,273.35,152.27
2024-01-15 23:31:38,290.8,154.25
2024-01-15 23:34:07,265.63,139.93
2024-01-15 23:36:33,234.68,127.93
2024-01-15 23:38:59,262.45,142.9
2024-01-15 23:41:25,251.35,137.48
2024-01-15 23:43:50,263.33,140.23
2024-01-15 23:46:16,319.23,175.93
2024-01-15 23:48:44,286.0,157.18
2024-01-15 23:51:10,294.7,164.73
2024-01-15 23:53:37,310.65,172.13
2024-01-15 23:56:02,289.8,159.55
2024-01-15 23:58:29,294.23,162.25
2024-01-16 00:00:56,272.9,152.43
2024-01-16 00:03:21,245.95,140.1
2024-01-16 00:05:47,242.68,135.3
2024-01-16 00:08:14,245.32,136.48
2024-01-16 00:10:39,245.95,133.45
2024-01-16 00:13:05,255.25,140.77
2024-01-16 00:15:31,257.13,142.65
2024-01-16 00:17:57,271.08,150.27
2024-01-16 00:20:22,261.5,144.9
2024-01-16 00:22:50,320.83,178.82
2024-01-16 00:25:17,320.8,175.63
2024-01-16 00:27:45,287.0,159.0
2024-01-16 00:30:11,267.17,140.45
2024-01-16 00:32:39,201.77,104.55
2024-01-16 00:35:04,215.65,113.2
2024-01-16 00:37:30,201.82,111.65
2024-01-16 00:39:56,229.82,121.95
2024-01-16 00:42:22,190.63,103.57
2024-01-16 00:44:48,223.7,119.57
2024-01-16 00:47:13,213.13,113.72
2024-01-16 00:49:39,224.65,121.3
2024-01-16 00:52:05,219.73,119.97
2024-01-16 00:54:31,224.88,123.47
2024-01-16 00:56:57,257.73,135.82
2024-01-16 00:59:25,205.88,113.22
2024-01-16 01:01:51,223.88,115.57
2024-01-16 01:04:17,210.93,117.88
2024-01-16 01:06:42,235.27,126.65
2024-01-16 01:09:08,231.63,122.0
2024-01-16 01:11:37,260.65,139.5
2024-01-16 01:14:03,250.45,136.5
2024-01-16 01:16:29,244.1,132.43
2024-01-16 01:18:55,247.43,133.68
2024-01-16 01:21:20,266.58,142.05
2024-01-16 01:23:46,253.63,133.75
2024-01-16 01:26:12,261.7,138.15
2024-01-16 01:28:39,253.38,130.15
2024-01-16 01:31:05,238.77,129.1
2024-01-16 01:33:33,221.23,117.07
2024-01-16 01:35:59,204.38,110.9
2024-01-16 01:38:25,173.02,95.68
2024-01-16 01:40:50,158.23,86.57
2024-01-16 01:43:23,170.85,94.35
2024-01-16 01:48:27,239.55,122.25
2024-01-16 01:50:53,188.0,102.05
2024-01-16 01:53:19,145.07,80.57
2024-01-16 01:55:45,139.57,77.22
2024-01-16 01:58:11,163.0,88.85
2024-01-16 02:00:38,147.4,78.5
2024-01-16 02:03:03,157.18,84.78
2024-01-16 02:05:29,165.2,89.15
2024-01-16 02:07:56,151.98,86.47
2024-01-16 02:10:23,183.63,98.57
2024-01-16 02:12:49,169.18,92.1
2024-01-16 02:15:15,162.75,88.3
2024-01-16 02:17:41,165.68,93.55
2024-01-16 02:20:06,170.57,92.25
2024-01-16 02:22:33,164.68,87.25
2024-01-16 02:25:00,150.98,84.95
2024-01-16 02:27:26,154.43,81.68
2024-01-16 02:29:52,169.13,93.6
2024-01-16 02:32:18,173.68,92.28
2024-01-16 02:34:43,169.07,90.53
2024-01-16 02:37:09,151.85,84.93
2024-01-16 02:39:35,156.5,88.35
2024-01-16 02:42:01,155.07,89.0
2024-01-16 02:44:26,162.6,91.82
2024-01-16 02:46:52,157.4,88.47
2024-01-16 02:49:18,164.45,93.4
2024-01-16 02:51:43,166.9,92.82
2024-01-16 02:54:09,166.35,88.22
2024-01-16 02:56:35,182.25,98.55
2024-01-16 02:59:00,224.05,118.47
2024-01-16 03:01:26,198.38,108.57
2024-01-16 03:03:52,194.7,110.3
2024-01-16 03:06:24,210.48,113.63
2024-01-16 03:08:50,203.5,113.3
2024-01-16 03:11:16,193.65,105.97
2024-01-16 03:13:43,165.65,91.75
2024-01-16 03:16:09,157.45,88.3
2024-01-16 03:18:36,165.0,91.6
2024-01-16 03:21:03,161.05,90.75
2024-01-16 03:23:30,164.0,85.9
2024-01-16 03:25:55,146.32,77.47
2024-01-16 03:28:22,139.38,79.6
2024-01-16 03:30:48,138.02,76.2
2024-01-16 03:33:13,138.32,76.32
2024-01-16 03:35:39,131.13,74.45
2024-01-16 03:38:05,127.85,71.18
2024-01-16 03:40:31,127.15,70.07
2024-01-16 03:42:59,129.4,71.3
2024-01-16 03:45:25,128.5,69.82
2024-01-16 03:47:51,134.65,71.47
2024-01-16 03:50:17,125.8,69.55
2024-01-16 03:52:42,121.8,68.8
2024-01-16 03:55:08,116.45,65.78
2024-01-16 03:57:34,124.4,67.2
2024-01-16 04:00:00,129.45,71.72
2024-01-16 04:02:25,132.93,74.82
2024-01-16 04:04:51,133.18,73.15
2024-01-16 04:07:17,123.7,66.22
2024-01-16 04:09:43,136.7,75.97
2024-01-16 04:12:08,143.45,78.88
2024-01-16 04:14:35,125.43,62.9
2024-01-16 04:17:01,119.0,61.63
2024-01-16 04:19:27,118.7,63.65
2024-01-16 04:21:53,110.93,60.67
2024-01-16 04:24:19,110.7,61.25
2024-01-16 04:26:44,106.95,56.9
2024-01-16 04:29:10,98.43,57.22
2024-01-16 04:31:40,108.15,64.18
2024-01-16 04:34:06,110.97,65.0
2024-01-16 04:36:32,106.18,60.42
2024-01-16 04:38:57,86.3,50.35
2024-01-16 04:41:23,86.78,47.85
2024-01-16 04:43:49,86.75,48.45
2024-01-16 04:46:15,87.07,48.17
2024-01-16 04:48:41,86.9,47.3
2024-01-16 04:51:07,82.97,47.1
2024-01-16 04:53:33,82.55,42.88
2024-01-16 04:55:59,77.03,42.78
2024-01-16 04:58:25,75.38,39.78
2024-01-16 05:00:51,86.72,44.85
2024-01-16 05:03:16,98.13,51.63
2024-01-16 05:05:42,104.1,54.9
2024-01-16 05:08:08,105.4,53.33
2024-01-16 05:10:34,99.15,53.25
2024-01-16 05:13:00,97.68,53.28
2024-01-16 05:15:25,87.7,47.55
2024-01-16 05:17:51,95.07,52.53
2024-01-16 05:20:18,92.9,50.1
2024-01-16 05:22:44,90.3,49.42
2024-01-16 05:25:10,89.2,48.03
2024-01-16 05:27:35,90.8,48.03
2024-01-16 05:30:01,87.57,49.9
2024-01-16 05:32:27,91.0,49.33
2024-01-16 05:34:53,91.47,49.92
2024-01-16 05:37:19,90.8,49.4
2024-01-16 05:39:44,95.25,50.53
2024-01-16 05:42:11,95.55,53.05
2024-01-16 05:44:37,87.43,51.1
2024-01-16 05:47:03,93.57,50.83
2024-01-16 05:49:29,91.8,51.13
2024-01-16 05:51:55,102.57,53.97
2024-01-16 05:54:21,99.13,55.15
2024-01-16 05:56:46,93.53,54.05
2024-01-16 05:59:12,99.13,56.6
2024-01-16 06:01:38,90.25,50.92
2024-01-16 06:04:04,93.3,51.6
2024-01-16 06:06:29,90.93,49.85
2024-01-16 06:08:55,100.43,54.0
2024-01-16 06:11:31,89.55,50.78
2024-01-16 06:13:58,96.13,55.13
2024-01-16 06:16:24,94.1,51.72
2024-01-16 06:18:50,98.88,54.25
2024-01-16 06:21:16,94.95,53.47
2024-01-16 06:23:43,89.4,48.75
2024-01-16 06:26:09,96.18,53.1
2024-01-16 06:28:34,96.8,53.2
2024-01-16 06:31:00,94.35,52.95
2024-01-16 06:33:26,92.0,50.45
2024-01-16 06:35:53,89.93,50.5
2024-01-16 06:38:20,96.0,51.5
2024-01-16 06:40:46,90.43,52.03
2024-01-16 06:43:11,96.0,53.72
2024-01-16 06:45:40,96.22,53.2
2024-01-16 06:48:09,102.9,55.47
2024-01-16 06:50:35,90.53,51.6
2024-01-16 06:53:01,103.68,55.05
2024-01-16 06:55:27,98.53,55.5
2024-01-16 06:57:53,94.43,51.13
2024-01-16 07:00:19,98.18,53.63
2024-01-16 07:02:47,99.05,52.75
2024-01-16 07:05:13,89.68,48.9
2024-01-16 07:07:39,85.55,48.05
2024-01-16 07:10:05,97.15,54.15
2024-01-16 07:12:33,96.18,53.63
2024-01-16 07:14:59,99.13,55.25
2024-01-16 07:17:25,97.85,53.03
2024-01-16 07:19:51,96.15,51.78
2024-01-16 07:22:17,88.82,49.17
2024-01-16 07:24:42,109.55,56.58
2024-01-16 07:27:08,108.97,59.65
2024-01-16 07:29:34,96.63,52.03
2024-01-16 07:31:59,85.03,46.0
2024-01-16 07:34:25,94.93,51.63
2024-01-16 07:36:51,79.07,41.63
2024-01-16 07:39:16,69.3,37.97
2024-01-16 07:41:42,61.42,36.85
2024-01-16 07:44:08,56.33,32.67
2024-01-16 07:46:33,67.0,39.6
2024-01-16 07:48:59,86.18,49.33
2024-01-16 07:51:25,143.48,78.25
2024-01-16 07:54:03,150.38,84.18
2024-01-16 07:56:33,126.65,69.03
2024-01-16 07:58:59,134.3,73.7
2024-01-16 08:01:26,137.02,76.07
2024-01-16 08:03:53,125.65,70.65
2024-01-16 08:06:22,124.22,68.9
2024-01-16 08:08:49,130.0,76.18
2024-01-16 08:11:15,106.7,53.85
2024-01-16 08:13:43,78.1,45.67
2024-01-16 08:16:09,93.9,53.8
2024-01-16 08:18:34,111.53,63.92
2024-01-16 08:21:00,90.8,51.05
2024-01-16 08:23:26,48.65,24.02
2024-01-16 08:25:52,33.53,18.52
2024-01-16 08:28:18,35.25,18.92
2024-01-16 08:30:44,27.67,14.63
2024-01-16 08:33:11,23.58,14.8
2024-01-16 08:35:37,24.15,13.35
2024-01-16 08:38:03,21.42,12.8
2024-01-16 08:40:29,13.82,8.9
2024-01-16 08:42:55,20.33,10.57
2024-01-16 08:45:21,16.6,10.18
2024-01-16 08:47:47,21.45,12.4
2024-01-16 08:50:13,18.4,11.77
2024-01-16 08:52:39,20.75,12.5
2024-01-16 08:55:05,18.3,11.6
2024-01-16 08:57:31,24.23,14.1
2024-01-16 08:59:57,23.23,13.6
2024-01-16 09:02:23,22.1,12.4
2024-01-16 09:04:49,28.52,14.8
2024-01-16 09:07:18,26.92,13.85
2024-01-16 09:09:44,21.35,12.77
2024-01-16 09:12:10,22.42,13.27
2024-01-16 09:14:35,19.48,12.35
2024-01-16 09:17:01,15.57,10.95
2024-01-16 09:19:28,22.48,12.8
2024-01-16 09:21:54,19.17,11.93
2024-01-16 09:24:20,22.63,12.2
2024-01-16 09:26:46,18.55,11.3
2024-01-16 09:29:12,16.8,9.7
2024-01-16 09:31:39,17.23,11.13
2024-01-16 09:34:06,18.98,11.95
2024-01-16 09:36:31,15.15,8.77
2024-01-16 09:38:57,17.33,9.5
2024-01-16 09:41:23,16.33,9.32
2024-01-16 09:43:49,17.25,9.45
2024-01-16 09:46:16,10.93,6.8
2024-01-16 09:48:44,12.57,7.35
2024-01-16 09:51:12,11.75,7.43
2024-01-16 09:53:41,13.02,7.88
2024-01-16 09:56:09,10.93,7.53
2024-01-16 09:58:40,12.3,7.68
2024-01-16 10:01:08,7.85,5.25
2024-01-16 10:03:34,18.17,9.13
2024-01-16 10:06:02,18.2,9.3
2024-01-16 10:08:31,13.0,7.68
2024-01-16 10:10:57,11.02,7.07
2024-01-16 10:13:23,10.75,6.57
2024-01-16 10:15:49,10.18,6.47
2024-01-16 10:18:25,12.0,7.1
2024-01-16 10:20:51,9.27,5.95
2024-01-16 10:23:31,7.13,3.85
2024-01-16 10:28:34,17.7,10.27
2024-01-16 10:31:08,22.2,13.73
2024-01-16 10:33:35,20.85,12.07
2024-01-16 10:36:14,14.4,9.23
2024-01-16 10:38:44,8.3,4.2
2024-01-16 10:41:15,8.6,5.7
2024-01-16 10:43:50,8.18,5.1
2024-01-16 10:46:32,6.57,4.63
2024-01-16 10:48:59,8.07,5.0
2024-01-16 10:51:28,6.65,5.25
2024-01-16 10:54:04,8.38,5.88
2024-01-16 10:56:31,9.1,6.28
2024-01-16 11:01:43,8.45,5.47
2024-01-16 11:04:11,8.8,4.85
2024-01-16 11:06:37,9.2,4.55
2024-01-16 11:09:05,8.88,5.4
2024-01-16 11:11:33,7.72,5.1
2024-01-16 11:14:01,8.93,5.22
2024-01-16 11:16:28,8.23,4.7
2024-01-16 11:18:57,9.43,5.32
2024-01-16 11:21:23,8.85,6.2
2024-01-16 11:23:50,6.55,4.78
2024-01-16 11:28:57,8.6,5.78
2024-01-16 11:31:44,9.85,5.45
2024-01-16 11:34:09,8.48,4.78
2024-01-16 11:39:22,10.65,5.95
2024-01-16 11:41:52,10.07,6.03
2024-01-16 11:44:35,6.85,5.25
2024-01-16 11:47:06,10.57,6.28
2024-01-16 11:49:33,8.77,6.32
2024-01-16 11:52:00,9.4,5.8
2024-01-16 11:54:26,11.13,7.18
2024-01-16 12:02:21,10.02,5.7
2024-01-16 12:04:52,10.98,6.05
2024-01-16 12:07:21,9.68,5.03
2024-01-16 12:09:47,7.38,4.9
2024-01-16 12:12:14,8.7,5.0
2024-01-16 12:14:40,7.65,5.1
2024-01-16 12:17:15,10.23,6.38
2024-01-16 12:19:43,8.9,5.7
2024-01-16 12:22:09,10.27,6.18
2024-01-16 12:24:35,9.13,6.15
2024-01-16 12:27:02,9.45,5.9
2024-01-16 12:29:29,8.8,5.7
2024-01-16 12:34:52,9.0,5.2
2024-01-16 12:37:17,6.88,4.95
2024-01-16 12:39:45,7.93,5.1
2024-01-16 12:42:10,11.57,5.25
2024-01-16 12:44:36,10.05,5.72
2024-01-16 12:47:02,13.88,8.7
2024-01-16 12:49:28,14.85,8.05
2024-01-16 12:55:00,9.3,6.15
2024-01-16 12:57:26,13.55,7.15
2024-01-16 12:59:54,11.23,7.05
2024-01-16 13:02:22,11.15,6.45
2024-01-16 13:04:59,9.57,6.45
2024-01-16 13:07:28,11.77,6.28
2024-01-16 13:10:06,9.77,6.03
2024-01-16 13:12:33,10.77,6.47
2024-01-16 13:15:00,10.32,6.4
2024-01-16 13:17:30,11.1,6.7
2024-01-16 13:19:57,13.35,7.05
2024-01-16 13:22:23,9.52,6.2
2024-01-16 13:24:48,13.23,6.53
2024-01-16 13:27:14,10.1,6.93
2024-01-16 13:29:40,10.0,6.53
2024-01-16 13:32:06,11.73,6.75
2024-01-16 13:34:32,11.8,6.85
2024-01-16 13:36:58,8.75,5.8
2024-01-16 13:39:26,10.82,5.78
2024-01-16 13:41:52,11.15,6.75
2024-01-16 13:44:18,11.05,6.43
2024-01-16 13:46:44,16.5,7.13
2024-01-16 13:49:10,10.65,6.82
2024-01-16 13:51:35,13.38,7.65
2024-01-16 13:54:01,12.82,7.47
2024-01-16 13:56:27,13.48,7.68
2024-01-16 13:58:53,13.23,7.45
2024-01-16 14:01:18,18.75,9.43
2024-01-16 14:03:44,14.5,8.55
2024-01-16 14:06:12,9.27,6.6
2024-01-16 14:08:38,11.9,7.22
2024-01-16 14:11:04,10.8,6.65
2024-01-16 14:13:30,10.02,6.8
2024-01-16 14:15:56,12.6,7.47
2024-01-16 14:18:22,13.38,6.8
2024-01-16 14:20:48,14.02,6.95
2024-01-16 14:23:14,15.1,7.38
2024-01-16 14:25:39,12.4,7.18
2024-01-16 14:28:05,11.35,6.95
2024-01-16 14:30:31,9.77,6.78
2024-01-16 14:32:58,11.25,6.78
2024-01-16 14:35:24,12.02,7.18
2024-01-16 14:37:53,10.98,6.5
2024-01-16 14:40:19,10.35,7.1
2024-01-16 14:42:51,11.0,6.55
2024-01-16 14:45:24,14.55,8.48
2024-01-16 14:50:19,29.0,15.63
2024-01-16 14:52:47,24.33,15.15
2024-01-16 14:55:14,29.3,14.3
2024-01-16 14:57:40,31.3,16.85
2024-01-16 15:00:17,24.15,12.68
2024-01-16 15:02:48,22.88,11.4
2024-01-16 15:05:18,21.5,11.15
2024-01-16 15:07:44,23.1,12.8
2024-01-16 15:10:11,21.08,12.65
2024-01-16 15:12:38,20.33,11.25
2024-01-16 15:15:05,20.58,11.48
2024-01-16 15:17:32,18.45,10.57
2024-01-16 15:19:58,21.52,10.55
2024-01-16 15:22:24,15.02,8.1
2024-01-16 15:24:50,11.27,7.07
2024-01-16 15:27:15,11.93,5.6
2024-01-16 15:29:41,11.07,6.2
2024-01-16 15:32:07,12.2,6.53
2024-01-16 15:34:33,13.48,5.6
2024-01-16 15:37:00,8.73,4.82
2024-01-16 15:39:27,8.9,5.3
2024-01-16 15:41:52,7.1,5.0
2024-01-16 15:44:18,9.77,5.18
2024-01-16 15:46:54,6.78,5.13
2024-01-16 15:49:21,11.23,5.43
2024-01-16 15:51:47,7.13,4.78
2024-01-16 15:54:12,12.4,4.6
2024-01-16 15:56:38,6.53,4.03
2024-01-16 15:59:04,11.68,4.3
2024-01-16 16:01:29,5.65,3.72
2024-01-16 16:03:57,6.88,3.72
2024-01-16 16:06:23,6.97,3.7
2024-01-16 16:08:48,9.02,3.85
2024-01-16 16:11:14,8.93,4.1
2024-01-16 16:13:41,4.63,3.2
2024-01-16 16:16:07,5.5,3.53
2024-01-16 16:18:33,4.85,3.13
2024-01-16 16:21:02,6.32,3.5
2024-01-16 16:23:30,4.85,3.5
2024-01-16 16:25:56,7.2,4.13
2024-01-16 16:28:22,5.28,3.65
2024-01-16 16:30:48,8.55,3.83
2024-01-16 16:33:14,7.57,3.3
2024-01-16 16:35:40,6.28,3.33
2024-01-16 16:38:06,5.1,3.33
2024-01-16 16:40:35,5.1,3.4
2024-01-16 16:43:02,5.55,3.42
2024-01-16 16:45:29,6.1,4.1
2024-01-16 16:47:56,6.85,4.72
2024-01-16 16:50:21,6.5,4.2
2024-01-16 16:52:48,7.7,4.7
2024-01-16 16:55:14,7.63,4.88
2024-01-16 16:57:40,8.05,4.85
2024-01-16 17:00:06,6.22,4.22
2024-01-16 17:02:32,8.32,4.2
2024-01-16 17:04:58,8.45,4.65
2024-01-16 17:07:24,8.02,4.13
2024-01-16 17:09:49,6.05,4.57
2024-01-16 17:12:15,8.05,4.7
2024-01-16 17:14:41,16.23,9.0
2024-01-16 17:17:07,27.6,15.5
2024-01-16 17:19:33,29.13,14.82
2024-01-16 17:21:58,13.55,8.63
2024-01-16 17:24:24,16.42,9.4
2024-01-16 17:26:51,25.77,9.8
2024-01-16 17:29:17,15.07,9.6
2024-01-16 17:31:42,15.25,8.88
2024-01-16 17:34:08,53.65,30.83
2024-01-16 17:36:37,44.1,24.75
2024-01-16 17:39:04,60.78,31.2
2024-01-16 17:41:35,46.47,26.63
2024-01-16 17:44:02,65.47,33.28
2024-01-16 17:46:29,56.28,31.45
2024-01-16 17:48:55,56.95,33.13
2024-01-16 17:51:21,58.15,34.65
2024-01-16 17:53:47,59.55,34.65
2024-01-16 17:56:13,58.4,35.0
2024-01-16 17:58:43,184.45,88.75
2024-01-16 18:01:09,160.52,80.75
2024-01-16 18:03:40,135.3,73.2
2024-01-16 18:06:07,167.27,85.95
2024-01-16 18:08:33,167.52,90.6
2024-01-16 18:11:02,181.55,95.72
2024-01-16 18:13:29,141.6,75.47
2024-01-16 18:15:56,97.1,54.58
2024-01-16 18:18:22,112.7,59.92
2024-01-16 18:20:49,90.35,51.15
2024-01-16 18:23:15,92.38,50.22
2024-01-16 18:25:41,72.8,43.75
2024-01-16 18:28:07,78.63,45.08
2024-01-16 18:30:32,75.03,40.53
2024-01-16 18:32:59,60.9,33.83
2024-01-16 18:35:26,62.0,36.05
2024-01-16 18:37:51,85.85,45.8
2024-01-16 18:40:17,86.7,48.95
2024-01-16 18:42:45,162.0,85.75
2024-01-16 18:45:12,260.35,140.65
2024-01-16 18:47:38,239.48,132.82
2024-01-16 18:50:13,218.63,124.47
2024-01-16 18:52:39,267.6,140.57
2024-01-16 18:55:07,212.45,120.32
2024-01-16 18:57:39,167.73,95.25
2024-01-16 19:00:06,120.93,69.72
2024-01-16 19:02:38,132.35,75.3
2024-01-16 19:05:08,144.0,80.57
2024-01-16 19:07:41,150.55,81.22
2024-01-16 19:10:08,125.7,70.8
2024-01-16 19:12:41,108.95,60.0
2024-01-16 19:15:13,114.13,62.28
2024-01-16 19:17:42,96.82,54.35
2024-01-16 19:20:09,94.63,54.17
2024-01-16 19:22:39,85.72,50.03
2024-01-16 19:25:09,81.55,47.88
2024-01-16 19:27:37,76.63,45.3
2024-01-16 19:30:06,73.47,42.85
2024-01-16 19:32:38,76.97,42.58
2024-01-16 19:35:08,100.35,50.4
2024-01-16 19:37:34,100.1,56.7
2024-01-16 19:40:00,112.7,65.0
2024-01-16 19:42:31,129.73,71.97
2024-01-16 19:44:57,136.35,73.45
2024-01-16 19:47:22,159.75,87.07
2024-01-16 19:49:48,192.73,95.78
2024-01-16 19:52:14,153.98,88.4
2024-01-16 19:54:40,159.6,91.15
2024-01-16 19:57:09,256.45,140.7
2024-01-16 19:59:36,261.25,138.7
2024-01-16 20:02:02,142.18,78.05
2024-01-16 20:04:31,138.15,76.65
2024-01-16 20:06:57,120.7,68.3
2024-01-16 20:09:23,212.63,114.88
2024-01-16 20:11:49,209.23,110.85
2024-01-16 20:14:15,217.65,119.72
2024-01-16 20:16:41,195.93,105.75
2024-01-16 20:19:07,164.57,87.55
2024-01-16 20:21:34,162.82,92.07
2024-01-16 20:24:00,146.32,82.18
2024-01-16 20:26:27,130.15,72.07
2024-01-16 20:28:53,112.57,65.82
2024-01-16 20:31:19,108.95,61.42
2024-01-16 20:33:45,97.22,56.2
2024-01-16 20:36:13,62.45,37.8
2024-01-16 20:38:42,59.22,33.88
2024-01-16 20:41:08,76.4,42.85
2024-01-16 20:43:35,51.9,31.33
2024-01-16 20:46:02,56.67,34.67
2024-01-16 20:48:32,58.65,34.97
2024-01-16 20:50:59,64.9,39.35
2024-01-16 20:53:28,67.13,36.22
2024-01-16 20:55:54,59.4,35.9
2024-01-16 20:58:21,63.33,37.85
2024-01-16 21:00:47,75.85,41.03
2024-01-16 21:03:14,60.72,38.2
2024-01-16 21:05:43,57.7,33.72
2024-01-16 21:08:10,64.82,39.85
2024-01-16 21:10:37,67.47,39.13
2024-01-16 21:13:03,80.35,48.05
2024-01-16 21:15:29,107.53,65.35
2024-01-16 21:17:58,101.07,57.55
2024-01-16 21:20:24,101.93,59.35
2024-01-16 21:22:51,98.75,56.75
2024-01-16 21:25:19,104.72,59.7
2024-01-16 21:27:48,101.35,60.7
2024-01-16 21:30:14,111.68,64.82
2024-01-16 21:32:40,118.78,68.13
2024-01-16 21:35:06,114.32,61.97
2024-01-16 21:37:34,97.45,56.83
2024-01-16 21:40:00,95.63,53.95
2024-01-16 21:42:26,100.7,55.65
2024-01-16 21:44:52,81.78,49.1
2024-01-16 21:47:18,99.45,55.67
2024-01-16 21:49:48,95.18,54.4
2024-01-16 21:52:15,97.2,55.5
2024-01-16 21:54:41,79.35,46.95
2024-01-16 21:57:07,76.93,46.08
2024-01-16 21:59:33,89.5,48.78
2024-01-16 22:02:00,88.4,50.95
2024-01-16 22:04:26,91.82,52.58
2024-01-16 22:06:52,92.47,52.85
2024-01-16 22:09:17,96.15,56.4
2024-01-16 22:11:46,99.75,58.17
2024-01-16 22:14:13,101.55,58.15
2024-01-16 22:16:42,104.47,58.55
2024-01-16 22:19:08,113.2,63.25
2024-01-16 22:21:33,107.15,61.05
2024-01-16 22:23:59,107.47,63.45
2024-01-16 22:26:25,104.8,60.3
2024-01-16 22:28:51,108.95,66.07
2024-01-16 22:31:16,111.22,65.45
2024-01-16 22:33:42,123.1,69.38
2024-01-16 22:36:08,124.72,69.43
2024-01-16 22:38:38,220.88,115.13
2024-01-16 22:41:05,179.05,95.13
2024-01-16 22:43:31,184.4,100.22
2024-01-16 22:45:57,209.23,115.63
2024-01-16 22:48:24,181.02,103.65
2024-01-16 22:50:49,171.25,96.45
2024-01-16 22:53:16,170.07,96.22
2024-01-16 22:55:42,169.0,95.25
2024-01-16 22:58:08,176.02,99.2
2024-01-16 23:00:34,144.7,82.9
2024-01-16 23:03:04,136.6,76.3
2024-01-16 23:05:33,111.72,61.67
2024-01-16 23:08:00,124.93,72.18
2024-01-16 23:10:27,126.38,72.18
2024-01-16 23:12:52,125.05,71.13
2024-01-16 23:15:18,110.4,65.2
2024-01-16 23:17:44,158.63,86.95
2024-01-16 23:20:10,166.5,89.93
2024-01-16 23:22:41,154.3,88.82
2024-01-16 23:25:08,164.95,88.28
2024-01-16 23:27:35,110.07,63.58
2024-01-16 23:30:03,124.75,70.6
2024-01-16 23:32:29,152.13,84.68
2024-01-16 23:34:55,154.0,84.47
2024-01-16 23:37:20,162.68,93.25
2024-01-16 23:39:52,155.48,86.95
2024-01-16 23:42:20,234.38,123.95
2024-01-16 23:44:47,249.52,134.93
2024-01-16 23:47:14,149.3,86.4
2024-01-16 23:49:40,241.18,129.23
2024-01-16 23:52:07,236.9,122.38
2024-01-16 23:54:35,211.0,116.7
2024-01-16 23:57:02,179.1,101.13
2024-01-16 23:59:28,172.1,96.72
2024-01-17 00:01:54,181.38,98.22
2024-01-17 00:04:20,182.55,100.4
2024-01-17 00:06:46,162.85,91.7
2024-01-17 00:09:12,189.6,101.45
2024-01-17 00:11:40,76.97,46.1
2024-01-17 00:14:07,107.55,58.45
2024-01-17 00:16:33,81.0,49.0
2024-01-17 00:18:59,63.15,38.65
2024-01-17 00:21:25,86.18,48.9
2024-01-17 00:23:51,106.88,58.05
2024-01-17 00:26:16,96.72,54.45
2024-01-17 00:28:42,121.2,65.97
2024-01-17 00:31:08,121.97,65.55
2024-01-17 00:33:33,121.53,67.75
2024-01-17 00:35:59,127.07,68.5
2024-01-17 00:38:25,111.13,64.2
2024-01-17 00:40:51,111.82,61.15
2024-01-17 00:43:16,109.03,62.22
2024-01-17 00:45:43,102.9,57.55
2024-01-17 00:48:10,108.15,59.3
2024-01-17 00:50:38,112.5,61.78
2024-01-17 00:53:04,117.0,66.38
2024-01-17 00:55:30,126.47,70.0
2024-01-17 00:57:57,118.43,68.47
2024-01-17 01:00:22,134.35,74.43
2024-01-17 01:02:48,108.0,56.03
2024-01-17 01:05:16,95.18,52.3
2024-01-17 01:07:42,97.43,55.97
2024-01-17 01:10:09,109.93,59.25
2024-01-17 01:12:34,104.38,56.17
2024-01-17 01:15:00,113.97,63.5
2024-01-17 01:17:26,102.32,55.2
2024-01-17 01:19:52,90.2,51.42
2024-01-17 01:22:20,115.97,60.2
2024-01-17 01:24:46,139.75,75.43
2024-01-17 01:27:12,140.38,76.6
2024-01-17 01:29:38,113.85,64.47
2024-01-17 01:32:03,136.15,78.2
2024-01-17 01:34:29,128.25,71.45
2024-01-17 01:36:55,133.88,73.6
2024-01-17 01:39:20,141.32,74.78
2024-01-17 01:41:46,134.43,72.05
2024-01-17 01:44:12,132.55,71.38
2024-01-17 01:46:39,136.4,71.22
2024-01-17 01:49:09,115.57,61.08
2024-01-17 01:51:35,116.15,63.63
2024-01-17 01:54:02,132.27,67.85
2024-01-17 01:56:32,130.35,69.28
2024-01-17 01:58:59,104.45,58.47
2024-01-17 02:01:26,104.3,58.83
2024-01-17 02:03:54,143.7,75.75
2024-01-17 02:06:22,115.35,60.53
2024-01-17 02:08:48,114.35,60.55
2024-01-17 02:11:18,124.0,65.95
2024-01-17 02:13:44,121.6,65.22
2024-01-17 02:16:10,91.78,52.53
2024-01-17 02:18:38,86.5,48.6
2024-01-17 02:21:04,102.05,53.88
2024-01-17 02:23:30,117.57,61.28
2024-01-17 02:25:57,112.13,60.63
2024-01-17 02:28:29,83.45,47.97
2024-01-17 02:30:55,75.57,42.75
2024-01-17 02:33:22,117.55,61.08
2024-01-17 02:35:48,114.95,59.6
2024-01-17 02:38:14,80.7,43.65
2024-01-17 02:40:40,103.45,56.88
2024-01-17 02:43:06,64.57,36.67
2024-01-17 02:45:31,74.43,42.15
2024-01-17 02:47:57,58.97,33.5
2024-01-17 02:50:23,53.4,31.7
2024-01-17 02:52:50,67.9,37.58
2024-01-17 02:55:18,82.35,44.42
2024-01-17 02:57:44,128.18,70.0
2024-01-17 03:00:10,104.93,58.92
2024-01-17 03:02:36,118.43,68.85
2024-01-17 03:05:03,96.55,53.88
2024-01-17 03:07:32,108.82,58.28
2024-01-17 03:09:58,77.38,43.53
2024-01-17 03:12:23,76.32,43.42
2024-01-17 03:14:49,82.2,47.2
2024-01-17 03:17:16,68.82,40.55
2024-01-17 03:19:42,60.35,36.35
2024-01-17 03:22:09,69.75,38.15
2024-01-17 03:24:38,61.72,38.08
2024-01-17 03:27:04,123.43,68.1
2024-01-17 03:29:30,116.95,64.32
2024-01-17 03:31:56,104.28,57.35
2024-01-17 03:34:21,115.75,60.97
2024-01-17 03:36:47,99.93,54.92
2024-01-17 03:39:13,95.55,52.15
2024-01-17 03:41:38,83.75,47.38
2024-01-17 03:44:04,97.6,51.33
2024-01-17 03:46:31,103.93,55.25
2024-01-17 03:48:56,78.95,46.83
2024-01-17 03:51:22,77.15,43.0
2024-01-17 03:53:48,73.28,42.0
2024-01-17 03:56:14,69.18,38.35
2024-01-17 03:58:40,50.8,31.42
2024-01-17 04:01:12,72.35,38.25
2024-01-17 04:03:38,66.25,37.35
2024-01-17 04:06:05,73.13,42.28
2024-01-17 04:08:31,78.47,44.35
2024-01-17 04:10:57,67.47,38.45
2024-01-17 04:13:23,49.08,28.17
2024-01-17 04:15:48,41.97,26.67
2024-01-17 04:18:14,47.55,27.67
2024-01-17 04:20:40,49.17,29.35
2024-01-17 04:23:06,49.95,30.38
2024-01-17 04:25:34,56.03,33.47
2024-01-17 04:28:04,59.78,36.05
2024-01-17 04:30:31,55.35,33.55
2024-01-17 04:32:57,56.8,34.0
2024-01-17 04:35:22,51.0,30.4
2024-01-17 04:37:48,63.47,37.33
2024-01-17 04:40:14,70.9,36.8
2024-01-17 04:42:40,68.63,37.9
2024-01-17 04:45:06,39.3,22.9
2024-01-17 04:47:32,29.95,19.98
2024-01-17 04:49:58,31.05,20.23
2024-01-17 04:52:24,36.28,20.73
2024-01-17 04:54:50,44.7,23.63
2024-01-17 04:57:15,40.8,23.23
2024-01-17 04:59:41,37.13,23.08
2024-01-17 05:02:08,38.95,22.67
2024-01-17 05:04:34,42.05,22.7
2024-01-17 05:06:59,38.05,22.4
2024-01-17 05:09:25,43.78,24.38
2024-01-17 05:11:51,37.85,23.27
2024-01-17 05:14:17,38.2,23.2
2024-01-17 05:16:43,40.8,23.3
2024-01-17 05:19:09,37.5,23.23
2024-01-17 05:21:34,44.58,23.8
2024-01-17 05:24:00,41.92,23.2
2024-01-17 05:26:26,37.45,22.3
2024-01-17 05:28:51,36.63,21.35
2024-01-17 05:31:17,40.4,26.15
2024-01-17 05:33:44,66.57,37.13
2024-01-17 05:36:10,77.82,38.83
2024-01-17 05:38:36,58.03,30.58
2024-01-17 05:41:02,57.78,32.95
2024-01-17 05:43:28,60.72,33.42
2024-01-17 05:45:55,60.92,33.65
2024-01-17 05:48:24,50.88,29.7
2024-01-17 05:50:50,66.65,38.4
2024-01-17 05:53:16,58.47,31.65
2024-01-17 05:55:42,57.03,32.25
2024-01-17 05:58:09,57.9,31.35
2024-01-17 06:00:35,66.9,34.47
2024-01-17 06:03:01,60.13,32.67
2024-01-17 06:05:26,60.6,32.05
2024-01-17 06:07:52,55.7,31.52
2024-01-17 06:10:20,53.97,28.45
2024-01-17 06:12:46,56.6,30.2
2024-01-17 06:15:11,54.75,30.05
2024-01-17 06:17:37,68.3,35.17
2024-01-17 06:20:03,64.6,34.8
2024-01-17 06:22:30,55.0,30.98
2024-01-17 06:24:56,50.75,29.92
2024-01-17 06:27:22,63.95,34.38
2024-01-17 06:29:48,51.13,29.83
2024-01-17 06:32:14,55.92,32.95
2024-01-17 06:34:40,50.83,30.7
2024-01-17 06:37:06,57.42,31.38
2024-01-17 06:39:32,48.2,30.33
2024-01-17 06:41:59,42.22,25.88
2024-01-17 06:44:25,46.45,26.65
2024-01-17 06:46:52,36.88,24.2
2024-01-17 06:49:18,39.85,22.77
2024-01-17 06:51:44,41.08,24.98
2024-01-17 06:54:10,44.33,27.3
2024-01-17 06:56:36,47.33,27.08
2024-01-17 06:59:03,50.47,30.35
2024-01-17 07:01:29,58.63,33.88
2024-01-17 07:03:55,58.72,35.65
2024-01-17 07:06:21,80.28,48.67
2024-01-17 07:08:47,89.15,52.63
2024-01-17 07:11:12,88.18,52.72
2024-01-17 07:13:39,93.4,52.63
2024-01-17 07:16:05,85.45,52.38
2024-01-17 07:18:33,77.6,47.85
2024-01-17 07:21:08,81.47,49.03
2024-01-17 07:23:34,78.57,46.4
2024-01-17 07:26:02,88.57,51.47
2024-01-17 07:28:29,109.55,66.25
2024-01-17 07:30:54,120.55,71.38
2024-01-17 07:33:20,107.38,63.63
2024-01-17 07:35:46,100.7,58.95
2024-01-17 07:38:12,97.6,58.28
2024-01-17 07:40:37,101.95,59.15
2024-01-17 07:43:03,91.4,54.15
2024-01-17 07:45:30,92.3,56.63
2024-01-17 07:47:55,100.22,59.2
2024-01-17 07:50:21,99.88,59.03
2024-01-17 07:52:48,82.1,50.05
2024-01-17 07:55:14,95.38,55.78
2024-01-17 07:57:40,85.47,49.83
2024-01-17 08:00:06,87.85,52.0
2024-01-17 08:02:33,81.43,50.15
2024-01-17 08:04:59,83.15,51.38
2024-01-17 08:07:25,82.7,48.45
2024-01-17 08:09:51,81.5,50.4
2024-01-17 08:12:18,83.78,49.72
2024-01-17 08:14:44,73.8,44.3
2024-01-17 08:17:11,69.97,42.55
2024-01-17 08:19:37,67.82,44.47
2024-01-17 08:22:03,72.63,44.65
2024-01-17 08:24:29,70.53,44.0
2024-01-17 08:26:56,66.65,43.75
2024-01-17 08:29:22,64.6,44.13
2024-01-17 08:31:48,70.8,42.97
2024-01-17 08:34:15,65.22,41.7
2024-01-17 08:36:41,63.97,39.42
2024-01-17 08:39:08,66.22,42.7
2024-01-17 08:41:34,65.7,41.4
2024-01-17 08:44:00,59.72,38.78
2024-01-17 08:46:27,65.38,40.0
2024-01-17 08:48:54,63.75,40.58
2024-01-17 08:51:20,58.83,39.72
2024-01-17 08:53:49,61.53,40.33
2024-01-17 08:56:16,61.78,40.67
2024-01-17 08:58:41,62.92,39.83
2024-01-17 09:01:08,66.9,41.55
2024-01-17 09:03:35,63.58,40.47
2024-01-17 09:06:01,60.5,40.17
2024-01-17 09:08:27,62.1,38.38
2024-01-17 09:10:53,63.83,38.33
2024-01-17 09:13:19,59.65,38.28
2024-01-17 09:15:44,56.08,36.95
2024-01-17 09:18:10,56.9,38.45
2024-01-17 09:20:37,53.65,34.45
2024-01-17 09:23:02,54.63,36.67
2024-01-17 09:25:28,56.05,37.33
2024-01-17 09:27:54,53.88,34.6
2024-01-17 09:30:20,61.28,36.08
2024-01-17 09:32:46,57.03,36.53
2024-01-17 09:35:15,56.97,36.5
2024-01-17 09:37:41,50.65,34.25
2024-01-17 09:40:07,50.03,32.83
2024-01-17 09:42:34,50.88,32.2
2024-01-17 09:45:01,55.67,36.55
2024-01-17 09:47:29,54.13,36.58
2024-01-17 09:49:57,53.2,35.42
2024-01-17 09:52:23,45.55,30.15
2024-01-17 09:54:50,49.03,33.85
2024-01-17 09:57:23,54.6,33.72
2024-01-17 09:59:51,51.53,32.67
2024-01-17 10:02:22,52.17,33.83
2024-01-17 10:04:49,54.42,36.3
2024-01-17 10:07:15,53.45,34.63
2024-01-17 10:09:46,48.47,33.45
2024-01-17 10:12:13,46.6,31.4
2024-01-17 10:14:39,46.8,32.88
2024-01-17 10:17:05,47.5,33.1
2024-01-17 10:19:32,40.7,28.9
2024-01-17 10:21:58,39.78,27.23
2024-01-17 10:24:33,42.3,27.35
2024-01-17 10:27:01,36.33,25.17
2024-01-17 10:29:29,34.5,24.75
2024-01-17 10:31:59,30.6,20.13
2024-01-17 10:34:28,22.42,15.93
2024-01-17 10:36:54,29.38,19.38
2024-01-17 10:39:20,31.3,20.77
2024-01-17 10:41:53,30.13,19.95
2024-01-17 10:44:20,34.3,20.92
2024-01-17 10:46:47,34.75,20.48
2024-01-17 10:49:13,32.3,21.8
2024-01-17 10:51:41,34.03,20.75
2024-01-17 10:54:16,31.4,20.83
2024-01-17 10:56:46,35.45,22.88
2024-01-17 10:59:18,36.1,22.97
2024-01-17 11:01:47,36.4,23.8
2024-01-17 11:06:43,36.6,23.75
2024-01-17 11:09:09,39.03,23.63
2024-01-17 11:11:40,38.33,24.75
2024-01-17 11:14:07,37.7,25.2
2024-01-17 11:16:36,34.47,22.63
2024-01-17 11:19:04,35.2,23.35
2024-01-17 11:21:32,40.97,23.38
2024-01-17 11:24:00,30.98,21.23
2024-01-17 11:26:33,28.27,18.75
2024-01-17 11:29:15,29.2,18.48
2024-01-17 11:32:09,26.58,17.58
2024-01-17 11:34:48,30.73,19.83
2024-01-17 11:37:27,29.0,20.17
2024-01-17 11:39:54,31.33,20.13
2024-01-17 11:42:21,28.98,18.92
2024-01-17 11:44:47,28.4,18.92
2024-01-17 11:47:18,28.23,17.77
2024-01-17 11:49:45,28.98,17.6
2024-01-17 11:52:34,27.13,16.1
2024-01-17 11:55:02,23.75,15.35
2024-01-17 11:57:36,22.17,15.55
2024-01-17 12:00:09,22.8,15.63
2024-01-17 12:02:40,20.33,14.6
2024-01-17 12:05:08,22.7,14.65
2024-01-17 12:07:38,23.6,15.55
2024-01-17 12:10:08,20.17,15.1
2024-01-17 12:12:35,21.35,14.43
2024-01-17 12:15:03,23.35,14.8
2024-01-17 12:17:31,22.05,14.35
2024-01-17 12:19:59,26.5,14.73
2024-01-17 12:22:25,21.65,12.68
2024-01-17 12:24:53,20.23,13.38
2024-01-17 12:27:19,17.42,12.82
2024-01-17 12:29:44,18.02,11.8
2024-01-17 12:32:13,16.5,11.68
2024-01-17 12:34:39,18.9,10.8
2024-01-17 12:37:06,18.35,11.45
2024-01-17 12:39:35,20.85,13.45
2024-01-17 12:42:01,23.67,14.77
2024-01-17 12:44:30,24.15,15.85
2024-01-17 12:46:59,21.88,13.73
2024-01-17 12:49:26,27.63,14.8
2024-01-17 12:51:54,22.13,15.07
2024-01-17 12:54:20,22.27,14.73
2024-01-17 12:56:48,19.67,13.2
2024-01-17 12:59:17,18.4,13.02
2024-01-17 13:01:43,20.73,12.88
2024-01-17 13:04:09,22.33,13.0
2024-01-17 13:09:11,25.83,14.75
2024-01-17 13:11:40,24.92,12.88
2024-01-17 13:14:06,22.7,14.38
2024-01-17 13:16:33,22.5,14.3
2024-01-17 13:18:59,20.15,13.5
2024-01-17 13:21:24,24.6,15.1
2024-01-17 13:23:50,26.5,15.02
2024-01-17 13:26:16,31.27,16.5
2024-01-17 13:28:42,23.45,15.95
2024-01-17 13:31:09,31.92,16.52
2024-01-17 13:33:34,27.8,16.17
2024-01-17 13:36:00,26.13,16.13
2024-01-17 13:38:26,26.02,15.32
2024-01-17 13:40:52,27.42,15.75
2024-01-17 13:43:18,25.2,16.48
2024-01-17 13:45:44,29.25,16.85
2024-01-17 13:48:10,25.05,16.3
2024-01-17 13:50:36,25.02,16.2
2024-01-17 13:53:02,25.77,16.75
2024-01-17 13:55:43,24.88,16.2
2024-01-17 13:58:10,25.2,15.4
2024-01-17 14:00:36,28.25,16.58
2024-01-17 14:03:04,28.45,17.2
2024-01-17 14:05:30,28.1,17.05
2024-01-17 14:07:56,26.3,15.95
2024-01-17 14:10:23,27.3,17.48
2024-01-17 14:12:49,27.33,17.0
2024-01-17 14:15:15,24.6,17.25
2024-01-17 14:17:41,25.15,16.17
2024-01-17 14:20:07,26.5,16.5
2024-01-17 14:22:42,29.02,17.6
2024-01-17 14:25:09,27.55,16.95
2024-01-17 14:27:37,29.65,16.85
2024-01-17 14:30:03,29.35,17.05
2024-01-17 14:32:29,26.67,16.5
2024-01-17 14:34:55,26.65,16.1
2024-01-17 14:37:21,24.8,15.82
2024-01-17 14:39:47,25.23,16.05
2024-01-17 14:42:13,28.83,16.65
2024-01-17 14:44:46,29.47,16.13
2024-01-17 14:47:12,30.65,16.55
2024-01-17 14:49:38,25.02,15.98
2024-01-17 14:52:04,25.38,15.85
2024-01-17 14:54:30,29.05,16.65
2024-01-17 14:56:56,24.33,16.02
2024-01-17 14:59:21,30.92,15.77
2024-01-17 15:01:47,25.15,16.5
2024-01-17 15:04:13,22.92,15.8
2024-01-17 15:06:39,30.27,17.08
2024-01-17 15:09:05,30.23,17.1
2024-01-17 15:11:39,27.48,16.13
2024-01-17 15:14:07,29.35,17.05
2024-01-17 15:16:34,26.35,18.02
2024-01-17 15:19:00,31.25,18.92
2024-01-17 15:21:26,30.95,17.95
2024-01-17 15:23:51,31.25,17.63
2024-01-17 15:26:17,29.7,18.33
2024-01-17 15:28:43,30.75,17.8
2024-01-17 15:31:09,33.42,18.58
2024-01-17 15:33:35,27.33,17.85
2024-01-17 15:36:02,34.97,19.52
2024-01-17 15:38:30,26.8,17.95
2024-01-17 15:40:57,34.47,18.45
2024-01-17 15:43:26,35.33,18.75
2024-01-17 15:45:56,39.72,20.7
2024-01-17 15:48:22,51.9,26.2
2024-01-17 15:50:48,63.28,32.53
2024-01-17 15:53:14,76.45,42.67
2024-01-17 15:55:41,90.03,49.45
2024-01-17 15:58:07,81.82,45.7
2024-01-17 16:00:33,84.57,46.08
2024-01-17 16:02:59,85.7,47.53
2024-01-17 16:05:25,81.9,46.3
2024-01-17 16:07:51,95.95,54.92
2024-01-17 16:10:16,93.47,52.85
2024-01-17 16:12:42,85.55,48.03
2024-01-17 16:15:11,95.9,52.08
2024-01-17 16:17:37,90.93,51.53
2024-01-17 16:20:04,87.22,49.63
2024-01-17 16:22:31,79.07,46.42
2024-01-17 16:24:56,79.15,44.4
2024-01-17 16:27:22,69.13,41.08
2024-01-17 16:29:48,67.63,40.17
2024-01-17 16:32:14,67.95,37.58
2024-01-17 16:34:40,67.8,38.88
2024-01-17 16:37:06,64.78,37.5
2024-01-17 16:39:32,62.55,34.75
2024-01-17 16:41:58,53.38,33.47
2024-01-17 16:44:24,58.45,35.8
2024-01-17 16:46:49,59.4,34.88
2024-01-17 16:49:15,55.83,32.47
2024-01-17 16:51:41,56.17,31.4
2024-01-17 16:54:07,67.15,39.3
2024-01-17 16:56:34,53.17,33.2
2024-01-17 16:58:59,49.92,29.95
2024-01-17 17:01:25,46.38,30.88
2024-01-17 17:03:51,59.15,34.85
2024-01-17 17:06:18,75.4,42.65
2024-01-17 17:08:44,68.05,39.92
2024-01-17 17:11:10,75.38,42.08
2024-01-17 17:13:35,107.32,61.4
2024-01-17 17:16:03,115.7,65.78
2024-01-17 17:18:29,127.45,71.4
2024-01-17 17:20:59,136.43,77.5
2024-01-17 17:23:25,131.95,74.57
2024-01-17 17:25:52,177.3,99.82
2024-01-17 17:28:20,199.55,111.2
2024-01-17 17:30:46,214.13,120.53
2024-01-17 17:33:13,212.38,110.9
2024-01-17 17:35:38,178.63,93.15
2024-01-17 17:38:04,127.05,70.95
2024-01-17 17:40:30,176.55,91.05
2024-01-17 17:42:57,160.4,85.95
2024-01-17 17:45:22,178.48,91.55
2024-01-17 17:47:48,152.48,84.35
2024-01-17 17:50:15,115.2,64.55
2024-01-17 17:52:42,117.07,54.88
2024-01-17 17:55:08,101.53,52.9
2024-01-17 17:57:34,115.57,60.8
2024-01-17 18:00:01,141.35,74.2
2024-01-17 18:02:29,213.73,115.63
2024-01-17 18:04:55,232.5,124.07
2024-01-17 18:07:21,267.27,143.77
2024-01-17 18:09:47,209.48,112.55
2024-01-17 18:12:15,238.63,128.82
2024-01-17 18:14:41,220.8,116.63
2024-01-17 18:17:07,199.15,109.72
2024-01-17 18:19:34,182.6,97.88
2024-01-17 18:22:00,182.18,101.18
2024-01-17 18:24:28,181.2,98.88
2024-01-17 18:26:54,179.75,101.35
2024-01-17 18:29:21,196.45,107.1
2024-01-17 18:31:48,181.43,100.68
2024-01-17 18:34:13,204.0,112.3
2024-01-17 18:36:42,192.35,104.95
2024-01-17 18:39:08,170.98,95.32
2024-01-17 18:41:34,158.75,87.43
2024-01-17 18:44:00,157.68,85.2
2024-01-17 18:46:26,145.23,80.0
2024-01-17 18:48:53,158.43,86.05
2024-01-17 18:51:19,223.95,121.45
2024-01-17 18:53:47,287.55,156.07
2024-01-17 18:56:13,278.75,152.9
2024-01-17 18:58:39,298.4,159.68
2024-01-17 19:01:04,292.0,161.07
2024-01-17 19:03:30,317.35,179.8
2024-01-17 19:05:56,310.4,176.38
2024-01-17 19:08:22,271.45,148.25
2024-01-17 19:10:48,290.42,154.18
2024-01-17 19:13:14,264.23,144.88
2024-01-17 19:15:40,294.92,157.25
2024-01-17 19:18:06,257.7,139.13
2024-01-17 19:20:32,227.18,131.85
2024-01-17 19:22:58,264.55,148.3
2024-01-17 19:25:23,248.8,136.23
2024-01-17 19:27:50,229.55,129.05
2024-01-17 19:30:16,254.98,140.9
2024-01-17 19:32:42,324.88,187.8
2024-01-17 19:35:08,313.35,177.13
2024-01-17 19:37:37,366.8,204.55
2024-01-17 19:40:07,374.17,215.8
2024-01-17 19:42:34,375.33,217.63
2024-01-17 19:44:59,383.42,208.95
2024-01-17 19:47:25,331.13,184.2
2024-01-17 19:49:51,339.4,188.98
2024-01-17 19:52:17,288.35,161.23
2024-01-17 19:54:43,266.33,146.02
2024-01-17 19:57:14,266.63,144.5
2024-01-17 19:59:43,264.08,147.1
2024-01-17 20:02:09,258.4,144.4
2024-01-17 20:04:35,244.15,138.05
2024-01-17 20:07:02,244.07,131.88
2024-01-17 20:09:28,245.15,134.2
2024-01-17 20:11:54,206.8,117.03
2024-01-17 20:14:20,186.0,106.53
2024-01-17 20:16:48,175.95,98.38
2024-01-17 20:19:14,189.93,107.1
2024-01-17 20:21:42,200.4,113.55
2024-01-17 20:24:08,191.43,109.28
2024-01-17 20:26:34,191.3,110.53
2024-01-17 20:29:00,201.6,112.35
2024-01-17 20:31:26,213.07,118.22
2024-01-17 20:33:53,208.18,118.35
2024-01-17 20:36:19,187.55,106.15
2024-01-17 20:38:45,183.8,101.88
2024-01-17 20:41:16,223.88,130.1
2024-01-17 20:43:45,241.43,137.27
2024-01-17 20:46:11,258.88,140.73
2024-01-17 20:48:38,204.25,116.0
2024-01-17 20:51:03,221.1,121.78
2024-01-17 20:53:30,175.3,101.43
2024-01-17 20:55:56,176.32,97.43
2024-01-17 20:58:23,190.05,107.53
2024-01-17 21:00:49,202.98,107.93
2024-01-17 21:03:15,223.82,125.57
2024-01-17 21:05:41,204.0,114.1
2024-01-17 21:08:07,198.15,108.43
2024-01-17 21:10:33,202.0,112.65
2024-01-17 21:12:59,157.32,88.7
2024-01-17 21:15:25,157.23,88.88
2024-01-17 21:17:50,157.23,86.32
2024-01-17 21:20:17,155.75,88.4
2024-01-17 21:22:45,138.25,79.32
2024-01-17 21:25:11,126.18,72.63
2024-01-17 21:27:38,140.1,77.55
2024-01-17 21:30:04,137.32,81.43
2024-01-17 21:32:30,130.02,73.07
2024-01-17 21:34:56,107.5,61.45
2024-01-17 21:37:21,124.03,70.72
2024-01-17 21:39:47,121.5,70.85
2024-01-17 21:42:13,145.95,78.53
2024-01-17 21:44:39,126.57,75.68
2024-01-17 21:47:05,169.98,91.57
2024-01-17 21:49:31,140.3,81.03
2024-01-17 21:51:56,156.63,85.8
2024-01-17 21:54:25,122.32,72.53
2024-01-17 21:56:54,145.43,78.97
2024-01-17 21:59:19,132.8,75.13
2024-01-17 22:01:45,126.28,75.78
2024-01-17 22:04:11,143.82,83.85
2024-01-17 22:06:37,117.68,66.57
2024-01-17 22:09:02,137.18,78.3
2024-01-17 22:11:31,138.2,77.15
2024-01-17 22:13:57,134.77,73.03
2024-01-17 22:16:23,134.85,74.0
2024-01-17 22:18:52,136.55,80.22
2024-01-17 22:21:17,137.15,79.0
2024-01-17 22:23:43,130.52,78.22
2024-01-17 22:26:09,117.63,71.97
2024-01-17 22:28:35,108.0,61.55
2024-01-17 22:31:00,103.1,63.8
2024-01-17 22:33:26,100.78,60.4
2024-01-17 22:35:53,116.38,68.35
2024-01-17 22:38:19,102.72,59.2
2024-01-17 22:40:44,95.3,57.35
2024-01-17 22:43:10,88.22,52.88
2024-01-17 22:45:36,94.88,50.97
2024-01-17 22:48:02,77.0,48.22
2024-01-17 22:50:28,72.15,44.25
2024-01-17 22:52:53,73.2,44.53
2024-01-17 22:55:19,67.07,42.47
2024-01-17 22:57:45,62.03,39.22
2024-01-17 23:00:11,55.97,36.35
2024-01-17 23:02:49,61.72,36.65
2024-01-17 23:05:18,70.13,42.13
2024-01-17 23:07:44,61.9,39.17
2024-01-17 23:10:10,56.8,35.45
2024-01-17 23:12:36,62.97,37.65
2024-01-17 23:15:01,65.15,39.72
2024-01-17 23:17:27,67.82,41.4
2024-01-17 23:19:53,59.15,35.65
2024-01-17 23:22:19,69.85,42.35
2024-01-17 23:24:44,90.72,51.1
2024-01-17 23:27:10,61.63,39.28
2024-01-17 23:29:36,65.72,39.88
2024-01-17 23:32:01,70.45,43.3
2024-01-17 23:34:27,75.72,43.17
2024-01-17 23:36:53,60.4,37.05
2024-01-17 23:39:20,66.03,40.53
2024-01-17 23:41:45,80.25,47.78
2024-01-17 23:44:11,98.8,58.85
2024-01-17 23:46:37,86.7,52.35
2024-01-17 23:49:03,78.85,46.2
2024-01-17 23:51:28,78.2,46.1
2024-01-17 23:53:54,65.68,42.0
2024-01-17 23:56:20,80.43,46.8
2024-01-17 23:58:46,91.43,51.3
2024-01-18 00:01:12,94.0,54.45
2024-01-18 00:03:38,83.55,48.28
2024-01-18 00:06:05,77.78,45.72
2024-01-18 00:08:31,88.7,50.47
2024-01-18 00:10:57,76.65,45.72
2024-01-18 00:13:23,86.18,48.17
2024-01-18 00:15:48,100.0,53.78
2024-01-18 00:18:15,73.05,43.15
2024-01-18 00:20:40,59.2,37.28
2024-01-18 00:23:06,62.88,39.42
2024-01-18 00:25:32,64.43,35.97
2024-01-18 00:27:57,63.22,39.35
2024-01-18 00:30:23,49.88,34.53
2024-01-18 00:32:49,70.35,40.35
2024-01-18 00:35:15,58.72,36.05
2024-01-18 00:37:41,70.63,41.03
2024-01-18 00:40:06,73.15,41.67
2024-01-18 00:42:33,72.6,41.38
2024-01-18 00:44:58,75.38,41.9
2024-01-18 00:47:24,69.32,41.75
2024-01-18 00:49:50,69.88,39.92
2024-01-18 00:52:16,70.07,42.05
2024-01-18 00:54:41,69.57,41.38
2024-01-18 00:57:07,66.85,41.55
2024-01-18 00:59:33,70.18,40.95
2024-01-18 01:01:59,60.25,37.35
2024-01-18 01:04:24,72.22,39.0
2024-01-18 01:06:50,58.15,35.55
2024-01-18 01:09:16,64.47,38.45
2024-01-18 01:11:42,56.33,35.25
2024-01-18 01:14:07,68.13,36.67
2024-01-18 01:16:33,73.07,40.03
2024-01-18 01:18:59,86.88,50.17
2024-01-18 01:21:24,77.45,45.28
2024-01-18 01:23:50,76.4,43.4
2024-01-18 01:26:17,70.5,44.78
2024-01-18 01:28:43,67.8,40.5
2024-01-18 01:31:09,60.58,37.4
2024-01-18 01:33:35,71.2,40.72
2024-01-18 01:36:01,76.72,42.5
2024-01-18 01:38:28,78.72,44.22
2024-01-18 01:40:54,65.15,38.35
2024-01-18 01:43:19,64.03,38.65
2024-01-18 01:45:45,70.45,40.03
2024-01-18 01:48:11,67.72,42.13
2024-01-18 01:50:37,60.92,36.5
2024-01-18 01:53:03,55.63,33.7
2024-01-18 01:55:31,55.0,34.1
2024-01-18 01:57:57,59.78,36.42
2024-01-18 02:00:23,55.22,34.4
2024-01-18 02:02:49,57.5,35.67
2024-01-18 02:05:17,59.7,36.42
2024-01-18 02:07:43,65.2,39.15
2024-01-18 02:10:09,64.45,37.15
2024-01-18 02:12:35,60.28,36.72
2024-01-18 02:15:01,64.32,37.45
2024-01-18 02:17:29,64.6,38.6
2024-01-18 02:19:54,68.63,35.75
2024-01-18 02:22:21,56.0,33.4
2024-01-18 02:24:50,52.92,32.92
2024-01-18 02:27:20,48.72,29.75
2024-01-18 02:29:46,55.3,32.2
2024-01-18 02:32:13,50.1,31.27
2024-01-18 02:34:39,49.88,28.92
2024-01-18 02:37:08,45.47,28.77
2024-01-18 02:39:35,62.4,37.63
2024-01-18 02:42:01,106.35,62.15
2024-01-18 02:44:28,60.05,37.53
2024-01-18 02:46:55,86.5,49.5
2024-01-18 02:49:20,70.78,44.28
2024-01-18 02:51:47,72.78,43.17
2024-01-18 02:54:12,72.6,41.3
2024-01-18 02:56:38,67.3,38.6
2024-01-18 02:59:04,62.97,36.1
2024-01-18 03:01:30,66.75,37.03
2024-01-18 03:03:58,64.93,38.65
2024-01-18 03:06:24,49.95,30.6
2024-01-18 03:08:49,54.97,32.08
2024-01-18 03:11:15,55.2,33.22
2024-01-18 03:13:41,54.5,32.8
2024-01-18 03:16:07,60.2,37.15
2024-01-18 03:18:34,54.63,34.28
2024-01-18 03:21:04,60.9,36.63
2024-01-18 03:23:30,56.58,34.9
2024-01-18 03:25:56,46.63,31.13
2024-01-18 03:28:21,49.78,30.77
2024-01-18 03:30:47,52.1,30.65
2024-01-18 03:33:13,50.58,30.65
2024-01-18 03:35:39,47.45,29.48
2024-01-18 03:38:04,51.33,28.25
2024-01-18 03:40:30,50.53,31.67
2024-01-18 03:42:56,50.38,32.7
2024-01-18 03:45:21,57.8,36.5
2024-01-18 03:47:47,57.38,35.03
2024-01-18 03:50:13,57.88,35.45
2024-01-18 03:52:38,54.63,34.72
2024-01-18 03:55:04,57.0,34.17
2024-01-18 03:57:31,45.25,29.0
2024-01-18 03:59:56,48.53,30.4
2024-01-18 04:02:22,47.13,29.5
2024-01-18 04:04:48,48.15,29.63
2024-01-18 04:07:14,41.92,27.85
2024-01-18 04:09:40,41.08,25.08
2024-01-18 04:12:06,42.92,27.0
2024-01-18 04:14:32,46.03,27.95
2024-01-18 04:16:58,39.6,25.9
2024-01-18 04:19:24,42.55,27.48
2024-01-18 04:21:50,40.7,26.1
2024-01-18 04:24:15,47.05,26.92
2024-01-18 04:26:42,43.05,25.23
2024-01-18 04:29:08,39.58,25.35
2024-01-18 04:31:34,38.85,24.7
2024-01-18 04:34:00,40.0,24.45
2024-01-18 04:36:25,38.1,23.4
2024-01-18 04:38:51,36.33,22.98
2024-01-18 04:41:17,34.95,21.7
2024-01-18 04:43:43,33.35,22.2
2024-01-18 04:46:09,33.3,20.8
2024-01-18 04:48:35,32.22,20.67
2024-01-18 04:51:02,31.75,21.35
2024-01-18 04:53:29,29.98,20.0
2024-01-18 04:55:54,33.88,19.38
2024-01-18 04:58:21,30.1,18.52
2024-01-18 05:00:46,41.65,23.55
2024-01-18 05:03:17,43.53,25.27
2024-01-18 05:05:44,37.03,23.0
2024-01-18 05:08:09,34.85,22.58
2024-01-18 05:10:35,35.38,22.63
2024-01-18 05:13:01,39.25,23.2
2024-01-18 05:15:26,42.72,25.73
2024-01-18 05:17:53,44.45,24.2
2024-01-18 05:20:19,39.25,23.45
2024-01-18 05:22:45,48.13,29.23
2024-01-18 05:25:11,64.88,40.58
2024-01-18 05:27:38,62.7,38.1
2024-01-18 05:30:05,44.72,28.27
2024-01-18 05:32:32,37.97,24.88
2024-01-18 05:34:58,38.53,24.48
2024-01-18 05:37:26,36.83,23.75
2024-01-18 05:39:52,36.7,22.73
2024-01-18 05:42:18,36.1,22.45
2024-01-18 05:44:45,32.5,22.23
2024-01-18 05:47:11,34.9,21.55
2024-01-18 05:49:37,37.2,21.63
2024-01-18 05:52:03,30.9,20.75
2024-01-18 05:54:29,35.08,21.17
2024-01-18 05:56:55,34.75,20.7
2024-01-18 05:59:20,34.6,20.75
2024-01-18 06:01:46,28.67,19.67
2024-01-18 06:04:12,32.22,19.2
2024-01-18 06:06:38,29.98,19.48
2024-01-18 06:09:04,29.5,19.05
2024-01-18 06:11:30,31.23,18.98
2024-01-18 06:13:56,31.13,19.17
2024-01-18 06:16:22,97.82,52.85
2024-01-18 06:18:47,115.85,65.9
2024-01-18 06:21:13,106.97,62.78
2024-01-18 06:23:39,84.47,48.67
2024-01-18 06:26:08,87.63,49.8
2024-01-18 06:28:35,82.28,46.78
2024-01-18 06:31:02,95.72,52.92
2024-01-18 06:33:28,68.85,38.4
2024-01-18 06:35:53,75.68,44.65
2024-01-18 06:38:19,73.85,43.9
2024-01-18 06:40:48,49.4,30.75
2024-01-18 06:43:14,67.95,38.55
2024-01-18 06:45:40,62.13,36.97
2024-01-18 06:48:06,62.5,36.7
2024-01-18 06:50:32,65.1,38.13
2024-01-18 06:52:59,57.97,37.33
2024-01-18 06:55:27,65.85,39.22
2024-01-18 06:57:53,68.25,40.15
2024-01-18 07:00:19,69.8,42.03
2024-01-18 07:02:48,77.65,45.03
2024-01-18 07:05:16,83.25,47.42
2024-01-18 07:07:45,72.22,44.28
2024-01-18 07:10:11,292.55,55.92
2024-01-18 07:12:36,74.8,42.6
2024-01-18 07:15:02,72.0,40.78
2024-01-18 07:17:34,64.53,36.6
2024-01-18 07:20:01,58.05,33.83
2024-01-18 07:22:27,54.83,32.0
2024-01-18 07:24:53,51.95,30.25
2024-01-18 07:27:19,50.22,30.95
2024-01-18 07:29:45,48.95,29.73
2024-01-18 07:32:10,45.22,29.1
2024-01-18 07:34:36,47.35,28.98
2024-01-18 07:37:02,53.13,32.22
2024-01-18 07:39:28,52.78,32.33
2024-01-18 07:41:55,50.67,30.35
2024-01-18 07:44:21,42.6,27.67
2024-01-18 07:46:47,61.1,36.33
2024-01-18 07:49:12,54.53,34.4
2024-01-18 07:51:38,45.97,28.75
2024-01-18 07:54:04,44.0,26.67
2024-01-18 07:56:30,35.15,23.3
2024-01-18 07:58:55,35.88,21.42
2024-01-18 08:01:21,36.65,23.55
2024-01-18 08:03:47,34.33,21.55
2024-01-18 08:06:13,39.4,23.2
2024-01-18 08:08:39,47.47,28.35
2024-01-18 08:11:08,54.1,29.6
2024-01-18 08:13:37,42.58,24.5
2024-01-18 08:16:04,39.5,23.65
2024-01-18 08:18:30,36.8,22.92
2024-01-18 08:20:55,36.38,23.83
2024-01-18 08:23:21,33.28,21.7
2024-01-18 08:25:48,33.9,21.52
2024-01-18 08:28:14,35.5,22.1
2024-01-18 08:30:40,35.4,21.83
2024-01-18 08:33:06,38.63,23.73
2024-01-18 08:35:34,34.63,21.63
2024-01-18 08:38:00,39.67,22.95
2024-01-18 08:40:26,34.75,20.48
2024-01-18 08:42:52,35.83,21.65
2024-01-18 08:45:18,32.33,20.85
2024-01-18 08:47:44,36.25,20.73
2024-01-18 08:50:09,34.9,21.05
2024-01-18 08:52:35,34.25,21.67
2024-01-18 08:55:01,36.17,21.92
2024-01-18 08:57:30,33.13,19.9
2024-01-18 08:59:56,29.85,19.75
2024-01-18 09:02:22,31.88,20.23
2024-01-18 09:04:48,32.38,18.9
2024-01-18 09:07:13,31.35,19.25
2024-01-18 09:09:39,37.13,18.1
2024-01-18 09:12:05,31.38,19.8
2024-01-18 09:14:31,32.7,19.08
2024-01-18 09:16:57,28.15,18.1
2024-01-18 09:19:23,31.5,18.65
2024-01-18 09:21:48,31.35,19.83
2024-01-18 09:24:14,35.7,20.0
2024-01-18 09:26:40,31.7,18.08
2024-01-18 09:29:06,29.63,18.6
2024-01-18 09:31:31,31.0,19.4
2024-01-18 09:33:57,31.35,19.55
2024-01-18 09:36:23,25.5,16.23
2024-01-18 09:38:49,27.73,17.67
2024-01-18 09:41:15,39.2,20.08
2024-01-18 09:43:44,30.33,19.13
2024-01-18 09:46:11,40.03,24.58
2024-01-18 09:48:37,30.67,20.85
2024-01-18 09:51:05,32.6,19.48
2024-01-18 09:53:32,28.8,19.1
2024-01-18 09:55:59,27.63,17.25
2024-01-18 09:58:39,29.1,17.77
2024-01-18 10:01:05,29.3,18.2
2024-01-18 10:03:37,31.67,19.08
2024-01-18 10:06:03,28.17,18.63
2024-01-18 10:08:28,27.5,16.75
2024-01-18 10:10:54,23.45,15.13
2024-01-18 10:13:20,26.95,16.75
2024-01-18 10:15:46,22.1,15.3
2024-01-18 10:18:12,26.3,16.5
2024-01-18 10:20:37,25.7,17.02
2024-01-18 10:23:04,22.5,15.3
2024-01-18 10:25:30,21.58,14.2
2024-01-18 10:27:57,25.88,14.88
2024-01-18 10:30:23,24.55,15.38
2024-01-18 10:32:49,23.2,14.88
2024-01-18 10:35:25,23.3,15.25
2024-01-18 10:38:01,23.73,16.25
2024-01-18 10:40:29,25.05,15.82
2024-01-18 10:42:59,23.25,15.35
2024-01-18 10:45:29,25.67,16.05
2024-01-18 10:47:56,22.45,14.93
2024-01-18 10:50:23,25.1,16.3
2024-01-18 10:52:49,20.92,12.98
2024-01-18 10:55:16,30.23,15.7
2024-01-18 10:57:41,22.3,14.13
2024-01-18 11:00:07,22.33,14.0
2024-01-18 11:02:34,23.6,12.32
2024-01-18 11:05:06,20.58,13.3
2024-01-18 11:07:35,25.6,13.95
2024-01-18 11:10:07,21.15,14.05
2024-01-18 11:12:41,20.73,15.2
2024-01-18 11:15:11,22.63,14.77
2024-01-18 11:17:48,20.58,13.6
2024-01-18 11:20:16,22.42,14.1
2024-01-18 11:22:42,25.88,15.48
2024-01-18 11:25:09,24.1,15.95
2024-01-18 11:27:38,25.13,16.27
2024-01-18 11:30:12,22.75,14.9
2024-01-18 11:32:39,24.35,14.48
2024-01-18 11:35:14,26.5,15.88
2024-01-18 11:37:40,28.85,16.48
2024-01-18 11:40:10,24.95,16.42
2024-01-18 11:42:37,26.05,16.15
2024-01-18 11:47:41,28.25,16.08
2024-01-18 11:50:08,24.2,15.88
2024-01-18 11:52:36,32.08,17.55
2024-01-18 11:55:11,28.2,18.1
2024-01-18 11:57:41,26.85,17.33
2024-01-18 12:00:06,27.33,17.58
2024-01-18 12:02:32,32.5,19.25
2024-01-18 12:04:58,28.6,17.5
2024-01-18 12:07:25,29.2,17.75
2024-01-18 12:09:51,27.3,17.58
2024-01-18 12:12:17,29.55,18.1
2024-01-18 12:14:44,30.35,17.65
2024-01-18 12:17:12,31.38,19.5
2024-01-18 12:19:39,25.9,18.6
2024-01-18 12:22:09,27.65,17.9
2024-01-18 12:24:42,34.97,19.9
2024-01-18 12:27:09,27.67,17.88
2024-01-18 12:29:37,29.05,17.3
2024-01-18 12:32:04,28.5,16.65
2024-01-18 12:34:31,26.38,17.75
2024-01-18 12:36:58,30.85,18.05
2024-01-18 12:39:24,30.95,18.38
2024-01-18 12:41:51,26.23,15.82
2024-01-18 12:44:17,30.73,17.95
2024-01-18 12:46:44,28.02,17.75
2024-01-18 12:49:15,25.05,15.85
2024-01-18 12:51:42,30.7,18.35
2024-01-18 12:54:16,30.27,18.17
2024-01-18 12:56:43,29.85,18.4
2024-01-18 12:59:09,29.17,18.23
2024-01-18 13:01:36,28.05,17.9
2024-01-18 13:04:09,30.02,19.55
2024-01-18 13:06:35,29.4,18.77
2024-01-18 13:09:01,30.73,18.55
2024-01-18 13:11:27,27.75,17.25
2024-01-18 13:13:53,34.15,19.48
2024-01-18 13:16:25,32.17,19.15
2024-01-18 13:19:01,29.63,20.23
2024-01-18 13:21:31,35.63,20.85
2024-01-18 13:23:58,28.98,18.52
2024-01-18 13:26:24,31.02,18.35
2024-01-18 13:28:51,37.53,21.65
2024-01-18 13:31:17,36.1,21.02
2024-01-18 13:33:44,32.13,21.0
2024-01-18 13:36:10,33.1,19.8
2024-01-18 13:38:37,28.85,19.48
2024-01-18 13:41:04,32.05,19.8
2024-01-18 13:43:31,35.5,20.67
2024-01-18 13:45:57,34.53,21.13
2024-01-18 13:48:24,32.3,21.23
2024-01-18 13:50:50,33.4,20.55
2024-01-18 13:53:18,31.05,20.27
2024-01-18 13:55:44,34.67,21.2
2024-01-18 13:58:13,38.08,23.13
2024-01-18 14:00:39,40.45,26.92
2024-01-18 14:03:06,45.83,28.17
2024-01-18 14:05:34,34.78,21.67
2024-01-18 14:08:00,61.1,36.03
2024-01-18 14:10:26,26.23,17.4
2024-01-18 14:12:53,34.13,22.45
2024-01-18 14:15:19,38.5,24.38
2024-01-18 14:17:44,35.42,21.8
2024-01-18 14:20:10,40.5,24.42
2024-01-18 14:22:36,38.47,23.85
2024-01-18 14:25:03,29.83,18.77
2024-01-18 14:27:30,27.65,18.65
2024-01-18 14:29:56,33.15,19.2
2024-01-18 14:32:22,31.02,20.08
2024-01-18 14:34:48,31.25,20.1
2024-01-18 14:37:14,34.2,21.4
2024-01-18 14:39:39,34.17,21.27
2024-01-18 14:42:05,37.97,24.4
2024-01-18 14:44:31,27.83,17.9
2024-01-18 14:47:04,37.58,23.0
2024-01-18 14:49:31,45.25,24.45
2024-01-18 14:51:58,32.78,19.83
2024-01-18 14:54:24,39.8,24.35
2024-01-18 14:56:50,115.65,67.4
2024-01-18 14:59:16,95.7,57.38
2024-01-18 15:01:42,85.95,51.42
2024-01-18 15:04:09,76.82,48.9
2024-01-18 15:06:35,80.65,49.97
2024-01-18 15:09:01,81.28,50.38
2024-01-18 15:11:29,91.3,52.13
2024-01-18 15:13:55,98.25,59.5
2024-01-18 15:16:21,81.25,50.35
2024-01-18 15:18:48,78.35,46.8
2024-01-18 15:21:14,68.63,44.08
2024-01-18 15:23:39,64.35,41.63
2024-01-18 15:26:05,66.9,37.8
2024-01-18 15:28:33,66.1,43.75
2024-01-18 15:31:05,106.2,65.45
2024-01-18 15:33:30,105.88,62.28
2024-01-18 15:35:56,106.3,63.85
2024-01-18 15:38:22,102.35,61.7
2024-01-18 15:40:48,87.18,55.03
2024-01-18 15:43:14,82.07,54.47
2024-01-18 15:45:40,79.55,50.72
2024-01-18 15:48:07,79.7,47.4
2024-01-18 15:50:34,79.05,45.72
2024-01-18 15:53:00,71.35,41.45
2024-01-18 15:55:26,70.95,42.8
2024-01-18 15:57:52,61.58,38.35
2024-01-18 16:00:17,65.2,40.9
2024-01-18 16:02:43,60.6,39.22
2024-01-18 16:05:09,55.85,36.92
2024-01-18 16:07:35,57.78,36.5
2024-01-18 16:10:01,62.63,39.9
2024-01-18 16:12:31,74.72,44.88
2024-01-18 16:14:57,64.65,40.72
2024-01-18 16:17:23,63.3,39.92
2024-01-18 16:19:49,54.92,36.17
2024-01-18 16:22:15,73.85,47.03
2024-01-18 16:24:41,79.35,46.38
2024-01-18 16:27:07,44.83,27.6
2024-01-18 16:29:32,52.9,32.03
2024-01-18 16:31:58,51.97,33.03
2024-01-18 16:34:24,57.28,35.05
2024-01-18 16:36:50,53.45,31.33
2024-01-18 16:39:16,47.05,31.05
2024-01-18 16:41:42,54.6,35.33
2024-01-18 16:44:08,44.92,28.63
2024-01-18 16:46:33,36.95,25.67
2024-01-18 16:48:59,59.65,38.92
2024-01-18 16:51:28,53.13,31.45
2024-01-18 16:53:53,49.67,30.55
2024-01-18 16:56:19,56.17,36.67
2024-01-18 16:58:45,49.38,33.92
2024-01-18 17:01:11,79.38,48.35
2024-01-18 17:03:36,87.55,56.1
2024-01-18 17:06:03,106.18,67.3
2024-01-18 17:08:29,73.07,45.4
2024-01-18 17:10:54,102.13,59.85
2024-01-18 17:13:20,65.32,42.17
2024-01-18 17:15:46,88.35,53.6
2024-01-18 17:18:12,67.97,42.4
2024-01-18 17:20:38,55.17,34.15
2024-01-18 17:23:04,82.5,51.08
2024-01-18 17:25:30,75.05,47.13
2024-01-18 17:27:56,73.28,46.72
2024-01-18 17:30:21,79.55,50.1
2024-01-18 17:32:49,87.32,53.72
2024-01-18 17:35:15,66.8,43.05
2024-01-18 17:37:41,69.18,44.8
2024-01-18 17:40:11,63.65,40.38
2024-01-18 17:42:37,78.88,45.97
2024-01-18 17:45:04,127.75,78.15
2024-01-18 17:47:32,94.45,58.72
2024-01-18 17:49:58,75.32,48.72
2024-01-18 17:52:24,73.95,47.8
2024-01-18 17:54:50,72.4,45.58
2024-01-18 17:57:24,67.75,45.08
2024-01-18 17:59:50,81.82,50.8
2024-01-18 18:02:16,77.78,48.53
2024-01-18 18:04:41,80.43,46.03
2024-01-18 18:07:07,82.1,51.0
2024-01-18 18:09:33,87.55,54.47
2024-01-18 18:11:59,46.6,30.95
2024-01-18 18:14:25,56.95,35.22
2024-01-18 18:16:55,48.25,32.42
2024-01-18 18:19:20,42.08,26.42
2024-01-18 18:21:47,34.6,22.9
2024-01-18 18:24:13,29.13,19.4
2024-01-18 18:26:39,19.95,13.25
2024-01-18 18:29:06,31.5,17.8
2024-01-18 18:31:32,33.4,20.5
2024-01-18 18:33:58,25.5,17.38
2024-01-18 18:36:24,50.58,27.35
2024-01-18 18:38:50,53.15,33.92
2024-01-18 18:41:16,60.78,35.25
2024-01-18 18:43:41,69.3,44.88
2024-01-18 18:46:07,65.45,42.22
2024-01-18 18:48:33,53.7,34.7
2024-01-18 18:51:00,48.58,31.1
2024-01-18 18:53:26,52.4,32.9
2024-01-18 18:55:52,40.8,26.38
2024-01-18 18:58:18,36.7,23.67
2024-01-18 19:00:43,41.1,27.15
2024-01-18 19:03:13,37.97,22.95
2024-01-18 19:05:39,31.2,20.63
2024-01-18 19:08:05,37.7,23.05
2024-01-18 19:10:31,33.88,23.15
2024-01-18 19:12:57,34.85,23.98
2024-01-18 19:15:23,49.13,30.98
2024-01-18 19:17:49,51.0,35.33
2024-01-18 19:20:15,43.03,28.15
2024-01-18 19:22:40,32.63,21.63
2024-01-18 19:25:07,34.3,20.85
2024-01-18 19:27:33,33.75,22.35
2024-01-18 19:29:59,30.88,22.0
2024-01-18 19:32:25,31.98,21.4
2024-01-18 19:34:51,30.25,19.0
2024-01-18 19:37:16,32.5,19.88
2024-01-18 19:39:42,33.3,22.15
2024-01-18 19:42:08,28.58,19.27
2024-01-18 19:44:33,30.27,19.8
2024-01-18 19:47:01,48.6,31.23
2024-01-18 19:49:27,56.08,34.97
2024-01-18 19:51:53,51.0,31.3
2024-01-18 19:54:19,59.6,38.53
2024-01-18 19:56:45,54.25,36.38
2024-01-18 19:59:10,48.65,31.55
2024-01-18 20:01:36,37.97,26.13
2024-01-18 20:04:02,38.9,25.67
2024-01-18 20:06:28,35.17,24.0
2024-01-18 20:08:54,30.0,20.7
2024-01-18 20:11:19,36.38,22.7
2024-01-18 20:13:45,29.17,19.13
2024-01-18 20:16:11,32.42,22.85
2024-01-18 20:18:37,54.97,32.08
2024-01-18 20:21:03,39.2,24.85
2024-01-18 20:23:28,43.4,27.08
2024-01-18 20:25:54,42.6,30.83
2024-01-18 20:28:24,60.45,37.1
2024-01-18 20:30:50,65.5,40.25
2024-01-18 20:33:16,59.35,37.55
2024-01-18 20:35:42,72.6,46.42
2024-01-18 20:38:07,108.95,68.13
2024-01-18 20:40:33,99.45,59.92
2024-01-18 20:42:59,84.13,54.2
2024-01-18 20:45:25,89.25,57.53
2024-01-18 20:47:50,81.2,52.28
2024-01-18 20:50:16,57.72,38.2
2024-01-18 20:52:42,73.4,47.28
2024-01-18 20:55:08,68.43,46.9
2024-01-18 20:57:34,63.6,39.3
2024-01-18 21:00:00,46.85,34.03
2024-01-18 21:02:25,57.13,37.1
2024-01-18 21:04:51,43.05,27.13
2024-01-18 21:07:17,35.17,23.63
2024-01-18 21:09:43,28.6,16.8
2024-01-18 21:12:09,30.52,20.42
2024-01-18 21:14:35,51.28,30.23
2024-01-18 21:17:01,50.97,34.85
2024-01-18 21:19:27,33.8,22.6
2024-01-18 21:21:52,35.38,24.5
2024-01-18 21:24:18,35.7,23.17
2024-01-18 21:26:44,34.9,22.02
2024-01-18 21:29:09,19.15,12.98
2024-01-18 21:31:36,22.73,14.9
2024-01-18 21:34:05,23.77,14.32
2024-01-18 21:36:31,28.13,19.55
2024-01-18 21:38:57,33.72,22.35
2024-01-18 21:41:22,35.5,23.7
2024-01-18 21:43:48,42.38,25.67
2024-01-18 21:46:14,39.1,26.35
2024-01-18 21:48:39,37.1,23.9
2024-01-18 21:51:05,36.72,24.65
2024-01-18 21:53:31,34.95,24.08
2024-01-18 21:55:59,35.28,25.1
2024-01-18 21:58:25,37.55,24.4
2024-01-18 22:00:51,38.8,26.3
2024-01-18 22:03:20,40.92,26.42
2024-01-18 22:05:46,37.5,26.23
2024-01-18 22:08:12,38.1,25.67
2024-01-18 22:10:38,34.78,24.75
2024-01-18 22:13:04,36.95,25.38
2024-01-18 22:15:30,35.97,25.48
2024-01-18 22:17:56,100.72,64.0
2024-01-18 22:20:22,71.78,47.83
2024-01-18 22:22:48,63.5,40.67
2024-01-18 22:25:14,61.58,38.2
2024-01-18 22:27:40,74.32,42.97
2024-01-18 22:30:06,75.15,43.33
2024-01-18 22:32:34,66.9,42.13
2024-01-18 22:35:00,69.95,45.42
2024-01-18 22:37:25,72.63,47.78
2024-01-18 22:39:51,75.9,46.17
2024-01-18 22:42:17,58.72,37.6
2024-01-18 22:44:43,55.5,32.6
2024-01-18 22:47:08,43.0,29.9
2024-01-18 22:49:34,41.35,28.88
2024-01-18 22:52:00,43.78,29.42
2024-01-18 22:54:26,44.05,29.65
2024-01-18 22:56:52,50.2,31.92
2024-01-18 22:59:17,42.67,28.83
2024-01-18 23:01:43,47.42,28.5
2024-01-18 23:04:09,44.4,28.45
2024-01-18 23:06:39,44.15,29.4
2024-01-18 23:09:05,43.47,31.0
2024-01-18 23:11:30,62.7,40.85
2024-01-18 23:13:56,119.53,69.22
2024-01-18 23:16:26,103.75,64.47
2024-01-18 23:18:51,120.15,68.57
2024-01-18 23:21:18,114.3,62.85
2024-01-18 23:23:44,125.28,72.97
2024-01-18 23:26:09,114.3,71.85
2024-01-18 23:28:36,110.88,66.5
2024-01-18 23:31:01,99.6,60.5
2024-01-18 23:33:27,78.97,50.28
2024-01-18 23:35:53,76.72,47.78
2024-01-18 23:38:18,86.38,54.78
2024-01-18 23:40:44,90.47,56.45
2024-01-18 23:43:10,100.72,56.13
2024-01-18 23:45:35,86.0,51.05
2024-01-18 23:48:01,97.93,53.45
2024-01-18 23:50:27,112.95,53.75
2024-01-18 23:52:53,85.82,38.58
2024-01-18 23:55:19,69.75,40.45
2024-01-18 23:57:45,91.57,47.8
2024-01-19 00:00:11,87.63,42.67
2024-01-19 00:02:37,65.75,38.92
2024-01-19 00:05:02,66.78,40.67
2024-01-19 00:07:29,67.5,42.85
2024-01-19 00:09:55,74.72,46.08
2024-01-19 00:12:21,65.9,42.38
2024-01-19 00:14:46,60.85,39.58
2024-01-19 00:17:12,64.9,41.42
2024-01-19 00:19:38,61.58,42.95
2024-01-19 00:22:04,78.25,48.4
2024-01-19 00:24:29,90.7,49.47
2024-01-19 00:26:55,80.68,44.53
2024-01-19 00:29:21,73.22,45.83
2024-01-19 00:31:47,90.93,52.33
2024-01-19 00:34:13,84.8,50.08
2024-01-19 00:36:40,81.43,46.83
2024-01-19 00:39:05,76.95,44.35
2024-01-19 00:41:31,81.72,48.38
2024-01-19 00:43:57,64.13,35.85
2024-01-19 00:46:23,64.4,35.95
2024-01-19 00:48:49,69.97,39.65
2024-01-19 00:51:15,65.35,41.38
2024-01-19 00:53:42,69.82,42.3
2024-01-19 00:56:11,68.25,38.42
2024-01-19 00:58:36,70.78,40.8
2024-01-19 01:01:03,81.72,45.97
2024-01-19 01:03:29,86.32,44.42
2024-01-19 01:05:55,71.63,43.4
2024-01-19 01:08:23,75.03,43.38
2024-01-19 01:10:50,78.43,46.35
2024-01-19 01:13:16,73.15,43.78
2024-01-19 01:15:43,71.9,41.5
2024-01-19 01:18:09,62.47,38.13
2024-01-19 01:20:35,70.43,40.72
2024-01-19 01:23:01,64.32,39.25
2024-01-19 01:25:27,66.85,40.0
2024-01-19 01:27:52,70.82,40.28
2024-01-19 01:30:18,65.1,37.35
2024-01-19 01:32:44,63.17,36.4
2024-01-19 01:35:09,76.3,40.33
2024-01-19 01:37:35,63.92,37.58
2024-01-19 01:40:01,84.93,34.92
2024-01-19 01:42:27,64.03,35.58
2024-01-19 01:44:53,79.97,37.63
2024-01-19 01:47:19,66.05,36.22
2024-01-19 01:49:44,78.72,37.58
2024-01-19 01:55:01,61.5,34.25
2024-01-19 01:57:27,64.82,37.5
2024-01-19 01:59:53,57.53,35.05
2024-01-19 02:02:20,59.7,38.28
2024-01-19 02:04:46,61.67,38.25
2024-01-19 02:07:11,68.38,37.05
2024-01-19 02:09:37,67.07,35.5
2024-01-19 02:12:04,67.1,37.72
2024-01-19 02:14:31,60.38,33.72
2024-01-19 02:16:56,53.83,32.67
2024-01-19 02:19:22,57.08,35.22
2024-01-19 02:21:48,62.17,37.92
2024-01-19 02:24:14,75.57,40.9
2024-01-19 02:26:40,76.03,43.35
2024-01-19 02:29:06,71.88,42.88
2024-01-19 02:31:32,72.5,42.47
2024-01-19 02:33:58,73.55,41.9
2024-01-19 02:36:24,74.05,39.65
2024-01-19 02:38:50,57.0,36.08
2024-01-19 02:41:15,79.35,44.6
2024-01-19 02:43:41,74.35,43.55
2024-01-19 02:46:09,84.55,44.58
2024-01-19 02:48:36,69.45,40.2
2024-01-19 02:51:01,70.43,38.22
2024-01-19 02:53:27,66.57,36.22
2024-01-19 02:55:53,53.2,33.75
2024-01-19 02:58:19,56.92,31.27
2024-01-19 03:00:44,54.17,31.52
2024-01-19 03:03:10,50.9,30.73
2024-01-19 03:05:36,60.0,28.35
2024-01-19 03:08:01,50.0,26.75
2024-01-19 03:10:27,47.72,29.6
2024-01-19 03:12:53,53.5,32.28
2024-01-19 03:15:19,51.53,30.08
2024-01-19 03:17:44,49.88,29.05
2024-01-19 03:20:10,55.08,30.45
2024-01-19 03:22:36,48.17,28.7
2024-01-19 03:25:02,48.67,28.38
2024-01-19 03:27:28,57.1,30.33
2024-01-19 03:29:54,50.45,29.83
2024-01-19 03:32:20,49.95,29.7
2024-01-19 03:34:46,50.5,28.17
2024-01-19 03:37:12,51.9,29.58
2024-01-19 03:39:38,58.58,30.3
2024-01-19 03:42:04,56.38,31.55
2024-01-19 03:44:30,60.75,33.65
2024-01-19 03:46:56,59.33,34.2
2024-01-19 03:49:24,66.18,37.65
2024-01-19 03:54:26,75.85,38.33
2024-01-19 03:56:55,71.55,37.92
2024-01-19 03:59:22,75.68,38.88
2024-01-19 04:01:48,64.35,35.35
2024-01-19 04:04:13,59.42,35.83
2024-01-19 04:06:39,65.45,34.6
2024-01-19 04:09:05,51.83,32.35
2024-01-19 04:11:33,64.95,35.75
2024-01-19 04:13:59,58.15,32.97
2024-01-19 04:16:25,55.15,31.52
2024-01-19 04:18:51,46.55,29.73
2024-01-19 04:21:16,37.35,24.92
2024-01-19 04:23:42,46.1,26.67
2024-01-19 04:26:10,41.4,25.85
2024-01-19 04:28:36,49.35,26.13
2024-01-19 04:31:02,39.2,25.45
2024-01-19 04:33:27,41.08,23.6
2024-01-19 04:35:53,42.3,24.75
2024-01-19 04:38:19,40.58,24.92
2024-01-19 04:40:44,43.15,24.58
2024-01-19 04:43:10,41.0,25.17
2024-01-19 04:45:36,40.2,24.58
2024-01-19 04:48:02,41.5,25.7
2024-01-19 04:50:28,45.42,26.85
2024-01-19 04:52:54,39.67,25.38
2024-01-19 04:55:20,41.05,24.92
2024-01-19 04:57:46,38.8,24.33
2024-01-19 05:00:12,39.63,23.5
2024-01-19 05:02:38,42.42,24.33
2024-01-19 05:05:04,44.55,24.55
2024-01-19 05:07:30,47.17,24.85
2024-01-19 05:09:56,39.58,20.67
2024-01-19 05:12:24,38.42,22.38
2024-01-19 05:14:50,31.9,19.55
2024-01-19 05:17:15,38.95,19.9
2024-01-19 05:19:42,39.83,21.35
2024-01-19 05:22:08,40.8,20.58
2024-01-19 05:24:34,40.45,21.45
2024-01-19 05:27:04,41.0,22.15
2024-01-19 05:29:30,40.25,20.85
2024-01-19 05:31:56,38.5,20.25
2024-01-19 05:34:21,41.1,22.58
2024-01-19 05:36:47,39.83,21.55
2024-01-19 05:39:13,42.88,22.6
2024-01-19 05:41:39,35.4,20.8
2024-01-19 05:44:04,43.72,24.17
2024-01-19 05:46:30,47.42,24.25
2024-01-19 05:48:56,42.85,23.95
2024-01-19 05:51:22,45.55,24.35
2024-01-19 05:53:47,42.88,22.83
2024-01-19 05:56:13,44.13,23.08
2024-01-19 05:58:39,45.47,23.58
2024-01-19 06:01:05,44.25,22.33
2024-01-19 06:03:32,47.05,22.05
2024-01-19 06:06:01,44.75,21.8
2024-01-19 06:08:28,42.92,22.83
2024-01-19 06:10:54,38.7,21.52
2024-01-19 06:13:20,40.95,21.67
2024-01-19 06:15:46,43.75,22.08
2024-01-19 06:18:12,44.35,21.4
2024-01-19 06:20:38,43.03,20.9
2024-01-19 06:23:07,40.63,22.08
2024-01-19 06:25:34,35.9,20.98
2024-01-19 06:28:01,34.83,19.42
2024-01-19 06:30:27,36.72,19.83
2024-01-19 06:32:53,34.1,19.38
2024-01-19 06:35:19,41.75,19.75
2024-01-19 06:37:44,39.08,19.5
2024-01-19 06:40:10,31.83,17.92
2024-01-19 06:42:39,36.33,18.67
2024-01-19 06:45:05,39.72,21.08
2024-01-19 06:47:31,35.85,19.88
2024-01-19 06:49:57,43.83,19.77
2024-01-19 06:52:23,52.45,20.58
2024-01-19 06:54:49,54.47,23.15
2024-01-19 06:57:14,53.17,20.55
2024-01-19 06:59:40,52.92,22.95
2024-01-19 07:02:06,49.47,23.98
2024-01-19 07:04:32,42.63,22.67
2024-01-19 07:06:58,56.33,23.15
2024-01-19 07:09:24,56.2,25.75
2024-01-19 07:11:52,64.2,29.8
2024-01-19 07:14:18,52.5,28.17
2024-01-19 07:16:44,57.8,29.9
2024-01-19 07:19:10,62.95,32.4
2024-01-19 07:21:39,81.15,41.53
2024-01-19 07:24:09,68.28,35.95
2024-01-19 07:26:36,55.83,31.27
2024-01-19 07:29:03,71.07,36.2
2024-01-19 07:31:32,62.9,33.47
2024-01-19 07:33:59,59.15,31.67
2024-01-19 07:36:25,75.07,35.97
2024-01-19 07:38:51,100.43,47.78
2024-01-19 07:41:17,83.68,40.5
2024-01-19 07:43:43,62.78,32.38
2024-01-19 07:46:08,88.25,43.35
2024-01-19 07:48:36,89.63,47.7
2024-01-19 07:51:02,92.53,49.2
2024-01-19 07:53:28,97.3,52.47
2024-01-19 07:55:54,107.68,53.8
2024-01-19 07:58:19,93.2,43.2
2024-01-19 08:00:46,81.8,39.38
2024-01-19 08:03:12,64.25,35.83
2024-01-19 08:05:39,50.92,27.2
2024-01-19 08:08:05,53.47,28.7
2024-01-19 08:10:30,44.88,23.83
2024-01-19 08:12:57,55.2,29.1
2024-01-19 08:15:24,48.97,26.58
2024-01-19 08:17:51,51.92,26.7
2024-01-19 08:20:16,62.53,28.42
2024-01-19 08:22:42,56.33,29.83
2024-01-19 08:25:08,66.7,34.55
2024-01-19 08:27:35,58.45,31.33
2024-01-19 08:30:04,54.47,29.8
2024-01-19 08:32:31,58.97,32.22
2024-01-19 08:34:56,56.5,30.6
2024-01-19 08:37:23,47.47,25.75
2024-01-19 08:39:49,56.67,27.02
2024-01-19 08:42:15,47.65,27.5
2024-01-19 08:44:44,57.8,28.88
2024-01-19 08:47:10,61.97,31.9
2024-01-19 08:49:36,56.25,28.75
2024-01-19 08:52:02,61.38,31.05
2024-01-19 08:54:27,62.45,30.38
2024-01-19 08:56:54,60.72,32.1
2024-01-19 08:59:20,62.95,30.9
2024-01-19 09:01:47,59.53,30.55
2024-01-19 09:04:18,59.5,29.9
2024-01-19 09:06:44,56.3,29.48
2024-01-19 09:09:09,42.88,24.65
2024-01-19 09:11:35,53.1,27.13
2024-01-19 09:14:01,47.7,25.55
2024-01-19 09:16:27,42.7,25.17
2024-01-19 09:18:53,44.4,25.4
2024-01-19 09:21:19,47.0,24.65
2024-01-19 09:23:44,45.8,24.55
2024-01-19 09:26:20,48.22,25.4
2024-01-19 09:28:46,44.7,24.13
2024-01-19 09:31:13,43.95,24.55
2024-01-19 09:33:39,44.85,23.48
2024-01-19 09:36:05,42.15,24.42
2024-01-19 09:38:32,39.15,23.17
2024-01-19 09:43:54,37.08,22.3
2024-01-19 09:46:25,42.42,23.08
2024-01-19 09:51:56,41.08,21.88
2024-01-19 09:54:35,36.05,20.98
2024-01-19 09:57:02,37.22,19.58
2024-01-19 09:59:29,35.58,21.23
2024-01-19 10:01:56,32.85,19.63
2024-01-19 10:04:22,34.85,19.3
2024-01-19 10:06:49,30.55,17.6
2024-01-19 10:09:15,31.88,17.35
2024-01-19 10:11:49,30.17,16.42
2024-01-19 10:14:16,31.83,18.85
2024-01-19 10:16:49,30.4,18.45
2024-01-19 10:19:16,31.1,17.85
2024-01-19 10:21:45,32.5,17.63
2024-01-19 10:24:15,34.0,18.33
2024-01-19 10:26:45,32.1,18.17
2024-01-19 10:29:17,27.92,16.95
2024-01-19 10:31:48,28.6,16.27
2024-01-19 10:34:19,30.27,17.25
2024-01-19 10:36:46,28.38,17.1
2024-01-19 10:39:19,34.33,18.5
2024-01-19 10:41:47,33.6,18.38
2024-01-19 10:44:15,34.33,18.45
2024-01-19 10:46:46,34.33,19.0
2024-01-19 10:49:14,31.95,18.73
2024-01-19 10:51:42,30.85,18.25
2024-01-19 10:54:11,33.05,19.63
2024-01-19 10:56:45,33.13,18.8
2024-01-19 10:59:12,25.52,17.08
2024-01-19 11:01:39,32.28,18.73
2024-01-19 11:04:06,29.88,17.85
2024-01-19 11:06:34,35.05,19.42
2024-01-19 11:09:02,33.88,18.67
2024-01-19 11:11:29,28.7,17.3
2024-01-19 11:13:57,29.92,15.05
2024-01-19 11:16:26,29.38,16.35
2024-01-19 11:18:56,31.05,17.7
2024-01-19 11:21:24,24.45,14.23
2024-01-19 11:23:50,26.25,14.9
2024-01-19 11:26:29,30.27,17.9
2024-01-19 11:29:03,33.6,19.48
2024-01-19 11:31:50,33.0,20.15
2024-01-19 11:40:10,35.42,20.95
2024-01-19 11:42:55,32.95,20.8
2024-01-19 11:47:54,32.67,21.25
2024-01-19 11:50:39,39.28,23.05
2024-01-19 11:53:08,38.83,22.55
2024-01-19 11:55:34,38.55,23.33
2024-01-19 12:01:04,39.9,23.23
2024-01-19 12:03:33,39.55,23.77
2024-01-19 12:05:59,37.35,23.15
2024-01-19 12:08:26,36.85,21.75
2024-01-19 12:10:59,41.2,23.88
2024-01-19 12:13:51,42.42,25.4
2024-01-19 12:16:20,41.53,24.7
2024-01-19 12:18:51,40.2,22.77
2024-01-19 12:21:19,41.47,24.67
2024-01-19 12:23:45,43.45,24.63
2024-01-19 12:26:11,42.0,26.73
2024-01-19 12:28:36,44.65,26.75
2024-01-19 12:31:02,49.1,28.73
2024-01-19 12:33:28,44.5,27.9
2024-01-19 12:36:04,48.5,29.6
2024-01-19 12:38:39,44.88,28.23
2024-01-19 12:41:05,48.5,28.23
2024-01-19 12:43:33,55.88,31.75
2024-01-19 12:46:04,54.45,33.08
2024-01-19 12:48:31,55.4,32.35
2024-01-19 12:51:00,56.88,33.33
2024-01-19 12:53:28,56.35,31.33
2024-01-19 12:55:56,53.6,31.27
2024-01-19 12:58:22,53.95,31.42
2024-01-19 13:00:48,54.58,33.28
2024-01-19 13:03:18,50.83,30.17
2024-01-19 13:05:45,46.78,29.17
2024-01-19 13:08:11,51.22,29.98
2024-01-19 13:10:43,54.63,31.95
2024-01-19 13:13:11,56.5,32.88
2024-01-19 13:15:40,51.08,31.67
2024-01-19 13:18:09,51.55,31.2
2024-01-19 13:20:41,52.25,31.75
2024-01-19 13:23:07,57.6,33.15
2024-01-19 13:25:34,50.95,30.6
2024-01-19 13:28:00,54.0,31.38
2024-01-19 13:30:26,47.13,28.6
2024-01-19 13:32:55,45.38,25.75
2024-01-19 13:35:27,37.88,23.0
2024-01-19 13:37:57,45.95,27.4
2024-01-19 13:40:23,45.05,26.88
2024-01-19 13:42:48,43.25,26.08
2024-01-19 13:45:14,45.47,27.85
2024-01-19 13:47:40,52.42,30.4
2024-01-19 13:50:06,53.67,30.98
2024-01-19 13:52:32,51.95,29.35
2024-01-19 13:54:58,54.6,32.88
2024-01-19 13:57:24,58.63,37.88
2024-01-19 13:59:50,67.3,41.28
2024-01-19 14:02:16,62.22,40.38
2024-01-19 14:04:43,74.07,43.42
2024-01-19 14:07:11,65.95,40.9
2024-01-19 14:09:42,64.47,40.6
2024-01-19 14:12:09,74.0,44.67
2024-01-19 14:14:37,79.93,46.78
2024-01-19 14:17:03,77.53,45.53
2024-01-19 14:19:29,84.72,50.85
2024-01-19 14:21:55,88.35,50.38
2024-01-19 14:24:21,86.97,50.9
2024-01-19 14:26:47,81.6,49.3
2024-01-19 14:29:13,95.03,51.5
2024-01-19 14:31:40,98.8,52.7
2024-01-19 14:34:07,91.9,52.22
2024-01-19 14:36:33,85.07,50.33
2024-01-19 14:38:59,81.35,48.67
2024-01-19 14:41:24,91.22,50.38
2024-01-19 14:43:50,94.18,52.83
2024-01-19 14:46:16,96.28,52.4
2024-01-19 14:48:42,92.78,52.6
2024-01-19 14:51:08,90.8,54.42
2024-01-19 14:53:35,98.9,54.65
2024-01-19 14:56:03,91.3,55.53
2024-01-19 14:58:28,97.15,55.7
2024-01-19 15:00:54,86.65,51.92
2024-01-19 15:03:20,84.22,48.78
2024-01-19 15:05:46,83.75,50.2
2024-01-19 15:08:11,82.68,48.13
2024-01-19 15:10:37,86.03,49.47
2024-01-19 15:13:03,91.85,50.05
2024-01-19 15:15:29,86.43,49.67
2024-01-19 15:17:54,90.43,53.8
2024-01-19 15:20:20,84.72,54.95
2024-01-19 15:22:46,84.9,47.4
2024-01-19 15:25:12,87.43,50.75
2024-01-19 15:27:37,104.43,58.97
2024-01-19 15:30:04,110.43,59.58
2024-01-19 15:32:31,101.28,61.4
2024-01-19 15:34:59,114.95,64.53
2024-01-19 15:37:25,113.07,63.95
2024-01-19 15:39:51,121.85,68.57
2024-01-19 15:42:17,118.75,69.82
2024-01-19 15:44:43,133.8,75.88
2024-01-19 15:47:10,131.8,82.03
2024-01-19 15:49:36,130.23,79.47
2024-01-19 15:52:03,251.43,151.25
2024-01-19 15:54:29,142.0,82.63
2024-01-19 15:56:56,139.18,79.65
2024-01-19 15:59:22,152.1,88.15
2024-01-19 16:01:47,75.55,44.7
2024-01-19 16:04:13,103.7,60.05
2024-01-19 16:06:39,80.43,47.42
2024-01-19 16:09:05,70.7,40.97
2024-01-19 16:11:33,92.95,54.47
2024-01-19 16:13:59,113.82,66.07
2024-01-19 16:16:26,122.55,69.75
2024-01-19 16:18:51,89.13,51.38
2024-01-19 16:21:18,80.65,47.72
2024-01-19 16:23:46,75.32,44.45
2024-01-19 16:26:12,98.2,56.65
2024-01-19 16:28:41,97.05,56.78
2024-01-19 16:31:07,124.28,71.68
2024-01-19 16:33:33,171.07,95.55
2024-01-19 16:35:59,91.78,54.53
2024-01-19 16:38:25,67.57,39.22
2024-01-19 16:40:56,64.6,38.1
2024-01-19 16:43:23,87.7,52.83
2024-01-19 16:45:50,81.68,48.6
2024-01-19 16:48:16,60.1,35.38
2024-01-19 16:50:42,126.88,73.05
2024-01-19 16:53:09,51.95,31.25
2024-01-19 16:55:35,72.07,42.58
2024-01-19 16:58:01,120.05,69.22
2024-01-19 17:00:26,108.53,66.38
2024-01-19 17:02:53,120.75,65.07
2024-01-19 17:05:19,107.1,62.63
2024-01-19 17:07:45,105.53,61.2
2024-01-19 17:10:11,103.15,61.13
2024-01-19 17:12:37,97.7,57.6
2024-01-19 17:15:06,94.1,54.38
2024-01-19 17:17:33,96.78,57.2
2024-01-19 17:20:00,97.8,56.33
2024-01-19 17:22:29,92.68,56.75
2024-01-19 17:24:56,129.82,77.82
2024-01-19 17:27:22,170.3,98.2
2024-01-19 17:29:48,261.13,158.43
2024-01-19 17:32:14,300.02,185.48
2024-01-19 17:34:42,270.45,161.1
2024-01-19 17:37:08,273.3,158.93
2024-01-19 17:39:33,270.88,157.77
2024-01-19 17:42:00,253.0,149.52
2024-01-19 17:44:26,241.52,142.65
2024-01-19 17:46:52,225.95,139.07
2024-01-19 17:49:17,227.9,138.68
2024-01-19 17:51:43,224.95,136.98
2024-01-19 17:54:14,216.6,130.7
2024-01-19 17:56:40,231.25,140.63
2024-01-19 17:59:06,212.25,125.38
2024-01-19 18:01:32,220.5,131.8
2024-01-19 18:03:58,164.15,100.32
2024-01-19 18:06:23,167.7,99.5
2024-01-19 18:08:49,186.93,115.03
2024-01-19 18:11:16,167.82,102.22
2024-01-19 18:13:42,156.68,98.07
2024-01-19 18:16:08,183.73,111.22
2024-01-19 18:18:34,139.65,85.88
2024-01-19 18:20:59,158.9,97.03
2024-01-19 18:23:25,174.68,107.97
2024-01-19 18:25:51,161.0,99.32
2024-01-19 18:28:17,180.68,113.22
2024-01-19 18:30:43,171.95,107.13
2024-01-19 18:33:09,182.25,113.63
2024-01-19 18:35:35,148.93,90.6
2024-01-19 18:38:03,165.32,106.13
2024-01-19 18:40:29,161.77,100.78
2024-01-19 18:42:55,202.63,125.6
2024-01-19 18:45:20,161.65,101.47
2024-01-19 18:47:47,310.4,203.5
2024-01-19 18:50:13,306.92,189.05
2024-01-19 18:52:42,284.15,171.38
2024-01-19 18:55:10,261.8,159.07
2024-01-19 18:57:36,218.73,134.77
2024-01-19 19:00:02,251.15,149.02
2024-01-19 19:02:28,196.1,120.2
2024-01-19 19:04:53,209.75,129.02
2024-01-19 19:07:19,221.75,137.25
2024-01-19 19:09:45,161.82,100.63
2024-01-19 19:12:11,168.6,102.32
2024-01-19 19:14:37,151.52,93.6
2024-01-19 19:17:02,133.8,82.28
2024-01-19 19:19:28,134.02,83.13
2024-01-19 19:21:54,121.97,74.88
2024-01-19 19:24:22,109.65,68.53
2024-01-19 19:26:48,107.2,69.03
2024-01-19 19:29:13,116.35,73.85
2024-01-19 19:31:39,123.82,75.63
2024-01-19 19:34:05,130.77,78.95
2024-01-19 19:36:31,112.05,70.35
2024-01-19 19:38:58,118.95,71.45
2024-01-19 19:41:29,104.85,66.82
2024-01-19 19:43:59,96.85,60.03
2024-01-19 19:46:25,95.13,56.97
2024-01-19 19:48:51,75.93,48.92
2024-01-19 19:51:18,78.38,48.6
2024-01-19 19:53:44,70.32,45.83
2024-01-19 19:56:11,66.75,42.17
2024-01-19 19:58:39,68.38,42.33
2024-01-19 20:01:05,66.57,41.15
2024-01-19 20:03:30,62.35,39.0
2024-01-19 20:05:56,52.67,33.45
2024-01-19 20:08:22,47.92,30.52
2024-01-19 20:10:48,44.17,26.98
2024-01-19 20:13:14,35.33,24.25
2024-01-19 20:15:40,35.2,21.58
2024-01-19 20:18:06,27.75,18.77
2024-01-19 20:20:32,27.3,16.5
2024-01-19 20:22:57,31.6,18.08
2024-01-19 20:25:23,28.33,16.25
2024-01-19 20:27:49,23.45,14.9
2024-01-19 20:30:15,19.13,12.93
2024-01-19 20:32:41,16.67,11.02
2024-01-19 20:35:08,15.35,11.23
2024-01-19 20:37:35,13.77,10.05
2024-01-19 20:40:01,16.23,10.95
2024-01-19 20:42:28,14.2,9.8
2024-01-19 20:44:54,16.55,10.7
2024-01-19 20:47:19,12.45,9.05
2024-01-19 20:49:46,13.38,9.32
2024-01-19 20:52:11,13.77,9.45
2024-01-19 20:54:37,12.25,8.1
2024-01-19 20:57:03,12.02,7.68
2024-01-19 20:59:29,11.55,8.25
2024-01-19 21:01:55,12.05,8.55
2024-01-19 21:04:21,10.55,7.88
2024-01-19 21:06:46,13.15,8.0
2024-01-19 21:09:12,8.05,5.9
2024-01-19 21:11:39,10.27,6.85
2024-01-19 21:14:04,10.0,6.3
2024-01-19 21:16:30,9.52,6.15
2024-01-19 21:18:56,10.93,6.35
2024-01-19 21:21:22,10.9,6.22
2024-01-19 21:23:48,11.45,7.07
2024-01-19 21:26:14,12.18,7.45
2024-01-19 21:28:40,13.68,8.45
2024-01-19 21:31:06,12.85,6.93
2024-01-19 21:33:32,11.27,6.5
2024-01-19 21:36:01,12.0,7.53
2024-01-19 21:38:26,12.48,8.75
2024-01-19 21:40:52,11.38,8.25
2024-01-19 21:43:18,9.45,6.6
2024-01-19 21:45:44,13.63,7.07
2024-01-19 21:48:10,9.57,6.32
2024-01-19 21:50:35,8.68,5.78
2024-01-19 21:53:01,8.93,5.15
2024-01-19 21:55:30,6.07,4.5
2024-01-19 21:57:55,6.38,4.82
2024-01-19 22:00:21,8.77,4.9
2024-01-19 22:02:47,8.7,5.07
2024-01-19 22:05:13,8.6,5.22
2024-01-19 22:07:39,6.5,5.18
2024-01-19 22:10:05,10.52,5.47
2024-01-19 22:12:31,8.48,5.4
2024-01-19 22:14:57,10.48,5.7
2024-01-19 22:17:22,8.88,6.45
2024-01-19 22:19:49,8.5,6.35
2024-01-19 22:22:15,8.07,6.15
2024-01-19 22:24:41,7.43,5.43
2024-01-19 22:27:06,7.18,5.8
2024-01-19 22:29:32,7.28,4.57
2024-01-19 22:31:58,6.5,4.72
2024-01-19 22:34:23,6.25,4.9
2024-01-19 22:36:49,7.32,4.03
2024-01-19 22:39:15,4.4,3.55
2024-01-19 22:41:41,4.85,3.2
2024-01-19 22:44:07,4.3,3.2
2024-01-19 22:46:33,6.1,3.4
2024-01-19 22:48:59,3.6,2.7
2024-01-19 22:51:24,3.88,3.13
2024-01-19 22:53:50,3.3,2.53
2024-01-19 22:56:16,3.28,2.9
2024-01-19 22:58:41,4.22,3.03
2024-01-19 23:01:07,5.4,3.38
2024-01-19 23:03:33,5.35,3.4
2024-01-19 23:05:59,3.9,3.45
2024-01-19 23:08:25,4.35,3.05
2024-01-19 23:10:51,3.85,2.8
2024-01-19 23:13:18,4.15,2.97
2024-01-19 23:15:45,4.38,3.15
2024-01-19 23:18:11,3.5,2.9
2024-01-19 23:20:39,3.72,2.8
2024-01-19 23:23:05,4.18,2.85
2024-01-19 23:25:31,3.38,2.5
2024-01-19 23:27:57,3.5,2.5
2024-01-19 23:30:23,4.4,2.6
2024-01-19 23:32:49,4.63,2.45
2024-01-19 23:35:14,2.97,2.2
2024-01-19 23:37:40,3.5,1.98
2024-01-19 23:40:06,6.35,3.08
2024-01-19 23:42:32,2.75,2.15
2024-01-19 23:44:58,4.65,2.8
2024-01-19 23:47:25,2.38,1.8
2024-01-19 23:49:52,3.2,2.4
2024-01-19 23:52:18,2.58,1.9
2024-01-19 23:54:44,2.22,1.8
2024-01-19 23:57:13,2.22,1.8
2024-01-19 23:59:39,2.6,1.85
2024-01-20 00:02:04,3.35,2.75
2024-01-20 00:04:31,3.28,2.33
2024-01-20 00:06:57,2.03,1.77
2024-01-20 00:09:23,1.6,1.5
2024-01-20 00:11:48,2.2,1.7
2024-01-20 00:14:14,2.2,1.6
2024-01-20 00:16:40,1.95,1.3
2024-01-20 00:19:05,2.25,1.7
2024-01-20 00:21:31,2.0,1.45
2024-01-20 00:23:57,2.55,1.77
2024-01-20 00:26:23,1.3,1.2
2024-01-20 00:28:48,1.75,1.4
2024-01-20 00:31:14,1.73,1.33
2024-01-20 00:33:40,2.25,1.6
2024-01-20 00:36:06,1.4,1.2
2024-01-20 00:38:33,1.67,1.4
2024-01-20 00:40:58,1.77,1.5
2024-01-20 00:43:24,2.0,1.52
2024-01-20 00:45:50,1.92,1.6
2024-01-20 00:48:15,1.77,1.42
2024-01-20 00:50:41,2.28,1.6
2024-01-20 00:53:07,1.85,1.55
2024-01-20 00:55:32,2.38,1.55
2024-01-20 00:57:58,2.63,1.5
2024-01-20 01:00:24,1.65,1.4
2024-01-20 01:02:49,1.5,1.4
2024-01-20 01:05:15,1.65,1.4
2024-01-20 01:07:41,2.25,1.52
2024-01-20 01:10:07,2.13,1.65
2024-01-20 01:12:33,3.1,1.75
2024-01-20 01:14:59,1.8,1.2
2024-01-20 01:17:26,1.9,1.65
2024-01-20 01:19:51,1.83,1.35
2024-01-20 01:22:17,2.08,1.45
2024-01-20 01:24:43,2.7,1.4
2024-01-20 01:27:09,1.75,1.65
2024-01-20 01:29:34,1.58,1.45
2024-01-20 01:32:00,1.4,1.3
2024-01-20 01:34:26,1.58,1.48
2024-01-20 01:36:52,1.9,1.4
2024-01-20 01:39:17,1.9,1.5
2024-01-20 01:41:44,1.45,1.33
2024-01-20 01:44:10,1.58,1.25
2024-01-20 01:46:36,1.9,1.4
2024-01-20 01:49:02,2.08,1.5
2024-01-20 01:51:29,2.08,1.2
2024-01-20 01:53:56,1.42,1.3
2024-01-20 01:56:25,1.92,1.38
2024-01-20 01:58:52,1.42,1.3
2024-01-20 02:01:18,1.3,1.2
2024-01-20 02:03:44,1.67,1.4
2024-01-20 02:06:10,1.9,1.2
2024-01-20 02:08:35,1.52,1.2
2024-01-20 02:11:05,1.1,1.0
2024-01-20 02:13:31,2.38,1.52
2024-01-20 02:15:58,1.35,1.17
2024-01-20 02:18:24,1.52,1.42
2024-01-20 02:20:50,3.8,1.2
2024-01-20 02:23:15,1.48,1.17
2024-01-20 02:25:41,1.23,1.1
2024-01-20 02:28:07,1.52,1.15
2024-01-20 02:30:33,1.3,1.2
2024-01-20 02:32:58,1.73,1.2
2024-01-20 02:35:24,1.75,1.35
2024-01-20 02:37:50,1.45,1.35
2024-01-20 02:40:16,1.33,1.15
2024-01-20 02:42:42,1.4,1.3
2024-01-20 02:45:08,1.3,1.2
2024-01-20 02:47:34,1.4,1.3
2024-01-20 02:50:00,2.03,1.55
2024-01-20 02:52:25,1.55,1.45
2024-01-20 02:54:51,1.3,1.2
2024-01-20 02:57:17,2.0,1.4
2024-01-20 02:59:43,2.2,1.58
2024-01-20 03:02:08,1.33,1.23
2024-01-20 03:04:34,1.4,1.17
2024-01-20 03:07:00,1.48,1.38
2024-01-20 03:09:25,1.52,1.42
2024-01-20 03:11:51,1.92,1.6
2024-01-20 03:14:17,1.7,1.6
2024-01-20 03:16:43,1.38,1.27
2024-01-20 03:19:09,1.98,1.63
2024-01-20 03:21:34,1.73,1.5
2024-01-20 03:24:00,2.45,1.65
2024-01-20 03:26:26,1.7,1.6
2024-01-20 03:28:52,1.5,1.4
2024-01-20 03:31:17,2.4,2.0
2024-01-20 03:33:43,2.38,2.17
2024-01-20 03:36:09,3.5,2.7
2024-01-20 03:38:36,4.65,2.2
2024-01-20 03:41:02,3.92,2.5
2024-01-20 03:43:28,2.95,2.22
2024-01-20 03:45:54,3.17,2.5
2024-01-20 03:48:21,4.05,3.03
2024-01-20 03:50:46,3.78,2.72
2024-01-20 03:53:12,4.65,2.97
2024-01-20 03:55:38,3.6,2.97
2024-01-20 03:58:04,6.4,3.72
2024-01-20 04:00:30,6.68,4.15
2024-01-20 04:02:56,5.97,3.92
2024-01-20 04:05:22,6.57,4.07
2024-01-20 04:07:48,5.63,3.8
2024-01-20 04:10:14,4.47,3.58
2024-01-20 04:12:40,4.9,3.88
2024-01-20 04:15:06,5.45,3.95
2024-01-20 04:17:32,5.25,3.67
2024-01-20 04:19:58,5.72,3.92
2024-01-20 04:22:24,6.05,4.57
2024-01-20 04:24:50,4.85,3.75
2024-01-20 04:27:15,6.35,3.45
2024-01-20 04:29:41,6.25,4.22
2024-01-20 04:32:07,6.93,5.1
2024-01-20 04:34:32,3.9,3.47
2024-01-20 04:36:58,5.85,3.47
2024-01-20 04:39:24,4.5,3.35
2024-01-20 04:41:49,3.35,2.5
2024-01-20 04:44:15,3.03,2.47
2024-01-20 04:46:41,2.85,2.38
2024-01-20 04:49:07,3.88,2.53
2024-01-20 04:51:32,2.5,1.9
2024-01-20 04:53:58,2.67,1.85
2024-01-20 04:56:24,2.7,2.1
2024-01-20 04:58:50,2.65,2.08
2024-01-20 05:01:17,4.0,2.03
2024-01-20 05:03:43,2.55,1.9
2024-01-20 05:06:09,2.5,1.83
2024-01-20 05:08:34,2.22,1.67
2024-01-20 05:11:00,3.2,1.7
2024-01-20 05:13:26,2.4,1.77
2024-01-20 05:15:52,2.17,1.8
2024-01-20 05:18:20,2.78,1.8
2024-01-20 05:20:46,2.03,1.73
2024-01-20 05:23:11,2.28,1.55
2024-01-20 05:25:37,2.1,1.73
2024-01-20 05:28:03,2.67,1.58
2024-01-20 05:30:29,2.17,1.6
2024-01-20 05:32:55,2.0,1.4
2024-01-20 05:35:21,1.73,1.48
2024-01-20 05:37:47,1.95,1.5
2024-01-20 05:40:13,1.92,1.48
2024-01-20 05:42:39,1.65,1.42
2024-01-20 05:45:05,2.7,1.85
2024-01-20 05:47:34,1.9,1.65
2024-01-20 05:50:03,2.5,1.7
2024-01-20 05:52:29,1.7,1.6
2024-01-20 05:54:55,2.88,1.8
2024-01-20 05:57:21,1.6,1.5
2024-01-20 05:59:46,2.05,1.55
2024-01-20 06:02:12,1.77,1.6
2024-01-20 06:04:38,1.73,1.58
2024-01-20 06:07:04,2.05,1.6
2024-01-20 06:09:29,3.3,1.8
2024-01-20 06:11:55,1.6,1.4
2024-01-20 06:14:21,2.1,1.6
2024-01-20 06:16:46,1.55,1.4
2024-01-20 06:19:12,2.25,1.6
2024-01-20 06:21:38,1.75,1.48
2024-01-20 06:24:04,1.92,1.55
2024-01-20 06:26:30,2.47,1.7
2024-01-20 06:28:56,2.42,1.8
2024-01-20 06:31:25,1.85,1.65
2024-01-20 06:33:52,2.0,1.55
2024-01-20 06:36:22,1.98,1.7
2024-01-20 06:38:50,1.73,1.42
2024-01-20 06:41:16,1.92,1.7
2024-01-20 06:43:42,2.2,1.7
2024-01-20 06:46:08,1.8,1.4
2024-01-20 06:48:33,2.4,1.85
2024-01-20 06:51:00,3.08,1.73
2024-01-20 06:53:26,1.85,1.58
2024-01-20 06:55:52,2.25,1.7
2024-01-20 06:58:18,2.13,1.55
2024-01-20 07:00:44,1.98,1.7
2024-01-20 07:03:10,2.5,1.8
2024-01-20 07:05:36,2.05,1.7
2024-01-20 07:08:02,2.55,1.8
2024-01-20 07:10:29,1.92,1.7
2024-01-20 07:12:54,1.7,1.5
2024-01-20 07:15:20,2.2,1.8
2024-01-20 07:17:46,2.47,1.8
2024-01-20 07:20:11,2.35,1.6
2024-01-20 07:22:37,1.75,1.5
2024-01-20 07:25:04,2.3,1.73
2024-01-20 07:27:30,2.4,1.65
2024-01-20 07:29:56,3.03,1.9
2024-01-20 07:32:21,2.3,1.67
2024-01-20 07:34:47,2.1,1.83
2024-01-20 07:37:13,2.88,1.73
2024-01-20 07:39:38,3.3,1.83
2024-01-20 07:42:04,2.3,1.8
2024-01-20 07:44:30,5.28,2.1
2024-01-20 07:46:56,3.2,2.08
2024-01-20 07:49:21,2.6,2.22
2024-01-20 07:51:48,3.65,2.35
2024-01-20 07:54:14,2.78,2.03
2024-01-20 07:56:41,2.58,2.13
2024-01-20 07:59:07,2.65,2.08
2024-01-20 08:01:33,2.05,1.7
2024-01-20 08:03:59,3.35,2.1
2024-01-20 08:06:24,2.75,2.0
2024-01-20 08:08:52,2.13,1.92
2024-01-20 08:11:18,2.33,2.0
2024-01-20 08:13:43,3.78,2.13
2024-01-20 08:16:09,3.2,2.22
2024-01-20 08:18:35,2.75,2.22
2024-01-20 08:21:07,3.7,2.33
2024-01-20 08:23:33,2.9,2.2
2024-01-20 08:25:59,2.95,2.15
2024-01-20 08:28:25,3.42,2.28
2024-01-20 08:30:51,3.72,2.5
2024-01-20 08:33:17,4.1,2.75
2024-01-20 08:35:43,3.33,2.58
2024-01-20 08:38:10,3.58,2.6
2024-01-20 08:40:35,4.57,2.53
2024-01-20 08:43:01,3.28,2.4
2024-01-20 08:45:27,3.72,2.67
2024-01-20 08:47:53,3.05,2.1
2024-01-20 08:50:18,2.83,2.2
2024-01-20 08:52:44,3.0,2.05
2024-01-20 08:55:10,3.38,2.15
2024-01-20 08:57:36,5.75,2.08
2024-01-20 09:00:02,3.0,2.15
2024-01-20 09:02:30,2.0,1.73
2024-01-20 09:04:55,2.67,2.1
2024-01-20 09:07:21,3.65,2.5
2024-01-20 09:09:47,3.03,2.22
2024-01-20 09:12:13,2.3,2.1
2024-01-20 09:14:38,3.0,2.22
2024-01-20 09:17:04,3.05,2.08
2024-01-20 09:19:30,4.03,2.08
2024-01-20 09:21:56,2.5,2.0
2024-01-20 09:24:22,3.2,2.03
2024-01-20 09:26:47,2.63,2.2
2024-01-20 09:29:13,3.08,2.35
2024-01-20 09:31:39,3.13,2.17
2024-01-20 09:34:04,3.4,2.3
2024-01-20 09:36:31,2.7,2.2
2024-01-20 09:38:57,3.0,2.5
2024-01-20 09:41:23,3.13,2.2
2024-01-20 09:43:49,3.38,2.3
2024-01-20 09:46:15,2.95,1.92
2024-01-20 09:48:41,2.83,1.7
2024-01-20 09:51:08,2.75,1.83
2024-01-20 09:53:35,2.9,2.25
2024-01-20 09:56:01,3.78,2.13
2024-01-20 09:58:28,3.58,2.42
2024-01-20 10:00:55,3.03,2.15
2024-01-20 10:03:23,3.08,1.9
2024-01-20 10:05:51,3.35,2.28
2024-01-20 10:08:22,5.1,2.95
2024-01-20 10:10:47,5.45,2.58
2024-01-20 10:13:13,6.43,2.8
2024-01-20 10:15:39,4.9,2.8
2024-01-20 10:18:08,3.55,2.0
2024-01-20 10:20:35,5.4,2.4
2024-01-20 10:23:02,4.18,2.2
2024-01-20 10:25:30,4.82,2.25
2024-01-20 10:27:56,3.58,2.13
2024-01-20 10:30:22,3.55,2.5
2024-01-20 10:32:51,3.78,2.58
2024-01-20 10:35:18,3.47,2.2
2024-01-20 10:37:44,3.42,2.7
2024-01-20 10:40:11,3.08,2.13
2024-01-20 10:42:45,5.13,2.72
2024-01-20 10:45:16,3.33,2.5
2024-01-20 10:47:52,3.97,2.5
2024-01-20 10:50:23,4.1,2.25
2024-01-20 10:52:50,4.03,1.7
2024-01-20 10:55:16,3.83,2.22
2024-01-20 10:57:43,4.13,2.5
2024-01-20 11:00:13,2.5,2.17
2024-01-20 11:02:40,3.2,2.25
2024-01-20 11:05:20,3.6,2.35
2024-01-20 11:10:41,4.15,2.83
2024-01-20 11:13:10,5.43,2.97
2024-01-20 11:15:38,23.8,14.23
2024-01-20 11:18:15,5.18,3.13
2024-01-20 11:20:52,4.07,2.45
2024-01-20 11:23:18,4.0,2.7
2024-01-20 11:25:44,5.05,2.97
2024-01-20 11:28:10,4.97,3.17
2024-01-20 11:30:35,5.13,3.22
2024-01-20 11:33:01,8.18,2.97
2024-01-20 11:35:28,5.5,3.42
2024-01-20 11:37:54,5.68,3.67
2024-01-20 11:40:23,5.3,3.13
2024-01-20 11:42:49,7.43,2.9
2024-01-20 11:45:15,4.82,3.4
2024-01-20 11:47:42,4.95,2.92
2024-01-20 11:50:08,5.22,3.13
2024-01-20 11:52:34,5.25,3.2
2024-01-20 11:55:00,6.57,3.35
2024-01-20 11:57:27,6.53,3.28
2024-01-20 11:59:55,5.82,3.38
2024-01-20 12:02:23,6.38,3.63
2024-01-20 12:04:49,6.97,3.42
2024-01-20 12:07:15,7.57,3.97
2024-01-20 12:09:45,5.25,3.65
2024-01-20 12:12:11,7.47,3.8
2024-01-20 12:14:41,9.73,3.8
2024-01-20 12:17:08,6.75,4.38
2024-01-20 12:19:35,5.82,3.67
2024-01-20 12:22:05,7.47,4.0
2024-01-20 12:24:37,6.43,4.38
2024-01-20 12:27:05,8.52,4.25
2024-01-20 12:29:31,6.75,3.9
2024-01-20 12:31:58,6.75,4.2
2024-01-20 12:34:24,6.53,4.2
2024-01-20 12:36:54,6.9,4.2
2024-01-20 12:39:21,6.32,4.13
2024-01-20 12:41:50,8.05,4.0
2024-01-20 12:44:17,6.47,4.45
2024-01-20 12:46:47,8.52,4.5
2024-01-20 12:49:13,7.6,4.7
2024-01-20 12:51:39,7.38,4.5
2024-01-20 12:54:05,7.38,4.47
2024-01-20 12:56:32,9.05,5.2
2024-01-20 12:58:58,5.97,4.22
2024-01-20 13:01:24,6.95,4.3
2024-01-20 13:03:53,4.53,3.38
2024-01-20 13:06:19,6.3,4.28
2024-01-20 13:08:46,6.47,4.4
2024-01-20 13:11:12,7.68,3.97
2024-01-20 13:13:38,7.93,4.3
2024-01-20 13:16:05,6.4,3.6
2024-01-20 13:18:31,6.15,4.4
2024-01-20 13:21:00,6.2,4.2
2024-01-20 13:23:26,6.38,4.2
2024-01-20 13:25:52,5.55,3.97
2024-01-20 13:28:19,6.95,4.25
2024-01-20 13:30:46,6.47,4.43
2024-01-20 13:33:11,5.2,3.58
2024-01-20 13:35:37,4.97,3.67
2024-01-20 13:38:03,6.25,4.43
2024-01-20 13:40:29,7.28,4.1
2024-01-20 13:42:54,9.88,4.68
2024-01-20 13:45:20,6.2,4.13
2024-01-20 13:47:46,6.55,4.5
2024-01-20 13:50:12,6.9,4.38
2024-01-20 13:52:37,7.32,4.47
2024-01-20 13:55:04,6.13,3.83
2024-01-20 13:57:30,8.4,4.43
2024-01-20 13:59:56,5.75,4.1
2024-01-20 14:02:22,6.18,3.85
2024-01-20 14:04:48,6.7,4.1
2024-01-20 14:07:14,6.9,4.57
2024-01-20 14:09:40,7.78,4.7
2024-01-20 14:12:06,5.53,3.9
2024-01-20 14:14:32,6.82,4.32
2024-01-20 14:16:59,6.3,4.18
2024-01-20 14:19:25,7.47,4.38
2024-01-20 14:21:52,7.55,4.72
2024-01-20 14:24:18,7.3,4.57
2024-01-20 14:26:44,6.75,4.25
2024-01-20 14:29:10,7.53,4.6
2024-01-20 14:31:46,6.5,4.35
2024-01-20 14:34:13,8.1,4.9
2024-01-20 14:36:43,5.82,4.15
2024-01-20 14:39:10,7.53,4.8
2024-01-20 14:41:38,5.95,4.28
2024-01-20 14:44:04,6.0,4.28
2024-01-20 14:46:30,12.02,5.3
2024-01-20 14:48:58,6.35,4.05
2024-01-20 14:51:26,6.28,4.25
2024-01-20 14:53:52,6.8,4.43
2024-01-20 14:56:18,7.63,4.43
2024-01-20 14:58:44,6.2,4.2
2024-01-20 15:01:10,7.5,4.55
2024-01-20 15:03:36,6.9,4.63
2024-01-20 15:06:02,7.28,4.4
2024-01-20 15:08:30,8.4,4.55
2024-01-20 15:10:55,7.18,4.1
2024-01-20 15:13:21,5.65,3.78
2024-01-20 15:15:47,4.72,3.38
2024-01-20 15:18:13,6.43,3.47
2024-01-20 15:20:38,5.47,3.83
2024-01-20 15:23:05,7.1,4.22
2024-01-20 15:25:31,9.3,4.97
2024-01-20 15:27:57,9.07,4.0
2024-01-20 15:30:22,6.57,4.18
2024-01-20 15:32:48,7.43,3.97
2024-01-20 15:35:14,6.25,4.05
2024-01-20 15:37:40,5.32,3.95
2024-01-20 15:40:06,5.28,4.18
2024-01-20 15:42:32,7.1,4.03
2024-01-20 15:44:58,6.43,4.05
2024-01-20 15:47:23,6.2,4.0
2024-01-20 15:49:49,5.9,4.18
2024-01-20 15:52:15,5.3,4.18
2024-01-20 15:54:41,6.28,4.25
2024-01-20 15:57:06,5.82,4.15
2024-01-20 15:59:34,7.55,4.8
2024-01-20 16:01:59,8.48,5.18
2024-01-20 16:04:25,5.97,4.13
2024-01-20 16:06:51,5.55,3.85
2024-01-20 16:09:17,5.82,3.9
2024-01-20 16:11:44,5.75,3.45
2024-01-20 16:14:15,6.43,3.45
2024-01-20 16:16:48,5.95,3.75
2024-01-20 16:19:14,9.15,5.5
2024-01-20 16:21:40,7.55,4.43
2024-01-20 16:24:06,5.9,4.05
2024-01-20 16:26:31,5.28,3.7
2024-01-20 16:28:57,10.32,4.68
2024-01-20 16:31:23,6.63,4.03
2024-01-20 16:33:49,6.03,3.88
2024-01-20 16:36:14,6.78,4.43
2024-01-20 16:38:46,7.25,4.05
2024-01-20 16:41:12,6.5,3.88
2024-01-20 16:43:38,8.6,4.97
2024-01-20 16:46:04,6.05,4.13
2024-01-20 16:48:30,7.75,4.4
2024-01-20 16:50:56,7.18,4.85
2024-01-20 16:53:25,6.53,4.05
2024-01-20 16:55:51,8.13,4.4
2024-01-20 16:58:17,6.38,4.18
2024-01-20 17:00:43,6.15,4.4
2024-01-20 17:03:08,6.53,4.65
2024-01-20 17:05:35,7.4,4.97
2024-01-20 17:08:01,7.93,4.65
2024-01-20 17:10:27,6.63,4.22
2024-01-20 17:12:54,8.65,5.8
2024-01-20 17:15:20,6.47,4.8
2024-01-20 17:17:47,8.2,5.07
2024-01-20 17:20:14,7.78,5.28
2024-01-20 17:22:40,6.3,4.68
2024-01-20 17:25:09,10.0,5.13
2024-01-20 17:27:36,7.65,4.82
2024-01-20 17:30:03,8.7,4.93
2024-01-20 17:32:30,7.22,5.95
2024-01-20 17:34:56,9.55,6.6
2024-01-20 17:37:22,11.95,6.1
2024-01-20 17:39:49,9.65,6.18
2024-01-20 17:42:15,9.63,6.22
2024-01-20 17:44:40,8.13,5.22
2024-01-20 17:47:06,7.78,5.18
2024-01-20 17:49:32,8.8,6.63
2024-01-20 17:51:58,9.45,6.13
2024-01-20 17:54:24,8.73,5.32
2024-01-20 17:56:54,8.77,5.63
2024-01-20 17:59:20,10.38,5.85
2024-01-20 18:01:45,8.1,4.95
2024-01-20 18:04:11,8.52,5.95
2024-01-20 18:06:37,9.6,5.95
2024-01-20 18:09:02,9.95,6.13
2024-01-20 18:11:29,9.1,6.35
2024-01-20 18:13:54,8.52,5.65
2024-01-20 18:16:20,8.8,5.97
2024-01-20 18:18:46,9.77,5.5
2024-01-20 18:21:12,11.25,6.18
2024-01-20 18:23:39,8.55,5.68
2024-01-20 18:26:05,9.82,5.95
2024-01-20 18:28:30,11.0,6.47
2024-01-20 18:30:56,7.47,5.53
2024-01-20 18:33:22,9.7,5.13
2024-01-20 18:35:49,10.4,6.57
2024-01-20 18:38:15,7.03,5.05
2024-01-20 18:40:41,8.8,5.68
2024-01-20 18:43:07,10.1,6.15
2024-01-20 18:45:33,11.55,6.8
2024-01-20 18:47:58,10.45,6.28
2024-01-20 18:50:24,8.43,5.85
2024-01-20 18:52:51,10.23,6.7
2024-01-20 18:55:17,9.6,6.35
2024-01-20 18:57:43,8.13,5.85
2024-01-20 19:00:08,11.23,6.95
2024-01-20 19:02:35,7.5,5.47
2024-01-20 19:05:00,7.93,5.8
2024-01-20 19:07:26,9.55,6.03
2024-01-20 19:09:52,9.2,6.32
2024-01-20 19:12:18,8.45,6.25
2024-01-20 19:14:43,9.18,6.57
2024-01-20 19:17:11,10.73,6.57
2024-01-20 19:19:39,11.18,6.78
2024-01-20 19:22:05,10.48,7.15
2024-01-20 19:24:31,9.93,6.7
2024-01-20 19:26:57,10.38,6.8
2024-01-20 19:29:24,10.82,7.32
2024-01-20 19:31:50,11.9,7.63
2024-01-20 19:34:17,15.85,8.15
2024-01-20 19:36:46,10.43,7.25
2024-01-20 19:39:12,11.2,7.47
2024-01-20 19:41:38,11.57,6.97
2024-01-20 19:44:04,9.95,6.6
2024-01-20 19:46:30,9.7,6.63
2024-01-20 19:48:56,12.0,7.13
2024-01-20 19:51:22,10.02,6.28
2024-01-20 19:53:49,9.4,6.8
2024-01-20 19:56:14,12.05,7.68
2024-01-20 19:58:40,10.2,6.75
2024-01-20 20:01:06,10.88,6.97
2024-01-20 20:03:32,7.75,5.88
2024-01-20 20:05:58,10.07,7.15
2024-01-20 20:08:24,9.93,6.93
2024-01-20 20:10:50,9.9,6.07
2024-01-20 20:13:18,10.77,6.65
2024-01-20 20:15:45,14.32,7.38
2024-01-20 20:18:11,11.95,8.13
2024-01-20 20:20:37,12.13,7.4
2024-01-20 20:23:03,11.65,7.47
2024-01-20 20:25:29,11.1,7.78
2024-01-20 20:27:55,12.2,7.68
2024-01-20 20:30:21,8.95,6.72
2024-01-20 20:32:47,11.95,7.18
2024-01-20 20:35:13,11.52,7.53
2024-01-20 20:37:39,11.5,7.63
2024-01-20 20:40:06,10.9,7.3
2024-01-20 20:42:33,11.23,7.78
2024-01-20 20:44:59,10.93,7.32
2024-01-20 20:47:24,11.6,7.55
2024-01-20 20:49:50,12.18,7.63
2024-01-20 20:52:17,12.6,8.45
2024-01-20 20:54:42,11.75,8.07
2024-01-20 20:57:08,13.23,9.0
2024-01-20 20:59:34,11.4,7.35
2024-01-20 21:02:04,11.68,8.32
2024-01-20 21:04:32,13.38,8.13
2024-01-20 21:06:57,14.45,8.6
2024-01-20 21:09:25,12.27,7.82
2024-01-20 21:11:51,12.9,8.27
2024-01-20 21:14:17,13.15,8.48
2024-01-20 21:16:42,11.57,7.65
2024-01-20 21:19:08,12.27,8.38
2024-01-20 21:21:34,13.7,8.25
2024-01-20 21:24:00,15.45,8.45
2024-01-20 21:26:27,16.2,9.38
2024-01-20 21:28:54,16.55,9.57
2024-01-20 21:31:20,10.9,7.82
2024-01-20 21:33:46,13.48,8.9
2024-01-20 21:36:12,12.13,7.45
2024-01-20 21:38:38,14.15,9.0
2024-01-20 21:41:04,14.05,8.77
2024-01-20 21:43:30,11.13,7.03
2024-01-20 21:45:56,12.95,7.95
2024-01-20 21:48:23,12.52,7.85
2024-01-20 21:50:49,11.95,8.52
2024-01-20 21:53:15,12.3,7.5
2024-01-20 21:55:41,9.38,6.9
2024-01-20 21:58:06,12.15,7.63
2024-01-20 22:00:32,10.55,7.28
2024-01-20 22:02:58,10.93,7.4
2024-01-20 22:05:24,12.5,7.4
2024-01-20 22:07:51,10.7,7.22
2024-01-20 22:10:23,10.6,6.75
2024-01-20 22:12:50,12.2,7.38
2024-01-20 22:15:15,8.82,6.0
2024-01-20 22:17:42,11.27,7.53
2024-01-20 22:20:08,10.07,6.22
2024-01-20 22:22:34,10.82,6.7
2024-01-20 22:25:00,10.2,7.28
2024-01-20 22:27:26,7.75,5.5
2024-01-20 22:29:52,11.25,6.5
2024-01-20 22:32:18,9.4,6.22
2024-01-20 22:34:44,9.9,7.4
2024-01-20 22:37:10,11.02,6.55
2024-01-20 22:39:37,10.73,6.43
2024-01-20 22:42:02,17.55,10.0
2024-01-20 22:44:28,10.6,6.72
2024-01-20 22:46:54,10.48,7.35
2024-01-20 22:49:20,8.2,6.28
2024-01-20 22:51:46,10.32,6.5
2024-01-20 22:54:12,10.05,7.28
2024-01-20 22:56:39,10.85,7.05
2024-01-20 22:59:05,9.1,6.82
2024-01-20 23:01:32,12.35,8.45
2024-01-20 23:03:58,9.88,7.0
2024-01-20 23:06:24,10.05,6.53
2024-01-20 23:08:49,11.55,7.28
2024-01-20 23:11:16,9.95,6.88
2024-01-20 23:13:43,9.98,7.0
2024-01-20 23:16:08,8.73,5.93
2024-01-20 23:18:35,9.8,5.5
2024-01-20 23:21:00,11.43,6.13
2024-01-20 23:23:26,8.18,5.88
2024-01-20 23:25:52,8.98,6.3
2024-01-20 23:28:18,10.1,6.88
2024-01-20 23:30:44,10.15,7.28
2024-01-20 23:33:10,10.7,7.55
2024-01-20 23:35:35,11.77,7.25
2024-01-20 23:38:02,10.85,7.13
2024-01-20 23:40:28,10.6,7.0
2024-01-20 23:42:54,9.77,6.57
2024-01-20 23:45:19,8.38,5.97
2024-01-20 23:47:45,10.38,6.78
2024-01-20 23:50:11,9.3,6.5
2024-01-20 23:52:38,8.85,6.57
2024-01-20 23:55:03,9.75,6.85
2024-01-20 23:57:30,10.35,6.45
2024-01-20 23:59:55,8.68,6.18
2024-01-21 00:02:21,11.02,6.93
2024-01-21 00:04:47,8.88,5.82
2024-01-21 00:07:13,9.05,6.1
2024-01-21 00:09:39,9.6,6.1
2024-01-21 00:12:05,9.13,5.72
2024-01-21 00:14:31,10.05,6.68
2024-01-21 00:16:56,7.07,5.2
2024-01-21 00:19:22,6.88,5.47
2024-01-21 00:21:48,10.65,6.95
2024-01-21 00:24:13,8.52,6.2
2024-01-21 00:26:39,9.65,5.82
2024-01-21 00:29:05,9.5,5.97
2024-01-21 00:31:31,6.47,5.2
2024-01-21 00:33:56,7.1,5.6
2024-01-21 00:36:22,9.23,6.07
2024-01-21 00:38:48,9.15,5.72
2024-01-21 00:41:14,8.82,5.53
2024-01-21 00:43:40,8.07,5.82
2024-01-21 00:46:06,7.85,5.75
2024-01-21 00:48:32,8.85,5.63
2024-01-21 00:50:59,7.9,5.95
2024-01-21 00:53:25,7.18,5.22
2024-01-21 00:55:51,6.78,4.63
2024-01-21 00:58:17,7.05,4.8
2024-01-21 01:00:43,8.2,5.55
2024-01-21 01:03:09,6.5,5.07
2024-01-21 01:05:35,7.5,5.28
2024-01-21 01:08:00,7.75,5.15
2024-01-21 01:10:26,6.18,4.9
2024-01-21 01:12:52,7.07,5.63
2024-01-21 01:15:18,6.3,4.03
2024-01-21 01:17:44,8.65,5.85
2024-01-21 01:20:12,7.63,5.1
2024-01-21 01:22:38,6.78,4.78
2024-01-21 01:25:04,7.22,4.95
2024-01-21 01:27:30,6.47,4.55
2024-01-21 01:29:56,6.45,4.63
2024-01-21 01:32:21,6.38,4.88
2024-01-21 01:34:47,9.8,5.38
2024-01-21 01:37:14,8.48,5.9
2024-01-21 01:39:40,7.35,5.15
2024-01-21 01:42:06,8.05,4.32
2024-01-21 01:44:32,5.18,4.13
2024-01-21 01:46:58,6.28,4.45
2024-01-21 01:49:24,6.85,4.93
2024-01-21 01:51:51,7.65,5.3
2024-01-21 01:54:19,7.78,5.3
2024-01-21 01:56:48,11.32,7.35
2024-01-21 01:59:14,10.0,7.57
2024-01-21 02:01:43,11.82,7.82
2024-01-21 02:04:09,8.68,6.25
2024-01-21 02:06:37,14.3,8.7
2024-01-21 02:09:03,9.73,6.45
2024-01-21 02:11:30,11.38,7.57
2024-01-21 02:13:56,11.98,6.9
2024-01-21 02:16:22,13.02,7.47
2024-01-21 02:18:47,11.3,7.32
2024-01-21 02:21:15,10.43,7.18
2024-01-21 02:23:44,16.38,8.93
2024-01-21 02:26:10,11.8,7.78
2024-01-21 02:28:36,16.7,9.48
2024-01-21 02:31:02,14.75,8.55
2024-01-21 02:33:27,10.57,7.15
2024-01-21 02:35:53,15.5,8.32
2024-01-21 02:38:19,15.6,9.07
2024-01-21 02:40:44,19.17,11.15
2024-01-21 02:43:10,15.68,9.25
2024-01-21 02:45:36,13.65,8.23
2024-01-21 02:48:02,9.38,6.47
2024-01-21 02:50:28,11.43,7.03
2024-01-21 02:52:53,8.6,5.8
2024-01-21 02:55:19,6.72,5.15
2024-01-21 02:57:45,7.63,4.75
2024-01-21 03:00:10,7.32,4.85
2024-01-21 03:02:37,7.97,4.95
2024-01-21 03:05:02,7.4,5.15
2024-01-21 03:07:28,6.78,4.75
2024-01-21 03:09:54,5.63,4.25
2024-01-21 03:12:20,5.43,4.07
2024-01-21 03:14:45,6.97,4.55
2024-01-21 03:17:11,6.72,5.07
2024-01-21 03:19:37,6.35,4.6
2024-01-21 03:22:03,6.55,5.03
2024-01-21 03:24:30,7.6,4.45
2024-01-21 03:26:56,6.93,4.57
2024-01-21 03:29:21,6.47,4.47
2024-01-21 03:31:48,5.32,4.22
2024-01-21 03:34:14,5.65,4.0
2024-01-21 03:36:39,7.13,4.25
2024-01-21 03:39:05,5.82,4.38
2024-01-21 03:41:31,6.0,4.13
2024-01-21 03:43:56,6.3,4.65
2024-01-21 03:46:23,6.47,4.55
2024-01-21 03:48:49,5.63,4.45
2024-01-21 03:51:14,5.82,4.45
2024-01-21 03:53:40,6.0,4.3
2024-01-21 03:56:07,7.8,4.32
2024-01-21 03:58:33,6.35,4.43
2024-01-21 04:00:59,6.7,4.45
2024-01-21 04:03:26,4.35,3.78
2024-01-21 04:05:52,6.78,4.25
2024-01-21 04:08:18,5.3,4.05
2024-01-21 04:10:43,4.05,3.42
2024-01-21 04:13:09,5.65,3.9
2024-01-21 04:15:35,7.3,4.18
2024-01-21 04:18:00,5.22,4.0
2024-01-21 04:20:26,6.28,4.47
2024-01-21 04:22:52,6.25,4.13
2024-01-21 04:25:18,6.95,4.07
2024-01-21 04:27:43,4.43,3.88
2024-01-21 04:30:09,6.4,4.05
2024-01-21 04:32:35,5.8,3.95
2024-01-21 04:35:01,5.68,4.0
2024-01-21 04:37:27,5.93,4.28
2024-01-21 04:39:52,5.57,4.05
2024-01-21 04:42:18,4.97,3.9
2024-01-21 04:44:44,4.9,3.72
2024-01-21 04:47:10,5.9,4.0
2024-01-21 04:49:35,5.53,4.1
2024-01-21 04:52:01,5.4,3.88
2024-01-21 04:54:27,5.55,4.03
2024-01-21 04:56:53,7.22,4.3
2024-01-21 04:59:19,5.35,3.8
2024-01-21 05:01:48,6.5,3.7
2024-01-21 05:04:14,5.47,4.05
2024-01-21 05:06:40,6.43,4.5
2024-01-21 05:09:06,5.63,4.03
2024-01-21 05:11:31,6.28,4.3
2024-01-21 05:13:57,5.07,3.65
2024-01-21 05:16:23,4.93,3.78
2024-01-21 05:18:49,5.63,3.9
2024-01-21 05:21:18,5.28,4.05
2024-01-21 05:23:47,5.28,3.72
2024-01-21 05:26:14,6.78,4.55
2024-01-21 05:28:40,6.55,4.1
2024-01-21 05:31:06,5.3,3.65
2024-01-21 05:33:31,5.53,3.92
2024-01-21 05:35:57,5.65,3.85
2024-01-21 05:38:23,5.97,3.85
2024-01-21 05:40:49,5.57,4.13
2024-01-21 05:43:14,6.65,4.57
2024-01-21 05:45:40,6.3,4.35
2024-01-21 05:48:06,7.03,4.22
2024-01-21 05:50:32,6.38,4.32
2024-01-21 05:52:58,5.63,4.45
2024-01-21 05:55:24,6.85,4.15
2024-01-21 05:57:49,6.25,4.35
2024-01-21 06:00:16,5.25,4.1
2024-01-21 06:02:42,6.1,3.88
2024-01-21 06:05:09,5.78,4.4
2024-01-21 06:07:35,4.5,3.4
2024-01-21 06:10:01,5.4,4.07
2024-01-21 06:12:27,5.7,3.97
2024-01-21 06:14:53,5.35,3.9
2024-01-21 06:17:18,4.8,3.72
2024-01-21 06:19:44,6.28,3.92
2024-01-21 06:22:10,6.05,3.88
2024-01-21 06:24:36,4.03,3.63
2024-01-21 06:27:02,6.35,4.32
2024-01-21 06:29:28,5.97,4.03
2024-01-21 06:31:54,5.45,3.78
2024-01-21 06:34:21,6.32,4.1
2024-01-21 06:36:46,4.93,4.05
2024-01-21 06:39:12,6.7,4.22
2024-01-21 06:41:38,5.4,3.88
2024-01-21 06:44:03,4.97,3.95
2024-01-21 06:46:29,6.93,4.1
2024-01-21 06:48:55,6.32,4.28
2024-01-21 06:51:21,6.22,4.35
2024-01-21 06:53:57,5.75,3.8
2024-01-21 06:56:28,6.63,3.88
2024-01-21 06:58:54,5.22,3.85
2024-01-21 07:01:20,5.85,4.22
2024-01-21 07:03:45,5.22,3.83
2024-01-21 07:06:11,5.35,4.0
2024-01-21 07:08:37,6.43,4.6
2024-01-21 07:11:09,5.85,4.15
2024-01-21 07:13:35,5.18,4.05
2024-01-21 07:16:02,6.35,4.2
2024-01-21 07:18:28,7.22,4.15
2024-01-21 07:20:53,6.85,4.6
2024-01-21 07:23:19,9.0,4.25
2024-01-21 07:25:48,6.68,4.28
2024-01-21 07:28:14,5.8,4.1
2024-01-21 07:30:43,4.93,4.0
2024-01-21 07:33:09,5.43,3.7
2024-01-21 07:35:36,4.88,3.9
2024-01-21 07:38:02,5.05,3.72
2024-01-21 07:40:27,5.63,3.92
2024-01-21 07:42:53,6.32,3.97
2024-01-21 07:45:19,4.95,3.8
2024-01-21 07:47:45,5.03,4.13
2024-01-21 07:50:11,5.88,3.9
2024-01-21 07:52:37,4.32,3.42
2024-01-21 07:55:02,5.13,4.25
2024-01-21 07:57:29,6.15,3.95
2024-01-21 07:59:54,4.9,3.58
2024-01-21 08:02:20,5.4,3.88
2024-01-21 08:04:51,6.45,4.55
2024-01-21 08:07:17,5.32,3.92
2024-01-21 08:09:43,5.1,3.75
2024-01-21 08:12:08,4.53,3.4
2024-01-21 08:14:34,5.47,3.65
2024-01-21 08:17:00,7.0,4.38
2024-01-21 08:19:25,6.45,4.2
2024-01-21 08:21:51,4.75,3.8
2024-01-21 08:24:17,5.53,3.72
2024-01-21 08:26:42,4.65,3.4
2024-01-21 08:29:08,4.45,3.6
2024-01-21 08:31:40,4.8,3.92
2024-01-21 08:34:09,5.47,4.32
2024-01-21 08:36:35,6.05,3.83
2024-01-21 08:39:03,6.43,3.25
2024-01-21 08:41:34,6.2,4.43
2024-01-21 08:44:03,4.45,3.47
2024-01-21 08:46:29,5.97,4.07
2024-01-21 08:48:55,6.35,4.15
2024-01-21 08:51:22,5.05,3.95
2024-01-21 08:53:47,5.25,4.25
2024-01-21 08:56:20,8.13,4.3
2024-01-21 08:58:48,5.45,3.72
2024-01-21 09:01:15,6.9,4.47
2024-01-21 09:03:41,5.5,4.2
2024-01-21 09:06:06,6.32,4.6
2024-01-21 09:08:33,5.18,3.85
2024-01-21 09:10:59,5.72,3.92
2024-01-21 09:13:25,5.32,4.32
2024-01-21 09:15:51,5.32,4.45
2024-01-21 09:18:17,6.22,4.93
2024-01-21 09:20:42,12.32,9.27
2024-01-21 09:23:08,10.55,6.18
2024-01-21 09:25:34,7.78,5.05
2024-01-21 09:27:59,11.5,6.6
2024-01-21 09:30:25,9.18,6.57
2024-01-21 09:32:51,5.6,4.5
2024-01-21 09:35:17,6.43,4.4
2024-01-21 09:37:42,6.32,4.5
2024-01-21 09:40:08,5.75,4.35
2024-01-21 09:42:35,7.13,4.75
2024-01-21 09:45:01,6.47,4.65
2024-01-21 09:47:27,7.3,5.0
2024-01-21 09:49:53,5.88,4.68
2024-01-21 09:52:20,6.43,4.18
2024-01-21 09:54:48,5.9,4.05
2024-01-21 09:57:15,5.6,4.88
2024-01-21 09:59:41,6.63,4.57
2024-01-21 10:02:11,6.03,4.5
2024-01-21 10:04:43,5.43,4.25
2024-01-21 10:07:10,5.8,4.15
2024-01-21 10:09:37,5.2,4.22
2024-01-21 10:12:03,5.4,4.22
2024-01-21 10:14:32,4.9,3.78
2024-01-21 10:16:58,5.78,4.72
2024-01-21 10:19:29,6.55,4.8
2024-01-21 10:24:31,4.93,4.32
2024-01-21 10:26:57,6.28,4.47
2024-01-21 10:29:23,6.25,4.88
2024-01-21 10:31:48,7.07,4.35
2024-01-21 10:34:15,5.18,4.1
2024-01-21 10:36:40,6.28,4.7
2024-01-21 10:39:08,7.28,4.95
2024-01-21 10:41:43,7.05,4.9
2024-01-21 10:44:09,5.53,4.22
2024-01-21 10:46:36,6.32,4.88
2024-01-21 10:49:03,6.15,4.82
2024-01-21 10:51:29,4.97,4.03
2024-01-21 10:53:56,7.13,4.85
2024-01-21 10:56:24,6.8,5.35
2024-01-21 10:58:51,8.65,5.68
2024-01-21 11:01:17,6.28,5.0
2024-01-21 11:03:46,5.93,4.82
2024-01-21 11:06:14,5.6,4.9
2024-01-21 11:08:41,15.15,8.05
2024-01-21 11:13:54,25.6,16.2
2024-01-21 11:18:58,6.2,5.07
2024-01-21 11:21:37,6.47,5.22
2024-01-21 11:24:09,7.3,4.93
2024-01-21 11:26:39,5.9,4.7
2024-01-21 11:32:05,5.78,5.03
2024-01-21 11:34:34,7.8,4.85
2024-01-21 11:37:07,6.13,4.45
2024-01-21 11:39:35,7.53,5.8
2024-01-21 11:42:01,7.45,5.93
2024-01-21 11:44:28,6.45,5.0
2024-01-21 11:46:57,8.35,5.3
2024-01-21 11:49:25,5.85,4.57
2024-01-21 11:51:51,6.03,4.6
2024-01-21 11:54:17,6.95,5.25
2024-01-21 11:56:46,7.1,5.22
2024-01-21 11:59:12,6.32,5.38
2024-01-21 12:01:39,5.3,4.45
2024-01-21 12:04:06,6.38,4.88
2024-01-21 12:06:43,6.47,5.07
2024-01-21 12:09:11,6.22,5.18
2024-01-21 12:11:37,7.05,5.07
2024-01-21 12:14:05,7.97,5.82
2024-01-21 12:16:33,8.13,5.65
2024-01-21 12:18:59,6.63,4.85
2024-01-21 12:21:26,7.47,5.63
2024-01-21 12:23:53,7.05,5.07
2024-01-21 12:26:21,7.7,4.75
2024-01-21 12:29:03,6.45,4.8
2024-01-21 12:31:30,7.0,5.13
2024-01-21 12:33:57,6.57,5.0
2024-01-21 12:36:24,8.98,5.8
2024-01-21 12:38:49,7.9,5.8
2024-01-21 12:41:16,7.03,5.6
2024-01-21 12:43:42,9.3,5.78
2024-01-21 12:46:09,10.6,6.07
2024-01-21 12:48:35,8.57,6.78
2024-01-21 12:51:01,9.5,6.78
2024-01-21 12:53:27,8.32,6.07
2024-01-21 12:55:53,7.4,5.47
2024-01-21 12:58:19,7.18,5.53
2024-01-21 13:00:47,8.0,5.5
2024-01-21 13:03:14,7.0,5.22
2024-01-21 13:05:40,8.82,6.1
2024-01-21 13:08:10,7.88,5.85
2024-01-21 13:10:37,8.25,5.65
2024-01-21 13:13:06,7.28,5.55
2024-01-21 13:15:32,8.68,6.1
2024-01-21 13:17:57,8.6,6.0
2024-01-21 13:20:24,9.1,6.03
2024-01-21 13:22:50,9.27,6.4
2024-01-21 13:25:16,8.77,5.78
2024-01-21 13:27:45,7.68,5.5
2024-01-21 13:30:20,7.75,6.03
2024-01-21 13:33:05,8.93,5.88
2024-01-21 13:35:34,7.65,6.05
2024-01-21 13:38:00,7.85,5.85
2024-01-21 13:40:26,8.65,6.05
2024-01-21 13:42:53,10.05,6.28
2024-01-21 13:45:19,7.72,6.1
2024-01-21 13:47:45,8.9,6.35
2024-01-21 13:50:11,12.32,7.85
2024-01-21 13:52:37,10.48,7.25
2024-01-21 13:55:04,10.75,7.3
2024-01-21 13:57:36,10.63,6.97
2024-01-21 14:00:01,8.95,7.05
2024-01-21 14:02:28,8.63,6.6
2024-01-21 14:04:53,9.95,6.85
2024-01-21 14:07:19,11.68,7.75
2024-01-21 14:09:45,12.4,8.43
2024-01-21 14:12:11,11.73,7.8
2024-01-21 14:14:37,9.45,6.8
2024-01-21 14:17:04,11.63,7.55
2024-01-21 14:19:30,9.93,6.8
2024-01-21 14:21:56,10.18,7.22
2024-01-21 14:24:25,10.6,7.1
2024-01-21 14:26:52,10.23,7.7
2024-01-21 14:29:21,13.38,8.98
2024-01-21 14:31:52,11.2,7.88
2024-01-21 14:34:18,12.13,7.22
2024-01-21 14:36:44,12.1,8.1
2024-01-21 14:39:10,14.02,8.82
2024-01-21 14:41:36,14.68,7.7
2024-01-21 14:44:02,13.05,8.9
2024-01-21 14:46:28,12.9,8.52
2024-01-21 14:48:54,12.1,8.1
2024-01-21 14:51:20,11.65,8.55
2024-01-21 14:53:46,12.88,8.73
2024-01-21 14:56:12,13.82,8.32
2024-01-21 14:58:38,13.23,8.18
2024-01-21 15:01:04,14.75,8.23
2024-01-21 15:03:30,14.75,8.35
2024-01-21 15:05:56,13.6,8.3
2024-01-21 15:08:22,12.0,8.4
2024-01-21 15:10:48,14.77,9.5
2024-01-21 15:13:18,14.07,9.98
2024-01-21 15:15:50,18.4,10.52
2024-01-21 15:18:16,21.02,12.77
2024-01-21 15:20:42,15.85,11.25
2024-01-21 15:23:08,16.6,10.27
2024-01-21 15:25:34,15.27,9.02
2024-01-21 15:28:00,11.43,8.4
2024-01-21 15:30:25,12.88,8.73
2024-01-21 15:32:52,13.1,8.3
2024-01-21 15:35:19,14.38,8.82
2024-01-21 15:37:45,11.77,7.97
2024-01-21 15:40:11,12.05,8.2
2024-01-21 15:42:37,12.35,7.8
2024-01-21 15:45:04,13.95,8.0
2024-01-21 15:47:38,11.65,8.07
2024-01-21 15:50:05,12.5,8.77
2024-01-21 15:52:32,14.1,9.0
2024-01-21 15:55:02,12.15,8.1
2024-01-21 15:57:28,13.1,8.57
2024-01-21 15:59:54,13.9,8.73
2024-01-21 16:02:21,14.55,9.57
2024-01-21 16:04:47,13.18,8.9
2024-01-21 16:07:12,14.6,9.35
2024-01-21 16:09:42,12.73,9.13
2024-01-21 16:12:07,13.02,9.63
2024-01-21 16:14:33,13.07,8.88
2024-01-21 16:16:59,13.7,9.07
2024-01-21 16:19:26,13.15,9.15
2024-01-21 16:21:51,13.88,9.0
2024-01-21 16:24:18,15.65,9.35
2024-01-21 16:26:44,22.8,14.82
2024-01-21 16:29:10,30.77,19.8
2024-01-21 16:31:36,35.13,22.42
2024-01-21 16:34:02,34.92,21.85
2024-01-21 16:36:28,31.2,21.25
2024-01-21 16:38:54,42.35,26.1
2024-01-21 16:41:20,34.1,22.95
2024-01-21 16:43:47,25.98,16.27
2024-01-21 16:46:13,32.1,17.1
2024-01-21 16:48:38,26.63,16.02
2024-01-21 16:51:07,45.92,28.55
2024-01-21 16:53:35,33.55,22.45
2024-01-21 16:56:01,54.17,32.67
2024-01-21 16:58:27,41.78,27.0
2024-01-21 17:00:55,42.38,26.0
2024-01-21 17:03:24,28.02,20.42
2024-01-21 17:05:51,33.05,19.98
2024-01-21 17:08:17,23.15,15.38
2024-01-21 17:11:02,25.73,15.57
2024-01-21 17:13:30,35.78,19.05
2024-01-21 17:15:56,27.88,17.1
2024-01-21 17:20:48,50.75,29.58
2024-01-21 17:23:15,56.75,35.35
2024-01-21 17:25:41,63.67,37.78
2024-01-21 17:28:07,74.2,43.75
2024-01-21 17:30:33,80.15,47.05
2024-01-21 17:32:59,117.88,67.1
2024-01-21 17:35:25,114.75,65.15
2024-01-21 17:37:50,162.35,90.53
2024-01-21 17:40:17,125.93,75.82
2024-01-21 17:42:44,75.05,47.35
2024-01-21 17:45:10,48.45,29.27
2024-01-21 17:47:36,45.63,27.45
2024-01-21 17:50:03,46.67,28.63
2024-01-21 17:52:33,49.55,30.9
2024-01-21 17:54:59,62.2,38.28
2024-01-21 17:57:25,64.1,39.28
2024-01-21 17:59:51,61.3,36.8
2024-01-21 18:02:17,66.6,43.05
2024-01-21 18:04:43,56.85,37.78
2024-01-21 18:07:09,50.65,31.67
2024-01-21 18:09:35,49.35,31.7
2024-01-21 18:12:01,47.22,32.0
2024-01-21 18:14:33,62.55,40.6
2024-01-21 18:17:00,58.45,36.33
2024-01-21 18:19:26,53.88,34.75
2024-01-21 18:21:54,58.0,37.83
2024-01-21 18:24:20,67.4,41.7
2024-01-21 18:26:45,68.18,42.4
2024-01-21 18:29:11,56.47,34.42
2024-01-21 18:31:38,67.15,43.0
2024-01-21 18:34:05,56.45,37.38
2024-01-21 18:36:31,73.47,43.75
2024-01-21 18:38:56,72.8,45.05
2024-01-21 18:41:22,70.07,42.65
2024-01-21 18:43:48,59.75,37.75
2024-01-21 18:46:14,57.15,37.7
2024-01-21 18:48:40,71.9,43.72
2024-01-21 18:51:06,71.18,43.58
2024-01-21 18:53:33,70.15,41.22
2024-01-21 18:55:58,56.67,36.95
2024-01-21 18:58:28,50.35,31.15
2024-01-21 19:00:54,50.47,32.05
2024-01-21 19:03:20,39.0,26.0
2024-01-21 19:05:46,36.83,24.83
2024-01-21 19:08:12,43.03,27.7
2024-01-21 19:10:37,59.92,35.38
2024-01-21 19:13:03,42.42,26.63
2024-01-21 19:15:29,43.1,26.83
2024-01-21 19:17:57,49.17,29.35
2024-01-21 19:20:23,44.88,29.65
2024-01-21 19:22:49,43.7,27.27
2024-01-21 19:25:15,45.08,28.35
2024-01-21 19:27:41,54.3,33.75
2024-01-21 19:30:07,67.6,38.25
2024-01-21 19:32:33,66.38,38.1
2024-01-21 19:34:59,52.35,31.33
2024-01-21 19:37:25,51.42,32.1
2024-01-21 19:39:52,46.35,30.55
2024-01-21 19:42:19,43.45,28.15
2024-01-21 19:44:45,43.7,27.55
2024-01-21 19:47:11,44.38,28.3
2024-01-21 19:49:37,54.0,33.53
2024-01-21 19:52:03,55.2,34.92
2024-01-21 19:54:29,66.72,39.5
2024-01-21 19:57:00,74.95,44.08
2024-01-21 19:59:25,75.68,43.08
2024-01-21 20:01:52,61.08,40.03
2024-01-21 20:04:18,70.72,41.5
2024-01-21 20:06:44,72.28,45.75
2024-01-21 20:09:09,77.53,42.9
2024-01-21 20:11:35,70.88,41.28
2024-01-21 20:14:03,61.55,38.72
2024-01-21 20:16:30,41.08,26.92
2024-01-21 20:18:56,59.33,38.67
2024-01-21 20:21:22,58.38,36.67
2024-01-21 20:23:48,64.3,40.1
2024-01-21 20:26:14,61.35,39.38
2024-01-21 20:28:40,90.97,53.42
2024-01-21 20:31:07,97.03,54.08
2024-01-21 20:33:33,92.47,54.88
2024-01-21 20:36:00,73.68,45.92
2024-01-21 20:38:26,67.03,41.65
2024-01-21 20:40:52,71.53,45.0
2024-01-21 20:43:20,62.8,41.28
2024-01-21 20:45:46,71.15,46.8
2024-01-21 20:48:12,65.35,42.85
2024-01-21 20:50:38,73.93,45.72
2024-01-21 20:53:04,84.25,47.72
2024-01-21 20:55:30,79.53,47.95
2024-01-21 20:57:58,102.93,61.35
2024-01-21 21:00:24,103.2,61.13
2024-01-21 21:02:50,107.93,69.57
2024-01-21 21:05:16,97.43,59.35
2024-01-21 21:07:42,106.78,64.03
2024-01-21 21:10:07,141.55,77.5
2024-01-21 21:12:34,114.7,62.1
2024-01-21 21:15:00,152.05,66.6
2024-01-21 21:17:25,166.7,88.47
2024-01-21 21:19:51,116.18,67.5
2024-01-21 21:22:17,90.47,52.85
2024-01-21 21:24:43,79.78,49.33
2024-01-21 21:27:12,93.07,53.2
2024-01-21 21:29:38,90.47,50.75
2024-01-21 21:32:04,66.63,40.13
2024-01-21 21:34:32,52.35,34.13
2024-01-21 21:36:58,66.43,39.47
2024-01-21 21:39:24,72.65,43.7
2024-01-21 21:41:49,74.2,44.88
2024-01-21 21:44:15,74.72,41.22
2024-01-21 21:46:41,78.8,47.3
2024-01-21 21:49:08,82.75,48.45
2024-01-21 21:51:34,76.15,45.05
2024-01-21 21:54:00,84.4,47.38
2024-01-21 21:56:25,93.63,51.8
2024-01-21 21:58:51,66.88,41.38
2024-01-21 22:01:20,83.85,49.75
2024-01-21 22:03:46,82.28,48.13
2024-01-21 22:06:12,93.8,53.65
2024-01-21 22:08:38,82.0,45.92
2024-01-21 22:11:04,80.4,48.25
2024-01-21 22:13:30,80.93,48.8
2024-01-21 22:15:55,98.85,56.78
2024-01-21 22:18:21,88.8,50.92
2024-01-21 22:20:47,90.97,51.85
2024-01-21 22:23:13,83.07,50.13
2024-01-21 22:25:38,87.53,50.75
2024-01-21 22:28:04,89.15,50.45
2024-01-21 22:30:30,90.53,54.53
2024-01-21 22:32:56,84.13,49.78
2024-01-21 22:35:23,76.25,44.17
2024-01-21 22:37:50,94.57,54.63
2024-01-21 22:40:16,88.75,51.88
2024-01-21 22:42:42,83.72,51.08
2024-01-21 22:45:08,96.63,54.35
2024-01-21 22:47:34,87.35,49.65
2024-01-21 22:50:00,84.2,49.03
2024-01-21 22:52:26,90.93,54.9
2024-01-21 22:54:52,107.25,62.1
2024-01-21 22:57:17,102.22,59.2
2024-01-21 22:59:43,95.13,57.72
2024-01-21 23:02:09,93.4,55.25
2024-01-21 23:04:35,93.32,53.05
2024-01-21 23:07:01,96.97,56.33
2024-01-21 23:09:26,79.15,47.95
2024-01-21 23:11:52,83.45,48.25
2024-01-21 23:14:18,94.85,56.42
2024-01-21 23:16:43,91.47,51.22
2024-01-21 23:19:09,94.7,55.42
2024-01-21 23:21:35,99.15,56.67
2024-01-21 23:24:01,76.97,43.28
2024-01-21 23:26:27,70.25,39.15
2024-01-21 23:28:52,158.65,79.2
2024-01-21 23:31:18,127.18,65.8
2024-01-21 23:33:44,97.88,54.47
2024-01-21 23:36:13,78.3,45.9
2024-01-21 23:38:39,72.57,43.2
2024-01-21 23:41:08,71.6,43.1
2024-01-21 23:43:33,76.9,43.45
2024-01-21 23:46:01,75.13,43.72
2024-01-21 23:48:28,60.95,35.0
2024-01-21 23:50:53,59.88,33.9
2024-01-21 23:53:19,61.47,37.55
2024-01-21 23:55:45,56.42,34.65
2024-01-21 23:58:10,71.72,43.03
2024-01-22 00:00:36,63.58,37.05
2024-01-22 00:03:02,61.55,36.7
2024-01-22 00:05:27,66.97,39.0
2024-01-22 00:07:53,65.15,37.6
2024-01-22 00:10:19,60.03,36.5
2024-01-22 00:12:45,61.9,37.5
2024-01-22 00:15:10,64.05,37.13
2024-01-22 00:17:36,60.28,37.1
2024-01-22 00:20:02,64.13,38.7
2024-01-22 00:22:28,79.65,46.42
2024-01-22 00:24:54,81.95,47.08
2024-01-22 00:27:20,68.45,41.3
2024-01-22 00:29:45,61.38,36.8
2024-01-22 00:32:11,70.63,40.2
2024-01-22 00:34:37,68.53,39.88
2024-01-22 00:37:03,68.6,38.22
2024-01-22 00:39:28,61.08,34.85
2024-01-22 00:41:54,59.55,34.97
2024-01-22 00:44:21,55.4,32.13
2024-01-22 00:46:47,55.6,32.13
2024-01-22 00:49:13,61.08,37.47
2024-01-22 00:51:39,73.9,41.63
2024-01-22 00:54:05,67.65,41.47
2024-01-22 00:56:31,82.95,46.75
2024-01-22 00:58:58,82.0,45.42
2024-01-22 01:01:24,59.28,36.42
2024-01-22 01:03:49,73.93,43.53
2024-01-22 01:06:15,89.85,53.13
2024-01-22 01:08:41,113.8,65.05
2024-01-22 01:11:07,81.5,46.47
2024-01-22 01:13:32,60.2,36.78
2024-01-22 01:15:58,78.55,44.45
2024-01-22 01:18:24,73.18,41.3
2024-01-22 01:20:50,78.05,42.85
2024-01-22 01:23:15,71.05,41.3
2024-01-22 01:25:41,62.33,36.95
2024-01-22 01:28:07,63.9,36.22
2024-01-22 01:30:33,61.38,35.85
2024-01-22 01:32:58,58.45,35.4
2024-01-22 01:35:24,64.47,38.08
2024-01-22 01:37:50,62.17,36.63
2024-01-22 01:40:16,51.45,32.65
2024-01-22 01:42:42,56.13,33.0
2024-01-22 01:45:12,52.83,31.15
2024-01-22 01:47:43,50.2,30.55
2024-01-22 01:50:13,46.8,29.0
2024-01-22 01:52:39,53.4,29.75
2024-01-22 01:55:06,48.38,29.7
2024-01-22 01:57:34,48.58,29.55
2024-01-22 02:00:06,53.08,31.17
2024-01-22 02:02:33,56.65,31.98
2024-01-22 02:05:01,54.28,32.38
2024-01-22 02:07:27,53.13,31.58
2024-01-22 02:09:52,54.4,31.8
2024-01-22 02:12:21,50.58,32.33
2024-01-22 02:14:47,57.15,35.08
2024-01-22 02:17:13,55.88,30.8
2024-01-22 02:19:39,72.1,41.4
2024-01-22 02:22:05,78.25,44.58
2024-01-22 02:24:31,61.78,34.95
2024-01-22 02:26:57,55.45,32.17
2024-01-22 02:29:22,57.9,35.3
2024-01-22 02:31:48,51.22,30.5
2024-01-22 02:34:17,48.45,27.77
2024-01-22 02:36:43,61.05,33.4
2024-01-22 02:39:10,66.32,34.6
2024-01-22 02:41:37,48.25,28.7
2024-01-22 02:44:03,50.38,30.27
2024-01-22 02:46:29,53.15,32.22
2024-01-22 02:48:55,58.92,34.1
2024-01-22 02:51:21,51.65,29.95
2024-01-22 02:53:47,56.6,31.63
2024-01-22 02:56:22,61.17,33.95
2024-01-22 02:58:49,58.83,33.08
2024-01-22 03:01:15,57.72,32.17
2024-01-22 03:03:41,57.55,32.17
2024-01-22 03:06:07,51.58,30.55
2024-01-22 03:08:33,44.42,27.3
2024-01-22 03:10:59,41.42,27.05
2024-01-22 03:13:25,38.75,24.17
2024-01-22 03:15:51,50.58,31.65
2024-01-22 03:18:17,49.03,29.73
2024-01-22 03:20:43,51.7,29.42
2024-01-22 03:23:09,53.97,31.98
2024-01-22 03:25:34,44.83,27.13
2024-01-22 03:28:00,43.42,25.75
2024-01-22 03:30:26,39.63,25.35
2024-01-22 03:32:52,40.95,24.38
2024-01-22 03:35:17,38.13,23.83
2024-01-22 03:37:45,51.45,28.35
2024-01-22 03:40:10,45.97,27.0
2024-01-22 03:42:36,42.7,25.5
2024-01-22 03:45:02,42.72,24.35
2024-01-22 03:47:28,67.15,37.25
2024-01-22 03:49:54,54.67,32.03
2024-01-22 03:52:20,80.05,44.25
2024-01-22 03:54:45,53.1,31.58
2024-01-22 03:57:11,48.05,27.75
2024-01-22 03:59:37,44.7,27.52
2024-01-22 04:02:03,45.22,27.8
2024-01-22 04:04:29,47.92,28.27
2024-01-22 04:06:55,41.03,24.17
2024-01-22 04:09:21,38.95,23.38
2024-01-22 04:11:47,39.08,23.67
2024-01-22 04:14:13,39.4,23.77
2024-01-22 04:16:38,38.9,23.73
2024-01-22 04:19:04,40.05,24.13
2024-01-22 04:21:31,38.15,23.4
2024-01-22 04:23:56,40.33,23.67
2024-01-22 04:26:22,40.78,25.5
2024-01-22 04:28:48,39.22,24.27
2024-01-22 04:31:14,39.67,24.02
2024-01-22 04:33:42,44.05,24.6
2024-01-22 04:36:08,35.78,23.4
2024-01-22 04:38:34,49.67,27.35
2024-01-22 04:41:00,40.97,24.58
2024-01-22 04:43:26,46.08,25.58
2024-01-22 04:45:51,48.7,26.1
2024-01-22 04:48:17,45.03,25.67
2024-01-22 04:50:43,43.67,26.6
2024-01-22 04:53:09,36.45,24.23
2024-01-22 04:55:35,40.25,26.33
2024-01-22 04:58:00,41.72,25.63
2024-01-22 05:00:26,41.95,23.67
2024-01-22 05:02:52,37.88,22.63
2024-01-22 05:05:17,35.83,21.45
2024-01-22 05:07:43,33.35,21.0
2024-01-22 05:10:09,39.47,22.52
2024-01-22 05:12:35,36.72,23.02
2024-01-22 05:15:02,34.85,21.3
2024-01-22 05:17:28,38.53,23.05
2024-01-22 05:19:54,38.15,22.83
2024-01-22 05:22:20,39.58,22.6
2024-01-22 05:24:46,42.53,24.45
2024-01-22 05:27:12,48.4,28.38
2024-01-22 05:29:38,95.82,48.2
2024-01-22 05:32:05,52.6,31.5
2024-01-22 05:34:31,50.17,27.83
2024-01-22 05:36:57,49.38,30.73
2024-01-22 05:39:22,46.92,27.83
2024-01-22 05:41:48,62.13,33.58
2024-01-22 05:44:14,49.22,29.88
2024-01-22 05:46:40,50.22,30.5
2024-01-22 05:49:05,50.5,30.0
2024-01-22 05:51:31,59.63,34.15
2024-01-22 05:53:58,52.1,27.77
2024-01-22 05:56:25,58.3,29.8
2024-01-22 05:58:52,37.9,21.7
2024-01-22 06:01:25,38.47,21.23
2024-01-22 06:03:52,39.42,23.73
2024-01-22 06:06:18,40.67,25.0
2024-01-22 06:08:45,37.13,23.33
2024-01-22 06:11:12,44.3,28.02
2024-01-22 06:13:38,43.03,26.05
2024-01-22 06:16:08,32.95,21.0
2024-01-22 06:18:37,37.33,23.9
2024-01-22 06:21:05,48.53,30.42
2024-01-22 06:23:31,62.45,34.55
2024-01-22 06:25:57,45.92,27.02
2024-01-22 06:28:24,49.63,29.83
2024-01-22 06:30:51,42.92,26.75
2024-01-22 06:33:18,60.1,36.45
2024-01-22 06:35:44,62.72,36.42
2024-01-22 06:38:11,81.07,44.6
2024-01-22 06:40:37,67.13,38.83
2024-01-22 06:43:03,57.45,34.2
2024-01-22 06:45:29,67.63,37.58
2024-01-22 06:47:55,80.72,44.6
2024-01-22 06:50:21,78.25,43.97
2024-01-22 06:52:48,65.18,37.2
2024-01-22 06:55:14,52.15,29.83
2024-01-22 06:57:40,51.7,29.77
2024-01-22 07:00:06,39.38,25.15
2024-01-22 07:02:36,44.13,25.45
2024-01-22 07:05:06,56.15,33.2
2024-01-22 07:07:33,54.58,32.5
2024-01-22 07:10:01,46.2,26.45
2024-01-22 07:12:26,48.0,27.23
2024-01-22 07:14:54,39.72,23.6
2024-01-22 07:17:20,36.67,22.02
2024-01-22 07:19:46,30.63,19.4
2024-01-22 07:22:12,33.08,20.85
2024-01-22 07:24:38,35.25,21.75
2024-01-22 07:27:04,36.5,23.27
2024-01-22 07:29:30,40.78,22.63
2024-01-22 07:31:56,29.0,18.75
2024-01-22 07:34:22,34.92,21.52
2024-01-22 07:36:48,34.72,22.2
2024-01-22 07:39:14,33.9,20.58
2024-01-22 07:41:40,38.13,24.33
2024-01-22 07:44:06,38.17,24.33
2024-01-22 07:46:32,37.8,23.58
2024-01-22 07:48:58,35.97,23.55
2024-01-22 07:51:23,35.28,21.98
2024-01-22 07:53:50,45.55,27.58
2024-01-22 07:56:16,38.97,25.17
2024-01-22 07:58:42,45.0,26.6
2024-01-22 08:01:07,40.2,24.25
2024-01-22 08:03:34,34.15,22.25
2024-01-22 08:06:00,35.03,20.48
2024-01-22 08:08:26,33.3,21.15
2024-01-22 08:10:53,28.33,18.92
2024-01-22 08:13:19,30.7,19.77
2024-01-22 08:15:46,33.35,20.88
2024-01-22 08:18:12,34.2,22.15
2024-01-22 08:20:39,36.2,23.17
2024-01-22 08:23:05,31.77,21.5
2024-01-22 08:25:31,32.7,20.77
2024-01-22 08:27:57,29.67,20.1
2024-01-22 08:30:24,34.4,21.95
2024-01-22 08:32:50,34.05,21.5
2024-01-22 08:35:17,31.67,21.38
2024-01-22 08:37:48,33.05,22.0
2024-01-22 08:40:19,34.2,23.38
2024-01-22 08:42:52,33.42,21.98
2024-01-22 08:45:19,30.5,22.02
2024-01-22 08:47:49,32.13,22.73
2024-01-22 08:50:15,42.2,27.98
2024-01-22 08:52:48,39.22,25.58
2024-01-22 08:55:15,40.45,25.77
2024-01-22 08:57:41,37.85,24.05
2024-01-22 09:00:08,43.47,25.6
2024-01-22 09:02:40,42.63,28.9
2024-01-22 09:05:07,43.55,28.45
2024-01-22 09:07:34,41.67,27.08
2024-01-22 09:10:00,51.15,31.42
2024-01-22 09:12:33,50.22,31.8
2024-01-22 09:15:00,50.6,31.98
2024-01-22 09:17:26,49.13,31.92
2024-01-22 09:19:52,48.42,30.48
2024-01-22 09:22:18,41.88,28.23
2024-01-22 09:24:45,51.28,31.23
2024-01-22 09:27:11,52.13,32.55
2024-01-22 09:29:36,44.63,29.25
2024-01-22 09:32:02,45.9,29.15
2024-01-22 09:34:28,43.38,28.8
2024-01-22 09:36:54,47.8,30.65
2024-01-22 09:39:20,51.45,32.7
2024-01-22 09:41:47,48.22,32.17
2024-01-22 09:44:16,51.5,33.53
2024-01-22 09:46:43,57.15,33.88
2024-01-22 09:49:10,49.75,31.17
2024-01-22 09:51:36,48.08,31.35
2024-01-22 09:54:07,48.95,31.63
2024-01-22 09:56:36,47.53,30.65
2024-01-22 09:59:10,46.53,29.58
2024-01-22 10:01:42,48.65,31.1
2024-01-22 10:04:09,46.85,30.08
2024-01-22 10:06:37,45.65,27.27
2024-01-22 10:09:05,45.03,29.25
2024-01-22 10:11:31,41.85,26.8
2024-01-22 10:13:57,40.17,25.98
2024-01-22 10:16:26,44.75,29.2
2024-01-22 10:18:59,44.25,26.8
2024-01-22 10:21:33,43.13,26.9
2024-01-22 10:24:01,42.03,27.65
2024-01-22 10:26:31,44.8,28.65
2024-01-22 10:34:26,40.3,25.52
2024-01-22 10:37:06,38.53,25.1
2024-01-22 10:39:37,38.75,25.33
2024-01-22 10:42:13,36.78,23.55
2024-01-22 10:44:40,38.65,23.55
2024-01-22 10:47:13,39.8,24.73
2024-01-22 10:49:41,40.55,27.08
2024-01-22 10:52:08,44.47,27.23
2024-01-22 10:54:35,43.42,27.58
2024-01-22 10:57:02,40.33,25.38
2024-01-22 10:59:37,42.35,26.58
2024-01-22 11:02:04,39.65,26.98
2024-01-22 11:04:46,35.33,23.8
2024-01-22 11:07:12,38.38,25.48
2024-01-22 11:09:39,36.0,24.55
2024-01-22 11:12:09,38.4,25.73
2024-01-22 11:14:37,36.33,24.48
2024-01-22 11:17:06,41.72,26.42
2024-01-22 11:19:35,41.1,25.58
2024-01-22 11:22:05,35.67,23.6
2024-01-22 11:24:59,34.83,24.23
2024-01-22 11:27:39,38.63,24.85
2024-01-22 11:32:47,35.0,23.1
2024-01-22 11:35:35,37.17,24.0
2024-01-22 11:38:03,36.15,23.27
2024-01-22 11:40:45,33.88,23.5
2024-01-22 11:43:15,31.9,21.3
2024-01-22 11:45:45,30.5,20.33
2024-01-22 11:48:15,28.98,20.1
2024-01-22 11:50:42,26.65,19.15
2024-01-22 11:53:20,28.52,18.48
2024-01-22 11:55:56,27.8,19.88
2024-01-22 11:58:26,30.73,20.02
2024-01-22 12:00:52,32.75,20.27
2024-01-22 12:03:25,30.27,20.98
2024-01-22 12:08:27,29.6,20.02
2024-01-22 12:11:03,32.1,20.55
2024-01-22 12:13:32,28.6,19.95
2024-01-22 12:15:58,23.65,16.75
2024-01-22 12:18:24,23.42,15.98
2024-01-22 12:20:50,21.7,14.65
2024-01-22 12:23:29,23.38,15.65
2024-01-22 12:25:56,24.5,16.63
2024-01-22 12:28:23,30.75,18.83
2024-01-22 12:30:59,29.0,18.5
2024-01-22 12:33:26,25.2,16.58
2024-01-22 12:36:06,22.9,16.13
2024-01-22 12:38:51,24.2,16.23
2024-01-22 12:41:18,28.05,17.48
2024-01-22 12:43:45,27.42,19.23
2024-01-22 12:46:14,28.65,18.45
2024-01-22 12:48:44,25.27,16.8
2024-01-22 12:51:10,24.7,16.7
2024-01-22 12:53:39,27.42,18.17
2024-01-22 12:56:05,24.77,17.02
2024-01-22 12:58:33,29.38,17.73
2024-01-22 13:00:59,28.23,18.48
2024-01-22 13:03:25,28.9,18.83
2024-01-22 13:05:51,29.1,18.42
2024-01-22 13:08:17,29.4,19.08
2024-01-22 13:10:43,27.75,17.52
2024-01-22 13:13:10,27.38,18.05
2024-01-22 13:15:37,26.13,17.52
2024-01-22 13:18:03,29.9,17.65
2024-01-22 13:20:29,30.6,19.0
2024-01-22 13:22:55,27.9,17.98
2024-01-22 13:25:21,23.25,15.8
2024-01-22 13:27:47,23.02,14.73
2024-01-22 13:30:15,29.5,18.17
2024-01-22 13:32:41,27.63,17.3
2024-01-22 13:35:07,25.58,16.17
2024-01-22 13:37:33,28.8,17.65
2024-01-22 13:39:59,24.6,16.02
2024-01-22 13:42:25,23.25,15.13
2024-01-22 13:44:51,24.77,16.7
2024-01-22 13:47:17,18.98,12.75
2024-01-22 13:49:44,20.77,13.95
2024-01-22 13:52:10,19.98,13.1
2024-01-22 13:54:36,19.05,13.23
2024-01-22 13:57:02,22.63,15.0
2024-01-22 13:59:29,28.9,16.9
2024-01-22 14:01:55,34.15,20.02
2024-01-22 14:04:21,28.2,18.0
2024-01-22 14:06:47,26.5,16.92
2024-01-22 14:09:13,27.17,16.75
2024-01-22 14:11:39,23.58,15.65
2024-01-22 14:14:09,27.15,17.58
2024-01-22 14:16:38,22.13,14.88
2024-01-22 14:19:04,23.98,15.75
2024-01-22 14:21:30,24.77,15.73
2024-01-22 14:23:55,23.13,15.65
2024-01-22 14:26:21,25.85,16.15
2024-01-22 14:28:47,21.35,14.38
2024-01-22 14:31:13,24.05,14.93
2024-01-22 14:33:39,30.25,17.38
2024-01-22 14:36:05,30.27,18.73
2024-01-22 14:38:32,24.8,16.63
2024-01-22 14:40:58,31.52,19.8
2024-01-22 14:43:26,29.1,17.02
2024-01-22 14:45:55,29.8,16.4
2024-01-22 14:48:22,30.08,19.83
2024-01-22 14:50:48,37.05,22.9
2024-01-22 14:53:14,40.13,21.9
2024-01-22 14:55:39,30.58,18.85
2024-01-22 14:58:05,28.83,17.45
2024-01-22 15:00:31,24.52,15.93
2024-01-22 15:03:00,25.55,17.27
2024-01-22 15:05:28,37.92,22.8
2024-01-22 15:07:53,40.22,23.08
2024-01-22 15:10:19,38.85,23.45
2024-01-22 15:12:45,40.1,22.77
2024-01-22 15:15:11,44.72,23.33
2024-01-22 15:17:38,45.15,25.5
2024-01-22 15:20:05,48.05,28.27
2024-01-22 15:22:32,44.8,26.65
2024-01-22 15:24:58,61.28,36.42
2024-01-22 15:27:24,77.2,42.0
2024-01-22 15:29:50,74.88,43.1
2024-01-22 15:32:16,93.72,53.42
2024-01-22 15:34:42,72.3,41.85
2024-01-22 15:37:09,79.9,48.35
2024-01-22 15:39:37,72.15,44.92
2024-01-22 15:42:09,56.7,33.17
2024-01-22 15:44:36,63.53,37.75
2024-01-22 15:47:02,50.88,32.4
2024-01-22 15:49:28,50.97,30.8
2024-01-22 15:51:55,44.13,27.48
2024-01-22 15:54:22,43.25,27.88
2024-01-22 15:56:48,46.22,28.67
2024-01-22 15:59:14,40.2,26.95
2024-01-22 16:01:40,43.55,28.7
2024-01-22 16:04:05,51.83,33.28
2024-01-22 16:06:31,48.3,29.73
2024-01-22 16:08:58,52.05,32.3
2024-01-22 16:11:24,48.9,32.33
2024-01-22 16:13:50,46.63,27.75
2024-01-22 16:16:17,51.0,30.17
2024-01-22 16:18:43,55.75,31.4
2024-01-22 16:21:10,54.83,32.13
2024-01-22 16:23:36,65.07,38.95
2024-01-22 16:26:03,79.47,44.63
2024-01-22 16:28:30,78.95,47.35
2024-01-22 16:30:56,73.45,46.83
2024-01-22 16:33:22,99.0,56.78
2024-01-22 16:35:48,89.53,53.72
2024-01-22 16:38:14,85.38,51.0
2024-01-22 16:40:40,84.32,51.9
2024-01-22 16:43:05,60.88,36.92
2024-01-22 16:45:31,51.13,33.15
2024-01-22 16:47:57,77.38,43.9
2024-01-22 16:50:23,72.53,42.22
2024-01-22 16:52:49,76.2,47.35
2024-01-22 16:55:19,63.88,39.75
2024-01-22 16:57:48,55.33,34.35
2024-01-22 17:00:14,85.68,49.8
2024-01-22 17:02:41,76.63,49.05
2024-01-22 17:05:08,65.07,42.08
2024-01-22 17:07:37,106.93,63.2
2024-01-22 17:10:04,85.13,53.25
2024-01-22 17:12:33,76.3,47.97
2024-01-22 17:14:59,77.9,47.4
2024-01-22 17:17:24,78.75,49.22
2024-01-22 17:19:50,77.0,48.08
2024-01-22 17:22:16,67.93,42.45
2024-01-22 17:24:42,66.5,43.0
2024-01-22 17:27:07,74.8,44.33
2024-01-22 17:29:33,76.2,45.92
2024-01-22 17:31:59,79.22,46.45
2024-01-22 17:34:24,89.6,54.4
2024-01-22 17:36:50,110.4,65.95
2024-01-22 17:39:16,90.65,54.5
2024-01-22 17:41:42,107.65,61.97
2024-01-22 17:44:07,88.03,53.15
2024-01-22 17:46:34,89.05,53.63
2024-01-22 17:48:59,90.15,53.7
2024-01-22 17:51:25,96.1,58.4
2024-01-22 17:53:51,133.63,86.88
2024-01-22 17:56:17,167.77,98.63
2024-01-22 17:58:43,152.48,83.93
2024-01-22 18:01:08,91.0,54.55
2024-01-22 18:03:34,120.47,75.0
2024-01-22 18:06:00,144.38,83.07
2024-01-22 18:08:26,133.35,78.82
2024-01-22 18:10:52,154.23,83.63
2024-01-22 18:13:17,125.43,74.45
2024-01-22 18:15:43,115.88,65.7
2024-01-22 18:18:09,131.7,72.68
2024-01-22 18:20:35,115.8,70.78
2024-01-22 18:23:01,151.3,84.93
2024-01-22 18:25:27,148.82,85.18
2024-01-22 18:27:54,159.25,93.35
2024-01-22 18:30:20,135.73,84.15
2024-01-22 18:32:46,143.75,83.3
2024-01-22 18:35:11,124.9,71.18
2024-01-22 18:37:37,139.55,77.13
2024-01-22 18:40:03,105.4,63.45
2024-01-22 18:42:30,128.77,72.47
2024-01-22 18:44:56,129.2,74.38
2024-01-22 18:47:22,143.88,83.95
2024-01-22 18:49:49,149.85,86.05
2024-01-22 18:52:15,142.93,80.72
2024-01-22 18:54:41,232.73,131.38
2024-01-22 18:57:07,198.05,112.55
2024-01-22 18:59:33,177.48,98.2
2024-01-22 19:01:59,149.18,89.18
2024-01-22 19:04:26,116.43,71.75
2024-01-22 19:06:52,124.97,75.65
2024-01-22 19:09:18,127.97,75.13
2024-01-22 19:11:46,102.82,67.32
2024-01-22 19:14:12,132.32,78.78
2024-01-22 19:16:38,119.1,66.95
2024-01-22 19:19:04,109.18,67.57
2024-01-22 19:21:30,133.85,77.95
2024-01-22 19:23:56,123.57,73.07
2024-01-22 19:26:22,82.75,51.4
2024-01-22 19:28:48,118.75,70.2
2024-01-22 19:31:14,115.63,67.72
2024-01-22 19:33:40,108.85,65.2
2024-01-22 19:36:06,105.68,60.3
2024-01-22 19:38:32,98.0,56.83
2024-01-22 19:40:58,100.85,62.65
2024-01-22 19:43:23,138.0,87.22
2024-01-22 19:45:51,99.68,63.78
2024-01-22 19:48:17,128.6,74.78
2024-01-22 19:50:43,183.88,107.68
2024-01-22 19:53:10,157.13,85.2
2024-01-22 19:55:36,270.25,155.73
2024-01-22 19:58:02,293.58,169.8
2024-01-22 20:00:28,292.6,170.68
2024-01-22 20:02:54,288.77,169.2
2024-01-22 20:05:20,229.15,132.57
2024-01-22 20:07:46,211.75,121.38
2024-01-22 20:10:17,185.43,108.05
2024-01-22 20:12:46,224.98,128.77
2024-01-22 20:15:13,213.23,126.22
2024-01-22 20:17:38,215.32,124.18
2024-01-22 20:20:05,209.73,121.22
2024-01-22 20:22:31,212.88,124.85
2024-01-22 20:24:57,214.07,125.35
2024-01-22 20:27:23,212.07,124.6
2024-01-22 20:29:49,192.95,116.03
2024-01-22 20:32:15,190.18,112.28
2024-01-22 20:34:41,192.4,111.22
2024-01-22 20:37:07,197.9,117.85
2024-01-22 20:39:33,199.57,116.3
2024-01-22 20:41:59,192.93,109.4
2024-01-22 20:44:24,200.25,113.6
2024-01-22 20:46:50,195.35,112.43
2024-01-22 20:49:16,161.4,94.57
2024-01-22 20:51:43,176.25,104.05
2024-01-22 20:54:09,147.93,88.4
2024-01-22 20:56:35,104.85,62.75
2024-01-22 20:59:01,111.05,65.0
2024-01-22 21:01:27,104.15,62.75
2024-01-22 21:03:53,121.4,69.5
2024-01-22 21:06:19,107.15,65.55
2024-01-22 21:08:44,110.15,65.35
2024-01-22 21:11:10,97.97,57.2
2024-01-22 21:13:36,101.82,61.83
2024-01-22 21:16:02,103.85,60.5
2024-01-22 21:18:30,86.68,53.0
2024-01-22 21:20:56,87.63,52.72
2024-01-22 21:23:22,80.28,49.83
2024-01-22 21:25:48,80.1,47.45
2024-01-22 21:28:14,79.7,47.0
2024-01-22 21:30:40,79.43,49.67
2024-01-22 21:33:06,89.3,53.0
2024-01-22 21:35:32,119.5,70.95
2024-01-22 21:37:58,111.43,66.13
2024-01-22 21:40:24,125.9,74.1
2024-01-22 21:42:50,176.82,97.15
2024-01-22 21:45:16,215.18,118.8
2024-01-22 21:47:42,205.52,113.4
2024-01-22 21:50:08,175.6,97.95
2024-01-22 21:52:35,165.65,95.1
2024-01-22 21:55:01,177.25,101.47
2024-01-22 21:57:35,175.45,100.85
2024-01-22 22:00:04,169.27,97.38
2024-01-22 22:02:31,138.88,80.3
2024-01-22 22:04:57,139.0,80.43
2024-01-22 22:07:23,164.2,93.2
2024-01-22 22:09:49,145.32,80.95
2024-01-22 22:12:15,171.43,94.35
2024-01-22 22:14:41,162.57,92.82
2024-01-22 22:17:08,190.25,106.93
2024-01-22 22:19:33,174.95,97.65
2024-01-22 22:21:59,159.77,87.97
2024-01-22 22:24:25,183.55,103.43
2024-01-22 22:26:51,181.52,101.35
2024-01-22 22:29:16,188.02,104.1
2024-01-22 22:31:42,155.38,89.57
2024-01-22 22:34:08,146.73,87.88
2024-01-22 22:36:37,146.5,87.32
2024-01-22 22:39:03,115.4,67.88
2024-01-22 22:41:29,107.75,64.72
2024-01-22 22:43:55,125.9,69.85
2024-01-22 22:46:21,124.5,72.4
2024-01-22 22:48:47,132.65,72.9
2024-01-22 22:51:14,111.72,66.4
2024-01-22 22:53:40,129.9,72.5
2024-01-22 22:56:07,119.28,70.4
2024-01-22 22:58:33,116.0,65.38
2024-01-22 23:00:59,111.95,66.97
2024-01-22 23:03:25,104.35,64.43
2024-01-22 23:05:51,102.45,59.4
2024-01-22 23:08:20,105.5,61.7
2024-01-22 23:10:47,125.15,71.78
2024-01-22 23:13:14,194.6,121.1
2024-01-22 23:15:40,109.32,62.55
2024-01-22 23:18:06,134.3,77.85
2024-01-22 23:20:32,143.45,80.4
2024-01-22 23:22:58,185.15,98.97
2024-01-22 23:25:23,180.43,95.75
2024-01-22 23:27:52,190.77,103.07
2024-01-22 23:30:17,203.25,106.1
2024-01-22 23:32:43,174.0,92.32
2024-01-22 23:35:09,183.55,100.3
2024-01-22 23:37:35,158.93,88.2
2024-01-22 23:40:01,163.9,86.53
2024-01-22 23:42:28,224.27,119.9
2024-01-22 23:44:54,244.73,136.7
2024-01-22 23:47:20,217.7,124.15
2024-01-22 23:49:47,216.82,118.45
2024-01-22 23:52:13,227.63,120.95
2024-01-22 23:54:39,193.63,108.28
2024-01-22 23:57:05,188.73,107.07
2024-01-22 23:59:32,187.48,99.3
2024-01-23 00:01:59,167.77,96.4
2024-01-23 00:04:25,183.27,104.3
2024-01-23 00:06:51,150.3,85.32
2024-01-23 00:09:16,119.72,69.88
2024-01-23 00:11:42,131.52,72.9
2024-01-23 00:14:08,112.57,62.1
2024-01-23 00:16:34,105.57,63.6
2024-01-23 00:19:00,118.78,66.4
2024-01-23 00:21:25,143.82,78.8
2024-01-23 00:23:51,176.05,94.8
2024-01-23 00:26:17,177.05,99.22
2024-01-23 00:28:43,114.97,64.0
2024-01-23 00:31:09,183.48,98.43
2024-01-23 00:33:34,167.68,91.93
2024-01-23 00:36:00,184.15,100.28
2024-01-23 00:38:26,178.75,95.43
2024-01-23 00:40:52,146.02,79.57
2024-01-23 00:43:18,159.8,85.03
2024-01-23 00:45:43,154.73,82.2
2024-01-23 00:48:09,166.88,89.35
2024-01-23 00:50:35,212.77,110.03
2024-01-23 00:53:01,192.7,101.72
2024-01-23 00:55:26,157.05,83.82
2024-01-23 00:57:52,148.0,80.7
2024-01-23 01:00:18,148.02,81.2
2024-01-23 01:02:44,144.75,77.05
2024-01-23 01:05:10,156.2,79.3
2024-01-23 01:07:35,130.4,69.9
2024-01-23 01:10:01,121.93,62.1
2024-01-23 01:12:29,130.57,70.1
2024-01-23 01:14:55,138.4,73.82
2024-01-23 01:17:21,144.23,75.8
2024-01-23 01:19:46,135.8,74.68
2024-01-23 01:22:13,136.23,74.35
2024-01-23 01:24:39,127.32,68.3
2024-01-23 01:27:05,119.43,63.53
2024-01-23 01:29:31,115.65,62.1
2024-01-23 01:31:57,112.72,60.83
2024-01-23 01:34:23,112.75,61.92
2024-01-23 01:36:48,104.9,59.2
2024-01-23 01:39:14,112.68,61.58
2024-01-23 01:41:40,117.47,64.22
2024-01-23 01:44:06,112.95,61.28
2024-01-23 01:46:32,107.25,59.0
2024-01-23 01:48:58,148.63,74.5
2024-01-23 01:51:25,137.3,75.3
2024-01-23 01:53:53,126.05,69.18
2024-01-23 01:56:19,122.45,68.8
2024-01-23 01:58:48,117.05,63.92
2024-01-23 02:01:15,129.8,70.2
2024-01-23 02:03:42,130.35,73.7
2024-01-23 02:06:08,112.78,61.75
2024-01-23 02:08:35,112.68,63.92
2024-01-23 02:11:02,113.25,62.75
2024-01-23 02:13:28,125.68,68.65
2024-01-23 02:15:54,117.68,66.97
2024-01-23 02:18:20,115.97,63.8
2024-01-23 02:20:46,109.72,63.1
2024-01-23 02:23:12,115.95,61.47
2024-01-23 02:25:41,107.43,58.3
2024-01-23 02:28:12,111.82,59.53
2024-01-23 02:30:40,97.2,55.85
2024-01-23 02:33:06,95.57,53.13
2024-01-23 02:35:32,97.32,54.45
2024-01-23 02:37:58,84.4,47.88
2024-01-23 02:40:24,86.22,47.15
2024-01-23 02:42:50,81.3,46.0
2024-01-23 02:45:16,72.22,41.15
2024-01-23 02:47:42,69.8,37.45
2024-01-23 02:50:08,64.95,35.1
2024-01-23 02:52:34,55.8,32.67
2024-01-23 02:55:00,46.55,25.92
2024-01-23 02:57:26,41.92,25.83
2024-01-23 02:59:52,43.08,24.2
2024-01-23 03:02:19,37.53,22.98
2024-01-23 03:04:46,41.7,26.0
2024-01-23 03:07:11,45.83,26.45
2024-01-23 03:09:38,44.35,25.98
2024-01-23 03:12:13,41.78,24.85
2024-01-23 03:14:49,42.08,25.1
2024-01-23 03:17:15,41.45,25.92
2024-01-23 03:19:42,40.5,24.95
2024-01-23 03:22:08,38.55,23.55
2024-01-23 03:24:37,39.05,23.65
2024-01-23 03:27:03,38.88,25.13
2024-01-23 03:29:42,37.83,22.35
2024-01-23 03:32:09,34.85,21.85
2024-01-23 03:34:35,31.77,20.45
2024-01-23 03:37:02,30.85,19.23
2024-01-23 03:39:28,33.8,20.35
2024-01-23 03:41:54,41.67,23.75
2024-01-23 03:44:21,43.03,24.17
2024-01-23 03:46:49,44.33,25.52
2024-01-23 03:49:16,38.58,23.33
2024-01-23 03:51:43,36.13,21.8
2024-01-23 03:54:09,39.85,23.35
2024-01-23 03:56:35,44.55,25.9
2024-01-23 03:59:01,38.63,23.38
2024-01-23 04:01:27,38.88,22.3
2024-01-23 04:03:52,38.7,23.58
2024-01-23 04:06:19,37.7,22.73
2024-01-23 04:08:44,40.05,23.92
2024-01-23 04:11:10,37.5,23.05
2024-01-23 04:13:36,38.67,23.15
2024-01-23 04:16:02,43.58,24.33
2024-01-23 04:18:30,41.67,24.0
2024-01-23 04:20:56,54.03,31.98
2024-01-23 04:23:22,59.72,33.25
2024-01-23 04:25:48,49.97,30.17
2024-01-23 04:28:13,46.95,27.3
2024-01-23 04:30:39,47.42,28.1
2024-01-23 04:33:05,47.85,26.45
2024-01-23 04:35:31,42.33,25.42
2024-01-23 04:37:57,39.28,24.2
2024-01-23 04:40:23,71.0,37.55
2024-01-23 04:42:49,65.53,36.08
2024-01-23 04:45:15,74.8,39.42
2024-01-23 04:47:40,48.05,27.88
2024-01-23 04:50:07,44.92,26.3
2024-01-23 04:52:33,53.13,31.15
2024-01-23 04:54:59,93.03,59.17
2024-01-23 04:57:25,58.2,34.88
2024-01-23 04:59:56,50.97,30.98
2024-01-23 05:02:23,48.08,28.65
2024-01-23 05:04:48,45.55,27.52
2024-01-23 05:07:14,45.72,26.4
2024-01-23 05:09:40,45.45,27.52
2024-01-23 05:12:06,45.22,26.67
2024-01-23 05:14:32,51.63,28.7
2024-01-23 05:16:57,48.67,29.35
2024-01-23 05:19:23,52.4,29.4
2024-01-23 05:21:49,45.7,27.1
2024-01-23 05:24:15,62.15,31.88
2024-01-23 05:26:42,54.78,33.5
2024-01-23 05:29:08,76.6,40.63
2024-01-23 05:31:34,117.45,64.15
2024-01-23 05:33:59,70.45,38.2
2024-01-23 05:36:25,74.57,40.22
2024-01-23 05:38:51,50.35,31.3
2024-01-23 05:41:17,51.58,30.38
2024-01-23 05:43:43,58.42,35.58
2024-01-23 05:46:09,71.8,40.63
2024-01-23 05:48:34,53.85,33.4
2024-01-23 05:51:00,62.97,35.63
2024-01-23 05:53:26,51.75,32.4
2024-01-23 05:55:52,63.95,36.72
2024-01-23 05:58:18,70.0,40.0
2024-01-23 06:00:44,62.63,36.13
2024-01-23 06:03:09,58.47,32.95
2024-01-23 06:05:35,53.6,32.65
2024-01-23 06:08:01,55.92,32.95
2024-01-23 06:10:27,43.83,26.02
2024-01-23 06:12:52,51.53,29.9
2024-01-23 06:15:18,39.13,24.95
2024-01-23 06:17:44,45.75,25.7
2024-01-23 06:20:10,93.13,53.6
2024-01-23 06:22:38,105.3,58.83
2024-01-23 06:25:08,182.98,94.93
2024-01-23 06:27:36,152.43,80.0
2024-01-23 06:30:02,139.32,73.43
2024-01-23 06:32:29,125.88,67.68
2024-01-23 06:34:55,156.27,82.7
2024-01-23 06:37:21,161.75,82.95
2024-01-23 06:39:48,141.35,80.55
2024-01-23 06:42:13,129.93,71.57
2024-01-23 06:44:39,120.22,67.28
2024-01-23 06:47:05,111.28,63.83
2024-01-23 06:49:31,118.72,65.65
2024-01-23 06:51:57,117.85,68.22
2024-01-23 06:54:23,108.93,62.3
2024-01-23 06:56:48,127.38,64.82
2024-01-23 06:59:14,132.07,70.25
2024-01-23 07:01:43,123.22,68.68
2024-01-23 07:04:09,107.03,59.17
2024-01-23 07:06:34,102.43,54.42
2024-01-23 07:09:00,93.2,53.13
2024-01-23 07:11:26,87.85,49.25
2024-01-23 07:13:53,95.25,51.8
2024-01-23 07:16:18,88.68,50.85
2024-01-23 07:18:44,86.7,47.65
2024-01-23 07:21:10,74.45,44.1
2024-01-23 07:23:36,77.25,45.9
2024-01-23 07:26:02,70.8,41.78
2024-01-23 07:28:28,53.83,33.63
2024-01-23 07:30:55,63.22,38.15
2024-01-23 07:33:21,70.8,42.1
2024-01-23 07:35:47,76.15,45.38
2024-01-23 07:38:15,78.7,46.97
2024-01-23 07:40:41,68.05,41.08
2024-01-23 07:43:07,82.85,49.35
2024-01-23 07:45:32,82.93,48.38
2024-01-23 07:47:58,78.75,48.35
2024-01-23 07:50:24,75.7,44.55
2024-01-23 07:52:52,77.43,47.7
2024-01-23 07:55:20,73.57,44.08
2024-01-23 07:57:47,81.82,46.35
2024-01-23 08:00:14,81.1,48.78
2024-01-23 08:02:43,69.9,42.55
2024-01-23 08:05:09,72.4,43.85
2024-01-23 08:07:36,74.18,43.75
2024-01-23 08:10:03,67.68,41.63
2024-01-23 08:12:29,66.72,41.72
2024-01-23 08:14:54,71.75,42.25
2024-01-23 08:17:20,69.47,40.35
2024-01-23 08:19:46,59.38,36.78
2024-01-23 08:22:12,69.93,41.63
2024-01-23 08:24:38,59.3,37.15
2024-01-23 08:27:04,64.63,39.97
2024-01-23 08:29:30,59.28,36.65
2024-01-23 08:31:55,59.53,35.8
2024-01-23 08:34:21,58.2,37.95
2024-01-23 08:36:47,65.07,38.58
2024-01-23 08:39:14,67.15,38.55
2024-01-23 08:41:42,64.72,40.58
2024-01-23 08:44:08,59.78,37.25
2024-01-23 08:46:33,57.78,37.6
2024-01-23 08:48:59,61.47,38.33
2024-01-23 08:51:25,63.2,39.85
2024-01-23 08:53:53,62.3,40.38
2024-01-23 08:56:19,64.7,42.55
2024-01-23 08:58:49,70.1,44.38
2024-01-23 09:01:15,71.4,44.28
2024-01-23 09:03:41,69.65,44.92
2024-01-23 09:06:09,73.7,49.0
2024-01-23 09:08:35,77.78,48.88
2024-01-23 09:11:01,75.13,47.85
2024-01-23 09:13:30,80.13,49.78
2024-01-23 09:15:57,77.88,48.65
2024-01-23 09:18:23,89.28,55.78
2024-01-23 09:20:49,71.9,45.9
2024-01-23 09:23:15,72.88,48.3
2024-01-23 09:25:42,72.53,46.88
2024-01-23 09:28:08,68.82,45.45
2024-01-23 09:30:33,79.78,48.58
2024-01-23 09:32:59,79.25,46.7
2024-01-23 09:35:27,77.95,50.9
2024-01-23 09:37:54,79.9,50.75
2024-01-23 09:40:19,73.05,45.85
2024-01-23 09:42:46,73.07,48.38
2024-01-23 09:45:14,71.97,49.17
2024-01-23 09:47:43,75.95,48.4
2024-01-23 09:50:12,71.03,46.6
2024-01-23 09:52:44,76.75,49.22
2024-01-23 09:55:11,77.95,49.55
2024-01-23 09:57:42,65.8,43.95
2024-01-23 10:00:09,67.07,42.1
2024-01-23 10:02:38,75.43,48.6
2024-01-23 10:05:09,69.15,48.1
2024-01-23 10:07:36,73.1,48.78
2024-01-23 10:10:03,76.5,49.8
2024-01-23 10:12:38,75.25,48.42
2024-01-23 10:15:05,60.03,37.72
2024-01-23 10:17:32,60.53,40.15
2024-01-23 10:19:58,57.25,38.8
2024-01-23 10:22:23,70.4,44.88
2024-01-23 10:24:50,64.43,44.2
2024-01-23 10:27:17,65.3,43.15
2024-01-23 10:29:42,55.9,40.15
2024-01-23 10:32:08,62.2,41.92
2024-01-23 10:34:35,66.1,42.53
2024-01-23 10:37:00,70.15,45.17
2024-01-23 10:39:26,71.32,46.85
2024-01-23 10:41:52,73.97,46.47
2024-01-23 10:44:21,62.08,43.33
2024-01-23 10:46:50,61.65,39.35
2024-01-23 10:49:19,65.68,43.25
2024-01-23 10:51:45,66.07,43.83
2024-01-23 10:54:20,71.2,47.9
2024-01-23 10:56:57,68.0,41.4
2024-01-23 10:59:27,79.1,52.8
2024-01-23 11:04:46,68.72,45.55
2024-01-23 11:07:16,73.72,49.92
2024-01-23 11:10:35,76.55,51.22
2024-01-23 11:15:21,71.78,46.47
2024-01-23 11:17:47,47.67,31.3
2024-01-23 11:20:16,33.58,24.02
2024-01-23 11:22:41,52.28,35.13
2024-01-23 11:25:08,68.85,45.78
2024-01-23 11:27:40,72.78,47.9
2024-01-23 11:30:12,70.1,46.4
2024-01-23 11:32:38,71.7,48.58
2024-01-23 11:35:05,65.43,44.53
2024-01-23 11:42:53,65.32,44.6
2024-01-23 11:45:26,66.68,44.17
2024-01-23 11:48:06,64.45,42.13
2024-01-23 11:50:34,69.35,44.17
2024-01-23 11:53:02,61.8,41.78
2024-01-23 11:55:28,70.4,44.03
2024-01-23 11:57:58,66.78,45.22
2024-01-23 12:00:26,71.15,44.0
2024-01-23 12:02:54,69.7,44.42
2024-01-23 12:05:20,69.2,44.83
2024-01-23 12:07:46,75.65,44.75
2024-01-23 12:10:17,71.72,47.42
2024-01-23 12:12:44,74.65,47.7
2024-01-23 12:15:10,74.28,46.45
2024-01-23 12:17:36,70.22,44.13
2024-01-23 12:20:08,67.18,46.08
2024-01-23 12:22:38,71.2,47.28
2024-01-23 12:25:07,76.1,49.3
2024-01-23 12:27:34,70.57,41.83
2024-01-23 12:30:00,65.28,42.67
2024-01-23 12:32:26,72.65,43.03
2024-01-23 12:34:53,67.8,41.75
2024-01-23 12:37:22,62.25,40.13
2024-01-23 12:39:49,64.3,41.25
2024-01-23 12:42:15,67.6,41.97
2024-01-23 12:44:41,68.75,45.65
2024-01-23 12:47:07,68.78,44.95
2024-01-23 12:49:36,66.13,42.9
2024-01-23 12:52:02,68.9,43.13
2024-01-23 12:54:28,66.43,42.67
2024-01-23 12:56:54,76.22,46.3
2024-01-23 12:59:20,65.03,39.83
2024-01-23 13:01:46,69.7,43.4
2024-01-23 13:04:11,63.38,42.03
2024-01-23 13:06:37,68.15,41.92
2024-01-23 13:09:03,69.68,41.03
2024-01-23 13:11:29,66.47,42.35
2024-01-23 13:13:54,65.05,39.08
2024-01-23 13:16:20,68.2,42.3
2024-01-23 13:18:47,62.0,39.92
2024-01-23 13:21:13,67.28,39.78
2024-01-23 13:23:38,64.05,40.7
2024-01-23 13:26:04,60.65,37.55
2024-01-23 13:28:30,60.7,37.2
2024-01-23 13:30:56,67.0,39.67
2024-01-23 13:33:22,69.6,41.3
2024-01-23 13:35:47,72.45,44.47
2024-01-23 13:38:13,77.78,43.38
2024-01-23 13:40:39,71.32,42.67
2024-01-23 13:43:05,65.65,40.1
2024-01-23 13:45:31,69.03,42.78
2024-01-23 13:47:56,65.63,42.08
2024-01-23 13:50:22,68.97,43.47
2024-01-23 13:52:49,73.7,43.3
2024-01-23 13:55:19,69.22,43.25
2024-01-23 13:57:46,67.78,41.42
2024-01-23 14:00:12,67.78,43.05
2024-01-23 14:02:40,79.38,47.2
2024-01-23 14:05:06,83.6,50.0
2024-01-23 14:07:32,89.4,55.88
2024-01-23 14:09:59,83.65,52.33
2024-01-23 14:12:25,87.93,52.7
2024-01-23 14:14:50,84.05,53.5
2024-01-23 14:17:16,89.5,54.65
2024-01-23 14:19:42,84.4,53.1
2024-01-23 14:22:08,87.88,53.7
2024-01-23 14:24:36,94.38,55.55
2024-01-23 14:27:02,97.82,58.2
2024-01-23 14:29:29,87.15,52.55
2024-01-23 14:31:55,87.38,52.85
2024-01-23 14:34:22,82.2,49.9
2024-01-23 14:36:48,79.07,45.85
2024-01-23 14:39:14,86.95,49.95
2024-01-23 14:41:41,94.15,53.67
2024-01-23 14:44:06,103.68,59.13
2024-01-23 14:46:34,114.8,67.82
2024-01-23 14:49:00,123.68,71.72
2024-01-23 14:51:27,121.88,72.38
2024-01-23 14:53:53,124.7,74.88
2024-01-23 14:56:19,117.82,70.82
2024-01-23 14:58:45,81.15,51.7
2024-01-23 15:01:10,84.07,50.38
2024-01-23 15:03:36,83.97,48.88
2024-01-23 15:06:02,83.8,52.3
2024-01-23 15:08:28,86.25,50.25
2024-01-23 15:10:54,87.45,51.08
2024-01-23 15:13:19,99.0,57.8
2024-01-23 15:15:45,94.3,55.42
2024-01-23 15:18:11,90.93,53.7
2024-01-23 15:20:40,94.25,56.38
2024-01-23 15:23:05,89.38,52.53
2024-01-23 15:25:32,87.68,54.83
2024-01-23 15:27:58,116.32,66.9
2024-01-23 15:30:24,122.93,75.1
2024-01-23 15:32:55,127.28,76.18
2024-01-23 15:35:21,95.2,50.9
2024-01-23 15:37:47,102.2,60.08
2024-01-23 15:40:13,106.9,59.9
2024-01-23 15:42:39,125.57,69.95
2024-01-23 15:45:06,109.0,65.22
2024-01-23 15:47:32,113.13,67.13
2024-01-23 15:49:58,109.88,67.75
2024-01-23 15:52:24,117.05,70.57
2024-01-23 15:54:50,114.78,64.32
2024-01-23 15:57:15,120.68,67.78
2024-01-23 15:59:41,138.23,76.57
2024-01-23 16:02:07,125.95,71.4
2024-01-23 16:04:33,117.47,66.4
2024-01-23 16:06:59,112.1,64.68
2024-01-23 16:09:25,114.72,69.2
2024-01-23 16:11:51,131.32,76.88
2024-01-23 16:14:16,121.2,71.97
2024-01-23 16:16:42,123.97,70.78
2024-01-23 16:19:09,113.0,61.95
2024-01-23 16:21:35,112.0,62.85
2024-01-23 16:24:00,117.5,67.3
2024-01-23 16:26:26,117.78,68.5
2024-01-23 16:28:52,135.07,81.55
2024-01-23 16:31:18,155.27,87.57
2024-01-23 16:33:43,128.6,73.97
2024-01-23 16:36:09,140.7,85.7
2024-01-23 16:38:35,129.35,79.5
2024-01-23 16:41:01,155.68,88.9
2024-01-23 16:43:27,188.55,107.55
2024-01-23 16:45:52,184.3,102.2
2024-01-23 16:48:18,180.45,103.95
2024-01-23 16:50:44,171.27,98.5
2024-01-23 16:53:09,200.15,113.22
2024-01-23 16:55:35,164.52,94.97
2024-01-23 16:58:01,192.73,114.03
2024-01-23 17:00:27,187.98,111.5
2024-01-23 17:02:54,198.43,116.75
2024-01-23 17:05:20,168.57,98.82
2024-01-23 17:07:46,110.03,65.5
2024-01-23 17:10:12,144.88,85.3
2024-01-23 17:12:40,157.85,94.8
2024-01-23 17:15:06,144.32,86.63
2024-01-23 17:17:33,129.25,76.0
2024-01-23 17:19:59,141.2,80.8
2024-01-23 17:22:24,97.2,53.2
2024-01-23 17:24:51,121.03,68.28
2024-01-23 17:27:16,109.8,64.13
2024-01-23 17:29:42,132.82,79.07
2024-01-23 17:32:08,68.1,41.5
2024-01-23 17:34:34,68.25,41.6
2024-01-23 17:37:00,94.15,59.85
2024-01-23 17:39:26,68.43,39.78
2024-01-23 17:41:52,87.53,52.78
2024-01-23 17:44:17,112.6,65.32
2024-01-23 17:46:43,116.78,66.1
2024-01-23 17:49:12,110.32,63.45
2024-01-23 17:51:37,68.7,41.8
2024-01-23 17:54:04,46.88,27.13
2024-01-23 17:56:33,57.1,35.6
2024-01-23 17:59:01,78.38,46.63
2024-01-23 18:01:29,86.8,51.53
2024-01-23 18:03:55,90.15,53.0
2024-01-23 18:06:23,68.97,40.4
2024-01-23 18:08:49,80.57,45.42
2024-01-23 18:11:15,89.28,52.38
2024-01-23 18:13:41,102.63,60.15
2024-01-23 18:16:07,85.07,52.67
2024-01-23 18:18:33,83.43,50.95
2024-01-23 18:20:58,93.38,58.45
2024-01-23 18:23:24,79.47,48.78
2024-01-23 18:25:50,94.53,53.88
2024-01-23 18:28:16,92.25,54.95
2024-01-23 18:30:41,99.15,56.88
2024-01-23 18:33:07,87.95,53.63
2024-01-23 18:35:33,84.72,47.6
2024-01-23 18:37:58,92.68,51.53
2024-01-23 18:40:24,77.35,43.97
2024-01-23 18:42:50,61.72,37.92
2024-01-23 18:45:16,64.47,39.17
2024-01-23 18:47:45,80.25,46.6
2024-01-23 18:50:11,84.78,46.8
2024-01-23 18:52:38,73.18,44.05
2024-01-23 18:55:04,83.85,48.72
2024-01-23 18:57:30,88.88,51.47
2024-01-23 18:59:57,79.5,49.6
2024-01-23 19:02:23,71.3,42.97
2024-01-23 19:04:49,92.32,50.03
2024-01-23 19:07:14,85.68,51.3
2024-01-23 19:09:40,84.78,49.4
2024-01-23 19:12:06,86.47,48.63
2024-01-23 19:14:33,84.35,52.45
2024-01-23 19:16:59,86.1,48.15
2024-01-23 19:19:24,87.88,50.63
2024-01-23 19:21:50,77.85,46.67
2024-01-23 19:24:16,78.0,46.67
2024-01-23 19:26:42,85.93,49.7
2024-01-23 19:29:08,72.65,44.9
2024-01-23 19:31:34,82.65,47.75
2024-01-23 19:34:01,112.18,65.28
2024-01-23 19:36:28,133.7,78.45
2024-01-23 19:38:54,97.7,57.05
2024-01-23 19:41:20,83.57,49.53
2024-01-23 19:43:46,67.1,38.88
2024-01-23 19:46:11,106.85,63.17
2024-01-23 19:48:37,119.32,69.2
2024-01-23 19:51:03,124.65,72.97
2024-01-23 19:53:30,277.85,158.3
2024-01-23 19:55:56,218.2,117.18
2024-01-23 19:58:22,165.13,93.7
2024-01-23 20:00:48,130.73,74.6
2024-01-23 20:03:13,114.97,67.03
2024-01-23 20:05:42,129.45,76.95
2024-01-23 20:08:08,123.1,71.7
2024-01-23 20:10:33,68.93,40.33
2024-01-23 20:12:59,83.15,48.03
2024-01-23 20:15:25,100.5,57.53
2024-01-23 20:17:51,109.5,62.97
2024-01-23 20:20:17,98.35,54.97
2024-01-23 20:22:43,97.35,55.28
2024-01-23 20:25:09,113.1,62.6
2024-01-23 20:27:35,101.13,58.4
2024-01-23 20:30:01,107.13,61.88
2024-01-23 20:32:26,96.25,54.2
2024-01-23 20:34:52,95.85,53.05
2024-01-23 20:37:20,110.2,61.78
2024-01-23 20:39:46,96.35,54.25
2024-01-23 20:42:12,85.93,49.63
2024-01-23 20:44:41,65.82,40.15
2024-01-23 20:47:07,74.38,45.2
2024-01-23 20:49:33,72.38,42.33
2024-01-23 20:51:59,70.47,39.9
2024-01-23 20:54:25,57.22,36.58
2024-01-23 20:56:51,83.63,47.22
2024-01-23 20:59:18,79.43,47.92
2024-01-23 21:01:44,81.35,45.97
2024-01-23 21:04:09,88.05,52.38
2024-01-23 21:06:35,80.88,46.42
2024-01-23 21:09:01,74.47,45.35
2024-01-23 21:11:27,74.93,41.7
2024-01-23 21:13:52,68.6,40.83
2024-01-23 21:16:19,59.33,38.88
2024-01-23 21:18:44,55.8,34.03
2024-01-23 21:21:11,54.5,32.65
2024-01-23 21:23:37,54.05,33.28
2024-01-23 21:26:05,45.15,28.15
2024-01-23 21:28:32,31.55,20.02
2024-01-23 21:30:58,47.05,26.88
2024-01-23 21:33:23,45.4,26.88
2024-01-23 21:35:49,47.28,27.05
2024-01-23 21:38:15,59.83,36.0
2024-01-23 21:40:42,62.47,36.0
2024-01-23 21:43:08,59.22,34.8
2024-01-23 21:45:34,60.92,36.25
2024-01-23 21:48:00,50.47,32.28
2024-01-23 21:50:26,37.35,23.73
2024-01-23 21:52:53,63.7,36.97
2024-01-23 21:55:19,63.58,36.53
2024-01-23 21:57:44,55.08,32.42
2024-01-23 22:00:10,61.17,34.35
2024-01-23 22:02:37,54.65,32.1
2024-01-23 22:05:03,54.83,34.5
2024-01-23 22:07:29,51.92,34.13
2024-01-23 22:09:55,59.92,36.58
2024-01-23 22:12:21,49.0,29.33
2024-01-23 22:14:47,51.25,31.6
2024-01-23 22:17:12,54.78,33.28
2024-01-23 22:19:38,50.28,31.58
2024-01-23 22:22:05,56.58,32.03
2024-01-23 22:24:34,48.08,30.13
2024-01-23 22:27:00,51.88,31.98
2024-01-23 22:29:25,52.17,32.58
2024-01-23 22:31:51,56.1,32.13
2024-01-23 22:34:17,47.88,28.55
2024-01-23 22:36:43,37.42,22.65
2024-01-23 22:39:08,43.47,27.2
2024-01-23 22:41:37,50.35,29.55
2024-01-23 22:44:06,40.08,25.15
2024-01-23 22:46:34,40.05,23.88
2024-01-23 22:49:03,47.67,28.13
2024-01-23 22:51:32,38.17,24.55
2024-01-23 22:53:58,33.95,21.15
2024-01-23 22:56:23,35.45,22.23
2024-01-23 22:58:50,41.08,26.25
2024-01-23 23:01:15,46.6,27.3
2024-01-23 23:03:41,42.83,24.4
2024-01-23 23:06:07,39.13,24.83
2024-01-23 23:08:33,38.9,22.3
2024-01-23 23:10:58,43.28,25.3
2024-01-23 23:13:24,34.08,19.45
2024-01-23 23:15:50,31.88,19.45
2024-01-23 23:18:16,36.35,21.27
2024-01-23 23:20:42,38.72,21.08
2024-01-23 23:23:08,38.88,22.42
2024-01-23 23:25:34,41.7,22.3
2024-01-23 23:28:02,37.97,22.17
2024-01-23 23:30:28,34.33,20.38
2024-01-23 23:32:55,36.1,21.3
2024-01-23 23:35:20,38.85,24.5
2024-01-23 23:37:46,37.4,22.73
2024-01-23 23:40:12,38.0,23.08
2024-01-23 23:42:38,39.97,23.33
2024-01-23 23:45:04,41.35,23.5
2024-01-23 23:47:30,31.77,19.85
2024-01-23 23:49:56,36.42,21.98
2024-01-23 23:52:23,29.7,18.23
2024-01-23 23:54:49,36.0,22.1
2024-01-23 23:57:14,32.58,19.25
2024-01-23 23:59:41,31.27,19.7
2024-01-24 00:02:07,33.0,19.0
2024-01-24 00:04:32,34.15,21.83
2024-01-24 00:06:59,29.3,18.1
2024-01-24 00:09:25,32.55,20.55
2024-01-24 00:11:50,38.0,22.83
2024-01-24 00:14:16,34.35,21.6
2024-01-24 00:16:42,29.1,17.8
2024-01-24 00:19:08,28.5,18.15
2024-01-24 00:21:33,31.1,18.25
2024-01-24 00:24:01,30.83,18.6
2024-01-24 00:26:26,33.6,18.77
2024-01-24 00:28:52,37.58,22.2
2024-01-24 00:31:18,34.45,21.27
2024-01-24 00:33:44,32.58,19.6
2024-01-24 00:36:09,31.75,19.05
2024-01-24 00:38:35,31.92,19.63
2024-01-24 00:41:01,30.9,19.17
2024-01-24 00:43:26,33.8,20.33
2024-01-24 00:45:52,34.83,21.33
2024-01-24 00:48:18,26.05,16.77
2024-01-24 00:50:44,31.42,18.23
2024-01-24 00:53:09,25.02,17.25
2024-01-24 00:58:09,29.52,17.83
2024-01-24 01:00:34,29.35,17.58
2024-01-24 01:03:00,35.17,20.35
2024-01-24 01:05:26,32.3,19.42
2024-01-24 01:07:52,42.3,24.67
2024-01-24 01:10:17,28.75,17.7
2024-01-24 01:12:43,30.27,18.85
2024-01-24 01:15:09,38.8,23.17
2024-01-24 01:17:35,28.7,16.65
2024-01-24 01:20:00,26.67,14.07
2024-01-24 01:22:27,26.38,16.83
2024-01-24 01:24:53,26.6,16.98
2024-01-24 01:27:18,31.52,19.38
2024-01-24 01:29:44,28.85,17.67
2024-01-24 01:32:10,24.48,14.0
2024-01-24 01:34:35,20.98,11.32
2024-01-24 01:37:01,22.8,14.25
2024-01-24 01:39:27,34.0,19.35
2024-01-24 01:41:53,26.83,17.1
2024-01-24 01:44:19,30.83,16.7
2024-01-24 01:46:45,20.65,13.2
2024-01-24 01:49:10,21.17,13.1
2024-01-24 01:51:37,27.9,17.08
2024-01-24 01:54:03,23.25,14.63
2024-01-24 01:56:31,21.45,13.6
2024-01-24 01:58:57,22.3,14.93
2024-01-24 02:01:23,25.85,15.6
2024-01-24 02:03:48,22.38,13.73
2024-01-24 02:06:14,23.63,15.15
2024-01-24 02:08:40,22.33,13.13
2024-01-24 02:11:08,21.92,11.73
2024-01-24 02:13:34,21.6,13.8
2024-01-24 02:16:02,24.17,14.27
2024-01-24 02:18:33,20.85,12.63
2024-01-24 02:20:59,17.73,11.93
2024-01-24 02:23:25,22.67,15.15
2024-01-24 02:25:52,21.33,13.93
2024-01-24 02:28:18,22.67,14.7
2024-01-24 02:30:45,23.2,13.75
2024-01-24 02:33:11,26.6,14.82
2024-01-24 02:35:38,26.13,15.25
2024-01-24 02:38:04,26.2,15.5
2024-01-24 02:40:30,24.4,13.43
2024-01-24 02:42:56,21.77,12.75
2024-01-24 02:45:22,19.02,12.43
2024-01-24 02:47:48,19.65,12.6
2024-01-24 02:50:13,18.73,11.73
2024-01-24 02:52:39,14.18,9.7
2024-01-24 02:55:05,21.23,12.07
2024-01-24 02:57:32,23.05,13.25
2024-01-24 02:59:58,27.08,14.95
2024-01-24 03:02:24,23.15,14.77
2024-01-24 03:04:49,22.73,14.65
2024-01-24 03:07:15,17.63,11.1
2024-01-24 03:09:41,22.8,13.07
2024-01-24 03:12:07,20.85,12.48
2024-01-24 03:14:33,17.6,11.07
2024-01-24 03:16:58,19.25,12.0
2024-01-24 03:19:26,20.58,13.13
2024-01-24 03:21:51,20.38,13.13
2024-01-24 03:24:17,19.63,12.7
2024-01-24 03:26:43,21.4,13.55
2024-01-24 03:29:09,26.23,15.82
2024-01-24 03:31:34,24.88,14.5
2024-01-24 03:34:00,21.85,14.02
2024-01-24 03:36:26,24.25,15.0
2024-01-24 03:38:52,24.1,14.77
2024-01-24 03:41:18,21.75,13.8
2024-01-24 03:43:44,21.77,13.32
2024-01-24 03:46:10,28.27,15.05
2024-01-24 03:48:35,19.95,13.38
2024-01-24 03:51:01,23.1,13.48
2024-01-24 03:53:27,23.9,13.93
2024-01-24 03:55:53,21.48,14.2
2024-01-24 03:58:19,24.38,14.8
2024-01-24 04:00:45,22.05,14.1
2024-01-24 04:03:11,22.77,15.13
2024-01-24 04:05:37,23.83,14.82
2024-01-24 04:08:02,23.05,14.52
2024-01-24 04:10:28,23.83,14.3
2024-01-24 04:12:54,16.83,10.4
2024-01-24 04:15:20,22.65,14.02
2024-01-24 04:17:47,21.83,14.05
2024-01-24 04:20:12,24.13,14.02
2024-01-24 04:22:38,21.25,14.05
2024-01-24 04:25:04,23.6,14.0
2024-01-24 04:27:30,31.0,19.35
2024-01-24 04:29:56,30.85,17.13
2024-01-24 04:32:22,26.7,17.13
2024-01-24 04:34:47,23.0,13.0
2024-01-24 04:37:13,32.47,19.63
2024-01-24 04:39:39,30.42,18.2
2024-01-24 04:42:05,20.13,12.8
2024-01-24 04:44:30,29.35,17.33
2024-01-24 04:46:56,27.5,17.1
2024-01-24 04:49:22,30.4,18.7
2024-01-24 04:51:48,30.15,18.4
2024-01-24 04:54:17,28.2,17.77
2024-01-24 04:56:43,29.15,16.13
2024-01-24 04:59:11,28.67,18.05
2024-01-24 05:01:37,29.0,17.67
2024-01-24 05:04:03,25.6,15.18
2024-01-24 05:06:29,30.65,19.35
2024-01-24 05:08:55,32.67,19.3
2024-01-24 05:11:20,33.92,19.7
2024-01-24 05:13:47,28.75,17.58
2024-01-24 05:16:13,31.52,19.13
2024-01-24 05:18:40,28.4,17.83
2024-01-24 05:21:06,34.78,20.05
2024-01-24 05:23:32,37.2,18.45
2024-01-24 05:25:57,27.27,17.95
2024-01-24 05:28:23,26.67,16.55
2024-01-24 05:30:49,26.52,16.42
2024-01-24 05:33:15,22.33,12.57
2024-01-24 05:35:40,23.77,15.68
2024-01-24 05:38:06,21.6,14.02
2024-01-24 05:40:32,24.55,15.5
2024-01-24 05:42:58,25.58,15.27
2024-01-24 05:45:25,27.92,16.85
2024-01-24 05:47:51,26.33,16.1
2024-01-24 05:50:17,24.48,15.52
2024-01-24 05:52:43,23.38,15.1
2024-01-24 05:55:10,24.98,16.2
2024-01-24 05:57:37,21.35,13.9
2024-01-24 06:00:05,25.2,15.6
2024-01-24 06:02:36,27.45,15.82
2024-01-24 06:05:02,48.85,31.48
2024-01-24 06:07:29,52.47,29.1
2024-01-24 06:09:56,67.15,36.28
2024-01-24 06:12:22,44.88,26.6
2024-01-24 06:14:48,39.83,23.48
2024-01-24 06:17:15,45.0,26.65
2024-01-24 06:19:40,64.82,37.25
2024-01-24 06:22:08,40.0,23.88
2024-01-24 06:24:34,38.83,22.45
2024-01-24 06:27:01,43.92,23.73
2024-01-24 06:29:26,42.65,25.5
2024-01-24 06:31:52,39.97,25.02
2024-01-24 06:34:18,65.75,36.03
2024-01-24 06:36:44,69.78,40.78
2024-01-24 06:39:10,93.78,50.4
2024-01-24 06:41:35,67.93,40.25
2024-01-24 06:44:01,54.63,32.15
2024-01-24 06:46:30,59.08,30.75
2024-01-24 06:48:56,53.35,30.15
2024-01-24 06:51:22,47.33,28.52
2024-01-24 06:53:48,49.75,29.52
2024-01-24 06:56:14,48.3,29.58
2024-01-24 06:58:39,40.72,24.6
2024-01-24 07:01:06,35.72,19.73
2024-01-24 07:03:32,53.45,31.0
2024-01-24 07:05:58,58.08,35.95
2024-01-24 07:08:24,73.07,44.22
2024-01-24 07:10:49,71.72,43.85
2024-01-24 07:13:15,57.47,35.15
2024-01-24 07:15:41,59.75,37.25
2024-01-24 07:18:07,58.53,36.0
2024-01-24 07:20:34,53.4,32.22
2024-01-24 07:23:00,50.13,29.92
2024-01-24 07:25:27,50.42,29.63
2024-01-24 07:27:53,47.88,30.38
2024-01-24 07:30:19,47.0,27.67
2024-01-24 07:32:47,42.83,27.45
2024-01-24 07:35:14,42.45,26.33
2024-01-24 07:37:40,41.88,24.95
2024-01-24 07:40:06,39.83,23.85
2024-01-24 07:42:32,33.65,22.58
2024-01-24 07:44:58,37.95,22.98
2024-01-24 07:47:24,32.33,19.88
2024-01-24 07:49:50,28.75,18.4
2024-01-24 07:52:16,30.52,17.98
2024-01-24 07:54:42,25.35,15.13
2024-01-24 07:57:08,21.9,13.95
2024-01-24 07:59:34,17.67,11.15
2024-01-24 08:02:00,19.52,11.2
2024-01-24 08:04:27,19.7,12.2
2024-01-24 08:06:55,19.05,12.05
2024-01-24 08:09:21,20.05,11.55
2024-01-24 08:11:47,15.85,9.25
2024-01-24 08:14:12,15.07,8.4
2024-01-24 08:16:38,11.32,6.75
2024-01-24 08:19:04,11.32,6.1
2024-01-24 08:21:30,9.07,5.53
2024-01-24 08:23:56,31.17,17.33
2024-01-24 08:26:21,15.02,8.85
2024-01-24 08:28:47,10.65,7.2
2024-01-24 08:31:13,17.63,10.1
2024-01-24 08:33:39,15.23,9.93
2024-01-24 08:36:05,11.35,6.88
2024-01-24 08:38:30,8.82,6.25
2024-01-24 08:40:56,8.05,6.32
2024-01-24 08:43:23,9.48,6.2
2024-01-24 08:45:49,10.52,5.43
2024-01-24 08:48:16,7.13,5.2
2024-01-24 08:50:42,9.7,4.13
2024-01-24 08:53:08,5.07,3.67
2024-01-24 08:55:34,5.93,3.78
2024-01-24 08:58:00,10.77,3.47
2024-01-24 09:00:25,6.15,4.07
2024-01-24 09:02:53,6.5,3.78
2024-01-24 09:05:18,5.95,3.58
2024-01-24 09:07:46,4.88,3.0
2024-01-24 09:10:12,6.55,2.78
2024-01-24 09:12:37,9.77,3.33
2024-01-24 09:15:03,4.25,2.3
2024-01-24 09:17:30,3.72,2.4
2024-01-24 09:19:57,4.9,2.42
2024-01-24 09:22:23,5.4,2.5
2024-01-24 09:24:48,2.92,2.4
2024-01-24 09:27:14,4.2,2.25
2024-01-24 09:29:41,5.13,2.6
2024-01-24 09:32:06,2.72,2.0
2024-01-24 09:34:32,5.38,2.2
2024-01-24 09:36:58,4.1,2.33
2024-01-24 09:39:24,2.6,1.9
2024-01-24 09:41:50,4.5,2.47
2024-01-24 09:44:16,3.22,1.98
2024-01-24 09:46:43,3.42,2.05
2024-01-24 09:49:10,5.05,2.03
2024-01-24 09:51:36,2.83,1.75
2024-01-24 09:54:03,4.5,2.1
2024-01-24 09:56:32,3.85,2.13
2024-01-24 09:59:06,2.9,1.9
2024-01-24 10:01:37,4.43,2.2
2024-01-24 10:04:04,2.83,1.95
2024-01-24 10:06:31,5.32,1.95
2024-01-24 10:08:57,2.42,1.88
2024-01-24 10:11:24,4.78,2.53
2024-01-24 10:13:55,5.65,2.5
2024-01-24 10:16:21,3.6,2.25
2024-01-24 10:18:49,5.35,2.03
2024-01-24 10:21:14,4.38,2.2
2024-01-24 10:23:40,7.57,2.35
2024-01-24 10:26:09,4.07,2.22
2024-01-24 10:28:35,9.4,2.08
2024-01-24 10:31:01,4.28,1.92
2024-01-24 10:33:28,3.1,2.2
2024-01-24 10:35:55,4.5,1.85
2024-01-24 10:38:22,3.2,1.65
2024-01-24 10:40:52,3.1,1.5
2024-01-24 10:43:22,6.07,2.0
2024-01-24 10:45:50,3.83,1.8
2024-01-24 10:48:17,4.78,1.83
2024-01-24 10:50:43,3.95,2.2
2024-01-24 10:53:09,2.9,1.63
2024-01-24 10:55:36,2.85,1.6
2024-01-24 10:58:03,5.07,1.9
2024-01-24 11:00:29,3.75,1.9
2024-01-24 11:02:55,3.58,2.28
2024-01-24 11:10:56,7.1,1.9
2024-01-24 11:13:26,3.55,2.2
2024-01-24 11:15:52,3.0,1.85
2024-01-24 11:18:21,4.93,2.0
2024-01-24 11:20:57,3.9,2.0
2024-01-24 11:26:00,3.83,1.73
2024-01-24 11:28:27,5.32,2.28
2024-01-24 11:30:52,3.97,1.75
2024-01-24 11:33:18,3.25,1.5
2024-01-24 11:35:47,4.53,2.22
2024-01-24 11:40:50,3.03,1.92
2024-01-24 11:43:26,4.4,1.85
2024-01-24 11:45:54,4.78,1.58
2024-01-24 11:48:20,8.73,2.03
2024-01-24 11:51:00,5.55,1.9
2024-01-24 11:53:27,3.03,2.0
2024-01-24 11:55:57,3.25,1.9
2024-01-24 11:58:26,4.1,1.7
2024-01-24 12:01:06,6.57,1.63
2024-01-24 12:03:33,6.13,2.42
2024-01-24 12:06:00,4.78,1.95
2024-01-24 12:08:27,4.05,1.9
2024-01-24 12:10:53,2.65,1.65
2024-01-24 12:13:20,3.72,2.0
2024-01-24 12:15:53,4.82,2.17
2024-01-24 12:18:24,8.23,2.35
2024-01-24 12:20:52,3.6,2.13
2024-01-24 12:23:19,7.28,2.1
2024-01-24 12:25:46,5.72,2.15
2024-01-24 12:28:12,4.7,1.88
2024-01-24 12:30:38,7.93,2.35
2024-01-24 12:33:07,7.53,2.3
2024-01-24 12:35:33,4.97,2.47
2024-01-24 12:38:00,5.65,2.3
2024-01-24 12:40:27,5.53,2.4
2024-01-24 12:42:53,4.55,1.88
2024-01-24 12:45:22,5.82,2.33
2024-01-24 12:47:52,6.45,2.4
2024-01-24 12:50:19,8.15,2.25
2024-01-24 12:52:46,5.15,2.2
2024-01-24 12:55:12,10.02,2.25
2024-01-24 12:57:39,4.2,2.15
2024-01-24 13:00:08,8.75,2.45
2024-01-24 13:02:35,7.22,2.2
2024-01-24 13:05:03,5.3,2.1
2024-01-24 13:07:29,5.88,2.3
2024-01-24 13:09:56,4.9,2.5
2024-01-24 13:12:22,5.82,2.1
2024-01-24 13:14:48,7.5,2.4
2024-01-24 13:17:13,8.13,2.8
2024-01-24 13:19:39,6.43,2.6
2024-01-24 13:22:05,7.1,2.2
2024-01-24 13:24:30,5.22,2.4
2024-01-24 13:26:56,7.5,3.1
2024-01-24 13:29:25,8.5,2.7
2024-01-24 13:31:51,5.13,2.4
2024-01-24 13:34:16,7.88,2.83
2024-01-24 13:36:43,6.45,2.63
2024-01-24 13:39:10,5.6,2.17
2024-01-24 13:41:38,4.8,2.47
2024-01-24 13:44:04,8.75,2.55
2024-01-24 13:46:30,5.78,2.78
2024-01-24 13:48:55,7.22,3.53
2024-01-24 13:51:21,8.75,2.83
2024-01-24 13:53:47,7.68,2.92
2024-01-24 13:56:13,8.13,3.28
2024-01-24 13:58:38,10.38,3.08
2024-01-24 14:01:04,7.13,3.33
2024-01-24 14:03:30,5.47,3.2
2024-01-24 14:05:57,5.43,3.08
2024-01-24 14:08:23,5.32,3.1
2024-01-24 14:10:49,7.35,2.8
2024-01-24 14:13:15,11.63,3.0
2024-01-24 14:15:41,5.65,3.33
2024-01-24 14:18:07,6.82,3.15
2024-01-24 14:20:33,5.0,3.4
2024-01-24 14:22:59,6.43,3.47
2024-01-24 14:25:25,3.88,2.95
2024-01-24 14:27:50,5.78,3.4
2024-01-24 14:30:16,5.82,3.22
2024-01-24 14:32:42,7.7,3.75
2024-01-24 14:35:08,6.45,3.22
2024-01-24 14:37:34,7.88,3.3
2024-01-24 14:40:00,6.72,3.6
2024-01-24 14:42:25,8.13,3.85
2024-01-24 14:44:51,5.47,3.47
2024-01-24 14:47:17,7.15,3.38
2024-01-24 14:49:44,8.5,3.45
2024-01-24 14:52:11,6.0,3.2
2024-01-24 14:54:37,7.15,3.38
2024-01-24 14:57:04,9.98,4.75
2024-01-24 14:59:31,10.9,4.9
2024-01-24 15:01:57,14.73,5.57
2024-01-24 15:04:23,11.65,4.28
2024-01-24 15:06:50,15.38,6.28
2024-01-24 15:09:17,15.27,6.8
2024-01-24 15:11:44,14.13,6.8
2024-01-24 15:14:12,14.23,5.95
2024-01-24 15:16:38,10.93,5.47
2024-01-24 15:19:04,13.65,6.03
2024-01-24 15:21:30,10.6,5.3
2024-01-24 15:23:56,12.07,5.05
2024-01-24 15:26:21,9.9,4.55
2024-01-24 15:28:47,9.1,4.65
2024-01-24 15:31:13,7.72,4.15
2024-01-24 15:33:39,10.85,4.2
2024-01-24 15:36:06,20.75,5.3
2024-01-24 15:38:32,8.45,4.6
2024-01-24 15:40:58,9.05,4.93
2024-01-24 15:43:24,11.77,4.7
2024-01-24 15:45:51,7.18,4.65
2024-01-24 15:48:17,9.32,4.15
2024-01-24 15:50:43,9.45,5.1
2024-01-24 15:53:09,8.18,4.43
2024-01-24 15:55:36,12.4,4.55
2024-01-24 15:58:01,11.7,4.47
2024-01-24 16:00:27,16.35,5.75
2024-01-24 16:02:53,10.88,4.47
2024-01-24 16:05:32,11.82,4.45
2024-01-24 16:07:59,12.05,5.2
2024-01-24 16:10:27,8.4,4.65
2024-01-24 16:12:53,13.15,4.7
2024-01-24 16:15:19,14.73,5.5
2024-01-24 16:17:44,10.57,5.35
2024-01-24 16:20:10,9.4,5.2
2024-01-24 16:22:36,7.68,4.6
2024-01-24 16:25:02,12.3,4.95
2024-01-24 16:27:28,15.23,5.28
2024-01-24 16:29:55,12.5,4.72
2024-01-24 16:32:21,10.13,5.1
2024-01-24 16:34:47,10.48,5.45
2024-01-24 16:37:13,14.52,6.22
2024-01-24 16:39:39,11.93,5.93
2024-01-24 16:42:05,11.55,5.38
2024-01-24 16:44:31,12.75,4.97
2024-01-24 16:46:57,11.48,5.0
2024-01-24 16:49:24,10.68,4.9
2024-01-24 16:51:50,9.38,4.65
2024-01-24 16:54:15,16.52,4.45
2024-01-24 16:56:41,9.82,6.0
2024-01-24 16:59:07,14.05,8.98
2024-01-24 17:01:33,23.27,11.25
2024-01-24 17:03:58,29.27,12.32
2024-01-24 17:06:24,18.0,10.07
2024-01-24 17:08:50,31.13,17.63
2024-01-24 17:11:16,30.17,15.75
2024-01-24 17:13:43,15.23,8.35
2024-01-24 17:16:10,23.05,13.15
2024-01-24 17:18:35,19.63,12.13
2024-01-24 17:21:03,16.88,10.45
2024-01-24 17:23:29,24.83,13.02
2024-01-24 17:25:55,30.27,18.08
2024-01-24 17:28:21,19.27,11.25
2024-01-24 17:30:47,50.42,27.08
2024-01-24 17:33:13,36.83,20.73
2024-01-24 17:35:39,48.28,26.88
2024-01-24 17:38:06,48.53,27.6
2024-01-24 17:40:32,44.17,25.8
2024-01-24 17:42:58,46.1,26.67
2024-01-24 17:45:24,35.9,21.23
2024-01-24 17:47:50,41.8,24.4
2024-01-24 17:50:16,68.2,39.55
2024-01-24 17:52:42,68.68,39.63
2024-01-24 17:55:08,60.47,35.65
2024-01-24 17:57:34,44.55,25.58
2024-01-24 18:00:00,49.4,29.83
2024-01-24 18:02:30,38.3,24.1
2024-01-24 18:04:56,52.05,31.67
2024-01-24 18:07:22,127.9,74.38
2024-01-24 18:09:48,124.18,73.15
2024-01-24 18:12:18,100.85,56.17
2024-01-24 18:14:43,90.35,51.83
2024-01-24 18:17:09,111.53,57.9
2024-01-24 18:19:35,82.25,47.78
2024-01-24 18:22:01,104.85,58.35
2024-01-24 18:24:27,71.93,42.15
2024-01-24 18:26:52,37.8,23.88
2024-01-24 18:29:18,57.95,32.45
2024-01-24 18:31:44,45.7,27.9
2024-01-24 18:34:10,31.6,18.85
2024-01-24 18:36:35,44.4,28.8
2024-01-24 18:39:01,77.0,40.88
2024-01-24 18:41:27,58.15,33.92
2024-01-24 18:43:53,53.97,29.7
2024-01-24 18:46:19,46.38,26.38
2024-01-24 18:48:44,47.88,27.77
2024-01-24 18:51:10,56.75,31.5
2024-01-24 18:53:40,55.08,32.67
2024-01-24 18:56:06,49.65,29.27
2024-01-24 18:58:33,38.63,25.17
2024-01-24 19:00:59,34.08,20.85
2024-01-24 19:03:27,37.1,23.7
2024-01-24 19:05:52,33.75,22.35
2024-01-24 19:08:18,35.08,22.65
2024-01-24 19:10:44,44.97,27.45
2024-01-24 19:13:11,55.45,30.58
2024-01-24 19:15:38,44.8,29.17
2024-01-24 19:18:04,58.25,30.95
2024-01-24 19:20:32,59.6,34.78
2024-01-24 19:22:58,48.9,28.92
2024-01-24 19:25:25,49.4,29.35
2024-01-24 19:27:50,49.85,28.1
2024-01-24 19:30:16,48.97,26.33
2024-01-24 19:32:42,42.65,24.8
2024-01-24 19:35:09,223.05,131.93
2024-01-24 19:37:34,106.45,63.6
2024-01-24 19:40:01,111.22,65.03
2024-01-24 19:42:28,161.55,96.25
2024-01-24 19:44:53,131.82,76.72
2024-01-24 19:47:19,150.0,84.35
2024-01-24 19:49:45,169.35,98.65
2024-01-24 19:52:11,185.57,108.1
2024-01-24 19:54:37,133.23,76.47
2024-01-24 19:57:03,64.15,40.92
2024-01-24 19:59:29,58.95,37.2
2024-01-24 20:01:55,76.32,44.15
2024-01-24 20:04:23,86.32,50.05
2024-01-24 20:06:49,83.47,46.05
2024-01-24 20:09:15,57.25,35.67
2024-01-24 20:11:41,69.43,39.13
2024-01-24 20:14:06,70.07,42.13
2024-01-24 20:16:32,64.1,37.2
2024-01-24 20:18:58,61.92,39.33
2024-01-24 20:21:24,72.05,43.97
2024-01-24 20:23:50,76.55,45.53
2024-01-24 20:26:15,71.85,43.1
2024-01-24 20:28:42,70.4,45.0
2024-01-24 20:31:10,57.55,34.17
2024-01-24 20:33:36,53.97,33.3
2024-01-24 20:36:10,52.3,33.65
2024-01-24 20:38:37,44.15,30.27
2024-01-24 20:41:05,41.22,26.52
2024-01-24 20:43:32,53.92,31.15
2024-01-24 20:46:06,54.25,30.85
2024-01-24 20:48:32,48.1,30.5
2024-01-24 20:50:59,58.05,33.78
2024-01-24 20:53:25,52.1,32.83
2024-01-24 20:55:51,49.53,32.1
2024-01-24 20:58:16,46.78,30.67
2024-01-24 21:00:42,48.17,30.4
2024-01-24 21:03:08,56.45,31.48
2024-01-24 21:05:35,51.33,31.45
2024-01-24 21:08:00,56.83,34.1
2024-01-24 21:10:26,63.95,34.45
2024-01-24 21:12:52,54.45,34.05
2024-01-24 21:15:18,63.8,39.53
2024-01-24 21:17:44,87.53,51.3
2024-01-24 21:20:11,85.28,50.17
2024-01-24 21:22:37,85.57,51.38
2024-01-24 21:25:03,79.13,44.75
2024-01-24 21:27:29,68.3,42.3
2024-01-24 21:29:58,86.22,50.4
2024-01-24 21:32:24,82.85,50.58
2024-01-24 21:34:50,83.43,47.3
2024-01-24 21:37:16,90.2,52.0
2024-01-24 21:39:43,80.9,47.05
2024-01-24 21:42:10,80.47,47.72
2024-01-24 21:44:35,75.63,46.22
2024-01-24 21:47:01,75.85,46.1
2024-01-24 21:49:28,90.05,50.9
2024-01-24 21:51:55,113.07,64.2
2024-01-24 21:54:22,109.18,59.83
2024-01-24 21:56:48,119.4,71.15
2024-01-24 21:59:14,80.63,48.2
2024-01-24 22:01:40,76.6,46.7
2024-01-24 22:04:06,59.53,38.95
2024-01-24 22:06:32,79.03,46.17
2024-01-24 22:08:58,81.4,46.47
2024-01-24 22:11:25,68.25,41.85
2024-01-24 22:13:51,61.42,37.55
2024-01-24 22:16:17,131.65,78.22
2024-01-24 22:18:43,75.0,47.08
2024-01-24 22:21:09,65.13,41.35
2024-01-24 22:23:38,72.47,40.85
2024-01-24 22:26:04,58.9,37.92
2024-01-24 22:28:30,46.85,29.23
2024-01-24 22:30:56,53.3,32.28
2024-01-24 22:33:22,68.07,43.33
2024-01-24 22:35:48,83.72,50.97
2024-01-24 22:38:14,80.82,48.38
2024-01-24 22:40:40,85.8,51.47
2024-01-24 22:43:10,74.78,47.17
2024-01-24 22:45:36,74.85,46.58
2024-01-24 22:48:02,83.9,51.88
2024-01-24 22:50:28,71.2,43.05
2024-01-24 22:52:54,70.43,41.35
2024-01-24 22:55:20,72.6,44.55
2024-01-24 22:57:46,68.85,41.85
2024-01-24 23:00:13,67.57,41.63
2024-01-24 23:02:43,52.83,34.28
2024-01-24 23:05:13,60.1,38.38
2024-01-24 23:07:40,57.22,35.97
2024-01-24 23:10:06,75.05,44.9
2024-01-24 23:12:35,93.05,55.5
2024-01-24 23:15:02,81.22,47.2
2024-01-24 23:17:29,85.5,52.88
2024-01-24 23:19:55,77.32,46.9
2024-01-24 23:22:22,91.68,53.8
2024-01-24 23:24:48,88.03,51.38
2024-01-24 23:27:15,86.1,49.22
2024-01-24 23:29:40,90.32,52.4
2024-01-24 23:32:06,87.57,52.75
2024-01-24 23:34:32,127.65,76.1
2024-01-24 23:36:58,113.0,63.63
2024-01-24 23:39:24,114.55,65.05
2024-01-24 23:41:50,147.6,88.88
2024-01-24 23:44:16,184.95,110.88
2024-01-24 23:46:42,198.25,118.1
2024-01-24 23:49:08,192.25,111.3
2024-01-24 23:51:33,172.6,100.65
2024-01-24 23:53:59,161.82,95.53
2024-01-24 23:56:25,130.68,78.9
2024-01-24 23:58:51,143.0,82.35
2024-01-25 00:01:17,92.1,55.03
2024-01-25 00:03:43,85.75,51.83
2024-01-25 00:06:08,86.5,50.3
2024-01-25 00:08:34,77.13,46.35
2024-01-25 00:11:03,92.7,53.08
2024-01-25 00:13:29,89.1,53.28
2024-01-25 00:15:55,78.07,45.6
2024-01-25 00:18:21,65.22,39.78
2024-01-25 00:20:47,76.05,44.25
2024-01-25 00:23:12,76.1,43.58
2024-01-25 00:25:39,61.65,38.05
2024-01-25 00:28:05,67.8,40.33
2024-01-25 00:30:31,65.13,40.9
2024-01-25 00:32:57,89.05,51.35
2024-01-25 00:35:23,94.57,52.55
2024-01-25 00:37:49,95.38,51.5
2024-01-25 00:40:15,82.65,48.0
2024-01-25 00:42:42,65.07,40.33
2024-01-25 00:45:11,59.6,36.13
2024-01-25 00:47:37,54.78,35.05
2024-01-25 00:50:04,52.38,31.02
2024-01-25 00:52:30,48.78,30.83
2024-01-25 00:54:56,45.83,28.85
2024-01-25 00:57:22,45.53,29.7
2024-01-25 00:59:48,47.7,31.42
2024-01-25 01:02:14,58.63,33.38
2024-01-25 01:04:40,55.42,33.33
2024-01-25 01:07:06,52.78,32.3
2024-01-25 01:09:32,51.75,31.73
2024-01-25 01:12:00,51.83,31.08
2024-01-25 01:14:25,48.1,30.52
2024-01-25 01:16:51,46.53,27.85
2024-01-25 01:19:17,41.9,26.75
2024-01-25 01:21:42,41.17,26.77
2024-01-25 01:24:12,46.15,28.05
2024-01-25 01:26:38,44.8,26.3
2024-01-25 01:29:04,43.0,26.02
2024-01-25 01:31:30,36.67,24.35
2024-01-25 01:33:56,41.08,24.98
2024-01-25 01:36:23,42.35,27.02
2024-01-25 01:38:48,44.2,27.3
2024-01-25 01:41:14,46.85,27.42
2024-01-25 01:43:40,46.88,30.0
2024-01-25 01:46:09,51.33,31.42
2024-01-25 01:48:43,49.08,30.63
2024-01-25 01:51:09,47.0,29.7
2024-01-25 01:53:35,51.58,31.7
2024-01-25 01:56:07,45.75,28.73
2024-01-25 01:58:34,44.25,29.6
2024-01-25 02:01:00,45.7,27.65
2024-01-25 02:03:27,57.4,32.4
2024-01-25 02:05:53,53.92,32.05
2024-01-25 02:08:19,46.08,29.15
2024-01-25 02:10:45,52.13,32.75
2024-01-25 02:13:11,56.2,35.63
2024-01-25 02:15:36,54.83,32.67
2024-01-25 02:18:02,52.38,33.13
2024-01-25 02:20:28,53.67,33.3
2024-01-25 02:22:54,57.45,33.53
2024-01-25 02:25:19,56.2,31.98
2024-01-25 02:27:45,57.33,36.03
2024-01-25 02:30:11,58.53,33.2
2024-01-25 02:32:36,48.05,31.2
2024-01-25 02:35:02,53.45,32.17
2024-01-25 02:37:28,53.75,33.45
2024-01-25 02:39:54,52.33,30.6
2024-01-25 02:42:19,56.67,33.65
2024-01-25 02:44:45,49.4,29.02
2024-01-25 02:47:11,48.83,29.38
2024-01-25 02:49:37,47.83,28.2
2024-01-25 02:52:02,45.97,29.42
2024-01-25 02:54:28,47.47,27.85
2024-01-25 02:56:54,49.6,30.1
2024-01-25 02:59:20,60.83,38.53
2024-01-25 03:01:46,60.97,35.85
2024-01-25 03:04:14,58.8,36.1
2024-01-25 03:06:39,60.15,36.53
2024-01-25 03:09:05,57.17,36.13
2024-01-25 03:11:31,57.7,34.78
2024-01-25 03:13:57,49.95,31.33
2024-01-25 03:16:23,46.33,28.85
2024-01-25 03:18:49,50.6,30.23
2024-01-25 03:21:14,53.5,32.22
2024-01-25 03:23:40,50.17,29.77
2024-01-25 03:26:06,51.9,30.48
2024-01-25 03:28:33,47.03,29.1
2024-01-25 03:31:00,50.03,30.55
2024-01-25 03:33:26,46.8,28.88
2024-01-25 03:35:53,60.0,29.98
2024-01-25 03:38:19,47.45,29.7
2024-01-25 03:40:44,50.9,30.83
2024-01-25 03:43:10,50.75,30.58
2024-01-25 03:45:36,49.13,30.75
2024-01-25 03:48:01,49.1,28.58
2024-01-25 03:50:27,48.1,28.65
2024-01-25 03:52:53,50.72,30.73
2024-01-25 03:55:19,53.92,31.67
2024-01-25 03:57:44,52.65,32.38
2024-01-25 04:00:10,48.78,30.33
2024-01-25 04:02:36,44.72,27.6
2024-01-25 04:05:02,49.38,30.35
2024-01-25 04:07:29,49.1,28.65
2024-01-25 04:09:55,46.22,28.77
2024-01-25 04:12:20,41.58,27.13
2024-01-25 04:14:46,45.33,28.38
2024-01-25 04:17:12,46.97,26.85
2024-01-25 04:19:37,46.75,26.77
2024-01-25 04:22:03,47.7,26.75
2024-01-25 04:24:29,42.85,26.35
2024-01-25 04:26:55,43.42,27.38
2024-01-25 04:29:20,43.78,27.92
2024-01-25 04:31:46,38.6,25.15
2024-01-25 04:34:13,41.65,27.52
2024-01-25 04:36:40,43.53,27.42
2024-01-25 04:39:06,53.3,31.38
2024-01-25 04:41:31,43.28,27.92
2024-01-25 04:43:57,44.83,27.83
2024-01-25 04:46:23,44.6,27.52
2024-01-25 04:48:49,47.38,27.9
2024-01-25 04:51:18,42.28,24.42
2024-01-25 04:53:45,41.85,25.63
2024-01-25 04:56:11,39.53,25.15
2024-01-25 04:58:37,44.05,26.85
2024-01-25 05:01:02,43.45,27.7
2024-01-25 05:03:29,45.22,26.6
2024-01-25 05:05:55,41.22,27.23
2024-01-25 05:08:21,43.75,28.2
2024-01-25 05:10:47,48.05,30.2
2024-01-25 05:13:12,46.78,30.65
2024-01-25 05:15:38,49.53,30.6
2024-01-25 05:18:04,48.13,27.98
2024-01-25 05:20:31,50.5,30.88
2024-01-25 05:23:02,45.88,29.33
2024-01-25 05:25:28,44.53,30.17
2024-01-25 05:27:55,41.95,26.58
2024-01-25 05:30:21,46.65,29.05
2024-01-25 05:32:47,51.35,29.27
2024-01-25 05:35:14,45.35,30.4
2024-01-25 05:37:41,52.42,31.73
2024-01-25 05:40:07,50.22,31.5
2024-01-25 05:42:34,44.72,28.1
2024-01-25 05:45:01,54.47,32.58
2024-01-25 05:47:28,47.6,29.13
2024-01-25 05:49:54,45.38,28.5
2024-01-25 05:52:20,42.28,27.13
2024-01-25 05:54:47,36.95,24.7
2024-01-25 05:57:13,43.8,26.63
2024-01-25 05:59:39,44.0,26.88
2024-01-25 06:02:05,43.05,26.63
2024-01-25 06:04:32,40.55,24.95
2024-01-25 06:06:58,40.28,24.1
2024-01-25 06:09:25,38.9,24.1
2024-01-25 06:11:50,36.67,21.17
2024-01-25 06:14:16,37.2,23.1
2024-01-25 06:16:42,36.25,22.15
2024-01-25 06:19:09,42.1,26.17
2024-01-25 06:21:35,45.4,29.05
2024-01-25 06:24:05,54.63,33.17
2024-01-25 06:26:31,56.65,35.38
2024-01-25 06:28:57,57.25,34.13
2024-01-25 06:31:24,56.83,35.1
2024-01-25 06:33:50,62.95,36.65
2024-01-25 06:36:17,49.7,31.13
2024-01-25 06:38:47,44.65,27.98
2024-01-25 06:41:12,45.65,28.88
2024-01-25 06:43:39,47.03,29.9
2024-01-25 06:46:05,50.38,30.35
2024-01-25 06:48:31,53.67,31.95
2024-01-25 06:50:57,62.75,36.47
2024-01-25 06:53:23,61.47,37.2
2024-01-25 06:55:49,60.97,36.9
2024-01-25 06:58:15,66.63,41.85
2024-01-25 07:00:40,65.18,38.6
2024-01-25 07:03:07,63.92,39.05
2024-01-25 07:05:34,55.95,35.05
2024-01-25 07:08:00,69.82,39.55
2024-01-25 07:10:27,66.68,40.95
2024-01-25 07:12:52,76.9,45.83
2024-01-25 07:15:19,67.22,38.42
2024-01-25 07:17:45,62.35,38.58
2024-01-25 07:20:11,64.15,38.95
2024-01-25 07:22:37,58.85,36.33
2024-01-25 07:25:03,59.58,36.5
2024-01-25 07:27:29,59.03,34.33
2024-01-25 07:29:55,46.67,29.9
2024-01-25 07:32:20,46.58,29.5
2024-01-25 07:34:46,44.33,26.52
2024-01-25 07:37:12,40.45,23.8
2024-01-25 07:39:39,45.6,27.9
2024-01-25 07:42:05,43.15,26.35
2024-01-25 07:44:31,42.15,26.77
2024-01-25 07:46:57,40.4,25.85
2024-01-25 07:49:22,42.0,26.5
2024-01-25 07:51:48,40.92,25.9
2024-01-25 07:54:14,37.97,24.4
2024-01-25 07:56:40,39.75,23.63
2024-01-25 07:59:06,42.45,25.73
2024-01-25 08:01:32,68.5,35.85
2024-01-25 08:03:58,62.03,34.42
2024-01-25 08:06:25,58.53,34.5
2024-01-25 08:08:52,60.65,35.28
2024-01-25 08:11:17,62.15,37.78
2024-01-25 08:13:45,49.88,29.85
2024-01-25 08:16:12,52.17,30.67
2024-01-25 08:18:39,58.03,31.67
2024-01-25 08:21:05,48.45,31.45
2024-01-25 08:23:31,52.9,31.7
2024-01-25 08:25:57,54.3,31.38
2024-01-25 08:28:22,49.53,31.15
2024-01-25 08:30:48,73.85,43.03
2024-01-25 08:33:14,59.25,36.88
2024-01-25 08:35:40,68.75,40.5
2024-01-25 08:38:06,62.65,37.33
2024-01-25 08:40:32,55.72,35.55
2024-01-25 08:42:58,66.35,40.22
2024-01-25 08:45:24,71.82,44.63
2024-01-25 08:47:50,76.22,47.95
2024-01-25 08:50:17,80.2,46.15
2024-01-25 08:52:43,75.7,47.33
2024-01-25 08:55:09,69.05,45.25
2024-01-25 08:57:35,73.38,44.65
2024-01-25 09:00:01,68.28,41.95
2024-01-25 09:02:27,77.0,48.47
2024-01-25 09:04:54,73.15,43.95
2024-01-25 09:07:20,71.05,44.92
2024-01-25 09:09:46,65.45,41.53
2024-01-25 09:12:12,61.65,38.7
2024-01-25 09:14:39,54.78,37.05
2024-01-25 09:17:05,48.53,32.83
2024-01-25 09:19:31,55.38,37.13
2024-01-25 09:21:56,64.3,37.83
2024-01-25 09:24:25,64.68,37.88
2024-01-25 09:26:50,58.58,36.6
2024-01-25 09:29:16,44.22,30.05
2024-01-25 09:31:42,56.03,34.5
2024-01-25 09:34:08,58.2,34.95
2024-01-25 09:36:33,62.65,36.47
2024-01-25 09:38:59,55.05,35.4
2024-01-25 09:41:25,50.25,32.17
2024-01-25 09:43:51,56.17,34.55
2024-01-25 09:46:18,51.33,31.15
2024-01-25 09:48:44,47.65,31.33
2024-01-25 09:51:11,58.35,34.17
2024-01-25 09:53:38,57.47,33.97
2024-01-25 09:56:06,64.38,35.83
2024-01-25 09:58:37,52.33,31.58
2024-01-25 10:01:12,59.42,33.38
2024-01-25 10:03:43,64.5,35.2
2024-01-25 10:06:11,54.55,33.85
2024-01-25 10:08:38,62.5,38.97
2024-01-25 10:11:04,52.1,33.05
2024-01-25 10:13:30,59.95,36.1
2024-01-25 10:15:56,61.33,37.42
2024-01-25 10:18:23,76.93,43.72
2024-01-25 10:20:51,72.6,42.08
2024-01-25 10:23:20,78.22,47.22
2024-01-25 10:25:47,81.78,50.17
2024-01-25 10:28:13,77.35,45.92
2024-01-25 10:30:39,74.53,48.0
2024-01-25 10:33:04,80.65,48.3
2024-01-25 10:35:31,74.93,45.33
2024-01-25 10:37:57,78.72,46.17
2024-01-25 10:40:23,68.25,45.03
2024-01-25 10:42:49,75.2,44.45
2024-01-25 10:45:15,78.35,48.03
2024-01-25 10:47:42,76.82,48.47
2024-01-25 10:50:11,74.78,42.1
2024-01-25 10:52:39,78.8,48.45
2024-01-25 10:55:06,88.63,50.42
2024-01-25 10:57:42,85.28,50.65
2024-01-25 11:00:09,77.78,48.38
2024-01-25 11:02:40,105.9,54.75
2024-01-25 11:05:13,91.6,53.63
2024-01-25 11:07:43,82.13,47.65
2024-01-25 11:17:59,81.05,47.33
2024-01-25 11:20:31,88.2,50.63
2024-01-25 11:23:00,87.4,52.58
2024-01-25 11:25:28,95.88,53.13
2024-01-25 11:27:54,95.53,52.6
2024-01-25 11:30:21,75.72,44.97
2024-01-25 11:32:47,78.53,45.5
2024-01-25 11:35:13,79.72,45.78
2024-01-25 11:37:48,73.9,45.35
2024-01-25 11:40:17,72.85,40.45
2024-01-25 11:42:43,85.32,47.53
2024-01-25 11:45:14,83.28,45.03
2024-01-25 11:47:41,71.75,44.42
2024-01-25 11:50:09,82.1,47.97
2024-01-25 11:52:36,109.15,62.75
2024-01-25 11:55:03,88.8,51.47
2024-01-25 11:57:30,61.67,37.4
2024-01-25 11:59:57,65.9,38.1
2024-01-25 12:02:24,58.1,36.88
2024-01-25 12:04:50,66.75,40.78
2024-01-25 12:07:15,71.97,45.7
2024-01-25 12:09:41,75.65,45.85
2024-01-25 12:12:09,75.68,42.58
2024-01-25 12:14:35,57.88,35.9
2024-01-25 12:17:02,69.55,39.78
2024-01-25 12:19:29,46.88,27.48
2024-01-25 12:21:55,25.08,16.7
2024-01-25 12:24:21,13.07,8.07
2024-01-25 12:26:47,10.48,7.05
2024-01-25 12:29:13,9.52,6.2
2024-01-25 12:31:39,9.93,5.22
2024-01-25 12:34:10,11.6,7.4
2024-01-25 12:36:40,9.82,5.8
2024-01-25 12:39:06,9.13,5.5
2024-01-25 12:41:31,8.7,5.57
2024-01-25 12:43:58,9.07,6.57
2024-01-25 12:46:23,7.38,5.5
2024-01-25 12:48:49,7.1,4.93
2024-01-25 12:51:19,13.23,7.0
2024-01-25 12:53:46,10.9,6.3
2024-01-25 12:56:15,11.63,4.85
2024-01-25 12:58:41,6.15,4.2
2024-01-25 13:01:06,8.05,5.18
2024-01-25 13:03:33,11.3,5.6
2024-01-25 13:05:59,11.7,6.38
2024-01-25 13:08:28,7.13,5.1
2024-01-25 13:10:54,8.57,5.28
2024-01-25 13:13:19,9.7,6.28
2024-01-25 13:15:45,10.82,5.8
2024-01-25 13:18:11,10.07,6.8
2024-01-25 13:20:37,12.73,6.53
2024-01-25 13:23:02,12.15,6.7
2024-01-25 13:25:29,10.02,6.18
2024-01-25 13:27:55,9.23,4.97
2024-01-25 13:30:21,7.97,4.85
2024-01-25 13:32:46,8.9,4.25
2024-01-25 13:35:12,8.02,4.5
2024-01-25 13:37:38,10.2,7.05
2024-01-25 13:40:04,11.4,5.7
2024-01-25 13:42:30,8.18,4.88
2024-01-25 13:44:56,13.38,5.22
2024-01-25 13:47:21,10.95,5.7
2024-01-25 13:49:48,7.72,5.15
2024-01-25 13:52:17,7.97,5.22
2024-01-25 13:54:44,6.72,4.63
2024-01-25 13:57:11,7.63,4.82
2024-01-25 13:59:36,9.85,4.4
2024-01-25 14:02:02,14.6,5.95
2024-01-25 14:04:29,14.8,5.6
2024-01-25 14:06:54,11.93,4.18
2024-01-25 14:09:20,7.18,3.1
2024-01-25 14:11:46,12.1,4.75
2024-01-25 14:14:11,6.93,3.8
2024-01-25 14:16:37,6.88,3.35
2024-01-25 14:19:03,10.1,3.8
2024-01-25 14:21:29,9.13,4.88
2024-01-25 14:23:56,8.23,4.0
2024-01-25 14:26:21,4.7,2.97
2024-01-25 14:28:47,10.93,4.35
2024-01-25 14:31:14,10.18,4.75
2024-01-25 14:33:39,7.4,4.22
2024-01-25 14:36:05,9.93,5.18
2024-01-25 14:38:31,9.3,5.38
2024-01-25 14:40:58,9.5,5.2
2024-01-25 14:43:24,9.07,5.53
2024-01-25 14:45:50,11.0,5.95
2024-01-25 14:48:17,10.9,5.47
2024-01-25 14:50:43,8.95,4.85
2024-01-25 14:53:08,9.02,5.45
2024-01-25 14:55:34,6.6,4.8
2024-01-25 14:58:00,12.5,5.2
2024-01-25 15:00:25,7.03,3.92
2024-01-25 15:02:51,7.93,4.78
2024-01-25 15:05:17,7.93,4.78
2024-01-25 15:07:43,11.7,4.43
2024-01-25 15:10:09,8.88,4.63
2024-01-25 15:12:35,10.02,4.8
2024-01-25 15:15:01,9.82,4.85
2024-01-25 15:17:26,9.45,4.5
2024-01-25 15:19:52,5.8,3.65
2024-01-25 15:22:18,7.6,4.18
2024-01-25 15:24:43,6.55,3.88
2024-01-25 15:27:10,7.97,3.9
2024-01-25 15:29:39,10.32,4.6
2024-01-25 15:32:05,11.6,5.1
2024-01-25 15:34:31,15.85,6.43
2024-01-25 15:36:57,14.7,7.4
2024-01-25 15:39:23,21.67,9.77
2024-01-25 15:41:49,21.27,12.75
2024-01-25 15:44:15,19.85,12.25
2024-01-25 15:46:42,19.45,11.3
2024-01-25 15:49:08,19.05,10.13
2024-01-25 15:51:34,18.2,10.82
2024-01-25 15:53:59,30.52,10.3
2024-01-25 15:56:25,16.48,9.77
2024-01-25 15:58:51,24.73,13.45
2024-01-25 16:01:18,17.88,10.0
2024-01-25 16:03:44,18.13,9.38
2024-01-25 16:06:10,17.85,9.7
2024-01-25 16:08:35,13.32,7.05
2024-01-25 16:11:01,16.0,9.45
2024-01-25 16:13:27,15.5,9.73
2024-01-25 16:15:53,18.2,11.68
2024-01-25 16:18:19,23.13,12.95
2024-01-25 16:20:44,23.48,12.27
2024-01-25 16:23:10,19.85,11.98
2024-01-25 16:25:38,22.8,11.75
2024-01-25 16:28:04,19.25,10.9
2024-01-25 16:30:30,21.73,14.05
2024-01-25 16:32:56,27.8,16.45
2024-01-25 16:35:22,22.8,13.98
2024-01-25 16:37:48,19.83,12.15
2024-01-25 16:40:14,20.25,12.2
2024-01-25 16:42:40,19.4,11.8
2024-01-25 16:45:07,20.2,11.48
2024-01-25 16:47:33,22.88,13.4
2024-01-25 16:49:59,26.85,13.75
2024-01-25 16:52:24,37.6,19.48
2024-01-25 16:54:50,21.73,12.77
2024-01-25 16:57:16,28.05,17.1
2024-01-25 16:59:42,22.35,12.68
2024-01-25 17:02:07,21.92,14.18
2024-01-25 17:04:33,20.0,11.55
2024-01-25 17:06:59,19.42,11.7
2024-01-25 17:09:24,15.0,9.6
2024-01-25 17:11:51,27.0,9.32
2024-01-25 17:14:17,15.52,9.13
2024-01-25 17:16:43,19.52,9.57
2024-01-25 17:19:09,15.2,9.25
2024-01-25 17:21:35,13.73,8.77
2024-01-25 17:24:00,15.55,8.38
2024-01-25 17:26:26,17.15,8.05
2024-01-25 17:28:52,11.45,8.02
2024-01-25 17:31:19,12.55,6.75
2024-01-25 17:33:45,34.78,19.83
2024-01-25 17:36:11,61.47,35.13
2024-01-25 17:38:38,60.63,33.35
2024-01-25 17:41:08,47.97,27.63
2024-01-25 17:43:34,48.22,28.38
2024-01-25 17:46:00,40.3,23.05
2024-01-25 17:48:27,20.58,12.8
2024-01-25 17:50:52,25.05,16.4
2024-01-25 17:53:18,19.63,11.5
2024-01-25 17:55:44,28.92,17.63
2024-01-25 17:58:10,23.33,14.32
2024-01-25 18:00:35,19.92,12.38
2024-01-25 18:03:02,18.52,11.48
2024-01-25 18:05:28,30.58,18.52
2024-01-25 18:07:53,33.75,20.15
2024-01-25 18:10:19,33.5,20.2
2024-01-25 18:12:45,31.08,18.45
2024-01-25 18:15:11,34.47,20.52
2024-01-25 18:17:40,33.15,19.0
2024-01-25 18:20:06,31.2,19.17
2024-01-25 18:22:32,34.0,20.23
2024-01-25 18:24:57,38.6,21.48
2024-01-25 18:27:23,44.42,26.73
2024-01-25 18:29:49,47.88,28.17
2024-01-25 18:32:15,47.42,28.08
2024-01-25 18:34:40,41.22,24.65
2024-01-25 18:37:06,34.63,21.17
2024-01-25 18:39:32,38.5,22.23
2024-01-25 18:41:58,34.42,20.42
2024-01-25 18:44:25,27.55,17.75
2024-01-25 18:46:51,26.17,15.9
2024-01-25 18:49:17,24.58,16.52
2024-01-25 18:51:43,22.13,15.15
2024-01-25 18:54:09,25.9,13.77
2024-01-25 18:56:40,26.13,16.25
2024-01-25 18:59:06,29.6,17.8
2024-01-25 19:01:33,27.38,17.13
2024-01-25 19:04:00,30.92,18.33
2024-01-25 19:06:34,24.17,14.75
2024-01-25 19:09:01,25.02,15.73
2024-01-25 19:11:30,26.95,17.13
2024-01-25 19:13:56,23.55,14.98
2024-01-25 19:16:22,24.13,15.52
2024-01-25 19:18:48,27.0,16.65
2024-01-25 19:21:14,30.05,19.25
2024-01-25 19:23:40,29.15,20.0
2024-01-25 19:26:06,32.13,20.08
2024-01-25 19:28:32,30.7,18.35
2024-01-25 19:30:58,24.77,14.93
2024-01-25 19:33:24,20.08,13.13
2024-01-25 19:35:52,26.85,15.3
2024-01-25 19:38:19,21.58,13.6
2024-01-25 19:40:45,20.38,12.5
2024-01-25 19:43:11,16.52,11.6
2024-01-25 19:45:37,12.68,8.25
2024-01-25 19:48:03,15.73,8.88
2024-01-25 19:50:29,18.05,10.75
2024-01-25 19:52:54,18.3,11.35
2024-01-25 19:55:23,21.48,11.85
2024-01-25 19:57:49,19.65,11.82
2024-01-25 20:00:15,19.98,12.63
2024-01-25 20:02:41,19.33,12.52
2024-01-25 20:05:07,19.73,12.1
2024-01-25 20:07:34,21.98,13.43
2024-01-25 20:10:00,21.38,13.73
2024-01-25 20:12:26,28.38,16.4
2024-01-25 20:14:52,29.58,16.4
2024-01-25 20:17:18,26.52,15.77
2024-01-25 20:19:44,23.4,15.27
2024-01-25 20:22:10,26.55,14.68
2024-01-25 20:24:36,23.6,14.93
2024-01-25 20:27:02,21.63,13.6
2024-01-25 20:29:28,28.98,16.75
2024-01-25 20:31:54,17.38,9.32
2024-01-25 20:34:20,17.15,10.7
2024-01-25 20:36:46,14.9,9.23
2024-01-25 20:39:12,15.52,8.6
2024-01-25 20:41:38,16.05,10.02
2024-01-25 20:44:04,18.1,10.48
2024-01-25 20:46:30,17.2,10.23
2024-01-25 20:48:55,14.95,10.3
2024-01-25 20:51:21,20.27,11.5
2024-01-25 20:53:47,25.15,13.82
2024-01-25 20:56:13,23.95,12.65
2024-01-25 20:58:38,23.1,12.7
2024-01-25 21:01:04,27.35,16.88
2024-01-25 21:03:31,33.97,18.5
2024-01-25 21:05:57,30.63,17.63
2024-01-25 21:08:23,22.63,13.88
2024-01-25 21:10:49,31.95,18.13
2024-01-25 21:13:15,25.2,15.7
2024-01-25 21:15:41,26.17,16.05
2024-01-25 21:18:07,23.3,14.52
2024-01-25 21:20:32,26.42,15.2
2024-01-25 21:22:59,23.17,12.93
2024-01-25 21:25:25,20.95,13.02
2024-01-25 21:27:50,19.02,12.27
2024-01-25 21:30:16,18.15,11.48
2024-01-25 21:32:42,20.8,12.2
2024-01-25 21:35:08,19.35,11.2
2024-01-25 21:37:34,22.65,10.68
2024-01-25 21:40:00,23.6,15.1
2024-01-25 21:42:26,23.5,14.35
2024-01-25 21:44:52,20.48,13.75
2024-01-25 21:47:18,26.95,15.2
2024-01-25 21:49:43,26.58,14.52
2024-01-25 21:52:09,41.0,20.05
2024-01-25 21:54:35,25.5,13.63
2024-01-25 21:57:01,22.85,13.25
2024-01-25 21:59:26,25.25,13.8
2024-01-25 22:01:52,20.73,11.6
2024-01-25 22:04:18,18.65,11.7
2024-01-25 22:06:44,18.4,11.55
2024-01-25 22:09:10,18.6,10.82
2024-01-25 22:11:35,15.2,8.77
2024-01-25 22:14:01,18.65,9.9
2024-01-25 22:16:27,13.3,7.68
2024-01-25 22:18:53,12.18,8.55
2024-01-25 22:21:18,11.85,7.25
2024-01-25 22:23:44,10.52,5.95
2024-01-25 22:26:10,10.98,5.72
2024-01-25 22:28:36,9.93,6.47
2024-01-25 22:31:02,14.6,9.25
2024-01-25 22:33:32,15.52,9.7
2024-01-25 22:36:01,18.92,10.82
2024-01-25 22:38:28,24.4,12.9
2024-01-25 22:40:54,18.85,12.55
2024-01-25 22:43:21,21.1,10.88
2024-01-25 22:45:48,19.02,11.05
2024-01-25 22:48:15,15.63,9.27
2024-01-25 22:50:41,13.5,7.05
2024-01-25 22:53:07,15.2,7.78
2024-01-25 22:55:34,14.82,8.2
2024-01-25 22:58:00,26.88,15.2
2024-01-25 23:00:26,25.35,14.32
2024-01-25 23:02:54,26.52,14.3
2024-01-25 23:05:20,21.5,10.5
2024-01-25 23:07:47,20.15,12.2
2024-01-25 23:10:14,21.35,10.55
2024-01-25 23:12:46,17.95,11.6
2024-01-25 23:15:13,13.48,7.9
2024-01-25 23:17:39,23.8,12.77
2024-01-25 23:20:07,21.27,12.63
2024-01-25 23:22:34,24.33,12.95
2024-01-25 23:25:00,21.13,11.77
2024-01-25 23:27:26,23.5,13.68
2024-01-25 23:29:52,21.15,12.18
2024-01-25 23:32:17,19.77,12.15
2024-01-25 23:34:44,26.8,10.9
2024-01-25 23:37:11,15.23,9.5
2024-01-25 23:39:37,21.05,12.35
2024-01-25 23:42:02,15.32,9.02
2024-01-25 23:44:28,19.23,10.45
2024-01-25 23:46:54,14.55,8.3
2024-01-25 23:49:19,17.02,8.8
2024-01-25 23:51:45,14.05,8.55
2024-01-25 23:54:11,14.6,8.02
2024-01-25 23:56:39,16.95,9.63
2024-01-25 23:59:05,14.02,6.88
2024-01-26 00:01:31,13.27,8.35
2024-01-26 00:03:57,15.95,8.5
2024-01-26 00:06:25,11.77,7.18
2024-01-26 00:08:51,16.63,7.43
2024-01-26 00:11:17,13.07,7.13
2024-01-26 00:13:43,11.27,6.07
2024-01-26 00:16:09,16.17,6.25
2024-01-26 00:18:35,13.55,6.35
2024-01-26 00:21:01,14.77,6.85
2024-01-26 00:23:29,12.52,6.3
2024-01-26 00:25:55,10.82,5.43
2024-01-26 00:28:21,7.75,4.32
2024-01-26 00:30:48,8.4,4.2
2024-01-26 00:33:13,10.07,4.47
2024-01-26 00:35:39,6.4,4.65
2024-01-26 00:38:05,9.9,4.7
2024-01-26 00:40:30,8.55,4.32
2024-01-26 00:42:56,6.85,4.0
2024-01-26 00:45:22,7.97,4.7
2024-01-26 00:47:48,7.9,4.32
2024-01-26 00:50:14,6.1,4.13
2024-01-26 00:52:40,7.38,4.45
2024-01-26 00:55:05,8.45,4.47
2024-01-26 00:57:31,7.32,4.22
2024-01-26 00:59:57,8.7,4.57
2024-01-26 01:02:24,7.63,4.5
2024-01-26 01:04:50,10.07,5.7
2024-01-26 01:07:16,8.68,4.6
2024-01-26 01:09:42,7.95,4.63
2024-01-26 01:12:07,7.3,4.32
2024-01-26 01:14:33,6.35,3.67
2024-01-26 01:17:02,8.32,3.85
2024-01-26 01:19:31,6.18,4.07
2024-01-26 01:21:56,6.07,4.07
2024-01-26 01:24:22,7.93,4.07
2024-01-26 01:26:48,7.38,5.0
2024-01-26 01:29:14,7.95,4.05
2024-01-26 01:31:40,7.43,4.1
2024-01-26 01:34:05,7.82,4.22
2024-01-26 01:36:31,6.85,4.13
2024-01-26 01:38:57,6.57,3.5
2024-01-26 01:41:23,6.25,3.9
2024-01-26 01:43:55,5.93,3.4
2024-01-26 01:46:21,6.25,3.72
2024-01-26 01:48:47,5.72,3.7
2024-01-26 01:51:16,7.18,3.8
2024-01-26 01:53:42,8.05,4.3
2024-01-26 01:59:12,8.07,4.13
2024-01-26 02:01:38,7.32,4.2
2024-01-26 02:04:04,7.97,3.7
2024-01-26 02:06:30,7.43,3.83
2024-01-26 02:08:56,7.13,4.0
2024-01-26 02:11:22,8.63,3.9
2024-01-26 02:13:48,7.22,4.15
2024-01-26 02:16:14,6.88,3.5
2024-01-26 02:18:40,7.65,4.07
2024-01-26 02:21:05,9.02,4.5
2024-01-26 02:23:31,5.53,3.6
2024-01-26 02:25:57,7.15,3.9
2024-01-26 02:28:23,8.25,4.47
2024-01-26 02:30:49,7.95,4.68
2024-01-26 02:33:14,9.9,4.18
2024-01-26 02:35:40,6.57,4.07
2024-01-26 02:38:06,7.25,4.07
2024-01-26 02:40:31,6.95,4.13
2024-01-26 02:42:57,8.85,4.68
2024-01-26 02:45:24,6.28,4.28
2024-01-26 02:47:50,8.88,5.1
2024-01-26 02:50:15,6.2,3.63
2024-01-26 02:52:41,11.5,4.97
2024-01-26 02:55:07,9.3,5.2
2024-01-26 02:57:33,8.9,5.57
2024-01-26 02:59:58,8.57,4.22
2024-01-26 03:02:24,10.13,5.35
2024-01-26 03:04:50,8.25,4.53
2024-01-26 03:07:16,7.4,4.4
2024-01-26 03:09:41,8.32,3.78
2024-01-26 03:12:07,7.85,3.83
2024-01-26 03:14:33,7.75,4.05
2024-01-26 03:16:58,8.63,4.47
2024-01-26 03:19:24,6.57,3.72
2024-01-26 03:21:50,5.53,3.78
2024-01-26 03:24:15,6.68,4.1
2024-01-26 03:26:41,7.68,3.83
2024-01-26 03:29:07,8.2,3.45
2024-01-26 03:31:33,5.85,3.4
2024-01-26 03:33:59,8.95,3.85
2024-01-26 03:36:24,7.5,3.95
2024-01-26 03:38:50,10.98,5.25
2024-01-26 03:41:16,11.4,4.38
2024-01-26 03:43:41,7.9,4.22
2024-01-26 03:46:07,6.03,3.3
2024-01-26 03:48:33,7.93,3.75
2024-01-26 03:50:59,6.93,4.68
2024-01-26 03:53:24,6.78,3.42
2024-01-26 03:55:53,6.88,3.17
2024-01-26 03:58:19,9.05,3.7
2024-01-26 04:00:45,8.85,3.67
2024-01-26 04:03:11,7.65,4.07
2024-01-26 04:05:37,7.53,4.32
2024-01-26 04:08:03,7.72,4.47
2024-01-26 04:10:29,11.07,5.45
2024-01-26 04:12:55,11.0,5.43
2024-01-26 04:15:22,9.55,5.78
2024-01-26 04:17:48,12.25,6.22
2024-01-26 04:20:14,9.02,4.2
2024-01-26 04:22:40,9.3,4.32
2024-01-26 04:25:08,10.55,5.7
2024-01-26 04:27:34,9.75,4.75
2024-01-26 04:30:00,9.15,5.47
2024-01-26 04:32:26,10.13,4.95
2024-01-26 04:34:52,11.63,6.45
2024-01-26 04:37:18,15.0,8.73
2024-01-26 04:39:43,10.35,4.6
2024-01-26 04:42:09,7.47,3.72
2024-01-26 04:44:35,7.82,3.05
2024-01-26 04:47:01,10.45,5.38
2024-01-26 04:49:26,7.57,3.7
2024-01-26 04:51:52,11.23,5.78
2024-01-26 04:54:18,8.68,4.68
2024-01-26 04:56:44,11.2,5.35
2024-01-26 04:59:09,8.3,4.68
2024-01-26 05:01:35,8.43,4.68
2024-01-26 05:04:01,10.2,6.57
2024-01-26 05:06:28,8.23,4.63
2024-01-26 05:08:54,7.78,4.05
2024-01-26 05:11:20,8.55,4.3
2024-01-26 05:13:46,7.78,4.57
2024-01-26 05:16:11,8.2,6.35
2024-01-26 05:18:38,9.07,5.93
2024-01-26 05:21:04,12.52,7.13
2024-01-26 05:23:30,16.5,8.93
2024-01-26 05:25:56,16.08,8.8
2024-01-26 05:28:22,19.1,10.3
2024-01-26 05:30:48,11.38,5.57
2024-01-26 05:33:13,9.43,4.85
2024-01-26 05:35:39,21.0,11.48
2024-01-26 05:38:05,16.8,8.35
2024-01-26 05:40:31,16.33,7.43
2024-01-26 05:42:56,14.65,6.97
2024-01-26 05:45:22,11.07,5.15
2024-01-26 05:47:48,8.9,4.8
2024-01-26 05:50:14,13.8,6.4
2024-01-26 05:52:41,13.68,7.2
2024-01-26 05:55:07,21.65,11.55
2024-01-26 05:57:33,15.75,8.45
2024-01-26 05:59:59,19.13,9.43
2024-01-26 06:02:25,17.9,8.82
2024-01-26 06:04:51,13.98,7.8
2024-01-26 06:07:18,14.02,7.03
2024-01-26 06:09:44,15.25,7.68
2024-01-26 06:12:09,14.0,8.43
2024-01-26 06:14:35,13.35,8.63
2024-01-26 06:17:01,12.2,7.88
2024-01-26 06:19:27,15.45,6.68
2024-01-26 06:21:52,12.55,6.8
2024-01-26 06:24:18,13.18,7.32
2024-01-26 06:26:44,9.15,5.65
2024-01-26 06:29:10,11.07,6.82
2024-01-26 06:31:35,10.8,6.63
2024-01-26 06:34:01,18.25,11.68
2024-01-26 06:36:27,13.95,8.35
2024-01-26 06:38:52,11.52,6.82
2024-01-26 06:41:18,28.38,15.1
2024-01-26 06:43:44,25.67,16.0
2024-01-26 06:46:22,16.85,10.65
2024-01-26 06:48:51,17.42,7.05
2024-01-26 06:51:17,16.4,7.78
2024-01-26 06:53:42,9.5,5.03
2024-01-26 06:56:08,13.68,8.18
2024-01-26 06:58:34,17.67,9.3
2024-01-26 07:01:00,15.68,8.68
2024-01-26 07:03:26,14.3,8.55
2024-01-26 07:05:52,14.18,8.0
2024-01-26 07:08:18,18.77,8.93
2024-01-26 07:10:44,18.33,9.63
2024-01-26 07:13:10,15.25,8.05
2024-01-26 07:15:35,16.0,8.52
2024-01-26 07:18:01,14.85,8.02
2024-01-26 07:20:27,16.75,8.35
2024-01-26 07:22:53,15.02,7.32
2024-01-26 07:25:19,14.25,7.35
2024-01-26 07:27:48,20.63,7.75
2024-01-26 07:30:14,13.48,7.25
2024-01-26 07:32:42,11.82,6.45
2024-01-26 07:35:08,9.07,5.25
2024-01-26 07:37:34,12.4,6.45
2024-01-26 07:40:00,9.0,5.78
2024-01-26 07:42:29,18.88,5.35
2024-01-26 07:44:55,12.5,4.45
2024-01-26 07:47:21,10.05,4.3
2024-01-26 07:49:47,6.75,4.32
2024-01-26 07:52:13,10.0,3.85
2024-01-26 07:54:39,8.38,3.72
2024-01-26 07:57:05,8.43,4.28
2024-01-26 07:59:31,5.68,3.53
2024-01-26 08:01:56,9.18,3.45
2024-01-26 08:04:22,6.3,3.4
2024-01-26 08:06:48,7.55,2.95
2024-01-26 08:09:14,9.2,3.47
2024-01-26 08:11:40,6.93,2.83
2024-01-26 08:14:05,6.9,3.33
2024-01-26 08:16:31,6.1,2.58
2024-01-26 08:18:57,6.35,2.65
2024-01-26 08:21:23,5.97,2.75
2024-01-26 08:23:50,5.2,2.6
2024-01-26 08:26:16,6.18,2.4
2024-01-26 08:28:43,5.45,2.4
2024-01-26 08:31:09,3.55,2.13
2024-01-26 08:33:35,6.63,2.45
2024-01-26 08:36:01,3.78,2.3
2024-01-26 08:38:27,5.28,2.67
2024-01-26 08:40:53,7.45,2.5
2024-01-26 08:43:18,5.03,2.5
2024-01-26 08:45:44,4.35,2.38
2024-01-26 08:48:10,4.8,2.45
2024-01-26 08:50:36,12.7,2.4
2024-01-26 08:53:04,11.07,2.55
2024-01-26 08:55:29,6.1,2.5
2024-01-26 08:57:55,4.3,2.4
2024-01-26 09:00:21,5.88,2.55
2024-01-26 09:02:47,5.75,2.6
2024-01-26 09:05:13,6.13,2.38
2024-01-26 09:07:39,4.38,1.95
2024-01-26 09:10:05,6.03,2.28
2024-01-26 09:12:32,6.3,2.0
2024-01-26 09:14:58,3.67,2.1
2024-01-26 09:17:24,4.63,2.05
2024-01-26 09:19:50,4.22,1.88
2024-01-26 09:22:16,3.2,1.8
2024-01-26 09:24:41,6.5,2.0
2024-01-26 09:27:07,3.1,2.08
2024-01-26 09:29:33,5.88,1.92
2024-01-26 09:31:59,2.58,1.7
2024-01-26 09:34:25,5.6,1.73
2024-01-26 09:36:51,3.67,1.95
2024-01-26 09:39:17,3.72,2.15
2024-01-26 09:41:43,5.32,2.0
2024-01-26 09:44:09,6.8,2.22
2024-01-26 09:46:35,2.8,1.7
2024-01-26 09:49:02,6.05,2.17
2024-01-26 09:51:32,6.75,1.98
2024-01-26 09:53:59,3.3,1.7
2024-01-26 09:56:25,4.78,1.88
2024-01-26 09:58:54,4.13,1.6
2024-01-26 10:01:20,3.03,1.88
2024-01-26 10:03:47,5.85,1.9
2024-01-26 10:06:13,3.0,1.65
2024-01-26 10:08:40,5.78,2.15
2024-01-26 10:11:06,3.9,1.63
2024-01-26 10:13:32,4.53,1.65
2024-01-26 10:16:05,5.15,1.95
2024-01-26 10:18:39,3.45,1.77
2024-01-26 10:21:12,3.5,1.8
2024-01-26 10:23:39,5.18,1.92
2024-01-26 10:26:05,5.45,1.9
2024-01-26 10:28:31,4.5,1.98
2024-01-26 10:30:57,4.2,1.5
2024-01-26 10:33:24,3.67,1.5
2024-01-26 10:35:50,4.22,1.98
2024-01-26 10:38:22,5.7,1.8
2024-01-26 10:40:48,4.2,1.5
2024-01-26 10:43:17,3.47,1.98
2024-01-26 10:45:43,6.53,1.9
2024-01-26 10:48:09,8.82,3.55
2024-01-26 10:50:36,5.05,2.03
2024-01-26 10:53:04,4.43,1.7
2024-01-26 10:55:31,4.38,1.95
2024-01-26 10:57:57,7.78,2.22
2024-01-26 11:00:32,4.38,1.65
2024-01-26 11:02:58,7.05,2.08
2024-01-26 11:05:24,5.55,1.98
2024-01-26 11:07:51,3.88,1.73
2024-01-26 11:10:22,3.58,1.55
2024-01-26 11:13:03,4.7,2.08
2024-01-26 11:15:33,3.45,2.15
2024-01-26 11:18:00,5.07,2.1
2024-01-26 11:20:29,3.65,1.88
2024-01-26 11:28:09,3.88,1.75
2024-01-26 11:30:36,2.9,1.9
2024-01-26 11:33:14,4.43,1.7
2024-01-26 11:35:41,5.03,1.98
2024-01-26 11:38:07,8.05,2.1
2024-01-26 11:40:34,4.4,1.6
2024-01-26 11:43:00,5.95,1.8
2024-01-26 11:48:07,4.13,1.73
2024-01-26 11:50:35,7.05,1.8
2024-01-26 11:53:03,3.7,1.98
2024-01-26 11:55:29,4.8,1.45
2024-01-26 11:57:55,7.03,1.92
2024-01-26 12:00:21,2.45,1.85
2024-01-26 12:02:47,5.8,1.9
2024-01-26 12:05:15,8.6,2.42
2024-01-26 12:07:41,6.88,2.0
2024-01-26 12:10:08,5.38,1.9
2024-01-26 12:12:34,8.65,2.05
2024-01-26 12:15:00,5.35,2.0
2024-01-26 12:17:28,5.7,1.8
2024-01-26 12:19:54,4.2,1.63
2024-01-26 12:22:20,9.85,1.95
2024-01-26 12:24:45,7.97,2.83
2024-01-26 12:27:11,6.18,1.75
2024-01-26 12:29:37,3.28,1.42
2024-01-26 12:34:29,4.25,1.9
2024-01-26 12:36:59,4.15,1.92
2024-01-26 12:39:25,5.13,1.6
2024-01-26 12:41:53,2.5,1.73
2024-01-26 12:44:26,5.72,2.03
2024-01-26 12:46:54,4.1,1.85
2024-01-26 12:49:20,4.97,1.98
2024-01-26 12:51:46,3.9,1.8
2024-01-26 12:54:12,2.8,1.6
2024-01-26 12:56:37,5.53,1.8
2024-01-26 12:59:03,3.78,1.7
2024-01-26 13:01:29,5.35,1.6
2024-01-26 13:03:55,5.55,1.75
2024-01-26 13:06:21,4.25,1.6
2024-01-26 13:08:47,6.28,1.85
2024-01-26 13:11:12,6.0,2.08
2024-01-26 13:13:39,3.33,1.58
2024-01-26 13:16:06,2.53,1.6
2024-01-26 13:18:32,4.63,1.8
2024-01-26 13:20:59,3.3,1.6
2024-01-26 13:23:25,4.63,1.4
2024-01-26 13:25:51,1.75,1.38
2024-01-26 13:28:19,4.38,1.77
2024-01-26 13:30:46,2.45,1.58
2024-01-26 13:33:12,3.55,1.75
2024-01-26 13:35:38,9.65,1.8
2024-01-26 13:38:04,4.32,1.6
2024-01-26 13:40:30,3.3,1.67
2024-01-26 13:42:55,3.75,1.58
2024-01-26 13:45:21,5.9,1.9
2024-01-26 13:47:50,4.1,1.65
2024-01-26 13:50:16,4.93,2.1
2024-01-26 13:52:42,6.7,2.0
2024-01-26 13:55:08,2.85,1.5
2024-01-26 13:57:34,3.65,2.2
2024-01-26 14:00:00,4.93,2.42
2024-01-26 14:02:25,5.47,2.85
2024-01-26 14:04:51,6.9,2.2
2024-01-26 14:07:17,3.95,1.98
2024-01-26 14:09:43,6.55,2.08
2024-01-26 14:12:09,3.53,1.83
2024-01-26 14:14:35,3.83,1.73
2024-01-26 14:17:01,3.83,1.77
2024-01-26 14:19:26,4.97,2.13
2024-01-26 14:21:52,4.2,1.9
2024-01-26 14:24:19,3.15,1.77
2024-01-26 14:26:46,2.7,1.7
2024-01-26 14:29:12,3.38,2.0
2024-01-26 14:31:43,3.3,2.0
2024-01-26 14:34:11,3.88,1.8
2024-01-26 14:36:37,3.17,2.05
2024-01-26 14:39:03,2.88,1.9
2024-01-26 14:41:30,3.08,1.8
2024-01-26 14:43:56,3.05,1.85
2024-01-26 14:46:22,3.7,1.6
2024-01-26 14:48:48,4.32,1.77
2024-01-26 14:51:14,4.47,2.28
2024-01-26 14:53:40,6.47,2.38
2024-01-26 14:56:07,2.67,1.5
2024-01-26 14:58:33,5.22,1.88
2024-01-26 15:00:59,2.72,1.55
2024-01-26 15:03:25,3.15,1.7
2024-01-26 15:05:51,4.53,1.8
2024-01-26 15:08:16,5.7,1.88
2024-01-26 15:10:43,4.47,2.38
2024-01-26 15:13:10,5.78,1.95
2024-01-26 15:15:36,7.78,2.2
2024-01-26 15:18:03,5.28,1.92
2024-01-26 15:20:28,5.3,2.05
2024-01-26 15:22:54,3.65,1.85
2024-01-26 15:25:20,3.55,1.75
2024-01-26 15:27:46,6.8,2.0
2024-01-26 15:30:11,7.35,2.2
2024-01-26 15:32:37,5.53,2.7
2024-01-26 15:35:03,5.47,2.45
2024-01-26 15:37:30,4.7,2.7
2024-01-26 15:39:55,4.95,2.6
2024-01-26 15:42:21,5.65,2.88
2024-01-26 15:44:47,7.22,2.9
2024-01-26 15:47:13,8.02,2.88
2024-01-26 15:49:39,11.1,2.88
2024-01-26 15:52:05,9.57,2.58
2024-01-26 15:54:31,6.03,2.63
2024-01-26 15:56:57,5.3,2.38
2024-01-26 15:59:23,6.5,2.5
2024-01-26 16:01:52,4.9,2.55
2024-01-26 16:04:18,5.03,2.22
2024-01-26 16:06:44,7.65,2.8
2024-01-26 16:09:14,6.47,2.42
2024-01-26 16:11:40,5.95,2.5
2024-01-26 16:14:07,6.18,2.35
2024-01-26 16:16:33,8.75,3.55
2024-01-26 16:18:59,7.3,2.83
2024-01-26 16:21:25,7.07,2.7
2024-01-26 16:23:51,6.93,2.45
2024-01-26 16:26:16,6.45,2.97
2024-01-26 16:28:42,6.95,3.05
2024-01-26 16:31:08,9.15,3.25
2024-01-26 16:33:34,8.15,3.13
2024-01-26 16:36:00,5.75,2.72
2024-01-26 16:38:26,8.02,2.9
2024-01-26 16:40:52,7.25,3.17
2024-01-26 16:43:17,7.43,2.8
2024-01-26 16:45:43,8.57,3.33
2024-01-26 16:48:10,10.0,2.9
2024-01-26 16:50:35,11.8,3.78
2024-01-26 16:53:01,19.1,10.77
2024-01-26 16:55:27,13.68,7.8
2024-01-26 16:57:53,22.8,9.4
2024-01-26 17:00:19,21.38,10.52
2024-01-26 17:02:45,19.6,9.98
2024-01-26 17:05:11,22.98,9.15
2024-01-26 17:07:37,16.77,9.4
2024-01-26 17:10:03,14.68,8.23
2024-01-26 17:12:29,17.05,8.6
2024-01-26 17:14:55,13.68,8.45
2024-01-26 17:17:21,15.77,8.55
2024-01-26 17:19:49,16.92,9.95
2024-01-26 17:22:18,19.08,9.45
2024-01-26 17:24:44,14.48,7.93
2024-01-26 17:27:10,16.5,8.23
2024-01-26 17:29:35,12.2,5.75
2024-01-26 17:32:01,9.27,5.47
2024-01-26 17:34:28,11.95,7.13
2024-01-26 17:36:54,15.05,6.97
2024-01-26 17:39:19,13.6,7.78
2024-01-26 17:41:45,18.25,8.85
2024-01-26 17:44:11,21.42,9.02
2024-01-26 17:46:37,17.52,10.65
2024-01-26 17:49:03,18.38,9.48
2024-01-26 17:51:29,16.6,8.93
2024-01-26 17:53:55,14.38,8.77
2024-01-26 17:56:21,11.43,6.95
2024-01-26 17:58:46,12.45,7.28
2024-01-26 18:01:12,17.92,11.1
2024-01-26 18:03:38,16.1,9.55
2024-01-26 18:06:04,15.8,8.2
2024-01-26 18:08:30,15.02,8.32
2024-01-26 18:10:56,16.2,7.93
2024-01-26 18:13:23,12.3,6.93
2024-01-26 18:15:48,10.8,6.05
2024-01-26 18:18:14,11.32,5.82
2024-01-26 18:20:41,12.65,7.85
2024-01-26 18:23:07,18.13,8.07
2024-01-26 18:25:33,9.38,5.7
2024-01-26 18:27:59,11.0,5.38
2024-01-26 18:30:24,13.3,5.75
2024-01-26 18:32:50,11.38,6.22
2024-01-26 18:35:16,12.7,6.03
2024-01-26 18:37:42,8.15,4.97
2024-01-26 18:40:09,9.57,5.05
2024-01-26 18:42:36,15.07,6.95
2024-01-26 18:45:02,12.0,5.93
2024-01-26 18:47:29,10.55,5.72
2024-01-26 18:49:54,16.42,7.3
2024-01-26 18:52:20,13.07,6.6
2024-01-26 18:54:46,14.93,8.25
2024-01-26 18:57:12,14.77,6.97
2024-01-26 18:59:38,15.48,8.15
2024-01-26 19:02:03,15.27,8.73
2024-01-26 19:04:31,12.68,7.43
2024-01-26 19:06:57,12.98,7.6
2024-01-26 19:09:23,9.45,5.75
2024-01-26 19:11:49,12.48,6.82
2024-01-26 19:14:15,12.6,6.1
2024-01-26 19:16:40,10.3,6.4
2024-01-26 19:19:06,11.13,4.07
2024-01-26 19:21:32,7.07,3.7
2024-01-26 19:23:58,6.88,3.03
2024-01-26 19:26:23,6.9,3.05
2024-01-26 19:28:49,17.3,9.38
2024-01-26 19:31:15,20.17,9.98
2024-01-26 19:33:41,21.52,8.88
2024-01-26 19:36:08,27.75,12.32
2024-01-26 19:38:36,25.55,12.5
2024-01-26 19:41:03,23.15,10.82
2024-01-26 19:43:29,21.27,11.88
2024-01-26 19:45:55,21.67,12.77
2024-01-26 19:48:21,18.95,10.63
2024-01-26 19:50:47,18.67,9.65
2024-01-26 19:53:12,8.7,4.4
2024-01-26 19:55:38,13.55,6.9
2024-01-26 19:58:04,18.35,9.82
2024-01-26 20:00:30,43.9,23.55
2024-01-26 20:02:56,59.85,30.27
2024-01-26 20:05:22,51.6,29.23
2024-01-26 20:07:48,59.3,32.08
2024-01-26 20:10:15,59.55,28.85
2024-01-26 20:12:43,27.35,17.85
2024-01-26 20:15:09,31.63,16.65
2024-01-26 20:17:36,29.33,15.1
2024-01-26 20:20:03,26.2,15.32
2024-01-26 20:22:30,22.98,13.88
2024-01-26 20:24:56,40.9,21.13
2024-01-26 20:27:22,38.85,20.13
2024-01-26 20:29:48,24.1,14.3
2024-01-26 20:32:13,15.13,9.18
2024-01-26 20:34:39,18.45,10.1
2024-01-26 20:37:05,20.7,11.38
2024-01-26 20:39:31,24.95,12.45
2024-01-26 20:41:56,29.45,15.45
2024-01-26 20:44:24,29.95,15.27
2024-01-26 20:46:52,18.9,10.15
2024-01-26 20:49:17,18.8,8.55
2024-01-26 20:51:43,26.17,13.57
2024-01-26 20:54:09,19.48,11.02
2024-01-26 20:56:34,31.33,17.08
2024-01-26 20:59:00,27.83,14.25
2024-01-26 21:01:26,23.6,12.98
2024-01-26 21:03:52,42.38,24.35
2024-01-26 21:06:18,37.6,19.55
2024-01-26 21:08:44,38.15,22.25
2024-01-26 21:11:10,43.25,26.75
2024-01-26 21:13:38,47.33,26.58
2024-01-26 21:16:04,49.45,27.33
2024-01-26 21:18:30,46.65,26.13
2024-01-26 21:20:55,44.3,24.88
2024-01-26 21:23:22,46.7,25.23
2024-01-26 21:25:48,37.95,22.33
2024-01-26 21:28:14,39.38,21.55
2024-01-26 21:30:40,37.03,20.83
2024-01-26 21:33:05,44.95,24.02
2024-01-26 21:35:31,45.4,25.25
2024-01-26 21:37:57,48.75,25.7
2024-01-26 21:40:24,94.18,46.0
2024-01-26 21:42:50,49.28,27.3
2024-01-26 21:45:16,49.67,25.5
2024-01-26 21:47:42,45.92,25.2
2024-01-26 21:50:08,50.63,28.13
2024-01-26 21:52:35,62.88,32.83
2024-01-26 21:55:01,55.38,28.05
2024-01-26 21:57:28,85.6,46.35
2024-01-26 21:59:53,79.63,39.95
2024-01-26 22:02:19,56.6,30.15
2024-01-26 22:04:45,61.17,30.8
2024-01-26 22:07:11,43.0,23.77
2024-01-26 22:09:37,39.58,23.3
2024-01-26 22:12:03,39.6,20.02
2024-01-26 22:14:29,33.35,19.0
2024-01-26 22:16:55,29.85,17.25
2024-01-26 22:19:21,29.7,17.4
2024-01-26 22:21:47,35.92,18.83
2024-01-26 22:24:13,33.22,17.42
2024-01-26 22:26:40,31.2,16.95
2024-01-26 22:29:05,34.55,15.63
2024-01-26 22:31:31,30.8,16.92
2024-01-26 22:33:57,30.7,17.15
2024-01-26 22:36:23,33.92,17.75
2024-01-26 22:38:48,33.47,17.8
2024-01-26 22:41:20,32.05,18.3
2024-01-26 22:43:46,35.28,17.5
2024-01-26 22:46:12,35.28,18.83
2024-01-26 22:48:38,30.05,16.67
2024-01-26 22:51:03,29.83,17.35
2024-01-26 22:53:29,35.65,18.52
2024-01-26 22:55:55,31.77,17.4
2024-01-26 22:58:21,61.03,31.9
2024-01-26 23:00:46,85.18,45.53
2024-01-26 23:03:12,84.1,47.0
2024-01-26 23:05:38,79.25,45.35
2024-01-26 23:08:04,75.18,42.2
2024-01-26 23:10:30,74.65,41.22
2024-01-26 23:12:56,65.93,37.75
2024-01-26 23:15:22,64.0,34.58
2024-01-26 23:17:48,60.33,32.53
2024-01-26 23:20:14,58.2,31.2
2024-01-26 23:22:40,61.63,32.8
2024-01-26 23:25:06,56.08,30.27
2024-01-26 23:27:33,43.25,26.42
2024-01-26 23:29:59,45.25,26.3
2024-01-26 23:32:26,52.03,27.02
2024-01-26 23:34:52,43.05,25.05
2024-01-26 23:37:18,37.05,22.9
2024-01-26 23:39:44,60.13,30.67
2024-01-26 23:42:10,61.63,35.1
2024-01-26 23:44:36,74.22,39.0
2024-01-26 23:47:02,74.72,38.55
2024-01-26 23:49:28,66.35,37.7
2024-01-26 23:51:55,67.68,35.78
2024-01-26 23:54:21,63.33,32.47
2024-01-26 23:56:47,86.93,44.38
2024-01-26 23:59:13,85.1,42.9
2024-01-27 00:01:38,79.22,42.33
2024-01-27 00:04:04,67.13,38.5
2024-01-27 00:06:30,74.22,36.6
2024-01-27 00:08:55,61.13,34.4
2024-01-27 00:11:21,95.13,52.0
2024-01-27 00:13:49,64.43,35.6
2024-01-27 00:16:15,66.85,34.25
2024-01-27 00:18:41,84.47,45.25
2024-01-27 00:21:07,82.53,46.03
2024-01-27 00:23:33,83.38,44.33
2024-01-27 00:25:59,73.3,40.03
2024-01-27 00:28:26,73.6,40.92
2024-01-27 00:30:53,76.82,40.15
2024-01-27 00:33:18,81.45,42.47
2024-01-27 00:35:44,78.55,42.0
2024-01-27 00:38:10,79.38,41.95
2024-01-27 00:40:36,100.78,48.47
2024-01-27 00:43:02,76.88,41.78
2024-01-27 00:45:28,66.05,35.05
2024-01-27 00:47:55,73.28,37.0
2024-01-27 00:50:21,61.42,32.2
2024-01-27 00:52:47,59.1,33.03
2024-01-27 00:55:13,58.97,32.8
2024-01-27 00:57:39,71.22,38.22
2024-01-27 01:00:05,64.38,36.05
2024-01-27 01:02:32,59.78,30.17
2024-01-27 01:04:58,60.75,33.33
2024-01-27 01:07:24,59.25,32.15
2024-01-27 01:09:50,64.55,36.25
2024-01-27 01:12:17,63.35,35.83
2024-01-27 01:14:43,57.47,33.67
2024-01-27 01:17:09,62.28,34.3
2024-01-27 01:19:38,58.38,32.72
2024-01-27 01:22:04,59.45,34.08
2024-01-27 01:24:30,58.63,30.75
2024-01-27 01:26:56,60.95,32.67
2024-01-27 01:29:22,56.4,32.55
2024-01-27 01:31:48,56.67,30.77
2024-01-27 01:34:14,56.35,30.0
2024-01-27 01:36:40,58.1,31.27
2024-01-27 01:39:06,59.33,32.6
2024-01-27 01:41:32,57.65,31.98
2024-01-27 01:43:58,55.55,32.5
2024-01-27 01:46:24,65.95,35.97
2024-01-27 01:48:50,63.45,35.42
2024-01-27 01:51:16,55.92,31.23
2024-01-27 01:53:42,57.53,31.42
2024-01-27 01:56:09,59.45,31.83
2024-01-27 01:58:35,63.0,34.15
2024-01-27 02:01:01,55.4,30.85
2024-01-27 02:03:27,50.47,27.1
2024-01-27 02:05:53,54.83,30.1
2024-01-27 02:08:20,43.67,25.25
2024-01-27 02:10:45,50.1,25.55
2024-01-27 02:13:15,49.55,26.7
2024-01-27 02:15:45,50.4,28.23
2024-01-27 02:18:11,50.72,28.77
2024-01-27 02:20:37,51.08,27.8
2024-01-27 02:23:03,51.53,26.85
2024-01-27 02:25:33,54.45,27.48
2024-01-27 02:27:59,52.42,28.8
2024-01-27 02:30:28,50.1,29.75
2024-01-27 02:32:56,56.22,28.98
2024-01-27 02:35:22,51.17,29.88
2024-01-27 02:37:48,47.0,27.7
2024-01-27 02:40:14,54.7,29.83
2024-01-27 02:42:40,53.83,29.05
2024-01-27 02:45:09,53.25,29.33
2024-01-27 02:47:36,53.95,28.52
2024-01-27 02:50:03,49.85,27.5
2024-01-27 02:52:29,44.65,26.02
2024-01-27 02:54:55,41.3,24.02
2024-01-27 02:57:21,39.95,23.92
2024-01-27 02:59:46,52.95,29.5
2024-01-27 03:02:12,45.7,27.9
2024-01-27 03:04:38,51.85,27.75
2024-01-27 03:07:04,46.05,27.0
2024-01-27 03:09:30,41.42,24.17
2024-01-27 03:11:56,38.8,22.88
2024-01-27 03:14:22,38.9,23.85
2024-01-27 03:16:48,47.67,27.42
2024-01-27 03:19:14,46.83,25.83
2024-01-27 03:21:40,43.9,25.45
2024-01-27 03:24:06,57.65,28.1
2024-01-27 03:26:31,50.13,27.27
2024-01-27 03:28:57,51.5,27.55
2024-01-27 03:31:23,51.28,27.4
2024-01-27 03:33:54,54.22,28.77
2024-01-27 03:36:21,45.78,25.9
2024-01-27 03:38:47,48.45,24.92
2024-01-27 03:41:13,49.0,26.33
2024-01-27 03:43:38,43.75,24.5
2024-01-27 03:46:04,48.58,26.4
2024-01-27 03:48:30,44.75,24.58
2024-01-27 03:50:56,41.15,23.2
2024-01-27 03:53:21,39.22,22.17
2024-01-27 03:55:47,34.58,21.83
2024-01-27 03:58:13,36.1,21.55
2024-01-27 04:00:38,33.53,20.95
2024-01-27 04:03:04,40.92,22.33
2024-01-27 04:05:30,39.03,22.42
2024-01-27 04:07:56,38.97,22.5
2024-01-27 04:10:22,38.78,21.75
2024-01-27 04:12:48,43.45,24.25
2024-01-27 04:15:14,41.88,23.88
2024-01-27 04:17:40,43.88,24.15
2024-01-27 04:20:07,44.95,23.95
2024-01-27 04:22:34,43.85,23.9
2024-01-27 04:25:00,43.13,23.92
2024-01-27 04:27:26,53.08,27.5
2024-01-27 04:29:53,43.2,25.0
2024-01-27 04:32:18,44.53,23.83
2024-01-27 04:34:46,35.67,22.25
2024-01-27 04:37:12,39.15,22.63
2024-01-27 04:39:38,35.58,22.15
2024-01-27 04:42:03,38.35,21.8
2024-01-27 04:44:31,36.6,21.55
2024-01-27 04:46:57,43.35,22.0
2024-01-27 04:49:23,41.08,22.92
2024-01-27 04:51:49,37.4,22.52
2024-01-27 04:54:15,43.75,24.25
2024-01-27 04:56:41,42.2,23.33
2024-01-27 04:59:06,43.75,24.35
2024-01-27 05:01:32,41.1,23.92
2024-01-27 05:03:58,44.72,24.77
2024-01-27 05:06:24,46.92,24.77
2024-01-27 05:08:50,45.08,23.73
2024-01-27 05:11:24,35.75,23.1
2024-01-27 05:13:54,38.7,21.88
2024-01-27 05:16:20,36.22,19.83
2024-01-27 05:18:46,37.25,21.15
2024-01-27 05:21:13,29.6,18.02
2024-01-27 05:23:39,36.05,20.73
2024-01-27 05:26:05,37.13,21.65
2024-01-27 05:28:31,40.55,24.73
2024-01-27 05:30:57,42.72,24.52
2024-01-27 05:33:23,40.35,23.8
2024-01-27 05:35:49,41.2,23.2
2024-01-27 05:38:15,33.15,21.75
2024-01-27 05:40:41,34.55,21.02
2024-01-27 05:43:07,38.55,19.73
2024-01-27 05:45:33,32.7,17.55
2024-01-27 05:47:59,35.22,20.33
2024-01-27 05:50:25,29.75,16.7
2024-01-27 05:52:51,30.08,18.25
2024-01-27 05:55:17,34.72,18.3
2024-01-27 05:57:43,28.88,15.95
2024-01-27 06:00:09,31.05,17.15
2024-01-27 06:02:35,27.1,16.7
2024-01-27 06:05:01,33.28,18.88
2024-01-27 06:07:27,29.13,17.3
2024-01-27 06:09:53,33.47,18.85
2024-01-27 06:12:19,30.85,17.8
2024-01-27 06:14:45,28.77,18.65
2024-01-27 06:17:11,27.4,18.38
2024-01-27 06:19:40,38.85,18.48
2024-01-27 06:22:05,35.1,20.2
2024-01-27 06:24:31,35.47,19.63
2024-01-27 06:26:57,30.08,17.8
2024-01-27 06:29:23,35.97,18.3
2024-01-27 06:31:49,36.2,21.2
2024-01-27 06:34:14,35.75,21.27
2024-01-27 06:36:40,37.9,23.23
2024-01-27 06:39:06,40.65,24.13
2024-01-27 06:41:33,40.1,23.95
2024-01-27 06:43:58,39.5,23.45
2024-01-27 06:46:24,38.1,23.5
2024-01-27 06:48:50,41.45,24.17
2024-01-27 06:51:15,48.38,26.75
2024-01-27 06:53:41,43.65,21.42
2024-01-27 06:56:07,43.2,24.38
2024-01-27 06:58:33,52.15,27.52
2024-01-27 07:00:59,37.05,22.15
2024-01-27 07:03:25,39.42,22.98
2024-01-27 07:05:51,34.33,21.27
2024-01-27 07:08:17,38.05,22.0
2024-01-27 07:10:43,32.3,18.83
2024-01-27 07:13:08,34.17,17.63
2024-01-27 07:15:34,24.0,14.35
2024-01-27 07:18:02,26.7,15.18
2024-01-27 07:20:28,33.95,17.73
2024-01-27 07:22:54,33.83,18.05
2024-01-27 07:25:20,26.45,15.4
2024-01-27 07:27:45,27.55,16.0
2024-01-27 07:30:12,37.08,19.67
2024-01-27 07:32:38,34.08,18.65
2024-01-27 07:35:04,29.85,16.98
2024-01-27 07:37:30,24.4,14.95
2024-01-27 07:39:56,27.83,16.0
2024-01-27 07:42:22,23.63,14.45
2024-01-27 07:44:48,29.33,15.68
2024-01-27 07:47:14,24.35,12.9
2024-01-27 07:49:40,22.6,14.07
2024-01-27 07:52:06,23.55,12.68
2024-01-27 07:54:31,23.88,11.57
2024-01-27 07:56:58,22.9,14.45
2024-01-27 07:59:24,24.4,13.27
2024-01-27 08:01:50,20.63,12.77
2024-01-27 08:04:16,20.5,11.7
2024-01-27 08:06:45,19.52,10.32
2024-01-27 08:09:12,26.0,15.2
2024-01-27 08:11:38,26.1,14.93
2024-01-27 08:14:04,33.28,18.08
2024-01-27 08:16:29,33.97,18.85
2024-01-27 08:18:55,29.67,17.3
2024-01-27 08:21:21,32.65,16.52
2024-01-27 08:23:47,27.85,11.82
2024-01-27 08:26:13,29.42,15.7
2024-01-27 08:28:38,28.52,15.65
2024-01-27 08:31:04,22.95,14.93
2024-01-27 08:33:30,25.23,16.02
2024-01-27 08:35:56,25.55,15.43
2024-01-27 08:38:21,23.7,14.18
2024-01-27 08:40:47,27.42,16.58
2024-01-27 08:43:13,37.58,20.67
2024-01-27 08:45:39,32.63,18.83
2024-01-27 08:48:05,35.05,20.48
2024-01-27 08:50:31,30.8,18.35
2024-01-27 08:52:57,31.45,17.42
2024-01-27 08:55:23,43.65,22.95
2024-01-27 08:57:49,35.78,21.35
2024-01-27 09:00:16,27.58,15.55
2024-01-27 09:02:45,25.67,14.93
2024-01-27 09:05:10,25.58,15.35
2024-01-27 09:07:36,23.33,14.32
2024-01-27 09:10:02,31.38,15.82
2024-01-27 09:12:29,27.0,16.23
2024-01-27 09:14:54,24.13,15.35
2024-01-27 09:17:20,35.08,15.55
2024-01-27 09:19:46,24.8,15.35
2024-01-27 09:22:12,29.27,14.63
2024-01-27 09:24:38,25.8,14.68
2024-01-27 09:27:05,22.27,14.05
2024-01-27 09:29:31,22.15,13.25
2024-01-27 09:31:57,19.7,13.07
2024-01-27 09:34:23,25.13,13.1
2024-01-27 09:36:49,18.75,11.93
2024-01-27 09:39:14,26.17,11.93
2024-01-27 09:41:40,18.35,11.6
2024-01-27 09:44:07,17.38,9.3
2024-01-27 09:46:33,10.7,4.88
2024-01-27 09:48:58,4.57,3.1
2024-01-27 09:51:25,5.22,2.33
2024-01-27 09:53:52,7.18,3.6
2024-01-27 09:56:18,2.58,1.5
2024-01-27 09:58:45,7.78,1.5
2024-01-27 10:01:12,2.33,1.33
2024-01-27 10:03:41,3.15,1.35
2024-01-27 10:06:08,1.8,1.52
2024-01-27 10:08:35,2.5,1.5
2024-01-27 10:11:06,2.35,1.55
2024-01-27 10:13:33,4.43,1.7
2024-01-27 10:16:00,4.2,2.0
2024-01-27 10:18:30,2.25,1.73
2024-01-27 10:20:57,4.25,2.17
2024-01-27 10:23:23,3.35,1.63
2024-01-27 10:25:52,2.42,1.42
2024-01-27 10:28:18,4.47,1.3
2024-01-27 10:30:44,3.5,1.88
2024-01-27 10:33:13,4.65,2.53
2024-01-27 10:35:42,4.35,2.35
2024-01-27 10:38:08,2.42,1.88
2024-01-27 10:40:35,2.58,1.45
2024-01-27 10:43:02,3.15,1.75
2024-01-27 10:45:32,2.13,1.42
2024-01-27 10:48:01,4.9,1.9
2024-01-27 10:50:28,2.63,1.55
2024-01-27 10:52:55,3.15,1.95
2024-01-27 10:55:26,3.05,1.85
2024-01-27 10:57:52,4.0,1.95
2024-01-27 11:00:20,2.8,1.7
2024-01-27 11:02:47,3.28,1.77
2024-01-27 11:05:18,2.7,1.55
2024-01-27 11:07:46,2.75,1.45
2024-01-27 11:10:12,1.88,1.55
2024-01-27 11:12:38,3.55,1.65
2024-01-27 11:15:04,1.95,1.4
2024-01-27 11:17:38,2.05,1.58
2024-01-27 11:22:32,2.83,1.65
2024-01-27 11:27:53,2.5,1.5
2024-01-27 11:30:26,6.65,1.77
2024-01-27 11:32:54,3.33,1.8
2024-01-27 11:35:21,3.7,2.0
2024-01-27 11:37:47,3.95,1.67
2024-01-27 11:40:13,2.3,1.48
2024-01-27 11:42:40,3.05,1.73
2024-01-27 11:45:07,2.45,1.55
2024-01-27 11:47:34,1.5,1.38
2024-01-27 11:49:59,2.5,1.5
2024-01-27 11:52:27,2.35,1.2
2024-01-27 11:54:56,2.67,1.7
2024-01-27 11:57:23,3.22,1.48
2024-01-27 11:59:52,1.75,1.42
2024-01-27 12:02:19,2.22,1.45
2024-01-27 12:04:46,1.95,1.13
2024-01-27 12:07:12,3.13,1.73
2024-01-27 12:09:39,2.83,1.65
2024-01-27 12:12:05,5.05,1.7
2024-01-27 12:14:50,2.25,1.45
2024-01-27 12:17:16,3.35,1.92
2024-01-27 12:19:49,1.45,1.33
2024-01-27 12:22:28,7.72,2.25
2024-01-27 12:24:55,4.07,1.8
2024-01-27 12:27:32,4.05,1.85
2024-01-27 12:29:59,2.85,1.25
2024-01-27 12:32:25,1.75,1.45
2024-01-27 12:34:52,3.5,1.5
2024-01-27 12:37:18,2.4,1.3
2024-01-27 12:39:46,3.08,1.42
2024-01-27 12:42:12,2.03,1.1
2024-01-27 12:44:41,2.0,1.23
2024-01-27 12:47:07,2.08,1.2
2024-01-27 12:49:33,1.63,1.2
2024-01-27 12:51:59,1.88,1.2
2024-01-27 12:54:25,4.07,1.6
2024-01-27 12:56:51,3.42,1.4
2024-01-27 12:59:17,1.9,1.3
2024-01-27 13:01:43,4.95,1.42
2024-01-27 13:04:09,1.63,1.02
2024-01-27 13:06:35,3.85,1.4
2024-01-27 13:09:01,2.3,1.45
2024-01-27 13:11:27,2.25,1.1
2024-01-27 13:13:52,1.83,1.3
2024-01-27 13:16:18,1.5,1.08
2024-01-27 13:18:44,0.95,0.88
2024-01-27 13:21:11,2.0,1.08
2024-01-27 13:23:37,2.75,1.4
2024-01-27 13:26:03,1.9,1.3
2024-01-27 13:28:29,2.25,1.25
2024-01-27 13:30:55,3.65,1.3
2024-01-27 13:33:20,7.28,1.75
2024-01-27 13:35:46,3.42,1.3
2024-01-27 13:38:15,2.2,1.4
2024-01-27 13:40:48,1.33,1.1
2024-01-27 13:43:14,4.47,1.4
2024-01-27 13:45:40,1.55,1.1
2024-01-27 13:48:06,2.0,1.6
2024-01-27 13:50:33,2.8,1.48
2024-01-27 13:52:58,5.18,1.58
2024-01-27 13:55:24,3.38,0.9
2024-01-27 13:57:50,2.38,1.77
2024-01-27 14:00:16,10.25,2.1
2024-01-27 14:02:42,6.72,1.23
2024-01-27 14:05:09,3.53,1.3
2024-01-27 14:07:35,5.32,1.38
2024-01-27 14:10:01,2.0,1.2
2024-01-27 14:12:27,2.28,1.33
2024-01-27 14:14:53,4.0,1.5
2024-01-27 14:17:26,3.25,1.4
2024-01-27 14:19:52,3.28,1.45
2024-01-27 14:22:18,3.58,1.4
2024-01-27 14:24:44,3.45,1.5
2024-01-27 14:27:09,4.28,1.55
2024-01-27 14:29:35,2.45,1.9
2024-01-27 14:32:02,2.4,1.4
2024-01-27 14:34:28,3.78,1.8
2024-01-27 14:36:54,3.25,1.88
2024-01-27 14:39:20,3.13,1.52
2024-01-27 14:41:46,2.2,1.67
2024-01-27 14:44:11,2.67,1.75
2024-01-27 14:46:37,4.88,2.0
2024-01-27 14:49:06,5.5,1.92
2024-01-27 14:51:33,3.8,2.1
2024-01-27 14:54:00,5.28,1.95
2024-01-27 14:56:29,2.3,1.67
2024-01-27 14:58:56,6.15,1.9
2024-01-27 15:01:23,4.65,1.77
2024-01-27 15:03:48,3.08,1.48
2024-01-27 15:06:14,3.7,1.8
2024-01-27 15:08:40,4.3,1.75
2024-01-27 15:11:06,5.38,1.67
2024-01-27 15:13:32,4.43,1.92
2024-01-27 15:15:58,3.63,1.9
2024-01-27 15:18:24,3.1,1.75
2024-01-27 15:20:49,3.35,2.35
2024-01-27 15:23:15,4.68,2.15
2024-01-27 15:25:41,3.6,1.73
2024-01-27 15:28:07,4.95,2.05
2024-01-27 15:30:33,3.88,1.8
2024-01-27 15:32:59,4.7,2.35
2024-01-27 15:35:24,5.93,2.5
2024-01-27 15:37:55,3.72,2.3
2024-01-27 15:40:21,5.72,2.6
2024-01-27 15:42:47,4.32,2.63
2024-01-27 15:45:12,4.93,2.47
2024-01-27 15:47:38,3.47,2.17
2024-01-27 15:50:07,3.85,2.58
2024-01-27 15:52:36,6.8,2.88
2024-01-27 15:55:02,7.72,2.4
2024-01-27 15:57:28,5.25,2.65
2024-01-27 15:59:55,6.68,2.1
2024-01-27 16:02:21,4.75,2.5
2024-01-27 16:04:47,4.97,2.72
2024-01-27 16:07:13,5.85,3.28
2024-01-27 16:09:38,4.97,2.9
2024-01-27 16:12:10,4.43,3.03
2024-01-27 16:14:36,3.5,2.53
2024-01-27 16:17:01,5.93,2.85
2024-01-27 16:19:27,6.55,3.13
2024-01-27 16:21:53,6.68,2.78
2024-01-27 16:24:19,4.85,2.95
2024-01-27 16:26:45,6.05,3.03
2024-01-27 16:29:10,5.18,2.85
2024-01-27 16:31:36,4.55,2.9
2024-01-27 16:34:02,7.82,3.9
2024-01-27 16:36:27,6.65,3.08
2024-01-27 16:38:53,7.18,2.92
2024-01-27 16:41:19,7.18,3.17
2024-01-27 16:43:45,8.05,2.67
2024-01-27 16:46:10,6.0,3.03
2024-01-27 16:48:37,6.3,3.7
2024-01-27 16:51:04,3.9,2.85
2024-01-27 16:53:32,3.85,2.7
2024-01-27 16:56:00,5.45,2.65
2024-01-27 16:58:29,4.2,2.55
2024-01-27 17:00:55,3.67,2.3
2024-01-27 17:03:21,2.72,1.9
2024-01-27 17:05:46,3.25,1.9
2024-01-27 17:08:12,3.83,2.08
2024-01-27 17:10:38,3.2,1.92
2024-01-27 17:13:04,2.95,1.73
2024-01-27 17:15:30,4.22,1.52
2024-01-27 17:17:56,3.7,1.6
2024-01-27 17:20:22,4.6,1.63
2024-01-27 17:22:49,2.25,1.45
2024-01-27 17:25:16,4.43,1.35
2024-01-27 17:27:42,1.9,1.2
2024-01-27 17:30:07,2.0,1.5
2024-01-27 17:32:34,2.08,1.5
2024-01-27 17:35:01,5.03,2.13
2024-01-27 17:37:27,3.7,2.08
2024-01-27 17:39:53,2.47,1.85
2024-01-27 17:42:19,3.0,1.63
2024-01-27 17:44:44,2.58,1.5
2024-01-27 17:47:10,3.0,1.55
2024-01-27 17:49:36,2.45,1.7
2024-01-27 17:52:02,6.07,2.8
2024-01-27 17:54:28,9.0,2.5
2024-01-27 17:56:54,6.78,2.38
2024-01-27 17:59:20,4.4,2.58
2024-01-27 18:01:46,5.93,2.8
2024-01-27 18:04:12,6.3,2.65
2024-01-27 18:06:39,3.35,2.3
2024-01-27 18:09:05,5.93,3.65
2024-01-27 18:11:32,7.78,4.8
2024-01-27 18:13:58,10.6,6.2
2024-01-27 18:16:24,17.08,9.85
2024-01-27 18:18:50,15.27,9.2
2024-01-27 18:21:16,14.77,9.4
2024-01-27 18:23:43,36.05,18.77
2024-01-27 18:26:11,19.55,10.7
2024-01-27 18:28:37,33.42,19.35
2024-01-27 18:31:03,24.42,15.07
2024-01-27 18:33:29,14.3,9.02
2024-01-27 18:35:55,10.73,5.7
2024-01-27 18:38:20,7.13,3.9
2024-01-27 18:40:47,13.32,8.18
2024-01-27 18:43:13,11.65,6.8
2024-01-27 18:45:39,14.32,7.9
2024-01-27 18:48:04,20.05,10.23
2024-01-27 18:50:31,15.15,10.05
2024-01-27 18:52:59,16.2,10.23
2024-01-27 18:55:25,13.85,9.1
2024-01-27 18:57:54,18.73,10.8
2024-01-27 19:00:21,16.08,10.45
2024-01-27 19:02:47,16.45,9.82
2024-01-27 19:05:12,14.05,8.9
2024-01-27 19:07:41,14.8,8.63
2024-01-27 19:10:07,11.85,6.82
2024-01-27 19:12:33,7.5,5.57
2024-01-27 19:14:59,8.95,5.7
2024-01-27 19:17:26,10.8,6.6
2024-01-27 19:19:51,12.65,7.4
2024-01-27 19:22:18,13.7,7.55
2024-01-27 19:24:44,9.75,6.2
2024-01-27 19:27:10,8.7,5.25
2024-01-27 19:29:36,12.43,6.78
2024-01-27 19:32:02,10.57,5.9
2024-01-27 19:34:30,7.3,4.65
2024-01-27 19:36:59,10.35,4.15
2024-01-27 19:39:25,6.05,3.9
2024-01-27 19:41:50,4.6,3.08
2024-01-27 19:44:16,6.9,2.9
2024-01-27 19:46:42,4.6,2.6
2024-01-27 19:49:08,5.95,3.4
2024-01-27 19:51:34,5.3,2.85
2024-01-27 19:54:00,4.72,2.72
2024-01-27 19:56:25,4.05,2.83
2024-01-27 19:58:51,8.52,3.55
2024-01-27 20:01:18,4.25,2.53
2024-01-27 20:03:44,5.5,2.85
2024-01-27 20:06:11,4.2,2.6
2024-01-27 20:08:37,4.85,2.85
2024-01-27 20:11:03,4.53,2.5
2024-01-27 20:13:29,6.05,2.33
2024-01-27 20:15:55,2.95,2.08
2024-01-27 20:18:20,3.95,2.5
2024-01-27 20:20:46,3.42,2.3
2024-01-27 20:23:12,4.22,2.33
2024-01-27 20:25:39,4.82,2.72
2024-01-27 20:28:05,3.85,2.35
2024-01-27 20:30:31,4.45,2.58
2024-01-27 20:32:58,3.67,2.72
2024-01-27 20:35:24,6.45,2.85
2024-01-27 20:37:51,5.6,3.03
2024-01-27 20:40:18,3.83,2.65
2024-01-27 20:42:43,6.22,2.9
2024-01-27 20:45:09,5.18,3.3
2024-01-27 20:47:35,4.88,3.33
2024-01-27 20:50:01,5.8,3.35
2024-01-27 20:52:27,4.82,3.17
2024-01-27 20:54:53,4.7,2.8
2024-01-27 20:57:19,5.1,2.72
2024-01-27 20:59:50,5.2,2.9
2024-01-27 21:02:16,6.28,3.2
2024-01-27 21:04:43,5.7,2.88
2024-01-27 21:07:09,6.7,3.05
2024-01-27 21:09:35,4.45,2.92
2024-01-27 21:12:01,10.5,3.1
2024-01-27 21:14:27,5.4,2.5
2024-01-27 21:16:54,3.1,2.2
2024-01-27 21:19:20,4.5,2.8
2024-01-27 21:21:46,6.03,3.0
2024-01-27 21:24:12,4.6,2.8
2024-01-27 21:26:41,5.18,2.35
2024-01-27 21:29:07,4.7,2.42
2024-01-27 21:31:33,5.2,2.5
2024-01-27 21:34:00,4.43,2.3
2024-01-27 21:36:25,4.05,2.25
2024-01-27 21:38:52,4.18,2.17
2024-01-27 21:41:19,4.15,2.4
2024-01-27 21:43:44,5.38,2.85
2024-01-27 21:46:10,3.67,2.3
2024-01-27 21:48:36,4.47,2.33
2024-01-27 21:51:02,4.45,2.55
2024-01-27 21:53:29,4.57,2.3
2024-01-27 21:55:54,4.15,2.6
2024-01-27 21:58:20,3.47,2.4
2024-01-27 22:00:46,5.93,3.1
2024-01-27 22:03:13,5.18,3.0
2024-01-27 22:05:40,6.25,2.6
2024-01-27 22:08:06,4.32,2.7
2024-01-27 22:10:32,5.1,3.1
2024-01-27 22:12:58,5.1,2.72
2024-01-27 22:15:23,4.82,2.75
2024-01-27 22:17:49,4.47,2.83
2024-01-27 22:20:15,4.38,2.53
2024-01-27 22:22:41,4.47,3.0
2024-01-27 22:25:07,4.53,2.8
2024-01-27 22:27:35,4.95,3.1
2024-01-27 22:30:03,5.25,2.9
2024-01-27 22:32:30,4.35,2.7
2024-01-27 22:34:56,5.4,2.8
2024-01-27 22:37:22,6.0,2.88
2024-01-27 22:39:47,4.0,2.88
2024-01-27 22:42:13,3.47,2.67
2024-01-27 22:44:39,3.7,2.5
2024-01-27 22:47:05,5.4,3.33
2024-01-27 22:49:30,7.3,4.2
2024-01-27 22:51:56,3.63,2.9
2024-01-27 22:54:22,4.43,2.9
2024-01-27 22:56:48,5.35,2.9
2024-01-27 22:59:13,3.92,2.55
2024-01-27 23:01:39,7.47,3.5
2024-01-27 23:04:06,7.85,5.47
2024-01-27 23:06:32,9.82,6.05
2024-01-27 23:08:58,14.02,8.13
2024-01-27 23:11:25,11.3,6.38
2024-01-27 23:13:50,8.3,5.88
2024-01-27 23:16:16,15.85,7.2
2024-01-27 23:18:44,11.73,6.5
2024-01-27 23:21:09,12.0,6.4
2024-01-27 23:23:35,10.8,6.35
2024-01-27 23:26:01,12.75,6.3
2024-01-27 23:28:27,10.13,6.18
2024-01-27 23:30:52,9.15,6.1
2024-01-27 23:33:19,8.88,5.22
2024-01-27 23:35:46,9.3,5.43
2024-01-27 23:38:12,7.45,4.38
2024-01-27 23:40:38,10.05,5.7
2024-01-27 23:43:03,14.13,8.93
2024-01-27 23:45:29,14.77,9.3
2024-01-27 23:47:55,12.4,7.43
2024-01-27 23:50:21,8.48,5.15
2024-01-27 23:52:46,12.88,7.47
2024-01-27 23:55:15,14.5,8.4
2024-01-27 23:57:50,11.43,6.63
2024-01-28 00:00:15,8.48,5.7
2024-01-28 00:02:42,9.95,5.88
2024-01-28 00:05:10,10.65,6.22
2024-01-28 00:07:38,8.0,4.93
2024-01-28 00:10:03,7.97,4.82
2024-01-28 00:12:30,11.02,5.9
2024-01-28 00:14:56,19.05,8.82
2024-01-28 00:17:22,15.8,9.7
2024-01-28 00:19:48,8.6,5.43
2024-01-28 00:22:14,16.48,8.1
2024-01-28 00:24:39,14.73,7.75
2024-01-28 00:27:05,8.38,5.63
2024-01-28 00:29:31,12.65,6.6
2024-01-28 00:31:58,7.6,4.7
2024-01-28 00:34:26,6.93,3.7
2024-01-28 00:36:52,8.88,6.43
2024-01-28 00:39:19,12.2,6.18
2024-01-28 00:41:44,9.43,6.25
2024-01-28 00:44:10,11.52,5.82
2024-01-28 00:46:36,10.38,5.93
2024-01-28 00:49:02,9.52,5.45
2024-01-28 00:51:28,11.48,5.75
2024-01-28 00:53:56,9.63,6.2
2024-01-28 00:56:22,10.6,6.15
2024-01-28 00:58:49,8.05,4.95
2024-01-28 01:01:15,7.1,4.4
2024-01-28 01:03:41,8.27,5.03
2024-01-28 01:06:07,7.53,5.0
2024-01-28 01:08:33,7.3,4.9
2024-01-28 01:10:59,5.78,3.1
2024-01-28 01:13:31,8.7,3.7
2024-01-28 01:15:57,5.85,3.4
2024-01-28 01:18:23,6.35,3.9
2024-01-28 01:20:49,5.53,3.75
2024-01-28 01:23:16,7.45,3.9
2024-01-28 01:25:41,7.78,4.03
2024-01-28 01:28:07,5.43,3.78
2024-01-28 01:30:33,5.43,3.85
2024-01-28 01:32:59,8.13,4.18
2024-01-28 01:35:24,5.93,4.05
2024-01-28 01:37:51,6.1,3.03
2024-01-28 01:40:19,3.2,2.13
2024-01-28 01:42:46,3.05,1.98
2024-01-28 01:45:12,3.33,2.0
2024-01-28 01:47:41,3.22,1.98
2024-01-28 01:50:08,4.2,2.03
2024-01-28 01:52:36,2.7,2.1
2024-01-28 01:55:07,2.85,2.1
2024-01-28 01:57:52,3.28,1.92
2024-01-28 02:00:20,3.65,2.13
2024-01-28 02:02:46,3.17,2.0
2024-01-28 02:05:11,3.3,1.85
2024-01-28 02:07:38,4.1,2.35
2024-01-28 02:10:04,2.7,2.3
2024-01-28 02:12:30,3.55,1.9
2024-01-28 02:15:03,2.7,2.08
2024-01-28 02:17:30,3.2,1.9
2024-01-28 02:19:56,3.0,1.98
2024-01-28 02:22:21,2.7,2.0
2024-01-28 02:24:47,4.9,2.3
2024-01-28 02:27:15,4.43,2.08
2024-01-28 02:29:41,3.35,1.98
2024-01-28 02:32:08,2.63,1.85
2024-01-28 02:34:42,3.35,1.6
2024-01-28 02:37:09,3.13,2.15
2024-01-28 02:39:36,3.2,1.9
2024-01-28 02:42:02,2.65,1.77
2024-01-28 02:44:28,1.88,1.6
2024-01-28 02:46:54,3.05,2.0
2024-01-28 02:49:21,4.13,1.83
2024-01-28 02:51:48,2.67,1.7
2024-01-28 02:54:18,4.32,1.9
2024-01-28 02:56:44,2.45,1.65
2024-01-28 02:59:09,1.67,1.58
2024-01-28 03:01:44,1.5,1.35
2024-01-28 03:04:11,2.53,1.7
2024-01-28 03:06:38,2.85,1.98
2024-01-28 03:09:04,2.0,1.8
2024-01-28 03:11:30,1.58,1.38
2024-01-28 03:13:56,2.67,2.05
2024-01-28 03:16:22,2.97,2.2
2024-01-28 03:18:48,1.8,1.7
2024-01-28 03:21:14,2.45,1.7
2024-01-28 03:23:39,2.05,1.73
2024-01-28 03:26:06,2.25,1.8
2024-01-28 03:28:34,2.4,1.73
2024-01-28 03:30:59,3.03,1.98
2024-01-28 03:33:25,2.13,1.88
2024-01-28 03:35:51,2.63,1.77
2024-01-28 03:38:16,2.45,1.85
2024-01-28 03:40:42,4.18,1.83
2024-01-28 03:43:08,2.22,1.88
2024-01-28 03:45:34,3.38,1.7
2024-01-28 03:48:00,4.0,1.9
2024-01-28 03:50:26,2.72,1.7
2024-01-28 03:52:51,3.38,2.08
2024-01-28 03:55:17,2.7,1.7
2024-01-28 03:57:43,2.92,1.8
2024-01-28 04:00:13,2.1,1.9
2024-01-28 04:02:39,2.3,1.83
2024-01-28 04:05:06,3.13,2.3
2024-01-28 04:07:32,2.45,1.85
2024-01-28 04:09:58,1.77,1.63
2024-01-28 04:12:24,2.45,1.6
2024-01-28 04:14:49,4.8,2.2
2024-01-28 04:17:15,4.03,1.95
2024-01-28 04:19:41,2.55,1.95
2024-01-28 04:22:10,4.35,1.9
2024-01-28 04:24:36,3.58,2.15
2024-01-28 04:27:02,4.0,2.1
2024-01-28 04:29:28,2.9,1.7
2024-01-28 04:31:53,3.72,2.3
2024-01-28 04:34:19,2.85,2.13
2024-01-28 04:36:46,3.35,2.05
2024-01-28 04:39:11,2.97,1.98
2024-01-28 04:41:40,2.75,1.67
2024-01-28 04:44:06,3.0,1.9
2024-01-28 04:46:32,2.6,1.85
2024-01-28 04:48:59,3.22,1.8
2024-01-28 04:51:25,3.53,2.17
2024-01-28 04:53:54,3.25,1.88
2024-01-28 04:56:20,5.15,2.05
2024-01-28 04:58:45,2.8,2.03
2024-01-28 05:01:12,1.9,1.7
2024-01-28 05:03:38,3.97,1.9
2024-01-28 05:06:04,2.67,2.1
2024-01-28 05:08:30,2.53,2.2
2024-01-28 05:10:56,4.2,2.53
2024-01-28 05:13:22,4.3,1.85
2024-01-28 05:15:49,3.33,2.1
2024-01-28 05:18:15,3.6,2.15
2024-01-28 05:20:41,2.9,1.92
2024-01-28 05:23:07,2.53,1.9
2024-01-28 05:25:33,2.78,1.9
2024-01-28 05:27:59,3.63,2.1
2024-01-28 05:30:25,2.5,2.03
2024-01-28 05:32:50,2.6,1.95
2024-01-28 05:35:16,2.85,2.3
2024-01-28 05:37:42,7.35,4.1
2024-01-28 05:40:08,9.3,4.75
2024-01-28 05:42:34,11.0,5.1
2024-01-28 05:45:00,10.32,5.53
2024-01-28 05:47:25,8.5,5.2
2024-01-28 05:49:51,8.98,5.8
2024-01-28 05:52:17,7.13,4.88
2024-01-28 05:54:43,8.73,4.97
2024-01-28 05:57:09,5.72,3.28
2024-01-28 05:59:35,8.93,4.5
2024-01-28 06:02:01,8.63,3.7
2024-01-28 06:04:27,6.65,4.07
2024-01-28 06:06:53,5.85,4.1
2024-01-28 06:09:18,8.6,4.95
2024-01-28 06:11:45,15.23,8.48
2024-01-28 06:14:11,11.07,5.25
2024-01-28 06:16:37,8.3,5.75
2024-01-28 06:19:03,9.43,5.7
2024-01-28 06:21:29,13.32,8.3
2024-01-28 06:23:55,12.05,7.75
2024-01-28 06:26:21,8.9,6.1
2024-01-28 06:28:47,12.18,7.07
2024-01-28 06:31:13,9.45,6.32
2024-01-28 06:33:43,9.98,6.22
2024-01-28 06:36:08,7.7,5.22
2024-01-28 06:38:42,7.05,3.78
2024-01-28 06:41:08,7.4,3.95
2024-01-28 06:43:33,6.95,3.6
2024-01-28 06:45:59,6.45,3.15
2024-01-28 06:48:25,7.47,4.28
2024-01-28 06:50:50,6.6,2.95
2024-01-28 06:53:16,3.9,2.78
2024-01-28 06:55:42,4.47,2.7
2024-01-28 06:58:07,3.85,2.5
2024-01-28 07:00:33,5.07,2.72
2024-01-28 07:02:59,6.53,2.5
2024-01-28 07:05:25,3.65,2.47
2024-01-28 07:07:50,4.15,2.13
2024-01-28 07:10:16,3.35,2.1
2024-01-28 07:12:42,2.35,1.9
2024-01-28 07:15:07,3.1,2.13
2024-01-28 07:17:33,4.35,2.13
2024-01-28 07:19:59,3.15,2.17
2024-01-28 07:22:25,4.5,1.9
2024-01-28 07:24:51,2.78,1.8
2024-01-28 07:27:17,2.65,1.92
2024-01-28 07:29:42,3.42,2.2
2024-01-28 07:32:08,3.53,1.9
2024-01-28 07:34:39,4.47,2.33
2024-01-28 07:37:05,8.2,3.4
2024-01-28 07:39:31,7.28,3.8
2024-01-28 07:41:56,5.72,3.55
2024-01-28 07:44:25,4.8,3.65
2024-01-28 07:46:52,7.05,4.15
2024-01-28 07:49:18,9.45,4.85
2024-01-28 07:51:44,11.3,6.07
2024-01-28 07:54:10,14.8,7.22
2024-01-28 07:56:36,22.52,12.32
2024-01-28 07:59:02,10.57,6.03
2024-01-28 08:01:28,6.97,3.83
2024-01-28 08:03:58,5.22,2.72
2024-01-28 08:06:24,3.38,2.63
2024-01-28 08:08:51,2.9,2.17
2024-01-28 08:11:18,4.47,2.72
2024-01-28 08:13:44,4.35,2.13
2024-01-28 08:16:10,3.58,2.75
2024-01-28 08:18:36,5.32,2.7
2024-01-28 08:21:04,4.47,3.1
2024-01-28 08:23:30,5.13,2.6
2024-01-28 08:25:55,3.58,2.42
2024-01-28 08:28:21,4.2,2.67
2024-01-28 08:30:47,5.03,2.78
2024-01-28 08:33:13,4.18,2.75
2024-01-28 08:35:39,4.78,2.58
2024-01-28 08:38:05,4.75,2.58
2024-01-28 08:40:31,8.38,2.5
2024-01-28 08:42:57,7.5,2.78
2024-01-28 08:45:23,4.7,2.7
2024-01-28 08:47:49,5.25,2.47
2024-01-28 08:50:15,3.85,2.2
2024-01-28 08:52:41,4.45,2.6
2024-01-28 08:55:07,7.63,3.1
2024-01-28 08:57:33,7.2,3.4
2024-01-28 08:59:59,5.97,3.5
2024-01-28 09:02:25,4.38,3.2
2024-01-28 09:04:51,4.05,2.75
2024-01-28 09:07:17,6.9,2.92
2024-01-28 09:09:43,7.75,2.85
2024-01-28 09:12:09,3.67,2.4
2024-01-28 09:14:35,4.22,2.38
2024-01-28 09:17:01,5.68,2.4
2024-01-28 09:19:27,4.63,2.65
2024-01-28 09:21:54,4.53,2.75
2024-01-28 09:24:20,5.15,2.83
2024-01-28 09:26:46,6.97,4.25
2024-01-28 09:29:11,5.6,3.33
2024-01-28 09:31:37,5.15,2.42
2024-01-28 09:34:03,3.35,1.95
2024-01-28 09:36:29,3.95,2.5
2024-01-28 09:38:55,6.45,2.05
2024-01-28 09:41:42,4.85,2.0
2024-01-28 09:44:20,6.85,2.38
2024-01-28 09:46:45,5.28,2.7
2024-01-28 09:49:12,3.22,2.3
2024-01-28 09:51:40,4.1,2.4
2024-01-28 09:54:08,4.78,2.2
2024-01-28 09:56:35,5.25,2.17
2024-01-28 09:59:02,5.15,2.17
2024-01-28 10:01:30,7.3,2.5
2024-01-28 10:03:57,5.35,2.5
2024-01-28 10:06:25,2.45,2.13
2024-01-28 10:08:51,6.03,2.67
2024-01-28 10:11:17,5.78,2.13
2024-01-28 10:13:43,4.97,2.4
2024-01-28 10:16:11,5.97,2.3
2024-01-28 10:18:36,9.23,2.38
2024-01-28 10:21:02,6.43,2.83
2024-01-28 10:23:28,4.3,2.97
2024-01-28 10:25:57,5.15,2.88
2024-01-28 10:28:25,4.88,2.88
2024-01-28 10:30:54,4.45,2.72
2024-01-28 10:33:20,5.2,2.45
2024-01-28 10:35:46,5.75,2.8
2024-01-28 10:38:19,2.95,2.2
2024-01-28 10:40:46,4.97,2.4
2024-01-28 10:43:15,6.25,2.9
2024-01-28 10:45:43,5.38,2.78
2024-01-28 10:48:11,7.03,3.13
2024-01-28 10:50:42,3.65,2.7
2024-01-28 10:53:09,4.72,3.08
2024-01-28 10:55:37,3.72,2.7
2024-01-28 10:58:04,5.25,2.88
2024-01-28 11:00:30,3.65,2.92
2024-01-28 11:02:56,7.8,3.42
2024-01-28 11:05:27,4.3,2.8
2024-01-28 11:07:54,3.78,2.67
2024-01-28 11:10:27,6.95,2.58
2024-01-28 11:12:59,4.8,2.3
2024-01-28 11:15:28,5.28,2.45
2024-01-28 11:17:55,3.47,2.6
2024-01-28 11:20:24,3.35,2.47
2024-01-28 11:22:57,3.0,2.2
2024-01-28 11:25:29,3.58,2.4
2024-01-28 11:27:59,5.25,2.67
2024-01-28 11:30:26,4.03,2.28
2024-01-28 11:32:55,3.83,2.58
2024-01-28 11:35:32,4.03,2.2
2024-01-28 11:37:58,3.22,2.42
2024-01-28 11:40:32,4.13,2.25
2024-01-28 11:43:01,6.3,2.25
2024-01-28 11:45:30,5.0,2.58
2024-01-28 11:47:56,3.95,2.6
2024-01-28 11:50:22,3.35,2.08
2024-01-28 11:52:48,4.38,2.15
2024-01-28 11:55:14,3.35,2.3
2024-01-28 11:57:43,4.13,2.28
2024-01-28 12:00:10,5.35,2.65
2024-01-28 12:02:38,4.68,2.58
2024-01-28 12:05:05,4.03,2.13
2024-01-28 12:07:32,6.5,2.72
2024-01-28 12:09:59,4.28,2.72
2024-01-28 12:12:25,5.97,3.05
2024-01-28 12:14:52,4.3,2.8
2024-01-28 12:17:18,12.4,3.03
2024-01-28 12:19:44,3.85,2.63
2024-01-28 12:22:10,4.97,2.4
2024-01-28 12:24:45,7.22,2.65
2024-01-28 12:27:14,4.15,2.6
2024-01-28 12:29:43,7.57,2.92
2024-01-28 12:32:09,5.7,2.6
2024-01-28 12:34:35,3.5,2.55
2024-01-28 12:37:04,4.28,2.9
2024-01-28 12:39:29,6.1,3.05
2024-01-28 12:41:55,6.7,3.42
2024-01-28 12:44:21,8.48,3.1
2024-01-28 12:46:47,6.93,2.95
2024-01-28 12:49:13,5.85,3.25
2024-01-28 12:51:39,4.88,3.38
2024-01-28 12:54:06,8.65,3.4
2024-01-28 12:56:33,7.2,3.67
2024-01-28 12:58:59,6.0,3.15
2024-01-28 13:01:25,3.05,2.63
2024-01-28 13:03:52,3.97,2.45
2024-01-28 13:06:17,4.55,2.75
2024-01-28 13:08:43,5.22,2.63
2024-01-28 13:11:09,5.63,2.45
2024-01-28 13:13:35,8.45,3.35
2024-01-28 13:16:01,7.9,2.83
2024-01-28 13:18:27,4.85,3.35
2024-01-28 13:20:53,8.2,3.65
2024-01-28 13:23:19,9.05,6.1
2024-01-28 13:25:45,10.8,6.38
2024-01-28 13:28:10,7.88,3.88
2024-01-28 13:30:36,7.57,4.4
2024-01-28 13:33:02,6.4,4.38
2024-01-28 13:35:28,3.92,2.97
2024-01-28 13:37:56,6.65,3.28
2024-01-28 13:40:21,6.4,3.4
2024-01-28 13:42:47,7.4,3.5
2024-01-28 13:45:13,7.75,3.95
2024-01-28 13:47:39,4.68,3.3
2024-01-28 13:50:06,6.55,2.97
2024-01-28 13:52:33,5.93,3.7
2024-01-28 13:54:58,6.3,3.4
2024-01-28 13:57:24,6.43,3.5
2024-01-28 13:59:50,5.47,3.17
2024-01-28 14:02:16,7.22,4.25
2024-01-28 14:04:41,6.6,3.7
2024-01-28 14:07:07,7.05,4.4
2024-01-28 14:09:33,7.7,4.75
2024-01-28 14:11:59,6.25,4.1
2024-01-28 14:14:24,7.47,3.58
2024-01-28 14:16:50,8.45,3.85
2024-01-28 14:19:16,7.75,3.67
2024-01-28 14:21:42,7.1,4.18
2024-01-28 14:24:07,7.2,3.85
2024-01-28 14:26:33,6.65,3.88
2024-01-28 14:28:59,4.72,3.58
2024-01-28 14:31:24,5.5,3.0
2024-01-28 14:33:50,7.65,3.72
2024-01-28 14:36:17,5.88,3.4
2024-01-28 14:38:43,4.97,3.75
2024-01-28 14:41:09,6.05,4.1
2024-01-28 14:43:37,5.4,3.63
2024-01-28 14:46:03,9.07,4.13
2024-01-28 14:48:29,6.57,3.45
2024-01-28 14:50:55,5.43,3.9
2024-01-28 14:53:21,6.6,4.3
2024-01-28 14:55:47,10.5,4.78
2024-01-28 14:58:13,11.5,4.82
2024-01-28 15:00:39,11.5,4.43
2024-01-28 15:03:04,8.35,4.15
2024-01-28 15:05:30,4.78,3.7
2024-01-28 15:07:56,8.13,4.28
2024-01-28 15:10:22,6.55,4.32
2024-01-28 15:12:49,6.28,4.0
2024-01-28 15:15:14,6.18,3.85
2024-01-28 15:17:40,5.47,3.83
2024-01-28 15:20:06,5.85,3.6
2024-01-28 15:22:33,4.85,3.33
2024-01-28 15:24:59,5.03,3.8
2024-01-28 15:27:25,4.57,3.22
2024-01-28 15:29:51,5.4,3.47
2024-01-28 15:32:17,4.13,3.22
2024-01-28 15:34:42,6.25,3.4
2024-01-28 15:37:09,5.47,3.45
2024-01-28 15:39:35,5.0,3.25
2024-01-28 15:42:01,5.25,3.13
2024-01-28 15:44:27,6.85,3.13
2024-01-28 15:46:55,7.13,3.92
2024-01-28 15:49:24,7.18,4.28
2024-01-28 15:51:51,6.6,4.7
2024-01-28 15:54:17,7.0,4.25
2024-01-28 15:56:43,5.97,3.97
2024-01-28 15:59:09,4.88,3.7
2024-01-28 16:01:34,6.03,3.83
2024-01-28 16:04:00,6.65,4.22
2024-01-28 16:06:26,5.45,3.67
2024-01-28 16:08:52,5.22,3.38
2024-01-28 16:11:17,4.2,3.15
2024-01-28 16:13:43,6.4,4.0
2024-01-28 16:16:09,3.55,2.5
2024-01-28 16:18:35,6.32,3.4
2024-01-28 16:21:01,5.03,3.53
2024-01-28 16:23:26,5.32,3.7
2024-01-28 16:25:52,5.15,3.6
2024-01-28 16:28:18,3.7,3.13
2024-01-28 16:30:43,3.6,2.83
2024-01-28 16:33:09,4.0,3.1
2024-01-28 16:35:35,3.5,2.95
2024-01-28 16:38:02,4.5,3.2
2024-01-28 16:40:28,3.67,2.8
2024-01-28 16:42:53,5.32,3.33
2024-01-28 16:45:19,4.95,2.92
2024-01-28 16:47:46,6.28,3.13
2024-01-28 16:50:13,4.1,3.47
2024-01-28 16:52:39,5.9,3.15
2024-01-28 16:55:05,3.88,2.75
2024-01-28 16:57:32,4.18,2.9
2024-01-28 16:59:59,4.1,2.75
2024-01-28 17:02:25,5.18,2.95
2024-01-28 17:04:51,3.53,2.8
2024-01-28 17:07:16,3.45,2.6
2024-01-28 17:09:42,3.4,2.85
2024-01-28 17:12:08,4.38,3.22
2024-01-28 17:14:34,4.0,3.15
2024-01-28 17:17:00,3.75,3.03
2024-01-28 17:19:27,4.13,3.03
2024-01-28 17:21:52,6.55,4.03
2024-01-28 17:24:18,6.47,3.7
2024-01-28 17:26:46,4.75,3.6
2024-01-28 17:29:13,5.55,3.85
2024-01-28 17:31:39,5.53,3.72
2024-01-28 17:34:05,6.03,3.92
2024-01-28 17:36:31,5.38,4.0
2024-01-28 17:39:00,4.47,3.7
2024-01-28 17:41:26,5.72,3.63
2024-01-28 17:43:52,5.97,4.0
2024-01-28 17:46:18,5.15,3.9
2024-01-28 17:48:44,4.45,3.78
2024-01-28 17:51:09,5.95,4.05
2024-01-28 17:53:35,4.63,3.55
2024-01-28 17:56:01,3.78,3.33
2024-01-28 17:58:26,6.15,3.5
2024-01-28 18:00:52,4.88,3.38
2024-01-28 18:03:18,5.13,3.5
2024-01-28 18:05:45,6.0,3.75
2024-01-28 18:08:11,6.75,3.53
2024-01-28 18:10:37,7.13,4.0
2024-01-28 18:13:02,6.7,3.7
2024-01-28 18:15:29,5.45,3.7
2024-01-28 18:17:54,5.63,4.0
2024-01-28 18:20:20,10.18,5.28
2024-01-28 18:22:46,6.18,4.45
2024-01-28 18:25:12,5.47,4.15
2024-01-28 18:27:37,5.28,3.72
2024-01-28 18:30:04,4.5,3.67
2024-01-28 18:32:31,6.78,4.7
2024-01-28 18:34:57,6.0,4.6
2024-01-28 18:37:23,4.68,4.1
2024-01-28 18:39:48,6.43,3.72
2024-01-28 18:42:14,5.53,4.63
2024-01-28 18:44:40,5.03,3.92
2024-01-28 18:47:11,5.9,4.07
2024-01-28 18:49:42,5.22,4.18
2024-01-28 18:52:11,6.1,4.5
2024-01-28 18:54:37,7.57,4.53
2024-01-28 18:57:03,9.25,4.9
2024-01-28 18:59:29,6.4,5.07
2024-01-28 19:01:55,6.85,5.35
2024-01-28 19:04:20,6.18,4.53
2024-01-28 19:06:46,7.2,4.97
2024-01-28 19:09:12,7.6,4.5
2024-01-28 19:11:40,6.18,4.5
2024-01-28 19:14:06,5.95,4.6
2024-01-28 19:16:35,8.07,5.95
2024-01-28 19:19:02,11.3,8.15
2024-01-28 19:21:27,17.45,12.4
2024-01-28 19:23:53,16.38,9.93
2024-01-28 19:26:19,8.43,5.63
2024-01-28 19:28:49,8.02,5.35
2024-01-28 19:31:15,7.68,5.78
2024-01-28 19:33:41,6.95,5.38
2024-01-28 19:36:07,6.15,4.7
2024-01-28 19:38:34,11.02,6.25
2024-01-28 19:40:59,9.13,5.78
2024-01-28 19:43:25,7.3,4.97
2024-01-28 19:45:51,8.35,5.3
2024-01-28 19:48:17,6.78,4.7
2024-01-28 19:50:43,9.77,5.18
2024-01-28 19:53:08,6.85,5.18
2024-01-28 19:55:34,8.45,5.03
2024-01-28 19:58:01,8.75,5.05
2024-01-28 20:00:28,6.72,4.93
2024-01-28 20:02:54,8.32,5.8
2024-01-28 20:05:20,9.65,6.18
2024-01-28 20:07:46,10.02,6.1
2024-01-28 20:10:12,11.43,6.9
2024-01-28 20:12:38,8.9,6.2
2024-01-28 20:15:07,10.32,6.1
2024-01-28 20:17:34,8.98,5.9
2024-01-28 20:20:00,9.5,6.72
2024-01-28 20:22:28,17.42,10.07
2024-01-28 20:24:56,9.57,6.3
2024-01-28 20:27:22,12.0,6.6
2024-01-28 20:29:48,9.43,6.3
2024-01-28 20:32:14,8.02,5.5
2024-01-28 20:34:40,8.3,5.72
2024-01-28 20:37:07,12.63,8.13
2024-01-28 20:39:33,6.45,5.15
2024-01-28 20:42:01,10.55,5.4
2024-01-28 20:44:29,14.1,8.75
2024-01-28 20:46:58,23.02,14.77
2024-01-28 20:49:25,22.3,14.02
2024-01-28 20:51:51,19.13,11.93
2024-01-28 20:54:17,13.43,9.0
2024-01-28 20:56:42,16.15,9.8
2024-01-28 20:59:08,15.25,7.8
2024-01-28 21:01:34,13.93,7.63
2024-01-28 21:04:00,10.38,7.28
2024-01-28 21:06:26,9.32,5.85
2024-01-28 21:08:53,9.6,6.03
2024-01-28 21:11:20,9.5,7.07
2024-01-28 21:13:46,16.13,10.27
2024-01-28 21:16:11,15.45,10.15
2024-01-28 21:18:37,17.5,10.52
2024-01-28 21:21:03,15.07,9.85
2024-01-28 21:23:29,15.73,10.25
2024-01-28 21:25:54,13.68,9.52
2024-01-28 21:28:20,16.25,10.35
2024-01-28 21:30:46,18.7,11.88
2024-01-28 21:33:12,24.65,15.88
2024-01-28 21:35:38,20.17,11.77
2024-01-28 21:38:04,16.63,10.82
2024-01-28 21:40:30,19.25,12.13
2024-01-28 21:42:56,18.92,11.93
2024-01-28 21:45:23,18.98,11.57
2024-01-28 21:47:49,18.25,11.95
2024-01-28 21:50:15,18.83,11.5
2024-01-28 21:52:41,20.83,12.85
2024-01-28 21:55:07,19.85,12.2
2024-01-28 21:57:35,17.0,11.02
2024-01-28 22:00:02,21.08,12.98
2024-01-28 22:02:29,16.25,12.27
2024-01-28 22:04:55,16.08,10.3
2024-01-28 22:07:21,15.13,9.65
2024-01-28 22:09:47,13.43,8.93
2024-01-28 22:12:13,15.25,9.52
2024-01-28 22:14:39,17.0,11.25
2024-01-28 22:17:05,10.35,8.27
2024-01-28 22:19:31,14.7,8.4
2024-01-28 22:21:57,14.6,8.9
2024-01-28 22:24:23,16.75,10.38
2024-01-28 22:26:49,17.33,11.05
2024-01-28 22:29:15,18.55,11.8
2024-01-28 22:31:40,17.52,10.98
2024-01-28 22:34:07,18.77,12.13
2024-01-28 22:36:33,20.17,13.13
2024-01-28 22:38:59,19.08,13.63
2024-01-28 22:41:25,25.38,15.82
2024-01-28 22:43:52,22.42,13.65
2024-01-28 22:46:18,24.52,15.7
2024-01-28 22:48:44,24.63,15.1
2024-01-28 22:51:10,22.2,13.85
2024-01-28 22:53:36,17.8,12.45
2024-01-28 22:56:02,18.58,11.18
2024-01-28 22:58:28,17.88,10.77
2024-01-28 23:00:55,15.02,9.6
2024-01-28 23:03:21,15.45,9.0
2024-01-28 23:05:47,20.05,11.2
2024-01-28 23:08:13,18.1,11.98
2024-01-28 23:10:39,15.45,9.88
2024-01-28 23:13:05,18.67,10.23
2024-01-28 23:15:31,15.38,10.05
2024-01-28 23:17:59,15.4,10.45
2024-01-28 23:20:25,15.98,9.55
2024-01-28 23:22:51,15.68,10.75
2024-01-28 23:25:17,17.27,11.68
2024-01-28 23:27:43,17.35,11.2
2024-01-28 23:30:09,17.05,10.4
2024-01-28 23:32:35,15.98,10.52
2024-01-28 23:35:01,18.95,11.32
2024-01-28 23:37:27,18.85,10.7
2024-01-28 23:39:53,17.55,10.15
2024-01-28 23:42:19,15.82,9.57
2024-01-28 23:44:45,16.5,11.07
2024-01-28 23:47:11,15.15,10.68
2024-01-28 23:49:37,17.7,10.6
2024-01-28 23:52:03,18.83,11.13
2024-01-28 23:54:29,18.1,10.95
2024-01-28 23:56:55,16.08,10.48
2024-01-28 23:59:21,14.57,9.9
2024-01-29 00:01:47,15.18,9.93
2024-01-29 00:04:13,14.3,10.02
2024-01-29 00:06:38,16.67,10.5
2024-01-29 00:09:04,16.55,10.65
2024-01-29 00:11:31,14.57,10.68
2024-01-29 00:13:58,14.15,9.82
2024-01-29 00:16:24,14.85,9.23
2024-01-29 00:18:50,17.73,9.75
2024-01-29 00:21:16,15.98,10.43
2024-01-29 00:23:42,17.08,11.27
2024-01-29 00:26:07,14.15,9.3
2024-01-29 00:28:33,15.77,10.32
2024-01-29 00:30:59,12.73,9.38
2024-01-29 00:33:26,14.48,9.15
2024-01-29 00:35:52,10.2,7.15
2024-01-29 00:38:18,11.68,7.15
2024-01-29 00:40:43,11.35,6.55
2024-01-29 00:43:09,11.27,6.5
2024-01-29 00:45:35,11.43,7.65
2024-01-29 00:48:00,10.55,6.78
2024-01-29 00:50:26,10.95,7.03
2024-01-29 00:52:52,11.15,7.65
2024-01-29 00:55:17,11.02,7.13
2024-01-29 00:57:43,12.5,7.6
2024-01-29 01:00:09,10.73,7.45
2024-01-29 01:02:35,11.35,7.13
2024-01-29 01:05:01,10.9,7.55
2024-01-29 01:07:27,9.98,6.8
2024-01-29 01:09:53,13.13,8.0
2024-01-29 01:12:19,11.25,7.7
2024-01-29 01:14:45,10.75,7.65
2024-01-29 01:17:10,11.35,7.15
2024-01-29 01:19:36,11.88,7.35
2024-01-29 01:22:02,10.5,7.2
2024-01-29 01:24:28,10.68,7.13
2024-01-29 01:26:53,14.5,8.0
2024-01-29 01:29:19,10.7,6.97
2024-01-29 01:31:45,9.95,7.15
2024-01-29 01:34:11,10.35,7.5
2024-01-29 01:36:36,10.0,7.3
2024-01-29 01:39:02,10.85,6.85
2024-01-29 01:41:29,9.1,6.55
2024-01-29 01:43:54,12.02,7.03
2024-01-29 01:46:21,12.85,7.97
2024-01-29 01:48:51,12.43,8.05
2024-01-29 01:51:19,13.15,8.57
2024-01-29 01:53:45,13.15,8.7
2024-01-29 01:56:12,15.73,8.5
2024-01-29 01:58:39,11.98,7.97
2024-01-29 02:01:07,12.6,8.0
2024-01-29 02:03:33,12.95,7.72
2024-01-29 02:05:59,12.98,8.02
2024-01-29 02:08:25,11.48,7.7
2024-01-29 02:10:52,11.13,6.95
2024-01-29 02:13:19,13.02,7.97
2024-01-29 02:15:45,11.2,8.05
2024-01-29 02:18:10,11.88,7.97
2024-01-29 02:20:36,13.3,7.13
2024-01-29 02:23:02,10.68,6.8
2024-01-29 02:25:28,9.57,7.3
2024-01-29 02:27:54,13.8,7.65
2024-01-29 02:30:20,17.3,9.68
2024-01-29 02:32:46,13.9,8.07
2024-01-29 02:35:12,13.48,8.57
2024-01-29 02:37:37,13.85,8.93
2024-01-29 02:40:03,14.25,8.73
2024-01-29 02:42:30,13.73,9.27
2024-01-29 02:44:56,12.9,9.38
2024-01-29 02:47:22,16.85,9.65
2024-01-29 02:49:47,15.73,9.38
2024-01-29 02:52:13,14.32,8.98
2024-01-29 02:54:39,14.95,9.68
2024-01-29 02:57:05,15.18,9.13
2024-01-29 02:59:31,13.07,9.13
2024-01-29 03:01:57,13.25,9.63
2024-01-29 03:04:23,14.38,8.63
2024-01-29 03:06:49,15.6,9.95
2024-01-29 03:09:15,13.43,9.2
2024-01-29 03:11:41,15.3,9.95
2024-01-29 03:14:07,15.63,9.55
2024-01-29 03:16:33,13.1,9.43
2024-01-29 03:18:59,14.07,9.65
2024-01-29 03:21:24,13.5,8.88
2024-01-29 03:23:54,14.57,9.38
2024-01-29 03:26:20,15.18,9.15
2024-01-29 03:28:46,16.4,9.77
2024-01-29 03:31:12,13.88,9.73
2024-01-29 03:33:38,12.6,9.45
2024-01-29 03:36:04,15.73,9.82
2024-01-29 03:38:31,13.2,9.23
2024-01-29 03:40:57,15.23,10.35
2024-01-29 03:43:24,15.25,10.13
2024-01-29 03:45:50,16.7,10.43
2024-01-29 03:48:16,18.38,11.98
2024-01-29 03:50:43,18.02,10.7
2024-01-29 03:53:08,15.9,10.35
2024-01-29 03:55:34,14.7,10.65
2024-01-29 03:58:00,17.45,11.02
2024-01-29 04:00:26,16.15,10.52
2024-01-29 04:02:52,16.45,11.48
2024-01-29 04:05:18,15.23,10.0
2024-01-29 04:07:44,16.3,10.4
2024-01-29 04:10:10,16.13,10.2
2024-01-29 04:12:36,16.85,11.45
2024-01-29 04:15:02,20.38,10.32
2024-01-29 04:17:28,16.25,11.23
2024-01-29 04:19:54,17.15,10.8
2024-01-29 04:22:20,15.35,11.05
2024-01-29 04:24:46,15.35,10.52
2024-01-29 04:27:11,17.65,10.75
2024-01-29 04:29:37,15.13,9.7
2024-01-29 04:32:04,13.98,9.35
2024-01-29 04:34:29,14.25,9.55
2024-01-29 04:36:55,14.38,9.3
2024-01-29 04:39:21,14.23,10.25
2024-01-29 04:41:47,16.42,10.1
2024-01-29 04:44:12,14.35,9.57
2024-01-29 04:46:40,14.35,10.13
2024-01-29 04:49:06,14.48,9.77
2024-01-29 04:51:32,17.95,11.18
2024-01-29 04:53:58,17.95,10.38
2024-01-29 04:56:24,19.5,10.8
2024-01-29 04:58:50,16.05,10.2
2024-01-29 05:01:16,14.98,10.43
2024-01-29 05:03:43,16.98,11.48
2024-01-29 05:06:09,18.67,11.95
2024-01-29 05:08:35,22.08,13.07
2024-01-29 05:11:01,23.02,14.23
2024-01-29 05:13:27,21.2,13.85
2024-01-29 05:15:53,27.05,15.35
2024-01-29 05:18:18,26.1,16.7
2024-01-29 05:20:44,36.65,21.33
2024-01-29 05:23:10,30.52,18.77
2024-01-29 05:25:36,24.0,15.1
2024-01-29 05:28:02,30.95,18.67
2024-01-29 05:30:28,26.83,16.13
2024-01-29 05:32:53,28.52,16.7
2024-01-29 05:35:19,29.77,16.35
2024-01-29 05:37:45,24.4,15.7
2024-01-29 05:40:11,22.3,14.75
2024-01-29 05:42:37,21.33,14.07
2024-01-29 05:45:03,23.77,15.32
2024-01-29 05:47:29,19.48,12.88
2024-01-29 05:49:55,22.45,14.05
2024-01-29 05:52:21,22.92,14.02
2024-01-29 05:54:47,23.52,15.35
2024-01-29 05:57:12,25.27,15.27
2024-01-29 05:59:39,22.05,13.7
2024-01-29 06:02:05,32.88,19.25
2024-01-29 06:04:31,31.48,19.77
2024-01-29 06:06:57,27.9,17.2
2024-01-29 06:09:23,40.3,23.67
2024-01-29 06:11:49,37.53,22.98
2024-01-29 06:14:15,29.45,17.15
2024-01-29 06:16:41,23.88,15.45
2024-01-29 06:19:10,23.73,15.32
2024-01-29 06:21:47,28.8,17.63
2024-01-29 06:24:13,33.4,20.13
2024-01-29 06:26:40,30.38,19.45
2024-01-29 06:29:06,30.3,18.42
2024-01-29 06:31:32,32.4,19.3
2024-01-29 06:33:57,31.58,19.33
2024-01-29 06:36:23,31.5,19.02
2024-01-29 06:38:49,27.9,17.23
2024-01-29 06:41:22,32.25,18.0
2024-01-29 06:43:52,35.38,22.05
2024-01-29 06:46:18,39.55,22.48
2024-01-29 06:48:45,31.13,20.25
2024-01-29 06:51:11,35.55,19.8
2024-01-29 06:53:41,36.4,22.05
2024-01-29 06:56:06,36.03,20.23
2024-01-29 06:58:33,41.03,22.6
2024-01-29 07:01:05,26.48,16.83
2024-01-29 07:03:31,30.27,18.73
2024-01-29 07:05:57,29.23,17.2
2024-01-29 07:08:23,27.92,17.38
2024-01-29 07:10:49,26.4,17.33
2024-01-29 07:13:15,36.7,22.73
2024-01-29 07:15:42,39.78,21.38
2024-01-29 07:18:08,33.97,20.27
2024-01-29 07:20:34,33.2,20.13
2024-01-29 07:23:05,32.83,19.0
2024-01-29 07:25:31,27.63,16.75
2024-01-29 07:27:57,31.17,18.63
2024-01-29 07:30:28,33.38,18.45
2024-01-29 07:32:55,32.1,19.27
2024-01-29 07:35:24,34.85,18.73
2024-01-29 07:37:50,29.42,18.4
2024-01-29 07:40:17,28.45,17.02
2024-01-29 07:42:45,32.88,19.27
2024-01-29 07:45:11,35.72,20.1
2024-01-29 07:47:37,35.83,20.58
2024-01-29 07:50:03,33.92,18.92
2024-01-29 07:52:29,28.98,18.23
2024-01-29 07:54:55,29.02,17.95
2024-01-29 07:57:21,44.7,24.48
2024-01-29 07:59:46,56.6,32.97
2024-01-29 08:02:12,66.0,38.0
2024-01-29 08:04:38,58.35,35.9
2024-01-29 08:07:04,45.22,27.45
2024-01-29 08:09:30,43.5,26.0
2024-01-29 08:11:55,35.55,21.6
2024-01-29 08:14:21,44.88,25.05
2024-01-29 08:16:47,39.8,23.88
2024-01-29 08:19:13,37.55,21.02
2024-01-29 08:21:39,43.0,23.63
2024-01-29 08:24:05,33.15,20.1
2024-01-29 08:26:31,31.92,19.73
2024-01-29 08:28:57,28.85,16.5
2024-01-29 08:31:23,25.17,14.65
2024-01-29 08:33:49,21.95,14.57
2024-01-29 08:36:16,25.08,14.35
2024-01-29 08:38:45,21.6,14.0
2024-01-29 08:41:11,24.27,14.82
2024-01-29 08:43:38,23.3,15.6
2024-01-29 08:46:04,29.3,14.9
2024-01-29 08:48:30,23.77,14.1
2024-01-29 08:50:56,23.8,12.2
2024-01-29 08:53:22,17.9,12.1
2024-01-29 08:55:48,25.92,13.13
2024-01-29 08:58:14,23.77,14.13
2024-01-29 09:00:40,21.08,13.32
2024-01-29 09:03:06,24.45,13.1
2024-01-29 09:05:33,19.35,12.9
2024-01-29 09:07:59,21.0,12.93
2024-01-29 09:10:24,15.63,9.1
2024-01-29 09:12:50,17.42,10.52
2024-01-29 09:15:16,15.25,9.52
2024-01-29 09:17:41,19.58,11.68
2024-01-29 09:20:07,18.35,10.88
2024-01-29 09:22:33,14.65,9.63
2024-01-29 09:24:59,12.38,8.4
2024-01-29 09:27:25,13.07,8.85
2024-01-29 09:29:51,13.75,9.23
2024-01-29 09:32:16,18.77,9.77
2024-01-29 09:34:42,18.58,9.77
2024-01-29 09:37:08,15.0,9.35
2024-01-29 09:39:34,17.48,10.43
2024-01-29 09:42:03,30.75,16.52
2024-01-29 09:44:33,13.65,8.52
2024-01-29 09:47:05,34.7,20.85
2024-01-29 09:49:33,17.98,11.07
2024-01-29 09:52:00,16.77,10.68
2024-01-29 09:54:33,11.82,8.48
2024-01-29 09:56:59,10.27,8.13
2024-01-29 09:59:25,16.4,7.93
2024-01-29 10:01:51,10.52,7.1
2024-01-29 10:04:17,10.75,7.05
2024-01-29 10:06:44,10.13,6.82
2024-01-29 10:09:10,9.85,6.75
2024-01-29 10:11:37,11.98,6.97
2024-01-29 10:14:04,9.82,6.97
2024-01-29 10:16:32,11.57,6.65
2024-01-29 10:18:58,8.7,6.38
2024-01-29 10:21:24,13.55,6.55
2024-01-29 10:23:54,8.95,6.82
2024-01-29 10:26:23,9.85,6.75
2024-01-29 10:31:44,7.68,6.0
2024-01-29 10:34:10,8.25,6.18
2024-01-29 10:36:38,9.45,6.5
2024-01-29 10:39:05,8.57,6.13
2024-01-29 10:41:33,11.13,6.65
2024-01-29 10:44:02,12.52,6.75
2024-01-29 10:46:28,9.3,5.95
2024-01-29 10:48:58,8.05,5.72
2024-01-29 10:51:25,9.93,6.05
2024-01-29 10:53:51,8.88,5.7
2024-01-29 10:56:19,10.48,5.93
2024-01-29 10:58:46,8.15,6.13
2024-01-29 11:01:14,8.05,6.2
2024-01-29 11:03:40,8.85,6.43
2024-01-29 11:06:13,8.93,6.0
2024-01-29 11:09:10,9.73,6.28
2024-01-29 11:11:39,11.35,7.93
2024-01-29 11:14:09,11.1,6.78
2024-01-29 11:16:35,10.7,6.15
2024-01-29 11:19:02,8.95,6.13
2024-01-29 11:21:28,9.07,6.0
2024-01-29 11:23:54,10.68,6.75
2024-01-29 11:26:21,9.02,5.9
2024-01-29 11:29:02,8.25,6.22
2024-01-29 11:31:38,11.88,6.72
2024-01-29 11:34:05,10.38,7.32
2024-01-29 11:36:31,9.35,5.95
2024-01-29 11:39:04,7.78,5.68
2024-01-29 11:41:32,8.52,5.5
2024-01-29 11:43:58,8.32,5.9
2024-01-29 11:46:29,7.18,5.43
2024-01-29 11:48:55,11.48,6.93
2024-01-29 11:51:27,10.2,6.2
2024-01-29 11:53:53,16.83,6.45
2024-01-29 11:56:19,10.18,7.45
2024-01-29 11:58:45,8.73,6.35
2024-01-29 12:01:23,8.13,5.15
2024-01-29 12:03:49,7.57,5.32
2024-01-29 12:06:15,6.82,5.43
2024-01-29 12:08:45,10.77,6.1
2024-01-29 12:11:14,9.25,5.88
2024-01-29 12:13:40,13.18,9.13
2024-01-29 12:16:06,18.77,9.48
2024-01-29 12:18:34,7.03,5.1
2024-01-29 12:21:04,9.2,6.03
2024-01-29 12:23:31,10.4,5.2
2024-01-29 12:25:57,5.32,4.5
2024-01-29 12:28:23,8.2,5.03
2024-01-29 12:30:57,7.22,4.78
2024-01-29 12:33:25,8.43,5.2
2024-01-29 12:36:08,7.15,4.7
2024-01-29 12:38:39,6.6,4.8
2024-01-29 12:41:06,8.18,5.3
2024-01-29 12:43:31,6.85,5.13
2024-01-29 12:46:11,7.35,5.35
2024-01-29 12:48:38,8.23,4.93
2024-01-29 12:51:04,5.9,4.72
2024-01-29 12:53:30,6.6,5.13
2024-01-29 12:55:57,7.55,4.8
2024-01-29 12:58:23,5.97,4.68
2024-01-29 13:00:51,9.32,5.25
2024-01-29 13:03:17,7.75,5.32
2024-01-29 13:05:45,12.35,5.45
2024-01-29 13:08:11,8.65,4.95
2024-01-29 13:10:37,7.45,4.7
2024-01-29 13:13:04,7.43,4.03
2024-01-29 13:15:32,6.18,4.22
2024-01-29 13:17:59,5.65,3.72
2024-01-29 13:20:25,4.9,3.22
2024-01-29 13:22:51,4.6,3.38
2024-01-29 13:25:17,5.15,3.13
2024-01-29 13:27:43,5.57,3.1
2024-01-29 13:30:09,6.43,3.63
2024-01-29 13:32:37,3.55,2.85
2024-01-29 13:35:04,7.25,3.4
2024-01-29 13:37:31,4.8,3.05
2024-01-29 13:39:57,5.6,3.1
2024-01-29 13:42:24,4.25,2.88
2024-01-29 13:44:49,5.3,3.3
2024-01-29 13:47:15,4.5,2.8
2024-01-29 13:49:41,3.4,2.9
2024-01-29 13:52:06,4.47,3.28
2024-01-29 13:54:32,4.2,3.1
2024-01-29 13:56:58,4.43,2.88
2024-01-29 13:59:24,4.6,3.4
2024-01-29 14:01:50,3.65,2.9
2024-01-29 14:04:15,3.55,2.92
2024-01-29 14:06:42,4.85,3.2
2024-01-29 14:09:08,5.5,3.35
2024-01-29 14:11:36,5.05,3.72
2024-01-29 14:14:02,5.65,3.17
2024-01-29 14:16:28,3.65,3.03
2024-01-29 14:18:54,4.8,3.5
2024-01-29 14:21:22,7.95,4.03
2024-01-29 14:23:48,5.03,3.78
2024-01-29 14:26:14,4.6,3.85
2024-01-29 14:28:40,4.82,3.65
2024-01-29 14:31:06,6.9,5.3
2024-01-29 14:33:31,8.8,5.28
2024-01-29 14:35:57,7.43,4.65
2024-01-29 14:38:23,6.07,3.67
2024-01-29 14:40:55,5.3,3.33
2024-01-29 14:43:21,4.0,3.13
2024-01-29 14:45:47,4.95,3.55
2024-01-29 14:48:12,3.65,2.92
2024-01-29 14:50:38,4.55,3.6
2024-01-29 14:53:04,4.8,3.35
2024-01-29 14:55:30,4.35,3.38
2024-01-29 14:57:55,5.55,4.13
2024-01-29 15:00:21,6.4,4.28
2024-01-29 15:02:49,9.27,4.43
2024-01-29 15:05:15,6.35,4.85
2024-01-29 15:07:41,6.8,4.57
2024-01-29 15:10:10,7.57,4.3
2024-01-29 15:12:36,5.22,4.05
2024-01-29 15:15:06,7.07,4.32
2024-01-29 15:17:32,6.3,4.38
2024-01-29 15:19:58,8.15,4.72
2024-01-29 15:22:25,6.5,4.75
2024-01-29 15:24:52,7.68,5.18
2024-01-29 15:27:18,14.35,5.55
2024-01-29 15:29:44,9.68,6.25
2024-01-29 15:32:11,8.68,5.97
2024-01-29 15:34:37,10.98,7.3
2024-01-29 15:37:13,11.4,7.53
2024-01-29 15:39:44,11.0,7.45
2024-01-29 15:42:10,14.3,9.0
2024-01-29 15:44:41,13.4,8.55
2024-01-29 15:47:10,14.45,7.95
2024-01-29 15:49:37,11.27,8.43
2024-01-29 15:52:05,13.55,8.38
2024-01-29 15:54:31,14.88,8.4
2024-01-29 15:57:00,11.68,8.73
2024-01-29 15:59:35,13.82,8.7
2024-01-29 16:02:01,12.45,8.65
2024-01-29 16:04:35,15.6,8.6
2024-01-29 16:07:03,15.6,9.4
2024-01-29 16:09:29,15.15,8.82
2024-01-29 16:11:55,12.88,8.38
2024-01-29 16:14:22,11.57,7.97
2024-01-29 16:16:48,12.68,8.0
2024-01-29 16:19:14,14.9,8.95
2024-01-29 16:21:39,12.88,8.43
2024-01-29 16:24:05,12.15,8.32
2024-01-29 16:26:32,14.35,8.6
2024-01-29 16:28:58,12.82,8.65
2024-01-29 16:31:24,15.13,8.95
2024-01-29 16:33:49,16.25,8.95
2024-01-29 16:36:21,17.98,10.6
2024-01-29 16:38:48,12.88,9.13
2024-01-29 16:41:32,13.38,8.8
2024-01-29 16:43:58,14.77,8.75
2024-01-29 16:46:24,14.95,10.02
2024-01-29 16:48:52,17.48,10.15
2024-01-29 16:51:22,17.45,11.18
2024-01-29 16:53:51,17.52,10.8
2024-01-29 16:56:24,15.52,11.13
2024-01-29 16:58:57,13.32,9.02
2024-01-29 17:01:25,16.17,8.7
2024-01-29 17:03:51,19.23,10.02
2024-01-29 17:06:17,13.48,8.98
2024-01-29 17:08:43,13.68,9.18
2024-01-29 17:11:09,14.65,9.8
2024-01-29 17:13:36,14.52,9.55
2024-01-29 17:16:05,14.75,9.27
2024-01-29 17:18:31,14.73,9.5
2024-01-29 17:20:58,13.77,9.27
2024-01-29 17:23:24,30.42,19.45
2024-01-29 17:25:54,22.48,14.35
2024-01-29 17:28:26,16.9,10.27
2024-01-29 17:30:52,13.88,9.27
2024-01-29 17:33:18,14.68,8.93
2024-01-29 17:35:44,11.82,9.0
2024-01-29 17:38:10,13.93,8.02
2024-01-29 17:40:36,13.05,8.1
2024-01-29 17:43:02,11.93,7.63
2024-01-29 17:45:30,9.88,7.3
2024-01-29 17:47:56,10.13,7.65
2024-01-29 17:50:22,9.68,6.97
2024-01-29 17:52:48,9.1,7.05
2024-01-29 17:55:15,10.23,7.6
2024-01-29 17:57:41,10.9,7.03
2024-01-29 18:00:07,11.9,7.75
2024-01-29 18:02:33,12.52,8.55
2024-01-29 18:05:00,12.18,8.45
2024-01-29 18:07:26,12.9,9.32
2024-01-29 18:09:52,13.63,9.13
2024-01-29 18:12:18,15.82,8.9
2024-01-29 18:14:44,12.85,8.82
2024-01-29 18:17:10,13.82,8.65
2024-01-29 18:19:35,16.65,8.93
2024-01-29 18:22:01,13.38,9.32
2024-01-29 18:24:27,16.45,9.2
2024-01-29 18:26:53,12.2,8.73
2024-01-29 18:29:18,13.93,8.77
2024-01-29 18:31:44,12.63,9.2
2024-01-29 18:34:10,11.25,8.35
2024-01-29 18:36:35,12.77,8.95
2024-01-29 18:39:01,13.02,9.0
2024-01-29 18:41:27,13.2,9.02
2024-01-29 18:43:53,13.45,9.38
2024-01-29 18:46:19,14.9,9.7
2024-01-29 18:48:46,14.2,8.93
2024-01-29 18:51:22,12.63,8.73
2024-01-29 18:53:55,12.57,8.48
2024-01-29 18:56:22,12.88,8.93
2024-01-29 18:58:48,11.75,8.45
2024-01-29 19:01:19,16.52,8.95
2024-01-29 19:03:45,14.05,8.85
2024-01-29 19:06:12,14.32,9.3
2024-01-29 19:08:38,13.8,8.27
2024-01-29 19:11:04,13.1,8.88
2024-01-29 19:13:30,13.48,8.45
2024-01-29 19:15:58,13.75,8.63
2024-01-29 19:18:24,13.65,9.25
2024-01-29 19:20:50,14.05,8.75
2024-01-29 19:23:19,13.07,9.27
2024-01-29 19:25:46,13.43,8.98
2024-01-29 19:28:12,12.38,8.6
2024-01-29 19:30:38,12.77,8.55
2024-01-29 19:33:07,12.0,8.27
2024-01-29 19:35:33,11.55,8.38
2024-01-29 19:38:00,12.38,8.77
2024-01-29 19:40:25,14.8,8.8
2024-01-29 19:42:51,13.52,8.93
2024-01-29 19:45:17,13.75,9.5
2024-01-29 19:47:46,14.38,8.6
2024-01-29 19:50:15,14.0,8.73
2024-01-29 19:52:44,13.1,9.48
2024-01-29 19:55:10,14.0,8.3
2024-01-29 19:57:37,11.25,8.6
2024-01-29 20:00:05,16.27,9.23
2024-01-29 20:02:32,11.23,8.52
2024-01-29 20:04:58,15.2,9.43
2024-01-29 20:07:27,15.05,8.4
2024-01-29 20:09:53,12.13,8.55
2024-01-29 20:12:19,12.88,8.77
2024-01-29 20:14:45,11.9,8.15
2024-01-29 20:17:11,14.88,8.68
2024-01-29 20:19:40,11.0,7.9
2024-01-29 20:22:06,11.82,8.55
2024-01-29 20:24:32,13.0,7.72
2024-01-29 20:26:59,11.95,8.32
2024-01-29 20:29:25,13.52,8.93
2024-01-29 20:31:54,14.45,9.38
2024-01-29 20:34:20,16.3,9.6
2024-01-29 20:36:46,17.15,11.88
2024-01-29 20:39:12,30.48,17.52
2024-01-29 20:41:39,24.55,14.45
2024-01-29 20:44:06,28.73,16.6
2024-01-29 20:46:32,36.58,22.45
2024-01-29 20:48:58,27.38,16.98
2024-01-29 20:51:26,35.22,21.77
2024-01-29 20:53:52,27.83,18.05
2024-01-29 20:56:18,18.42,12.63
2024-01-29 20:58:44,26.23,16.38
2024-01-29 21:01:09,31.25,18.77
2024-01-29 21:03:35,29.25,17.6
2024-01-29 21:06:01,36.33,21.58
2024-01-29 21:08:26,21.2,14.13
2024-01-29 21:10:53,20.13,12.7
2024-01-29 21:13:19,18.38,12.65
2024-01-29 21:15:47,21.23,14.73
2024-01-29 21:18:12,29.42,19.77
2024-01-29 21:20:38,40.75,23.95
2024-01-29 21:23:06,46.83,26.15
2024-01-29 21:25:32,39.9,24.3
2024-01-29 21:27:57,37.55,20.6
2024-01-29 21:30:23,30.25,18.92
2024-01-29 21:32:49,35.65,20.27
2024-01-29 21:35:15,25.13,16.73
2024-01-29 21:37:40,27.95,19.23
2024-01-29 21:40:06,26.77,16.52
2024-01-29 21:42:33,30.23,17.92
2024-01-29 21:44:59,31.4,20.65
2024-01-29 21:47:25,34.88,21.73
2024-01-29 21:49:51,37.13,21.85
2024-01-29 21:52:17,33.72,21.63
2024-01-29 21:54:43,22.5,13.07
2024-01-29 21:57:10,22.4,14.52
2024-01-29 21:59:35,20.85,13.57
2024-01-29 22:02:03,23.1,16.08
2024-01-29 22:04:29,30.83,20.13
2024-01-29 22:06:55,36.15,21.4
2024-01-29 22:09:21,28.42,18.05
2024-01-29 22:11:47,25.92,15.85
2024-01-29 22:14:13,25.23,14.85
2024-01-29 22:16:38,21.3,14.35
2024-01-29 22:19:05,23.48,15.93
2024-01-29 22:21:32,16.98,10.5
2024-01-29 22:23:58,26.42,16.95
2024-01-29 22:26:24,27.48,16.38
2024-01-29 22:28:50,16.85,10.6
2024-01-29 22:31:16,20.3,12.63
2024-01-29 22:33:42,18.25,12.05
2024-01-29 22:36:08,21.48,13.73
2024-01-29 22:38:36,22.63,14.8
2024-01-29 22:41:03,23.55,14.93
2024-01-29 22:43:29,26.9,17.83
2024-01-29 22:45:55,30.27,18.8
2024-01-29 22:48:22,22.2,14.43
2024-01-29 22:50:48,18.77,13.0
2024-01-29 22:53:14,22.05,13.48
2024-01-29 22:55:40,20.95,13.45
2024-01-29 22:58:05,24.58,15.95
2024-01-29 23:00:31,20.88,13.5
2024-01-29 23:03:01,20.08,12.82
2024-01-29 23:05:28,19.27,13.18
2024-01-29 23:07:56,19.95,13.63
2024-01-29 23:10:22,21.92,13.63
2024-01-29 23:12:49,23.83,14.73
2024-01-29 23:15:15,22.2,14.73
2024-01-29 23:17:41,23.0,13.85
2024-01-29 23:20:07,24.2,15.18
2024-01-29 23:22:36,20.8,13.55
2024-01-29 23:25:05,21.48,14.9
2024-01-29 23:27:31,24.3,15.77
2024-01-29 23:29:57,23.4,15.63
2024-01-29 23:32:23,23.15,14.75
2024-01-29 23:34:49,23.58,15.52
2024-01-29 23:37:21,23.1,15.7
2024-01-29 23:39:47,25.65,16.48
2024-01-29 23:42:13,21.45,15.13
2024-01-29 23:44:39,23.02,16.55
2024-01-29 23:47:05,23.35,14.3
2024-01-29 23:49:30,28.35,16.05
2024-01-29 23:51:56,27.48,15.8
2024-01-29 23:54:22,22.63,15.57
2024-01-29 23:56:47,22.77,14.68
2024-01-29 23:59:13,22.52,13.7
2024-01-30 00:01:39,21.33,14.85
2024-01-30 00:04:04,23.48,17.02
2024-01-30 00:06:30,25.83,16.65
2024-01-30 00:08:56,24.58,15.88
2024-01-30 00:11:22,24.5,14.9
2024-01-30 00:13:50,21.4,13.48
2024-01-30 00:16:20,21.35,12.88
2024-01-30 00:18:47,22.1,13.88
2024-01-30 00:21:13,18.7,12.32
2024-01-30 00:23:39,19.98,13.23
2024-01-30 00:26:04,24.58,14.32
2024-01-30 00:28:31,20.23,12.73
2024-01-30 00:30:56,15.32,11.15
2024-01-30 00:33:22,17.77,11.6
2024-01-30 00:35:49,19.3,12.85
2024-01-30 00:38:15,20.55,13.68
2024-01-30 00:40:40,17.52,11.48
2024-01-30 00:43:06,29.33,16.75
2024-01-30 00:45:33,26.45,15.3
2024-01-30 00:47:59,21.73,12.65
2024-01-30 00:50:25,22.95,13.1
2024-01-30 00:52:50,22.45,13.43
2024-01-30 00:55:16,24.45,14.8
2024-01-30 00:57:42,20.5,13.27
2024-01-30 01:00:08,20.77,12.3
2024-01-30 01:02:37,19.88,12.7
2024-01-30 01:05:04,21.2,11.75
2024-01-30 01:07:30,16.73,11.05
2024-01-30 01:09:56,17.67,11.1
2024-01-30 01:12:22,19.25,11.25
2024-01-30 01:14:47,21.27,11.2
2024-01-30 01:17:13,21.38,11.65
2024-01-30 01:19:39,16.8,10.5
2024-01-30 01:22:04,19.98,12.05
2024-01-30 01:24:33,24.45,13.8
2024-01-30 01:26:59,27.25,16.7
2024-01-30 01:29:25,19.73,13.13
2024-01-30 01:31:56,19.55,13.27
2024-01-30 01:34:25,22.5,13.55
2024-01-30 01:36:51,18.0,11.23
2024-01-30 01:39:17,16.92,10.9
2024-01-30 01:41:43,15.6,10.3
2024-01-30 01:44:08,16.38,10.0
2024-01-30 01:46:35,17.0,10.18
2024-01-30 01:49:02,17.17,11.1
2024-01-30 01:51:29,17.48,11.7
2024-01-30 01:53:57,23.88,15.68
2024-01-30 01:56:26,24.92,15.3
2024-01-30 01:59:06,35.58,17.65
2024-01-30 02:01:33,24.15,14.88
2024-01-30 02:03:59,27.35,16.48
2024-01-30 02:06:26,32.72,19.35
2024-01-30 02:08:52,27.65,17.75
2024-01-30 02:11:19,26.27,16.7
2024-01-30 02:13:46,27.17,15.07
2024-01-30 02:16:11,20.8,11.95
2024-01-30 02:18:37,20.98,13.45
2024-01-30 02:21:07,17.8,10.82
2024-01-30 02:23:33,15.82,10.73
2024-01-30 02:25:59,26.92,16.92
2024-01-30 02:28:25,24.5,16.27
2024-01-30 02:30:52,25.6,15.23
2024-01-30 02:33:18,23.65,14.43
2024-01-30 02:35:44,25.13,15.82
2024-01-30 02:38:10,26.42,16.42
2024-01-30 02:40:35,26.15,15.7
2024-01-30 02:43:01,24.02,14.88
2024-01-30 02:45:28,25.63,14.95
2024-01-30 02:47:54,22.73,13.68
2024-01-30 02:50:20,20.98,12.73
2024-01-30 02:52:45,29.6,15.23
2024-01-30 02:55:11,24.4,14.43
2024-01-30 02:57:38,21.05,14.2
2024-01-30 03:00:04,19.4,12.73
2024-01-30 03:02:31,22.27,14.52
2024-01-30 03:04:58,21.15,14.32
2024-01-30 03:07:24,20.48,12.98
2024-01-30 03:09:50,20.73,12.93
2024-01-30 03:12:16,21.23,12.65
2024-01-30 03:14:41,17.0,10.95
2024-01-30 03:17:07,19.4,12.0
2024-01-30 03:19:33,21.75,13.43
2024-01-30 03:21:59,22.08,13.32
2024-01-30 03:24:25,18.65,12.15
2024-01-30 03:26:51,21.23,12.0
2024-01-30 03:29:16,19.27,11.32
2024-01-30 03:31:42,17.58,10.05
2024-01-30 03:34:08,18.75,12.45
2024-01-30 03:36:33,20.48,13.7
2024-01-30 03:38:59,25.83,14.23
2024-01-30 03:41:26,19.85,12.27
2024-01-30 03:43:51,20.52,12.43
2024-01-30 03:46:17,18.23,11.27
2024-01-30 03:48:43,14.0,8.88
2024-01-30 03:51:09,16.88,10.2
2024-01-30 03:53:43,15.95,10.25
2024-01-30 03:56:09,10.57,7.72
2024-01-30 03:58:35,10.95,7.3
2024-01-30 04:01:01,10.75,7.18
2024-01-30 04:03:27,11.98,7.6
2024-01-30 04:05:53,14.98,8.35
2024-01-30 04:08:19,14.0,8.27
2024-01-30 04:10:46,14.38,8.68
2024-01-30 04:13:12,13.52,8.55
2024-01-30 04:15:38,8.45,6.07
2024-01-30 04:18:04,10.9,7.05
2024-01-30 04:20:30,9.7,7.15
2024-01-30 04:22:56,12.1,6.7
2024-01-30 04:25:21,10.9,7.28
2024-01-30 04:27:47,11.43,7.07
2024-01-30 04:30:13,9.98,7.1
2024-01-30 04:32:39,11.5,7.38
2024-01-30 04:35:05,11.23,7.28
2024-01-30 04:37:31,10.32,6.43
2024-01-30 04:39:57,8.05,6.05
2024-01-30 04:42:22,9.07,6.3
2024-01-30 04:44:49,12.0,7.15
2024-01-30 04:47:15,20.08,12.73
2024-01-30 04:49:40,17.8,10.73
2024-01-30 04:52:06,12.65,9.23
2024-01-30 04:54:33,14.38,8.7
2024-01-30 04:56:59,15.02,8.93
2024-01-30 04:59:25,10.73,8.0
2024-01-30 05:01:51,22.98,14.38
2024-01-30 05:04:17,31.35,17.42
2024-01-30 05:06:43,25.55,15.15
2024-01-30 05:09:09,19.65,12.85
2024-01-30 05:11:38,25.63,14.93
2024-01-30 05:14:07,17.2,10.93
2024-01-30 05:16:34,21.13,13.0
2024-01-30 05:19:00,28.17,17.13
2024-01-30 05:21:25,27.65,15.85
2024-01-30 05:23:51,24.23,13.23
2024-01-30 05:26:17,27.88,16.13
2024-01-30 05:28:43,21.33,13.27
2024-01-30 05:31:13,21.85,13.2
2024-01-30 05:33:39,21.67,11.9
2024-01-30 05:36:05,17.0,10.7
2024-01-30 05:38:31,16.8,10.13
2024-01-30 05:40:57,17.25,10.6
2024-01-30 05:43:23,19.65,10.5
2024-01-30 05:45:49,17.42,10.38
2024-01-30 05:48:16,18.0,11.48
2024-01-30 05:50:42,18.23,11.2
2024-01-30 05:53:08,17.52,10.68
2024-01-30 05:55:33,19.3,11.52
2024-01-30 05:57:59,18.73,11.35
2024-01-30 06:00:25,17.17,11.7
2024-01-30 06:02:50,25.58,16.0
2024-01-30 06:05:16,30.27,18.55
2024-01-30 06:07:42,23.55,14.18
2024-01-30 06:10:08,28.0,16.63
2024-01-30 06:12:34,25.5,16.0
2024-01-30 06:15:00,25.08,15.88
2024-01-30 06:17:27,23.3,14.4
2024-01-30 06:19:53,26.0,16.08
2024-01-30 06:22:18,28.08,16.77
2024-01-30 06:24:44,22.75,14.32
2024-01-30 06:27:13,22.92,14.18
2024-01-30 06:29:39,17.38,11.02
2024-01-30 06:32:05,14.27,9.5
2024-01-30 06:34:31,15.5,9.68
2024-01-30 06:36:57,40.92,25.4
2024-01-30 06:39:23,36.95,24.13
2024-01-30 06:41:48,45.95,27.77
2024-01-30 06:44:14,61.53,33.1
2024-01-30 06:46:40,51.1,26.02
2024-01-30 06:49:06,35.92,21.02
2024-01-30 06:51:31,37.42,21.48
2024-01-30 06:53:57,39.1,24.13
2024-01-30 06:56:23,35.65,20.75
2024-01-30 06:58:52,33.47,20.67
2024-01-30 07:01:18,42.33,23.48
2024-01-30 07:03:43,34.05,22.25
2024-01-30 07:06:09,47.3,27.73
2024-01-30 07:08:38,55.13,34.45
2024-01-30 07:11:07,48.85,28.73
2024-01-30 07:13:34,40.75,25.92
2024-01-30 07:16:00,39.65,23.08
2024-01-30 07:18:26,52.08,29.45
2024-01-30 07:20:51,36.28,22.73
2024-01-30 07:23:17,27.9,16.83
2024-01-30 07:25:43,29.6,18.8
2024-01-30 07:28:10,30.9,19.65
2024-01-30 07:30:37,40.33,24.13
2024-01-30 07:33:03,38.63,22.3
2024-01-30 07:35:29,37.67,23.13
2024-01-30 07:37:55,45.38,25.52
2024-01-30 07:40:22,37.75,23.92
2024-01-30 07:42:48,34.08,20.17
2024-01-30 07:45:14,30.13,18.73
2024-01-30 07:47:40,25.75,17.15
2024-01-30 07:50:07,23.95,16.7
2024-01-30 07:52:33,27.23,17.38
2024-01-30 07:54:59,27.3,18.2
2024-01-30 07:57:24,27.92,18.4
2024-01-30 07:59:50,32.45,19.8
2024-01-30 08:02:16,27.88,19.0
2024-01-30 08:04:42,24.65,16.9
2024-01-30 08:07:07,24.38,17.25
2024-01-30 08:09:33,30.42,17.5
2024-01-30 08:11:59,27.3,16.83
2024-01-30 08:14:25,23.9,15.4
2024-01-30 08:16:51,20.83,13.77
2024-01-30 08:19:16,21.7,13.27
2024-01-30 08:21:42,19.3,13.43
2024-01-30 08:24:08,17.5,12.18
2024-01-30 08:26:34,19.85,13.65
2024-01-30 08:29:00,17.67,12.32
2024-01-30 08:31:26,20.0,12.77
2024-01-30 08:33:52,17.58,12.63
2024-01-30 08:36:17,16.95,12.52
2024-01-30 08:38:44,22.45,12.18
2024-01-30 08:41:10,14.65,10.95
2024-01-30 08:43:35,15.9,10.02
2024-01-30 08:46:01,14.95,10.48
2024-01-30 08:48:28,15.27,10.2
2024-01-30 08:50:54,18.63,12.3
2024-01-30 08:53:19,13.45,9.4
2024-01-30 08:55:45,13.57,8.93
2024-01-30 08:58:11,11.48,8.38
2024-01-30 09:00:37,14.45,8.4
2024-01-30 09:03:03,10.57,8.07
2024-01-30 09:05:29,11.35,8.0
2024-01-30 09:07:55,12.85,8.7
2024-01-30 09:10:21,13.75,8.8
2024-01-30 09:12:47,14.0,9.13
2024-01-30 09:15:13,11.75,8.45
2024-01-30 09:17:39,14.25,8.9
2024-01-30 09:20:05,10.6,8.02
2024-01-30 09:22:31,12.85,8.38
2024-01-30 09:24:57,10.55,8.25
2024-01-30 09:27:23,11.63,8.15
2024-01-30 09:29:48,14.23,8.9
2024-01-30 09:32:14,12.88,8.13
2024-01-30 09:34:40,11.82,8.23
2024-01-30 09:37:06,10.93,8.05
2024-01-30 09:39:33,11.88,8.07
2024-01-30 09:42:05,11.5,7.78
2024-01-30 09:45:02,11.03,7.57
2024-01-30 09:47:33,18.95,8.48
2024-01-30 09:50:08,14.18,9.9
2024-01-30 09:52:35,15.05,9.6
2024-01-30 09:55:01,13.32,8.4
2024-01-30 09:57:27,14.57,8.48
2024-01-30 09:59:53,10.38,6.22
2024-01-30 10:02:19,10.23,6.8
2024-01-30 10:04:49,7.15,5.43
2024-01-30 10:07:16,7.18,5.55
2024-01-30 10:09:42,6.13,5.1
2024-01-30 10:12:08,7.32,5.0
2024-01-30 10:14:38,6.25,4.6
2024-01-30 10:17:04,7.03,5.65
2024-01-30 10:19:31,8.52,5.45
2024-01-30 10:21:56,6.82,5.3
2024-01-30 10:24:25,6.22,5.18
2024-01-30 10:26:52,6.45,4.95
2024-01-30 10:29:18,7.32,4.9
2024-01-30 10:31:44,6.32,5.05
2024-01-30 10:34:10,8.1,5.72
2024-01-30 10:36:46,7.5,5.9
2024-01-30 10:39:15,5.03,4.53
2024-01-30 10:41:43,7.25,5.3
2024-01-30 10:44:09,7.9,5.65
2024-01-30 10:46:37,6.05,4.72
2024-01-30 10:49:05,5.55,4.18
2024-01-30 10:51:31,7.1,5.15
2024-01-30 10:53:57,6.35,4.82
2024-01-30 10:56:24,7.85,5.15
2024-01-30 10:58:50,6.7,5.3
2024-01-30 11:01:21,7.75,5.0
2024-01-30 11:03:54,6.82,4.97
2024-01-30 11:06:22,6.3,5.0
2024-01-30 11:09:04,6.35,4.88
2024-01-30 11:14:40,5.28,4.5
2024-01-30 11:17:05,6.5,5.05
2024-01-30 11:19:31,9.0,5.2
2024-01-30 11:21:58,5.2,4.6
2024-01-30 11:24:25,7.75,4.72
2024-01-30 11:27:01,5.5,4.43
2024-01-30 11:29:33,6.85,4.38
2024-01-30 11:32:00,6.57,4.93
2024-01-30 11:34:26,5.53,4.53
2024-01-30 11:36:52,5.4,4.47
2024-01-30 11:39:29,7.13,5.2
2024-01-30 11:41:55,8.2,4.8
2024-01-30 11:44:22,6.45,4.75
2024-01-30 11:46:49,8.13,4.6
2024-01-30 11:49:18,6.0,4.57
2024-01-30 11:51:47,4.7,4.2
2024-01-30 11:54:14,5.75,4.3
2024-01-30 11:56:41,7.4,4.63
2024-01-30 11:59:08,5.72,4.35
2024-01-30 12:01:34,4.82,3.92
2024-01-30 12:03:59,5.1,4.1
2024-01-30 12:06:25,6.43,4.4
2024-01-30 12:08:58,5.38,4.35
2024-01-30 12:11:25,5.9,4.5
2024-01-30 12:13:51,7.03,4.3
2024-01-30 12:16:18,6.45,4.2
2024-01-30 12:18:44,5.63,4.5
2024-01-30 12:21:10,5.2,4.35
2024-01-30 12:23:36,10.35,4.2
2024-01-30 12:26:02,5.0,3.8
2024-01-30 12:28:29,5.55,4.07
2024-01-30 12:31:04,6.7,4.57
2024-01-30 12:33:30,6.53,4.13
2024-01-30 12:35:57,6.53,4.15
2024-01-30 12:38:26,6.78,4.78
2024-01-30 12:40:55,8.9,4.2
2024-01-30 12:43:22,5.97,4.72
2024-01-30 12:45:49,6.07,4.63
2024-01-30 12:48:15,7.3,4.65
2024-01-30 12:50:41,7.93,4.72
2024-01-30 12:53:07,7.65,4.6
2024-01-30 12:55:34,4.72,3.97
2024-01-30 12:58:00,6.3,4.2
2024-01-30 13:00:26,5.82,4.18
2024-01-30 13:02:52,7.65,4.6
2024-01-30 13:05:18,5.9,4.0
2024-01-30 13:07:44,5.32,4.35
2024-01-30 13:10:10,7.75,4.63
2024-01-30 13:12:36,5.85,3.9
2024-01-30 13:15:03,5.15,4.13
2024-01-30 13:17:30,6.05,3.72
2024-01-30 13:19:57,5.57,4.05
2024-01-30 13:22:23,6.0,4.3
2024-01-30 13:24:49,5.05,3.72
2024-01-30 13:27:15,5.93,4.18
2024-01-30 13:29:41,6.18,4.2
2024-01-30 13:32:07,7.03,3.75
2024-01-30 13:34:33,5.65,4.2
2024-01-30 13:36:58,4.53,3.63
2024-01-30 13:39:24,5.6,3.9
2024-01-30 13:41:50,6.13,4.15
2024-01-30 13:44:16,6.38,4.5
2024-01-30 13:46:42,6.4,3.72
2024-01-30 13:49:08,6.5,4.55
2024-01-30 13:51:34,10.27,3.53
2024-01-30 13:54:00,5.15,3.78
2024-01-30 13:56:25,5.38,3.92
2024-01-30 13:58:52,5.15,3.63
2024-01-30 14:01:18,4.63,3.63
2024-01-30 14:03:44,5.13,3.6
2024-01-30 14:06:10,6.28,4.1
2024-01-30 14:08:36,4.7,3.92
2024-01-30 14:11:02,6.43,4.38
2024-01-30 14:13:28,5.95,3.75
2024-01-30 14:15:55,5.6,4.07
2024-01-30 14:18:22,5.13,3.83
2024-01-30 14:20:47,6.25,4.0
2024-01-30 14:23:13,8.15,4.47
2024-01-30 14:25:40,5.35,3.95
2024-01-30 14:28:05,4.45,3.5
2024-01-30 14:30:31,7.38,4.1
2024-01-30 14:32:57,6.0,3.7
2024-01-30 14:35:22,5.53,4.03
2024-01-30 14:37:48,6.32,4.47
2024-01-30 14:40:14,5.38,3.9
2024-01-30 14:42:40,5.85,4.1
2024-01-30 14:45:06,4.72,3.5
2024-01-30 14:47:33,4.88,4.0
2024-01-30 14:50:00,5.22,4.0
2024-01-30 14:52:26,6.03,4.32
2024-01-30 14:54:52,6.22,4.7
2024-01-30 14:57:18,7.45,4.72
2024-01-30 14:59:44,7.38,5.2
2024-01-30 15:02:10,6.57,4.6
2024-01-30 15:04:36,8.38,4.63
2024-01-30 15:07:02,7.68,4.8
2024-01-30 15:09:28,5.65,4.53
2024-01-30 15:11:53,6.55,4.32
2024-01-30 15:14:19,6.88,5.25
2024-01-30 15:16:45,7.93,5.53
2024-01-30 15:19:11,8.6,5.35
2024-01-30 15:21:36,7.35,5.2
2024-01-30 15:24:02,8.02,5.57
2024-01-30 15:26:28,7.65,5.15
2024-01-30 15:28:54,8.02,4.63
2024-01-30 15:31:20,10.1,5.38
2024-01-30 15:33:46,6.45,4.53
2024-01-30 15:36:12,9.52,5.47
2024-01-30 15:38:38,7.5,5.7
2024-01-30 15:41:04,7.9,5.9
2024-01-30 15:43:30,12.27,6.18
2024-01-30 15:45:57,8.23,6.05
2024-01-30 15:48:29,10.05,5.38
2024-01-30 15:50:54,9.3,5.95
2024-01-30 15:53:20,10.38,5.5
2024-01-30 15:55:47,9.27,5.82
2024-01-30 15:58:13,7.9,5.47
2024-01-30 16:00:39,12.0,5.6
2024-01-30 16:03:05,8.0,5.65
2024-01-30 16:05:31,9.55,5.25
2024-01-30 16:07:56,8.18,4.9
2024-01-30 16:10:22,6.55,4.9
2024-01-30 16:12:48,8.57,5.7
2024-01-30 16:15:15,6.7,4.72
2024-01-30 16:17:41,8.88,5.8
2024-01-30 16:20:07,10.93,5.32
2024-01-30 16:22:33,7.68,5.3
2024-01-30 16:25:00,6.38,4.9
2024-01-30 16:27:26,9.68,5.7
2024-01-30 16:29:52,7.93,5.35
2024-01-30 16:32:18,7.35,5.63
2024-01-30 16:34:44,8.32,4.78
2024-01-30 16:37:10,7.13,4.93
2024-01-30 16:39:36,7.28,5.38
2024-01-30 16:42:02,7.88,5.57
2024-01-30 16:44:28,7.38,5.3
2024-01-30 16:46:54,9.18,5.38
2024-01-30 16:49:19,7.82,5.68
2024-01-30 16:51:45,8.55,5.68
2024-01-30 16:54:11,11.5,6.5
2024-01-30 16:56:37,7.7,5.9
2024-01-30 16:59:02,10.7,6.05
2024-01-30 17:01:29,11.0,5.75
2024-01-30 17:03:54,8.7,6.43
2024-01-30 17:06:20,8.38,5.95
2024-01-30 17:08:46,9.18,6.15
2024-01-30 17:11:12,5.68,4.3
2024-01-30 17:13:37,11.85,6.6
2024-01-30 17:16:03,14.02,9.02
2024-01-30 17:18:32,33.72,22.48
2024-01-30 17:20:58,43.25,26.85
2024-01-30 17:23:24,40.15,23.1
2024-01-30 17:25:51,22.33,14.45
2024-01-30 17:28:17,27.1,17.05
2024-01-30 17:30:42,22.7,15.27
2024-01-30 17:33:08,26.6,15.07
2024-01-30 17:35:34,22.13,13.0
2024-01-30 17:38:00,41.03,28.25
2024-01-30 17:40:25,57.58,36.67
2024-01-30 17:42:51,54.58,31.08
2024-01-30 17:45:17,69.5,41.17
2024-01-30 17:47:43,68.85,43.3
2024-01-30 17:50:08,65.93,40.53
2024-01-30 17:52:34,68.85,41.13
2024-01-30 17:55:00,73.5,41.92
2024-01-30 17:57:26,66.78,38.55
2024-01-30 17:59:51,72.43,44.08
2024-01-30 18:02:17,62.0,37.95
2024-01-30 18:04:43,57.38,30.75
2024-01-30 18:07:09,51.4,31.4
2024-01-30 18:09:35,56.17,32.65
2024-01-30 18:12:00,71.8,43.1
2024-01-30 18:14:27,63.9,35.9
2024-01-30 18:16:53,72.45,44.25
2024-01-30 18:19:18,107.2,66.0
2024-01-30 18:21:44,144.25,88.53
2024-01-30 18:24:10,123.72,75.5
2024-01-30 18:26:36,103.93,64.75
2024-01-30 18:29:02,80.22,49.67
2024-01-30 18:31:28,98.28,59.92
2024-01-30 18:33:54,91.22,54.65
2024-01-30 18:36:20,78.32,45.67
2024-01-30 18:38:47,67.3,40.95
2024-01-30 18:41:14,48.03,31.35
2024-01-30 18:43:41,44.72,28.85
2024-01-30 18:46:07,39.38,24.7
2024-01-30 18:48:35,47.13,28.25
2024-01-30 18:51:01,51.75,28.3
2024-01-30 18:53:28,42.92,26.38
2024-01-30 18:55:54,46.97,27.02
2024-01-30 18:58:20,46.53,26.38
2024-01-30 19:00:46,43.45,25.77
2024-01-30 19:03:12,46.3,26.73
2024-01-30 19:05:40,47.92,29.33
2024-01-30 19:08:05,82.3,48.28
2024-01-30 19:10:31,203.18,117.88
2024-01-30 19:12:57,121.15,75.13
2024-01-30 19:15:23,125.38,74.4
2024-01-30 19:17:49,113.6,68.78
2024-01-30 19:20:16,53.08,29.8
2024-01-30 19:22:42,53.85,29.8
2024-01-30 19:25:07,58.25,37.03
2024-01-30 19:27:33,86.3,51.95
2024-01-30 19:29:59,86.25,50.7
2024-01-30 19:32:25,91.75,52.28
2024-01-30 19:34:50,147.93,91.15
2024-01-30 19:37:19,135.35,84.97
2024-01-30 19:39:50,144.52,88.63
2024-01-30 19:42:16,98.47,57.33
2024-01-30 19:44:42,211.2,123.65
2024-01-30 19:47:08,183.1,113.28
2024-01-30 19:49:36,180.25,107.22
2024-01-30 19:52:06,163.8,99.05
2024-01-30 19:54:36,131.93,82.88
2024-01-30 19:57:04,65.32,40.05
2024-01-30 19:59:30,113.72,63.95
2024-01-30 20:01:59,99.57,63.0
2024-01-30 20:04:25,69.07,44.28
2024-01-30 20:06:51,108.3,66.1
2024-01-30 20:09:17,95.43,59.28
2024-01-30 20:11:43,112.05,70.97
2024-01-30 20:14:09,131.38,78.0
2024-01-30 20:16:39,133.0,80.4
2024-01-30 20:19:05,129.1,74.82
2024-01-30 20:21:33,124.9,76.82
2024-01-30 20:23:59,129.75,77.7
2024-01-30 20:26:25,117.9,72.47
2024-01-30 20:28:51,127.3,79.32
2024-01-30 20:31:19,81.9,51.88
2024-01-30 20:33:47,76.4,45.0
2024-01-30 20:36:16,84.13,51.88
2024-01-30 20:38:43,72.93,45.72
2024-01-30 20:41:09,163.65,99.65
2024-01-30 20:43:42,109.78,64.15
2024-01-30 20:46:09,132.3,81.22
2024-01-30 20:48:42,134.9,82.6
2024-01-30 20:51:09,155.82,92.1
2024-01-30 20:53:36,131.4,81.65
2024-01-30 20:56:02,132.23,80.72
2024-01-30 20:58:28,112.9,65.68
2024-01-30 21:00:54,87.4,54.7
2024-01-30 21:03:20,88.35,54.9
2024-01-30 21:05:48,107.88,65.35
2024-01-30 21:08:14,86.85,55.0
2024-01-30 21:10:41,127.75,80.1
2024-01-30 21:13:07,136.57,82.78
2024-01-30 21:15:33,129.2,82.07
2024-01-30 21:17:59,121.82,75.5
2024-01-30 21:20:25,123.1,76.22
2024-01-30 21:22:51,110.6,69.57
2024-01-30 21:25:16,137.65,83.65
2024-01-30 21:27:42,126.1,78.05
2024-01-30 21:30:08,121.8,73.0
2024-01-30 21:32:35,128.6,78.8
2024-01-30 21:35:02,124.68,75.8
2024-01-30 21:37:28,116.15,68.85
2024-01-30 21:39:54,124.65,72.5
2024-01-30 21:42:20,111.38,67.6
2024-01-30 21:44:46,103.07,60.95
2024-01-30 21:47:12,153.18,95.57
2024-01-30 21:49:38,162.1,103.88
2024-01-30 21:52:06,137.02,83.0
2024-01-30 21:54:36,129.48,80.1
2024-01-30 21:57:02,101.9,60.42
2024-01-30 21:59:28,97.68,57.4
2024-01-30 22:01:56,72.88,47.15
2024-01-30 22:04:22,75.6,46.97
2024-01-30 22:06:48,67.72,42.2
2024-01-30 22:09:15,69.88,41.63
2024-01-30 22:11:41,65.72,41.05
2024-01-30 22:14:07,67.35,40.97
2024-01-30 22:16:32,71.18,44.95
2024-01-30 22:18:58,73.93,46.47
2024-01-30 22:21:24,80.93,49.63
2024-01-30 22:23:50,87.0,56.53
2024-01-30 22:26:16,81.45,53.17
2024-01-30 22:28:42,86.97,51.13
2024-01-30 22:31:08,81.47,49.9
2024-01-30 22:33:34,83.93,49.13
2024-01-30 22:35:59,67.65,40.67
2024-01-30 22:38:25,72.65,41.88
2024-01-30 22:40:52,61.05,38.25
2024-01-30 22:43:18,67.0,41.42
2024-01-30 22:45:44,72.9,43.25
2024-01-30 22:48:09,81.13,46.58
2024-01-30 22:50:35,79.63,47.72
2024-01-30 22:53:01,69.75,45.1
2024-01-30 22:55:27,81.78,45.47
2024-01-30 22:57:52,63.8,36.22
2024-01-30 23:00:19,74.93,45.33
2024-01-30 23:02:54,69.03,42.22
2024-01-30 23:05:21,81.9,48.63
2024-01-30 23:07:47,78.75,46.3
2024-01-30 23:10:13,67.57,41.4
2024-01-30 23:12:40,72.38,43.83
2024-01-30 23:15:07,73.47,43.75
2024-01-30 23:17:33,113.82,66.9
2024-01-30 23:20:00,98.0,55.63
2024-01-30 23:22:29,92.32,52.9
2024-01-30 23:24:55,83.05,48.7
2024-01-30 23:27:20,74.7,44.8
2024-01-30 23:29:46,69.13,40.88
2024-01-30 23:32:12,66.75,39.33
2024-01-30 23:34:37,65.28,38.6
2024-01-30 23:37:03,45.83,28.38
2024-01-30 23:39:33,49.03,30.08
2024-01-30 23:41:59,40.88,23.75
2024-01-30 23:44:25,53.15,32.25
2024-01-30 23:46:51,57.1,34.63
2024-01-30 23:49:16,90.63,47.45
2024-01-30 23:51:43,100.03,57.83
2024-01-30 23:54:08,97.6,55.72
2024-01-30 23:56:38,122.9,71.28
2024-01-30 23:59:04,125.28,70.55
2024-01-31 00:01:30,115.05,66.07
2024-01-31 00:03:57,115.18,66.65
2024-01-31 00:06:23,108.45,62.75
2024-01-31 00:08:48,100.85,57.47
2024-01-31 00:11:14,109.97,60.17
2024-01-31 00:13:40,101.0,59.72
2024-01-31 00:16:05,104.0,61.45
2024-01-31 00:18:31,102.65,58.53
2024-01-31 00:20:57,168.3,94.93
2024-01-31 00:23:23,216.9,122.07
2024-01-31 00:25:50,179.93,101.05
2024-01-31 00:28:16,165.02,92.47
2024-01-31 00:30:41,173.25,97.25
2024-01-31 00:33:07,179.18,99.7
2024-01-31 00:35:33,185.65,104.4
2024-01-31 00:38:00,185.1,103.93
2024-01-31 00:40:26,159.15,90.25
2024-01-31 00:42:51,149.23,87.13
2024-01-31 00:45:17,171.48,95.63
2024-01-31 00:47:43,150.3,84.13
2024-01-31 00:50:12,171.27,93.15
2024-01-31 00:52:39,161.5,88.55
2024-01-31 00:55:06,168.52,95.1
2024-01-31 00:57:32,166.82,92.82
2024-01-31 00:59:58,165.2,92.82
2024-01-31 01:02:25,150.82,85.25
2024-01-31 01:04:51,144.13,83.63
2024-01-31 01:07:17,144.27,85.8
2024-01-31 01:09:43,127.25,71.03
2024-01-31 01:12:09,118.45,66.15
2024-01-31 01:14:35,118.3,65.7
2024-01-31 01:17:00,109.4,63.2
2024-01-31 01:19:27,111.85,65.68
2024-01-31 01:21:53,124.18,70.63
2024-01-31 01:24:18,129.93,76.78
2024-01-31 01:26:44,125.7,71.65
2024-01-31 01:29:10,136.57,76.3
2024-01-31 01:31:35,144.68,84.32
2024-01-31 01:34:01,143.0,81.53
2024-01-31 01:36:27,121.88,69.15
2024-01-31 01:38:53,111.63,64.28
2024-01-31 01:41:19,126.65,73.22
2024-01-31 01:43:45,118.5,68.85
2024-01-31 01:46:21,110.95,64.2
2024-01-31 01:48:48,118.07,67.88
2024-01-31 01:51:18,105.47,62.17
2024-01-31 01:53:46,111.28,62.47
2024-01-31 01:56:15,81.32,49.05
2024-01-31 01:58:42,78.95,42.47
2024-01-31 02:01:10,63.92,37.8
2024-01-31 02:03:37,81.43,46.75
2024-01-31 02:06:03,55.72,34.67
2024-01-31 02:08:29,36.85,22.88
2024-01-31 02:10:55,93.32,55.95
2024-01-31 02:13:21,50.63,28.88
2024-01-31 02:18:26,86.53,48.55
2024-01-31 02:20:53,68.5,39.22
2024-01-31 02:23:19,68.93,39.85
2024-01-31 02:25:47,64.3,37.95
2024-01-31 02:28:13,56.97,33.97
2024-01-31 02:30:39,48.4,30.75
2024-01-31 02:33:05,46.05,28.95
2024-01-31 02:35:32,51.65,30.98
2024-01-31 02:37:59,49.7,29.33
2024-01-31 02:40:25,59.8,34.42
2024-01-31 02:42:51,34.5,20.67
2024-01-31 02:45:17,37.75,22.33
2024-01-31 02:47:43,51.95,30.98
2024-01-31 02:50:09,80.72,47.05
2024-01-31 02:52:34,70.05,39.95
2024-01-31 02:55:00,65.47,39.45
2024-01-31 02:57:27,65.03,39.1
2024-01-31 02:59:53,70.55,38.22
2024-01-31 03:02:19,68.88,37.17
2024-01-31 03:04:44,55.35,33.67
2024-01-31 03:07:10,56.58,34.42
2024-01-31 03:09:37,54.9,33.45
2024-01-31 03:12:03,53.25,30.33
2024-01-31 03:14:30,47.85,29.9
2024-01-31 03:16:56,52.35,32.78
2024-01-31 03:19:22,46.38,27.52
2024-01-31 03:21:49,47.33,29.27
2024-01-31 03:24:15,46.78,28.92
2024-01-31 03:26:41,47.45,30.2
2024-01-31 03:29:07,46.63,29.6
2024-01-31 03:31:33,45.33,27.38
2024-01-31 03:33:58,48.25,28.85
2024-01-31 03:36:24,50.67,28.58
2024-01-31 03:38:51,51.55,30.58
2024-01-31 03:41:19,54.03,31.5
2024-01-31 03:43:45,48.47,28.25
2024-01-31 03:46:11,52.78,30.02
2024-01-31 03:48:37,48.72,29.67
2024-01-31 03:51:03,57.88,32.75
2024-01-31 03:53:29,56.9,32.47
2024-01-31 03:55:55,47.95,29.75
2024-01-31 03:58:20,57.13,33.7
2024-01-31 04:00:46,70.68,40.35
2024-01-31 04:03:12,83.43,44.2
2024-01-31 04:05:38,76.63,41.5
2024-01-31 04:08:04,63.97,35.25
2024-01-31 04:10:29,60.97,34.55
2024-01-31 04:12:55,59.9,34.53
2024-01-31 04:15:21,62.88,36.38
2024-01-31 04:17:47,63.55,35.47
2024-01-31 04:20:12,57.47,34.47
2024-01-31 04:22:38,56.15,32.2
2024-01-31 04:25:07,54.85,31.7
2024-01-31 04:27:33,56.97,32.2
2024-01-31 04:29:58,50.47,27.92
2024-01-31 04:32:24,47.65,27.55
2024-01-31 04:34:50,47.5,27.9
2024-01-31 04:37:16,45.05,27.6
2024-01-31 04:39:42,46.1,27.17
2024-01-31 04:42:08,52.38,31.8
2024-01-31 04:44:34,51.15,28.77
2024-01-31 04:47:00,52.6,30.63
2024-01-31 04:49:26,58.95,36.05
2024-01-31 04:51:52,58.3,33.92
2024-01-31 04:54:18,60.88,34.63
2024-01-31 04:56:44,67.18,34.97
2024-01-31 04:59:10,67.63,34.38
2024-01-31 05:01:36,67.03,37.72
2024-01-31 05:04:02,57.58,32.42
2024-01-31 05:06:28,55.55,31.52
2024-01-31 05:08:54,57.3,30.13
2024-01-31 05:11:19,48.65,27.5
2024-01-31 05:13:45,47.6,27.35
2024-01-31 05:16:11,53.3,28.42
2024-01-31 05:18:36,52.28,26.25
2024-01-31 05:21:02,40.63,24.08
2024-01-31 05:23:29,47.42,26.83
2024-01-31 05:25:54,53.08,28.9
2024-01-31 05:28:20,46.9,27.9
2024-01-31 05:30:46,49.6,30.2
2024-01-31 05:33:12,54.58,32.08
2024-01-31 05:35:38,47.9,29.08
2024-01-31 05:38:04,50.85,30.05
2024-01-31 05:40:31,53.42,31.08
2024-01-31 05:42:57,52.4,30.45
2024-01-31 05:45:23,47.35,28.85
2024-01-31 05:47:49,48.38,28.48
2024-01-31 05:50:15,52.5,30.13
2024-01-31 05:52:41,48.03,29.2
2024-01-31 05:55:06,49.28,29.33
2024-01-31 05:57:32,54.15,31.38
2024-01-31 05:59:58,103.93,54.72
2024-01-31 06:02:24,153.82,71.72
2024-01-31 06:04:49,83.63,47.8
2024-01-31 06:07:15,82.47,46.13
2024-01-31 06:09:41,85.05,48.13
2024-01-31 06:12:08,69.38,39.97
2024-01-31 06:14:34,65.32,38.83
2024-01-31 06:17:01,51.58,30.2
2024-01-31 06:19:28,53.63,31.2
2024-01-31 06:21:54,55.53,31.67
2024-01-31 06:24:20,53.95,31.98
2024-01-31 06:26:46,50.88,29.15
2024-01-31 06:29:12,54.78,32.63
2024-01-31 06:31:43,83.7,45.1
2024-01-31 06:34:14,63.9,37.9
2024-01-31 06:36:40,53.53,29.83
2024-01-31 06:39:06,51.1,31.02
2024-01-31 06:41:31,51.65,31.25
2024-01-31 06:43:59,54.25,32.4
2024-01-31 06:46:25,46.8,27.88
2024-01-31 06:48:51,43.33,25.83
2024-01-31 06:51:17,50.42,30.77
2024-01-31 06:53:42,59.03,36.08
2024-01-31 06:56:09,76.55,45.17
2024-01-31 06:58:42,68.35,37.4
2024-01-31 07:01:14,72.53,41.92
2024-01-31 07:03:43,66.85,38.95
2024-01-31 07:06:13,69.45,40.17
2024-01-31 07:08:40,55.5,34.83
2024-01-31 07:11:06,59.15,37.65
2024-01-31 07:13:33,69.4,42.15
2024-01-31 07:16:04,62.85,37.33
2024-01-31 07:18:43,72.18,42.1
2024-01-31 07:21:10,61.95,38.28
2024-01-31 07:23:36,59.78,38.47
2024-01-31 07:26:03,62.9,40.1
2024-01-31 07:28:35,64.3,39.0
2024-01-31 07:31:04,68.93,40.85
2024-01-31 07:33:32,65.88,38.65
2024-01-31 07:35:59,54.58,35.38
2024-01-31 07:38:24,55.2,35.5
2024-01-31 07:40:50,63.63,41.0
2024-01-31 07:43:16,65.03,41.65
2024-01-31 07:45:41,64.95,37.3
2024-01-31 07:48:07,54.22,33.25
2024-01-31 07:50:33,50.8,32.83
2024-01-31 07:52:59,55.65,34.45
2024-01-31 07:55:24,55.63,35.78
2024-01-31 07:57:51,58.72,34.25
2024-01-31 08:00:16,55.47,32.92
2024-01-31 08:02:43,47.75,31.63
2024-01-31 08:05:09,42.92,29.02
2024-01-31 08:07:35,50.67,31.35
2024-01-31 08:10:01,44.45,28.13
2024-01-31 08:12:27,46.88,29.08
2024-01-31 08:14:53,43.3,28.75
2024-01-31 08:17:18,40.25,27.2
2024-01-31 08:19:44,42.65,28.2
2024-01-31 08:22:10,40.0,25.9
2024-01-31 08:24:35,41.53,26.1
2024-01-31 08:27:01,38.92,25.15
2024-01-31 08:29:27,39.55,25.45
2024-01-31 08:31:53,41.13,26.5
2024-01-31 08:34:19,42.0,26.58
2024-01-31 08:36:45,39.6,27.1
2024-01-31 08:39:10,45.25,26.9
2024-01-31 08:41:36,41.4,26.92
2024-01-31 08:44:02,43.05,27.7
2024-01-31 08:46:28,40.9,28.42
2024-01-31 08:48:54,35.22,25.15
2024-01-31 08:51:19,40.13,25.9
2024-01-31 08:53:45,41.95,26.08
2024-01-31 08:56:11,36.67,25.38
2024-01-31 08:58:37,38.42,24.65
2024-01-31 09:01:03,38.22,26.77
2024-01-31 09:03:29,38.55,25.67
2024-01-31 09:05:55,40.13,26.58
2024-01-31 09:08:21,39.15,27.6
2024-01-31 09:10:47,39.38,26.23
2024-01-31 09:13:13,41.13,26.67
2024-01-31 09:15:39,41.85,24.75
2024-01-31 09:18:04,38.55,26.9
2024-01-31 09:20:30,37.7,25.13
2024-01-31 09:22:56,40.65,24.95
2024-01-31 09:25:22,42.25,25.52
2024-01-31 09:27:48,35.4,25.2
2024-01-31 09:30:14,34.72,23.85
2024-01-31 09:32:40,34.35,25.02
2024-01-31 09:35:06,36.63,23.6
2024-01-31 09:37:32,36.53,21.38
2024-01-31 09:39:58,33.95,22.65
2024-01-31 09:42:25,33.72,23.05
2024-01-31 09:44:51,36.88,25.02
2024-01-31 09:47:22,39.72,25.8
2024-01-31 09:49:52,37.95,26.1
2024-01-31 09:52:21,36.22,25.48
2024-01-31 09:54:55,43.33,27.67
2024-01-31 09:57:25,37.53,25.35
2024-01-31 09:59:52,44.35,24.4
2024-01-31 10:02:21,38.38,25.95
2024-01-31 10:04:48,41.8,27.15
2024-01-31 10:07:21,43.7,26.83
2024-01-31 10:09:53,38.55,26.6
2024-01-31 10:12:20,41.67,27.98
2024-01-31 10:14:50,43.7,29.67
2024-01-31 10:17:19,35.7,25.65
2024-01-31 10:19:46,40.2,26.55
2024-01-31 10:22:13,41.47,28.15
2024-01-31 10:24:39,41.53,27.8
2024-01-31 10:27:05,38.72,24.77
2024-01-31 10:29:32,38.83,25.38
2024-01-31 10:32:02,37.38,25.5
2024-01-31 10:34:28,38.38,25.42
2024-01-31 10:36:55,49.15,32.45
2024-01-31 10:39:21,35.0,24.3
2024-01-31 10:41:48,37.03,24.73
2024-01-31 10:44:14,28.8,21.98
2024-01-31 10:46:40,29.75,22.63
2024-01-31 10:49:08,34.0,22.08
2024-01-31 10:51:36,32.53,22.75
2024-01-31 10:54:04,37.38,22.8
2024-01-31 10:56:31,33.1,22.02
2024-01-31 10:58:58,31.6,22.0
2024-01-31 11:01:30,32.45,22.75
2024-01-31 11:03:56,31.98,20.6
2024-01-31 11:06:29,31.8,22.27
2024-01-31 11:09:04,35.8,22.45
2024-01-31 11:11:30,32.03,20.75
2024-01-31 11:14:06,24.92,18.92
2024-01-31 11:16:37,30.2,21.2
2024-01-31 11:19:06,30.52,20.85
2024-01-31 11:21:37,28.65,19.13
2024-01-31 11:24:06,25.67,18.27
2024-01-31 11:26:32,30.67,19.7
2024-01-31 11:29:02,25.25,18.42
2024-01-31 11:31:28,26.83,18.6
2024-01-31 11:33:54,26.67,17.7
2024-01-31 11:36:23,26.75,20.13
2024-01-31 11:38:49,28.17,19.25
2024-01-31 11:41:15,28.23,19.55
2024-01-31 11:43:41,26.38,17.3
2024-01-31 11:46:07,35.7,23.55
2024-01-31 11:48:33,36.17,23.42
2024-01-31 11:50:58,35.2,24.38
2024-01-31 11:53:25,37.53,25.27
2024-01-31 11:55:51,35.95,24.38
2024-01-31 11:58:17,35.25,24.23
2024-01-31 12:00:43,40.13,26.42
2024-01-31 12:03:10,37.22,23.88
2024-01-31 12:05:37,40.47,24.63
2024-01-31 12:08:02,36.67,24.48
2024-01-31 12:10:29,30.17,22.73
2024-01-31 12:12:55,35.53,22.33
2024-01-31 12:15:24,38.42,23.88
2024-01-31 12:17:50,39.33,24.15
2024-01-31 12:20:17,34.17,22.08
2024-01-31 12:22:43,31.88,21.88
2024-01-31 12:25:11,31.52,21.42
2024-01-31 12:27:38,31.92,21.1
2024-01-31 12:30:04,31.83,20.95
2024-01-31 12:32:30,32.8,21.5
2024-01-31 12:34:56,30.2,19.05
2024-01-31 12:37:22,31.35,20.75
2024-01-31 12:39:48,28.4,20.45
2024-01-31 12:42:14,31.15,20.52
2024-01-31 12:44:39,29.45,19.65
2024-01-31 12:47:05,28.05,20.35
2024-01-31 12:49:32,27.63,18.0
2024-01-31 12:52:04,27.5,19.15
2024-01-31 12:54:31,25.4,18.02
2024-01-31 12:56:57,27.27,18.65
2024-01-31 12:59:23,25.25,18.1
2024-01-31 13:01:49,26.83,17.15
2024-01-31 13:04:17,29.23,17.6
2024-01-31 13:06:43,23.55,15.95
2024-01-31 13:09:09,24.0,16.65
2024-01-31 13:11:35,22.65,16.15
2024-01-31 13:14:01,25.67,16.4
2024-01-31 13:16:27,23.63,16.38
2024-01-31 13:18:53,25.2,15.63
2024-01-31 13:21:19,22.42,15.48
2024-01-31 13:23:45,22.23,14.82
2024-01-31 13:26:11,21.6,15.0
2024-01-31 13:28:37,24.02,15.2
2024-01-31 13:31:02,21.73,15.07
2024-01-31 13:33:28,22.7,14.68
2024-01-31 13:35:55,20.4,14.75
2024-01-31 13:38:22,28.2,17.48
2024-01-31 13:40:48,21.48,14.1
2024-01-31 13:43:14,21.42,14.23
2024-01-31 13:45:40,28.77,14.65
2024-01-31 13:48:06,22.3,15.35
2024-01-31 13:50:32,23.85,14.6
2024-01-31 13:52:58,28.0,13.85
2024-01-31 13:55:23,20.27,12.95
2024-01-31 13:57:49,21.7,13.4
2024-01-31 14:00:15,25.13,14.5
2024-01-31 14:02:41,21.35,13.75
2024-01-31 14:05:07,24.23,14.13
2024-01-31 14:07:33,19.85,12.35
2024-01-31 14:09:59,21.83,13.63
2024-01-31 14:12:25,20.2,13.82
2024-01-31 14:14:50,24.13,13.57
2024-01-31 14:17:16,21.55,13.2
2024-01-31 14:19:42,20.52,12.88
2024-01-31 14:22:07,21.45,12.7
2024-01-31 14:24:33,20.85,12.88
2024-01-31 14:26:59,19.92,12.75
2024-01-31 14:29:25,19.73,12.15
2024-01-31 14:31:50,20.0,12.27
2024-01-31 14:34:16,19.35,11.0
2024-01-31 14:36:43,16.83,11.65
2024-01-31 14:39:10,18.58,12.38
2024-01-31 14:41:40,15.38,11.32
2024-01-31 14:44:07,18.52,12.02
2024-01-31 14:46:33,18.05,12.02
2024-01-31 14:48:59,17.48,12.15
2024-01-31 14:51:25,19.33,12.05
2024-01-31 14:53:50,17.75,11.9
2024-01-31 14:56:17,20.13,12.6
2024-01-31 14:58:44,22.92,13.27
2024-01-31 15:01:10,26.85,13.88
2024-01-31 15:03:36,21.23,13.2
2024-01-31 15:06:02,24.65,15.57
2024-01-31 15:08:28,28.95,17.77
2024-01-31 15:10:55,22.4,14.32
2024-01-31 15:13:20,22.3,12.6
2024-01-31 15:15:46,33.1,19.33
2024-01-31 15:18:12,32.67,21.8
2024-01-31 15:20:38,28.8,19.8
2024-01-31 15:23:05,31.5,19.7
2024-01-31 15:25:31,28.88,17.8
2024-01-31 15:27:57,41.88,24.48
2024-01-31 15:30:23,59.97,35.65
2024-01-31 15:32:52,55.63,35.1
2024-01-31 15:35:18,48.92,29.2
2024-01-31 15:37:44,43.35,26.3
2024-01-31 15:40:12,44.17,27.67
2024-01-31 15:42:41,54.22,31.9
2024-01-31 15:45:10,41.53,26.8
2024-01-31 15:47:36,53.05,30.45
2024-01-31 15:50:02,42.05,27.83
2024-01-31 15:52:27,53.03,30.95
2024-01-31 15:54:53,45.58,28.92
2024-01-31 15:57:19,36.28,23.92
2024-01-31 15:59:46,48.13,28.2
2024-01-31 16:02:12,44.63,28.35
2024-01-31 16:04:37,54.25,29.35
2024-01-31 16:07:03,55.83,29.1
2024-01-31 16:09:29,53.55,29.6
2024-01-31 16:11:54,50.38,29.27
2024-01-31 16:14:23,48.55,28.52
2024-01-31 16:16:49,61.58,32.97
2024-01-31 16:19:15,40.95,25.1
2024-01-31 16:21:44,47.65,29.55
2024-01-31 16:24:11,62.85,36.15
2024-01-31 16:26:38,66.47,37.9
2024-01-31 16:29:06,84.68,49.78
2024-01-31 16:31:32,63.15,39.7
2024-01-31 16:33:58,79.65,44.83
2024-01-31 16:36:24,67.28,39.53
2024-01-31 16:38:49,81.78,49.3
2024-01-31 16:41:22,82.6,43.4
2024-01-31 16:43:53,78.35,44.8
2024-01-31 16:46:19,81.7,49.0
2024-01-31 16:48:45,74.63,45.67
2024-01-31 16:51:15,67.57,40.6
2024-01-31 16:53:45,54.92,36.35
2024-01-31 16:56:11,60.6,36.0
2024-01-31 16:58:37,57.0,33.55
2024-01-31 17:01:04,57.65,34.08
2024-01-31 17:03:30,81.2,44.45
2024-01-31 17:05:56,59.42,33.28
2024-01-31 17:08:21,54.5,32.55
2024-01-31 17:10:49,51.85,31.6
2024-01-31 17:13:14,60.5,32.58
2024-01-31 17:15:41,51.25,30.5
2024-01-31 17:18:11,79.0,43.15
2024-01-31 17:20:41,89.18,49.92
2024-01-31 17:23:11,138.13,77.43
2024-01-31 17:25:38,163.93,97.75
2024-01-31 17:28:07,195.95,113.32
2024-01-31 17:30:33,203.27,119.53
2024-01-31 17:33:06,195.43,117.1
2024-01-31 17:35:33,164.6,97.15
2024-01-31 17:38:00,169.32,101.7
2024-01-31 17:40:25,159.13,94.3
2024-01-31 17:42:51,184.05,105.95
2024-01-31 17:45:18,198.45,116.82
2024-01-31 17:47:44,319.67,193.63
2024-01-31 17:50:10,345.4,207.25
2024-01-31 17:52:37,317.7,185.35
2024-01-31 17:55:08,310.25,185.48
2024-01-31 17:57:34,302.77,180.5
2024-01-31 17:59:59,274.75,162.02
2024-01-31 18:02:25,220.98,129.88
2024-01-31 18:04:51,226.2,131.8
2024-01-31 18:07:17,169.5,97.6
2024-01-31 18:09:43,187.52,105.43
2024-01-31 18:12:10,191.57,111.32
2024-01-31 18:14:37,230.2,133.23
2024-01-31 18:17:06,186.5,109.43
2024-01-31 18:19:32,122.35,67.13
2024-01-31 18:22:04,117.65,73.6
2024-01-31 18:24:29,107.3,62.55
2024-01-31 18:26:55,133.0,78.93
2024-01-31 18:29:22,136.52,72.63
2024-01-31 18:31:48,102.03,57.38
2024-01-31 18:34:14,91.93,54.53
2024-01-31 18:36:45,93.05,52.28
2024-01-31 18:39:12,86.25,50.8
2024-01-31 18:41:39,139.13,81.32
2024-01-31 18:44:05,208.0,117.25
2024-01-31 18:46:31,131.65,78.55
2024-01-31 18:48:56,89.72,53.72
2024-01-31 18:51:22,124.22,74.75
2024-01-31 18:53:48,151.7,89.22
2024-01-31 18:56:14,142.0,84.2
2024-01-31 18:58:40,142.4,84.85
2024-01-31 19:01:06,145.55,88.15
2024-01-31 19:03:32,142.27,82.93
2024-01-31 19:05:58,158.05,88.43
2024-01-31 19:08:25,158.5,94.43
2024-01-31 19:10:54,190.82,104.93
2024-01-31 19:13:23,117.75,70.03
2024-01-31 19:15:52,158.8,95.4
2024-01-31 19:18:18,166.8,96.55
2024-01-31 19:20:44,159.93,100.28
2024-01-31 19:23:10,150.25,89.03
2024-01-31 19:25:36,143.45,83.05
2024-01-31 19:28:01,139.4,81.7
2024-01-31 19:30:28,96.82,55.28
2024-01-31 19:32:53,91.32,52.6
2024-01-31 19:35:19,144.98,84.22
2024-01-31 19:37:45,80.0,46.9
2024-01-31 19:40:11,74.5,45.33
2024-01-31 19:42:37,85.28,51.28
2024-01-31 19:45:03,75.75,46.83
2024-01-31 19:47:29,83.25,47.33
2024-01-31 19:49:55,77.45,46.83
2024-01-31 19:52:21,70.0,42.05
2024-01-31 19:54:47,68.57,43.97
2024-01-31 19:57:12,74.4,42.65
2024-01-31 19:59:38,85.45,49.08
2024-01-31 20:02:05,93.6,56.0
2024-01-31 20:04:32,95.47,59.28
2024-01-31 20:06:58,107.18,58.63
2024-01-31 20:09:24,120.35,71.05
2024-01-31 20:11:50,117.9,67.63
2024-01-31 20:14:20,122.93,71.9
2024-01-31 20:16:47,123.68,72.9
2024-01-31 20:19:16,141.98,82.7
2024-01-31 20:21:42,113.4,67.5
2024-01-31 20:24:08,117.72,70.7
2024-01-31 20:26:34,116.97,66.32
2024-01-31 20:29:01,150.55,77.38
2024-01-31 20:31:28,177.15,101.35
2024-01-31 20:33:54,143.45,90.03
2024-01-31 20:36:20,146.7,82.8
2024-01-31 20:38:47,144.38,88.1
2024-01-31 20:41:13,123.43,70.63
2024-01-31 20:43:38,129.6,77.6
2024-01-31 20:46:04,133.65,77.68
2024-01-31 20:48:31,121.4,70.97
2024-01-31 20:50:57,110.9,66.2
2024-01-31 20:53:23,115.28,67.85
2024-01-31 20:55:49,97.25,56.67
2024-01-31 20:58:15,102.07,61.2
2024-01-31 21:00:40,103.57,60.2
2024-01-31 21:03:06,109.22,56.88
2024-01-31 21:05:32,105.25,58.42
2024-01-31 21:07:57,95.68,56.35
2024-01-31 21:10:23,95.7,56.08
2024-01-31 21:12:50,93.05,53.72
2024-01-31 21:15:16,107.1,60.78
2024-01-31 21:17:42,102.93,57.5
2024-01-31 21:20:08,110.7,58.28
2024-01-31 21:22:34,112.88,63.08
2024-01-31 21:25:01,126.82,71.78
2024-01-31 21:27:31,141.23,81.93
2024-01-31 21:29:57,97.3,55.8
2024-01-31 21:32:23,121.97,66.38
2024-01-31 21:34:49,97.9,53.78
2024-01-31 21:37:15,118.3,63.4
2024-01-31 21:39:41,109.15,59.63
2024-01-31 21:42:07,110.65,62.1
2024-01-31 21:44:32,116.43,65.55
2024-01-31 21:46:58,105.28,62.63
2024-01-31 21:49:24,122.07,73.47
2024-01-31 21:51:50,113.65,66.4
2024-01-31 21:54:15,127.93,76.95
2024-01-31 21:56:41,99.2,54.58
2024-01-31 21:59:07,63.6,37.97
2024-01-31 22:01:33,58.53,34.53
2024-01-31 22:03:59,58.0,36.63
2024-01-31 22:06:25,55.53,34.72
2024-01-31 22:08:51,69.2,41.7
2024-01-31 22:11:17,66.97,39.4
2024-01-31 22:13:43,74.95,44.05
2024-01-31 22:16:09,72.1,42.17
2024-01-31 22:18:35,66.45,39.05
2024-01-31 22:21:00,69.9,42.15
2024-01-31 22:23:26,68.32,41.75
2024-01-31 22:25:52,76.68,46.08
2024-01-31 22:28:18,79.03,46.28
2024-01-31 22:30:44,85.85,50.67
2024-01-31 22:33:13,92.8,54.72
2024-01-31 22:35:39,138.82,81.28
2024-01-31 22:38:05,225.88,127.38
2024-01-31 22:40:31,156.32,80.57
2024-01-31 22:42:56,109.93,63.8
2024-01-31 22:45:25,114.1,61.83
2024-01-31 22:47:51,110.95,58.92
2024-01-31 22:50:17,85.1,49.85
2024-01-31 22:52:43,83.28,47.6
2024-01-31 22:55:09,95.43,52.78
2024-01-31 22:57:35,70.22,42.67
2024-01-31 23:00:02,66.07,38.25
2024-01-31 23:02:31,73.97,41.85
2024-01-31 23:04:57,71.07,42.13
2024-01-31 23:07:23,89.07,52.0
2024-01-31 23:09:49,68.18,41.15
2024-01-31 23:12:14,82.1,47.78
2024-01-31 23:14:40,57.13,36.63
2024-01-31 23:17:09,76.95,44.85
2024-01-31 23:19:35,77.6,41.45
2024-01-31 23:22:01,157.75,90.47
2024-01-31 23:24:27,199.35,116.8
2024-01-31 23:26:54,194.75,112.72
2024-01-31 23:29:20,184.8,105.03
2024-01-31 23:31:46,147.27,81.2
2024-01-31 23:34:12,134.45,76.5
2024-01-31 23:36:38,96.8,57.1
2024-01-31 23:39:04,70.47,40.9
2024-01-31 23:41:31,73.93,43.85
2024-01-31 23:43:57,78.38,46.45
2024-01-31 23:46:23,67.45,40.38
2024-01-31 23:48:49,77.0,45.47
2024-01-31 23:51:18,71.55,42.72
2024-01-31 23:53:44,72.78,40.97
2024-01-31 23:56:10,55.88,36.1
2024-01-31 23:58:36,65.95,39.35
